[
  {
    "id": 12342,
    "book_id": 8,
    "book_name": "riyadus-salihin",
    "chapter_id": 14,
    "section_id": 1,
    "title": "মহান আল্লাহর শুকরিয়া আদায় করা ওয়াজিব",
    "preface": "",
    "number": "পরিচ্ছেদ - ২৪২",
    "sort_order": 1,
    "hadiths": [
      {
        "id": 34526,
        "book_id": 8,
        "book_name": "রিয়াদুস সলেহিন",
        "chapter_id": 14,
        "section_id": 1,
        "hadith_key": "রিয়াদুস সলেহিন: ১৪০১",
        "hadith_id": 1401,
        "narrator": "আবূ হুরাইরা (রাঃ)",
        "bn": "যে রাতে নবী (সাল্লাল্লাহু ‘আলাইহি ওয়া সাল্লাম)-কে মি‘রাজ ভ্রমণে নিয়ে যাওয়া হয়েছিল, সে রাতে তাঁর নিকট মদ ও দুধের দু’খানা পাত্র আনা হল। তখন তিনি উভয়ের দিকে তাকিয়ে দেখে দুধের বাটি খানা তুলে নিলেন। এ দেখে জিবরাঈল (আঃ) বললেনঃ ‘সেই আল্লাহর প্রশংসা, যিনি আপনাকে প্রকৃতির দিকেই পথ দেখালেন। যদি আপনি মদের পাত্রটি ধারণ করতেন, তাহলে আপনার উম্মত পথভ্রষ্ট হয়ে যেত।’",
        "ar": "وَعَنْ أَبِي هُرَيرَةَ رضي الله عنه: أَنَّ النَّبِيَّ صلى الله عليه وسلم، أُتِيَ لَيْلَةَ أُسْرِيَ بِهِ بِقَدَحَيْنِ مِنْ خَمْرٍ وَلَبَنٍ، فَنَظَرَ إِلَيْهمَا فَأَخَذَ اللَّبَنَ. فَقَالَ جِبرِيلُ: اَلحَمْدُ للهِ الَّذِي هَدَاكَ لِلفِطْرَةِ لَوْ أَخَذْتَ الخَمْرَ غَوَتْ أُمَّتُكَ. رواه مسلم",
        "ar_diacless": "وعن أبي هريرة رضي الله عنه: أن النبي صلى الله عليه وسلم، أتي ليلة أسري به بقدحين من خمر ولبن، فنظر إليهما فأخذ اللبن. فقال جبريل: الحمد لله الذي هداك للفطرة لو أخذت الخمر غوت أمتك. رواه مسلم",
        "note": "(সহীহুল বুখারী ৩৩৯৪, ৩৪৩৭, ৫৫৭৬, ৫৬০৩, মুসলিম ১৬৮, ১৭২, তিরমিযী ৩১৩০, নাসায়ী ৫৬৫৭, আহমাদ ২৭৩০৬, ১০২৬৯, দারেমী ২০৮৮)",
        "grade_id": 2,
        "grade": "সহিহ হাদিস",
        "grade_color": "#46B891"
      },
      {
        "id": 34527,
        "book_id": 8,
        "book_name": "রিয়াদুস সলেহিন",
        "chapter_id": 14,
        "section_id": 1,
        "hadith_key": "রিয়াদুস সলেহিন: ১৪০২",
        "hadith_id": 1402,
        "narrator": "আবূ হুরাইরাহ (রাঃ)",
        "bn": "রাসূলুল্লাহ (সাল্লাল্লাহু ‘আলাইহি ওয়া সাল্লাম) বলেছেন: প্রতিটি গুরুত্বপূর্ণ কাজ আল্লাহর প্রশংসার সাথে আরম্ভ না করলে অসম্পূর্ণ থেকে যায়।",
        "ar": "وَعَنْهُ عَنْ رَسُولِ اللهِ صلى الله عليه وسلم قال: «كُلُّ أمْرٍ ذِيْ بَالٍ لَا يُبْدَأُ فِيْهِ بِـــ: الْحَمْدُ لِلَّه فَهُوَ أقْطُع» حديثٌ حسَنٌ، رواهُ أبو داود وغيرُهُ.",
        "ar_diacless": "وعنه عن رسول الله صلى الله عليه وسلم قال: «كل أمر ذي بال لا يبدأ فيه بـــ: الحمد لله فهو أقطع» حديث حسن، رواه أبو داود وغيره.",
        "note": "(আমি (আলবানী) বলছিঃ হাদীসটি সনদ দুর্বল আর ভাষায় ইযতিরাব সংঘটিত হয়েছে যেমনটি আমি “ইরওয়াউল গালীল” গ্রন্থের প্রথমে (১-২) ব্যাখ্যা করেছি। এর সনদের বর্ণনাকারী কুর্‌রা ইবনু আব্দির রহমান মু‘য়াফিরী সম্পর্কে ইমাম আহমাদ বলেনঃ তিনি খুবই মুনকারুল হাদীস আর ইবনু মা‘ঈন তার সম্পর্কে বলেনঃ তিনি দুর্বল। শু‘য়াইব আলআরনাঊতও হাদীসটিকে দুর্বল আখ্যা দিয়েছেন। দেখুন আবূ আব্দুর রহমান আব্দুল্লাহ্ নায়াঅনী কর্তৃক লিখিত গ্রন্থ “মাজমূ‘আতুল আহাদীসুয য‘ঈফাহ্ ফী কিতাবি রিয়াযিস সালেহীন”(২৭)। বিস্তারিত জানতে “ইরওয়াউল গালীল” দেখুন।)",
        "grade_id": 4,
        "grade": "দুর্বল হাদিস",
        "grade_color": "#F85B24"
      },
      {
        "id": 34528,
        "book_id": 8,
        "book_name": "রিয়াদুস সলেহিন",
        "chapter_id": 14,
        "section_id": 1,
        "hadith_key": "রিয়াদুস সলেহিন: ১৪০৩",
        "hadith_id": 1403,
        "narrator": "আবূ মুসা আশআরী (রাঃ)",
        "bn": "রাসূলুল্লাহ (সাল্লাল্লাহু ‘আলাইহি ওয়া সাল্লাম) বলেন, “যখন কোন বান্দার সন্তান মারা যায়, তখন মহান আল্লাহ স্বীয় ফিরিশতাদেরকে বলেন, ‘তোমরা আমার বান্দার সন্তানের জীবন হনন করেছ কি?’ তাঁরা বলেন, ‘হ্যাঁ।’ তিনি বলেন, ‘তোমরা তার হৃদয়ের ফলকে হনন করেছ?’ তাঁরা বলেন, ‘হ্যাঁ।’ তিনি বলেন, ‘সে সময় আমার বান্দা কি বলেছে?’ তারা বলে, ‘সে আপনার হাম্‌দ (প্রশংসা) করেছে ও ইন্না লিল্লাহি অইন্না ইলাইহি রা-জিঊন (অর্থাৎ, আমরা তোমার এবং তোমার কাছেই অবশ্যই ফিরে যাব) পাঠ করেছে।’ মহান আল্লাহ বলেন, ‘আমার (সন্তানহারা) বান্দার জন্য জান্নাতের মধ্যে একটি গৃহ নির্মাণ কর, আর তার নাম রাখ, ‘বায়তুল হাম্‌দ’ (প্রশংসাভবন)।”",
        "ar": "وَعَنْ أَبي مُوسَى الأَشعَرِي رضي الله عنه:أَنَّ رَسُولَ اللهِ صلى الله عليه وسلم صلى الله عليه وسلم، قَالَ: «إِذَا مَاتَ وَلَدُ العَبْدِ قَالَ اللهُ تَعَالَى لِمَلائِكَتِهِ: قَبَضْتُمْ وَلَدَ عَبْدِي ؟ فَيَقُولُونَ: نَعَمْ، فيَقُولُ: قَبَضْتُمْ ثَمَرَةَ فُؤادِهِ ؟ فيَقُولُونَ: نَعَمْ، فيَقُولُ: مَاذَا قَالَ عَبْدِي ؟ فَيَقُولُونَ: حَمِدَكَ وَاسْتَرْجَعَ، فيَقُولُ اللهُ تَعَالَى: ابْنُوا لِعَبْدِي بَيتاً فِي الجَنَّةِ، وَسَمُّوهُ بَيْتَ الحَمْدِ». رواه الترمذي، وقال: حديث حسن",
        "ar_diacless": "وعن أبي موسى الأشعري رضي الله عنه:أن رسول الله صلى الله عليه وسلم صلى الله عليه وسلم، قال: «إذا مات ولد العبد قال الله تعالى لملائكته: قبضتم ولد عبدي ؟ فيقولون: نعم، فيقول: قبضتم ثمرة فؤاده ؟ فيقولون: نعم، فيقول: ماذا قال عبدي ؟ فيقولون: حمدك واسترجع، فيقول الله تعالى: ابنوا لعبدي بيتا في الجنة، وسموه بيت الحمد». رواه الترمذي، وقال: حديث حسن",
        "note": "(তিরমিযী ১০২১ )",
        "grade_id": 3,
        "grade": "হাসান হাদিস",
        "grade_color": "#46B891"
      },
      {
        "id": 34529,
        "book_id": 8,
        "book_name": "রিয়াদুস সলেহিন",
        "chapter_id": 14,
        "section_id": 1,
        "hadith_key": "রিয়াদুস সলেহিন: ১৪০৪",
        "hadith_id": 1404,
        "narrator": "আনাস (রাঃ)",
        "bn": "তিনি বলেন, রাসূলুল্লাহ (সাল্লাল্লাহু ‘আলাইহি ওয়া সাল্লাম) বলেছেন, “নিশ্চয় আল্লাহ সেই বান্দার প্রতি সন্তুষ্ট হন, যে বান্দা কিছু খেলে আল্লাহর প্রশংসা করে এবং কিছু পান করলেও আল্লাহর প্রশংসা করে (অর্থাৎ,  আল-হামদু লিল্লাহ পড়ে) ।”",
        "ar": "وَعَنْ أَنَسٍ رضي الله عنه، قَالَ: قَالَ رَسُولُ اللهِ صلى الله عليه وسلم صلى الله عليه وسلم: «إِنَّ الله لَيرْضَى عَنِ العَبْدِ يَأكُلُ الأَكْلَةَ، فَيَحْمَدُهُ عَلَيْهَا، وَيَشْرَبُ الشَّرْبَة، فَيَحْمَدُهُ عَلَيْهَا». رواه مسلم",
        "ar_diacless": "وعن أنس رضي الله عنه، قال: قال رسول الله صلى الله عليه وسلم صلى الله عليه وسلم: «إن الله ليرضى عن العبد يأكل الأكلة، فيحمده عليها، ويشرب الشربة، فيحمده عليها». رواه مسلم",
        "note": "(মুসলিম ২৭৩৪, তিরমিযী ১৮১৬, আহমাদ ১১৫৬২, ১১৫৭৮)",
        "grade_id": 2,
        "grade": "সহিহ হাদিস",
        "grade_color": "#46B891"
      }
    ]
  }
]