[
  {
    "id": 12341,
    "book_id": 8,
    "book_name": "riyadus-salihin",
    "chapter_id": 13,
    "section_id": 1,
    "title": "ইলমের ফযীলত",
    "preface": "",
    "number": "পরিচ্ছেদ - ২৪১",
    "sort_order": 1,
    "hadiths": [
      {
        "id": 34511,
        "book_id": 8,
        "book_name": "রিয়াদুস সলেহিন",
        "chapter_id": 13,
        "section_id": 1,
        "hadith_key": "রিয়াদুস সলেহিন: ১৩৮৪",
        "hadith_id": 1384,
        "narrator": "মুআবিয়াহ (রাঃ)",
        "bn": "তিনি বলেন, রাসূলুল্লাহ (সাল্লাল্লাহু ‘আলাইহি ওয়া সাল্লাম) বলেছেন, “আল্লাহ যার মঙ্গল চান, তাকেই দ্বীনী জ্ঞান দান করেন।”",
        "ar": "وَعَن مُعَاوِيةَ رضي الله عنه قَالَ: قَالَ رَسُولُ اللهِ صلى الله عليه وسلم صلى الله عليه وسلم «مَنْ يُرِدِ اللهُ بِهِ خَيْراً يُفَقِّهْهُ فِي الدِّينِ». متفقٌ عَلَيْهِ",
        "ar_diacless": "وعن معاوية رضي الله عنه قال: قال رسول الله صلى الله عليه وسلم صلى الله عليه وسلم «من يرد الله به خيرا يفقهه في الدين». متفق عليه",
        "note": "(সহীহুল বুখারী ৭১, ৩১১৬, ৩৬৪১, ৭৩১২, ৭৪৬০, মুসলিম ১০৩৭, ইবনু মাজাহ ২২১, আহমাদ ১৬৩৯২, ১৬৪০৭, ১৬৪১৮, ১৬৪৩২, ১৬৪৪৬, ১৬৪৪৫১, ১৬৪৬০, ১৬৪৭৬, মুওয়াত্তা মালিক ১৬৬৭, দারেমী ২২৪, ২২৬)",
        "grade_id": 2,
        "grade": "সহিহ হাদিস",
        "grade_color": "#46B891"
      },
      {
        "id": 34513,
        "book_id": 8,
        "book_name": "রিয়াদুস সলেহিন",
        "chapter_id": 13,
        "section_id": 1,
        "hadith_key": "রিয়াদুস সলেহিন: ১৩৮৫",
        "hadith_id": 1385,
        "narrator": "ইবনে মাসঊদ (রাঃ)",
        "bn": "তিনি বলেন রাসূলুল্লাহ (সাল্লাল্লাহু ‘আলাইহি ওয়া সাল্লাম) বলেছেন, “কেবল দু’জন ব্যক্তি ঈর্ষার পাত্র। সেই ব্যক্তি যাকে আল্লাহ ধন-সম্পদ দান করেছেন এবং তাকে তা সৎপথে ব্যয় করার শক্তিও দিয়েছেন। আর সেই লোক যাকে আল্লাহ জ্ঞান-বুদ্ধি দান করেছেন, যার বদৌলতে সে বিচার-ফায়সালা করে থাকে ও তা অপরকে শিক্ষা দেয়।”",
        "ar": "وَعَنِ ابنِ مَسعُود رضي الله عنه، قَالَ: قَالَ رَسُولُ اللهِ صلى الله عليه وسلم صلى الله عليه وسلم: «لاَ حَسَدَ إِلاَّ فِي اثْنَتَيْنِ: رَجُلٌ آتَاهُ اللهُ مَالاً، فَسَلَّطَهُ عَلَى هَلَكَتِهِ فِي الحَقِّ، وَرَجُلٌ آتَاهُ اللهُ الحِكْمَةَ، فَهُوَ يَقْضِي بِهَا وَيُعَلِّمُهَا». متفقٌ عَلَيْهِ",
        "ar_diacless": "وعن ابن مسعود رضي الله عنه، قال: قال رسول الله صلى الله عليه وسلم صلى الله عليه وسلم: «لا حسد إلا في اثنتين: رجل آتاه الله مالا، فسلطه على هلكته في الحق، ورجل آتاه الله الحكمة، فهو يقضي بها ويعلمها». متفق عليه",
        "note": "(সহীহুল বুখারী ৭৩, ১৪০৯, ৭১৪১, ৭৩১৬, মুসলিম ৮১৬, ইবনু মাজাহ ৪২০৮, আহমাদ ৩৬৪৩, ৪০৯৮)",
        "grade_id": 2,
        "grade": "সহিহ হাদিস",
        "grade_color": "#46B891"
      },
      {
        "id": 34514,
        "book_id": 8,
        "book_name": "রিয়াদুস সলেহিন",
        "chapter_id": 13,
        "section_id": 1,
        "hadith_key": "রিয়াদুস সলেহিন: ১৩৮৬",
        "hadith_id": 1386,
        "narrator": "আবূ মুসা (রাঃ)",
        "bn": "রসূল (সাল্লাল্লাহু ‘আলাইহি ওয়া সাল্লাম) বলেন, “যে সরল পথ ও জ্ঞান দিয়ে আমাকে পাঠানো হয়েছে তা ঐ বৃষ্টি সদৃশ যা যমীনে পৌঁছে। অতঃপর তার উর্বর অংশ নিজের মধ্যে শোষণ করে। অতঃপর তা ঘাস এবং প্রচুর শাক-সবজি উৎপন্ন করে। এবং তার এক অংশ চাষের অযোগ্য (খাল জমি); যা পানি আটকে রাখে। ফলে আল্লাহ তা‘আলা তার দ্বারা মানুষকে উপকৃত করেন। সুতরাং তারা তা হতে পান করে এবং (পশুদেরকে) পান করায়, জমি সেচে ও ফসল ফলায়। তার আর এক অংশ শক্ত সমতল ভূমি; যা না পানি শোষণ করে, না ঘাস উৎপন্ন করে। এই দৃষ্টান্ত ঐ ব্যক্তির যে আল্লাহর দ্বীনের ব্যাপারে জ্ঞানার্জন করল এবং আমি যে হিদায়াত ও জ্ঞান দিয়ে প্রেরিত হয়েছি, তার দ্বারা আল্লাহ তাকে উপকৃত করলেন। সুতরাং সে (নিজেও) শিক্ষা করল এবং (অপরকেও) শিক্ষা দিল। আর এই দৃষ্টান্ত ঐ ব্যক্তিরও যে এ ব্যাপারে মাথাও উঠাল না এবং আল্লাহর সেই হিদায়াতও গ্রহণ করল না, যা দিয়ে আমি প্রেরিত হয়েছি।”",
        "ar": "وَعَن أَبي مُوسَى رضي الله عنه، قَالَ: قَالَ النَّبِيُّ صلى الله عليه وسلم: «مَثَلُ مَا بَعَثَنِي الله بِهِ مِنَ الهُدَى وَالعِلْمِ كَمَثَلِ غَيْثٍ أَصَابَ أَرْضاً ؛ فَكَانَتْ مِنْهَا طَائِفَةٌ طَيِّبةٌ قَبِلَتِ المَاءَ فَأَنْبَتَتِ الكَلأَ، وَالعُشْبَ الكَثِيرَ، وَكَانَ مِنْهَا أَجَادِبُ أَمْسَكَتِ المَاءَ، فَنَفَعَ اللهُ بِهَا النَّاسَ، فَشَرِبُوا مِنْهَا وَسَقَوْا وَزَرَعُوا، وَأَصَابَ طَائِفَةً مِنْهَا أُخْرَى إِنَّمَا هِيَ قِيعَانٌ ؛ لاَ تُمْسِكُ مَاءً وَلاَ تُنْبِتُ كَلأً، فَذَلِكَ مَثَلُ مَنْ فَقُهَ فِي دِينِ اللهِ، وَنَفَعَهُ مَا بَعَثَنِي اللهُ بِهِ، فَعَلِمَ وَعَلَّمَ، وَمَثَلُ مَنْ لَمْ يَرْفَعْ بِذَلِكَ رَأساً، وَلَمْ يَقْبَلْ هُدَى اللهِ الَّذِي أُرْسِلْتُ بِهِ» . متفقٌ عَلَيْهِ",
        "ar_diacless": "وعن أبي موسى رضي الله عنه، قال: قال النبي صلى الله عليه وسلم: «مثل ما بعثني الله به من الهدى والعلم كمثل غيث أصاب أرضا ؛ فكانت منها طائفة طيبة قبلت الماء فأنبتت الكلأ، والعشب الكثير، وكان منها أجادب أمسكت الماء، فنفع الله بها الناس، فشربوا منها وسقوا وزرعوا، وأصاب طائفة منها أخرى إنما هي قيعان ؛ لا تمسك ماء ولا تنبت كلأ، فذلك مثل من فقه في دين الله، ونفعه ما بعثني الله به، فعلم وعلم، ومثل من لم يرفع بذلك رأسا، ولم يقبل هدى الله الذي أرسلت به» . متفق عليه",
        "note": "(সহীহুল বুখারী ৭৯, মুসলিম ২২৮২, আহমাদ ২৭৬৮২)",
        "grade_id": 2,
        "grade": "সহিহ হাদিস",
        "grade_color": "#46B891"
      },
      {
        "id": 34510,
        "book_id": 8,
        "book_name": "রিয়াদুস সলেহিন",
        "chapter_id": 13,
        "section_id": 1,
        "hadith_key": "রিয়াদুস সলেহিন: ১৩৮৭",
        "hadith_id": 1387,
        "narrator": "সাহ্‌ল ইবনে সা'দ (রাঃ)",
        "bn": "নবী (সাল্লাল্লাহু ‘আলাইহি ওয়া সাল্লাম) (খায়বার যুদ্ধের সময়) আলী (রাঃ)-কে সম্বোধন করে বললেন, “আল্লাহর শপথ! তোমার দ্বারা একটি মানুষকেও যদি আল্লাহ সৎপথ দেখান, তবে তা (আরবের মহামূল্যবান) লাল উঁটনী অপেক্ষা উত্তম হবে।”",
        "ar": "وَعَن سَهلِ بنِ سَعدٍ رضي الله عنه:أَنَّ رَسُولَ اللهِ صلى الله عليه وسلم صلى الله عليه وسلم، قَالَ لِعَليٍّ رضي الله عنه: «فَوَاللهِ لأَنْ يَهْدِيَ اللهُ بِكَ رَجُلاً وَاحِداً خَيْرٌ لَكَ مِنْ أَنْ يَكُونَ لَكَ حُمْرُ النَّعَمِ» . متفقٌ عَلَيْهِ",
        "ar_diacless": "وعن سهل بن سعد رضي الله عنه:أن رسول الله صلى الله عليه وسلم صلى الله عليه وسلم، قال لعلي رضي الله عنه: «فوالله لأن يهدي الله بك رجلا واحدا خير لك من أن يكون لك حمر النعم» . متفق عليه",
        "note": "(সহীহুল বুখারী ২৯৪২, ৩০০৯, ৩৭০১, ৪২১০, মুসলিম ২৪০৬, আবূ দাউদ ৩৬৬১, আহমাদ ২২৩১৪)",
        "grade_id": 2,
        "grade": "সহিহ হাদিস",
        "grade_color": "#46B891"
      },
      {
        "id": 34512,
        "book_id": 8,
        "book_name": "রিয়াদুস সলেহিন",
        "chapter_id": 13,
        "section_id": 1,
        "hadith_key": "রিয়াদুস সলেহিন: ১৩৮৮",
        "hadith_id": 1388,
        "narrator": "আব্দুল্লাহ ইবনে ‘আম্‌র ইবনে আ'স (রাঃ)",
        "bn": "নবী (সাল্লাল্লাহু ‘আলাইহি ওয়া সাল্লাম) বলেছেন, “আমার পক্ষ থেকে জনগণকে (আল্লাহর বিধান) পৌঁছে দাও, যদিও একটি আয়াত হয়। বনী-ইসরাঈল থেকে (ঘটনা) বর্ণনা কর, তাতে কোন ক্ষতি নেই। আর যে ব্যক্তি ইচ্ছাকৃতভাবে আমার প্রতি মিথ্যা (বা জাল হাদীস) আরোপ করল, সে যেন নিজ আশ্রয় জাহান্নামে বানিয়ে নিলো।”",
        "ar": "وَعَن عَبدِ اللهِ بنِ عَمرِو بنِ العَاصِ رَضِيَ اللهُ عَنهُمَا: أَنَّ النَّبِيَّ صلى الله عليه وسلم، قَالَ: «بَلِّغُوا عَنِّي وَلَوْ آيَةً، وَحَدِّثُوا عَنْ بَنِي إِسْرَائِيلَ وَلاَ حَرَجَ، وَمَنْ كَذَبَ عَلَيَّ مُتَعَمِّداً فَلْيَتَبَوَّأْ مَقْعَدَهُ مِنَ النَّارِ». رواه البخاري",
        "ar_diacless": "وعن عبد الله بن عمرو بن العاص رضي الله عنهما: أن النبي صلى الله عليه وسلم، قال: «بلغوا عني ولو آية، وحدثوا عن بني إسرائيل ولا حرج، ومن كذب علي متعمدا فليتبوأ مقعده من النار». رواه البخاري",
        "note": "(সহীহুল বুখারী ১০৭, ইবনু মাজাহ ৩৬, আবূ দাউদ ৩৬৫১, আহমাদ ১৪১৬, ১৪৩১, দারেমী ২৩৩)",
        "grade_id": 2,
        "grade": "সহিহ হাদিস",
        "grade_color": "#46B891"
      },
      {
        "id": 34509,
        "book_id": 8,
        "book_name": "রিয়াদুস সলেহিন",
        "chapter_id": 13,
        "section_id": 1,
        "hadith_key": "রিয়াদুস সলেহিন: ১৩৮৯",
        "hadith_id": 1389,
        "narrator": "আবূ হুরাইরা (রাঃ)",
        "bn": "রাসূলুল্লাহ (সাল্লাল্লাহু ‘আলাইহি ওয়া সাল্লাম) বলেছেন, “যে ব্যক্তি এমন পথে গমন করে; যাতে সে বিদ্যা অর্জন করে, আল্লাহ তার জন্য জান্নাতের রাস্তা সহজ করে দেন।”",
        "ar": "وَعَن أَبِي هُرَيرَةَ رضي الله عنه: أَنَّ رَسُولَ اللهِ صلى الله عليه وسلم صلى الله عليه وسلم، قَالَ: «وَمَنْ سَلَكَ طَرِيقاً يَلْتَمِسُ فِيهِ عِلْماً، سَهَّلَ اللهُ لَهُ طَرِيقاً إِلَى الجَنَّةِ» . رواه مسلم",
        "ar_diacless": "وعن أبي هريرة رضي الله عنه: أن رسول الله صلى الله عليه وسلم صلى الله عليه وسلم، قال: «ومن سلك طريقا يلتمس فيه علما، سهل الله له طريقا إلى الجنة» . رواه مسلم",
        "note": "(মুসলিম ২৬৯৯, ২৭০০, তিরমিযী ১৪২৫, ১৯৩০, ২৬৪৬, ২৯৪৫৪, আবূ দাউদ ১৪৫৫, ৪৯৪৬, ইবনু মাজাহ ২২৫, আহমাদ ৭৩৭৯, ৭৮৮২, ১০১১৮, ১০২৯৮, দারেমী ৩৪৪)",
        "grade_id": 2,
        "grade": "সহিহ হাদিস",
        "grade_color": "#46B891"
      },
      {
        "id": 34515,
        "book_id": 8,
        "book_name": "রিয়াদুস সলেহিন",
        "chapter_id": 13,
        "section_id": 1,
        "hadith_key": "রিয়াদুস সলেহিন: ১৩৯০",
        "hadith_id": 1390,
        "narrator": "উক্ত রাবী (রাঃ)",
        "bn": "রাসূলুল্লাহ (সাল্লাল্লাহু ‘আলাইহি ওয়া সাল্লাম) বলেছেন, “যে ব্যক্তি সৎপথের দিকে আহ্বান জানাবে, সে তার অনুসারীদের সমতুল্য নেকীর অধিকারী হবে; তাতে তাদের নেকীর কিছুই হ্রাস পাবে না।”",
        "ar": "وَعَنه أَيضاً رضي الله عنه: أَنَّ رَسُولَ اللهِ صلى الله عليه وسلم صلى الله عليه وسلم، قَالَ: «مَنْ دَعَا إِلَى هُدىً كَانَ لَهُ مِنَ الأَجْرِ مِثْلُ أُجُورِ مَنْ تَبِعَهُ لاَ يَنْقُصُ ذَلِكَ مِنْ أُجُورِهِمْ شَيْئاً» . رواه مسلم",
        "ar_diacless": "وعنه أيضا رضي الله عنه: أن رسول الله صلى الله عليه وسلم صلى الله عليه وسلم، قال: «من دعا إلى هدى كان له من الأجر مثل أجور من تبعه لا ينقص ذلك من أجورهم شيئا» . رواه مسلم",
        "note": "(মুসলিম ২৬৭৪, তিরমিযী ২৬৭৪, আবূ দাউদ ৪৬০৯, আহমাদ ৮৯১৫, দারেমী ৫১৩)",
        "grade_id": 2,
        "grade": "সহিহ হাদিস",
        "grade_color": "#46B891"
      },
      {
        "id": 34516,
        "book_id": 8,
        "book_name": "রিয়াদুস সলেহিন",
        "chapter_id": 13,
        "section_id": 1,
        "hadith_key": "রিয়াদুস সলেহিন: ১৩৯১",
        "hadith_id": 1391,
        "narrator": "উক্ত রাবী (রাঃ)",
        "bn": "তিনি বলেন, রাসূলুল্লাহ (সাল্লাল্লাহু ‘আলাইহি ওয়া সাল্লাম) বলেছেন, “আদম সন্তান যখন মারা যায়, তখন তার তিন প্রকার আমল ছাড়া অন্য সব রকম আমলের ধারা বন্ধ হয়ে যায়; সাদকাহ জারিয়াহ (বহমান দান খয়রাত, মসজিদ নির্মাণ করা, কূপ খনন করে দেওয়া ইত্যাদি) অথবা ইল্‌ম (জ্ঞান সম্পদ) যা দ্বারা উপকৃত হওয়া যায় অথবা সুসন্তান যে তার জন্য নেক দু‘আ করতে থাকে।”",
        "ar": "وَعَنه قَالَ: قَالَ رَسُولُ اللهِ صلى الله عليه وسلم صلى الله عليه وسلم: «إِذَا مَاتَ ابْنُ آدَمَ انْقَطَعَ عَمَلُهُ إِلاَّ مِنْ ثَلاثٍ: صَدَقَةٍ جَارِيَةٍ، أَوْ عِلْمٍ يُنْتَفَعُ بِهِ، أَوْ وَلَدٍ صَالِحٍ يَدْعُو لَهُ» . رواه مسلم",
        "ar_diacless": "وعنه قال: قال رسول الله صلى الله عليه وسلم صلى الله عليه وسلم: «إذا مات ابن آدم انقطع عمله إلا من ثلاث: صدقة جارية، أو علم ينتفع به، أو ولد صالح يدعو له» . رواه مسلم",
        "note": "(মুসলিম ১৬৩১, তিরমিযী ১৩৭৬, নাসায়ী ৩৬৫১, আবূ দাউদ ২৮৮০, ৩৫৪০, আহমাদ ৮৬২৭, দারেমী ৫৫৯)",
        "grade_id": 2,
        "grade": "সহিহ হাদিস",
        "grade_color": "#46B891"
      },
      {
        "id": 34517,
        "book_id": 8,
        "book_name": "রিয়াদুস সলেহিন",
        "chapter_id": 13,
        "section_id": 1,
        "hadith_key": "রিয়াদুস সলেহিন: ১৩৯২",
        "hadith_id": 1392,
        "narrator": "উক্ত রাবী (রাঃ)",
        "bn": "তিনি বলেন, রাসূলুল্লাহ (সাল্লাল্লাহু ‘আলাইহি ওয়া সাল্লাম)-কে বলতে শুনেছি, “ইহজগৎ অভিশপ্ত, এর মধ্যে যা কিছু আছে সব অভিশপ্ত। তবে মহান আল্লাহর যিক্‌র ও তার সংশ্লিষ্ট ক্রিয়া (তাঁর আনুগত্য) এবং আলেম অথবা তালিবে ইলমের কথা স্বতন্ত্র।”",
        "ar": "وَعَنه، قَالَ: سَمِعتُ رَسُولَ اللهِ صلى الله عليه وسلم صلى الله عليه وسلم يَقُولُ: «الدُّنْيَا مَلْعُونَةٌ، مَلْعُونٌ مَا فِيهَا، إِلاَّ ذِكْرَ اللهِ تَعَالَى، وَمَا وَالاَهُ، وَعَالِماً، أَوْ مُتَعَلِّماً» . رواه الترمذي، وقال: حديث حسن",
        "ar_diacless": "وعنه، قال: سمعت رسول الله صلى الله عليه وسلم صلى الله عليه وسلم يقول: «الدنيا ملعونة، ملعون ما فيها، إلا ذكر الله تعالى، وما والاه، وعالما، أو متعلما» . رواه الترمذي، وقال: حديث حسن",
        "note": "(তিরমিযী ২৩২২, ইবনু মাজাহ ৪১১২)",
        "grade_id": 3,
        "grade": "হাসান হাদিস",
        "grade_color": "#46B891"
      },
      {
        "id": 34518,
        "book_id": 8,
        "book_name": "রিয়াদুস সলেহিন",
        "chapter_id": 13,
        "section_id": 1,
        "hadith_key": "রিয়াদুস সলেহিন: ১৩৯৩",
        "hadith_id": 1393,
        "narrator": "আনাস (রাঃ)",
        "bn": "রাসূলুল্লাহ (সাল্লাল্লাহু ‘আলাইহি ওয়া সাল্লাম) বলেছেন: যে লোক জ্ঞানার্জন করার জন্য বের হয় সে ফিরে না আসা পর্যন্ত আল্লাহর রাস্তায় (জিহাদের মাঝে) আছে বলে গণ্য হয়।",
        "ar": "وَعَنْ أنسٍ رضي الله عنه، قَالَ: قَالَ رَسُولُ اللهِ صلى الله عليه وسلم صلى الله عليه وسلم : «مَن خَرَجَ فِيْ طَلَبِ الْعِلْمِ، فَهُوَ فِيْ سَبِيْلِ اللهِ حَتّىٰ يَرْجِعَ» رواهُ الترْمِذيُّ وقال: حديثٌ حَسنٌ .",
        "ar_diacless": "وعن أنس رضي الله عنه، قال: قال رسول الله صلى الله عليه وسلم صلى الله عليه وسلم : «من خرج في طلب العلم، فهو في سبيل الله حتىٰ يرجع» رواه الترمذي وقال: حديث حسن .",
        "note": "(ইমাম তিরমিযী হাদীসটিকে হাসান বলেছেন) (প্রথমে হাদীসটিকে যঈফ (দুর্বল) বললেও পরবর্তীতে শাইখ আলবানী হাসান লিগাইরিহি আখ্যা দেন। দেখুন “সহীহ্ তারগীব অত্‌তারহীব” (৮৮) ও “মুখতাসারু কিতাবিল ই‘লাম বেআখিরি আহকামিল আলবানী আলইমাম” (২২০)। অতএব এ হাদীসটি দুর্বল নয় বরং হাসান লিগাইরিহি।)",
        "grade_id": 15,
        "grade": "হাসান লিগাইরিহি",
        "grade_color": "#46B891"
      },
      {
        "id": 34519,
        "book_id": 8,
        "book_name": "রিয়াদুস সলেহিন",
        "chapter_id": 13,
        "section_id": 1,
        "hadith_key": "রিয়াদুস সলেহিন: ১৩৯৪",
        "hadith_id": 1394,
        "narrator": "আবূ সা‘ঈদ খুদরী (রাঃ)",
        "bn": "রাসূলুল্লাহ (সাল্লাল্লাহু ‘আলাইহি ওয়া সাল্লাম) বলেছেনঃ মু‘মিনকে কল্যাণ (দ্বীনের জ্ঞান) কখনো তৃপ্তি দিতে পারে না, যতক্ষণ পর্যন্ত তার শেষ গন্তব্য জান্নাতে পৌঁছে।",
        "ar": "وَعَنْ أَبِيْ سَعِيْدٍ الخُدْرِي رضي الله عنه، عَنْ رَسُولِ اللهِ صلى الله عليه وسلم قَالَ: «لَنْ يَّشْبَعَ مُؤمِنٌ مِّنْ خَيْرٍ حَتّىٰ يَكُوْنَ مُنْتَهَاهُ الْجَنَّةَ» . رواهُ الترمذيُّ، وقَالَ: حديثٌ حسنٌ .",
        "ar_diacless": "وعن أبي سعيد الخدري رضي الله عنه، عن رسول الله صلى الله عليه وسلم قال: «لن يشبع مؤمن من خير حتىٰ يكون منتهاه الجنة» . رواه الترمذي، وقال: حديث حسن .",
        "note": "যঈফ (তিরমিযী হাদীসটিকে হাসানা বলেছেন) (আমি (আলবানী) বলছিঃ বরং হাদীসটি দুর্বল। যেমনটি আমি “আলমিশকাত” গ্রন্থে (২২২) এ সম্পর্কে আলোচনা করেছি। উল্লেখ্য আবুল হায়াসাম হতে বর্ণনাকারী দাররাজের বর্ণনা সহীহ্ নয় বরং দুর্বল। শু‘য়াইব আলআরনাঊতও হাদীসটিকে দুর্বল আখ্যা দিয়েছেন। দেখুন আবূ আব্দুর রহমান আব্দুল্লাহ্ নায়াঅনী কর্তৃক লিখিত গ্রন্থঃ “মাজমূ‘আতুল আহাদীসুয য‘ঈফাহ্ ফী কিতাবি রিয়াযিস সালেহীন” (২৬)।)",
        "grade_id": 4,
        "grade": "দুর্বল হাদিস",
        "grade_color": "#F85B24"
      },
      {
        "id": 34520,
        "book_id": 8,
        "book_name": "রিয়াদুস সলেহিন",
        "chapter_id": 13,
        "section_id": 1,
        "hadith_key": "রিয়াদুস সলেহিন: ১৩৯৫",
        "hadith_id": 1395,
        "narrator": "আবূ উমামাহ (রাঃ)",
        "bn": "রাসূলুল্লাহ (সাল্লাল্লাহু ‘আলাইহি ওয়া সাল্লাম) বলেছেন, “আলেমের ফযীলত আবেদের উপর ঠিক সেই রূপ, যেরূপ আমার ফযীলত তোমাদের উপর।” তারপর আল্লাহর রসূল (সাল্লাল্লাহু ‘আলাইহি ওয়া সাল্লাম) বললেন, “নিশ্চয় আল্লাহ, তাঁর ফিরিশ্‌তাকুল, আসমান-যমীনের সকল বাসিন্দা এমনকি গর্তের মধ্যে পিঁপড়ে এবং (পানির মধ্যে) মাছ পর্যন্ত মানবমন্ডলীর শিক্ষাগুরুদের জন্য মঙ্গল কামনা ও নেক দু‘আ করে থাকে।”",
        "ar": "وَعَن أَبي أُمَامَة رضي الله عنه: أنَّ رَسُولَ اللهِ صلى الله عليه وسلم، قَالَ: «فَضْلُ العَالِمِ عَلَى العَابِدِ كَفَضْلِي عَلَى أَدْنَاكُمْ» ثُمَّ قَالَ رَسُولُ اللهِ صلى الله عليه وسلم صلى الله عليه وسلم : إِنَّ اللهَ وَمَلاَئِكَتَهُ وَأَهْلَ السَّماوَاتِ وَالأَرْضِ حَتَّى النَّمْلَةَ فِي جُحْرِهَا وَحَتَّى الحُوْتَ لَيُصَلُّونَ عَلَى مُعَلِّمِي النَّاسِ الخَيْرَ». رواه الترمذي، وقال: حديث حسن",
        "ar_diacless": "وعن أبي أمامة رضي الله عنه: أن رسول الله صلى الله عليه وسلم، قال: «فضل العالم على العابد كفضلي على أدناكم» ثم قال رسول الله صلى الله عليه وسلم صلى الله عليه وسلم : إن الله وملائكته وأهل السماوات والأرض حتى النملة في جحرها وحتى الحوت ليصلون على معلمي الناس الخير». رواه الترمذي، وقال: حديث حسن",
        "note": "(তিরমিযী ২৬৮৫, দারেমী ২৮৯)",
        "grade_id": 3,
        "grade": "হাসান হাদিস",
        "grade_color": "#46B891"
      },
      {
        "id": 34521,
        "book_id": 8,
        "book_name": "রিয়াদুস সলেহিন",
        "chapter_id": 13,
        "section_id": 1,
        "hadith_key": "রিয়াদুস সলেহিন: ১৩৯৬",
        "hadith_id": 1396,
        "narrator": "আবূ দারদা (রাঃ)",
        "bn": "তিনি বলেন, আমি রসূল (সাল্লাল্লাহু ‘আলাইহি ওয়া সাল্লাম)-কে বলতে শুনেছি যে, “যে ব্যক্তি এমন পথে গমন করে, যাতে সে জ্ঞানার্জন করে, আল্লাহ তার জন্য জান্নাতের পথ সুগম করে দেন। আর ফিরিশ্‌তাবর্গ তালেবে ইলমের জন্য তার কাজে প্রসন্ন হয়ে নিজেদের ডানাগুলি বিছিয়ে দেন। অবশ্যই আলেম ব্যক্তির জন্য আকাশ-পৃথিবীর সকল বাসিন্দা এমনকি পানির মাছ পর্যন্ত ক্ষমা প্রার্থনা করে থাকে। আবেদের উপর আলেমের ফযীলত ঠিক তেমনি, যেমন সমগ্র নক্ষত্রপুঞ্জের উপর পূর্ণিমার চাঁদের ফযীলত। উলামা সম্প্রদায় পয়গম্বরদের উত্তরাধিকারী। আর এ কথা সুনিশ্চিত যে, পয়গম্বরগণ কোন রৌপ্য বা স্বর্ণ মুদ্রার কাউকে উত্তরাধিকারী বানিয়ে যাননি; বরং তাঁরা ইল্মের (দ্বীনী জ্ঞানভাণ্ডারের) উত্তরাধিকারী বানিয়ে গেছেন। সুতরাং যে ব্যক্তি তা অর্জন করল, সে পূর্ণ অংশ লাভ করল।”",
        "ar": ". وَعَن أَبي الدَّردَاءِ رضي الله عنه، قَالَ: سَمِعتُ رَسُولَ اللهِ صلى الله عليه وسلم صلى الله عليه وسلم، يَقُولُ: «مَنْ سَلَكَ طَرِيقاً يَبْتَغِي فِيهِ عِلْماً سَهَّلَ اللهُ لَهُ طَرِيقاً إِلَى الجَنَّةِ، وَإِنَّ المَلاَئِكَةَ لَتَضَعُ أَجْنِحَتَهَا لِطَالِبِ العِلْمِ رِضاً بِمَا يَصْنَعُ، وَإِنَّ العَالِمَ لَيَسْتَغْفِرُ لَهُ مَنْ فِي السَّمَاوَاتِ وَمَنْ فِي الأَرْضِ حَتَّى الحِيتَانُ فِي المَاءِ، وَفَضْلُ العَالِمِ عَلَى العَابِدِ كَفَضْلِ القَمَرِ عَلَى سَائِرِ الكَوَاكِبِ، وَإِنَّ العُلَمَاءَ وَرَثَةُ الأَنْبِيَاءِ، وَإِنَّ الأَنْبِيَاءَ لَمْ يُوَرِّثُوا دِينَاراً وَلاَ دِرْهَماً وَإِنَّمَا وَرَّثُوا العِلْمَ، فَمَنْ أَخَذَهُ أَخَذَ بحَظٍّ وَافِرٍ». رواه أَبُو داود والترمذي",
        "ar_diacless": ". وعن أبي الدرداء رضي الله عنه، قال: سمعت رسول الله صلى الله عليه وسلم صلى الله عليه وسلم، يقول: «من سلك طريقا يبتغي فيه علما سهل الله له طريقا إلى الجنة، وإن الملائكة لتضع أجنحتها لطالب العلم رضا بما يصنع، وإن العالم ليستغفر له من في السماوات ومن في الأرض حتى الحيتان في الماء، وفضل العالم على العابد كفضل القمر على سائر الكواكب، وإن العلماء ورثة الأنبياء، وإن الأنبياء لم يورثوا دينارا ولا درهما وإنما ورثوا العلم، فمن أخذه أخذ بحظ وافر». رواه أبو داود والترمذي",
        "note": "(আবূ দাউদ ৩৬৪১, দারেমী ৩৪২ )",
        "grade_id": 2,
        "grade": "সহিহ হাদিস",
        "grade_color": "#46B891"
      },
      {
        "id": 34522,
        "book_id": 8,
        "book_name": "রিয়াদুস সলেহিন",
        "chapter_id": 13,
        "section_id": 1,
        "hadith_key": "রিয়াদুস সলেহিন: ১৩৯৭",
        "hadith_id": 1397,
        "narrator": "ইবনে মাসঊদ (রাঃ)",
        "bn": "তিনি বলেন, আমি নবী (সাল্লাল্লাহু ‘আলাইহি ওয়া সাল্লাম)-কে বলতে শুনেছি যে, “আল্লাহ সেই ব্যক্তির শ্রীবৃদ্ধি করুন, যে ব্যক্তি আমার নিকট থেকে (আমার কোন) হাদীস শুনে যথাযথরূপে হুবহু অপরকে পৌঁছে দেয়। কেননা, যাকে হাদিস বর্ণনা করা হয় এমনও হতে পারে যে, সে শ্রোতা অপেক্ষা অধিক উপলব্ধিকারী ও স্মৃতিধর।”",
        "ar": "وَعَنِ ابنِ مَسعُود رضي الله عنه قَالَ: سَمِعتُ رَسُولَ اللهِ صلى الله عليه وسلم صلى الله عليه وسلم، يَقُولُ: «نَضَّرَ اللهُ امْرَأً سَمِعَ مِنَّا شَيْئاً، فَبَلَّغَهُ كَمَا سَمِعَهُ، فَرُبَّ مُبَلَّغٍ أَوْعَى مِنْ سَامِعٍ». رواه الترمذي، وقال: حديث حسن صحيح",
        "ar_diacless": "وعن ابن مسعود رضي الله عنه قال: سمعت رسول الله صلى الله عليه وسلم صلى الله عليه وسلم، يقول: «نضر الله امرأ سمع منا شيئا، فبلغه كما سمعه، فرب مبلغ أوعى من سامع». رواه الترمذي، وقال: حديث حسن صحيح",
        "note": "(তিরমিযী ২৬৫৭, ২৬৫৮, দারেমী ৩৪২)",
        "grade_id": 3,
        "grade": "হাসান হাদিস",
        "grade_color": "#46B891"
      },
      {
        "id": 34523,
        "book_id": 8,
        "book_name": "রিয়াদুস সলেহিন",
        "chapter_id": 13,
        "section_id": 1,
        "hadith_key": "রিয়াদুস সলেহিন: ১৩৯৮",
        "hadith_id": 1398,
        "narrator": "আবূ হুরাইরা (রাঃ)",
        "bn": "তিনি বলেন, রাসূলুল্লাহ (সাল্লাল্লাহু ‘আলাইহি ওয়া সাল্লাম) বলেছেন, “যাকে ধর্মীয় জ্ঞান বিষয়ক কোন কথা জিজ্ঞাসা করা হয়, আর সে (যদি উত্তর না দিয়ে) তা গোপন করে, কিয়ামতের দিন তাকে (জাহান্নামের) আগুনের লাগাম পরানো হবে।”",
        "ar": "وَعَن أَبِي هُرَيرَةَ رضي الله عنه قَالَ: قَالَ رَسُولُ اللهِ صلى الله عليه وسلم صلى الله عليه وسلم : «مَنْ سُئِلَ عَن عِلْمٍ فَكَتَمَهُ، أُلْجِمَ يَوْمَ القِيَامَةِ بِلِجَامٍ مِنْ نَارٍ» . رواه أَبُو داود والترمذي، وقال: حديث حسن",
        "ar_diacless": "وعن أبي هريرة رضي الله عنه قال: قال رسول الله صلى الله عليه وسلم صلى الله عليه وسلم : «من سئل عن علم فكتمه، ألجم يوم القيامة بلجام من نار» . رواه أبو داود والترمذي، وقال: حديث حسن",
        "note": "(তিরমিযী ২৬৪৯, ইবনু মাজাহ ২৬৬, আহমাদ ৭৫১৭, ৭৮৮৩, ৭৯৮৮, ৮৩২৮, ৮৪২৪, ১০০৪৮)",
        "grade_id": 3,
        "grade": "হাসান হাদিস",
        "grade_color": "#46B891"
      },
      {
        "id": 34524,
        "book_id": 8,
        "book_name": "রিয়াদুস সলেহিন",
        "chapter_id": 13,
        "section_id": 1,
        "hadith_key": "রিয়াদুস সলেহিন: ১৩৯৯",
        "hadith_id": 1399,
        "narrator": "উক্ত রাবী (রাঃ)",
        "bn": "রাসূলুল্লাহ (সাল্লাল্লাহু ‘আলাইহি ওয়া সাল্লাম) বলেছেন, “যে ব্যক্তি এমন কোন জ্ঞান অর্জন করল, যার দ্বারা আল্লাহ আয্যা অজাল্লার সন্তুষ্টি লাভ করা যায়, তা সে কেবল পার্থিব স্বার্থ লাভের উদ্দেশ্যে অর্জন করল, কিয়ামতের দিন সে ব্যক্তি জান্নাতের সুগন্ধ পর্যন্ত পাবে না।”",
        "ar": "وَعَنهُ، قَالَ: قَالَ رَسُول اللهِ صلى الله عليه وسلم: «مَنْ تَعَلَّمَ عِلْماً مِمَّا يُبْتَغَى بِهِ وَجْهُ اللهِ - عَزَّ وَجَلَّ - لاَ يَتَعَلَّمُهُ إِلاَّ لِيُصِيبَ بِهِ عَرَضاً مِنَ الدُّنْيَا، لَمْ يَجِدْ عَرْفَ الجَنَّةِ يَوْمَ القِيَامَةِ يَعْنِي: رِيحَهَا . رواه أَبُو داود بإسناد صحيح",
        "ar_diacless": "وعنه، قال: قال رسول الله صلى الله عليه وسلم: «من تعلم علما مما يبتغى به وجه الله - عز وجل - لا يتعلمه إلا ليصيب به عرضا من الدنيا، لم يجد عرف الجنة يوم القيامة يعني: ريحها . رواه أبو داود بإسناد صحيح",
        "note": "(আবূ দাউদ ৩৬৬৪, ইবনু মাজাহ ২৫২, আহমাদ ৮২৫২)",
        "grade_id": 2,
        "grade": "সহিহ হাদিস",
        "grade_color": "#46B891"
      },
      {
        "id": 34525,
        "book_id": 8,
        "book_name": "রিয়াদুস সলেহিন",
        "chapter_id": 13,
        "section_id": 1,
        "hadith_key": "রিয়াদুস সলেহিন: ১৪০০",
        "hadith_id": 1400,
        "narrator": "‘আব্দুল্লাহ ইবনে ‘আম্‌র ইবনে আ'স (রাঃ)",
        "bn": "তিনি বলেন, আমি রাসূলুল্লাহ (সাল্লাল্লাহু ‘আলাইহি ওয়া সাল্লাম)-কে বলতে শুনেছি, “নিঃসন্দেহে আল্লাহ লোকদের নিকট থেকে ছিনিয়ে নিয়ে ইল্‌ম তুলে নেবেন না; বরং উলামা সম্প্রদায়কে তুলে নেওয়ার মাধ্যমে ইল্‌ম তুলে নেবেন (অর্থাৎ, , আলেম দুনিয়া থেকে শেষ হয়ে যাবে।) অবশেষে যখন কোন আলেম বাকি থাকবে না, তখন জনগণ মূর্খ অনভিজ্ঞ ব্যক্তিদেরকে নেতা বানিয়ে নেবে এবং তাদেরকে ফতোয়া জিজ্ঞাসা করা হবে, আর তারা না জেনে ফতোয়া দেবে, ফলে তারা নিজেরাও পথভ্রষ্ট হবে এবং অপরকেও পথভ্রষ্ট করবে।”",
        "ar": "وَعَن عَبدِ اللهِ بنِ عَمرِو بنِ العَاصِ رَضِيَ اللهُ عَنهُمَا، قَالَ: سَمِعتُ رَسُولَ اللهِ صلى الله عليه وسلم صلى الله عليه وسلم يَقُولُ: «إِنَّ اللهَ لاَ يَقْبِضُ العِلْمَ انْتِزَاعاً يَنْتَزعهُ مِنَ النَّاسِ، وَلكِنْ يَقْبِضُ العِلْمَ بِقَبْضِ العُلَمَاءِ، حَتَّى إِذَا لَمْ يُبْقِ عَالِماً، اتَّخَذَ النَّاسُ رُؤُوساً جُهَّالاً، فَسُئِلُوا فَأَفْتوا بِغَيْرِ عِلْمٍ، فَضَلُّوا وَأَضَلُّوا . متفقٌ عَلَيْهِ",
        "ar_diacless": "وعن عبد الله بن عمرو بن العاص رضي الله عنهما، قال: سمعت رسول الله صلى الله عليه وسلم صلى الله عليه وسلم يقول: «إن الله لا يقبض العلم انتزاعا ينتزعه من الناس، ولكن يقبض العلم بقبض العلماء، حتى إذا لم يبق عالما، اتخذ الناس رؤوسا جهالا، فسئلوا فأفتوا بغير علم، فضلوا وأضلوا . متفق عليه",
        "note": "(সহীহুল বুখারী ১০০, ৭৩০৭, মুসলিম ২৬৭৩, তিরমিযী ২৬৫২, ইবনু মাজাহ ৫২, আহমাদ ৬৪৭৫, ৬৭৪৮, ৬৮৫৭, দারেমী ২৩৯)",
        "grade_id": 2,
        "grade": "সহিহ হাদিস",
        "grade_color": "#46B891"
      }
    ]
  }
]