[
  {
    "id": 7658,
    "book_id": 6,
    "book_name": "ibn-majah",
    "chapter_id": 18,
    "section_id": 1,
    "title": "হারানো উট, গরু, ছাগল ইত্যাদি গবাদি পশু প্রাপ্তি সম্পর্কে।",
    "preface": "",
    "number": "১৩/৯০. অধ্যায়ঃ",
    "sort_order": 90,
    "hadiths": [
      {
        "id": 20339,
        "book_id": 6,
        "book_name": "সুনানে ইবনে মাজাহ",
        "chapter_id": 18,
        "section_id": 1,
        "hadith_key": "সুনানে ইবনে মাজাহ: ২৫০২",
        "hadith_id": 2502,
        "narrator": "আবদুল্লাহ ইবনুশ-শিখ্খীর (রাঃ)",
        "bn": "রাসূলুল্লাহ (সাল্লাল্লাহু ‘আলাইহি ওয়া সাল্লাম) বলেছেনঃ মুসলমানের হারানো বস্তু (অপরজনের জন্য) জাহান্নামের আগুন। [২৫০২]",
        "ar": "حَدَّثَنَا مُحَمَّدُ بْنُ الْمُثَنَّى، حَدَّثَنَا يَحْيَى بْنُ سَعِيدٍ، عَنْ حُمَيْدٍ الطَّوِيلِ، عَنِ الْحَسَنِ، عَنْ مُطَرِّفِ بْنِ عَبْدِ اللَّهِ بْنِ الشِّخِّيرِ، عَنْ أَبِيهِ، قَالَ قَالَ رَسُولُ اللَّهِ صلى الله عليه وسلم ‏ \"‏ ضَالَّةُ الْمُسْلِمِ حَرَقُ النَّارِ ‏\"‏ ‏.‏",
        "ar_diacless": "حدثنا محمد بن المثنى، حدثنا يحيى بن سعيد، عن حميد الطويل، عن الحسن، عن مطرف بن عبد الله بن الشخير، عن أبيه، قال قال رسول الله صلى الله عليه وسلم ‏ \"‏ ضالة المسلم حرق النار ‏\"‏ ‏.‏",
        "note": "[২৫০২] আহমাদ ১৫৮৭৯, রাওদুন নাদীর ২৬৪, সহীহাহ ৬২০। তাহকীক আলবানীঃ সহীহ।",
        "grade_id": 2,
        "grade": "সহিহ হাদিস",
        "grade_color": "#46B891"
      },
      {
        "id": 20340,
        "book_id": 6,
        "book_name": "সুনানে ইবনে মাজাহ",
        "chapter_id": 18,
        "section_id": 1,
        "hadith_key": "সুনানে ইবনে মাজাহ: ২৫০৩",
        "hadith_id": 2503,
        "narrator": "জারীর (রাঃ) (মুনযির বিন জারীর)",
        "bn": "আমি আল-বাওয়াযীজ নামক স্থানে আমার পিতার সাথে ছিলাম। সন্ধ্যাবেলা গরুর পাল ফিরে এলে তার সাথে তিনি একটি অপরিচিত গাভী দেখে বলেনঃ এটা কাদের গাভী? লোকেরা বললো, এই গাভীটি আমাদের গরুর সাথে চলে এসেছে। রাবী বলেন, তিনি গাভীটি সম্পর্কে নির্দেশ দিলে তদনুযায়ী সেটিকে তাড়িয়ে দেওয়া হলো, শেষে তা দৃষ্টির আড়ালে চলে গেল। অতঃপর তিনি বলেন, আমি রাসূলুল্লাহ (সাল্লাল্লাহু ‘আলাইহি ওয়া সাল্লাম) কে বলতে শুনেছিঃ কেবল পথভ্রষ্ট ব্যক্তিই হারানো জন্তুকে আশ্রয় দেয়। [২৫০৩]\n\nতাহকীক আলবানীঃ দঈফ তবে মারফূ’ সূত্রে সহীহ।",
        "ar": "حَدَّثَنَا مُحَمَّدُ بْنُ بَشَّارٍ، حَدَّثَنَا يَحْيَى بْنُ سَعِيدٍ، حَدَّثَنَا أَبُو حَيَّانَ التَّيْمِيُّ، حَدَّثَنَا الضَّحَّاكُ، خَالُ الْمُنْذِرِ بْنِ جَرِيرٍ عَنِ الْمُنْذِرِ بْنِ جَرِيرٍ، قَالَ كُنْتُ مَعَ أَبِي بِالْبَوَازِيجِ فَرَاحَتِ الْبَقَرُ فَرَأَى بَقَرَةً أَنْكَرَهَا فَقَالَ مَا هَذِهِ قَالُوا بَقَرَةٌ لَحِقَتْ بِالْبَقَرِ ‏.‏ قَالَ فَأَمَرَ بِهَا فَطُرِدَتْ حَتَّى تَوَارَتْ ثُمَّ قَالَ سَمِعْتُ رَسُولَ اللَّهِ صلى الله عليه وسلم يَقُولُ ‏ \"‏ لاَ يُئْوِي الضَّالَّةَ إِلاَّ ضَالٌّ ‏\"‏ ‏.‏",
        "ar_diacless": "حدثنا محمد بن بشار، حدثنا يحيى بن سعيد، حدثنا أبو حيان التيمي، حدثنا الضحاك، خال المنذر بن جرير عن المنذر بن جرير، قال كنت مع أبي بالبوازيج فراحت البقر فرأى بقرة أنكرها فقال ما هذه قالوا بقرة لحقت بالبقر ‏.‏ قال فأمر بها فطردت حتى توارت ثم قال سمعت رسول الله صلى الله عليه وسلم يقول ‏ \"‏ لا يئوي الضالة إلا ضال ‏\"‏ ‏.‏",
        "note": "[২৫০৩] আবূ দাউদ ১৭২০, আহমাদ ১৮৭০২, ১৮৭২৫, ইরওয়া ১৫৬৩, সহীহ আবু দাউদ ১৫১৩। তাহকীক আলবানীঃ যইফ, তবে মারফু' সুত্রে সহীহ।",
        "grade_id": 6,
        "grade": "অন্যান্য",
        "grade_color": "#4A85CE"
      },
      {
        "id": 20341,
        "book_id": 6,
        "book_name": "সুনানে ইবনে মাজাহ",
        "chapter_id": 18,
        "section_id": 1,
        "hadith_key": "সুনানে ইবনে মাজাহ: ২৫০৪",
        "hadith_id": 2504,
        "narrator": "যায়দ বিন খালিদ আল-জুহানী (রাঃ)",
        "bn": "তিনি বলেন, রাসূলুল্লাহ (সাল্লাল্লাহু ‘আলাইহি ওয়া সাল্লাম) কে পথ ভোলা উট সম্পর্কে জিজ্ঞেস করা হলে তিনি অসন্তুষ্ট হন, এমনকি তাঁর গন্ডদেশ বা মুখমন্ডল রক্তিমাভ হয়ে যায়। তিনি বলেনঃ তাতে তোমার কী? ওর সাথে জুতা (খুর) ও মশক (পেট) রয়েছে। সে পানির উৎসে পৌঁছে তা পান করতে থাকবে এবং গাছপাতা খেতে থাকবে, শেষে তার মালিক তাকে পেয়ে যাবে। তাঁকে হারানো মেষ-বকরী সম্পর্কে জিজ্ঞেস করা হলে তিনি বলেনঃ তাকে ধরে রাখ। হয় এটা তোমার অথবা তোমার ভাইয়ের অথবা নেকড়ে বাঘের জন্য। তাঁকে হারানো বস্তু সম্পর্কে জিজ্ঞেস করা হলে তিনি বলেনঃ তার থলে ও চামড়ার বাক্স এবং মুখ বাধাঁর রশি উত্তমরূপে চিনে রাখো এবং এক বছর ধরে তার ঘোষণা দিতে থাকো। যদি তার মালিক পাওয়া যায় তো ভালো, অন্যথায় তা তোমাদের মালের সাথে যোগ কর। [২৫০৪]",
        "ar": "حَدَّثَنَا إِسْحَاقُ بْنُ إِسْمَاعِيلَ بْنِ الْعَلاَءِ الأَيْلِيُّ، حَدَّثَنَا سُفْيَانُ بْنُ عُيَيْنَةَ، عَنْ يَحْيَى بْنِ سَعِيدٍ، عَنْ رَبِيعَةَ بْنِ أَبِي عَبْدِ الرَّحْمَنِ، عَنْ يَزِيدَ، مَوْلَى الْمُنْبَعِثِ عَنْ زَيْدِ بْنِ خَالِدٍ الْجُهَنِيِّ، فَلَقِيتُ رَبِيعَةَ فَسَأَلْتُهُ فَقَالَ حَدَّثَنِي يَزِيدُ، عَنْ زَيْدِ بْنِ خَالِدٍ الْجُهَنِيِّ، عَنِ النَّبِيِّ صلى الله عليه وسلم قَالَ سُئِلَ عَنْ ضَالَّةِ الإِبِلِ فَغَضِبَ وَاحْمَرَّتْ وَجْنَتَاهُ وَقَالَ ‏\"‏ مَالَكَ وَلَهَا مَعَهَا الْحِذَاءُ وَالسِّقَاءُ تَرِدُ الْمَاءَ وَتَأْكُلُ الشَّجَرَ حَتَّى يَلْقَاهَا رَبُّهَا ‏\"‏ ‏.‏ وَسُئِلَ عَنْ ضَالَّةِ الْغَنَمِ فَقَالَ ‏\"‏ خُذْهَا فَإِنَّمَا هِيَ لَكَ أَوْ لأَخِيكَ أَوْ لِلذِّئْبِ ‏\"‏ ‏.‏ وَسُئِلَ عَنِ اللُّقَطَةِ فَقَالَ ‏\"‏ اعْرِفْ عِفَاصَهَا وَوِكَاءَهَا وَعَرِّفْهَا سَنَةً فَإِنِ اعْتُرِفَتْ وَإِلاَّ فَاخْلِطْهَا بِمَالِكَ ‏\"‏ ‏.‏",
        "ar_diacless": "حدثنا إسحاق بن إسماعيل بن العلاء الأيلي، حدثنا سفيان بن عيينة، عن يحيى بن سعيد، عن ربيعة بن أبي عبد الرحمن، عن يزيد، مولى المنبعث عن زيد بن خالد الجهني، فلقيت ربيعة فسألته فقال حدثني يزيد، عن زيد بن خالد الجهني، عن النبي صلى الله عليه وسلم قال سئل عن ضالة الإبل فغضب واحمرت وجنتاه وقال ‏\"‏ مالك ولها معها الحذاء والسقاء ترد الماء وتأكل الشجر حتى يلقاها ربها ‏\"‏ ‏.‏ وسئل عن ضالة الغنم فقال ‏\"‏ خذها فإنما هي لك أو لأخيك أو للذئب ‏\"‏ ‏.‏ وسئل عن اللقطة فقال ‏\"‏ اعرف عفاصها ووكاءها وعرفها سنة فإن اعترفت وإلا فاخلطها بمالك ‏\"‏ ‏.‏",
        "note": "[২৫০৪] সহীহুল বুখারী ৯১, ২৩৭২, ২৪২৭, ২৪২৮, ২৪৩০, ২৪৩৬, ২৪৩৮, ৫২৯২, ৬১১২, মুসলিম ১৭২২, তিরমিযী ১৩৭২, ১৩৭৩, আবূ দাউদ ১৭০৪, ১৭০৬, ১৭০৭, আহমাদ ১৬৫৮৯, ১৬৫৯৮, ১৬৬০৭, ২১১৭৮, মুয়াত্তা মালেক ১৪৮২, ইরওয়া ১৫৬৪, সহীহ আবু দাউদ ১৪৯৫, ১৪৯৯। তাহকীক আলবানীঃ সহীহ।",
        "grade_id": 2,
        "grade": "সহিহ হাদিস",
        "grade_color": "#46B891"
      }
    ]
  },
  {
    "id": 7659,
    "book_id": 6,
    "book_name": "ibn-majah",
    "chapter_id": 18,
    "section_id": 2,
    "title": "কুড়িয়ে পাওয়া বস্তু (লুকতা) প্রাপ্তির বিধান।",
    "preface": "",
    "number": "১৩/৯১. অধ্যায়ঃ",
    "sort_order": 91,
    "hadiths": [
      {
        "id": 20348,
        "book_id": 6,
        "book_name": "সুনানে ইবনে মাজাহ",
        "chapter_id": 18,
        "section_id": 2,
        "hadith_key": "সুনানে ইবনে মাজাহ: ২৫০৫",
        "hadith_id": 2505,
        "narrator": "ইয়াদ বিন হিমার (রাঃ)",
        "bn": "রাসুলুল্লাহ (সাল্লাল্লাহু ‘আলাইহি ওয়া সাল্লাম) বলেছেনঃ কেউ কারো কুড়িয়ে পাওয়া বস্তু পেলে যেন একজন অথবা দু’জন ন্যায়পরায়ণ লোককে সাক্ষী রাখে, অতঃপর তা পরিবর্তনও না করে এবং গোপনও না করে। যদি তার মালিক এসে যায় তবে সে-ই তার যথার্থ প্রাপক, অন্যথায় তা আল্লাহর সম্পদ, যাকে ইচ্ছা তা দান করেন। [২৫০৫]",
        "ar": "حَدَّثَنَا أَبُو بَكْرِ بْنُ أَبِي شَيْبَةَ، حَدَّثَنَا عَبْدُ الْوَهَّابِ الثَّقَفِيُّ، عَنْ خَالِدٍ الْحَذَّاءِ، عَنْ أَبِي الْعَلاَءِ، عَنْ مُطَرِّفٍ، عَنْ عِيَاضِ بْنِ حِمَارٍ، قَالَ قَالَ رَسُولُ اللَّهِ صلى الله عليه وسلم ‏ \"‏ مَنْ وَجَدَ لُقَطَةً فَلْيُشْهِدْ ذَا عَدْلٍ أَوْ ذَوَىْ عَدْلٍ ثُمَّ لاَ يُغَيِّرْهُ وَلاَ يَكْتُمْ فَإِنْ جَاءَ رَبُّهَا فَهُوَ أَحَقُّ بِهَا وَإِلاَّ فَهُوَ مَالُ اللَّهِ يُؤْتِيهِ مَنْ يَشَاءُ ‏\"‏ ‏.‏",
        "ar_diacless": "حدثنا أبو بكر بن أبي شيبة، حدثنا عبد الوهاب الثقفي، عن خالد الحذاء، عن أبي العلاء، عن مطرف، عن عياض بن حمار، قال قال رسول الله صلى الله عليه وسلم ‏ \"‏ من وجد لقطة فليشهد ذا عدل أو ذوى عدل ثم لا يغيره ولا يكتم فإن جاء ربها فهو أحق بها وإلا فهو مال الله يؤتيه من يشاء ‏\"‏ ‏.‏",
        "note": "[২৫০৫] আবূ দাউদ ১৭০৯, আহমাদ ১৭০২৭, ১৭৮৭২, রাওদুন নাদীর ১১৬৯, সহীহ আবু দাউদ ১৫০৩। তাহকীক আলবানীঃ সহীহ।",
        "grade_id": 2,
        "grade": "সহিহ হাদিস",
        "grade_color": "#46B891"
      },
      {
        "id": 20350,
        "book_id": 6,
        "book_name": "সুনানে ইবনে মাজাহ",
        "chapter_id": 18,
        "section_id": 2,
        "hadith_key": "সুনানে ইবনে মাজাহ: ২৫০৬",
        "hadith_id": 2506,
        "narrator": "উবাই বিন কা’ব (রাঃ)",
        "bn": "(সুওয়ায়দ বিন গাফালাহ) বলেন, আমি যায়েদ বিন সূহান ও সালামান বিন রাবীআর সাথে সফরে বের হলাম। আমরা উযায়ব নামক স্থানে পৌছে আমি একটি চাবুক কুড়িয়ে পেলাম। তারা উভয়ে আমাকে বলেন, এটা ফেলে দাও, কিন্তু আমি তা অস্বীকার করলাম। অতঃপর আমরা মদীনায় ফিরে এসে আমি উবাই বিন কা‘ব (রাঃ) -এর নিকট উপস্থিত হয়ে তাকে বিষয়টি জানালাম। তিনি বলেন, তুমি ঠিকই করেছো। আমি রাসূলুল্লাহ (সাল্লাল্লাহু ‘আলাইহি ওয়া সাল্লাম) এর যুগে এক শত দীনার কুড়িয়ে পেয়েছিলাম। আমি তাঁকে (এর বিধান) জিজ্ঞেস করলে তিনি বলেনঃ এক বছর পর্যন্ত এর ঘোষণা দিতে থাকো। আমি ঘোষণা দিতে থাকলাম, কিন্তু তার শনাক্তকারী কাউকে পেলাম না। পুনরায় আমি তাঁকে জিজ্ঞেস করলে তিনি বলেনঃ ঘোষণা দিতে থাকো। আমি ঘোষণা দিতে থাকলাম, কিন্তু তার শনাক্তকারী পেলাম না। অতঃপর তিনি বলেনঃ তুমি তার থলে ও মুখ বাঁধার রশি ও মুদ্রার সংখ্যা চিনে রাখো এবং আরো এক বছর ঘোষণা দাও। যদি তার শনাক্তকারী আসে তো ভালো, অন্যথায় তা তোমার সম্পদতুল্য। [২৫০৬]",
        "ar": "حَدَّثَنَا عَلِيُّ بْنُ مُحَمَّدٍ، حَدَّثَنَا وَكِيعٌ، حَدَّثَنَا سُفْيَانُ، عَنْ سَلَمَةَ بْنِ كُهَيْلٍ، عَنْ سُوَيْدِ بْنِ غَفَلَةَ، قَالَ خَرَجْتُ مَعَ زَيْدِ بْنِ صُوحَانَ وَسَلْمَانَ بْنِ رَبِيعَةَ حَتَّى إِذَا كُنَّا بِالْعُذَيْبِ الْتَقَطْتُ سَوْطًا فَقَالاَ لِي أَلْقِهِ ‏.‏ فَأَبَيْتُ فَلَمَّا قَدِمْنَا الْمَدِينَةَ أَتَيْتُ أُبَىَّ بْنَ كَعْبٍ فَذَكَرْتُ ذَلِكَ لَهُ فَقَالَ أَصَبْتَ الْتَقَطْتُ مِائَةَ دِينَارٍ عَلَى عَهْدِ رَسُولِ اللَّهِ صلى الله عليه وسلم فَسَأَلْتُهُ فَقَالَ ‏\"‏ عَرِّفْهَا سَنَةً ‏\"‏ ‏.‏ فَعَرَّفْتُهَا فَلَمْ أَجِدْ أَحَدًا يَعْرِفُهَا فَسَأَلْتُهُ فَقَالَ ‏\"‏ عَرِّفْهَا ‏\"‏ ‏.‏ فَعَرَّفْتُهَا فَلَمْ أَجِدْ أَحَدًا يَعْرِفُهَا ‏.‏ فَقَالَ ‏\"‏ اعْرِفْ وِعَاءَهَا وَوِكَاءَهَا وَعَدَدَهَا ثُمَّ عَرِّفْهَا سَنَةً فَإِنْ جَاءَ مَنْ يَعْرِفُهَا وَإِلاَّ فَهِيَ كَسَبِيلِ مَالِكَ ‏\"‏ ‏.‏",
        "ar_diacless": "حدثنا علي بن محمد، حدثنا وكيع، حدثنا سفيان، عن سلمة بن كهيل، عن سويد بن غفلة، قال خرجت مع زيد بن صوحان وسلمان بن ربيعة حتى إذا كنا بالعذيب التقطت سوطا فقالا لي ألقه ‏.‏ فأبيت فلما قدمنا المدينة أتيت أبى بن كعب فذكرت ذلك له فقال أصبت التقطت مائة دينار على عهد رسول الله صلى الله عليه وسلم فسألته فقال ‏\"‏ عرفها سنة ‏\"‏ ‏.‏ فعرفتها فلم أجد أحدا يعرفها فسألته فقال ‏\"‏ عرفها ‏\"‏ ‏.‏ فعرفتها فلم أجد أحدا يعرفها ‏.‏ فقال ‏\"‏ اعرف وعاءها ووكاءها وعددها ثم عرفها سنة فإن جاء من يعرفها وإلا فهي كسبيل مالك ‏\"‏ ‏.‏",
        "note": "[২৫০৬] সহীহুল বুখারী ২৪২৬, ২৪৩৭, মুসলিম ১৭২৩, তিরমিযী ২৩৭৪, আবূ দাউদ ১৭০১, আহমাদ ২০৬৬২, ২০৬৬৪, ২০৭৭৭, ইরওয়া ১৫৬৮, সহীহ আবু দাউদ ১৪৯২-১৪৯৪। তাহকীক আলবানীঃ সহীহ।",
        "grade_id": 2,
        "grade": "সহিহ হাদিস",
        "grade_color": "#46B891"
      },
      {
        "id": 20349,
        "book_id": 6,
        "book_name": "সুনানে ইবনে মাজাহ",
        "chapter_id": 18,
        "section_id": 2,
        "hadith_key": "সুনানে ইবনে মাজাহ: ২৫০৭",
        "hadith_id": 2507,
        "narrator": "যায়দ বিন খালিদ আল-জুহানী (রা:)",
        "bn": "রাসূলুল্লাহ (সাল্লাল্লাহু ‘আলাইহি ওয়া সাল্লাম) কে হারানো বস্তু (লুকতা) সম্পর্কে জিজ্ঞেস করা হলো। তিনি বলেনঃ এক বছর পর্যন্ত তার ঘোষনা দিতে থাকো। যদি তার মালিক পাও, তবে তাঁকে তা ফেরত দাও। আর যদি তার মালিক না পাও তবে তার থলে এবং মুখ বাঁধার রশি চিনে রাখো। তারপর তুমি তা ব্যবহার করো। এরপর যদি তার মালিক এসে যায়, তবে তাকে তা ফেরত দাও। [২৫০৭]",
        "ar": "حَدَّثَنَا مُحَمَّدُ بْنُ بَشَّارٍ، حَدَّثَنَا أَبُو بَكْرٍ الْحَنَفِيُّ، ح وَحَدَّثَنَا حَرْمَلَةُ بْنُ يَحْيَى، حَدَّثَنَا عَبْدُ اللَّهِ بْنُ وَهْبٍ، قَالاَ حَدَّثَنَا الضَّحَّاكُ بْنُ عُثْمَانَ الْقُرَشِيُّ، حَدَّثَنِي سَالِمٌ أَبُو النَّضْرِ، عَنْ بُسْرِ بْنِ سَعِيدٍ، عَنْ زَيْدِ بْنِ خَالِدٍ الْجُهَنِيِّ، ‏.‏ أَنَّ رَسُولَ اللَّهِ صلى الله عليه وسلم سُئِلَ عَنِ اللُّقَطَةِ فَقَالَ ‏ \"‏ عَرِّفْهَا سَنَةً فَإِنِ اعْتُرِفَتْ فَأَدِّهَا فَإِنْ لَمْ تُعْرَفْ فَاعْرِفْ عِفَاصَهَا وَوِعَاءَهَا ثُمَّ كُلْهَا فَإِنْ جَاءَ صَاحِبُهَا فَأَدِّهَا إِلَيْهِ ‏\"‏ ‏.‏",
        "ar_diacless": "حدثنا محمد بن بشار، حدثنا أبو بكر الحنفي، ح وحدثنا حرملة بن يحيى، حدثنا عبد الله بن وهب، قالا حدثنا الضحاك بن عثمان القرشي، حدثني سالم أبو النضر، عن بسر بن سعيد، عن زيد بن خالد الجهني، ‏.‏ أن رسول الله صلى الله عليه وسلم سئل عن اللقطة فقال ‏ \"‏ عرفها سنة فإن اعترفت فأدها فإن لم تعرف فاعرف عفاصها ووعاءها ثم كلها فإن جاء صاحبها فأدها إليه ‏\"‏ ‏.‏",
        "note": "[২৫০৭] ইবনু মাজাহ, ২৫০৪, সহীহুল বুখারী ৯১, ২৩৭২, ২৪২৭, ২৪২৮, ২৪৩০, ২৪৩৬, ২৪৩৮, ৫২৯২, ৬১১২, মুসলিম ১৭২২, তিরমিযী ১৩৭২, ১৩৭৩, আবূ দাউদ ১৭০৪, ১৭০৬, ১৭০৭, আহমাদ ১৬৫৮৯, ১৬৫৯৮, ১৬৬০৭, ২১১৭৮, মুয়াত্তা মালেক ১৪৮২, ইরওয়া ১৫৬৪। তাহকীক আলবানীঃ সহীহ। উক্ত হাদিসের রাবী দাহহাক বিন উসমান আল-কুরাশী সম্পর্কে আবুল কাসিম বিন বিশকাওয়াল বলেন, তিনি দুর্বল। আবু হাতিম আর-রাযী বলেন, তার থেকে হাদিস গ্রহন করা যায় তবে তা দলীল হিসেবে গ্রহণযোগ্য নয়, তিনি সত্যবাদী। আবু যুরআহ আর-রাযী বলেন, তিনি নির্ভরযোগ্য নয়। আহমাদ বিন হাম্বল বলেন, তিনি সিকাহ। ইবনু হাজার আল-আসকালানী বলেন, তিনি সত্যবাদী তবে হাদিস বর্ণনায় সন্দেহ করেন। (তাহযীবুল কামালঃ রাবী নং ২৯২২, ১৩/২৩২ নং পৃষ্ঠা)",
        "grade_id": 2,
        "grade": "সহিহ হাদিস",
        "grade_color": "#46B891"
      }
    ]
  },
  {
    "id": 7660,
    "book_id": 6,
    "book_name": "ibn-majah",
    "chapter_id": 18,
    "section_id": 3,
    "title": "গর্ত থেকে ইঁদুর যা বের করে দেয়, তার বিধান।",
    "preface": "",
    "number": "১৩/৯২. অধ্যায়ঃ",
    "sort_order": 92,
    "hadiths": [
      {
        "id": 20357,
        "book_id": 6,
        "book_name": "সুনানে ইবনে মাজাহ",
        "chapter_id": 18,
        "section_id": 3,
        "hadith_key": "সুনানে ইবনে মাজাহ: ২৫০৮",
        "hadith_id": 2508,
        "narrator": "মিকদাদ বিন আমর (রাঃ)",
        "bn": "প্রাকৃতিক প্রয়োজনে তিনি একদিন আল-বাকী‘ নামক কবরস্থানে যান। তৎকালে লোকেরা দু’-তিন দিন পরপর প্রাকৃতিক প্রয়োজন সারতো। তারা উটের বিষ্ঠা সদৃশ মল ত্যাগ করতো। অতঃপর তিনি একটি বিরান ঘরে প্রবেশ করেন। তিনি বসে প্রয়োজন সারছিলেন, হঠাৎ দেখলেন যে, একটি ইঁদুর তার গর্ত থেকে একটি দীনার বের করলো। তারপর সে গর্তে প্রবেশ করে আর একটি দীনার বের করলো। ইঁদুরটি এভাবে পরপর সতেরটি দীনার বের করলো, অতঃপর একটি লাল কাপড়ের টুকরা টেনে বের করলো। মিকদাদ (রাঃ) বলেন, আমি আস্তে আস্তে কাপড়ের টুকরাটি টেনে উঠালাম এবং তার মধ্যেও একটি দীনার পেলাম। এভাবে মোট আঠারটি দীনার হলো। আমি সেগুলো নিয়ে সরাসরি রাসূলুল্লাহ (সাল্লাল্লাহু ‘আলাইহি ওয়া সাল্লাম) এর নিকট চলে এলাম এবং বিষয়টি তাঁকে জানালাম। আমি আরো বললাম, ইয়া রাসূলুল্লাহ! এর যাকাত গ্রহণ করুন। তিনি বলেনঃ তুমি এগুলো নিয়ে যাও এবং এর কোন যাকাত নেই। আল্লাহ এগুলোতে তোমার বরকত দান করুন। অতঃপর তিনি বলেনঃ মনে হয় তুমি গর্তের মধ্যে তোমার হাত ঢুকিয়েছিলে। আমি বললাম, সেই সত্তার শপথ যিনি আপনাকে সত্য দ্বীন দ্বারা মর্যাদাবান করেছেন! আমি গর্তে হাত ঢুকাইনি। রাবী বলেন, এর শেষ দীনারটি তার ইনতিকাল পর্যন্ত অবশিষ্ট ছিলো। [২৫০৮]\n\nতাহকীক আলবানীঃ দঈফ তা‘লীক ইবনু মাজাহ।",
        "ar": "حَدَّثَنَا مُحَمَّدُ بْنُ بَشَّارٍ، حَدَّثَنَا مُحَمَّدُ بْنُ خَالِدِ بْنِ عَثْمَةَ، حَدَّثَنِي مُوسَى بْنُ يَعْقُوبَ الزَّمْعِيُّ، حَدَّثَتْنِي عَمَّتِي، قُرَيْبَةُ بِنْتُ عَبْدِ اللَّهِ أَنَّ أُمَّهَا، كَرِيمَةَ بِنْتَ الْمِقْدَادِ بْنِ عَمْرٍو أَخْبَرَتْهَا عَنْ ضُبَاعَةَ بِنْتِ الزُّبَيْرِ، عَنِ الْمِقْدَادِ بْنِ عَمْرٍو، أَنَّهُ خَرَجَ ذَاتَ يَوْمٍ إِلَى الْبَقِيعِ وَهُوَ الْمَقْبُرَةُ لِحَاجَتِهِ وَكَانَ النَّاسُ لاَ يَذْهَبُ أَحَدُهُمْ فِي حَاجَتِهِ إِلاَّ فِي الْيَوْمَيْنِ وَالثَّلاَثَةِ فَإِنَّمَا يَبْعَرُ كَمَا تَبْعَرُ الإِبِلُ ثُمَّ دَخَلَ خَرِبَةً فَبَيْنَمَا هُوَ جَالِسٌ لِحَاجَتِهِ إِذْ رَأَى جُرَذًا أَخْرَجَ مِنْ جُحْرٍ دِينَارًا ثُمَّ دَخَلَ فَأَخْرَجَ آخَرَ حَتَّى أَخْرَجَ سَبْعَةَ عَشَرَ دِينَارًا ثُمَّ أَخْرَجَ طَرَفَ خِرْقَةٍ حَمْرَاءَ ‏.‏ قَالَ الْمِقْدَادُ فَسَلَلْتُ الْخِرْقَةَ فَوَجَدْتُ فِيهَا دِينَارًا فَتَمَّتْ ثَمَانِيَةَ عَشَرَ دِينَارًا فَخَرَجْتُ بِهَا حَتَّى أَتَيْتُ بِهَا رَسُولَ اللَّهِ صلى الله عليه وسلم فَأَخْبَرْتُهُ خَبَرَهَا فَقُلْتُ خُذْ صَدَقَتَهَا يَا رَسُولَ اللَّهِ ‏.‏ قَالَ ‏\"‏ ارْجِعْ بِهَا لاَ صَدَقَةَ فِيهَا بَارَكَ اللَّهُ لَكَ فِيهَا ‏\"‏ ‏.‏ ثُمَّ قَالَ ‏\"‏ لَعَلَّكَ أَتْبَعْتَ يَدَكَ فِي الْجُحْرِ ‏\"‏ ‏.‏ قُلْتُ لاَ وَالَّذِي أَكْرَمَكَ بِالْحَقِّ ‏.‏ قَالَ فَلَمْ يَفْنَ آخِرُهَا حَتَّى مَاتَ ‏.‏",
        "ar_diacless": "حدثنا محمد بن بشار، حدثنا محمد بن خالد بن عثمة، حدثني موسى بن يعقوب الزمعي، حدثتني عمتي، قريبة بنت عبد الله أن أمها، كريمة بنت المقداد بن عمرو أخبرتها عن ضباعة بنت الزبير، عن المقداد بن عمرو، أنه خرج ذات يوم إلى البقيع وهو المقبرة لحاجته وكان الناس لا يذهب أحدهم في حاجته إلا في اليومين والثلاثة فإنما يبعر كما تبعر الإبل ثم دخل خربة فبينما هو جالس لحاجته إذ رأى جرذا أخرج من جحر دينارا ثم دخل فأخرج آخر حتى أخرج سبعة عشر دينارا ثم أخرج طرف خرقة حمراء ‏.‏ قال المقداد فسللت الخرقة فوجدت فيها دينارا فتمت ثمانية عشر دينارا فخرجت بها حتى أتيت بها رسول الله صلى الله عليه وسلم فأخبرته خبرها فقلت خذ صدقتها يا رسول الله ‏.‏ قال ‏\"‏ ارجع بها لا صدقة فيها بارك الله لك فيها ‏\"‏ ‏.‏ ثم قال ‏\"‏ لعلك أتبعت يدك في الجحر ‏\"‏ ‏.‏ قلت لا والذي أكرمك بالحق ‏.‏ قال فلم يفن آخرها حتى مات ‏.‏",
        "note": "[২৫০৮] আবূ দাউদ ৩০৮৭, তা'লীক ইবনু মাজাহ। তাহকীক আলবানীঃ যইফ। উক্ত হাদিসের রাবী মুহাম্মাদ বিন খালিদ বিব আসমাহ সম্পর্কে আবু বাকর আল-বায়হাকী বলেন, আমার দৃষ্টিতে তিনি সিকাহ। আহমাদ বিন হাম্বল বলেন, তার হাদিস বর্ণনায় আমি কোন সমস্যা দেখি না। আহমাদ বিন হাম্বল বলেন, তিনি সত্যবাদী তবে হাদিস বর্ণনায় ভুল করেন। ইমাম যাহাবী বলেন, তিনি সত্যবাদী। (তাহযীবুল কামালঃ রাবী নং ৫১৭৯, ২৫/১৪৩ নং পৃষ্ঠা) ২. মুসা বিন ইয়াকুব আয-যামঈ সম্পর্কে আবুল হাসান ইবনুল কাত্তান বলেন, তিনি সিকাহ। আহমাদ বিন শু'আয়ব আন-নাসায়ী বলেন, তিনি নির্ভরযোগ্য নয়। ইবনু হাজার আল-আসকালানী বলেন, তিনি সত্যবাদী তবে তার স্মৃতিশক্তি দুর্বল। ইমাম দারাকুতনী বলেন, তার হাদিস দ্বারা দলীল গ্রহণযোগ্য নয়। (তাহযীবুল কামালঃ রাবী নং ৬৩১৫, ২৯/১৭১ নং পৃষ্ঠা)",
        "grade_id": 4,
        "grade": "দুর্বল হাদিস",
        "grade_color": "#F85B24"
      }
    ]
  },
  {
    "id": 7661,
    "book_id": 6,
    "book_name": "ibn-majah",
    "chapter_id": 18,
    "section_id": 4,
    "title": "কেউ খনিজ সম্পদ পেলে।",
    "preface": "",
    "number": "১৩/৯৩. অধ্যায়ঃ",
    "sort_order": 93,
    "hadiths": [
      {
        "id": 20365,
        "book_id": 6,
        "book_name": "সুনানে ইবনে মাজাহ",
        "chapter_id": 18,
        "section_id": 4,
        "hadith_key": "সুনানে ইবনে মাজাহ: ২৫০৯",
        "hadith_id": 2509,
        "narrator": "আবূ হুরায়রা (রাঃ)",
        "bn": "রাসূলুল্লাহ (সাল্লাল্লাহু ‘আলাইহি ওয়া সাল্লাম) বলেনঃ খনিজ সম্পদের এক-পঞ্চমাংশ (রাষ্ট্রের) প্রাপ্য। [২৫০৯]",
        "ar": "حَدَّثَنَا مُحَمَّدُ بْنُ مَيْمُونٍ الْمَكِّيُّ، وَهِشَامُ بْنُ عَمَّارٍ، قَالاَ حَدَّثَنَا سُفْيَانُ بْنُ عُيَيْنَةَ، عَنِ الزُّهْرِيِّ، عَنْ سَعِيدٍ، وَأَبِي، سَلَمَةَ عَنْ أَبِي هُرَيْرَةَ، أَنَّ رَسُولَ اللَّهِ صلى الله عليه وسلم قَالَ ‏ \"‏ فِي الرِّكَازِ الْخُمُسُ ‏\"‏ ‏.‏",
        "ar_diacless": "حدثنا محمد بن ميمون المكي، وهشام بن عمار، قالا حدثنا سفيان بن عيينة، عن الزهري، عن سعيد، وأبي، سلمة عن أبي هريرة، أن رسول الله صلى الله عليه وسلم قال ‏ \"‏ في الركاز الخمس ‏\"‏ ‏.‏",
        "note": "[২৫০৯] সহীহুল বুখারী ১৪৯৯, ২৩৫৫, ৬৯১২, ৬৯১৩, ১৭১০, তিরমিযী ৬৪২, ১৩৭৭, নাসায়ী ২৪৯৫, ২৪৯৭, আবূ দাউদ ৩০৮৫, ৪৫৯৩, আহমাদ ৭৪০৭, ৭৬৪৭, ২৭৪৭২, ৯০১৩, ৯৫৭২, ২৭২৬৩, ১০০৪৪, ১০১০৬, ১০১৩৭, ১০২০৯, মুয়াত্তা মালেক ৫৮৩, ১৬২২, দারেমী ১৬৬৮, ২৩৭৭, ২৩৭৮, ২৩৭৯, বায়হাকী ফিস সুনান ৪/১৫২, ৭/৭৮, ৮/১১০, ৩৪৪৪, ইবনু হিব্বান ৬০০৫, ৬০০৬, ৬০০৭, আল-হাকিম ফিল মুসতাদরাক ২/২১৭, দারাকুতনী ১৪৯। তাহকীক আলবানীঃ সহীহ।\n\nউক্ত হাদিসের রাবী মুহাম্মাদ বিন মায়মুন আল-মাক্কী সম্পর্কে আবু হাতিম বিন হিব্বান বলেন, তিনি হাদিস বর্ণনায় কখনো কখনো সন্দেহ করেন। আহমাদ বিন শু'আয়ব আন-নাসায়ী বলেন, তিনি নির্ভরযোগ্য নয়। ইবনু হাজার আল-আসকালানী বলেন, তিনি সত্যবাদী তবে হাদিস বর্ণনায় কখনো কখনো ভুল করেন। তাহরীরু তাকরীবুত তাহযীব এর লেখক বলেন, তিনি দুর্বল। (তাহযীবুল কামালঃ রাবী নং ৫৬৪৯, ২৬/৫৩৯ নং পৃষ্ঠা)",
        "grade_id": 2,
        "grade": "সহিহ হাদিস",
        "grade_color": "#46B891"
      },
      {
        "id": 20366,
        "book_id": 6,
        "book_name": "সুনানে ইবনে মাজাহ",
        "chapter_id": 18,
        "section_id": 4,
        "hadith_key": "সুনানে ইবনে মাজাহ: ২৫১০",
        "hadith_id": 2510,
        "narrator": "ইবনু আব্বাস (রাঃ)",
        "bn": "রাসূলুল্লাহ (সাল্লাল্লাহু ‘আলাইহি ওয়া সাল্লাম) বলেছেনঃ খনিজ সম্পদের এক-পঞ্চমাংশ (রাষ্ট্রের) প্রাপ্য। [২৫১০]",
        "ar": "حَدَّثَنَا نَصْرُ بْنُ عَلِيىٍّ الْجَهْضَمِيُّ، حَدَّثَنَا أَبُو أَحْمَدَ، عَنْ إِسْرَائِيلَ، عَنْ سِمَاكٍ، عَنْ عِكْرِمَةَ، عَنِ ابْنِ عَبَّاسٍ، قَالَ قَالَ رَسُولُ اللَّهِ صلى الله عليه وسلم ‏ \"‏ فِي الرِّكَازِ الْخُمُسُ ‏\"‏ ‏.‏",
        "ar_diacless": "حدثنا نصر بن عليى الجهضمي، حدثنا أبو أحمد، عن إسرائيل، عن سماك، عن عكرمة، عن ابن عباس، قال قال رسول الله صلى الله عليه وسلم ‏ \"‏ في الركاز الخمس ‏\"‏ ‏.‏",
        "note": "[২৫১০] আহমাদ ২৮৬৬। তাহকীক আলবানীঃ সহীহ। উক্ত হাদিসের রাবী সিমাক বিন হারব সম্পর্কে ইয়াহইয়া বিন মাঈন বলেন, তিনি সিকাহ। ইয়াকুব বিন শায়বাহ বলেন, তার পূর্বে বর্ণিত হাদিস যারা শ্রবন করেছেন তা সহীহ। ইবনু হিব্বান বলেন, তিনি সিকাহ তবে হাদিস বর্ণনায় অধিক ভুল করেন। আবদুল্লাহ ইবনুল মুবারাক বলেন, তিনি হাদিস বর্ণনায় দুর্বল। (তাহযীবুল কামালঃ রাবী নং ২৫৭৯, ১২/১১৫ নং পৃষ্ঠা)",
        "grade_id": 2,
        "grade": "সহিহ হাদিস",
        "grade_color": "#46B891"
      },
      {
        "id": 20367,
        "book_id": 6,
        "book_name": "সুনানে ইবনে মাজাহ",
        "chapter_id": 18,
        "section_id": 4,
        "hadith_key": "সুনানে ইবনে মাজাহ: ২৫১১",
        "hadith_id": 2511,
        "narrator": "আবূ হুরায়রা (রাঃ)",
        "bn": "নবী (সাল্লাল্লাহু ‘আলাইহি ওয়া সাল্লাম) বলেন, তোমাদের পূর্বকালে এক ব্যক্তি এক খন্ড জমি ক্রয় করে তার মধ্যে সোনাভর্তি একটি কলস পায়। সে (বিক্রেতাকে) বললো, আমি তো তোমার থেকে জমি ক্রয় করেছি, সোনা কিনিনি। বিক্রেতা বললো, আমি তোমার নিকট জমি এবং তার মধ্যকার সবকিছু বিক্রয় করেছি। অতঃপর তারা বিষয়টির মীমাংসার জন্য এক ব্যক্তির নিকট উপস্থিত হলো। লোকটি বললো, তোমাদের দু’জনের কি সন্তান-সন্ততি আছে? একজন বললো, আমার একটি পুত্র সন্তান আছে। অপরজন বললো, আমার একটি কন্যা সন্তান আছে। লোকটি বললো, তাহলে তোমরা ছেলেটির সাথে মেয়েটির বিবাহ দাও এবং এই সোনা তাদেরকে দাও, যাতে তারা এটা নিজেদের প্রয়োজনে খরচ করতে পারে এবং দান-খয়রাতও করতে পারে। [২৫১১]",
        "ar": "حَدَّثَنَا أَحْمَدُ بْنُ ثَابِتٍ الْجَحْدَرِيُّ، حَدَّثَنَا يَعْقُوبُ بْنُ إِسْحَاقَ الْحَضْرَمِيُّ، حَدَّثَنَا سُلَيْمَانُ بْنُ حَيَّانَ، سَمِعْتُ أَبِي يُحَدِّثُ، عَنْ أَبِي هُرَيْرَةَ، عَنِ النَّبِيِّ صلى الله عليه وسلم قَالَ ‏ \"‏ كَانَ فِيمَنْ كَانَ قَبْلَكُمْ رَجُلٌ اشْتَرَى عَقَارًا فَوَجَدَ فِيهَا جَرَّةً مِنْ ذَهَبٍ فَقَالَ اشْتَرَيْتُ مِنْكَ الأَرْضَ وَلَمْ أَشْتَرِ مِنْكَ الذَّهَبَ ‏.‏ فَقَالَ الرَّجُلُ إِنَّمَا بِعْتُكَ الأَرْضَ بِمَا فِيهَا ‏.‏ فَتَحَاكَمَا إِلَى رَجُلٍ فَقَالَ أَلَكُمَا وَلَدٌ فَقَالَ أَحَدُهُمَا لِي غُلاَمٌ ‏.‏ وَقَالَ الآخَرُ لِي جَارِيَةٌ ‏.‏ قَالَ فَأَنْكِحَا الْغُلاَمَ الْجَارِيَةَ وَلْيُنْفِقَا عَلَى أَنْفُسِهِمَا مِنْهُ وَلْيَتَصَدَّقَا ‏\"‏ ‏.‏",
        "ar_diacless": "حدثنا أحمد بن ثابت الجحدري، حدثنا يعقوب بن إسحاق الحضرمي، حدثنا سليمان بن حيان، سمعت أبي يحدث، عن أبي هريرة، عن النبي صلى الله عليه وسلم قال ‏ \"‏ كان فيمن كان قبلكم رجل اشترى عقارا فوجد فيها جرة من ذهب فقال اشتريت منك الأرض ولم أشتر منك الذهب ‏.‏ فقال الرجل إنما بعتك الأرض بما فيها ‏.‏ فتحاكما إلى رجل فقال ألكما ولد فقال أحدهما لي غلام ‏.‏ وقال الآخر لي جارية ‏.‏ قال فأنكحا الغلام الجارية ولينفقا على أنفسهما منه وليتصدقا ‏\"‏ ‏.‏",
        "note": "[২৫১১] সহীহুল বুখারী ৩৪৭২, মুসলিম ১৭২১, আহমাদ ২৭৪০৮, বায়হাকী ফিস সুনান ৩০/৩২৭। তাহকীক আলবানীঃ সহীহ।",
        "grade_id": 2,
        "grade": "সহিহ হাদিস",
        "grade_color": "#46B891"
      }
    ]
  }
]