[
  {
    "id": 7668,
    "book_id": 6,
    "book_name": "ibn-majah",
    "chapter_id": 19,
    "section_id": 7,
    "title": "কোন ব্যাক্তি যৌথ মালিকানভুক্ত গোলামের নিজ অংশ আযাদ করলে",
    "preface": "",
    "number": "১৩/১০০. অধ্যায়ঃ",
    "sort_order": 100,
    "hadiths": [
      {
        "id": 20483,
        "book_id": 6,
        "book_name": "সুনানে ইবনে মাজাহ",
        "chapter_id": 19,
        "section_id": 7,
        "hadith_key": "সুনানে ইবনে মাজাহ: ২৫২৭",
        "hadith_id": 2527,
        "narrator": "আবূ হুরায়রা (রাঃ)",
        "bn": "রাসূলুল্লাহ (সাল্লাল্লাহু ‘আলাইহি ওয়া সাল্লাম) বলেছেন কোন মালদার ব্যাক্তি এজমালি গোলামের নিজ অংশ আযাদ করলে তার বাকী অংশও নিজের মাল দিয়ে আযাদ করে দেয়া উচিত। সে মালদার না হলে উক্ত গোলামকে (অবশিষ্ট মূল্য পরিশোধের জন্য) তার সামর্থ্য অনুযায়ী আয়াসসাধ্য কাজে মজুরী খাটাবে। [২৫২৭]",
        "ar": "حَدَّثَنَا أَبُو بَكْرِ بْنُ أَبِي شَيْبَةَ، حَدَّثَنَا عَلِيُّ بْنُ مُسْهِرٍ، وَمُحَمَّدُ بْنُ بِشْرٍ، عَنْ سَعِيدِ بْنِ أَبِي عَرُوبَةَ، عَنْ قَتَادَةَ، عَنِ النَّضْرِ بْنِ أَنَسٍ، عَنْ بَشِيرِ بْنِ نَهِيكٍ، عَنْ أَبِي هُرَيْرَةَ، قَالَ قَالَ رَسُولُ اللَّهِ صلى الله عليه وسلم ‏ \"‏ مَنْ أَعْتَقَ نَصِيبًا لَهُ فِي مَمْلُوكٍ أَوْ شِقْصًا فَعَلَيْهِ خَلاَصُهُ مِنْ مَالِهِ إِنْ كَانَ لَهُ مَالٌ فَإِنْ لَمْ يَكُنْ لَهُ مَالٌ اسْتُسْعِيَ الْعَبْدُ فِي قِيمَتِهِ غَيْرَ مَشْقُوقٍ عَلَيْهِ ‏\"‏ ‏.‏",
        "ar_diacless": "حدثنا أبو بكر بن أبي شيبة، حدثنا علي بن مسهر، ومحمد بن بشر، عن سعيد بن أبي عروبة، عن قتادة، عن النضر بن أنس، عن بشير بن نهيك، عن أبي هريرة، قال قال رسول الله صلى الله عليه وسلم ‏ \"‏ من أعتق نصيبا له في مملوك أو شقصا فعليه خلاصه من ماله إن كان له مال فإن لم يكن له مال استسعي العبد في قيمته غير مشقوق عليه ‏\"‏ ‏.‏",
        "note": "[২৫২৭] সহীহুল বুখারী ২৪৯২, ২৫০৪, ২৫২৭, মুসলিম ১৫০৩, তিরমিযী ১৩৪৮, আবূ দাউদ ৩৯৩৪, ৩৯৩৭, ৩৯৩৮, ৭৪১৯, ৯২১৮, ৯৭৫৭, ১০৪৯২, ইরওয়া ৫/৩৫৮। তাহকীক আলবানীঃ সহীহ।",
        "grade_id": 2,
        "grade": "সহিহ হাদিস",
        "grade_color": "#46B891"
      },
      {
        "id": 20484,
        "book_id": 6,
        "book_name": "সুনানে ইবনে মাজাহ",
        "chapter_id": 19,
        "section_id": 7,
        "hadith_key": "সুনানে ইবনে মাজাহ: ২৫২৮",
        "hadith_id": 2528,
        "narrator": "ইবনু উমার (রাঃ)",
        "bn": "রাসূলুল্লাহ (সাল্লালাহু ‘আলাইহি ওয়া সাল্লাম)   বলেছেনঃ কোন ব্যক্তি এজমালি গোলামের তার নিজ অংশ আযাদ করে দিলে সে তার ন্যায়সঙ্গত মূল্য নির্ধারণপূর্বক তার মাল দ্বারা অন্যান্য শরীকের অংশের মূল্যও পরিশোধ করবে। অন্যথায় যতটুকু আযাদ করা হয়েছে সে ততটুকুই আযাদ গণ্য হবে। [২৫২৮]",
        "ar": "حَدَّثَنَا يَحْيَى بْنُ حَكِيمٍ، حَدَّثَنَا عُثْمَانُ بْنُ عُمَرَ، حَدَّثَنَا مَالِكُ بْنُ أَنَسٍ، عَنْ نَافِعٍ، عَنِ ابْنِ عُمَرَ، قَالَ قَالَ رَسُولُ اللَّهِ صلى الله عليه وسلم ‏ \"‏ مَنْ أَعْتَقَ شِرْكًا لَهُ فِي عَبْدٍ أُقِيمَ عَلَيْهِ بِقِيمَةِ عَدْلٍ فَأَعْطَى شُرَكَاءَهُ حِصَصَهُمْ إِنْ كَانَ لَهُ مِنَ الْمَالِ مَا يَبْلُغُ ثَمَنَهُ وَعَتَقَ عَلَيْهِ الْعَبْدُ وَإِلاَّ فَقَدْ عَتَقَ مِنْهُ مَا عَتَقَ ‏\"‏ ‏.‏",
        "ar_diacless": "حدثنا يحيى بن حكيم، حدثنا عثمان بن عمر، حدثنا مالك بن أنس، عن نافع، عن ابن عمر، قال قال رسول الله صلى الله عليه وسلم ‏ \"‏ من أعتق شركا له في عبد أقيم عليه بقيمة عدل فأعطى شركاءه حصصهم إن كان له من المال ما يبلغ ثمنه وعتق عليه العبد وإلا فقد عتق منه ما عتق ‏\"‏ ‏.‏",
        "note": "[২৫২৮] সহীহুল বুখারী ২৪৯১, ২৫০৩, ২৫৩১, ২৫২২, ২৫২৩, ২৫২৪, ২৫২৫, ২৫৫৩, মুসলিম ১৫০১, তিরমিযী ১৩৪৭, নাসায়ী ৪৬৯৮, ৪৬৯৯, আবূ দাউদ ৩৯৪০, ৩৯৪৩, ৩৯৪৬, ৩৯৪৭, আহমাদ ৩৯৯, ৪৬২১, ৪৮৮৩, ৫১২৮, ২৭২৭৪, ৫৭৮৭, ৫৮৮৪, ৬০০২, ৬২৪৩, ৬৪১৭, মুয়াত্তা মালেক ১৫০৪, ইরওয়া ১৫২২। তাহকীক আলবানীঃ সহীহ।",
        "grade_id": 2,
        "grade": "সহিহ হাদিস",
        "grade_color": "#46B891"
      }
    ]
  },
  {
    "id": 7669,
    "book_id": 6,
    "book_name": "ibn-majah",
    "chapter_id": 19,
    "section_id": 8,
    "title": "কেউ মালদার গোলাম আযাদ করলে",
    "preface": "",
    "number": "১৩/১০১ . অধ্যায়ঃ",
    "sort_order": 101,
    "hadiths": [
      {
        "id": 20485,
        "book_id": 6,
        "book_name": "সুনানে ইবনে মাজাহ",
        "chapter_id": 19,
        "section_id": 8,
        "hadith_key": "সুনানে ইবনে মাজাহ: ২৫২৯",
        "hadith_id": 2529,
        "narrator": "ইবনু উমার (রাঃ)",
        "bn": "রাসূলুল্লাহ (সাল্লালাহু ‘আলাইহি ওয়া সাল্লাম)   বলেছেনঃ কোন ব্যক্তি মালদার গোলাম আযাদ করলে গোলামই উক্ত মালের মালিক। তবে মনিব নিজের জন্য তার মালের জন্য শর্ত যুক্ত করলে তা তারই হবে। ইবনু লাহীআ (রাঃ) -এর রিওয়ায়াতে আছেঃ তবে মনিব যদি সেই মাল (নিজের জন্য) নির্দিষ্ট করে নেয়। [২৫২৯]",
        "ar": "حَدَّثَنَا حَرْمَلَةُ بْنُ يَحْيَى، حَدَّثَنَا عَبْدُ اللَّهِ بْنُ وَهْبٍ، أَخْبَرَنِي ابْنُ لَهِيعَةَ، ح وَحَدَّثَنَا مُحَمَّدُ بْنُ يَحْيَى، حَدَّثَنَا سَعِيدُ بْنُ أَبِي مَرْيَمَ، أَنْبَأَنَا اللَّيْثُ بْنُ سَعْدٍ، جَمِيعًا عَنْ عُبَيْدِ اللَّهِ بْنِ أَبِي جَعْفَرٍ، عَنْ بُكَيْرِ بْنِ الأَشَجِّ، عَنْ نَافِعٍ، عَنِ ابْنِ عُمَرَ، قَالَ قَالَ رَسُولُ اللَّهِ صلى الله عليه وسلم ‏ \"‏ مَنْ أَعْتَقَ عَبْدًا وَلَهُ مَالٌ فَمَالُ الْعَبْدِ لَهُ إِلاَّ أَنْ يَشْتَرِطَ السَّيِّدُ مَالَهُ فَيَكُونَ لَهُ ‏\"‏ ‏.‏ وَقَالَ ابْنُ لَهِيعَةَ إِلاَّ أَنْ يَسْتَثْنِيَهُ السَّيِّدُ ‏.",
        "ar_diacless": "حدثنا حرملة بن يحيى، حدثنا عبد الله بن وهب، أخبرني ابن لهيعة، ح وحدثنا محمد بن يحيى، حدثنا سعيد بن أبي مريم، أنبأنا الليث بن سعد، جميعا عن عبيد الله بن أبي جعفر، عن بكير بن الأشج، عن نافع، عن ابن عمر، قال قال رسول الله صلى الله عليه وسلم ‏ \"‏ من أعتق عبدا وله مال فمال العبد له إلا أن يشترط السيد ماله فيكون له ‏\"‏ ‏.‏ وقال ابن لهيعة إلا أن يستثنيه السيد ‏.",
        "note": "[২৫২৯] আবূ দাউদ ৩৯৬২, আহমাদ ৪৫৩৮, ৫৪৬৩, ৬৩৪৪, ইরওয়া ১৭৪৯, মিশকাত ৩৩৯৬। তাহকীক আলবানীঃ সহীহ। উক্ত হাদিসের রাবী ইবনু লাহীআহ সম্পর্কে ইয়াহইয়া বিন মাঈন বলেন, তার হাদিসের ব্যাপারে কোন সমস্যা নেই। আমর বিন ফাল্লাস বলেন, তার কিতাব সমূহ পুড়ে যাওয়ায় হাদিস বর্ণনায় সংমিশ্রণ করেন। কিতাব সমূহ পুড়ে যাওয়ায় যে হাদিস বর্ণনা করেছেন তা দুর্বল। আবু কাসিম বলেন, তিনি হাদিস বর্ণনায় সংমিশ্রণ করেন। আবু বকর আল-বায়হাকী বলেন, তার হাদিস দলীল হিসেবে গ্রহণযোগ্য নয়। আবু হাতিম আর-রাযী তাকে দুর্বল বলেছেন। ইবনু হাজার আল-আসকালানী বলেন, তিনি সত্যবাদী তবে তার কিতাব সমূহ পুড়ে যাওয়ার পর হাদিস বর্ণনায় সংমিশ্রণ করেন। বিশর ইবনুস সারী বলেন, যদি তার সাথে আমার সাক্ষাৎ হত তবে আমি তার থেকে কোন হাদিস গ্রহন করতাম না। (তাহযীবুল কামালঃ রাবী নং ৩৫১৩, ১৫/৪৮৭ নং পৃষ্ঠা)",
        "grade_id": 2,
        "grade": "সহিহ হাদিস",
        "grade_color": "#46B891"
      },
      {
        "id": 27872,
        "book_id": 6,
        "book_name": "সুনানে ইবনে মাজাহ",
        "chapter_id": 19,
        "section_id": 8,
        "hadith_key": "সুনানে ইবনে মাজাহ: ২৫৩০",
        "hadith_id": 2530,
        "narrator": "আবদুল্লাহ বিন মাসউদ (রাঃ)",
        "bn": "আবদুল্লাহ বিন মাসউদ (রাঃ) তাকে বললেন , হে উমাইর ! আমি তোমাকে সন্তোষের সাথে আযাদ করতে চাই। কেননা আমি রাসূলুল্লাহ (সাল্লালাহু ‘আলাইহি ওয়া সাল্লাম)   কে বলতে শুনেছিঃ কোন ব্যক্তি তার এমন গোলাম আযাদ করল যে গোলাম নিজ মালের বিষয় উল্লেখ করেনি , তাহলে উক্ত মাল তারই (অর্থাৎ আযাদকারীর) অতএব আমাকে বলো , তোমার কী মাল আছে?\n\n[উপরোক্ত হাদীসে মোট ২ টি সানাদের ১ টি বর্ণিত হয়েছে, অপর সানাদটি হলো]\n\n৩/২৫৩০ (১) . আবদুল্লাহ বিন মাসউদ (রাঃ) আমার দাদা (উমায়র) -কে বললেন , .........পূর্বোক্ত হাদীসের অনুরূপ। [২৫৩০]\n\nতাহকীক আলবানী; দঈফ।",
        "ar": "حَدَّثَنَا مُحَمَّدُ بْنُ يَحْيَى، حَدَّثَنَا سَعِيدُ بْنُ مُحَمَّدٍ الْجَرْمِيُّ، حَدَّثَنَا الْمُطَّلِبُ بْنُ زِيَادٍ، عَنْ إِسْحَاقَ بْنِ إِبْرَاهِيمَ، عَنْ جَدِّهِ، عُمَيْرٍ - وَهُوَ مَوْلَى ابْنِ مَسْعُودٍ - أَنَّ عَبْدَ اللَّهِ، قَالَ لَهُ يَا عُمَيْرُ إِنِّي أُعْتِقُكَ عِتْقًا هَنِيئًا إِنِّي سَمِعْتُ رَسُولَ اللَّهِ صلى الله عليه وسلم يَقُولُ ‏ \"‏ أَيُّمَا رَجُلٍ أَعْتَقَ غُلاَمًا وَلَمْ يُسَمِّ مَالَهُ فَالْمَالُ لَهُ ‏\"‏ ‏.‏ فَأَخْبِرْنِي مَا مَالُكَ ‏.‏\n\nحَدَّثَنَا مُحَمَّدُ بْنُ عَبْدِ اللهِ بْنِ نُمَيْرٍ حَدَّثَنَا الْمُطَّلِبُ بْنُ زِيَادٍ عَنْ إِسْحَقَ بْنِ إِبْرَاهِيمَ قَالَ قَالَ عَبْدُ اللهِ بْنُ مَسْعُودٍ لِجَدِّي فَذَكَرَ نَحْوَهُ",
        "ar_diacless": "حدثنا محمد بن يحيى، حدثنا سعيد بن محمد الجرمي، حدثنا المطلب بن زياد، عن إسحاق بن إبراهيم، عن جده، عمير - وهو مولى ابن مسعود - أن عبد الله، قال له يا عمير إني أعتقك عتقا هنيئا إني سمعت رسول الله صلى الله عليه وسلم يقول ‏ \"‏ أيما رجل أعتق غلاما ولم يسم ماله فالمال له ‏\"‏ ‏.‏ فأخبرني ما مالك ‏.‏\n\nحدثنا محمد بن عبد الله بن نمير حدثنا المطلب بن زياد عن إسحق بن إبراهيم قال قال عبد الله بن مسعود لجدي فذكر نحوه",
        "note": "[২৫৩০] হাদিসটি ইমাম ইবনু মাজাহ এককভাবে বর্ণনা করেছেন। ইরওয়া ১৭৪৮। তাহকীক আলবানীঃ যইফ। উক্ত হাদিসের রাবী ১. সাঈদ বিন মুহাম্মাদ আল-জামরী সম্পর্কে আবু দাউদ আস-সাজিসতানী বলেন, তিনি সিকাহ। ইমাম দারাকুতনী বলেন, তিনি দুর্বল। ইমাম যাহাবী বলেন, তিনি সিকাহ তবে তিনি শীয়া মতাবলম্বী হওয়ার অভিযোগ রয়েছে। (তাহযীবুল কামালঃ রাবী নং ২৩৪৮, ১১/৪৫ নং পৃষ্ঠা) ২. ইসহাক বিন ইবরাহীম সম্পর্কে ইবনু হাজার আল-আসকালানী বলেন, তিনি মাজহুল বা অপরিচিত। ইমাম বুখারী বলেন, তার হাদিস সহিহ নয়, তার হাদিসের অনুসরণ করা যাবে না। তাহরীরু তাকরীবুত তাহযীব এর লেখক বলেন, তিনি দুর্বল। (তাহযীবুল কামালঃ রাবী নং ৩২৯, ২/৩৬৮ নং পৃষ্ঠা) ৩. উমায়র সম্পর্কে ইবনু হাজার আল-আসকালানী বলেন, তিনি মাজহুল বা অপরিচিত। ইমাম যাহাবী বলেন, তিনি সিকাহ। (তাহযীবুল কামালঃ রাবী নং ৪৫২৪, ২২/৩৯৪ নং পৃষ্ঠা)",
        "grade_id": 4,
        "grade": "দুর্বল হাদিস",
        "grade_color": "#F85B24"
      }
    ]
  },
  {
    "id": 7670,
    "book_id": 6,
    "book_name": "ibn-majah",
    "chapter_id": 19,
    "section_id": 9,
    "title": "জারজ সন্তান আযাদ করা",
    "preface": "",
    "number": "১৩/১০২ . অধ্যায়ঃ",
    "sort_order": 102,
    "hadiths": [
      {
        "id": 20486,
        "book_id": 6,
        "book_name": "সুনানে ইবনে মাজাহ",
        "chapter_id": 19,
        "section_id": 9,
        "hadith_key": "সুনানে ইবনে মাজাহ: ২৫৩১",
        "hadith_id": 2531,
        "narrator": "মায়মূনাহ বিনতু সাদ (রাঃ)",
        "bn": "রাসূলুল্লাহ (সাল্লালাহু ‘আলাইহি ওয়া সাল্লাম) এর নিকট জারজ সন্তান আযাদ করা সম্পর্কে জিজ্ঞেস করা হলো। তিনি বলেনঃ আমি যে জুতাজোড়া পরে জিহাদ করি তা , আমা কর্তৃক জারজ সন্তান আযাদ করার তুলনায় অধিক উত্তম। [২৫৩১]",
        "ar": "حَدَّثَنَا أَبُو بَكْرِ بْنُ أَبِي شَيْبَةَ، حَدَّثَنَا الْفَضْلُ بْنُ دُكَيْنٍ، حَدَّثَنَا إِسْرَائِيلُ، عَنْ زَيْدِ بْنِ جُبَيْرٍ، عَنْ أَبِي يَزِيدَ الضِّنِّيِّ، عَنْ مَيْمُونَةَ بِنْتِ سَعْدٍ، - مَوْلاَةِ النَّبِيِّ صلى الله عليه وسلم - أَنَّ رَسُولَ اللَّهِ صلى الله عليه وسلم سُئِلَ عَنْ وَلَدِ الزِّنَا فَقَالَ ‏ \"‏ نَعْلاَنِ أُجَاهِدُ فِيهِمَا خَيْرٌ مِنْ أَنْ أُعْتِقَ وَلَدَ الزِّنَا ‏\"‏ ‏.‏",
        "ar_diacless": "حدثنا أبو بكر بن أبي شيبة، حدثنا الفضل بن دكين، حدثنا إسرائيل، عن زيد بن جبير، عن أبي يزيد الضني، عن ميمونة بنت سعد، - مولاة النبي صلى الله عليه وسلم - أن رسول الله صلى الله عليه وسلم سئل عن ولد الزنا فقال ‏ \"‏ نعلان أجاهد فيهما خير من أن أعتق ولد الزنا ‏\"‏ ‏.‏",
        "note": "[২৫৩১] আহমাদ ২৭০৭৭, যইফাহ ৪৬৯১। তাহকীক আলবানীঃ যইফ। উক্ত হাদিসের রাবী আবু ইয়াযীদ আদ-দব্বী সম্পর্কে ইমাম বুখারী বলেন, তিনি অপরিচিত। ইমাম দারাকুতনী বলেন, তিনি পরিচিত নন। ইবনু মাকুলা বলেন, তিনি হাদিস বর্ণনায় মুনকার। ইবনু হাজার আল-আসকালানী বলেন, তিনি মাজহুল বা অপরিচিত। ইমাম বুখারী বলেন, তিনি একজন অপরিচিত ব্যাক্তি। (তাহযীবুল কামালঃ রাবী নং ৭৭০৫, ৩৪/৪০৮ নং পৃষ্ঠা)",
        "grade_id": 4,
        "grade": "দুর্বল হাদিস",
        "grade_color": "#F85B24"
      }
    ]
  },
  {
    "id": 7671,
    "book_id": 6,
    "book_name": "ibn-majah",
    "chapter_id": 19,
    "section_id": 10,
    "title": "কোন ব্যক্তি তার দাস-দাসী দম্পতিকে আযাদ করতে চাইলে, প্রথমে যেন পুরুষ লোকটিকে আযাদ করে",
    "preface": "",
    "number": "১৩/১০৩. অধ্যায়ঃ",
    "sort_order": 103,
    "hadiths": [
      {
        "id": 20487,
        "book_id": 6,
        "book_name": "সুনানে ইবনে মাজাহ",
        "chapter_id": 19,
        "section_id": 10,
        "hadith_key": "সুনানে ইবনে মাজাহ: ২৫৩২",
        "hadith_id": 2532,
        "narrator": "আয়িশাহ (রাঃ)",
        "bn": "তার একজোড়া দাস-দাসী দম্পতি ছিল। তিনি বলেন, ইয়া রাসূলুল্লাহ ! আমি এদের দু’জনকেই আযাদ করতে চাই। রাসূলুল্লাহ (সাল্লালাহু ‘আলাইহি ওয়া সাল্লাম) বলেনঃ তুমি ওদের উভয়কে আযাদ করতে চাইলে স্ত্রী লোকটির পূর্বে পুরুষ লোকটিকে আযাদ করো। [২৫৩২]",
        "ar": "حَدَّثَنَا مُحَمَّدُ بْنُ بَشَّارٍ، حَدَّثَنَا حَمَّادُ بْنُ مَسْعَدَةَ، ح وَحَدَّثَنَا مُحَمَّدُ بْنُ خَلَفٍ الْعَسْقَلاَنِيُّ، وَإِسْحَاقُ بْنُ مَنْصُورٍ، قَالاَ حَدَّثَنَا عُبَيْدُ اللَّهِ بْنُ عَبْدِ الْمَجِيدِ، حَدَّثَنَا عُبَيْدُ اللَّهِ بْنُ عَبْدِ الرَّحْمَنِ بْنِ عَبْدِ اللَّهِ بْنِ مَوْهَبٍ، عَنِ الْقَاسِمِ بْنِ مُحَمَّدٍ، عَنْ عَائِشَةَ، أَنَّهَا كَانَ لَهَا غُلاَمٌ وَجَارِيَةٌ زَوْجٌ فَقَالَتْ يَا رَسُولَ اللَّهِ إِنِّي أُرِيدُ أَنْ أُعْتِقَهُمَا ‏.‏ فَقَالَ رَسُولُ اللَّهِ صلى الله عليه وسلم ‏ \"‏ إِنْ أَعْتَقْتِهِمَا فَابْدَئِي بِالرَّجُلِ قَبْلَ الْمَرْأَةِ ‏\"‏ ‏.‏",
        "ar_diacless": "حدثنا محمد بن بشار، حدثنا حماد بن مسعدة، ح وحدثنا محمد بن خلف العسقلاني، وإسحاق بن منصور، قالا حدثنا عبيد الله بن عبد المجيد، حدثنا عبيد الله بن عبد الرحمن بن عبد الله بن موهب، عن القاسم بن محمد، عن عائشة، أنها كان لها غلام وجارية زوج فقالت يا رسول الله إني أريد أن أعتقهما ‏.‏ فقال رسول الله صلى الله عليه وسلم ‏ \"‏ إن أعتقتهما فابدئي بالرجل قبل المرأة ‏\"‏ ‏.‏",
        "note": "[২৫৩২] আবূ দাউদ ২২৩৭, যইফ আবু দাউদ ৩৮৬। তাহকীক আলবানীঃ যইফ। উক্ত হাদিসের রাবী উবায়দুল্লাহ বিন আব্দুর রহমান বিন মাওহাব সম্পর্কে আবুল ফারাজ ইবনুল জাওজী বলেন, তিনি সিকাহ। আবু যুরআহ আর-রাযী বলেন, তিনি দুর্বল। আহমাদ বিন শু'আয়ব আন-নাসায়ী ও ইবনু হাজার আল-আসকালানী বলেন, তিনি নির্ভরযোগ্য নয়। ইয়াকুব বিন শায়বাহ বলেন, তার মাঝে দুর্বলতা রয়েছে। (তাহযীবুল কামালঃ রাবী নং ৩৬৫৮, ১৯/৮৪ নং পৃষ্ঠা)",
        "grade_id": 4,
        "grade": "দুর্বল হাদিস",
        "grade_color": "#F85B24"
      }
    ]
  },
  {
    "id": 7662,
    "book_id": 6,
    "book_name": "ibn-majah",
    "chapter_id": 19,
    "section_id": 1,
    "title": "মুদাব্বার (প্রতিশ্রুতিপ্রাপ্ত দাস) সম্পর্কে।",
    "preface": "",
    "number": "১৩/৯৪. অধ্যায়ঃ",
    "sort_order": 94,
    "hadiths": [
      {
        "id": 20468,
        "book_id": 6,
        "book_name": "সুনানে ইবনে মাজাহ",
        "chapter_id": 19,
        "section_id": 1,
        "hadith_key": "সুনানে ইবনে মাজাহ: ২৫১২",
        "hadith_id": 2512,
        "narrator": "জাবির (রাঃ)",
        "bn": "রাসুলুল্লাহ (সাল্লাল্লাহু ‘আলাইহি ওয়া সাল্লাম) মুদাব্বার গোলাম বিক্রয় করেছেন। [২৫১২]",
        "ar": "حَدَّثَنَا مُحَمَّدُ بْنُ عَبْدِ اللَّهِ بْنِ نُمَيْرٍ، وَعَلِيُّ بْنُ مُحَمَّدٍ، قَالاَ حَدَّثَنَا وَكِيعٌ، حَدَّثَنَا إِسْمَاعِيلُ بْنُ أَبِي خَالِدٍ، عَنْ سَلَمَةَ بْنِ كُهَيْلٍ، عَنْ عَطَاءٍ، عَنْ جَابِرٍ، أَنَّ رَسُولَ اللَّهِ ذصلى الله عليه وسلم بَاعَ الْمُدَبَّرَ ‏.‏",
        "ar_diacless": "حدثنا محمد بن عبد الله بن نمير، وعلي بن محمد، قالا حدثنا وكيع، حدثنا إسماعيل بن أبي خالد، عن سلمة بن كهيل، عن عطاء، عن جابر، أن رسول الله ذصلى الله عليه وسلم باع المدبر ‏.‏",
        "note": "[২৫১২] ইবনু মাজাহ, ২৫১৩, সহীহুল বুখারী ২১৪১, ২২৩১, ২৪০৪, ২৪১৫, ২৪২৭, ৬৭১৬, ৬৯৪৭, ৭১৮৬, মুসলিম ৯৯৭, তিরমিযী ১২১৯, নাসায়ী ৪৬৫২, ৪৬৫৩, ৪৬৫৪, ৫৪১৮, আবূ দাউদ ৩৯৫৫, ৩৯৫৭, আহমাদ ১৩৭১৯, দারেমী ২৫৭৩, ইরওয়া ১২৮৮, রাএদুন নাদীর ২০৩। তাহকীক আলবানীঃ সহীহ।",
        "grade_id": 2,
        "grade": "সহিহ হাদিস",
        "grade_color": "#46B891"
      },
      {
        "id": 20469,
        "book_id": 6,
        "book_name": "সুনানে ইবনে মাজাহ",
        "chapter_id": 19,
        "section_id": 1,
        "hadith_key": "সুনানে ইবনে মাজাহ: ২৫১৩",
        "hadith_id": 2513,
        "narrator": "জাবির বিন আবদুল্লাহ (রাঃ)",
        "bn": "আমাদের মধ্যকার এক ব্যক্তি একটি দাসকে মুদাব্বার বানালো। এ দাসটি ছাড়া তার আর কোনো সম্পত্তি ছিলো না। নবী (সাল্লাল্লাহু ‘আলাইহি ওয়া সাল্লাম) তা বিক্রয় করেন এবং আদী গোত্রের ইবনু নাহ্হাম তা কিনে নেন। [২৫১৩]",
        "ar": "حَدَّثَنَا هِشَامُ بْنُ عَمَّارٍ، حَدَّثَنَا سُفْيَانُ بْنُ عُيَيْنَةَ، عَنْ عَمْرِو بْنِ دِينَارٍ، عَنْ جَابِرِ بْنِ عَبْدِ اللَّهِ، قَالَ دَبَّرَ رَجُلٌ مِنَّا غُلاَمًا وَلَمْ يَكُنْ لَهُ مَالٌ غَيْرُهُ فَبَاعَهُ النَّبِيُّ صلى الله عليه وسلم فَاشْتَرَاهُ ابْنُ النَّحَّامِ رَجُلٌ مِنْ بَنِي عَدِيٍّ ‏.‏",
        "ar_diacless": "حدثنا هشام بن عمار، حدثنا سفيان بن عيينة، عن عمرو بن دينار، عن جابر بن عبد الله، قال دبر رجل منا غلاما ولم يكن له مال غيره فباعه النبي صلى الله عليه وسلم فاشتراه ابن النحام رجل من بني عدي ‏.‏",
        "note": "[২৫১৩] ইবনু মাজাহ, ২৫১২, সহীহুল বুখারী ২১৪১, ২২৩১, ২৪০৪, ২৪১৫, ২৪২৭, ৬৭১৬, ৬৯৪৭, ৭১৮৬, মুসলিম ৯৯৭, তিরমিযী ১২১৯, নাসায়ী ৪৬৫২, ৪৬৫৩, ৪৬৫৪, ৫৪১৮, আবূ দাউদ ৩৯৫৫, ৩৯৫৭, আহমাদ ১৩৭১৯, দারেমী ২৫৭৩। তাহকীক আলবানীঃ সহীহ।",
        "grade_id": 2,
        "grade": "সহিহ হাদিস",
        "grade_color": "#46B891"
      },
      {
        "id": 20470,
        "book_id": 6,
        "book_name": "সুনানে ইবনে মাজাহ",
        "chapter_id": 19,
        "section_id": 1,
        "hadith_key": "সুনানে ইবনে মাজাহ: ২৫১৪",
        "hadith_id": 2514,
        "narrator": "ইবনু উমার (রাঃ)",
        "bn": "নবী (সাল্লাল্লাহু ‘আলাইহি ওয়া সাল্লাম) বলেন, মুদাব্বার (মৃতের) সম্পদের এক–তৃতীয়াংশের অন্তর্ভুক্ত। ইমাম ইবনু মাজা (রহঃ) বলেন, আমি উছমান বিন আবূ শায়বা (রাঃ) কে বলতে শুনেছি যে, “মুদাব্বার মৃতের (সম্পদের) এক-তৃতীয়াংশের অন্তর্ভুক্ত” শীর্ষক হাদীসটি ভুল। আবূ আবদুল্লাহ ইবনু মাজা (রহঃ) বলেন, এ হাদীসের কোন ভিত্তি নেই। [২৫১৪]\n\nতাহকীক আলবানীঃ বানোয়াট।",
        "ar": "حَدَّثَنَا عُثْمَانُ بْنُ أَبِي شَيْبَةَ، حَدَّثَنَا عَلِيُّ بْنُ ظَبْيَانَ، عَنْ عُبَيْدِ اللَّهِ، عَنْ نَافِعٍ، عَنِ ابْنِ عُمَرَ، أَنَّ النَّبِيَّ صلى الله عليه وسلم قَالَ ‏\"‏ الْمُدَبَّرُ مِنَ الثُّلُثِ ‏\"‏ ‏.‏ قَالَ ابْنُ مَاجَهْ سَمِعْتُ عُثْمَانَ - يَعْنِي ابْنَ أَبِي شَيْبَةَ - يَقُولُ هَذَا خَطَأٌ يَعْنِي حَدِيثَ ‏\"‏ الْمُدَبَّرُ مِنَ الثُّلُثِ ‏\"‏ ‏.‏ قَالَ أَبُو عَبْدِ اللَّهِ لَيْسَ لَهُ أَصْلٌ ‏.‏",
        "ar_diacless": "حدثنا عثمان بن أبي شيبة، حدثنا علي بن ظبيان، عن عبيد الله، عن نافع، عن ابن عمر، أن النبي صلى الله عليه وسلم قال ‏\"‏ المدبر من الثلث ‏\"‏ ‏.‏ قال ابن ماجه سمعت عثمان - يعني ابن أبي شيبة - يقول هذا خطأ يعني حديث ‏\"‏ المدبر من الثلث ‏\"‏ ‏.‏ قال أبو عبد الله ليس له أصل ‏.‏",
        "note": "[২৫১৪] হাদিসটি ইমাম ইবনু মাজাহ এককভাবে বর্ণনা করেছেন। যইফাহ ১৬৪, যইফ আল-জামি' ৫৯১৮। তাহকীক আলবানীঃ বানোয়াট। উক্ত হাদিসের রাবী আলী বিন যাবইয়ান সম্পর্কে আবুল ফাতহ আল-আযদী বলেন, তিনি প্রত্যাখ্যানযোগ্য। আবু হাতিম আর-রাযী বলেন, তিনি মিথ্যার সাথে জড়িত। আবু যুরআহ আর-রাযী বলেন, তিনি হাদিস বর্ণনায় খুবই দুর্বল। ইবনু হাজার আল-আসকালানী ও ইমাম যাহাবী বলেন, তিনি দুর্বল। (তাহযীবুল কামালঃ রাবী নং ৪০৯২, ২০/ ৪৯৬ নং পৃষ্ঠা)",
        "grade_id": 5,
        "grade": "জাল হাদিস",
        "grade_color": "#F85B24"
      }
    ]
  },
  {
    "id": 7663,
    "book_id": 6,
    "book_name": "ibn-majah",
    "chapter_id": 19,
    "section_id": 2,
    "title": "উম্মু ওয়ালাদ সম্পর্কে",
    "preface": "",
    "number": "১৩/৯৫: অধ্যায়ঃ",
    "sort_order": 95,
    "hadiths": [
      {
        "id": 20471,
        "book_id": 6,
        "book_name": "সুনানে ইবনে মাজাহ",
        "chapter_id": 19,
        "section_id": 2,
        "hadith_key": "সুনানে ইবনে মাজাহ: ২৫১৫",
        "hadith_id": 2515,
        "narrator": "ইবনু আব্বাস (রা:)",
        "bn": "রাসূলুল্লাহ (সাল্লাল্লাহু ‘আলাইহি ওয়া সাল্লাম) বলেছেনঃ কোন ব্যক্তির ঔরসে তার বাঁদীর গর্ভে সন্তান হলে, সে বাঁদী তার (মালিকের) মৃত্যুর পর স্বয়ং দাসত্বমুক্ত হয়ে যাবে। [২৫১৫]",
        "ar": "حَدَّثَنَا عَلِيُّ بْنُ مُحَمَّدٍ، وَمُحَمَّدُ بْنُ إِسْمَاعِيلَ، قَالاَ حَدَّثَنَا وَكِيعٌ، حَدَّثَنَا شَرِيكٌ، عَنْ حُسَيْنِ بْنِ عَبْدِ اللَّهِ بْنِ عُبَيْدِ اللَّهِ بْنِ عَبَّاسٍ، عَنْ عِكْرِمَةَ، عَنِ ابْنِ عَبَّاسٍ، قَالَ قَالَ رَسُولُ اللَّهِ صلى الله عليه وسلم ‏ \"‏ أَيُّمَا رَجُلٍ وَلَدَتْ أَمَتُهُ مِنْهُ فَهِيَ مُعْتَقَةٌ عَنْ دُبُرٍ مِنْهُ ‏\"‏ ‏.‏",
        "ar_diacless": "حدثنا علي بن محمد، ومحمد بن إسماعيل، قالا حدثنا وكيع، حدثنا شريك، عن حسين بن عبد الله بن عبيد الله بن عباس، عن عكرمة، عن ابن عباس، قال قال رسول الله صلى الله عليه وسلم ‏ \"‏ أيما رجل ولدت أمته منه فهي معتقة عن دبر منه ‏\"‏ ‏.‏",
        "note": "[২৫১৫] আহমাদ ২৯৩১, দারেমী ২৫৭৪, ইরওয়া ১৭৭১। তাহকীক আলবানীঃ যইফ। উক্ত হাদিসের রাবী হুসায়ন বিন আবদুল্লাহ বিন উবায়দুল্লাহ বিন আব্বাস সম্পর্কে আবু আহমাদ আল-হাকিম বলেন, তিনি আহলে ইলমের নিকট নির্ভরযোগ্য নয়। আবু বাকর আল-বায়হাকী বলেন, তিনি দুর্বল। আবু হাতিম আর-রাযী বলেন, তার থেকে হাদিস গ্রহন করা যায় তবে তা দলীল হিসেবে গ্রহণযোগ্য নয়, তিনি দুর্বল। আহমাদ বিন হাম্বল তার হাদিস বর্জন করেছেন। ইবনু হাজার আল-আসকালানী বলেন, তিনি দুর্বল। (তাহযীবুল কামালঃ রাবী নং ১৩১৫, ৬/৩৮৩ নং পৃষ্ঠা)",
        "grade_id": 4,
        "grade": "দুর্বল হাদিস",
        "grade_color": "#F85B24"
      },
      {
        "id": 20472,
        "book_id": 6,
        "book_name": "সুনানে ইবনে মাজাহ",
        "chapter_id": 19,
        "section_id": 2,
        "hadith_key": "সুনানে ইবনে মাজাহ: ২৫১৬",
        "hadith_id": 2516,
        "narrator": "ইবনু আব্বাস (রাঃ)",
        "bn": "রাসূলুল্লাহ (সাল্লাল্লাহু ‘আলাইহি ওয়া সাল্লাম) এর নিকট (তাঁর পুত্র) ইবরাহীমের মা (মারিয়া কিবতিয়া) ’র কথা উত্থাপিত হলে তিনি বলেনঃ তাঁর সন্তান তাকে দাসত্বমুক্ত করেছে। [২৫১৬]",
        "ar": "حَدَّثَنَا أَحْمَدُ بْنُ يُوسُفَ، حَدَّثَنَا أَبُو عَاصِمٍ، حَدَّثَنَا أَبُو بَكْرٍ يَعْنِي النَّهْشَلِيَّ، عَنِ الْحُسَيْنِ بْنِ عَبْدِ اللَّهِ، عَنْ عِكْرِمَةَ، عَنِ ابْنِ عَبَّاسٍ، قَالَ ذُكِرَتْ أُمُّ إِبْرَاهِيمَ عِنْدَ رَسُولِ اللَّهِ صلى الله عليه وسلم ‏.‏ فَقَالَ ‏ \"‏ أَعْتَقَهَا وَلَدُهَا ‏\"‏ ‏.‏",
        "ar_diacless": "حدثنا أحمد بن يوسف، حدثنا أبو عاصم، حدثنا أبو بكر يعني النهشلي، عن الحسين بن عبد الله، عن عكرمة، عن ابن عباس، قال ذكرت أم إبراهيم عند رسول الله صلى الله عليه وسلم ‏.‏ فقال ‏ \"‏ أعتقها ولدها ‏\"‏ ‏.‏",
        "note": "[২৫১৬] হাদিসটি ইমাম ইবনু মাজাহ এককভাবে বর্ণনা করেছেন। ইরওয়া ১৭৭২। তাহকীক আলবানীঃ যইফ। উক্ত হাদিসের রাবী আবু বাকর আল-নাহশালী সম্পর্কে আহমাদ বিন হাম্বল ও আহমাদ বিন সালিহ আল-জায়লী বলেন, তিনি সিকাহ। আবু হাতিম আর-রাযী বলেন, তিনি সালিহ তার থেকে হাদিস গ্রহন করা যায়। ইবনু হাজার আল-আসকালানী বলেন, তিনি সত্যবাদী তবে মুরজিয়া মতাবলম্বী। (তাহযীবুল কামালঃ রাবী নং ৭২৬৭, ৩৩/১৫৬ নং পৃষ্ঠা) ২. হুসায়ন বিন আবদুল্লাহ সম্পর্কে আবু আহমাদ আল-হাকিম বলেন, তিনি আহলে ইলমের নিকট নির্ভরযোগ্য নয়। আবু বাকর আল-বায়হাকী বলেন, তিনি দুর্বল। আবু হাতিম আর-রাযী বলেন, তার থেকে হাদিস গ্রহন করা যায় তবে তা দলীল হিসেবে গ্রহণযোগ্য নয়, তিনি দুর্বল। আহমাদ বিন হাম্বল তার হাদিস বর্জন করেছেন। ইবনু হাজার আল-আসকালানী বলেন, তিনি দুর্বল। (তাহযীবুল কামালঃ রাবী নং ১৩১৫, ৬/৩৮৩ নং পৃষ্ঠা)",
        "grade_id": 4,
        "grade": "দুর্বল হাদিস",
        "grade_color": "#F85B24"
      },
      {
        "id": 20473,
        "book_id": 6,
        "book_name": "সুনানে ইবনে মাজাহ",
        "chapter_id": 19,
        "section_id": 2,
        "hadith_key": "সুনানে ইবনে মাজাহ: ২৫১৭",
        "hadith_id": 2517,
        "narrator": "জাবির বিন আবদুল্লাহ (রাঃ)",
        "bn": "নবী (সাল্লাল্লাহু ‘আলাইহি ওয়া সাল্লাম) আমাদের মাঝে জীবিত থাকা অবস্থায় আমরা আমাদের যুদ্ধবন্দিনী ক্রীতদাসী ও উম্মু ওয়ালাদ বিক্রয় করতাম। আমরা এটিকে দুষণীয় মনে করতাম না। [২৫১৭]",
        "ar": "حَدَّثَنَا مُحَمَّدُ بْنُ يَحْيَى، وَإِسْحَاقُ بْنُ مَنْصُورٍ، قَالاَ حَدَّثَنَا عَبْدُ الرَّزَّاقِ، عَنِ ابْنِ جُرَيْجٍ، أَخْبَرَنِي أَبُو الزُّبَيْرِ، أَنَّهُ سَمِعَ جَابِرَ بْنَ عَبْدِ اللَّهِ، يَقُولُ كُنَّا نَبِيعُ سَرَارِينَا وَأُمَّهَاتِ أَوْلاَدِنَا وَالنَّبِيُّ صلى الله عليه وسلم فِينَا حَىٌّ لاَ نَرَى بِذَلِكَ بَأْسًا ‏.‏",
        "ar_diacless": "حدثنا محمد بن يحيى، وإسحاق بن منصور، قالا حدثنا عبد الرزاق، عن ابن جريج، أخبرني أبو الزبير، أنه سمع جابر بن عبد الله، يقول كنا نبيع سرارينا وأمهات أولادنا والنبي صلى الله عليه وسلم فينا حى لا نرى بذلك بأسا ‏.‏",
        "note": "[২৫১৭] আবূ দাউদ ৩৯৫৪। সহীহাহ ২৪১৭। তাহকীক আলবানীঃ সহীহ।",
        "grade_id": 2,
        "grade": "সহিহ হাদিস",
        "grade_color": "#46B891"
      }
    ]
  },
  {
    "id": 7664,
    "book_id": 6,
    "book_name": "ibn-majah",
    "chapter_id": 19,
    "section_id": 3,
    "title": "মুকাতাব (চুক্তিবদ্ধ দাস) সম্পর্কে।",
    "preface": "",
    "number": "১৩/৯৬. অধ্যায়ঃ",
    "sort_order": 96,
    "hadiths": [
      {
        "id": 20474,
        "book_id": 6,
        "book_name": "সুনানে ইবনে মাজাহ",
        "chapter_id": 19,
        "section_id": 3,
        "hadith_key": "সুনানে ইবনে মাজাহ: ২৫১৮",
        "hadith_id": 2518,
        "narrator": "আবূ হুরায়রা (রাঃ)",
        "bn": "রাসূলুল্লাহ (সাল্লাল্লাহু ‘আলাইহি ওয়া সাল্লাম) বলেছেনঃ তিন শ্রেনীর লোকের প্রত্যেককে সাহায্য করা আল্লাহর কর্তব্য (যদিও কোন কাজ তার জন্য বাধ্যতামূলক নয়) : আল্লাহর রাস্তায় জিহাদকারী, মুকাতাব চুক্তিবদ্ধ দাস যে তার চুক্তিকৃত অর্থ পরিশোধ করতে সংকল্পবদ্ধ এবং যে বিবাহকারী পূত-পবিত্র থাকতে ইচ্ছুক। [২৫১৮]",
        "ar": "حَدَّثَنَا أَبُو بَكْرِ بْنُ أَبِي شَيْبَةَ وَعَبْدُ اللهِ بْنُ سَعِيدٍ قَالَا حَدَّثَنَا أَبُو خَالِدٍ الْأَحْمَرُ عَنْ ابْنِ عَجْلَانَ عَنْ سَعِيدِ بْنِ أَبِي سَعِيدٍ عَنْ أَبِي هُرَيْرَةَ قَالَ قَالَ رَسُولُ اللهِ صلى الله عليه وسلم ثَلَاثَةٌ كُلُّهُمْ حَقٌّ عَلَى اللهِ عَوْنُهُ الْغَازِي فِي سَبِيلِ اللهِ وَالْمُكَاتَبُ الَّذِي يُرِيدُ الْأَدَاءَ وَالنَّاكِحُ الَّذِي يُرِيدُ التَّعَفُّفَ",
        "ar_diacless": "حدثنا أبو بكر بن أبي شيبة وعبد الله بن سعيد قالا حدثنا أبو خالد الأحمر عن ابن عجلان عن سعيد بن أبي سعيد عن أبي هريرة قال قال رسول الله صلى الله عليه وسلم ثلاثة كلهم حق على الله عونه الغازي في سبيل الله والمكاتب الذي يريد الأداء والناكح الذي يريد التعفف",
        "note": "[২৫১৮] তিরমিযী ১৬৫৫, আহমাদ ৭৩৬৮, গায়াতুল মারাম ২১০, মিশকাত ৩০৮৯। তাহকীক আলবানীঃ হাসান। উক্ত হাদিসের রাবী আবু খালিদ আল আহমার সম্পর্কে ইয়াহইয়া বিন মাঈন বলেন, তিনি সত্যবাদী কিন্তু তার হাদিস দলীলযোগ্য নয়। আলী ইবনুল মাদীনী বলেন, তিনি সিকাহ। আবু হাতিম আর-রাযী বলেন, তিনি সত্যবাদী। ইমাম নাসাঈ বলেন, কোন সমস্যা নেই। ইবনু আদী বলেন, তিনি হাদিস বর্ণনায় সালেহ কিন্তু হাদিস বর্ণনায় সংমিশ্রণ ও ভুল করেন। (তাহযীবুল কামালঃ রাবী নং ২৫০৪, ১১/৩৯৪ নং পৃষ্ঠা)",
        "grade_id": 3,
        "grade": "হাসান হাদিস",
        "grade_color": "#46B891"
      },
      {
        "id": 20475,
        "book_id": 6,
        "book_name": "সুনানে ইবনে মাজাহ",
        "chapter_id": 19,
        "section_id": 3,
        "hadith_key": "সুনানে ইবনে মাজাহ: ২৫১৯",
        "hadith_id": 2519,
        "narrator": "আবদুল্লাহ বিন আমর ইবনুল আস (রাঃ)",
        "bn": "রাসূলুল্লাহ (সাল্লাল্লাহু ‘আলাইহি ওয়া সাল্লাম) বলেছেনঃ যে গোলাম এক শত উকিয়ার বিনিময়ে মুক্তিলাভ করতে চুক্তিবদ্ধ, দশ উকিয়া ব্যতিত বাকিটা পরিশোধ করতে পারলে সে আযাদ। [২৫১৯]",
        "ar": "حَدَّثَنَا أَبُو كُرَيْبٍ، حَدَّثَنَا عَبْدُ اللَّهِ بْنُ نُمَيْرٍ، وَمُحَمَّدُ بْنُ فُضَيْلٍ، عَنْ حَجَّاجٍ، عَنْ عَمْرِو بْنِ شُعَيْبٍ، عَنْ أَبِيهِ، عَنْ جَدِّهِ، قَالَ قَالَ رَسُولُ اللَّهِ صلى الله عليه وسلم ‏ \"‏ أَيُّمَا عَبْدٍ كُوتِبَ عَلَى مِائَةِ أُوقِيَّةٍ فَأَدَّاهَا إِلاَّ عَشْرَ أُوقِيَّاتٍ فَهُوَ رَقِيقٌ ‏\"‏ ‏.‏",
        "ar_diacless": "حدثنا أبو كريب، حدثنا عبد الله بن نمير، ومحمد بن فضيل، عن حجاج، عن عمرو بن شعيب، عن أبيه، عن جده، قال قال رسول الله صلى الله عليه وسلم ‏ \"‏ أيما عبد كوتب على مائة أوقية فأداها إلا عشر أوقيات فهو رقيق ‏\"‏ ‏.‏",
        "note": "[২৫১৯] তিরমিযী ১২৬০, আবূ দাউদ ৩৯২৬, ৩৯২৭, আহমাদ ৬৬২৮, ৬৬৮৭, ৬৮৮৪, ৬৯১০, ইরওয়া ১৬৭৪, মিশকাত ৩০৮৯। তাহকীক আলবানীঃ হাসান। উক্ত হাদিসের রাবী ১. মুহাম্মাদ বিন ফুদায়ল সম্পর্কে ইবনু মাঈন তাকে সিকাহ বলেছেন। আবু যুরআহ আর-রাযী বলেন, তিনি সত্যবাদী। ইমাম নাসাঈ বলেন, কোন সমস্যা নেই। আহমাদ বিন হাম্বল বলেন, তিনি শীয়া মতাবলম্বী। (তাহযীবুল কামালঃ রাবী নং ৫৫৪৮, ২৬/২৯৩ নং পৃষ্ঠা) ২. হাজ্জাজ বিন আরতা সম্পর্কে আবু আহমাদ আল-হাকিম বলেন, তিনি আহলে ইলমের নিকট নির্ভরযোগ্য নয়। আবু বকর আল বায়হাকী বলেন, তার হাদিস দ্বারা দলীল গ্রহনযোগ্য নয়, অন্যত্র তিনি তাকে দুর্বল বলেছেন। আবু যুরআহ আর-রাযী বলেন, তিনি সত্যবাদী তবে হাদিস বর্ণনায় তাদলীস করেন। মুহাম্মাদ বিন সা'দ তাকে দুর্বল বলেছেন। আহমাদ বিন শু'আয়ব আন-নাসায়ী বলেন, তিনি দুর্বল তার হাদিস দ্বারা দলীল গ্রহনযোগ্য নয়। (তাহযীবুল কামালঃ রাবী নং ১১১২, ৫/৪২০ নং পৃষ্ঠা)",
        "grade_id": 3,
        "grade": "হাসান হাদিস",
        "grade_color": "#46B891"
      },
      {
        "id": 20476,
        "book_id": 6,
        "book_name": "সুনানে ইবনে মাজাহ",
        "chapter_id": 19,
        "section_id": 3,
        "hadith_key": "সুনানে ইবনে মাজাহ: ২৫২০",
        "hadith_id": 2520,
        "narrator": "উম্মু সালামাহ (রাঃ)",
        "bn": "নবী (সাল্লাল্লাহু ‘আলাইহি ওয়া সাল্লাম) বলেছেনঃ তোমাদের (মহিলাদের) মালিকানায় কারো মুকতাব দাস থাকলে এবং তার নিকট চুক্তিকৃত অর্থের সম-পরিমান সম্পদ থাকলে তার থেকে তোমাদের পর্দা করা উচিত। [২৫২০]",
        "ar": "حَدَّثَنَا أَبُو بَكْرِ بْنُ أَبِي شَيْبَةَ، حَدَّثَنَا سُفْيَانُ بْنُ عُيَيْنَةَ، عَنِ الزُّهْرِيِّ، عَنْ نَبْهَانَ، - مَوْلَى أُمِّ سَلَمَةَ - عَنْ أُمِّ سَلَمَةَ، أَنَّهَا أَخْبَرَتْ عَنِ النَّبِيِّ صلى الله عليه وسلم أَنَّهُ قَالَ ‏ \"‏ إِذَا كَانَ لإِحْدَاكُنَّ مُكَاتَبٌ وَكَانَ عِنْدَهُ مَا يُؤَدِّي فَلْتَحْتَجِبْ مِنْهُ ‏\"‏ ‏.‏",
        "ar_diacless": "حدثنا أبو بكر بن أبي شيبة، حدثنا سفيان بن عيينة، عن الزهري، عن نبهان، - مولى أم سلمة - عن أم سلمة، أنها أخبرت عن النبي صلى الله عليه وسلم أنه قال ‏ \"‏ إذا كان لإحداكن مكاتب وكان عنده ما يؤدي فلتحتجب منه ‏\"‏ ‏.‏",
        "note": "[২৫২০] তিরমিযী ১২৬১, আবূ দাউদ ৩৯২৮, আহমাদ ২৫৯২৮, আহমাদ ২৫৯৩৪, ২৬০৮৯, ২৬১১৬, ইরওয়া ১৭৬৯, মিশকাত ৩৪০০। তাহকীক আলবানীঃ যইফ।",
        "grade_id": 4,
        "grade": "দুর্বল হাদিস",
        "grade_color": "#F85B24"
      },
      {
        "id": 20477,
        "book_id": 6,
        "book_name": "সুনানে ইবনে মাজাহ",
        "chapter_id": 19,
        "section_id": 3,
        "hadith_key": "সুনানে ইবনে মাজাহ: ২৫২১",
        "hadith_id": 2521,
        "narrator": "নবী (সাল্লাল্লাহু ‘আলাইহি ওয়া সাল্লাম) এর স্ত্রী আয়িশাহ (রাঃ)",
        "bn": "বারীরা (রাঃ) তার নিকট এলেন, তিনি ছিলেন মুকাতাবা। তিনি তার মালিকের সাথে নয় উকিয়া পরিশোধে চুক্তিবদ্ধ হয়েছিলেন। আয়িশাহ (রাঃ) তাকে বলেন, তোমার মালিক চাইলে আমি এককালীন তাদেরকে তা পরিশোধ করে দিতে পারি এই শর্তে যে, ওয়ালার মালিক হবো আমি। রাবী বলেন, বারীরা তার মালিকের নিকট এসে একথা জানালে তারা এতে অসম্মতি জানায় এবং ওয়ালার মালিকানা তাদের থাকার শর্ত আরোপ করে। আয়িশাহ (রাঃ) বিষয়টি নবী (সাল্লাল্লাহু ‘আলাইহি ওয়া সাল্লাম)  এর নিকট উল্লেখ করলে তিনি বলেনঃ তুমি তাকে ক্রয় করো। রাবী বলেন, অতঃপর রাসূলুল্লাহ (সাল্লাল্লাহু ‘আলাইহি ওয়া সাল্লাম) লোকদের উদ্দেশে দাঁড়িয়ে খুতবা দিলেন। তিনি প্রথমে আল্লাহর প্রশংসা ও গুনগান করেন, তারপর বলেনঃ লোকদের কী হলো যে, তারা এমন সব শর্ত আরোপ করে, যা আল্লাহর কিতাবে নাই। যেসব শর্ত আল্লাহর কিতাবে নাই তা বাতিল, যদিও তা সংখ্যায় একশত হয়। আল্লাহর কিতাবই যথার্থ এবং আল্লাহর শর্তই অধিক মজবুত। ওয়ালার মালিক হবে আযাদকারী। [২৫২১]",
        "ar": "حَدَّثَنَا أَبُو بَكْرِ بْنُ أَبِي شَيْبَةَ، وَعَلِيُّ بْنُ مُحَمَّدٍ، قَالاَ حَدَّثَنَا وَكِيعٌ، عَنْ هِشَامِ بْنِ عُرْوَةَ، عَنْ أَبِيهِ، عَنْ عَائِشَةَ، زَوْجِ النَّبِيِّ صلى الله عليه وسلم أَنَّ بَرِيرَةَ أَتَتْهَا وَهِيَ مُكَاتَبَةٌ قَدْ كَاتَبَهَا أَهْلُهَا عَلَى تِسْعِ أَوَاقٍ فَقَالَتْ لَهَا إِنْ شَاءَ أَهْلُكِ عَدَدْتُ لَهُمْ عَدَّةً وَاحِدَةً وَكَانَ الْوَلاَءُ لِي قَالَ فَأَتَتْ أَهْلَهَا فَذَكَرَتْ ذَلِكَ لَهُمْ فَأَبَوْا إِلاَّ أَنْ تَشْتَرِطَ الْوَلاَءَ لَهُمْ فَذَكَرَتْ عَائِشَةُ ذَلِكَ لِلنَّبِيِّ صلى الله عليه وسلم فَقَالَ ‏\"‏ افْعَلِي ‏\"‏ ‏.‏ قَالَتْ فَقَامَ النَّبِيُّ صلى الله عليه وسلم فَخَطَبَ النَّاسَ فَحَمِدَ اللَّهَ وَأَثْنَى عَلَيْهِ ثُمَّ قَالَ ‏\"‏ مَا بَالُ رِجَالٍ يَشْتَرِطُونَ شُرُوطًا لَيْسَتْ فِي كِتَابِ اللَّهِ كُلُّ شَرْطٍ لَيْسَ فِي كِتَابِ اللَّهِ فَهُوَ بَاطِلٌ وَإِنْ كَانَ مِائَةَ شَرْطٍ كِتَابُ اللَّهِ أَحَقُّ وَشَرْطُ اللَّهِ أَوْثَقُ وَالْوَلاَءُ لِمَنْ أَعْتَقَ ‏\"‏ ‏.‏",
        "ar_diacless": "حدثنا أبو بكر بن أبي شيبة، وعلي بن محمد، قالا حدثنا وكيع، عن هشام بن عروة، عن أبيه، عن عائشة، زوج النبي صلى الله عليه وسلم أن بريرة أتتها وهي مكاتبة قد كاتبها أهلها على تسع أواق فقالت لها إن شاء أهلك عددت لهم عدة واحدة وكان الولاء لي قال فأتت أهلها فذكرت ذلك لهم فأبوا إلا أن تشترط الولاء لهم فذكرت عائشة ذلك للنبي صلى الله عليه وسلم فقال ‏\"‏ افعلي ‏\"‏ ‏.‏ قالت فقام النبي صلى الله عليه وسلم فخطب الناس فحمد الله وأثنى عليه ثم قال ‏\"‏ ما بال رجال يشترطون شروطا ليست في كتاب الله كل شرط ليس في كتاب الله فهو باطل وإن كان مائة شرط كتاب الله أحق وشرط الله أوثق والولاء لمن أعتق ‏\"‏ ‏.‏",
        "note": "[২৫২১] ইবনু মাজাহ ২০৭৪, ২০৭৬, সহীহুল বুখারী ৪৫৬, ১৪৯৩, ২১৫৫, ২১৫৬, ২১৬৮, ২১৬৯, ২৫৩৬, ২৫৬১, ২৫৬৩, ২৫৬৪, ২৫৬৫, ২৫৭৮, ২৭১৭, ২৭২৬, ২৭২৯, ২৭৩৫, ৫০৯৭, ৫২৭৯, ৫২৮৪, ৫৪৩০, ৬৭১৭, ৬৭৫১, ৬৭৫৪, ৬৭৫৮, ৬৭৬০, মুসলিম ১০৭৫, ১৫০৪, তিরমিযী ১১৫৪, ১১৫৫, ১২৫৬, ২১২৪, ২১২৫, নাসায়ী ২৬১৪, ২৪৪৭, ২৪৪৮, ২৪৪৯, ২৪৫৪, ৪৬৪২, ৪৪৪৬, ৪৬৫৫, ৪৪৫৬,আবূ দাউদ ২২৩৩, ২২৩৬, ২৯১৬, ৩৯২৯, আহমাদ ২৩৫৩৩, ২৩৬৩০, ২৩৬৬৭, ২৪০০১, ২৪৩১৮, ২৪৩৭৫, ২৪৩৯৮, ২৪৫১০, ২৪৬৪৪, ২৪৭৫৬, ২৪৮৩৮, ২৪৮৬৫, ২৪৮৯৮, ২৪৯২৪, ২৪৯৪০, ২৫০০৬, ২৫০৩৬, ২৫০৫৭, ২৫১৯৮, ২৫২২৭, ২৫২৫৮, ২৫৭৮৫, ২৫৮০৩, মুয়াত্তা মালেক ১১৯২, ১৫১৯, দারেমী ২২৮৯, ইরওয়া ১৩০৮, রাওদুন নাদীর ৭৮৯। তাহকীক আলবানীঃ সহীহ।",
        "grade_id": 2,
        "grade": "সহিহ হাদিস",
        "grade_color": "#46B891"
      }
    ]
  },
  {
    "id": 7665,
    "book_id": 6,
    "book_name": "ibn-majah",
    "chapter_id": 19,
    "section_id": 4,
    "title": "দাসত্বমুক্তি",
    "preface": "",
    "number": "১৩/৯৭. অধ্যায়ঃ",
    "sort_order": 97,
    "hadiths": [
      {
        "id": 20479,
        "book_id": 6,
        "book_name": "সুনানে ইবনে মাজাহ",
        "chapter_id": 19,
        "section_id": 4,
        "hadith_key": "সুনানে ইবনে মাজাহ: ২৫২২",
        "hadith_id": 2522,
        "narrator": "কা’ব বিন মুররাহ (রাঃ)",
        "bn": "আমি কাব (রাঃ) কে বললাম, হে কাব বিন মুররাহ! আমাদের নিকট রাসূলুল্লাহ (সাল্লাল্লাহু ‘আলাইহি ওয়া সাল্লাম) এর হাদীস বর্ণনা করুন এবং সাবধানতা অবলম্বন করুন। তিনি বলেন আমি রাসূলুল্লাহ (সাল্লাল্লাহু ‘আলাইহি ওয়া সাল্লাম) কে বলতে শুনেছিঃ যে ব্যাক্তি একটি মুসলমান গোলাম আযাদ করলো, সে তার জন্য জাহান্নাম থেকে মুক্তি লাভের বিনিময় হবে। আজাদকৃত দাসের প্রতিটি হাড় তার হাড়ের প্রতিদান হবে। যে ব্যাক্তি দু’জন মুসলিম দাসীকে আযাদ করবে তারা তার জন্য জাহান্নাম থেকে মুক্তি লাভের বিনিময় হবে। তাদের দুটি হাড় তার একটি হাড়ের প্রতিদান হবে। [২৫২২]",
        "ar": "حَدَّثَنَا أَبُو كُرَيْبٍ، حَدَّثَنَا أَبُو مُعَاوِيَةَ، عَنِ الأَعْمَشِ، عَنْ عَمْرِو بْنِ مُرَّةَ، عَنْ سَالِمِ بْنِ أَبِي الْجَعْدِ، عَنْ شُرَحْبِيلَ بْنِ السِّمْطِ، قَالَ قُلْتُ لِكَعْبٍ يَا كَعْبَ بْنَ مُرَّةَ حَدِّثْنَا عَنْ رَسُولِ اللَّهِ صلى الله عليه وسلم وَاحْذَرْ ‏.‏ قَالَ سَمِعْتُ رَسُولَ اللَّهِ صلى الله عليه وسلم يَقُولُ ‏ \"‏ مَنْ أَعْتَقَ امْرَأً مُسْلِمًا كَانَ فِكَاكَهُ مِنَ النَّارِ يُجْزِئُ بِكُلِّ عَظْمٍ مِنْهُ عَظْمٌ مِنْهُ وَمَنْ أَعْتَقَ امْرَأَتَيْنِ مُسْلِمَتَيْنِ كَانَتَا فِكَاكَهُ مِنَ النَّارِ يُجْزِئُ بِكُلِّ عَظْمَيْنِ مِنْهُمَا عَظْمٌ مِنْهُ ‏\"‏ ‏.‏",
        "ar_diacless": "حدثنا أبو كريب، حدثنا أبو معاوية، عن الأعمش، عن عمرو بن مرة، عن سالم بن أبي الجعد، عن شرحبيل بن السمط، قال قلت لكعب يا كعب بن مرة حدثنا عن رسول الله صلى الله عليه وسلم واحذر ‏.‏ قال سمعت رسول الله صلى الله عليه وسلم يقول ‏ \"‏ من أعتق امرأ مسلما كان فكاكه من النار يجزئ بكل عظم منه عظم منه ومن أعتق امرأتين مسلمتين كانتا فكاكه من النار يجزئ بكل عظمين منهما عظم منه ‏\"‏ ‏.‏",
        "note": "[২৫২২] আবূ দাউদ ৩৯৬৫, আহমাদ ১৭৫৯৭, ১৭৫৯৯, ১৮৪১৭, রাওদুন নাদীর ৩৫৩, সহীহাহ ২৬১১। তাহকীক আলবানীঃ সহীহ।",
        "grade_id": 2,
        "grade": "সহিহ হাদিস",
        "grade_color": "#46B891"
      },
      {
        "id": 20478,
        "book_id": 6,
        "book_name": "সুনানে ইবনে মাজাহ",
        "chapter_id": 19,
        "section_id": 4,
        "hadith_key": "সুনানে ইবনে মাজাহ: ২৫২৩",
        "hadith_id": 2523,
        "narrator": "আবূ যার (রাঃ)",
        "bn": "আমি বললাম, ইয়া রাসূলুল্লাহ (সাল্লাল্লাহু ‘আলাইহি ওয়া সাল্লাম) ! কোন গোলাম আযাদ করা অধিক উত্তম? তিনি বলেনঃ যে গোলাম তার মনিবের বেশী পছন্দনীয় এবং বেশী মূল্যবান। [২৫২৩]",
        "ar": "حَدَّثَنَا أَحْمَدُ بْنُ سِنَانٍ حَدَّثَنَا أَبُو مُعَاوِيَةَ حَدَّثَنَا هِشَامُ بْنُ عُرْوَةَ عَنْ أَبِيهِ عَنْ أَبِي مُرَاوِحٍ عَنْ أَبِي ذَرٍّ قَالَ قُلْتُ يَا رَسُولَ اللهِ أَيُّ الرِّقَابِ أَفْضَلُ قَالَ «أَنْفَسُهَا عِنْدَ أَهْلِهَا وَأَغْلَاهَا ثَمَنًا",
        "ar_diacless": "حدثنا أحمد بن سنان حدثنا أبو معاوية حدثنا هشام بن عروة عن أبيه عن أبي مراوح عن أبي ذر قال قلت يا رسول الله أي الرقاب أفضل قال «أنفسها عند أهلها وأغلاها ثمنا",
        "note": "[২৫২৩] সহীহুল বুখারী ২৫১৮, মুসলিম ৮৪, নাসায়ী ৩১২৯, আহমাদ ২০৮২৪, ২০৯৩৮, ২০৯৮৯। তাহকীক আলবানীঃ সহীহ।",
        "grade_id": 2,
        "grade": "সহিহ হাদিস",
        "grade_color": "#46B891"
      }
    ]
  },
  {
    "id": 7666,
    "book_id": 6,
    "book_name": "ibn-majah",
    "chapter_id": 19,
    "section_id": 5,
    "title": "কেউ রক্ত সম্পর্কের বন্ধনযুক্ত গোলামের মালিক হলে সে স্বয়ং দাসত্বমুক্ত হয়ে যাবে।",
    "preface": "",
    "number": "১৩/৯৮. অধ্যায়ঃ",
    "sort_order": 98,
    "hadiths": [
      {
        "id": 20480,
        "book_id": 6,
        "book_name": "সুনানে ইবনে মাজাহ",
        "chapter_id": 19,
        "section_id": 5,
        "hadith_key": "সুনানে ইবনে মাজাহ: ২৫২৪",
        "hadith_id": 2524,
        "narrator": "সামুরাহ বিন জুনদুব (রাঃ)",
        "bn": "নবী (সাল্লাল্লাহু ‘আলাইহি ওয়া সাল্লাম) বলেছেনঃ কেউ নিজের সাথে রক্ত সম্পর্কযুক্ত দাসের মালিক হলে সে স্বয়ং আযাদ হয়ে যাবে। [২৫২৪]",
        "ar": "حَدَّثَنَا عُقْبَةُ بْنُ مُكْرَمٍ، وَإِسْحَاقُ بْنُ مَنْصُورٍ، قَالاَ حَدَّثَنَا مُحَمَّدُ بْنُ بَكْرٍ الْبُرْسَانِيُّ، عَنْ حَمَّادِ بْنِ سَلَمَةَ، عَنْ قَتَادَةَ، وَعَاصِمٍ، عَنِ الْحَسَنِ، عَنْ سَمُرَةَ بْنِ جُنْدُبٍ، عَنِ النَّبِيِّ صلى الله عليه وسلم قَالَ ‏ \"‏ مَنْ مَلَكَ ذَا رَحِمٍ مَحْرَمٍ فَهُوَ حُرٌّ ‏\"‏ ‏.‏",
        "ar_diacless": "حدثنا عقبة بن مكرم، وإسحاق بن منصور، قالا حدثنا محمد بن بكر البرساني، عن حماد بن سلمة، عن قتادة، وعاصم، عن الحسن، عن سمرة بن جندب، عن النبي صلى الله عليه وسلم قال ‏ \"‏ من ملك ذا رحم محرم فهو حر ‏\"‏ ‏.‏",
        "note": "[২৫২৪] তিরমিযী ২৩৬৫, আবূ দাউদ ৩৯৪৯, আহমাদ ১৯৬৫৪, ১৯৬৯৬, ১৯৭১৫, ইরওয়া ১৭৪৬। তাহকীক আলবানীঃ সহীহ।",
        "grade_id": 2,
        "grade": "সহিহ হাদিস",
        "grade_color": "#46B891"
      },
      {
        "id": 20481,
        "book_id": 6,
        "book_name": "সুনানে ইবনে মাজাহ",
        "chapter_id": 19,
        "section_id": 5,
        "hadith_key": "সুনানে ইবনে মাজাহ: ২৫২৫",
        "hadith_id": 2525,
        "narrator": "ইবনু উমার (রাঃ)",
        "bn": "রাসূলুল্লাহ (সাল্লাল্লাহু ‘আলাইহি ওয়া সাল্লাম) বলেছেনঃ কেউ নিজের সাথে রক্ত সম্পর্কযুক্ত দাসের মালিক হলে, সে আপনা আপনি আযাদ হয়ে যাবে। [২৫২৫]",
        "ar": "حَدَّثَنَا رَاشِدُ بْنُ سَعِيدٍ الرَّمْلِيُّ، وَعُبَيْدُ اللَّهِ بْنُ الْجَهْمِ الأَنْمَاطِيُّ، قَالاَ حَدَّثَنَا ضَمْرَةُ بْنُ رَبِيعَةَ، عَنْ سُفْيَانَ، عَنْ عَبْدِ اللَّهِ بْنِ دِينَارٍ، عَنِ ابْنِ عُمَرَ، قَالَ قَالَ رَسُولُ اللَّهِ صلى الله عليه وسلم ‏ \"‏ مَنْ مَلَكَ ذَا رَحِمٍ مَحْرَمٍ فَهُوَ حُرٌّ ‏\"‏ ‏.‏",
        "ar_diacless": "حدثنا راشد بن سعيد الرملي، وعبيد الله بن الجهم الأنماطي، قالا حدثنا ضمرة بن ربيعة، عن سفيان، عن عبد الله بن دينار، عن ابن عمر، قال قال رسول الله صلى الله عليه وسلم ‏ \"‏ من ملك ذا رحم محرم فهو حر ‏\"‏ ‏.‏",
        "note": "[২৫২৫] হাদিসটি ইমাম ইবনু মাজাহ এককভাবে বর্ণনা করেছেন। ইরওয়া ১৭৪৬। তাহকীক আলবানীঃ সহীহ। উক্ত হাদিসের রাবী দমরাহ বিন রাবীআহ সম্পর্কে আবু হাতিম আর-রাযী বলেন, তিনি সালিহ। আবু সাঈদ বিন ইউনুস আল-মিসরী বলেন, তিনি তাদের যুগে একজন ফকীহ ছিলেন, আহমাদ বিন শু'আয়ব আন-নাসায়ী ও আহমাদ বিন সালিহ আল-জায়লী বলেন, তিনি সিকাহ। ইবনু হাজার আল-আসকালানী বলেন, তিনি সত্যবাদী তবে হাদিস বর্ণনায় কিছু সন্দেহ করেন। যাকারিয়্যা বিন ইয়াহইয়া আস-সাজী বলেন, তিনি সত্যবাদী তবে হাদিস বর্ণনায় সন্দেহ করেন। (তাহযীবুল কামালঃ রাবী নং ২৯৩৮, ১৩/৩১৬ নং পৃষ্ঠা)",
        "grade_id": 2,
        "grade": "সহিহ হাদিস",
        "grade_color": "#46B891"
      }
    ]
  },
  {
    "id": 7667,
    "book_id": 6,
    "book_name": "ibn-majah",
    "chapter_id": 19,
    "section_id": 6,
    "title": "কেউ গোলাম আযাদ করলো এবং তার সেবা লাভের শর্ত আরোপ করলো",
    "preface": "",
    "number": "১৩/৯৯. অধ্যায়ঃ",
    "sort_order": 99,
    "hadiths": [
      {
        "id": 20482,
        "book_id": 6,
        "book_name": "সুনানে ইবনে মাজাহ",
        "chapter_id": 19,
        "section_id": 6,
        "hadith_key": "সুনানে ইবনে মাজাহ: ২৫২৬",
        "hadith_id": 2526,
        "narrator": "সাফীনাহ আবূ আবদুর রহমান (রাঃ)",
        "bn": "আমাকে উম্মু সালামাহ (রাঃ) দাসমুক্ত করেন এবং এই শর্ত আরোপ করেন যে আমি নবী (সাল্লাল্লাহু ‘আলাইহি ওয়া সাল্লাম) এর খেদমত করবো, যাবত তিনি জীবিত থাকেন। [২৫২৬]",
        "ar": "حَدَّثَنَا عَبْدُ اللَّهِ بْنُ مُعَاوِيَةَ الْجُمَحِيُّ، حَدَّثَنَا حَمَّادُ بْنُ سَلَمَةَ، عَنْ سَعِيدِ بْنِ جُمْهَانَ، عَنْ سَفِينَةَ أَبِي عَبْدِ الرَّحْمَنِ، قَالَ أَعْتَقَتْنِي أُمُّ سَلَمَةَ وَاشْتَرَطَتْ عَلَىَّ أَنْ أَخْدُمَ النَّبِيَّ صلى الله عليه وسلم مَا عَاشَ ‏.‏",
        "ar_diacless": "حدثنا عبد الله بن معاوية الجمحي، حدثنا حماد بن سلمة، عن سعيد بن جمهان، عن سفينة أبي عبد الرحمن، قال أعتقتني أم سلمة واشترطت على أن أخدم النبي صلى الله عليه وسلم ما عاش ‏.‏",
        "note": "[২৫২৬] আবূ দাউদ ৩৯৩২, আহমাদ ২১৪২০, ২৬১৭১, ইরওয়া ১৭৫২, মিশকাত ৩৩৯৮। তাহকীক আলবানীঃ হাসান।",
        "grade_id": 3,
        "grade": "হাসান হাদিস",
        "grade_color": "#46B891"
      }
    ]
  }
]