[
  {
    "id": 1,
    "ar": "حمٓ",
    "tr": "হা-মীম।",
    "bn_haque": "হা মীম!",
    "bn_muhi": "হা-মীম।",
    "en": "Ha, Meem."
  },
  {
    "id": 2,
    "ar": "تَنزِيلٌ مِّنَ ٱلرَّحْمَٰنِ ٱلرَّحِيمِ",
    "tr": "তানঝীলুম মিনার রাহমা-নির রাহীম।",
    "bn_haque": "পরম করুণাময় অফুরন্ত ফলদাতার কাছ থেকে এ এক অবতারণ --",
    "bn_muhi": "এটা অবতীর্ণ পরম করুণাময়, দয়ালুর পক্ষ থেকে।",
    "en": "[This is] a revelation from the Entirely Merciful, the Especially Merciful -"
  },
  {
    "id": 3,
    "ar": "كِتَٰبٌ فُصِّلَتْ ءَايَٰتُهُۥ قُرْءَانًا عَرَبِيًّا لِّقَوْمٍ يَعْلَمُونَ",
    "tr": "কিতা-বুন ফুসসিলাত আ-য়া-তুহূকুরআ-নান ‘আরাবিইয়াল লিকাওমিইঁ ইয়া‘লামূন।",
    "bn_haque": "একটি গ্রন্থ যার আয়াতসমূহ স্পষ্টভাবে বিবৃত, আরবী কুরআন সেই লোকদের জন্য যারা জানে --",
    "bn_muhi": "এটা কিতাব, এর আয়াতসমূহ বিশদভাবে বিবৃত আরবী কোরআনরূপে জ্ঞানী লোকদের জন্য।",
    "en": "A Book whose verses have been detailed, an Arabic Qur'an for a people who know,"
  },
  {
    "id": 4,
    "ar": "بَشِيرًا وَنَذِيرًا فَأَعْرَضَ أَكْثَرُهُمْ فَهُمْ لَا يَسْمَعُونَ",
    "tr": "বাশীরাওঁ ওয়া নাযীরান ফাআ‘রাদা আকছারুহুম ফাহুম লা-ইয়াছমা‘ঊন।",
    "bn_haque": "সুসংবাদবাহক ও সতর্ককারী; কিন্ত তাদের অনেকেই সরে যায়, কাজেই তারা শোনে না।",
    "bn_muhi": "সুসংবাদদাতা ও সতর্ককারীরূপে, অতঃপর তাদের অধিকাংশই মুখ ফিরিয়ে নিয়েছে, তারা শুনে না।",
    "en": "As a giver of good tidings and a warner; but most of them turn away, so they do not hear."
  },
  {
    "id": 5,
    "ar": "وَقَالُوا۟ قُلُوبُنَا فِىٓ أَكِنَّةٍ مِّمَّا تَدْعُونَآ إِلَيْهِ وَفِىٓ ءَاذَانِنَا وَقْرٌ وَمِنۢ بَيْنِنَا وَبَيْنِكَ حِجَابٌ فَٱعْمَلْ إِنَّنَا عَٰمِلُونَ",
    "tr": "ওয়াকা-লূকুলূবুনা-ফীআকিন্নাতিম মিম্মা-তাদ‘ঊনাইলাইহি ওয়া ফীআ-যা-নিনাওয়াকরুওঁ ওয়া মিম বাইনিনা-ওয়া বাইনিকা হিজা-বুন ফা‘মাল ইন্নানা-‘আ-মিলূন।",
    "bn_haque": "আর তারা বলে -- \"তুমি যার প্রতি আমাদের ডাকছ তা থেকে আমাদের হৃদয় ঢাকনির ভেতরে রয়েছে, আর আমাদের কানে রয়েছে বধিরতা, আর আমাদের মধ্যে ও তোমার মধ্যে রয়েছে একটি পর্দা কাজ করে যাও, আমরাও অবশ্য কাজ করে চলেছি।\"",
    "bn_muhi": "তারা বলে আপনি যে বিষয়ের দিকে আমাদের কে দাওয়াত দেন, সে বিষয়ে আমাদের অন্তর আবরণে আবৃত, আমাদের কর্ণে আছে বোঝা এবং আমাদের ও আপনার মাঝখানে আছে অন্তরাল। অতএব, আপনি আপনার কাজ করুন এবং আমরা আমাদের কাজ করি।",
    "en": "And they say, \"Our hearts are within coverings from that to which you invite us, and in our ears is deafness, and between us and you is a partition, so work; indeed, we are working.\""
  },
  {
    "id": 6,
    "ar": "قُلْ إِنَّمَآ أَنَا۠ بَشَرٌ مِّثْلُكُمْ يُوحَىٰٓ إِلَىَّ أَنَّمَآ إِلَٰهُكُمْ إِلَٰهٌ وَٰحِدٌ فَٱسْتَقِيمُوٓا۟ إِلَيْهِ وَٱسْتَغْفِرُوهُ وَوَيْلٌ لِّلْمُشْرِكِينَ",
    "tr": "কুল ইন্নামাআনা বাশারুম মিছলুকুম ইঊহাইলাইয়া আন্নামাইলা-হুকুম ইলা-হুওঁ ওয়াহিদুন ফাছতাকীমূইলাইহি ওয়াছতাগফিরূহু ওয়া ওয়াইলুলিলল মুশরিকীন।",
    "bn_haque": "বলো, \"আমি তো তোমাদের মতো একজন মানুষ মাত্র, আমার কাছে প্রত্যাদেশ হয়েছে যে তোমাদের উপাস্য নিশ্চয়ই একক উপাস্য, সুতরাং তাঁর দিকে সোজাসুজি পথ ধরো, আর তাঁরই কাছে পরিত্রাণ খোঁজো।\" আর ধিক্ বহুখোদাবাদীদের প্রতি --",
    "bn_muhi": "বলুন, আমিও তোমাদের মতই মানুষ, আমার প্রতি ওহী আসে যে, তোমাদের মাবুদ একমাত্র মাবুদ, অতএব তাঁর দিকেই সোজা হয়ে থাক এবং তাঁর কাছে ক্ষমা প্রার্থনা কর। আর মুশরিকদের জন্যে রয়েছে দুর্ভোগ,",
    "en": "Say, O [Muhammad], \"I am only a man like you to whom it has been revealed that your god is but one God; so take a straight course to Him and seek His forgiveness.\" And woe to those who associate others with Allah -"
  },
  {
    "id": 7,
    "ar": "ٱلَّذِينَ لَا يُؤْتُونَ ٱلزَّكَوٰةَ وَهُم بِٱلْءَاخِرَةِ هُمْ كَٰفِرُونَ",
    "tr": "আল্লাযীনা লা-ইউ’তূনাঝঝাকা-তা ওয়া হুম বিলআ-খিরাতি হুম কা-ফিরূন।",
    "bn_haque": "যারা যাকাত প্রদান করে না, আর আখেরাত সম্পর্কে তারা স্বয়ং অবিশ্বাসী।",
    "bn_muhi": "যারা যাকাত দেয় না এবং পরকালকে অস্বীকার করে।",
    "en": "Those who do not give zakah, and in the Hereafter they are disbelievers."
  },
  {
    "id": 8,
    "ar": "إِنَّ ٱلَّذِينَ ءَامَنُوا۟ وَعَمِلُوا۟ ٱلصَّٰلِحَٰتِ لَهُمْ أَجْرٌ غَيْرُ مَمْنُونٍ",
    "tr": "ইন্নাল্লাযীনা আ-মানূওয়া ‘আমিলুসসা-লিহা-তি লাহুম আজরুন গাইরু মামনূন।",
    "bn_haque": "পক্ষান্তরে যারা ঈমান এনেছে ও সৎকর্ম করছে তাদের জন্য রয়েছে বাধাহীন প্রতিদান।",
    "bn_muhi": "নিশ্চয় যারা বিশ্বাস স্থাপন করে ও সৎকর্ম করে, তাদের জন্যে রয়েছে অফুরন্ত পুরস্কার।",
    "en": "Indeed, those who believe and do righteous deeds - for them is a reward uninterrupted."
  },
  {
    "id": 9,
    "ar": "قُلْ أَئِنَّكُمْ لَتَكْفُرُونَ بِٱلَّذِى خَلَقَ ٱلْأَرْضَ فِى يَوْمَيْنِ وَتَجْعَلُونَ لَهُۥٓ أَندَادًا ذَٰلِكَ رَبُّ ٱلْعَٰلَمِينَ",
    "tr": "কুল আইন্নাকুম লাতাকফুরূনা বিল্লাযী খালাকাল আরদা ফী ইয়াওমাইনি ওয়া তাজ‘আলূনা লাহূআনদা-দান যা-লিকা রাব্বুল ‘আ-লামীন।",
    "bn_haque": "বলো -- \"তোমরা কি ঠিকঠিকই তাঁকে অস্বীকার করছ যিনি পৃথিবী সৃষ্টি করেছেন দুই দিনে, আর তোমরা কি তাঁর সঙ্গে সমকক্ষ দাঁড় করাও? এমনজনই হচ্ছেন বিশ্বজগতের প্রভু।\"",
    "bn_muhi": "বলুন, তোমরা কি সে সত্তাকে অস্বীকার কর যিনি পৃথিবী সৃষ্টি করেছেন দু’দিনে এবং তোমরা কি তাঁর সমকক্ষ স্থীর কর? তিনি তো সমগ্র বিশ্বের পালনকর্তা।",
    "en": "Say, \"Do you indeed disbelieve in He who created the earth in two days and attribute to Him equals? That is the Lord of the worlds.\""
  },
  {
    "id": 10,
    "ar": "وَجَعَلَ فِيهَا رَوَٰسِىَ مِن فَوْقِهَا وَبَٰرَكَ فِيهَا وَقَدَّرَ فِيهَآ أَقْوَٰتَهَا فِىٓ أَرْبَعَةِ أَيَّامٍ سَوَآءً لِّلسَّآئِلِينَ",
    "tr": "ওয়া জা‘আলা ফীহা-রাওয়া-ছিআ মিন ফাওকিহা- ওয়া বা-রাকাফীহা-ওয়াকাদ্দারাফীহা আকওয়া-তাহা- ফীআরবা‘আতি আইয়া-মিন ছাওয়াআললিছছাইলীন।",
    "bn_haque": "আর তার মধ্যে তার বহির্ভাগে তিনি স্থাপন করেছেন পর্বতমালা, আর তাতে তিনি অনুগ্রহ অর্পণ করেছেন, আর তাতে তিনি ব্যবস্থা করেছেন এর খাদ্যসামগ্রী -- চার দিনে। অনুসন্ধানকারীদের জন্য সমভাবে প্রযোজ্য।",
    "bn_muhi": "তিনি পৃথিবীতে উপরিভাগে অটল পর্বতমালা স্থাপন করেছেন, তাতে কল্যাণ নিহিত রেখেছেন এবং চার দিনের মধ্যে তাতে তার খাদ্যের ব্যবস্থা করেছেন-পূর্ণ হল জিজ্ঞাসুদের জন্যে।",
    "en": "And He placed on the earth firmly set mountains over its surface, and He blessed it and determined therein its [creatures'] sustenance in four days without distinction - for [the information] of those who ask."
  },
  {
    "id": 11,
    "ar": "ثُمَّ ٱسْتَوَىٰٓ إِلَى ٱلسَّمَآءِ وَهِىَ دُخَانٌ فَقَالَ لَهَا وَلِلْأَرْضِ ٱئْتِيَا طَوْعًا أَوْ كَرْهًا قَالَتَآ أَتَيْنَا طَآئِعِينَ",
    "tr": "ছু ম্মাছ তাওয়াইলাছ ছামাই ওয়াহিয়া দুখা-নুন ফাকা-লা লাহা-ওয়ালিল আরদি’তিয়া তাও‘আন আও কার হান কা-লাতাআতাইনা-তাই‘ঈন।",
    "bn_haque": "তারপর তিনি ফিরলেন আকাশের দিকে আর সেটি ছিল এক ধূম্রজাল। অনন্তর তিনি এটিকে ও পৃথিবীকে বললেন -- \"তোমরা উভয়ে এসো স্বেচ্ছায় অথবা অনিচ্ছায়।\" তারা বললে -- \"আমরা আসছি অনুগত হয়ে।\"",
    "bn_muhi": "অতঃপর তিনি আকাশের দিকে মনোযোগ দিলেন যা ছিল ধুম্রকুঞ্জ, অতঃপর তিনি তাকে ও পৃথিবীকে বললেন, তোমরা উভয়ে আস ইচ্ছায় অথবা অনিচ্ছায়। তারা বলল, আমরা স্বেচ্ছায় আসলাম।",
    "en": "Then He directed Himself to the heaven while it was smoke and said to it and to the earth, \"Come [into being], willingly or by compulsion.\" They said, \"We have come willingly.\""
  },
  {
    "id": 12,
    "ar": "فَقَضَىٰهُنَّ سَبْعَ سَمَٰوَاتٍ فِى يَوْمَيْنِ وَأَوْحَىٰ فِى كُلِّ سَمَآءٍ أَمْرَهَا وَزَيَّنَّا ٱلسَّمَآءَ ٱلدُّنْيَا بِمَصَٰبِيحَ وَحِفْظًا ذَٰلِكَ تَقْدِيرُ ٱلْعَزِيزِ ٱلْعَلِيمِ",
    "tr": "ফাকাদা-হুন্না ছাব ‘আ ছামা-ওয়া-তিন ফী ইয়াওমাইনি ওয়া আওহা-ফী কুল্লি ছামাইন আমরাহা- ওয়া ঝাইয়ান্নাছ ছামাআদ্দুনইয়া-বিমাসা-বীহা ওয়া হিফজান যালিকা তাকদীরুল ‘আঝীঝিল ‘আলীম।",
    "bn_haque": "তারপর তিনি তাদের সম্পূর্ণ করলেন সাত আসমানে, দুই দিনে, আর প্রত্যেক আকাশে তিনি আদেশ করেছেন তার করণীয়। আর আমরা নিকটবর্তী আকাশকে শোভিত করেছি প্রদীপমালা দিয়ে, আর সুরক্ষিত অবস্থায়। এটিই মহাশক্তিশালী সর্বজ্ঞাতার বিধান।",
    "bn_muhi": "অতঃপর তিনি আকাশমন্ডলীকে দু’দিনে সপ্ত আকাশ করে দিলেন এবং প্রত্যেক আকাশে তার আদেশ প্রেরণ করলেন। আমি নিকটবর্তী আকাশকে প্রদীপমালা দ্বারা সুশোভিত ও সংরক্ষিত করেছি। এটা পরাক্রমশালী সর্বজ্ঞ আল্লাহর ব্যবস্থাপনা।",
    "en": "And He completed them as seven heavens within two days and inspired in each heaven its command. And We adorned the nearest heaven with lamps and as protection. That is the determination of the Exalted in Might, the Knowing."
  },
  {
    "id": 13,
    "ar": "فَإِنْ أَعْرَضُوا۟ فَقُلْ أَنذَرْتُكُمْ صَٰعِقَةً مِّثْلَ صَٰعِقَةِ عَادٍ وَثَمُودَ",
    "tr": "ফাইন আ‘রাদূ ফাকুলআনযারতুকুম সা-‘ইকাতাম মিছলা সা-‘ইকাতি ‘আ-দিওঁ ওয়া ছামূদ।",
    "bn_haque": "এর পরেও তারা যদি ফিরে যায় তাহলে তুমি বলো -- \"আমি তোমাদের হুশিয়াঁর করে দিচ্ছি 'আদ ও ছামূদের বজ্রাঘাতের ন্যায় এক বজ্রাঘাত সন্বন্ধে।\"",
    "bn_muhi": "অতঃপর যদি তারা মুখ ফিরিয়ে নেয়, তবে বলুন, আমি তোমাদেরকে সতর্ক করলাম এক কঠোর আযাব সম্পর্কে আদ ও সামুদের আযাবের মত।",
    "en": "But if they turn away, then say, \"I have warned you of a thunderbolt like the thunderbolt [that struck] 'Aad and Thamud."
  },
  {
    "id": 14,
    "ar": "إِذْ جَآءَتْهُمُ ٱلرُّسُلُ مِنۢ بَيْنِ أَيْدِيهِمْ وَمِنْ خَلْفِهِمْ أَلَّا تَعْبُدُوٓا۟ إِلَّا ٱللَّهَ قَالُوا۟ لَوْ شَآءَ رَبُّنَا لَأَنزَلَ مَلَٰٓئِكَةً فَإِنَّا بِمَآ أُرْسِلْتُم بِهِۦ كَٰفِرُونَ",
    "tr": "ইযজাআতহুমুর রুছুলুমিম বাইনি আইদীহিম ওয়া মিন খালফিহিম আল্লা-তা‘বুদূ ইল্লাল্লাহা কা-লূলাও শাআ রাব্বুনা-লাআনঝালা মালাইকাতান ফাইন্না-বিমাউরছিলতুম বিহী কা-ফিরূন।",
    "bn_haque": "স্মরণ করো! রসূলগণ তাদের কাছে এসেছিলেন তাদের সামনে থেকে ও তাদের পেছন থেকে এই বলে -- \"আল্লাহ্ ব্যতীত কারো উপাসনা করো না।\" তারা বলেছিল -- \"আমাদের প্রভু যদি ইচ্ছা করতেন তাহলে তিনি নিশ্চয়ই ফিরিশ্‌তাদের পাঠাতে পারতেন, সেজন্য তোমাদের যা দিয়ে পাঠানো হয়েছে আমরা আলবৎ তাতে অবিশ্বাসী।\"",
    "bn_muhi": "যখন তাদের কাছে রসূলগণ এসেছিলেন সম্মুখ দিক থেকে এবং পিছন দিক থেকে এ কথা বলতে যে, তোমরা আল্লাহ ব্যতীত কারও পূজা করো না। তারা বলেছিল, আমাদের পালনকর্তা ইচ্ছা করলে অবশ্যই ফেরেশতা প্রেরণ করতেন, অতএব, আমরা তোমাদের আনীত বিষয় অমান্য করলাম।",
    "en": "[That occurred] when the messengers had come to them before them and after them, [saying], \"Worship not except Allah .\" They said, \"If our Lord had willed, He would have sent down the angels, so indeed we, in that with which you have been sent, are disbelievers.\""
  },
  {
    "id": 15,
    "ar": "فَأَمَّا عَادٌ فَٱسْتَكْبَرُوا۟ فِى ٱلْأَرْضِ بِغَيْرِ ٱلْحَقِّ وَقَالُوا۟ مَنْ أَشَدُّ مِنَّا قُوَّةً أَوَلَمْ يَرَوْا۟ أَنَّ ٱللَّهَ ٱلَّذِى خَلَقَهُمْ هُوَ أَشَدُّ مِنْهُمْ قُوَّةً وَكَانُوا۟ بِـَٔايَٰتِنَا يَجْحَدُونَ",
    "tr": "ফাআম্মা-‘আ-দুন ফাছতাকবারূফিল আরদিবিগাইরিল হাক্কিওয়া কা-লূমান আশাদ্দা মিন্না-কুওওয়াতান আওয়ালাম ইয়ারাও আন্নাল্লা-হাল্লাযী খালাকাহুম হুওয়া আশাদ্দু মিনহুম কুওওয়াতাওঁ ওয়া কা-নূবিআ-য়া-তিনা-ইয়াজহাদূ ন।",
    "bn_haque": "বস্তুতঃ 'আদ-এর ক্ষেত্রে -- তারা তখন পৃথিবীতে যুক্তি ব্যতিরেকে অহঙ্কার করত, আর বলত -- \"আমাদের চেয়ে বলবিক্রমে বেশী শক্তিশালী কে আছে?\" তারা কি তবে দেখতে পায় নি যে, আল্লাহ্ যিনি তাদের সৃষ্টি করেছেন তিনি তাদের চেয়ে বলবিক্রমে অধিক বলীয়ান? আর তারা আমাদের নির্দেশাবলী সন্বন্ধে বাদ-প্রতিবাদ করত।",
    "bn_muhi": "যারা ছিল আদ, তারা পৃথিবীতে অযথা অহংকার করল এবং বলল, আমাদের অপেক্ষা অধিক শক্তিধর কে? তারা কি লক্ষ্য করেনি যে, যে আল্লাহ তাদেরকে সৃষ্টি করেছেন, তিনি তাদের অপেক্ষা অধিক শক্তিধর ? বস্তুতঃ তারা আমার নিদর্শনাবলী অস্বীকার করত।",
    "en": "As for 'Aad, they were arrogant upon the earth without right and said, \"Who is greater than us in strength?\" Did they not consider that Allah who created them was greater than them in strength? But they were rejecting Our signs."
  },
  {
    "id": 16,
    "ar": "فَأَرْسَلْنَا عَلَيْهِمْ رِيحًا صَرْصَرًا فِىٓ أَيَّامٍ نَّحِسَاتٍ لِّنُذِيقَهُمْ عَذَابَ ٱلْخِزْىِ فِى ٱلْحَيَوٰةِ ٱلدُّنْيَا وَلَعَذَابُ ٱلْءَاخِرَةِ أَخْزَىٰ وَهُمْ لَا يُنصَرُونَ",
    "tr": "ফাআরছালনা-‘আলাইহিম রীহান সারসারান ফীআইয়া-মিন নাহিছা-তিল লিনুযীকাহুম ‘আযা-বাল খিঝই ফিল হায়া-তিদ্দুইয়া- ওয়ালা‘আযা-বুল আ-খিরাতি আখঝাওয়াহুম লা-ইউনসারূন।",
    "bn_haque": "সেজন্য আমরা তাদের উপরে পাঠিয়েছিলাম এক ভয়ংকর ঝড়তুফান অশুভ দিনে, যেন আমরা পার্থিব জীবনেই তাদের আস্বাদন করাতে পারি লাঞ্ছনাদায়ক শাস্তি। আর আখেরাতের শাস্তি নিশ্চয়ই আরো বেশী লাঞ্ছনাদায়ক, আর তাদের সাহায্য করা হবে না।",
    "bn_muhi": "অতঃপর আমি তাদেরকে পার্থিব জীবনে লাঞ্ছনার আযাব আস্বাদন করানোর জন্যে তাদের উপর প্রেরণ করলাম ঝঞ্ঝাবায়ু বেশ কতিপয় অশুভ দিনে। আর পরকালের আযাব তো আরও লাঞ্ছনাকর এমতাবস্থায় যে, তারা সাহায্যপ্রাপ্ত হবে না।",
    "en": "So We sent upon them a screaming wind during days of misfortune to make them taste the punishment of disgrace in the worldly life; but the punishment of the Hereafter is more disgracing, and they will not be helped."
  },
  {
    "id": 17,
    "ar": "وَأَمَّا ثَمُودُ فَهَدَيْنَٰهُمْ فَٱسْتَحَبُّوا۟ ٱلْعَمَىٰ عَلَى ٱلْهُدَىٰ فَأَخَذَتْهُمْ صَٰعِقَةُ ٱلْعَذَابِ ٱلْهُونِ بِمَا كَانُوا۟ يَكْسِبُونَ",
    "tr": "ওয়া আম্মা-ছামূদুফাহাদাইনা-হুম ফাছতাহাব্বুল ‘আমা-‘আলাল হুদা-ফাআখাযাতহুম সা-‘ইকাতুল ‘আযা-বিল হূনি বিমা-কা-নূইয়াকছিবূন।",
    "bn_haque": "আর ছামূদের ক্ষেত্রে -- আমরা তো তাদের পথ দেখিয়েছিলাম কিন্ত তারা পথ দেখার পরিবর্তে অন্ধত্ব ভালবেসেছিল, কাজেই তারা যা অর্জন করেছিল সেজন্য এক লাঞ্ছনাদায়ক শাস্তির বজ্রাঘাত তাদের পাকড়াও করেছিল।",
    "bn_muhi": "আর যারা সামূদ, আমি তাদেরকে প্রদর্শন করেছিলাম, অতঃপর তারা সৎপথের পরিবর্তে অন্ধ থাকাই পছন্দ করল। অতঃপর তাদের কৃতকর্মের কারণে তাদেরকে অবমাননাকর আযাবের বিপদ এসে ধৃত করল।",
    "en": "And as for Thamud, We guided them, but they preferred blindness over guidance, so the thunderbolt of humiliating punishment seized them for what they used to earn."
  },
  {
    "id": 18,
    "ar": "وَنَجَّيْنَا ٱلَّذِينَ ءَامَنُوا۟ وَكَانُوا۟ يَتَّقُونَ",
    "tr": "ওয়া নাজ্জাইনাল্লাযীনা আ-মানূওয়াকা-নূইয়াত্তাকূন।",
    "bn_haque": "আর আমরা উদ্ধার করেছিলাম তাদের যারা বিশ্বাস করেছিল এবং ভয়ভক্তি পোষণ করত।",
    "bn_muhi": "যারা বিশ্বাস স্থাপন করেছিল ও সাবধানে চলত, আমি তাদেরকে উদ্ধার করলাম।",
    "en": "And We saved those who believed and used to fear Allah ."
  },
  {
    "id": 19,
    "ar": "وَيَوْمَ يُحْشَرُ أَعْدَآءُ ٱللَّهِ إِلَى ٱلنَّارِ فَهُمْ يُوزَعُونَ",
    "tr": "ওয়া ইয়াওমা ইউহশারু আ‘দাউল্লা-হি ইলান্না-রি ফাহুম ইউঝা‘ঊন।",
    "bn_haque": "আর সেই দিন যখন আল্লাহ্‌র শত্রুদের সমবেত করা হবে আগুনের দিকে, ফলে ওদের দল বাঁধা হবে, --",
    "bn_muhi": "যেদিন আল্লাহর শত্রুদেরকে অগ্নিকুন্ডের দিকে ঠেলে নেওয়া হবে। এবং ওদের বিন্যস্ত করা হবে বিভিন্ন দলে।",
    "en": "And [mention, O Muhammad], the Day when the enemies of Allah will be gathered to the Fire while they are [driven] assembled in rows,"
  },
  {
    "id": 20,
    "ar": "حَتَّىٰٓ إِذَا مَا جَآءُوهَا شَهِدَ عَلَيْهِمْ سَمْعُهُمْ وَأَبْصَٰرُهُمْ وَجُلُودُهُم بِمَا كَانُوا۟ يَعْمَلُونَ",
    "tr": "হাত্তাইযা-মা-জাউহা-শাহিদা ‘আলাইহিম ছাম‘উহুম ওয়া আবসা-রুহম ওয়া জুলূদুহুম বিমা-কা-নূইয়া‘মালূন।",
    "bn_haque": "পরিশেষে যখন তারা এর কাছে আসবে তখন তাদের কান ও তাদের চোখ ও তাদের ছাল-চামড়া তাদের বিরুদ্ধে সাক্ষ্য দেবে তারা যা করত সে-সন্বন্ধে।",
    "bn_muhi": "তারা যখন জাহান্নামের কাছে পৌঁছাবে, তখন তাদের কান, চক্ষু ও ত্বক তাদের কর্ম সম্পর্কে সাক্ষ্য দেবে।",
    "en": "Until, when they reach it, their hearing and their eyes and their skins will testify against them of what they used to do."
  },
  {
    "id": 21,
    "ar": "وَقَالُوا۟ لِجُلُودِهِمْ لِمَ شَهِدتُّمْ عَلَيْنَا قَالُوٓا۟ أَنطَقَنَا ٱللَّهُ ٱلَّذِىٓ أَنطَقَ كُلَّ شَىْءٍ وَهُوَ خَلَقَكُمْ أَوَّلَ مَرَّةٍ وَإِلَيْهِ تُرْجَعُونَ",
    "tr": "ওয়াকা-লূলিজুলূদিহিম লিমা শাহিত্তুম ‘আলাইনা- কা-লূআনতাকানাল্লা-হুল্লাযী আনতাকা কুল্লা শাইয়িওঁ ওয়া হুওয়া খালাকাকুম আওওয়ালা মাররাতিওঁ ওয়া ইলাইহি তুর জা‘ঊন।",
    "bn_haque": "আর তারা নিজেদের ছাল-চামড়াকে বলবে -- \"তোমরা কেন আমাদের বিরুদ্ধে সাক্ষ্য দিলে?\" তারা বলবে -- আল্লাহ্ যিনি সব- কিছুকে কথা বলান, তিনিই আমাদের কথা বলিয়েছেন।\" আর তিনি তোমাদের প্রথমবারে সৃষ্টি করেছেন, আর তাঁরই কাছে তোমাদের ফিরিয়ে আনা হবে।",
    "bn_muhi": "তারা তাদের ত্বককে বলবে, তোমরা আমাদের বিপক্ষে সাক্ষ্য দিলে কেন? তারা বলবে, যে আল্লাহ সব কিছুকে বাকশক্তি দিয়েছেন, তিনি আমাদেরকেও বাকশক্তি দিয়েছেন। তিনিই তোমাদেরকে প্রথমবার সৃষ্টি করেছেন এবং তোমরা তাঁরই দিকে প্রত্যাবর্তিত হবে।",
    "en": "And they will say to their skins, \"Why have you testified against us?\" They will say, \"We were made to speak by Allah, who has made everything speak; and He created you the first time, and to Him you are returned."
  },
  {
    "id": 22,
    "ar": "وَمَا كُنتُمْ تَسْتَتِرُونَ أَن يَشْهَدَ عَلَيْكُمْ سَمْعُكُمْ وَلَآ أَبْصَٰرُكُمْ وَلَا جُلُودُكُمْ وَلَٰكِن ظَنَنتُمْ أَنَّ ٱللَّهَ لَا يَعْلَمُ كَثِيرًا مِّمَّا تَعْمَلُونَ",
    "tr": "ওয়ামা-কুনতুম তাছতাতিরূনা আইঁ ইয়াশহাদা ‘আলাইকুম ছাম‘উকুম ওয়ালাআবসা-রুকুম ওয়ালা- জুলূদুকুম ওয়ালা- কিন জানানতুম আন্নাল্লা-হা লা- ইয়া‘লামুকাছীরাম মিম্মাতা‘মালূন।",
    "bn_haque": "আর তোমাদের কান তোমাদের বিরুদ্ধে সাক্ষ্য দেবার ব্যাপারে তোমরা কিছুই গোপন রাখতে না, আর তোমাদের চোখের থেকেও নয়, আর তোমাদের ছাল-চামড়া থেকেও নয়, উপরন্তু তোমরা মনে করতে যে তোমরা যা করেছিলে তার অধিকাংশই আল্লাহ্ জানেন না।",
    "bn_muhi": "তোমাদের কান, তোমাদের চক্ষু এবং তোমাদের ত্বক তোমাদের বিপক্ষে সাক্ষ্য দেবে না ধারণার বশবর্তী হয়ে তোমরা তাদের কাছে কিছু গোপন করতে না। তবে তোমাদের ধারণা ছিল যে, তোমরা যা কর তার অনেক কিছুই আল্লাহ জানেন না।",
    "en": "And you were not covering yourselves, lest your hearing testify against you or your sight or your skins, but you assumed that Allah does not know much of what you do."
  },
  {
    "id": 23,
    "ar": "وَذَٰلِكُمْ ظَنُّكُمُ ٱلَّذِى ظَنَنتُم بِرَبِّكُمْ أَرْدَىٰكُمْ فَأَصْبَحْتُم مِّنَ ٱلْخَٰسِرِينَ",
    "tr": "ওয়া যা-লিকুম জান্নুকুমুল্লাযীজানানতুম বিরাব্বিকুম আর দা-কুম ফাআসবাহতুম মিনাল খা-ছিরীন।",
    "bn_haque": "আর তোমাদের এমনতর ভাবনাটাই যা তোমরা ভাবতে তোমাদের প্রভু সন্বন্ধে তা-ই তোমাদের ধ্বংস করেছে, ফলে সকালসকালই তোমরা ক্ষতিগ্রস্তদের অন্তর্ভুক্ত হয়েছ।",
    "bn_muhi": "তোমাদের পালনকর্তা সম্বন্ধে তোমাদের এ ধারণাই তোমাদেরকে ধ্বংস করেছে। ফলে তোমরা ক্ষতিগ্রস্তদের অন্তর্ভুক্ত হয়ে গেছ।",
    "en": "And that was your assumption which you assumed about your Lord. It has brought you to ruin, and you have become among the losers.\""
  },
  {
    "id": 24,
    "ar": "فَإِن يَصْبِرُوا۟ فَٱلنَّارُ مَثْوًى لَّهُمْ وَإِن يَسْتَعْتِبُوا۟ فَمَا هُم مِّنَ ٱلْمُعْتَبِينَ",
    "tr": "ফাইয়ঁইয়াসবিরূফান্না-রু মাছওয়াল লাহুম ওয়া ইয়ঁইয়াছতা‘তিবূফামা-হুম মিনাল মু‘তাবীন।",
    "bn_haque": "কাজেই তারা যদি অধ্যবসায় করে তাহলে আগুনই হবে তাদের অবস্থানস্থল, আর যদি তারা সদয়তা চায় তাহলে তারা নুগ্রহপ্রাপ্তদের অন্তর্ভুক্ত হবে না।",
    "bn_muhi": "অতঃপর যদি তারা সবর করে, তবুও জাহান্নামই তাদের আবাসস্থল। আর যদি তারা ওযরখাহী করে, তবে তাদের ওযর কবুল করা হবে না।",
    "en": "So [even] if they are patient, the Fire is a residence for them; and if they ask to appease [ Allah ], they will not be of those who are allowed to appease."
  },
  {
    "id": 25,
    "ar": "وَقَيَّضْنَا لَهُمْ قُرَنَآءَ فَزَيَّنُوا۟ لَهُم مَّا بَيْنَ أَيْدِيهِمْ وَمَا خَلْفَهُمْ وَحَقَّ عَلَيْهِمُ ٱلْقَوْلُ فِىٓ أُمَمٍ قَدْ خَلَتْ مِن قَبْلِهِم مِّنَ ٱلْجِنِّ وَٱلْإِنسِ إِنَّهُمْ كَانُوا۟ خَٰسِرِينَ",
    "tr": "ওয়া কাইয়াদনা-লাহুম কুরানাআ ফাঝাইয়ানূলাহুম মা-বাইনা আইদীহিম ওয়ামাখালফাহুম ওয়াহাক্কা ‘আলাইহিমুল কাওলুফীউমামিন কাদ খালাত মিন কাবলিহিম মিনাল জিন্নি ওয়ালইনছি ইন্নাহুম কা-নূখা-ছিরীন।",
    "bn_haque": "আর আমরা তাদের জন্য সঙ্গী বানিয়েছিলাম, তাই তাদের জন্য তারা চিত্তাকর্ষক করেছিল যা তাদের সম্মুখে ছিল আর যা তাদের পশ্চাতে ছিল, আর তাদের বিরুদ্ধে বাণী সত্য প্রতিপন্ন হয়েছে, -- জিনদের ও মানুষদের মধ্যের যারা তাদের পূর্বে গত হয়ে গেছে সেই সম্প্রদায়ের মধ্যে, নিঃসন্দেহ তারা ছিল ক্ষতিগ্রস্ত।",
    "bn_muhi": "আমি তাদের পেছনে সঙ্গী লাগিয়ে দিয়েছিলাম, অতঃপর সঙ্গীরা তাদের অগ্র-পশ্চাতের আমল তাদের দৃষ্টিতে শোভনীয় করে দিয়েছিল। তাদের ব্যাপারেও শাস্তির আদেশ বাস্তবায়িত হল, যা বাস্তবায়িত হয়েছিল তাদের পূর্ববতী জিন ও মানুষের ব্যাপারে। নিশ্চয় তারা ক্ষতিগ্রস্ত।",
    "en": "And We appointed for them companions who made attractive to them what was before them and what was behind them [of sin], and the word has come into effect upon them among nations which had passed on before them of jinn and men. Indeed, they [all] were losers."
  },
  {
    "id": 26,
    "ar": "وَقَالَ ٱلَّذِينَ كَفَرُوا۟ لَا تَسْمَعُوا۟ لِهَٰذَا ٱلْقُرْءَانِ وَٱلْغَوْا۟ فِيهِ لَعَلَّكُمْ تَغْلِبُونَ",
    "tr": "ওয়া কা-লাল্লাযীনা কাফারূ লা-তাছমা‘ঊ লিহা-যাল কুরআ-নি ওয়ালগাও ফীহি লা‘আল্লাকুম তাগলিবূন।",
    "bn_haque": "আর যারা অবিশ্বাস করে তারা বলে -- \"এই কুরআন শুনো না, আর এতে শোরগোল করো, যাতে তোমরা দমন করতে পারো।\"",
    "bn_muhi": "আর কাফেররা বলে, তোমরা এ কোরআন শ্রবণ করো না এবং এর আবৃত্তিতে হঞ্জগোল সৃষ্টি কর, যাতে তোমরা জয়ী হও।",
    "en": "And those who disbelieve say, \"Do not listen to this Qur'an and speak noisily during [the recitation of] it that perhaps you will overcome.\""
  },
  {
    "id": 27,
    "ar": "فَلَنُذِيقَنَّ ٱلَّذِينَ كَفَرُوا۟ عَذَابًا شَدِيدًا وَلَنَجْزِيَنَّهُمْ أَسْوَأَ ٱلَّذِى كَانُوا۟ يَعْمَلُونَ",
    "tr": "ফালানুযী কান্নাল্লাযীনা কাফারূ‘আযা-বান শাদীদাওঁ ওয়ালা নাজঝিয়ান্নাহুম আছওয়াল্লাযী কা-নূইয়া‘মালূন।",
    "bn_haque": "সেজন্য যারা অবিশ্বাস করে তাদের আমরা অবশ্যই কঠিন শাস্তি আস্বাদন করাব, আর তাদের অবশ্যই প্রতিদান দেব তারা যা গর্হিত কাজ করত তাই দিয়ে।",
    "bn_muhi": "আমি অবশ্যই কাফেরদেরকে কঠিন আযাব আস্বাদন করাব এবং আমি অবশ্যই তাদেরকে তাদের মন্দ ও হীন কাজের প্রতিফল দেব।",
    "en": "But We will surely cause those who disbelieve to taste a severe punishment, and We will surely recompense them for the worst of what they had been doing."
  },
  {
    "id": 28,
    "ar": "ذَٰلِكَ جَزَآءُ أَعْدَآءِ ٱللَّهِ ٱلنَّارُ لَهُمْ فِيهَا دَارُ ٱلْخُلْدِ جَزَآءًۢ بِمَا كَانُوا۟ بِـَٔايَٰتِنَا يَجْحَدُونَ",
    "tr": "যা-লিকা জাঝাউ আ‘দাইল্লা-হিন্না-রু লাহুম ফীহা-দা-রুল খুলদি জাঝাআম বিমা-কা-নূবিআ-য়া-তিনা-ইয়াজহাদূ ন।",
    "bn_haque": "এই হচ্ছে আল্লাহ্‌র শত্রুদের পরিণাম -- আগুন, তাদের জন্য এখানে রয়েছে দীর্ঘস্থায়ী আবাস। আমাদের নির্দেশাবলী তারা অস্বীকার করত বলেই এটি হচ্ছে প্রতিফল।",
    "bn_muhi": "এটা আল্লাহর শত্রুদের শাস্তি-জাহান্নাম। তাতে তাদের জন্যে রয়েছে স্থায়ী আবাস, আমার আয়াতসমূহ অস্বীকার করার প্রতিফলস্বরূপ।",
    "en": "That is the recompense of the enemies of Allah - the Fire. For them therein is the home of eternity as recompense for what they, of Our verses, were rejecting."
  },
  {
    "id": 29,
    "ar": "وَقَالَ ٱلَّذِينَ كَفَرُوا۟ رَبَّنَآ أَرِنَا ٱلَّذَيْنِ أَضَلَّانَا مِنَ ٱلْجِنِّ وَٱلْإِنسِ نَجْعَلْهُمَا تَحْتَ أَقْدَامِنَا لِيَكُونَا مِنَ ٱلْأَسْفَلِينَ",
    "tr": "ওয়া কা-লাল্লাযীনা কাফারূরাব্বানাআরিনাল্লাযাইনি আদাল্লা-না-মিনাল জিন্নি ওয়াল ইনছি নাজ‘আলহুমা-তাহতা আকদা-মিনা-লিইয়াকূনা মিনাল আছফালীন।",
    "bn_haque": "আর যারা অবিশ্বাস করে তারা বলবে -- \"আমাদের প্রভু! জিন ও মানুষদের যারা আমাদের বিপথে চালিয়েছিল তাদের আমাদের দেখিয়ে দাও, আমাদের পায়ের তলায় আমরা তাদের মাড়াবো, যাতে তারা অধমদের অন্তর্ভুক্ত হয়।\"",
    "bn_muhi": "কাফেররা বলবে, হে আমাদের পালনকর্তা! যেসব জিন ও মানুষ আমাদেরকে পথভ্রষ্ট করেছিল, তাদেরকে দেখিয়ে দাও, আমরা তাদেরকে পদদলিত করব, যাতে তারা যথেষ্ট অপমানিত হয়।",
    "en": "And those who disbelieved will [then] say, \"Our Lord, show us those who misled us of the jinn and men [so] we may put them under our feet that they will be among the lowest.\""
  },
  {
    "id": 30,
    "ar": "إِنَّ ٱلَّذِينَ قَالُوا۟ رَبُّنَا ٱللَّهُ ثُمَّ ٱسْتَقَٰمُوا۟ تَتَنَزَّلُ عَلَيْهِمُ ٱلْمَلَٰٓئِكَةُ أَلَّا تَخَافُوا۟ وَلَا تَحْزَنُوا۟ وَأَبْشِرُوا۟ بِٱلْجَنَّةِ ٱلَّتِى كُنتُمْ تُوعَدُونَ",
    "tr": "ইন্নাল্লাযীনা কা-লূরাব্বুনাল্লা-হুছু ম্মাছতাকা-মূতাতানাঝঝালু‘আলাইহিমুল মালাইকাতু আল্লা-তাখা-ফূওয়ালা-তাহঝানূওয়াআবশিরূবিলজান্নাতিল্লাতী কুনতুম তূ‘আদূন।",
    "bn_haque": "পক্ষান্তরে যারা বলে -- \"আমাদের প্রভু আল্লাহ\", তারপর তারা কায়েম থাকে, তাদের নিকট ফিরিশ্‌তারা অবতরণ করে এই বলে -- \"ভয় করো না আর দুঃখ করো না, বরঞ্চ সুসংবাদ শুনো জান্নাতের যার জন্য তোমাদের প্রতি‌শ্রুতি দেওয়া হয়েছিল।",
    "bn_muhi": "নিশ্চয় যারা বলে, আমাদের পালনকর্তা আল্লাহ, অতঃপর তাতেই অবিচল থাকে, তাদের কাছে ফেরেশতা অবতীর্ণ হয় এবং বলে, তোমরা ভয় করো না, চিন্তা করো না এবং তোমাদের প্রতিশ্রুত জান্নাতের সুসংবাদ শোন।",
    "en": "Indeed, those who have said, \"Our Lord is Allah \" and then remained on a right course - the angels will descend upon them, [saying], \"Do not fear and do not grieve but receive good tidings of Paradise, which you were promised."
  },
  {
    "id": 31,
    "ar": "نَحْنُ أَوْلِيَآؤُكُمْ فِى ٱلْحَيَوٰةِ ٱلدُّنْيَا وَفِى ٱلْءَاخِرَةِ وَلَكُمْ فِيهَا مَا تَشْتَهِىٓ أَنفُسُكُمْ وَلَكُمْ فِيهَا مَا تَدَّعُونَ",
    "tr": "নাহনুআওলিয়াউকুম ফিল হায়া-তিদ্দুইয়া-ওয়া ফিল আ-খিরাতি ওয়ালাকুম ফীহামা-তাশতাহীআনফুছুকুম ওয়ালাকুম ফীহা-মা-তাদ্দা‘ঊন।",
    "bn_haque": "\"আমরা তোমাদের বন্ধু এই দুনিয়ার জীবনে ও পরকালে, আর তোমাদের জন্য এতে রয়েছে তোমাদের অন্তর যা-কিছু কামনা করে তাই, আর তোমাদের জন্য তাতে রয়েছে যা তোমরা চেয়ে পাঠাও।",
    "bn_muhi": "ইহকালে ও পরকালে আমরা তোমাদের বন্ধু। সেখানে তোমাদের জন্য আছে যা তোমাদের মন চায় এবং সেখানে তোমাদের জন্যে আছে তোমরা দাবী কর।",
    "en": "We [angels] were your allies in worldly life and [are so] in the Hereafter. And you will have therein whatever your souls desire, and you will have therein whatever you request [or wish]"
  },
  {
    "id": 32,
    "ar": "نُزُلًا مِّنْ غَفُورٍ رَّحِيمٍ",
    "tr": "নুঝুলাম মিন গাফূরির রাহীম।",
    "bn_haque": "পরিত্রাণকারী অফুরন্ত ফলদাতার তরফ থেকে এক আপ্যায়ন।",
    "bn_muhi": "এটা ক্ষমাশীল করুনাময়ের পক্ষ থেকে সাদর আপ্যায়ন।",
    "en": "As accommodation from a [Lord who is] Forgiving and Merciful.\""
  },
  {
    "id": 33,
    "ar": "وَمَنْ أَحْسَنُ قَوْلًا مِّمَّن دَعَآ إِلَى ٱللَّهِ وَعَمِلَ صَٰلِحًا وَقَالَ إِنَّنِى مِنَ ٱلْمُسْلِمِينَ",
    "tr": "ওয়া মান আহছানুকাওলাম মিম্মান দা‘আইলাল্লা-হি ওয়া‘আমিলা সা-লিহাওঁ ওয়াকা-লা ইন্নানী মিনাল মুছলিমীন।",
    "bn_haque": "আর কে তার চাইতে কথাবার্তায় বেশী ভাল যে আল্লাহ্‌র প্রতি আহ্বান করে এবং সৎকর্ম করে আর বলে -- \"আমি তো নিশ্চয়ই মুসলিমদের মধ্যেকার?\"",
    "bn_muhi": "যে আল্লাহর দিকে দাওয়াত দেয়, সৎকর্ম করে এবং বলে, আমি একজন আজ্ঞাবহ, তার কথা অপেক্ষা উত্তম কথা আর কার?",
    "en": "And who is better in speech than one who invites to Allah and does righteousness and says, \"Indeed, I am of the Muslims.\""
  },
  {
    "id": 34,
    "ar": "وَلَا تَسْتَوِى ٱلْحَسَنَةُ وَلَا ٱلسَّيِّئَةُ ٱدْفَعْ بِٱلَّتِى هِىَ أَحْسَنُ فَإِذَا ٱلَّذِى بَيْنَكَ وَبَيْنَهُۥ عَدَٰوَةٌ كَأَنَّهُۥ وَلِىٌّ حَمِيمٌ",
    "tr": "ওয়ালা-তাছতাবিল হাছানাতুওয়ালাছ ছাইয়িআতু ইদফা‘ বিল্লাতী হিয়া আহছানু ফাইযাল্লাযী বাইনাকা ওয়া বাইনাহূ‘আদা-ওয়াতুন কাআন্নাহূওয়ালিইউন হামীম।",
    "bn_haque": "আর ভাল জিনিস ও মন্দ জিনিস একসমান হতে পারে না। প্রতিহত করো তাই দিয়ে যা অধিকতর উৎকৃষ্ট, ফলে দেখো! তোমার মধ্যে ও তার মধ্যে শত্রুতা থাকলেও সে যেন ছিল অন্তরঙ্গ বন্ধু।",
    "bn_muhi": "সমান নয় ভাল ও মন্দ। জওয়াবে তাই বলুন যা উৎকৃষ্ট। তখন দেখবেন আপনার সাথে যে ব্যক্তির শুত্রুতা রয়েছে, সে যেন অন্তরঙ্গ বন্ধু।",
    "en": "And not equal are the good deed and the bad. Repel [evil] by that [deed] which is better; and thereupon the one whom between you and him is enmity [will become] as though he was a devoted friend."
  },
  {
    "id": 35,
    "ar": "وَمَا يُلَقَّىٰهَآ إِلَّا ٱلَّذِينَ صَبَرُوا۟ وَمَا يُلَقَّىٰهَآ إِلَّا ذُو حَظٍّ عَظِيمٍ",
    "tr": "ওয়ামা-ইউলাক্কা-হাইল্লাল্লাযীনা সাবারূ ওয়ামা-ইউলাক্কা-হাইল্লা-যূহাজ্জিন ‘আজীম।",
    "bn_haque": "আর কেউ এটি পেতে পারে না তারা ব্যতীত যারা অধ্যবসায় করে, আর কেউ এটি পেতে পারে না মহান সৌভাগ্যবান ব্যতীত।",
    "bn_muhi": "এ চরিত্র তারাই লাভ করে, যারা সবর করে এবং এ চরিত্রের অধিকারী তারাই হয়, যারা অত্যন্ত ভাগ্যবান।",
    "en": "But none is granted it except those who are patient, and none is granted it except one having a great portion [of good]."
  },
  {
    "id": 36,
    "ar": "وَإِمَّا يَنزَغَنَّكَ مِنَ ٱلشَّيْطَٰنِ نَزْغٌ فَٱسْتَعِذْ بِٱللَّهِ إِنَّهُۥ هُوَ ٱلسَّمِيعُ ٱلْعَلِيمُ",
    "tr": "ওয়া ইম্মা-ইয়ানঝাগান্নাকা মিনাশশাইতা-নি নাঝগুন ফাছতা‘ইযবিল্লা -হি ইন্নাহূহুওয়াছ ছামী‘উল ‘আলীম।",
    "bn_haque": "আর শয়তান থেকে কোনো খোঁচা যদি তোমাকে খোঁচা দেয় তাহলে তুমি আল্লাহ্‌র কাছে আশ্রয় চাও। নিঃসন্দেহ তিনি স্বয়ং সর্বশ্রোতা, সর্বজ্ঞাতা।",
    "bn_muhi": "যদি শয়তানের পক্ষ থেকে আপনি কিছু কুমন্ত্রণা অনুভব করেন, তবে আল্লাহর শরণাপন্ন হোন। নিশ্চয় তিনি সর্বশ্রোতা, সর্বজ্ঞ।",
    "en": "And if there comes to you from Satan an evil suggestion, then seek refuge in Allah . Indeed, He is the Hearing, the Knowing."
  },
  {
    "id": 37,
    "ar": "وَمِنْ ءَايَٰتِهِ ٱلَّيْلُ وَٱلنَّهَارُ وَٱلشَّمْسُ وَٱلْقَمَرُ لَا تَسْجُدُوا۟ لِلشَّمْسِ وَلَا لِلْقَمَرِ وَٱسْجُدُوا۟ لِلَّهِ ٱلَّذِى خَلَقَهُنَّ إِن كُنتُمْ إِيَّاهُ تَعْبُدُونَ",
    "tr": "ওয়া মিন আ-য়া-তিহিল্লাইলুওয়ান্নাহা-রু ওয়াশশামছুওয়াল কামারু লা-তাছজু দূ লিশশামছি ওয়ালা-লিলকামারি ওয়াছজু দূ লিল্লা-হিল্লাযী খালাকাহুন্না ইন কুনতুম ইয়্যা-হু তা‘বুদূ ন।",
    "bn_haque": "আর তাঁর নিদর্শনাবলীর মধ্যে রয়েছে রাত ও দিন আর সূর্য ও চন্দ্র। তোমরা সূর্যের প্রতি সিজদা করো না আর চন্দ্রের প্রতিও নয়, বরং তোমরা সিজ্‌দা করো আল্লাহ্‌র প্রতি যিনি এগুলোকে সৃষ্টি করেছেন, যদি তোমরা তাঁকেই উপাসনা করতে চাও।",
    "bn_muhi": "তাঁর নিদর্শনসমূহের মধ্যে রয়েছে দিবস, রজনী, সূর্য ও চন্দ্র। তোমরা সূর্যকে সেজদা করো না, চন্দ্রকেও না; আল্লাহকে সেজদা কর, যিনি এগুলো সৃষ্টি করেছেন, যদি তোমরা নিষ্ঠার সাথে শুধুমাত্র তাঁরই এবাদত কর।",
    "en": "And of His signs are the night and day and the sun and moon. Do not prostrate to the sun or to the moon, but prostate to Allah, who created them, if it should be Him that you worship."
  },
  {
    "id": 38,
    "ar": "فَإِنِ ٱسْتَكْبَرُوا۟ فَٱلَّذِينَ عِندَ رَبِّكَ يُسَبِّحُونَ لَهُۥ بِٱلَّيْلِ وَٱلنَّهَارِ وَهُمْ لَا يَسْـَٔمُونَ ۩",
    "tr": "ফাইনিছতাকবারূফাল্লাযীনা ‘ইনদা রাব্বিকাইউছাব্বিহূনালাহূবিল্লাইলি ওয়ান্নাহা-রি ওয়াহুম লা-ইয়াছআমূন (ছিজদাহ-১১)।",
    "bn_haque": "কিন্ত যদি তারা গর্ববোধ করে, বস্তুতঃ যারা তোমার প্রভুর সান্নিধ্যে রয়েছে তারা তাঁর জপতপ করছে দিন ও রাতভর, আর তারা ক্লান্তিবোধ করে না।",
    "bn_muhi": "অতঃপর তারা যদি অহংকার করে, তবে যারা আপনার পালনকর্তার কাছে আছে, তারা দিবারাত্রি তাঁর পবিত্রতা ঘোষণা করে এবং তারা ক্লান্ত হয় না।",
    "en": "But if they are arrogant - then those who are near your Lord exalt Him by night and by day, and they do not become weary."
  },
  {
    "id": 39,
    "ar": "وَمِنْ ءَايَٰتِهِۦٓ أَنَّكَ تَرَى ٱلْأَرْضَ خَٰشِعَةً فَإِذَآ أَنزَلْنَا عَلَيْهَا ٱلْمَآءَ ٱهْتَزَّتْ وَرَبَتْ إِنَّ ٱلَّذِىٓ أَحْيَاهَا لَمُحْىِ ٱلْمَوْتَىٰٓ إِنَّهُۥ عَلَىٰ كُلِّ شَىْءٍ قَدِيرٌ",
    "tr": "ওয়া মিন আ-য়া-তিহীআন্নাকা তারাল আরদা খা-শি‘আতান ফাইযাআনঝালনা‘আলাইহাল মাআহতাঝঝাত ওয়া রাবাত ইন্নাল্লাযীআহইয়া-হা-লামুহইল মাওতা ইন্নাহূ‘আলা-কুল্লি শাইয়িন কাদীর।",
    "bn_haque": "আর তাঁর নিদর্শনগুলোর মধ্যে হচ্ছে যে, তুমি পৃথিবীটাকে দেখতে পাচ্ছ শুকনো, তারপর যখন তার উপরে আমরা বর্ষণ করি বৃষ্টি তখন তা চঞ্চল হয় ও ফেঁপে ওঠে। নিঃসন্দেহ যিনি এটিকে জীবনদান করেন তিনিই তো মৃতের প্রাণদাতা। তিনি নিশ্চয়ই সব- কিছুর উপরে সর্বশক্তিমান।",
    "bn_muhi": "তাঁর এক নিদর্শন এই যে, তুমি ভূমিকে দেখবে অনুর্বর পড়ে আছে। অতঃপর আমি যখন তার উপর বৃষ্টি বর্ষণ করি, তখন সে শস্যশ্যামল ও স্ফীত হয়। নিশ্চয় যিনি একে জীবিত করেন, তিনি জীবিত করবেন মৃতদেরকেও। নিশ্চয় তিনি সবকিছু করতে সক্ষম।",
    "en": "And of His signs is that you see the earth stilled, but when We send down upon it rain, it quivers and grows. Indeed, He who has given it life is the Giver of Life to the dead. Indeed, He is over all things competent."
  },
  {
    "id": 40,
    "ar": "إِنَّ ٱلَّذِينَ يُلْحِدُونَ فِىٓ ءَايَٰتِنَا لَا يَخْفَوْنَ عَلَيْنَآ أَفَمَن يُلْقَىٰ فِى ٱلنَّارِ خَيْرٌ أَم مَّن يَأْتِىٓ ءَامِنًا يَوْمَ ٱلْقِيَٰمَةِ ٱعْمَلُوا۟ مَا شِئْتُمْ إِنَّهُۥ بِمَا تَعْمَلُونَ بَصِيرٌ",
    "tr": "ইন্নাল্লাযীনা ইউলহিদূ না ফীআ-য়া-তিনা-লা-ইয়াখফাওনা ‘আলাইনা- আফামাইঁ ইউলকা-ফিন্না-রি খাইরুন আমমাইঁ ইয়া’তী আ-মিনাইঁ ইয়াওমাল কিয়া-মাতি ই‘মালূ মা-শি’তুম ইন্নাহূবিমা-তা‘মালূনা বাসীর।",
    "bn_haque": "নিঃসন্দেহ যারা বেঁকে বসে আমাদের নির্দেশাবলীসন্বন্ধে তারা আমাদের থেকে লুকিয়ে থাকা নয়। তবে কি যাকে আগুনে নিক্ষেপ করা হবে সে অধিকতর ভাল, না সে, যে কিয়ামতের দিনে নিরাপত্তার সাথে হাজির হবে? তোমরা যা চাও করে যাও, নিঃসন্দেহ তোমরা যা করছ সে-সন্বন্ধে তিনি সর্বদ্রষ্টা।",
    "bn_muhi": "নিশ্চয় যারা আমার আয়াতসমূহের ব্যাপারে বক্রতা অবলম্বন করে, তারা আমার কাছে গোপন নয়। যে ব্যক্তি জাহান্নামে নিক্ষিপ্ত হবে সে শ্রেষ্ঠ, না যে কেয়ামতের দিন নিরাপদে আসবে? তোমরা যা ইচ্ছা কর, নিশ্চয় তিনি দেখেন যা তোমরা কর।",
    "en": "Indeed, those who inject deviation into Our verses are not concealed from Us. So, is he who is cast into the Fire better or he who comes secure on the Day of Resurrection? Do whatever you will; indeed, He is Seeing of what you do."
  },
  {
    "id": 41,
    "ar": "إِنَّ ٱلَّذِينَ كَفَرُوا۟ بِٱلذِّكْرِ لَمَّا جَآءَهُمْ وَإِنَّهُۥ لَكِتَٰبٌ عَزِيزٌ",
    "tr": "ইন্নাল্লাযীনা কাফারূবিযযি করি লাম্মা-জাআহুম ওয়া ইন্নাহূলাকিতা-বুন ‘আঝীঝ।",
    "bn_haque": "নিঃসন্দেহ যারা স্মারকগ্রন্থকে প্রত্যাখ্যান করে তাদের কাছে তা আসার পরে। আর এটি তো নিশ্চয়ই এক সুমহান গ্রন্থ, --",
    "bn_muhi": "নিশ্চয় যারা কোরআন আসার পর তা অস্বীকার করে, তাদের মধ্যে চিন্তা-ভাবনার অভাব রয়েছে। এটা অবশ্যই এক সম্মানিত গ্রন্থ।",
    "en": "Indeed, those who disbelieve in the message after it has come to them... And indeed, it is a mighty Book."
  },
  {
    "id": 42,
    "ar": "لَّا يَأْتِيهِ ٱلْبَٰطِلُ مِنۢ بَيْنِ يَدَيْهِ وَلَا مِنْ خَلْفِهِۦ تَنزِيلٌ مِّنْ حَكِيمٍ حَمِيدٍ",
    "tr": "লা-ইয়া’তীহিল বা-তিলুমিম বাইনি ইয়াদাইহি ওয়ালা-মিন খালফীহি তানঝীলুম মিন হাকীমিন হামীদ।",
    "bn_haque": "এতে মিথ্যা কথা আসতে পারবে না এর সামনে থেকে, আর এর পেছন থেকেও নয়। এ হচ্ছে একটি অবতারণ মহাজ্ঞানী পরম প্রশংসিতের কাছ থেকে।",
    "bn_muhi": "এতে মিথ্যার প্রভাব নেই, সামনের দিক থেকেও নেই এবং পেছন দিক থেকেও নেই। এটা প্রজ্ঞাময়, প্রশংসিত আল্লাহর পক্ষ থেকে অবতীর্ণ।",
    "en": "Falsehood cannot approach it from before it or from behind it; [it is] a revelation from a [Lord who is] Wise and Praiseworthy."
  },
  {
    "id": 43,
    "ar": "مَّا يُقَالُ لَكَ إِلَّا مَا قَدْ قِيلَ لِلرُّسُلِ مِن قَبْلِكَ إِنَّ رَبَّكَ لَذُو مَغْفِرَةٍ وَذُو عِقَابٍ أَلِيمٍ",
    "tr": "মা-ইউকা-লুলাকা ইল্লা-মা-কাদ কীলা লিররুছুলি মিন কাবলিকা ইন্না রাব্বাকা লাযূ মাগফীরাতিওঁ ওয়া যূ‘ইকা-বিন আলীম।",
    "bn_haque": "তোমার প্রতি এমন কিছু বলা হয়নি তা ব্যতীত যা বলা হতো তোমার পূর্ববর্তী রসূলগণের সন্বন্ধে। নিঃসন্দেহ তোমার প্রভু নিশ্চয়ই পরিত্রাণে ক্ষমতাবান, এবং কঠোর প্রতিফল দিতে সক্ষম।",
    "bn_muhi": "আপনাকে তো তাই বলা হয়, যা বলা হত পূর্ববর্তী রসূলগনকে। নিশ্চয় আপনার পালনকর্তার কাছে রয়েছে ক্ষমা এবং রয়েছে যন্ত্রণাদায়ক শাস্তি।",
    "en": "Nothing is said to you, [O Muhammad], except what was already said to the messengers before you. Indeed, your Lord is a possessor of forgiveness and a possessor of painful penalty."
  },
  {
    "id": 44,
    "ar": "وَلَوْ جَعَلْنَٰهُ قُرْءَانًا أَعْجَمِيًّا لَّقَالُوا۟ لَوْلَا فُصِّلَتْ ءَايَٰتُهُۥٓ ءَا۬عْجَمِىٌّ وَعَرَبِىٌّ قُلْ هُوَ لِلَّذِينَ ءَامَنُوا۟ هُدًى وَشِفَآءٌ وَٱلَّذِينَ لَا يُؤْمِنُونَ فِىٓ ءَاذَانِهِمْ وَقْرٌ وَهُوَ عَلَيْهِمْ عَمًى أُو۟لَٰٓئِكَ يُنَادَوْنَ مِن مَّكَانٍۭ بَعِيدٍ",
    "tr": "ওয়া লাও জা‘আলনা-হু কুরআ-নান আ‘জামিয়াল লাকা-লূলাওলা-ফুসসিলাত আ-য়া-তুহূ আ আ‘জামিইয়ুওঁ ওয়া ‘আরাবীইয়ুন কুল হুওয়া লিল্লাযীনা আ-মানূহুদাওঁ ওয়া শিফাউরঁ ওয়াল্লাযীনা লা-ইউ’মিনূনা ফীআ-যা-নিহিম ওয়াকরুওঁ ওয়া হুওয়া ‘আলাইহিম ‘আমা- উলাইকা ইউনা-দাওনা মিম মাকা-নিম বা‘ঈদ।",
    "bn_haque": "আর যদি আমরা এটিকে একটি আ'জমী ভাষণ বানাতাম তাহলে তারা নিশ্চয়ই বলত -- \"এর আয়াতগুলো কেন পরিস্কারভাবে বলা হয় নি? কী! একটি আ'জমী এবং একজন আরবীয়!\" বলো -- \"যারা বিশ্বাস করে তাদের জন্য এটি এক পথনির্দেশ ও এক আরোগ্য-বিধান।\" আর যারা বিশ্বাস করে না তাদের কানের মধ্যে রয়েছে বধিরতা, আর তাদের জন্য এটি অন্ধকারাচ্ছন্ন। এরা -- এদের ডাকা হয় বহু দূরের জায়গা থেকে।",
    "bn_muhi": "আমি যদি একে অনারব ভাষায় কোরআন করতাম, তবে অবশ্যই তারা বলত, এর আয়াতসমূহ পরিস্কার ভাষায় বিবৃত হয়নি কেন? কি আশ্চর্য যে, কিতাব অনারব ভাষায় আর রসূল আরবী ভাষী! বলুন, এটা বিশ্বাসীদের জন্য হেদায়েত ও রোগের প্রতিকার। যারা মুমিন নয়, তাদের কানে আছে ছিপি, আর কোরআন তাদের জন্যে অন্ধত্ব। তাদেরকে যেন দূরবর্তী স্থান থেকে আহবান করা হয়।",
    "en": "And if We had made it a non-Arabic Qur'an, they would have said, \"Why are its verses not explained in detail [in our language]? Is it a foreign [recitation] and an Arab [messenger]?\" Say, \"It is, for those who believe, a guidance and cure.\" And those who do not believe - in their ears is deafness, and it is upon them blindness. Those are being called from a distant place."
  },
  {
    "id": 45,
    "ar": "وَلَقَدْ ءَاتَيْنَا مُوسَى ٱلْكِتَٰبَ فَٱخْتُلِفَ فِيهِ وَلَوْلَا كَلِمَةٌ سَبَقَتْ مِن رَّبِّكَ لَقُضِىَ بَيْنَهُمْ وَإِنَّهُمْ لَفِى شَكٍّ مِّنْهُ مُرِيبٍ",
    "tr": "ওয়া লাকাদ আ-তাইনা-মূছাল কিতা-বা ফাখতুলিফা ফীহি ওয়া লাওলা-কালিমাতুন ছাবাকাত মিররাব্বিকা লাকুদিয়া বাইনাহুম ওয়া ইন্নাহুম লাফী শাক্কিম মিনহু মুরীব।",
    "bn_haque": "আর আমরা তো ইতিপূর্বে মূসাকে ধর্মগ্রন্থ দিয়েছিলাম, কিন্ত এতে মতভেদ ঘটানো হয়েছিল। আর যদি না তোমার প্রভুর কাছ থেকে একটি বাণী ইতিপূর্বে ধার্য হয়ে থাকত তাহলে তাদের মধ্যে মীমাংসা হয়ে যেত। আর নিঃসন্দেহ এ-সন্বন্ধে তা রা এক অস্বস্তিকর সন্দেহের মাঝে রয়েছে।",
    "bn_muhi": "আমি মূসাকে কিতাব দিয়েছিলাম, অতঃপর তাতে মতভেদ সৃষ্টি হয়। আপনার পালনকর্তার পক্ষ থেকে পূর্ব সিদ্ধান্ত না থাকলে তাদের মধ্যে ফয়সালা হয়ে যেত। তারা কোরআন সমন্ধে এক অস্বস্তিকর সন্দেহে লিপ্ত।",
    "en": "And We had already given Moses the Scripture, but it came under disagreement. And if not for a word that preceded from your Lord, it would have been concluded between them. And indeed they are, concerning the Qur'an, in disquieting doubt."
  },
  {
    "id": 46,
    "ar": "مَّنْ عَمِلَ صَٰلِحًا فَلِنَفْسِهِۦ وَمَنْ أَسَآءَ فَعَلَيْهَا وَمَا رَبُّكَ بِظَلَّٰمٍ لِّلْعَبِيدِ",
    "tr": "মান ‘আমিলা সা-লিহান ফালিনাফছিহী ওয়ামান আছাআ ফা‘আলাইহা- ওয়ামারাব্বুকা বিজাল্লা-মিল লিল‘আবীদ।",
    "bn_haque": "যে কেউ সৎকর্ম করে থাকে, সেটি তো তার নিজের জন্যেই, আর যে কেউ মন্দকাজ করে সেটি তো তারই বিরুদ্ধে। আর তোমার প্রভু দাসদের প্রতি আদৌ অন্যায়কারী নন।",
    "bn_muhi": "যে সৎকর্ম করে, সে নিজের উপকারের জন্যেই করে, আর যে অসৎকর্ম করে, তা তার উপরই বর্তাবে। আপনার পালনকর্তা বান্দাদের প্রতি মোটেই যুলুম করেন না।",
    "en": "Whoever does righteousness - it is for his [own] soul; and whoever does evil [does so] against it. And your Lord is not ever unjust to [His] servants."
  },
  {
    "id": 47,
    "ar": "إِلَيْهِ يُرَدُّ عِلْمُ ٱلسَّاعَةِ وَمَا تَخْرُجُ مِن ثَمَرَٰتٍ مِّنْ أَكْمَامِهَا وَمَا تَحْمِلُ مِنْ أُنثَىٰ وَلَا تَضَعُ إِلَّا بِعِلْمِهِۦ وَيَوْمَ يُنَادِيهِمْ أَيْنَ شُرَكَآءِى قَالُوٓا۟ ءَاذَنَّٰكَ مَا مِنَّا مِن شَهِيدٍ",
    "tr": "ইলাইহি ইউরাদ্দু‘ইলমুছ ছা-‘আতি ওয়া মা-তাখরুজুমিন ছামারা-তিম মিন আকমামিহা-ওয়ামা-তাহমিলুমিন উনছা-ওয়ালা তাদা‘উ ইল্লা-বি‘ইলমিহী ওয়া ইয়াওমা ইউনা-দীহিম আইনা শুরাকাঈ কা-লূ আ-যান্না-কা মা-মিন্না-মিন শাহীদ।",
    "bn_haque": "তাঁর কাছেই হাওয়ালা দেওয়া হয় ঘড়িঘন্টার জ্ঞান সন্বন্ধে। আর ফল-ফসলের কোনোটিই তার থোড়ের মধ্যে থেকে বেরিয়ে আসে না, আর নারীদের কেউ গর্ভধারণ করে না ও সন্তান প্রসবও করে না তাঁর জ্ঞানের বাইরে। আর সেইদিন তিনি তাদের ডেকে বলবেন -- \"কোথায় আমার শরিকান?\" তারা বলবে -- \"আমরা তোমার কাছে ঘোষণা করছি, আমাদের মধ্যে কেউই সাক্ষী নই।\"",
    "bn_muhi": "কেয়ামতের জ্ঞান একমাত্র তাঁরই জানা। তাঁর জ্ঞানের বাইরে কোন ফল আবরণমুক্ত হয় না। এবং কোন নারী গর্ভধারণ ও সন্তান প্রসব করে না। যেদিন আল্লাহ তাদেরকে ডেকে বলবেন, আমার শরীকরা কোথায়? সেদিন তারা বলবে, আমরা আপনাকে বলে দিয়েছি যে, আমাদের কেউ এটা স্বীকার করে না।",
    "en": "To him [alone] is attributed knowledge of the Hour. And fruits emerge not from their coverings nor does a female conceive or give birth except with His knowledge. And the Day He will call to them, \"Where are My 'partners'?\" they will say, \"We announce to You that there is [no longer] among us any witness [to that].\""
  },
  {
    "id": 48,
    "ar": "وَضَلَّ عَنْهُم مَّا كَانُوا۟ يَدْعُونَ مِن قَبْلُ وَظَنُّوا۟ مَا لَهُم مِّن مَّحِيصٍ",
    "tr": "ওয়া দাল্লা ‘আনহুম মা-কা-নূইয়াদ‘ঊনা মিন কাবলুওয়া জান্নূমা-লাহুম মিম মাহীছ।",
    "bn_haque": "আর এর আগে যাদের তারা ডাকত তারা তাদের থেকে অদৃশ্য হয়ে যাবে, আর তারা বুঝবে যে তাদের জন্য কোনো আশ্রয় নেই।",
    "bn_muhi": "পূর্বে তারা যাদের পূজা করত, তারা উধাও হয়ে যাবে এবং তারা বুঝে নেবে যে, তাদের কোন নিস্কৃতি নেই।",
    "en": "And lost from them will be those they were invoking before, and they will be certain that they have no place of escape."
  },
  {
    "id": 49,
    "ar": "لَّا يَسْـَٔمُ ٱلْإِنسَٰنُ مِن دُعَآءِ ٱلْخَيْرِ وَإِن مَّسَّهُ ٱلشَّرُّ فَيَـُٔوسٌ قَنُوطٌ",
    "tr": "লা-ইয়াছআমুল ইনছা-নুমিন দু‘আইল খাইরি ওয়াইম মাছছাহুশ শাররু ফাইয়াঊছুন কানূত।",
    "bn_haque": "মানুষ ভালর জন্যে প্রার্থনায় ক্লান্তি বোধ করে না, কিন্ত যদি দুঃখকষ্ট তাকে স্পর্শ করে সে তখন ধৈর্যহারা হয়ে যায়।",
    "bn_muhi": "মানুষ উন্নতি কামনায় ক্লান্ত হয় না; যদি তাকে অমঙ্গল স্পর্শ করে, তবে সে সম্পূর্ণ রূপে নিরাশ হয়ে পড়ে।",
    "en": "Man is not weary of supplication for good [things], but if evil touches him, he is hopeless and despairing."
  },
  {
    "id": 50,
    "ar": "وَلَئِنْ أَذَقْنَٰهُ رَحْمَةً مِّنَّا مِنۢ بَعْدِ ضَرَّآءَ مَسَّتْهُ لَيَقُولَنَّ هَٰذَا لِى وَمَآ أَظُنُّ ٱلسَّاعَةَ قَآئِمَةً وَلَئِن رُّجِعْتُ إِلَىٰ رَبِّىٓ إِنَّ لِى عِندَهُۥ لَلْحُسْنَىٰ فَلَنُنَبِّئَنَّ ٱلَّذِينَ كَفَرُوا۟ بِمَا عَمِلُوا۟ وَلَنُذِيقَنَّهُم مِّنْ عَذَابٍ غَلِيظٍ",
    "tr": "ওয়ালাইন আযাকনা-হু রাহমাতাম মিন্না-মিম বা‘দি দাররাআ মাছছাতহু লাইয়াকূলান্না হা-যা-লী ওয়ামাআজুন্নুছ ছা‘আতা কাইমাতাওঁ ওয়ালাইর রুজি‘তুইলারাববীইন্না লী ‘ইনদাহূলালহুছনা- ফালানুনাব্বিআন্নাল্লাযীনা কাফারূবিমা-‘আমিলূ ওয়া লানুযীকান্নাহুম মিন ‘আযা-বিন গালীজ।",
    "bn_haque": "আর দুঃখদুর্দশা তাকে স্পর্শ করার পরে আমরা যদি তাকে আমাদের থেকে করুণা আস্বাদ করাই, সে নিশ্চয়ই বলবে -- \"এটি আমারই জন্যে, আর আমি মনে করি না যে ঘড়িঘন্টা কায়েম হবে, আর যদিই বা আমাকে আমার প্রভুর কাছে নিয়ে যাওয়া হয় তবে আমার জন্য তাঁর কাছে কল্যাণই থাকবে।\" কিন্ত যারা অবিশ্বাস পোষণ করে তাদের আমরা অবশ্যই জানিয়ে দেব কী তারা করেছিল এবং তাদের আমরা অবশ্যই আস্বাদন করাব কঠোর শাস্তি থেকে।",
    "bn_muhi": "বিপদাপদ স্পর্শ করার পর আমি যদি তাকে আমার অনুগ্রহ আস্বাদন করাই, তখন সে বলতে থাকে, এটা যে আমার যোগ্য প্রাপ্য; আমি মনে করি না যে, কেয়ামত সংঘটিত হবে। আমি যদি আমার পালনকর্তার কাছে ফিরে যাই, তবে অবশ্যই তার কাছে আমার জন্য কল্যাণ রয়েছে। অতএব, আমি কাফেরদেরকে তাদের কর্ম সম্পর্কে অবশ্যই অবহিত করব এবং তাদেরকে অবশ্যই আস্বাদন করাব কঠিন শাস্তি।",
    "en": "And if We let him taste mercy from Us after an adversity which has touched him, he will surely say, \"This is [due] to me, and I do not think the Hour will occur; and [even] if I should be returned to my Lord, indeed, for me there will be with Him the best.\" But We will surely inform those who disbelieved about what they did, and We will surely make them taste a massive punishment."
  },
  {
    "id": 51,
    "ar": "وَإِذَآ أَنْعَمْنَا عَلَى ٱلْإِنسَٰنِ أَعْرَضَ وَنَـَٔا بِجَانِبِهِۦ وَإِذَا مَسَّهُ ٱلشَّرُّ فَذُو دُعَآءٍ عَرِيضٍ",
    "tr": "ওয়া ইযা আন‘আমনা-‘আলাল ইনছা-নি আ‘রাদা ওয়া নাআ-বিজা-নিবিহী ওয়া ইযা-মাছছাহুশ শাররু ফাযূদুআইন ‘আরীদ।",
    "bn_haque": "আর যখন আমরা মানুষের উপরে অনুগ্রহ বর্ষণ করি সে মুখ ফিরিয়ে নেয় ও এর আশপাশ থেকে দূরে সরে যায়, কিন্ত যখন দুঃখকষ্ট তাকে স্পর্শ করে তখন দেখো! সে দীর্ঘ প্রার্থনায় রত হয়।",
    "bn_muhi": "আমি যখন মানুষের প্রতি অনুগ্রহ করি তখন সে মুখ ফিরিয়ে নেয় এবং পার্শ্ব পরিবর্তন করে। আর যখন তাকে অনিষ্ট স্পর্শ করে, তখন সুদীর্ঘ দোয়া করতে থাকে।",
    "en": "And when We bestow favor upon man, he turns away and distances himself; but when evil touches him, then he is full of extensive supplication."
  },
  {
    "id": 52,
    "ar": "قُلْ أَرَءَيْتُمْ إِن كَانَ مِنْ عِندِ ٱللَّهِ ثُمَّ كَفَرْتُم بِهِۦ مَنْ أَضَلُّ مِمَّنْ هُوَ فِى شِقَاقٍۭ بَعِيدٍ",
    "tr": "কুল আরাআইতুম ইন কা-না মিন ‘ইনদিল্লা-হি ছু ম্মা কাফারতুম বিহী মান আদাল্লুমিম্মান হুওয়া ফী শিকা-কিম বা‘ঈদ।",
    "bn_haque": "তুমি বলো -- \"তোমরা কি ভেবে দেখেছ, যদি এটি আল্লাহ্‌র কাছ থেকে হ’য়ে থাকে এবং তোমরা এতে অবিশ্বাস কর, তাহলে তার চাইতে কে বেশী পথভ্রান্ত যে সুদূরব্যাপী বিরুদ্ধাচরণে রয়েছে?\"",
    "bn_muhi": "বলুন, তোমরা ভেবে দেখেছ কি, যদি এটা আল্লাহর পক্ষ থেকে হয়, অতঃপর তোমরা একে অমান্য কর, তবে যে ব্যক্তি ঘোর বিরোধিতায় লিপ্ত, তার চাইতে অধিক পথভ্রষ্ট আর কে?",
    "en": "Say, \"Have you considered: if the Qur'an is from Allah and you disbelieved in it, who would be more astray than one who is in extreme dissension?\""
  },
  {
    "id": 53,
    "ar": "سَنُرِيهِمْ ءَايَٰتِنَا فِى ٱلْءَافَاقِ وَفِىٓ أَنفُسِهِمْ حَتَّىٰ يَتَبَيَّنَ لَهُمْ أَنَّهُ ٱلْحَقُّ أَوَلَمْ يَكْفِ بِرَبِّكَ أَنَّهُۥ عَلَىٰ كُلِّ شَىْءٍ شَهِيدٌ",
    "tr": "ছানুরীহিম আ-য়া-তিনা-ফিল আ-ফা-কিওয়া ফীআনফুছিহিম হাত্তা-ইয়াতাবাইইয়ানা লাহুম আন্নাহুল হাক্কু আওয়ালাম ইয়াকফি বিরাব্বিকা আন্নাহূ‘আলা-কুল্লি শাইয়িন শাহীদ।",
    "bn_haque": "আমরা অচিরেই তাদের দেখাব আমাদের নিদর্শনাবলী দিগদিগন্তে এবং তাদের নিজেদের মধ্যেও, যে পর্যন্ত না তাদের কাছে স্পষ্ট হয়ে যায় যে এটি নিঃসন্দেহ ধ্রুবসত্য। এটি কি যথেষ্ট নয় যে তোমার প্রভু -- তিনিই তো সব-কিছুর উপরে সাক্ষী রয়েছেন?",
    "bn_muhi": "এখন আমি তাদেরকে আমার নিদর্শনাবলী প্রদর্শন করাব পৃথিবীর দিগন্তে এবং তাদের নিজেদের মধ্যে; ফলে তাদের কাছে ফুটে উঠবে যে, এ কোরআন সত্য। আপনার পালনকর্তা সর্ববিষয়ে সাক্ষ্যদাতা, এটা কি যথেষ্ট নয়?",
    "en": "We will show them Our signs in the horizons and within themselves until it becomes clear to them that it is the truth. But is it not sufficient concerning your Lord that He is, over all things, a Witness?"
  },
  {
    "id": 54,
    "ar": "أَلَآ إِنَّهُمْ فِى مِرْيَةٍ مِّن لِّقَآءِ رَبِّهِمْ أَلَآ إِنَّهُۥ بِكُلِّ شَىْءٍ مُّحِيطٌۢ",
    "tr": "আলাইন্নাহুম ফী মিরইয়াতিম মিলিলকাই, রাব্বিহিম আলাইন্নাহূবিকুল্লি শাইয়িম মুহীত।",
    "bn_haque": "এটি কি নয় যে তারা আলবৎ সন্দেহের মাঝে রয়েছে তাদের প্রভুর সাথে সাক্ষাৎকার সন্বন্ধে? এটি কি নয় যে তিনি নিশ্চয় সব- কিছুরই পরিবেষ্টনকারী?",
    "bn_muhi": "শুনে রাখ, তারা তাদের পালনকর্তার সাথে সাক্ষাতের ব্যাপারে সন্দেহে পতিত রয়েছে। শুনে রাখ, তিনি সবকিছুকে পরিবেষ্টন করে রয়েছেন।",
    "en": "Unquestionably, they are in doubt about the meeting with their Lord. Unquestionably He is, of all things, encompassing."
  }
]