[
  {
    "id": 1,
    "ar": "تَبَّتْ يَدَآ أَبِى لَهَبٍ وَتَبَّ",
    "tr": "তাব্বাত ইয়াদাআবী লাহাবিওঁ ওয়া তাবব।",
    "bn_haque": "ধ্বংস হোক আবু লহবের উভয় হাত, আর সে-ও ধ্বংস হোক!",
    "bn_muhi": "আবু লাহাবের হস্তদ্বয় ধ্বংস হোক এবং ধ্বংস হোক সে নিজে,",
    "en": "May the hands of Abu Lahab be ruined, and ruined is he."
  },
  {
    "id": 2,
    "ar": "مَآ أَغْنَىٰ عَنْهُ مَالُهُۥ وَمَا كَسَبَ",
    "tr": "মাআগনা-‘আনহু মা-লুহূওয়ামা-কাছাব।",
    "bn_haque": "তার ধন-সম্পদ ও যা সে অর্জন করেছে তা তার কোনো কাজে আসবে না।",
    "bn_muhi": "কোন কাজে আসেনি তার ধন-সম্পদ ও যা সে উপার্জন করেছে।",
    "en": "His wealth will not avail him or that which he gained."
  },
  {
    "id": 3,
    "ar": "سَيَصْلَىٰ نَارًا ذَاتَ لَهَبٍ",
    "tr": "ছাইয়াসলা-না-রান যা-তা লাহাব।",
    "bn_haque": "তাকে অচিরেই ঠেলে দেওয়া হবে লেলিহান আগুনে --",
    "bn_muhi": "সত্বরই সে প্রবেশ করবে লেলিহান অগ্নিতে",
    "en": "He will [enter to] burn in a Fire of [blazing] flame"
  },
  {
    "id": 4,
    "ar": "وَٱمْرَأَتُهُۥ حَمَّالَةَ ٱلْحَطَبِ",
    "tr": "ওয়ামরাআতুহূ; হাম্মা-লাতাল হাতাব।",
    "bn_haque": "আর তার স্ত্রীকেও, -- ইন্ধন বহনকারিণী --",
    "bn_muhi": "এবং তার স্ত্রীও-যে ইন্ধন বহন করে,",
    "en": "And his wife [as well] - the carrier of firewood."
  },
  {
    "id": 5,
    "ar": "فِى جِيدِهَا حَبْلٌ مِّن مَّسَدٍۭ",
    "tr": "ফী জীদিহা-হাবলুম মিম মাছাদ।",
    "bn_haque": "তার গলায় থাকবে কড়াপাকের খেজুরের আঁশের রশি।",
    "bn_muhi": "তার গলদেশে খর্জুরের রশি নিয়ে।",
    "en": "Around her neck is a rope of [twisted] fiber."
  }
]