[
  {
    "id": 1,
    "ar": "وَٱلنَّٰزِعَٰتِ غَرْقًا",
    "tr": "ওয়ান্না-ঝি‘আ-তি গারকা-।",
    "bn_haque": "ভাবো প্রচেষ্টাকারীদের প্রচন্ড-প্রচেষ্টার কথা;",
    "bn_muhi": "শপথ সেই ফেরেশতাগণের, যারা ডুব দিয়ে আত্মা উৎপাটন করে,",
    "en": "By those [angels] who extract with violence"
  },
  {
    "id": 2,
    "ar": "وَٱلنَّٰشِطَٰتِ نَشْطًا",
    "tr": "ওয়ান্না-শিতা-তি নাশতা-।",
    "bn_haque": "আর ক্ষিপ্রগামীদের ত্বরিত এগুনোয়,",
    "bn_muhi": "শপথ তাদের, যারা আত্মার বাঁধন খুলে দেয় মৃদুভাবে;",
    "en": "And [by] those who remove with ease"
  },
  {
    "id": 3,
    "ar": "وَٱلسَّٰبِحَٰتِ سَبْحًا",
    "tr": "ওয়াছছা-বিহা-তি ছাবহা-।",
    "bn_haque": "আর সন্তরণকারীদের দ্রত সন্তরণে,",
    "bn_muhi": "শপথ তাদের, যারা সন্তরণ করে দ্রুতগতিতে,",
    "en": "And [by] those who glide [as if] swimming"
  },
  {
    "id": 4,
    "ar": "فَٱلسَّٰبِقَٰتِ سَبْقًا",
    "tr": "ফাছছা-বিকা-তি ছাবকা-।",
    "bn_haque": "আর অগ্রগামীরা এগিয়েই চলেছে,",
    "bn_muhi": "শপথ তাদের, যারা দ্রুতগতিতে অগ্রসর হয় এবং",
    "en": "And those who race each other in a race"
  },
  {
    "id": 5,
    "ar": "فَٱلْمُدَبِّرَٰتِ أَمْرًا",
    "tr": "ফাল মুদাব্বিরা-তি আমরা-।",
    "bn_haque": "তারপর ঘটনানিয়ন্ত্রণকারীদের কথা!",
    "bn_muhi": "শপথ তাদের, যারা সকল কর্মনির্বাহ করে, কেয়ামত অবশ্যই হবে।",
    "en": "And those who arrange [each] matter,"
  },
  {
    "id": 6,
    "ar": "يَوْمَ تَرْجُفُ ٱلرَّاجِفَةُ",
    "tr": "ইয়াওমা তারজুফুররা-জিফাহ।",
    "bn_haque": "সেদিন স্পন্দিত হবে বিরাট স্পন্দনে,",
    "bn_muhi": "যেদিন প্রকম্পিত করবে প্রকম্পিতকারী,",
    "en": "On the Day the blast [of the Horn] will convulse [creation],"
  },
  {
    "id": 7,
    "ar": "تَتْبَعُهَا ٱلرَّادِفَةُ",
    "tr": "তাতবা‘উহার রা-দিফাহ।",
    "bn_haque": "পরবর্তী ঘটনা তাকে অনুসরণ করবেই।",
    "bn_muhi": "অতঃপর পশ্চাতে আসবে পশ্চাদগামী;",
    "en": "There will follow it the subsequent [one]."
  },
  {
    "id": 8,
    "ar": "قُلُوبٌ يَوْمَئِذٍ وَاجِفَةٌ",
    "tr": "কূলূবুইঁ ইয়াওমাইযিওঁ ওয়া-জিফাহ।",
    "bn_haque": "হৃদয় সেদিন সন্ত্রস্ত হবে,",
    "bn_muhi": "সেদিন অনেক হৃদয় ভীত-বিহবল হবে।",
    "en": "Hearts, that Day, will tremble,"
  },
  {
    "id": 9,
    "ar": "أَبْصَٰرُهَا خَٰشِعَةٌ",
    "tr": "আবসা-রুহা-খা-শি‘আহ।",
    "bn_haque": "তাদের চোখ হবে অবনত।",
    "bn_muhi": "তাদের দৃষ্টি নত হবে।",
    "en": "Their eyes humbled."
  },
  {
    "id": 10,
    "ar": "يَقُولُونَ أَءِنَّا لَمَرْدُودُونَ فِى ٱلْحَافِرَةِ",
    "tr": "ইয়াকূ লূনা আ ইন্না-লামারদূদূনা ফিল হা-ফিরাহ।",
    "bn_haque": "তারা বলছে -- \"আমরা কি সত্যিই প্রথমাবস্থায় প্রত্যাবর্তিত হব?",
    "bn_muhi": "তারা বলেঃ আমরা কি উলটো পায়ে প্রত্যাবর্তিত হবই-",
    "en": "They are [presently] saying, \"Will we indeed be returned to [our] former state [of life]?"
  },
  {
    "id": 11,
    "ar": "أَءِذَا كُنَّا عِظَٰمًا نَّخِرَةً",
    "tr": "আইযা-কুন্না-‘ইজা-মান নাখিরাহ।",
    "bn_haque": "যখন আমরা গলা-পচা হাড্ডি হয়ে যাব তখনও?",
    "bn_muhi": "গলিত অস্থি হয়ে যাওয়ার পরও?",
    "en": "Even if we should be decayed bones?"
  },
  {
    "id": 12,
    "ar": "قَالُوا۟ تِلْكَ إِذًا كَرَّةٌ خَاسِرَةٌ",
    "tr": "কা-লূতিলকা ইযান কাররাতুন খা-ছিরাহ।",
    "bn_haque": "তারা বলে -- \"তাই যদি হয় তবে এ হবে সর্বনাশা প্রত্যাবর্তন।\"",
    "bn_muhi": "তবে তো এ প্রত্যাবর্তন সর্বনাশা হবে!",
    "en": "They say, \"That, then, would be a losing return.\""
  },
  {
    "id": 13,
    "ar": "فَإِنَّمَا هِىَ زَجْرَةٌ وَٰحِدَةٌ",
    "tr": "ফাইন্নামা-হিয়া ঝাজরাতুওঁ ওয়া-হিদাহ ।",
    "bn_haque": "কিন্ত এটি নিশ্চয়ই হবে একটি মহাগর্জন,",
    "bn_muhi": "অতএব, এটা তো কেবল এক মহা-নাদ,",
    "en": "Indeed, it will be but one shout,"
  },
  {
    "id": 14,
    "ar": "فَإِذَا هُم بِٱلسَّاهِرَةِ",
    "tr": "ফাইযা-হুম বিছছা-হিরাহ।",
    "bn_haque": "তখন দেখো! তারা হবে জাগ্রত।",
    "bn_muhi": "তখনই তারা ময়দানে আবির্ভূত হবে।",
    "en": "And suddenly they will be [alert] upon the earth's surface."
  },
  {
    "id": 15,
    "ar": "هَلْ أَتَىٰكَ حَدِيثُ مُوسَىٰٓ",
    "tr": "হাল আতা-কা হাদীছুমূছা-।",
    "bn_haque": "তোমার কাছে মূসার কাহিনী পৌঁছেছে কি? --",
    "bn_muhi": "মূসার বৃত্তান্ত আপনার কাছে পৌছেছে কি?",
    "en": "Has there reached you the story of Moses? -"
  },
  {
    "id": 16,
    "ar": "إِذْ نَادَىٰهُ رَبُّهُۥ بِٱلْوَادِ ٱلْمُقَدَّسِ طُوًى",
    "tr": "ইযনা-দা-হু রাব্বুহূবিলওয়া-দিল মুকাদ্দাছি তুওয়া-।",
    "bn_haque": "যখন তাঁর প্রভু তাঁকে আহ্বান করেছিলেন পবিত্র উপত্যকা 'তুওয়া’তে --",
    "bn_muhi": "যখন তার পালনকর্তা তাকে পবিত্র তুয়া উপ্যকায় আহবান করেছিলেন,",
    "en": "When his Lord called to him in the sacred valley of Tuwa,"
  },
  {
    "id": 17,
    "ar": "ٱذْهَبْ إِلَىٰ فِرْعَوْنَ إِنَّهُۥ طَغَىٰ",
    "tr": "ইযহাব ইলা-ফির‘আওনা ইন্নাহূতাগা-।",
    "bn_haque": "\"ফিরআউনের কাছে যাও, সে নিশ্চয়ই বিদ্রোহ করেছে --",
    "bn_muhi": "ফেরাউনের কাছে যাও, নিশ্চয় সে সীমালংঘন করেছে।",
    "en": "\"Go to Pharaoh. Indeed, he has transgressed."
  },
  {
    "id": 18,
    "ar": "فَقُلْ هَل لَّكَ إِلَىٰٓ أَن تَزَكَّىٰ",
    "tr": "ফাকুল হাল্লাকা ইলাআন তাঝাক্কা-।",
    "bn_haque": "\"তারপর বলো -- 'তোমার কি আগ্রহ আছে যে তুমি পবিত্র হও?’",
    "bn_muhi": "অতঃপর বলঃ তোমার পবিত্র হওয়ার আগ্রহ আছে কি?",
    "en": "And say to him, 'Would you [be willing to] purify yourself"
  },
  {
    "id": 19,
    "ar": "وَأَهْدِيَكَ إِلَىٰ رَبِّكَ فَتَخْشَىٰ",
    "tr": "ওয়া আহদিয়াকা ইলা-রাব্বিকা ফাতাখশা-।",
    "bn_haque": "আমি তাহলে তোমাকে তোমার প্রভুর দিকে পরিচালিত করব যেন তুমি ভয় করো’।",
    "bn_muhi": "আমি তোমাকে তোমার পালনকর্তার দিকে পথ দেখাব, যাতে তুমি তাকে ভয় কর।",
    "en": "And let me guide you to your Lord so you would fear [Him]?'\""
  },
  {
    "id": 20,
    "ar": "فَأَرَىٰهُ ٱلْءَايَةَ ٱلْكُبْرَىٰ",
    "tr": "ফাআরা-হুল আ-য়াতাল কুবরা-।",
    "bn_haque": "তারপর তিনি তাকে দেখালেন একটি বিরাট নিদর্শন।",
    "bn_muhi": "অতঃপর সে তাকে মহা-নিদর্শন দেখাল।",
    "en": "And he showed him the greatest sign,"
  },
  {
    "id": 21,
    "ar": "فَكَذَّبَ وَعَصَىٰ",
    "tr": "ফাকাযযাবা ওয়া‘আসা-।",
    "bn_haque": "কিন্ত সে মিথ্যা আরোপ করল ও অবাধ্য হল।",
    "bn_muhi": "কিন্তু সে মিথ্যারোপ করল এবং অমান্য করল।",
    "en": "But Pharaoh denied and disobeyed."
  },
  {
    "id": 22,
    "ar": "ثُمَّ أَدْبَرَ يَسْعَىٰ",
    "tr": "ছু ম্মা আদবারা ইয়াছ‘আ-।",
    "bn_haque": "তারপর সে চলে গেল প্রচেষ্টা চালাতে;",
    "bn_muhi": "অতঃপর সে প্রতিকার চেষ্টায় প্রস্থান করল।",
    "en": "Then he turned his back, striving."
  },
  {
    "id": 23,
    "ar": "فَحَشَرَ فَنَادَىٰ",
    "tr": "ফাহাশারা ফানা-দা-।",
    "bn_haque": "তারপর সে জড়ো করল এবং ঘোষণা করলো,",
    "bn_muhi": "সে সকলকে সমবেত করল এবং সজোরে আহবান করল,",
    "en": "And he gathered [his people] and called out"
  },
  {
    "id": 24,
    "ar": "فَقَالَ أَنَا۠ رَبُّكُمُ ٱلْأَعْلَىٰ",
    "tr": "ফাকা-লা আনা রাব্বুকুমুল আ‘লা-।",
    "bn_haque": "এবং বললো -- \"আমিই তোমাদের প্রভু, সর্বোচ্চ।\"",
    "bn_muhi": "এবং বললঃ আমিই তোমাদের সেরা পালনকর্তা।",
    "en": "And said, \"I am your most exalted lord.\""
  },
  {
    "id": 25,
    "ar": "فَأَخَذَهُ ٱللَّهُ نَكَالَ ٱلْءَاخِرَةِ وَٱلْأُولَىٰٓ",
    "tr": "ফাআখাযাহুল্লা-হু নাকা-লাল আ-খিরাতি ওয়াল ঊলা-।",
    "bn_haque": "সেজন্য আল্লাহ্ তাকে পাকড়াও করলেন পরকালের ও পূর্বের জীবনের দৃষ্টান্ত বানিয়ে।",
    "bn_muhi": "অতঃপর আল্লাহ তাকে পরকালের ও ইহকালের শাস্তি দিলেন।",
    "en": "So Allah seized him in exemplary punishment for the last and the first [transgression]."
  },
  {
    "id": 26,
    "ar": "إِنَّ فِى ذَٰلِكَ لَعِبْرَةً لِّمَن يَخْشَىٰٓ",
    "tr": "ইন্না ফী যা-লিকা লা‘ইবরাতাল লিমাইঁ ইয়াখশা-।",
    "bn_haque": "নিঃসন্দেহ এতে বাস্তব শিক্ষা রয়েছে তার জন্য যে ভয় করে।",
    "bn_muhi": "যে ভয় করে তার জন্যে অবশ্যই এতে শিক্ষা রয়েছে।",
    "en": "Indeed in that is a warning for whoever would fear [ Allah ]."
  },
  {
    "id": 27,
    "ar": "ءَأَنتُمْ أَشَدُّ خَلْقًا أَمِ ٱلسَّمَآءُ بَنَىٰهَا",
    "tr": "আ আনতুম আশাদ্দুখালকান আমিছ ছামাউ বানা-হা-।",
    "bn_haque": "তোমরা কি সৃষ্টিতে কঠিনতর, না মহাকাশ? তিনিই এ-সব বানিয়েছেন।",
    "bn_muhi": "তোমাদের সৃষ্টি অধিক কঠিন না আকাশের, যা তিনি নির্মাণ করেছেন?",
    "en": "Are you a more difficult creation or is the heaven? Allah constructed it."
  },
  {
    "id": 28,
    "ar": "رَفَعَ سَمْكَهَا فَسَوَّىٰهَا",
    "tr": "রাফা‘আ ছামকাহা-ফাছাওয়া-হা-।",
    "bn_haque": "তিনি এর উচ্চতা উন্নীত করেছেন, আর তাকে সুবিন্যস্ত করেছেন,",
    "bn_muhi": "তিনি একে উচ্চ করেছেন ও সুবিন্যস্ত করেছেন।",
    "en": "He raised its ceiling and proportioned it."
  },
  {
    "id": 29,
    "ar": "وَأَغْطَشَ لَيْلَهَا وَأَخْرَجَ ضُحَىٰهَا",
    "tr": "ওয়া আগতাশা লাইলাহা-ওয়া আখরাজা দুহা-হা-।",
    "bn_haque": "আর এর রাতকে তিনি অন্ধকারাচ্ছন্ন করেছেন, আর বের করে এনেছেন এর দিবালোক।",
    "bn_muhi": "তিনি এর রাত্রিকে করেছেন অন্ধকারাচ্ছন্ন এবং এর সূর্যোলোক প্রকাশ করেছেন।",
    "en": "And He darkened its night and extracted its brightness."
  },
  {
    "id": 30,
    "ar": "وَٱلْأَرْضَ بَعْدَ ذَٰلِكَ دَحَىٰهَآ",
    "tr": "ওয়াল আর দা বা‘দা যা-লিকা দাহা-হা-।",
    "bn_haque": "আর পৃথিবী -- এর পরে তাকে প্রসারিত করেছেন।",
    "bn_muhi": "পৃথিবীকে এর পরে বিস্তৃত করেছেন।",
    "en": "And after that He spread the earth."
  },
  {
    "id": 31,
    "ar": "أَخْرَجَ مِنْهَا مَآءَهَا وَمَرْعَىٰهَا",
    "tr": "আখরাজা মিনহা-মাআহা-ওয়া মার‘আ-হা-।",
    "bn_haque": "এর থেকে তিনি বের করেছেন তার জল, আর তার চারণভূমি।",
    "bn_muhi": "তিনি এর মধ্য থেকে এর পানি ও ঘাম নির্গত করেছেন,",
    "en": "He extracted from it its water and its pasture,"
  },
  {
    "id": 32,
    "ar": "وَٱلْجِبَالَ أَرْسَىٰهَا",
    "tr": "ওয়াল জিবা-লা আরছা-হা।",
    "bn_haque": "আর পাহাড়-পর্বত -- তিনি তাদের মজবুতভাবে বসিয়ে দিয়েছেন, --",
    "bn_muhi": "পর্বতকে তিনি দৃঢ়ভাবে প্রতিষ্ঠিত করেছেন,",
    "en": "And the mountains He set firmly"
  },
  {
    "id": 33,
    "ar": "مَتَٰعًا لَّكُمْ وَلِأَنْعَٰمِكُمْ",
    "tr": "মাতা-‘আল্লাকুম ওয়ালি আন‘আ-মিকুম।",
    "bn_haque": "তোমাদের জন্য ও তোমাদের গবাদি-পশুর জন্য খাদ্যের আয়োজন।",
    "bn_muhi": "তোমাদের ও তোমাদের চতুস্পদ জন্তুদের উপকারার্থে।",
    "en": "As provision for you and your grazing livestock."
  },
  {
    "id": 34,
    "ar": "فَإِذَا جَآءَتِ ٱلطَّآمَّةُ ٱلْكُبْرَىٰ",
    "tr": "ফাইযা-জাআত্তিত্তাম্মাতুল কুবরা-।",
    "bn_haque": "তারপর যখন ভীষণ দুর্বিপাক আসবে,",
    "bn_muhi": "অতঃপর যখন মহাসংকট এসে যাবে।",
    "en": "But when there comes the greatest Overwhelming Calamity -"
  },
  {
    "id": 35,
    "ar": "يَوْمَ يَتَذَكَّرُ ٱلْإِنسَٰنُ مَا سَعَىٰ",
    "tr": "ইয়াওমা ইয়াতাযাক্কারুল ইনছা-নুমা-ছা‘আ-।",
    "bn_haque": "সেইদিন মানুষ স্মরণ করবে যার জন্য সে প্রচেষ্টা চালিয়েছিল,",
    "bn_muhi": "অর্থাৎ যেদিন মানুষ তার কৃতকর্ম স্মরণ করবে",
    "en": "The Day when man will remember that for which he strove,"
  },
  {
    "id": 36,
    "ar": "وَبُرِّزَتِ ٱلْجَحِيمُ لِمَن يَرَىٰ",
    "tr": "ওয়া বুররিঝাতিল জাহীমুলিমাইঁ ইয়ারা-।",
    "bn_haque": "আর ভয়ংকর আগুন দৃষ্টিগোচর করানো হবে যে দেখে তার জন্য।",
    "bn_muhi": "এবং দর্শকদের জন্যে জাহান্নাম প্রকাশ করা হবে,",
    "en": "And Hellfire will be exposed for [all] those who see -"
  },
  {
    "id": 37,
    "ar": "فَأَمَّا مَن طَغَىٰ",
    "tr": "ফাআম্মা-মান তাগা-।",
    "bn_haque": "তাছাড়া তার ক্ষেত্রে যে সীমালংঘন করেছে,",
    "bn_muhi": "তখন যে ব্যক্তি সীমালংঘন করেছে;",
    "en": "So as for he who transgressed"
  },
  {
    "id": 38,
    "ar": "وَءَاثَرَ ٱلْحَيَوٰةَ ٱلدُّنْيَا",
    "tr": "ওয়া আ-ছারাল হায়া-তাদ্দুনইয়া-।",
    "bn_haque": "এবং দুনিয়ার জীবনকেই বেছে নিয়েছে,",
    "bn_muhi": "এবং পার্থিব জীবনকে অগ্রাধিকার দিয়েছে,",
    "en": "And preferred the life of the world,"
  },
  {
    "id": 39,
    "ar": "فَإِنَّ ٱلْجَحِيمَ هِىَ ٱلْمَأْوَىٰ",
    "tr": "ফাইন্নাল জাহীমা হিয়াল মা’ওয়া-।",
    "bn_haque": "সেক্ষেত্রে অবশ্য ভয়ংকর আগুন, -- সেটাই তো বাসস্থান।",
    "bn_muhi": "তার ঠিকানা হবে জাহান্নাম।",
    "en": "Then indeed, Hellfire will be [his] refuge."
  },
  {
    "id": 40,
    "ar": "وَأَمَّا مَنْ خَافَ مَقَامَ رَبِّهِۦ وَنَهَى ٱلنَّفْسَ عَنِ ٱلْهَوَىٰ",
    "tr": "ওয়া আম্মা-মান খা-ফা মাকা-মা রাব্বিহী ওয়া নাহান্নাফছা ‘আনিল হাওয়া-।",
    "bn_haque": "পক্ষান্তরে যে তার প্রভুর সামনে দাঁড়াতে ভয় করে এবং আ‌ত্মাকে কামনা-বাসনা থেকে নিবৃত্ত রাখে --",
    "bn_muhi": "পক্ষান্তরে যে ব্যক্তি তার পালনকর্তার সামনে দন্ডায়মান হওয়াকে ভয় করেছে এবং খেয়াল-খুশী থেকে নিজেকে নিবৃত্ত রেখেছে,",
    "en": "But as for he who feared the position of his Lord and prevented the soul from [unlawful] inclination,"
  },
  {
    "id": 41,
    "ar": "فَإِنَّ ٱلْجَنَّةَ هِىَ ٱلْمَأْوَىٰ",
    "tr": "ফাইন্নাল জান্নাতা হিয়াল মা’ওয়া।",
    "bn_haque": "সেক্ষেত্রে অবশ্য জান্নাত, -- সেটাই তো বাসস্থান।",
    "bn_muhi": "তার ঠিকানা হবে জান্নাত।",
    "en": "Then indeed, Paradise will be [his] refuge."
  },
  {
    "id": 42,
    "ar": "يَسْـَٔلُونَكَ عَنِ ٱلسَّاعَةِ أَيَّانَ مُرْسَىٰهَا",
    "tr": "ইয়াছা‘আলূনাকা ‘আনিছ ছা-‘আতি আইইয়া-না মুরছা-হা-।",
    "bn_haque": "তারা ঘড়ি-ঘান্টা সম্পর্কে তোমাকে জিজ্ঞাসা করে -- কখন তার আগমন হবে?\"",
    "bn_muhi": "তারা আপনাকে জিজ্ঞাসা করে, কেয়ামত কখন হবে?",
    "en": "They ask you, [O Muhammad], about the Hour: when is its arrival?"
  },
  {
    "id": 43,
    "ar": "فِيمَ أَنتَ مِن ذِكْرَىٰهَآ",
    "tr": "ফীমা আনতা মিন যিকরা-হা-।",
    "bn_haque": "এ-সন্বন্ধে বলবার মতো তোমার কী আছে?",
    "bn_muhi": "এর বর্ণনার সাথে আপনার কি সম্পর্ক ?",
    "en": "In what [position] are you that you should mention it?"
  },
  {
    "id": 44,
    "ar": "إِلَىٰ رَبِّكَ مُنتَهَىٰهَآ",
    "tr": "ইলা-রাব্বিকা মুনতাহা-হা-।",
    "bn_haque": "এর চরম সীমা রয়েছে তোমার প্রভুর নিকট।",
    "bn_muhi": "এর চরম জ্ঞান আপনার পালনকর্তার কাছে।",
    "en": "To your Lord is its finality."
  },
  {
    "id": 45,
    "ar": "إِنَّمَآ أَنتَ مُنذِرُ مَن يَخْشَىٰهَا",
    "tr": "ইন্নামাআনতা মুনযিরু মাইঁ ইয়াখশা-হা-।",
    "bn_haque": "তুমি তো শুধু সতর্ককারী তার জন্য যে এ-সন্বন্ধে ভয় করে।",
    "bn_muhi": "যে একে ভয় করে, আপনি তো কেবল তাকেই সতর্ক করবেন।",
    "en": "You are only a warner for those who fear it."
  },
  {
    "id": 46,
    "ar": "كَأَنَّهُمْ يَوْمَ يَرَوْنَهَا لَمْ يَلْبَثُوٓا۟ إِلَّا عَشِيَّةً أَوْ ضُحَىٰهَا",
    "tr": "কাআন্নাহুম ইয়াওমা ইয়ারাওনাহা-লাম ইয়ালবাছূইল্লা-‘আশিইইয়াতান আও দুহা- হা।",
    "bn_haque": "যেদিন তারা একে দেখবে সেদিন যেন তারা মাত্র এক সন্ধ্যাবেলা বা তার প্রভাতকাল ব্যতীত অবস্থান করে নি।",
    "bn_muhi": "যেদিন তারা একে দেখবে, সেদিন মনে হবে যেন তারা দুনিয়াতে মাত্র এক সন্ধ্যা অথবা এক সকাল অবস্থান করেছে।",
    "en": "It will be, on the Day they see it, as though they had not remained [in the world] except for an afternoon or a morning thereof."
  }
]