[
  {
    "id": 1,
    "ar": "وَٱلتِّينِ وَٱلزَّيْتُونِ",
    "tr": "ওয়াততীন ওয়াঝঝাইতূন।",
    "bn_haque": "ভাবো ডুমুরেব, আর জলপাইয়ের কথা;",
    "bn_muhi": "শপথ আঞ্জীর (ডুমুর) ও যয়তুনের,",
    "en": "By the fig and the olive"
  },
  {
    "id": 2,
    "ar": "وَطُورِ سِينِينَ",
    "tr": "ওয়া তূরি ছীনীন।",
    "bn_haque": "আর সিনাই পর্বতের কথা,",
    "bn_muhi": "এবং সিনাই প্রান্তরস্থ তূর পর্বতের,",
    "en": "And [by] Mount Sinai"
  },
  {
    "id": 3,
    "ar": "وَهَٰذَا ٱلْبَلَدِ ٱلْأَمِينِ",
    "tr": "ওয়া হা-যাল বালাদিল আমীন।",
    "bn_haque": "আর এই নিরাপদ নগরের কথা!",
    "bn_muhi": "এবং এই নিরাপদ নগরীর।",
    "en": "And [by] this secure city [Makkah],"
  },
  {
    "id": 4,
    "ar": "لَقَدْ خَلَقْنَا ٱلْإِنسَٰنَ فِىٓ أَحْسَنِ تَقْوِيمٍ",
    "tr": "লাক্বদ খলাকনাল ইং-ছা-না ফী-আহছানি তাক্বয়্যুইম।",
    "bn_haque": "সুনিশ্চয় আমরা মানুষকে সৃষ্টি করেছি শ্রেষ্ঠ-সুন্দর আকৃতিতে।",
    "bn_muhi": "আমি সৃষ্টি করেছি মানুষকে সুন্দরতর অবয়বে।",
    "en": "We have certainly created man in the best of stature;"
  },
  {
    "id": 5,
    "ar": "ثُمَّ رَدَدْنَٰهُ أَسْفَلَ سَٰفِلِينَ",
    "tr": "ছু ম্মা রাদাদ না-হু আছফালা ছা-ফিলীন।",
    "bn_haque": "তারপর আমরা তাকে পরিণত করি হীনদের মধ্যে হীনতমে, --",
    "bn_muhi": "অতঃপর তাকে ফিরিয়ে দিয়েছি নীচ থেকে নীচে।",
    "en": "Then We return him to the lowest of the low,"
  },
  {
    "id": 6,
    "ar": "إِلَّا ٱلَّذِينَ ءَامَنُوا۟ وَعَمِلُوا۟ ٱلصَّٰلِحَٰتِ فَلَهُمْ أَجْرٌ غَيْرُ مَمْنُونٍ",
    "tr": "ইল্লাল্লাযীনা আ-মানূওয়া‘আমিলুসসা-লিহা-তি ফালাহুম আজরুন গাইরু মামনূন।",
    "bn_haque": "তারা ব্যতীত যারা ঈমান এনেছে ও সৎকাজ করছে, তাদের জন্য তবে রয়েছে বাধা-বিরতিবিহীন প্রতিদান।",
    "bn_muhi": "কিন্তু যারা বিশ্বাস স্থাপন করেছে ও সৎকর্ম করেছে, তাদের জন্যে রয়েছে অশেষ পুরস্কার।",
    "en": "Except for those who believe and do righteous deeds, for they will have a reward uninterrupted."
  },
  {
    "id": 7,
    "ar": "فَمَا يُكَذِّبُكَ بَعْدُ بِٱلدِّينِ",
    "tr": "ফামা-ইউকাযযি বুকা বা‘দুবিদ্দীন।",
    "bn_haque": "তবে কী যা এরপরে তোমাকে বিচারসন্বন্ধে মিথ্যারোপ করতে দেয়?",
    "bn_muhi": "অতঃপর কেন তুমি অবিশ্বাস করছ কেয়ামতকে?",
    "en": "So what yet causes you to deny the Recompense?"
  },
  {
    "id": 8,
    "ar": "أَلَيْسَ ٱللَّهُ بِأَحْكَمِ ٱلْحَٰكِمِينَ",
    "tr": "আলাইছাল্লা-হু বিআহকামিল হা-কিমীন।",
    "bn_haque": "আল্লাহ্ কি বিচারকদের মধ্যে সর্বশ্রেষ্ঠ বিচারক নন?",
    "bn_muhi": "আল্লাহ কি বিচারকদের মধ্যে শ্রেষ্টতম বিচারক নন?",
    "en": "Is not Allah the most just of judges?"
  }
]