[
  {
    "id": 1,
    "ar": "أَرَءَيْتَ ٱلَّذِى يُكَذِّبُ بِٱلدِّينِ",
    "tr": "আরাআইতাল্লাযী ইউকাযযি বুবিদ্দীন।",
    "bn_haque": "তুমি কি তাকে দেখেছ যে ধর্মকর্মকে প্রত্যাখান করে?",
    "bn_muhi": "আপনি কি দেখেছেন তাকে, যে বিচারদিবসকে মিথ্যা বলে?",
    "en": "Have you seen the one who denies the Recompense?"
  },
  {
    "id": 2,
    "ar": "فَذَٰلِكَ ٱلَّذِى يَدُعُّ ٱلْيَتِيمَ",
    "tr": "ফাযা-লিকাল্লাযী ইয়াদু‘‘উল ইয়াতীম।",
    "bn_haque": "সে তো ঐ জন যে এতীমদের হাঁকিয়ে দেয়,",
    "bn_muhi": "সে সেই ব্যক্তি, যে এতীমকে গলা ধাক্কা দেয়",
    "en": "For that is the one who drives away the orphan"
  },
  {
    "id": 3,
    "ar": "وَلَا يَحُضُّ عَلَىٰ طَعَامِ ٱلْمِسْكِينِ",
    "tr": "ওয়ালা-ইয়াহুদ্দু‘আলা-তা‘আ-মিল মিছকীন।",
    "bn_haque": "আর গরীব-দুঃখীকে খাওয়ানোর ক্ষেত্রে উৎসাহ দেখায় না।",
    "bn_muhi": "এবং মিসকীনকে অন্ন দিতে উৎসাহিত করে না।",
    "en": "And does not encourage the feeding of the poor."
  },
  {
    "id": 4,
    "ar": "فَوَيْلٌ لِّلْمُصَلِّينَ",
    "tr": "ফাওয়াইঁলুলিলল মুসাল্লীন।",
    "bn_haque": "অতএব ধিক্ সেইসব নামায-পড়ুয়াদের প্রতি --",
    "bn_muhi": "অতএব দুর্ভোগ সেসব নামাযীর,",
    "en": "So woe to those who pray"
  },
  {
    "id": 5,
    "ar": "ٱلَّذِينَ هُمْ عَن صَلَاتِهِمْ سَاهُونَ",
    "tr": "আল্লাযীনাহুম ‘আন সালা-তিহিমি ছা-হূন।",
    "bn_haque": "যারা স্বয়ং তাদের নামায সন্বন্ধে উদাসীন,",
    "bn_muhi": "যারা তাদের নামায সম্বন্ধে বে-খবর;",
    "en": "[But] who are heedless of their prayer -"
  },
  {
    "id": 6,
    "ar": "ٱلَّذِينَ هُمْ يُرَآءُونَ",
    "tr": "আল্লাযীনা হুম ইউরাঊনা।",
    "bn_haque": "যারা নিজেরাই হচ্ছে লোক-দেখিয়ে,",
    "bn_muhi": "যারা তা লোক-দেখানোর জন্য করে",
    "en": "Those who make show [of their deeds]"
  },
  {
    "id": 7,
    "ar": "وَيَمْنَعُونَ ٱلْمَاعُونَ",
    "tr": "ওয়া ইয়ামনা‘ঊনাল মা-‘ঊন।",
    "bn_haque": "আর যারা নিষেধ করে সাহায্য-সহায়তাকরণ।",
    "bn_muhi": "এবং নিত্য ব্যবহার্য্য বস্তু অন্যকে দেয় না।",
    "en": "And withhold [simple] assistance."
  }
]