[
  {
    "id": 1,
    "ar": "هَلْ أَتَىٰ عَلَى ٱلْإِنسَٰنِ حِينٌ مِّنَ ٱلدَّهْرِ لَمْ يَكُن شَيْـًٔا مَّذْكُورًا",
    "tr": "হাল আতা- ‘আলাল ইনছা-নি হীনুম মিনাদ্দাহরি লাম ইয়াকুন শাইআম মাযকূরা- ।",
    "bn_haque": "মানুষের উপরে কি দীর্ঘ সময়ের অবকাশ অতিবাহিত হয় নি যখন সে উল্লেখযোগ্য কিছুই ছিল না?",
    "bn_muhi": "মানুষের উপর এমন কিছু সময় অতিবাহিত হয়েছে যখন সে উল্লেখযোগ্য কিছু ছিল না।",
    "en": "Has there [not] come upon man a period of time when he was not a thing [even] mentioned?"
  },
  {
    "id": 2,
    "ar": "إِنَّا خَلَقْنَا ٱلْإِنسَٰنَ مِن نُّطْفَةٍ أَمْشَاجٍ نَّبْتَلِيهِ فَجَعَلْنَٰهُ سَمِيعًۢا بَصِيرًا",
    "tr": "ইন্না-খালাকানাল ইনছা-না মিন নুতফাতিন আমশা-জিন  নাবতালীহি ফাজা‘আলনা-হু ছামী‘আম বাসীরা- ।",
    "bn_haque": "নিঃসন্দেহ আমরা মানুষকে সৃষ্টি করেছি সংযুক্ত এক শুক্রকীট থেকে, আমরা তাকে শৃঙ্খলাবদ্ধ করেছি, সেজন্য আমরা তা কে বানিয়েছি শ্রবণশক্তি ও দৃষ্টিশক্তি সম্পন্ন।",
    "bn_muhi": "আমি মানুষকে সৃষ্টি করেছি মিশ্র শুক্রবিন্দু থেকে, এভাবে যে, তাকে পরীক্ষা করব অতঃপর তাকে করে দিয়েছি শ্রবণ ও দৃষ্টিশক্তিসম্পন্ন।",
    "en": "Indeed, We created man from a sperm-drop mixture that We may try him; and We made him hearing and seeing."
  },
  {
    "id": 3,
    "ar": "إِنَّا هَدَيْنَٰهُ ٱلسَّبِيلَ إِمَّا شَاكِرًا وَإِمَّا كَفُورًا",
    "tr": "ইন্না-হাদাইনা- হুছছাবীলা ইম্মা- শা- কিরাওঁ ওয়া ইম্মা- কাফূরা- ।",
    "bn_haque": "নিঃসন্দেহ আমরা তাকে পথের নির্দেশ দিয়েছি, -- হয় সে কৃতজ্ঞ হবে, না হয় সে অকৃতজ্ঞ হবে।",
    "bn_muhi": "আমি তাকে পথ দেখিয়ে দিয়েছি। এখন সে হয় কৃতজ্ঞ হয়, না হয় অকৃতজ্ঞ হয়।",
    "en": "Indeed, We guided him to the way, be he grateful or be he ungrateful."
  },
  {
    "id": 4,
    "ar": "إِنَّآ أَعْتَدْنَا لِلْكَٰفِرِينَ سَلَٰسِلَا۟ وَأَغْلَٰلًا وَسَعِيرًا",
    "tr": "ইন্নাআ‘তাদনা- লিলকা-ফিরীনা ছালা-ছিলা ওয়া আগলা-লাওঁ ওয়া ছা‘ঈরা- ।",
    "bn_haque": "আমরা অবশ্য অকৃতজ্ঞদের জন্য তৈরি করেছি শিকল ও বেড়ি, আর জ্বলন্ত আগুন।",
    "bn_muhi": "আমি অবিশ্বাসীদের জন্যে প্রস্তুত রেখেছি শিকল, বেড়ি ও প্রজ্বলিত অগ্নি।",
    "en": "Indeed, We have prepared for the disbelievers chains and shackles and a blaze."
  },
  {
    "id": 5,
    "ar": "إِنَّ ٱلْأَبْرَارَ يَشْرَبُونَ مِن كَأْسٍ كَانَ مِزَاجُهَا كَافُورًا",
    "tr": "ইন্নাল আবরা-রা ইয়াশরাবূনা মিন কা’ছিন কা-না মিঝা-জুহা- কা-ফূরা-",
    "bn_haque": "নিঃসন্দেহ পুণ্যা‌ত্মারা পান করবে এমন একটি পাত্র থেকে যার মেজাজ হবে কর্পূরের --",
    "bn_muhi": "নিশ্চয়ই সৎকর্মশীলরা পান করবে কাফুর মিশ্রিত পানপাত্র।",
    "en": "Indeed, the righteous will drink from a cup [of wine] whose mixture is of Kafur,"
  },
  {
    "id": 6,
    "ar": "عَيْنًا يَشْرَبُ بِهَا عِبَادُ ٱللَّهِ يُفَجِّرُونَهَا تَفْجِيرًا",
    "tr": "আইনাইঁ ইয়াশরাবুবিহা- ‘ইবা-দুল্লা-হি ইউফাজ্জিরূনাহা- তাফজীরা- ।",
    "bn_haque": "একটি ফোয়ারা -- যা থেকে আল্লাহ্‌র বান্দারা পান করবে, তারা এটিকে প্রবাহিত করবে অবিরাম ধারায়।",
    "bn_muhi": "এটা একটা ঝরণা, যা থেকে আল্লাহর বান্দাগণ পান করবে-তারা একে প্রবাহিত করবে।",
    "en": "A spring of which the [righteous] servants of Allah will drink; they will make it gush forth in force [and abundance]."
  },
  {
    "id": 7,
    "ar": "يُوفُونَ بِٱلنَّذْرِ وَيَخَافُونَ يَوْمًا كَانَ شَرُّهُۥ مُسْتَطِيرًا",
    "tr": "ইঊফূনা বিন্নাযরি ওয়া ইয়াখা-ফূনা ইয়াওমান কা-না শাররুহূমুছতাতীরা- ।",
    "bn_haque": "তারা মানত পালন করে, এবং ভয় করে সেই দিনটির যার ধ্বংসলীলা হবে সুদূরপ্রসারী।",
    "bn_muhi": "তারা মান্নত পূর্ণ করে এবং সেদিনকে ভয় করে, যেদিনের অনিষ্ট হবে সুদূরপ্রসারী।",
    "en": "They [are those who] fulfill [their] vows and fear a Day whose evil will be widespread."
  },
  {
    "id": 8,
    "ar": "وَيُطْعِمُونَ ٱلطَّعَامَ عَلَىٰ حُبِّهِۦ مِسْكِينًا وَيَتِيمًا وَأَسِيرًا",
    "tr": "ওয়া ইউত‘ইমূনাত্তা‘আ-মা ‘আলা- হুব্বিহী মিছকীনাওঁ ওয়া ইয়াতীমাওঁ ওয়া আছীরা-।",
    "bn_haque": "আর তারা তাঁর প্রতি প্রেমবশতঃ খাবার খেতে দেয় অভাবগ্রস্তকে ও এতিমকে ও বন্দীকে --",
    "bn_muhi": "তারা আল্লাহর প্রেমে অভাবগ্রস্ত, এতীম ও বন্দীকে আহার্য দান করে।",
    "en": "And they give food in spite of love for it to the needy, the orphan, and the captive,"
  },
  {
    "id": 9,
    "ar": "إِنَّمَا نُطْعِمُكُمْ لِوَجْهِ ٱللَّهِ لَا نُرِيدُ مِنكُمْ جَزَآءً وَلَا شُكُورًا",
    "tr": "ইন্নামা- নুত‘ইমুকুম লিওয়াজহিল্লা-হি লা-নুরীদুমিনকুম জাঝাআওঁ ওয়ালা- শুকূরা- ।",
    "bn_haque": "\"আমরা তোমাদের খেতে দিচ্ছি শুধু আল্লাহ্‌র সন্তষ্টিলাভের জন্য, তোমাদের থেকে আমরা কোনো প্রতিদান চাই না, কৃতজ্ঞতাও নয়।",
    "bn_muhi": "তারা বলেঃ কেবল আল্লাহর সন্তুষ্টির জন্যে আমরা তোমাদেরকে আহার্য দান করি এবং তোমাদের কাছে কোন প্রতিদান ও কৃতজ্ঞতা কামনা করি না।",
    "en": "[Saying], \"We feed you only for the countenance of Allah . We wish not from you reward or gratitude."
  },
  {
    "id": 10,
    "ar": "إِنَّا نَخَافُ مِن رَّبِّنَا يَوْمًا عَبُوسًا قَمْطَرِيرًا",
    "tr": "ইন্না- নাখা-ফুমির রাব্বিনা- ইয়াওমান ‘আবূছান কামতারীরা- ।",
    "bn_haque": "আমরা আলবৎ আমাদের প্রভুর নিকট থেকে এক ভীতিপ্রদ বিপদসংকুল দিনের ভয় করি।",
    "bn_muhi": "আমরা আমাদের পালনকর্তার তরফ থেকে এক ভীতিপ্রদ ভয়ংকর দিনের ভয় রাখি।",
    "en": "Indeed, We fear from our Lord a Day austere and distressful.\""
  },
  {
    "id": 11,
    "ar": "فَوَقَىٰهُمُ ٱللَّهُ شَرَّ ذَٰلِكَ ٱلْيَوْمِ وَلَقَّىٰهُمْ نَضْرَةً وَسُرُورًا",
    "tr": "ফাওয়াকা- হুমুল্লা-হু শাররা যা-লিকাল ইয়াওমি ওয়া লাক্কা-হুম নাদরাতাওঁ ওয়া ছুরূরা- ।",
    "bn_haque": "কাজেই আল্লাহ্ তাদের রক্ষা করবেন সেইদিনের অকল্যাণ থেকে এবং তাদের সাক্ষাৎ করাবেন প্রফুল্লতার ও প্রশান্তির সাথে,",
    "bn_muhi": "অতঃপর আল্লাহ তাদেরকে সেদিনের অনিষ্ট থেকে রক্ষা করবেন এবং তাদেরকে দিবেন সজীবতা ও আনন্দ।",
    "en": "So Allah will protect them from the evil of that Day and give them radiance and happiness"
  },
  {
    "id": 12,
    "ar": "وَجَزَىٰهُم بِمَا صَبَرُوا۟ جَنَّةً وَحَرِيرًا",
    "tr": "ওয়া জাঝা-হুম বিমা-সাবারূ জান্নাতাওঁ ওয়া হারীরা- ।",
    "bn_haque": "আর যেহেতু তারা অধ্যবসায় চালিয়েছিল সেজন্য প্রতিদানে তাদের দেবেন বাগান ও রেশমী পোশাক,",
    "bn_muhi": "এবং তাদের সবরের প্রতিদানে তাদেরকে দিবেন জান্নাত ও রেশমী পোশাক।",
    "en": "And will reward them for what they patiently endured [with] a garden [in Paradise] and silk [garments]."
  },
  {
    "id": 13,
    "ar": "مُّتَّكِـِٔينَ فِيهَا عَلَى ٱلْأَرَآئِكِ لَا يَرَوْنَ فِيهَا شَمْسًا وَلَا زَمْهَرِيرًا",
    "tr": "মুত্তাকিঈনা ফীহা- ‘আলাল আরাইকি লা- ইয়ারাওনা ফীহা- শামছাওঁ ওয়ালাঝামহারীরা- ।",
    "bn_haque": "তারা সেখানে সমাসীন থাকবে রাজকীয় আসনে, তারা সেখানে দেখতে পাবে না সূর্যোত্তাপ, না কোনো কনকনে ঠান্ডা,",
    "bn_muhi": "তারা সেখানে সিংহাসনে হেলান দিয়ে বসবে। সেখানে রৌদ্র ও শৈত্য অনুভব করবে না।",
    "en": "[They will be] reclining therein on adorned couches. They will not see therein any [burning] sun or [freezing] cold."
  },
  {
    "id": 14,
    "ar": "وَدَانِيَةً عَلَيْهِمْ ظِلَٰلُهَا وَذُلِّلَتْ قُطُوفُهَا تَذْلِيلًا",
    "tr": "ওয়া দা- নিয়াতান ‘আলাইহিম জিলা- লুহা- ওয়া যুলিল্লাত কুতূফুহা- তাযলীলা- ।",
    "bn_haque": "আর তাদের সন্নিকটে থাকবে তাদের গাছের ছায়া, আর তাদের থোকা-থোকা ফল থাকবে নত হয়ে নাগালের মধ্যে।",
    "bn_muhi": "তার বৃক্ষছায়া তাদের উপর ঝুঁকে থাকবে এবং তার ফলসমূহ তাদের আয়ত্তাধীন রাখা হবে।",
    "en": "And near above them are its shades, and its [fruit] to be picked will be lowered in compliance."
  },
  {
    "id": 15,
    "ar": "وَيُطَافُ عَلَيْهِم بِـَٔانِيَةٍ مِّن فِضَّةٍ وَأَكْوَابٍ كَانَتْ قَوَارِيرَا۠",
    "tr": "ওয়া ইউতা-ফু‘আলাইহিম বিআ-নিয়াতিম মিন ফিদ্দাতিওঁ ওয়া আকওয়া-বিন কা-নাত কাওয়া-রীরা-।",
    "bn_haque": "আর তাদের সামনে পরিবেশন করা হবে রূপোর পেয়ালা ও ঝলমলে কাচের পানপাত্র, --",
    "bn_muhi": "তাদেরকে পরিবেশন করা হবে রূপার পাত্রে এবং স্ফটিকের মত পানপাত্রে।",
    "en": "And there will be circulated among them vessels of silver and cups having been [created] clear [as glass],"
  },
  {
    "id": 16,
    "ar": "قَوَارِيرَا۟ مِن فِضَّةٍ قَدَّرُوهَا تَقْدِيرًا",
    "tr": "কাওয়া-রীরা মিন ফিদ্দাতিন কাদ্দারূহা-তাকদীরা- ।",
    "bn_haque": "চাঁদির তৈরি চক্‌মকে কাচের মতো, -- তারা তা মেপে নেবে একটি পরিমাপে।",
    "bn_muhi": "রূপালী স্ফটিক পাত্রে, পরিবেশনকারীরা তা পরিমাপ করে পূর্ণ করবে।",
    "en": "Clear glasses [made] from silver of which they have determined the measure."
  },
  {
    "id": 17,
    "ar": "وَيُسْقَوْنَ فِيهَا كَأْسًا كَانَ مِزَاجُهَا زَنجَبِيلًا",
    "tr": "ওয়া ইউছকাওনা ফীহা- কা’ছান কা-না মিঝা-জুহা- ঝানজাবীলা- ।",
    "bn_haque": "আর তাদের তাতে পান করানো হবে এমন একটি পাত্র যার মেজাজ হবে আদ্রকের, --",
    "bn_muhi": "তাদেরকে সেখানে পান করানো হবে ‘যানজাবীল’ মিশ্রিত পানপাত্র।",
    "en": "And they will be given to drink a cup [of wine] whose mixture is of ginger"
  },
  {
    "id": 18,
    "ar": "عَيْنًا فِيهَا تُسَمَّىٰ سَلْسَبِيلًا",
    "tr": "‘আইনান ফীহা- তুছাম্মা- ছালছাবীলা- ।",
    "bn_haque": "তার মধ্যের একটি ফোয়ারাতে যার নাম দেয়া হয়েছে সাল্‌সাবীল।",
    "bn_muhi": "এটা জান্নাতস্থিত ‘সালসাবীল’ নামক একটি ঝরণা।",
    "en": "[From] a fountain within Paradise named Salsabeel."
  },
  {
    "id": 19,
    "ar": "وَيَطُوفُ عَلَيْهِمْ وِلْدَٰنٌ مُّخَلَّدُونَ إِذَا رَأَيْتَهُمْ حَسِبْتَهُمْ لُؤْلُؤًا مَّنثُورًا",
    "tr": "ওয়া ইয়াতূফু‘আলাইহিম বিলদা-নুম মুখাল্লাদূ না ইযা-রাআইতাহুম হাছিবতাহুম ল’লুআম মানছূরা- ।",
    "bn_haque": "আর তাদের প্রদক্ষিণ করবে চিরস্ফুটিত কিশোরগণ, -- তোমরা যখন তাদের দেখবে তাদের তোমরা ভাববে ছড়ানো মুক্তো!",
    "bn_muhi": "তাদের কাছে ঘোরাফেরা করবে চির কিশোরগণ। আপনি তাদেরকে দেখে মনে করবেন যেন বিক্ষিপ্ত মনি-মুক্তা।",
    "en": "There will circulate among them young boys made eternal. When you see them, you would think them [as beautiful as] scattered pearls."
  },
  {
    "id": 20,
    "ar": "وَإِذَا رَأَيْتَ ثَمَّ رَأَيْتَ نَعِيمًا وَمُلْكًا كَبِيرًا",
    "tr": "ওয়া ইয়া- রাআইতা ছাম্মা রআইতা না‘ঈমাওঁ ওয়া মুলকান কাবীরা- ।",
    "bn_haque": "আর যখন তুমি সেখানে চেয়ে দেখবে, তুমি দেখতে পাবে অনুগ্রহ-সামগ্রী ও এক বিশাল রাজ্য।",
    "bn_muhi": "আপনি যখন সেখানে দেখবেন, তখন নেয়ামতরাজি ও বিশাল রাজ্য দেখতে পাবেন।",
    "en": "And when you look there [in Paradise], you will see pleasure and great dominion."
  },
  {
    "id": 21,
    "ar": "عَٰلِيَهُمْ ثِيَابُ سُندُسٍ خُضْرٌ وَإِسْتَبْرَقٌ وَحُلُّوٓا۟ أَسَاوِرَ مِن فِضَّةٍ وَسَقَىٰهُمْ رَبُّهُمْ شَرَابًا طَهُورًا",
    "tr": "‘আ-লিয়াহুম ছিয়া-বুছুনদুছিন খুদরুওঁ ওয়া ইছতাবরাকু ওঁ ওয়া হুললূআছা-বিরা মিন ফিদ্দাতিওঁ ওয়া ছাকা-হুম রাব্বুহুম শারা-বান তাহূরা- ।",
    "bn_haque": "তাদের পরিধেয় হবে মিহি সবুজ রেশমের ও পুরু জরির পোশাক, আর তাদের অলংকৃত করানো হবে রূপোর কাঁকন দিয়ে, আর তাদের প্রভু তাদের পান করাবেন এক পবিত্র পানীয়।",
    "bn_muhi": "তাদের আবরণ হবে চিকন সবুজ রেশম ও মোটা সবুজ রেশম এবং তাদেরকে পরিধান করোনো হবে রৌপ্য নির্মিত কংকণ এবং তাদের পালনকর্তা তাদেরকে পান করাবেন ‘শরাবান-তহুরা’।",
    "en": "Upon the inhabitants will be green garments of fine silk and brocade. And they will be adorned with bracelets of silver, and their Lord will give them a purifying drink."
  },
  {
    "id": 22,
    "ar": "إِنَّ هَٰذَا كَانَ لَكُمْ جَزَآءً وَكَانَ سَعْيُكُم مَّشْكُورًا",
    "tr": "ইন্না হা-যা- কা-না লাকুম জাঝাআওঁ ওয়া কা-না ছা‘ইউকুম মাশকূরা- ।",
    "bn_haque": "নিঃসন্দেহ এটি হচ্ছে তোমাদের জন্য পুরস্কার, আর তোমাদের প্রচেষ্টা স্বীকৃত হয়েছে।",
    "bn_muhi": "এটা তোমাদের প্রতিদান। তোমাদের প্রচেষ্টা স্বীকৃতি লাভ করেছে।",
    "en": "[And it will be said], \"Indeed, this is for you a reward, and your effort has been appreciated.\""
  },
  {
    "id": 23,
    "ar": "إِنَّا نَحْنُ نَزَّلْنَا عَلَيْكَ ٱلْقُرْءَانَ تَنزِيلًا",
    "tr": "ইন্না-নাহনুনাঝঝালনা- ‘আলাইকাল কুরআ-না তানঝীলা- ।",
    "bn_haque": "নিঃসন্দেহ আমরা -- আমরা স্বয়ং তোমার কাছে এই কুরআান এক অবতারণে অবতীর্ণ করেছি।",
    "bn_muhi": "আমি আপনার প্রতি পর্যায়ক্রমে কোরআন নাযিল করেছি।",
    "en": "Indeed, it is We who have sent down to you, [O Muhammad], the Qur'an progressively."
  },
  {
    "id": 24,
    "ar": "فَٱصْبِرْ لِحُكْمِ رَبِّكَ وَلَا تُطِعْ مِنْهُمْ ءَاثِمًا أَوْ كَفُورًا",
    "tr": "ফাসবির লিহুকমি রাব্বিকা ওয়ালা- তুতি‘ মিনহুম আ-ছিমান আও কাফূরা- ।",
    "bn_haque": "সুতরাং তোমার প্রভুর নির্দেশের জন্য অধ্যবসায় চালিয়ে যাও, আর তাদের মধ্যেকার কোনো পাপিষ্ঠের অথবা সত্যপ্রত্যাখ্যান- কারীর আজ্ঞা পালন করো না।",
    "bn_muhi": "অতএব, আপনি আপনার পালনকর্তার আদেশের জন্যে ধৈর্য্য সহকারে অপেক্ষা করুন এবং ওদের মধ্যকার কোন পাপিষ্ঠ কাফেরের আনুগত্য করবেন না।",
    "en": "So be patient for the decision of your Lord and do not obey from among them a sinner or ungrateful [disbeliever]."
  },
  {
    "id": 25,
    "ar": "وَٱذْكُرِ ٱسْمَ رَبِّكَ بُكْرَةً وَأَصِيلًا",
    "tr": "ওয়াযকুরিছ মা রাব্বিকা বুকরাতাওঁ ওয়া আসীলা- ।",
    "bn_haque": "আর তোমার প্রভুর নাম কীর্তন করো সকালে ও বিকেলে,",
    "bn_muhi": "এবং সকাল-সন্ধ্যায় আপন পালনকর্তার নাম স্মরণ করুন।",
    "en": "And mention the name of your Lord [in prayer] morning and evening"
  },
  {
    "id": 26,
    "ar": "وَمِنَ ٱلَّيْلِ فَٱسْجُدْ لَهُۥ وَسَبِّحْهُ لَيْلًا طَوِيلًا",
    "tr": "ওয়া মিনাল্লাইলি ফাছজুদ লাহূওয়া ছাব্বিহহু লাইলান তাবিলা- ।",
    "bn_haque": "আর রাতের থেকে তাঁর প্রতি সিজদা করো, আর লন্বা রাত পর্যন্ত তাঁর গুণগান করো।",
    "bn_muhi": "রাত্রির কিছু অংশে তাঁর উদ্দেশে সিজদা করুন এবং রাত্রির দীর্ঘ সময় তাঁর পবিত্রতা বর্ণনা করুন।",
    "en": "And during the night prostrate to Him and exalt Him a long [part of the] night."
  },
  {
    "id": 27,
    "ar": "إِنَّ هَٰٓؤُلَآءِ يُحِبُّونَ ٱلْعَاجِلَةَ وَيَذَرُونَ وَرَآءَهُمْ يَوْمًا ثَقِيلًا",
    "tr": "ইন্না হাউলাই ইউহিববূনাল ‘আ-জিলাতা ওয়া ইয়াযারূনা ওয়ারাআহুম ইয়াওমান ছাকীলা- ।",
    "bn_haque": "নিঃসন্দেহ এরা ভালবাসে অস্থায়ী জীবন, আর অবহেলা করে এদের সামনের এক কঠিন দিনকে।",
    "bn_muhi": "নিশ্চয় এরা পার্থিব জীবনকে ভালবাসে এবং এক কঠিন দিবসকে পশ্চাতে ফেলে রাখে।",
    "en": "Indeed, these [disbelievers] love the immediate and leave behind them a grave Day."
  },
  {
    "id": 28,
    "ar": "نَّحْنُ خَلَقْنَٰهُمْ وَشَدَدْنَآ أَسْرَهُمْ وَإِذَا شِئْنَا بَدَّلْنَآ أَمْثَٰلَهُمْ تَبْدِيلًا",
    "tr": "নাহনুখালাকনা-হুম ওয়াশাদাদনাআছরাহুম ওয়া ইযা- শি’না- বাদ্দালনাআমছালাহুম তাবদীলা-।",
    "bn_haque": "আমরাই তাদের সৃষ্টি করেছি এবং মজবুত করেছি তাদের গঠন, কাজেই যখন আমরা চাইব তখন তাদের অনুরূপদের আমরা বদলে দেবো আমূল পরিবর্তনে।",
    "bn_muhi": "আমি তাদেরকে সৃষ্টি করেছি এবং মজবুত করেছি তাদের গঠন। আমি যখন ইচ্ছা করব, তখন তাদের পরিবর্তে তাদের অনুরূপ লোক আনব।",
    "en": "We have created them and strengthened their forms, and when We will, We can change their likenesses with [complete] alteration."
  },
  {
    "id": 29,
    "ar": "إِنَّ هَٰذِهِۦ تَذْكِرَةٌ فَمَن شَآءَ ٱتَّخَذَ إِلَىٰ رَبِّهِۦ سَبِيلًا",
    "tr": "ইন্না হা-যিহী তাযকিরাতুন ফামান শাআত্তাখাযা ইলা- রাব্বিহী ছাবীলা- ।",
    "bn_haque": "নিঃসন্দেহ এটি এক স্মরণীয় বার্তা, সুতরাং যে ইচ্ছা করে সে তার প্রভুর দিকে পথ ধরুক।",
    "bn_muhi": "এটা উপদেশ, অতএব যার ইচ্ছা হয় সে তার পালনকর্তার পথ অবলম্বন করুক।",
    "en": "Indeed, this is a reminder, so he who wills may take to his Lord a way."
  },
  {
    "id": 30,
    "ar": "وَمَا تَشَآءُونَ إِلَّآ أَن يَشَآءَ ٱللَّهُ إِنَّ ٱللَّهَ كَانَ عَلِيمًا حَكِيمًا",
    "tr": "ওয়ামা-তাশাঊনা ইল্লাআইঁ ইয়াশাআল্লা-হ; ইন্নাল্লা-হা কা-না ‘আলীমান হাকীমা- ।",
    "bn_haque": "আর তোমরা চাও না আল্লাহ্‌র চাওয়া ব্যতিরেকে। নিঃসন্দেহ আল্লাহ্ হচ্ছেন সর্বজ্ঞাতা, পরমজ্ঞানী।",
    "bn_muhi": "আল্লাহর অভিপ্রায় ব্যতিরেকে তোমরা অন্য কোন অভিপ্রায় পোষণ করবে না। আল্লাহ সর্বজ্ঞ প্রজ্ঞাময়।",
    "en": "And you do not will except that Allah wills. Indeed, Allah is ever Knowing and Wise."
  },
  {
    "id": 31,
    "ar": "يُدْخِلُ مَن يَشَآءُ فِى رَحْمَتِهِۦ وَٱلظَّٰلِمِينَ أَعَدَّ لَهُمْ عَذَابًا أَلِيمًۢا",
    "tr": "ইউদখিলুমাইঁ ইয়াশাউ ফী রাহমাতিহী ওয়াজ্জা-লিমীনা আ‘আদ্দা লাহুম ‘আযাবান আলীমা- ।",
    "bn_haque": "তিনি যাকে ইচ্ছা করেন তাকে তাঁর অনুগ্রহের মধ্যে প্রবেশ করান। কিন্ত অন্যায়কারীরা -- তাদের জন্য তিনি তৈরি করেছেন মর্মন্তুদ শাস্তি।",
    "bn_muhi": "তিনি যাকে ইচ্ছা তাঁর রহমতে দাখিল করেন। আর যালেমদের জন্যে তো প্রস্তুত রেখেছেন মর্মন্তুদ শাস্তি।",
    "en": "He admits whom He wills into His mercy; but the wrongdoers - He has prepared for them a painful punishment."
  }
]