[
  {
    "id": 1,
    "ar": "أَلَمْ نَشْرَحْ لَكَ صَدْرَكَ",
    "tr": "আলাম নাশরাহলাকা সাদরাক।",
    "bn_haque": "আমরা কি তোমার বক্ষ প্রশস্ত করে দিই নি?",
    "bn_muhi": "আমি কি আপনার বক্ষ উম্মুক্ত করে দেইনি?",
    "en": "Did We not expand for you, [O Muhammad], your breast?"
  },
  {
    "id": 2,
    "ar": "وَوَضَعْنَا عَنكَ وِزْرَكَ",
    "tr": "ওয়া ওয়াদা‘না-‘আনকা বিঝরাক",
    "bn_haque": "আর আমরা তোমার থেকে লাঘব করেছি তোমার ভার, --",
    "bn_muhi": "আমি লাঘব করেছি আপনার বোঝা,",
    "en": "And We removed from you your burden"
  },
  {
    "id": 3,
    "ar": "ٱلَّذِىٓ أَنقَضَ ظَهْرَكَ",
    "tr": "আল্লাযীআনকাদা জাহরাক।",
    "bn_haque": "যা চেপে বসেছিল তোমার পিঠে;",
    "bn_muhi": "যা ছিল আপনার জন্যে অতিশয় দুঃসহ।",
    "en": "Which had weighed upon your back"
  },
  {
    "id": 4,
    "ar": "وَرَفَعْنَا لَكَ ذِكْرَكَ",
    "tr": "ওয়া রাফা‘না-লাকা যিকরাক।",
    "bn_haque": "আর আমরা তোমার জন্য উন্নত করেছি তোমার নামোল্লেখ।",
    "bn_muhi": "আমি আপনার আলোচনাকে সমুচ্চ করেছি।",
    "en": "And raised high for you your repute."
  },
  {
    "id": 5,
    "ar": "فَإِنَّ مَعَ ٱلْعُسْرِ يُسْرًا",
    "tr": "ফাইন্না মা‘আল ‘উছরি ইউছরা-।",
    "bn_haque": "অতএব কষ্টের সঙ্গেই তো আরাম রয়েছে,",
    "bn_muhi": "নিশ্চয় কষ্টের সাথে স্বস্তি রয়েছে।",
    "en": "For indeed, with hardship [will be] ease."
  },
  {
    "id": 6,
    "ar": "إِنَّ مَعَ ٱلْعُسْرِ يُسْرًا",
    "tr": "ইন্না মা‘আল ‘উছরি ইউছরা-।",
    "bn_haque": "নিশ্চয় কষ্টের সঙ্গে আরাম রয়েছে।",
    "bn_muhi": "নিশ্চয় কষ্টের সাথে স্বস্তি রয়েছে।",
    "en": "Indeed, with hardship [will be] ease."
  },
  {
    "id": 7,
    "ar": "فَإِذَا فَرَغْتَ فَٱنصَبْ",
    "tr": "ফাইযা-ফারাগতা ফানসাব।",
    "bn_haque": "সুতরাং যখন তুমি মুক্ত হয়েছে তখন কঠোর পরিশ্রম করো,",
    "bn_muhi": "অতএব, যখন অবসর পান পরিশ্রম করুন।",
    "en": "So when you have finished [your duties], then stand up [for worship]."
  },
  {
    "id": 8,
    "ar": "وَإِلَىٰ رَبِّكَ فَٱرْغَب",
    "tr": "ওয়া ইলা- রাব্বিকা ফারগাব।",
    "bn_haque": "আর তোমার প্রভুর প্রতি তবে একান্তভাবে মনোনিবেশ করো।",
    "bn_muhi": "এবং আপনার পালনকর্তার প্রতি মনোনিবেশ করুন।",
    "en": "And to your Lord direct [your] longing."
  }
]