[
  {
    "id": 1,
    "ar": "وَٱلشَّمْسِ وَضُحَىٰهَا",
    "tr": "ওয়াশ শামছি ওয়াদু হা-হা-।",
    "bn_haque": "ভাবো সূর্যের আর তার সকাল বেলাকার কিরণের কথা,",
    "bn_muhi": "শপথ সূর্যের ও তার কিরণের,",
    "en": "By the sun and its brightness"
  },
  {
    "id": 2,
    "ar": "وَٱلْقَمَرِ إِذَا تَلَىٰهَا",
    "tr": "ওয়াল কামারি ইযা-তালা-হা-।",
    "bn_haque": "আর চন্দ্রের কথা যখন সে তার কিরণ ধার করে,",
    "bn_muhi": "শপথ চন্দ্রের যখন তা সূর্যের পশ্চাতে আসে,",
    "en": "And [by] the moon when it follows it"
  },
  {
    "id": 3,
    "ar": "وَٱلنَّهَارِ إِذَا جَلَّىٰهَا",
    "tr": "ওয়ান্নাহা-রি ইযা জাল্লা-হা-।",
    "bn_haque": "আর দিনের কথা যখন সে তাকে উজ্জ্বলভাবে প্রকাশ করে,",
    "bn_muhi": "শপথ দিবসের যখন সে সূর্যকে প্রখরভাবে প্রকাশ করে,",
    "en": "And [by] the day when it displays it"
  },
  {
    "id": 4,
    "ar": "وَٱلَّيْلِ إِذَا يَغْشَىٰهَا",
    "tr": "ওয়াল্লাইলি ইযা-ইয়াগশা-হা-।",
    "bn_haque": "আর রাতের কথা যখন সে তাকে আচ্ছাদিত করে।",
    "bn_muhi": "শপথ রাত্রির যখন সে সূর্যকে আচ্ছাদিত করে,",
    "en": "And [by] the night when it covers it"
  },
  {
    "id": 5,
    "ar": "وَٱلسَّمَآءِ وَمَا بَنَىٰهَا",
    "tr": "ওয়াছ ছামাই ওয়ামা-বানা-হা-।",
    "bn_haque": "ভাবো মহাকাশের কথা ও যিনি তাকে বানিয়েছেন,",
    "bn_muhi": "শপথ আকাশের এবং যিনি তা নির্মাণ করেছেন, তাঁর।",
    "en": "And [by] the sky and He who constructed it"
  },
  {
    "id": 6,
    "ar": "وَٱلْأَرْضِ وَمَا طَحَىٰهَا",
    "tr": "ওয়াল আরদিওয়ামা-তাহা-হা-।",
    "bn_haque": "আর পৃথিবীর কথা ও যিনি তাকে প্রসারিত করেছেন,",
    "bn_muhi": "শপথ পৃথিবীর এবং যিনি তা বিস্তৃত করেছেন, তাঁর,",
    "en": "And [by] the earth and He who spread it"
  },
  {
    "id": 7,
    "ar": "وَنَفْسٍ وَمَا سَوَّىٰهَا",
    "tr": "ওয়া নাফছিওঁ ওয়া মা-ছাওওয়া-হা-।",
    "bn_haque": "আর মানবা‌ত্মার কথা ও যিনি তাকে সুঠাম করেছেন,",
    "bn_muhi": "শপথ প্রাণের এবং যিনি তা সুবিন্যস্ত করেছেন, তাঁর,",
    "en": "And [by] the soul and He who proportioned it"
  },
  {
    "id": 8,
    "ar": "فَأَلْهَمَهَا فُجُورَهَا وَتَقْوَىٰهَا",
    "tr": "ফাআলহামাহা-ফুজূরাহা-ওয়া তাকওয়া-হা-।",
    "bn_haque": "তারপর তাতে আবেগ সঞ্চার করেছেন তার মন্দ কাজের ও তার ধর্মপরায়ণতার।",
    "bn_muhi": "অতঃপর তাকে তার অসৎকর্ম ও সৎকর্মের জ্ঞান দান করেছেন,",
    "en": "And inspired it [with discernment of] its wickedness and its righteousness,"
  },
  {
    "id": 9,
    "ar": "قَدْ أَفْلَحَ مَن زَكَّىٰهَا",
    "tr": "কাদ আফলাহা মান ঝাক্কা-হা-।",
    "bn_haque": "সে-ই সফলতা অর্জন করবে যে তাকে শোধিত করবে;",
    "bn_muhi": "যে নিজেকে শুদ্ধ করে, সেই সফলকাম হয়।",
    "en": "He has succeeded who purifies it,"
  },
  {
    "id": 10,
    "ar": "وَقَدْ خَابَ مَن دَسَّىٰهَا",
    "tr": "ওয়া কাদ খা-বা মান দাছ ছা-হা-।",
    "bn_haque": "আর সে-ই ব্যর্থ হবে যে একে পঙ্গু করবে।",
    "bn_muhi": "এবং যে নিজেকে কলুষিত করে, সে ব্যর্থ মনোরথ হয়।",
    "en": "And he has failed who instills it [with corruption]."
  },
  {
    "id": 11,
    "ar": "كَذَّبَتْ ثَمُودُ بِطَغْوَىٰهَآ",
    "tr": "কাযযাবাত ছামূদুবিতাগওয়া-হা।",
    "bn_haque": "ছামূদ জাতি তাদের অবাধ্যতা বশত মিথ্যা বলেছিল,",
    "bn_muhi": "সামুদ সম্প্রদায় অবাধ্যতা বশতঃ মিথ্যারোপ করেছিল।",
    "en": "Thamud denied [their prophet] by reason of their transgression,"
  },
  {
    "id": 12,
    "ar": "إِذِ ٱنۢبَعَثَ أَشْقَىٰهَا",
    "tr": "ইযিম বা‘আছা আশকা-হা-।",
    "bn_haque": "যখন তাদের সব চাইতে ইতর লোকটি উঠে দাঁড়িয়েছিল, --",
    "bn_muhi": "যখন তাদের সর্বাধিক হতভাগ্য ব্যক্তি তৎপর হয়ে উঠেছিল।",
    "en": "When the most wretched of them was sent forth."
  },
  {
    "id": 13,
    "ar": "فَقَالَ لَهُمْ رَسُولُ ٱللَّهِ نَاقَةَ ٱللَّهِ وَسُقْيَٰهَا",
    "tr": "ফাকা-লা লাহুম রাছূলুল্লা-হি না-কাতাল্লা-হি ওয়া ছুকইয়া-হা-।",
    "bn_haque": "তখন আল্লাহ্‌র রসূল তাদের বলেছিলেন -- \"আল্লাহ্‌র উষ্ট্রী, আর তার জলপানস্থল।\"",
    "bn_muhi": "অতঃপর আল্লাহর রসূল তাদেরকে বলেছিলেনঃ আল্লাহর উষ্ট্রী ও তাকে পানি পান করানোর ব্যাপারে সতর্ক থাক।",
    "en": "And the messenger of Allah [Salih] said to them, \"[Do not harm] the she-camel of Allah or [prevent her from] her drink.\""
  },
  {
    "id": 14,
    "ar": "فَكَذَّبُوهُ فَعَقَرُوهَا فَدَمْدَمَ عَلَيْهِمْ رَبُّهُم بِذَنۢبِهِمْ فَسَوَّىٰهَا",
    "tr": "ফাকাযযাবূহু ফা‘আকারূহা- ফাদামদামা ‘আলাইহিম রাব্বুহুম বিযামবিহিম ফাছাওওয়াহা-।",
    "bn_haque": "কিন্ত তারা তাঁকে মিথ্যাবাদী বললো ও তাকে হত্যা করল, সেজন্য তাদের প্রভু তাদের পাপের জন্যে তাদের উপরে বিধ্বংসী আঘাত হানলেন, ফলে তাদের একসমান করে দিলেন;",
    "bn_muhi": "অতঃপর ওরা তার প্রতি মিথ্যারোপ করেছিল এবং উষ্ট্রীর পা কর্তন করেছিল। তাদের পাপের কারণে তাদের পালনকর্তা তাদের উপর ধ্বংস নাযিল করে একাকার করে দিলেন।",
    "en": "But they denied him and hamstrung her. So their Lord brought down upon them destruction for their sin and made it equal [upon all of them]."
  },
  {
    "id": 15,
    "ar": "وَلَا يَخَافُ عُقْبَٰهَا",
    "tr": "ওয়ালা-ইয়াখা-ফু‘উকবা-হা-।",
    "bn_haque": "আর তিনি এর পরিণামের জন্য ভয় করেন না।",
    "bn_muhi": "আল্লাহ তা’আলা এই ধ্বংসের কোন বিরূপ পরিণতির আশংকা করেন না।",
    "en": "And He does not fear the consequence thereof."
  }
]