[
  {
    "id": 1,
    "ar": "سَبَّحَ لِلَّهِ مَا فِى ٱلسَّمَٰوَٰتِ وَٱلْأَرْضِ وَهُوَ ٱلْعَزِيزُ ٱلْحَكِيمُ",
    "tr": "ছাব্বাহা লিল্লা-হি মা-ফিছ ছামা-ওয়া-তি ওয়াল আরদি ওয়া হুওয়াল ‘আঝীঝুল হাকীম।",
    "bn_haque": "মহাকাশমন্ডলে ও পৃথিবীতে যা-কিছু আছে তা আল্লাহ্‌র জপতপ করে, আর তিনি মহাশক্তিশালী, পরমজ্ঞানী।",
    "bn_muhi": "নভোমন্ডল ও ভূমন্ডলে যা কিছু আছে, সবাই আল্লাহর পবিত্রতা ঘোষণা করে। তিনি শক্তিধর; প্রজ্ঞাময়।",
    "en": "Whatever is in the heavens and earth exalts Allah, and He is the Exalted in Might, the Wise."
  },
  {
    "id": 2,
    "ar": "لَهُۥ مُلْكُ ٱلسَّمَٰوَٰتِ وَٱلْأَرْضِ يُحْىِۦ وَيُمِيتُ وَهُوَ عَلَىٰ كُلِّ شَىْءٍ قَدِيرٌ",
    "tr": "লাহূমুলকুছ ছামা-ওয়া-তি ওয়াল আরদি ইউহঈ ওয়া ইউমীতু ওয়া হুওয়া ‘আলাকুল্লি শাইয়িন কাদীর।",
    "bn_haque": "তাঁরই হচ্ছে মহাকাশমন্ডল ও পৃথিবীর সার্বভৌমত্ব তিনি জীবন দান করেন ও মৃত্যু ঘটান, আর তিনিই সব-কিছুর উপরে সর্বশক্তিমান।",
    "bn_muhi": "নভোমন্ডল ও ভূমন্ডলের রাজত্ব তাঁরই। তিনি জীবন দান করেন ও মৃত্যু ঘটান। তিনি সবকিছু করতে সক্ষম।",
    "en": "His is the dominion of the heavens and earth. He gives life and causes death, and He is over all things competent."
  },
  {
    "id": 3,
    "ar": "هُوَ ٱلْأَوَّلُ وَٱلْءَاخِرُ وَٱلظَّٰهِرُ وَٱلْبَاطِنُ وَهُوَ بِكُلِّ شَىْءٍ عَلِيمٌ",
    "tr": "হুওয়াল আওওয়ালুওয়াল আ-খিরু ওয়াজ্জা-হিরুওয়াল বা-তিনু ওয়া হুওয়া বিকুল্লি শাইয়িন ‘আলীম।",
    "bn_haque": "তিনিই আদি ও অন্ত আর প্রকাশ্য ও গুপ্ত, কেননা তিনিই সব-কিছু সন্বন্ধে সর্বজ্ঞাতা।",
    "bn_muhi": "তিনিই প্রথম, তিনিই সর্বশেষ, তিনিই প্রকাশমান ও অপ্রকাশমান এবং তিনি সব বিষয়ে সম্যক পরিজ্ঞাত।",
    "en": "He is the First and the Last, the Ascendant and the Intimate, and He is, of all things, Knowing."
  },
  {
    "id": 4,
    "ar": "هُوَ ٱلَّذِى خَلَقَ ٱلسَّمَٰوَٰتِ وَٱلْأَرْضَ فِى سِتَّةِ أَيَّامٍ ثُمَّ ٱسْتَوَىٰ عَلَى ٱلْعَرْشِ يَعْلَمُ مَا يَلِجُ فِى ٱلْأَرْضِ وَمَا يَخْرُجُ مِنْهَا وَمَا يَنزِلُ مِنَ ٱلسَّمَآءِ وَمَا يَعْرُجُ فِيهَا وَهُوَ مَعَكُمْ أَيْنَ مَا كُنتُمْ وَٱللَّهُ بِمَا تَعْمَلُونَ بَصِيرٌ",
    "tr": "হুওয়াল্লাযীখালাকাছছামা-ওয়া-তি ওয়াল আরদাফী ছিত্তাতি আইয়া-মিন ছু ম্মাছতাওয়া‘আলাল ‘আরশি ইয়া‘লামুমা-ইয়ালিজূফিল আরদিওয়ামা-ইয়াখরুজূমিনহা-ওয়ামাইয়ানঝিলুমিনাছ ছামাই ওয়ামা-ওয়া‘রুজূফীহা- ওয়া হুওয়া মা‘আকুম আইনামাকুনতুম ওয়াল্লা-হু বিমা-তা‘মালূনা বাসীর।",
    "bn_haque": "তিনিই সেইজন যিনি মহাকাশমন্ডল ও পৃথিবী সৃষ্টি করেছেন ছয় দিনে, তারপর তিনি সমারোহণ করলেন আরশের উপরে। তিনি জানেন যা পৃথিবীর ভেতরে প্রবেশ করে এবং যা তা থেকে বেরিয়ে আসে, আর যা আকাশ থেকে নেমে আসে এবং যা তাতে উঠে যায়। আর তিনি তোমাদের সঙ্গে রয়েছেন যেখানেই তোমরা থাক না কেন। আর তোমরা যা কর সে-সন্বন্ধে আল্লাহ্ সম্যক দ্রষ্টা।",
    "bn_muhi": "তিনি নভোমন্ডল ও ভূ-মন্ডল সৃষ্টি করেছেন ছয়দিনে, অতঃপর আরশের উপর সমাসীন হয়েছেন। তিনি জানেন যা ভূমিতে প্রবেশ করে ও যা ভূমি থেকে নির্গত হয় এবং যা আকাশ থেকে বর্ষিত হয় ও যা আকাশে উত্থিত হয়। তিনি তোমাদের সাথে আছেন তোমরা যেখানেই থাক। তোমরা যা কর, আল্লাহ তা দেখেন।",
    "en": "It is He who created the heavens and earth in six days and then established Himself above the Throne. He knows what penetrates into the earth and what emerges from it and what descends from the heaven and what ascends therein; and He is with you wherever you are. And Allah, of what you do, is Seeing."
  },
  {
    "id": 5,
    "ar": "لَّهُۥ مُلْكُ ٱلسَّمَٰوَٰتِ وَٱلْأَرْضِ وَإِلَى ٱللَّهِ تُرْجَعُ ٱلْأُمُورُ",
    "tr": "লাহূমুলকুছ ছামা-ওয়া-তি ওয়াল আরদি ওয়া ইলাল্লা-হি তুর জা‘উল উমূর।",
    "bn_haque": "তাঁরই হচ্ছে মহাকাশমন্ডল ও পৃথিবীর সার্বভৌমত্ব আর আল্লাহ্‌রই প্রতি ব্যাপার-স্যাপারগুলো ফিরিয়ে নেওয়া হয়।",
    "bn_muhi": "নভোমন্ডল ও ভূমন্ডলের রাজত্ব তাঁরই। সবকিছু তাঁরই দিকে প্রত্যাবর্তন করবে।",
    "en": "His is the dominion of the heavens and earth. And to Allah are returned [all] matters."
  },
  {
    "id": 6,
    "ar": "يُولِجُ ٱلَّيْلَ فِى ٱلنَّهَارِ وَيُولِجُ ٱلنَّهَارَ فِى ٱلَّيْلِ وَهُوَ عَلِيمٌۢ بِذَاتِ ٱلصُّدُورِ",
    "tr": "ইঊলিজূল লাইলা ফিন্নাহা-রি ওয়া ইঊলিজূন্নাহা-রা ফিল্লাইলি ওয়া হুওয়া ‘আলীমুম বিযাতিসসুদূ র।",
    "bn_haque": "তিনি রাতকে দিনের মধ্যে প্রবেশ করিয়ে দেন এবং দিনকে প্রবেশ করান রাতের মধ্যে। আর বুকের ভেতরে যা-কিছু আছে সে- সন্বন্ধে তিনি সর্বজ্ঞাতা।",
    "bn_muhi": "তিনি রাত্রিকে দিবসে প্রবিষ্ট করেন এবং দিবসকে প্রবিষ্ট করেন রাত্রিতে। তিনি অন্তরের বিষয়াদি সম্পর্কেও সম্যক জ্ঞাত।",
    "en": "He causes the night to enter the day and causes the day to enter the night, and he is Knowing of that within the breasts."
  },
  {
    "id": 7,
    "ar": "ءَامِنُوا۟ بِٱللَّهِ وَرَسُولِهِۦ وَأَنفِقُوا۟ مِمَّا جَعَلَكُم مُّسْتَخْلَفِينَ فِيهِ فَٱلَّذِينَ ءَامَنُوا۟ مِنكُمْ وَأَنفَقُوا۟ لَهُمْ أَجْرٌ كَبِيرٌ",
    "tr": "আ-মিনূবিল্লা-হি ওয়া রাছূলিহী ওয়া আনফিকূমিম্মা-জা‘আলাকুম মুছতাখলাফীনা ফীহি ফাল্লাযীনা আ-মানূমিনকুম ওয়া আনফাকূলাহুম আজরুন কাবীর।",
    "bn_haque": "আল্লাহ্‌র ও তাঁর রসূলের প্রতি ঈমান আনো, এবং খরচ করো তা থেকে যা দিয়ে তিনি এতে তোমাদের উত্তরাধিকারী বানিয়েছেন। সুতরাং তোমাদের মধ্যের যারা ঈমান আনে ও খরচ করে, তাদের জন্য রয়েছে এক বিরাট প্রতিদান।",
    "bn_muhi": "তোমরা আল্লাহ ও তাঁর রসূলের প্রতি বিশ্বাস স্থাপন কর এবং তিনি তোমাদেরকে যার উত্তরাধিকারী করেছেন, তা থেকে ব্যয় কর। অতএব, তোমাদের মধ্যে যারা বিশ্বাস স্থাপন করে ও ব্যয় করে, তাদের জন্যে রয়েছে মহাপুরস্কার।",
    "en": "Believe in Allah and His Messenger and spend out of that in which He has made you successors. For those who have believed among you and spent, there will be a great reward."
  },
  {
    "id": 8,
    "ar": "وَمَا لَكُمْ لَا تُؤْمِنُونَ بِٱللَّهِ وَٱلرَّسُولُ يَدْعُوكُمْ لِتُؤْمِنُوا۟ بِرَبِّكُمْ وَقَدْ أَخَذَ مِيثَٰقَكُمْ إِن كُنتُم مُّؤْمِنِينَ",
    "tr": "ওয়ামা-লাকুম লা-তু’মিনূনা বিল্লা-হি ওয়াররাছূলুইয়াদ‘ঊকুম লিতু’মিনূবিরাব্বিকুম ওয়া কাদ আখাযা মীছা-কাকুম ইন কুনতুম মু’মিনীন।",
    "bn_haque": "আর তোমাদের কি হয়েছে যে তোমরা আল্লাহ্‌তে বিশ্বাস করছ না, অথচ রসূল তোমাদের আহ্বান করছেন যেন তোমরা তোমাদের প্রভুর প্রতি বিশ্বাস স্থাপন করো, এবং তিনিও ইতিপূর্বেই তোমাদের থেকে অঙ্গীকার গ্রহণ করেছেন, -- যদি তোমরা বিশ্বাসী হয়ে থাকো?",
    "bn_muhi": "তোমাদের কি হল যে, তোমরা আল্লাহর প্রতি বিশ্বাস স্থাপন করছ না, অথচ রসূল তোমাদেরকে তোমাদের পালনকর্তার প্রতি বিশ্বাস স্থাপন করার দাওয়াত দিচ্ছেন? আল্লাহ তো পূর্বেই তোমাদের অঙ্গীকার নিয়েছেন-যদি তোমরা বিশ্বাসী হও।",
    "en": "And why do you not believe in Allah while the Messenger invites you to believe in your Lord and He has taken your covenant, if you should [truly] be believers?"
  },
  {
    "id": 9,
    "ar": "هُوَ ٱلَّذِى يُنَزِّلُ عَلَىٰ عَبْدِهِۦٓ ءَايَٰتٍۭ بَيِّنَٰتٍ لِّيُخْرِجَكُم مِّنَ ٱلظُّلُمَٰتِ إِلَى ٱلنُّورِ وَإِنَّ ٱللَّهَ بِكُمْ لَرَءُوفٌ رَّحِيمٌ",
    "tr": "হুওয়াল্লাযী ইউনাঝঝিলু‘আলা-‘আবদিহীআ-য়া-তিম বাইয়িনা-তিল লিইউখরিজাকুম মিনাজ্জুলুমা-তি ইলান নূরি ওয়া ইন্নাল্লা-হা বিকুম লারাঊফুর রাহীম।",
    "bn_haque": "তিনিই সেইজন যিনি তাঁর বান্দার কাছে সুস্পষ্ট নির্দেশাবলী অবতারণ করছেন যেন তিনি তোমাদের বের কবে আনতে পারেন অন্ধকার থেকে আলোকের মধ্যে। আর আল্লাহ্ নিশ্চয়ই তোমাদের প্রতি তো পরম স্নেহময়, অফুরন্ত ফলদাতা।",
    "bn_muhi": "তিনিই তাঁর দাসের প্রতি প্রকাশ্য আয়াত অবতীর্ণ করেন, যাতে তোমাদেরকে অন্ধকার থেকে আলোকে আনয়ন করেন। নিশ্চয় আল্লাহ তোমাদের প্রতি করুণাময়, পরম দয়ালু।",
    "en": "It is He who sends down upon His Servant [Muhammad] verses of clear evidence that He may bring you out from darknesses into the light. And indeed, Allah is to you Kind and Merciful."
  },
  {
    "id": 10,
    "ar": "وَمَا لَكُمْ أَلَّا تُنفِقُوا۟ فِى سَبِيلِ ٱللَّهِ وَلِلَّهِ مِيرَٰثُ ٱلسَّمَٰوَٰتِ وَٱلْأَرْضِ لَا يَسْتَوِى مِنكُم مَّنْ أَنفَقَ مِن قَبْلِ ٱلْفَتْحِ وَقَٰتَلَ أُو۟لَٰٓئِكَ أَعْظَمُ دَرَجَةً مِّنَ ٱلَّذِينَ أَنفَقُوا۟ مِنۢ بَعْدُ وَقَٰتَلُوا۟ وَكُلًّا وَعَدَ ٱللَّهُ ٱلْحُسْنَىٰ وَٱللَّهُ بِمَا تَعْمَلُونَ خَبِيرٌ",
    "tr": "ওয়ামা-লাকুম আল্লা-তুনফিকূফী ছাবীলিল্লা-হি ওয়া লিল্লা-হি মীরা-ছু ছ ছামা-ওয়া-তি ওয়াল আরদি লা-ইয়াছতাবী মিনকুম মান আনফাকা মিন কাবলিল ফাতহিওয়া কাতালা উলাইকা আ‘জামুদারাজাতাম মিনাল্লাযীনা আনফাকূমিম বা‘দুওয়া কা-তালূ ওয়া কুল্লাওঁ ওয়া‘আদাল্লা-হুল হুছনা- ওয়াল্লা-হু বিমা-তা‘মালূনা খাবীর।",
    "bn_haque": "আর তোমাদের কি হয়েছে যে তোমরা আল্লাহ্‌র পথে খরচ কর না, অথচ আল্লাহ্‌রই হচ্ছে মহাকাশমন্ডল ও পৃথিবীর উত্তরাধিকার? তোমাদের মধ্যে তারা সমতুল্য নয় যারা সেই বিজয়ের পূর্বে খরচ করেছিল ও যুদ্ধ করেছিল। এরা শ্রেণীবিভাগে উচ্চতর তাদের থেকে যারা পরবর্তীকালে খরচ করে ও যুদ্ধ করে, আর প্রত্যেককেই আল্লাহ্ ওয়াদা করেছেন কল্যাণের। কেননা তোমরা যা কর সে-সন্বন্ধে আল্লাহ্ পূর্ণ ওয়াকিফহাল।",
    "bn_muhi": "তোমাদেরকে আল্লাহর পথে ব্যয় করতে কিসে বাধা দেয়, যখন আল্লাহই নভোমন্ডল ও ভূমন্ডলের উত্তরাধিকারী? তোমাদের মধ্যে যে মক্কা বিজয়ের পূর্বে ব্যয় করেছে ও জেহাদ করেছে, সে সমান নয়। এরূপ লোকদের মর্যদা বড় তাদের অপেক্ষা, যার পরে ব্যয় করেছে ও জেহাদ করেছে। তবে আল্লাহ উভয়কে কল্যাণের ওয়াদা দিয়েছেন। তোমরা যা কর, আল্লাহ সে সম্পর্কে সম্যক জ্ঞাত।",
    "en": "And why do you not spend in the cause of Allah while to Allah belongs the heritage of the heavens and the earth? Not equal among you are those who spent before the conquest [of Makkah] and fought [and those who did so after it]. Those are greater in degree than they who spent afterwards and fought. But to all Allah has promised the best [reward]. And Allah, with what you do, is Acquainted."
  },
  {
    "id": 11,
    "ar": "مَّن ذَا ٱلَّذِى يُقْرِضُ ٱللَّهَ قَرْضًا حَسَنًا فَيُضَٰعِفَهُۥ لَهُۥ وَلَهُۥٓ أَجْرٌ كَرِيمٌ",
    "tr": "মান যাল্লাযী ইউকরিদু ল্লা-হা কারদান হাছানান ফাইউদা-‘ইফাহূলাহূওয়া লাহূ আজরুন কারীম।",
    "bn_haque": "কে সেইজন যে আল্লাহ্‌কে কর্জ দেয় উত্তম কর্জ, ফলে তিনি এটিকে তারজন্য বহুগুণিত করে দেন, আর তার জন্য রয়েছে সম্মানিত পুরস্কার?",
    "bn_muhi": "কে সেই ব্যক্তি, যে আল্লাহকে উত্তম ধার দিবে, এরপর তিনি তার জন্যে তা বহুগুণে বৃদ্ধি করবেন এবং তার জন্যে রয়েছে সম্মানিত পুরস্কার।",
    "en": "Who is it that would loan Allah a goodly loan so He will multiply it for him and he will have a noble reward?"
  },
  {
    "id": 12,
    "ar": "يَوْمَ تَرَى ٱلْمُؤْمِنِينَ وَٱلْمُؤْمِنَٰتِ يَسْعَىٰ نُورُهُم بَيْنَ أَيْدِيهِمْ وَبِأَيْمَٰنِهِم بُشْرَىٰكُمُ ٱلْيَوْمَ جَنَّٰتٌ تَجْرِى مِن تَحْتِهَا ٱلْأَنْهَٰرُ خَٰلِدِينَ فِيهَا ذَٰلِكَ هُوَ ٱلْفَوْزُ ٱلْعَظِيمُ",
    "tr": "ইয়াওমা তারাল মু’মিনীনা ওয়াল মুমিনা-তি ইয়াছ‘আ-নূরুহুম বাইনা আইদীহিম ওয়া বিআইমানিহিম বুশরা-কুমুল ইয়াওমা জান্না-তুন তাজরী মিন তাহতিহাল আনহা-রু খা-লিদীনা ফীহা- যা-লিকা হুওয়াল ফাওঝুল ‘আজীম।",
    "bn_haque": "সেইদিন তুমি বিশ্বাসীদের ও বিশ্বাসিনীদের দেখতে পাবে -- তাদের আলোক ধাবিত হয়েছে তাদের সম্মুখে ও তাদের ডানদিক দিয়ে, -- \"তোমাদের জন্য আজ সুসংবাদ -- স্বর্গোউদ্যানসমূহে যাদের নীচে দিয়ে বয়ে চলেছে ঝরনারাজি, সেখানে অবস্থান করবে।\" এটিই হচ্ছে বিরাট সাফল্য।",
    "bn_muhi": "যেদিন আপনি দেখবেন ঈমানদার পুরুষ ও ঈমানদার নারীদেরকে, তাদের সম্মুখ ভাগে ও ডানপার্শ্বে তাদের জ্যোতি ছুটোছুটি করবে বলা হবেঃ আজ তোমাদের জন্যে সুসংবাদ জান্নাতের, যার তলদেশে নদী প্রবাহিত, তাতে তারা চিরকাল থাকবে। এটাই মহাসাফল্য।",
    "en": "On the Day you see the believing men and believing women, their light proceeding before them and on their right, [it will be said], \"Your good tidings today are [of] gardens beneath which rivers flow, wherein you will abide eternally.\" That is what is the great attainment."
  },
  {
    "id": 13,
    "ar": "يَوْمَ يَقُولُ ٱلْمُنَٰفِقُونَ وَٱلْمُنَٰفِقَٰتُ لِلَّذِينَ ءَامَنُوا۟ ٱنظُرُونَا نَقْتَبِسْ مِن نُّورِكُمْ قِيلَ ٱرْجِعُوا۟ وَرَآءَكُمْ فَٱلْتَمِسُوا۟ نُورًا فَضُرِبَ بَيْنَهُم بِسُورٍ لَّهُۥ بَابٌۢ بَاطِنُهُۥ فِيهِ ٱلرَّحْمَةُ وَظَٰهِرُهُۥ مِن قِبَلِهِ ٱلْعَذَابُ",
    "tr": "ইয়াওমা ইয়াকূলুল মুনা-ফিকূনা ওয়াল মুনা-ফিকা-তুলিল্লাযীনা আ-মানুনজুরূনানাকতাবিছ মিন নূরিকুম কীলারজি‘ঊ ওয়া রাআকুম ফালতামিছূনূরান ফাদুরিবা বাইনাহুম বিছূরিল লাহূবা-ব বা-তিনুহূফীহির রাহমাতুওয়া জা-হিরুহূমিন কিবালিহিল ‘আযা-ব।",
    "bn_haque": "সেই দিন যখন কপটাচারী ও কপটাচারিণীরা বলবে তাদের যারা বিশ্বাস করেছে -- \"আমাদের দিকে দেখো তো, তোমাদের আলোক থেকে যেন আমরা নিতে পারি।\" বলা হবে -- \"তোমরা তোমাদের পেছনে ফিরে যাও এবং আলোর খোঁজ কর।\" তারপর তাদের মধ্যে একটি দেওয়াল দাঁড় করানো হবে যাতে থাকবে একটি দরজা। তার ভেতরের দিকে, সেখানে রয়েছে করুণা, আর তার বাইরের দিকে, তার সামনেই রয়েছে শাস্তি।",
    "bn_muhi": "যেদিন কপট বিশ্বাসী পুরুষ ও কপট বিশ্বাসিনী নারীরা মুমিনদেরকে বলবেঃ তোমরা আমাদের জন্যে অপেক্ষা কর, আমরাও কিছু আলো নিব তোমাদের জ্যোতি থেকে। বলা হবেঃ তোমরা পিছনে ফিরে যাও ও আলোর খোঁজ কর। অতঃপর উভয় দলের মাঝখানে খাড়া করা হবে একটি প্রাচীর, যার একটি দরজা হবে। তার অভ্যন্তরে থাকবে রহমত এবং বাইরে থাকবে আযাব।",
    "en": "On the [same] Day the hypocrite men and hypocrite women will say to those who believed, \"Wait for us that we may acquire some of your light.\" It will be said, \"Go back behind you and seek light.\" And a wall will be placed between them with a door, its interior containing mercy, but on the outside of it is torment."
  },
  {
    "id": 14,
    "ar": "يُنَادُونَهُمْ أَلَمْ نَكُن مَّعَكُمْ قَالُوا۟ بَلَىٰ وَلَٰكِنَّكُمْ فَتَنتُمْ أَنفُسَكُمْ وَتَرَبَّصْتُمْ وَٱرْتَبْتُمْ وَغَرَّتْكُمُ ٱلْأَمَانِىُّ حَتَّىٰ جَآءَ أَمْرُ ٱللَّهِ وَغَرَّكُم بِٱللَّهِ ٱلْغَرُورُ",
    "tr": "ইউনা-দূ নাহুম আলাম নাকুম মা‘আকুম কা-লূবালা-ওয়ালা-কিন্নাকুম ফাতানতুম আনফুছাকুম ওয়া তারাব্বাসতুম ওয়ারতাবতুম ওয়া গাররাতকুমুল আমা-নিইয়ুহাত্তা-জাআ আমরুল্লা-হি ওয়া গাররাকুম বিল্লা-হিল গারূর।",
    "bn_haque": "তারা তাদের ডেকে বলবে -- \"আমরা কি তোমাদের সঙ্গে ছিলাম না?\" তারা বলবে -- \"হ্যাঁ, কিন্ত তোমরা তোমাদের নিজেদের প্রলুব্ধ করেছিলে, আর প্রতীক্ষা করেছিলে, আর বৃথা কামনা তোমাদের প্রতারিত করেছিল যে পর্যন্ত না আল্লাহ্‌র বিধান এসেছিল, আর আল্লাহ্ সম্পর্কে মহাপ্রতারক তোমাদের প্রতারণা করেছিল।",
    "bn_muhi": "তারা মুমিনদেরকে ডেকে বলবেঃ আমরা কি তোমাদের সাথে ছিলাম না? তারা বলবেঃ হ্যাঁ কিন্তু তোমরা নিজেরাই নিজেদেরকে বিপদগ্রস্ত করেছ। প্রতীক্ষা করেছ, সন্দেহ পোষণ করেছ এবং অলীক আশার পেছনে বিভ্রান্ত হয়েছ, অবশেষে আল্লাহর আদেশ পৌঁছেছে। এই সবই তোমাদেরকে আল্লাহ সম্পর্কে প্রতারিত করেছে।",
    "en": "The hypocrites will call to the believers, \"Were we not with you?\" They will say, \"Yes, but you afflicted yourselves and awaited [misfortune for us] and doubted, and wishful thinking deluded you until there came the command of Allah . And the Deceiver deceived you concerning Allah ."
  },
  {
    "id": 15,
    "ar": "فَٱلْيَوْمَ لَا يُؤْخَذُ مِنكُمْ فِدْيَةٌ وَلَا مِنَ ٱلَّذِينَ كَفَرُوا۟ مَأْوَىٰكُمُ ٱلنَّارُ هِىَ مَوْلَىٰكُمْ وَبِئْسَ ٱلْمَصِيرُ",
    "tr": "ফাল ইয়াওমা লা-ইউ’খাযুমিনকুম ফিদ ইয়াতুওঁ ওয়ালা-মিনাল্লাযীনা কাফারূ মা’ওয়াকুমুন্না-রু হিয়া মাওলা-কুম ওয়াবি’ছাল মাসীর।",
    "bn_haque": "সেজন্য আজকের দিনে তোমাদের থেকে কোনো মুক্তিপণ গ্রহণ করা হবে না, আর যারা অবিশ্বাস করেছিল তাদের থেকেও নয়। তোমাদের আবাসস্থল হচ্ছে জাহান্নাম, এই-ই তোমাদের মুরব্বী, আর কত নিকৃষ্ট গন্তব্যস্থল!",
    "bn_muhi": "অতএব, আজ তোমাদের কাছ থেকে কোন মুক্তিপন গ্রহণ করা হবে না। এবং কাফেরদের কাছ থেকেও নয়। তোমাদের সবার আবাস্থল জাহান্নাম। সেটাই তোমাদের সঙ্গী। কতই না নিকৃষ্ট এই প্রত্যাবর্তন স্থল।",
    "en": "So today no ransom will be taken from you or from those who disbelieved. Your refuge is the Fire. It is most worthy of you, and wretched is the destination."
  },
  {
    "id": 16,
    "ar": "أَلَمْ يَأْنِ لِلَّذِينَ ءَامَنُوٓا۟ أَن تَخْشَعَ قُلُوبُهُمْ لِذِكْرِ ٱللَّهِ وَمَا نَزَلَ مِنَ ٱلْحَقِّ وَلَا يَكُونُوا۟ كَٱلَّذِينَ أُوتُوا۟ ٱلْكِتَٰبَ مِن قَبْلُ فَطَالَ عَلَيْهِمُ ٱلْأَمَدُ فَقَسَتْ قُلُوبُهُمْ وَكَثِيرٌ مِّنْهُمْ فَٰسِقُونَ",
    "tr": "আলাম ইয়া’নি লিল্লাযীনা আ-মানূআন তাখশা‘আ কুলূবুহুম লিযিকরিল্লা-হি ওয়ামানাঝালা মিনাল হাক্কি ওয়ালা-ইয়াকূনূকাল্লাযীনা ঊতুল কিতা-বা মিন কাবলুফাতালা ‘আলাইহিমুল আমাদুফাকাছাত কুলূবুহুম ওয়া কাছীরুম মিনহুম ফা-ছিকূন।",
    "bn_haque": "এখনও কি সময় হয় নি তাদের জন্য যে যারা বিশ্বাস করে তাদের হৃদয় বিনত হবে আল্লাহ্‌র স্মরণে এবং সত্যের যা অবতীর্ণ হয়েছে? আর তারা ওদের মতো না হোক যাদের পূর্ববর্তীকালে গ্রন্থ দেওয়া হয়েছিল, কিন্ত সময় তাদের জন্য সুদীর্ঘ মনে হয়েছিল, ফলে তাদের হৃদয় কঠিন হয়ে পড়েছিল। আর তাদের মধ্যের অনেকেই হয়েছিল সত্যত্যাগী।",
    "bn_muhi": "যারা মুমিন, তাদের জন্যে কি আল্লাহর স্মরণে এবং যে সত্য অবর্তীর্ণ হয়েছে, তার কারণে হৃদয় বিগলিত হওয়ার সময় আসেনি? তারা তাদের মত যেন না হয়, যাদেরকে পূর্বে কিতাব দেয়া হয়েছিল। তাদের উপর সুদীর্ঘকাল অতিক্রান্ত হয়েছে, অতঃপর তাদের অন্তঃকরণ কঠিন হয়ে গেছে। তাদের অধিকাংশই পাপাচারী।",
    "en": "Has the time not come for those who have believed that their hearts should become humbly submissive at the remembrance of Allah and what has come down of the truth? And let them not be like those who were given the Scripture before, and a long period passed over them, so their hearts hardened; and many of them are defiantly disobedient."
  },
  {
    "id": 17,
    "ar": "ٱعْلَمُوٓا۟ أَنَّ ٱللَّهَ يُحْىِ ٱلْأَرْضَ بَعْدَ مَوْتِهَا قَدْ بَيَّنَّا لَكُمُ ٱلْءَايَٰتِ لَعَلَّكُمْ تَعْقِلُونَ",
    "tr": "ই‘লামূআন্নাল্লা-হা ইউহয়িল আরদা বা‘দা মাওতিহা- কাদ বাইয়ান্না-লাকুমুল আ-য়াতি লা‘আল্লাকুম তা‘কিলূন।",
    "bn_haque": "তোমরা জেনে রাখো যে আল্লাহ্ পৃথিবীটাকে তার মৃত্যুর পরে প্রাণ সঞ্চার করেন। আমরা তো তোমাদের জন্য নির্দেশাবলী সুস্পষ্ট করে দিয়েছি যেন তোমরা বুঝতে পার।",
    "bn_muhi": "তোমরা জেনে রাখ, আল্লাহই ভূ-ভাগকে তার মৃত্যুর পর পুনরুজ্জীবিত করেন। আমি পরিস্কারভাবে তোমাদের জন্যে আয়াতগুলো ব্যক্ত করেছি, যাতে তোমরা বোঝ।",
    "en": "Know that Allah gives life to the earth after its lifelessness. We have made clear to you the signs; perhaps you will understand."
  },
  {
    "id": 18,
    "ar": "إِنَّ ٱلْمُصَّدِّقِينَ وَٱلْمُصَّدِّقَٰتِ وَأَقْرَضُوا۟ ٱللَّهَ قَرْضًا حَسَنًا يُضَٰعَفُ لَهُمْ وَلَهُمْ أَجْرٌ كَرِيمٌ",
    "tr": "ইন্নাল মুসসাদ্দিকীনা ওয়াল মুসসাদ্দিকা-তি ওয়া আকরাদুল্লা-হা কারদান হাছানাইঁ ইউদা-‘আফুলাহুম ওয়া লাহুম আজরুন কারীম।",
    "bn_haque": "নিঃসন্দেহ দানশীল পুরুষ ও দানশীলা নারীরা আর যারা আল্লাহ্‌কে উত্তম ঋণ দান করে -- তাদের জন্য তা বহুগুণিত করা হবে, আর তাদের জন্য রয়েছে সম্মানিত পুরস্কার।",
    "bn_muhi": "নিশ্চয় দানশীল ব্যক্তি ও দানশীলা নারী, যারা আল্লাহকে উত্তমরূপে ধার দেয়, তাদেরকে দেয়া হবে বহুগুণ এবং তাদের জন্যে রয়েছে সম্মানজনক পুরস্কার।",
    "en": "Indeed, the men who practice charity and the women who practice charity and [they who] have loaned Allah a goodly loan - it will be multiplied for them, and they will have a noble reward."
  },
  {
    "id": 19,
    "ar": "وَٱلَّذِينَ ءَامَنُوا۟ بِٱللَّهِ وَرُسُلِهِۦٓ أُو۟لَٰٓئِكَ هُمُ ٱلصِّدِّيقُونَ وَٱلشُّهَدَآءُ عِندَ رَبِّهِمْ لَهُمْ أَجْرُهُمْ وَنُورُهُمْ وَٱلَّذِينَ كَفَرُوا۟ وَكَذَّبُوا۟ بِـَٔايَٰتِنَآ أُو۟لَٰٓئِكَ أَصْحَٰبُ ٱلْجَحِيمِ",
    "tr": "ওয়াল্লাযীনা আ-মানূবিল্লা-হি ওয়া রুছুলিহীউলাইকা হুমুসসিদ্দীকূনা ওয়াশশুহাদাউ ‘ইনদা রাব্বিহিম লাহুম আজরুহুম ওয়া নূরুহুম ওয়াল্লাযীনা কাফারূ ওয়াকাযযাবূবিআ-য়া-তিনাউলাইকা আসহা-বুল জাহীম।",
    "bn_haque": "আর যারা আল্লাহ্‌র প্রতি ও তাঁর রসূলের প্রতি ঈমান এনেছে, তারাই খোদ সত্যপরায়ণ এবং তাদের প্রভুর সমক্ষে সাক্ষ্যদাতা। তাদের জন্য রয়েছে তাদের প্রতিদান ও তাদের আলোক। পক্ষান্তরে যারা অবিশ্বাস করে ও আমাদের নির্দেশাবলী প্রত্যাখ্যান করে, তারাই হচ্ছে ভয়ংকর আগুনের বাসিন্দা।",
    "bn_muhi": "আর যারা আল্লাহ ও তাঁর রসূলের প্রতি বিশ্বাস স্থাপন করে তারাই তাদের পালনকর্তার কাছে সিদ্দীক ও শহীদ বলে বিবেচিত। তাদের জন্যে রয়েছে পুরস্কার ও জ্যোতি এবং যারা কাফের ও আমার নিদর্শন অস্বীকারকারী তারাই জাহান্নামের অধিবাসী হবে।",
    "en": "And those who have believed in Allah and His messengers - those are [in the ranks of] the supporters of truth and the martyrs, with their Lord. For them is their reward and their light. But those who have disbelieved and denied Our verses - those are the companions of Hellfire."
  },
  {
    "id": 20,
    "ar": "ٱعْلَمُوٓا۟ أَنَّمَا ٱلْحَيَوٰةُ ٱلدُّنْيَا لَعِبٌ وَلَهْوٌ وَزِينَةٌ وَتَفَاخُرٌۢ بَيْنَكُمْ وَتَكَاثُرٌ فِى ٱلْأَمْوَٰلِ وَٱلْأَوْلَٰدِ كَمَثَلِ غَيْثٍ أَعْجَبَ ٱلْكُفَّارَ نَبَاتُهُۥ ثُمَّ يَهِيجُ فَتَرَىٰهُ مُصْفَرًّا ثُمَّ يَكُونُ حُطَٰمًا وَفِى ٱلْءَاخِرَةِ عَذَابٌ شَدِيدٌ وَمَغْفِرَةٌ مِّنَ ٱللَّهِ وَرِضْوَٰنٌ وَمَا ٱلْحَيَوٰةُ ٱلدُّنْيَآ إِلَّا مَتَٰعُ ٱلْغُرُورِ",
    "tr": "ই‘লামূআন্নামাল হায়া-তুদ্দুনইয়া-লা‘ইবুওঁ ওয়ালাহউওঁ ওয়া ঝীনাতুওঁ ওয়া তাফা-খুরুম বাইনাকুম ওয়া তাকা-ছু রুন ফিল আমওয়া-লি ওয়ালআওলা-দা কামাছালি গাইছিন আ‘জাবাল কুফফা-রা নাবাতুহূছু ম্মা ইয়াহীজুফাতারা-হু মুসফাররান ছুম্মা ইয়াকূনুহুতামাও ওয়া ফিল আ-খিরাতি ‘আযা-বুন শাদীদুওঁ ওয়া মাগফিরাতুম মিনাল্লা-হি ওয়া রিদওয়ানুওঁ ওয়ামাল হায়া-তুদ্দুনইয়াইল্লা মাতা-‘উল গুরূর।",
    "bn_haque": "তোমরা জেনে রাখো যে পার্থিব জীবনটা তো খেলা-ধূলো ও আমোদ-প্রমোদ ও জাঁকজমক ও তোমাদের নিজেদের মধ্যে হামবড়াই এবং ধনদৌলত ও সন্তানসন্ততির প্রতিযোগিতা মাত্র। এটি বৃষ্টির উপমার মতো যার উৎপাদন চাষীদের চমৎকৃত করে, তারপর তা শুকিয়ে যায়, তুমি তখন তা দেখতে পাও হলদে হয়ে গেছে, অবশেষে তা খড়কুটো হয়ে যায়! আর পরকালে রয়েছে কঠোর শাস্তি, পক্ষান্তরে রয়েছে আল্লাহ্‌র কাছ থেকে পরিত্রাণ ও সন্তষ্টি। আর পার্থিব জীবন ছলনাময় ভোগবিলাস বৈ তো নয়।",
    "bn_muhi": "তোমরা জেনে রাখ, পার্থিব জীবন ক্রীড়া-কৌতুক, সাজ-সজ্জা, পারস্পরিক অহমিকা এবং ধন ও জনের প্রাচুর্য ব্যতীত আর কিছু নয়, যেমন এক বৃষ্টির অবস্থা, যার সবুজ ফসল কৃষকদেরকে চমৎকৃত করে, এরপর তা শুকিয়ে যায়, ফলে তুমি তাকে পীতবর্ণ দেখতে পাও, এরপর তা খড়কুটা হয়ে যায়। আর পরকালে আছে কঠিন শাস্তি এবং আল্লাহর ক্ষমা ও সন্তুষ্টি। পার্থিব জীবন প্রতারণার উপকরণ বৈ কিছু নয়।",
    "en": "Know that the life of this world is but amusement and diversion and adornment and boasting to one another and competition in increase of wealth and children - like the example of a rain whose [resulting] plant growth pleases the tillers; then it dries and you see it turned yellow; then it becomes [scattered] debris. And in the Hereafter is severe punishment and forgiveness from Allah and approval. And what is the worldly life except the enjoyment of delusion."
  },
  {
    "id": 21,
    "ar": "سَابِقُوٓا۟ إِلَىٰ مَغْفِرَةٍ مِّن رَّبِّكُمْ وَجَنَّةٍ عَرْضُهَا كَعَرْضِ ٱلسَّمَآءِ وَٱلْأَرْضِ أُعِدَّتْ لِلَّذِينَ ءَامَنُوا۟ بِٱللَّهِ وَرُسُلِهِۦ ذَٰلِكَ فَضْلُ ٱللَّهِ يُؤْتِيهِ مَن يَشَآءُ وَٱللَّهُ ذُو ٱلْفَضْلِ ٱلْعَظِيمِ",
    "tr": "ছা-বিকূইলা-মাগফিরাতিম মির রাব্বিকুম ওয়া জান্নাতিন ‘আরদুহা-কা‘আরদিছ ছামাই ওয়াল আরদি উ‘ইদ্দাত লিল্লাযীনা আ-মানূবিল্লা-হি ওয়া রুছুলিহী যা-লিকা ফাদলুল্লা-হি ইউ’তীহি মাইঁ ইয়াশাউ ওয়াল্লা-হু যুল ফাদলিল ‘আজীম।",
    "bn_haque": "তোমরা প্রতিযোগিতা করো তোমাদের প্রভুর কাছ থেকে পরিত্রাণ লাভের জন্য এবং এমন এক জান্নাতের জন্য যার বিস্তার হচ্ছে মহাকাশ ও পৃথিবীর বিস্তৃতির মতো, -- এটি তৈরি করা হয়েছে তাদের জন্য যারা আল্লাহ্‌তে ও তাঁর রসূলের প্রতি ঈমান আনে। এ হচ্ছে আল্লাহ্‌র অনুগ্রহ প্রাচুর্য, তিনি তা প্রদান করেন যাকে তিনি ইচ্ছা করেন। বস্তুত আল্লাহ্ বিরাট করুণাভান্ডারের অধিকারী।",
    "bn_muhi": "তোমরা অগ্রে ধাবিত হও তোমাদের পালনকর্তার ক্ষমা ও সেই জান্নাতের দিকে, যা আকাশ ও পৃথিবীর মত প্রশস্ত। এটা প্রস্তুত করা হয়েছে আল্লাহ ও তাঁর রসূলগণের প্রতি বিশ্বাসস্থাপনকারীদের জন্যে। এটা আল্লাহর কৃপা, তিনি যাকে ইচ্ছা, এটা দান করেন। আল্লাহ মহান কৃপার অধিকারী।",
    "en": "Race toward forgiveness from your Lord and a Garden whose width is like the width of the heavens and earth, prepared for those who believed in Allah and His messengers. That is the bounty of Allah which He gives to whom He wills, and Allah is the possessor of great bounty."
  },
  {
    "id": 22,
    "ar": "مَآ أَصَابَ مِن مُّصِيبَةٍ فِى ٱلْأَرْضِ وَلَا فِىٓ أَنفُسِكُمْ إِلَّا فِى كِتَٰبٍ مِّن قَبْلِ أَن نَّبْرَأَهَآ إِنَّ ذَٰلِكَ عَلَى ٱللَّهِ يَسِيرٌ",
    "tr": "মাআসা-বা মিমমুসীবাতিন ফিল আরদিওয়ালা-ফীআনফুছিকুম ইল্লা-ফী কিতা-বিম মিন কাবলি আন্নাবরাআহা- ইন্না যা-লিকা ‘আলাল্লা-হি ইয়াছীর।",
    "bn_haque": "এমন কোনো বিপর্যয় পৃথিবীতে পতিত হয় না আর তোমাদের নিজেদের উপরেও নয় যা আমরা ঘটাবার আগে একটি কিতাবে না রয়েছে। নিঃসন্দেহ এটি আল্লাহ্‌র জন্যে সহজ।",
    "bn_muhi": "পৃথিবীতে এবং ব্যক্তিগতভাবে তোমাদের উপর কোন বিপদ আসে না; কিন্তু তা জগত সৃষ্টির পূর্বেই কিতাবে লিপিবদ্ধ আছে। নিশ্চয় এটা আল্লাহর পক্ষে সহজ।",
    "en": "No disaster strikes upon the earth or among yourselves except that it is in a register before We bring it into being - indeed that, for Allah, is easy -"
  },
  {
    "id": 23,
    "ar": "لِّكَيْلَا تَأْسَوْا۟ عَلَىٰ مَا فَاتَكُمْ وَلَا تَفْرَحُوا۟ بِمَآ ءَاتَىٰكُمْ وَٱللَّهُ لَا يُحِبُّ كُلَّ مُخْتَالٍ فَخُورٍ",
    "tr": "লিকাইলা-তা’ছাও ‘আলা-মা-ফা-তাকুম ওয়ালা-তাফরাহূবিমাআ-তা-কুম ওয়াল্লা-হু লা-ইউহিব্বুকুল্লা মুখতা-লিন ফাখূর।",
    "bn_haque": "এজন্য যে তোমরা যেন দুঃখ করো না যা তোমাদের থেকে হারিয়ে যায়, এবং তোমরা যেন উল্লাস না করো যা তিনি তোমাদের প্রদান করেন সেজন্য। আর আল্লাহ্ ভালবাসেন না সমূদয় অবিবেচক অহংকারীকে, --",
    "bn_muhi": "এটা এজন্যে বলা হয়, যাতে তোমরা যা হারাও তজ্জন্যে দুঃখিত না হও এবং তিনি তোমাদেরকে যা দিয়েছেন, তজ্জন্যে উল্লসিত না হও। আল্লাহ কোন উদ্ধত অহংকারীকে পছন্দ করেন না,",
    "en": "In order that you not despair over what has eluded you and not exult [in pride] over what He has given you. And Allah does not like everyone self-deluded and boastful -"
  },
  {
    "id": 24,
    "ar": "ٱلَّذِينَ يَبْخَلُونَ وَيَأْمُرُونَ ٱلنَّاسَ بِٱلْبُخْلِ وَمَن يَتَوَلَّ فَإِنَّ ٱللَّهَ هُوَ ٱلْغَنِىُّ ٱلْحَمِيدُ",
    "tr": "আল্লাযীনা ইয়াবখালূনা ওয়া ইয়া’মুরূনান্না-ছা বিলবুখলি ওয়া মাইঁ ইয়াতাওয়াল্লা ফাইন্নাল্লাহা হুওয়াল গানিইয়ূল হামীদ।",
    "bn_haque": "যারা কার্পণ্য করে, আর লোকেদেরও কার্পণ্যের নির্দেশ দেয়। আর যে কেউ ফিরে যায়, তবে নিশ্চয় আল্লাহ, তিনিই ধনবান, প্রশংসার্হ।",
    "bn_muhi": "যারা কৃপণতা করে এবং মানুষকে কৃপণতার প্রতি উৎসাহ দেয়, যে মুখ ফিরিয়ে নেয়, তার জানা উচিত যে, আল্লাহ অভাবমুক্ত, প্রশংসিত।",
    "en": "[Those] who are stingy and enjoin upon people stinginess. And whoever turns away - then indeed, Allah is the Free of need, the Praiseworthy."
  },
  {
    "id": 25,
    "ar": "لَقَدْ أَرْسَلْنَا رُسُلَنَا بِٱلْبَيِّنَٰتِ وَأَنزَلْنَا مَعَهُمُ ٱلْكِتَٰبَ وَٱلْمِيزَانَ لِيَقُومَ ٱلنَّاسُ بِٱلْقِسْطِ وَأَنزَلْنَا ٱلْحَدِيدَ فِيهِ بَأْسٌ شَدِيدٌ وَمَنَٰفِعُ لِلنَّاسِ وَلِيَعْلَمَ ٱللَّهُ مَن يَنصُرُهُۥ وَرُسُلَهُۥ بِٱلْغَيْبِ إِنَّ ٱللَّهَ قَوِىٌّ عَزِيزٌ",
    "tr": "লাকাদ আরছালনা-রুছুলানা-বিলবাইয়িনা-তি ওয়া আনঝালনা-মা‘আহুমুল কিতা-বা ওয়াল মীঝা-না লিইয়াকূমান্না-ছুবিলকিছতি ওয়া আনঝালনাল হাদীদা ফীহি বা’ছুন শাদীদুওঁ ওয়া মানা-ফি‘উ লিন্না-ছি ওয়া লিইয়া‘লামাল্লা-হু মাইঁ ইয়ানসুরুহূওয়া রুছুলাহূবিলগাইবি ইন্নাল্লা-হা কাবিইয়ুন ‘আঝীঝ।",
    "bn_haque": "আমরা তো আমাদের রসূলগণকে পাঠিয়ে দিয়েছিলাম সুস্পষ্ট প্রমাণাদি দিয়ে, আর তাঁদের সঙ্গে আমরা অবতারণ করেছিলাম ধর্মগ্রন্থ ও মানদন্ড যাতে লোকেরা ন্যায়বিচার প্রতিষ্ঠা করতে পারে, আর আমরা লোহা পাঠিয়েছি যাতে রয়েছে বিরাট শক্তিমত্তা ও মানুষের জন্য উপকারিতা, আর যেন আল্লাহ্ জানতে পারেন কে তাঁকে ও তাঁর রসূলগণকে অগোচরেও সাহায্য করে। নিঃসন্দেহ আল্লাহ্ মহাবলীয়ান, মহাশক্তিশালী।",
    "bn_muhi": "আমি আমার রসূলগণকে সুস্পষ্ট নিদর্শনসহ প্রেরণ করেছি এবং তাঁদের সাথে অবতীর্ণ করেছি কিতাব ও ন্যায়নীতি, যাতে মানুষ ইনসাফ প্রতিষ্ঠা করে। আর আমি নাযিল করেছি লৌহ, যাতে আছে প্রচন্ড রণশক্তি এবং মানুষের বহুবিধ উপকার। এটা এজন্যে যে, আল্লাহ জেনে নিবেন কে না দেখে তাঁকে ও তাঁর রসূলগণকে সাহায্য করে। আল্লাহ শক্তিধর, পরাক্রমশালী।",
    "en": "We have already sent Our messengers with clear evidences and sent down with them the Scripture and the balance that the people may maintain [their affairs] in justice. And We sent down iron, wherein is great military might and benefits for the people, and so that Allah may make evident those who support Him and His messengers unseen. Indeed, Allah is Powerful and Exalted in Might."
  },
  {
    "id": 26,
    "ar": "وَلَقَدْ أَرْسَلْنَا نُوحًا وَإِبْرَٰهِيمَ وَجَعَلْنَا فِى ذُرِّيَّتِهِمَا ٱلنُّبُوَّةَ وَٱلْكِتَٰبَ فَمِنْهُم مُّهْتَدٍ وَكَثِيرٌ مِّنْهُمْ فَٰسِقُونَ",
    "tr": "ওয়া লাকাদ আরছালনা-নূহাও ওয়া ইবরা-হীমা ওয়া জা‘আলনা-ফী যুররিইইয়াতিহিমান নুবুওয়াতা ওয়াল কিতা-বা ফামিনহুম মুহতাদিও ওয়া কাছীরুম মিনহুম ফা-ছিকূন।",
    "bn_haque": "আর আমরা ইতিপূর্বে নূহ্‌কে ও ইব্রাহীমকে পাঠিয়েছিলাম, আর তাঁদের বংশধরদের মধ্যে নবুওৎ ও গ্রন্থ সংস্থাপন করেছিলাম, কাজেই তাদের কেউ-কেউ ছিল সৎপথপ্রাপ্ত, কিন্ত তাদের অধিকাংশই ছিল সত্যত্যাগী।",
    "bn_muhi": "আমি নূহ ও ইব্রাহীমকে রসূলরূপে প্রেরণ করেছি এবং তাদের বংশধরের মধ্যে নবুওয়ত ও কিতাব অব্যাহত রেখেছি। অতঃপর তাদের কতক সৎপথপ্রাপ্ত হয়েছে এবং অধিকাংশই হয়েছে পাপাচারী।",
    "en": "And We have already sent Noah and Abraham and placed in their descendants prophethood and scripture; and among them is he who is guided, but many of them are defiantly disobedient."
  },
  {
    "id": 27,
    "ar": "ثُمَّ قَفَّيْنَا عَلَىٰٓ ءَاثَٰرِهِم بِرُسُلِنَا وَقَفَّيْنَا بِعِيسَى ٱبْنِ مَرْيَمَ وَءَاتَيْنَٰهُ ٱلْإِنجِيلَ وَجَعَلْنَا فِى قُلُوبِ ٱلَّذِينَ ٱتَّبَعُوهُ رَأْفَةً وَرَحْمَةً وَرَهْبَانِيَّةً ٱبْتَدَعُوهَا مَا كَتَبْنَٰهَا عَلَيْهِمْ إِلَّا ٱبْتِغَآءَ رِضْوَٰنِ ٱللَّهِ فَمَا رَعَوْهَا حَقَّ رِعَايَتِهَا فَـَٔاتَيْنَا ٱلَّذِينَ ءَامَنُوا۟ مِنْهُمْ أَجْرَهُمْ وَكَثِيرٌ مِّنْهُمْ فَٰسِقُونَ",
    "tr": "ছু ম্মা কাফফাইনা-‘আলাআ-ছা-রিহিম বিরুছুলিনা-ওয়া কাফফাইনা-বি‘ঈছাবনি মারইয়ামা ওয়া আ-তাইনা-হুল ইনজীলা ওয়া জা‘আলনা-ফী কুলূবিল্লাযীনাত্তাবা‘ঊহু রা’ফাতাওঁ ওয়া রাহমাতাও ওয়া রাহবা-নিইয়াতানিব তাদা‘ঊহা-মা-কাতাবনা-হা‘আলাইহিম ইল্লাবতিগাআ রিদওয়া-নিল্লা-হি ফামা-রা‘আওহা-হাক্কা রি‘আ-ইয়াতিহা- ফাআ-তাইনাল্লাযীনা আ-মানূমিনহুম আজরাহুম ওয়া কাছীরুম মিনহুম ফাছিকূন।",
    "bn_haque": "তারপর আমাদের রসূলগণকে তাঁদের পদচিহ্নে চলতে দিয়েছিলাম, আর মরিয়ম-পুত্র ঈসাকে আমরা অনুসরণ করিয়েছিলাম ও তাঁকে আমরা ইনজীল দিয়েছিলাম, আর যারা তাঁর অনুসরণ করেছিল তাদের অন্তরে আমরা সদয়তা ও করুণা দিয়েছিলাম। কিন্ত সন্ন্যাসবাদ -- তারাই এটি আবিস্কার করেছিল, আমরা তাদের প্রতি এটি লিপিবদ্ধ করি নি, শুধু আল্লাহ্‌র সন্তষ্টির অনুসন্ধান করা, কিন্ত তারা এটি পালন করে নি যেমনটা এটি পালনের যোগ্য ছিল। ফলে তাদের মধ্যের যারা ঈমান এনেছিল তাদের আমরা দিয়েছিলাম তাদের প্রতিদান, কিন্ত তাদের অধিকাংশই ছিল সত্যত্যাগী।",
    "bn_muhi": "অতঃপর আমি তাদের পশ্চাতে প্রেরণ করেছি আমার রসূলগণকে এবং তাদের অনুগামী করেছি মরিয়ম তনয় ঈসাকে ও তাকে দিয়েছি ইঞ্জিল। আমি তার অনুসারীদের অন্তরে স্থাপন করেছি নম্রতা ও দয়া। আর বৈরাগ্য, সে তো তারা নিজেরাই উদ্ভাবন করেছে; আমি এটা তাদের উপর ফরজ করিনি; কিন্তু তারা আল্লাহর সন্তুষ্টি লাভের জন্যে এটা অবলম্বন করেছে। অতঃপর তারা যথাযথভাবে তা পালন করেনি। তাদের মধ্যে যারা বিশ্বাসী ছিল, আমি তাদেরকে তাদের প্রাপ্য পুরস্কার দিয়েছি। আর তাদের অধিকাংশই পাপাচারী।",
    "en": "Then We sent following their footsteps Our messengers and followed [them] with Jesus, the son of Mary, and gave him the Gospel. And We placed in the hearts of those who followed him compassion and mercy and monasticism, which they innovated; We did not prescribe it for them except [that they did so] seeking the approval of Allah . But they did not observe it with due observance. So We gave the ones who believed among them their reward, but many of them are defiantly disobedient."
  },
  {
    "id": 28,
    "ar": "يَٰٓأَيُّهَا ٱلَّذِينَ ءَامَنُوا۟ ٱتَّقُوا۟ ٱللَّهَ وَءَامِنُوا۟ بِرَسُولِهِۦ يُؤْتِكُمْ كِفْلَيْنِ مِن رَّحْمَتِهِۦ وَيَجْعَل لَّكُمْ نُورًا تَمْشُونَ بِهِۦ وَيَغْفِرْ لَكُمْ وَٱللَّهُ غَفُورٌ رَّحِيمٌ",
    "tr": "ইয়া আইয়ুহাল্লাযীনা আ-মানুত্তাকুল্লা-হা ওয়া আ-মিনূবিরাছুলিহী ইউ’তিকুম কিফলাইনি মির রাহমাতিহী ওয়া ইয়াজ‘আল্লাকুম নূরান তামশূনা বিহী ওয়া ইয়াগফির লাকুম ওয়াল্লা-হু গাফূরুর রাহীম।",
    "bn_haque": "ওহে যারা ঈমান এনেছ! আল্লাহ্‌কে ভয়ভক্তি করো এবং তাঁর রসূলের প্রতি বিশ্বাসস্থাপন করো, তিনি তাঁর করুণা থেকে দুটি অংশ তোমাদের প্রদান করবেন, আর তোমাদের জন্য তিনি একটি আলোক স্থাপন করবেন যার মধ্যে তোমরা পথ চলতে পারো, এবং তিনি তোমাদের পরিত্রাণ করতে পারেন। আর আল্লাহ্ পরিত্রাণকারী, অফুরন্ত ফলদাতা --",
    "bn_muhi": "মুমিনগণ, তোমরা আল্লাহকে ভয় কর এবং তাঁর রসূলের প্রতি বিশ্বাস স্থাপন কর। তিনি নিজে অনুগ্রহের দ্বিগুণ অংশ তোমাদেরকে দিবেন, তোমাদেরকে দিবেন জ্যোতি, যার সাহায্যে তোমরা চলবে এবং তোমাদেরকে ক্ষমা করবেন। আল্লাহ ক্ষমাশীল, দয়াময়।",
    "en": "O you who have believed, fear Allah and believe in His Messenger; He will [then] give you a double portion of His mercy and make for you a light by which you will walk and forgive you; and Allah is Forgiving and Merciful."
  },
  {
    "id": 29,
    "ar": "لِّئَلَّا يَعْلَمَ أَهْلُ ٱلْكِتَٰبِ أَلَّا يَقْدِرُونَ عَلَىٰ شَىْءٍ مِّن فَضْلِ ٱللَّهِ وَأَنَّ ٱلْفَضْلَ بِيَدِ ٱللَّهِ يُؤْتِيهِ مَن يَشَآءُ وَٱللَّهُ ذُو ٱلْفَضْلِ ٱلْعَظِيمِ",
    "tr": "লিয়াল্লা-ইয়া‘লামা আহলুল কিতা-বি আল্লা-ইয়াকদিরূনা ‘আলা-শাইয়িম মিন ফাদলিল্লা-হি ওয়া আন্নাল ফাদলা বিয়াদিল্লা-হি ইউ’তীহি মাইঁ ইয়াশাউ ওয়াল্লা-হু যুল ফাদলিল ‘আজীম।",
    "bn_haque": "গ্রন্থধারীরা হয়ত নাও জানতে পারে যে তারা আল্লাহ্‌র করুণাভান্ডারের মধ্যের কোনো কিছুতেই ক্ষমতা রাখে না, আর এই যে করুণাভান্ডার তো আল্লাহ্‌রই হাতে রয়েছে, তিনি এটি প্রদান করেন যাকে তিনি ইচ্ছা করেন। বস্তুত আল্লাহ্ বিরাট করুণাভান্ডারের অধিকারী।",
    "bn_muhi": "যাতে কিতাবধারীরা জানে যে, আল্লাহর সামান্য অনুগ্রহের উপর ও তাদের কোন ক্ষমতা নেই, দয়া আল্লাহরই হাতে; তিনি যাকে ইচ্ছা, তা দান করেন। আল্লাহ মহা অনুগ্রহশীল।",
    "en": "[This is] so that the People of the Scripture may know that they are not able [to obtain] anything from the bounty of Allah and that [all] bounty is in the hand of Allah ; He gives it to whom He wills. And Allah is the possessor of great bounty."
  }
]