[
  {
    "id": 1,
    "ar": "عَمَّ يَتَسَآءَلُونَ",
    "tr": "‘আম্মা ইয়াতাছাআলুন।",
    "bn_haque": "কি সন্বন্ধে তারা পরস্পরকে জিজ্ঞাসাবাদ করছে?",
    "bn_muhi": "তারা পরস্পরে কি বিষয়ে জিজ্ঞাসাবাদ করছে?",
    "en": "About what are they asking one another?"
  },
  {
    "id": 2,
    "ar": "عَنِ ٱلنَّبَإِ ٱلْعَظِيمِ",
    "tr": "‘আনিন্নাবাইল ‘আজীম।",
    "bn_haque": "সেই মহাসংবাদ সন্বন্ধে --",
    "bn_muhi": "মহা সংবাদ সম্পর্কে,",
    "en": "About the great news -"
  },
  {
    "id": 3,
    "ar": "ٱلَّذِى هُمْ فِيهِ مُخْتَلِفُونَ",
    "tr": "আল্লাযী হুম ফীহি মুখতালিফূন।",
    "bn_haque": "যে বিষয়ে তারা মতানৈক্যের মধ্যে রয়েছে।",
    "bn_muhi": "যে সম্পর্কে তারা মতানৈক্য করে।",
    "en": "That over which they are in disagreement."
  },
  {
    "id": 4,
    "ar": "كَلَّا سَيَعْلَمُونَ",
    "tr": "কাল্লা-ছাইয়া‘লামূন।",
    "bn_haque": "না, তারা শীঘ্রই জানতে পারবে।",
    "bn_muhi": "না, সত্ত্বরই তারা জানতে পারবে,",
    "en": "No! They are going to know."
  },
  {
    "id": 5,
    "ar": "ثُمَّ كَلَّا سَيَعْلَمُونَ",
    "tr": "ছু ম্মা কাল্লা-ছাইয়া‘লামূন।",
    "bn_haque": "পুনশ্চ, না, তারা অতিশীঘ্রই জানতে পারবে।",
    "bn_muhi": "অতঃপর না, সত্বর তারা জানতে পারবে।",
    "en": "Then, no! They are going to know."
  },
  {
    "id": 6,
    "ar": "أَلَمْ نَجْعَلِ ٱلْأَرْضَ مِهَٰدًا",
    "tr": "আলাম নাজ‘আলিল আরদা মিহা-দা-।",
    "bn_haque": "আমরা কি পৃথিবীটাকে পাতানো-বিছানারূপে বানাই নি,",
    "bn_muhi": "আমি কি করিনি ভূমিকে বিছানা",
    "en": "Have We not made the earth a resting place?"
  },
  {
    "id": 7,
    "ar": "وَٱلْجِبَالَ أَوْتَادًا",
    "tr": "ওয়াল জিবা-লা আওতা-দা।",
    "bn_haque": "আর পাহাড়-পর্বতকে খুটিরূঁপে?",
    "bn_muhi": "এবং পর্বতমালাকে পেরেক?",
    "en": "And the mountains as stakes?"
  },
  {
    "id": 8,
    "ar": "وَخَلَقْنَٰكُمْ أَزْوَٰجًا",
    "tr": "ওয়া খালাকনা-কুম আঝওয়া-জা-",
    "bn_haque": "আর আমরা তোমাদের সৃষ্টি করেছি জোড়ায়-জোড়ায়;",
    "bn_muhi": "আমি তোমাদেরকে জোড়া জোড়া সৃষ্টি করেছি,",
    "en": "And We created you in pairs"
  },
  {
    "id": 9,
    "ar": "وَجَعَلْنَا نَوْمَكُمْ سُبَاتًا",
    "tr": "ওয়া জা‘আলনা-নাওমাকুম ছুবা-তা।",
    "bn_haque": "আর তোমাদের ঘুমকে করেছি বিশ্রাম,",
    "bn_muhi": "তোমাদের নিদ্রাকে করেছি ক্লান্তি দূরকারী,",
    "en": "And made your sleep [a means for] rest"
  },
  {
    "id": 10,
    "ar": "وَجَعَلْنَا ٱلَّيْلَ لِبَاسًا",
    "tr": "ওয়া জা‘আলনাল্লাইলা লিবা-ছা।",
    "bn_haque": "আর রাতকে করেছি পোশাকস্বরূপ;",
    "bn_muhi": "রাত্রিকে করেছি আবরণ।",
    "en": "And made the night as clothing"
  },
  {
    "id": 11,
    "ar": "وَجَعَلْنَا ٱلنَّهَارَ مَعَاشًا",
    "tr": "ওয়া জা‘আলনান্নাহা-রা মা‘আ-শা-।",
    "bn_haque": "আর দিনকে করেছি জীবিকার সংস্থান।",
    "bn_muhi": "দিনকে করেছি জীবিকা অর্জনের সময়,",
    "en": "And made the day for livelihood"
  },
  {
    "id": 12,
    "ar": "وَبَنَيْنَا فَوْقَكُمْ سَبْعًا شِدَادًا",
    "tr": "ওয়া বানাইনা-ফাওকাকুম ছাব‘আন শিদা-দা-।",
    "bn_haque": "আর তোমাদের উপরে আমরা বানিয়েছি সাত মজবুত জিনিস,",
    "bn_muhi": "নির্মান করেছি তোমাদের মাথার উপর মজবুত সপ্ত-আকাশ।",
    "en": "And constructed above you seven strong [heavens]"
  },
  {
    "id": 13,
    "ar": "وَجَعَلْنَا سِرَاجًا وَهَّاجًا",
    "tr": "ওয়া জা‘আলনা-ছিরা-জাওঁ ওয়াহহা-জা-।",
    "bn_haque": "আর তৈরি করেছি একটি অত্যুজ্জ্বল প্রদীপ,",
    "bn_muhi": "এবং একটি উজ্জ্বল প্রদীপ সৃষ্টি করেছি।",
    "en": "And made [therein] a burning lamp"
  },
  {
    "id": 14,
    "ar": "وَأَنزَلْنَا مِنَ ٱلْمُعْصِرَٰتِ مَآءً ثَجَّاجًا",
    "tr": "ওয়া আনঝালনা-মিনাল মু‘সিরা-তি মাআন ছাজ্জা-জা-।",
    "bn_haque": "আর ঝরন্ত-মেঘ থেকে আমরা বর্ষণ করি প্রচুর বৃষ্টি,",
    "bn_muhi": "আমি জলধর মেঘমালা থেকে প্রচুর বৃষ্টিপাত করি,",
    "en": "And sent down, from the rain clouds, pouring water"
  },
  {
    "id": 15,
    "ar": "لِّنُخْرِجَ بِهِۦ حَبًّا وَنَبَاتًا",
    "tr": "লিনুখরিজা বিহী হাব্বাওঁ ওয়া নাবা-তা-।",
    "bn_haque": "যেন তার দ্বারা গজাতে পারি শস্য ও গাছপালা,",
    "bn_muhi": "যাতে তদ্দ্বারা উৎপন্ন করি শস্য, উদ্ভিদ।",
    "en": "That We may bring forth thereby grain and vegetation"
  },
  {
    "id": 16,
    "ar": "وَجَنَّٰتٍ أَلْفَافًا",
    "tr": "ওয়া জান্না-তিন আলফা-ফা-।",
    "bn_haque": "আর ঘনসন্নিবিষ্ট বাগানসমূহ।",
    "bn_muhi": "ও পাতাঘন উদ্যান।",
    "en": "And gardens of entwined growth."
  },
  {
    "id": 17,
    "ar": "إِنَّ يَوْمَ ٱلْفَصْلِ كَانَ مِيقَٰتًا",
    "tr": "ইন্না ইয়াওমাল ফাসলি কা-না মীকাতা-।",
    "bn_haque": "নিশ্চয় ফয়সালা করার দিনের এক নির্ধারিত সময়কাল আছে --",
    "bn_muhi": "নিশ্চয় বিচার দিবস নির্ধারিত রয়েছে।",
    "en": "Indeed, the Day of Judgement is an appointed time -"
  },
  {
    "id": 18,
    "ar": "يَوْمَ يُنفَخُ فِى ٱلصُّورِ فَتَأْتُونَ أَفْوَاجًا",
    "tr": "ইয়াওমা ইউনফাখুফিসসুরি ফাতা’তূনা আফওয়া-জা।",
    "bn_haque": "সেইদিন শিঙ্গায় ফুৎকার দেওয়া হবে, তখন তোমরা আসবে দলে-দলে,",
    "bn_muhi": "যেদিন শিংগায় ফুঁক দেয়া হবে, তখন তোমরা দলে দলে সমাগত হবে।",
    "en": "The Day the Horn is blown and you will come forth in multitudes"
  },
  {
    "id": 19,
    "ar": "وَفُتِحَتِ ٱلسَّمَآءُ فَكَانَتْ أَبْوَٰبًا",
    "tr": "ওয়া ফুতিহাতিছ ছামাউ ফাকা-নাত আবওয়া-বা-।",
    "bn_haque": "আর আকাশকে বিদীর্ণ করা হবে, সুতরাং তা হবে বহু-দরজা-বিশিষ্ট।",
    "bn_muhi": "আকাশ বিদীর্ণ হয়ে; তাতে বহু দরজা সৃষ্টি হবে।",
    "en": "And the heaven is opened and will become gateways"
  },
  {
    "id": 20,
    "ar": "وَسُيِّرَتِ ٱلْجِبَالُ فَكَانَتْ سَرَابًا",
    "tr": "ওয়া ছুইয়্যিরতিল জিবা-লুফাকা-নাত ছারা-বা-।",
    "bn_haque": "আর পাহাড়গুলো ধসে পড়বে, ফলে তা হবে বালুময়-মরীচিকা।",
    "bn_muhi": "এবং পর্বতমালা চালিত হয়ে মরীচিকা হয়ে যাবে।",
    "en": "And the mountains are removed and will be [but] a mirage."
  },
  {
    "id": 21,
    "ar": "إِنَّ جَهَنَّمَ كَانَتْ مِرْصَادًا",
    "tr": "ইন্না জাহান্নামা কা-নাত মিরসা-দা-।",
    "bn_haque": "নিঃসন্দেহ জাহান্নাম -- তা প্রতীক্ষায় রয়েছে --",
    "bn_muhi": "নিশ্চয় জাহান্নাম প্রতীক্ষায় থাকবে,",
    "en": "Indeed, Hell has been lying in wait"
  },
  {
    "id": 22,
    "ar": "لِّلطَّٰغِينَ مَـَٔابًا",
    "tr": "লিত্তা-গীনা মাআ-বা-।",
    "bn_haque": "সীমালংঘনকারীদের জন্য প্রত্যাবর্তনস্থল; --",
    "bn_muhi": "সীমালংঘনকারীদের আশ্রয়স্থলরূপে।",
    "en": "For the transgressors, a place of return,"
  },
  {
    "id": 23,
    "ar": "لَّٰبِثِينَ فِيهَآ أَحْقَابًا",
    "tr": "লা-বিছীনা ফীহাআহকা-বা-।",
    "bn_haque": "সেখানে তারা অবস্থান করবে যুগ যুগ ধরে।",
    "bn_muhi": "তারা তথায় শতাব্দীর পর শতাব্দী অবস্থান করবে।",
    "en": "In which they will remain for ages [unending]."
  },
  {
    "id": 24,
    "ar": "لَّا يَذُوقُونَ فِيهَا بَرْدًا وَلَا شَرَابًا",
    "tr": "লা-ইয়াযূকূনা ফীহা-বারদাওঁ ওয়ালা-শারা-বা-।",
    "bn_haque": "তারা সেখানে স্বাদ গ্রহণ করবে না শীতলতার, না কোনো পানীয়ের --",
    "bn_muhi": "তথায় তারা কোন শীতল এবং পানীয় আস্বাদন করবে না;",
    "en": "They will not taste therein [any] coolness or drink"
  },
  {
    "id": 25,
    "ar": "إِلَّا حَمِيمًا وَغَسَّاقًا",
    "tr": "ইল্লা-হামীমাওঁ ওয়াগাছছা-কা-।",
    "bn_haque": "শুধু ফুটন্ত জল ও হিমশীতল পানীয় ব্যতীত, --",
    "bn_muhi": "কিন্তু ফুটন্ত পানি ও পূঁজ পাবে।",
    "en": "Except scalding water and [foul] purulence -"
  },
  {
    "id": 26,
    "ar": "جَزَآءً وِفَاقًا",
    "tr": "জাঝাআওঁবিফা-কা-।",
    "bn_haque": "এক যথাযথ প্রতিদান।",
    "bn_muhi": "পরিপূর্ণ প্রতিফল হিসেবে।",
    "en": "An appropriate recompense."
  },
  {
    "id": 27,
    "ar": "إِنَّهُمْ كَانُوا۟ لَا يَرْجُونَ حِسَابًا",
    "tr": "ইন্নাহুম কা-নূলা-ইয়ারজুনা হিছা-বা-।",
    "bn_haque": "নিঃসন্দেহ তারা হিসাবের কথা ভাবে নি,",
    "bn_muhi": "নিশ্চয় তারা হিসাব-নিকাশ আশা করত না।",
    "en": "Indeed, they were not expecting an account"
  },
  {
    "id": 28,
    "ar": "وَكَذَّبُوا۟ بِـَٔايَٰتِنَا كِذَّابًا",
    "tr": "ওয়া কাযযাবূবিআ-য়া-তিনা-কিযযা-বা।",
    "bn_haque": "আর আমাদের বাণীসমূহ প্রত্যাখ্যান করেছিল জোর প্রত্যাখ্যানে।",
    "bn_muhi": "এবং আমার আয়াতসমূহে পুরোপুরি মিথ্যারোপ করত।",
    "en": "And denied Our verses with [emphatic] denial."
  },
  {
    "id": 29,
    "ar": "وَكُلَّ شَىْءٍ أَحْصَيْنَٰهُ كِتَٰبًا",
    "tr": "ওয়া কুল্লা শাইয়িন আহসাইনা-হু কিতা-বা-।",
    "bn_haque": "আর সব-কিছুই -- আমরা তা লিখিতভাবে সংরক্ষণ করছি,",
    "bn_muhi": "আমি সবকিছুই লিপিবদ্ধ করে সংরক্ষিত করেছি।",
    "en": "But all things We have enumerated in writing."
  },
  {
    "id": 30,
    "ar": "فَذُوقُوا۟ فَلَن نَّزِيدَكُمْ إِلَّا عَذَابًا",
    "tr": "ফাযূকূফালান নাঝীদাকুম ইল্লা-‘আযা-বা-।",
    "bn_haque": "সুতরাং স্বাদ গ্রহণ করো, আমরা তোমাদের বাড়িয়ে দেবো না শাস্তি ব্যতীত।",
    "bn_muhi": "অতএব, তোমরা আস্বাদন কর, আমি কেবল তোমাদের শাস্তিই বৃদ্ধি করব।",
    "en": "\"So taste [the penalty], and never will We increase you except in torment.\""
  },
  {
    "id": 31,
    "ar": "إِنَّ لِلْمُتَّقِينَ مَفَازًا",
    "tr": "ইন্না লিলমুত্তাকীনা মাফা-ঝা-।",
    "bn_haque": "ধর্মভীরুদের জন্য নিশ্চয়ই রয়েছে মহাসাফল্য --",
    "bn_muhi": "পরহেযগারদের জন্যে রয়েছে সাফল্য।",
    "en": "Indeed, for the righteous is attainment -"
  },
  {
    "id": 32,
    "ar": "حَدَآئِقَ وَأَعْنَٰبًا",
    "tr": "হাদাইকা ওয়া আ‘না-বা-।",
    "bn_haque": "ফলের বাগান ও আঙুর,",
    "bn_muhi": "উদ্যান, আঙ্গুর,",
    "en": "Gardens and grapevines"
  },
  {
    "id": 33,
    "ar": "وَكَوَاعِبَ أَتْرَابًا",
    "tr": "ওয়া কাওয়া-‘ইবা আতরা-বা-।",
    "bn_haque": "আর সমবয়স্ক ফুটফুটে কিশোর,",
    "bn_muhi": "সমবয়স্কা, পূর্ণযৌবনা তরুণী।",
    "en": "And full-breasted [companions] of equal age"
  },
  {
    "id": 34,
    "ar": "وَكَأْسًا دِهَاقًا",
    "tr": "ওয়া কা’ছান দিহা-কা-।",
    "bn_haque": "আর পরিপূর্ণ পানপাত্র।",
    "bn_muhi": "এবং পূর্ণ পানপাত্র।",
    "en": "And a full cup."
  },
  {
    "id": 35,
    "ar": "لَّا يَسْمَعُونَ فِيهَا لَغْوًا وَلَا كِذَّٰبًا",
    "tr": "লা-ইয়াছমা‘উনা ফীহা-লাগওয়াওঁ ওয়ালা-কিযযা-বা-।",
    "bn_haque": "তারা সেখানে খেলো কথা শুনবে না, আর মিথ্যাকথাও নয়।",
    "bn_muhi": "তারা তথায় অসার ও মিথ্যা বাক্য শুনবে না।",
    "en": "No ill speech will they hear therein or any falsehood -"
  },
  {
    "id": 36,
    "ar": "جَزَآءً مِّن رَّبِّكَ عَطَآءً حِسَابًا",
    "tr": "জাঝাআম মির রাব্বিকা ‘আতাআন হিছা-বা-।",
    "bn_haque": "তোমার প্রভুর কাছ থেকে প্রতিফল, -- হিসাবমতো পুরস্কার, --",
    "bn_muhi": "এটা আপনার পালনকর্তার তরফ থেকে যথোচিত দান,",
    "en": "[As] reward from your Lord, [a generous] gift [made due by] account,"
  },
  {
    "id": 37,
    "ar": "رَّبِّ ٱلسَّمَٰوَٰتِ وَٱلْأَرْضِ وَمَا بَيْنَهُمَا ٱلرَّحْمَٰنِ لَا يَمْلِكُونَ مِنْهُ خِطَابًا",
    "tr": "রাব্বিছ ছামা-ওয়া-তি ওয়াল আরদি ওয়ামা-বাইনাহুমাররাহমা-নি লা-ইয়ামলিকূনা মিনহু খিতা-বা-।",
    "bn_haque": "মহাকাশমন্ডল ও পৃথিবীর এবং তাদের মধ্যে যা-কিছু আছে তার প্রভু, পরম করুণাময়, তাঁর কাছে বক্তব্য রাখার কোনো ক্ষমতা তারা রাখে না।",
    "bn_muhi": "যিনি নভোমন্ডল, ভূমন্ডল ও এতদুভয়ের মধ্যবর্তী সবকিছুর পালনকর্তা, দয়াময়, কেউ তাঁর সাথে কথার অধিকারী হবে না।",
    "en": "[From] the Lord of the heavens and the earth and whatever is between them, the Most Merciful. They possess not from Him [authority for] speech."
  },
  {
    "id": 38,
    "ar": "يَوْمَ يَقُومُ ٱلرُّوحُ وَٱلْمَلَٰٓئِكَةُ صَفًّا لَّا يَتَكَلَّمُونَ إِلَّا مَنْ أَذِنَ لَهُ ٱلرَّحْمَٰنُ وَقَالَ صَوَابًا",
    "tr": "ইয়াওমা ইয়াকূমুর রূহুওয়াল মালাইকাতুসাফফাল লা-ইয়াতাকাল্লামূনা ইল্লা-মান আযিনা লাহুর রাহমা-নুওয়া কা-লা সাওয়া-বা-।",
    "bn_haque": "সেইদিন আর-রূহ ও ফিরিশ্‌তাগণ সারবেঁধে দাঁড়াবে, পরম করুণাময় যাকে অনুমতি দেবেন সে ব্যতীত তাদের কেউ কথা বলতে পারবে না, আর সে সঠিক কথা বলবে।",
    "bn_muhi": "যেদিন রূহ ও ফেরেশতাগণ সারিবদ্ধভাবে দাঁড়াবে। দয়াময় আল্লাহ যাকে অনুমতি দিবেন, সে ব্যতিত কেউ কথা বলতে পারবে না এবং সে সত্যকথা বলবে।",
    "en": "The Day that the Spirit and the angels will stand in rows, they will not speak except for one whom the Most Merciful permits, and he will say what is correct."
  },
  {
    "id": 39,
    "ar": "ذَٰلِكَ ٱلْيَوْمُ ٱلْحَقُّ فَمَن شَآءَ ٱتَّخَذَ إِلَىٰ رَبِّهِۦ مَـَٔابًا",
    "tr": "যা-লিকাল ইয়াওমুল হাক্কু ফামান শাআত্তাখাযা ইলা-রাব্বিহী মাআ-বা-।",
    "bn_haque": "এইটাই মহাসত্যের দিন। অতএব যে কেউ চায় সে তার প্রভুর কাছে আশ্রয়স্থল খুঁজুক।",
    "bn_muhi": "এই দিবস সত্য। অতঃপর যার ইচ্ছা, সে তার পালনকর্তার কাছে ঠিকানা তৈরী করুক।",
    "en": "That is the True Day; so he who wills may take to his Lord a [way of] return."
  },
  {
    "id": 40,
    "ar": "إِنَّآ أَنذَرْنَٰكُمْ عَذَابًا قَرِيبًا يَوْمَ يَنظُرُ ٱلْمَرْءُ مَا قَدَّمَتْ يَدَاهُ وَيَقُولُ ٱلْكَافِرُ يَٰلَيْتَنِى كُنتُ تُرَٰبًۢا",
    "tr": "ইন্নাআনযারনা-কুম ‘আযা-বান কারীবাইঁ ইয়াওমা ইয়ানযু রুল মারউ মা-কাদ্দামাত ইয়াদা-হু ওয়া ইয়াকূলুল কা-ফিরু ইয়া-লাইতানী কুনতুতুরা-বা।",
    "bn_haque": "নিশ্চয় আমরা তোমাদের সতর্ক করছি এক নিকটবর্তী শাস্তি সন্বন্ধে, -- যেদিন মানুষ দেখতে পাবে তার হাত দুখানা কী আগবাড়িয়েছে, আর অবিশ্বাসী ব্যক্তি বলবে -- \"হায় আমার আফসোস! আমি যদি ধুলো হয়ে যেতাম!\"",
    "bn_muhi": "আমি তোমাদেরকে আসন্ন শাস্তি সম্পর্কে সতর্ক করলাম, যেদিন মানুষ প্রত্যেক্ষ করবে যা সে সামনে প্রেরণ করেছে এবং কাফের বলবেঃ হায়, আফসোস-আমি যদি মাটি হয়ে যেতাম।",
    "en": "Indeed, We have warned you of a near punishment on the Day when a man will observe what his hands have put forth and the disbeliever will say, \"Oh, I wish that I were dust!\""
  }
]