[
  {
    "id": 1,
    "ar": "قُلْ هُوَ ٱللَّهُ أَحَدٌ",
    "tr": "কুল হুওয়াল্লা-হু আহাদ।",
    "bn_haque": "তুমি বলো -- \"তিনি আল্লাহ্‌, একক-অদ্বিতীয়;",
    "bn_muhi": "বলুন, তিনি আল্লাহ, এক,",
    "en": "Say, \"He is Allah, [who is] One,"
  },
  {
    "id": 2,
    "ar": "ٱللَّهُ ٱلصَّمَدُ",
    "tr": "আল্লা-হুসসামাদ।",
    "bn_haque": "\"আল্লাহ্ -- পরম নির্ভরস্থল।",
    "bn_muhi": "আল্লাহ অমুখাপেক্ষী,",
    "en": "Allah, the Eternal Refuge."
  },
  {
    "id": 3,
    "ar": "لَمْ يَلِدْ وَلَمْ يُولَدْ",
    "tr": "লাম ইয়ালিদ ওয়ালাম ইঊলাদ।",
    "bn_haque": "\"তিনি জন্ম দেন না, এবং জন্ম নেনও নি,",
    "bn_muhi": "তিনি কাউকে জন্ম দেননি এবং কেউ তাকে জন্ম দেয়নি",
    "en": "He neither begets nor is born,"
  },
  {
    "id": 4,
    "ar": "وَلَمْ يَكُن لَّهُۥ كُفُوًا أَحَدٌۢ",
    "tr": "ওয়া লাম ইয়াকুল্লাহূকুফুওয়ান আহাদ।",
    "bn_haque": "এবং কেউই তাঁর সমতুল্য হতে পারে না।",
    "bn_muhi": "এবং তার সমতুল্য কেউ নেই।",
    "en": "Nor is there to Him any equivalent.\""
  }
]