[
  {
    "id": 1,
    "ar": "ٱلرَّحْمَٰنُ",
    "tr": "আররাহমা-নু।",
    "bn_haque": "আর-রাহমান!",
    "bn_muhi": "করুনাময় আল্লাহ।",
    "en": "The Most Merciful"
  },
  {
    "id": 2,
    "ar": "عَلَّمَ ٱلْقُرْءَانَ",
    "tr": "‘আল্লামাল কুরআ-ন।",
    "bn_haque": "তিনি কুরআন শিক্ষা দিয়েছেন।",
    "bn_muhi": "শিক্ষা দিয়েছেন কোরআন,",
    "en": "Taught the Qur'an,"
  },
  {
    "id": 3,
    "ar": "خَلَقَ ٱلْإِنسَٰنَ",
    "tr": "খালাকাল ইনছা-ন।",
    "bn_haque": "তিনিই সৃষ্টি করেছেন মানুষকে,",
    "bn_muhi": "সৃষ্টি করেছেন মানুষ,",
    "en": "Created man,"
  },
  {
    "id": 4,
    "ar": "عَلَّمَهُ ٱلْبَيَانَ",
    "tr": "‘আল্লামাহুল বায়া-ন।",
    "bn_haque": "তিনি তাকে শিখিয়েছেন সুস্পষ্ট ভাষা।",
    "bn_muhi": "তাকে শিখিয়েছেন বর্ণনা।",
    "en": "[And] taught him eloquence."
  },
  {
    "id": 5,
    "ar": "ٱلشَّمْسُ وَٱلْقَمَرُ بِحُسْبَانٍ",
    "tr": "আশশামছুওয়ালকামারু বিহুছবা-ন।",
    "bn_haque": "সূর্য ও চন্দ্র হিসেব মতো চলেছে।",
    "bn_muhi": "সূর্য ও চন্দ্র হিসাবমত চলে।",
    "en": "The sun and the moon [move] by precise calculation,"
  },
  {
    "id": 6,
    "ar": "وَٱلنَّجْمُ وَٱلشَّجَرُ يَسْجُدَانِ",
    "tr": "ওয়ান্নাজমুওয়াশশাজারু ইয়াছজূদা-ন।",
    "bn_haque": "আর তৃণলতা ও গাছপালা আনুগত্য করছে।",
    "bn_muhi": "এবং তৃণলতা ও বৃক্ষাদি সেজদারত আছে।",
    "en": "And the stars and trees prostrate."
  },
  {
    "id": 7,
    "ar": "وَٱلسَّمَآءَ رَفَعَهَا وَوَضَعَ ٱلْمِيزَانَ",
    "tr": "ওয়াছ ছামাআ রাফা‘আহা-ওয়া ওয়াদা‘আল মীঝা-ন।",
    "bn_haque": "আর আকাশকে, -- তিনি তাকে সমুচ্চ করেছেন, আর তিনি স্থাপন করেছেন দাঁড়িপাল্লা।",
    "bn_muhi": "তিনি আকাশকে করেছেন সমুন্নত এবং স্থাপন করেছেন তুলাদন্ড।",
    "en": "And the heaven He raised and imposed the balance"
  },
  {
    "id": 8,
    "ar": "أَلَّا تَطْغَوْا۟ فِى ٱلْمِيزَانِ",
    "tr": "আল্লা-তাতাগাও ফিল মীঝা-ন।",
    "bn_haque": "যেন তোমরা মাপকাঠিতে উল্লঙ্ঘন না করো।",
    "bn_muhi": "যাতে তোমরা সীমালংঘন না কর তুলাদন্ডে।",
    "en": "That you not transgress within the balance."
  },
  {
    "id": 9,
    "ar": "وَأَقِيمُوا۟ ٱلْوَزْنَ بِٱلْقِسْطِ وَلَا تُخْسِرُوا۟ ٱلْمِيزَانَ",
    "tr": "ওয়া আকীমুল ওয়াঝনা বিলকিছতিওয়ালা-তুখছিরুল মীঝা-ন।",
    "bn_haque": "আর ওজন সঠিকভাবে কায়েম করো, আর মাপজোখে কমতি করো না।",
    "bn_muhi": "তোমরা ন্যায্য ওজন কায়েম কর এবং ওজনে কম দিয়ো না।",
    "en": "And establish weight in justice and do not make deficient the balance."
  },
  {
    "id": 10,
    "ar": "وَٱلْأَرْضَ وَضَعَهَا لِلْأَنَامِ",
    "tr": "ওয়াল আরদা ওয়া দা‘আহা-লিলআনা-ম।",
    "bn_haque": "আর পৃথিবী, -- তিনি এটিকে প্রসারিত করেছেন জীবজন্তুর জন্যে,",
    "bn_muhi": "তিনি পৃথিবীকে স্থাপন করেছেন সৃষ্টজীবের জন্যে।",
    "en": "And the earth He laid [out] for the creatures."
  },
  {
    "id": 11,
    "ar": "فِيهَا فَٰكِهَةٌ وَٱلنَّخْلُ ذَاتُ ٱلْأَكْمَامِ",
    "tr": "ফীহা-ফা-কিহাতুওঁ ওয়ান্নাখলুযা-তুল আকমা-ম।",
    "bn_haque": "তাতে রয়েছে ফলফসল ও গোছাবিশিষ্ট খেজুর গাছ,",
    "bn_muhi": "এতে আছে ফলমূল এবং বহিরাবরণবিশিষ্ট খর্জুর বৃক্ষ।",
    "en": "Therein is fruit and palm trees having sheaths [of dates]"
  },
  {
    "id": 12,
    "ar": "وَٱلْحَبُّ ذُو ٱلْعَصْفِ وَٱلرَّيْحَانُ",
    "tr": "ওয়াল হাব্বুযুল‘আসফি ওয়াররাইহা-ন।",
    "bn_haque": "আর আছে খোসা ও সুগন্ধি দানা-থাকা শস্য।",
    "bn_muhi": "আর আছে খোসাবিশিষ্ট শস্য ও সুগন্ধি ফুল।",
    "en": "And grain having husks and scented plants."
  },
  {
    "id": 13,
    "ar": "فَبِأَىِّ ءَالَآءِ رَبِّكُمَا تُكَذِّبَانِ",
    "tr": "ফাবিআইয়ি আ-লাই রাব্বিকুমা-তুকাযযিবা-ন।",
    "bn_haque": "অতএব তোমাদের উভয়ের প্রভুর কোন্ অনুগ্রহ তোমরা উভয়ে অস্বীকার করবে?",
    "bn_muhi": "অতএব, তোমরা উভয়ে তোমাদের পালনকর্তার কোন কোন অনুগ্রহকে অস্বীকার করবে?",
    "en": "So which of the favors of your Lord would you deny?"
  },
  {
    "id": 14,
    "ar": "خَلَقَ ٱلْإِنسَٰنَ مِن صَلْصَٰلٍ كَٱلْفَخَّارِ",
    "tr": "খালাকাল ইনছা-না মিন সালসা-লিন কাল ফাখখা-র।",
    "bn_haque": "তিনি মানুষকে সৃষ্টি করেছেন খনখনে মাটি দিয়ে মাটির বাসনের মতো,",
    "bn_muhi": "তিনি মানুষকে সৃষ্টি করেছেন পোড়া মাটির ন্যায় শুষ্ক মৃত্তিকা থেকে।",
    "en": "He created man from clay like [that of] pottery."
  },
  {
    "id": 15,
    "ar": "وَخَلَقَ ٱلْجَآنَّ مِن مَّارِجٍ مِّن نَّارٍ",
    "tr": "ওয়া খালাকাল জান্না মিম্মা-রিজিমমিন্না-র।",
    "bn_haque": "আর তিনি জিনকে সৃষ্টি করেছেন আগুনের শিখা দিয়ে।",
    "bn_muhi": "এবং জিনকে সৃষ্টি করেছেন অগ্নিশিখা থেকে।",
    "en": "And He created the jinn from a smokeless flame of fire."
  },
  {
    "id": 16,
    "ar": "فَبِأَىِّ ءَالَآءِ رَبِّكُمَا تُكَذِّبَانِ",
    "tr": "ফাবিআইয়ি আ-লাই রাব্বিকুমা- তুকাযযিবা-ন ।",
    "bn_haque": "সুতরাং তোমাদের প্রভুর কোন্ অনুগ্রহ তোমরা উভয়ে অস্বীকার করবে?",
    "bn_muhi": "অতএব, তোমরা উভয়ে তোমাদের পালনকর্তার কোন কোন অনুগ্রহ অস্বীকার করবে?",
    "en": "So which of the favors of your Lord would you deny?"
  },
  {
    "id": 17,
    "ar": "رَبُّ ٱلْمَشْرِقَيْنِ وَرَبُّ ٱلْمَغْرِبَيْنِ",
    "tr": "রাব্বুল মাশরিকাইনি ওয়া রাব্বুল মাগরিবাইন।",
    "bn_haque": "তিনি দুই পূর্বের প্রভু, আর দুই পশ্চিমেরও প্রভু।",
    "bn_muhi": "তিনি দুই উদয়াচল ও দুই অস্তাচলের মালিক।",
    "en": "[He is] Lord of the two sunrises and Lord of the two sunsets."
  },
  {
    "id": 18,
    "ar": "فَبِأَىِّ ءَالَآءِ رَبِّكُمَا تُكَذِّبَانِ",
    "tr": "ফাবিআইয়ি আ-লাই রাব্বিকুমা- তুকাযযিবা-ন ।",
    "bn_haque": "সুতরাং তোমাদের প্রভুর কোন্ অনুগ্রহ তোমরা উভয়ে অস্বীকার করবে?",
    "bn_muhi": "অতএব, তোমরা উভয়ে তোমাদের পালনকর্তার কোন কোন অবদানকে অস্বীকার করবে?",
    "en": "So which of the favors of your Lord would you deny?"
  },
  {
    "id": 19,
    "ar": "مَرَجَ ٱلْبَحْرَيْنِ يَلْتَقِيَانِ",
    "tr": "মারাজাল বাহরাইনি ইয়ালতাকিয়া-ন।",
    "bn_haque": "তিনি প্রবাহিত করেছেন দুই জলরাশিকে --",
    "bn_muhi": "তিনি পাশাপাশি দুই দরিয়া প্রবাহিত করেছেন।",
    "en": "He released the two seas, meeting [side by side];"
  },
  {
    "id": 20,
    "ar": "بَيْنَهُمَا بَرْزَخٌ لَّا يَبْغِيَانِ",
    "tr": "বাইনাহুমা-বারঝাখুল লা-ইয়াবগিয়া-ন।",
    "bn_haque": "তাদের উভয়ের মধ্যে রয়েছে এক ব্যবধান যা তারা অতিক্রম করতে পারে না।",
    "bn_muhi": "উভয়ের মাঝখানে রয়েছে এক অন্তরাল, যা তারা অতিক্রম করে না।",
    "en": "Between them is a barrier [so] neither of them transgresses."
  },
  {
    "id": 21,
    "ar": "فَبِأَىِّ ءَالَآءِ رَبِّكُمَا تُكَذِّبَانِ",
    "tr": "ফাবিআইয়ি আ-লাই রাব্বিকুমা- তুকাযযিবা-ন ।",
    "bn_haque": "সুতরাং তোমাদের প্রভুর কোন্ অনুগ্রহ তোমরা উভয়ে অস্বীকার করবে?",
    "bn_muhi": "অতএব, তোমরা উভয়ে তোমাদের পালনকর্তার কোন কোন অবদানকে অস্বীকার করবে?",
    "en": "So which of the favors of your Lord would you deny?"
  },
  {
    "id": 22,
    "ar": "يَخْرُجُ مِنْهُمَا ٱللُّؤْلُؤُ وَٱلْمَرْجَانُ",
    "tr": "ইয়াখরুজূমিনহুমাল লু’লূউ ওয়াল মার জা-ন।",
    "bn_haque": "তাদের দুইয়ের মধ্যে থেকে বেরিয়ে আসে মুক্তো ও প্রবাল।",
    "bn_muhi": "উভয় দরিয়া থেকে উৎপন্ন হয় মোতি ও প্রবাল।",
    "en": "From both of them emerge pearl and coral."
  },
  {
    "id": 23,
    "ar": "فَبِأَىِّ ءَالَآءِ رَبِّكُمَا تُكَذِّبَانِ",
    "tr": "ফাবিআইয়ি আ-লাই রাব্বিকুমা- তুকাযযিবা-ন ।",
    "bn_haque": "অতএব তোমাদের প্রভুর কোন্ অনুগ্রহ তোমরা উভয়ে অস্বীকার করবে?",
    "bn_muhi": "অতএব, তোমরা উভয়ে তোমাদের পালনকর্তার কোন কোন অবদানকে অস্বীকার করবে?",
    "en": "So which of the favors of your Lord would you deny?"
  },
  {
    "id": 24,
    "ar": "وَلَهُ ٱلْجَوَارِ ٱلْمُنشَـَٔاتُ فِى ٱلْبَحْرِ كَٱلْأَعْلَٰمِ",
    "tr": "ওয়ালাহুল জাওয়া-রিল মুনশাআ-তুফিল বাহরি কালআ‘লা-ম।",
    "bn_haque": "আর তাঁরই হচ্ছে সমুদ্রে ভাসমান পর্বততুল্য জাহাজগুলো।",
    "bn_muhi": "দরিয়ায় বিচরণশীল পর্বতদৃশ্য জাহাজসমূহ তাঁরই (নিয়ন্ত্রনাধীন)",
    "en": "And to Him belong the ships [with sails] elevated in the sea like mountains."
  },
  {
    "id": 25,
    "ar": "فَبِأَىِّ ءَالَآءِ رَبِّكُمَا تُكَذِّبَانِ",
    "tr": "ফাবিআইয়ি আ-লাই রাব্বিকুমা- তুকাযযিবা-ন ।",
    "bn_haque": "সুতরাং তোমাদের প্রভুর কোন্ অনুগ্রহ তোমরা উভয়ে অস্বীকার করবে?",
    "bn_muhi": "অতএব, তোমরা উভয়ে তোমাদের পালনকর্তার কোন কোন অবদানকে অস্বীকার করবে?",
    "en": "So which of the favors of your Lord would you deny?"
  },
  {
    "id": 26,
    "ar": "كُلُّ مَنْ عَلَيْهَا فَانٍ",
    "tr": "কুল্লুমান ‘আলাইহা-ফা-নিওঁ।",
    "bn_haque": "এর উপরে যারাই আছে তা বিনাশশীল,",
    "bn_muhi": "ভূপৃষ্টের সবকিছুই ধ্বংসশীল।",
    "en": "Everyone upon the earth will perish,"
  },
  {
    "id": 27,
    "ar": "وَيَبْقَىٰ وَجْهُ رَبِّكَ ذُو ٱلْجَلَٰلِ وَٱلْإِكْرَامِ",
    "tr": "ওয়া ইয়াবকা-ওয়াজহু রাব্বিকা যুল জালা-লি ওয়াল ইকরা-ম।",
    "bn_haque": "তবে বাকি থাকবে তোমার প্রভুর চেহারা -- পরম মহিমা ও মহানুভবতার অধিকারী।",
    "bn_muhi": "একমাত্র আপনার মহিমায় ও মহানুভব পালনকর্তার সত্তা ছাড়া।",
    "en": "And there will remain the Face of your Lord, Owner of Majesty and Honor."
  },
  {
    "id": 28,
    "ar": "فَبِأَىِّ ءَالَآءِ رَبِّكُمَا تُكَذِّبَانِ",
    "tr": "ফাবিআইয়ি আ-লাই রাব্বিকুমা- তুকাযযিবা-ন ।",
    "bn_haque": "সুতরাং তোমাদের প্রভুর কোন্ অনুগ্রহ তোমরা উভয়ে অস্বীকার করবে?",
    "bn_muhi": "অতএব, তোমরা উভয়ে তোমাদের পালনকর্তার কোন কোন অবদানকে অস্বীকার করবে?",
    "en": "So which of the favors of your Lord would you deny?"
  },
  {
    "id": 29,
    "ar": "يَسْـَٔلُهُۥ مَن فِى ٱلسَّمَٰوَٰتِ وَٱلْأَرْضِ كُلَّ يَوْمٍ هُوَ فِى شَأْنٍ",
    "tr": "ইয়াছআলুহূমান ফিছ ছামা-ওয়া-তি ওয়াল আরদি কুল্লা ইয়াওমিন হুওয়া ফী শা’ন।",
    "bn_haque": "মহাকাশমন্ডলে ও পৃথিবীতে যারা রয়েছে তারা তাঁরই কাছে প্রার্থনা জানায়। প্রতি নিয়ত তিনি মর্যাদায় বিরাজমান।",
    "bn_muhi": "নভোমন্ডল ও ভূমন্ডলের সবাই তাঁর কাছে প্রার্থী। তিনি সর্বদাই কোন না কোন কাজে রত আছেন।",
    "en": "Whoever is within the heavens and earth asks Him; every day He is bringing about a matter."
  },
  {
    "id": 30,
    "ar": "فَبِأَىِّ ءَالَآءِ رَبِّكُمَا تُكَذِّبَانِ",
    "tr": "ফাবিআইয়ি আ-লাই রাব্বিকুমা- তুকাযযিবা-ন।",
    "bn_haque": "সুতরাং তোমাদের প্রভুর কোন্ অনুগ্রহ তোমরা উভয়ে অস্বীকার করবে?",
    "bn_muhi": "অতএব, তোমরা উভয়ে তোমাদের পালনকর্তার কোন কোন অবদানকে অস্বীকার করবে?",
    "en": "So which of the favors of your Lord would you deny?"
  },
  {
    "id": 31,
    "ar": "سَنَفْرُغُ لَكُمْ أَيُّهَ ٱلثَّقَلَانِ",
    "tr": "ছানাফরুগু লাকুম আইয়ুহাছছাকালা-ন।",
    "bn_haque": "অবিলন্বে আমরা তোমাদের বিষয়ে হিসেব-নিকেশ নেব, হে দুই বৃহৎশক্তিবর্গ!",
    "bn_muhi": "হে জিন ও মানব! আমি শীঘ্রই তোমাদের জন্যে কর্মমুক্ত হয়ে যাব।",
    "en": "We will attend to you, O prominent beings."
  },
  {
    "id": 32,
    "ar": "فَبِأَىِّ ءَالَآءِ رَبِّكُمَا تُكَذِّبَانِ",
    "tr": "ফাবিআইয়ি আ-লাই রাব্বিকুমা- তুকাযযিবা-ন ।",
    "bn_haque": "সুতরাং তোমাদের প্রভুর কোন্ অনুগ্রহ তোমরা উভয়ে অস্বীকার করবে?",
    "bn_muhi": "অতএব, তোমরা উভয়ে তোমাদের পালনকর্তার কোন কোন অবদানকে অস্বীকার করবে?",
    "en": "So which of the favors of your Lord would you deny?"
  },
  {
    "id": 33,
    "ar": "يَٰمَعْشَرَ ٱلْجِنِّ وَٱلْإِنسِ إِنِ ٱسْتَطَعْتُمْ أَن تَنفُذُوا۟ مِنْ أَقْطَارِ ٱلسَّمَٰوَٰتِ وَٱلْأَرْضِ فَٱنفُذُوا۟ لَا تَنفُذُونَ إِلَّا بِسُلْطَٰنٍ",
    "tr": "ইয়া-মা‘শারাল জিন্নি ওয়াল ইনছি ইনিছতাতা‘তুম আন তানফুযূমিন আকতা-রিছ ছামাওয়া-তি ওয়াল আরদিফানফুযূ লা-তানফুযূনা ইল্লা-বিছুলতা-ন।",
    "bn_haque": "হে জিন ও মানুষের সমবেতগোষ্ঠি! যদি তোমরা মহাকাশ-মন্ডল ও পৃথিবীর সীমারেখা থেকে বেরিয়ে যাবার ক্ষমতা রাখ তাহলে বেরিয়ে যাও। তোমরা অতিক্রম করতে পারবে না নির্দেশ ব্যতীত।",
    "bn_muhi": "হে জিন ও মানবকূল, নভোমন্ডল ও ভূমন্ডলের প্রান্ত অতিক্রম করা যদি তোমাদের সাধ্যে কুলায়, তবে অতিক্রম কর। কিন্তু ছাড়পত্র ব্যতীত তোমরা তা অতিক্রম করতে পারবে না।",
    "en": "O company of jinn and mankind, if you are able to pass beyond the regions of the heavens and the earth, then pass. You will not pass except by authority [from Allah ]."
  },
  {
    "id": 34,
    "ar": "فَبِأَىِّ ءَالَآءِ رَبِّكُمَا تُكَذِّبَانِ",
    "tr": "ফাবিআইয়ি আ-লাই রাব্বিকুমা- তুকাযযিবা-ন ।",
    "bn_haque": "অতএব তোমাদের প্রভুর কোন্ অনুগ্রহ তোমরা উভয়ে অস্বীকার করবে?",
    "bn_muhi": "অতএব, তোমরা উভয়ে তোমাদের পালনকর্তার কোন কোন অবদানকে অস্বীকার করবে?",
    "en": "So which of the favors of your Lord would you deny?"
  },
  {
    "id": 35,
    "ar": "يُرْسَلُ عَلَيْكُمَا شُوَاظٌ مِّن نَّارٍ وَنُحَاسٌ فَلَا تَنتَصِرَانِ",
    "tr": "ইউরছালু‘আলাইকুমা-শুওয়া-জু ম মিন্না-রিওঁ ওয়া নুহা-ছুন ফালা-তানতাসিরা-ন।",
    "bn_haque": "তোমাদের উভয়ের জন্য পাঠানো হবে আগুনের শিখা ও তামার স্ফুলিঙ্গ, তখন তোমরা সাহায্য পেতে পারবে না।",
    "bn_muhi": "ছাড়া হবে তোমাদের প্রতি অগ্নিস্ফুলিঙ্গ ও ধুম্রকুঞ্জ তখন তোমরা সেসব প্রতিহত করতে পারবে না।",
    "en": "There will be sent upon you a flame of fire and smoke, and you will not defend yourselves."
  },
  {
    "id": 36,
    "ar": "فَبِأَىِّ ءَالَآءِ رَبِّكُمَا تُكَذِّبَانِ",
    "tr": "ফাবিআইয়ি আ-লাই রাব্বিকুমা- তুকাযযিবা-ন ।",
    "bn_haque": "তাই তোমাদের প্রভুর কোন্ অনুগ্রহ তোমরা উভয়ে অস্বীকার করবে?",
    "bn_muhi": "অতএব, তোমরা উভয়ে তোমাদের পালনকর্তার কোন কোন অবদানকে অস্বীকার করবে?",
    "en": "So which of the favors of your Lord would you deny?"
  },
  {
    "id": 37,
    "ar": "فَإِذَا ٱنشَقَّتِ ٱلسَّمَآءُ فَكَانَتْ وَرْدَةً كَٱلدِّهَانِ",
    "tr": "ফাইযান শাককাতিছ ছামাউ ফাকা-নাত ওয়ারদাতান কাদ্দিহা-ন।",
    "bn_haque": "আর যখন আকাশ বিদীর্ণ হবে এবং হয়ে যাবে রংকরা চামড়ার মতো লাল, --",
    "bn_muhi": "যেদিন আকাশ বিদীর্ণ হবে তখন সেটি রক্তবর্ণে রঞ্জিত চামড়ার মত হয়ে যাবে।",
    "en": "And when the heaven is split open and becomes rose-colored like oil -"
  },
  {
    "id": 38,
    "ar": "فَبِأَىِّ ءَالَآءِ رَبِّكُمَا تُكَذِّبَانِ",
    "tr": "ফাবিআইয়ি আ-লাই রাব্বিকুমা- তুকাযযিবা-ন ।",
    "bn_haque": "সুতরাং তোমাদের প্রভুর কোন্ অনুগ্রহ তোমরা উভয়ে অস্বীকার করবে? --",
    "bn_muhi": "অতএব, তোমরা উভয়ে তোমাদের পালনকর্তার কোন কোন অবদানকে অস্বীকার করবে?",
    "en": "So which of the favors of your Lord would you deny? -"
  },
  {
    "id": 39,
    "ar": "فَيَوْمَئِذٍ لَّا يُسْـَٔلُ عَن ذَنۢبِهِۦٓ إِنسٌ وَلَا جَآنٌّ",
    "tr": "ফাইয়াওমা ইযিল্লা-ইউছআলু‘আন যামবিহী ইনছুওঁ ওয়ালা-জান।",
    "bn_haque": "অতএব সেদিন কোনো মানুষকেই প্রশ্ন করা হবে না তার অপরাধ সন্বন্ধে, না কোনো জিনকে।",
    "bn_muhi": "সেদিন মানুষ না তার অপরাধ সম্পর্কে জিজ্ঞাসিত হবে, না জিন।",
    "en": "Then on that Day none will be asked about his sin among men or jinn."
  },
  {
    "id": 40,
    "ar": "فَبِأَىِّ ءَالَآءِ رَبِّكُمَا تُكَذِّبَانِ",
    "tr": "ফাবিআইয়ি আ-লাই রাব্বিকুমা- তুকাযযিবা-ন ।",
    "bn_haque": "সুতরাং তোমাদের প্রভুর কোন্ অনুগ্রহ তোমরা উভয়ে অস্বীকার করবে?",
    "bn_muhi": "অতএব, তোমরা উভয়ে তোমাদের পালনকর্তার কোন কোন অবদানকে অস্বীকার করবে?",
    "en": "So which of the favors of your Lord would you deny?"
  },
  {
    "id": 41,
    "ar": "يُعْرَفُ ٱلْمُجْرِمُونَ بِسِيمَٰهُمْ فَيُؤْخَذُ بِٱلنَّوَٰصِى وَٱلْأَقْدَامِ",
    "tr": "ইউ‘রাফুল মুজরিমূনা বিছীমা-হুম ফাইউ’খাযুবিন্নাওয়া-ছী ওয়াল আকদা-ম।",
    "bn_haque": "অপরাধীদের চেনা যাবে তাদের চেহারার দ্বারা, কাজেই তাদের পাকড়ানো হবে চুলের ঝুঁটিতে ও ঠেঙ্গগুলোয়।",
    "bn_muhi": "অপরাধীদের পরিচয় পাওয়া যাবে তাদের চেহারা থেকে; অতঃপর তাদের কপালের চুল ও পা ধরে টেনে নেয়া হবে।",
    "en": "The criminals will be known by their marks, and they will be seized by the forelocks and the feet."
  },
  {
    "id": 42,
    "ar": "فَبِأَىِّ ءَالَآءِ رَبِّكُمَا تُكَذِّبَانِ",
    "tr": "ফাবিআইয়ি আ-লাই রাব্বিকুমা- তুকাযযিবা-ন ।",
    "bn_haque": "অতএব তোমাদের প্রভুর কোন্ অনুগ্রহ তোমরা উভয়ে অস্বীকার করবে?",
    "bn_muhi": "অতএব, তোমরা উভয়ে তোমাদের পালনকর্তার কোন কোন অবদানকে অস্বীকার করবে?",
    "en": "So which of the favors of your Lord would you deny?"
  },
  {
    "id": 43,
    "ar": "هَٰذِهِۦ جَهَنَّمُ ٱلَّتِى يُكَذِّبُ بِهَا ٱلْمُجْرِمُونَ",
    "tr": "হা-যিহী জাহান্নামুল্লাতী ইউকাযযি বুবিহাল মুজরিমূন।",
    "bn_haque": "এইটিই জাহান্নাম যেটিকে অপরাধীরা মিথ্যা বলত।",
    "bn_muhi": "এটাই জাহান্নাম, যাকে অপরাধীরা মিথ্যা বলত।",
    "en": "This is Hell, which the criminals deny."
  },
  {
    "id": 44,
    "ar": "يَطُوفُونَ بَيْنَهَا وَبَيْنَ حَمِيمٍ ءَانٍ",
    "tr": "ইয়াতূ ফূনা বাইনাহা-ওয়া বাইনা হামীমিন আ-ন।",
    "bn_haque": "তারা ছুটাছুটি করবে এর ও ফুটন্ত পানির চারিদিকে।",
    "bn_muhi": "তারা জাহান্নামের অগ্নি ও ফুটন্ত পানির মাঝখানে প্রদক্ষিণ করবে।",
    "en": "They will go around between it and scalding water, heated [to the utmost degree]."
  },
  {
    "id": 45,
    "ar": "فَبِأَىِّ ءَالَآءِ رَبِّكُمَا تُكَذِّبَانِ",
    "tr": "ফাবিআইয়ি আ-লাই রাব্বিকুমা- তুকাযযিবা-ন ।",
    "bn_haque": "তাই তোমাদের প্রভুর কোন্ অনুগ্রহ তোমরা উভয়ে অস্বীকার করবে?",
    "bn_muhi": "অতএব, তোমরা উভয়ে তোমাদের পালনকর্তার কোন কোন অবদানকে অস্বীকার করবে?",
    "en": "So which of the favors of your Lord would you deny?"
  },
  {
    "id": 46,
    "ar": "وَلِمَنْ خَافَ مَقَامَ رَبِّهِۦ جَنَّتَانِ",
    "tr": "ওয়া লিমান খা-ফা মাকা-মা রাব্বিহী জান্নাতা-ন।",
    "bn_haque": "আর যে তার প্রভুর সামনে দাঁড়াবার ভয় রাখে তার জন্য রয়েছে দুটি স্বর্গোউদ্যান --",
    "bn_muhi": "যে ব্যক্তি তার পালনকর্তার সামনে পেশ হওয়ার ভয় রাখে, তার জন্যে রয়েছে দু’টি উদ্যান।",
    "en": "But for he who has feared the position of his Lord are two gardens -"
  },
  {
    "id": 47,
    "ar": "فَبِأَىِّ ءَالَآءِ رَبِّكُمَا تُكَذِّبَانِ",
    "tr": "ফাবিআইয়ি আ-লাই রাব্বিকুমা- তুকাযযিবা-ন ।",
    "bn_haque": "অতএব তোমাদের প্রভুর কোন্ অনুগ্রহ তোমরা উভয়ে অস্বীকার করবে?",
    "bn_muhi": "অতএব, তোমরা উভয়ে তোমাদের পালনকর্তার কোন কোন অবদানকে অস্বীকার করবে?",
    "en": "So which of the favors of your Lord would you deny? -"
  },
  {
    "id": 48,
    "ar": "ذَوَاتَآ أَفْنَانٍ",
    "tr": "যাওয়া-তা আফনা-ন।",
    "bn_haque": "দুটোই ঘন ডালপালাবিশিষ্ট।",
    "bn_muhi": "উভয় উদ্যানই ঘন শাখা-পল্লববিশিষ্ট।",
    "en": "Having [spreading] branches."
  },
  {
    "id": 49,
    "ar": "فَبِأَىِّ ءَالَآءِ رَبِّكُمَا تُكَذِّبَانِ",
    "tr": "ফাবিআইয়ি আ-লাই রাব্বিকুমা- তুকাযযিবা-ন ।",
    "bn_haque": "সুতরাং তোমাদের প্রভুর কোন্ অনুগ্রহ তোমরা উভয়ে অস্বীকার করবে?",
    "bn_muhi": "অতএব, তোমরা উভয়ে তোমাদের পালনকর্তার কোন কোন অবদানকে অস্বীকার করবে?",
    "en": "So which of the favors of your Lord would you deny?"
  },
  {
    "id": 50,
    "ar": "فِيهِمَا عَيْنَانِ تَجْرِيَانِ",
    "tr": "ফীহিমা-‘আইনা-নি তাজরিয়া-ন।",
    "bn_haque": "তাদের মধ্যে বয়ে চলেছে দুটি নদী।",
    "bn_muhi": "উভয় উদ্যানে আছে বহমান দুই প্রস্রবন।",
    "en": "In both of them are two springs, flowing."
  },
  {
    "id": 51,
    "ar": "فَبِأَىِّ ءَالَآءِ رَبِّكُمَا تُكَذِّبَانِ",
    "tr": "ফাবিআইয়ি আ-লাই রাব্বিকুমা- তুকাযযিবা-ন ।",
    "bn_haque": "সুতরাং তোমাদের প্রভুর কোন্ অনুগ্রহ তোমরা উভয়ে অস্বীকার করবে?",
    "bn_muhi": "অতএব, তোমরা উভয়ে তোমাদের পালনকর্তার কোন কোন অবদানকে অস্বীকার করবে?",
    "en": "So which of the favors of your Lord would you deny?"
  },
  {
    "id": 52,
    "ar": "فِيهِمَا مِن كُلِّ فَٰكِهَةٍ زَوْجَانِ",
    "tr": "ফীহিমা-মিন কুল্লি ফা-কিহাতিন ঝাওজা-ন।",
    "bn_haque": "এ দুটোয় রয়েছে প্রত্যেক ফলমূলের জোড়া জোড়া।",
    "bn_muhi": "উভয়ের মধ্যে প্রত্যেক ফল বিভিন্ন রকমের হবে।",
    "en": "In both of them are of every fruit, two kinds."
  },
  {
    "id": 53,
    "ar": "فَبِأَىِّ ءَالَآءِ رَبِّكُمَا تُكَذِّبَانِ",
    "tr": "ফাবিআইয়ি আ-লাই রাব্বিকুমা- তুকাযযিবা-ন ।",
    "bn_haque": "অতএব তোমাদের প্রভুর কোন্ অনুগ্রহ তোমরা উভয়ে অস্বীকার করবে?",
    "bn_muhi": "অতএব, তোমরা উভয়ে তোমাদের পালনকর্তার কোন কোন অবদানকে অস্বীকার করবে?",
    "en": "So which of the favors of your Lord would you deny?"
  },
  {
    "id": 54,
    "ar": "مُتَّكِـِٔينَ عَلَىٰ فُرُشٍۭ بَطَآئِنُهَا مِنْ إِسْتَبْرَقٍ وَجَنَى ٱلْجَنَّتَيْنِ دَانٍ",
    "tr": "মুত্তাকিঈনা ‘আলা-ফুরুশিম বাতাইনুহা-মিন ইছতাবরাকিও ওয়া জানাল জান্নাতাইনি দা-ন।",
    "bn_haque": "তারা হেলান দিয়ে বসবে গালিচার উপরে যার আস্তর কারুকার্যময় রেশমের। আর উভয় জান্নাতের ফল ঝুলতে থাকবে।",
    "bn_muhi": "তারা তথায় রেশমের আস্তরবিশিষ্ট বিছানায় হেলান দিয়ে বসবে। উভয় উদ্যানের ফল তাদের নিকট ঝুলবে।",
    "en": "[They are] reclining on beds whose linings are of silk brocade, and the fruit of the two gardens is hanging low."
  },
  {
    "id": 55,
    "ar": "فَبِأَىِّ ءَالَآءِ رَبِّكُمَا تُكَذِّبَانِ",
    "tr": "ফাবিআইয়ি আ-লাই রাব্বিকুমা- তুকাযযিবা-ন ।",
    "bn_haque": "সুতরাং তোমাদের প্রভুর কোন্ অনুগ্রহ তোমরা উভয়ে অস্বীকার করবে?",
    "bn_muhi": "অতএব, তোমরা উভয়ে তোমাদের পালনকর্তার কোন কোন অবদানকে অস্বীকার করবে?",
    "en": "So which of the favors of your Lord would you deny?"
  },
  {
    "id": 56,
    "ar": "فِيهِنَّ قَٰصِرَٰتُ ٱلطَّرْفِ لَمْ يَطْمِثْهُنَّ إِنسٌ قَبْلَهُمْ وَلَا جَآنٌّ",
    "tr": "ফীহিন্না কা-সিরা-তুত্তারফি লাম ইয়াতমিছহুন্না ইনছুন কাবলাহুম ওয়ালা-জান।",
    "bn_haque": "তাদের মধ্যে রয়েছে সলাজ-নম্র আয়তলোচন, -- এদের আগে কোনো মানুষ তাদের স্পর্শ করে নি, আর জিনও নয়।",
    "bn_muhi": "তথায় থাকবে আনতনয়ন রমনীগন, কোন জিন ও মানব পূর্বে যাদের ব্যবহার করেনি।",
    "en": "In them are women limiting [their] glances, untouched before them by man or jinni -"
  },
  {
    "id": 57,
    "ar": "فَبِأَىِّ ءَالَآءِ رَبِّكُمَا تُكَذِّبَانِ",
    "tr": "ফাবিআইয়ি আ-লাই রাব্বিকুমা- তুকাযযিবা-ন ।",
    "bn_haque": "সুতরাং তোমাদের প্রভুর কোন্ অনুগ্রহ তোমরা উভয়ে অস্বীকার করবে?",
    "bn_muhi": "অতএব, তোমরা উভয়ে তোমাদের পালনকর্তার কোন কোন অবদানকে অস্বীকার করবে?",
    "en": "So which of the favors of your Lord would you deny? -"
  },
  {
    "id": 58,
    "ar": "كَأَنَّهُنَّ ٱلْيَاقُوتُ وَٱلْمَرْجَانُ",
    "tr": "কাআন্নাহুন্নাল ইয়া‘কূতুওয়াল মারজান-ন।",
    "bn_haque": "তারা যেন চুনি ও প্রবাল।",
    "bn_muhi": "প্রবাল ও পদ্মরাগ সদৃশ রমণীগণ।",
    "en": "As if they were rubies and coral."
  },
  {
    "id": 59,
    "ar": "فَبِأَىِّ ءَالَآءِ رَبِّكُمَا تُكَذِّبَانِ",
    "tr": "ফাবিআইয়ি আ-লাই রাব্বিকুমা- তুকাযযিবা-ন ।",
    "bn_haque": "অতএব তোমাদের প্রভুর কোন্ অনুগ্রহ তোমরা উভয়ে অস্বীকার করবে?",
    "bn_muhi": "অতএব, তোমরা উভয়ে তোমাদের পালনকর্তার কোন কোন অবদানকে অস্বীকার করবে?",
    "en": "So which of the favors of your Lord would you deny?"
  },
  {
    "id": 60,
    "ar": "هَلْ جَزَآءُ ٱلْإِحْسَٰنِ إِلَّا ٱلْإِحْسَٰنُ",
    "tr": "হাল জাঝাউল ইহছা-নি ইল্লাল ইহছা-ন।",
    "bn_haque": "ভালোর পুরস্কার কি ভাল ছাড়া অন্য কিছু হবে?",
    "bn_muhi": "সৎকাজের প্রতিদান উত্তম পুরস্কার ব্যতীত কি হতে পারে?",
    "en": "Is the reward for good [anything] but good?"
  },
  {
    "id": 61,
    "ar": "فَبِأَىِّ ءَالَآءِ رَبِّكُمَا تُكَذِّبَانِ",
    "tr": "ফাবিআইয়ি আ-লাই রাব্বিকুমা- তুকাযযিবা-ন ।",
    "bn_haque": "সুতরাং তোমাদের প্রভুর কোন্ অনুগ্রহ তোমরা উভয়ে অস্বীকার করবে?",
    "bn_muhi": "অতএব, তোমরা উভয়ে তোমাদের পালনকর্তার কোন কোন অবদানকে অস্বীকার করবে?",
    "en": "So which of the favors of your Lord would you deny?"
  },
  {
    "id": 62,
    "ar": "وَمِن دُونِهِمَا جَنَّتَانِ",
    "tr": "ওয়া মিন দূনিহিমা-জান্নাতা-ন।",
    "bn_haque": "আর এই দুটি ব্যতীত দুটি জান্নাত রয়েছে।",
    "bn_muhi": "এই দু’টি ছাড়া আরও দু’টি উদ্যান রয়েছে।",
    "en": "And below them both [in excellence] are two [other] gardens -"
  },
  {
    "id": 63,
    "ar": "فَبِأَىِّ ءَالَآءِ رَبِّكُمَا تُكَذِّبَانِ",
    "tr": "ফাবিআইয়ি আ-লাই রাব্বিকুমা- তুকাযযিবা-ন ।",
    "bn_haque": "সুতরাং তোমাদের প্রভুর কোন্ অনুগ্রহ তোমরা উভয়ে অস্বীকার করবে?",
    "bn_muhi": "অতএব, তোমরা উভয়ে তোমাদের পালনকর্তার কোন কোন অবদানকে অস্বীকার করবে?",
    "en": "So which of the favors of your Lord would you deny? -"
  },
  {
    "id": 64,
    "ar": "مُدْهَآمَّتَانِ",
    "tr": "মুদ হামমাতা-ন।",
    "bn_haque": "দুটোই গাঢ়-সবুজ।",
    "bn_muhi": "কালোমত ঘন সবুজ।",
    "en": "Dark green [in color]."
  },
  {
    "id": 65,
    "ar": "فَبِأَىِّ ءَالَآءِ رَبِّكُمَا تُكَذِّبَانِ",
    "tr": "ফাবিআইয়ি আ-লাই রাব্বিকুমা- তুকাযযিবা-ন ।",
    "bn_haque": "ফলে তোমাদের প্রভুর কোন্ অনুগ্রহ তোমরা উভয়ে অস্বীকার করবে?",
    "bn_muhi": "অতএব, তোমরা উভয়ে তোমাদের পালনকর্তার কোন কোন অবদানকে অস্বীকার করবে?",
    "en": "So which of the favors of your Lord would you deny?"
  },
  {
    "id": 66,
    "ar": "فِيهِمَا عَيْنَانِ نَضَّاخَتَانِ",
    "tr": "ফীহিমা-‘আইনা-নি নাদ্দাখাতা-ন।",
    "bn_haque": "উভয়ের মধ্যে রয়েছে দুই উচ্ছলিত প্রস্রবণ।",
    "bn_muhi": "তথায় আছে উদ্বেলিত দুই প্রস্রবণ।",
    "en": "In both of them are two springs, spouting."
  },
  {
    "id": 67,
    "ar": "فَبِأَىِّ ءَالَآءِ رَبِّكُمَا تُكَذِّبَانِ",
    "tr": "ফাবিআইয়ি আ-লাই রাব্বিকুমা- তুকাযযিবা-ন ।",
    "bn_haque": "অতএব তোমাদের প্রভুর কোন্ অনুগ্রহ তোমরা উভয়ে অস্বীকার করবে?",
    "bn_muhi": "অতএব, তোমরা উভয়ে তোমাদের পালনকর্তার কোন কোন অবদানকে অস্বীকার করবে?",
    "en": "So which of the favors of your Lord would you deny?"
  },
  {
    "id": 68,
    "ar": "فِيهِمَا فَٰكِهَةٌ وَنَخْلٌ وَرُمَّانٌ",
    "tr": "ফীহিমা-ফা-কিহাতুওঁ ওয়া নাখলুওঁ ওয়ারুম্মা-ন।",
    "bn_haque": "উভয়ের মধ্যে রয়েছে ফলমূল ও খেজুর ও ডালিম।",
    "bn_muhi": "তথায় আছে ফল-মূল, খর্জুর ও আনার।",
    "en": "In both of them are fruit and palm trees and pomegranates."
  },
  {
    "id": 69,
    "ar": "فَبِأَىِّ ءَالَآءِ رَبِّكُمَا تُكَذِّبَانِ",
    "tr": "ফাবিআইয়ি আ-লাই রাব্বিকুমা- তুকাযযিবা-ন ।",
    "bn_haque": "ফলে তোমাদের প্রভুর কোন্ অনুগ্রহ তোমরা উভয়ে অস্বীকার করবে?",
    "bn_muhi": "অতএব, তোমরা উভয়ে তোমাদের পালনকর্তার কোন কোন অবদানকে অস্বীকার করবে?",
    "en": "So which of the favors of your Lord would you deny?"
  },
  {
    "id": 70,
    "ar": "فِيهِنَّ خَيْرَٰتٌ حِسَانٌ",
    "tr": "ফীহিন্না খাইরা-তুন হিছা-ন।",
    "bn_haque": "সে দুটোতে রয়েছে সুশীলা সুন্দরীরা --",
    "bn_muhi": "সেখানে থাকবে সচ্চরিত্রা সুন্দরী রমণীগণ।",
    "en": "In them are good and beautiful women -"
  },
  {
    "id": 71,
    "ar": "فَبِأَىِّ ءَالَآءِ رَبِّكُمَا تُكَذِّبَانِ",
    "tr": "ফাবিআইয়ি আ-লাই রাব্বিকুমা- তুকাযযিবা-ন ।",
    "bn_haque": "সুতরাং তোমাদের প্রভুর কোন্ অনুগ্রহ তোমরা উভয়ে অস্বীকার করবে?",
    "bn_muhi": "অতএব, তোমরা উভয়ে তোমাদের পালনকর্তার কোন কোন অবদানকে অস্বীকার করবে?",
    "en": "So which of the favors of your Lord would you deny? -"
  },
  {
    "id": 72,
    "ar": "حُورٌ مَّقْصُورَٰتٌ فِى ٱلْخِيَامِ",
    "tr": "হূরুমমাকসূরা-তুন ফিল খিয়া-ম।",
    "bn_haque": "হূরগণ, -- তাঁবুর ভেতরে অন্তঃপুরবাসিনী।",
    "bn_muhi": "তাঁবুতে অবস্থানকারিণী হুরগণ।",
    "en": "Fair ones reserved in pavilions -"
  },
  {
    "id": 73,
    "ar": "فَبِأَىِّ ءَالَآءِ رَبِّكُمَا تُكَذِّبَانِ",
    "tr": "ফাবিআইয়ি আ-লাই রাব্বিকুমা- তুকাযযিবা-ন ।",
    "bn_haque": "সুতরাং তোমাদের প্রভুর কোন্ অনুগ্রহ তোমরা উভয়ে অস্বীকার করবে?",
    "bn_muhi": "অতএব, তোমরা উভয়ে তোমাদের পালনকর্তার কোন কোন অবদানকে অস্বীকার করবে?",
    "en": "So which of the favors of your Lord would you deny? -"
  },
  {
    "id": 74,
    "ar": "لَمْ يَطْمِثْهُنَّ إِنسٌ قَبْلَهُمْ وَلَا جَآنٌّ",
    "tr": "লাম ইয়াতমিছহুন্না ইনছুন কাবলাহুম ওয়ালা-জান।",
    "bn_haque": "এদের আগে কোনো মানুষ তাদের স্পর্শ করে নি, আর জিনও নয়।",
    "bn_muhi": "কোন জিন ও মানব পূর্বে তাদেরকে স্পর্শ করেনি।",
    "en": "Untouched before them by man or jinni -"
  },
  {
    "id": 75,
    "ar": "فَبِأَىِّ ءَالَآءِ رَبِّكُمَا تُكَذِّبَانِ",
    "tr": "ফাবিআইয়ি আ-লাই রাব্বিকুমা- তুকাযযিবা-ন ।",
    "bn_haque": "অতএব তোমাদের প্রভুর কোন্ অনুগ্রহ তোমরা উভয়ে অস্বীকার করবে?",
    "bn_muhi": "অতএব, তোমরা উভয়ে তোমাদের পালনকর্তার কোন কোন অবদানকে অস্বীকার করবে?",
    "en": "So which of the favors of your Lord would you deny? -"
  },
  {
    "id": 76,
    "ar": "مُتَّكِـِٔينَ عَلَىٰ رَفْرَفٍ خُضْرٍ وَعَبْقَرِىٍّ حِسَانٍ",
    "tr": "মুত্তাকিঈনা ‘আলা-রাফরাফিন খুদরিওঁ ওয়া ‘আবকারিইয়িন হিছা-ন।",
    "bn_haque": "তারা হেলান দিয়ে বসে থাকবে সবুজ তাকিয়াতে ও মনোরম গালিচার উপরে।",
    "bn_muhi": "তারা সবুজ মসনদে এবং উৎকৃষ্ট মূল্যবান বিছানায় হেলান দিয়ে বসবে।",
    "en": "Reclining on green cushions and beautiful fine carpets."
  },
  {
    "id": 77,
    "ar": "فَبِأَىِّ ءَالَآءِ رَبِّكُمَا تُكَذِّبَانِ",
    "tr": "ফাবিআইয়ি আ-লাই রাব্বিকুমা- তুকাযযিবা-ন ।",
    "bn_haque": "সুতরাং তোমাদের প্রভুর কোন্ অনুগ্রহ তোমরা উভয়ে অস্বীকার করবে?",
    "bn_muhi": "অতএব, তোমরা উভয়ে তোমাদের পালনকর্তার কোন কোন অবদানকে অস্বীকার করবে?",
    "en": "So which of the favors of your Lord would you deny?"
  },
  {
    "id": 78,
    "ar": "تَبَٰرَكَ ٱسْمُ رَبِّكَ ذِى ٱلْجَلَٰلِ وَٱلْإِكْرَامِ",
    "tr": "তাবা-রাকাছমুরাব্বিকা যিল জালা-লি ওয়াল ইকরা-ম।",
    "bn_haque": "কত কল্যাণময় তোমার প্রভুর নাম, তিনি অপার মহিমার ও বিপুল করুণার অধিকারী।",
    "bn_muhi": "কত পূণ্যময় আপনার পালনকর্তার নাম, যিনি মহিমাময় ও মহানুভব।",
    "en": "Blessed is the name of your Lord, Owner of Majesty and Honor."
  }
]