[
  {
    "id": 1,
    "ar": "ٱقْرَأْ بِٱسْمِ رَبِّكَ ٱلَّذِى خَلَقَ",
    "tr": "ইকরা বিছমি রাব্বিকাল্লাযী খালাক।",
    "bn_haque": "তুমি পড়ো তোমার প্রভুর নামে যিনি সৃষ্টি করেছেন, --",
    "bn_muhi": "পাঠ করুন আপনার পালনকর্তার নামে যিনি সৃষ্টি করেছেন",
    "en": "Recite in the name of your Lord who created -"
  },
  {
    "id": 2,
    "ar": "خَلَقَ ٱلْإِنسَٰنَ مِنْ عَلَقٍ",
    "tr": "খালাকাল ইনছা-না মিন ‘আলাক।",
    "bn_haque": "সৃষ্টি করেছেন মানুষকে এক রক্তপিন্ড থেকে।",
    "bn_muhi": "সৃষ্টি করেছেন মানুষকে জমাট রক্ত থেকে।",
    "en": "Created man from a clinging substance."
  },
  {
    "id": 3,
    "ar": "ٱقْرَأْ وَرَبُّكَ ٱلْأَكْرَمُ",
    "tr": "ইকরা’ ওয়া রাব্বুকাল আকরাম",
    "bn_haque": "পড়ো! আর তোমার প্রভু মহাসম্মানিত --",
    "bn_muhi": "পাঠ করুন, আপনার পালনকর্তা মহা দয়ালু,",
    "en": "Recite, and your Lord is the most Generous -"
  },
  {
    "id": 4,
    "ar": "ٱلَّذِى عَلَّمَ بِٱلْقَلَمِ",
    "tr": "অল্লাযী ‘আল্লামা বিলকালাম।",
    "bn_haque": "যিনি শিক্ষা দিয়েছেন কলমের মাধ্যমে,",
    "bn_muhi": "যিনি কলমের মাধ্যমে শিক্ষা দিয়েছেন,",
    "en": "Who taught by the pen -"
  },
  {
    "id": 5,
    "ar": "عَلَّمَ ٱلْإِنسَٰنَ مَا لَمْ يَعْلَمْ",
    "tr": "‘আল্লামাল ইনছা-না-মা-লাম ইয়া‘লাম।",
    "bn_haque": "শিক্ষা দিয়েছেন মানুষকে যা সে জানতোই না।",
    "bn_muhi": "শিক্ষা দিয়েছেন মানুষকে যা সে জানত না।",
    "en": "Taught man that which he knew not."
  },
  {
    "id": 6,
    "ar": "كَلَّآ إِنَّ ٱلْإِنسَٰنَ لَيَطْغَىٰٓ",
    "tr": "কাল্লাইন্নাল ইনছা-না লাইয়াতগা।",
    "bn_haque": "বস্তুতঃ মানুষ নিশ্চয়ই সীমালংঘন করেই থাকে।",
    "bn_muhi": "সত্যি সত্যি মানুষ সীমালংঘন করে,",
    "en": "No! [But] indeed, man transgresses"
  },
  {
    "id": 7,
    "ar": "أَن رَّءَاهُ ٱسْتَغْنَىٰٓ",
    "tr": "আররাআ-হুছ তাগনা-।",
    "bn_haque": "কারণ সে নিজেকে স্বয়ংসমৃদ্ধ দেখে।",
    "bn_muhi": "এ কারণে যে, সে নিজেকে অভাবমুক্ত মনে করে।",
    "en": "Because he sees himself self-sufficient."
  },
  {
    "id": 8,
    "ar": "إِنَّ إِلَىٰ رَبِّكَ ٱلرُّجْعَىٰٓ",
    "tr": "ইন্না ইলা-রাব্বিকার রুজ‘আ-।",
    "bn_haque": "নিশ্চয় তোমার প্রভুর কাছেই প্রত্যাবর্তন।",
    "bn_muhi": "নিশ্চয় আপনার পালনকর্তার দিকেই প্রত্যাবর্তন হবে।",
    "en": "Indeed, to your Lord is the return."
  },
  {
    "id": 9,
    "ar": "أَرَءَيْتَ ٱلَّذِى يَنْهَىٰ",
    "tr": "আরাআইতাল্লাযী ইয়ানহা-",
    "bn_haque": "তুমি কি তাকে দেখেছ যে বারণ করে --",
    "bn_muhi": "আপনি কি তাকে দেখেছেন, যে নিষেধ করে",
    "en": "Have you seen the one who forbids"
  },
  {
    "id": 10,
    "ar": "عَبْدًا إِذَا صَلَّىٰٓ",
    "tr": "‘আবদান ইযা-সাল্লা-।",
    "bn_haque": "একজন বান্দাকে যখন সে নামায পড়ে?",
    "bn_muhi": "এক বান্দাকে যখন সে নামায পড়ে?",
    "en": "A servant when he prays?"
  },
  {
    "id": 11,
    "ar": "أَرَءَيْتَ إِن كَانَ عَلَى ٱلْهُدَىٰٓ",
    "tr": "আরাআইতা ইন কা-না ‘আলাল হুদা।",
    "bn_haque": "তুমি কি লক্ষ্য করেছ -- সে সৎপথে রয়েছে কি না,",
    "bn_muhi": "আপনি কি দেখেছেন যদি সে সৎপথে থাকে।",
    "en": "Have you seen if he is upon guidance"
  },
  {
    "id": 12,
    "ar": "أَوْ أَمَرَ بِٱلتَّقْوَىٰٓ",
    "tr": "আও আমারা বিত্তাকাওয়া-।",
    "bn_haque": "অথবা ধর্মভীরুতা অবলন্বনের নির্দেশ দেয় কিনা?",
    "bn_muhi": "অথবা খোদাভীতি শিক্ষা দেয়।",
    "en": "Or enjoins righteousness?"
  },
  {
    "id": 13,
    "ar": "أَرَءَيْتَ إِن كَذَّبَ وَتَوَلَّىٰٓ",
    "tr": "আরাআইতা ইন কাযযাবা ওয়া তাওয়াল্লা-।",
    "bn_haque": "তুমি কি দেখেছ -- সে মিথ্যারোপ করছে ও ফিরে যাচ্ছে কি না?",
    "bn_muhi": "আপনি কি দেখেছেন, যদি সে মিথ্যারোপ করে ও মুখ ফিরিয়ে নেয়।",
    "en": "Have you seen if he denies and turns away -"
  },
  {
    "id": 14,
    "ar": "أَلَمْ يَعْلَم بِأَنَّ ٱللَّهَ يَرَىٰ",
    "tr": "আলাম ইয়া‘লাম বিআন্নাল্লা-হা ইয়ারা-।",
    "bn_haque": "সে কি জানে না যে আল্লাহ্ অবশ্যই দেখতে পাচ্ছেন?",
    "bn_muhi": "সে কি জানে না যে, আল্লাহ দেখেন?",
    "en": "Does he not know that Allah sees?"
  },
  {
    "id": 15,
    "ar": "كَلَّا لَئِن لَّمْ يَنتَهِ لَنَسْفَعًۢا بِٱلنَّاصِيَةِ",
    "tr": "কাল্লা-লাইল্লাম ইয়ানতাহি লানাছফা‘আম বিন্না-সিয়াহ।",
    "bn_haque": "না, যদি সে না থামে তবে আমরা নিশ্চয় টেনে ধরব কপালের চুলের গোছা --",
    "bn_muhi": "কখনই নয়, যদি সে বিরত না হয়, তবে আমি মস্তকের সামনের কেশগুচ্ছ ধরে হেঁচড়াবই-",
    "en": "No! If he does not desist, We will surely drag him by the forelock -"
  },
  {
    "id": 16,
    "ar": "نَاصِيَةٍ كَٰذِبَةٍ خَاطِئَةٍ",
    "tr": "না-সিয়াতিন কা-যিবাতিন খা-তিআহ।",
    "bn_haque": "মিথ্যাচারী পাপাচারী চুলের গোছা!",
    "bn_muhi": "মিথ্যাচারী, পাপীর কেশগুচ্ছ।",
    "en": "A lying, sinning forelock."
  },
  {
    "id": 17,
    "ar": "فَلْيَدْعُ نَادِيَهُۥ",
    "tr": "ফালইয়াদ‘উ নাদিয়াহ,",
    "bn_haque": "তাহলে সে ডাকুক তার সাঙ্গোপাঙ্গদের,",
    "bn_muhi": "অতএব, সে তার সভাসদদেরকে আহবান করুক।",
    "en": "Then let him call his associates;"
  },
  {
    "id": 18,
    "ar": "سَنَدْعُ ٱلزَّبَانِيَةَ",
    "tr": "ছানাদ‘উঝঝাবা-নিয়াহ।",
    "bn_haque": "আমরাও সঙ্গে সঙ্গে ডাকবো দুর্ধর্ষ বাহিনীকে।",
    "bn_muhi": "আমিও আহবান করব জাহান্নামের প্রহরীদেরকে",
    "en": "We will call the angels of Hell."
  },
  {
    "id": 19,
    "ar": "كَلَّا لَا تُطِعْهُ وَٱسْجُدْ وَٱقْتَرِب ۩",
    "tr": "কাল্লা- লা-তুতি‘হু ওয়াছজু দ ওয়াকতারিব (ছিজদাহ-১৪)।",
    "bn_haque": "না, তুমি তার আজ্ঞা পালন করো না, বরং তুমি সিজদা করো এবং নিকটবর্তী হও।",
    "bn_muhi": "কখনই নয়, আপনি তার আনুগত্য করবেন না। আপনি সেজদা করুন ও আমার নৈকট্য অর্জন করুন।",
    "en": "No! Do not obey him. But prostrate and draw near [to Allah ]."
  }
]