[
  {
    "id": 1,
    "ar": "لَآ أُقْسِمُ بِهَٰذَا ٱلْبَلَدِ",
    "tr": "লাউকছিমুবিহা-যাল বালাদ।",
    "bn_haque": "না, আমি শপথ করছি এই নগরের নামে,",
    "bn_muhi": "আমি এই নগরীর শপথ করি",
    "en": "I swear by this city, Makkah -"
  },
  {
    "id": 2,
    "ar": "وَأَنتَ حِلٌّۢ بِهَٰذَا ٱلْبَلَدِ",
    "tr": "ওয়া আনতা হিল্লুম বিহা-যাল বালাদ।",
    "bn_haque": "আর তুমি বৈধ থাকবে এই নগরীতে;",
    "bn_muhi": "এবং এই নগরীতে আপনার উপর কোন প্রতিবন্ধকতা নেই।",
    "en": "And you, [O Muhammad], are free of restriction in this city -"
  },
  {
    "id": 3,
    "ar": "وَوَالِدٍ وَمَا وَلَدَ",
    "tr": "ওয়া ওয়া-লিদিওঁ ওয়ামা-ওয়ালাদ।",
    "bn_haque": "আর জন্মদাতার, আর যাদের তিনি জন্ম দিয়েছেন।",
    "bn_muhi": "শপথ জনকের ও যা জন্ম দেয়।",
    "en": "And [by] the father and that which was born [of him],"
  },
  {
    "id": 4,
    "ar": "لَقَدْ خَلَقْنَا ٱلْإِنسَٰنَ فِى كَبَدٍ",
    "tr": "লাকাদ খালাকনাল ইনছা-না ফী কাবাদ।",
    "bn_haque": "আমরা নিশ্চয়ই মানুষকে সৃষ্টি করেছি শ্রমনির্ভর করে।",
    "bn_muhi": "নিশ্চয় আমি মানুষকে শ্রমনির্ভররূপে সৃষ্টি করেছি।",
    "en": "We have certainly created man into hardship."
  },
  {
    "id": 5,
    "ar": "أَيَحْسَبُ أَن لَّن يَقْدِرَ عَلَيْهِ أَحَدٌ",
    "tr": "ওয়া ইয়াহছাবুআল্লাইঁ ইয়াকদিরা ‘আলাইহি আহাদ।",
    "bn_haque": "সে কি ভাবে যে তার উপরে কেউ কোনো ক্ষমতা রাখতে পারে না?",
    "bn_muhi": "সে কি মনে করে যে, তার উপর কেউ ক্ষমতাবান হবে না ?",
    "en": "Does he think that never will anyone overcome him?"
  },
  {
    "id": 6,
    "ar": "يَقُولُ أَهْلَكْتُ مَالًا لُّبَدًا",
    "tr": "ইয়াকূ লুআহলাকতুমা-লাল লুবাদা-।",
    "bn_haque": "সে বলে -- \"আমি প্রচুর সম্পদ নিঃশেষ করেছি।\"",
    "bn_muhi": "সে বলেঃ আমি প্রচুর ধন-সম্পদ ব্যয় করেছি।",
    "en": "He says, \"I have spent wealth in abundance.\""
  },
  {
    "id": 7,
    "ar": "أَيَحْسَبُ أَن لَّمْ يَرَهُۥٓ أَحَدٌ",
    "tr": "আইয়াহছাবুআল্লাম ইয়ারাহূআহাদ।",
    "bn_haque": "সে কি ভাবে যে তাকে কেউ দেখতে পাবে না?",
    "bn_muhi": "সে কি মনে করে যে, তাকে কেউ দেখেনি?",
    "en": "Does he think that no one has seen him?"
  },
  {
    "id": 8,
    "ar": "أَلَمْ نَجْعَل لَّهُۥ عَيْنَيْنِ",
    "tr": "আলাম নাজ‘আল্লাহূ‘আইনাইন।",
    "bn_haque": "আমরা কি তার জন্য বানিয়ে দিই নি দুটি চোখ,",
    "bn_muhi": "আমি কি তাকে দেইনি চক্ষুদ্বয়,",
    "en": "Have We not made for him two eyes?"
  },
  {
    "id": 9,
    "ar": "وَلِسَانًا وَشَفَتَيْنِ",
    "tr": "ওয়া লিছা-নাওঁ ওয়া শাফাতাইন।",
    "bn_haque": "আর একটি জিহবা ও দুটি ঠোঁট,",
    "bn_muhi": "জিহবা ও ওষ্ঠদ্বয় ?",
    "en": "And a tongue and two lips?"
  },
  {
    "id": 10,
    "ar": "وَهَدَيْنَٰهُ ٱلنَّجْدَيْنِ",
    "tr": "ওয়া হাদাইনা-হুন্নাজদাঈন।",
    "bn_haque": "আর আমরা কি তাকে দুটি পথই দেখাই নি?",
    "bn_muhi": "বস্তুতঃ আমি তাকে দু’টি পথ প্রদর্শন করেছি।",
    "en": "And have shown him the two ways?"
  },
  {
    "id": 11,
    "ar": "فَلَا ٱقْتَحَمَ ٱلْعَقَبَةَ",
    "tr": "ফালাকতাহামাল ‘আকাবাহ।",
    "bn_haque": "কিন্ত সে ঊর্ধ্বগামী পথ ধরতে চায় নি।",
    "bn_muhi": "অতঃপর সে ধর্মের ঘাঁটিতে প্রবেশ করেনি।",
    "en": "But he has not broken through the difficult pass."
  },
  {
    "id": 12,
    "ar": "وَمَآ أَدْرَىٰكَ مَا ٱلْعَقَبَةُ",
    "tr": "ওয়ামাআদরা-কা মাল ‘আকাবাহ।",
    "bn_haque": "আর কেমন করে তোমাকে বোঝানো যাবে কী সেই ঊর্ধ্বগামী পথ?",
    "bn_muhi": "আপনি জানেন, সে ঘাঁটি কি?",
    "en": "And what can make you know what is [breaking through] the difficult pass?"
  },
  {
    "id": 13,
    "ar": "فَكُّ رَقَبَةٍ",
    "tr": "ফাক্কুরাকাবাহ ।",
    "bn_haque": "দাসকে মুক্তি দেওয়া,",
    "bn_muhi": "তা হচ্ছে দাসমুক্তি",
    "en": "It is the freeing of a slave"
  },
  {
    "id": 14,
    "ar": "أَوْ إِطْعَٰمٌ فِى يَوْمٍ ذِى مَسْغَبَةٍ",
    "tr": "আও ইত‘আ-মুন ফী ইয়াওমিন যী মাছগাবাহ ।",
    "bn_haque": "অথবা আকালের দিনে খাবার দেওয়া --",
    "bn_muhi": "অথবা দুর্ভিক্ষের দিনে অন্নদান।",
    "en": "Or feeding on a day of severe hunger"
  },
  {
    "id": 15,
    "ar": "يَتِيمًا ذَا مَقْرَبَةٍ",
    "tr": "ইয়াতীমান যা-মাকরাবাহ।",
    "bn_haque": "নিকট সম্পর্কের এতীমকে,",
    "bn_muhi": "এতীম আত্বীয়কে",
    "en": "An orphan of near relationship"
  },
  {
    "id": 16,
    "ar": "أَوْ مِسْكِينًا ذَا مَتْرَبَةٍ",
    "tr": "আও মিছকীনান যা-মাতরাবাহ।",
    "bn_haque": "অথবা ধুলোয় লুটানো নিঃস্বকে।",
    "bn_muhi": "অথবা ধুলি-ধুসরিত মিসকীনকে",
    "en": "Or a needy person in misery"
  },
  {
    "id": 17,
    "ar": "ثُمَّ كَانَ مِنَ ٱلَّذِينَ ءَامَنُوا۟ وَتَوَاصَوْا۟ بِٱلصَّبْرِ وَتَوَاصَوْا۟ بِٱلْمَرْحَمَةِ",
    "tr": "ছু ম্মা কা-না মিনাল্লাযীনা আ-মানূওয়াতাওয়া-সাও বিসসাবরি ওয়াতাওয়া-সাও বিল মারহামাহ।",
    "bn_haque": "তাহলে সে তাদের অন্তর্ভুক্ত যারা ঈমান এনেছে, আর পরস্পরকে অধ্যবসায় অবলন্বনে প্রচেষ্টা করে ও একে-অন্যে দয়া-দাক্ষিণ্যের প্রয়াস চালায়।",
    "bn_muhi": "অতঃপর তাদের অন্তর্ভুক্ত হওয়া, যারা ঈমান আনে এবং পরস্পরকে উপদেশ দেয় সবরের ও উপদেশ দেয় দয়ার।",
    "en": "And then being among those who believed and advised one another to patience and advised one another to compassion."
  },
  {
    "id": 18,
    "ar": "أُو۟لَٰٓئِكَ أَصْحَٰبُ ٱلْمَيْمَنَةِ",
    "tr": "উলাইকা আসহা-বুল মাইমানাহ।",
    "bn_haque": "এরাই হচ্ছে দক্ষিণপন্থীয়দের দলভুক্ত।",
    "bn_muhi": "তারাই সৌভাগ্যশালী।",
    "en": "Those are the companions of the right."
  },
  {
    "id": 19,
    "ar": "وَٱلَّذِينَ كَفَرُوا۟ بِـَٔايَٰتِنَا هُمْ أَصْحَٰبُ ٱلْمَشْـَٔمَةِ",
    "tr": "ওয়াল্লাযীনা কাফারূবিআ-য়া-তিনা-হুম আসহা-বুল মাশআমাহ।",
    "bn_haque": "আর যারা আমাদের বাণীসমূহে অবিশ্বাস পোষণ করে তারাই হচ্ছে বামপন্থীয়দের দলভুক্ত।",
    "bn_muhi": "আর যারা আমার আয়াতসমূহ অস্বীকার করে তারাই হতভাগা।",
    "en": "But they who disbelieved in Our signs - those are the companions of the left."
  },
  {
    "id": 20,
    "ar": "عَلَيْهِمْ نَارٌ مُّؤْصَدَةٌۢ",
    "tr": "‘আলাইহিম না-রুম মু’সাদাহ।",
    "bn_haque": "তাদের উপরে আগুন আচ্ছাদিত করে রইবে।",
    "bn_muhi": "তারা অগ্নিপরিবেষ্টিত অবস্থায় বন্দী থাকবে।",
    "en": "Over them will be fire closed in."
  }
]