[
  {
    "id": 1,
    "ar": "إِنَّآ أَنزَلْنَٰهُ فِى لَيْلَةِ ٱلْقَدْرِ",
    "tr": "ইন্নাআনঝালনা-হু ফী লাইলাতিল কাদর।",
    "bn_haque": "নিঃসন্দেহ আমরা এটি অবতারণ করেছি মহিমান্বিত রজনীতে।",
    "bn_muhi": "আমি একে নাযিল করেছি শবে-কদরে।",
    "en": "Indeed, We sent the Qur'an down during the Night of Decree."
  },
  {
    "id": 2,
    "ar": "وَمَآ أَدْرَىٰكَ مَا لَيْلَةُ ٱلْقَدْرِ",
    "tr": "ওয়ামাআদরা-কা-মা-লাইলাতুল কাদর।",
    "bn_haque": "আর কী তোমাকে বুঝতে দেবে মহিমান্বিত রজনীটি কি?",
    "bn_muhi": "শবে-কদর সমন্ধে আপনি কি জানেন?",
    "en": "And what can make you know what is the Night of Decree?"
  },
  {
    "id": 3,
    "ar": "لَيْلَةُ ٱلْقَدْرِ خَيْرٌ مِّنْ أَلْفِ شَهْرٍ",
    "tr": "লাইলাতুল কাদরি খাইরুম মিন আলফি শাহর।",
    "bn_haque": "মহিমান্বিত রজনী হচ্ছে হাজার মাসের চাইতেও শ্রেষ্ঠ।",
    "bn_muhi": "শবে-কদর হল এক হাজার মাস অপেক্ষা শ্রেষ্ঠ।",
    "en": "The Night of Decree is better than a thousand months."
  },
  {
    "id": 4,
    "ar": "تَنَزَّلُ ٱلْمَلَٰٓئِكَةُ وَٱلرُّوحُ فِيهَا بِإِذْنِ رَبِّهِم مِّن كُلِّ أَمْرٍ",
    "tr": "তানাঝঝালুল মালাইকাতুওয়াররুহু ফীহা-বিইযনি রাব্বিহিম  মিন কুল্লি আমর।",
    "bn_haque": "ফিরিশ্‌তাগণ ও রূহ্ তাতে অবতীর্ণ হয় তাদের প্রভুর অনুমতিক্রমে প্রতিটি ব্যাপার সন্বন্ধে --",
    "bn_muhi": "এতে প্রত্যেক কাজের জন্যে ফেরেশতাগণ ও রূহ অবতীর্ণ হয় তাদের পালনকর্তার নির্দেশক্রমে।",
    "en": "The angels and the Spirit descend therein by permission of their Lord for every matter."
  },
  {
    "id": 5,
    "ar": "سَلَٰمٌ هِىَ حَتَّىٰ مَطْلَعِ ٱلْفَجْرِ",
    "tr": "ছালা-মুন ( ϣ ϊ)হিয়া হাত্তা-মাতলা‘ইল ফাজর।",
    "bn_haque": "শান্তি -- ফজরের উদয় পর্যন্ত তা চলতে থাকবে।",
    "bn_muhi": "এটা নিরাপত্তা, যা ফজরের উদয় পর্যন্ত অব্যাহত থাকে।",
    "en": "Peace it is until the emergence of dawn."
  }
]