[
  {
    "id": 1,
    "ar": "سَبِّحِ ٱسْمَ رَبِّكَ ٱلْأَعْلَى",
    "tr": "ছাব্বিহিছমা রাব্বিকাল আ‘লা-।",
    "bn_haque": "মহিমা ঘোষণা করো তোমার সর্বোন্নত প্রভুর নামের, --",
    "bn_muhi": "আপনি আপনার মহান পালনকর্তার নামের পবিত্রতা বর্ণনা করুন",
    "en": "Exalt the name of your Lord, the Most High,"
  },
  {
    "id": 2,
    "ar": "ٱلَّذِى خَلَقَ فَسَوَّىٰ",
    "tr": "আল্লাযী খালাকা ফাছওওয়া-।",
    "bn_haque": "যিনি সৃষ্টি করেন, তারপর সুঠাম করেন,",
    "bn_muhi": "যিনি সৃষ্টি করেছেন ও সুবিন্যস্ত করেছেন।",
    "en": "Who created and proportioned"
  },
  {
    "id": 3,
    "ar": "وَٱلَّذِى قَدَّرَ فَهَدَىٰ",
    "tr": "ওয়াল্লাযী কাদ্দারা ফাহাদা-।",
    "bn_haque": "আর যিনি সুসমঞ্জস করেন, তারপর পথ দেখিয়ে নেন,",
    "bn_muhi": "এবং যিনি সুপরিমিত করেছেন ও পথ প্রদর্শন করেছেন",
    "en": "And Who destined and [then] guided"
  },
  {
    "id": 4,
    "ar": "وَٱلَّذِىٓ أَخْرَجَ ٱلْمَرْعَىٰ",
    "tr": "ওয়াল্লাযীআখরাজাল মার‘আ-।",
    "bn_haque": "আর যিনি তৃণলতা উদ্‌গত করেন,",
    "bn_muhi": "এবং যিনি তৃণাদি উৎপন্ন করেছেন,",
    "en": "And who brings out the pasture"
  },
  {
    "id": 5,
    "ar": "فَجَعَلَهُۥ غُثَآءً أَحْوَىٰ",
    "tr": "ফাজা‘আলাহূগুছাআন আহওয়া-।",
    "bn_haque": "তারপর তাকে শুকিয়ে পাঁশুটে বানিয়ে ফেলেন।",
    "bn_muhi": "অতঃপর করেছেন তাকে কাল আবর্জনা।",
    "en": "And [then] makes it black stubble."
  },
  {
    "id": 6,
    "ar": "سَنُقْرِئُكَ فَلَا تَنسَىٰٓ",
    "tr": "ছানুকরিউকা ফালা-তানছা-।",
    "bn_haque": "আমরা যথাশীঘ্র তোমাকে পড়াবো, ফলে তুমি ভুলবে না, --",
    "bn_muhi": "আমি আপনাকে পাঠ করাতে থাকব, ফলে আপনি বিস্মৃত হবেন না",
    "en": "We will make you recite, [O Muhammad], and you will not forget,"
  },
  {
    "id": 7,
    "ar": "إِلَّا مَا شَآءَ ٱللَّهُ إِنَّهُۥ يَعْلَمُ ٱلْجَهْرَ وَمَا يَخْفَىٰ",
    "tr": "ইল্লা-মা-শাআল্লা-হু ইন্নাহূইয়া‘লামুল জাহরা ওয়ামা-ইয়াখফা-।",
    "bn_haque": "শুধু যা-কিছু আল্লাহ্ ইচ্ছা করেন তা ব্যতীত। নিশ্চয় তিনি জানেন প্রকাশ্য এবং যা গুপ্ত রয়েছে।",
    "bn_muhi": "আল্লাহ যা ইচ্ছা করেন তা ব্যতীত। নিশ্চয় তিনি জানেন প্রকাশ্য ও গোপন বিষয়।",
    "en": "Except what Allah should will. Indeed, He knows what is declared and what is hidden."
  },
  {
    "id": 8,
    "ar": "وَنُيَسِّرُكَ لِلْيُسْرَىٰ",
    "tr": "ওয়া নুইয়াছছিরুকা লিল ইউছরা-।",
    "bn_haque": "আর আমরা তোমার জন্য সহজ করে দেব সহজকরনের জন্য।",
    "bn_muhi": "আমি আপনার জন্যে সহজ শরীয়ত সহজতর করে দেবো।",
    "en": "And We will ease you toward ease."
  },
  {
    "id": 9,
    "ar": "فَذَكِّرْ إِن نَّفَعَتِ ٱلذِّكْرَىٰ",
    "tr": "ফাযাক্কির ইন নাফা‘আতিযযিকরা-।",
    "bn_haque": "অতএব তুমি স্মরণ করিয়ে চলোচ নিশ্চয় স্মরণ করানোতে সুফল রয়েছে।",
    "bn_muhi": "উপদেশ ফলপ্রসূ হলে উপদেশ দান করুন,",
    "en": "So remind, if the reminder should benefit;"
  },
  {
    "id": 10,
    "ar": "سَيَذَّكَّرُ مَن يَخْشَىٰ",
    "tr": "ছাইয়াযযাক্কারু মাইঁ ইয়াখশা-।",
    "bn_haque": "যে ভয় করে সে যথাসত্বর উপদেশ গ্রহণ করবে,",
    "bn_muhi": "যে ভয় করে, সে উপদেশ গ্রহণ করবে,",
    "en": "He who fears [ Allah ] will be reminded."
  },
  {
    "id": 11,
    "ar": "وَيَتَجَنَّبُهَا ٱلْأَشْقَى",
    "tr": "ওয়া ইয়াতাজান্নাবুহাল আশকা-।",
    "bn_haque": "কিন্ত এটি এড়িয়ে চলবে নেহাত দুশ্চরিত্র, --",
    "bn_muhi": "আর যে, হতভাগা, সে তা উপেক্ষা করবে,",
    "en": "But the wretched one will avoid it -"
  },
  {
    "id": 12,
    "ar": "ٱلَّذِى يَصْلَى ٱلنَّارَ ٱلْكُبْرَىٰ",
    "tr": "আল্লাযী ইয়াসলান্না-রাল কুবরা-।",
    "bn_haque": "যে বিরাট আগুনে ঢোকে পড়বে,",
    "bn_muhi": "সে মহা-অগ্নিতে প্রবেশ করবে।",
    "en": "[He] who will [enter and] burn in the greatest Fire,"
  },
  {
    "id": 13,
    "ar": "ثُمَّ لَا يَمُوتُ فِيهَا وَلَا يَحْيَىٰ",
    "tr": "ছু ম্মা লা-ইয়ামূতুফীহা-ওয়ালা-ইয়াহইয়া-।",
    "bn_haque": "তখন সে সেখানে মরবে না, আর বাঁচবেও না।",
    "bn_muhi": "অতঃপর সেখানে সে মরবেও না, জীবিতও থাকবে না।",
    "en": "Neither dying therein nor living."
  },
  {
    "id": 14,
    "ar": "قَدْ أَفْلَحَ مَن تَزَكَّىٰ",
    "tr": "কাদ আফলাহা মান তাঝাকা-।",
    "bn_haque": "সে-ই যথার্থ সফলকাম হবে যে নিজেকে পবিত্র করেছে,",
    "bn_muhi": "নিশ্চয় সাফল্য লাভ করবে সে, যে শুদ্ধ হয়",
    "en": "He has certainly succeeded who purifies himself"
  },
  {
    "id": 15,
    "ar": "وَذَكَرَ ٱسْمَ رَبِّهِۦ فَصَلَّىٰ",
    "tr": "ওয়া যাকারাছমা রাব্বিহী ফাসাল্লা-।",
    "bn_haque": "এবং তার প্রভুর নাম স্মরণ করে, আর নামায পড়ে।",
    "bn_muhi": "এবং তার পালনকর্তার নাম স্মরণ করে, অতঃপর নামায আদায় করে।",
    "en": "And mentions the name of his Lord and prays."
  },
  {
    "id": 16,
    "ar": "بَلْ تُؤْثِرُونَ ٱلْحَيَوٰةَ ٱلدُّنْيَا",
    "tr": "বাল তু’ছিরূনাল হায়া-তাদ্দুনইয়া-।",
    "bn_haque": "না, তোমরা দুনিয়ার জীবনকে প্রাধান্য দাও,",
    "bn_muhi": "বস্তুতঃ তোমরা পার্থিব জীবনকে অগ্রাধিকার দাও,",
    "en": "But you prefer the worldly life,"
  },
  {
    "id": 17,
    "ar": "وَٱلْءَاخِرَةُ خَيْرٌ وَأَبْقَىٰٓ",
    "tr": "ওয়াল আ-খিরাতুখাইরুওঁ ওয়া আবকা-।",
    "bn_haque": "অথচ পরকালই বেশি ভাল ও দীর্ঘস্থায়ী।",
    "bn_muhi": "অথচ পরকালের জীবন উৎকৃষ্ট ও স্থায়ী।",
    "en": "While the Hereafter is better and more enduring."
  },
  {
    "id": 18,
    "ar": "إِنَّ هَٰذَا لَفِى ٱلصُّحُفِ ٱلْأُولَىٰ",
    "tr": "ইন্না হা-যা-লাফিসসুহুফিল উলা-।",
    "bn_haque": "নিঃসন্দেহ এইসব আছে পূর্ববর্তী ধর্মগ্রন্থে --",
    "bn_muhi": "এটা লিখিত রয়েছে পূর্ববতী কিতাবসমূহে;",
    "en": "Indeed, this is in the former scriptures,"
  },
  {
    "id": 19,
    "ar": "صُحُفِ إِبْرَٰهِيمَ وَمُوسَىٰ",
    "tr": "সুহুফি ইবরা-হীমা ওয়া মূছা।",
    "bn_haque": "ইব্রাহীম ও মূসার ধর্মগ্রন্থে।",
    "bn_muhi": "ইব্রাহীম ও মূসার কিতাবসমূহে।",
    "en": "The scriptures of Abraham and Moses."
  }
]