[
  {
    "id": 1,
    "ar": "الٓر كِتَٰبٌ أَنزَلْنَٰهُ إِلَيْكَ لِتُخْرِجَ ٱلنَّاسَ مِنَ ٱلظُّلُمَٰتِ إِلَى ٱلنُّورِ بِإِذْنِ رَبِّهِمْ إِلَىٰ صِرَٰطِ ٱلْعَزِيزِ ٱلْحَمِيدِ",
    "tr": "আলিফ লাম রা- কিতা-বুন আনঝালনা-হু ইলাইকা লিতুখরিজান্না-ছা মিনাজজু লুমাতি ইলাননূরি, বিইযনি রাব্বিহিম ইলা -সিরা-তিল ‘আঝীঝিল হামীদ।",
    "bn_haque": "আলিফ, লাম, রা। একখানা গ্রন্থ, আমরা তোমার কাছে এ অবতারণ করেছি যেন তুমি মানবগোষ্ঠিকে তাদের প্রভুর অনুমতিক্রমে অন্ধকার থেকে আলোকে বের করে আনতে পারো, -- মহাশক্তিশালী পরম প্রশংসার্হের পথে,",
    "bn_muhi": "আলিফ-লাম-রা; এটি একটি গ্রন্থ, যা আমি আপনার প্রতি নাযিল করেছি-যাতে আপনি মানুষকে অন্ধকার থেকে আলোর দিকে বের করে আনেন-পরাক্রান্ত, প্রশংসার যোগ্য পালনকর্তার নির্দেশে তাঁরই পথের দিকে।",
    "en": "Alif, Lam, Ra. [This is] a Book which We have revealed to you, [O Muhammad], that you might bring mankind out of darknesses into the light by permission of their Lord - to the path of the Exalted in Might, the Praiseworthy -"
  },
  {
    "id": 2,
    "ar": "ٱللَّهِ ٱلَّذِى لَهُۥ مَا فِى ٱلسَّمَٰوَٰتِ وَمَا فِى ٱلْأَرْضِ وَوَيْلٌ لِّلْكَٰفِرِينَ مِنْ عَذَابٍ شَدِيدٍ",
    "tr": "আল্লাহিল্লাযী লাহূমা-ফিছছামা-ওয়া-তি ওয়ামা-ফিল আরদি ওয়া ওয়াইলুলিলল কাফিরীনা মিন ‘আযা-বিন শাদীদ।",
    "bn_haque": "সেই আল্লাহ্‌, -- মহাকাশমন্ডলীতে যা-কিছু আছে আর যা-কিছু আছে পৃথিবীতে সে-সবটাই তাঁর। আর কি দুর্ভোগ অবিশ্বাসীদের জন্য কঠিন শাস্তির কারণে! --",
    "bn_muhi": "তিনি আল্লাহ; যিনি নভোমন্ডল ও ভূ-মন্ডলের সবকিছুর মালিক। কাফেরদের জন্যে বিপদ রয়েছে, কঠোর আযাব;",
    "en": "Allah, to whom belongs whatever is in the heavens and whatever is on the earth. And woe to the disbelievers from a severe punishment"
  },
  {
    "id": 3,
    "ar": "ٱلَّذِينَ يَسْتَحِبُّونَ ٱلْحَيَوٰةَ ٱلدُّنْيَا عَلَى ٱلْءَاخِرَةِ وَيَصُدُّونَ عَن سَبِيلِ ٱللَّهِ وَيَبْغُونَهَا عِوَجًا أُو۟لَٰٓئِكَ فِى ضَلَٰلٍۭ بَعِيدٍ",
    "tr": "আল্লাযীনা ইয়াছতাহিববূনাল হায়া-তাদদুনইয়া-‘আলাল আ-খিরাতি ওয়াইয়াসুদ্দূনা ‘আন ছাবীলিল্লা-হি ওয়া ইয়াবগূনাহা-‘ইওয়াজান উলাইকা ফী দালা-লিম বা‘ঈদ।",
    "bn_haque": "যারা পরকালের উপরি এই দুনিয়ার জীবনটাকেই বেশী ভালোবাসে, আর আল্লাহ্‌র পথ থেকে নিবৃত্ত করে, আর একে করতে চায় কুটিল। এরাই রয়েছে সুদূর-প্রসারিত ভ্রান্তিতে।",
    "bn_muhi": "যারা পরকালের চাইতে পার্থিব জীবনকে পছন্দ করে; আল্লাহর পথে বাধা দান করে এবং তাতে বক্রতা অন্বেষণ করে, তারা পথ ভুলে দূরে পড়ে আছে।",
    "en": "The ones who prefer the worldly life over the Hereafter and avert [people] from the way of Allah, seeking to make it (seem) deviant. Those are in extreme error."
  },
  {
    "id": 4,
    "ar": "وَمَآ أَرْسَلْنَا مِن رَّسُولٍ إِلَّا بِلِسَانِ قَوْمِهِۦ لِيُبَيِّنَ لَهُمْ فَيُضِلُّ ٱللَّهُ مَن يَشَآءُ وَيَهْدِى مَن يَشَآءُ وَهُوَ ٱلْعَزِيزُ ٱلْحَكِيمُ",
    "tr": "ওয়ামাআরছালনা-মির রাছূলিন ইল্লা-বিলিছা-নি কাওমিহী লিইউবাইয়িনা লাহুম ফাইউদিল্লুল্লা-হু মাইঁ ইয়াশাউ ওয়া ইয়াহদী মাইঁ ইয়াশাউ ওয়া-হুওয়াল ‘আঝীঝুল হাকীম।",
    "bn_haque": "আর আমরা এমন কোনো রসূলকে পাঠাইনি তাঁর স্বজাতির ভাষা ব্যতীত, যেন তাদের জন্য তিনি সুস্পষ্ট করতে পারেন। তারপর আল্লাহ্ পথভ্রষ্ট হতে দেন যাকে তিনি ইচ্ছে করেন, আর যাকে ইচ্ছে করেন সৎপথে চালান। আর তিনিই তো মহাশক্তিশালী, পরমজ্ঞানী।",
    "bn_muhi": "আমি সব পয়গম্বরকেই তাদের স্বজাতির ভাষাভাষী করেই প্রেরণ করেছি, যাতে তাদেরকে পরিষ্কার বোঝাতে পারে। অতঃপর আল্লাহ যাকে ইচ্ছা, পথঃভ্রষ্ট করেন এবং যাকে ইচ্ছা সৎপথ প্রদর্শন করেন। তিনি পরাক্রান্ত, প্রজ্ঞাময়।",
    "en": "And We did not send any messenger except [speaking] in the language of his people to state clearly for them, and Allah sends astray [thereby] whom He wills and guides whom He wills. And He is the Exalted in Might, the Wise."
  },
  {
    "id": 5,
    "ar": "وَلَقَدْ أَرْسَلْنَا مُوسَىٰ بِـَٔايَٰتِنَآ أَنْ أَخْرِجْ قَوْمَكَ مِنَ ٱلظُّلُمَٰتِ إِلَى ٱلنُّورِ وَذَكِّرْهُم بِأَيَّىٰمِ ٱللَّهِ إِنَّ فِى ذَٰلِكَ لَءَايَٰتٍ لِّكُلِّ صَبَّارٍ شَكُورٍ",
    "tr": "ওয়া লাকাদ আরছালনা-মূছা-বিআ-ইয়া-তিনাআন আখরিজ কাওমাকা মিনাজজু লুমাতি ইলাননূরি ওয়া যাককির হুম বিআইইয়া-মিল্লা-হি ইন্না ফী যা-লিকা লাআ-য়া-তিল লিকুল্লি সাব্বা-রিন শাকূর।",
    "bn_haque": "আর আমরা নিশ্চয়ই মূসাকে আমাদের নির্দেশাবলী দিয়ে পাঠিয়েছিলাম এই ব’লে -- \"তোমার সম্প্রদায়কে অন্ধকার থেকে আলোকে বের করে আনো, আর তাদের স্মরণ করিয়ে দাও আল্লাহ্‌র দিনগুলোর কথা।\" নিঃসন্দেহ এতে নিদর্শন রয়েছে প্রত্যেক অধ্যবসায়ী কৃতজ্ঞদের জন্য।",
    "bn_muhi": "আমি মূসাকে নিদর্শনাবলী সহ প্রেরণ করেছিলাম যে, স্বজাতিকে অন্ধকার থেকে আলোর দিকে আনয়ন এবং তাদেরকে আল্লাহর দিনসমূহ স্মরণ করান। নিশ্চয় এতে প্রত্যেক ধৈর্যশীল কৃতজ্ঞের জন্যে নিদর্শনাবলী রয়েছে।",
    "en": "And We certainly sent Moses with Our signs, [saying], \"Bring out your people from darknesses into the light and remind them of the days of Allah .\" Indeed in that are signs for everyone patient and grateful."
  },
  {
    "id": 6,
    "ar": "وَإِذْ قَالَ مُوسَىٰ لِقَوْمِهِ ٱذْكُرُوا۟ نِعْمَةَ ٱللَّهِ عَلَيْكُمْ إِذْ أَنجَىٰكُم مِّنْ ءَالِ فِرْعَوْنَ يَسُومُونَكُمْ سُوٓءَ ٱلْعَذَابِ وَيُذَبِّحُونَ أَبْنَآءَكُمْ وَيَسْتَحْيُونَ نِسَآءَكُمْ وَفِى ذَٰلِكُم بَلَآءٌ مِّن رَّبِّكُمْ عَظِيمٌ",
    "tr": "ওয়া ইয কা-লা মূছা-লিকাওমিহিযকুরূনি‘মাতাল্লা-হি ‘আলাইকুম ইযআনজা-কুম মিন আ-লি ফির‘আওনা ইয়াছূমূনাকুম ছুূআল ‘আযা-বি ওয়া ইউযাব্বিহূনা আবনাআকুম ওয়া ইয়াছতাহইউনা নিছাআকুম ; ওয়া ফী যা-লিকুম বালাউম মির রাব্বিকুম ‘আজীম।",
    "bn_haque": "আর স্মরণ করো! মূসা তাঁর সম্প্রদায়কে বললেন -- \"তোমাদের প্রতি আল্লাহ্‌র অনুগ্রহ স্মরণ করো -- যখন তিনি তোমাদের উদ্ধার করেছিলেন ফিরআউনের লোকদের কবল থেকে, যারা তোমাদের পীড়ন করতো কঠোর নিপীড়নে, আর হত্যা করতো তোমাদের পুত্রসন্তানদের ও বাঁচতে দিত তোমাদের নারীদের। আর তোমাদের জন্য এতে তোমাদের প্রভুর কাছ থেকে ছিল এক কঠোর সংকট।",
    "bn_muhi": "যখন মূসা স্বজাতিকে বললেনঃ তোমাদের প্রতি আল্লাহর অনুগ্রহ স্মরণ কর যখন তিনি তোমাদেরকে ফেরাউনের সম্প্রদায়ের কবল থেকে মুক্তি দেন। তারা তোমাদেরকে অত্যন্ত নিকৃষ্ট ধরনের শাস্তি দিত, তোমাদের ছেলেদেরকে হত্যা করত এবং তোমাদের মেয়েদেরকে জীবিত রাখত। এবং এতে তোমাদের পালনকর্তার পক্ষ থেকে বিরাট পরীক্ষা হয়েছিল।",
    "en": "And [recall, O Children of Israel], when Moses said to His people, \"Remember the favor of Allah upon you when He saved you from the people of Pharaoh, who were afflicting you with the worst torment and were slaughtering your [newborn] sons and keeping your females alive. And in that was a great trial from your Lord."
  },
  {
    "id": 7,
    "ar": "وَإِذْ تَأَذَّنَ رَبُّكُمْ لَئِن شَكَرْتُمْ لَأَزِيدَنَّكُمْ وَلَئِن كَفَرْتُمْ إِنَّ عَذَابِى لَشَدِيدٌ",
    "tr": "ওয়া ইয তাআযযানা রাব্বুকুম লাইন শাকারতুম লাআঝীদান্নাকুম ওয়া লাইন কাফারতুম ইন্না ‘আযা-বী লাশাদীদ ।",
    "bn_haque": "আর স্মরণ করো! তোমাদের প্রভু ঘোষণা করলেন -- \"তোমরা যদি কৃতজ্ঞতা প্রকাশ করো তাহলে আমি অবশ্যই তোমাদের বাড়িয়ে দেবো, কিন্তু তোমরা যদি অকৃতজ্ঞ হও তাহলে আমার শাস্তি নিশ্চয়ই সুকঠোর।",
    "bn_muhi": "যখন তোমাদের পালনকর্তা ঘোষণা করলেন যে, যদি কৃতজ্ঞতা স্বীকার কর, তবে তোমাদেরকে আরও দেব এবং যদি অকৃতজ্ঞ হও তবে নিশ্চয়ই আমার শাস্তি হবে কঠোর।",
    "en": "And [remember] when your Lord proclaimed, 'If you are grateful, I will surely increase you [in favor]; but if you deny, indeed, My punishment is severe.' \""
  },
  {
    "id": 8,
    "ar": "وَقَالَ مُوسَىٰٓ إِن تَكْفُرُوٓا۟ أَنتُمْ وَمَن فِى ٱلْأَرْضِ جَمِيعًا فَإِنَّ ٱللَّهَ لَغَنِىٌّ حَمِيدٌ",
    "tr": "ওয়া কা-লা মূছাইন তাকফুরূআনতুম ওয়া মান ফিল আরদি জামী‘আন ফাইন্নাল্লা-হা লাগানিইয়ুন হামীদ।",
    "bn_haque": "আর মূসা বলেছিলেন -- \"তোমরা যদি অকৃতজ্ঞ হও, তোমরা আর পৃথিবীতে যারা আছে সবাই, তাহলে নিঃসন্দেহ আল্লাহ্ তো অতি ধনবান, পরম প্রশংসার্হ।\"",
    "bn_muhi": "এবং মূসা বললেনঃ তোমরা এবং পৃথিবীর সবাই যদি কুফরী কর, তথাপি আল্লাহ অমুখাপেক্ষী, যাবতীয় গুনের আধার।",
    "en": "And Moses said, \"If you should disbelieve, you and whoever is on the earth entirely - indeed, Allah is Free of need and Praiseworthy.\""
  },
  {
    "id": 9,
    "ar": "أَلَمْ يَأْتِكُمْ نَبَؤُا۟ ٱلَّذِينَ مِن قَبْلِكُمْ قَوْمِ نُوحٍ وَعَادٍ وَثَمُودَ وَٱلَّذِينَ مِنۢ بَعْدِهِمْ لَا يَعْلَمُهُمْ إِلَّا ٱللَّهُ جَآءَتْهُمْ رُسُلُهُم بِٱلْبَيِّنَٰتِ فَرَدُّوٓا۟ أَيْدِيَهُمْ فِىٓ أَفْوَٰهِهِمْ وَقَالُوٓا۟ إِنَّا كَفَرْنَا بِمَآ أُرْسِلْتُم بِهِۦ وَإِنَّا لَفِى شَكٍّ مِّمَّا تَدْعُونَنَآ إِلَيْهِ مُرِيبٍ",
    "tr": "আলাম ইয়া’তিকুম নাবাউল্লাযীনা মিন কাবলিকুম কাওমি নূহিওঁ ওয়া ‘আ-দিওঁ ওয়া ছামূদা ওয়াল্লাযীনা মিম বা‘দিহিম লা-ইয়া‘লামুহুম ইল্লাল্লা-হুজাআতহুম রুছুলূহুম বিলবাইয়িনা-তি ফারাদ্দুআইদিইয়াহুম ফীআফওয়া-হিহিম ওয়াকা-লূইন্না-কাফারনা-বিমাউরছিলতুম বিহী ওয়া ইন্না-লাফী শাক্কিম মিম্মা-তাদ‘ঊনানাইলাইহি মুরীব।",
    "bn_haque": "তোমাদের নিকট কি পৌঁছেনি তোমাদের পূর্বে যারা ছিল তাদের ইতিহাস -- নূহ্ ও 'আদ ও ছামূদের সম্প্রদায়ের আর যারা ওদের পরে ছিল? আল্লাহ্ ছাড়া অন্য কেউ তাদের জানে না। তাদের রসূলগণ তাদের কাছে এসেছিলেন স্পষ্ট প্রমাণাবলী নিয়ে, কিন্তু তারা তাদের হাত দিয়েছিল তাদের মুখের ভেতরে, আর তারা বলেছিল, \"আমরা অবশ্যই অবিশ্বাস করি যা নিয়ে তোমরা প্রেরিত হয়েছ, আর আমরা তো নিশ্চয়ই সন্দেহের মধ্যে রয়েছি যার দিকে তোমরা আমাদের ডাকছ সে-সন্বন্ধে, কিংকর্তব্যবিমূঢ়।\"",
    "bn_muhi": "তোমাদের কাছে কি তোমাদের পূর্ববর্তী কওমে নূহ, আদ ও সামুদের এবং তাদের পরবর্তীদের খবর পৌছেনি? তাদের বিষয়ে আল্লাহ ছাড়া আর কেউ জানে না। তাদের কাছে তাদের পয়গম্বর প্রমানাদি নিয়ে আগমন করেন। অতঃপর তারা নিজেদের হাত নিজেদের মুখে রেখে দিয়েছে এবং বলেছে, যা কিছু সহ তোমাদেরকে প্রেরণ করা হয়েছে, আমরা তা মানি না এবং যে পথের দিকে তোমরা আমাদেরকে দাওয়াত দাও, সে সম্পর্কে আমাদের মনে সন্দেহ আছে, যা আমাদেরকে উৎকন্ঠায় ফেলে রেখেছে।",
    "en": "Has there not reached you the news of those before you - the people of Noah and 'Aad and Thamud and those after them? No one knows them but Allah . Their messengers brought them clear proofs, but they returned their hands to their mouths and said, \"Indeed, we disbelieve in that with which you have been sent, and indeed we are, about that to which you invite us, in disquieting doubt.\""
  },
  {
    "id": 10,
    "ar": "قَالَتْ رُسُلُهُمْ أَفِى ٱللَّهِ شَكٌّ فَاطِرِ ٱلسَّمَٰوَٰتِ وَٱلْأَرْضِ يَدْعُوكُمْ لِيَغْفِرَ لَكُم مِّن ذُنُوبِكُمْ وَيُؤَخِّرَكُمْ إِلَىٰٓ أَجَلٍ مُّسَمًّى قَالُوٓا۟ إِنْ أَنتُمْ إِلَّا بَشَرٌ مِّثْلُنَا تُرِيدُونَ أَن تَصُدُّونَا عَمَّا كَانَ يَعْبُدُ ءَابَآؤُنَا فَأْتُونَا بِسُلْطَٰنٍ مُّبِينٍ",
    "tr": "কা-লাত রুছুলুহুম আফিল্লা-হি শাক্কন ফা-তিরিছছামা-ওয়া-তি ওয়াল আরদি ইয়াদ‘ঊকুম লিইয়াগফিরা লাকুম মিন যু নূবিকুম ওয়া ইউআখখিরাকুম ইলা আজালিম মুছাম্মান কা-লূইন আনতুম ইল্লা-বাশারুম মিছলুনা- তুরীদূ না আন তাসুদ্দূনা ‘আম্মা-কানা ইয়া‘বুদুআ-বাউনা-ফা’তূনা বিছুলতা-নিম মুবীন।",
    "bn_haque": "তাদের রসূলগণ বলেছিলেন, \"আল্লাহ্ সন্বন্ধে কি কোনো সন্দেহ আছে, -- মহাকাশমন্ডলী ও পৃথিবীর আদি স্রষ্টা? তিনি তোমাদের আহ্বান করছেন তোমাদের দোষত্রুটি থেকে তোমাদের পরিত্রাণ করতে, আর এক নির্দিষ্টকাল পর্যন্ত তোমাদের অব্যাহতি দিতে।\" তারা বললে, \"তোমরা তো আমাদের ন্যায় মানুষ বই নও। তোমরা চাচ্ছ আমাদের বিরত রাখতে আমাদের পিতৃপুরুষরা যার উপাসনা করত তা থেকে! অতএব তোমরা আমাদের কাছে কোনো সুস্পষ্ট প্রমাণ নিয়ে এসো।\"",
    "bn_muhi": "তাদের পয়গম্বরগণ বলেছিলেনঃ আল্লাহ সম্পর্কে কি সন্দেহ আছে, যিনি নভোমন্ডল ও ভুমন্ডলের স্রষ্টা? তিনি তোমাদেরকে আহবান করেন যাতে তোমাদের কিছু গুনাহ ক্ষমা করেন এবং নির্দিষ্ট মেয়াদ পর্যন্ত তোমাদের সময় দেন। তারা বলতঃ তোমরা তো আমাদের মতই মানুষ! তোমরা আমাদেরকে ঐ উপাস্য থেকে বিরত রাখতে চাও, যার এবাদত আমাদের পিতৃপুরুষগণ করত। অতএব তোমরা কোন সুস্পষ্ট প্রমাণ আনয়ন কর।",
    "en": "Their messengers said, \"Can there be doubt about Allah, Creator of the heavens and earth? He invites you that He may forgive you of your sins, and He delays your death for a specified term.\" They said, \"You are not but men like us who wish to avert us from what our fathers were worshipping. So bring us a clear authority.\""
  },
  {
    "id": 11,
    "ar": "قَالَتْ لَهُمْ رُسُلُهُمْ إِن نَّحْنُ إِلَّا بَشَرٌ مِّثْلُكُمْ وَلَٰكِنَّ ٱللَّهَ يَمُنُّ عَلَىٰ مَن يَشَآءُ مِنْ عِبَادِهِۦ وَمَا كَانَ لَنَآ أَن نَّأْتِيَكُم بِسُلْطَٰنٍ إِلَّا بِإِذْنِ ٱللَّهِ وَعَلَى ٱللَّهِ فَلْيَتَوَكَّلِ ٱلْمُؤْمِنُونَ",
    "tr": "কা-লাত লাহুম রুছুলুহুম ইন নাহনুইল্লা-বাশারুম মিছলুকুম ওয়ালা-কিন্নাল্লা-হা ইয়ামুন্নু ‘আলা-মাইঁ ইয়াশাউ মিন ‘ইবা-দিহী ওয়ামা-কা-না লানাআন না’তিয়াকুম বিছুলতা-নিন ইল্লা-বিইযনিল্লা -হি ওয়া ‘আলাল্লা-হি ফালইয়াতাওয়াক্কালিল মু’মিনূন।",
    "bn_haque": "তাদের রসূলগণ তাদের বলেছিলেন, \"সত্য বটে আমরা তোমাদের মতো মানুষ বই তো নই, কিন্তু আল্লাহ্ তাঁর বান্দাদের মধ্যে থেকে যাকে ইচ্ছে করেন তার প্রতি অনুগ্রহ বর্ষণ করেন। আর আমাদের জন্য এটি নয় যে আল্লাহ্‌র অনুমতি ব্যতীত তোমাদের কাছে কোনো প্রমাণ নিয়ে আসব। অতএব আল্লাহ্‌র উপরেই তবে মুমিনরা নির্ভর করুক।",
    "bn_muhi": "তাদের পয়গম্বর তাদেরকে বলেনঃ আমারাও তোমাদের মত মানুষ, কিন্তু আল্লাহ বান্দাদের মধ্য থেকে যার উপরে ইচ্ছা, অনুগ্রহ করেন। আল্লাহর নির্দেশ ব্যতীত তোমাদের কাছে প্রমাণ নিয়ে আসা আমাদের কাজ নয়; ঈমানদারদের আল্লাহর উপর ভরসা করা চাই।",
    "en": "Their messengers said to them, \"We are only men like you, but Allah confers favor upon whom He wills of His servants. It has never been for us to bring you evidence except by permission of Allah . And upon Allah let the believers rely."
  },
  {
    "id": 12,
    "ar": "وَمَا لَنَآ أَلَّا نَتَوَكَّلَ عَلَى ٱللَّهِ وَقَدْ هَدَىٰنَا سُبُلَنَا وَلَنَصْبِرَنَّ عَلَىٰ مَآ ءَاذَيْتُمُونَا وَعَلَى ٱللَّهِ فَلْيَتَوَكَّلِ ٱلْمُتَوَكِّلُونَ",
    "tr": "ওয়ামা-লানাআল্লা-নাতাওয়াক্কাল ‘আলাল্লা-হি ওয়া কাদ হাদা-না-ছুবুলানা- ওয়া লানাসবিরান্না ‘আলা-মাআ-যাইতুমূনা- ওয়া ‘আলাল্লা-হি ফালইয়াতাওয়াক্কালিল মুতাওয়াক্কিলূন।",
    "bn_haque": "আর আমাদের কি কারণ থাকতে পারে যে আমরা আল্লাহ্‌র উপরে নির্ভর করব না, অথচ তিনিই তো আমাদের চালিত করেছেন আমাদের পথে? আর আমরা নিশ্চয়ই অধ্যবসায় অবলন্বন করব তোমরা আমাদের যা ক্লেশ দিচ্ছ তা সত্ত্বেও। আর আল্লাহ্‌র উপরেই তবে নির্ভর করুক নির্ভরকারীরা।",
    "bn_muhi": "আমাদের আল্লাহর উপর ভরসা না করার কি কারণ থাকতে পারে, অথচ তিনি আমাদেরকে আমাদের পথ বলে দিয়েছেন। তোমরা আমাদেরকে যে পীড়ন করেছ, তজ্জন্যে আমরা সবর করব। ভরসাকারিগণের আল্লাহর উপরই ভরসা করা উচিত।",
    "en": "And why should we not rely upon Allah while He has guided us to our [good] ways. And we will surely be patient against whatever harm you should cause us. And upon Allah let those who would rely [indeed] rely.\""
  },
  {
    "id": 13,
    "ar": "وَقَالَ ٱلَّذِينَ كَفَرُوا۟ لِرُسُلِهِمْ لَنُخْرِجَنَّكُم مِّنْ أَرْضِنَآ أَوْ لَتَعُودُنَّ فِى مِلَّتِنَا فَأَوْحَىٰٓ إِلَيْهِمْ رَبُّهُمْ لَنُهْلِكَنَّ ٱلظَّٰلِمِينَ",
    "tr": "ওয়া কা-লাল্লাযীনা কাফারূ লিরুছুলিহিম লানুখরিজান্নাকুম মিন আর দিনাআও লাতা‘ঊদুন্না ফী মিল্লাতিনা- ফাআওহাইলাইহিম রাব্বুহুম লানুহলিকান্নাজ্জা-লিমীন।",
    "bn_haque": "আর যারা অবিশ্বাস পোষণ করে তারা তাদের রসূলগণকে বলেছিল -- \"আমাদের দেশ থেকে আমরা নিশ্চয়ই তোমাদের বের করে দেবো, অথবা আমাদের ধর্মমতে তোমাদের ফিরে আসতেই হবে।\" তখন তাঁদের প্রভু তাঁদের কাছে প্রত্যাদেশ দিয়েছিলেন -- \"আমরা নিশ্চয়ই অন্যায়কারীদের বিধ্বস্ত করব,",
    "bn_muhi": "কাফেররা পয়গম্বরগণকে বলেছিলঃ আমরা তোমাদেরকে দেশ থেকে বের করে দেব অথবা তোমরা আমাদের ধর্মে ফিরে আসবে। তখন তাদের কাছে তাদের পালনকর্তা ওহী প্রেরণ করলেন যে, আমি জালিমদেরকে অবশ্যই ধ্বংস করে দেব।",
    "en": "And those who disbelieved said to their messengers, \"We will surely drive you out of our land, or you must return to our religion.\" So their Lord inspired to them, \"We will surely destroy the wrongdoers."
  },
  {
    "id": 14,
    "ar": "وَلَنُسْكِنَنَّكُمُ ٱلْأَرْضَ مِنۢ بَعْدِهِمْ ذَٰلِكَ لِمَنْ خَافَ مَقَامِى وَخَافَ وَعِيدِ",
    "tr": "ওয়া লানুছকিনান্নাকুমুল আরদা মিম বা‘দিহিম যা-লিকা লিমান খা-ফা মাকা-মী ওয়া খা-ফা ওয়া ‘ঈদ।",
    "bn_haque": "আর তাদের পরে আমরা দেশে অবশ্যই তোমাদের প্রতিষ্ঠিত করব। এটি তার জন্য যে ভয় করে আমার সামনে দাঁড়াতে, এবং ভয় করে আমার শাস্তির।",
    "bn_muhi": "তাদের পর তোমাদেরকে দেশে আবাদ করব। এটা ঐ ব্যক্তি পায়, যে আমার সামনে দন্ডায়মান হওয়াকে এবং আমার আযাবের ওয়াদাকে ভয় করে।",
    "en": "And We will surely cause you to dwell in the land after them. That is for he who fears My position and fears My threat.\""
  },
  {
    "id": 15,
    "ar": "وَٱسْتَفْتَحُوا۟ وَخَابَ كُلُّ جَبَّارٍ عَنِيدٍ",
    "tr": "ওয়াছতাফতাহূওয়াখা-বা কুল্লুজাব্বা-রিন ‘আনীদ।",
    "bn_haque": "আর তারা বিজয়কামনা করেছিল, আর প্রত্যেক দুরাচারী বিরুদ্ধাচারী ব্যর্থ মনোরথ হল।",
    "bn_muhi": "পয়গম্বরগণ ফয়সালা চাইতে লাগলেন এবং প্রত্যেক অবাধ্য, হঠকারী ব্যর্থ কাম হল।",
    "en": "And they requested victory from Allah, and disappointed, [therefore], was every obstinate tyrant."
  },
  {
    "id": 16,
    "ar": "مِّن وَرَآئِهِۦ جَهَنَّمُ وَيُسْقَىٰ مِن مَّآءٍ صَدِيدٍ",
    "tr": "মিওঁ ওয়ারাইহী জাহান্নামুওয়া ইউছকা-মিম মাইন সাদীদ ।",
    "bn_haque": "তার সামনে রয়েছে জাহান্নাম, আর তাকে পান করানো হবে নোংরা-পচা জল।",
    "bn_muhi": "তার পেছনে দোযখ রয়েছে। তাতে পূঁজ মিশানো পানি পান করানো হবে।",
    "en": "Before him is Hell, and he will be given a drink of purulent water."
  },
  {
    "id": 17,
    "ar": "يَتَجَرَّعُهُۥ وَلَا يَكَادُ يُسِيغُهُۥ وَيَأْتِيهِ ٱلْمَوْتُ مِن كُلِّ مَكَانٍ وَمَا هُوَ بِمَيِّتٍ وَمِن وَرَآئِهِۦ عَذَابٌ غَلِيظٌ",
    "tr": "ইয়াতাজাররা‘উহূওয়ালা-ইয়া-কা-দূইউছীগুহূওয়া ইয়া’তীহিল মাওতুমিন কুল্লি মাকা-নিওঁ ওয়ামা-হুওয়া বিমাইয়িতিওঁ ওয়ামিওঁ ওয়ারাইহী ‘আযা-বুন গালীজ।",
    "bn_haque": "সে তা চুমুক দিয়ে পান করবে, আর সে তা সহজে গলাধঃকরণ করতে পারবে না, আর মরণ যন্ত্রণা তার কাছে আসবে সব দিক থেকে, কিন্তু সে মরবে না। আর তার সামনে রয়েছে কড়া শাস্তি।",
    "bn_muhi": "ঢোক গিলে তা পান করবে। এবং গলার ভিতরে প্রবেশ করতে পারবে না। প্রতি দিক থেকে তার কাছে মৃত্যু আগমন করবে এবং সে মরবে না। তার পশ্চাতেও রয়েছে কঠোর আযাব।",
    "en": "He will gulp it but will hardly [be able to] swallow it. And death will come to him from everywhere, but he is not to die. And before him is a massive punishment."
  },
  {
    "id": 18,
    "ar": "مَّثَلُ ٱلَّذِينَ كَفَرُوا۟ بِرَبِّهِمْ أَعْمَٰلُهُمْ كَرَمَادٍ ٱشْتَدَّتْ بِهِ ٱلرِّيحُ فِى يَوْمٍ عَاصِفٍ لَّا يَقْدِرُونَ مِمَّا كَسَبُوا۟ عَلَىٰ شَىْءٍ ذَٰلِكَ هُوَ ٱلضَّلَٰلُ ٱلْبَعِيدُ",
    "tr": "মাছালুল্লাযীনা কাফারু বিরাব্বিহিম আ‘মা-লুহুম কারামা-দিনিশতাদ্দাত বিহির রীহুফী ইয়াওমিন ‘আ-সিফিল লা-ইয়াকদিরূনা মিম্মা-কাছাবূ‘আলা-শাইইন যা-লিকা হুওয়াদ্দালা-লুল বা‘ঈদ।",
    "bn_haque": "যারা তাদের প্রভুকে অস্বীকার করে তাদের উপমা হচ্ছে -- তাদের ক্রিয়াকর্ম ছাইয়ের মতো, যার উপর দিয়ে বয়ে চলে ঝড়- তুফানের দিনের ঝড়ো বাতাস। তারা যা অর্জন করেছে তার কিছুরই উপরে তারা কোনো ক্ষমতা রাখতে পারবে না। এইটি হচ্ছে সুদূর প্রসারিত বিভ্রান্তি।",
    "bn_muhi": "যারা স্বীয় পালনকর্তার সত্তার অবিশ্বাসী তাদের অবস্থা এই যে, তাদের কর্মসমূহ ছাইভস্মের মত যার উপর দিয়ে প্রবল বাতাস বয়ে যায় ধূলিঝড়ের দিন। তাদের উপার্জনের কোন অংশই তাদের করতলগত হবে না। এটাই দুরবর্তী পথভ্রষ্টতা।",
    "en": "The example of those who disbelieve in their Lord is [that] their deeds are like ashes which the wind blows forcefully on a stormy day; they are unable [to keep] from what they earned a [single] thing. That is what is extreme error."
  },
  {
    "id": 19,
    "ar": "أَلَمْ تَرَ أَنَّ ٱللَّهَ خَلَقَ ٱلسَّمَٰوَٰتِ وَٱلْأَرْضَ بِٱلْحَقِّ إِن يَشَأْ يُذْهِبْكُمْ وَيَأْتِ بِخَلْقٍ جَدِيدٍ",
    "tr": "আলাম তারা আন্নাল্লা-হা খালাকাছছামা-ওয়া-তি ওয়াল আরদা বিল হাক্কি ইয়ঁইয়াশা’ ইউযহিবকুম ওয়া ইয়া’তি বিখালকিন জাদীদ ।",
    "bn_haque": "তোমরা কি দেখ না যে আল্লাহ্ মহাকাশমন্ডল ও পৃথিবী সৃষ্টি করেছেন সত্যের সাথে? তিনি যদি চান তাহলে তোমাদের সরিয়ে দিতে পারেন এবং এক নতুন সৃষ্টি আনয়ন করবেন,",
    "bn_muhi": "তুমি কি দেখনি যে, আল্লাহ নভোমন্ডল ও ভুমন্ডল যথাবিধি সৃষ্টি করেছেন? যদি তিনি ইচ্ছা করেন, তবে তোমাদেরকে বিলুপ্তিতে নিয়ে যাবেন এবং নতুন সৃষ্টি আনয়ন করবেন।",
    "en": "Have you not seen that Allah created the heavens and the earth in truth? If He wills, He can do away with you and produce a new creation."
  },
  {
    "id": 20,
    "ar": "وَمَا ذَٰلِكَ عَلَى ٱللَّهِ بِعَزِيزٍ",
    "tr": "ওয়ামা-যা-লিকা ‘আলাল্লা-হি বি’আঝীঝ।",
    "bn_haque": "আর এটি আল্লাহ্‌র জন্যে কঠিন নয়।",
    "bn_muhi": "এটা আল্লাহর পক্ষে মোটেই কঠিন নয়।",
    "en": "And that is not difficult for Allah ."
  },
  {
    "id": 21,
    "ar": "وَبَرَزُوا۟ لِلَّهِ جَمِيعًا فَقَالَ ٱلضُّعَفَٰٓؤُا۟ لِلَّذِينَ ٱسْتَكْبَرُوٓا۟ إِنَّا كُنَّا لَكُمْ تَبَعًا فَهَلْ أَنتُم مُّغْنُونَ عَنَّا مِنْ عَذَابِ ٱللَّهِ مِن شَىْءٍ قَالُوا۟ لَوْ هَدَىٰنَا ٱللَّهُ لَهَدَيْنَٰكُمْ سَوَآءٌ عَلَيْنَآ أَجَزِعْنَآ أَمْ صَبَرْنَا مَا لَنَا مِن مَّحِيصٍ",
    "tr": "ওয়া বারাঝূ লিল্লা-হি জামী‘আন ফাকালাদদু‘আফাউলিল্লাযীনাছ তাকাবারূইন্না-কুন্নালাকুম তাবা‘আন ফাহাল আনতুম মুগনূনা ‘আন্না-মিন ‘আযা-বিল্লা-হি মিন শাইইন কা-লূ লাও হাদা-নাল্লা-হু লাহাদাইনা-কুম ছাওয়াউন ‘আলাইনাআজাঝি‘না আম সাবারনা-মালানা-মিম মাহীস।",
    "bn_haque": "আর তারা সবাই আসবে আল্লাহ্‌র সামনে, তখন দুর্বলেরা বলবে যারা অহংকার করত তাদের -- \"আমরা তো নিশ্চয়ই তোমাদের অনুগামী ছিলাম, সুতরাং আল্লাহ্‌র শাস্তি থেকে কিছুটা আমাদের থেকে তোমরা সরিয়ে নিতে পার কি?\" তারা বলবে -- \"আল্লাহ্ যদি আমাদের সৎপথে চালিত করতেন তবে আমরাও তোমাদের সৎপথে চালিত করতাম। আমরা অসহিষ্ণুতা দেখাই বা ধৈর্যধারণ করি আমাদের জন্য সবই সমান, আমাদের জন্য কোনো নিষ্কৃতি নেই।\"",
    "bn_muhi": "সবাই আল্লাহর সামনে দন্ডায়মান হবে এবং দুর্বলেরা বড়দেরকে বলবেঃ আমরা তো তোমাদের অনুসারী ছিলাম-অতএব, তোমরা আল্লাহর আযাব থেকে আমাদেরকে কিছুমাত্র রক্ষা করবে কি? তারা বলবেঃ যদি আল্লাহ আমাদেরকে সৎপথ দেখাতেন, তবে আমরা অবশ্যই তোমাদের কে সৎপথ দেখাতাম। এখন তো আমাদের ধৈর্য্যচ্যুত হই কিংবা সবর করি-সবই আমাদের জন্যে সমান আমাদের রেহাই নেই।",
    "en": "And they will come out [for judgement] before Allah all together, and the weak will say to those who were arrogant, \"Indeed, we were your followers, so can you avail us anything against the punishment of Allah ?\" They will say, \"If Allah had guided us, we would have guided you. It is all the same for us whether we show intolerance or are patient: there is for us no place of escape.\""
  },
  {
    "id": 22,
    "ar": "وَقَالَ ٱلشَّيْطَٰنُ لَمَّا قُضِىَ ٱلْأَمْرُ إِنَّ ٱللَّهَ وَعَدَكُمْ وَعْدَ ٱلْحَقِّ وَوَعَدتُّكُمْ فَأَخْلَفْتُكُمْ وَمَا كَانَ لِىَ عَلَيْكُم مِّن سُلْطَٰنٍ إِلَّآ أَن دَعَوْتُكُمْ فَٱسْتَجَبْتُمْ لِى فَلَا تَلُومُونِى وَلُومُوٓا۟ أَنفُسَكُم مَّآ أَنَا۠ بِمُصْرِخِكُمْ وَمَآ أَنتُم بِمُصْرِخِىَّ إِنِّى كَفَرْتُ بِمَآ أَشْرَكْتُمُونِ مِن قَبْلُ إِنَّ ٱلظَّٰلِمِينَ لَهُمْ عَذَابٌ أَلِيمٌ",
    "tr": "ওয়া কা-লাশশাইতা-নুলাম্মা-কুদিয়াল আমরু ইন্নাল্লা-হা ওয়া‘আদাকুমওয়া‘আদাল হাক্কিওয়া ওয়াআততুকুম ফাআখলাফতুকুম ওয়ামা-কা-না লিয়া ‘আলাইকুম মিন ছুলতা-নিন ইল্লা আন দা‘আওতুকুম ফাছতাজাবতুম লী ফালা-তালূমূনী ওয়া লূমূআনফুছাকুম মাআনা-বিমুসরিখিকুম ওয়ামাআনতুম বিমুসরিখিইইয়া ইন্নী কাফারতুবিমা আশরাকতুমূনি মিন কাবলু ইন্নাজ্জা-লিমীনা লাহুম ‘আযা-বুন আলীম।",
    "bn_haque": "আর যখন ব্যাপারটার মীমাংসা হয়ে যাবে তখন শয়তান বলবে -- \"নিঃসন্দেহ আল্লাহ্ তোমাদের ওয়াদা করেছিলেন সত্য ওয়াদা, আর আমিও তোমাদের কাছে অঙ্গীকার করেছিলাম, কিন্তু তোমাদের কাছে আমি খেলাফ করি। আর তোমাদের উপরে আমার কোনো আধিপত্য ছিল না, আমি শুধুমাত্র তোমাদের ডেকেছিলাম, তখন তোমরা আমার প্রতি সাড়া দিয়েছিলে। সুতরাং তোমরা আমাকে দোষ দিও না, বরং তোমাদের নিজেদেরকেই দোষারোপ কর। আমি তোমাদের উদ্ধারের পাত্র নই আর তোমরাও আমার উদ্ধারের পাত্র নও। আমি নিঃসন্দেহ অস্বীকার করি তোমরা যে ইতিপূর্বে আমাকে অংশী বানিয়েছিলে।\" নিঃসন্দেহ অন্যায়কারীরা, -- তাদের জন্য রয়েছে মর্মন্তুদ শাস্তি।",
    "bn_muhi": "যখন সব কাজের ফায়সলা হয়ে যাবে, তখন শয়তান বলবেঃ নিশ্চয় আল্লাহ তোমাদেরকে সত্য ওয়াদা দিয়েছিলেন এবং আমি তোমাদের সাথে ওয়াদা করেছি, অতঃপর তা ভঙ্গ করেছি। তোমাদের উপর তো আমার কোন ক্ষমতা ছিল না, কিন্তু এতটুকু যে, আমি তোমাদেরকে ডেকেছি, অতঃপর তোমরা আমার কথা মেনে নিয়েছ। অতএব তোমরা আমাকে ভৎর্সনা করো না এবং নিজেদেরকেই ভৎর্সনা কর। আমি তোমাদের উদ্ধারে সাহায্যকারী নই। এবং তোমরাও আমার উদ্ধারে সাহায্যকারী নও। ইতোপূর্বে তোমরা আমাকে যে আল্লাহর শরীক করেছিলে, আমি তা অস্বীকার করি। নিশ্চয় যারা জালেম তাদের জন্যে রয়েছে যন্ত্রণাদায়ক শাস্তি।",
    "en": "And Satan will say when the matter has been concluded, \"Indeed, Allah had promised you the promise of truth. And I promised you, but I betrayed you. But I had no authority over you except that I invited you, and you responded to me. So do not blame me; but blame yourselves. I cannot be called to your aid, nor can you be called to my aid. Indeed, I deny your association of me [with Allah ] before. Indeed, for the wrongdoers is a painful punishment.\""
  },
  {
    "id": 23,
    "ar": "وَأُدْخِلَ ٱلَّذِينَ ءَامَنُوا۟ وَعَمِلُوا۟ ٱلصَّٰلِحَٰتِ جَنَّٰتٍ تَجْرِى مِن تَحْتِهَا ٱلْأَنْهَٰرُ خَٰلِدِينَ فِيهَا بِإِذْنِ رَبِّهِمْ تَحِيَّتُهُمْ فِيهَا سَلَٰمٌ",
    "tr": "ওয়া উদখিলাল্লাযীনা আ-মানূওয়া ‘আমিলুসসা-লিহা-তি জান্না-তিন তাজরী মিন তাহতিহাল আনহা-রু খা-লিদীনা ফীহা-বিইযনি রাব্বিহিম তাহিইইয়াতুহুম ফীহাছালা-ম ।",
    "bn_haque": "আর যারা ঈমান এনেছে ও সৎকর্ম করছে তাদের প্রবেশ করানো হবে স্বর্গোদ্যানসমূহে যাদের নিচে দিয়ে বয়ে যাচ্ছে ঝরনারাজি, সেখানে তারা থাকবে স্থায়ীভাবে তাদের প্রভুর অনুমতিক্রমে। সেখানে তাদের অভিবাদন হবে \"সালাম\"!",
    "bn_muhi": "এবং যারা বিশ্বাস স্থাপণ করে এবং সৎকর্ম সম্পাদন করে তাদেরকে এমন উদ্যানে প্রবেশ করানো হবে, যার পাদদেশ দিয়ে নির্ঝরিনী সমূহ প্রবাহিত হবে তারা তাতে পালনকর্তার নির্দেশে অনন্তকাল থাকবে। যেখানে তাদের সম্ভাষণ হবে সালাম।",
    "en": "And those who believed and did righteous deeds will be admitted to gardens beneath which rivers flow, abiding eternally therein by permission of their Lord; and their greeting therein will be, \"Peace!\""
  },
  {
    "id": 24,
    "ar": "أَلَمْ تَرَ كَيْفَ ضَرَبَ ٱللَّهُ مَثَلًا كَلِمَةً طَيِّبَةً كَشَجَرَةٍ طَيِّبَةٍ أَصْلُهَا ثَابِتٌ وَفَرْعُهَا فِى ٱلسَّمَآءِ",
    "tr": "আলাম তারা কাইফা দারাবাল্লা-হুমাছালান কালিমাতান তাইয়িবাতান কাশাজারাতিন তাইয়িবাতিন আসলুহা-ছা-বিতুওঁ ওয়া ফার‘উহা-ফিছছামাই।",
    "bn_haque": "তোমরা কি ভেবে দেখ নি আল্লাহ্ কিভাবে উপমা দিয়ে থাকেন সাধু কথাকে উৎকৃষ্ট গাছের সঙ্গে, যার শিকড় হচ্ছে মজবুত ও যার ডালপালা আকাশে,",
    "bn_muhi": "তুমি কি লক্ষ্য কর না, আল্লাহ তা’আলা কেমন উপমা বর্ণনা করেছেনঃ পবিত্র বাক্য হলো পবিত্র বৃক্ষের মত। তার শিকড় মজবুত এবং শাখা আকাশে উত্থিত।",
    "en": "Have you not considered how Allah presents an example, [making] a good word like a good tree, whose root is firmly fixed and its branches [high] in the sky?"
  },
  {
    "id": 25,
    "ar": "تُؤْتِىٓ أُكُلَهَا كُلَّ حِينٍۭ بِإِذْنِ رَبِّهَا وَيَضْرِبُ ٱللَّهُ ٱلْأَمْثَالَ لِلنَّاسِ لَعَلَّهُمْ يَتَذَكَّرُونَ",
    "tr": "তু’তী উকুলাহা-কুল্লা হীনিম বিইযনি রাব্বিহা - ওয়া ইয়াদরিবুল্লা-হুল আমছা-লা লিন্না-ছি লা‘আল্লাহুম ইয়াতাযাক্কারূন।",
    "bn_haque": "তা তার ফল দিচ্ছে প্রত্যেক মৌসুমে তার প্রভুর অনুমতিক্রমে। আর আল্লাহ্ মানবসমাজের জন্য উপমাসমূহ প্রয়োগ করেন যেন তারা স্মরণ করতে পারে।",
    "bn_muhi": "সে পালনকর্তার নির্দেশে অহরহ ফল দান করে। আল্লাহ মানুষের জন্যে দৃষ্টান্ত বর্ণণা করেন-যাতে তারা চিন্তা-ভাবনা করে।",
    "en": "It produces its fruit all the time, by permission of its Lord. And Allah presents examples for the people that perhaps they will be reminded."
  },
  {
    "id": 26,
    "ar": "وَمَثَلُ كَلِمَةٍ خَبِيثَةٍ كَشَجَرَةٍ خَبِيثَةٍ ٱجْتُثَّتْ مِن فَوْقِ ٱلْأَرْضِ مَا لَهَا مِن قَرَارٍ",
    "tr": "ওয়া মাছালুকালিমাতিন খাবীছাতিন কাশাজারাতিন খাবীছাতি নিজতুছছাত মিন ফাওকিল আরদিমা-লাহা-মিন কারা-র।",
    "bn_haque": "আর খারাপ কথার উপমা হচ্ছে মন্দ গাছের মতো যা মাটির উপর থেকে উপড়ে ফেলা হয়েছে, এর কোনো স্থিতি নেই।",
    "bn_muhi": "এবং নোংরা বাক্যের উদাহরণ হলো নোংরা বৃক্ষ। একে মাটির উপর থেকে উপড়ে নেয়া হয়েছে। এর কোন স্থিতি নেই।",
    "en": "And the example of a bad word is like a bad tree, uprooted from the surface of the earth, not having any stability."
  },
  {
    "id": 27,
    "ar": "يُثَبِّتُ ٱللَّهُ ٱلَّذِينَ ءَامَنُوا۟ بِٱلْقَوْلِ ٱلثَّابِتِ فِى ٱلْحَيَوٰةِ ٱلدُّنْيَا وَفِى ٱلْءَاخِرَةِ وَيُضِلُّ ٱللَّهُ ٱلظَّٰلِمِينَ وَيَفْعَلُ ٱللَّهُ مَا يَشَآءُ",
    "tr": "ইউছাব্বিতুল্লা-হুল্লাযীনা আ-মানূবিলকাওলিছছা-বিতি ফিল হায়া-তিদদুনইয়া-ওয়া ফিল আ-খিরাতি ওয়া ইউদিল্লুল্লা-হুজ জা-লিমীনা ওয়াইয়াফ ‘আলুল্লাহু মাইয়াশাউ।",
    "bn_haque": "যারা ঈমান এনেছে আল্লাহ্ তাদের প্রতিষ্ঠিত করেন শাশ্বত বাণীর দ্বারা এই দুনিয়ার জীবনে ও পরকালে, আর আল্লাহ্ পথহারা করেন অন্যায়কারীদের, আর আল্লাহ্ যা ইচ্ছে করেন তাই করেন।",
    "bn_muhi": "আল্লাহ তা’আলা মুমিনদেরকে মজবুত বাক্য দ্বারা মজবুত করেন। পার্থিবজীবনে এবং পরকালে। এবং আল্লাহ জালেমদেরকে পথভ্রষ্ট করেন। আল্লাহ যা ইচ্ছা, তা করেন।",
    "en": "Allah keeps firm those who believe, with the firm word, in worldly life and in the Hereafter. And Allah sends astray the wrongdoers. And Allah does what He wills."
  },
  {
    "id": 28,
    "ar": "أَلَمْ تَرَ إِلَى ٱلَّذِينَ بَدَّلُوا۟ نِعْمَتَ ٱللَّهِ كُفْرًا وَأَحَلُّوا۟ قَوْمَهُمْ دَارَ ٱلْبَوَارِ",
    "tr": "আলাম তারা ইলাল্লাযীনা বাদ্দালূনি‘মাতাল্লা-হি কুফরাওঁ ওয়া আহাললূকাওমাহুম দা-রাল বাওয়া-র।",
    "bn_haque": "তুমি কি তাদের দেখো নি যারা আল্লাহ্‌র অনুগ্রহ বদলে নেয় অবিশ্বাস দিয়ে, আর তাদের লোকজনকে নামিয়ে নিয়েছে ধ্বংসের আবাসে?",
    "bn_muhi": "তুমি কি তাদের কে দেখনি, যারা আল্লাহর নেয়ামতকে কুফরে পরিণত করেছে এবং স্ব-জাতিকে সম্মুখীন করেছে ধ্বংসের আলয়ে।",
    "en": "Have you not considered those who exchanged the favor of Allah for disbelief and settled their people [in] the home of ruin?"
  },
  {
    "id": 29,
    "ar": "جَهَنَّمَ يَصْلَوْنَهَا وَبِئْسَ ٱلْقَرَارُ",
    "tr": "জাহান্নামা ইয়াসলাওনাহা- ওয়াবি’ছাল কারা-র।",
    "bn_haque": "জাহান্নাম -- যাতে তারা প্রবেশ করবে, আর নিকৃষ্ট এই বাসস্থান!",
    "bn_muhi": "দোযখের? তারা তাতে প্রবেশ করবে সেটা কতই না মন্দ আবাস।",
    "en": "[It is] Hell, which they will [enter to] burn, and wretched is the settlement."
  },
  {
    "id": 30,
    "ar": "وَجَعَلُوا۟ لِلَّهِ أَندَادًا لِّيُضِلُّوا۟ عَن سَبِيلِهِۦ قُلْ تَمَتَّعُوا۟ فَإِنَّ مَصِيرَكُمْ إِلَى ٱلنَّارِ",
    "tr": "ওয়া জা‘আলূলিল্লা-হি আনদা-দাল লিইউদিললূ‘আন ছাবীলিহী কুল তামাত্তা‘ঊ ফাইন্না মাসীরাকুম ইলান্না-র।",
    "bn_haque": "আর তারা আল্লাহ্‌র সমকক্ষ দাঁড় করায় যেন তারা তাঁর পথ থেকে বিপথে চালাতে পারে। তুমি বলো -- \"উপভোগ করো, তারপর তোমাদের প্রত্যাবর্তন নিশ্চয়ই আগুনের দিকে।\"",
    "bn_muhi": "এবং তারা আল্লাহর জন্যে সমকক্ষ স্থির করেছে, যাতে তারা তার পথ থেকে বিচ্যুত করে দেয়। বলুনঃ মজা উপভোগ করে নাও। অতঃপর তোমাদেরকে অগ্নির দিকেই ফিরে যেতে হবে।",
    "en": "And they have attributed to Allah equals to mislead [people] from His way. Say, \"Enjoy yourselves, for indeed, your destination is the Fire.\""
  },
  {
    "id": 31,
    "ar": "قُل لِّعِبَادِىَ ٱلَّذِينَ ءَامَنُوا۟ يُقِيمُوا۟ ٱلصَّلَوٰةَ وَيُنفِقُوا۟ مِمَّا رَزَقْنَٰهُمْ سِرًّا وَعَلَانِيَةً مِّن قَبْلِ أَن يَأْتِىَ يَوْمٌ لَّا بَيْعٌ فِيهِ وَلَا خِلَٰلٌ",
    "tr": "কুললি‘ইবা-দিয়াল্লাযীনা আ-মানূইউকীমুসসালা-তা ওয়া ইউনফিকূ  মিম্মা-রাঝাকনাহুম ছিররাওঁ ওয়া ‘আলা-নিয়াতাম মিন কাবলি আইঁ ইয়া’তিয়া ইয়াওমুল লা-বাই‘ঊন ফীহি ওয়ালা-খিলা-ল।",
    "bn_haque": "আমার বান্দাদের যারা বিশ্বাস করে তাদের বলো -- তারা নামায কায়েম করুক, এবং আমরা তাদের যে জীবনোপক রণ দিয়েছি তা থেকে তারা খরচ করুক, গোপনে ও প্রকাশ্যভাবে, সেইদিন আসবার আগে যাতে চলবে না কোনো লেনদেন, না কোনো বন্ধু- সম্পর্ক।",
    "bn_muhi": "আমার বান্দাদেরকে বলে দিন যারা বিশ্বাস স্থাপন করেছে, তারা নামায কায়েম রাখুক এবং আমার দেয়া রিযিক থেকে গোপনে ও প্রকাশ্যে ব্যয় করুক ঐদিন আসার আগে, যেদিন কোন বেচা কেনা নেই এবং বন্ধুত্বও নেই।",
    "en": "[O Muhammad], tell My servants who have believed to establish prayer and spend from what We have provided them, secretly and publicly, before a Day comes in which there will be no exchange, nor any friendships."
  },
  {
    "id": 32,
    "ar": "ٱللَّهُ ٱلَّذِى خَلَقَ ٱلسَّمَٰوَٰتِ وَٱلْأَرْضَ وَأَنزَلَ مِنَ ٱلسَّمَآءِ مَآءً فَأَخْرَجَ بِهِۦ مِنَ ٱلثَّمَرَٰتِ رِزْقًا لَّكُمْ وَسَخَّرَ لَكُمُ ٱلْفُلْكَ لِتَجْرِىَ فِى ٱلْبَحْرِ بِأَمْرِهِۦ وَسَخَّرَ لَكُمُ ٱلْأَنْهَٰرَ",
    "tr": "আল্লা-হুল্লাযী খালাকাছছামা-ওয়া-তি ওয়াল আরদা ওয়া আনঝালা মিনাছছামাই মাআন ফাআখরাজা বিহী মিনাছছামারা-তি রিঝকাল লাকুম ওয়াছাখখারা লাকুমুল ফুলকা লিতাজরিয়া ফিল বাহরি বিআমরিহী ওয়া ছাখখারা লাকুমুল আনহা-র।",
    "bn_haque": "আল্লাহ্ তিনিই যিনি মহাকাশমন্ডলী ও পৃথিবী সৃষ্টি করেছেন, আর আকাশ থেকে বর্ষণ করেন পানি, তারপর তার সাহায্যে তিনি উৎপাদন করেন তোমাদের জীবিকার জন্য ফলমূল, আর তোমাদের জন্য তিনি অধীন করেছেন জাহাজ যেন তাঁর বিধান অনুযায়ী তা সমুদ্রে চলাচল করে, আর তোমাদের জন্য তিনি বশীভূত করেছেন নদনদী।",
    "bn_muhi": "তিনিই আল্লাহ, যিনি নভোমন্ডল ও ভুমন্ডল সৃজন করেছেন এবং আকাশ থেকে পানি বর্ষণ করে অতঃপর তা দ্বারা তোমাদের জন্যে ফলের রিযিক উৎপন্ন করেছেন এবং নৌকাকে তোমাদের আজ্ঞাবহ করেছেন, যাতে তাঁর আদেশে সমুদ্রে চলা ফেরা করে এবং নদ-নদীকে তোমাদের সেবায় নিয়োজিত করেছেন।",
    "en": "It is Allah who created the heavens and the earth and sent down rain from the sky and produced thereby some fruits as provision for you and subjected for you the ships to sail through the sea by His command and subjected for you the rivers."
  },
  {
    "id": 33,
    "ar": "وَسَخَّرَ لَكُمُ ٱلشَّمْسَ وَٱلْقَمَرَ دَآئِبَيْنِ وَسَخَّرَ لَكُمُ ٱلَّيْلَ وَٱلنَّهَارَ",
    "tr": "ওয়া ছাখখারা লকুমুশশামছা ওয়াল কামারা দাইবাইনি ওয়া ছাখখারা লাকুমুল লাইলা ওয়ান নাহা-র।",
    "bn_haque": "আর তিনি তোমাদের অনুগত করেছেন সূর্য ও চন্দ্রকে যারা নিয়মানুগতভাবে চলমান, আর তিনি তোমাদের অধীন করেছেন রাত ও দিনকে।",
    "bn_muhi": "এবং তোমাদের সেবায় নিয়োজিত করেছেন সূর্যকে এবং চন্দ্রকে সর্বদা এক নিয়মে এবং রাত্রি ও দিবাকে তোমাদের কাজে লাগিয়েছেন।",
    "en": "And He subjected for you the sun and the moon, continuous [in orbit], and subjected for you the night and the day."
  },
  {
    "id": 34,
    "ar": "وَءَاتَىٰكُم مِّن كُلِّ مَا سَأَلْتُمُوهُ وَإِن تَعُدُّوا۟ نِعْمَتَ ٱللَّهِ لَا تُحْصُوهَآ إِنَّ ٱلْإِنسَٰنَ لَظَلُومٌ كَفَّارٌ",
    "tr": "ওয়া আ-তা-কুম মিন কুল্লি মা-ছাআলতুমূহু ওয়া ইন তা‘উদ্দূনি‘মাতাল্লা-হি লা-তুহসূহা- ইন্নাল ইনছা-না লাজালূমুন কাফ ফা-র।",
    "bn_haque": "আর তিনি তোমাদের প্রদান করেন তোমরা তাঁর কাছে যা প্রার্থনা কর তার সব-কিছু থেকেই। আর তোমরা যদি আল্লাহ্‌র অনুগ্রহ গণনা করতে যাও তোমরা তা গণতে পারবে না। মানুষ আলবৎ বড়ই অন্যায়কারী, অত্যন্ত অকৃতজ্ঞ।",
    "bn_muhi": "যে সকল বস্তু তোমরা চেয়েছ, তার প্রত্যেকটি থেকেই তিনি তোমাদেরকে দিয়েছেন। যদি আল্লাহর নেয়ামত গণনা কর, তবে গুণে শেষ করতে পারবে না। নিশ্চয় মানুষ অত্যন্ত অন্যায়কারী, অকৃতজ্ঞ।",
    "en": "And He gave you from all you asked of Him. And if you should count the favor of Allah, you could not enumerate them. Indeed, mankind is [generally] most unjust and ungrateful."
  },
  {
    "id": 35,
    "ar": "وَإِذْ قَالَ إِبْرَٰهِيمُ رَبِّ ٱجْعَلْ هَٰذَا ٱلْبَلَدَ ءَامِنًا وَٱجْنُبْنِى وَبَنِىَّ أَن نَّعْبُدَ ٱلْأَصْنَامَ",
    "tr": "ওয়া ইয কা-লা ইবরা-হীমুরাব্বিজ‘আল হা-যাল বালাদা আ-মিনাওঁ ওয়াজনুবনী ওয়া বানিইইয়া আন্না‘বুদাল আসনা-ম।",
    "bn_haque": "আর স্মরণ কর! ইব্রাহীম বলেছিলেন -- \"আমার প্রভু! এই শহরটাকে নিরাপদ করো, আর আমাকে ও আমার সন্তান-সন্ততিকে পুতুল প্রতিমা পূজা-অর্চনা থেকে রক্ষা করো।",
    "bn_muhi": "যখন ইব্রাহীম বললেনঃ হে পালনকর্তা, এ শহরকে শান্তিময় করে দিন এবং আমাকে ও আমার সন্তান সন্ততিকে মূর্তি পূজা থেকে দূরে রাখুন।",
    "en": "And [mention, O Muhammad], when Abraham said, \"My Lord, make this city [Makkah] secure and keep me and my sons away from worshipping idols."
  },
  {
    "id": 36,
    "ar": "رَبِّ إِنَّهُنَّ أَضْلَلْنَ كَثِيرًا مِّنَ ٱلنَّاسِ فَمَن تَبِعَنِى فَإِنَّهُۥ مِنِّى وَمَنْ عَصَانِى فَإِنَّكَ غَفُورٌ رَّحِيمٌ",
    "tr": "রাব্বি ইন্নাহুন্না আদলালনা কাছীরাম মিনান্না-ছি ফামান তাবি‘আনী ফাইন্নাহূমিন্নী ওয়ামান ‘আসা-নী ফাইন্নাকা গাফূরুর রাহীম।",
    "bn_haque": "\"আমার প্রভু! নিঃসন্দেহ তারা মানবসমাজের অনেককে বিপথে নিয়েছে, সুতরাং যে আমাকে অনুসরণ করে সেই তবে আমার মধ্যেকার, আর যে আমাকে অমান্য করে তুমিই তো পরিত্রাণকারী, অফুরন্ত ফলদাতা।",
    "bn_muhi": "হে পালনকর্তা, এরা অনেক মানুষকে বিপথগামী করেছে। অতএব যে আমার অনুসরণ করে, সে আমার এবং কেউ আমার অবাধ্যতা করলে নিশ্চয় আপনি ক্ষমাশীল, পরম দয়ালু।",
    "en": "My Lord, indeed they have led astray many among the people. So whoever follows me - then he is of me; and whoever disobeys me - indeed, You are [yet] Forgiving and Merciful."
  },
  {
    "id": 37,
    "ar": "رَّبَّنَآ إِنِّىٓ أَسْكَنتُ مِن ذُرِّيَّتِى بِوَادٍ غَيْرِ ذِى زَرْعٍ عِندَ بَيْتِكَ ٱلْمُحَرَّمِ رَبَّنَا لِيُقِيمُوا۟ ٱلصَّلَوٰةَ فَٱجْعَلْ أَفْـِٔدَةً مِّنَ ٱلنَّاسِ تَهْوِىٓ إِلَيْهِمْ وَٱرْزُقْهُم مِّنَ ٱلثَّمَرَٰتِ لَعَلَّهُمْ يَشْكُرُونَ",
    "tr": "রাব্বানা ইন্নী আছকানতুমিন যুররিইইয়াতী বিওয়া-দিন গাইরি যী ঝার ‘ইন ‘ইনদা বাইতিকাল মুহাররামি রাব্বানা-লিইউকীমুসসালা-তা ফাজ‘আল আফইদাতাম মিনান্নাছি তাহবীইলাইহিম ওয়ারঝুকহুম মিনাছছামারা-তি লা‘আল্লাহুম ইয়াশকুরূন।",
    "bn_haque": "\"আমার প্রভু! আমি নিশ্চয়ই আমার বংশধরদের কতককে বসবাস করালাম তোমার পবিত্র গৃহের নিকটে চাষ-বাসহীন উপত্যকায়, -- আমাদের প্রভু! যেন তারা নামায কায়েম করে, সেজন্যে কিছু লোকের মন তাদের প্রতি অনুরাগী বানিয়ে দাও, আর তাদের ফলফসল দিয়ে জীবিকা প্রদান করো, যেন তারা কৃতজ্ঞতা প্রকাশ করে।",
    "bn_muhi": "হে আমাদের পালনকর্তা, আমি নিজের এক সন্তানকে তোমার পবিত্র গৃহের সন্নিকটে চাষাবাদহীন উপত্যকায় আবাদ করেছি; হে আমাদের পালনকর্তা, যাতে তারা নামায কায়েম রাখে। অতঃপর আপনি কিছু লোকের অন্তরকে তাদের প্রতি আকৃষ্ট করুন এবং তাদেরকে ফলাদি দ্বারা রুযী দান করুন, সম্ভবতঃ তারা কৃতজ্ঞতা প্রকাশ করবে",
    "en": "Our Lord, I have settled some of my descendants in an uncultivated valley near Your sacred House, our Lord, that they may establish prayer. So make hearts among the people incline toward them and provide for them from the fruits that they might be grateful."
  },
  {
    "id": 38,
    "ar": "رَبَّنَآ إِنَّكَ تَعْلَمُ مَا نُخْفِى وَمَا نُعْلِنُ وَمَا يَخْفَىٰ عَلَى ٱللَّهِ مِن شَىْءٍ فِى ٱلْأَرْضِ وَلَا فِى ٱلسَّمَآءِ",
    "tr": "রাব্বানাইন্নাকা তা‘লামুমা-নুখফী ওয়ামা-নু‘লিনু ওয়ামা-ইয়াখফা-‘আলাল্লা-হি মিন শাইইন ফিল আরদিওয়ালা-ফিছছামাই।",
    "bn_haque": "\"আমাদের প্রভু! তুমি নিশ্চয় জান যা আমরা গোপন করি ও যা আমরা প্রকাশ করি। আর আল্লাহ্‌র কাছে পৃথিবীতে কোনো কিছুই লুকোনো নেই আর মহাকাশেও নয়।",
    "bn_muhi": "হে আমাদের পালনকর্তা, আপনি তো জানেন আমরা যা কিছু গোপনে করি এবং যা কিছু প্রকাশ্য করি। আল্লাহর কাছে পৃথিবীতে ও আকাশে কোন কিছুই গোপন নয়।",
    "en": "Our Lord, indeed You know what we conceal and what we declare, and nothing is hidden from Allah on the earth or in the heaven."
  },
  {
    "id": 39,
    "ar": "ٱلْحَمْدُ لِلَّهِ ٱلَّذِى وَهَبَ لِى عَلَى ٱلْكِبَرِ إِسْمَٰعِيلَ وَإِسْحَٰقَ إِنَّ رَبِّى لَسَمِيعُ ٱلدُّعَآءِ",
    "tr": "আলহামদুলিল্লা-হিল্লাযী ওয়াহাবালী ‘আলাল কিবারি ইছমা-‘ঈলা ওয়া ইছহা-ক ইন্না রাববী লাছামী‘উদদু‘আই।",
    "bn_haque": "\"সমস্ত প্রশংসা আল্লাহ্‌র যিনি আমাকে বৃদ্ধ বয়েসে ইসমাইল ও ইসহাককে দান করেছেন। নিঃসন্দেহ আমার প্রভু প্রার্থনা শ্রবণকারী।",
    "bn_muhi": "সমস্ত প্রশংসা আল্লাহরই, যিনি আমাকে এই বার্ধক্যে ইসমাঈল ও ইসহাক দান করেছেন নিশ্চয় আমার পালনকর্তা দোয়া শ্রবণ করেন।",
    "en": "Praise to Allah, who has granted to me in old age Ishmael and Isaac. Indeed, my Lord is the Hearer of supplication."
  },
  {
    "id": 40,
    "ar": "رَبِّ ٱجْعَلْنِى مُقِيمَ ٱلصَّلَوٰةِ وَمِن ذُرِّيَّتِى رَبَّنَا وَتَقَبَّلْ دُعَآءِ",
    "tr": "রাব্বিজ ‘আলনী মুকীমাসসালা-তি ওয়া মিন যুররিইইয়াতী  রাব্বানা-ওয়া তাকাব্বাল দু‘আই।",
    "bn_haque": "\"আমার প্রভু! আমাকে নামাযে সুপ্রতিষ্ঠিত করে দাও, আর আমার বংশধরদের থেকেও, আমাদের প্রভু! আর আমার প্রার্থনা কবুল করো।",
    "bn_muhi": "হে আমার পালনকর্তা, আমাকে নামায কায়েমকারী করুন এবং আমার সন্তানদের মধ্যে থেকেও। হে আমাদের পালনকর্তা, এবং কবুল করুন আমাদের দোয়া।",
    "en": "My Lord, make me an establisher of prayer, and [many] from my descendants. Our Lord, and accept my supplication."
  },
  {
    "id": 41,
    "ar": "رَبَّنَا ٱغْفِرْ لِى وَلِوَٰلِدَىَّ وَلِلْمُؤْمِنِينَ يَوْمَ يَقُومُ ٱلْحِسَابُ",
    "tr": "রাব্বানাগফিরলী ওয়া লিওয়ালিদাইয়া ওয়ালিলমু’মিনীনা ইয়াওমা ইয়াকূমুল হিছা-ব।",
    "bn_haque": "আমাদের প্রভু! আমাকে পরিত্রাণ করো, আর আমার পিতামাতাকেও আর বিশ্বাসিগণকেও -- যেদিন হিসাবপত্র নেওয়া হবে তখন।",
    "bn_muhi": "হে আমাদের পালনকর্তা, আমাকে, আমার পিতা-মাতাকে এবং সব মুমিনকে ক্ষমা করুন, যেদিন হিসাব কায়েম হবে।",
    "en": "Our Lord, forgive me and my parents and the believers the Day the account is established.\""
  },
  {
    "id": 42,
    "ar": "وَلَا تَحْسَبَنَّ ٱللَّهَ غَٰفِلًا عَمَّا يَعْمَلُ ٱلظَّٰلِمُونَ إِنَّمَا يُؤَخِّرُهُمْ لِيَوْمٍ تَشْخَصُ فِيهِ ٱلْأَبْصَٰرُ",
    "tr": "ওয়ালা-তাহছাবান্নাল্লা-হা গা-ফিলান ‘আম্মা-ইয়া‘মালুজ্জা-লিমূনা ইন্নামাইউআখখিরুহুম লিইয়াওমিন তাশখাসুফীহিল আবসা-র ।",
    "bn_haque": "আর তোমরা ভেবো না যে অন্যায়কারীরা যা করে আল্লাহ্ সে-সন্বন্ধে বেখেয়াল। তিনি তাদের শুধু অবকাশ দিচ্ছেন সেইদিন পর্যন্ত যেদিন চোখগুলো হবে পলকহীন স্থির --",
    "bn_muhi": "জালেমরা যা করে, সে সম্পর্কে আল্লাহকে কখনও বেখবর মনে করো না তাদেরকে তো ঐ দিন পর্যন্ত অবকাশ দিয়ে রেখেছেন, যেদিন চক্ষুসমূহ বিস্ফোরিত হবে।",
    "en": "And never think that Allah is unaware of what the wrongdoers do. He only delays them for a Day when eyes will stare [in horror]."
  },
  {
    "id": 43,
    "ar": "مُهْطِعِينَ مُقْنِعِى رُءُوسِهِمْ لَا يَرْتَدُّ إِلَيْهِمْ طَرْفُهُمْ وَأَفْـِٔدَتُهُمْ هَوَآءٌ",
    "tr": "মুহতি‘ঈনা মুকনি‘ঈ রুউছিহিম লা-ইয়ারতাদ্দুইলাইহিম তারফুহুম ওয়া আফইদাতুহুম হাওয়াউ।",
    "bn_haque": "ছুটে চলেছে তাদের মাথা খাড়া করে, তাদের দৃষ্টি তাদের নিজেদের দিকেও ফিরছে না, আর তাদের চিত্ত হয়েছে ফাঁকা।",
    "bn_muhi": "তারা মস্তক উপরে তুলে ভীত-বিহবল চিত্তে দৌড়াতে থাকবে। তাদের দিকে তাদের দৃষ্টি ফিরে আসবে না এবং তাদের অন্তর উড়ে যাবে।",
    "en": "Racing ahead, their heads raised up, their glance does not come back to them, and their hearts are void."
  },
  {
    "id": 44,
    "ar": "وَأَنذِرِ ٱلنَّاسَ يَوْمَ يَأْتِيهِمُ ٱلْعَذَابُ فَيَقُولُ ٱلَّذِينَ ظَلَمُوا۟ رَبَّنَآ أَخِّرْنَآ إِلَىٰٓ أَجَلٍ قَرِيبٍ نُّجِبْ دَعْوَتَكَ وَنَتَّبِعِ ٱلرُّسُلَ أَوَلَمْ تَكُونُوٓا۟ أَقْسَمْتُم مِّن قَبْلُ مَا لَكُم مِّن زَوَالٍ",
    "tr": "ওয়াআনযিরিন্না-ছা ইয়াওমা ইয়া’তীহিমুল ‘আযা-বুফাইয়াকূলুল্লাযীনা জালামূ রাব্বানাআখখিরনাইলাআজালিন কারীবিন নুজিব দা‘ওয়াতাকা ওয়া নাত্তাবি‘ইররুছুলা আওয়ালাম তাকূনূআকছামতুম মিন কাবলুমা-লাকুম মিন ঝাওয়া-ল।",
    "bn_haque": "আর লোকজনকে সতর্ক কর সেইদিন সন্বন্ধে যখন তাদের উপরে শাস্তি ঘনিয়ে আসবে, যারা অন্যায় করেছিল তারা তখন বলবে, \"আমাদের প্রভু! আমাদের অবকাশ দাও অল্প কিছুকাল পর্যন্ত যেন আমরা তোমার ডাকে সাড়া দিতে পারি এবং রসূলগণকে অনুসরণ করতে পারি।\" \"কি! তোমরা কি ইতিপূর্বে শপথ করতে থাক নি যে তোমাদের জন্য কোনো পড়ন্ত অবস্থা নেই?",
    "bn_muhi": "মানুষকে ঐ দিনের ভয় প্রদর্শন করুন, যেদিন তাদের কাছে আযাব আসবে। তখন জালেমরা বলবেঃ হে আমাদের পালনকর্তা, আমাদেরকে সামান্য মেয়াদ পর্যন্ত সময় দিন, যাতে আমরা আপনার আহবানে সাড়া দিতে এবং পয়গম্বরগণের অনুসরণ করতে পারি। তোমরা কি ইতোপূর্বে কসম খেতে না যে, তোমাদেরকে দুনিয়া থেকে যেতে হবে না?",
    "en": "And, [O Muhammad], warn the people of a Day when the punishment will come to them and those who did wrong will say, \"Our Lord, delay us for a short term; we will answer Your call and follow the messengers.\" [But it will be said], \"Had you not sworn, before, that for you there would be no cessation?"
  },
  {
    "id": 45,
    "ar": "وَسَكَنتُمْ فِى مَسَٰكِنِ ٱلَّذِينَ ظَلَمُوٓا۟ أَنفُسَهُمْ وَتَبَيَّنَ لَكُمْ كَيْفَ فَعَلْنَا بِهِمْ وَضَرَبْنَا لَكُمُ ٱلْأَمْثَالَ",
    "tr": "ওয়া ছাকানতুম ফী মাছা-কিনিল্লাযীনা জালামূআনফুছাহুম ওয়া তাবাইইয়ানা লাকুম কাইফা ফা‘আলনা-বিহিম ওয়াদারাবনা-লাকুমুল আমছা-ল।",
    "bn_haque": "আর তোমরা বাস করতে তাদের বাসভূমিতে যারা নিজেদের আ‌ত্মার প্রতি অন্যায়াচরণ করেছিল, অথচ তোমাদের কাছে এটি সুস্পষ্ট করা হয়েছিল কিভাবে আমরা তাদের প্রতি ব্যবহার করেছিলাম আর তোমাদের জন্য বানিয়েছিলাম দৃষ্টান্ত।",
    "bn_muhi": "তোমরা তাদের বাসভূমিতেই বসবাস করতে, যারা নিজেদের উপর জুলুম করেছে এবং তোমাদের জানা হয়ে গিয়েছিল যে, আমি তাদের সাথে কিরূপ ব্যবহার করেছি এবং আমি তোমাদেরকে ওদের সব কাহিনীই বর্ণনা করেছি।",
    "en": "And you lived among the dwellings of those who wronged themselves, and it had become clear to you how We dealt with them. And We presented for you [many] examples.\""
  },
  {
    "id": 46,
    "ar": "وَقَدْ مَكَرُوا۟ مَكْرَهُمْ وَعِندَ ٱللَّهِ مَكْرُهُمْ وَإِن كَانَ مَكْرُهُمْ لِتَزُولَ مِنْهُ ٱلْجِبَالُ",
    "tr": "ওয়া কাদ মাকারূমাকরাহুম ওয়া ‘ইনদাল্লা-হি মাকরুহুম ওয়া ইন কা-না মাকরুহুম লিতাঝূলা মিনহুল জিবা-ল।",
    "bn_haque": "আর তারা নিশ্চয়ই তাদের চক্রান্ত এঁটেছিল, কিন্তু তাদের চক্রান্ত আছে আল্লাহ্‌র কাছে, যদিও তাদের চক্রান্ত এমন যে তার দ্বারা পাহাড়গুলো টলে যায়।",
    "bn_muhi": "তারা নিজেদের মধ্যে ভীষণ চক্রান্ত করে নিয়েছে এবং আল্লাহর সামনে রক্ষিত আছে তাদের কু-চক্রান্ত। তাদের কুটকৌশল পাহাড় টলিয়ে দেয়ার মত হবে না।",
    "en": "And they had planned their plan, but with Allah is [recorded] their plan, even if their plan had been [sufficient] to do away with the mountains."
  },
  {
    "id": 47,
    "ar": "فَلَا تَحْسَبَنَّ ٱللَّهَ مُخْلِفَ وَعْدِهِۦ رُسُلَهُۥٓ إِنَّ ٱللَّهَ عَزِيزٌ ذُو ٱنتِقَامٍ",
    "tr": "ফালা-তাহছাবান্নাল্লা-হা মুখলিফা ওয়া‘দিহী রুছুলাহূ ইন্নাল্লা-হা ‘আঝীঝুন যুনতিকা-ম ।",
    "bn_haque": "সুতরাং তুমি কখনো ভেবো না যে আল্লাহ্ তাঁর রসূলগণের কাছে দেওয়া তাঁর প্রতি‌শ্রুতি খেলাফ করবেন। নিঃসন্দেহ আল্লাহ্ মহাশক্তিশালী, প্রতিফল প্রদানকারী।",
    "bn_muhi": "অতএব আল্লাহর প্রতি ধারণা করো না যে, তিনি রসূলগণের সাথে কৃত ওয়াদা ভঙ্গ করবেন নিশ্চয় আল্লাহ পরাক্রমশালী, প্রতিশোধ গ্রহণকারী।",
    "en": "So never think that Allah will fail in His promise to His messengers. Indeed, Allah is Exalted in Might and Owner of Retribution."
  },
  {
    "id": 48,
    "ar": "يَوْمَ تُبَدَّلُ ٱلْأَرْضُ غَيْرَ ٱلْأَرْضِ وَٱلسَّمَٰوَٰتُ وَبَرَزُوا۟ لِلَّهِ ٱلْوَٰحِدِ ٱلْقَهَّارِ",
    "tr": "ইয়াওমা তুবাদ্দালুল আরদুগাইরাল আরদি ওয়াছছামা-ওয়া-তুওয়া বারাঝূলিল্লা-হিল ওয়াহিদিল কাহহা-র।",
    "bn_haque": "সেইদিন এ পৃথিবী বদলে হবে অন্য পৃথিবী, আর মহাকাশমন্ডলীও, আর তারা হাজির হবে আল্লাহ্‌র সামনে, যিনি একক, সর্বশক্তিমান।",
    "bn_muhi": "যেদিন পরিবর্তিত করা হবে এ পৃথিবীকে অন্য পৃথিবীতে এবং পরিবর্তিত করা হবে আকাশ সমূহকে এবং লোকেরা পরাক্রমশালী এবং আল্লাহর সামনে পেশ হবে।",
    "en": "[It will be] on the Day the earth will be replaced by another earth, and the heavens [as well], and all creatures will come out before Allah, the One, the Prevailing."
  },
  {
    "id": 49,
    "ar": "وَتَرَى ٱلْمُجْرِمِينَ يَوْمَئِذٍ مُّقَرَّنِينَ فِى ٱلْأَصْفَادِ",
    "tr": "ওয়া তারাল মুজরিমীনা ইয়াওমাইযিম মুকাররানীনা ফিল আসফা-দ ।",
    "bn_haque": "আর তুমি দেখতে পাবে -- অপরাধীরা সেইদিন শিকলের মধ্যে বাঁধা অবস্থায়, --",
    "bn_muhi": "তুমি ঐদিন পাপীদেরকে পরস্পরে শৃংখলা বদ্ধ দেখবে।",
    "en": "And you will see the criminals that Day bound together in shackles,"
  },
  {
    "id": 50,
    "ar": "سَرَابِيلُهُم مِّن قَطِرَانٍ وَتَغْشَىٰ وُجُوهَهُمُ ٱلنَّارُ",
    "tr": "ছারা-বীলুহুম মিন কাতিরা-নিওঁ ওয়া তাগশা-উজূহাহুমুন্না-র।",
    "bn_haque": "তাদের জামা হবে পীচের, আর তাদের মুখমন্ডল আবৃত করে থাকবে আগুন, --",
    "bn_muhi": "তাদের জামা হবে দাহ্য আলকাতরার এবং তাদের মুখমন্ডলকে আগুন আচ্ছন্ন করে ফেলবে।",
    "en": "Their garments of liquid pitch and their faces covered by the Fire."
  },
  {
    "id": 51,
    "ar": "لِيَجْزِىَ ٱللَّهُ كُلَّ نَفْسٍ مَّا كَسَبَتْ إِنَّ ٱللَّهَ سَرِيعُ ٱلْحِسَابِ",
    "tr": "লিইয়াজঝিয়াল্লা-হু কুল্লা নাফছিম মা-কাছাবাত ইন্নাল্লা-হা ছারী‘উল হিছা-ব।",
    "bn_haque": "যেন আল্লাহ্ প্রত্যেক সত্ত্বাকে প্রতিদান দিতে পারেন যা সে অর্জন করেছে, নিঃসন্দেহ আল্লাহ্ হিসেব-নিকেশে তৎপর।",
    "bn_muhi": "যাতে আল্লাহ প্রত্যেককে তার কৃতকর্মের প্রতিদান দেন। নিশ্চয় আল্লাহ দ্রুত হিসাব গ্রহণকারী।",
    "en": "So that Allah will recompense every soul for what it earned. Indeed, Allah is swift in account."
  },
  {
    "id": 52,
    "ar": "هَٰذَا بَلَٰغٌ لِّلنَّاسِ وَلِيُنذَرُوا۟ بِهِۦ وَلِيَعْلَمُوٓا۟ أَنَّمَا هُوَ إِلَٰهٌ وَٰحِدٌ وَلِيَذَّكَّرَ أُو۟لُوا۟ ٱلْأَلْبَٰبِ",
    "tr": "হা-যা-বালা-গুল লিন্না-ছি ওয়ালিইউনযারূবিহী ওয়া লিইয়া‘লামূআন্নামা-হুওয়া ইলাহুওঁ ওয়াহিদুওঁ ওয়ালিইয়াযযাক্কারা উলুল আলবা-ব।",
    "bn_haque": "এই হচ্ছে মানব সমাজের জন্য এক বার্তা যেন তারা জানতে পারে যে তিনিই নিঃসন্দেহ একক উপাস্য, আর বোধ শক্তিসম্পন্নেরা যেন উপদেশ গ্রহণ করতে পারে।",
    "bn_muhi": "এটা মানুষের একটি সংবাদনামা এবং যাতে এতদ্বারা ভীত হয় এবং যাতে জেনে নেয় যে, উপাস্য তিনিই-একক; এবং যাতে বুদ্ধিমানরা চিন্তা-ভাবনা করে।",
    "en": "This [Qur'an] is notification for the people that they may be warned thereby and that they may know that He is but one God and that those of understanding will be reminded."
  }
]