[
  {
    "id": 1,
    "ar": "بِسْمِ ٱللَّهِ ٱلرَّحْمَٰنِ ٱلرَّحِيمِ",
    "tr": "বিছমিল্লাহির রাহমানির রাহিম।",
    "bn_haque": "আল্লাহর নাম নিয়ে (আরম্ভ করছি), (যিনি) রহমান (--পরম করুণাময়, যিনি অসীম করুণা ও দয়া বশতঃ বিশ্বজগতের সমস্ত সৃষ্টির সহাবস্থানের প্রয়োজনীয় সব ব্যবস্থা অগ্রিম করে রেখেছেন), (যিনি) রহীম (--অফুরন্ত ফলদাতা, যাঁর অপার করুণা ও দয়ার ফলে প্রত্যেকের ক্ষুদ্রতম শুভ-প্রচেষ্টাও বিপুলভাবে সাফল্যমণ্ডিত ও পুরস্কৃত হয়ে থাকে)।",
    "bn_muhi": "শুরু করছি আল্লাহর নামে যিনি পরম করুণাময়, অতি দয়ালু।",
    "en": "In the name of Allah, the Entirely Merciful, the Especially Merciful."
  },
  {
    "id": 2,
    "ar": "ٱلْحَمْدُ لِلَّهِ رَبِّ ٱلْعَٰلَمِينَ",
    "tr": "আল হামদুলিল্লা-হি রাব্বিল ‘আ-লামীন।",
    "bn_haque": "সমস্ত প্রশংসা আল্লাহ্‌র প্রাপ্য, সমুদয় সৃষ্ট-জগতের রব্ব।",
    "bn_muhi": "যাবতীয় প্রশংসা আল্লাহ তাআলার যিনি সকল সৃষ্টি জগতের পালনকর্তা।",
    "en": "[All] praise is [due] to Allah, Lord of the worlds -"
  },
  {
    "id": 3,
    "ar": "ٱلرَّحْمَٰنِ ٱلرَّحِيمِ",
    "tr": "আররাহমা-নির রাহীম।",
    "bn_haque": "রহমান, রহীম।",
    "bn_muhi": "যিনি নিতান্ত মেহেরবান ও দয়ালু।",
    "en": "The Entirely Merciful, the Especially Merciful,"
  },
  {
    "id": 4,
    "ar": "مَٰلِكِ يَوْمِ ٱلدِّينِ",
    "tr": "মা-লিকি ইয়াওমিদ্দীন।",
    "bn_haque": "বিচারকালের মালিক।",
    "bn_muhi": "যিনি বিচার দিনের মালিক।",
    "en": "Sovereign of the Day of Recompense."
  },
  {
    "id": 5,
    "ar": "إِيَّاكَ نَعْبُدُ وَإِيَّاكَ نَسْتَعِينُ",
    "tr": "ইয়্যা-কা না‘বুদুওয়া ইয়্যা-কা নাছতা‘ঈন।",
    "bn_haque": "“তোমারই আমরা এবাদত করি, এবং তোমারই কাছে আমরা সাহায্য প্রার্থনা করি।”",
    "bn_muhi": "আমরা একমাত্র তোমারই ইবাদত করি এবং শুধুমাত্র তোমারই সাহায্য প্রার্থনা করি।",
    "en": "It is You we worship and You we ask for help."
  },
  {
    "id": 6,
    "ar": "ٱهْدِنَا ٱلصِّرَٰطَ ٱلْمُسْتَقِيمَ",
    "tr": "ইহদিনাসসিরা-তাল মুছতাকীম।",
    "bn_haque": "“আমাদের তুমি সহজ-সঠিক পথে পরিচালিত করো, --”",
    "bn_muhi": "আমাদেরকে সরল পথ দেখাও,",
    "en": "Guide us to the straight path -"
  },
  {
    "id": 7,
    "ar": "صِرَٰطَ ٱلَّذِينَ أَنْعَمْتَ عَلَيْهِمْ غَيْرِ ٱلْمَغْضُوبِ عَلَيْهِمْ وَلَا ٱلضَّآلِّينَ",
    "tr": "সিরা-তাল্লাযীনা আন‘আমতা ‘আলাইহিম । গাইরিল মাগদূ বি ‘আলাইহিম ওয়ালাদ্দাল্লীন।",
    "bn_haque": "“তাদের পথে যাদের প্রতি তুমি নিয়ামত অর্পণ করেছ, তাদের ব্যতীত যাদের প্রতি গযব এসেছে, এবং তাদেরও নয় যারা পথভ্রষ্ট।”",
    "bn_muhi": "সে সমস্ত লোকের পথ, যাদেরকে তুমি নেয়ামত দান করেছ। তাদের পথ নয়, যাদের প্রতি তোমার গজব নাযিল হয়েছে এবং যারা পথভ্রষ্ট হয়েছে।",
    "en": "The path of those upon whom You have bestowed favor, not of those who have evoked [Your] anger or of those who are astray."
  }
]