[
  {
    "id": 1,
    "ar": "عَبَسَ وَتَوَلَّىٰٓ",
    "tr": "‘আবাছা ওয়া তাওয়াল্লা-।",
    "bn_haque": "তিনি ভ্রকুটি করলেন এবং ফিরে বসলেন,",
    "bn_muhi": "তিনি ভ্রূকুঞ্চিত করলেন এবং মুখ ফিরিয়ে নিলেন।",
    "en": "The Prophet frowned and turned away"
  },
  {
    "id": 2,
    "ar": "أَن جَآءَهُ ٱلْأَعْمَىٰ",
    "tr": "আন জাআহুল আ‘মা-।",
    "bn_haque": "কেননা একজন অন্ধ তাঁর কাছে এসেছিল।",
    "bn_muhi": "কারণ, তাঁর কাছে এক অন্ধ আগমন করল।",
    "en": "Because there came to him the blind man, [interrupting]."
  },
  {
    "id": 3,
    "ar": "وَمَا يُدْرِيكَ لَعَلَّهُۥ يَزَّكَّىٰٓ",
    "tr": "ওয়ামা-ইউদরীকা লা‘আল্লাহু ইয়াঝঝাক্কা-।",
    "bn_haque": "আর কী তোমাকে বুঝতে দেবে যে সে হয়ত পবিত্র হতে চেয়েছিল,",
    "bn_muhi": "আপনি কি জানেন, সে হয়তো পরিশুদ্ধ হত,",
    "en": "But what would make you perceive, [O Muhammad], that perhaps he might be purified"
  },
  {
    "id": 4,
    "ar": "أَوْ يَذَّكَّرُ فَتَنفَعَهُ ٱلذِّكْرَىٰٓ",
    "tr": "আও ইয়াযযাক্কারু ফাতানফাআহুযযিকরা-।",
    "bn_haque": "অথবা সে মনোনিবেশ করত, ফলে স্মারকবাণী তার উপকারে আসত?",
    "bn_muhi": "অথবা উপদেশ গ্রহণ করতো এবং উপদেশ তার উপকার হত।",
    "en": "Or be reminded and the remembrance would benefit him?"
  },
  {
    "id": 5,
    "ar": "أَمَّا مَنِ ٱسْتَغْنَىٰ",
    "tr": "আম্মা-মানিছ তাগনা-।",
    "bn_haque": "আর তার ক্ষেত্রে যে নিজেকে সমৃদ্ধ ভাবে,",
    "bn_muhi": "পরন্তু যে বেপরোয়া,",
    "en": "As for he who thinks himself without need,"
  },
  {
    "id": 6,
    "ar": "فَأَنتَ لَهُۥ تَصَدَّىٰ",
    "tr": "ফাআনতা লাহূতাসাদ্দা-।",
    "bn_haque": "তুমি তো তার প্রতিই মনোযোগ দেখাচ্ছ।",
    "bn_muhi": "আপনি তার চিন্তায় মশগুল।",
    "en": "To him you give attention."
  },
  {
    "id": 7,
    "ar": "وَمَا عَلَيْكَ أَلَّا يَزَّكَّىٰ",
    "tr": "ওয়ামা-‘আলাইকা আল্লা-ইয়াঝঝাক্কা-।",
    "bn_haque": "অথচ তোমার উপরে নেই যদি সে নিজেকে পবিত্র না করে।",
    "bn_muhi": "সে শুদ্ধ না হলে আপনার কোন দোষ নেই।",
    "en": "And not upon you [is any blame] if he will not be purified."
  },
  {
    "id": 8,
    "ar": "وَأَمَّا مَن جَآءَكَ يَسْعَىٰ",
    "tr": "ওয়া আম্মা-মান জাআকা ইয়াছ‘আ-।",
    "bn_haque": "আর তার ক্ষেত্রে যে তোমার কাছে এসেছিল আগ্রহ নিয়ে,",
    "bn_muhi": "যে আপনার কাছে দৌড়ে আসলো",
    "en": "But as for he who came to you striving [for knowledge]"
  },
  {
    "id": 9,
    "ar": "وَهُوَ يَخْشَىٰ",
    "tr": "ওয়া হুওয়া ইয়াখশা-।",
    "bn_haque": "আর সে ভয় করছিল,",
    "bn_muhi": "এমতাবস্থায় যে, সে ভয় করে,",
    "en": "While he fears [ Allah ],"
  },
  {
    "id": 10,
    "ar": "فَأَنتَ عَنْهُ تَلَهَّىٰ",
    "tr": "ফাআনতা ‘আনহু তালাহহা-।",
    "bn_haque": "কিন্ত তুমি তার প্রতি অবহেলা দেখালে।",
    "bn_muhi": "আপনি তাকে অবজ্ঞা করলেন।",
    "en": "From him you are distracted."
  },
  {
    "id": 11,
    "ar": "كَلَّآ إِنَّهَا تَذْكِرَةٌ",
    "tr": "কাল্লাইন্নাহা-তাযকিরাহ।",
    "bn_haque": "কদাচ না! নিঃসন্দেহ এ এক স্মরণীয় বার্তা,",
    "bn_muhi": "কখনও এরূপ করবেন না, এটা উপদেশবানী।",
    "en": "No! Indeed, these verses are a reminder;"
  },
  {
    "id": 12,
    "ar": "فَمَن شَآءَ ذَكَرَهُۥ",
    "tr": "ফামান শাআ যাকরাহ ।",
    "bn_haque": "অতএব যে ইচ্ছা করে সে তা স্মরণ রাখুক।",
    "bn_muhi": "অতএব, যে ইচ্ছা করবে, সে একে গ্রহণ করবে।",
    "en": "So whoever wills may remember it."
  },
  {
    "id": 13,
    "ar": "فِى صُحُفٍ مُّكَرَّمَةٍ",
    "tr": "ফী সুহুফিম মুকাররামাহ",
    "bn_haque": "সম্মানিত পৃষ্ঠাগুলোয় --",
    "bn_muhi": "এটা লিখিত আছে সম্মানিত,",
    "en": "[It is recorded] in honored sheets,"
  },
  {
    "id": 14,
    "ar": "مَّرْفُوعَةٍ مُّطَهَّرَةٍۭ",
    "tr": "মারফূ‘আতিম মুতাহহারাহ।",
    "bn_haque": "সুউন্নত, সুপবিত্র,",
    "bn_muhi": "উচ্চ পবিত্র পত্রসমূহে,",
    "en": "Exalted and purified,"
  },
  {
    "id": 15,
    "ar": "بِأَيْدِى سَفَرَةٍ",
    "tr": "বিআইদী ছাফারাহ।",
    "bn_haque": "লেখকদের হস্তাক্ষরে,",
    "bn_muhi": "লিপিকারের হস্তে,",
    "en": "[Carried] by the hands of messenger-angels,"
  },
  {
    "id": 16,
    "ar": "كِرَامٍۭ بَرَرَةٍ",
    "tr": "কিরা-মিম বারারাহ।",
    "bn_haque": "সম্মানিত, গুণান্নিত।",
    "bn_muhi": "যারা মহৎ, পূত চরিত্র।",
    "en": "Noble and dutiful."
  },
  {
    "id": 17,
    "ar": "قُتِلَ ٱلْإِنسَٰنُ مَآ أَكْفَرَهُۥ",
    "tr": "কুতিলাল ইনছা-নুমা-আকফারাহ।",
    "bn_haque": "যা তাকে অকৃতজ্ঞ বানিয়েছে সেজন্য মানুষকে ধ্বংস করা হোক।",
    "bn_muhi": "মানুষ ধ্বংস হোক, সে কত অকৃতজ্ঞ!",
    "en": "Cursed is man; how disbelieving is he."
  },
  {
    "id": 18,
    "ar": "مِنْ أَىِّ شَىْءٍ خَلَقَهُۥ",
    "tr": "মিন আইয়ি শাইয়িন খালাকাহ।",
    "bn_haque": "কী জিনিস থেকে তাকে তিনি সৃষ্টি করেছেন?",
    "bn_muhi": "তিনি তাকে কি বস্তু থেকে সৃষ্টি করেছেন?",
    "en": "From what substance did He create him?"
  },
  {
    "id": 19,
    "ar": "مِن نُّطْفَةٍ خَلَقَهُۥ فَقَدَّرَهُۥ",
    "tr": "মিন নুতফাতিন খালাকাহূফাকাদ্দারাহ।",
    "bn_haque": "এক শুক্রকীট থেকে! তিনি তাকে সৃষ্টি করেছেন, তারপর তিনি তাকে সুসমঞ্জস করেছেন,",
    "bn_muhi": "শুক্র থেকে তাকে সৃষ্টি করেছেন, অতঃপর তাকে সুপরিমিত করেছেন।",
    "en": "From a sperm-drop He created him and destined for him;"
  },
  {
    "id": 20,
    "ar": "ثُمَّ ٱلسَّبِيلَ يَسَّرَهُۥ",
    "tr": "ছু ম্মাছ ছাবীলা ইয়াছছরাহ।",
    "bn_haque": "তারপর তার জন্য পথ সহজ করে দিয়েছেন,",
    "bn_muhi": "অতঃপর তার পথ সহজ করেছেন,",
    "en": "Then He eased the way for him;"
  },
  {
    "id": 21,
    "ar": "ثُمَّ أَمَاتَهُۥ فَأَقْبَرَهُۥ",
    "tr": "ছু ম্মা আমা-তাহূফাআকবারাহ।",
    "bn_haque": "তারপর তিনি তার মৃত্যু ঘটান, এবং তাকে কবরস্থ করেন,",
    "bn_muhi": "অতঃপর তার মৃত্যু ঘটান ও কবরস্থ করেন তাকে।",
    "en": "Then He causes his death and provides a grave for him."
  },
  {
    "id": 22,
    "ar": "ثُمَّ إِذَا شَآءَ أَنشَرَهُۥ",
    "tr": "ছু ম্মা ইযা-শাআ আনশারাহ।",
    "bn_haque": "তারপর যখন তিনি চাইবেন তখন তাকে পুনর্জীবিত করবেন।",
    "bn_muhi": "এরপর যখন ইচ্ছা করবেন তখন তাকে পুনরুজ্জীবিত করবেন।",
    "en": "Then when He wills, He will resurrect him."
  },
  {
    "id": 23,
    "ar": "كَلَّا لَمَّا يَقْضِ مَآ أَمَرَهُۥ",
    "tr": "কাল্লা-লাম্মা-ইয়াকদিমাআমারাহ।",
    "bn_haque": "না, তাকে তিনি যা আদেশ করেছিলেন তা সে পালন করে নি।",
    "bn_muhi": "সে কখনও কৃতজ্ঞ হয়নি, তিনি তাকে যা আদেশ করেছেন, সে তা পূর্ণ করেনি।",
    "en": "No! Man has not yet accomplished what He commanded him."
  },
  {
    "id": 24,
    "ar": "فَلْيَنظُرِ ٱلْإِنسَٰنُ إِلَىٰ طَعَامِهِۦٓ",
    "tr": "ফালাইয়ানজুরিল ইনছা-নুইলা-তা‘আ-মিহ।",
    "bn_haque": "অতএব মানুষ তার খাদ্যের দিকে ভেবে দেখুক --",
    "bn_muhi": "মানুষ তার খাদ্যের প্রতি লক্ষ্য করুক,",
    "en": "Then let mankind look at his food -"
  },
  {
    "id": 25,
    "ar": "أَنَّا صَبَبْنَا ٱلْمَآءَ صَبًّا",
    "tr": "আন্না-সাবাবনাল মাআ সাব্বা-।",
    "bn_haque": "কেমন ক’রে আমরা বৃষ্টি বর্ষণ করি বর্ষণধারায়,",
    "bn_muhi": "আমি আশ্চর্য উপায়ে পানি বর্ষণ করেছি,",
    "en": "How We poured down water in torrents,"
  },
  {
    "id": 26,
    "ar": "ثُمَّ شَقَقْنَا ٱلْأَرْضَ شَقًّا",
    "tr": "ছু ম্মা শাকাকনাল আরদা শাক্কা-।",
    "bn_haque": "তারপর আমরা মাটিকে ফাটিয়ে দিই চৌচির ক’রে,",
    "bn_muhi": "এরপর আমি ভূমিকে বিদীর্ণ করেছি,",
    "en": "Then We broke open the earth, splitting [it with sprouts],"
  },
  {
    "id": 27,
    "ar": "فَأَنۢبَتْنَا فِيهَا حَبًّا",
    "tr": "ফাআমবাতনা-ফীহা-হাব্বা-।",
    "bn_haque": "তারপর তাতে আমরা জন্মাই শস্য,",
    "bn_muhi": "অতঃপর তাতে উৎপন্ন করেছি শস্য,",
    "en": "And caused to grow within it grain"
  },
  {
    "id": 28,
    "ar": "وَعِنَبًا وَقَضْبًا",
    "tr": "ওয়া ‘ইনাবাওঁ ওয়া কাদবা-।",
    "bn_haque": "আর আঙ্গুর ও শাকসবজি,",
    "bn_muhi": "আঙ্গুর, শাক-সব্জি,",
    "en": "And grapes and herbage"
  },
  {
    "id": 29,
    "ar": "وَزَيْتُونًا وَنَخْلًا",
    "tr": "ওয়া ঝাইতূনাওঁ ওয়া নাখলা-।",
    "bn_haque": "আর জলপাই ও খেজুর,",
    "bn_muhi": "যয়তুন, খর্জূর,",
    "en": "And olive and palm trees"
  },
  {
    "id": 30,
    "ar": "وَحَدَآئِقَ غُلْبًا",
    "tr": "ওয়া হাদাইকা গুলবা-।",
    "bn_haque": "আর ঘন গাছপালাময় বাগান,",
    "bn_muhi": "ঘন উদ্যান,",
    "en": "And gardens of dense shrubbery"
  },
  {
    "id": 31,
    "ar": "وَفَٰكِهَةً وَأَبًّا",
    "tr": "ওয়া ফা-কিহাতাওঁ ওয়া আব্বা-।",
    "bn_haque": "আর ফলফসল ও তৃণলতা, --",
    "bn_muhi": "ফল এবং ঘাস",
    "en": "And fruit and grass -"
  },
  {
    "id": 32,
    "ar": "مَّتَٰعًا لَّكُمْ وَلِأَنْعَٰمِكُمْ",
    "tr": "মাতা-‘আল্লাকুম ওয়ালি আন‘আ-মিকুম।",
    "bn_haque": "তোমাদের জন্য খাদ্যভান্ডার ও তোমাদের গবাদি-পশুর জন্যেও।",
    "bn_muhi": "তোমাদেরও তোমাদের চতুস্পদ জন্তুদের উপাকারার্থে।",
    "en": "[As] enjoyment for you and your grazing livestock."
  },
  {
    "id": 33,
    "ar": "فَإِذَا جَآءَتِ ٱلصَّآخَّةُ",
    "tr": "ফাইযা-জাআতিসসা-খখাহ।",
    "bn_haque": "তারপর যেদিন কান-ফাটানো আওয়াজ আসবে --",
    "bn_muhi": "অতঃপর যেদিন কর্ণবিদারক নাদ আসবে,",
    "en": "But when there comes the Deafening Blast"
  },
  {
    "id": 34,
    "ar": "يَوْمَ يَفِرُّ ٱلْمَرْءُ مِنْ أَخِيهِ",
    "tr": "ইয়াওমা ইয়াফিররুল মারউ মিন আখীহ।",
    "bn_haque": "সেইদিন মানুষ তার ভাইকে ছেড়ে পালাবে,",
    "bn_muhi": "সেদিন পলায়ন করবে মানুষ তার ভ্রাতার কাছ থেকে,",
    "en": "On the Day a man will flee from his brother"
  },
  {
    "id": 35,
    "ar": "وَأُمِّهِۦ وَأَبِيهِ",
    "tr": "ওয়া উম্মিহী ওয়া আবীহ।",
    "bn_haque": "আর তার মাকে ও তার বাবাকে,",
    "bn_muhi": "তার মাতা, তার পিতা,",
    "en": "And his mother and his father"
  },
  {
    "id": 36,
    "ar": "وَصَٰحِبَتِهِۦ وَبَنِيهِ",
    "tr": "ওয়া সা-হিবাতিহী ওয়া বানীহ।",
    "bn_haque": "আর তার পতিপত্নীকে ও তার সন্তানসন্ততিকে।",
    "bn_muhi": "তার পত্নী ও তার সন্তানদের কাছ থেকে।",
    "en": "And his wife and his children,"
  },
  {
    "id": 37,
    "ar": "لِكُلِّ ٱمْرِئٍ مِّنْهُمْ يَوْمَئِذٍ شَأْنٌ يُغْنِيهِ",
    "tr": "লিকুল্লিম রিইম মিনহুম ইয়াওমাইযিন শা’নুইঁ ইউগনীহ।",
    "bn_haque": "সেদিন তাদের মধ্যের প্রত্যেক লোকেরই এত ব্যস্ততা থাকবে যে তাকে বেখেয়াল করে দেবে।",
    "bn_muhi": "সেদিন প্রত্যেকেরই নিজের এক চিন্তা থাকবে, যা তাকে ব্যতিব্যস্ত করে রাখবে।",
    "en": "For every man, that Day, will be a matter adequate for him."
  },
  {
    "id": 38,
    "ar": "وُجُوهٌ يَوْمَئِذٍ مُّسْفِرَةٌ",
    "tr": "উজূহুইঁ ইয়াওমাইযিমমুছফিরাহ।",
    "bn_haque": "অনেক মুখ সেইদিন হবে উজ্জ্বল,",
    "bn_muhi": "অনেক মুখমন্ডল সেদিন হবে উজ্জ্বল,",
    "en": "[Some] faces, that Day, will be bright -"
  },
  {
    "id": 39,
    "ar": "ضَاحِكَةٌ مُّسْتَبْشِرَةٌ",
    "tr": "দা-হিকাতুমমুছতাবশিরাহ।",
    "bn_haque": "হাসিমাখা, আনন্দমুখর,",
    "bn_muhi": "সহাস্য ও প্রফুল্ল।",
    "en": "Laughing, rejoicing at good news."
  },
  {
    "id": 40,
    "ar": "وَوُجُوهٌ يَوْمَئِذٍ عَلَيْهَا غَبَرَةٌ",
    "tr": "ওয়া উজূহুইঁ ইয়াওমাইযিন ‘আলাইহা-গাবারাহ।",
    "bn_haque": "আর সেইদিন অনেক মুখ -- তাদের উপরে ধূলো-বালি,",
    "bn_muhi": "এবং অনেক মুখমন্ডল সেদিন হবে ধুলি ধূসরিত।",
    "en": "And [other] faces, that Day, will have upon them dust."
  },
  {
    "id": 41,
    "ar": "تَرْهَقُهَا قَتَرَةٌ",
    "tr": "তারহাকুহা-কাতারাহ।",
    "bn_haque": "কালো- আঁধার তাদের ঢেকে ফেলবে।",
    "bn_muhi": "তাদেরকে কালিমা আচ্ছন্ন করে রাখবে।",
    "en": "Blackness will cover them."
  },
  {
    "id": 42,
    "ar": "أُو۟لَٰٓئِكَ هُمُ ٱلْكَفَرَةُ ٱلْفَجَرَةُ",
    "tr": "উলাইকা হুমুল কাফারাতুল ফাজারাহ।",
    "bn_haque": "এরা নিজেরাই সত্যপ্রত্যাখ্যানকারী, দুষ্কৃতিকারী।",
    "bn_muhi": "তারাই কাফের পাপিষ্ঠের দল।",
    "en": "Those are the disbelievers, the wicked ones."
  }
]