[
  {
    "id": 1,
    "ar": "إِذَا ٱلسَّمَآءُ ٱنشَقَّتْ",
    "tr": "ইযাছ ছামাউন শাক্কাত।",
    "bn_haque": "যখন আকাশ খন্ডবিখন্ড হবে,",
    "bn_muhi": "যখন আকাশ বিদীর্ণ হবে,",
    "en": "When the sky has split [open]"
  },
  {
    "id": 2,
    "ar": "وَأَذِنَتْ لِرَبِّهَا وَحُقَّتْ",
    "tr": "ওয়া আযিনাত লিরাব্বিহা-ওয়া হুক্কাত।",
    "bn_haque": "আর তার প্রভুর প্রতি উৎকর্ণ হবে এবং কর্তব্যরত হবে --",
    "bn_muhi": "ও তার পালনকর্তার আদেশ পালন করবে এবং আকাশ এরই উপযুক্ত",
    "en": "And has responded to its Lord and was obligated [to do so]"
  },
  {
    "id": 3,
    "ar": "وَإِذَا ٱلْأَرْضُ مُدَّتْ",
    "tr": "ওয়া ইযাল আরদুমুদ্দাত।",
    "bn_haque": "আর যখন পৃথিবীকে সমতল করা হবে,",
    "bn_muhi": "এবং যখন পৃথিবীকে সম্প্রসারিত করা হবে।",
    "en": "And when the earth has been extended"
  },
  {
    "id": 4,
    "ar": "وَأَلْقَتْ مَا فِيهَا وَتَخَلَّتْ",
    "tr": "ওয়া আল কাত মা-ফীহা-ওয়া তাখাল্লাত।",
    "bn_haque": "আর তার ভেতরে যা-কিছু রয়েছে তা নিক্ষেপ করবে এবং শূন্যগর্ভ হবে,",
    "bn_muhi": "এবং পৃথিবী তার গর্ভস্থিত সবকিছু বাইরে নিক্ষেপ করবে ও শুন্যগর্ভ হয়ে যাবে।",
    "en": "And has cast out that within it and relinquished [it]"
  },
  {
    "id": 5,
    "ar": "وَأَذِنَتْ لِرَبِّهَا وَحُقَّتْ",
    "tr": "ওয়া আযিনাত লিরাব্বিহা-ওয়া হুক্কাত।",
    "bn_haque": "ফলে তার প্রভুর প্রতি উৎকর্ণ হবে এবং কর্তব্যরত হবে।",
    "bn_muhi": "এবং তার পালনকর্তার আদেশ পালন করবে এবং পৃথিবী এরই উপযুক্ত।",
    "en": "And has responded to its Lord and was obligated [to do so] -"
  },
  {
    "id": 6,
    "ar": "يَٰٓأَيُّهَا ٱلْإِنسَٰنُ إِنَّكَ كَادِحٌ إِلَىٰ رَبِّكَ كَدْحًا فَمُلَٰقِيهِ",
    "tr": "ইয়াআইয়ুহাল ইনছা-নুইন্নাকা কা-দিহুন ইলা-রাব্বিকা কাদহান ফামুলা-কীহ।",
    "bn_haque": "ওহে মানব! নিশ্চয় তোমার প্রভুর তরফে তোমাকে প্রচেষ্টা চালাতে হবে বিশেষ উদ্যমে, তাহলে তুমি তাঁর সাক্ষাৎ পাবে।",
    "bn_muhi": "হে মানুষ, তোমাকে তোমরা পালনকর্তা পর্যন্ত পৌছতে কষ্ট স্বীকার করতে হবে, অতঃপর তার সাক্ষাৎ ঘটবে।",
    "en": "O mankind, indeed you are laboring toward your Lord with [great] exertion and will meet it."
  },
  {
    "id": 7,
    "ar": "فَأَمَّا مَنْ أُوتِىَ كِتَٰبَهُۥ بِيَمِينِهِۦ",
    "tr": "ফাআম্মা-মান ঊতিয়া কিতা-বাহূবিয়ামীনিহ।",
    "bn_haque": "সুতরাং তার ক্ষেত্রে যাকে তার নিবন্ধগ্রন্থ তার ডান হাতে দেওয়া হবে,",
    "bn_muhi": "যাকে তার আমলনামা ডান হাতে দেয়া হবে",
    "en": "Then as for he who is given his record in his right hand,"
  },
  {
    "id": 8,
    "ar": "فَسَوْفَ يُحَاسَبُ حِسَابًا يَسِيرًا",
    "tr": "ফাছাওফা ইউহা-ছাবুহিছা-বাইঁ ইয়াছীরা-।",
    "bn_haque": "তাকে তো তবে হিসেব চুকিয়ে দেওয়া হবে সহজ হিসেবনিকেশে,",
    "bn_muhi": "তার হিসাব-নিকাশ সহজে হয়ে যাবে",
    "en": "He will be judged with an easy account"
  },
  {
    "id": 9,
    "ar": "وَيَنقَلِبُ إِلَىٰٓ أَهْلِهِۦ مَسْرُورًا",
    "tr": "ওয়া ইয়ানকালিবুইলা-আহলিহী মাছরূরা-।",
    "bn_haque": "আর সে তার স্বজনদের কাছে ফিরে যাবে খুশি হয়ে।",
    "bn_muhi": "এবং সে তার পরিবার-পরিজনের কাছে হৃষ্টচিত্তে ফিরে যাবে",
    "en": "And return to his people in happiness."
  },
  {
    "id": 10,
    "ar": "وَأَمَّا مَنْ أُوتِىَ كِتَٰبَهُۥ وَرَآءَ ظَهْرِهِۦ",
    "tr": "ওয়া আম্মা-মান ঊতিয়া কিতা-বাহূওয়ারাআ জাহরিহ।",
    "bn_haque": "আর তার ক্ষেত্রে যাকে তার নিবন্ধগ্রন্থ তার পিঠের পশ্চাৎ দিকে দেওয়া হবে,",
    "bn_muhi": "এবং যাকে তার আমলনামা পিঠের পশ্চাদ্দিক থেকে দেয়া, হবে,",
    "en": "But as for he who is given his record behind his back,"
  },
  {
    "id": 11,
    "ar": "فَسَوْفَ يَدْعُوا۟ ثُبُورًا",
    "tr": "ফাছাওফা ইয়াদ‘ঊ ছুবূরা-।",
    "bn_haque": "সে তখনই ধ্বংসের জন্য আর্তনাদ করবে,",
    "bn_muhi": "সে মৃত্যুকে আহবান করবে,",
    "en": "He will cry out for destruction"
  },
  {
    "id": 12,
    "ar": "وَيَصْلَىٰ سَعِيرًا",
    "tr": "ওয়া ইয়াসলা-ছা‘ঈরা-।",
    "bn_haque": "আর জ্বলন্ত আগুনে প্রবেশ করবে।",
    "bn_muhi": "এবং জাহান্নামে প্রবেশ করবে।",
    "en": "And [enter to] burn in a Blaze."
  },
  {
    "id": 13,
    "ar": "إِنَّهُۥ كَانَ فِىٓ أَهْلِهِۦ مَسْرُورًا",
    "tr": "ইন্নাহূকা-না ফীআহলিহী মাছরূরা-।",
    "bn_haque": "নিঃসন্দেহ সে তার স্বজনদের মধ্যে ফুর্তিতে ছিল।",
    "bn_muhi": "সে তার পরিবার-পরিজনের মধ্যে আনন্দিত ছিল।",
    "en": "Indeed, he had [once] been among his people in happiness;"
  },
  {
    "id": 14,
    "ar": "إِنَّهُۥ ظَنَّ أَن لَّن يَحُورَ",
    "tr": "ইন্নাহূজান্না আল্লাইঁ ইয়াহূরা।",
    "bn_haque": "নিঃসন্দেহ সে ভেবেছিল যে সে কখনো ফিরে আসবে না।",
    "bn_muhi": "সে মনে করত যে, সে কখনও ফিরে যাবে না।",
    "en": "Indeed, he had thought he would never return [to Allah ]."
  },
  {
    "id": 15,
    "ar": "بَلَىٰٓ إِنَّ رَبَّهُۥ كَانَ بِهِۦ بَصِيرًا",
    "tr": "বালা-ইন্না রাব্বাহূকা-না বিহী বাসীরা-।",
    "bn_haque": "না, নিঃসন্দেহ তার প্রভু বরাবর তার প্রতি দৃষ্টিদাতা।",
    "bn_muhi": "কেন যাবে না, তার পালনকর্তা তো তাকে দেখতেন।",
    "en": "But yes! Indeed, his Lord was ever of him, Seeing."
  },
  {
    "id": 16,
    "ar": "فَلَآ أُقْسِمُ بِٱلشَّفَقِ",
    "tr": "ফালাউকছিমুবিশশাফাক।",
    "bn_haque": "কিন্ত না, আমি সাক্ষী করছি সূর্যাস্তের রক্তিমাভা,",
    "bn_muhi": "আমি শপথ করি সন্ধ্যাকালীন লাল আভার",
    "en": "So I swear by the twilight glow"
  },
  {
    "id": 17,
    "ar": "وَٱلَّيْلِ وَمَا وَسَقَ",
    "tr": "ওয়াল্লাইলি ওয়ামা-ওয়াছাক।",
    "bn_haque": "আর রাত্রিকে ও যা-কিছু তা তাড়িয়ে নেয়,",
    "bn_muhi": "এবং রাত্রির, এবং তাতে যার সমাবেশ ঘটে",
    "en": "And [by] the night and what it envelops"
  },
  {
    "id": 18,
    "ar": "وَٱلْقَمَرِ إِذَا ٱتَّسَقَ",
    "tr": "ওয়ালকামারি ইযাত্তাছাক।",
    "bn_haque": "আর চন্দ্রকে যখন সে পূর্ণাঙ্গতা পায়,",
    "bn_muhi": "এবং চন্দ্রের, যখন তা পূর্ণরূপ লাভ করে,",
    "en": "And [by] the moon when it becomes full"
  },
  {
    "id": 19,
    "ar": "لَتَرْكَبُنَّ طَبَقًا عَن طَبَقٍ",
    "tr": "লাতারকাবুন্না তাবাকান ‘আন তাবাক।",
    "bn_haque": "যেন তোমরা এক স্তর থেকে অন্য স্তরে আরোহণ করতে পারো।",
    "bn_muhi": "নিশ্চয় তোমরা এক সিঁড়ি থেকে আরেক সিঁড়িতে আরোহণ করবে।",
    "en": "[That] you will surely experience state after state."
  },
  {
    "id": 20,
    "ar": "فَمَا لَهُمْ لَا يُؤْمِنُونَ",
    "tr": "ফামা-লাহুম লা-ইউ’মিনূন।",
    "bn_haque": "সুতরাং তাদের কী হয়েছে যে তারা ঈমান আনছে না,",
    "bn_muhi": "অতএব, তাদের কি হল যে, তারা ঈমান আনে না?",
    "en": "So what is [the matter] with them [that] they do not believe,"
  },
  {
    "id": 21,
    "ar": "وَإِذَا قُرِئَ عَلَيْهِمُ ٱلْقُرْءَانُ لَا يَسْجُدُونَ ۩",
    "tr": "ওয়া ইযা-কুরিআ ‘আলাইহিমুল কুরআ-নুলা-ইয়াছজুদূন (ছিজদাহ-১৩)।",
    "bn_haque": "আর যখন তাদের নিকট কুরআন পাঠ করা হয় তখন তারা সিজদা করে না?",
    "bn_muhi": "যখন তাদের কাছে কোরআন পাঠ করা হয়, তখন সেজদা করে না।",
    "en": "And when the Qur'an is recited to them, they do not prostrate [to Allah ]?"
  },
  {
    "id": 22,
    "ar": "بَلِ ٱلَّذِينَ كَفَرُوا۟ يُكَذِّبُونَ",
    "tr": "বালিল্লাযীনা কাফারূইউকাযযিবূন।",
    "bn_haque": "পরন্তু যারা অবিশ্বাস করে তারা মিথ্যারোপ করে,",
    "bn_muhi": "বরং কাফেররা এর প্রতি মিথ্যারোপ করে।",
    "en": "But those who have disbelieved deny,"
  },
  {
    "id": 23,
    "ar": "وَٱللَّهُ أَعْلَمُ بِمَا يُوعُونَ",
    "tr": "ওয়াল্লা-হু আ‘লামুবিমা-ইয়ূ‘ঊন।",
    "bn_haque": "অথচ আল্লাহ্ ভালো জানেন যা তারা লুকোচ্ছে।",
    "bn_muhi": "তারা যা সংরক্ষণ করে, আল্লাহ তা জানেন।",
    "en": "And Allah is most knowing of what they keep within themselves."
  },
  {
    "id": 24,
    "ar": "فَبَشِّرْهُم بِعَذَابٍ أَلِيمٍ",
    "tr": "ফাবাশশিরহুম বি‘আযা-বিন আলীম।",
    "bn_haque": "অতএব তাদের সুসংবাদ দাও মর্মন্তুদ শাস্তির,",
    "bn_muhi": "অতএব, তাদেরকে যন্ত্রণাদায়ক শাস্তির সুসংবাদ দিন।",
    "en": "So give them tidings of a painful punishment,"
  },
  {
    "id": 25,
    "ar": "إِلَّا ٱلَّذِينَ ءَامَنُوا۟ وَعَمِلُوا۟ ٱلصَّٰلِحَٰتِ لَهُمْ أَجْرٌ غَيْرُ مَمْنُونٍۭ",
    "tr": "ইল্লাল্লাযীনা আ-মানূওয়া ‘আমিলুস সা-লিহা-তি লাহুম আজরুন গাইরু মামনূন।",
    "bn_haque": "তারা ব্যতীত যারা ঈমান এনেছে ও সৎকাজ করছে, -- তাদের জন্য রয়েছে এক নিরবচ্ছিন্ন প্রতিদান।",
    "bn_muhi": "কিন্তু যারা বিশ্বাস স্থাপন করে ও সৎকর্ম করে, তাদের জন্য রয়েছে অফুরন্ত পুরস্কার।",
    "en": "Except for those who believe and do righteous deeds. For them is a reward uninterrupted."
  }
]