[
  {
    "id": 1,
    "ar": "قَدْ سَمِعَ ٱللَّهُ قَوْلَ ٱلَّتِى تُجَٰدِلُكَ فِى زَوْجِهَا وَتَشْتَكِىٓ إِلَى ٱللَّهِ وَٱللَّهُ يَسْمَعُ تَحَاوُرَكُمَآ إِنَّ ٱللَّهَ سَمِيعٌۢ بَصِيرٌ",
    "tr": "কাদ ছামি‘আল্লা-হু কাওলাল্লাতী তুজা-দিলুকা ফী ঝাওজিহা-ওয়া তাশতাকীইলাল্লা-হি ওয়াল্লা-হু ইয়াছমা‘উ তাহা-উরাকুমা- ইন্নাল্লা-হা ছামী‘উম বাসীর।",
    "bn_haque": "আল্লাহ্ আলবৎ তার কথা শুনেছেন যে তার স্বামী সন্বন্ধে তোমার কাছে অনুযোগ করছে আর আল্লাহ্‌র নিকট ফরিয়াদ করছে, আর আল্লাহ্ তোমাদের দুজনের কথোপকথন শুনেছেন। নিশ্চয় আল্লাহ্ সর্বশ্রোতা, সম্যক দ্রষ্টা।",
    "bn_muhi": "যে নারী তার স্বামীর বিষয়ে আপনার সাথে বাদানুবাদ করছে এবং অভিযোগ পেশ করছে আল্লাহর দরবারে, আল্লাহ তার কথা শুনেছেন। আল্লাহ আপনাদের উভয়ের কথাবার্তা শুনেন। নিশ্চয় আল্লাহ সবকিছু শুনেন, সবকিছু দেখেন।",
    "en": "Certainly has Allah heard the speech of the one who argues with you, [O Muhammad], concerning her husband and directs her complaint to Allah . And Allah hears your dialogue; indeed, Allah is Hearing and Seeing."
  },
  {
    "id": 2,
    "ar": "ٱلَّذِينَ يُظَٰهِرُونَ مِنكُم مِّن نِّسَآئِهِم مَّا هُنَّ أُمَّهَٰتِهِمْ إِنْ أُمَّهَٰتُهُمْ إِلَّا ٱلَّٰٓـِٔى وَلَدْنَهُمْ وَإِنَّهُمْ لَيَقُولُونَ مُنكَرًا مِّنَ ٱلْقَوْلِ وَزُورًا وَإِنَّ ٱللَّهَ لَعَفُوٌّ غَفُورٌ",
    "tr": "আল্লাযীনা ইউজা-হিরূনা মিনকুম মিনিছাইহিম মা-হুন্না উম্মাহা-তিহিম ইন উম্মাহাতুহুম ইল্লাল লাঈ ওয়ালাদনাহুম ওয়া ইন্নাহুম লাইয়াকূলূনা মুনকারাম মিনাল কাওলি ওয়াঝূরা- ওয়া ইন্নাল্লা-হা লা‘আফুওউন গাফূর।",
    "bn_haque": "তোমাদের মধ্যের যারা তাদের স্ত্রীদের থেকে 'যিহার’ করে, -- তারা তাদের মা নয়। তাদের মায়েরা তো শুধু যারা তাদের জন্মদান করেছে তারা বৈ তো নয়। আর তারা তো নিঃসন্দেহ কথা বলছে এক গর্হিত কথা ও একটি ডাহা মিথ্যা। আর নিঃসন্দেহ আল্লাহ্ নিশ্চিত মার্জনাকারী, পরিত্রাণকারী।",
    "bn_muhi": "তোমাদের মধ্যে যারা তাদের স্ত্রীগণকে মাতা বলে ফেলে, তাদের স্ত্রীগণ তাদের মাতা নয়। তাদের মাতা কেবল তারাই, যারা তাদেরকে জন্মদান করেছে। তারা তো অসমীচীন ও ভিত্তিহীন কথাই বলে। নিশ্চয় আল্লাহ মার্জনাকারী, ক্ষমাশীল।",
    "en": "Those who pronounce thihar among you [to separate] from their wives - they are not [consequently] their mothers. Their mothers are none but those who gave birth to them. And indeed, they are saying an objectionable statement and a falsehood. But indeed, Allah is Pardoning and Forgiving."
  },
  {
    "id": 3,
    "ar": "وَٱلَّذِينَ يُظَٰهِرُونَ مِن نِّسَآئِهِمْ ثُمَّ يَعُودُونَ لِمَا قَالُوا۟ فَتَحْرِيرُ رَقَبَةٍ مِّن قَبْلِ أَن يَتَمَآسَّا ذَٰلِكُمْ تُوعَظُونَ بِهِۦ وَٱللَّهُ بِمَا تَعْمَلُونَ خَبِيرٌ",
    "tr": "ওয়াল্লাযীনা ইউজা-হিরূনা মিন্নিছাইহিম ছু ম্মা ইয়া‘ঊদূ না লিমা-কা-লূফাতাহরীরু রাকাবাতিম মিন কাবলি আইঁ ইয়াতামাছছা- যা-লিকুম তূ‘আজূনা বিহী ওয়াল্লাহু বিমা-তা‘মালূনা খাবীর।",
    "bn_haque": "আর যারা তাদের স্ত্রীদের থেকে 'যিহার’ করে, তারপর তারা যা বলেছে তা প্রত্যাহার করে, সেক্ষেত্রে একে-অপরকে স্পর্শ করার পূর্বে একটি দাসের মুক্তিদান। এইটির দ্বারাই তোমাদের নির্দেশ দেওয়া হলো। আর তোমরা যা করছ সে-সন্বন্ধে আল্লাহ্ চির- ওয়াকিফহাল।",
    "bn_muhi": "যারা তাদের স্ত্রীগণকে মাতা বলে ফেলে, অতঃপর নিজেদের উক্তি প্রত্যাহার করে, তাদের কাফফারা এই একে অপরকে স্পর্শ করার পূর্বে একটি দাসকে মুক্তি দিবে। এটা তোমাদের জন্যে উপদেশ হবে। আল্লাহ খবর রাখেন তোমরা যা কর।",
    "en": "And those who pronounce thihar from their wives and then [wish to] go back on what they said - then [there must be] the freeing of a slave before they touch one another. That is what you are admonished thereby; and Allah is Acquainted with what you do."
  },
  {
    "id": 4,
    "ar": "فَمَن لَّمْ يَجِدْ فَصِيَامُ شَهْرَيْنِ مُتَتَابِعَيْنِ مِن قَبْلِ أَن يَتَمَآسَّا فَمَن لَّمْ يَسْتَطِعْ فَإِطْعَامُ سِتِّينَ مِسْكِينًا ذَٰلِكَ لِتُؤْمِنُوا۟ بِٱللَّهِ وَرَسُولِهِۦ وَتِلْكَ حُدُودُ ٱللَّهِ وَلِلْكَٰفِرِينَ عَذَابٌ أَلِيمٌ",
    "tr": "ফামাল্লাম ইয়াজিদ ফাসিয়া-মুশাহরাইনি মুতাতা-বি‘আইনি মিন কাবলি আইঁ ইয়াতামাছছা- ফামাল্লাম ইয়াছতাতি‘ ফাইত‘আ-মুছিত্তীনা মিছকীনা- যা-লিকা লিতু’মিনূবিল্লাহি ওয়া রাছূলিহী ওয়া তিলকা হুদূদুল্লা-হি ওয়া লিল কা-ফিরীনা ‘আযা-বুন আলীম।",
    "bn_haque": "কিন্ত যে খোঁজে পায় না, তবে একে-অপরকে স্পর্শ করার পূর্বে পরপর দুই মাস রোযা রাখা। কিন্ত যে শক্তি রাখে না, তা’হলে ষাটজন অভাবগ্রস্তকে খাওয়ানো। এ এজন্য যে তোমরা যেন আল্লাহ্ ও তাঁর রসূলের প্রতি বিশ্বাস স্থাপন কর, আর এগুলো হচ্ছে আল্লাহ্‌র বিধি-নিষেধ। আর অবিশ্বাসীদের জন্য রয়েছে মর্মন্তুদ শাস্তি।",
    "bn_muhi": "যার এ সামর্থ্য নেই, সে একে অপরকে স্পর্শ করার পূর্বে একাদিক্রমে দুই মাস রোযা রাখবে। যে এতেও অক্ষম হয় সে ষাট জন মিসকীনকে আহার করাবে। এটা এজন্যে, যাতে তোমরা আল্লাহ ও তাঁর রসূলের প্রতি বিশ্বাস স্থাপন কর। এগুলো আল্লাহর নির্ধারিত শাস্তি। আর কাফেরদের জন্যে রয়েছে যন্ত্রণা দায়ক আযাব।",
    "en": "And he who does not find [a slave] - then a fast for two months consecutively before they touch one another; and he who is unable - then the feeding of sixty poor persons. That is for you to believe [completely] in Allah and His Messenger; and those are the limits [set by] Allah . And for the disbelievers is a painful punishment."
  },
  {
    "id": 5,
    "ar": "إِنَّ ٱلَّذِينَ يُحَآدُّونَ ٱللَّهَ وَرَسُولَهُۥ كُبِتُوا۟ كَمَا كُبِتَ ٱلَّذِينَ مِن قَبْلِهِمْ وَقَدْ أَنزَلْنَآ ءَايَٰتٍۭ بَيِّنَٰتٍ وَلِلْكَٰفِرِينَ عَذَابٌ مُّهِينٌ",
    "tr": "ইন্নাল্লাযীনা ইউহাদ্দূনাল্লা-হা ওয়া রাছূলাহূকুবিতূকামা-কুবিতাল্লাযীনা মিন কাবলিহিম ওয়া কাদ আনঝালনাআ-য়া-তিম বাইয়িনা-তিওঁ ওয়ালিলকা-ফিরীনা ‘আযা-বুম মুহীন।",
    "bn_haque": "নিঃসন্দেহ যারা আল্লাহ্ ও তাঁর রসূলের বিরুদ্ধাচরণ করে তাদের অপদস্থ করা হবে যেমন অপদস্থ করা হয়ে ছিল তাদের যারা ছিল এদের পূর্ববর্তী, আর আমরা সুস্পষ্ট নির্দেশাবলী অবতারণ করেই দিয়েছি। আর অবিশ্বাসীদের জন্য রয়েছে লাঞ্ছনাদায়ক শাস্তি।",
    "bn_muhi": "যারা আল্লাহর তাঁর রসূলের বিরুদ্ধাচরণ করে, তারা অপদস্থ হয়েছে, যেমন অপদস্থ হয়েছে তাদের পূর্ববর্তীরা। আমি সুস্পষ্ট আয়াতসমূহ নাযিল করেছি। আর কাফেরদের জন্যে রয়েছে অপমানজনক শাস্তি।",
    "en": "Indeed, those who oppose Allah and His Messenger are abased as those before them were abased. And We have certainly sent down verses of clear evidence. And for the disbelievers is a humiliating punishment."
  },
  {
    "id": 6,
    "ar": "يَوْمَ يَبْعَثُهُمُ ٱللَّهُ جَمِيعًا فَيُنَبِّئُهُم بِمَا عَمِلُوٓا۟ أَحْصَىٰهُ ٱللَّهُ وَنَسُوهُ وَٱللَّهُ عَلَىٰ كُلِّ شَىْءٍ شَهِيدٌ",
    "tr": "ইয়াওমা ইয়াব‘আছুহুমুল্লা-হু জামী‘আন ফাইউনাব্বিউহুম বিমা-‘আমিলূ আহসা-হুল্লা-হু ওয়া নাছূহু ওয়াল্লা-হু ‘আলা-কুল্লি শাইয়িন শাহীদ।",
    "bn_haque": "একদিন আল্লাহ্ তাদেরকে একই সঙ্গে উঠিয়ে আনবেন, তখন তিনি তাদের জানিয়ে দেবেন কি তারা করেছিল। আল্লাহ্ এর হিসাব রেখেছেন যদিও তারা তা ভুলে গেছে। বস্তুত আল্লাহ্ সব-কিছুর উপরে সাক্ষী রয়েছেন।",
    "bn_muhi": "সেদিন স্মরণীয়; যেদিন আল্লাহ তাদের সকলকে পুনরুত্থিত করবেন, অতঃপর তাদেরকে জানিয়ে দিবেন যা তারা করত। আল্লাহ তার হিসাব রেখেছেন, আর তারা তা ভুলে গেছে। আল্লাহর সামনে উপস্থিত আছে সব বস্তুই।",
    "en": "On the Day when Allah will resurrect them all and inform them of what they did. Allah had enumerated it, while they forgot it; and Allah is, over all things, Witness."
  },
  {
    "id": 7,
    "ar": "أَلَمْ تَرَ أَنَّ ٱللَّهَ يَعْلَمُ مَا فِى ٱلسَّمَٰوَٰتِ وَمَا فِى ٱلْأَرْضِ مَا يَكُونُ مِن نَّجْوَىٰ ثَلَٰثَةٍ إِلَّا هُوَ رَابِعُهُمْ وَلَا خَمْسَةٍ إِلَّا هُوَ سَادِسُهُمْ وَلَآ أَدْنَىٰ مِن ذَٰلِكَ وَلَآ أَكْثَرَ إِلَّا هُوَ مَعَهُمْ أَيْنَ مَا كَانُوا۟ ثُمَّ يُنَبِّئُهُم بِمَا عَمِلُوا۟ يَوْمَ ٱلْقِيَٰمَةِ إِنَّ ٱللَّهَ بِكُلِّ شَىْءٍ عَلِيمٌ",
    "tr": "আলাম তারা আন্নাল্লা-হা ইয়া‘লামুমা-ফিছছামা-ওয়া-তি ওয়ামা-ফিল আরদি মাইয়াকূনুমিন নাজওয়া-ছালা-ছাতিন ইল্লা-হুওয়া রা-বি‘উহুম ওয়ালা-খামছাতিন ইল্লাহুওয়া ছা-দিছুহুম ওয়ালাআদনা-মিন যা-লিকা ওয়ালাআকছারা ইল্লা-হুওয়া মা‘আহুম আইনা মা-কা-নূ ছু ম্মা ইউনাব্বিউহুম বিমা-‘আমিলূইয়াওমাল কিয়া-মাতি ইন্নাল্লা-হা বিকুল্লি শাইয়িন ‘আলীম।",
    "bn_haque": "তুমি কি লক্ষ্য কর নি যে আল্লাহ্ জানেন যা-কিছু আছে মহাকাশমন্ডলে ও যা-কিছু রয়েছে পৃথিবীতে? তিনজনের কোনো গোপন পরামর্শ-সভা নেই যেখানে তিনি তাদের চতুর্থজন নন, আর পাঁচজনেরও নেই যেখানে তিনি তাদের ষষ্ঠজন নন, আর এর চেয়ে কম হোক অথবা বেশী হোক, সর্বাবস্থায় তিনি তাদের সঙ্গে রয়েছেন যেখানেই তারা থাকুক না কেন। তারপর তিনি কিয়ামতের দিনে তাদের জানিয়ে দেবেন কি তারা করেছিল। নিঃসন্দেহ আল্লাহ্ সব-কিছু সন্বন্ধে সর্বজ্ঞাতা।",
    "bn_muhi": "আপনি কি ভেবে দেখেননি যে, নভোমন্ডল ও ভূমন্ডলে যা কিছু আছে, আল্লাহ তা জানেন। তিন ব্যক্তির এমন কোন পরামর্শ হয় না যাতে তিনি চতুর্থ না থাকেন এবং পাঁচ জনেরও হয় না, যাতে তিনি ষষ্ঠ না থাকেন তারা এতদপেক্ষা কম হোক বা বেশী হোক তারা যেখানেই থাকুক না কেন তিনি তাদের সাথে আছেন, তারা যা করে, তিনি কেয়ামতের দিন তা তাদেরকে জানিয়ে দিবেন। নিশ্চয় আল্লাহ সর্ববিষয়ে সম্যক জ্ঞাত।",
    "en": "Have you not considered that Allah knows what is in the heavens and what is on the earth? There is in no private conversation three but that He is the fourth of them, nor are there five but that He is the sixth of them - and no less than that and no more except that He is with them [in knowledge] wherever they are. Then He will inform them of what they did, on the Day of Resurrection. Indeed Allah is, of all things, Knowing."
  },
  {
    "id": 8,
    "ar": "أَلَمْ تَرَ إِلَى ٱلَّذِينَ نُهُوا۟ عَنِ ٱلنَّجْوَىٰ ثُمَّ يَعُودُونَ لِمَا نُهُوا۟ عَنْهُ وَيَتَنَٰجَوْنَ بِٱلْإِثْمِ وَٱلْعُدْوَٰنِ وَمَعْصِيَتِ ٱلرَّسُولِ وَإِذَا جَآءُوكَ حَيَّوْكَ بِمَا لَمْ يُحَيِّكَ بِهِ ٱللَّهُ وَيَقُولُونَ فِىٓ أَنفُسِهِمْ لَوْلَا يُعَذِّبُنَا ٱللَّهُ بِمَا نَقُولُ حَسْبُهُمْ جَهَنَّمُ يَصْلَوْنَهَا فَبِئْسَ ٱلْمَصِيرُ",
    "tr": "আলাম তারা ইলাল্লাযীনা নুহূ‘আনিন্নাজওয়া-ছু ম্মা ইয়া‘ঊদূ না লিমা-নুহূ ‘আনহু ওয়া ইয়াতানা-জাওনা বিলইছমি ওয়াল ‘উদওয়া-নি ওয়া মা‘সিয়াতিররাছূলি ওয়া ইযাজাঊকা হাইইয়াওকা বিমা-লাম ইউহায়িকা বিহিল্লা-হু ওয়া ইয়াকূলূনা ফী আনফুছিহিম লাওলা-ইউ‘আযযি বুনাল্লা-হু বিমা-নাকূলু হাছবুহুম জাহান্নামু ইয়াসলাওনাহা- ফাবি’ছাল মাসীর।",
    "bn_haque": "তুমি কি তাদের প্রতি লক্ষ্য কর নি যাদের নিষেধ করা হয়েছিল গোপন পরামর্শ-সভা পাততে, তারপর তারা ফিরে গিয়েছিল তাতে যা করতে তাদের নিষেধ করা হয়েছিল? আর তারা সলা-পরামর্শ করছে পাপাচরণে ও শত্রুতায় ও রসূলের প্রতি বিরুদ্ধাচরণের জন্য, আর যখন তারা তোমার কাছে আসে তখন তারা তোমাকে সম্ভাষণ করে এমনভাবে যেভাবে আল্লাহ্ তোমাকে সম্ভাষণ করেন না। আর তারা নিজেদের মধ্যে বলাবলি করে -- \"কেন আল্লাহ্ আমাদের শাস্তি দেন না আমরা যা বলি সেজন্য?\" তাদের জন্য জাহান্নামই যথেষ্ট -- তারা তাতেই প্রবেশ করবে, সুতরাং কত নিকৃষ্ট এই গন্তব্যস্থল!",
    "bn_muhi": "আপনি কি ভেবে দেখেননি, যাদেরকে কানাঘুষা করতে নিষেধ করা হয়েছিল অতঃপর তারা নিষিদ্ধ কাজেরই পুনরাবৃত্তি করে এবং পাপাচার, সীমালংঘন এবং রসূলের অবাধ্যতার বিষয়েই কানাঘুষা করে। তারা যখন আপনার কাছে আসে, তখন আপনাকে এমন ভাষায় সালাম করে, যদ্দ্বারা আল্লাহ আপনাকে সালাম করেননি। তারা মনে মনে বলেঃ আমরা যা বলি, তজ্জন্যে আল্লাহ আমাদেরকে শাস্তি দেন না কেন? জাহান্নামই তাদের জন্যে যথেষ্ট। তারা তাতে প্রবেশ করবে। কতই না নিকৃষ্ট সেই জায়গা।",
    "en": "Have you not considered those who were forbidden from private conversation, then they return to that which they were forbidden and converse among themselves about sin and aggression and disobedience to the Messenger? And when they come to you, they greet you with that [word] by which Allah does not greet you and say among themselves, \"Why does Allah not punish us for what we say?\" Sufficient for them is Hell, which they will [enter to] burn, and wretched is the destination."
  },
  {
    "id": 9,
    "ar": "يَٰٓأَيُّهَا ٱلَّذِينَ ءَامَنُوٓا۟ إِذَا تَنَٰجَيْتُمْ فَلَا تَتَنَٰجَوْا۟ بِٱلْإِثْمِ وَٱلْعُدْوَٰنِ وَمَعْصِيَتِ ٱلرَّسُولِ وَتَنَٰجَوْا۟ بِٱلْبِرِّ وَٱلتَّقْوَىٰ وَٱتَّقُوا۟ ٱللَّهَ ٱلَّذِىٓ إِلَيْهِ تُحْشَرُونَ",
    "tr": "ইয়াআইয়ুহাল্লাযীনা আ-মানূইযা-তানা-জাইতুম ফালা-তাতানা-জাও বিল ইছমি ওয়াল ‘উদওয়া-নি ওয়ামা‘সিয়াতির রাছূলি ওয়া তানা-জাও বিলবিররি ওয়াত্তাকওয়া- ওয়াত্তাকুল্লা-হাল্লাযীইলাইহি তুহশারূন।",
    "bn_haque": "ওহে যারা ঈমান এনেছ! যখন তোমরা কোনো গোপন পরামর্শ-সভা পাতো তখন তোমরা পরামর্শ করো না পাপাচরণ ও শত্রুতা ও রসূলের প্রতি অবাধ্যতার জন্য, বরং তোমরা পরামর্শ করো সৎকর্মের ও ধর্মভীরুতার জন্যে, আর আল্লাহ্‌কে ভয়-ভক্তি করো যাঁর কাছে তোমাদের একত্রিত করা হবে।",
    "bn_muhi": "মুমিনগণ, তোমরা যখন কানাকানি কর, তখন পাপাচার, সীমালংঘন ও রসূলের অবাধ্যতার বিষয়ে কানাকানি করো না বরং অনুগ্রহ ও খোদাভীতির ব্যাপারে কানাকানি করো। আল্লাহকে ভয় কর, যাঁর কাছে তোমরা একত্রিত হবে।",
    "en": "O you who have believed, when you converse privately, do not converse about sin and aggression and disobedience to the Messenger but converse about righteousness and piety. And fear Allah, to whom you will be gathered."
  },
  {
    "id": 10,
    "ar": "إِنَّمَا ٱلنَّجْوَىٰ مِنَ ٱلشَّيْطَٰنِ لِيَحْزُنَ ٱلَّذِينَ ءَامَنُوا۟ وَلَيْسَ بِضَآرِّهِمْ شَيْـًٔا إِلَّا بِإِذْنِ ٱللَّهِ وَعَلَى ٱللَّهِ فَلْيَتَوَكَّلِ ٱلْمُؤْمِنُونَ",
    "tr": "ইন্নামান্নাজওয়া-মিনাশশাইতা-নি লিয়াহঝুনাল্লাযীনা আ-মানূওয়া লাইছা বিদারিহিম শাইআন ইল্লা-বিইযনিল্লা -হি ওয়া ‘আলাল্লা-হি ফালইয়াতাওয়াক্কালিল মু’মিনূন।",
    "bn_haque": "নিঃসন্দেহ সলা-পরামর্শ কেবল শয়তানের তরফ থেকে হয়ে থাকে, যেন সে যন্ত্রণা দিতে পারে তাদের যারা ঈমান এনেছে, বস্তুত তাদের কোনো অনিষ্ট হতে পারে না আল্লাহ্‌র অনুমতি ব্যতীত। কাজেই আল্লাহ্‌র উপরেই তবে নির্ভর করুক বিশ্বাসিগণ।",
    "bn_muhi": "এই কানাঘুষা তো শয়তানের কাজ; মুমিনদেরকে দুঃখ দেয়ার দেয়ার জন্যে। তবে আল্লাহর অনুমতি ব্যতীত সে তাদের কোন ক্ষতি করতে পারবে না। মুমিনদের উচিত আল্লাহর উপর ভরসা করা।",
    "en": "Private conversation is only from Satan that he may grieve those who have believed, but he will not harm them at all except by permission of Allah . And upon Allah let the believers rely."
  },
  {
    "id": 11,
    "ar": "يَٰٓأَيُّهَا ٱلَّذِينَ ءَامَنُوٓا۟ إِذَا قِيلَ لَكُمْ تَفَسَّحُوا۟ فِى ٱلْمَجَٰلِسِ فَٱفْسَحُوا۟ يَفْسَحِ ٱللَّهُ لَكُمْ وَإِذَا قِيلَ ٱنشُزُوا۟ فَٱنشُزُوا۟ يَرْفَعِ ٱللَّهُ ٱلَّذِينَ ءَامَنُوا۟ مِنكُمْ وَٱلَّذِينَ أُوتُوا۟ ٱلْعِلْمَ دَرَجَٰتٍ وَٱللَّهُ بِمَا تَعْمَلُونَ خَبِيرٌ",
    "tr": "ইয়াআইয়ুহাল্লাযীনা আ-মানূইযা-কীলা লাকুম তাফাছ ছাহূফিল মাজা-লিছি ফাফছাহূ ইয়াফছাহিল্লা-হু লাকুম ওয়া ইযা-কীলানশুঝূফানশুঝূইয়ারফা‘ইল্লা-হুল্লাযীনা আমানূমিনকুম ওয়াল্লাযীনা ঊতুল ‘ইলমা দারাজা-তিও ওয়াল্লা-হু বিমা- তা‘মালূনা খাবীর।",
    "bn_haque": "ওহে যারা ঈমান এনেছ! যখন তোমাদের বলা হয় মজলিস-গুলোয় জায়গা করে দাও, তখন জায়গা করে দিয়ো, আল্লাহ্ তোমাদের জন্য জায়গা করে দেবেন। আর যখন বলা হয় উঠে দাঁড়াও, তখন উঠে দাঁড়িয়ো, তোমাদের মধ্যের যারা ঈমান এনেছে ও যাদের জ্ঞান দেওয়া হয়েছে আল্লাহ্ তাদের স্তরে স্তরে মর্যাদায় উন্নত করবেন। আর তোমরা যা করছ সে-সন্বন্ধে আল্লাহ্ চির-ওয়াকিফহাল।",
    "bn_muhi": "মুমিনগণ, যখন তোমাদেরকে বলা হয়ঃ মজলিসে স্থান প্রশস্ত করে দাও, তখন তোমরা স্থান প্রশস্ত করে দিও। আল্লাহর জন্যে তোমাদের জন্য প্রশস্ত করে দিবেন। যখন বলা হয়ঃ উঠে যাও, তখন উঠে যেয়ো। তোমাদের মধ্যে যারা ঈমানদার এবং যারা জ্ঞানপ্রাপ্ত, আল্লাহ তাদের মর্যাদা উচ্চ করে দিবেন। আল্লাহ খবর রাখেন যা কিছু তোমরা কর।",
    "en": "O you who have believed, when you are told, \"Space yourselves\" in assemblies, then make space; Allah will make space for you. And when you are told, \"Arise,\" then arise; Allah will raise those who have believed among you and those who were given knowledge, by degrees. And Allah is Acquainted with what you do."
  },
  {
    "id": 12,
    "ar": "يَٰٓأَيُّهَا ٱلَّذِينَ ءَامَنُوٓا۟ إِذَا نَٰجَيْتُمُ ٱلرَّسُولَ فَقَدِّمُوا۟ بَيْنَ يَدَىْ نَجْوَىٰكُمْ صَدَقَةً ذَٰلِكَ خَيْرٌ لَّكُمْ وَأَطْهَرُ فَإِن لَّمْ تَجِدُوا۟ فَإِنَّ ٱللَّهَ غَفُورٌ رَّحِيمٌ",
    "tr": "ইয়াআইয়ুহাল্লাযীনা আ-মানূইযা-না-জাইতুমুর রাছূলা ফাকাদ্দিমূবাইনা ইয়াদাই নাজওয়া-কুম সাদাকাতান যা-লিকা খাইরুল্লাকুম ওয়া আতহারু ফাইল্লাম তাজিদূ ফাইন্নাল্লা-হা গাফূরুর রাহীম।",
    "bn_haque": "ওহে যারা ঈমান এনেছ! তোমরা যখন রসূলের সঙ্গে ব্যক্তিগত পরামর্শ কর তখন তোমাদের পরামর্শের আগে দান-খয়রাত আগবাড়াবে, এইটি তোমাদের জন্য শ্রেয় ও পবিত্রতর। কিন্ত যদি তোমরা না পাও তবে নিঃসন্দেহ আল্লাহ্ পরিত্রাণকারী, অফুরন্ত ফলদাতা।",
    "bn_muhi": "মুমিনগণ, তোমরা রসূলের কাছে কানকথা বলতে চাইলে তৎপূর্বে সদকা প্রদান করবে। এটা তোমাদের জন্যে শ্রেয়ঃ ও পবিত্র হওয়ার ভাল উপায়। যদি তাতে সক্ষম না হও, তবে আল্লাহ ক্ষমাশীল, পরম দয়ালু।",
    "en": "O you who have believed, when you [wish to] privately consult the Messenger, present before your consultation a charity. That is better for you and purer. But if you find not [the means] - then indeed, Allah is Forgiving and Merciful."
  },
  {
    "id": 13,
    "ar": "ءَأَشْفَقْتُمْ أَن تُقَدِّمُوا۟ بَيْنَ يَدَىْ نَجْوَىٰكُمْ صَدَقَٰتٍ فَإِذْ لَمْ تَفْعَلُوا۟ وَتَابَ ٱللَّهُ عَلَيْكُمْ فَأَقِيمُوا۟ ٱلصَّلَوٰةَ وَءَاتُوا۟ ٱلزَّكَوٰةَ وَأَطِيعُوا۟ ٱللَّهَ وَرَسُولَهُۥ وَٱللَّهُ خَبِيرٌۢ بِمَا تَعْمَلُونَ",
    "tr": "আ আশফাকতুম আন তুকাদ্দিমূবাইনা ইয়াদাই নাজওয়া-কুম সাদাকা-তিন ফাইযলাম তাফ‘আলূওয়া তা-বাল্লা-হু ‘আলাইকুম ফাআকীমুসসালা-তা ওয়া আ-তুঝঝাকা-তা ওয়া আতী‘উল্লা-হা ওয়া রাছূলাহূ ওয়াল্লা-হু খাবীরুম বিমা-তা‘মালূন।",
    "bn_haque": "কী! তোমরা কি তোমাদের ব্যক্তিগত পরামর্শের আগে দান-খয়রাত আগবাড়াতে ভয় করছ? সুতরাং যখন তোমরা কর না, আর আল্লাহ্ তোমাদের প্রতি ফেরেন, তখন নামায কায়েম করো ও যাকাত আদায় করো, আর আল্লাহ্ ও তাঁর রসূলের আজ্ঞাপালন করো। আর তোমরা যা করছ সে-সন্বন্ধে আল্লাহ্ চির-ওয়াকিফহাল।",
    "bn_muhi": "তোমরা কি কানকথা বলার পূর্বে সদকা প্রদান করতে ভীত হয়ে গেলে? অতঃপর তোমরা যখন সদকা দিতে পারলে না এবং আল্লাহ তোমাদেরকে মাফ করে দিলেন তখন তোমরা নামায কায়েম কর, যাকাত প্রদান কর এবং আল্লাহ ও রসূলের আনুগত্য কর। আল্লাহ খবর রাখেন তোমরা যা কর।",
    "en": "Have you feared to present before your consultation charities? Then when you do not and Allah has forgiven you, then [at least] establish prayer and give zakah and obey Allah and His Messenger. And Allah is Acquainted with what you do."
  },
  {
    "id": 14,
    "ar": "أَلَمْ تَرَ إِلَى ٱلَّذِينَ تَوَلَّوْا۟ قَوْمًا غَضِبَ ٱللَّهُ عَلَيْهِم مَّا هُم مِّنكُمْ وَلَا مِنْهُمْ وَيَحْلِفُونَ عَلَى ٱلْكَذِبِ وَهُمْ يَعْلَمُونَ",
    "tr": "আলাম তারা ইলাল্লাযীনা তাওয়াল্লাও কাওমান গাদিবাল্লা-হু ‘আলাইহিম মা-হুম মিনকুম ওয়ালা-মিনহুম ওয়া ইয়াহলিফূনা ‘আলাল কাযিবি ওয়া হুম ইয়া‘লামূন।",
    "bn_haque": "তুমি কি তাদের প্রতি লক্ষ্য কর নি যারা এমন এক জাতির সহিত বন্ধুত্ব পাতে যাদের উপরে আল্লাহ্ রুষ্ট হয়েছেন? তারা তোমাদের দলভুক্ত নয় আর তাদেরও অন্তর্ভুক্ত নয়। আর তারা জেনে-শুনেই মিথ্যা হলফ করে।",
    "bn_muhi": "আপনি কি তাদের প্রতি লক্ষ্য করেননি, যারা আল্লাহর গযবে নিপতিত সম্প্রদায়ের সাথে বন্ধুত্ব করে? তারা মুসলমানদের দলভুক্ত নয় এবং তাদেরও দলভূক্ত নয়। তারা জেনেশুনে মিথ্যা বিষয়ে শপথ করে।",
    "en": "Have you not considered those who make allies of a people with whom Allah has become angry? They are neither of you nor of them, and they swear to untruth while they know [they are lying]."
  },
  {
    "id": 15,
    "ar": "أَعَدَّ ٱللَّهُ لَهُمْ عَذَابًا شَدِيدًا إِنَّهُمْ سَآءَ مَا كَانُوا۟ يَعْمَلُونَ",
    "tr": "আ‘আদ্দাল্লা-হু লাহুম ‘আযা-বান শাদীদান ইন্নাহুম ছাআ মা-কা-নূইয়া‘মালূন।",
    "bn_haque": "আল্লাহ্ তাদের জন্য তৈরি করেছেন ভীষণ শাস্তি। বস্তুত তারা যা করে চলেছে তা কত মন্দ!",
    "bn_muhi": "আল্লাহ তাদের জন্যে কঠোর শাস্তি প্রস্তুত রেখেছেন। নিশ্চয় তারা যা করে, খুবই মন্দ।",
    "en": "Allah has prepared for them a severe punishment. Indeed, it was evil that they were doing."
  },
  {
    "id": 16,
    "ar": "ٱتَّخَذُوٓا۟ أَيْمَٰنَهُمْ جُنَّةً فَصَدُّوا۟ عَن سَبِيلِ ٱللَّهِ فَلَهُمْ عَذَابٌ مُّهِينٌ",
    "tr": "ইত্তাখাযূআইমা-নাহুম জূন্নাতান ফাসাদ্দূ‘আন ছাবীলিল্লা-হি ফালাহুম ‘আযা-বুম মুহীন।",
    "bn_haque": "তারা তাদের শপথগুলোকে আবরণ হিসেবে গ্রহণ করেছে, ফলে তারা আল্লাহ্‌র পথ থেকে ফিরিয়ে রাখে, সুতরাং তাদের জন্য রয়েছে লাঞ্ছনাদায়ক শাস্তি।",
    "bn_muhi": "তারা তাদের শপথকে ঢাল করে রেখেছেন, অতঃপর তারা আল্লাহর পথ থেকে মানুষকে বাধা প্রদান করে। অতএব, তাদের জন্য রয়েছে অপমানজনক শাস্তি।",
    "en": "They took their [false] oaths as a cover, so they averted [people] from the way of Allah, and for them is a humiliating punishment."
  },
  {
    "id": 17,
    "ar": "لَّن تُغْنِىَ عَنْهُمْ أَمْوَٰلُهُمْ وَلَآ أَوْلَٰدُهُم مِّنَ ٱللَّهِ شَيْـًٔا أُو۟لَٰٓئِكَ أَصْحَٰبُ ٱلنَّارِ هُمْ فِيهَا خَٰلِدُونَ",
    "tr": "লান তুগনিয়া ‘আনহুম আমওয়া-লুহুম ওয়ালাআওলা-দুহুম মিনাল্লা-হি শাইআন উলাইকা আসহা-বুন্না-রি হুম ফীহা-খা-লিদূ ন।",
    "bn_haque": "আল্লাহ্‌র মোকাবিলায় তাদের ধনদৌলত কোনো প্রকারেই তাদের কোনো কাজে আসবে না, আর তাদের সন্তানসন্ততিও না। এরা হচ্ছে আগুনের অধিবাসী। তারা তাতেই অবস্থান করবে।",
    "bn_muhi": "আল্লাহর কবল থেকে তাদের ধন-সম্পদ ও সন্তান-সন্ততি তাদেরকে মোটেই বাঁচাতে পারবেনা। তারাই জাহান্নামের অধিবাসী তথায় তারা চিরকাল থাকবে।",
    "en": "Never will their wealth or their children avail them against Allah at all. Those are the companions of the Fire; they will abide therein eternally"
  },
  {
    "id": 18,
    "ar": "يَوْمَ يَبْعَثُهُمُ ٱللَّهُ جَمِيعًا فَيَحْلِفُونَ لَهُۥ كَمَا يَحْلِفُونَ لَكُمْ وَيَحْسَبُونَ أَنَّهُمْ عَلَىٰ شَىْءٍ أَلَآ إِنَّهُمْ هُمُ ٱلْكَٰذِبُونَ",
    "tr": "ইয়াওমা ইয়াব‘আছুহুমুল্লা-হু জামী‘আন ফাইয়াহলিফূনা লাহূকামা-ইয়াহলিফূনা লাকুম ওয়া ইয়াহছাবূনা আন্নাহুম ‘আলা-শাইয়িন আলাইন্নাহুম হুমুল কা-যিবূন।",
    "bn_haque": "সেইদিন আল্লাহ্ তাদের সবাইকে পুনরুত্থিত করবেন, তখন তারা তাঁর কাছে হলফ করবে যেমন তারা তোমাদের কাছে হলফ করছে, আর তারা হিসেব করছে যে তারা নিশ্চয় একটা কিছুতে রয়েছে। তারাই কি স্বয়ং মিথ্যাবাদী নয়?",
    "bn_muhi": "যেদিন আল্লাহ তাদের সকলকে পুনরুত্থিত করবেন। অতঃপর তারা আল্লাহর সামনে শপথ করবে, যেমন তোমাদের সামনে শপথ করে। তারা মনে করবে যে, তারা কিছু সৎপথে আছে। সাবধান, তারাই তো আসল মিথ্যাবাদী।",
    "en": "On the Day Allah will resurrect them all, and they will swear to Him as they swear to you and think that they are [standing] on something. Unquestionably, it is they who are the liars."
  },
  {
    "id": 19,
    "ar": "ٱسْتَحْوَذَ عَلَيْهِمُ ٱلشَّيْطَٰنُ فَأَنسَىٰهُمْ ذِكْرَ ٱللَّهِ أُو۟لَٰٓئِكَ حِزْبُ ٱلشَّيْطَٰنِ أَلَآ إِنَّ حِزْبَ ٱلشَّيْطَٰنِ هُمُ ٱلْخَٰسِرُونَ",
    "tr": "ইছতাহওয়াযা ‘আলাইহিমুশশাইতা-নুফাআনছা-হুম যিকরাল্লা-হি উলাইকা হিঝবুশশাইতা-নি আলাইন্না হিঝবাশশাইতা-নি হুমুল খা-ছিরূন।",
    "bn_haque": "শয়তান তাদের উপরে কাবু করে ফেলেছে, সেজন্য সে তাদের আল্লাহ্‌কে স্মরণ করা ভুলিয়ে দিয়েছে। এরাই হচ্ছে শয়তানের দল। এটি কি নয় যে শয়তানের সাঙ্গোপাঙ্গরা নিজেরাই তো ক্ষতিগ্রস্ত দল?",
    "bn_muhi": "শয়তান তাদেরকে বশীভূত করে নিয়েছে, অতঃপর আল্লাহর স্মরণ ভূলিয়ে দিয়েছে। তারা শয়তানের দল। সাবধান, শয়তানের দলই ক্ষতিগ্রস্ত।",
    "en": "Satan has overcome them and made them forget the remembrance of Allah . Those are the party of Satan. Unquestionably, the party of Satan - they will be the losers."
  },
  {
    "id": 20,
    "ar": "إِنَّ ٱلَّذِينَ يُحَآدُّونَ ٱللَّهَ وَرَسُولَهُۥٓ أُو۟لَٰٓئِكَ فِى ٱلْأَذَلِّينَ",
    "tr": "ইন্নাল্লাযীনা ইউহাদ্দূনাল্লা-হা ওয়া রাছূলাহূউলাইকা ফিল আযাল্লীন।",
    "bn_haque": "নিঃসন্দেহ যারা আল্লাহ্‌র ও তাঁর রসূলের বিরুদ্ধাচরণ করে তারাই হবে চরম লাঞ্ছিতদের মধ্যেকার।",
    "bn_muhi": "নিশ্চয় যারা আল্লাহ ও তাঁর রসূলের বিরুদ্ধাচারণ করে, তারাই লাঞ্ছিতদের দলভূক্ত।",
    "en": "Indeed, the ones who oppose Allah and His Messenger - those will be among the most humbled."
  },
  {
    "id": 21,
    "ar": "كَتَبَ ٱللَّهُ لَأَغْلِبَنَّ أَنَا۠ وَرُسُلِىٓ إِنَّ ٱللَّهَ قَوِىٌّ عَزِيزٌ",
    "tr": "কাতাবাল্লা-হু লাআগলিবান্না আনা ওয়া রুছুলী ইন্নাল্লা-হা কাবিইয়ুন ‘আঝীঝ।",
    "bn_haque": "আল্লাহ্ বিধান করেছেন -- \"অবশ্য আমি ও আমার রসূলগণ বিজয়ী হবই।\" নিঃসন্দেহ আল্লাহ্ মহাবলীয়ান, মহাশত্তি শালী।",
    "bn_muhi": "আল্লাহ লিখে দিয়েছেনঃ আমি এবং আমার রসূলগণ অবশ্যই বিজয়ী হব। নিশ্চয় আল্লাহ শক্তিধর, পরাক্রমশালী।",
    "en": "Allah has written, \"I will surely overcome, I and My messengers.\" Indeed, Allah is Powerful and Exalted in Might."
  },
  {
    "id": 22,
    "ar": "لَّا تَجِدُ قَوْمًا يُؤْمِنُونَ بِٱللَّهِ وَٱلْيَوْمِ ٱلْءَاخِرِ يُوَآدُّونَ مَنْ حَآدَّ ٱللَّهَ وَرَسُولَهُۥ وَلَوْ كَانُوٓا۟ ءَابَآءَهُمْ أَوْ أَبْنَآءَهُمْ أَوْ إِخْوَٰنَهُمْ أَوْ عَشِيرَتَهُمْ أُو۟لَٰٓئِكَ كَتَبَ فِى قُلُوبِهِمُ ٱلْإِيمَٰنَ وَأَيَّدَهُم بِرُوحٍ مِّنْهُ وَيُدْخِلُهُمْ جَنَّٰتٍ تَجْرِى مِن تَحْتِهَا ٱلْأَنْهَٰرُ خَٰلِدِينَ فِيهَا رَضِىَ ٱللَّهُ عَنْهُمْ وَرَضُوا۟ عَنْهُ أُو۟لَٰٓئِكَ حِزْبُ ٱللَّهِ أَلَآ إِنَّ حِزْبَ ٱللَّهِ هُمُ ٱلْمُفْلِحُونَ",
    "tr": "লা-তাজিদুকাওমাইঁ ইউ’মিনূনা বিল্লা-হি ওয়াল ইয়াওমিল আ-খিরি ইউওয়াদ্দূনা মান হাদ্দাল্লা-হা ওয়া রাছূলাহূওয়া লাও কা-নূআ-বাআহুম আও আবনাআহুম আও ইখওয়া-নাহুম আও ‘আশীরাতাহুম উলাইকা কাতাবা ফী কুলূবিহিমুল ঈমা-না ওয়া আইয়াদাহুম বিরূহিম মিন হু ওয়া ইউদখিলুহুম জান্না-তিন তাজরী মিন তাহতিহাল আনহারু খা-লিদীনা ফীহা- রাদিআল্লা-হু ‘আনহুম ওয়ারাদূ‘আনহু উলাইকা হিঝবুল্লাহি আলাইন্না হিঝবাল্লা-হি হুমুল মুফলিহূন।",
    "bn_haque": "তুমি আল্লাহ্‌তে ও পরকালে বিশ্বাস করে এমন কোনো জাতি পাবে না যারা বন্ধুত্ব পাতছে তাদের সঙ্গে যারা আল্লাহ্ ও তাঁর রসূলের বিরুদ্ধাচরণ করছে। হোক না কেন তারা তাদের পিতা-পিতামহ অথবা তাদের সন্তানসন্ততি অথবা তাদের ভাই-বিরাদর অথবা তাদের আ‌ত্মীয়-স্বজন। এরাই -- এদের অন্তরে তিনি ধর্মবিশ্বাস লিখে দিয়েছেন এবং তাদের বলবৃদ্ধি করেছেন তাঁর কাছ থেকে প্রেরণা দিয়ে। আর তিনি তাদের প্রবেশ করাবেন জান্নাতে যাদের নিচে দিয়ে বয়ে চলেছে ঝরনারাজি, তাতে তারা থাকবে চিরকাল। আল্লাহ্ তাদের উপরে প্রসন্ন থাকবেন, আর তারাও তাঁর প্রতি প্রসন্ন রইবে। এরাই হচ্ছে আল্লাহ্‌র দলের। এটি কি নয় যে আল্লাহ্‌র দলীয়রাই তো খোদ সাফল্যপ্রাপ্ত?",
    "bn_muhi": "যারা আল্লাহ ও পরকালে বিশ্বাস করে, তাদেরকে আপনি আল্লাহ ও তাঁর রসূলের বিরুদ্ধাচরণকারীদের সাথে বন্ধুত্ব করতে দেখবেন না, যদিও তারা তাদের পিতা, পুত্র, ভ্রাতা অথবা জ্ঞাতি-গোষ্ঠী হয়। তাদের অন্তরে আল্লাহ ঈমান লিখে দিয়েছেন এবং তাদেরকে শক্তিশালী করেছেন তাঁর অদৃশ্য শক্তি দ্বারা। তিনি তাদেরকে জান্নাতে দাখিল করবেন, যার তলদেশে নদী প্রবাহিত। তারা তথায় চিরকাল থাকবে। আল্লাহ তাদের প্রতি সন্তুষ্ট এবং তারা আল্লাহর প্রতি সন্তুষ্ট। তারাই আল্লাহর দল। জেনে রাখ, আল্লাহর দলই সফলকাম হবে।",
    "en": "You will not find a people who believe in Allah and the Last Day having affection for those who oppose Allah and His Messenger, even if they were their fathers or their sons or their brothers or their kindred. Those - He has decreed within their hearts faith and supported them with spirit from Him. And We will admit them to gardens beneath which rivers flow, wherein they abide eternally. Allah is pleased with them, and they are pleased with Him - those are the party of Allah . Unquestionably, the party of Allah - they are the successful."
  }
]