[
  {
    "id": 1,
    "ar": "وَٱلْفَجْرِ",
    "tr": "ওয়াল ফাজর।",
    "bn_haque": "ভাবো ভোরবেলার কথা,",
    "bn_muhi": "শপথ ফজরের,",
    "en": "By the dawn"
  },
  {
    "id": 2,
    "ar": "وَلَيَالٍ عَشْرٍ",
    "tr": "ওয়া লায়া-লিন ‘আশর",
    "bn_haque": "আর দশ রাত্রির কথা,",
    "bn_muhi": "শপথ দশ রাত্রির, শপথ তার,",
    "en": "And [by] ten nights"
  },
  {
    "id": 3,
    "ar": "وَٱلشَّفْعِ وَٱلْوَتْرِ",
    "tr": "ওয়াশশাফা‘ই ওয়াল ওয়াতর ।",
    "bn_haque": "আর জোড়ের ও বেজোড়ের কথা,",
    "bn_muhi": "যা জোড় ও যা বিজোড়",
    "en": "And [by] the even [number] and the odd"
  },
  {
    "id": 4,
    "ar": "وَٱلَّيْلِ إِذَا يَسْرِ",
    "tr": "ওয়াল্লাইলি ইযা-ইয়াছর।",
    "bn_haque": "আর রাত্রির কথা যখন তা বিগত হয়।",
    "bn_muhi": "এবং শপথ রাত্রির যখন তা গত হতে থাকে",
    "en": "And [by] the night when it passes,"
  },
  {
    "id": 5,
    "ar": "هَلْ فِى ذَٰلِكَ قَسَمٌ لِّذِى حِجْرٍ",
    "tr": "হাল ফী যা-লিকা কাছামুল লিযী হিজর।",
    "bn_haque": "এতে কি নেই কোনো শপথবাক্য বোধশক্তিসম্পন্নদের জন্য?",
    "bn_muhi": "এর মধ্যে আছে শপথ জ্ঞানী ব্যক্তির জন্যে।",
    "en": "Is there [not] in [all] that an oath [sufficient] for one of perception?"
  },
  {
    "id": 6,
    "ar": "أَلَمْ تَرَ كَيْفَ فَعَلَ رَبُّكَ بِعَادٍ",
    "tr": "আলাম তারা কাইফা ফা‘আলা রাব্বুকা বি‘আ-দ।",
    "bn_haque": "তুমি কি দেখো নি তোমার প্রভু কি করেছিলেন 'আদ বংশের প্রতি, --",
    "bn_muhi": "আপনি কি লক্ষ্য করেননি, আপনার পালনকর্তা আদ বংশের ইরাম গোত্রের সাথে কি আচরণ করেছিলেন,",
    "en": "Have you not considered how your Lord dealt with 'Aad -"
  },
  {
    "id": 7,
    "ar": "إِرَمَ ذَاتِ ٱلْعِمَادِ",
    "tr": "ইরামা যা-তিল ‘ইমা-দ",
    "bn_haque": "ইরামের প্রতি যাদের ছিল উঁচু গঠন,",
    "bn_muhi": "যাদের দৈহিক গঠন স্তম্ভ ও খুঁটির ন্যায় দীর্ঘ ছিল এবং",
    "en": "[With] Iram - who had lofty pillars,"
  },
  {
    "id": 8,
    "ar": "ٱلَّتِى لَمْ يُخْلَقْ مِثْلُهَا فِى ٱلْبِلَٰدِ",
    "tr": "আল্লাতী লাম ইউখলাকমিছলুহা-ফিল বিলা-দ।",
    "bn_haque": "যাদের ক্ষেত্রে ওগুলোর সমতুল্য অন্য শহরে তৈরি হয় নি,",
    "bn_muhi": "যাদের সমান শক্তি ও বলবীর্যে সারা বিশ্বের শহরসমূহে কোন লোক সৃজিত হয়নি",
    "en": "The likes of whom had never been created in the land?"
  },
  {
    "id": 9,
    "ar": "وَثَمُودَ ٱلَّذِينَ جَابُوا۟ ٱلصَّخْرَ بِٱلْوَادِ",
    "tr": "ওয়া ছামূদাল্লাযীনা জা-বুসসাখরা বিল ওয়া-দ।",
    "bn_haque": "আর ছামূদ-জাতির প্রতি, যারা খোলা-প্রান্তরে বিশালাকার পাথর কাটতো;",
    "bn_muhi": "এবং সামুদ গোত্রের সাথে, যারা উপত্যকায় পাথর কেটে গৃহ নির্মাণ করেছিল।",
    "en": "And [with] Thamud, who carved out the rocks in the valley?"
  },
  {
    "id": 10,
    "ar": "وَفِرْعَوْنَ ذِى ٱلْأَوْتَادِ",
    "tr": "ওয়া ফির‘আউনা যীল আওতা-দ।",
    "bn_haque": "আর ফিরআউনের প্রতি, যার ছিল দুর্ধর্ষ সেনাদল,",
    "bn_muhi": "এবং বহু কীলকের অধিপতি ফেরাউনের সাথে",
    "en": "And [with] Pharaoh, owner of the stakes? -"
  },
  {
    "id": 11,
    "ar": "ٱلَّذِينَ طَغَوْا۟ فِى ٱلْبِلَٰدِ",
    "tr": "আল্লাযীনা তাগাও ফিল বিলা-দ।",
    "bn_haque": "যারা বিদ্রোহাচরণ করেছিল শহরে-নগরে,",
    "bn_muhi": "যারা দেশে সীমালঙ্ঘন করেছিল।",
    "en": "[All of] whom oppressed within the lands"
  },
  {
    "id": 12,
    "ar": "فَأَكْثَرُوا۟ فِيهَا ٱلْفَسَادَ",
    "tr": "ফাআকছারূ ফীহাল ফাছা-দ।",
    "bn_haque": "আর সেখানে অশান্তি বাড়িয়ে দিয়েছিল?",
    "bn_muhi": "অতঃপর সেখানে বিস্তর অশান্তি সৃষ্টি করেছিল।",
    "en": "And increased therein the corruption."
  },
  {
    "id": 13,
    "ar": "فَصَبَّ عَلَيْهِمْ رَبُّكَ سَوْطَ عَذَابٍ",
    "tr": "ফাসাব্বা ‘আলাইহিম রাব্বুকা ছাওতা ‘আযা-ব।",
    "bn_haque": "সেইজন্য তোমার প্রভু তাদের উপরে হেনেছিলেন শাস্তির কশাঘাত।",
    "bn_muhi": "অতঃপর আপনার পালনকর্তা তাদেরকে শাস্তির কশাঘাত করলেন।",
    "en": "So your Lord poured upon them a scourge of punishment."
  },
  {
    "id": 14,
    "ar": "إِنَّ رَبَّكَ لَبِٱلْمِرْصَادِ",
    "tr": "ইন্না রাব্বাকা লাবিলমিরসা-দ।",
    "bn_haque": "নিঃসন্দেহ তোমার প্রভু তো প্রহরামঞ্চে রয়েছেন।",
    "bn_muhi": "নিশ্চয় আপনার পালকর্তা সতর্ক দৃষ্টি রাখেন।",
    "en": "Indeed, your Lord is in observation."
  },
  {
    "id": 15,
    "ar": "فَأَمَّا ٱلْإِنسَٰنُ إِذَا مَا ٱبْتَلَىٰهُ رَبُّهُۥ فَأَكْرَمَهُۥ وَنَعَّمَهُۥ فَيَقُولُ رَبِّىٓ أَكْرَمَنِ",
    "tr": "ফাআম্মাল ইনছা-নুইযা-মাবতালা-হু রাব্বুহু ফাআকরামাহূওয়া না‘‘আমাহূ ফাইয়াকূলু রাববীআকরামান।",
    "bn_haque": "সুতরাং মানুষের বেলা -- যখন তার প্রভু তাকে পরীক্ষা করেন, ফলে তাকে সম্মান দেন ও তাকে অনুগ্রহ দান করেন, তখন সে বলে -- \"আমার প্রভু আমাকে সম্মান দিয়েছেন।\"",
    "bn_muhi": "মানুষ এরূপ যে, যখন তার পালনকর্তা তাকে পরীক্ষা করেন, অতঃপর সম্মান ও অনুগ্রহ দান করেন, তখন বলে, আমার পালনকর্তা আমাকে সম্মান দান করেছেন।",
    "en": "And as for man, when his Lord tries him and [thus] is generous to him and favors him, he says, \"My Lord has honored me.\""
  },
  {
    "id": 16,
    "ar": "وَأَمَّآ إِذَا مَا ٱبْتَلَىٰهُ فَقَدَرَ عَلَيْهِ رِزْقَهُۥ فَيَقُولُ رَبِّىٓ أَهَٰنَنِ",
    "tr": "ওয়া আম্মাইযা-মাবতালা-হু ফাকাদারা ‘আলাইহি রিঝকাহূ ফাইয়াকূলুরাববী আহা-নান।",
    "bn_haque": "আর যখন তিনি তাকে পরীক্ষা করেন, ফলে তার প্রতি তার জীবনোপকরণ মেপে-জোখে দেন, তখন সে বলে -- \"আমার প্রভু আমাকে হীন করেছেন।\"",
    "bn_muhi": "এবং যখন তাকে পরীক্ষা করেন, অতঃপর রিযিক সংকুচিত করে দেন, তখন বলেঃ আমার পালনকর্তা আমাকে হেয় করেছেন।",
    "en": "But when He tries him and restricts his provision, he says, \"My Lord has humiliated me.\""
  },
  {
    "id": 17,
    "ar": "كَلَّا بَل لَّا تُكْرِمُونَ ٱلْيَتِيمَ",
    "tr": "কাল্লা-বাল্লা-তুকরিমূনাল ইয়াতীম।",
    "bn_haque": "না, বস্তুত তোমরা এতীমকে সম্মান কর না,",
    "bn_muhi": "এটা অমূলক, বরং তোমরা এতীমকে সম্মান কর না।",
    "en": "No! But you do not honor the orphan"
  },
  {
    "id": 18,
    "ar": "وَلَا تَحَٰٓضُّونَ عَلَىٰ طَعَامِ ٱلْمِسْكِينِ",
    "tr": "ওয়া লা-তাহাদ্দূ না ‘আলা-তা‘আ-মিল মিছকীন।",
    "bn_haque": "আর নিঃস্বদের খাবার দিতে পরস্পরকে উৎসাহিত কর না,",
    "bn_muhi": "এবং মিসকীনকে অন্নদানে পরস্পরকে উৎসাহিত কর না।",
    "en": "And you do not encourage one another to feed the poor."
  },
  {
    "id": 19,
    "ar": "وَتَأْكُلُونَ ٱلتُّرَاثَ أَكْلًا لَّمًّا",
    "tr": "ওয়া তা’কুলূনাত তুরা-ছা আকলাল্লাম্মা-।",
    "bn_haque": "আর তোমরা গ্রাস করে ফেল উত্তরাধিকার স্বত্ব পুরোপুরি গলাধঃকরণে;",
    "bn_muhi": "এবং তোমরা মৃতের ত্যাজ্য সম্পত্তি সম্পূর্ণরূপে কুক্ষিগত করে ফেল",
    "en": "And you consume inheritance, devouring [it] altogether,"
  },
  {
    "id": 20,
    "ar": "وَتُحِبُّونَ ٱلْمَالَ حُبًّا جَمًّا",
    "tr": "ওয়া তুহিব্বুনাল মা-লা হুব্বান জাম্মা-।",
    "bn_haque": "আর তোমরা ধনসম্পত্তি ভালবাস গভীর ভালবাসায়।",
    "bn_muhi": "এবং তোমরা ধন-সম্পদকে প্রাণভরে ভালবাস।",
    "en": "And you love wealth with immense love."
  },
  {
    "id": 21,
    "ar": "كَلَّآ إِذَا دُكَّتِ ٱلْأَرْضُ دَكًّا دَكًّا",
    "tr": "কাল্লাইযা-দুক্কাতিল আরদুদাক্কান দাক্কা-।",
    "bn_haque": "কখনই না! যখন পৃথিবীটা ভেঙ্গে চূর্ণবিচূর্ণ হয়ে যাবে,",
    "bn_muhi": "এটা অনুচিত। যখন পৃথিবী চুর্ণ-বিচুর্ণ হবে",
    "en": "No! When the earth has been leveled - pounded and crushed -"
  },
  {
    "id": 22,
    "ar": "وَجَآءَ رَبُّكَ وَٱلْمَلَكُ صَفًّا صَفًّا",
    "tr": "ওয়া জাআ রাব্বুকা ওয়াল মালাকুসাফফান সাফফা-।",
    "bn_haque": "আর তোমার প্রভু ও ফিরিশ্‌তাগণ আসবেন কাতারে কাতারে,",
    "bn_muhi": "এবং আপনার পালনকর্তা ও ফেরেশতাগণ সারিবদ্ধভাবে উপস্থিত হবেন,",
    "en": "And your Lord has come and the angels, rank upon rank,"
  },
  {
    "id": 23,
    "ar": "وَجِا۟ىٓءَ يَوْمَئِذٍۭ بِجَهَنَّمَ يَوْمَئِذٍ يَتَذَكَّرُ ٱلْإِنسَٰنُ وَأَنَّىٰ لَهُ ٱلذِّكْرَىٰ",
    "tr": "ওয়া জীআ ইয়াওমাইযিম বিজাহান্নামা ইয়াওমাইযিইঁ ইয়াতাযাক্কারুল ইনছা-নুওয়া আন্না-লাহুযযিকরা-।",
    "bn_haque": "আর সেইদিন তিনি জাহান্নামকে নিয়ে আসবেন; সেইদিন মানুষ স্মরণ করবে, কিন্ত এ স্মরণে তার কী কাজ হবে?",
    "bn_muhi": "এবং সেদিন জাহান্নামকে আনা হবে, সেদিন মানুষ স্মরণ করবে, কিন্তু এই স্মরণ তার কি কাজে আসবে?",
    "en": "And brought [within view], that Day, is Hell - that Day, man will remember, but what good to him will be the remembrance?"
  },
  {
    "id": 24,
    "ar": "يَقُولُ يَٰلَيْتَنِى قَدَّمْتُ لِحَيَاتِى",
    "tr": "ইয়াকূ লুইয়া-লাইতানী কাদ্দামতুলিহায়া-তী।",
    "bn_haque": "সে বলবে -- \"হায় আমার আফসোস! আমি যদি আগবাড়াতাম আমার এই জীবনের জন্য!\"",
    "bn_muhi": "সে বলবেঃ হায়, এ জীবনের জন্যে আমি যদি কিছু অগ্রে প্রেরণ করতাম!",
    "en": "He will say, \"Oh, I wish I had sent ahead [some good] for my life.\""
  },
  {
    "id": 25,
    "ar": "فَيَوْمَئِذٍ لَّا يُعَذِّبُ عَذَابَهُۥٓ أَحَدٌ",
    "tr": "ফাইয়াওমাইযিল লা-ইউ‘আযযি বু‘আযা-বাহূআহাদ।",
    "bn_haque": "কিন্ত সেইদিন কেউই তাঁর শাস্তির মতো শাস্তি দিতে পারবে না,",
    "bn_muhi": "সেদিন তার শাস্তির মত শাস্তি কেউ দিবে না।",
    "en": "So on that Day, none will punish [as severely] as His punishment,"
  },
  {
    "id": 26,
    "ar": "وَلَا يُوثِقُ وَثَاقَهُۥٓ أَحَدٌ",
    "tr": "ওয়ালা-ইঊছিকুওয়াছা-কাহূআহাদ।",
    "bn_haque": "আর না পারবে কেউ বাঁধতে তাঁর বাঁধনের মতো।",
    "bn_muhi": "এবং তার বন্ধনের মত বন্ধন কেউ দিবে না।",
    "en": "And none will bind [as severely] as His binding [of the evildoers]."
  },
  {
    "id": 27,
    "ar": "يَٰٓأَيَّتُهَا ٱلنَّفْسُ ٱلْمُطْمَئِنَّةُ",
    "tr": "ইয়াআইয়াতুহান্নাফছুল মুতমাইন্নাহ",
    "bn_haque": "\"ওহে প্রশান্ত প্রাণ!",
    "bn_muhi": "হে প্রশান্ত মন,",
    "en": "[To the righteous it will be said], \"O reassured soul,"
  },
  {
    "id": 28,
    "ar": "ٱرْجِعِىٓ إِلَىٰ رَبِّكِ رَاضِيَةً مَّرْضِيَّةً",
    "tr": "ইরজি‘ঈইলা-রাব্বিকি রা-দিয়াতাম মারদিইয়াহ।",
    "bn_haque": "\"তোমার প্রভুর কাছে ফিরে এসো সন্তষ্ট হয়ে, -- সন্তোষভাজন হয়ে,",
    "bn_muhi": "তুমি তোমার পালনকর্তার নিকট ফিরে যাও সন্তুষ্ট ও সন্তোষভাজন হয়ে।",
    "en": "Return to your Lord, well-pleased and pleasing [to Him],"
  },
  {
    "id": 29,
    "ar": "فَٱدْخُلِى فِى عِبَٰدِى",
    "tr": "ফাদখুলী ফী ‘ইবা-দী।",
    "bn_haque": "\"তারপর প্রবেশ করো আমার বান্দাদের দলে;",
    "bn_muhi": "অতঃপর আমার বান্দাদের অন্তর্ভুক্ত হয়ে যাও।",
    "en": "And enter among My [righteous] servants"
  },
  {
    "id": 30,
    "ar": "وَٱدْخُلِى جَنَّتِى",
    "tr": "ওয়াদখুলী জান্নাতী।",
    "bn_haque": "আর প্রবেশ করো আমার জান্নাতে।",
    "bn_muhi": "এবং আমার জান্নাতে প্রবেশ কর।",
    "en": "And enter My Paradise.\""
  }
]