[
  {
    "id": 1,
    "ar": "إِذَا وَقَعَتِ ٱلْوَاقِعَةُ",
    "tr": "ইযা-ওয়াকা‘আতিল ওয়া-কি‘আহ।",
    "bn_haque": "যখন বিরাট ঘটনাটি ঘটবে, --",
    "bn_muhi": "যখন কিয়ামতের ঘটনা ঘটবে,",
    "en": "When the Occurrence occurs,"
  },
  {
    "id": 2,
    "ar": "لَيْسَ لِوَقْعَتِهَا كَاذِبَةٌ",
    "tr": "লাইছা লিওয়াক‘আতিহা-কা-যিবাহ।",
    "bn_haque": "এর সংঘটনকে মিথ্যা বলার কেউ থাকবে না।",
    "bn_muhi": "যার বাস্তবতায় কোন সংশয় নেই।",
    "en": "There is, at its occurrence, no denial."
  },
  {
    "id": 3,
    "ar": "خَافِضَةٌ رَّافِعَةٌ",
    "tr": "খা-ফিদাতুর রাফি‘আহ।",
    "bn_haque": "এটি লাঞ্ছিত করবে, এটি করবে সমুন্নত।",
    "bn_muhi": "এটা নীচু করে দেবে, সমুন্নত করে দেবে।",
    "en": "It will bring down [some] and raise up [others]."
  },
  {
    "id": 4,
    "ar": "إِذَا رُجَّتِ ٱلْأَرْضُ رَجًّا",
    "tr": "ইযা-রুজ্জাতিল আরদুরাজ্জা-।",
    "bn_haque": "যখন পৃথিবী আলোড়িত হবে আলোড়নে,",
    "bn_muhi": "যখন প্রবলভাবে প্রকম্পিত হবে পৃথিবী।",
    "en": "When the earth is shaken with convulsion"
  },
  {
    "id": 5,
    "ar": "وَبُسَّتِ ٱلْجِبَالُ بَسًّا",
    "tr": "ওয়া বুছছাতিল জিবা-লুবাছছা-।",
    "bn_haque": "আর পাহাড়গুলো ভেঙ্গে পড়বে চূর্ণ-বিচূর্ণ হয়ে --",
    "bn_muhi": "এবং পর্বতমালা ভেঙ্গে চুরমার হয়ে যাবে।",
    "en": "And the mountains are broken down, crumbling"
  },
  {
    "id": 6,
    "ar": "فَكَانَتْ هَبَآءً مُّنۢبَثًّا",
    "tr": "ফাকা-নাত হাবাআম মুমবাছছা-।",
    "bn_haque": "ফলে তা হয়ে যাবে বিক্ষিপ্ত ধূলিকণা,",
    "bn_muhi": "অতঃপর তা হয়ে যাবে উৎক্ষিপ্ত ধূলিকণা।",
    "en": "And become dust dispersing."
  },
  {
    "id": 7,
    "ar": "وَكُنتُمْ أَزْوَٰجًا ثَلَٰثَةً",
    "tr": "ওয়া কুনতুম আঝওয়া-জান ছালা-ছাহ।",
    "bn_haque": "আর তোমরা হয়ে পড়বে তিনটি শ্রেণীতে --",
    "bn_muhi": "এবং তোমরা তিনভাবে বিভক্ত হয়ে পড়বে।",
    "en": "And you become [of] three kinds:"
  },
  {
    "id": 8,
    "ar": "فَأَصْحَٰبُ ٱلْمَيْمَنَةِ مَآ أَصْحَٰبُ ٱلْمَيْمَنَةِ",
    "tr": "ফাআসহা-বুল মাইমানাতি মাআসহা-বুল মাইমানাহ।",
    "bn_haque": "যথা ডান দিকের দল, -- কেমনতর এই ডানদিকের দল!",
    "bn_muhi": "যারা ডান দিকে, কত ভাগ্যবান তারা।",
    "en": "Then the companions of the right - what are the companions of the right?"
  },
  {
    "id": 9,
    "ar": "وَأَصْحَٰبُ ٱلْمَشْـَٔمَةِ مَآ أَصْحَٰبُ ٱلْمَشْـَٔمَةِ",
    "tr": "ওয়া আসহা-বুল মাশআমাতি মাআসহা-বুল মাশআমাহ ।",
    "bn_haque": "আর বাঁদিকের দল, -- কেমনতর এই বাঁদিকের দল!",
    "bn_muhi": "এবং যারা বামদিকে, কত হতভাগা তারা।",
    "en": "And the companions of the left - what are the companions of the left?"
  },
  {
    "id": 10,
    "ar": "وَٱلسَّٰبِقُونَ ٱلسَّٰبِقُونَ",
    "tr": "ওয়াছছা-বিকূনাছছা-বিকূন।",
    "bn_haque": "আর অগ্রগামীগণ তো অগ্রগামী,",
    "bn_muhi": "অগ্রবর্তীগণ তো অগ্রবর্তীই।",
    "en": "And the forerunners, the forerunners -"
  },
  {
    "id": 11,
    "ar": "أُو۟لَٰٓئِكَ ٱلْمُقَرَّبُونَ",
    "tr": "উলাইকাল মুকাররাবূন।",
    "bn_haque": "এরাই হবে নৈকট্যপ্রাপ্ত,",
    "bn_muhi": "তারাই নৈকট্যশীল,",
    "en": "Those are the ones brought near [to Allah ]"
  },
  {
    "id": 12,
    "ar": "فِى جَنَّٰتِ ٱلنَّعِيمِ",
    "tr": "ফী জান্না-তিন না‘ঈম।",
    "bn_haque": "আনন্দময় উদ্যানে।",
    "bn_muhi": "অবদানের উদ্যানসমূহে,",
    "en": "In the Gardens of Pleasure,"
  },
  {
    "id": 13,
    "ar": "ثُلَّةٌ مِّنَ ٱلْأَوَّلِينَ",
    "tr": "ছু ল্লাতুম মিনাল আওওয়ালীন।",
    "bn_haque": "প্রথমকালীনদের থেকে অধিক সংখ্যায়,",
    "bn_muhi": "তারা একদল পূর্ববর্তীদের মধ্য থেকে।",
    "en": "A [large] company of the former peoples"
  },
  {
    "id": 14,
    "ar": "وَقَلِيلٌ مِّنَ ٱلْءَاخِرِينَ",
    "tr": "ওয়া কালীলুম মিনাল আ-খিরীন।",
    "bn_haque": "আর পরবর্তীকালীনদের থেকে অল্প সংখ্যায়।",
    "bn_muhi": "এবং অল্পসংখ্যক পরবর্তীদের মধ্যে থেকে।",
    "en": "And a few of the later peoples,"
  },
  {
    "id": 15,
    "ar": "عَلَىٰ سُرُرٍ مَّوْضُونَةٍ",
    "tr": "‘আলা-ছুরুরিমমাওদূ নাহ।",
    "bn_haque": "কারুকার্যময় সিংহাসনে,",
    "bn_muhi": "স্বর্ণ খচিত সিংহাসন।",
    "en": "On thrones woven [with ornament],"
  },
  {
    "id": 16,
    "ar": "مُّتَّكِـِٔينَ عَلَيْهَا مُتَقَٰبِلِينَ",
    "tr": "মুত্তাকিঈনা ‘আলাইহা-মুতাকা-বিলীন।",
    "bn_haque": "তাতে তারা হেলান দিয়ে আসন গ্রহণ করবে পরস্পর মুখোমুখি হয়ে।",
    "bn_muhi": "তারা তাতে হেলান দিয়ে বসবে পরস্পর মুখোমুখি হয়ে।",
    "en": "Reclining on them, facing each other."
  },
  {
    "id": 17,
    "ar": "يَطُوفُ عَلَيْهِمْ وِلْدَٰنٌ مُّخَلَّدُونَ",
    "tr": "ইয়াতূ ফূ‘আলাইহিম বিলদা-নুমমুখাল্লাদূন।",
    "bn_haque": "তাদের চারিদিকে ঘুরে বেড়াবে চিরনবীন তরুণেরা --",
    "bn_muhi": "তাদের কাছে ঘোরাফেরা করবে চির কিশোরেরা।",
    "en": "There will circulate among them young boys made eternal"
  },
  {
    "id": 18,
    "ar": "بِأَكْوَابٍ وَأَبَارِيقَ وَكَأْسٍ مِّن مَّعِينٍ",
    "tr": "বিআকওয়া-বিওঁ ওয়া আবা-রীকা ওয়াকা’ছিম মিম্মা‘ঈন।",
    "bn_haque": "পানপাত্র ও সোরাই নিয়ে ও নির্মল পানীয়ের পেয়ালা।",
    "bn_muhi": "পানপাত্র কুঁজা ও খাঁটি সূরাপূর্ণ পেয়ালা হাতে নিয়ে,",
    "en": "With vessels, pitchers and a cup [of wine] from a flowing spring -"
  },
  {
    "id": 19,
    "ar": "لَّا يُصَدَّعُونَ عَنْهَا وَلَا يُنزِفُونَ",
    "tr": "লা-ইউসাদ্দা‘ঊনা ‘আনহা-ওয়ালা ইউনঝিফূন।",
    "bn_haque": "তাদের মাথা ধরবে না তাতে, আর তাদের নেশাও ধরবে না।",
    "bn_muhi": "যা পান করলে তাদের শিরঃপীড়া হবে না এবং বিকারগ্রস্ত ও হবে না।",
    "en": "No headache will they have therefrom, nor will they be intoxicated -"
  },
  {
    "id": 20,
    "ar": "وَفَٰكِهَةٍ مِّمَّا يَتَخَيَّرُونَ",
    "tr": "ওয়া ফা-কিহাতিম মিম্মা-ইয়াতাখাইয়ারূন।",
    "bn_haque": "আর ফল-মূল যা তারা পছন্দ করে;",
    "bn_muhi": "আর তাদের পছন্দমত ফল-মুল নিয়ে,",
    "en": "And fruit of what they select"
  },
  {
    "id": 21,
    "ar": "وَلَحْمِ طَيْرٍ مِّمَّا يَشْتَهُونَ",
    "tr": "ওয়া লাহমি তাইরিম মিম্মা-ইয়াশতাহূন।",
    "bn_haque": "আর পাখির মাংস যা তারা কামনা করে,",
    "bn_muhi": "এবং রুচিমত পাখীর মাংস নিয়ে।",
    "en": "And the meat of fowl, from whatever they desire."
  },
  {
    "id": 22,
    "ar": "وَحُورٌ عِينٌ",
    "tr": "ওয়া হূরুন ‘ঈন।",
    "bn_haque": "আর আয়তলোচন হূরগণ --",
    "bn_muhi": "তথায় থাকবে আনতনয়না হুরগণ,",
    "en": "And [for them are] fair women with large, [beautiful] eyes,"
  },
  {
    "id": 23,
    "ar": "كَأَمْثَٰلِ ٱللُّؤْلُؤِ ٱلْمَكْنُونِ",
    "tr": "কাআমছা-লিল লু’লুয়িল মাকনূন।",
    "bn_haque": "আবৃত মুক্তার উদাহরণের ন্যায়; --",
    "bn_muhi": "আবরণে রক্ষিত মোতির ন্যায়,",
    "en": "The likenesses of pearls well-protected,"
  },
  {
    "id": 24,
    "ar": "جَزَآءًۢ بِمَا كَانُوا۟ يَعْمَلُونَ",
    "tr": "জাঝাআম বিমা-কা-নূইয়া‘মালূন।",
    "bn_haque": "যা তারা করতো তার পুরস্কার।",
    "bn_muhi": "তারা যা কিছু করত, তার পুরস্কারস্বরূপ।",
    "en": "As reward for what they used to do."
  },
  {
    "id": 25,
    "ar": "لَا يَسْمَعُونَ فِيهَا لَغْوًا وَلَا تَأْثِيمًا",
    "tr": "লা-ইয়াছমা‘ঊনা ফীহা-লাগওয়াওঁ ওয়ালা-তা’ছীমা-।",
    "bn_haque": "তারা সেখানে শুনবে না কোনো খেলোকথা, না কোনো পাপবাক্য, --",
    "bn_muhi": "তারা তথায় অবান্তর ও কোন খারাপ কথা শুনবে না।",
    "en": "They will not hear therein ill speech or commission of sin -"
  },
  {
    "id": 26,
    "ar": "إِلَّا قِيلًا سَلَٰمًا سَلَٰمًا",
    "tr": "ইল্লা-কীলান ছালা-মান ছালা-মা-।",
    "bn_haque": "শুধু এই কথা ছাড়া -- \"সালাম! সালাম!\"",
    "bn_muhi": "কিন্তু শুনবে সালাম আর সালাম।",
    "en": "Only a saying: \"Peace, peace.\""
  },
  {
    "id": 27,
    "ar": "وَأَصْحَٰبُ ٱلْيَمِينِ مَآ أَصْحَٰبُ ٱلْيَمِينِ",
    "tr": "ওয়া আসহা-বুল ইয়ামীনি মাআসহা-বুল ইয়ামীন।",
    "bn_haque": "আর ডানদিকের দল, -- কেমনতর এই ডানদিকের দল!",
    "bn_muhi": "যারা ডান দিকে থাকবে, তারা কত ভাগ্যবান।",
    "en": "The companions of the right - what are the companions of the right?"
  },
  {
    "id": 28,
    "ar": "فِى سِدْرٍ مَّخْضُودٍ",
    "tr": "ফী ছিদরিম মাখদূদ।",
    "bn_haque": "কাঁটা বিহীন সিদরাহ-গাছের নীচে,",
    "bn_muhi": "তারা থাকবে কাঁটাবিহীন বদরিকা বৃক্ষে।",
    "en": "[They will be] among lote trees with thorns removed"
  },
  {
    "id": 29,
    "ar": "وَطَلْحٍ مَّنضُودٍ",
    "tr": "ওয়া তালহিমমানদূ দ।",
    "bn_haque": "আর সারি সারি সাজানো কলাগাছ,",
    "bn_muhi": "এবং কাঁদি কাঁদি কলায়,",
    "en": "And [banana] trees layered [with fruit]"
  },
  {
    "id": 30,
    "ar": "وَظِلٍّ مَّمْدُودٍ",
    "tr": "ওয়া জিলিলমমামদুদ।",
    "bn_haque": "আর সুদূরবিস্তৃত ছায়া,",
    "bn_muhi": "এবং দীর্ঘ ছায়ায়।",
    "en": "And shade extended"
  },
  {
    "id": 31,
    "ar": "وَمَآءٍ مَّسْكُوبٍ",
    "tr": "ওয়া মাইমমাছকূব।",
    "bn_haque": "আর উছলে ওঠা পানি,",
    "bn_muhi": "এবং প্রবাহিত পানিতে,",
    "en": "And water poured out"
  },
  {
    "id": 32,
    "ar": "وَفَٰكِهَةٍ كَثِيرَةٍ",
    "tr": "ওয়া ফা-কিহাতিন কাছীরাহ।",
    "bn_haque": "আর প্রচুর পরিমাণে ফলমূল,",
    "bn_muhi": "ও প্রচুর ফল-মূলে,",
    "en": "And fruit, abundant [and varied],"
  },
  {
    "id": 33,
    "ar": "لَّا مَقْطُوعَةٍ وَلَا مَمْنُوعَةٍ",
    "tr": "লা-মাকতূ‘আতিওঁ ওয়ালা-মামনূ‘আহ।",
    "bn_haque": "ব্যাহত হবার নয় এবং নিষিদ্ধ হবারও নয়।",
    "bn_muhi": "যা শেষ হবার নয় এবং নিষিদ্ধ ও নয়,",
    "en": "Neither limited [to season] nor forbidden,"
  },
  {
    "id": 34,
    "ar": "وَفُرُشٍ مَّرْفُوعَةٍ",
    "tr": "ওয়া ফুরুশিমমারফূ‘আহ।",
    "bn_haque": "আর উঁচুদরের গালিচা।",
    "bn_muhi": "আর থাকবে সমুন্নত শয্যায়।",
    "en": "And [upon] beds raised high."
  },
  {
    "id": 35,
    "ar": "إِنَّآ أَنشَأْنَٰهُنَّ إِنشَآءً",
    "tr": "ইন্নাআনশা’না-হুন্না ইনশাআ।",
    "bn_haque": "নিঃসন্দেহ আমরা ওদের সৃষ্টি করেছি বিশেষ সৃষ্টিতে;",
    "bn_muhi": "আমি জান্নাতী রমণীগণকে বিশেষরূপে সৃষ্টি করেছি।",
    "en": "Indeed, We have produced the women of Paradise in a [new] creation"
  },
  {
    "id": 36,
    "ar": "فَجَعَلْنَٰهُنَّ أَبْكَارًا",
    "tr": "ফাজা‘আলনা-হুন্না আবকা-রা।",
    "bn_haque": "আর তাদের বানিয়েছি চিরকুমারী,",
    "bn_muhi": "অতঃপর তাদেরকে করেছি চিরকুমারী।",
    "en": "And made them virgins,"
  },
  {
    "id": 37,
    "ar": "عُرُبًا أَتْرَابًا",
    "tr": "‘উরুবান আতরা-বা-।",
    "bn_haque": "সোহাগিনী, সমবয়স্কা, --",
    "bn_muhi": "কামিনী, সমবয়স্কা।",
    "en": "Devoted [to their husbands] and of equal age,"
  },
  {
    "id": 38,
    "ar": "لِّأَصْحَٰبِ ٱلْيَمِينِ",
    "tr": "লিআসহা-বিল ইয়ামীন।",
    "bn_haque": "দক্ষিণপন্থী লোকদের জন্য।",
    "bn_muhi": "ডান দিকের লোকদের জন্যে।",
    "en": "For the companions of the right [who are]"
  },
  {
    "id": 39,
    "ar": "ثُلَّةٌ مِّنَ ٱلْأَوَّلِينَ",
    "tr": "ছু ল্লাতুম মিনাল আওওয়ালীন।",
    "bn_haque": "প্রথমকালীনদের থেকে অধিক সংখ্যায়,",
    "bn_muhi": "তাদের একদল হবে পূর্ববর্তীদের মধ্য থেকে।",
    "en": "A company of the former peoples"
  },
  {
    "id": 40,
    "ar": "وَثُلَّةٌ مِّنَ ٱلْءَاخِرِينَ",
    "tr": "ওয়া ছুল্লাতুম মিনাল আ-খিরীন।",
    "bn_haque": "আর পরবর্তীকালীনদের মধ্যে থেকেও অধিক সংখ্যায়।",
    "bn_muhi": "এবং একদল পরবর্তীদের মধ্য থেকে।",
    "en": "And a company of the later peoples."
  },
  {
    "id": 41,
    "ar": "وَأَصْحَٰبُ ٱلشِّمَالِ مَآ أَصْحَٰبُ ٱلشِّمَالِ",
    "tr": "ওয়া আসহা-বুশশিমা-লি মাআসহা-বুশ শিমা-ল।",
    "bn_haque": "কিন্তু বামপন্থীদল -- কেমনতর এই বামপন্থী দল।",
    "bn_muhi": "বামপার্শ্বস্থ লোক, কত না হতভাগা তারা।",
    "en": "And the companions of the left - what are the companions of the left?"
  },
  {
    "id": 42,
    "ar": "فِى سَمُومٍ وَحَمِيمٍ",
    "tr": "ফী ছামূমিওঁ ওয়া হামীম।",
    "bn_haque": "উত্তপ্ত বাতাসে ও ফুটন্ত পানিতে,",
    "bn_muhi": "তারা থাকবে প্রখর বাষ্পে এবং উত্তপ্ত পানিতে,",
    "en": "[They will be] in scorching fire and scalding water"
  },
  {
    "id": 43,
    "ar": "وَظِلٍّ مِّن يَحْمُومٍ",
    "tr": "ওয়া জিলিলম মিইঁ ইয়াহমূম।",
    "bn_haque": "আর কালো ধোঁয়ার ছায়ায়,",
    "bn_muhi": "এবং ধুম্রকুঞ্জের ছায়ায়।",
    "en": "And a shade of black smoke,"
  },
  {
    "id": 44,
    "ar": "لَّا بَارِدٍ وَلَا كَرِيمٍ",
    "tr": "লা-বা-রিদিওঁ ওয়ালা-কারীম।",
    "bn_haque": "শীতল নয় এবং সম্মানজনকও নয়।",
    "bn_muhi": "যা শীতল নয় এবং আরামদায়কও নয়।",
    "en": "Neither cool nor beneficial."
  },
  {
    "id": 45,
    "ar": "إِنَّهُمْ كَانُوا۟ قَبْلَ ذَٰلِكَ مُتْرَفِينَ",
    "tr": "ইন্নাহুম কা-নূকাবলা যা-লিকা মুতরাফীন।",
    "bn_haque": "অথচ তারা তো এর আগে ছিল ভোগবিলাসে মগ্ন,",
    "bn_muhi": "তারা ইতিপূর্বে স্বাচ্ছন্দ্যশীল ছিল।",
    "en": "Indeed they were, before that, indulging in affluence,"
  },
  {
    "id": 46,
    "ar": "وَكَانُوا۟ يُصِرُّونَ عَلَى ٱلْحِنثِ ٱلْعَظِيمِ",
    "tr": "ওয়াকা-নূইউসিররূনা ‘আলাল হিনছিল ‘আজীম।",
    "bn_haque": "আর তারা ঘোরতর পাপাচারে জেদ ধরে থাকত,",
    "bn_muhi": "তারা সদাসর্বদা ঘোরতর পাপকর্মে ডুবে থাকত।",
    "en": "And they used to persist in the great violation,"
  },
  {
    "id": 47,
    "ar": "وَكَانُوا۟ يَقُولُونَ أَئِذَا مِتْنَا وَكُنَّا تُرَابًا وَعِظَٰمًا أَءِنَّا لَمَبْعُوثُونَ",
    "tr": "ওয়া কা-নূইয়াকূলূনা আইযা-মিতনা-ওয়া কুন্না-তুরা-বাওঁ ওয়া ‘ইজা-মান আইন্নালামাব‘ঊছূন।",
    "bn_haque": "আর তারা বলত -- \"কী! আমরা যখন মরে যাব ও মাটি ও হাড্ডি হয়ে যাব তখন কি আমরা আদৌ পুনরুত্থিত হব, --",
    "bn_muhi": "তারা বলতঃ আমরা যখন মরে অস্থি ও মৃত্তিকায় পরিণত হয়ে যাব, তখনও কি পুনরুত্থিত হব?",
    "en": "And they used to say, \"When we die and become dust and bones, are we indeed to be resurrected?"
  },
  {
    "id": 48,
    "ar": "أَوَءَابَآؤُنَا ٱلْأَوَّلُونَ",
    "tr": "আওয়া আ-বাউনাল আওওয়ালূন।",
    "bn_haque": "এবং আমাদের পূর্ববর্তী পিতৃপুরুষরাও?",
    "bn_muhi": "এবং আমাদের পূর্বপুরুষগণও!",
    "en": "And our forefathers [as well]?\""
  },
  {
    "id": 49,
    "ar": "قُلْ إِنَّ ٱلْأَوَّلِينَ وَٱلْءَاخِرِينَ",
    "tr": "কুল ইন্নাল আওওয়ালীনা ওয়াল আ-খিরীন।",
    "bn_haque": "তুমি বলো -- \"নিঃসন্দেহ পূর্ববর্তীরা এবং পরবর্তীরা --",
    "bn_muhi": "বলুনঃ পূর্ববর্তী ও পরবর্তীগণ,",
    "en": "Say, [O Muhammad], \"Indeed, the former and the later peoples"
  },
  {
    "id": 50,
    "ar": "لَمَجْمُوعُونَ إِلَىٰ مِيقَٰتِ يَوْمٍ مَّعْلُومٍ",
    "tr": "লামাজমূ‘ঊনা ইলা-মীকা-তি ইয়াওমিম মা‘লূম।",
    "bn_haque": "\"অবশ্যই সবাইকে একত্রিত করা হবে এক সুবিদিত দিনের নির্ধারিত স্থানে-ক্ষণে,",
    "bn_muhi": "সবাই একত্রিত হবে এক নির্দিষ্ট দিনের নির্দিষ্ট সময়ে।",
    "en": "Are to be gathered together for the appointment of a known Day.\""
  },
  {
    "id": 51,
    "ar": "ثُمَّ إِنَّكُمْ أَيُّهَا ٱلضَّآلُّونَ ٱلْمُكَذِّبُونَ",
    "tr": "ছু ম্মা ইন্নাকুম আইইয়ুহাদ্দাললূনাল মুকাযযি বূন।",
    "bn_haque": "\"তখন নিঃসন্দেহ তোমরাই, হে পথভ্রষ্ট মিথ্যাআরোপকারিগণ!",
    "bn_muhi": "অতঃপর হে পথভ্রষ্ট, মিথ্যারোপকারীগণ।",
    "en": "Then indeed you, O those astray [who are] deniers,"
  },
  {
    "id": 52,
    "ar": "لَءَاكِلُونَ مِن شَجَرٍ مِّن زَقُّومٍ",
    "tr": "লাআ-কিলূনা মিন শাজারিম মিন ঝাক্কূম।",
    "bn_haque": "\"তোমরা আলবৎ আহার করবে যিক্কুমের গাছের থেকে,",
    "bn_muhi": "তোমরা অবশ্যই ভক্ষণ করবে যাক্কুম বৃক্ষ থেকে,",
    "en": "Will be eating from trees of zaqqum"
  },
  {
    "id": 53,
    "ar": "فَمَالِـُٔونَ مِنْهَا ٱلْبُطُونَ",
    "tr": "ফামা-লিঊনা মিনহাল বুতূন।",
    "bn_haque": "\"এবং তাই দিয়ে তোমরা উদর পূর্ণ করবে,",
    "bn_muhi": "অতঃপর তা দ্বারা উদর পূর্ণ করবে,",
    "en": "And filling with it your bellies"
  },
  {
    "id": 54,
    "ar": "فَشَٰرِبُونَ عَلَيْهِ مِنَ ٱلْحَمِيمِ",
    "tr": "ফাশা-রিবূনা ‘আলাইহি মিনাল হামীম।",
    "bn_haque": "\"তারপর তোমরা তার উপরে পান করবে উত্তপ্ত পানি,",
    "bn_muhi": "অতঃপর তার উপর পান করবে উত্তপ্ত পানি।",
    "en": "And drinking on top of it from scalding water"
  },
  {
    "id": 55,
    "ar": "فَشَٰرِبُونَ شُرْبَ ٱلْهِيمِ",
    "tr": "ফাশা-রিবূনা শুরবাল হীম।",
    "bn_haque": "আর তোমরা পান করবে তৃষ্ণার্ত উটের পান করার ন্যায়।",
    "bn_muhi": "পান করবে পিপাসিত উটের ন্যায়।",
    "en": "And will drink as the drinking of thirsty camels."
  },
  {
    "id": 56,
    "ar": "هَٰذَا نُزُلُهُمْ يَوْمَ ٱلدِّينِ",
    "tr": "হা-যা-নুঝুলুহুম ইয়াওমাদ্দীন।",
    "bn_haque": "এই হবে তাদের আপ্যায়ন বিচারের দিনে।",
    "bn_muhi": "কেয়ামতের দিন এটাই হবে তাদের আপ্যায়ন।",
    "en": "That is their accommodation on the Day of Recompense."
  },
  {
    "id": 57,
    "ar": "نَحْنُ خَلَقْنَٰكُمْ فَلَوْلَا تُصَدِّقُونَ",
    "tr": "নাহনুখালাকনা-কুম ফালাওলা-তুসাদ্দিকূন।",
    "bn_haque": "আমরাই তো তোমাদের সৃষ্টি করেছি, তবে কেন তোমরা সত্য বলে স্বীকার কর না?",
    "bn_muhi": "আমি সৃষ্টি করেছি তোমাদেরকে। অতঃপর কেন তোমরা তা সত্য বলে বিশ্বাস কর না।",
    "en": "We have created you, so why do you not believe?"
  },
  {
    "id": 58,
    "ar": "أَفَرَءَيْتُم مَّا تُمْنُونَ",
    "tr": "আফারাআইতুমমা-তুমনূন।",
    "bn_haque": "তোমরা কি তবে ভেবে দেখেছ -- যা তোমরা স্খলন কর?",
    "bn_muhi": "তোমরা কি ভেবে দেখেছ, তোমাদের বীর্যপাত সম্পর্কে।",
    "en": "Have you seen that which you emit?"
  },
  {
    "id": 59,
    "ar": "ءَأَنتُمْ تَخْلُقُونَهُۥٓ أَمْ نَحْنُ ٱلْخَٰلِقُونَ",
    "tr": "আ আনতুম তাখলুকূনাহূআম নাহনুল খা-লিকূন।",
    "bn_haque": "তোমরা বুঝি ওকে সৃষ্টি করেছ, না আমরা সৃষ্টিকর্তা?",
    "bn_muhi": "তোমরা তাকে সৃষ্টি কর, না আমি সৃষ্টি করি?",
    "en": "Is it you who creates it, or are We the Creator?"
  },
  {
    "id": 60,
    "ar": "نَحْنُ قَدَّرْنَا بَيْنَكُمُ ٱلْمَوْتَ وَمَا نَحْنُ بِمَسْبُوقِينَ",
    "tr": "নাহনুকাদ্দারনা-বাইনাকুমুল মাওতা ওয়ামা-নাহনুবিমাছবূকীন।",
    "bn_haque": "আমরাই তোমাদের মধ্যে মৃত্যু ধার্য করে রেখেছি, আর আমরা প্রতিহত হব না, --",
    "bn_muhi": "আমি তোমাদের মৃত্যুকাল নির্ধারিত করেছি এবং আমি অক্ষম নই।",
    "en": "We have decreed death among you, and We are not to be outdone"
  },
  {
    "id": 61,
    "ar": "عَلَىٰٓ أَن نُّبَدِّلَ أَمْثَٰلَكُمْ وَنُنشِئَكُمْ فِى مَا لَا تَعْلَمُونَ",
    "tr": "‘আলাআননুবাদ্দিলা আমছা-লাকুম ওয়া নুনশিআকুম ফী মা-লা-তা‘লামূন।",
    "bn_haque": "যেন আমরা বদলে দিতে পারি তোমাদের অনুকরণে, এবং তোমাদের রূপান্তরিত করতে পারি তাতে যা তোমরা জান না।",
    "bn_muhi": "এ ব্যাপারে যে, তোমাদের পরিবর্তে তোমাদের মত লোককে নিয়ে আসি এবং তোমাদেরকে এমন করে দেই, যা তোমরা জান না।",
    "en": "In that We will change your likenesses and produce you in that [form] which you do not know."
  },
  {
    "id": 62,
    "ar": "وَلَقَدْ عَلِمْتُمُ ٱلنَّشْأَةَ ٱلْأُولَىٰ فَلَوْلَا تَذَكَّرُونَ",
    "tr": "ওয়া লাকাদ ‘আলিমতুমুন্নাশআতাল ঊলা-ফালাওলা-তাযাক্কারূন।",
    "bn_haque": "আর তোমরা অবশ্য প্রথম অভ্যুত্থান সন্বন্ধে অবগত হয়েছ, তবে কেন তোমরা ভেবে দেখ না?",
    "bn_muhi": "তোমরা অবগত হয়েছ প্রথম সৃষ্টি সম্পর্কে, তবে তোমরা অনুধাবন কর না কেন?",
    "en": "And you have already known the first creation, so will you not remember?"
  },
  {
    "id": 63,
    "ar": "أَفَرَءَيْتُم مَّا تَحْرُثُونَ",
    "tr": "আফারাআইতুম মা-তাহরুছূন।",
    "bn_haque": "তোমরা কি ভেবে দেখেছ যা তোমরা বপন কর?",
    "bn_muhi": "তোমরা যে বীজ বপন কর, সে সম্পর্কে ভেবে দেখেছ কি?",
    "en": "And have you seen that [seed] which you sow?"
  },
  {
    "id": 64,
    "ar": "ءَأَنتُمْ تَزْرَعُونَهُۥٓ أَمْ نَحْنُ ٱلزَّٰرِعُونَ",
    "tr": "আআনতুম তাঝরা‘ঊনাহূআম নাহনুঝঝা-রি‘ঊন।",
    "bn_haque": "তোমরা কি তা গজিয়ে তুলো, না আমরা বর্ধনকারী?",
    "bn_muhi": "তোমরা তাকে উৎপন্ন কর, না আমি উৎপন্নকারী ?",
    "en": "Is it you who makes it grow, or are We the grower?"
  },
  {
    "id": 65,
    "ar": "لَوْ نَشَآءُ لَجَعَلْنَٰهُ حُطَٰمًا فَظَلْتُمْ تَفَكَّهُونَ",
    "tr": "লাও নাশা-উ লাজা‘আলনা-হু হুতা-মান ফাজালতুম তাফাক্কাহূন।",
    "bn_haque": "আমরা যদি চাইতাম তবে আমরা আলবৎ তাকে খড়-কুটোয় পরিণত করতে পারতাম, তখন তোমরা হাহুতাশ করতে থাকবে,",
    "bn_muhi": "আমি ইচ্ছা করলে তাকে খড়কুটা করে দিতে পারি, অতঃপর হয়ে যাবে তোমরা বিস্ময়াবিষ্ট।",
    "en": "If We willed, We could make it [dry] debris, and you would remain in wonder,"
  },
  {
    "id": 66,
    "ar": "إِنَّا لَمُغْرَمُونَ",
    "tr": "ইন্না-লামুগরামূন।",
    "bn_haque": "\"আমরা তো নিশ্চয় ঋণগ্রস্ত হলাম,",
    "bn_muhi": "বলবেঃ আমরা তো ঋণের চাপে পড়ে গেলাম;",
    "en": "[Saying], \"Indeed, we are [now] in debt;"
  },
  {
    "id": 67,
    "ar": "بَلْ نَحْنُ مَحْرُومُونَ",
    "tr": "বাল নাহনুমাহরূমূন।",
    "bn_haque": "বরং আমরা বঞ্চিত হলাম।",
    "bn_muhi": "বরং আমরা হূত সর্বস্ব হয়ে পড়লাম।",
    "en": "Rather, we have been deprived.\""
  },
  {
    "id": 68,
    "ar": "أَفَرَءَيْتُمُ ٱلْمَآءَ ٱلَّذِى تَشْرَبُونَ",
    "tr": "আফারাআইতুমুল মাআল্লাযী তাশরাবূন।",
    "bn_haque": "তোমরা যে পানি পান কর সে-সন্বন্ধে তোমরা কি ভেবে দেখেছ?",
    "bn_muhi": "তোমরা যে পানি পান কর, সে সম্পর্কে ভেবে দেখেছ কি?",
    "en": "And have you seen the water that you drink?"
  },
  {
    "id": 69,
    "ar": "ءَأَنتُمْ أَنزَلْتُمُوهُ مِنَ ٱلْمُزْنِ أَمْ نَحْنُ ٱلْمُنزِلُونَ",
    "tr": "আ আনতুম আনঝালতুমূহু মিনাল মুঝনি আম নাহনুল মুনঝিলূন।",
    "bn_haque": "তোমরাই কি তা মেঘ থেকে নামিয়ে আন, না আমরা বর্ষণকারী?",
    "bn_muhi": "তোমরা তা মেঘ থেকে নামিয়ে আন, না আমি বর্ষন করি?",
    "en": "Is it you who brought it down from the clouds, or is it We who bring it down?"
  },
  {
    "id": 70,
    "ar": "لَوْ نَشَآءُ جَعَلْنَٰهُ أُجَاجًا فَلَوْلَا تَشْكُرُونَ",
    "tr": "লাও নাশাউ জা‘আলনা-হু উজা-জান ফালাওলা-তাশকুরূন।",
    "bn_haque": "আমরা যদি চাইতাম তাহলে আমরা তাকে লোনা করে দিতে পারতাম, কেন তবে তোমরা কৃতজ্ঞতা প্রকাশ কর না?",
    "bn_muhi": "আমি ইচ্ছা করলে তাকে লোনা করে দিতে পারি, অতঃপর তোমরা কেন কৃতজ্ঞতা প্রকাশ কর না?",
    "en": "If We willed, We could make it bitter, so why are you not grateful?"
  },
  {
    "id": 71,
    "ar": "أَفَرَءَيْتُمُ ٱلنَّارَ ٱلَّتِى تُورُونَ",
    "tr": "আফারাআইতুমুন্না-রাল্লাতী তূরূন।",
    "bn_haque": "তোমরা যে আগুন জ্বালাও তা কি তোমরা লক্ষ্য করেছ?",
    "bn_muhi": "তোমরা যে অগ্নি প্রজ্জ্বলিত কর, সে সম্পর্কে ভেবে দেখেছ কি?",
    "en": "And have you seen the fire that you ignite?"
  },
  {
    "id": 72,
    "ar": "ءَأَنتُمْ أَنشَأْتُمْ شَجَرَتَهَآ أَمْ نَحْنُ ٱلْمُنشِـُٔونَ",
    "tr": "আ আনতুম আনশা’তুম শাজারাতাহাআম নাহনুল মুনশিঊন।",
    "bn_haque": "তোমরাই কি তার গাছকে জন্মইয়েছ, না আমরা উৎপাদনকারী?",
    "bn_muhi": "তোমরা কি এর বৃক্ষ সৃষ্টি করেছ, না আমি সৃষ্টি করেছি ?",
    "en": "Is it you who produced its tree, or are We the producer?"
  },
  {
    "id": 73,
    "ar": "نَحْنُ جَعَلْنَٰهَا تَذْكِرَةً وَمَتَٰعًا لِّلْمُقْوِينَ",
    "tr": "নাহনুজা‘আলনা-হা-তাযকিরাতাওঁওয়া মাতা-‘আল লিলমুকবিন।",
    "bn_haque": "আমরাই তাকে বানিয়েছি এক নিদর্শনসামগ্রী এবং মরুচারীদের জন্য এক প্রয়োজনসামগ্রী।",
    "bn_muhi": "আমি সেই বৃক্ষকে করেছি স্মরণিকা এবং মরুবাসীদের জন্য সামগ্রী।",
    "en": "We have made it a reminder and provision for the travelers,"
  },
  {
    "id": 74,
    "ar": "فَسَبِّحْ بِٱسْمِ رَبِّكَ ٱلْعَظِيمِ",
    "tr": "ফাছাববিহবিছমি রাব্বিকাল ‘আজীম।",
    "bn_haque": "অতএব তোমার সর্বশক্তিমান প্রভুর নামের জপতপ করো।",
    "bn_muhi": "অতএব, আপনি আপনার মহান পালনকর্তার নামে পবিত্রতা ঘোষণা করুন।",
    "en": "So exalt the name of your Lord, the Most Great."
  },
  {
    "id": 75,
    "ar": "فَلَآ أُقْسِمُ بِمَوَٰقِعِ ٱلنُّجُومِ",
    "tr": "ফালাউকছিমুবিমাওয়া-কি‘ইননুজূম।",
    "bn_haque": "না, আমি কিন্তু শপথ করছি নক্ষত্ররাজির অবস্থানের, --",
    "bn_muhi": "অতএব, আমি তারকারাজির অস্তাচলের শপথ করছি,",
    "en": "Then I swear by the setting of the stars,"
  },
  {
    "id": 76,
    "ar": "وَإِنَّهُۥ لَقَسَمٌ لَّوْ تَعْلَمُونَ عَظِيمٌ",
    "tr": "ওয়া ইন্নাহূলাকাছামুল লাও তা‘লামূনা ‘আজীম।",
    "bn_haque": "আর নিঃসন্দেহ এটি তো এক বিরাট শপথ, যদি তোমরা জানতে, --",
    "bn_muhi": "নিশ্চয় এটা এক মহা শপথ-যদি তোমরা জানতে।",
    "en": "And indeed, it is an oath - if you could know - [most] great."
  },
  {
    "id": 77,
    "ar": "إِنَّهُۥ لَقُرْءَانٌ كَرِيمٌ",
    "tr": "ইন্নাহূলাকুরআ-নুন কারীম।",
    "bn_haque": "নিঃসন্দেহ এটি তো এক সম্মানিত কুরআন,",
    "bn_muhi": "নিশ্চয় এটা সম্মানিত কোরআন,",
    "en": "Indeed, it is a noble Qur'an"
  },
  {
    "id": 78,
    "ar": "فِى كِتَٰبٍ مَّكْنُونٍ",
    "tr": "ফী কিতা-বিম মাকনূন।",
    "bn_haque": "এক সুরক্ষিত গ্রন্থে।",
    "bn_muhi": "যা আছে এক গোপন কিতাবে,",
    "en": "In a Register well-protected;"
  },
  {
    "id": 79,
    "ar": "لَّا يَمَسُّهُۥٓ إِلَّا ٱلْمُطَهَّرُونَ",
    "tr": "লা-ইয়ামাছছুহূইল্লাল মুতাহহারূন।",
    "bn_haque": "কেউ তা স্পর্শ করবে না পূত-পবিত্র ছাড়া।",
    "bn_muhi": "যারা পাক-পবিত্র, তারা ব্যতীত অন্য কেউ একে স্পর্শ করবে না।",
    "en": "None touch it except the purified."
  },
  {
    "id": 80,
    "ar": "تَنزِيلٌ مِّن رَّبِّ ٱلْعَٰلَمِينَ",
    "tr": "তানঝীলুম মির রাব্বিল ‘আ-লামীন।",
    "bn_haque": "এটি এক অবতারণ বিশ্বজগতের প্রভুর কাছ থেকে।",
    "bn_muhi": "এটা বিশ্ব-পালনকর্তার পক্ষ থেকে অবতীর্ণ।",
    "en": "[It is] a revelation from the Lord of the worlds."
  },
  {
    "id": 81,
    "ar": "أَفَبِهَٰذَا ٱلْحَدِيثِ أَنتُم مُّدْهِنُونَ",
    "tr": "আফা বিহা-যাল হাদীছিআনতুম মুদহিনূন।",
    "bn_haque": "তা সত্ত্বেও কি সেই বাণীর প্রতি তোমরা তুচ্ছতাচ্ছিল্য ভাবাপন্ন,",
    "bn_muhi": "তবুও কি তোমরা এই বাণীর প্রতি শৈথিল্য পদর্শন করবে?",
    "en": "Then is it to this statement that you are indifferent"
  },
  {
    "id": 82,
    "ar": "وَتَجْعَلُونَ رِزْقَكُمْ أَنَّكُمْ تُكَذِّبُونَ",
    "tr": "ওয়া তাজ‘আলূনা রিঝকাকুম আন্নাকুম তুকাযযি বূন।",
    "bn_haque": "এবং তোমাদের জীবিকা বানিয়ে নিয়েছ যে তোমরা মিথ্যা আখ্যা দেবে?",
    "bn_muhi": "এবং একে মিথ্যা বলাকেই তোমরা তোমাদের ভূমিকায় পরিণত করবে?",
    "en": "And make [the thanks for] your provision that you deny [the Provider]?"
  },
  {
    "id": 83,
    "ar": "فَلَوْلَآ إِذَا بَلَغَتِ ٱلْحُلْقُومَ",
    "tr": "ফালাও লাইযা-বালাগাতিল হুলকূম।",
    "bn_haque": "তবে কেন যখন কন্ঠাগত হয়ে যায়,",
    "bn_muhi": "অতঃপর যখন কারও প্রাণ কন্ঠাগত হয়।",
    "en": "Then why, when the soul at death reaches the throat"
  },
  {
    "id": 84,
    "ar": "وَأَنتُمْ حِينَئِذٍ تَنظُرُونَ",
    "tr": "ওয়া আনতুম হীনাইযিন তানজু রূন।",
    "bn_haque": "এবং তোমরা যে-সময়ে তাকিয়ে থাকো,",
    "bn_muhi": "এবং তোমরা তাকিয়ে থাক,",
    "en": "And you are at that time looking on -"
  },
  {
    "id": 85,
    "ar": "وَنَحْنُ أَقْرَبُ إِلَيْهِ مِنكُمْ وَلَٰكِن لَّا تُبْصِرُونَ",
    "tr": "ওয়া নাহনুআকরাবুইলাইহি মিনকুম ওয়ালা-কিল্লা-তুবসিরূন।",
    "bn_haque": "আমরা তখন তোমাদের চাইতে তার বেশী নিকটবর্তী কিন্তু তোমরা দেখতে পাও না।",
    "bn_muhi": "তখন আমি তোমাদের অপেক্ষা তার অধিক নিকটে থাকি; কিন্তু তোমরা দেখ না।",
    "en": "And Our angels are nearer to him than you, but you do not see -"
  },
  {
    "id": 86,
    "ar": "فَلَوْلَآ إِن كُنتُمْ غَيْرَ مَدِينِينَ",
    "tr": "ফালাওলাইন কুনতুম গাইরা মাদীনিন।",
    "bn_haque": "যদি তোমরা আজ্ঞাধীন না হয়ে থাক তবে কেন তোমরা পার না --",
    "bn_muhi": "যদি তোমাদের হিসাব-কিতাব না হওয়াই ঠিক হয়,",
    "en": "Then why do you not, if you are not to be recompensed,"
  },
  {
    "id": 87,
    "ar": "تَرْجِعُونَهَآ إِن كُنتُمْ صَٰدِقِينَ",
    "tr": "তার জি‘ঊনাহাইন কুনতুম সা-দিকীন।",
    "bn_haque": "তাকে ফিরিয়ে দিতে, যদি তোমরা সত্যবাদী হও?",
    "bn_muhi": "তবে তোমরা এই আত্মাকে ফিরাও না কেন, যদি তোমরা সত্যবাদী হও ?",
    "en": "Bring it back, if you should be truthful?"
  },
  {
    "id": 88,
    "ar": "فَأَمَّآ إِن كَانَ مِنَ ٱلْمُقَرَّبِينَ",
    "tr": "ফাআম্মাইন কা-না মিনাল মুকাররাবীন।",
    "bn_haque": "আর পক্ষান্তরে যদি সে নৈকট্যপ্রাপ্তদের অন্তর্ভুক্ত হয়।",
    "bn_muhi": "যদি সে নৈকট্যশীলদের একজন হয়;",
    "en": "And if the deceased was of those brought near to Allah,"
  },
  {
    "id": 89,
    "ar": "فَرَوْحٌ وَرَيْحَانٌ وَجَنَّتُ نَعِيمٍ",
    "tr": "ফারাওহুওঁ ওয়া রাই হা-নুওঁ ওয়া জান্নাতুনা‘ঈম।",
    "bn_haque": "তাহলে আয়েশ-আরাম ও সৌরভ, এবং আনন্দময় উদ্যান।",
    "bn_muhi": "তবে তার জন্যে আছে সুখ, উত্তম রিযিক এবং নেয়ামতে ভরা উদ্যান।",
    "en": "Then [for him is] rest and bounty and a garden of pleasure."
  },
  {
    "id": 90,
    "ar": "وَأَمَّآ إِن كَانَ مِنْ أَصْحَٰبِ ٱلْيَمِينِ",
    "tr": "ওয়া আম্মাইন কা-না মিন আসহা-বিল ইয়ামীন।",
    "bn_haque": "আর অপরপক্ষে সে যদি দক্ষিণপন্থীদের মধ্যেকার হয়,",
    "bn_muhi": "আর যদি সে ডান পার্শ্বস্থদের একজন হয়,",
    "en": "And if he was of the companions of the right,"
  },
  {
    "id": 91,
    "ar": "فَسَلَٰمٌ لَّكَ مِنْ أَصْحَٰبِ ٱلْيَمِينِ",
    "tr": "ফাছালা-মুল্লাকা মিন আসহা-বিল ইয়ামীন।",
    "bn_haque": "তাহলে দক্ষিণপন্থীদের দলের থেকে -- \"তোমার প্রতি সালাম।\"",
    "bn_muhi": "তবে তাকে বলা হবেঃ তোমার জন্যে ডানপার্শ্বসস্থদের পক্ষ থেকে সালাম।",
    "en": "Then [the angels will say], \"Peace for you; [you are] from the companions of the right.\""
  },
  {
    "id": 92,
    "ar": "وَأَمَّآ إِن كَانَ مِنَ ٱلْمُكَذِّبِينَ ٱلضَّآلِّينَ",
    "tr": "ওয়া আম্মাইন কা-না মিনাল মুকাযযি বীনাদ্দাল্লীন।",
    "bn_haque": "আর পক্ষান্তরে সে যদি প্রত্যাখ্যানকারী পথভ্রষ্টদের অন্তর্ভুক্ত হয়ে থাকে, --",
    "bn_muhi": "আর যদি সে পথভ্রষ্ট মিথ্যারোপকারীদের একজন হয়,",
    "en": "But if he was of the deniers [who were] astray,"
  },
  {
    "id": 93,
    "ar": "فَنُزُلٌ مِّنْ حَمِيمٍ",
    "tr": "ফানুঝুলুম মিন হামীম।",
    "bn_haque": "তাহলে আপ্যায়ন হবে ফুটন্ত পানি দিয়ে,",
    "bn_muhi": "তবে তার আপ্যায়ন হবে উত্তপ্ত পানি দ্বারা।",
    "en": "Then [for him is] accommodation of scalding water"
  },
  {
    "id": 94,
    "ar": "وَتَصْلِيَةُ جَحِيمٍ",
    "tr": "ওয়া তাসলিয়াতুজাহীম।",
    "bn_haque": "এবং প্রবেশস্থল হবে ভয়ংকর আগুন!",
    "bn_muhi": "এবং সে নিক্ষিপ্ত হবে অগ্নিতে।",
    "en": "And burning in Hellfire"
  },
  {
    "id": 95,
    "ar": "إِنَّ هَٰذَا لَهُوَ حَقُّ ٱلْيَقِينِ",
    "tr": "ইন্না হা-যা-লাহুওয়া হাক্কুল ইয়াকীন।",
    "bn_haque": "নিঃসন্দেহ এটি অবশ্য সুনিশ্চিত সত্য।",
    "bn_muhi": "এটা ধ্রুব সত্য।",
    "en": "Indeed, this is the true certainty,"
  },
  {
    "id": 96,
    "ar": "فَسَبِّحْ بِٱسْمِ رَبِّكَ ٱلْعَظِيمِ",
    "tr": "ফাছাব্বিহবিছমি রাব্বিকাল ‘আজীম।",
    "bn_haque": "সুতরাং তোমার সর্বশক্তিমান প্রভুর নামের জপতপ করো।",
    "bn_muhi": "অতএব, আপনি আপনার মহান পালনকর্তার নামে পবিত্রতা ঘোষণা করুন।",
    "en": "So exalt the name of your Lord, the Most Great."
  }
]