[
  {
    "id": 1,
    "ar": "ٱلْحَمْدُ لِلَّهِ فَاطِرِ ٱلسَّمَٰوَٰتِ وَٱلْأَرْضِ جَاعِلِ ٱلْمَلَٰٓئِكَةِ رُسُلًا أُو۟لِىٓ أَجْنِحَةٍ مَّثْنَىٰ وَثُلَٰثَ وَرُبَٰعَ يَزِيدُ فِى ٱلْخَلْقِ مَا يَشَآءُ إِنَّ ٱللَّهَ عَلَىٰ كُلِّ شَىْءٍ قَدِيرٌ",
    "tr": "আল হামদুলিল্লা-হি ফা-তিরিছছামা-ওয়া-তি ওয়াল আরদিজা‘ইলিল মালাইকাতি রুছুলান ঊলীআজনিহাতিম্মাছনা-ওয়া ছুলা-ছা ওয়া রুবা-‘আ ইয়াঝীদুফিল খালকিমা-ইয়াশাউ ইন্নাল্লা-হা আ‘লা-কুল্লি শাইয়িন কাদীর।",
    "bn_haque": "সমস্ত প্রশংসা আল্লাহ্‌র -- মহাকাশমন্ডলী ও পৃথিবীর আদিস্রষ্টা, ফিরিশ্‌তাদের সৃষ্টিকর্তা বাণীবাহকরূপে -- দুই বা তিন বা চারখানা ডানা সংযুক্ত। তিনি সৃষ্টির সঙ্গে বাড়াতে থাকেন যা-কিছু তিনি চান। নিঃসন্দেহ আল্লাহ্ সব-কিছুর উপরে সর্বশক্তি মান।",
    "bn_muhi": "সমস্ত প্রশংসা আল্লাহর, যিনি আসমান ও যমীনের স্রষ্টা এবং ফেরেশতাগণকে করেছেন বার্তাবাহক-তারা দুই দুই, তিন তিন ও চার চার পাখাবিশিষ্ট। তিনি সৃষ্টি মধ্যে যা ইচ্ছা যোগ করেন। নিশ্চয় আল্লাহ সর্ববিষয়ে সক্ষম।",
    "en": "[All] praise is [due] to Allah, Creator of the heavens and the earth, [who] made the angels messengers having wings, two or three or four. He increases in creation what He wills. Indeed, Allah is over all things competent."
  },
  {
    "id": 2,
    "ar": "مَّا يَفْتَحِ ٱللَّهُ لِلنَّاسِ مِن رَّحْمَةٍ فَلَا مُمْسِكَ لَهَا وَمَا يُمْسِكْ فَلَا مُرْسِلَ لَهُۥ مِنۢ بَعْدِهِۦ وَهُوَ ٱلْعَزِيزُ ٱلْحَكِيمُ",
    "tr": "মা ইয়াফতাহিল্লা-হু লিন্না-ছি মির রাহমাতিন ফালা-মুম ছিকা লাহা- ওয়া মা-ইউমছিক ফালা-মুরছিলা লাহূমিম বা‘দিহী ওয়া হুওয়াল ‘আঝীঝুল হাকীম।",
    "bn_haque": "আল্লাহ্ লোকেদের জন্য করুণা থেকে যা খুলে ধরেন সেটি তবে রোধ করবার কেউ থাকবে না, আর যা তিনি রোধ করে রাখেন সেটি তবে এরপরে পাঠানোর কেউ থাকবে না। আর তিনি মহাশক্তিশালী, পরমজ্ঞানী।",
    "bn_muhi": "আল্লাহ মানুষের জন্য অনুগ্রহের মধ্য থেকে যা খুলে দেন, তা ফেরাবার কেউ নেই এবং তিনি যা বারণ করেন, তা কেউ প্রেরণ করতে পারে না তিনি ব্যতিত। তিনি পরাক্রমশালী প্রজ্ঞাময়।",
    "en": "Whatever Allah grants to people of mercy - none can withhold it; and whatever He withholds - none can release it thereafter. And He is the Exalted in Might, the Wise."
  },
  {
    "id": 3,
    "ar": "يَٰٓأَيُّهَا ٱلنَّاسُ ٱذْكُرُوا۟ نِعْمَتَ ٱللَّهِ عَلَيْكُمْ هَلْ مِنْ خَٰلِقٍ غَيْرُ ٱللَّهِ يَرْزُقُكُم مِّنَ ٱلسَّمَآءِ وَٱلْأَرْضِ لَآ إِلَٰهَ إِلَّا هُوَ فَأَنَّىٰ تُؤْفَكُونَ",
    "tr": "ইয়াআইয়ুহান্না-ছুযকুরূনি‘মাতাল্লা-হি ‘আলাইকুম হাল মিন খা-লিকিন গাইরুল্লা-হি ইয়ারঝুকুকুম মিনাছ ছামাই ওয়াল আরদি লাইলা-হা ইল্লা-হুওয়া ফাআন্নাতু’ফাকূন।",
    "bn_haque": "ওহে মানবগোষ্ঠী! তোমাদের উপরে আল্লাহ্‌র অনুগ্রহ স্মরণ করো। আল্লাহ্ ছাড়া কি অন্য স্রষ্টা রয়েছে যে মহাকাশ ও পৃথিবী থেকে তোমাদের জীবিকা দান করে? তিনি ব্যতীত অন্য উপাস্য নেই, সুতরাং কোথা থেকে তোমাদের ফেরানো হচ্ছে!",
    "bn_muhi": "হে মানুষ, তোমাদের প্রতি আল্লাহর অনুগ্রহ স্মরণ কর। আল্লাহ ব্যতীত এমন কোন স্রষ্টা আছে কি, যে তোমাদেরকে আসমান ও যমীন থেকে রিযিক দান করে? তিনি ব্যতীত কোন উপাস্য নেই। অতএব তোমরা কোথায় ফিরে যাচ্ছ?",
    "en": "O mankind, remember the favor of Allah upon you. Is there any creator other than Allah who provides for you from the heaven and earth? There is no deity except Him, so how are you deluded?"
  },
  {
    "id": 4,
    "ar": "وَإِن يُكَذِّبُوكَ فَقَدْ كُذِّبَتْ رُسُلٌ مِّن قَبْلِكَ وَإِلَى ٱللَّهِ تُرْجَعُ ٱلْأُمُورُ",
    "tr": "ওয়া ইয়ঁইউকাযযিবূকা ফাকাদ কুযযিবাত রুছুলুম মিন কাবলিকা ওয়া ইলাল্লা-হি তুর জা‘উল উমূর।",
    "bn_haque": "আর যদি তারা মিথ্যা আরোপ করে তবে তোমার আগেও রসূলগণ অবশ্য মিথ্যাবাদী আখ্যায়িত হয়েছিলেন। আর আল্লাহ্‌র তরফেই সব ব্যাপারকে ফিরিয়ে নেওয়া হবে।",
    "bn_muhi": "তারা যদি আপনাকে মিথ্যাবাদী বলে, তবে আপনার পূর্ববর্তী পয়গম্বরগণকেও তো মিথ্যাবাদী বলা হয়েছিল। আল্লাহর প্রতিই যাবতীয় বিষয় প্রত্যাবর্তিত হয়।",
    "en": "And if they deny you, [O Muhammad] - already were messengers denied before you. And to Allah are returned [all] matters."
  },
  {
    "id": 5,
    "ar": "يَٰٓأَيُّهَا ٱلنَّاسُ إِنَّ وَعْدَ ٱللَّهِ حَقٌّ فَلَا تَغُرَّنَّكُمُ ٱلْحَيَوٰةُ ٱلدُّنْيَا وَلَا يَغُرَّنَّكُم بِٱللَّهِ ٱلْغَرُورُ",
    "tr": "ইয়াআইয়ুহান্না-ছুইন্না ওয়া‘দাল্লা-হি হাক্কুন ফালা-তাগুররান্নাকুমুল হায়াতুদ্দনইয়া- ওয়ালা-ইয়াগুররান্নাকুম বিল্লা-হিল গারূর।",
    "bn_haque": "ওহে মানবগোষ্ঠী! নিঃসন্দেহ আল্লাহ্‌র ওয়াদা ধ্রুব সত্য, কাজেই এই দুনিয়ার জীবন তোমাদের যেন কিছুতেই প্রবঞ্চনা না করে।",
    "bn_muhi": "হে মানুষ, নিশ্চয় আল্লাহর ওয়াদা সত্য। সুতরাং, পার্থিব জীবন যেন তোমাদেরকে প্রতারণা না করে। এবং সেই প্রবঞ্চক যেন কিছুতেই তোমাদেরকে আল্লাহ সম্পর্কে প্রবঞ্চিত না করে।",
    "en": "O mankind, indeed the promise of Allah is truth, so let not the worldly life delude you and be not deceived about Allah by the Deceiver."
  },
  {
    "id": 6,
    "ar": "إِنَّ ٱلشَّيْطَٰنَ لَكُمْ عَدُوٌّ فَٱتَّخِذُوهُ عَدُوًّا إِنَّمَا يَدْعُوا۟ حِزْبَهُۥ لِيَكُونُوا۟ مِنْ أَصْحَٰبِ ٱلسَّعِيرِ",
    "tr": "ইন্নাশশাইতা-না লাকুম ‘আদুওউন ফাত্তাখিযূহু আ‘দুওওয়ান ইন্নামা-ইয়াদ‘ঊ হিঝবাহূ লিইয়াকূনূমিন আসহা-বিছছা‘ঈর।",
    "bn_haque": "নিঃসন্দেহ শয়তান তোমাদের শত্রু, কাজেই তাকে শত্রু হিসেবে গ্রহণ কর! সে তো তার সাঙ্গোপাঙ্গকে কেবলই আহ্বান করে যেন তারা জ্বলন্ত আগুনের বাসিন্দা হয়।",
    "bn_muhi": "শয়তান তোমাদের শত্রু; অতএব তাকে শত্রু রূপেই গ্রহণ কর। সে তার দলবলকে আহবান করে যেন তারা জাহান্নামী হয়।",
    "en": "Indeed, Satan is an enemy to you; so take him as an enemy. He only invites his party to be among the companions of the Blaze."
  },
  {
    "id": 7,
    "ar": "ٱلَّذِينَ كَفَرُوا۟ لَهُمْ عَذَابٌ شَدِيدٌ وَٱلَّذِينَ ءَامَنُوا۟ وَعَمِلُوا۟ ٱلصَّٰلِحَٰتِ لَهُم مَّغْفِرَةٌ وَأَجْرٌ كَبِيرٌ",
    "tr": "আল্লাযীনা কাফারূলাহুম ‘আযা-বুন শাদীদুওঁ ওয়াল্লাযীনা আ-মানূওয়া ‘আমিলুসসালিহা-তি লাহুম মাগফিরাতুওঁ ওয়া আজরুন কাবীর।",
    "bn_haque": "যারা অবিশ্বাস পোষণ করে তাদের জন্য আছে কঠোর শাস্তি। পক্ষান্তরে যারা ঈমান এনেছে ও সৎকাজ করেছে তাদের জন্য রয়েছে পরিত্রাণ ও এক বিরাট প্রতিদান।",
    "bn_muhi": "যারা কুফর করে তাদের জন্যে রয়েছে কঠোর আযাব। আর যারা ঈমান আনে ও সৎকর্ম করে, তাদের জন্যে রয়েছে ক্ষমা ও মহা পুরস্কার।",
    "en": "Those who disbelieve will have a severe punishment, and those who believe and do righteous deeds will have forgiveness and great reward."
  },
  {
    "id": 8,
    "ar": "أَفَمَن زُيِّنَ لَهُۥ سُوٓءُ عَمَلِهِۦ فَرَءَاهُ حَسَنًا فَإِنَّ ٱللَّهَ يُضِلُّ مَن يَشَآءُ وَيَهْدِى مَن يَشَآءُ فَلَا تَذْهَبْ نَفْسُكَ عَلَيْهِمْ حَسَرَٰتٍ إِنَّ ٱللَّهَ عَلِيمٌۢ بِمَا يَصْنَعُونَ",
    "tr": "আফামান ঝুইয়িনা লাহূছূউ ‘আমালিহী ফারাআ-হু হাছানান ফাইন্নাল্লা-হা ইউদিল্লুমাইঁ ইয়াশা----উ ওইয়াহদি- মাইঁয়াশা----উ ফালা-তাযহাব নাফছুকা ‘আলাইহিম হাছারাতিন ইন্নাল্লা-হা ‘আলীমুম বিমা-ইয়াসনা‘ঊন।",
    "bn_haque": "কাউকেও যদি তার মন্দ কাজকে তার কাছে চিত্তাকর্ষক করা হয় এবং সেও এটি ভাল বলে দেখে সে কি তবে? সুতরাং আল্লাহ্ অবশ্য বিপথে চলতে দেন যাকে তিনি ইচ্ছা করেন, আর সৎপথে পরিচালিত করেন যাকে তিনি ইচ্ছা করেন। অতএব তুমি তাদের জন্য আক্ষেপের দ্বারা তোমার নিজেকে বিনাশ হতে দিয়ো না। নিঃসন্দেহ তারা যা করে সে সন্বন্ধে আল্লাহ্ সর্বজ্ঞাতা।",
    "bn_muhi": "যাকে মন্দকর্ম শোভনীয় করে দেখানো হয়, সে তাকে উত্তম মনে করে, সে কি সমান যে মন্দকে মন্দ মনে করে। নিশ্চয় আল্লাহ যাকে ইচ্ছা পথভ্রষ্ট করেন এবং যাকে ইচছা সৎপথ প্রদর্শন করেন। সুতরাং আপনি তাদের জন্যে অনুতাপ করে নিজেকে ধ্বংস করবেন না। নিশ্চয়ই আল্লাহ জানেন তারা যা করে।",
    "en": "Then is one to whom the evil of his deed has been made attractive so he considers it good [like one rightly guided]? For indeed, Allah sends astray whom He wills and guides whom He wills. So do not let yourself perish over them in regret. Indeed, Allah is Knowing of what they do."
  },
  {
    "id": 9,
    "ar": "وَٱللَّهُ ٱلَّذِىٓ أَرْسَلَ ٱلرِّيَٰحَ فَتُثِيرُ سَحَابًا فَسُقْنَٰهُ إِلَىٰ بَلَدٍ مَّيِّتٍ فَأَحْيَيْنَا بِهِ ٱلْأَرْضَ بَعْدَ مَوْتِهَا كَذَٰلِكَ ٱلنُّشُورُ",
    "tr": "ওয়াল্লা-হুল্লাযীআরছালার রিইয়া-হা ফাতুছীরু ছাহা-বান ফাছুকনা-হু ইলা-বালাদিম মাইয়িতিন ফাআহইয়াইনা-বিহিল আরদা বা‘দা মাওতিহা- কাযা-লিকান নুশূর।",
    "bn_haque": "আর আল্লাহ্‌ই তিনি যিনি বায়ুপ্রবাহ পাঠান, ফলে এটি মেঘমালা সঞ্চালিত করে, তারপর আমরা তাকে নিয়ে যাই মৃত ভূখন্ডের দিকে, ফলে তার দ্বারা আমরা পৃথিবীকে তার মৃত্যুর পরে জীবনদান করি। এইভাবেই পুনরুত্থান হয়।",
    "bn_muhi": "আল্লাহই বায়ু প্রেরণ করেন, অতঃপর সে বায়ু মেঘমালা সঞ্চারিত করে। অতঃপর আমি তা মৃত ভূ-খন্ডের দিকে পরিচালিত করি, অতঃপর তদ্বারা সে ভূ-খন্ডকে তার মৃত্যুর পর সঞ্জীবিত করে দেই। এমনিভাবে হবে পুনরুত্থান।",
    "en": "And it is Allah who sends the winds, and they stir the clouds, and We drive them to a dead land and give life thereby to the earth after its lifelessness. Thus is the resurrection."
  },
  {
    "id": 10,
    "ar": "مَن كَانَ يُرِيدُ ٱلْعِزَّةَ فَلِلَّهِ ٱلْعِزَّةُ جَمِيعًا إِلَيْهِ يَصْعَدُ ٱلْكَلِمُ ٱلطَّيِّبُ وَٱلْعَمَلُ ٱلصَّٰلِحُ يَرْفَعُهُۥ وَٱلَّذِينَ يَمْكُرُونَ ٱلسَّيِّـَٔاتِ لَهُمْ عَذَابٌ شَدِيدٌ وَمَكْرُ أُو۟لَٰٓئِكَ هُوَ يَبُورُ",
    "tr": "মান কা-না ইউরীদুল ‘ইঝঝাতা ফালিল্লা-হিল ‘ইঝঝাতুজামী‘আন ইলাইহি ইয়াস‘আদুল কালিমুততাইয়িবুওয়াল ‘আমালুসসা-লিহুইয়ারফা‘উহূ ওয়াল্লাযীনা ইয়ামকুরূনাছ ছাইয়িআ-তি লাহুম ‘আযা-বুন শাদীদুওঁ ওয়া মাকরূউলাইকা হুওয়া ইয়াবূর।",
    "bn_haque": "যে কেউ মানসম্মান চায় সমস্ত মানসম্মান তো আল্লাহ্‌র। তাঁরই দিকে উত্থিত হয় সকল খাঁটি বাক্যালাপ, আর পূণ্যময় কাজ -- তিনি তার উন্নতি সাধন করেন। আর যারা মন্দ কাজের ফন্দি আঁটে তাদের জন্য আছে কঠিন শাস্তি। আর এদের ফন্দি -- তা ব্যর্থ হবেই।",
    "bn_muhi": "কেউ সম্মান চাইলে জেনে রাখুন, সমস্ত সম্মান আল্লাহরই জন্যে। তাঁরই দিকে আরোহণ করে সৎবাক্য এবং সৎকর্ম তাকে তুলে নেয়। যারা মন্দ কার্যের চক্রান্তে লেগে থাকে, তাদের জন্যে রয়েছে কঠোর শাস্তি। তাদের চক্রান্ত ব্যর্থ হবে।",
    "en": "Whoever desires honor [through power] - then to Allah belongs all honor. To Him ascends good speech, and righteous work raises it. But they who plot evil deeds will have a severe punishment, and the plotting of those - it will perish."
  },
  {
    "id": 11,
    "ar": "وَٱللَّهُ خَلَقَكُم مِّن تُرَابٍ ثُمَّ مِن نُّطْفَةٍ ثُمَّ جَعَلَكُمْ أَزْوَٰجًا وَمَا تَحْمِلُ مِنْ أُنثَىٰ وَلَا تَضَعُ إِلَّا بِعِلْمِهِۦ وَمَا يُعَمَّرُ مِن مُّعَمَّرٍ وَلَا يُنقَصُ مِنْ عُمُرِهِۦٓ إِلَّا فِى كِتَٰبٍ إِنَّ ذَٰلِكَ عَلَى ٱللَّهِ يَسِيرٌ",
    "tr": "ওয়াল্লা-হু খালাকাকুম মিন তুরা-বিন ছু ম্মা জা‘আলাকুম আঝওয়া-জাওঁ ওয়ামাতাহমিলুমিন উনছা-ওয়ালা-তাদা‘উ ইল্লা-বি‘ইলমিহী ওয়ামা-ইউ‘আম্মারু মিম মু‘আম্মারিওঁ ওয়ালা-ইউনকাসুমিন ‘উমুরিহী ইল্লা ফী কিতা-বিন ইন্না যা-লিকা ‘আলাল্লা-হি ইয়াছীর।",
    "bn_haque": "আর আল্লাহ্ তোমাদের সৃষ্টি করেছেন মাটি থেকে, তারপর শুক্রকীট থেকে, তারপরে তিনি তোমাদের বানিয়েছেন যুগল। আর কোনো নারী গর্ভধারণ করে না অথবা প্রসব করে না তাঁর জানার বাইরে। আর কোনো বয়স্ক লোকের বয়েস বাড়ে না এবং তার বয়েস থেকে কিছু কমেও না, বরং তা রয়েছে কিতাবে। এটি নিশ্চয়ই আল্লাহ্‌র পক্ষে সহজসাধ্য।",
    "bn_muhi": "আল্লাহ তোমাদেরকে সৃষ্টি করেছেন মাটি থেকে, অতঃপর বীর্য থেকে, তারপর করেছেন তোমাদেরকে যুগল। কোন নারী গর্ভধারণ করে না এবং সন্তান প্রসব করে না; কিন্তু তাঁর জ্ঞাতসারে। কোন বয়স্ক ব্যক্তি বয়স পায় না। এবং তার বয়স হ্রাস পায় না; কিন্তু তা লিখিত আছে কিতাবে। নিশ্চয় এটা আল্লাহর পক্ষে সহজ।",
    "en": "And Allah created you from dust, then from a sperm-drop; then He made you mates. And no female conceives nor does she give birth except with His knowledge. And no aged person is granted [additional] life nor is his lifespan lessened but that it is in a register. Indeed, that for Allah is easy."
  },
  {
    "id": 12,
    "ar": "وَمَا يَسْتَوِى ٱلْبَحْرَانِ هَٰذَا عَذْبٌ فُرَاتٌ سَآئِغٌ شَرَابُهُۥ وَهَٰذَا مِلْحٌ أُجَاجٌ وَمِن كُلٍّ تَأْكُلُونَ لَحْمًا طَرِيًّا وَتَسْتَخْرِجُونَ حِلْيَةً تَلْبَسُونَهَا وَتَرَى ٱلْفُلْكَ فِيهِ مَوَاخِرَ لِتَبْتَغُوا۟ مِن فَضْلِهِۦ وَلَعَلَّكُمْ تَشْكُرُونَ",
    "tr": "ওয়ামা-ইয়াছতাবিলবাহরা-নি  হা-যা-‘আযবুন ফুরা-তুন ছাইগুন শারা-বুহূওয়া হা-যা-মিলহুন উজা-জুওঁ ওয়া মিন কুল্লিন তা’কুলূনা লাহমান তারিইইয়াওঁ ওয়া তাছতাখরিজূনা হিলয়াতান তালবাছূনাহা-ওয়া তারাল ফুলকা ফীহি মাওয়া-খিরাঁলিতাবতাগু মিন ফাদলিহী ওয়া লা‘আল্লাকুম তাশকুরূন।",
    "bn_haque": "আর দুটি সাগর একসমান নয়, এই একটি বিশুদ্ধ, তৃষ্ণানিবারক, যার পানকরণ সুমিষ্ট, আর এইটি লোনা, বিস্বাদ। তবুও তাদের প্রত্যেকটি থেকে তোমরা টাটকা মাংস খাও, আর বের করে আনো অলংকার যা তোমরা পরো। আর তুমি দেখতে পাও জাহাজগুলো তাতে বুকচিরে চলছে যেন তোমরা তাঁর করুণাভান্ডার থেকে রোজগার করতে পারো, আর যেন তোমরা কৃতজ্ঞতা জ্ঞাপন করো।",
    "bn_muhi": "দু’টি সমুদ্র সমান হয় না-একটি মিঠা ও তৃষ্ণানিবারক এবং অপরটি লোনা। ঊভয়টি থেকেই তোমরা তাজা গোশত (মৎস) আহার কর এবং পরিধানে ব্যবহার্য গয়নাগাটি আহরণ কর। তুমি তাতে তার বুক চিরে জাহাজ চলতে দেখ, যাতে তোমরা তার অনুগ্রহ অন্বেষণ কর এবং যাতে তোমরা কৃতজ্ঞতা প্রকাশ কর।",
    "en": "And not alike are the two bodies of water. One is fresh and sweet, palatable for drinking, and one is salty and bitter. And from each you eat tender meat and extract ornaments which you wear, and you see the ships plowing through [them] that you might seek of His bounty; and perhaps you will be grateful."
  },
  {
    "id": 13,
    "ar": "يُولِجُ ٱلَّيْلَ فِى ٱلنَّهَارِ وَيُولِجُ ٱلنَّهَارَ فِى ٱلَّيْلِ وَسَخَّرَ ٱلشَّمْسَ وَٱلْقَمَرَ كُلٌّ يَجْرِى لِأَجَلٍ مُّسَمًّى ذَٰلِكُمُ ٱللَّهُ رَبُّكُمْ لَهُ ٱلْمُلْكُ وَٱلَّذِينَ تَدْعُونَ مِن دُونِهِۦ مَا يَمْلِكُونَ مِن قِطْمِيرٍ",
    "tr": "ইঊলিজুল্লাইলা ফিন্নাহা-রি ওয়া ইঊলিজুন্নাহা-রা ফিল্লাইলি  ওয়া ছাখখারাশশামছা ওয়াল কামারা কুল্লুইঁ ইয়াজরী লিআজালিম মুছাম্মান যা-লিকুমুল্লা-হু রাব্বাকুম লাহুল মুলকু ওয়াল্লাযীনা তাদ‘ঊনা মিন দূ নিহী মা-ইয়ামলিকূনা মিন কিতমীর।",
    "bn_haque": "তিনি রাতকে দিনের মধ্যে প্রবেশ করান ও দিনকে প্রবেশ করান রাতের মধ্যে, আর তিনি সূর্য ও চন্দ্রকে নিয়ন্ত্রণাধীন করেছেন -- প্রত্যেকটিই ভেসে চলে এক নির্দিষ্টকালের জন্য। এই হচ্ছেন আল্লাহ্‌, তোমাদের প্রভু, তাঁরই হচ্ছে সার্বভৌমত্ব। কিন্তু তাঁকে বাদ দিয়ে যাদের তোমরা ডাক তারা তো তুচ্ছ কিছুরও ক্ষমতা রাখে না।",
    "bn_muhi": "তিনি রাত্রিকে দিবসে প্রবিষ্ট করেন এবং দিবসকে রাত্রিতে প্রবিষ্ট করেন। তিনি সূর্য ও চন্দ্রকে কাজে নিয়োজিত করেছেন। প্রত্যেকটি আবর্তন করে এক নির্দিষ্ট মেয়াদ পর্যন্ত। ইনি আল্লাহ; তোমাদের পালনকর্তা, সাম্রাজ্য তাঁরই। তাঁর পরিবর্তে তোমরা যাদেরকে ডাক, তারা তুচ্ছ খেজুর আঁটিরও অধিকারী নয়।",
    "en": "He causes the night to enter the day, and He causes the day to enter the night and has subjected the sun and the moon - each running [its course] for a specified term. That is Allah, your Lord; to Him belongs sovereignty. And those whom you invoke other than Him do not possess [as much as] the membrane of a date seed."
  },
  {
    "id": 14,
    "ar": "إِن تَدْعُوهُمْ لَا يَسْمَعُوا۟ دُعَآءَكُمْ وَلَوْ سَمِعُوا۟ مَا ٱسْتَجَابُوا۟ لَكُمْ وَيَوْمَ ٱلْقِيَٰمَةِ يَكْفُرُونَ بِشِرْكِكُمْ وَلَا يُنَبِّئُكَ مِثْلُ خَبِيرٍ",
    "tr": "ইন তাদ‘ঊহুম লা-ইয়াছমা‘ঊ দু‘আআকুম ওয়ালাও ছামি‘ঊ মাছতাজা-বূলাকুম ওয়া ইয়াওমাল কিয়া-মাতি ইয়াকফুরূনা বিশিরকিকুম ওয়া লা-ইউনাব্বিউকা মিছলু খাবীর।",
    "bn_haque": "যদি তোমরা তাদের ডাক তারা তোমাদের ডাক শুনবে না, আর তারা যদিও শুনতে পায় তবু তারা তোমাদের প্রতি সাড়া দেবে না। আর কিয়ামতের দিনে তারা অস্বীকার করবে তোমাদের শরীক করার কথা। আর কেউ তোমাকে জানাতে পারে না পূর্ণ- ওয়াকিফহালের।",
    "bn_muhi": "তোমরা তাদেরকে ডাকলে তারা তোমাদের সে ডাক শুনে না। শুনলেও তোমাদের ডাকে সাড়া দেয় না। কেয়ামতের দিন তারা তোমাদের শেরক অস্বীকার করবে। বস্তুতঃ আল্লাহর ন্যায় তোমাকে কেউ অবহিত করতে পারবে না।",
    "en": "If you invoke them, they do not hear your supplication; and if they heard, they would not respond to you. And on the Day of Resurrection they will deny your association. And none can inform you like [one] Acquainted [with all matters]."
  },
  {
    "id": 15,
    "ar": "يَٰٓأَيُّهَا ٱلنَّاسُ أَنتُمُ ٱلْفُقَرَآءُ إِلَى ٱللَّهِ وَٱللَّهُ هُوَ ٱلْغَنِىُّ ٱلْحَمِيدُ",
    "tr": "ইয়াআইয়ুহান্না-ছুআনতুমুল ফুকারাউ ইলাল্লা-হি ওয়াল্লা-হু হুওয়াল গানিইয়ুল হামীদ।",
    "bn_haque": "ওহে মানবজাতি! তোমরা তো আল্লাহ্‌র মুখাপেক্ষী, -- আর আল্লাহ্‌, তিনি স্বয়ংসমৃদ্ধ, পরম প্রশংসিত।",
    "bn_muhi": "হে মানুষ, তোমরা আল্লাহর গলগ্রহ। আর আল্লাহ; তিনি অভাবমুক্ত, প্রশংসিত।",
    "en": "O mankind, you are those in need of Allah, while Allah is the Free of need, the Praiseworthy."
  },
  {
    "id": 16,
    "ar": "إِن يَشَأْ يُذْهِبْكُمْ وَيَأْتِ بِخَلْقٍ جَدِيدٍ",
    "tr": "ইয়ঁইয়াশা’ ইউযহিবকুম ওয়া ইয়া’তি বিখালকিন জাদীদ।",
    "bn_haque": "যদি তিনি চান তবে তিনি তোমাদের গত করে দেবেন এবং নিয়ে আসবেন এক নতুন সৃষ্টি, --",
    "bn_muhi": "তিনি ইচ্ছা করলে তোমাদেরকে বিলুপ্ত করে এক নতুন সৃষ্টির উদ্ভব করবেন।",
    "en": "If He wills, He can do away with you and bring forth a new creation."
  },
  {
    "id": 17,
    "ar": "وَمَا ذَٰلِكَ عَلَى ٱللَّهِ بِعَزِيزٍ",
    "tr": "ওয়ামা-যা-লিকা ‘আলাল্লা-হি বি‘আঝীঝ।",
    "bn_haque": "আর এটি আল্লাহ্‌র জন্যে মোটেই কঠিন নয়।",
    "bn_muhi": "এটা আল্লাহর পক্ষে কঠিন নয়।",
    "en": "And that is for Allah not difficult."
  },
  {
    "id": 18,
    "ar": "وَلَا تَزِرُ وَازِرَةٌ وِزْرَ أُخْرَىٰ وَإِن تَدْعُ مُثْقَلَةٌ إِلَىٰ حِمْلِهَا لَا يُحْمَلْ مِنْهُ شَىْءٌ وَلَوْ كَانَ ذَا قُرْبَىٰٓ إِنَّمَا تُنذِرُ ٱلَّذِينَ يَخْشَوْنَ رَبَّهُم بِٱلْغَيْبِ وَأَقَامُوا۟ ٱلصَّلَوٰةَ وَمَن تَزَكَّىٰ فَإِنَّمَا يَتَزَكَّىٰ لِنَفْسِهِۦ وَإِلَى ٱللَّهِ ٱلْمَصِيرُ",
    "tr": "ওয়ালা-তাঝিরু ওয়া-ঝিরাতুওঁবিঝরা উখরা- ওয়া ইন তাদ‘উ মুছকালাতুন ইলাহিম লিহা-লা-ইউহমাল মিনহু শাইয়ুওঁ ওয়ালাও কা-না যা-কুরবা- ইন্নামাতুনযিরুল্লাযীনা ইয়াখশাওনা রাব্বাহুম বিলগাইবি ওয়া আকামুসসালা-তা ওয়া মান তাঝাক্কা-ফাইন্নামা-ইয়াতাঝাক্কা-লিনাফছিহী ওয়া ইলাল্লা-হিল মাসীর।",
    "bn_haque": "আর কোনো বোঝা বহনকারী অন্যের বোঝা বইবে না। আর গুরুভারে পীড়িত কেউ যদি তার বোঝার জন্যে ডাকে, তা থেকে কিছুই বয়ে নেওয়া হবে না, যদিও সে নিকটা‌ত্মীয় হয়। তুমি তো সাবধান করতে পার কেবলমাত্র তাদের যারা তাদের প্রভুকে ভয় করে আড়ালে, আর নামায কায়েম করে। আর যে কেউ নিজেকে পবিত্র করে, সে তো তবে পবিত্র করে তার নিজেরই জন্যে। আর আল্লাহ্‌র কাছেই প্রত্যাবর্তন।",
    "bn_muhi": "কেউ অপরের বোঝা বহন করবে না। কেউ যদি তার গুরুতর ভার বহন করতে অন্যকে আহবান করে কেউ তা বহন করবে না-যদি সে নিকটবর্তী আত্নীয়ও হয়। আপনি কেবল তাদেরকে সতর্ক করেন, যারা তাদের পালনকর্তাকে না দেখেও ভয় করে এবং নামায কায়েম করে। যে কেউ নিজের সংশোধন করে, সে সংশোধন করে, স্বীয় কল্যাণের জন্যেই আল্লাহর নিকটই সকলের প্রত্যাবর্তন।",
    "en": "And no bearer of burdens will bear the burden of another. And if a heavily laden soul calls [another] to [carry some of] its load, nothing of it will be carried, even if he should be a close relative. You can only warn those who fear their Lord unseen and have established prayer. And whoever purifies himself only purifies himself for [the benefit of] his soul. And to Allah is the [final] destination."
  },
  {
    "id": 19,
    "ar": "وَمَا يَسْتَوِى ٱلْأَعْمَىٰ وَٱلْبَصِيرُ",
    "tr": "ওয়ামা-ইয়াছতাবিল আ‘মা-ওয়াল বাসীর।",
    "bn_haque": "আর অন্ধ ও চক্ষুষ্মান একসমান নয়,",
    "bn_muhi": "দৃষ্টিমান ও দৃষ্টিহীন সমান নয়।",
    "en": "Not equal are the blind and the seeing,"
  },
  {
    "id": 20,
    "ar": "وَلَا ٱلظُّلُمَٰتُ وَلَا ٱلنُّورُ",
    "tr": "ওয়ালাজ্জুলুমা-তুওয়ালান্নূর।",
    "bn_haque": "আর অন্ধকার ও আলোকও নয়,",
    "bn_muhi": "সমান নয় অন্ধকার ও আলো।",
    "en": "Nor are the darknesses and the light,"
  },
  {
    "id": 21,
    "ar": "وَلَا ٱلظِّلُّ وَلَا ٱلْحَرُورُ",
    "tr": "ওয়ালাজ্জিল্লুওয়ালাল হারূর।",
    "bn_haque": "আর ছায়া ও উত্তপ্ত নৈশ-বায়ুপ্রবাহও নয়।",
    "bn_muhi": "সমান নয় ছায়া ও তপ্তরোদ।",
    "en": "Nor are the shade and the heat,"
  },
  {
    "id": 22,
    "ar": "وَمَا يَسْتَوِى ٱلْأَحْيَآءُ وَلَا ٱلْأَمْوَٰتُ إِنَّ ٱللَّهَ يُسْمِعُ مَن يَشَآءُ وَمَآ أَنتَ بِمُسْمِعٍ مَّن فِى ٱلْقُبُورِ",
    "tr": "ওয়ামা-ইয়াছতাবিল আহইয়াউ ওয়ালাল আমওয়া-তু ইন্নাল্লা-হা ইউছমি‘উ মাইঁ ইয়াশাউ ওয়ামাআনতা বিমুছমি‘ইম মান ফিল কুবূর।",
    "bn_haque": "আর জীবন্ত এবং মৃতও একসমান নয়। নিঃসন্দেহ আল্লাহ্ যাকে ইচ্ছা করেন তাকে শুনিয়ে থাকেন, আর যারা কবরে রয়েছে তাদের তুমি শোনাতে সক্ষম নও।",
    "bn_muhi": "আরও সমান নয় জীবিত ও মৃত। আল্লাহ শ্রবণ করান যাকে ইচ্ছা। আপনি কবরে শায়িতদেরকে শুনাতে সক্ষম নন।",
    "en": "And not equal are the living and the dead. Indeed, Allah causes to hear whom He wills, but you cannot make hear those in the graves."
  },
  {
    "id": 23,
    "ar": "إِنْ أَنتَ إِلَّا نَذِيرٌ",
    "tr": "ইন আনতা ইল্লা-নাযীর।",
    "bn_haque": "তুমি একজন সতর্ককারী বৈ তো নও।",
    "bn_muhi": "আপনি তো কেবল একজন সতর্ককারী।",
    "en": "You, [O Muhammad], are not but a warner."
  },
  {
    "id": 24,
    "ar": "إِنَّآ أَرْسَلْنَٰكَ بِٱلْحَقِّ بَشِيرًا وَنَذِيرًا وَإِن مِّنْ أُمَّةٍ إِلَّا خَلَا فِيهَا نَذِيرٌ",
    "tr": "ইন্নাআরছালনা-কা বিলহাক্কিবাশীরাওঁ ওয়া নাযীরাওঁ ওয়া ইম মিন উম্মাতিন ইল্লাখালা-ফীহা-নাযীর।",
    "bn_haque": "নিঃসন্দেহ আমরা তোমাকে পাঠিয়েছি সত্যের সঙ্গে -- সুসংবাদদাতারূপে ও সতর্ককারীরূপে। আর এমন কোন সম্প্রদায় নেই যাদের মধ্যে একজন সতর্ককারী না গেছেন।",
    "bn_muhi": "আমি আপনাকে সত্যধর্মসহ পাঠিয়েছি সংবাদদাতা ও সতর্ককারীরূপে। এমন কোন সম্প্রদায় নেই যাতে সতর্ককারী আসেনি।",
    "en": "Indeed, We have sent you with the truth as a bringer of good tidings and a warner. And there was no nation but that there had passed within it a warner."
  },
  {
    "id": 25,
    "ar": "وَإِن يُكَذِّبُوكَ فَقَدْ كَذَّبَ ٱلَّذِينَ مِن قَبْلِهِمْ جَآءَتْهُمْ رُسُلُهُم بِٱلْبَيِّنَٰتِ وَبِٱلزُّبُرِ وَبِٱلْكِتَٰبِ ٱلْمُنِيرِ",
    "tr": "ওয়া ইয়ঁইউকাযযিবূকা ফাকাদ কাযযাবাল্লাযীনা মিন কাবলিহিম জাআতহুম রুছুলহুম বিলবাইয়িনা-তি ওয়া বিঝঝুবুরি ওয়া বিলকিতা-বিল মুনীর।",
    "bn_haque": "আর এরা যদি তোমার প্রতি মিথ্যা আরোপ করে তাহলে এদের আগে যারা ছিল তারাও মিথ্যা আরোপ করেছিল, তাদের কাছে তাদের রসূলগণ এসেছিলেন সুস্পষ্ট প্রমাণাবলী নিয়ে, আর ধর্মগ্রন্থাবলী নিয়ে ও উজ্জ্বল গ্রন্থ নিয়ে।",
    "bn_muhi": "তারা যদি আপনার প্রতি মিথ্যারোপ করে, তাদের পূর্ববর্তীরাও মিথ্যারোপ করেছিল। তাদের কাছে তাদের রসূলগণ স্পষ্ট নিদর্শন, সহীফা এবং উজ্জল কিতাবসহ এসেছিলেন।",
    "en": "And if they deny you - then already have those before them denied. Their messengers came to them with clear proofs and written ordinances and with the enlightening Scripture."
  },
  {
    "id": 26,
    "ar": "ثُمَّ أَخَذْتُ ٱلَّذِينَ كَفَرُوا۟ فَكَيْفَ كَانَ نَكِيرِ",
    "tr": "ছু ম্মা আখাযতুল্লায ীনা কাফারূফাকাইফা কা-না নাকীর।",
    "bn_haque": "তারপর আমি তাদের পাকড়াও করলাম যারা অবিশ্বাস পোষণ করেছিল, সুতরাং কেমন হয়েছিল তাদের প্রতি আমার বিতৃষ্ণা!",
    "bn_muhi": "অতঃপর আমি কাফেরদেরকে ধৃত করেছিলাম। কেমন ছিল আমার আযাব!",
    "en": "Then I seized the ones who disbelieved, and how [terrible] was My reproach."
  },
  {
    "id": 27,
    "ar": "أَلَمْ تَرَ أَنَّ ٱللَّهَ أَنزَلَ مِنَ ٱلسَّمَآءِ مَآءً فَأَخْرَجْنَا بِهِۦ ثَمَرَٰتٍ مُّخْتَلِفًا أَلْوَٰنُهَا وَمِنَ ٱلْجِبَالِ جُدَدٌۢ بِيضٌ وَحُمْرٌ مُّخْتَلِفٌ أَلْوَٰنُهَا وَغَرَابِيبُ سُودٌ",
    "tr": "আলাম তারা-আন্নাল্লাহা আনঝালা মিনাছছামাই মা-আন ফাআখরাজনা-বিহী ছামারাতিম মুখতালিফান আলওয়া-নুহা- ওয়া মিনাল জিবা-লি জুদাদুম বীদুওঁ ওয়া হুম রুম মুখতালিফুন আলওয়া-নুহা-ওয়া গারা-বীবুছূদ।",
    "bn_haque": "তুমি কি দেখতে পাও নি যে নিঃসন্দেহ আল্লাহ্ আকাশ থেকে পানি বর্ষণ করেন? তারপর আমরা তার দ্বারা উৎপাদন করি ফলফসল -- যার রঙচঙ নানান ধরনের। আর পাহাড়গুলোতে আছে স্তর, সাদা ও লাল, বিচিত্র তার বর্ণ, আর নিকষ কালো।",
    "bn_muhi": "তুমি কি দেখনি আল্লাহ আকাশ থেকে বৃষ্টিবর্ষণ করেন, অতঃপর তদ্দ্বারা আমি বিভিন্ন বর্ণের ফল-মূল উদগত করি। পর্বতসমূহের মধ্যে রয়েছে বিভিন্ন বর্ণের গিরিপথ-সাদা, লাল ও নিকষ কালো কৃষ্ণ।",
    "en": "Do you not see that Allah sends down rain from the sky, and We produce thereby fruits of varying colors? And in the mountains are tracts, white and red of varying shades and [some] extremely black."
  },
  {
    "id": 28,
    "ar": "وَمِنَ ٱلنَّاسِ وَٱلدَّوَآبِّ وَٱلْأَنْعَٰمِ مُخْتَلِفٌ أَلْوَٰنُهُۥ كَذَٰلِكَ إِنَّمَا يَخْشَى ٱللَّهَ مِنْ عِبَادِهِ ٱلْعُلَمَٰٓؤُا۟ إِنَّ ٱللَّهَ عَزِيزٌ غَفُورٌ",
    "tr": "ওয়া মিনান্না-ছি ওয়াদ্দাওয়াব্বি ওয়াল আন ‘আ-মি মুখতালিফুন আলওয়া-নুহূকাযা-লিকা ইন্নামা-ইয়াখশাল্লা-হা মিন ‘ইবা-দিহিল ‘উলামাউ ইন্নাল্লা-হা ‘আঝীঝুন গাফূর।",
    "bn_haque": "আর লোকেদের ও জীবজন্তুর ও গবাদি-পশুর মধ্যেও তাদের রঙচঙে এ ধরনের বৈচিত্র রয়েছে। নিঃসন্দেহ তাঁর বান্দাদের মধ্যের আলীম-পন্ডিত ব্যক্তিবর্গ আল্লাহ্‌কে ভয় করে। আল্লাহ্ নিশ্চয়ই মহাশক্তিশালী, পরিত্রাণকারী।",
    "bn_muhi": "অনুরূপ ভাবে বিভিন্ন বর্ণের মানুষ, জন্তু, চতুস্পদ প্রাণী রয়েছে। আল্লাহর বান্দাদের মধ্যে জ্ঞানীরাই কেবল তাঁকে ভয় করে। নিশ্চয় আল্লাহ পরাক্রমশালী ক্ষমাময়।",
    "en": "And among people and moving creatures and grazing livestock are various colors similarly. Only those fear Allah, from among His servants, who have knowledge. Indeed, Allah is Exalted in Might and Forgiving."
  },
  {
    "id": 29,
    "ar": "إِنَّ ٱلَّذِينَ يَتْلُونَ كِتَٰبَ ٱللَّهِ وَأَقَامُوا۟ ٱلصَّلَوٰةَ وَأَنفَقُوا۟ مِمَّا رَزَقْنَٰهُمْ سِرًّا وَعَلَانِيَةً يَرْجُونَ تِجَٰرَةً لَّن تَبُورَ",
    "tr": "ইন্নাল্লাযীনা ইয়াতলূনা কিতা-বাল্লা-হি ওয়াআকা-মুসসালা-তা ওয়াআনফাকূ মিম্মারাঝাকনা-হুম ছিররাওঁ ওয়া‘আলা-নিয়াতাইঁ ইয়ারজূনা তিজা-রাতাল্লান তাবূর।",
    "bn_haque": "নিঃসন্দেহ যারা আল্লাহ্‌র গ্রন্থ পাঠ করে আর নামায কায়েম করে, আর আমরা তাদের যে জীবনোপকরণ দান করেছি তা থেকে তারা গোপনে ও প্রকাশ্যভাবে খরচ করে থাকে, তারা এমন একটি বাণিজ্যের আশা রাখে যা কখনো বিনষ্ট হবে না, --",
    "bn_muhi": "যারা আল্লাহর কিতাব পাঠ করে, নামায কায়েম করে, এবং আমি যা দিয়েছি, তা থেকে গোপনে ও প্রকাশ্যে ব্যয় করে, তারা এমন ব্যবসা আশা কর, যাতে কখনও লোকসান হবে না।",
    "en": "Indeed, those who recite the Book of Allah and establish prayer and spend [in His cause] out of what We have provided them, secretly and publicly, [can] expect a profit that will never perish -"
  },
  {
    "id": 30,
    "ar": "لِيُوَفِّيَهُمْ أُجُورَهُمْ وَيَزِيدَهُم مِّن فَضْلِهِۦٓ إِنَّهُۥ غَفُورٌ شَكُورٌ",
    "tr": "লিইউওয়াফিফইয়াহুম উজূরাহুম ওয়া ইয়াঝীদাহুম মিন ফাদলিহী ইন্নাহূগাফূরুন শাকূর।",
    "bn_haque": "যেন তিনি তাদের পারিশ্রমিক পুরোপুরি তাদের দিতে পারেন এবং তাঁর করুণাভান্ডার থেকে তাদের বাড়িয়ে দিতে পারেন। নিঃসন্দেহ তিনি পরিত্রাণকারী, গুণগ্রাহী।",
    "bn_muhi": "পরিণামে তাদেরকে আল্লাহ তাদের সওয়াব পুরোপুরি দেবেন এবং নিজ অনুগ্রহে আরও বেশী দেবেন। নিশ্চয় তিনি ক্ষমাশীল, গুণগ্রাহী।",
    "en": "That He may give them in full their rewards and increase for them of His bounty. Indeed, He is Forgiving and Appreciative."
  },
  {
    "id": 31,
    "ar": "وَٱلَّذِىٓ أَوْحَيْنَآ إِلَيْكَ مِنَ ٱلْكِتَٰبِ هُوَ ٱلْحَقُّ مُصَدِّقًا لِّمَا بَيْنَ يَدَيْهِ إِنَّ ٱللَّهَ بِعِبَادِهِۦ لَخَبِيرٌۢ بَصِيرٌ",
    "tr": "ওয়াল্লাযী আওহাইনাইলাইকা মিনাল কিতা-বি হুওয়াল হাক্কুমুসাদ্দিকাল লিমা-বাইনা ইয়াদাইহি ইন্নাল্লা-হা বি‘ইবা-দিহী লাখাবীরুম বাসীর।",
    "bn_haque": "আর আমরা তোমার কাছে গ্রন্থ থেকে যা প্রত্যাদিষ্ট করেছি তা সত্য, সমর্থন করছে যা এর আগে রয়েছে। নিঃসন্দেহ আল্লাহ্ তাঁর বান্দাদের সন্বন্ধে পূর্ণ-ওয়াকিবহাল, সর্বদ্রষ্টা।",
    "bn_muhi": "আমি আপনার প্রতি যে কিতাব প্রত্যাদেশ করেছি, তা সত্য-পূর্ববর্তী কিতাবের সত্যায়ন কারী নিশ্চয় আল্লাহ তাঁর বান্দাদের ব্যাপারে সব জানেন, দেখেন।",
    "en": "And that which We have revealed to you, [O Muhammad], of the Book is the truth, confirming what was before it. Indeed, Allah, of His servants, is Acquainted and Seeing."
  },
  {
    "id": 32,
    "ar": "ثُمَّ أَوْرَثْنَا ٱلْكِتَٰبَ ٱلَّذِينَ ٱصْطَفَيْنَا مِنْ عِبَادِنَا فَمِنْهُمْ ظَالِمٌ لِّنَفْسِهِۦ وَمِنْهُم مُّقْتَصِدٌ وَمِنْهُمْ سَابِقٌۢ بِٱلْخَيْرَٰتِ بِإِذْنِ ٱللَّهِ ذَٰلِكَ هُوَ ٱلْفَضْلُ ٱلْكَبِيرُ",
    "tr": "ছু ম্মা আওরাছনাল কিতা-বাল্লাযীনাসতাফাইনা মিন ‘ইবা-দিনা- ফামিনহুম জালিমুললিনাফছিহী ওয়া মিনহুম মুকতাছিদুওঁ ওয়া মিনহুম ছা-বিকুম বিলখাইরা-তি বিইযনিল্লা-হি যা-লিকা হুওয়াল ফাদলুল কাবীর।",
    "bn_haque": "তারপর আমরা গ্রন্থখানা উত্তরাধিকার করতে দিয়েছি তাদের যাদের আমরা নির্বাচন করেছি আমাদের দাসদের মধ্য থেকে, তবে তাদের মধ্যে কেউ নিজেদের অন্তরা‌ত্মার প্রতি অন্যায়কারী, আর তাদের মধ্যে কেউ হচ্ছে মধ্যমপন্থী, আর তাদের মধ্যে রয়েছে আল্লাহ্‌র অনুমতিক্রমে ভালোকাজে অগ্রগামী। এইটিই হচ্ছে মহান অনুগ্রহ প্রাচুর্য্য।",
    "bn_muhi": "অতঃপর আমি কিতাবের অধিকারী করেছি তাদেরকে যাদেরকে আমি আমার বান্দাদের মধ্য থেকে মনোনীত করেছি। তাদের কেউ কেউ নিজের প্রতি অত্যাচারী, কেউ মধ্যপন্থা অবলম্বনকারী এবং তাদের মধ্যে কেউ কেউ আল্লাহর নির্দেশক্রমে কল্যাণের পথে এগিয়ে গেছে। এটাই মহা অনুগ্রহ।",
    "en": "Then we caused to inherit the Book those We have chosen of Our servants; and among them is he who wrongs himself, and among them is he who is moderate, and among them is he who is foremost in good deeds by permission of Allah . That [inheritance] is what is the great bounty."
  },
  {
    "id": 33,
    "ar": "جَنَّٰتُ عَدْنٍ يَدْخُلُونَهَا يُحَلَّوْنَ فِيهَا مِنْ أَسَاوِرَ مِن ذَهَبٍ وَلُؤْلُؤًا وَلِبَاسُهُمْ فِيهَا حَرِيرٌ",
    "tr": "জান্না-তু‘আদনিইঁ ইয়াদখুলূনাহা-ইউহাল্লাওনা ফীহা-মিন আছা-বিরা মিন যাহাবিওঁ ওয়ালু’লুওয়া- ওয়া লিবা-ছুহুম ফীহা-হারীর।",
    "bn_haque": "নন্দন কানন -- তারা এটিতে প্রবেশ করবে, সেখানে তাদের অলঙ্কৃত করানো হবে সোনা ও মুক্তোর কঙ্কন দিয়ে, আর তাদের পোশাক-পরিচ্ছদ সেখানে হবে রেশমের।",
    "bn_muhi": "তারা প্রবেশ করবে বসবাসের জান্নাতে। তথায় তারা স্বর্ণনির্মিত, মোতি খচিত কংকন দ্বারা অলংকৃত হবে। সেখানে তাদের পোশাক হবে রেশমের।",
    "en": "[For them are] gardens of perpetual residence which they will enter. They will be adorned therein with bracelets of gold and pearls, and their garments therein will be silk."
  },
  {
    "id": 34,
    "ar": "وَقَالُوا۟ ٱلْحَمْدُ لِلَّهِ ٱلَّذِىٓ أَذْهَبَ عَنَّا ٱلْحَزَنَ إِنَّ رَبَّنَا لَغَفُورٌ شَكُورٌ",
    "tr": "ওয়া কা-লুল হামদুলিল্লা-হিল্লাযী আযহাবা ‘আন্নাল হাঝানা ইন্না রাব্বানালাগাফূরুন শাকূর।",
    "bn_haque": "আর তারা বলবে -- \"সকল প্রশংসা আল্লাহ্‌র, যিনি আমাদের থেকে দুঃখ-দুর্দশা দূর করে দিয়েছেন। আমাদের প্রভু অবশ্যই পরিত্রাণকারী, গুণগ্রাহী, --",
    "bn_muhi": "আর তারা বলবে-সমস্ত প্রশংসা আল্লাহর, যিনি আমাদের দূঃখ দূর করেছেন। নিশ্চয় আমাদের পালনকর্তা ক্ষমাশীল, গুণগ্রাহী।",
    "en": "And they will say, \"Praise to Allah, who has removed from us [all] sorrow. Indeed, our Lord is Forgiving and Appreciative -"
  },
  {
    "id": 35,
    "ar": "ٱلَّذِىٓ أَحَلَّنَا دَارَ ٱلْمُقَامَةِ مِن فَضْلِهِۦ لَا يَمَسُّنَا فِيهَا نَصَبٌ وَلَا يَمَسُّنَا فِيهَا لُغُوبٌ",
    "tr": "আল্লাযীআহাল্লানা-দা-রাল মুকা-মাতি মিন ফাদলিহী লা-ইয়ামাছছুনা-ফীহানাসাবুওঁ ওয়ালা-ইয়ামাছছুনা ফীহা-লুগূব।",
    "bn_haque": "যিনি তাঁর অনুগ্রহপ্রাচুর্য বশতঃ আমাদের বসবাস করিয়েছেন স্থায়ী বাসস্থানে, সেখানে পরিশ্রম আমাদের স্পর্শ করবে না, আর সেখানে আমাদের স্পর্শ করবে না পরিশ্রান্তি।",
    "bn_muhi": "যিনি স্বীয় অনুগ্রহে আমাদেরকে বসবাসের গৃহে স্থান দিয়েছেন, তথায় কষ্ট আমাদেরকে স্পর্শ করে না এবং স্পর্শ করে না ক্লান্তি।",
    "en": "He who has settled us in the home of duration out of His bounty. There touches us not in it any fatigue, and there touches us not in it weariness [of mind].\""
  },
  {
    "id": 36,
    "ar": "وَٱلَّذِينَ كَفَرُوا۟ لَهُمْ نَارُ جَهَنَّمَ لَا يُقْضَىٰ عَلَيْهِمْ فَيَمُوتُوا۟ وَلَا يُخَفَّفُ عَنْهُم مِّنْ عَذَابِهَا كَذَٰلِكَ نَجْزِى كُلَّ كَفُورٍ",
    "tr": "ওয়াল্লাযীনা কাফারূলাহুম না-রু জাহান্নামা লা-ইউকদা-‘আলাইহিম ফাইয়ামূতূ ওয়ালা-ইউখাফফাফু‘আনহুম মিন ‘আযা-বিহা- কাযা-লিকা নাজঝী কুল্লা কাফূর।",
    "bn_haque": "পক্ষান্তরে যারা অবিশ্বাস পোষণ করে তাদের জন্য রয়েছে জাহান্নামের আগুন, তা নিঃশেষ হয়ে যাবে না তাদের জন্যে, যার ফলে তারা মরে যেতে পারে, আর তাদের উপর থেকে এর শাস্তির কিছুটাও কমানো হবে না! এইভাবেই আমরা প্রতিদান দিই প্রত্যেক অবিশ্বাসীকে।",
    "bn_muhi": "আর যারা কাফের হয়েছে, তাদের জন্যে রয়েছে জাহান্নামের আগুন। তাদেরকে মৃত্যুর আদেশও দেয়া হবে না যে, তারা মরে যাবে এবং তাদের থেকে তার শাস্তিও লাঘব করা হবে না। আমি প্রত্যেক অকৃতজ্ঞকে এভাবেই শাস্তি দিয়ে থাকি।",
    "en": "And for those who disbelieve will be the fire of Hell. [Death] is not decreed for them so they may die, nor will its torment be lightened for them. Thus do we recompense every ungrateful one."
  },
  {
    "id": 37,
    "ar": "وَهُمْ يَصْطَرِخُونَ فِيهَا رَبَّنَآ أَخْرِجْنَا نَعْمَلْ صَٰلِحًا غَيْرَ ٱلَّذِى كُنَّا نَعْمَلُ أَوَلَمْ نُعَمِّرْكُم مَّا يَتَذَكَّرُ فِيهِ مَن تَذَكَّرَ وَجَآءَكُمُ ٱلنَّذِيرُ فَذُوقُوا۟ فَمَا لِلظَّٰلِمِينَ مِن نَّصِيرٍ",
    "tr": "ওয়া হুম ইয়াসতারিখূনা ফীহা- রাব্বানাআখরিজনা-না‘মাল সা-লিহান গাইরাল্লাযী কুন্না-না‘মালু আওয়ালাম নু‘আম্মির কুম মা-ইয়াতাযাক্কারু ফীহি মান তাযাক্কারা ওয়াজাআ কুমুন নাযীরু ফাযূকূফামা-লিজ্জা-লিমীনা মিন নাসীর।",
    "bn_haque": "আর সেখানে তারা আর্তনাদ করবে -- \"আমাদের প্রভু! আমাদের বের করে আনো, আমরা ভালো কাজ করব, -- তা ব্যতীত যা আমরা করতাম।\" \"আমরা কি তোমাদের দীর্ঘজীবন দিই নি যেন, যে মনোযোগ দিতে চায় সে সেখানে মনোযোগ দিতে পারে, আর তোমাদের কাছে সতর্ককারীও এসেছিলেন? তাই আস্বাদন কর, আর অন্যায়কারীদের জন্য কোনো সাহায্যকারী নেই।\"",
    "bn_muhi": "সেখানে তারা আর্ত চিৎকার করে বলবে, হে আমাদের পালনকর্তা, বের করুন আমাদেরকে, আমরা সৎকাজ করব, পূর্বে যা করতাম, তা করব না। (আল্লাহ বলবেন) আমি কি তোমাদেরকে এতটা বয়স দেইনি, যাতে যা চিন্তা করার বিষয় চিন্তা করতে পারতে? উপরন্তু তোমাদের কাছে সতর্ককারীও আগমন করেছিল। অতএব আস্বাদন কর। জালেমদের জন্যে কোন সাহায্যকারী নেই।",
    "en": "And they will cry out therein, \"Our Lord, remove us; we will do righteousness - other than what we were doing!\" But did We not grant you life enough for whoever would remember therein to remember, and the warner had come to you? So taste [the punishment], for there is not for the wrongdoers any helper."
  },
  {
    "id": 38,
    "ar": "إِنَّ ٱللَّهَ عَٰلِمُ غَيْبِ ٱلسَّمَٰوَٰتِ وَٱلْأَرْضِ إِنَّهُۥ عَلِيمٌۢ بِذَاتِ ٱلصُّدُورِ",
    "tr": "ইন্নাল্লা-হা ‘আ-লিমুগাইবিছছামা-ওয়া-তি ওয়াল আরদি ইন্নাহূ‘আলীমুম বিযা-তিস সুদূ র।",
    "bn_haque": "আল্লাহ্ নিশ্চয়ই মহাকাশমন্ডলী ও পৃথিবীর অদৃশ্য বিষয়-বস্তুর সম্যক জ্ঞাতা। তিনি বুকের ভেতরে যা রয়েছে সে-সন্বন্ধে সর্বজ্ঞাতা।",
    "bn_muhi": "আল্লাহ আসমান ও যমীনের অদৃশ্য বিষয় সম্পর্কে জ্ঞাত। তিনি অন্তরের বিষয় সম্পর্কেও সবিশেষ অবহিত।",
    "en": "Indeed, Allah is Knower of the unseen [aspects] of the heavens and earth. Indeed, He is Knowing of that within the breasts."
  },
  {
    "id": 39,
    "ar": "هُوَ ٱلَّذِى جَعَلَكُمْ خَلَٰٓئِفَ فِى ٱلْأَرْضِ فَمَن كَفَرَ فَعَلَيْهِ كُفْرُهُۥ وَلَا يَزِيدُ ٱلْكَٰفِرِينَ كُفْرُهُمْ عِندَ رَبِّهِمْ إِلَّا مَقْتًا وَلَا يَزِيدُ ٱلْكَٰفِرِينَ كُفْرُهُمْ إِلَّا خَسَارًا",
    "tr": "হুওয়াল্লাযী জা‘আলাকুম খালাইফা ফিল আরদি ফামান কাফারা ফা‘আলাইহি কুফরুহূ ওয়ালা-ইয়াঝীদুল কা-ফিরীনা কুফরুহুম ‘ইনদা রাব্বিহিম ইল্লা-মাকতাওঁ ওয়ালাইয়াঝীদুল কা-ফিরীনা কুফরুহুম ইল্লা-খাছা-রা-।",
    "bn_haque": "তিনিই সেইজন যিনি পৃথিবীতে তোমাদের প্রতিনিধি বানিয়েছেন। সুতরাং যে অস্বীকার করে তার বিরুদ্ধেই তাহলে যাবে তার অবিশ্বাস। আর অবিশ্বাসীদের জন্য তাদের অবিশ্বাস তাদের প্রভুর নজরে কিছুই বাড়ায় না বিতৃষ্ণা ব্যতীত, আর অবিশ্বাসীদের জন্য তাদের অবিশ্বাস ক্ষতি ব্যতীত আর কিছুই বাড়ায় না।",
    "bn_muhi": "তিনিই তোমাদেরকে পৃথিবীতে স্বীয় প্রতিনিধি করেছেন। অতএব যে কুফরী করবে তার কুফরী তার উপরই বর্তাবে। কাফেরদের কুফর কেবল তাদের পালনকর্তার ক্রোধই বৃদ্ধি করে এবং কাফেরদের কুফর কেবল তাদের ক্ষতিই বৃদ্ধি করে।",
    "en": "It is He who has made you successors upon the earth. And whoever disbelieves - upon him will be [the consequence of] his disbelief. And the disbelief of the disbelievers does not increase them in the sight of their Lord except in hatred; and the disbelief of the disbelievers does not increase them except in loss."
  },
  {
    "id": 40,
    "ar": "قُلْ أَرَءَيْتُمْ شُرَكَآءَكُمُ ٱلَّذِينَ تَدْعُونَ مِن دُونِ ٱللَّهِ أَرُونِى مَاذَا خَلَقُوا۟ مِنَ ٱلْأَرْضِ أَمْ لَهُمْ شِرْكٌ فِى ٱلسَّمَٰوَٰتِ أَمْ ءَاتَيْنَٰهُمْ كِتَٰبًا فَهُمْ عَلَىٰ بَيِّنَتٍ مِّنْهُ بَلْ إِن يَعِدُ ٱلظَّٰلِمُونَ بَعْضُهُم بَعْضًا إِلَّا غُرُورًا",
    "tr": "কুল আরাআইতুম শুরাকাআকুমুল্লাযীনা তাদ‘ঊনা মিন দূ নিল্লা-হি আরূনী মা-যাখালাকূমিনাল আরদিআম লাহুম শিরকুন ফিছ ছামা-ওয়া-তি আম আ-তাইনা-হুম কিতা-বান ফাহুম ‘আলা-বাইয়িনাতিম মিনহু বাল ইয়ঁইয়া‘ইদুজ্জা-লিমূনা বা‘দুহুম বা‘দান ইল্লা-গুরূরা",
    "bn_haque": "তুমি বলো -- \"তোমরা কি ভেবে দেখেছ তোমাদের অংশীদেবতাদের কথা যাদের তোমরা আল্লাহ্‌কে বাদ দিয়ে ডাক? আমাকে দেখাও তো পৃথিবীর কোনো অংশ তারা সৃষ্টি করেছে, না কি তাদের কোনো শরিকানা রয়েছে মহাকাশমন্ডলে?\" না কি আমরা তাদের এমন কোনো গ্রন্থ দিয়েছি যার থেকে তারা স্পষ্ট প্রমাণের উপরে রয়েছে? না, অন্যায়াচারীরা তাদের একে অন্যকে প্রতারণা করা ব্যতীত অন্য প্রতি‌শ্রুতি দেয় না।",
    "bn_muhi": "বলুন, তোমরা কি তোমাদের সে শরীকদের কথা ভেবে দেখেছ, যাদেরকে আল্লাহর পরিবর্তে তোমরা ডাক? তারা পৃথিবীতে কিছু সৃষ্টি করে থাকলে আমাকে দেখাও। না আসমান সৃষ্টিতে তাদের কোন অংশ আছে, না আমি তাদেরকে কোন কিতাব দিয়েছি যে, তারা তার দলীলের উপর কায়েম রয়েছে, বরং জালেমরা একে অপরকে কেবল প্রতারণামূলক ওয়াদা দিয়ে থাকে।",
    "en": "Say, \"Have you considered your 'partners' whom you invoke besides Allah ? Show me what they have created from the earth, or have they partnership [with Him] in the heavens? Or have We given them a book so they are [standing] on evidence therefrom? [No], rather, the wrongdoers do not promise each other except delusion.\""
  },
  {
    "id": 41,
    "ar": "إِنَّ ٱللَّهَ يُمْسِكُ ٱلسَّمَٰوَٰتِ وَٱلْأَرْضَ أَن تَزُولَا وَلَئِن زَالَتَآ إِنْ أَمْسَكَهُمَا مِنْ أَحَدٍ مِّنۢ بَعْدِهِۦٓ إِنَّهُۥ كَانَ حَلِيمًا غَفُورًا",
    "tr": "ইন্নাল্লা-হা ইউমছিকুছ ছামা-ওয়া-তি ওয়াল আরদা আন তাঝূলা- ওয়ালাইন ঝালাতাইন আমছাকাহুমা-মিন আহাদিম মিম বা‘দিহী ইন্নাহূকা-না হালীমান গাফূরা-।",
    "bn_haque": "আল্লাহ্ আলবৎ মহাকাশমন্ডলী ও পৃথিবীকে ধরে রেখেছেন পাছে তারা কক্ষচ্যুত হয়, আর যদি বা তারা কক্ষচ্যুত হয় তাহলে তিনি ব্যতীত তাদের ধরে রাখবার মতো কেউ নেই। নিঃসন্দেহ তিনি অতি অমায়িক, পরিত্রাণকারী।",
    "bn_muhi": "নিশ্চয় আল্লাহ আসমান ও যমীনকে স্থির রাখেন, যাতে টলে না যায়। যদি এগুলো টলে যায় তবে তিনি ব্যতীত কে এগুলোকে স্থির রাখবে? তিনি সহনশীল, ক্ষমাশীল।",
    "en": "Indeed, Allah holds the heavens and the earth, lest they cease. And if they should cease, no one could hold them [in place] after Him. Indeed, He is Forbearing and Forgiving."
  },
  {
    "id": 42,
    "ar": "وَأَقْسَمُوا۟ بِٱللَّهِ جَهْدَ أَيْمَٰنِهِمْ لَئِن جَآءَهُمْ نَذِيرٌ لَّيَكُونُنَّ أَهْدَىٰ مِنْ إِحْدَى ٱلْأُمَمِ فَلَمَّا جَآءَهُمْ نَذِيرٌ مَّا زَادَهُمْ إِلَّا نُفُورًا",
    "tr": "ওয়া আকছামূবিল্লা-হি জাহদা আইমা-নিহিম লাইন জাআহুম নাযীরুল্লাইয়াকূনুন্না আহদামিন ইহদাল উমামি ফালাম্মা-জাআহুম নাযীরুম মা-ঝা-দাহুম ইল্লা-নুফূরা-।",
    "bn_haque": "আর তারা আল্লাহ্‌র নামে শপথ খায় তাদের সব চাইতে জোরালো শপথের দ্বারা যে যদি তাদের কাছে একজন সতর্ককারী আসতেন তাহলে তারা নিশ্চয়ই অন্যান্য সম্প্রদায়ের যে কোনোটির চেয়ে অধিকতর সৎপথাবলন্বী হতো। কিন্তু যখন তাদের কাছে একজন সতর্ককারী এলেন তখন তাতে বিতৃষ্ণা ব্যতীত তাদের আর কিছুই বাড়লো না, --",
    "bn_muhi": "তারা জোর শপথ করে বলত, তাদের কাছে কোন সতর্ককারী আগমন করলে তারা অন্য যে কোন সম্প্রদায় অপেক্ষা অধিকতর সৎপথে চলবে। অতঃপর যখন তাদের কাছে সতর্ককারী আগমন করল, তখন তাদের ঘৃণাই কেবল বেড়ে গেল।",
    "en": "And they swore by Allah their strongest oaths that if a warner came to them, they would be more guided than [any] one of the [previous] nations. But when a warner came to them, it did not increase them except in aversion."
  },
  {
    "id": 43,
    "ar": "ٱسْتِكْبَارًا فِى ٱلْأَرْضِ وَمَكْرَ ٱلسَّيِّئِ وَلَا يَحِيقُ ٱلْمَكْرُ ٱلسَّيِّئُ إِلَّا بِأَهْلِهِۦ فَهَلْ يَنظُرُونَ إِلَّا سُنَّتَ ٱلْأَوَّلِينَ فَلَن تَجِدَ لِسُنَّتِ ٱللَّهِ تَبْدِيلًا وَلَن تَجِدَ لِسُنَّتِ ٱللَّهِ تَحْوِيلًا",
    "tr": "ইছতিকবা-রান ফিল আরদিওয়ামাকরাছ ছাইয়িয়ি ওয়ালা-ইয়াহীকুল মাকরুছ ছাইয়িইউ ইল্লা-বিআহলিহী ফাহাল ইয়ানজু রূনা ইল্লা-ছুন্নাতাল আওওয়ালীনা ফালান তাজিদা লিছুন্নাতিল্লা-হি তাবদীলাওঁ ওয়ালান তাজিদা লিছুন্নাতিল্লা-হি তাহবীলা-।",
    "bn_haque": "উদ্ধত ব্যবহারে এই পৃথিবীতে ও কুটিল ষড়যন্ত্রে। আর কুটিল ষড়যন্ত্র অন্য কাউকে ঘেরাও করে না তার কর্তাদের ব্যতীত। কাজেই তারা কি পূর্ববর্তীদের নজির ছাড়া আর কিছুর প্রতীক্ষা করে? কিন্তু তুমি তো আল্লাহ্‌র বিধানের কোনো পরিবর্তন কখনও পাবে না, আর তুমি কখনো আল্লাহ্‌র বিধানের কোনো ব্যতিক্রম পাবে না।",
    "bn_muhi": "পৃথিবীতে ঔদ্ধত্যের কারণে এবং কুচক্রের কারণে। কুচক্র কুচক্রীদেরকেই ঘিরে ধরে। তারা কেবল পূর্ববর্তীদের দশারই অপেক্ষা করছে। অতএব আপনি আল্লাহর বিধানে পরিবর্তন পাবেন না এবং আল্লাহর রীতি-নীতিতে কোন রকম বিচ্যুতিও পাবেন না।",
    "en": "[Due to] arrogance in the land and plotting of evil; but the evil plot does not encompass except its own people. Then do they await except the way of the former peoples? But you will never find in the way of Allah any change, and you will never find in the way of Allah any alteration."
  },
  {
    "id": 44,
    "ar": "أَوَلَمْ يَسِيرُوا۟ فِى ٱلْأَرْضِ فَيَنظُرُوا۟ كَيْفَ كَانَ عَٰقِبَةُ ٱلَّذِينَ مِن قَبْلِهِمْ وَكَانُوٓا۟ أَشَدَّ مِنْهُمْ قُوَّةً وَمَا كَانَ ٱللَّهُ لِيُعْجِزَهُۥ مِن شَىْءٍ فِى ٱلسَّمَٰوَٰتِ وَلَا فِى ٱلْأَرْضِ إِنَّهُۥ كَانَ عَلِيمًا قَدِيرًا",
    "tr": "আওয়ালাম ইয়াছীরূফিল আরদিফাইয়ানজুরূকাইফা কা-না ‘আ-কিবাতুল্লাযীনা মিন কাবলিহিম ওয়া কা-নূআশাদ্দা মিনহুম কুওওয়াতাওঁ ওয়ামা-কা-নাল্লা-হু লিইউ‘জিঝাহূ মিন শাইয়িন ফিছ ছামা-ওয়া-তি ওয়ালা-ফিল আরদি ইন্নাহূকা-না ‘আলীমান কাদীরা-।",
    "bn_haque": "তারা কি তবে পৃথিবীতে পরিভ্রমণ করে না, তাহলে তারা দেখতে পেতো কেমন হয়েছিল তাদের পরিণাম যারা ছিল এদের অগ্রগামী, আর তারা ছিল এদের চেয়েও শক্তিতে প্রবল? আর আল্লাহ্ এমন নন যে তাঁর থেকে কোন-কিছু এড়িয়ে যেতে পারে মহাকাশমন্ডলীতে, আর পৃথিবীতেও নয়। নিঃসন্দেহ তিনি হচ্ছেন সর্বজ্ঞাতা, পরম ক্ষমতাবান।",
    "bn_muhi": "তারা কি পৃথিবীতে ভ্রমণ করে না? করলে দেখত তাদের পূর্ববর্তীদের কি পরিণাম হয়েছে। অথচ তারা তাদের অপেক্ষা অধিকতর শক্তিশালী ছিল। আকাশ ও পৃথিবীতে কোন কিছুই আল্লাহকে অপারগ করতে পারে না। নিশ্চয় তিনি সর্বজ্ঞ সর্বশক্তিমান।",
    "en": "Have they not traveled through the land and observed how was the end of those before them? And they were greater than them in power. But Allah is not to be caused failure by anything in the heavens or on the earth. Indeed, He is ever Knowing and Competent."
  },
  {
    "id": 45,
    "ar": "وَلَوْ يُؤَاخِذُ ٱللَّهُ ٱلنَّاسَ بِمَا كَسَبُوا۟ مَا تَرَكَ عَلَىٰ ظَهْرِهَا مِن دَآبَّةٍ وَلَٰكِن يُؤَخِّرُهُمْ إِلَىٰٓ أَجَلٍ مُّسَمًّى فَإِذَا جَآءَ أَجَلُهُمْ فَإِنَّ ٱللَّهَ كَانَ بِعِبَادِهِۦ بَصِيرًۢا",
    "tr": "ওয়ালাও ইউআ-খিযু ল্লা-হুন্না-ছা বিমা-কাছাবূমা-তারাকা ‘আলা-জাহরিহা-মিন দাব্বাতিওঁ ওয়ালা-কিইঁ ইউআখখিরুহুম ইলাআজালিম মুছাম্মান ফাইযা-জাআ আজালুহুম ফাইন্নাল্লা-হা কা-না বি‘ইবা-দিহী বাসীরা।",
    "bn_haque": "আর আল্লাহ্ যদি লোকেদের পাকড়াও করতেন তারা যা অর্জন করেছে সেজন্য, তাহলে এর পিঠে তিনি জীবজন্তুদের কাউকেও ছাড়তেন না, কিন্তু তিনি এক নির্ধারিত কাল পর্যন্ত তাদের অবকাশ দিয়ে থাকেন। সুতরাং যখন তাদের নির্ধারিত কাল এসে যায় তখন আল্লাহ্ আলবৎ তাঁর বান্দাদের প্রতি সর্বদ্রষ্টা।",
    "bn_muhi": "যদি আল্লাহ মানুষকে তাদের কৃতকর্মের কারণে পাকড়াও করতেন, তবে ভুপৃষ্ঠে চলমানকাউকে ছেড়ে দিতেন না। কিন্তু তিনি এক নির্দিষ্ট মেয়াদ পর্যন্ত তাদেরকে অবকাশ দেন। অতঃপর যখন সে নির্দিষ্ট মেয়াদ এসে যাবে তখন আল্লাহর সব বান্দা তাঁর দৃষ্টিতে থাকবে।",
    "en": "And if Allah were to impose blame on the people for what they have earned, He would not leave upon the earth any creature. But He defers them for a specified term. And when their time comes, then indeed Allah has ever been, of His servants, Seeing."
  }
]