[
  {
    "id": 1,
    "ar": "وَٱلضُّحَىٰ",
    "tr": "ওয়াদদু হা-।",
    "bn_haque": "ভাবো পূর্বাহ্নের সূর্যকিরণের কথা;",
    "bn_muhi": "শপথ পূর্বাহ্নের,",
    "en": "By the morning brightness"
  },
  {
    "id": 2,
    "ar": "وَٱلَّيْلِ إِذَا سَجَىٰ",
    "tr": "ওয়াল্লাইলি ইযা-ছাজা-।",
    "bn_haque": "আর রাত্রির কথা যখন তা অন্ধকার ছড়িয়ে দেয়।",
    "bn_muhi": "শপথ রাত্রির যখন তা গভীর হয়,",
    "en": "And [by] the night when it covers with darkness,"
  },
  {
    "id": 3,
    "ar": "مَا وَدَّعَكَ رَبُّكَ وَمَا قَلَىٰ",
    "tr": "মা-ওয়াদ্দা‘আকা রাব্বুকা ওয়ামা-কালা-।",
    "bn_haque": "তোমার প্রভু তোমাকে পরিত্যাগ করেন নি, এবং তিনি অসন্তষ্টও নন।",
    "bn_muhi": "আপনার পালনকর্তা আপনাকে ত্যাগ করেনি এবং আপনার প্রতি বিরূপও হননি।",
    "en": "Your Lord has not taken leave of you, [O Muhammad], nor has He detested [you]."
  },
  {
    "id": 4,
    "ar": "وَلَلْءَاخِرَةُ خَيْرٌ لَّكَ مِنَ ٱلْأُولَىٰ",
    "tr": "ওয়ালাল আ-খিরাতুখাইরুল্লাকা মিনাল ঊলা-।",
    "bn_haque": "আর আলবৎ পরকাল তোমার জন্য হবে প্রাথমিককালের চেয়ে ভালো।",
    "bn_muhi": "আপনার জন্যে পরকাল ইহকাল অপেক্ষা শ্রেয়।",
    "en": "And the Hereafter is better for you than the first [life]."
  },
  {
    "id": 5,
    "ar": "وَلَسَوْفَ يُعْطِيكَ رَبُّكَ فَتَرْضَىٰٓ",
    "tr": "ওয়া লাছাওফা ইউ‘তীকা রাব্বুকা ফাতারদা-।",
    "bn_haque": "আর শীঘ্রই তো তোমার প্রভু তোমাকে দান করবেন, ফলে তুমি সন্তষ্ট হবে।",
    "bn_muhi": "আপনার পালনকর্তা সত্বরই আপনাকে দান করবেন, অতঃপর আপনি সন্তুষ্ট হবেন।",
    "en": "And your Lord is going to give you, and you will be satisfied."
  },
  {
    "id": 6,
    "ar": "أَلَمْ يَجِدْكَ يَتِيمًا فَـَٔاوَىٰ",
    "tr": "আলাম ইয়াজিদকা ইয়াতীমান ফাআ-ওয়া-।",
    "bn_haque": "তিনি কি তোমাকে এতীম অবস্থায় পান নি, তখন তিনি আশ্রয় দেন?",
    "bn_muhi": "তিনি কি আপনাকে এতীমরূপে পাননি? অতঃপর তিনি আশ্রয় দিয়েছেন।",
    "en": "Did He not find you an orphan and give [you] refuge?"
  },
  {
    "id": 7,
    "ar": "وَوَجَدَكَ ضَآلًّا فَهَدَىٰ",
    "tr": "ওয়া ওয়াজাদাকা দাল্লান ফাহাদা-।",
    "bn_haque": "আর তিনি তোমাকে পান দিশাহারা, কাজেই তিনি পথনির্দেশ দেন।",
    "bn_muhi": "তিনি আপনাকে পেয়েছেন পথহারা, অতঃপর পথপ্রদর্শন করেছেন।",
    "en": "And He found you lost and guided [you],"
  },
  {
    "id": 8,
    "ar": "وَوَجَدَكَ عَآئِلًا فَأَغْنَىٰ",
    "tr": "ওয়া ওয়াজাদাকা ‘আইলান ফাআগনা-।",
    "bn_haque": "আর তিনি তোমাকে পান নিঃস্ব অবস্থায়, সেজন্য তিনি সমৃদ্ধ করেন।",
    "bn_muhi": "তিনি আপনাকে পেয়েছেন নিঃস্ব, অতঃপর অভাবমুক্ত করেছেন।",
    "en": "And He found you poor and made [you] self-sufficient."
  },
  {
    "id": 9,
    "ar": "فَأَمَّا ٱلْيَتِيمَ فَلَا تَقْهَرْ",
    "tr": "ফাআম্মাল ইয়াতীমা ফালা-তাকহার।",
    "bn_haque": "সুতরাং এতীমের ক্ষেত্রে -- তুমি তবে রূঢ় হয়ো না।",
    "bn_muhi": "সুতরাং আপনি এতীমের প্রতি কঠোর হবেন না;",
    "en": "So as for the orphan, do not oppress [him]."
  },
  {
    "id": 10,
    "ar": "وَأَمَّا ٱلسَّآئِلَ فَلَا تَنْهَرْ",
    "tr": "ওয়া আম্মাছ ছাইলা ফালা-তানহার।",
    "bn_haque": "আর সাহায্যপ্রার্থীর ক্ষেত্রে -- তুমি তবে হাঁকিয়ে দিয়ো না।",
    "bn_muhi": "সওয়ালকারীকে ধমক দেবেন না।",
    "en": "And as for the petitioner, do not repel [him]."
  },
  {
    "id": 11,
    "ar": "وَأَمَّا بِنِعْمَةِ رَبِّكَ فَحَدِّثْ",
    "tr": "ওয়া আম্মা-বিনি‘মাতি রাব্বিকা ফাহাদ্দিছ।",
    "bn_haque": "আর তোমার প্রভুর অনুগ্রহের ক্ষেত্রে -- তুমি তবে ঘোষণা করতে থাকো।",
    "bn_muhi": "এবং আপনার পালনকর্তার নেয়ামতের কথা প্রকাশ করুন।",
    "en": "But as for the favor of your Lord, report [it]."
  }
]