[
  {
    "id": 1,
    "ar": "إِذَا جَآءَ نَصْرُ ٱللَّهِ وَٱلْفَتْحُ",
    "tr": "ইযা-জাআ নাসরুল্লা-হি ওয়াল ফাতহ।",
    "bn_haque": "যখন আল্লাহ্‌র সাহায্য ও বিজয় আসছে,",
    "bn_muhi": "যখন আসবে আল্লাহর সাহায্য ও বিজয়",
    "en": "When the victory of Allah has come and the conquest,"
  },
  {
    "id": 2,
    "ar": "وَرَأَيْتَ ٱلنَّاسَ يَدْخُلُونَ فِى دِينِ ٱللَّهِ أَفْوَاجًا",
    "tr": "ওয়ারাআইতান্না-ছা ইয়াদখুলূনা ফী দীনিল্লা-হি আফওয়া-জা-।",
    "bn_haque": "আর লোকেদের দলে-দলে আল্লাহ্‌র ধর্মে প্রবেশ করতে দেখতে পাচ্ছ,",
    "bn_muhi": "এবং আপনি মানুষকে দলে দলে আল্লাহর দ্বীনে প্রবেশ করতে দেখবেন,",
    "en": "And you see the people entering into the religion of Allah in multitudes,"
  },
  {
    "id": 3,
    "ar": "فَسَبِّحْ بِحَمْدِ رَبِّكَ وَٱسْتَغْفِرْهُ إِنَّهُۥ كَانَ تَوَّابًۢا",
    "tr": "ফাছাব্বিহবিহামদি রাব্বিকা ওয়াছতাগফিরহু ইন্নাহূকা-না তাওওয়া-বা-।",
    "bn_haque": "তখন তোমার প্রভুর প্রশংসায় জপতপ করো ও তাঁর পরিত্রাণ খোঁজো। নিঃসন্দেহ তিনি বারবার প্রত্যাবর্তনকারী।",
    "bn_muhi": "তখন আপনি আপনার পালনকর্তার পবিত্রতা বর্ণনা করুন এবং তাঁর কাছে ক্ষমা প্রার্থনা করুন। নিশ্চয় তিনি ক্ষমাকারী।",
    "en": "Then exalt [Him] with praise of your Lord and ask forgiveness of Him. Indeed, He is ever Accepting of repentance."
  }
]