[
  {
    "id": 1,
    "ar": "ٱلْحَآقَّةُ",
    "tr": "আলহাক্কাহ।",
    "bn_haque": "নিশ্চিত-সত্য!",
    "bn_muhi": "সুনিশ্চিত বিষয়।",
    "en": "The Inevitable Reality -"
  },
  {
    "id": 2,
    "ar": "مَا ٱلْحَآقَّةُ",
    "tr": "মাল হাক্কাহ ।",
    "bn_haque": "কি সেই নিশ্চিত-সত্য?",
    "bn_muhi": "সুনিশ্চিত বিষয় কি?",
    "en": "What is the Inevitable Reality?"
  },
  {
    "id": 3,
    "ar": "وَمَآ أَدْرَىٰكَ مَا ٱلْحَآقَّةُ",
    "tr": "ওয়ামাআদরা-কা মাল হাক্কাহ ।",
    "bn_haque": "আহা, কি দিয়ে তোমাকে বোঝানো যাবে নিশ্চিত-সত্যটা কি?",
    "bn_muhi": "আপনি কি কিছু জানেন, সেই সুনিশ্চিত বিষয় কি?",
    "en": "And what can make you know what is the Inevitable Reality?"
  },
  {
    "id": 4,
    "ar": "كَذَّبَتْ ثَمُودُ وَعَادٌۢ بِٱلْقَارِعَةِ",
    "tr": "কাযযাবাত ছামূদুওয়া ‘আ-দুম বিল কা-রি‘আহ।",
    "bn_haque": "ছামূদ ও 'আদগোষ্ঠী আঘাতকারী প্রলয়কে অস্বীকার করেছিল।",
    "bn_muhi": "আদ ও সামুদ গোত্র মহাপ্রলয়কে মিথ্যা বলেছিল।",
    "en": "Thamud and 'Aad denied the Striking Calamity."
  },
  {
    "id": 5,
    "ar": "فَأَمَّا ثَمُودُ فَأُهْلِكُوا۟ بِٱلطَّاغِيَةِ",
    "tr": "ফাআম্মা- ছামূদুফাউহলিকূবিত্তা-গিয়াহ।",
    "bn_haque": "তারপর ছামূদগোষ্ঠীর ক্ষেত্রে -- তাদের তখন ধ্বংস করা হয়েছিল এক প্রলয়ংকর বিপর্যয়ে।",
    "bn_muhi": "অতঃপর সমুদ গোত্রকে ধ্বংস করা হয়েছিল এক প্রলয়ংকর বিপর্যয় দ্বারা।",
    "en": "So as for Thamud, they were destroyed by the overpowering [blast]."
  },
  {
    "id": 6,
    "ar": "وَأَمَّا عَادٌ فَأُهْلِكُوا۟ بِرِيحٍ صَرْصَرٍ عَاتِيَةٍ",
    "tr": "ওয়া আম্মা- ‘আ-দুন ফাউহলিকূবিরীহিন সারসারিন ‘আ-তিয়াহ।",
    "bn_haque": "আর 'আদগোষ্ঠীর ক্ষেত্রে -- তাদের তখন ধ্বংস করা হয়েছিল এক গর্জনকারী প্রচন্ড ঝড়ের দ্বারা --",
    "bn_muhi": "এবং আদ গোত্রকে ধ্বংস করা হয়েছিল এক প্রচন্ড ঝঞ্জাবায়ূ,",
    "en": "And as for 'Aad, they were destroyed by a screaming, violent wind"
  },
  {
    "id": 7,
    "ar": "سَخَّرَهَا عَلَيْهِمْ سَبْعَ لَيَالٍ وَثَمَٰنِيَةَ أَيَّامٍ حُسُومًا فَتَرَى ٱلْقَوْمَ فِيهَا صَرْعَىٰ كَأَنَّهُمْ أَعْجَازُ نَخْلٍ خَاوِيَةٍ",
    "tr": "ছাখখারাহা-‘আলাইহিম ছাব‘আ লাইয়া-লিওঁ ওয়া ছামা-নিয়াতা আইইয়া-মিন হুছূমান ফাতারাল কাওমা ফীহা-সার‘আ- কাআন্নাহুম আ‘জা-ঝুনাখলিন খা-বিয়াহ।",
    "bn_haque": "যাকে তিনি তাদের উপরে প্রবাহিত করেছিলেন সাত রাত ও আট দিনব্যাপী, অবিরতভাবে, ফলে তুমি সেই লোকদলকে দেখতে পেতে সেখানে লুটিয়ে পড়ে আছে, যেন তারা খেজুর গাছের ফাঁপা গুড়ি।",
    "bn_muhi": "যা তিনি প্রবাহিত করেছিলেন তাদের উপর সাত রাত্রি ও আট দিবস পর্যন্ত অবিরাম। আপনি তাদেরকে দেখতেন যে, তারা অসার খর্জুর কান্ডের ন্যায় ভূপাতিত হয়ে রয়েছে।",
    "en": "Which Allah imposed upon them for seven nights and eight days in succession, so you would see the people therein fallen as if they were hollow trunks of palm trees."
  },
  {
    "id": 8,
    "ar": "فَهَلْ تَرَىٰ لَهُم مِّنۢ بَاقِيَةٍ",
    "tr": "ফাহাল তারা-লাহুম মিম বা-কিয়াহ।",
    "bn_haque": "তারপর তুমি তাদের অবশিষ্ট কিছু দেখতে পাও কি?",
    "bn_muhi": "আপনি তাদের কোন অস্তিত্ব দেখতে পান কি?",
    "en": "Then do you see of them any remains?"
  },
  {
    "id": 9,
    "ar": "وَجَآءَ فِرْعَوْنُ وَمَن قَبْلَهُۥ وَٱلْمُؤْتَفِكَٰتُ بِٱلْخَاطِئَةِ",
    "tr": "ওয়া জাআ ফির‘আওনুওয়া মান ক্ববলাহূওয়াল মু’তাফিকা-তুবিল খা- তিআহ।",
    "bn_haque": "আর ফিরআউন আর যারা তার পূর্ববর্তী ছিল, আর বিধবস্ত শহরগুলো পাপাচার নিয়ে এসেছিল,",
    "bn_muhi": "ফেরাউন, তাঁর পূর্ববর্তীরা এবং উল্টে যাওয়া বস্তিবাসীরা গুরুতর পাপ করেছিল।",
    "en": "And there came Pharaoh and those before him and the overturned cities with sin."
  },
  {
    "id": 10,
    "ar": "فَعَصَوْا۟ رَسُولَ رَبِّهِمْ فَأَخَذَهُمْ أَخْذَةً رَّابِيَةً",
    "tr": "ফা‘আসাও রাছূলা রাব্বিহিম ফাআখাযাহুম আখযাতাররা-বিয়াহ।",
    "bn_haque": "যেহেতু তাদের প্রভুর রসূলকে তারা অমান্য করেছিল, সেজন্য তিনি তাদের পাকড়াও করেছিলেন এক সুকঠিন পাকড়ানোতে।",
    "bn_muhi": "তারা তাদের পালনকর্তার রসূলকে অমান্য করেছিল। ফলে তিনি তাদেরকে কঠোরহস্তে পাকড়াও করলেন।",
    "en": "And they disobeyed the messenger of their Lord, so He seized them with a seizure exceeding [in severity]."
  },
  {
    "id": 11,
    "ar": "إِنَّا لَمَّا طَغَا ٱلْمَآءُ حَمَلْنَٰكُمْ فِى ٱلْجَارِيَةِ",
    "tr": "ইন্না- লাম্মা-তাগালমাউ হামালনা-কুম ফিল জা-রিয়াহ।",
    "bn_haque": "নিঃসন্দেহ যখন পানি ফেঁপে উঠেছিল, তখন আমরা তোমাদের বহন করেলিাম জাহাজের মধ্যে,",
    "bn_muhi": "যখন জলোচ্ছ্বাস হয়েছিল, তখন আমি তোমাদেরকে চলন্ত নৌযানে আরোহণ করিয়েছিলাম।",
    "en": "Indeed, when the water overflowed, We carried your ancestors in the sailing ship"
  },
  {
    "id": 12,
    "ar": "لِنَجْعَلَهَا لَكُمْ تَذْكِرَةً وَتَعِيَهَآ أُذُنٌ وَٰعِيَةٌ",
    "tr": "লিনাজ‘আলাহা-লাকুম তাযকিরাতাওঁ ওয়া তা‘ইয়াহাউযু নুওঁ ওয়া-‘ইয়াহ।",
    "bn_haque": "যেন আমরা এটিকে তোমাদের জন্য বানাতে পারি স্মরণীয় বিষয়, এবং শ্রুতিধর কান যেন এটি মনে রাখতে পারে।",
    "bn_muhi": "যাতে এ ঘটনা তোমাদের জন্যে স্মৃতির বিষয় এবং কান এটাকে উপদেশ গ্রহণের উপযোগী রূপে গ্রহণ করে।",
    "en": "That We might make it for you a reminder and [that] a conscious ear would be conscious of it."
  },
  {
    "id": 13,
    "ar": "فَإِذَا نُفِخَ فِى ٱلصُّورِ نَفْخَةٌ وَٰحِدَةٌ",
    "tr": "ফাইযা- নুফিখা ফিসসুরি নাফখাতুওঁ ওয়া- হিদাহ।",
    "bn_haque": "সুতরাং যখন শিঙায় ফুৎকার দেওয়া হবে -- একটি মাত্র ফুৎকার, --",
    "bn_muhi": "যখন শিংগায় ফুৎকার দেয়া হবে-একটি মাত্র ফুৎকার",
    "en": "Then when the Horn is blown with one blast"
  },
  {
    "id": 14,
    "ar": "وَحُمِلَتِ ٱلْأَرْضُ وَٱلْجِبَالُ فَدُكَّتَا دَكَّةً وَٰحِدَةً",
    "tr": "ওয়া হুমিলাতিল আরদুওয়াল জিবা-লুফাদুক্কাতা- দাক্কাতাওঁ ওয়া-হিদাহ।",
    "bn_haque": "এবং পৃথিবী ও পাহাড়-পর্বত উত্তোলন করা হবে, আর একটিমাত্র ধাক্কায় তাদের চূর্ণবিচূর্ণ করা হবে।",
    "bn_muhi": "এবং পৃথিবী ও পর্বতমালা উত্তোলিত হবে ও চুর্ণ-বিচুর্ণ করে দেয়া হবে,",
    "en": "And the earth and the mountains are lifted and leveled with one blow -"
  },
  {
    "id": 15,
    "ar": "فَيَوْمَئِذٍ وَقَعَتِ ٱلْوَاقِعَةُ",
    "tr": "ফাইয়াওমাইযিওঁ ওয়াকা‘আতিল ওয়া-কি‘আহ।",
    "bn_haque": "অতএব সেইদিন মহাঘটনা সংঘটিত হবে,",
    "bn_muhi": "সেদিন কেয়ামত সংঘটিত হবে।",
    "en": "Then on that Day, the Resurrection will occur,"
  },
  {
    "id": 16,
    "ar": "وَٱنشَقَّتِ ٱلسَّمَآءُ فَهِىَ يَوْمَئِذٍ وَاهِيَةٌ",
    "tr": "ওয়ানশাক্কাতিছছামাউ ফাহিয়া ইয়াওমাইযিওঁ ওয়া-হিয়াহ।",
    "bn_haque": "আর আকাশ বিদীর্ণ হবে, ফলে সেইদিন তা হবে ভঙ্গুর;",
    "bn_muhi": "সেদিন আকাশ বিদীর্ণ হবে ও বিক্ষিপ্ত হবে।",
    "en": "And the heaven will split [open], for that Day it is infirm."
  },
  {
    "id": 17,
    "ar": "وَٱلْمَلَكُ عَلَىٰٓ أَرْجَآئِهَا وَيَحْمِلُ عَرْشَ رَبِّكَ فَوْقَهُمْ يَوْمَئِذٍ ثَمَٰنِيَةٌ",
    "tr": "ওয়াল মালাকু‘আলাআরজাইহা- ওয়া ইয়াহমিলু‘আরশা রাব্বিকা ফাওকাহুম ইয়াওমাইযিন ছামা-নিয়াহ।",
    "bn_haque": "আর ফিরিশ্‌তারা এর প্রান্তগুলোয় রইবে। আর তাদের উপরে সেইদিন তোমার প্রভুর আরশ বহন করবে আটজন।",
    "bn_muhi": "এবং ফেরেশতাগণ আকাশের প্রান্তদেশে থাকবে ও আট জন ফেরেশতা আপনার পালনকর্তার আরশকে তাদের উর্ধ্বে বহন করবে।",
    "en": "And the angels are at its edges. And there will bear the Throne of your Lord above them, that Day, eight [of them]."
  },
  {
    "id": 18,
    "ar": "يَوْمَئِذٍ تُعْرَضُونَ لَا تَخْفَىٰ مِنكُمْ خَافِيَةٌ",
    "tr": "ইয়াওমাইযিন তু‘রাদূনা লা- তাখফা- মিনকুম খা-ফিয়াহ।",
    "bn_haque": "সেইদিন তোমাদের অনাবৃত করা হবে, -- কোনো গোপন বিষয় তোমাদের থেকে গোপন থাকবে না।",
    "bn_muhi": "সেদিন তোমাদেরকে উপস্থিত করা হবে। তোমাদের কোন কিছু গোপন থাকবে না।",
    "en": "That Day, you will be exhibited [for judgement]; not hidden among you is anything concealed."
  },
  {
    "id": 19,
    "ar": "فَأَمَّا مَنْ أُوتِىَ كِتَٰبَهُۥ بِيَمِينِهِۦ فَيَقُولُ هَآؤُمُ ٱقْرَءُوا۟ كِتَٰبِيَهْ",
    "tr": "ফাআম্মা-মান ঊতিয়া কিতা-বাহূবিইয়ামীনিহী ফাইয়াকূলুহাউমুকরাঊ কিতা-বিয়াহ।",
    "bn_haque": "তারপর যাকে তার বই তার ডান হাতে দেয়া হবে সে তখন বলবে -- \"নাও, আমার এই বই পড়ে দেখো!",
    "bn_muhi": "অতঃপর যার আমলনামা ডান হাতে দেয়া হবে, সে বলবেঃ নাও, তোমরাও আমলনামা পড়ে দেখ।",
    "en": "So as for he who is given his record in his right hand, he will say, \"Here, read my record!"
  },
  {
    "id": 20,
    "ar": "إِنِّى ظَنَنتُ أَنِّى مُلَٰقٍ حِسَابِيَهْ",
    "tr": "ইন্নী জানানতুআন্নী মুলা-কিন হিছা-বিয়াহ।",
    "bn_haque": "আমি নিশ্চয়ই জানতাম যে আমি আলবৎ আমার এই হিসাবের সম্মুখীন হতে যাচ্ছি।",
    "bn_muhi": "আমি জানতাম যে, আমাকে হিসাবের সম্মুখীন হতে হবে।",
    "en": "Indeed, I was certain that I would be meeting my account.\""
  },
  {
    "id": 21,
    "ar": "فَهُوَ فِى عِيشَةٍ رَّاضِيَةٍ",
    "tr": "ফাহুওয়া ফী ‘ঈশাতিররা-দিয়াহ।",
    "bn_haque": "সুতরাং সে থাকবে এক পূর্ণ-সন্তোষজনক জীবনযাপনে --",
    "bn_muhi": "অতঃপর সে সুখী জীবন-যাপন করবে,",
    "en": "So he will be in a pleasant life -"
  },
  {
    "id": 22,
    "ar": "فِى جَنَّةٍ عَالِيَةٍ",
    "tr": "ফী জান্নাতিন ‘আ-লিয়াহ।",
    "bn_haque": "এক উঁচু পর্যায়ের জান্নাতে,",
    "bn_muhi": "সুউচ্চ জান্নাতে।",
    "en": "In an elevated garden,"
  },
  {
    "id": 23,
    "ar": "قُطُوفُهَا دَانِيَةٌ",
    "tr": "কুতূফুহা- দা-নিয়াহ।",
    "bn_haque": "যার ফলের থোকাগুলো নাগালের মধ্যে।",
    "bn_muhi": "তার ফলসমূহ অবনমিত থাকবে।",
    "en": "Its [fruit] to be picked hanging near."
  },
  {
    "id": 24,
    "ar": "كُلُوا۟ وَٱشْرَبُوا۟ هَنِيٓـًٔۢا بِمَآ أَسْلَفْتُمْ فِى ٱلْأَيَّامِ ٱلْخَالِيَةِ",
    "tr": "কুলূওয়াশরাবূহানীআম বিমাআছলাফতুম ফিল আইয়া-মিল খা-লিয়াহ।",
    "bn_haque": "খাও আর পান করো তৃপ্তির সঙ্গে সেইজন্য যা তোমরা আগেকার দিনগুলোয় সম্পাদন করেছিলে।",
    "bn_muhi": "বিগত দিনে তোমরা যা প্রেরণ করেছিলে, তার প্রতিদানে তোমরা খাও এবং পান কর তৃপ্তি সহকারে।",
    "en": "[They will be told], \"Eat and drink in satisfaction for what you put forth in the days past.\""
  },
  {
    "id": 25,
    "ar": "وَأَمَّا مَنْ أُوتِىَ كِتَٰبَهُۥ بِشِمَالِهِۦ فَيَقُولُ يَٰلَيْتَنِى لَمْ أُوتَ كِتَٰبِيَهْ",
    "tr": "ওয়া আম্মা-মান ঊতিয়া কিতা-বাহূবিশিমা-লিহী ফাইয়াকূলুইয়া- লাইতানী লাম ঊতা কিতা-বিয়াহ।",
    "bn_haque": "আর তার ক্ষেত্রে যাকে তার বই তার বাম হাতে দেওয়া হবে সে তখন বলবে -- \"হায় আমার আফসোস! আমার এই বই যদি আমায় কখনো দেখানো না হতো, --",
    "bn_muhi": "যার আমলনামা তার বাম হাতে দেয়া হবে, সে বলবেঃ হায় আমায় যদি আমার আমল নামা না দেয়া হতো।",
    "en": "But as for he who is given his record in his left hand, he will say, \"Oh, I wish I had not been given my record"
  },
  {
    "id": 26,
    "ar": "وَلَمْ أَدْرِ مَا حِسَابِيَهْ",
    "tr": "ওয়া লাম আদরি মা-হিছা-বিয়াহ।",
    "bn_haque": "\"আর আমি যদি কখনো জানতাম না আমার এই হিসাবটি কী।",
    "bn_muhi": "আমি যদি না জানতাম আমার হিসাব!",
    "en": "And had not known what is my account."
  },
  {
    "id": 27,
    "ar": "يَٰلَيْتَهَا كَانَتِ ٱلْقَاضِيَةَ",
    "tr": "ইয়া-লাইতাহা- কা-নাতিল কা-দিয়াহ।",
    "bn_haque": "\"হায় আফসোস! এইটাই যদি আমার শেষ হতো!",
    "bn_muhi": "হায়, আমার মৃত্যুই যদি শেষ হত।",
    "en": "I wish my death had been the decisive one."
  },
  {
    "id": 28,
    "ar": "مَآ أَغْنَىٰ عَنِّى مَالِيَهْ",
    "tr": "মা আগনা- ‘আন্নী মা- লিয়াহ।",
    "bn_haque": "\"আমার ধনসম্পদ আমার কোনো কাজে এল না;",
    "bn_muhi": "আমার ধন-সম্পদ আমার কোন উপকারে আসল না।",
    "en": "My wealth has not availed me."
  },
  {
    "id": 29,
    "ar": "هَلَكَ عَنِّى سُلْطَٰنِيَهْ",
    "tr": "হালাকা ‘আন্নী ছুলতা-নিয়াহ।",
    "bn_haque": "আমার কর্তৃত্ব আমার থেকে বিনাশ হয়ে গেছে।",
    "bn_muhi": "আমার ক্ষমতাও বরবাদ হয়ে গেল।",
    "en": "Gone from me is my authority.\""
  },
  {
    "id": 30,
    "ar": "خُذُوهُ فَغُلُّوهُ",
    "tr": "খুযূহু ফাগুললূহ।",
    "bn_haque": "\"তাকে ধরো এবং তাকে বাঁধো,",
    "bn_muhi": "ফেরেশতাদেরকে বলা হবেঃ ধর একে গলায় বেড়ি পড়িয়ে দাও,",
    "en": "[ Allah will say], \"Seize him and shackle him."
  },
  {
    "id": 31,
    "ar": "ثُمَّ ٱلْجَحِيمَ صَلُّوهُ",
    "tr": "ছু ম্মাল জাহীমা সাললূহ।",
    "bn_haque": "\"তারপর জ্বলন্ত আগুনে তাকে নিক্ষেপ করো,",
    "bn_muhi": "অতঃপর নিক্ষেপ কর জাহান্নামে।",
    "en": "Then into Hellfire drive him."
  },
  {
    "id": 32,
    "ar": "ثُمَّ فِى سِلْسِلَةٍ ذَرْعُهَا سَبْعُونَ ذِرَاعًا فَٱسْلُكُوهُ",
    "tr": "ছু ম্মা ফী ছিলছিলাতিন যার‘উহা- ছাব‘ঊনা যিরা-‘আন ফাছলুকূহ।",
    "bn_haque": "\"তারপর তাকে এক শিকলে আবদ্ধ করো যার দৈঘ্য হচ্ছে সত্তর হাত।",
    "bn_muhi": "অতঃপর তাকে শৃঙ্খলিত কর সত্তর গজ দীর্ঘ এক শিকলে।",
    "en": "Then into a chain whose length is seventy cubits insert him.\""
  },
  {
    "id": 33,
    "ar": "إِنَّهُۥ كَانَ لَا يُؤْمِنُ بِٱللَّهِ ٱلْعَظِيمِ",
    "tr": "ইন্নাহূকা-না লা-ইউ’মিনুবিল্লা-হিল ‘আজীম।",
    "bn_haque": "\"নিশ্চয় সে বিশ্বাস করত না মহান আল্লাহ্‌তে,",
    "bn_muhi": "নিশ্চয় সে মহান আল্লাহতে বিশ্বাসী ছিল না।",
    "en": "Indeed, he did not used to believe in Allah, the Most Great,"
  },
  {
    "id": 34,
    "ar": "وَلَا يَحُضُّ عَلَىٰ طَعَامِ ٱلْمِسْكِينِ",
    "tr": "ওয়ালা-ইয়াহদ্দু ‘আলা- তা‘আ-মিল মিছকীন।",
    "bn_haque": "\"আর সে উৎসাহ দেখাত না গরীবদের খাবার দিতে,",
    "bn_muhi": "এবং মিসকীনকে আহার্য দিতে উৎসাহিত করত না।",
    "en": "Nor did he encourage the feeding of the poor."
  },
  {
    "id": 35,
    "ar": "فَلَيْسَ لَهُ ٱلْيَوْمَ هَٰهُنَا حَمِيمٌ",
    "tr": "ফালাইছা লাহুল ইয়াওমা হা-হুনা- হামীম।",
    "bn_haque": "\"সেজন্য আজ তার জন্যে এখানে কোনো অন্তরঙ্গ বন্ধু থাকবে না,",
    "bn_muhi": "অতএব, আজকের দিন এখানে তার কোন সুহূদ নাই।",
    "en": "So there is not for him here this Day any devoted friend"
  },
  {
    "id": 36,
    "ar": "وَلَا طَعَامٌ إِلَّا مِنْ غِسْلِينٍ",
    "tr": "ওয়ালা- তা‘আ-মুন ইল্লা-মিন গিছলীন।",
    "bn_haque": "\"আর কোনো খাদ্য থাকবে না ক্ষতনিঃসৃত পুজঁ ব্যতীত --",
    "bn_muhi": "এবং কোন খাদ্য নাই, ক্ষত-নিঃসৃত পুঁজ ব্যতীত।",
    "en": "Nor any food except from the discharge of wounds;"
  },
  {
    "id": 37,
    "ar": "لَّا يَأْكُلُهُۥٓ إِلَّا ٱلْخَٰطِـُٔونَ",
    "tr": "লা-ইয়া’কুলুহূইল্লাল খা-তিঊন।",
    "bn_haque": "যা পাপীরা ব্যতীত আর কেউ খায় না।",
    "bn_muhi": "গোনাহগার ব্যতীত কেউ এটা খাবে না।",
    "en": "None will eat it except the sinners."
  },
  {
    "id": 38,
    "ar": "فَلَآ أُقْسِمُ بِمَا تُبْصِرُونَ",
    "tr": "ফালাউকছিমুবিমা-তুবসিরূন।",
    "bn_haque": "কিন্ত না, আমি কসম খাচ্ছি যা তোমরা দেখছ তার,",
    "bn_muhi": "তোমরা যা দেখ, আমি তার শপথ করছি।",
    "en": "So I swear by what you see"
  },
  {
    "id": 39,
    "ar": "وَمَا لَا تُبْصِرُونَ",
    "tr": "ওয়ামা-লা-তুবসিরূন।",
    "bn_haque": "এবং যা তোমরা দেখছ না তারও, --",
    "bn_muhi": "এবং যা তোমরা দেখ না, তার-",
    "en": "And what you do not see"
  },
  {
    "id": 40,
    "ar": "إِنَّهُۥ لَقَوْلُ رَسُولٍ كَرِيمٍ",
    "tr": "ইন্নাহূলাকাওলুরাছূলিন কারীম।",
    "bn_haque": "যে এটি এক সম্মানিত রসূলের বাণী,",
    "bn_muhi": "নিশ্চয়ই এই কোরআন একজন সম্মানিত রসূলের আনীত।",
    "en": "[That] indeed, the Qur'an is the word of a noble Messenger."
  },
  {
    "id": 41,
    "ar": "وَمَا هُوَ بِقَوْلِ شَاعِرٍ قَلِيلًا مَّا تُؤْمِنُونَ",
    "tr": "ওয়ামা-হুওয়া বিকাওলি শা-‘ইরিন কালীলাম মা-তু’মিনূন।",
    "bn_haque": "আর এ কোনো কবির আলাপন নয়; সামান্যই তো যা তোমরা বিশ্বাস কর।",
    "bn_muhi": "এবং এটা কোন কবির কালাম নয়; তোমরা কমই বিশ্বাস কর।",
    "en": "And it is not the word of a poet; little do you believe."
  },
  {
    "id": 42,
    "ar": "وَلَا بِقَوْلِ كَاهِنٍ قَلِيلًا مَّا تَذَكَّرُونَ",
    "tr": "ওয়ালা-বিকাওলি কা- হিনিন কালীলাম মা-তাযাক্কারূন।",
    "bn_haque": "আর কোনো গনৎকারের বাক্‌চাতুরীও নয়, যৎসামান্য যা তোমরা চিন্তা কর!",
    "bn_muhi": "এবং এটা কোন অতীন্দ্রিয়বাদীর কথা নয়; তোমরা কমই অনুধাবন কর।",
    "en": "Nor the word of a soothsayer; little do you remember."
  },
  {
    "id": 43,
    "ar": "تَنزِيلٌ مِّن رَّبِّ ٱلْعَٰلَمِينَ",
    "tr": "তানঝীলুম মিররাব্বিল ‘আ-লামীন।",
    "bn_haque": "এ হচ্ছে এক অবতারণ বিশ্বজগতের প্রভুর কাছ থেকে।",
    "bn_muhi": "এটা বিশ্বপালনকর্তার কাছ থেকে অবতীর্ণ।",
    "en": "[It is] a revelation from the Lord of the worlds."
  },
  {
    "id": 44,
    "ar": "وَلَوْ تَقَوَّلَ عَلَيْنَا بَعْضَ ٱلْأَقَاوِيلِ",
    "tr": "ওয়ালাও তাকাওওয়ালা ‘আলাইনা-বা‘দাল আকা-বীল।",
    "bn_haque": "আর তিনি যদি আমাদের নামে কোনো বাণী রচনা করতে চাইতেন, --",
    "bn_muhi": "সে যদি আমার নামে কোন কথা রচনা করত,",
    "en": "And if Muhammad had made up about Us some [false] sayings,"
  },
  {
    "id": 45,
    "ar": "لَأَخَذْنَا مِنْهُ بِٱلْيَمِينِ",
    "tr": "লাআখাযনা-মিনহু বিলইয়ামীন।",
    "bn_haque": "তাহলে আমরা নিশ্চয়ই তাকে ডানহাতে পাকড়াও করতাম,",
    "bn_muhi": "তবে আমি তার দক্ষিণ হস্ত ধরে ফেলতাম,",
    "en": "We would have seized him by the right hand;"
  },
  {
    "id": 46,
    "ar": "ثُمَّ لَقَطَعْنَا مِنْهُ ٱلْوَتِينَ",
    "tr": "ছু ম্মা লাকাতা‘না-মিনহুল ওয়াতীন।",
    "bn_haque": "তারপর নিশ্চয়ই তার কন্ঠশিরা কেটে ফেলতাম,",
    "bn_muhi": "অতঃপর কেটে দিতাম তার গ্রীবা।",
    "en": "Then We would have cut from him the aorta."
  },
  {
    "id": 47,
    "ar": "فَمَا مِنكُم مِّنْ أَحَدٍ عَنْهُ حَٰجِزِينَ",
    "tr": "ফামা-মিনকুম মিন আহাদিন ‘আনহু হা-জিঝীন।",
    "bn_haque": "তখন তোমাদের মধ্যের কেউই ওর থেকে নিবৃত্ত করতে পারতে না।",
    "bn_muhi": "তোমাদের কেউ তাকে রক্ষা করতে পারতে না।",
    "en": "And there is no one of you who could prevent [Us] from him."
  },
  {
    "id": 48,
    "ar": "وَإِنَّهُۥ لَتَذْكِرَةٌ لِّلْمُتَّقِينَ",
    "tr": "ওয়া ইন্নাহূলাতাযকিরাতুল লিলমুত্তাকীন।",
    "bn_haque": "আর নিশ্চয়ই এইটি ধর্মভীরুদের জন্য এক স্মারক-গ্রন্থ।",
    "bn_muhi": "এটা খোদাভীরুদের জন্যে অবশ্যই একটি উপদেশ।",
    "en": "And indeed, the Qur'an is a reminder for the righteous."
  },
  {
    "id": 49,
    "ar": "وَإِنَّا لَنَعْلَمُ أَنَّ مِنكُم مُّكَذِّبِينَ",
    "tr": "ওয়া ইন্না-লানা‘লামুআন্না মিনকুম মুকাযযিবীন।",
    "bn_haque": "আর নিশ্চয়ই আমরা তো জানি যে তোমাদের মধ্যে সত্যপ্রত্যাখ্যানকারী রয়েছে।",
    "bn_muhi": "আমি জানি যে, তোমাদের মধ্যে কেউ কেউ মিথ্যারোপ করবে।",
    "en": "And indeed, We know that among you are deniers."
  },
  {
    "id": 50,
    "ar": "وَإِنَّهُۥ لَحَسْرَةٌ عَلَى ٱلْكَٰفِرِينَ",
    "tr": "ওয়া ইন্নাহূলাহাছরাতুন ‘আলাল কা-ফিরীন।",
    "bn_haque": "আর নিঃসন্দেহ এটি অবিশ্বাসীদের জন্য বড় অনুতাপের বিষয়।",
    "bn_muhi": "নিশ্চয় এটা কাফেরদের জন্যে অনুতাপের কারণ।",
    "en": "And indeed, it will be [a cause of] regret upon the disbelievers."
  },
  {
    "id": 51,
    "ar": "وَإِنَّهُۥ لَحَقُّ ٱلْيَقِينِ",
    "tr": "ওয়া ইন্নাহূলাহাক্কুল ইয়াকীন।",
    "bn_haque": "আর নিঃসন্দেহ এটি তো সুনিশ্চিত সত্য।",
    "bn_muhi": "নিশ্চয় এটা নিশ্চিত সত্য।",
    "en": "And indeed, it is the truth of certainty."
  },
  {
    "id": 52,
    "ar": "فَسَبِّحْ بِٱسْمِ رَبِّكَ ٱلْعَظِيمِ",
    "tr": "ফাছাব্বিহবিছমি রাব্বিকাল ‘আজীম।",
    "bn_haque": "অতএব তোমার মহামহিমান্নিত প্রভুর নামের জপতপ করো।",
    "bn_muhi": "অতএব, আপনি আপনার মহান পালনকর্তার নামের পবিত্রতা বর্ননা করুন।",
    "en": "So exalt the name of your Lord, the Most Great."
  }
]