[
  {
    "id": 1,
    "ar": "قُلْ أَعُوذُ بِرَبِّ ٱلْفَلَقِ",
    "tr": "কুল আ‘ঊযুবিরাব্বিল ফালাক",
    "bn_haque": "তুমি বলো -- \"আমি আশ্রয় চাইছি নিশিভোরের প্রভুর কাছে, --",
    "bn_muhi": "বলুন, আমি আশ্রয় গ্রহণ করছি প্রভাতের পালনকর্তার,",
    "en": "Say, \"I seek refuge in the Lord of daybreak"
  },
  {
    "id": 2,
    "ar": "مِن شَرِّ مَا خَلَقَ",
    "tr": "মিন শাররি মা-খালাক।",
    "bn_haque": "\"তিনি যা সৃষ্টি করেছেন তার অনিষ্ট থেকে,",
    "bn_muhi": "তিনি যা সৃষ্টি করেছেন, তার অনিষ্ট থেকে,",
    "en": "From the evil of that which He created"
  },
  {
    "id": 3,
    "ar": "وَمِن شَرِّ غَاسِقٍ إِذَا وَقَبَ",
    "tr": "ওয়া মিন শাররি গা-ছিকিন ইযা-ওয়াকাব।",
    "bn_haque": "\"আর অন্ধকারের অনিষ্ট থেকে যখন তা আচ্ছন্ন করে ফেলে,",
    "bn_muhi": "অন্ধকার রাত্রির অনিষ্ট থেকে, যখন তা সমাগত হয়,",
    "en": "And from the evil of darkness when it settles"
  },
  {
    "id": 4,
    "ar": "وَمِن شَرِّ ٱلنَّفَّٰثَٰتِ فِى ٱلْعُقَدِ",
    "tr": "ওয়া মিন শাররিন নাফফা-ছা-তি ফিল ‘উকাদ।",
    "bn_haque": "\"আর গাঁথনিতে ফুৎকারিণীদের অনিষ্ট থেকে,",
    "bn_muhi": "গ্রন্থিতে ফুঁৎকার দিয়ে জাদুকারিনীদের অনিষ্ট থেকে",
    "en": "And from the evil of the blowers in knots"
  },
  {
    "id": 5,
    "ar": "وَمِن شَرِّ حَاسِدٍ إِذَا حَسَدَ",
    "tr": "ওয়া মিন শাররি হা-ছিদিন ইযা-হাছাদ।",
    "bn_haque": "আর হিংসাকারীর অনিষ্ট থেকে যখন সে হিংসা করে।",
    "bn_muhi": "এবং হিংসুকের অনিষ্ট থেকে যখন সে হিংসা করে।",
    "en": "And from the evil of an envier when he envies.\""
  }
]