[
  {
    "id": 1,
    "ar": "إِذَا ٱلسَّمَآءُ ٱنفَطَرَتْ",
    "tr": "ইযাছ ছামাউন ফাতারাত।",
    "bn_haque": "যখন আকাশ বিদীর্ণ হবে,",
    "bn_muhi": "যখন আকাশ বিদীর্ণ হবে,",
    "en": "When the sky breaks apart"
  },
  {
    "id": 2,
    "ar": "وَإِذَا ٱلْكَوَاكِبُ ٱنتَثَرَتْ",
    "tr": "ওয়া ইযাল কাওয়া-কিবুন তাছারাত।",
    "bn_haque": "আর যখন নক্ষত্রসব বিক্ষিপ্ত হবে,",
    "bn_muhi": "যখন নক্ষত্রসমূহ ঝরে পড়বে,",
    "en": "And when the stars fall, scattering,"
  },
  {
    "id": 3,
    "ar": "وَإِذَا ٱلْبِحَارُ فُجِّرَتْ",
    "tr": "ওয়া ইযাল বিহা-রু ফুজ্জিরাত।",
    "bn_haque": "আর যখন সমুদ্রগুলো উচ্ছলিত হবে,",
    "bn_muhi": "যখন সমুদ্রকে উত্তাল করে তোলা হবে,",
    "en": "And when the seas are erupted"
  },
  {
    "id": 4,
    "ar": "وَإِذَا ٱلْقُبُورُ بُعْثِرَتْ",
    "tr": "ওয়া ইযাল কুবূরু বু‘ছিরাত।",
    "bn_haque": "আর যখন কবরগুলো উন্মোচিত হবে, --",
    "bn_muhi": "এবং যখন কবরসমূহ উম্মোচিত হবে,",
    "en": "And when the [contents of] graves are scattered,"
  },
  {
    "id": 5,
    "ar": "عَلِمَتْ نَفْسٌ مَّا قَدَّمَتْ وَأَخَّرَتْ",
    "tr": "‘আলিমাত নাফছুম মা-কাদ্দামাত ওয়া আখখারাত।",
    "bn_haque": "তখন প্রত্যেকেই জানতে পারবে সে কী আগ-বাড়িয়েছে, আর কী সে পেছনে ফেলে রেখেছে।",
    "bn_muhi": "তখন প্রত্যেকে জেনে নিবে সে কি অগ্রে প্রেরণ করেছে এবং কি পশ্চাতে ছেড়ে এসেছে।",
    "en": "A soul will [then] know what it has put forth and kept back."
  },
  {
    "id": 6,
    "ar": "يَٰٓأَيُّهَا ٱلْإِنسَٰنُ مَا غَرَّكَ بِرَبِّكَ ٱلْكَرِيمِ",
    "tr": "ইয়াআইয়ূহাল ইনছা-নুমা-গাররাকা বিরাব্বিকাল কারীম।",
    "bn_haque": "ওহে মানব! কিসে তোমাকে ভুলিয়েছে তোমার মহানুভব প্রভুসন্বন্ধে --",
    "bn_muhi": "হে মানুষ, কিসে তোমাকে তোমার মহামহিম পালনকর্তা সম্পর্কে বিভ্রান্ত করল?",
    "en": "O mankind, what has deceived you concerning your Lord, the Generous,"
  },
  {
    "id": 7,
    "ar": "ٱلَّذِى خَلَقَكَ فَسَوَّىٰكَ فَعَدَلَكَ",
    "tr": "আল্লাযী খালাকাকা ফাছাওওয়া-কা ফা‘আদালাক।",
    "bn_haque": "যিনি তোমাকে সৃষ্টি করেছেন, তারপর তোমাকে সুঠাম করেছেন, তারপর তোমাকে সুসমঞ্জস করেছেন, --",
    "bn_muhi": "যিনি তোমাকে সৃষ্টি করেছেন, অতঃপর তোমাকে সুবিন্যস্ত করেছেন এবং সুষম করেছেন।",
    "en": "Who created you, proportioned you, and balanced you?"
  },
  {
    "id": 8,
    "ar": "فِىٓ أَىِّ صُورَةٍ مَّا شَآءَ رَكَّبَكَ",
    "tr": "ফীআইয়ি সূরাতিম মা- শাআ রাক্কাবাক।",
    "bn_haque": "যে আকৃতিতে তিনি চেয়েছেন সেইভাবে তিনি তোমাকে গঠন করেছেন?",
    "bn_muhi": "যিনি তোমাকে তাঁর ইচ্ছামত আকৃতিতে গঠন করেছেন।",
    "en": "In whatever form He willed has He assembled you."
  },
  {
    "id": 9,
    "ar": "كَلَّا بَلْ تُكَذِّبُونَ بِٱلدِّينِ",
    "tr": "কাল্লা-বাল তুকাযযিবূনা বিদ্দীন।",
    "bn_haque": "না, তোমরা বরং সদ্বিচারকেই মিথ্যারোপ করছ।",
    "bn_muhi": "কখনও বিভ্রান্ত হয়ো না; বরং তোমরা দান-প্রতিদানকে মিথ্যা মনে কর।",
    "en": "No! But you deny the Recompense."
  },
  {
    "id": 10,
    "ar": "وَإِنَّ عَلَيْكُمْ لَحَٰفِظِينَ",
    "tr": "ওয়া ইন্না ‘আলাইকুম লাহা-ফিজীন।",
    "bn_haque": "অথচ তোমাদের উপরে নিশ্চয়ই তত্ত্বাবধায়ক রয়েছে, --",
    "bn_muhi": "অবশ্যই তোমাদের উপর তত্ত্বাবধায়ক নিযুক্ত আছে।",
    "en": "And indeed, [appointed] over you are keepers,"
  },
  {
    "id": 11,
    "ar": "كِرَامًا كَٰتِبِينَ",
    "tr": "কিরা-মান কা-তিবীন।",
    "bn_haque": "সম্মানিত লিপিকারগণ,",
    "bn_muhi": "সম্মানিত আমল লেখকবৃন্দ।",
    "en": "Noble and recording;"
  },
  {
    "id": 12,
    "ar": "يَعْلَمُونَ مَا تَفْعَلُونَ",
    "tr": "ইয়া‘লামূনা মা-তাফ‘আলূন।",
    "bn_haque": "তারা জানে তোমরা যা-কিছু কর।",
    "bn_muhi": "তারা জানে যা তোমরা কর।",
    "en": "They know whatever you do."
  },
  {
    "id": 13,
    "ar": "إِنَّ ٱلْأَبْرَارَ لَفِى نَعِيمٍ",
    "tr": "ইন্নাল আবরা-রা লাফী না‘ঈম।",
    "bn_haque": "ধার্মিকরা নিশ্চয় থাকবে আনন্দেরই মাঝে,",
    "bn_muhi": "সৎকর্মশীলগণ থাকবে জান্নাতে।",
    "en": "Indeed, the righteous will be in pleasure,"
  },
  {
    "id": 14,
    "ar": "وَإِنَّ ٱلْفُجَّارَ لَفِى جَحِيمٍ",
    "tr": "ওয়া ইন্নাল ফুজ্জা-রা লাফী জাহীম।",
    "bn_haque": "আর পাপাচারীরা আলবৎ থাকবে ভয়ংকর আগুনে, --",
    "bn_muhi": "এবং দুষ্কর্মীরা থাকবে জাহান্নামে;",
    "en": "And indeed, the wicked will be in Hellfire."
  },
  {
    "id": 15,
    "ar": "يَصْلَوْنَهَا يَوْمَ ٱلدِّينِ",
    "tr": "ইয়াসলাওনাহা-ইয়াওমাদ্দীন।",
    "bn_haque": "তারা এতে প্রবেশ করবে বিচারের দিনে",
    "bn_muhi": "তারা বিচার দিবসে তথায় প্রবেশ করবে।",
    "en": "They will [enter to] burn therein on the Day of Recompense,"
  },
  {
    "id": 16,
    "ar": "وَمَا هُمْ عَنْهَا بِغَآئِبِينَ",
    "tr": "ওয়ামা-হুম ‘আনহা-বিগাইবীন।",
    "bn_haque": "আর তারা এর থেকে গরহাজির থাকতে পারবে না।",
    "bn_muhi": "তারা সেখান থেকে পৃথক হবে না।",
    "en": "And never therefrom will they be absent."
  },
  {
    "id": 17,
    "ar": "وَمَآ أَدْرَىٰكَ مَا يَوْمُ ٱلدِّينِ",
    "tr": "ওয়ামাআদরা-কা মা-ইয়াওমুদ্দীন।",
    "bn_haque": "আর কিসে তোমাকে বুঝতে দেবে কী সেই বিচারের দিন?",
    "bn_muhi": "আপনি জানেন, বিচার দিবস কি?",
    "en": "And what can make you know what is the Day of Recompense?"
  },
  {
    "id": 18,
    "ar": "ثُمَّ مَآ أَدْرَىٰكَ مَا يَوْمُ ٱلدِّينِ",
    "tr": "ছু ম্মা মাআদরা-কা মা-ইয়াওমুদ্দীন।",
    "bn_haque": "পুনরায় কিসে তোমাকে বোঝানো যাবে বিচারের দিন কি?",
    "bn_muhi": "অতঃপর আপনি জানেন, বিচার দিবস কি?",
    "en": "Then, what can make you know what is the Day of Recompense?"
  },
  {
    "id": 19,
    "ar": "يَوْمَ لَا تَمْلِكُ نَفْسٌ لِّنَفْسٍ شَيْـًٔا وَٱلْأَمْرُ يَوْمَئِذٍ لِّلَّهِ",
    "tr": "ইয়াওমা লা-তামলিকুনাফছুল লিনাফছিন শাইআওঁ ওয়াল আমরু ইয়াওমাইযিল লিল্লা-হি।",
    "bn_haque": "এ সেইদিন যেদিন কোনো সত্ত্বা কোনো আ‌ত্মার জন্যে কোনো-কিছু করার সামর্থ্য রাখবে না। আর কর্তৃত্ব সেইদিন হবে আল্লাহ্‌রই।",
    "bn_muhi": "যেদিন কেউ কারও কোন উপকার করতে পারবে না এবং সেদিন সব কতৃꦣ2468;্ব হবে আল্লাহর।",
    "en": "It is the Day when a soul will not possess for another soul [power to do] a thing; and the command, that Day, is [entirely] with Allah ."
  }
]