[
  {
    "id": 1,
    "ar": "لِإِيلَٰفِ قُرَيْشٍ",
    "tr": "লিঈলা-ফি কুরাইশ।",
    "bn_haque": "কুরাইশদের নিরাপত্তার জন্য, --",
    "bn_muhi": "কোরাইশের আসক্তির কারণে,",
    "en": "For the accustomed security of the Quraysh -"
  },
  {
    "id": 2,
    "ar": "إِۦلَٰفِهِمْ رِحْلَةَ ٱلشِّتَآءِ وَٱلصَّيْفِ",
    "tr": "ঈলা-ফিহিম রিহলাতাশশিতাই ওয়াসসাঈফ।",
    "bn_haque": "শীতকালীন ও গ্রীকালীন বিদেশযাত্রায় তাদের নিরাপত্তার জন্য।",
    "bn_muhi": "আসক্তির কারণে তাদের শীত ও গ্রীষ্মকালীন সফরের।",
    "en": "Their accustomed security [in] the caravan of winter and summer -"
  },
  {
    "id": 3,
    "ar": "فَلْيَعْبُدُوا۟ رَبَّ هَٰذَا ٱلْبَيْتِ",
    "tr": "ফালইয়া‘বুদূরাব্বা হা-যাল বাঈত।",
    "bn_haque": "অতএব তারা এই গৃহের প্রভুর উপাসনা করুক;",
    "bn_muhi": "অতএব তারা যেন এবাদত করে এই ঘরের পালনকর্তার",
    "en": "Let them worship the Lord of this House,"
  },
  {
    "id": 4,
    "ar": "ٱلَّذِىٓ أَطْعَمَهُم مِّن جُوعٍ وَءَامَنَهُم مِّنْ خَوْفٍۭ",
    "tr": "আল্লাযীআতা‘আমাহুম মিন জূ‘ইওঁ ওয়া আ-মানাহুম মিন খাওফ।",
    "bn_haque": "যিনি ক্ষুধায় তাদের আহার দিয়েছেন, আর ভয়-ভীতি থেকে তাদের নিরাপদ রেখেছেন।",
    "bn_muhi": "যিনি তাদেরকে ক্ষুধায় আহার দিয়েছেন এবং যুদ্ধভীতি থেকে তাদেরকে নিরাপদ করেছেন।",
    "en": "Who has fed them, [saving them] from hunger and made them safe, [saving them] from fear."
  }
]