[
  {
    "id": 1,
    "ar": "وَٱلْعَصْرِ",
    "tr": "ওয়াল ‘আসর।",
    "bn_haque": "ভাবো বিকালবেলার কথা।",
    "bn_muhi": "কসম যুগের (সময়ের),",
    "en": "By time,"
  },
  {
    "id": 2,
    "ar": "إِنَّ ٱلْإِنسَٰنَ لَفِى خُسْرٍ",
    "tr": "ইন্নাল ইনছা-না লাফী খুছর।",
    "bn_haque": "নিঃসন্দেহ মানুষ আলবৎ লোকসানে পড়েছে, --",
    "bn_muhi": "নিশ্চয় মানুষ ক্ষতিগ্রস্ত;",
    "en": "Indeed, mankind is in loss,"
  },
  {
    "id": 3,
    "ar": "إِلَّا ٱلَّذِينَ ءَامَنُوا۟ وَعَمِلُوا۟ ٱلصَّٰلِحَٰتِ وَتَوَاصَوْا۟ بِٱلْحَقِّ وَتَوَاصَوْا۟ بِٱلصَّبْرِ",
    "tr": "ইল্লাল্লাযীনা আ-মানূওয়া ‘আমিলুসসা-লিহা-তি ওয়া তাওয়া-সাওবিল হাক্কি ওয়া তাওয়া-সাও বিসসাবরি।",
    "bn_haque": "তারা ব্যতীত যারা ঈমান এনেছে ও সৎকাজ করছে, আর পরস্পরকে সত্য অবলন্বনের জন্য মন্ত্রণা দিচ্ছে, এবং পরস্পরকে অধ্যবসায় অবলন্বনের পরামর্শ দিচ্ছে।",
    "bn_muhi": "কিন্তু তারা নয়, যারা বিশ্বাস স্থাপন করে ও সৎকর্ম করে এবং পরস্পরকে তাকীদ করে সত্যের এবং তাকীদ করে সবরের।",
    "en": "Except for those who have believed and done righteous deeds and advised each other to truth and advised each other to patience."
  }
]