[
  {
    "id": 1,
    "ar": "قُلْ يَٰٓأَيُّهَا ٱلْكَٰفِرُونَ",
    "tr": "কুল ইয়াআইয়ুহাল কা-ফিরূন।",
    "bn_haque": "বলো -- \"ওহে অবিশ্বাসিগোষ্ঠী!",
    "bn_muhi": "বলুন, হে কাফেরকূল,",
    "en": "Say, \"O disbelievers,"
  },
  {
    "id": 2,
    "ar": "لَآ أَعْبُدُ مَا تَعْبُدُونَ",
    "tr": "লাআ‘বুদুমা-তা‘বুদূন।",
    "bn_haque": "\"আমি তাকে উপাসনা করি না যাকে তোমরা উপাসনা কর,",
    "bn_muhi": "আমি এবাদত করিনা, তোমরা যার এবাদত কর।",
    "en": "I do not worship what you worship."
  },
  {
    "id": 3,
    "ar": "وَلَآ أَنتُمْ عَٰبِدُونَ مَآ أَعْبُدُ",
    "tr": "ওয়ালাআনতুম ‘আ-বিদূনা মাআ‘বুদ।",
    "bn_haque": "\"আর তোমরাও তাঁর উপাসনাকারী নও যাঁকে আমি উপাসনা করি।",
    "bn_muhi": "এবং তোমরাও এবাদতকারী নও, যার এবাদত আমি করি",
    "en": "Nor are you worshippers of what I worship."
  },
  {
    "id": 4,
    "ar": "وَلَآ أَنَا۠ عَابِدٌ مَّا عَبَدتُّمْ",
    "tr": "ওয়ালাআনা ‘আ-বিদুম মা-‘আবাত্তুম,",
    "bn_haque": "\"আর আমিও তার উপাসনাকারী নই যাকে তোমরা উপাসনা কর।",
    "bn_muhi": "এবং আমি এবাদতকারী নই, যার এবাদত তোমরা কর।",
    "en": "Nor will I be a worshipper of what you worship."
  },
  {
    "id": 5,
    "ar": "وَلَآ أَنتُمْ عَٰبِدُونَ مَآ أَعْبُدُ",
    "tr": "ওয়ালাআনতুম ‘আ-বিদূনা মাআ‘বুদ।",
    "bn_haque": "\"আর তোমরাও তাঁর উপাসনাকারী নও যাঁকে আমি উপাসনা করি।",
    "bn_muhi": "তোমরা এবাদতকারী নও, যার এবাদত আমি করি।",
    "en": "Nor will you be worshippers of what I worship."
  },
  {
    "id": 6,
    "ar": "لَكُمْ دِينُكُمْ وَلِىَ دِينِ",
    "tr": "লাকুম দীনুকুম ওয়ালিয়া দীন।",
    "bn_haque": "তোমাদের জন্য তোমাদের ধর্মমত এবং আমার জন্য আমার ধর্মমত।",
    "bn_muhi": "তোমাদের কর্ম ও কর্মফল তোমাদের জন্যে এবং আমার কর্ম ও কর্মফল আমার জন্যে।",
    "en": "For you is your religion, and for me is my religion.\""
  }
]