[
  {
    "id": 1,
    "ar": "يسٓ",
    "tr": "ইয়া-ছীন।",
    "bn_haque": "ইয়া সীন!",
    "bn_muhi": "ইয়া-সীন",
    "en": "Ya, Seen."
  },
  {
    "id": 2,
    "ar": "وَٱلْقُرْءَانِ ٱلْحَكِيمِ",
    "tr": "ওয়াল কুরআ-নিল হাকীম।",
    "bn_haque": "জ্ঞানগর্ভ কুরআনের শপথ, --",
    "bn_muhi": "প্রজ্ঞাময় কোরআনের কসম।",
    "en": "By the wise Qur'an."
  },
  {
    "id": 3,
    "ar": "إِنَّكَ لَمِنَ ٱلْمُرْسَلِينَ",
    "tr": "ইন্নাকা লামিনাল মুরছালীন।",
    "bn_haque": "নিঃসন্দেহ তুমি তো প্রেরিত পুরুষদের অন্যতম, --",
    "bn_muhi": "নিশ্চয় আপনি প্রেরিত রসূলগণের একজন।",
    "en": "Indeed you, [O Muhammad], are from among the messengers,"
  },
  {
    "id": 4,
    "ar": "عَلَىٰ صِرَٰطٍ مُّسْتَقِيمٍ",
    "tr": "‘আলা-সিরাতিম মুছতাকীম।",
    "bn_haque": "সহজ-সঠিক পথে অধিষ্ঠিত রয়েছে।",
    "bn_muhi": "সরল পথে প্রতিষ্ঠিত।",
    "en": "On a straight path."
  },
  {
    "id": 5,
    "ar": "تَنزِيلَ ٱلْعَزِيزِ ٱلرَّحِيمِ",
    "tr": "তানঝীলাল ‘আঝীঝির রাহীম।",
    "bn_haque": "মহাশক্তিশালী, অফুরন্ত ফলদাতার থেকে এক অবতারণ, --",
    "bn_muhi": "কোরআন পরাক্রমশালী পরম দয়ালু আল্লাহর তরফ থেকে অবতীর্ণ,",
    "en": "[This is] a revelation of the Exalted in Might, the Merciful,"
  },
  {
    "id": 6,
    "ar": "لِتُنذِرَ قَوْمًا مَّآ أُنذِرَ ءَابَآؤُهُمْ فَهُمْ غَٰفِلُونَ",
    "tr": "লিতুনযিরা কাওমাম্মাউনযিরা আ-বাউহুম ফাহুম গা-ফিলূন।",
    "bn_haque": "যেন তুমি সতর্ক করতে পার সেই জাতিকে যাদের পিতৃপুরুষদের সতর্ক করা হয় নি, যার ফলে তারা অজ্ঞ রয়ে গেছে।",
    "bn_muhi": "যাতে আপনি এমন এক জাতিকে সতর্ক করেন, যাদের পূর্ব পুরুষগণকেও সতর্ক করা হয়নি। ফলে তারা গাফেল।",
    "en": "That you may warn a people whose forefathers were not warned, so they are unaware."
  },
  {
    "id": 7,
    "ar": "لَقَدْ حَقَّ ٱلْقَوْلُ عَلَىٰٓ أَكْثَرِهِمْ فَهُمْ لَا يُؤْمِنُونَ",
    "tr": "লাকাদ হাক্কাল কাওলু‘আলাআকছারিহিম ফাহুম লা-ইউ’মিনূন।",
    "bn_haque": "সুনিশ্চিত যে বক্তব্যটি তাদের অনেকের সন্বন্ধে সত্য প্রতিপন্ন হয়েছে, তাই তারা বিশ্বাস করছে না।",
    "bn_muhi": "তাদের অধিকাংশের জন্যে শাস্তির বিষয় অবধারিত হয়েছে। সুতরাং তারা বিশ্বাস স্থাপন করবে না।",
    "en": "Already the word has come into effect upon most of them, so they do not believe."
  },
  {
    "id": 8,
    "ar": "إِنَّا جَعَلْنَا فِىٓ أَعْنَٰقِهِمْ أَغْلَٰلًا فَهِىَ إِلَى ٱلْأَذْقَانِ فَهُم مُّقْمَحُونَ",
    "tr": "ইন্না- জা‘আলনা-ফী আ‘না-কিহিম আগলা-লান ফাহিয়া ইলাল আযকা-নি ফাহুম মুকমাহূন।",
    "bn_haque": "আমরা নিশ্চয় তাদের গলায় বেড়ি পরিয়ে দিয়েছি, আর তা পৌঁছেছে চিবুক পর্যন্ত, ফলে তারা মাথা চড়ানো অবস্থায় রয়েছে।",
    "bn_muhi": "আমি তাদের গর্দানে চিবুক পর্যন্ত বেড়ী পরিয়েছি। ফলে তাদের মস্তক উর্দ্ধমুখী হয়ে গেছে।",
    "en": "Indeed, We have put shackles on their necks, and they are to their chins, so they are with heads [kept] aloft."
  },
  {
    "id": 9,
    "ar": "وَجَعَلْنَا مِنۢ بَيْنِ أَيْدِيهِمْ سَدًّا وَمِنْ خَلْفِهِمْ سَدًّا فَأَغْشَيْنَٰهُمْ فَهُمْ لَا يُبْصِرُونَ",
    "tr": "ওয়া জা‘আল না-মিম বাইনি আইদীহিম ছাদ্দাওঁ ওয়া মিন খালফিহিম ছাদ্দান ফাআগশাইনা-হুম ফাহুম লা-ইউবসিরূন।",
    "bn_haque": "আর আমরা তাদের সামনে স্থাপন করেছি এক বেড়া আর তাদের পেছনেও এক বেড়া, ফলে আমরা তাদের ঢেকে ফেলেছি, সুতরাং তারা দেখতে পায় না।",
    "bn_muhi": "আমি তাদের সামনে ও পিছনে প্রাচীর স্থাপন করেছি, অতঃপর তাদেরকে আবৃত করে দিয়েছি, ফলে তারা দেখে না।",
    "en": "And We have put before them a barrier and behind them a barrier and covered them, so they do not see."
  },
  {
    "id": 10,
    "ar": "وَسَوَآءٌ عَلَيْهِمْ ءَأَنذَرْتَهُمْ أَمْ لَمْ تُنذِرْهُمْ لَا يُؤْمِنُونَ",
    "tr": "ওয়া ছাওয়াউন ‘আলাইহিম আ আনযারতাহুম আম লাম তুনযিরহুম লা-ইউ’মিনূন।",
    "bn_haque": "এটি তাদের কাছে একাকার -- তুমি তাদের সতর্ক কর অথবা তুমি তাদের সতর্ক নাই কর, তারা বিশ্বাস করবে না।",
    "bn_muhi": "আপনি তাদেরকে সতর্ক করুন বা না করুন, তাদের পক্ষে দুয়েই সমান; তারা বিশ্বাস স্থাপন করবে না।",
    "en": "And it is all the same for them whether you warn them or do not warn them - they will not believe."
  },
  {
    "id": 11,
    "ar": "إِنَّمَا تُنذِرُ مَنِ ٱتَّبَعَ ٱلذِّكْرَ وَخَشِىَ ٱلرَّحْمَٰنَ بِٱلْغَيْبِ فَبَشِّرْهُ بِمَغْفِرَةٍ وَأَجْرٍ كَرِيمٍ",
    "tr": "ইন্নামা-তুনযিরু মানিত্তাবা‘আযযিকরা ওয়া খাশিয়াররাহমা-না বিলগাইবি ফাবাশশিরহু বিমাগফিরাতিওঁ ওয়া আজরিন কারীম।",
    "bn_haque": "নিঃসন্দেহ তুমি তো সতর্ক করতে পার তাকে যে উপদেশ অনুসরণ করে চলে, আর পরম করুণাময়কে নিভৃতে ভয় করে। সুতরাং তাকে তুমি সুসংবাদ দাও পরিত্রাণের এবং এক মহান প্রতিদানের।",
    "bn_muhi": "আপনি কেবল তাদেরকেই সতর্ক করতে পারেন, যারা উপদেশ অনুসরণ করে এবং দয়াময় আল্লাহকে না দেখে ভয় করে। অতএব আপনি তাদেরকে সুসংবাদ দিয়ে দিন ক্ষমা ও সম্মানজনক পুরস্কারের।",
    "en": "You can only warn one who follows the message and fears the Most Merciful unseen. So give him good tidings of forgiveness and noble reward."
  },
  {
    "id": 12,
    "ar": "إِنَّا نَحْنُ نُحْىِ ٱلْمَوْتَىٰ وَنَكْتُبُ مَا قَدَّمُوا۟ وَءَاثَٰرَهُمْ وَكُلَّ شَىْءٍ أَحْصَيْنَٰهُ فِىٓ إِمَامٍ مُّبِينٍ",
    "tr": "ইন্না-নাহনুনুহয়িল মাওতা-ওয়া নাকতুবুমা-কাদ্দামূওয়া আ-ছা-রাহুম ওয়া কুল্লা শাইয়িন আহসাইনা-হু ফীইমা-মিম মুবীন।",
    "bn_haque": "নিঃসন্দেহ আমরা -- আমরা নিজেরাই মৃতকে জীবন্ত করি, আর আমরা লিখে রাখি যা তারা আগবাড়ায় আর তাদের পদচিহ্নসমূহ। আর সমস্ত ব্যাপার-স্যাপার -- আমরা তা সংরক্ষিত রেখেছি এক সুস্পষ্ট গ্রন্থে।",
    "bn_muhi": "আমিই মৃতদেরকে জীবিত করি এবং তাদের কর্ম ও কীর্তিসমূহ লিপিবদ্ধ করি। আমি প্রত্যেক বস্তু স্পষ্ট কিতাবে সংরক্ষিত রেখেছি।",
    "en": "Indeed, it is We who bring the dead to life and record what they have put forth and what they left behind, and all things We have enumerated in a clear register."
  },
  {
    "id": 13,
    "ar": "وَٱضْرِبْ لَهُم مَّثَلًا أَصْحَٰبَ ٱلْقَرْيَةِ إِذْ جَآءَهَا ٱلْمُرْسَلُونَ",
    "tr": "ওয়াদরিব লাহুম মাছালান আসহা-বাল কারইয়াহ । ইযজাআহাল মুরছালূন।",
    "bn_haque": "আর তাদের জন্য উপমা ছোঁড়ো এক জনপদের অধিবাসীদের -- যখন সেখানে রসূলগণ এসেছিলেন।",
    "bn_muhi": "আপনি তাদের কাছে সে জনপদের অধিবাসীদের দৃষ্টান্ত বর্ণনা করুন, যখন সেখানে রসূল আগমন করেছিলেন।",
    "en": "And present to them an example: the people of the city, when the messengers came to it -"
  },
  {
    "id": 14,
    "ar": "إِذْ أَرْسَلْنَآ إِلَيْهِمُ ٱثْنَيْنِ فَكَذَّبُوهُمَا فَعَزَّزْنَا بِثَالِثٍ فَقَالُوٓا۟ إِنَّآ إِلَيْكُم مُّرْسَلُونَ",
    "tr": "ইয আরছালনা ইলাইহিমুছনাইনি ফাকাযযাবূহুমা-ফা‘আঝঝাঝনা-বিছা-লিছিন ফাক্বলূইন্নাইলাইকুম মুরছালূন।",
    "bn_haque": "দেখো! আমরা তাদের কাছে দুজনকে পাঠিয়েছিলাম, কিন্তু তারা এদের দুজনেরই প্রতি মিথ্যারোপ করেছিল, তখন আমরা তৃতীয় জনকে দিয়ে শক্তিবৃদ্ধি করি। সুতরাং তাঁরা বলেছিলেন -- \"নিঃসন্দেহ তোমাদের কাছে আমরা প্রেরিত হয়েছি।\"",
    "bn_muhi": "আমি তাদের নিকট দুজন রসূল প্রেরণ করেছিলাম, অতঃপর ওরা তাদেরকে মিথ্যা প্রতিপন্ন করল। তখন আমি তাদেরকে শক্তিশালী করলাম তৃতীয় একজনের মাধ্যমে। তারা সবাই বলল, আমরা তোমাদের প্রতি প্রেরিত হয়েছি।",
    "en": "When We sent to them two but they denied them, so We strengthened them with a third, and they said, \"Indeed, we are messengers to you.\""
  },
  {
    "id": 15,
    "ar": "قَالُوا۟ مَآ أَنتُمْ إِلَّا بَشَرٌ مِّثْلُنَا وَمَآ أَنزَلَ ٱلرَّحْمَٰنُ مِن شَىْءٍ إِنْ أَنتُمْ إِلَّا تَكْذِبُونَ",
    "tr": "কা-লূমাআনতুম ইল্লা-বাশারুম মিছলুনা- ওয়ামাআনঝালাররাহমা-নুমিনশাইয়িন ইন আনতুম ইল্লা-তাকযিবূন।",
    "bn_haque": "তারা বলেছিল -- \"তোমরা তো আমাদের ন্যায় মানুষ ছাড়া আর কিছু নও, আর পরম করুণাময় কোনো কিছুই অবতারণ করেন নি, তোমরা তো কেবল মিথ্যা কথা বলছ।\"",
    "bn_muhi": "তারা বলল, তোমরা তো আমাদের মতই মানুষ, রহমান আল্লাহ কিছুই নাযিল করেননি। তোমরা কেবল মিথ্যাই বলে যাচ্ছ।",
    "en": "They said, \"You are not but human beings like us, and the Most Merciful has not revealed a thing. You are only telling lies.\""
  },
  {
    "id": 16,
    "ar": "قَالُوا۟ رَبُّنَا يَعْلَمُ إِنَّآ إِلَيْكُمْ لَمُرْسَلُونَ",
    "tr": "কা-লূরাব্বুনা-ইয়া‘লামুইন্না-ইলাইকুম লামুরছালূন।",
    "bn_haque": "তাঁরা বলেছিলেন -- \"আমাদের প্রভু জানেন যে আমরা নিশ্চয়ই তোমাদের কাছে প্রেরিতপুরুষই বটে।",
    "bn_muhi": "রাসূলগণ বলল, আমাদের পরওয়ারদেগার জানেন, আমরা অবশ্যই তোমাদের প্রতি প্রেরিত হয়েছি।",
    "en": "They said, \"Our Lord knows that we are messengers to you,"
  },
  {
    "id": 17,
    "ar": "وَمَا عَلَيْنَآ إِلَّا ٱلْبَلَٰغُ ٱلْمُبِينُ",
    "tr": "ওয়ামা-‘আলাইনাইল্লাল বালা-গুল মুবীন।",
    "bn_haque": "আর আমাদের উপরে হচ্ছে স্পষ্টভাবে পৌঁছে দেওয়া ছাড়া অন্য কিছু নয়।",
    "bn_muhi": "পরিস্কারভাবে আল্লাহর বাণী পৌছে দেয়াই আমাদের দায়িত্ব।",
    "en": "And we are not responsible except for clear notification.\""
  },
  {
    "id": 18,
    "ar": "قَالُوٓا۟ إِنَّا تَطَيَّرْنَا بِكُمْ لَئِن لَّمْ تَنتَهُوا۟ لَنَرْجُمَنَّكُمْ وَلَيَمَسَّنَّكُم مِّنَّا عَذَابٌ أَلِيمٌ",
    "tr": "কা-লূইন্না-তাতাইয়ারনা বিকুম লাইল্লাম তানতাহূলানারজুমান্নাকুম ওয়ালাইয়ামাছছান্নাকুম মিন্না-‘আযা-বুন আলীম।",
    "bn_haque": "তারা বললে, \"তোমাদের থেকে আমরা অবশ্যই অমঙ্গল আশঙ্কা করি, যদি তোমরা বিরত না হও তবে আমরা অবশ্যই তোমাদের পাথর মেরে মেরে ফেলব, আর আমাদের থেকে মর্মন্তুদ শাস্তি তোমাদের স্পর্শ করবে।\"",
    "bn_muhi": "তারা বলল, আমরা তোমাদেরকে অশুভ-অকল্যাণকর দেখছি। যদি তোমরা বিরত না হও, তবে অবশ্যই তোমাদেরকে প্রস্তর বর্ষণে হত্যা করব এবং আমাদের পক্ষ থেকে তোমাদেরকে যন্ত্রনাদায়ক শাস্তি স্পর্শ করবে।",
    "en": "They said, \"Indeed, we consider you a bad omen. If you do not desist, we will surely stone you, and there will surely touch you, from us, a painful punishment.\""
  },
  {
    "id": 19,
    "ar": "قَالُوا۟ طَٰٓئِرُكُم مَّعَكُمْ أَئِن ذُكِّرْتُم بَلْ أَنتُمْ قَوْمٌ مُّسْرِفُونَ",
    "tr": "কা-লূতাইরুকুম মা‘আকুম আইন যুক্কিরতুম বাল আনতুম কাওমুম মুছরিফূন।",
    "bn_haque": "তাঁরা বললেন, \"তোমাদের পাখিগুলো তোমাদের সঙ্গেই রয়েছে। তোমাদের তো স্মরণ করিয়ে দেয়া হয়েছে! বস্তুতঃ তোমরা হচ্ছ অমিতাচারী জাতি।",
    "bn_muhi": "রসূলগণ বলল, তোমাদের অকল্যাণ তোমাদের সাথেই! এটা কি এজন্যে যে, আমরা তোমাদেরকে সদুপদেশ দিয়েছি? বস্তুতঃ তোমরা সীমা লংঘনকারী সম্প্রদায় বৈ নও।",
    "en": "They said, \"Your omen is with yourselves. Is it because you were reminded? Rather, you are a transgressing people.\""
  },
  {
    "id": 20,
    "ar": "وَجَآءَ مِنْ أَقْصَا ٱلْمَدِينَةِ رَجُلٌ يَسْعَىٰ قَالَ يَٰقَوْمِ ٱتَّبِعُوا۟ ٱلْمُرْسَلِينَ",
    "tr": "ওয়াজাআ মিন আকসাল মাদীনাতি রাজুলুইঁ ইয়াছ‘আ- কা-লা ইয়াকাওমিত্তাবি‘উল মুরছালীন।",
    "bn_haque": "আর শহরের দূর প্রান্ত থেকে একজন লোক দেড়ে এল, সে বললে -- \"হে আমার স্বজাতি! প্রেরিতপুরুষগণকে অনুসরণ করো, --",
    "bn_muhi": "অতঃপর শহরের প্রান্তভাগ থেকে এক ব্যক্তি দৌড়ে এল। সে বলল, হে আমার সম্প্রদায় তোমরা রসূলগণের অনুসরণ কর।",
    "en": "And there came from the farthest end of the city a man, running. He said, \"O my people, follow the messengers."
  },
  {
    "id": 21,
    "ar": "ٱتَّبِعُوا۟ مَن لَّا يَسْـَٔلُكُمْ أَجْرًا وَهُم مُّهْتَدُونَ",
    "tr": "ইত্তাবি‘ঊ মাল্লা-ইয়াছআলুকুম আজরাওঁ ওয়া হুম মুহতাদূন।",
    "bn_haque": "অনুসরণ করো তাঁদের যারা তোমাদের কাছ থেকে কোনো পারিশ্রমিকের সওয়াল করেন না, আর তাঁরা হচ্ছেন সৎপথে চালিত।",
    "bn_muhi": "অনুসরণ কর তাদের, যারা তোমাদের কাছে কোন বিনিময় কামনা করে না, অথচ তারা সুপথ প্রাপ্ত।",
    "en": "Follow those who do not ask of you [any] payment, and they are [rightly] guided."
  },
  {
    "id": 22,
    "ar": "وَمَا لِىَ لَآ أَعْبُدُ ٱلَّذِى فَطَرَنِى وَإِلَيْهِ تُرْجَعُونَ",
    "tr": "ওয়া মা-লিয়া লাআ‘বুদুল্লাযী ফাতারানী ওয়া ইলাইহি তুর জা‘উন।",
    "bn_haque": "\"আর আমার কি হয়েছে যে আমি তাঁর উপাসনা করব না, যিনি আমাকে সৃজন করেছেন, আর তাঁরই কাছে তোমাদের ফিরিয়ে নেয়া হবে?",
    "bn_muhi": "আমার কি হল যে, যিনি আমাকে সৃষ্টি করেছেন এবং যার কাছে তোমরা প্রত্যাবর্তিত হবে, আমি তাঁর এবাদত করব না?",
    "en": "And why should I not worship He who created me and to whom you will be returned?"
  },
  {
    "id": 23,
    "ar": "ءَأَتَّخِذُ مِن دُونِهِۦٓ ءَالِهَةً إِن يُرِدْنِ ٱلرَّحْمَٰنُ بِضُرٍّ لَّا تُغْنِ عَنِّى شَفَٰعَتُهُمْ شَيْـًٔا وَلَا يُنقِذُونِ",
    "tr": "আআত্তাখিযুমিন দুনিহীআ-লিহাতান ইয়ঁইউরিদনির রাহমা-নুবিদু ররিল লা-তুগনি ‘আন্নী শাফা-‘আতুহুম শাইআওঁ ওয়ালা-ইউনকিযূন।",
    "bn_haque": "\"আমি কি তাঁকে বাদ দিয়ে অন্য উপাস্যদের গ্রহণ করব, পরম করুণাময় যদি আমাকে দুঃখ-দুর্দশা দিতে চাইতেন তবে তাদের সুপারিশ আমার কোনো কাজে আসবে না, আর তারা আমাকে উদ্ধার করতেও পারবে না?",
    "bn_muhi": "আমি কি তাঁর পরিবর্তে অন্যান্যদেরকে উপাস্যরূপে গ্রহণ করব? করুণাময় যদি আমাকে কষ্টে নিপতিত করতে চান, তবে তাদের সুপারিশ আমার কোনই কাজে আসবে না এবং তারা আমাকে রক্ষাও করতে পারবে না।",
    "en": "Should I take other than Him [false] deities [while], if the Most Merciful intends for me some adversity, their intercession will not avail me at all, nor can they save me?"
  },
  {
    "id": 24,
    "ar": "إِنِّىٓ إِذًا لَّفِى ضَلَٰلٍ مُّبِينٍ",
    "tr": "ইন্নী ইযাল্লাফী দালা-লিম্মুবীন।",
    "bn_haque": "\"এমন ক্ষেত্রে আমি তো নিশ্চয় স্পষ্ট ভুলের মধ্যে পড়ব।",
    "bn_muhi": "এরূপ করলে আমি প্রকাশ্য পথভ্রষ্টতায় পতিত হব।",
    "en": "Indeed, I would then be in manifest error."
  },
  {
    "id": 25,
    "ar": "إِنِّىٓ ءَامَنتُ بِرَبِّكُمْ فَٱسْمَعُونِ",
    "tr": "ইন্নীআ-মানতুবিরাব্বিকুম ফাছমা‘ঊন।",
    "bn_haque": "আমি আলবৎ তোমাদের প্রভুর প্রতি ঈমান এনেছি, সেজন্য আমার কথা শোনো।",
    "bn_muhi": "আমি নিশ্চিতভাবে তোমাদের পালনকর্তার প্রতি বিশ্বাস স্থাপন করলাম। অতএব আমার কাছ থেকে শুনে নাও।",
    "en": "Indeed, I have believed in your Lord, so listen to me.\""
  },
  {
    "id": 26,
    "ar": "قِيلَ ٱدْخُلِ ٱلْجَنَّةَ قَالَ يَٰلَيْتَ قَوْمِى يَعْلَمُونَ",
    "tr": "কীলাদ খুলিল জান্নাতা কা-লা ইয়া-লাইতা কাওমী ইয়া‘লামূন।",
    "bn_haque": "বলা হলো -- \"জান্নাতে প্রবেশ কর।\" তিনি বললেন -- \"হায় আফসোস! আমার স্বজাতি যদি জানতে পারত, --",
    "bn_muhi": "তাকে বলা হল, জান্নাতে প্রবেশ কর। সে বলল হায়, আমার সম্প্রদায় যদি কোন ক্রমে জানতে পারত-",
    "en": "It was said, \"Enter Paradise.\" He said, \"I wish my people could know"
  },
  {
    "id": 27,
    "ar": "بِمَا غَفَرَ لِى رَبِّى وَجَعَلَنِى مِنَ ٱلْمُكْرَمِينَ",
    "tr": "বিমা-গাফারালী রাববী ওয়া জা‘আলানী মিনাল মুকরামীন।",
    "bn_haque": "কি কারণে আমার প্রভু আমাকে পরিত্রাণ করেছেন, আর আমাকে সম্মানিতদের অন্তর্ভুক্ত করেছেন।",
    "bn_muhi": "যে আমার পরওয়ারদেগার আমাকে ক্ষমা করেছেন এবং আমাকে সম্মানিতদের অন্তর্ভুক্ত করেছেন।",
    "en": "Of how my Lord has forgiven me and placed me among the honored.\""
  },
  {
    "id": 28,
    "ar": "وَمَآ أَنزَلْنَا عَلَىٰ قَوْمِهِۦ مِنۢ بَعْدِهِۦ مِن جُندٍ مِّنَ ٱلسَّمَآءِ وَمَا كُنَّا مُنزِلِينَ",
    "tr": "ওয়ামাআনঝালনা-‘আলা-কাওমিহী মিম বা‘দিহী মিন জুনদিম মিনাছ ছামাইওয়ামা-কুন্নামুনঝিলীন।",
    "bn_haque": "আর তাঁর পরে তাঁর লোকদের প্রতি আমরা আকাশ থেকে কোনো বাহিনী পাঠাই নি, আর আমরা কখনো প্রেরণকারী নই।",
    "bn_muhi": "তারপর আমি তার সম্প্রদায়ের উপর আকাশ থেকে কোন বাহিনী অবতীর্ণ করিনি এবং আমি (বাহিনী) অবতরণকারীও না।",
    "en": "And We did not send down upon his people after him any soldiers from the heaven, nor would We have done so."
  },
  {
    "id": 29,
    "ar": "إِن كَانَتْ إِلَّا صَيْحَةً وَٰحِدَةً فَإِذَا هُمْ خَٰمِدُونَ",
    "tr": "ইন কা-নাত ইল্লা-সাইহাতাওঁ ওয়া-হিদাতান ফাইযা-হুম খা-মিদূন।",
    "bn_haque": "এটি অবশ্য একটিমাত্র মহাগর্জন বৈ তো নয়, তখন দেখো, তারা নিথরদেহী হয়ে গেল!",
    "bn_muhi": "বস্তুতঃ এ ছিল এক মহানাদ। অতঃপর সঙ্গে সঙ্গে সবাই স্তদ্ধ হয়ে গেল।",
    "en": "It was not but one shout, and immediately they were extinguished."
  },
  {
    "id": 30,
    "ar": "يَٰحَسْرَةً عَلَى ٱلْعِبَادِ مَا يَأْتِيهِم مِّن رَّسُولٍ إِلَّا كَانُوا۟ بِهِۦ يَسْتَهْزِءُونَ",
    "tr": "ইয়া-হাছরাতান ‘আলাল ‘ইবা-দি মা-ইয়া’তীহিম মির রাছূলিন ইল্লা-কা-নূবিহী ইয়াছতাহঝিউন।",
    "bn_haque": "হায় আফসোস বান্দাদের জন্য! তাদের কাছে এমন কোনো রসূল আসেন নি যাঁকে নিয়ে তারা ঠাট্টা-বিদ্রূপ না করেছে!",
    "bn_muhi": "বান্দাদের জন্যে আক্ষেপ যে, তাদের কাছে এমন কোন রসূলই আগমন করেনি যাদের প্রতি তারা বিদ্রুপ করে না।",
    "en": "How regretful for the servants. There did not come to them any messenger except that they used to ridicule him."
  },
  {
    "id": 31,
    "ar": "أَلَمْ يَرَوْا۟ كَمْ أَهْلَكْنَا قَبْلَهُم مِّنَ ٱلْقُرُونِ أَنَّهُمْ إِلَيْهِمْ لَا يَرْجِعُونَ",
    "tr": "আলাম ইয়ারাও কাম আহলাকনা- কাবলাহুম মিনাল কুরূনি আন্নাহুম ইলাইহিম লাইয়ারজি‘উন।",
    "bn_haque": "তারা কি দেখে নি তাদের পূর্বে কত মানবগোষ্ঠীকে আমরা ধ্বংস করেছি, কেননা তারা তাঁদের প্রতি ফিরতো না?",
    "bn_muhi": "তারা কি প্রত্যক্ষ করে না, তাদের পূর্বে আমি কত সম্প্রদায়কে ধ্বংস করেছি যে, তারা তাদের মধ্যে আর ফিরে আসবে না।",
    "en": "Have they not considered how many generations We destroyed before them - that they to them will not return?"
  },
  {
    "id": 32,
    "ar": "وَإِن كُلٌّ لَّمَّا جَمِيعٌ لَّدَيْنَا مُحْضَرُونَ",
    "tr": "ওয়া ইন কুল্লুল লাম্মা-জামী‘উল লাদাইনা-মুহদারূন।",
    "bn_haque": "আর নিশ্চয়ই সবাইকে, -- আলবৎ সব ক’জনকে, আমাদের সামনে হাজির করা হবে।",
    "bn_muhi": "ওদের সবাইকে সমবেত অবস্থায় আমার দরবারে উপস্থিত হতেই হবে।",
    "en": "And indeed, all of them will yet be brought present before Us."
  },
  {
    "id": 33,
    "ar": "وَءَايَةٌ لَّهُمُ ٱلْأَرْضُ ٱلْمَيْتَةُ أَحْيَيْنَٰهَا وَأَخْرَجْنَا مِنْهَا حَبًّا فَمِنْهُ يَأْكُلُونَ",
    "tr": "ওয়া আ-য়াতুল লাহুমুল আরদুল মাইতাতু আহইয়াইনা-হা-ওয়াআখরাজনা-মিনহাহাব্বান ফামিনহু ইয়া’কুলূন।",
    "bn_haque": "আর তাদের জন্য একটি নিদর্শন হচ্ছে মৃত ভূখন্ড, আমরা তাতে প্রাণ সঞ্চার করি, আর তা থেকে উৎপন্ন করি শস্য, ফলে সেটি থেকে তারা আহার করে।",
    "bn_muhi": "তাদের জন্যে একটি নিদর্শন মৃত পৃথিবী। আমি একে সঞ্জীবিত করি এবং তা থেকে উৎপন্ন করি শস্য, তারা তা থেকে ভক্ষণ করে।",
    "en": "And a sign for them is the dead earth. We have brought it to life and brought forth from it grain, and from it they eat."
  },
  {
    "id": 34,
    "ar": "وَجَعَلْنَا فِيهَا جَنَّٰتٍ مِّن نَّخِيلٍ وَأَعْنَٰبٍ وَفَجَّرْنَا فِيهَا مِنَ ٱلْعُيُونِ",
    "tr": "ওয়া জা‘আল না-ফীহা-জান্না-তিম মিন নাখীলিওঁ ওয়া আ‘না-বিও ওয়া ফাজ্জারনা-ফীহামিনাল ‘উইঊন।",
    "bn_haque": "আর আমরা তাতে বানিয়েছি খেজুর ও আঙুরের বাগানসমূহ, আর তার মাঝে আমরা উৎসারিত করি প্রস্রবণ,",
    "bn_muhi": "আমি তাতে সৃষ্টি করি খেজুর ও আঙ্গুরের বাগান এবং প্রবাহিত করি তাতে নির্ঝরিণী।",
    "en": "And We placed therein gardens of palm trees and grapevines and caused to burst forth therefrom some springs -"
  },
  {
    "id": 35,
    "ar": "لِيَأْكُلُوا۟ مِن ثَمَرِهِۦ وَمَا عَمِلَتْهُ أَيْدِيهِمْ أَفَلَا يَشْكُرُونَ",
    "tr": "লিইয়া’কুলূমিন ছামারিহী ওয়ামা-‘আমিলাতহু আইদীহিম আফালা-ইয়াশকুরূন।",
    "bn_haque": "যেন তারা এর ফলমূল থেকে আহার করতে পারে, অথচ তাদের হাতে এটি বানায় নি। তবু কি তারা কৃতজ্ঞতা প্রকাশ করবে না?",
    "bn_muhi": "যাতে তারা তার ফল খায়। তাদের হাত একে সৃষ্টি করে না। অতঃপর তারা কৃতজ্ঞতা প্রকাশ করে না কেন?",
    "en": "That they may eat of His fruit. And their hands have not produced it, so will they not be grateful?"
  },
  {
    "id": 36,
    "ar": "سُبْحَٰنَ ٱلَّذِى خَلَقَ ٱلْأَزْوَٰجَ كُلَّهَا مِمَّا تُنۢبِتُ ٱلْأَرْضُ وَمِنْ أَنفُسِهِمْ وَمِمَّا لَا يَعْلَمُونَ",
    "tr": "ছুবহা-নাল্লাযী খালাকাল আঝাওয়া-জা কুল্লাহা- মিম্মা-তুমবিতুলআরদুওয়া মিন আনফুছিহিম ওয়া মিম্মা-লা-ইয়া‘লামূন।",
    "bn_haque": "সকল মহিমা তাঁর যিনি জোড়ায়-জোড়ায় সৃষ্টি করেছেন -- পৃথিবী যা উৎপাদন করে তার মধ্যের সব-কিছু, আর তাদের নিজেদের মধ্যেও, আর তারা যার কথা জানে না তাদের মধ্যেও।",
    "bn_muhi": "পবিত্র তিনি যিনি যমীন থেকে উৎপন্ন উদ্ভিদকে, তাদেরই মানুষকে এবং যা তারা জানে না, তার প্রত্যেককে জোড়া জোড়া করে সৃষ্টি করেছেন।",
    "en": "Exalted is He who created all pairs - from what the earth grows and from themselves and from that which they do not know."
  },
  {
    "id": 37,
    "ar": "وَءَايَةٌ لَّهُمُ ٱلَّيْلُ نَسْلَخُ مِنْهُ ٱلنَّهَارَ فَإِذَا هُم مُّظْلِمُونَ",
    "tr": "ওয়া আ-য়াতুল্লাহুমুল্লাইলু নাছলাখুমিনহুন্নাহা-রা ফাইযা-হুম মুজলিমূন।",
    "bn_haque": "আর তাদের কাছে একটি নিদর্শন হচ্ছে রাত্রি, তা থেকে আমরা বের করে আনি দিনকে, তারপর দেখো! তারা অন্ধকারাচ্ছন্ন হয়ে থাকে!",
    "bn_muhi": "তাদের জন্যে এক নিদর্শন রাত্রি, আমি তা থেকে দিনকে অপসারিত করি, তখনই তারা অন্ধকারে থেকে যায়।",
    "en": "And a sign for them is the night. We remove from it [the light of] day, so they are [left] in darkness."
  },
  {
    "id": 38,
    "ar": "وَٱلشَّمْسُ تَجْرِى لِمُسْتَقَرٍّ لَّهَا ذَٰلِكَ تَقْدِيرُ ٱلْعَزِيزِ ٱلْعَلِيمِ",
    "tr": "ওয়াশশামছুতাজরী লিমুছতাকাররিল লাহা- যা-লিকা তাকদীরুল ‘আঝীঝিল ‘আলীম।",
    "bn_haque": "আর সূর্য তার গন্তব্য পথে বিচরণ করে। এটিই মহাশক্তিশালী সর্বজ্ঞাতার নির্ধারিত বিধান।",
    "bn_muhi": "সূর্য তার নির্দিষ্ট অবস্থানে আবর্তন করে। এটা পরাক্রমশালী, সর্বজ্ঞ, আল্লাহর নিয়ন্ত্রণ।",
    "en": "And the sun runs [on course] toward its stopping point. That is the determination of the Exalted in Might, the Knowing."
  },
  {
    "id": 39,
    "ar": "وَٱلْقَمَرَ قَدَّرْنَٰهُ مَنَازِلَ حَتَّىٰ عَادَ كَٱلْعُرْجُونِ ٱلْقَدِيمِ",
    "tr": "ওয়াল কামারা কাদ্দারনা-হু মানা-ঝিলা হাত্তা-‘আ-দাকাল ‘উরজুনিল কাদীম।",
    "bn_haque": "আর চন্দ্রের বেলা -- আমরা এর জন্য বিধান করেছি বিভিন্ন অবস্থান, শেষপর্যন্ত তা শুকনো পুরোনো খেজুরবৃন্তের ন্যায় হয়ে যায়।",
    "bn_muhi": "চন্দ্রের জন্যে আমি বিভিন্ন মনযিল নির্ধারিত করেছি। অবশেষে সে পুরাতন খর্জুর শাখার অনুরূপ হয়ে যায়।",
    "en": "And the moon - We have determined for it phases, until it returns [appearing] like the old date stalk."
  },
  {
    "id": 40,
    "ar": "لَا ٱلشَّمْسُ يَنۢبَغِى لَهَآ أَن تُدْرِكَ ٱلْقَمَرَ وَلَا ٱلَّيْلُ سَابِقُ ٱلنَّهَارِ وَكُلٌّ فِى فَلَكٍ يَسْبَحُونَ",
    "tr": "লাশশামছুইয়ামবাগী লাহাআন তুদরিকাল কামারা ওয়ালাল্লাইলুছা-বিকুন্নাহা-রি ওয়া কুল্লুন ফী ফালাকিইঁ ইয়াছবাহূন।",
    "bn_haque": "সূর্যের নিজের সাধ্য নেই চন্দ্রকে ধরার, আর রাতেরও নেই দিনকে অতিক্রম করার। আর সবক’টিই কক্ষপথে ভাসছে।",
    "bn_muhi": "সূর্য নাগাল পেতে পারে না চন্দ্রের এবং রাত্রি অগ্রে চলে না দিনের প্রত্যেকেই আপন আপন কক্ষপথে সন্তরণ করে।",
    "en": "It is not allowable for the sun to reach the moon, nor does the night overtake the day, but each, in an orbit, is swimming."
  },
  {
    "id": 41,
    "ar": "وَءَايَةٌ لَّهُمْ أَنَّا حَمَلْنَا ذُرِّيَّتَهُمْ فِى ٱلْفُلْكِ ٱلْمَشْحُونِ",
    "tr": "ওয়া আ-য়াতুল লাহুম আন্না-হামালনা-যুররিইয়াতাহুম ফিল ফুলকিল মাশহূন।",
    "bn_haque": "আর তাদের জন্য একটি নিদর্শন হচ্ছে এই যে আমরা তাদের সন্তান-সন্ততিকে বহন করি বোঝাই করা জাহাজে, --",
    "bn_muhi": "তাদের জন্যে একটি নিদর্শন এই যে, আমি তাদের সন্তান-সন্ততিকে বোঝাই নৌকায় আরোহণ করিয়েছি।",
    "en": "And a sign for them is that We carried their forefathers in a laden ship."
  },
  {
    "id": 42,
    "ar": "وَخَلَقْنَا لَهُم مِّن مِّثْلِهِۦ مَا يَرْكَبُونَ",
    "tr": "ওয়া খালাকনা-লাহুম মিম মিছলিহী মা ইয়ারকাবূন।",
    "bn_haque": "আর তাদের জন্য আমরা বানিয়েছি এগুলোর অনুরূপ অন্যান্য যা তারা চড়বে।",
    "bn_muhi": "এবং তাদের জন্যে নৌকার অনুরূপ যানবাহন সৃষ্টি করেছি, যাতে তারা আরোহণ করে।",
    "en": "And We created for them from the likes of it that which they ride."
  },
  {
    "id": 43,
    "ar": "وَإِن نَّشَأْ نُغْرِقْهُمْ فَلَا صَرِيخَ لَهُمْ وَلَا هُمْ يُنقَذُونَ",
    "tr": "ওয়া ইন নাশা’ নুগরিকহুম ফালা-ছারীখা লাহুম ওয়ালা-হুম ইউনকাযূন।",
    "bn_haque": "আর আমরা যদি ইচ্ছা করি তবে তাদের ডুবিয়েও দিতে পারি, তখন তাদের জন্য কোনো সাহায্যকারী থাকবে না, আর তাদের উদ্ধার করাও হবে না, --",
    "bn_muhi": "আমি ইচ্ছা করলে তাদেরকে নিমজ্জত করতে পারি, তখন তাদের জন্যে কোন সাহায্যকারী নেই এবং তারা পরিত্রাণও পাবে না।",
    "en": "And if We should will, We could drown them; then no one responding to a cry would there be for them, nor would they be saved"
  },
  {
    "id": 44,
    "ar": "إِلَّا رَحْمَةً مِّنَّا وَمَتَٰعًا إِلَىٰ حِينٍ",
    "tr": "ইল্লা-রাহমাতাম মিন্না -ওয়া মাতা-‘আন ইলা-হীন।",
    "bn_haque": "আমাদের থেকে করুণা ব্যতীত, আর কিছুকালের জন্য জীবনোপভোগকরণ মাত্র।",
    "bn_muhi": "কিন্তু আমারই পক্ষ থেকে কৃপা এবং তাদেরকে কিছু কাল জীবনোপভোগ করার সুযোগ দেয়ার কারণে তা করি না।",
    "en": "Except as a mercy from Us and provision for a time."
  },
  {
    "id": 45,
    "ar": "وَإِذَا قِيلَ لَهُمُ ٱتَّقُوا۟ مَا بَيْنَ أَيْدِيكُمْ وَمَا خَلْفَكُمْ لَعَلَّكُمْ تُرْحَمُونَ",
    "tr": "ওয়া ইযা-কীলা লাহুমুত্তাকূ মা- বাইনা আইদীকুম ওয়ামা- খালফাকুম লা‘আল্লাকুম তুরহামূন।",
    "bn_haque": "আর যখন তাদের বলা হয় -- \"ভয় করো যা তোমাদের সামনে রয়েছে আর যা তোমাদের পেছনে রয়েছে, যেন তোমাদের প্রতি করুণা করা হয়।\"",
    "bn_muhi": "আর যখন তাদেরকে বলা হয়, তোমরা সামনের আযাব ও পেছনের আযাবকে ভয় কর, যাতে তোমাদের প্রতি অনুগ্রহ করা হয়, তখন তারা তা অগ্রাহ্য করে।",
    "en": "But when it is said to them, \"Beware of what is before you and what is behind you; perhaps you will receive mercy... \""
  },
  {
    "id": 46,
    "ar": "وَمَا تَأْتِيهِم مِّنْ ءَايَةٍ مِّنْ ءَايَٰتِ رَبِّهِمْ إِلَّا كَانُوا۟ عَنْهَا مُعْرِضِينَ",
    "tr": "ওয়ামা-তা’তীহিম মিন আ-য়াতিম মিন আ-য়া-তি রাব্বিহিম ইল্লা-কা-নূ‘আনহা-মু‘রিদীন।",
    "bn_haque": "আর তাদের প্রভুর বাণীসমূহের মধ্যে থেকে এমন কোনো বাণী তাদের কাছে আসে নি যা থেকে তারা বরাবর ফিরে না গেছে।",
    "bn_muhi": "যখনই তাদের পালনকর্তার নির্দেশাবলীর মধ্যে থেকে কোন নির্দেশ তাদের কাছে আসে, তখনই তারা তা থেকে মুখে ফিরিয়ে নেয়।",
    "en": "And no sign comes to them from the signs of their Lord except that they are from it turning away."
  },
  {
    "id": 47,
    "ar": "وَإِذَا قِيلَ لَهُمْ أَنفِقُوا۟ مِمَّا رَزَقَكُمُ ٱللَّهُ قَالَ ٱلَّذِينَ كَفَرُوا۟ لِلَّذِينَ ءَامَنُوٓا۟ أَنُطْعِمُ مَن لَّوْ يَشَآءُ ٱللَّهُ أَطْعَمَهُۥٓ إِنْ أَنتُمْ إِلَّا فِى ضَلَٰلٍ مُّبِينٍ",
    "tr": "ওয়া ইযা-কীলা লাহুম আনফিকূমিম্মা-রাঝাকাকুমুল্লা-হু কা-লাল্লাযীনা কাফারূ লিল্লাযীনা আমানূ আনুত‘ইমুমাল্লাও ইয়াশাউল্লা-হু আত‘আমাহূ ইন আনতুম ইল্লা-ফী দালা-লিম মুবীন।",
    "bn_haque": "আর যখন তাদের বলা হয় -- \"আল্লাহ্ তোমাদের যা রিযেক দিয়েছেন তা থেকে খরচ করো।\" তখন যারা অবিশ্বাস পোষণ করে তারা বলে তাদের যারা বিশ্বাস করেছে -- \"আমরা কি তাদের খাওয়াব যাদের, আল্লাহ্ যদি চাইতেন তবে তিনিই খাওয়াতে পারতেন? তোমরা স্পষ্ট ভুলের মধ্যে ছাড়া আর কোথাও তো নও।\"",
    "bn_muhi": "যখন তাদেরকে বলা হয়, আল্লাহ তোমাদেরকে যা দিয়েছেন, তা থেকে ব্যয় কর। তখন কাফেররা মুমিনগণকে বলে, ইচ্ছা করলেই আল্লাহ যাকে খাওয়াতে পারতেন, আমরা তাকে কেন খাওয়াব? তোমরা তো স্পষ্ট বিভ্রান্তিতে পতিত রয়েছ।",
    "en": "And when it is said to them, \"Spend from that which Allah has provided for you,\" those who disbelieve say to those who believe, \"Should we feed one whom, if Allah had willed, He would have fed? You are not but in clear error.\""
  },
  {
    "id": 48,
    "ar": "وَيَقُولُونَ مَتَىٰ هَٰذَا ٱلْوَعْدُ إِن كُنتُمْ صَٰدِقِينَ",
    "tr": "ওয়া ইয়াকূলূনা মাতা-হা-যাল ওয়া‘দুইন কনতুম সা-দিকীন।",
    "bn_haque": "আর তারা বলে -- \"সেই ওয়াদা কখন পূর্ণ হবে, যদি তোমরা সত্যবাদী হও?\"",
    "bn_muhi": "তারা বলে, তোমরা সত্যবাদী হলে বল এই ওয়াদা কবে পূর্ণ হবে?",
    "en": "And they say, \"When is this promise, if you should be truthful?\""
  },
  {
    "id": 49,
    "ar": "مَا يَنظُرُونَ إِلَّا صَيْحَةً وَٰحِدَةً تَأْخُذُهُمْ وَهُمْ يَخِصِّمُونَ",
    "tr": "মা-ইয়াংজু রূনা ইল্লা সাইহাতাওঁ ওয়া-হিদাতান তা’খুযুহুম ওয়াহুম ইয়াখিসসিমূন।",
    "bn_haque": "তারা একটিমাত্র মহাগর্জন ছাড়া আর কিছুর অপেক্ষা করছে না, এটি তাদের আঘাত করবে যখন তারা কথা কাটাকাটি করছে।",
    "bn_muhi": "তারা কেবল একটা ভয়াবহ শব্দের অপেক্ষা করছে, যা তাদেরকে আঘাত করবে তাদের পারস্পরিক বাকবিতন্ডাকালে।",
    "en": "They do not await except one blast which will seize them while they are disputing."
  },
  {
    "id": 50,
    "ar": "فَلَا يَسْتَطِيعُونَ تَوْصِيَةً وَلَآ إِلَىٰٓ أَهْلِهِمْ يَرْجِعُونَ",
    "tr": "ফালা-ইয়াছতাতী‘ঊনা তাওছিয়াতাওঁ ওয়ালাইলাআহলিহিম ইয়ারজি‘ঊন।",
    "bn_haque": "তখন তারা ওসিয়ৎ করতেও সমর্থ হবে না, আর তারা তাদের পরিবারবর্গের কাছে ফিরতেও পারবে না।",
    "bn_muhi": "তখন তারা ওছিয়ত করতেও সক্ষম হবে না। এবং তাদের পরিবার-পরিজনের কাছেও ফিরে যেতে পারবে না।",
    "en": "And they will not be able [to give] any instruction, nor to their people can they return."
  },
  {
    "id": 51,
    "ar": "وَنُفِخَ فِى ٱلصُّورِ فَإِذَا هُم مِّنَ ٱلْأَجْدَاثِ إِلَىٰ رَبِّهِمْ يَنسِلُونَ",
    "tr": "ওয়ানুফিখা ফিসসূরি ফাইযা-হুম মিনাল আজদা-ছিইলা-রাব্বিহিম ইয়ানছিলূন।",
    "bn_haque": "আর শিঙায় ফুৎকার দেওয়া হবে, তখন দেখো! তারা কবরগুলো থেকে তাদের প্রভুর দিকে ছুটে আসবে।",
    "bn_muhi": "শিংগায় ফুঁক দেয়া হবে, তখনই তারা কবর থেকে তাদের পালনকর্তার দিকে ছুটে চলবে।",
    "en": "And the Horn will be blown; and at once from the graves to their Lord they will hasten."
  },
  {
    "id": 52,
    "ar": "قَالُوا۟ يَٰوَيْلَنَا مَنۢ بَعَثَنَا مِن مَّرْقَدِنَا هَٰذَا مَا وَعَدَ ٱلرَّحْمَٰنُ وَصَدَقَ ٱلْمُرْسَلُونَ",
    "tr": "কা-লূইয়া-ওয়াইলানা-মাম বা‘আছানা-মিম মারকাদিনা-হা-যা-মাওয়া‘আদার রাহমা-নুওয়া সাদাকাল মুরছালূন।",
    "bn_haque": "তারা বলবে -- \"হায় ধিক্ আমাদের! কে আমাদের উঠিয়ে দিলে আমাদের ঘুমানোর স্থান থেকে? এটিই হচ্ছে যা পরম করুণাময় ওয়াদা করেছিলেন, আর রসূলগণ সত্য কথাই বলেছিলেন।\"",
    "bn_muhi": "তারা বলবে, হায় আমাদের দুর্ভোগ! কে আমাদেরকে নিদ্রাস্থল থেকে উখিত করল? রহমান আল্লাহ তো এরই ওয়াদা দিয়েছিলেন এবং রসূলগণ সত্য বলেছিলেন।",
    "en": "They will say, \"O woe to us! Who has raised us up from our sleeping place?\" [The reply will be], \"This is what the Most Merciful had promised, and the messengers told the truth.\""
  },
  {
    "id": 53,
    "ar": "إِن كَانَتْ إِلَّا صَيْحَةً وَٰحِدَةً فَإِذَا هُمْ جَمِيعٌ لَّدَيْنَا مُحْضَرُونَ",
    "tr": "ইন কা-নাত ইল্লা-সাইহাতাওঁ ওয়া-হিদাতান ফাইযা-হুম জামী‘উল লাদাইনা-মুহদারূন।",
    "bn_haque": "সেটি একটিমাত্র মহাগর্জন বৈ তো নয়, তখন দেখো! তাদের সমবেতভাবে আমাদের সামনে হাজির করা হবে।",
    "bn_muhi": "এটা তো হবে কেবল এক মহানাদ। সে মুহুর্তেই তাদের সবাইকে আমার সামনে উপস্থিত করা হবে।",
    "en": "It will not be but one blast, and at once they are all brought present before Us."
  },
  {
    "id": 54,
    "ar": "فَٱلْيَوْمَ لَا تُظْلَمُ نَفْسٌ شَيْـًٔا وَلَا تُجْزَوْنَ إِلَّا مَا كُنتُمْ تَعْمَلُونَ",
    "tr": "ফালইয়াওমা লা-তুজলামুনাফছুন শাইয়াওঁ ওয়ালা-তুজঝাওনা ইল্লা-মা-কুনতুম তা‘মালূন।",
    "bn_haque": "সুতরাং সেইদিন কোনো লোকের প্রতি কিছুমাত্রও অবিচার করা হবে না, আর তোমরাও যা করে থাকতে তা ছাড়া তোমাদের অন্য প্রতিদান দেওয়া হবে না।",
    "bn_muhi": "আজকের দিনে কারও প্রতি জুলুম করা হবে না এবং তোমরা যা করবে কেবল তারই প্রতিদান পাবে।",
    "en": "So today no soul will be wronged at all, and you will not be recompensed except for what you used to do."
  },
  {
    "id": 55,
    "ar": "إِنَّ أَصْحَٰبَ ٱلْجَنَّةِ ٱلْيَوْمَ فِى شُغُلٍ فَٰكِهُونَ",
    "tr": "ইন্না আসহা-বাল জান্নাতিল ইয়াওমা ফী শুগুলিন ফা-কিহূন।",
    "bn_haque": "নিঃসন্দেহ জান্নাতের বাসিন্দারা সেইদিন আনন্দের মাঝে কালাতিপাত করবে।",
    "bn_muhi": "এদিন জান্নাতীরা আনন্দে মশগুল থাকবে।",
    "en": "Indeed the companions of Paradise, that Day, will be amused in [joyful] occupation -"
  },
  {
    "id": 56,
    "ar": "هُمْ وَأَزْوَٰجُهُمْ فِى ظِلَٰلٍ عَلَى ٱلْأَرَآئِكِ مُتَّكِـُٔونَ",
    "tr": "হুম ওয়া আঝওয়া-জুহুম ফী জিলা-লিন ‘আলাল আরাইকি মুত্তাকিঊন।",
    "bn_haque": "তারা ও তাদের সঙ্গিনীরা স্নিগ্ধ ছায়ায় উঁচু আসনের উপরে হেলান দিয়ে বসবে।",
    "bn_muhi": "তারা এবং তাদের স্ত্রীরা উপবিষ্ট থাকবে ছায়াময় পরিবেশে আসনে হেলান দিয়ে।",
    "en": "They and their spouses - in shade, reclining on adorned couches."
  },
  {
    "id": 57,
    "ar": "لَهُمْ فِيهَا فَٰكِهَةٌ وَلَهُم مَّا يَدَّعُونَ",
    "tr": "লাহুম ফীহা-ফা-কিহাতুওঁ ওয়া লাহুম মা-ইয়াদ্দা‘ঊন।",
    "bn_haque": "তাদের জন্য সেখানে থাকবে ফলফসল, আর তাদের জন্য রইবে যা তারা কামনা করে।",
    "bn_muhi": "সেখানে তাদের জন্যে থাকবে ফল-মূল এবং যা চাইবে।",
    "en": "For them therein is fruit, and for them is whatever they request [or wish]"
  },
  {
    "id": 58,
    "ar": "سَلَٰمٌ قَوْلًا مِّن رَّبٍّ رَّحِيمٍ",
    "tr": "ছালা-মুন কাওলাম মিররাব্বির রাহীম।",
    "bn_haque": "অফুরন্ত ফলদাতা প্রভুর তরফ থেকে সম্ভাষণ হচ্ছে -- \"সালাম\"।",
    "bn_muhi": "করুণাময় পালনকর্তার পক্ষ থেকে তাদেরকে বলা হবে সালাম।",
    "en": "[And] \"Peace,\" a word from a Merciful Lord."
  },
  {
    "id": 59,
    "ar": "وَٱمْتَٰزُوا۟ ٱلْيَوْمَ أَيُّهَا ٱلْمُجْرِمُونَ",
    "tr": "ওয়াম তা-ঝুল ইয়াওমা আইয়ুহাল মুজরিমূন।",
    "bn_haque": "আর \"আজ বিচ্ছিন্ন হয়ে যাও, হে অপরাধিগণ!",
    "bn_muhi": "হে অপরাধীরা! আজ তোমরা আলাদা হয়ে যাও।",
    "en": "[Then He will say], \"But stand apart today, you criminals."
  },
  {
    "id": 60,
    "ar": "أَلَمْ أَعْهَدْ إِلَيْكُمْ يَٰبَنِىٓ ءَادَمَ أَن لَّا تَعْبُدُوا۟ ٱلشَّيْطَٰنَ إِنَّهُۥ لَكُمْ عَدُوٌّ مُّبِينٌ",
    "tr": "আলাম আ‘হাদ ইলাইকুম ইয়া-বানীআ-দামা আল্লা-তা‘বুদুশশাইতা-না ইন্নাহূলাকুম ‘আদুওউম মুবীন।",
    "bn_haque": "\"হে আদম-সন্তানগণ! আমি কি তোমাদের নির্দেশ দিই নি যে তোমরা শয়তানের আরাধনা করবে না, নিঃসন্দেহ সে তোমাদের জন্য প্রকাশ্য শত্রু, --",
    "bn_muhi": "হে বনী-আদম! আমি কি তোমাদেরকে বলে রাখিনি যে, শয়তানের এবাদত করো না, সে তোমাদের প্রকাশ্য শত্রু?",
    "en": "Did I not enjoin upon you, O children of Adam, that you not worship Satan - [for] indeed, he is to you a clear enemy -"
  },
  {
    "id": 61,
    "ar": "وَأَنِ ٱعْبُدُونِى هَٰذَا صِرَٰطٌ مُّسْتَقِيمٌ",
    "tr": "ওয়া আনি‘বুদূ নী হা-যা-সিরা-তুম মুছতাকীম।",
    "bn_haque": "\"বরং তোমরা আমারই উপাসনা করো? এটিই তো শুদ্ধ-সঠিক পথ।",
    "bn_muhi": "এবং আমার এবাদত কর। এটাই সরল পথ।",
    "en": "And that you worship [only] Me? This is a straight path."
  },
  {
    "id": 62,
    "ar": "وَلَقَدْ أَضَلَّ مِنكُمْ جِبِلًّا كَثِيرًا أَفَلَمْ تَكُونُوا۟ تَعْقِلُونَ",
    "tr": "ওয়ালাকাদ আদাল্লা মিনকুম জিবিল্লান কাছীরা- আফালাম তাকূনূতা‘কিলূন।",
    "bn_haque": "\"আর তোমাদের মধ্যের অনেক বড়বড় দলকে সে বিভ্রান্ত করেই ফেলেছে। তবুও কি তোমরা বুঝেসুঝে চলবে না?",
    "bn_muhi": "শয়তান তোমাদের অনেক দলকে পথভ্রষ্ট করেছে। তবুও কি তোমরা বুঝনি?",
    "en": "And he had already led astray from among you much of creation, so did you not use reason?"
  },
  {
    "id": 63,
    "ar": "هَٰذِهِۦ جَهَنَّمُ ٱلَّتِى كُنتُمْ تُوعَدُونَ",
    "tr": "হা-যিহী জাহান্নামুল্লাতী কুনতুম তূ‘আদূন।",
    "bn_haque": "\"এটিই হচ্ছে জাহান্নাম যে-সন্বন্ধে তোমাদের ওয়াদা করা হয়েছিল।",
    "bn_muhi": "এই সে জাহান্নাম, যার ওয়াদা তোমাদেরকে দেয়া হতো।",
    "en": "This is the Hellfire which you were promised."
  },
  {
    "id": 64,
    "ar": "ٱصْلَوْهَا ٱلْيَوْمَ بِمَا كُنتُمْ تَكْفُرُونَ",
    "tr": "ইসলাওহাল ইয়াওমা বিমা-কুনতুম তাকফুরূন।",
    "bn_haque": "এতে তোমরা প্রবেশ করো আজকের দিনে যেহেতু তোমরা অবিশ্বাস করেছিলে।",
    "bn_muhi": "তোমাদের কুফরের কারণে আজ এতে প্রবেশ কর।",
    "en": "[Enter to] burn therein today for what you used to deny.\""
  },
  {
    "id": 65,
    "ar": "ٱلْيَوْمَ نَخْتِمُ عَلَىٰٓ أَفْوَٰهِهِمْ وَتُكَلِّمُنَآ أَيْدِيهِمْ وَتَشْهَدُ أَرْجُلُهُم بِمَا كَانُوا۟ يَكْسِبُونَ",
    "tr": "আলইয়াওমা নাখতিমু‘আলাআফওয়া-হিহিম ওয়াতুকাললিমুনা আইদীহিম ওয়া তাশহাদু আরজুলুহুম বিমা-কা-নূউ ইয়াকছিবূন।",
    "bn_haque": "সেইদিন আমরা তাদের মুখের উপর মোহর মেরে দেব, বরং তাদের হাত আমাদের সাথে কথা বলবে, আর তাদের পা সাক্ষ্য দেবে যা তারা অর্জন করত সে-সন্বন্ধে।",
    "bn_muhi": "আজ আমি তাদের মুখে মোহর এঁটে দেব তাদের হাত আমার সাথে কথা বলবে এবং তাদের পা তাদের কৃতকর্মের সাক্ষ্য দেবে।",
    "en": "That Day, We will seal over their mouths, and their hands will speak to Us, and their feet will testify about what they used to earn."
  },
  {
    "id": 66,
    "ar": "وَلَوْ نَشَآءُ لَطَمَسْنَا عَلَىٰٓ أَعْيُنِهِمْ فَٱسْتَبَقُوا۟ ٱلصِّرَٰطَ فَأَنَّىٰ يُبْصِرُونَ",
    "tr": "ওয়ালাও নাশাউলাতামাছনা- আলা আ‘ইউনিহিম ফাছতাবাকুসসিরা-তা ফাআন্নাইউবসিরূন।",
    "bn_haque": "আর আমরা যদি চাইতাম তবে আমরা তাদের চোখের উপরে দৃষ্টিহীনতা এনে দিতাম, তখন তারা পথের দিকে ধাওয়া করত, কিন্তু কেমন করে তারা দেখতে পাবে?",
    "bn_muhi": "আমি ইচ্ছা করলে তাদের দৃষ্টি শক্তি বিলুপ্ত করে দিতে পারতাম, তখন তারা পথের দিকে দৌড়াতে চাইলে কেমন করে দেখতে পেত!",
    "en": "And if We willed, We could have obliterated their eyes, and they would race to [find] the path, and how could they see?"
  },
  {
    "id": 67,
    "ar": "وَلَوْ نَشَآءُ لَمَسَخْنَٰهُمْ عَلَىٰ مَكَانَتِهِمْ فَمَا ٱسْتَطَٰعُوا۟ مُضِيًّا وَلَا يَرْجِعُونَ",
    "tr": "ওয়ালাও নাশাউ লামাছাখনা-হুম ‘আলা মাকা-নাতিহিম ফামাছতাতা-‘ঊ মুদিইয়াওঁ ওয়ালাইয়ারজি‘ঊন।",
    "bn_haque": "আর আমরা যদি চাইতাম তবে আমরা তাদের বাড়িগুলোতেই তাদের নিশ্চল-নিস্তব্ধ করে দিতাম, তখন তারা এগিয়ে যেতে সক্ষম হবে না, ফিরে আসতেও পারবে না।",
    "bn_muhi": "আমি ইচ্ছা করলে তাদেরকে স্ব স্ব স্থানে আকার বিকৃত করতে পারতাম, ফলে তারা আগেও চলতে পারত না এবং পেছনেও ফিরে যেতে পারত না।",
    "en": "And if We willed, We could have deformed them, [paralyzing them] in their places so they would not be able to proceed, nor could they return."
  },
  {
    "id": 68,
    "ar": "وَمَن نُّعَمِّرْهُ نُنَكِّسْهُ فِى ٱلْخَلْقِ أَفَلَا يَعْقِلُونَ",
    "tr": "ওয়ামান নু‘আম্মির হু নুনাক্কিছহু ফিল খালকি আফালা-ইয়া‘কিলূন।",
    "bn_haque": "আর যাকে আমরা দীর্ঘ জীবন দান করি তাকে তো আমরা সৃষ্টিতে ঘুরিয়ে দিই। তবুও কি তারা বুঝে না।",
    "bn_muhi": "আমি যাকে দীর্ঘ জীবন দান করি, তাকে সৃষ্টিগত পূর্বাবস্থায় ফিরিয়ে নেই। তবুও কি তারা বুঝে না?",
    "en": "And he to whom We grant long life We reverse in creation; so will they not understand?"
  },
  {
    "id": 69,
    "ar": "وَمَا عَلَّمْنَٰهُ ٱلشِّعْرَ وَمَا يَنۢبَغِى لَهُۥٓ إِنْ هُوَ إِلَّا ذِكْرٌ وَقُرْءَانٌ مُّبِينٌ",
    "tr": "ওয়ামা-‘আল্লামনা-হুশশি‘রা ওয়ামা-ইয়ামবাগী লাহূ ইন হুওয়া ইল্লা-যিকরুওঁ ওয়া কুরআ-নুম মুবীন।",
    "bn_haque": "আর আমরা তাঁকে কবিত্ব শেখাই নি, আর তা তাঁর পক্ষে সমীচীনও নয়। এটি স্মারক গ্রন্থ ও সুস্পষ্ট কুরআন বৈ তো নয়, --",
    "bn_muhi": "আমি রসূলকে কবিতা শিক্ষা দেইনি এবং তা তার জন্যে শোভনীয়ও নয়। এটা তো এক উপদেশ ও প্রকাশ্য কোরআন।",
    "en": "And We did not give Prophet Muhammad, knowledge of poetry, nor is it befitting for him. It is not but a message and a clear Qur'an"
  },
  {
    "id": 70,
    "ar": "لِّيُنذِرَ مَن كَانَ حَيًّا وَيَحِقَّ ٱلْقَوْلُ عَلَى ٱلْكَٰفِرِينَ",
    "tr": "লিইউনযিরা মান কা-না হাইয়াওঁ ওয়া ইয়াহিক্কাল কাওলু‘আলাল কা-ফিরীন।",
    "bn_haque": "যেন তিনি সাবধান করতে পারেন তাকে যে জীবন্ত রয়েছে, আর অবিশ্বাসীদের বিরুদ্ধে রায় ন্যায়সঙ্গত হয়েছে।",
    "bn_muhi": "যাতে তিনি সতর্ক করেন জীবিতকে এবং যাতে কাফেরদের বিরুদ্ধে অভিযোগ প্রতিষ্ঠিত হয়।",
    "en": "To warn whoever is alive and justify the word against the disbelievers."
  },
  {
    "id": 71,
    "ar": "أَوَلَمْ يَرَوْا۟ أَنَّا خَلَقْنَا لَهُم مِّمَّا عَمِلَتْ أَيْدِينَآ أَنْعَٰمًا فَهُمْ لَهَا مَٰلِكُونَ",
    "tr": "আওয়ালাম ইয়ারাও আন্না-খালাকনা- লাহুম মিম্মা- ‘আমিলাত আইদীনাআন‘আ-মান ফাহুম লাহা-মা-লিকূন।",
    "bn_haque": "তারা কি লক্ষ্য করে নি যে আমরাই তো তাদের জন্য সৃষ্টি করেছি আমাদের হাত যা বানিয়েছে তা থেকে গবাদি-পশুগুলো, তারপর তারাই এগুলোর মালিক হয়ে যায়?",
    "bn_muhi": "তারা কি দেখে না, তাদের জন্যে আমি আমার নিজ হাতের তৈরী বস্তুর দ্বারা চতুস্পদ জন্তু সৃষ্টি করেছি, অতঃপর তারাই এগুলোর মালিক।",
    "en": "Do they not see that We have created for them from what Our hands have made, grazing livestock, and [then] they are their owners?"
  },
  {
    "id": 72,
    "ar": "وَذَلَّلْنَٰهَا لَهُمْ فَمِنْهَا رَكُوبُهُمْ وَمِنْهَا يَأْكُلُونَ",
    "tr": "ওয়া যাল্লালনা-হা-লাহুম ফামিনহা-রাকূবুহুম ওয়া মিনহা-ইয়া’কুলূন।",
    "bn_haque": "আর এগুলোকে আমরা তাদের বশীভূত করে দিয়েছি, ফলে এদের মধ্যের কিছু তাদের বাহন আর এদের কিছু তারা খায়।",
    "bn_muhi": "আমি এগুলোকে তাদের হাতে অসহায় করে দিয়েছি। ফলে এদের কতক তাদের বাহন এবং কতক তারা ভক্ষণ করে।",
    "en": "And We have tamed them for them, so some of them they ride, and some of them they eat."
  },
  {
    "id": 73,
    "ar": "وَلَهُمْ فِيهَا مَنَٰفِعُ وَمَشَارِبُ أَفَلَا يَشْكُرُونَ",
    "tr": "ওয়া লাহুম ফীহা-মানা-ফি‘উ ওয়া মাশা-রিবু আফালা-ইয়াশকুরূন।",
    "bn_haque": "আর তাদের জন্য এগুলোতে রয়েছে উপকারিতা, আর পানীয় বস্তু। তবুও কি তারা কৃতজ্ঞতা প্রকাশ করবে না?",
    "bn_muhi": "তাদের জন্যে চতুস্পদ জন্তুর মধ্যে অনেক উপকারিতা ও পানীয় রয়েছে। তবুও কেন তারা শুকরিয়া আদায় করে না?",
    "en": "And for them therein are [other] benefits and drinks, so will they not be grateful?"
  },
  {
    "id": 74,
    "ar": "وَٱتَّخَذُوا۟ مِن دُونِ ٱللَّهِ ءَالِهَةً لَّعَلَّهُمْ يُنصَرُونَ",
    "tr": "ওয়াত্তাখাযূমিন দূনিল্লা-হি আ-লিহাতাল লা‘আল্লাহুম ইউনসারূন।",
    "bn_haque": "আর তারা আল্লাহ্‌কে বাদ দিয়ে উপাস্যদের গ্রহণ করেছে যাতে তাদের সাহায্য করা হয়।",
    "bn_muhi": "তারা আল্লাহর পরিবর্তে অনেক উপাস্য গ্রহণ করেছে যাতে তারা সাহায্যপ্রাপ্ত হতে পারে।",
    "en": "But they have taken besides Allah [false] deities that perhaps they would be helped."
  },
  {
    "id": 75,
    "ar": "لَا يَسْتَطِيعُونَ نَصْرَهُمْ وَهُمْ لَهُمْ جُندٌ مُّحْضَرُونَ",
    "tr": "লা-ইয়াছতাতী‘ঊনা নাসরাহুম ওয়াহুম লাহুম জুনদুম মুহদারূন।",
    "bn_haque": "ওরা কোনো ক্ষমতা রাখে না তাদের সাহায্য করার, বরং তারা হবে এদের জন্য এক বাহিনী যাদের হাজির করা হবে।",
    "bn_muhi": "অথচ এসব উপাস্য তাদেরকে সাহায্য করতে সক্ষম হবে না এবং এগুলো তাদের বাহিনী রূপে ধৃত হয়ে আসবে।",
    "en": "They are not able to help them, and they [themselves] are for them soldiers in attendance."
  },
  {
    "id": 76,
    "ar": "فَلَا يَحْزُنكَ قَوْلُهُمْ إِنَّا نَعْلَمُ مَا يُسِرُّونَ وَمَا يُعْلِنُونَ",
    "tr": "ফালা-ইয়াহঝুনকা কাওলুহুম । ইন্না-না‘লামুমা-ইউছিররূনা ওয়ামা-ইউ‘লিনূন।",
    "bn_haque": "সুতরাং তাদের কথাবার্তা তোমাকে যেন কষ্ট না দেয়। আমরা নিশ্চয়ই জানি যা তারা লুকিয়ে রাখে আর যা তারা প্রকাশ করে।",
    "bn_muhi": "অতএব তাদের কথা যেন আপনাকে দুঃখিত না করে। আমি জানি যা তারা গোপনে করে এবং যা তারা প্রকাশ্যে করে।",
    "en": "So let not their speech grieve you. Indeed, We know what they conceal and what they declare."
  },
  {
    "id": 77,
    "ar": "أَوَلَمْ يَرَ ٱلْإِنسَٰنُ أَنَّا خَلَقْنَٰهُ مِن نُّطْفَةٍ فَإِذَا هُوَ خَصِيمٌ مُّبِينٌ",
    "tr": "আওয়ালাম ইয়ারাল ইনছা-নুআন্না-খালাকনা-হুমিননুতফাতিন ফাইযা-হুওয়া খাসীমুম মুবীন।",
    "bn_haque": "আচ্ছা, মানুষ কি দেখে না যে আমারা তাকে নিশ্চয়ই এক শুক্রকীট থেকে সৃষ্টি করেছি? তারপর, কি আশ্চর্য! সে একজন প্রকাশ্য বিতর্ককারী হয়ে যায়।",
    "bn_muhi": "মানুষ কি দেখে না যে, আমি তাকে সৃষ্টি করেছি বীর্য থেকে? অতঃপর তখনই সে হয়ে গেল প্রকাশ্য বাকবিতন্ডাকারী।",
    "en": "Does man not consider that We created him from a [mere] sperm-drop - then at once he is a clear adversary?"
  },
  {
    "id": 78,
    "ar": "وَضَرَبَ لَنَا مَثَلًا وَنَسِىَ خَلْقَهُۥ قَالَ مَن يُحْىِ ٱلْعِظَٰمَ وَهِىَ رَمِيمٌ",
    "tr": "ওয়া দারাবা লানা-মাছালাওঁ ওয়া নাছিয়া খালকাহূ কা-লা মাইঁ ইউহয়িল ‘ইজা-মা ওয়া হিয়া রামীম।",
    "bn_haque": "আর সে আমাদের সদৃশ বানায়, আর ভুলে যায় তার নিজের সৃষ্টির কথা। সে বলে -- \"হাড়-গোড়ের মধ্যে কে প্রাণ দেবে যখন তা গলে-পচে যাবে?\"",
    "bn_muhi": "সে আমার সম্পর্কে এক অদ্ভূত কথা বর্ণনা করে, অথচ সে নিজের সৃষ্টি ভুলে যায়। সে বলে কে জীবিত করবে অস্থিসমূহকে যখন সেগুলো পচে গলে যাবে?",
    "en": "And he presents for Us an example and forgets his [own] creation. He says, \"Who will give life to bones while they are disintegrated?\""
  },
  {
    "id": 79,
    "ar": "قُلْ يُحْيِيهَا ٱلَّذِىٓ أَنشَأَهَآ أَوَّلَ مَرَّةٍ وَهُوَ بِكُلِّ خَلْقٍ عَلِيمٌ",
    "tr": "কুল ইউহয়ী হাল্লাযী আনশাআহা আওওয়ালা মাররাতিওঁ ওয়া হুয়া বিকুল্লি খালকিন ‘আলীমু।",
    "bn_haque": "তুমি বলো -- \"তিনিই তাতে প্রাণ সঞ্চার করবেন যিনি প্রথমবারে তাদের সৃজন করেছিলেন। আর তিনি প্রত্যেকটি সৃষ্টি সন্বন্ধে সর্বজ্ঞাতা, --",
    "bn_muhi": "বলুন, যিনি প্রথমবার সেগুলোকে সৃষ্টি করেছেন, তিনিই জীবিত করবেন। তিনি সর্বপ্রকার সৃষ্টি সম্পর্কে সম্যক অবগত।",
    "en": "Say, \"He will give them life who produced them the first time; and He is, of all creation, Knowing.\""
  },
  {
    "id": 80,
    "ar": "ٱلَّذِى جَعَلَ لَكُم مِّنَ ٱلشَّجَرِ ٱلْأَخْضَرِ نَارًا فَإِذَآ أَنتُم مِّنْهُ تُوقِدُونَ",
    "tr": "আল্লাযী জা‘আলা লাকুম মিনাশশাজারিল আখদারি না-রান ফাইযা-আনতুম মিনহু তূকিদূন।",
    "bn_haque": "যিনি তোমাদের জন্য সবুজ গাছ থেকে আগুন তৈরি করেন, তারপর দেখো! তোমরা তা দিয়ে আগুন জ্বালো।",
    "bn_muhi": "যিনি তোমাদের জন্যে সবুজ বৃক্ষ থেকে আগুন উৎপন্ন করেন। তখন তোমরা তা থেকে আগুন জ্বালাও।",
    "en": "[It is] He who made for you from the green tree, fire, and then from it you ignite."
  },
  {
    "id": 81,
    "ar": "أَوَلَيْسَ ٱلَّذِى خَلَقَ ٱلسَّمَٰوَٰتِ وَٱلْأَرْضَ بِقَٰدِرٍ عَلَىٰٓ أَن يَخْلُقَ مِثْلَهُم بَلَىٰ وَهُوَ ٱلْخَلَّٰقُ ٱلْعَلِيمُ",
    "tr": "আওয়া লাইছাল্লাযী খালাকাছছামা-ওয়াতি ওয়াল আরদা বিকা-দিরিন ‘আলা আইঁ ইয়াখলুকা মিছলাহুম বালা-  ওয়া হুওয়াল খাল্লা-কুল ‘আলীম।",
    "bn_haque": "আচ্ছা, যিনি মহাকাশমন্ডলী ও পৃথিবী সৃষ্টি করেছেন তিনি কি তাদের অনুরূপ সৃষ্টি করতে সক্ষম নন? হাঁ, বস্তুতঃ তিনিই তো মহাস্রষ্টা, সর্বজ্ঞাতা।",
    "bn_muhi": "যিনি নভোমন্ডল ও ভূমন্ডল সৃষ্টি করেছেন, তিনিই কি তাদের অনুরূপ সৃষ্টি করতে সক্ষম নন? হ্যাঁ তিনি মহাস্রষ্টা, সর্বজ্ঞ।",
    "en": "Is not He who created the heavens and the earth Able to create the likes of them? Yes, [it is so]; and He is the Knowing Creator."
  },
  {
    "id": 82,
    "ar": "إِنَّمَآ أَمْرُهُۥٓ إِذَآ أَرَادَ شَيْـًٔا أَن يَقُولَ لَهُۥ كُن فَيَكُونُ",
    "tr": "ইন্নামাআমরুহূ ইযাআরা-দা শাইআন আইঁ ইয়াকূলা লাহূকুন ফাইয়াকূন।",
    "bn_haque": "যখন তিনি কোনো-কিছু ইচ্ছা করেন তখন তাঁর নির্দেশ হল যে তিনি সে-সন্বন্ধে শুধু বলেন -- \"হও\", আর তা হয়ে যায়।",
    "bn_muhi": "তিনি যখন কোন কিছু করতে ইচ্ছা করেন, তখন তাকে কেবল বলে দেন, ‘হও’ তখনই তা হয়ে যায়।",
    "en": "His command is only when He intends a thing that He says to it, \"Be,\" and it is."
  },
  {
    "id": 83,
    "ar": "فَسُبْحَٰنَ ٱلَّذِى بِيَدِهِۦ مَلَكُوتُ كُلِّ شَىْءٍ وَإِلَيْهِ تُرْجَعُونَ",
    "tr": "ফাছুবহা-নাল্লাযী বিয়াদিহী মালাকূতুকুল্লি শাইয়িওঁ ওয়া ইলাইহি তুর জা‘ঊন।",
    "bn_haque": "সুতরাং সকল মহিমা তাঁরই যাঁর হাতে রয়েছে সমস্ত কিছুর শাসনভার, আর তাঁরই নিকট তোমাদের ফিরিয়ে আনা হবে।",
    "bn_muhi": "অতএব পবিত্র তিনি, যাঁর হাতে সবকিছুর রাজত্ব এবং তাঁরই দিকে তোমরা প্রত্যাবর্তিত হবে।",
    "en": "So exalted is He in whose hand is the realm of all things, and to Him you will be returned."
  }
]