[
  {
    "id": 1,
    "ar": "إِذَا ٱلشَّمْسُ كُوِّرَتْ",
    "tr": "ইযাশশামছুকুওবিরাত।",
    "bn_haque": "যখন সূর্য অন্ধকারাচ্ছন্ন হয়ে যাবে,",
    "bn_muhi": "যখন সূর্য আলোহীন হয়ে যাবে,",
    "en": "When the sun is wrapped up [in darkness]"
  },
  {
    "id": 2,
    "ar": "وَإِذَا ٱلنُّجُومُ ٱنكَدَرَتْ",
    "tr": "ওয়া ইযাননুজূমুন কাদারাত।",
    "bn_haque": "আর যখন তারকারা নিস্তেজ হয়ে পড়বে,",
    "bn_muhi": "যখন নক্ষত্র মলিন হয়ে যাবে,",
    "en": "And when the stars fall, dispersing,"
  },
  {
    "id": 3,
    "ar": "وَإِذَا ٱلْجِبَالُ سُيِّرَتْ",
    "tr": "ওয়া ইযাল জিবা-লুছুইয়িরাত।",
    "bn_haque": "আর যখন পাহাড়গুলোকে অপসারণ করা হবে,",
    "bn_muhi": "যখন পর্বতমালা অপসারিত হবে,",
    "en": "And when the mountains are removed"
  },
  {
    "id": 4,
    "ar": "وَإِذَا ٱلْعِشَارُ عُطِّلَتْ",
    "tr": "ওয়া ইযাল ‘ইশা-রু ‘উত্তিলাত।",
    "bn_haque": "আর যখন পূর্ণ-গর্ভা উষ্টীদের পরিত্যাগ করা হবে;",
    "bn_muhi": "যখন দশ মাসের গর্ভবতী উষ্ট্রীসমূহ উপেক্ষিত হবে;",
    "en": "And when full-term she-camels are neglected"
  },
  {
    "id": 5,
    "ar": "وَإِذَا ٱلْوُحُوشُ حُشِرَتْ",
    "tr": "ওয়া ইযাল উহূশু হুশিরাত।",
    "bn_haque": "আর যখন বন্য পশুদের সমবেত করা হবে,",
    "bn_muhi": "যখন বন্য পশুরা একত্রিত হয়ে যাবে,",
    "en": "And when the wild beasts are gathered"
  },
  {
    "id": 6,
    "ar": "وَإِذَا ٱلْبِحَارُ سُجِّرَتْ",
    "tr": "ওয়া ইযাল বিহা-রু ছুজ্জিরাত।",
    "bn_haque": "আর যখন সাগর-নদী ফেঁপে উঠবে,",
    "bn_muhi": "যখন সমুদ্রকে উত্তাল করে তোলা হবে,",
    "en": "And when the seas are filled with flame"
  },
  {
    "id": 7,
    "ar": "وَإِذَا ٱلنُّفُوسُ زُوِّجَتْ",
    "tr": "ওয়া ইযাননুফূছুঝুওবিজাত।",
    "bn_haque": "আর যখন মনপ্রাণকে একতাবদ্ধ করা হবে,",
    "bn_muhi": "যখন আত্মাসমূহকে যুগল করা হবে,",
    "en": "And when the souls are paired"
  },
  {
    "id": 8,
    "ar": "وَإِذَا ٱلْمَوْءُۥدَةُ سُئِلَتْ",
    "tr": "ওয়া ইযাল মাওঊদাতুছুইলাত।",
    "bn_haque": "আর যখন জীবন্ত-প্রোথিত কন্যাসন্তানকে প্রশ্ন করা হবে --",
    "bn_muhi": "যখন জীবন্ত প্রোথিত কন্যাকে জিজ্ঞেস করা হবে,",
    "en": "And when the girl [who was] buried alive is asked"
  },
  {
    "id": 9,
    "ar": "بِأَىِّ ذَنۢبٍ قُتِلَتْ",
    "tr": "বিআইয়ি যামবিন কুতিলাত।",
    "bn_haque": "\"কোন অপরাধে তাকে হত্যা করা হয়েছিল\"?",
    "bn_muhi": "কি অপরাধে তাকে হত্য করা হল?",
    "en": "For what sin she was killed"
  },
  {
    "id": 10,
    "ar": "وَإِذَا ٱلصُّحُفُ نُشِرَتْ",
    "tr": "ওয়া ইযাসসুহুফুনুশিরাত।",
    "bn_haque": "আর যখন পৃষ্ঠাগুলো খুলে ধরা হবে,",
    "bn_muhi": "যখন আমলনামা খোলা হবে,",
    "en": "And when the pages are made public"
  },
  {
    "id": 11,
    "ar": "وَإِذَا ٱلسَّمَآءُ كُشِطَتْ",
    "tr": "ওয়া ইয়াছ ছামাউ কুশিতাত।",
    "bn_haque": "আর যখন আকাশের ঢাকনি খুলে ফেলা হবে,",
    "bn_muhi": "যখন আকাশের আবরণ অপসারিত হবে,",
    "en": "And when the sky is stripped away"
  },
  {
    "id": 12,
    "ar": "وَإِذَا ٱلْجَحِيمُ سُعِّرَتْ",
    "tr": "ওয়া ইযাল জাহীমুছু‘‘য়িরাত।",
    "bn_haque": "আর যখন ভয়ংকর আগুন জ্বালিয়ে তোলা হবে,",
    "bn_muhi": "যখন জাহান্নামের অগ্নি প্রজ্বলিত করা হবে",
    "en": "And when Hellfire is set ablaze"
  },
  {
    "id": 13,
    "ar": "وَإِذَا ٱلْجَنَّةُ أُزْلِفَتْ",
    "tr": "ওয়া ইযাল জান্নাতুউঝলিফাত।",
    "bn_haque": "আর যখন বেহেশতকে নিকটে আনা হবে, --",
    "bn_muhi": "এবং যখন জান্নাত সন্নিকটবর্তী হবে,",
    "en": "And when Paradise is brought near,"
  },
  {
    "id": 14,
    "ar": "عَلِمَتْ نَفْسٌ مَّآ أَحْضَرَتْ",
    "tr": "‘আলিমাত নাফছুম মাআহদারাত।",
    "bn_haque": "সত্ত্বা জানতে পারবে কী সে হাজির করেছে।",
    "bn_muhi": "তখন প্রত্যেকেই জেনে নিবে সে কি উপস্থিত করেছে।",
    "en": "A soul will [then] know what it has brought [with it]."
  },
  {
    "id": 15,
    "ar": "فَلَآ أُقْسِمُ بِٱلْخُنَّسِ",
    "tr": "ফালা উকছিমুবিলখুন্নাছ।",
    "bn_haque": "কাজেই না, আমি সাক্ষী মানছি গ্রহ-নক্ষত্রদের --",
    "bn_muhi": "আমি শপথ করি যেসব নক্ষত্রগুলো পশ্চাতে সরে যায়।",
    "en": "So I swear by the retreating stars -"
  },
  {
    "id": 16,
    "ar": "ٱلْجَوَارِ ٱلْكُنَّسِ",
    "tr": "আল জাওয়া-রিল কুন্নাছ।",
    "bn_haque": "যারা চলে থাকে, অদৃশ্য হয়ে যায়,",
    "bn_muhi": "চলমান হয় ও অদৃশ্য হয়,",
    "en": "Those that run [their courses] and disappear -"
  },
  {
    "id": 17,
    "ar": "وَٱلَّيْلِ إِذَا عَسْعَسَ",
    "tr": "ওয়াল্লাইলি ইযা-‘আছ‘আছ।",
    "bn_haque": "আর রাত্রিকে যখন তা বিগত হয়ে যায়,",
    "bn_muhi": "শপথ নিশাবসান ও",
    "en": "And by the night as it closes in"
  },
  {
    "id": 18,
    "ar": "وَٱلصُّبْحِ إِذَا تَنَفَّسَ",
    "tr": "ওয়াসসুবহিইযা-তানাফফাছ।",
    "bn_haque": "আর প্রভাতকে যখন তা উজ্জ্বল হতে থাকে,",
    "bn_muhi": "প্রভাত আগমন কালের,",
    "en": "And by the dawn when it breathes"
  },
  {
    "id": 19,
    "ar": "إِنَّهُۥ لَقَوْلُ رَسُولٍ كَرِيمٍ",
    "tr": "ইন্নাহূলাকাওলুরাছূলিন কারীম।",
    "bn_haque": "নিঃসন্দেহ এ তো হচ্ছে এক সম্মানিত রসূলের বাণী --",
    "bn_muhi": "নিশ্চয় কোরআন সম্মানিত রসূলের আনীত বাণী,",
    "en": "[That] indeed, the Qur'an is a word [conveyed by] a noble messenger"
  },
  {
    "id": 20,
    "ar": "ذِى قُوَّةٍ عِندَ ذِى ٱلْعَرْشِ مَكِينٍ",
    "tr": "যী কুওওয়াতিন ‘ইনদা যিল ‘আরশি মাকীন।",
    "bn_haque": "শক্তির অধিকারী, আরশের অধীশ্বরের সামনে অধিষ্ঠিত,",
    "bn_muhi": "যিনি শক্তিশালী, আরশের মালিকের নিকট মর্যাদাশালী,",
    "en": "[Who is] possessed of power and with the Owner of the Throne, secure [in position],"
  },
  {
    "id": 21,
    "ar": "مُّطَاعٍ ثَمَّ أَمِينٍ",
    "tr": "মুতা-‘ইন ছাম্মা আমীন।",
    "bn_haque": "যাঁকে মেনে চলতে হয়, আর যিনি বিশ্বাসভাজন।",
    "bn_muhi": "সবার মান্যবর, সেখানকার বিশ্বাসভাজন।",
    "en": "Obeyed there [in the heavens] and trustworthy."
  },
  {
    "id": 22,
    "ar": "وَمَا صَاحِبُكُم بِمَجْنُونٍ",
    "tr": "ওয়া মা-সা-হিবুকুম বিমাজনূন।",
    "bn_haque": "আর তোমাদের সাথী তো পাগল নন।",
    "bn_muhi": "এবং তোমাদের সাথী পাগল নন।",
    "en": "And your companion is not [at all] mad."
  },
  {
    "id": 23,
    "ar": "وَلَقَدْ رَءَاهُ بِٱلْأُفُقِ ٱلْمُبِينِ",
    "tr": "ওয়া লাকাদ রাআ-হু বিলউফুকিল মুবীন।",
    "bn_haque": "আর তিনি তো নিজেকে দেখেছিলেন স্পষ্ট দিগন্তে;",
    "bn_muhi": "তিনি সেই ফেরেশতাকে প্রকাশ্য দিগন্তে দেখেছেন।",
    "en": "And he has already seen Gabriel in the clear horizon."
  },
  {
    "id": 24,
    "ar": "وَمَا هُوَ عَلَى ٱلْغَيْبِ بِضَنِينٍ",
    "tr": "ওয়ামা-হুওয়া ‘আলাল গাইবি বিদানীন।",
    "bn_haque": "আর তিনি অদৃশ্য-সন্বন্ধে কৃপণ নন,",
    "bn_muhi": "তিনি অদৃশ্য বিষয় বলতে কৃপনতা করেন না।",
    "en": "And Muhammad is not a withholder of [knowledge of] the unseen."
  },
  {
    "id": 25,
    "ar": "وَمَا هُوَ بِقَوْلِ شَيْطَٰنٍ رَّجِيمٍ",
    "tr": "ওয়ামা-হুওয়া বিকাওলি শাইতা-নির রাজীম।",
    "bn_haque": "আর এটি কোনো বিতাড়িত শয়তানের বক্তব্য নয়।",
    "bn_muhi": "এটা বিতাড়িত শয়তানের উক্তি নয়।",
    "en": "And the Qur'an is not the word of a devil, expelled [from the heavens]."
  },
  {
    "id": 26,
    "ar": "فَأَيْنَ تَذْهَبُونَ",
    "tr": "ফাআইনা তাযহাবূন।",
    "bn_haque": "তোমরা তাহলে কোন দিকে চলেছ?",
    "bn_muhi": "অতএব, তোমরা কোথায় যাচ্ছ?",
    "en": "So where are you going?"
  },
  {
    "id": 27,
    "ar": "إِنْ هُوَ إِلَّا ذِكْرٌ لِّلْعَٰلَمِينَ",
    "tr": "ইন হুওয়া ইল্লা-যিকরুল লিল‘আ-লামীন।",
    "bn_haque": "এটি আলবৎ বিশ্ববাসীর জন্য স্মরণীয় বার্তা বৈ তো নয়, --",
    "bn_muhi": "এটা তো কেবল বিশ্বাবাসীদের জন্যে উপদেশ,",
    "en": "It is not except a reminder to the worlds"
  },
  {
    "id": 28,
    "ar": "لِمَن شَآءَ مِنكُمْ أَن يَسْتَقِيمَ",
    "tr": "লিমান শাআ মিনকুম আইঁ ইয়াছতাকীম।",
    "bn_haque": "তোমাদের মধ্যেকার তার জন্য যে সহজ-সঠিক পথে চলতে চায়।",
    "bn_muhi": "তার জন্যে, যে তোমাদের মধ্যে সোজা চলতে চায়।",
    "en": "For whoever wills among you to take a right course."
  },
  {
    "id": 29,
    "ar": "وَمَا تَشَآءُونَ إِلَّآ أَن يَشَآءَ ٱللَّهُ رَبُّ ٱلْعَٰلَمِينَ",
    "tr": "ওয়ামা-তাশাঊনা ইল্লাআইঁ ইয়াশাআল্লা-হু রাব্বুল ‘আ-লামীন।",
    "bn_haque": "আর বিশ্বজগতের প্রভু আল্লাহ্ যা চান তা ব্যতীত তোমরা অন্য কোনো-কিছু চাইবে না।",
    "bn_muhi": "তোমরা আল্লাহ রাব্বুল আলামীনের অভিপ্রায়ের বাইরে অন্য কিছুই ইচ্ছা করতে পার না।",
    "en": "And you do not will except that Allah wills - Lord of the worlds."
  }
]