[
  {
    "id": 1,
    "ar": "يَٰٓأَيُّهَا ٱلنَّبِىُّ إِذَا طَلَّقْتُمُ ٱلنِّسَآءَ فَطَلِّقُوهُنَّ لِعِدَّتِهِنَّ وَأَحْصُوا۟ ٱلْعِدَّةَ وَٱتَّقُوا۟ ٱللَّهَ رَبَّكُمْ لَا تُخْرِجُوهُنَّ مِنۢ بُيُوتِهِنَّ وَلَا يَخْرُجْنَ إِلَّآ أَن يَأْتِينَ بِفَٰحِشَةٍ مُّبَيِّنَةٍ وَتِلْكَ حُدُودُ ٱللَّهِ وَمَن يَتَعَدَّ حُدُودَ ٱللَّهِ فَقَدْ ظَلَمَ نَفْسَهُۥ لَا تَدْرِى لَعَلَّ ٱللَّهَ يُحْدِثُ بَعْدَ ذَٰلِكَ أَمْرًا",
    "tr": "ইয়াআইয়ুহান্নাবিইয়ুইযা-তাল্লাকতুমুন্নিছাআ ফাতালিলকূহুন্না লি‘ইদ্দাতিহিন্না ওয়া আহসুল ‘ইদ্দাতা ওয়াত্তাকুল্লা-হা রাব্বাকুম লা-তুখরিজুহুন্না মিম বুয়ূতিহিন্না ওয়ালাইয়াখরুজনা ইল্লাআইঁ ইয়া’তীনা বিফা-হিশাতিম মুবাইয়িনাতিওঁ ওয়া তিলকা হুদূদুল্লাহি ওয়া মাইঁ ইয়াতা‘আদ্দা হুদূদাল্লা-হি ফাকাদ জালামা নাফছাহূ লা-তাদরী লা‘আল্লাল্লা-হা ইউহদিছু বা‘দা যা-লিকা আমরা-।",
    "bn_haque": "হে প্রিয় নবী! যখন তোমরা স্ত্রীলোকদের তালাক দাও তখন তাদের তালাক দিয়ো তাদের নির্ধারিত দিনের জন্য, আর ইদ্দতের হিসাব রেখো, আর তোমাদের প্রভু আল্লাহ্‌কে ভয়-ভক্তি করো। তোমরা তাদের বের করে দিও না তাদের থাকা-ঘর থেকে, এবং তারাও যেন বেরিয়ে না যায় যদি না তারা স্পষ্ট অশ্লীলতায় লিপ্ত হয়ে থাকে। আর এগুলোই আল্লাহ্‌র সীমা। আর যে কেউ আল্লাহ্‌র বিধান লংঘন করে সে তো তবে নিজের অন্তরা‌ত্মার প্রতি অন্যায় করেই ফেলেছে। তুমি জানো না, হয়ত আল্লাহ্ এর পরে কোনো উপায় করে দেবেন।",
    "bn_muhi": "হে নবী, তোমরা যখন স্ত্রীদেরকে তালাক দিতে চাও, তখন তাদেরকে তালাক দিয়ো ইদ্দতের প্রতি লক্ষ্য রেখে এবং ইদ্দত গণনা করো। তোমরা তোমাদের পালনকর্তা আল্লাহকে ভয় করো। তাদেরকে তাদের গৃহ থেকে বহিস্কার করো না এবং তারাও যেন বের না হয় যদি না তারা কোন সুস্পষ্ট নির্লজ্জ কাজে লিপ্ত হয়। এগুলো আল্লাহর নির্ধারিত সীমা। যে ব্যক্তি আল্লাহর সীমালংঘন করে, সে নিজেরই অনিষ্ট করে। সে জানে না, হয়তো আল্লাহ এই তালাকের পর কোন নতুন উপায় করে দেবেন।",
    "en": "O Prophet, when you [Muslims] divorce women, divorce them for [the commencement of] their waiting period and keep count of the waiting period, and fear Allah, your Lord. Do not turn them out of their [husbands'] houses, nor should they [themselves] leave [during that period] unless they are committing a clear immorality. And those are the limits [set by] Allah . And whoever transgresses the limits of Allah has certainly wronged himself. You know not; perhaps Allah will bring about after that a [different] matter."
  },
  {
    "id": 2,
    "ar": "فَإِذَا بَلَغْنَ أَجَلَهُنَّ فَأَمْسِكُوهُنَّ بِمَعْرُوفٍ أَوْ فَارِقُوهُنَّ بِمَعْرُوفٍ وَأَشْهِدُوا۟ ذَوَىْ عَدْلٍ مِّنكُمْ وَأَقِيمُوا۟ ٱلشَّهَٰدَةَ لِلَّهِ ذَٰلِكُمْ يُوعَظُ بِهِۦ مَن كَانَ يُؤْمِنُ بِٱللَّهِ وَٱلْيَوْمِ ٱلْءَاخِرِ وَمَن يَتَّقِ ٱللَّهَ يَجْعَل لَّهُۥ مَخْرَجًا",
    "tr": "ফাইযা-বালাগনা আজালাহুন্না ফাআমছিকূহুন্না বিমা‘রূফিন আও ফা-রিকূহুন্না বিমা‘রূফিওঁ ওয়া আশহিদূযাওয়াই ‘আদলিম মিনকুম ওয়া আকীমুশশাহা-দাতা লিল্লা-হি যা-লিকুম ইঊ‘আজুবিহী মান কা-না ইউ’মিনুবিল্লা-হি ওয়াল ইয়াওমিল আ-খিরি ওয়া মাইঁ ইয়াত্তাকিল্লা-হা ইয়াজ‘আল্লাহূমাখরাজা-।",
    "bn_haque": "তারপর যখন তারা তাদের ইদ্দতকালে পৌঁছে যায় তখন হয় তাদের রেখে দেবে ভালভাবে অথবা তাদের ছাড়াছাড়ি করে দেবে ভালভাবে, আর তোমাদের মধ্যে থেকে দুইজন ন্যায়পরায়ণ লোককে সাক্ষী করো, আর তোমরা আল্লাহ্‌র উদ্দেশ্যে সাক্ষ্য কায়েম করবে। এইভাবেই এর দ্বারা তাকে উপদেশ দেওয়া হচ্ছে যে আল্লাহ্‌তে ও আখেরাতের দিনে বিশ্বাস করে। আর যে কেউ আল্লাহ্‌কে ভয়-ভক্তি করে তার জন্য তিনি বেরুবার পথ করে দেন।",
    "bn_muhi": "অতঃপর তারা যখন তাদের ইদ্দতকালে পৌঁছে, তখন তাদেরকে যথোপযুক্ত পন্থায় রেখে দেবে অথবা যথোপযুক্ত পন্থায় ছেড়ে দেবে এবং তোমাদের মধ্য থেকে দু’জন নির্ভরযোগ্য লোককে সাক্ষী রাখবে। তোমরা আল্লাহর উদ্দেশ্যে সাক্ষ্য দিবে। এতদ্দ্বারা যে ব্যক্তি আল্লাহ ও পরকালে বিশ্বাস করে, তাকে উপদেশ দেয়া হচ্ছে। আর যে আল্লাহকে ভয় করে, আল্লাহ তার জন্যে নিস্কৃতির পথ করে দেবেন।",
    "en": "And when they have [nearly] fulfilled their term, either retain them according to acceptable terms or part with them according to acceptable terms. And bring to witness two just men from among you and establish the testimony for [the acceptance of] Allah . That is instructed to whoever should believe in Allah and the Last day. And whoever fears Allah - He will make for him a way out"
  },
  {
    "id": 3,
    "ar": "وَيَرْزُقْهُ مِنْ حَيْثُ لَا يَحْتَسِبُ وَمَن يَتَوَكَّلْ عَلَى ٱللَّهِ فَهُوَ حَسْبُهُۥٓ إِنَّ ٱللَّهَ بَٰلِغُ أَمْرِهِۦ قَدْ جَعَلَ ٱللَّهُ لِكُلِّ شَىْءٍ قَدْرًا",
    "tr": "ওয়া ইয়ারঝুকহু মিন হাইছুলা-ইয়াহতাছিবু ওয়া মাইঁ ইয়াতাওয়াক্কাল ‘আলাল্লা-হি ফাহুওয়া হাছবুহূ ইন্নাল্লা-হা বা-লিগু আমরিহী কাদ জা‘আলাল্লা-হু লিকুল্লি শাইয়িন কাদরা-।",
    "bn_haque": "আর তিনি তাকে জীবনোপকরণ প্রদান করেন এমন দিক থেকে যা সে ধারণাও করে নি। আর যে আল্লাহ্‌র উপরে নির্ভর করে -- তার জন্য তবে তিনিই যথেষ্ট। নিঃসন্দেহ আল্লাহ্ তাঁর উদ্দেশ্য পরিপূর্ণকারী। আল্লাহ্ নিশ্চয়ই সব-কিছুর জন্য এক পরিমাপ ধার্য করে রেখেছেন।",
    "bn_muhi": "এবং তাকে তার ধারণাতীত জায়গা থেকে রিযিক দেবেন। যে ব্যক্তি আল্লাহর উপর ভরসা করে তার জন্যে তিনিই যথেষ্ট। আল্লাহ তার কাজ পূর্ণ করবেন। আল্লাহ সবকিছুর জন্যে একটি পরিমাণ স্থির করে রেখেছেন।",
    "en": "And will provide for him from where he does not expect. And whoever relies upon Allah - then He is sufficient for him. Indeed, Allah will accomplish His purpose. Allah has already set for everything a [decreed] extent."
  },
  {
    "id": 4,
    "ar": "وَٱلَّٰٓـِٔى يَئِسْنَ مِنَ ٱلْمَحِيضِ مِن نِّسَآئِكُمْ إِنِ ٱرْتَبْتُمْ فَعِدَّتُهُنَّ ثَلَٰثَةُ أَشْهُرٍ وَٱلَّٰٓـِٔى لَمْ يَحِضْنَ وَأُو۟لَٰتُ ٱلْأَحْمَالِ أَجَلُهُنَّ أَن يَضَعْنَ حَمْلَهُنَّ وَمَن يَتَّقِ ٱللَّهَ يَجْعَل لَّهُۥ مِنْ أَمْرِهِۦ يُسْرًا",
    "tr": "ওয়াল্লাঈইয়াইছনা মিনাল মাহীদিমিন্নিছাইকুম ইনিরতাবতুম ফা‘ইদ্দাতুহুন্না ছালাছাতুআশহুরিওঁ ওয়াল্লায়ী লাম ইয়াহিদনা ওয়া উলা-তুল আহমা-লি আজালুহুন্না আইঁ ইয়াদা‘না হামলাহুন্না ওয়া মাইঁ ইয়াত্তাকিল্লা-হা ইয়াজ‘আল লাহূমিন আমরিহী ইউছরা-।",
    "bn_haque": "আর তোমাদের নারীদের যারা ঋতু সন্বন্ধে হতাশ্বাস হয়েছে, যদি তোমরা সন্দেহ কর তাহলে তাদের ইদ্দত হবে তিন মাস, আর তাদেরও যারা ঋতুমতী হয় নি। আর গর্ভবতী নারীরা -- তাদের সময়সীমা হচ্ছে যে তারা যেন তাদের গর্ভ নামিয়ে ফেলে। আর যে কেউ আল্লাহ্‌কে ভয়-ভক্তি করে, তিনি তার কাজকর্ম তার জন্য সহজ করে দেবেন।",
    "bn_muhi": "তোমাদের স্ত্রীদের মধ্যে যাদের ঋতুবর্তী হওয়ার আশা নেই, তাদের ব্যাপারে সন্দেহ হলে তাদের ইদ্দত হবে তিন মাস। আর যারা এখনও ঋতুর বয়সে পৌঁছেনি, তাদেরও অনুরূপ ইদ্দতকাল হবে। গর্ভবর্তী নারীদের ইদ্দতকাল সন্তানপ্রসব পর্যন্ত। যে আল্লাহকে ভয় করে, আল্লাহ তার কাজ সহজ করে দেন।",
    "en": "And those who no longer expect menstruation among your women - if you doubt, then their period is three months, and [also for] those who have not menstruated. And for those who are pregnant, their term is until they give birth. And whoever fears Allah - He will make for him of his matter ease."
  },
  {
    "id": 5,
    "ar": "ذَٰلِكَ أَمْرُ ٱللَّهِ أَنزَلَهُۥٓ إِلَيْكُمْ وَمَن يَتَّقِ ٱللَّهَ يُكَفِّرْ عَنْهُ سَيِّـَٔاتِهِۦ وَيُعْظِمْ لَهُۥٓ أَجْرًا",
    "tr": "যা-লিকা আমরুল্লা-হি আনঝালাহূইলাইকুম ওয়া মাইঁ ইয়াত্তাকিল্লা-হা ইউকাফফির ‘আনহু ছাইয়িআ-তিহী ওয়া ইউ‘জিম লাহূআজরা-।",
    "bn_haque": "এইটিই আল্লাহ্‌র বিধান -- তোমাদের কাছে তিনি এ অবতারণ করেছেন। আর যে কেউ আল্লাহ্‌কে ভয়-ভক্তি করে তার থেকে তিনি তার পাপসমূহ মোচন করবেন, আর তার জন্য প্রতিদান বাড়িয়ে দেবেন।",
    "bn_muhi": "এটা আল্লাহর নির্দেশ, যা তিনি তোমাদের প্রতি নাযিল করেছেন। যে আল্লাহকে ভয় করে, আল্লাহ তার পাপ মোচন করেন এবং তাকে মহাপুরস্কার দেন।",
    "en": "That is the command of Allah, which He has sent down to you; and whoever fears Allah - He will remove for him his misdeeds and make great for him his reward."
  },
  {
    "id": 6,
    "ar": "أَسْكِنُوهُنَّ مِنْ حَيْثُ سَكَنتُم مِّن وُجْدِكُمْ وَلَا تُضَآرُّوهُنَّ لِتُضَيِّقُوا۟ عَلَيْهِنَّ وَإِن كُنَّ أُو۟لَٰتِ حَمْلٍ فَأَنفِقُوا۟ عَلَيْهِنَّ حَتَّىٰ يَضَعْنَ حَمْلَهُنَّ فَإِنْ أَرْضَعْنَ لَكُمْ فَـَٔاتُوهُنَّ أُجُورَهُنَّ وَأْتَمِرُوا۟ بَيْنَكُم بِمَعْرُوفٍ وَإِن تَعَاسَرْتُمْ فَسَتُرْضِعُ لَهُۥٓ أُخْرَىٰ",
    "tr": "আছকিনূহুন্না মিন হাইছুছাকানতুম মিওঁউজদিকুম ওয়ালা-তুদাররূহুন্না লিতুদাইয়িকূ ‘আলাইহিন্না ওয়া ইন কুন্না ঊলা-তি হামলিন ফাআনফিকূ‘আলাইহিন্না হাত্তা-ইয়াদা‘না হামলাহুন্না ফাইন আরদা‘না লাকুম ফাআ-তূহুন্না উজূরাহুন্না ওয়া’তামিরূবাইনাকুম বিমা‘রূফিও ওয়া ইন তা‘আ-ছারতুম ফাছাতুরদি‘উ লাহূউখরা-।",
    "bn_haque": "তাদের বাস করতে দাও যেখানে তোমরা বাস করছ, তোমাদের সামর্থ্য অনুযায়ী, আর তাদের কষ্ট দিয়ো না তাদের অবস্থা সংকটময় করে তোলার জন্যে। আর যদি তারা গর্ভবতী হয়ে থাকে তবে তাদের জন্য খরচ করো যে পর্যন্ত না তারা তাদের গর্ভভার নামিয়ে ফেলে, তারপর যদি তারা তোমাদের জন্য স্তন্যদান করে তাহলে তাদের মজুরি তাদের প্রদান করবে, আর তোমাদের মধ্যে ভালোভাবে কাজ করতে বলো, আর যদি তোমরা অমত হও তবে তার জন্য অন্যজনে স্তন্য দিক।",
    "bn_muhi": "তোমরা তোমাদের সামর্থ?2437;নুযায়ী যেরূপ গৃহে বাস কর, তাদেরকেও বসবাসের জন্যে সেরূপ গৃহ দাও। তাদেরকে কষ্ট দিয়ে সংকটাপন্ন করো না। যদি তারা গর্ভবতী হয়, তবে সন্তানপ্রসব পর্যন্ত তাদের ব্যয়ভার বহন করবে। যদি তারা তোমাদের সন্তানদেরকে স্তন্যদান করে, তবে তাদেরকে প্রাপ্য পারিশ্রমিক দেবে এবং এ সম্পর্কে পরস্পর সংযতভাবে পরামর্শ করবে। তোমরা যদি পরস্পর জেদ কর, তবে অন্য নারী স্তন্যদান করবে।",
    "en": "Lodge them [in a section] of where you dwell out of your means and do not harm them in order to oppress them. And if they should be pregnant, then spend on them until they give birth. And if they breastfeed for you, then give them their payment and confer among yourselves in the acceptable way; but if you are in discord, then there may breastfeed for the father another woman."
  },
  {
    "id": 7,
    "ar": "لِيُنفِقْ ذُو سَعَةٍ مِّن سَعَتِهِۦ وَمَن قُدِرَ عَلَيْهِ رِزْقُهُۥ فَلْيُنفِقْ مِمَّآ ءَاتَىٰهُ ٱللَّهُ لَا يُكَلِّفُ ٱللَّهُ نَفْسًا إِلَّا مَآ ءَاتَىٰهَا سَيَجْعَلُ ٱللَّهُ بَعْدَ عُسْرٍ يُسْرًا",
    "tr": "লিইয়ুনফিকযূছা‘আতিম মিন ছা‘আতিহী ওয়া মান কুদিরা ‘আলাইহি রিঝকুহূ ফালইউনফিকমিম্মাআ-তা-হুল্লা-হু লা-ইউকালিলফুল্লা-হু নাফছান ইল্লা-মাআ-তাহা- ছাইয়াজ‘আলুল্লা-হু বা‘দা ‘উছরিইঁ ইউছরা-।",
    "bn_haque": "প্রাচুর্যের অধিকারী যেন তার প্রাচুর্য থেকে খরচ করে, আর যার উপরে তার জীবিকা সীমিত করা হয়েছে সে যেন খরচ করে আল্লাহ্ তাকে যা দিয়েছেন তা থেকে। আল্লাহ্ কোনো সত্ত্বাকে কষ্ট দেন না তিনি তাকে যা দিয়েছেন তার অতিরিক্ত। আল্লাহ্ অচিরেই কষ্টের পরে আরাম প্রদান করবেন।",
    "bn_muhi": "বিত্তশালী ব্যক্তি তার বিত্ত অনুযায়ী ব্যয় করবে। যে ব্যক্তি সীমিত পরিমাণে রিযিকপ্রাপ্ত, সে আল্লাহ যা দিয়েছেন, তা থেকে ব্যয় করবে। আল্লাহ যাকে যা দিয়েছেন, তদপেক্ষা বেশী ব্যয় করার আদেশ কাউকে করেন না। আল্লাহ কষ্টের পর সুখ দেবেন।",
    "en": "Let a man of wealth spend from his wealth, and he whose provision is restricted - let him spend from what Allah has given him. Allah does not charge a soul except [according to] what He has given it. Allah will bring about, after hardship, ease."
  },
  {
    "id": 8,
    "ar": "وَكَأَيِّن مِّن قَرْيَةٍ عَتَتْ عَنْ أَمْرِ رَبِّهَا وَرُسُلِهِۦ فَحَاسَبْنَٰهَا حِسَابًا شَدِيدًا وَعَذَّبْنَٰهَا عَذَابًا نُّكْرًا",
    "tr": "ওয়া কাআইয়িম মিন কারয়াতিন ‘আতাত ‘আন আমরি রাব্বিহা-ওয়া রুছুলিহী ফাহা-ছাব নাহা-হিছা-বান শাদীদাওঁ ওয়া ‘আযযাবনা-হা-‘আযা-বান নুকরা-।",
    "bn_haque": "আর কত না জনপদ তার প্রভুর ও তাঁর রসূলদের নির্দেশের বিরুদ্ধে দাঁড়িয়েছিল, ফলে আমরা তার হিসাব তলব করেছিলাম কড়া হিসাব তলবে, আর আমরা তাকে শাস্তি দিয়েছিলাম শক্ত শাস্তিতে।",
    "bn_muhi": "অনেক জনপদ তাদের পালনকর্তা ও তাঁর রসূলগণের আদেশ অমান্য করেছিল, অতঃপর আমি তাদেরকে কঠোর হিসাবে ধৃত করেছিলাম এবং তাদেরকে ভীষণ শাস্তি দিয়েছিলাম।",
    "en": "And how many a city was insolent toward the command of its Lord and His messengers, so We took it to severe account and punished it with a terrible punishment."
  },
  {
    "id": 9,
    "ar": "فَذَاقَتْ وَبَالَ أَمْرِهَا وَكَانَ عَٰقِبَةُ أَمْرِهَا خُسْرًا",
    "tr": "ফাযা-কাত ওয়া বা-লা আমরিহা-ওয়া কা-না ‘আ-কিবাতুআমরিহা-খুছরা-।",
    "bn_haque": "সেজন্য তা তার কাজের মন্দফল আস্বাদন করেছিল, আর তার কাজের পরিণাম ক্ষতিকর হয়েছিল।",
    "bn_muhi": "অতঃপর তাদের কর্মের শাস্তি আস্বাদন করল এবং তাদের কর্মের পরিণাম ক্ষতিই ছিল।",
    "en": "And it tasted the bad consequence of its affair, and the outcome of its affair was loss."
  },
  {
    "id": 10,
    "ar": "أَعَدَّ ٱللَّهُ لَهُمْ عَذَابًا شَدِيدًا فَٱتَّقُوا۟ ٱللَّهَ يَٰٓأُو۟لِى ٱلْأَلْبَٰبِ ٱلَّذِينَ ءَامَنُوا۟ قَدْ أَنزَلَ ٱللَّهُ إِلَيْكُمْ ذِكْرًا",
    "tr": "আ‘আদ্দাল্লা-হু লাহুম ‘আযা-বান শাদীদান ফাত্তাকুল্লা-হা ইয়াউলিল আলবা-বিল্লাযীনা আ-মানূ কাদ আনঝালাল্লা-হু ইলাইকুম যিকরা-।",
    "bn_haque": "আল্লাহ্ তাদের জন্য ভীষণ শাস্তি তৈরি রেখেছেন, অতএব আল্লাহ্‌কে ভয়-ভক্তি করো, হে জ্ঞানবান লোকেরা -- যারা ঈমান এনেছ! আল্লাহ্ তোমাদের কাছে প্রেরণ করেই রেখেছেন এক স্মারক --",
    "bn_muhi": "আল্লাহ তাদের জন্যে যন্ত্রণাদায়ক শাস্তি প্রস্তত রেখেছেন অতএব, হে বুদ্ধিমানগণ, যারা ঈমান এনেছ, তোমরা আল্লাহকে ভয় কর। আল্লাহ তোমাদের প্রতি উপদেশ নাযিল করেছেন।",
    "en": "Allah has prepared for them a severe punishment; so fear Allah, O you of understanding who have believed. Allah has sent down to you the Qur'an."
  },
  {
    "id": 11,
    "ar": "رَّسُولًا يَتْلُوا۟ عَلَيْكُمْ ءَايَٰتِ ٱللَّهِ مُبَيِّنَٰتٍ لِّيُخْرِجَ ٱلَّذِينَ ءَامَنُوا۟ وَعَمِلُوا۟ ٱلصَّٰلِحَٰتِ مِنَ ٱلظُّلُمَٰتِ إِلَى ٱلنُّورِ وَمَن يُؤْمِنۢ بِٱللَّهِ وَيَعْمَلْ صَٰلِحًا يُدْخِلْهُ جَنَّٰتٍ تَجْرِى مِن تَحْتِهَا ٱلْأَنْهَٰرُ خَٰلِدِينَ فِيهَآ أَبَدًا قَدْ أَحْسَنَ ٱللَّهُ لَهُۥ رِزْقًا",
    "tr": "রাছূলাইঁ ইয়াতলূ‘আলাইকুম আ-য়া-তিল্লা-হি মুবাইয়িনা-তিল লিইউখরিজাল্লাযী না আ-মানূ ওয়া ‘আমিলুসসা-লিহা-তি মিনাজ্জুলুমা-তি ইলান্নূরি ওয়া মাইঁ ইউ’মিম বিল্লা-হি ওয়া ইয়া‘মাল সা-লিহাইঁ ইউদখিলহু জান্না-তিন তাজরী মিন তাহতিহাল আনহা-রু খা-লিদীনা ফীহাআবাদা- কাদ আহছানাল্লা-হু লাহূরিঝকা-।",
    "bn_haque": "একজন রসূল -- তিনি তোমাদের কাছে আবৃত্তি করছেন আল্লাহ্‌র নির্দেশাবলী, সুস্পষ্টভাবে, যেন যারা ঈমান এনেছে ও সৎকাজ করছে তাদের তিনি বের করে আনতে পারেন অন্ধকার থেকে আলোকে। আর যে কেউ আল্লাহ্‌তে ঈমান আনে ও সৎকাজ করে, তাকে তিনি প্রবেশ করাবেন স্বর্গোউদ্যানসমূহে যাদের নিচে দিয়ে বয়ে চলেছে ঝরনারাজি, সেখানে সে অবস্থান করবে চিরকাল। আল্লাহ্ তার জন্য জীবনোপকরণকে অতি উৎকৃষ্ট করেই রেখেছেন।",
    "bn_muhi": "একজন রসূল, যিনি তোমাদের কাছে আল্লাহর সুস্পষ্ট আয়াতসমূহ পাঠ করেন, যাতে বিশ্বাসী ও সৎকর্মপরায়ণদের অন্ধকার থেকে আলোতে আনয়ন করেন। যে আল্লাহর প্রতি বিশ্বাস স্থাপন করে ও সৎকর্ম সম্পাদন করে, তিনি তাকে দাখিল করবেন জান্নাতে, যার তলদেশে নদী প্রবাহিত, তথায় তারা চিরকাল থাকবে। আল্লাহ তাকে উত্তম রিযিক দেবেন।",
    "en": "[He sent] a Messenger [Muhammad] reciting to you the distinct verses of Allah that He may bring out those who believe and do righteous deeds from darknesses into the light. And whoever believes in Allah and does righteousness - He will admit him into gardens beneath which rivers flow to abide therein forever. Allah will have perfected for him a provision."
  },
  {
    "id": 12,
    "ar": "ٱللَّهُ ٱلَّذِى خَلَقَ سَبْعَ سَمَٰوَٰتٍ وَمِنَ ٱلْأَرْضِ مِثْلَهُنَّ يَتَنَزَّلُ ٱلْأَمْرُ بَيْنَهُنَّ لِتَعْلَمُوٓا۟ أَنَّ ٱللَّهَ عَلَىٰ كُلِّ شَىْءٍ قَدِيرٌ وَأَنَّ ٱللَّهَ قَدْ أَحَاطَ بِكُلِّ شَىْءٍ عِلْمًۢا",
    "tr": "আল্লা-হুল্লাযী খালাকা ছাব‘আ ছামা-ওয়া-তিওঁ ওয়া মিনাল আরদিমিছলাহুন্না ইয়াতানাঝঝালুল আমরু বাইনাহুন্না লিতা‘লামূআন্নাল্লা-হা ‘আলা-কুল্লি শাইয়িন কাদীরুওঁ ওয়া আন্নাল্লা-হা কাদ আহা-তা বিকুল্লি শাইয়িন ‘ইল মা-।",
    "bn_haque": "আল্লাহ্‌ই তিনি যিনি সৃষ্টি করেছেন সাত আসমান, আর পৃথিবীর বেলায়ও তাদের অনুরূপ। বিধান অবতরণ করে চলেছে তাদের মধ্যে, যেন তোমরা জানতে পার যে আল্লাহ্ সব-কিছুর উপরে সর্বশক্তিমান, আর এই যে আল্লাহ্ সব-কিছুকে ঘিরে রেখেছেন জ্ঞানের দ্বারা।",
    "bn_muhi": "আল্লাহ সপ্তাকাশ সৃষ্টি করেছেন এবং পৃথিবীও সেই পরিমাণে, এসবের মধ্যে তাঁর আদেশ অবতীর্ণ হয়, যাতে তোমরা জানতে পার যে, আল্লাহ সর্বশক্তিমান এবং সবকিছু তাঁর গোচরীভূত।",
    "en": "It is Allah who has created seven heavens and of the earth, the like of them. [His] command descends among them so you may know that Allah is over all things competent and that Allah has encompassed all things in knowledge."
  }
]