[
  {
    "id": 1,
    "ar": "نٓ وَٱلْقَلَمِ وَمَا يَسْطُرُونَ",
    "tr": "নূন ওয়াল কালামি ওয়ামা- ইয়াছতুরূন।",
    "bn_haque": "নূন! ভাবো কলম ও যা তারা লেখে।",
    "bn_muhi": "নূন। শপথ কলমের এবং সেই বিষয়ের যা তারা লিপিবদ্ধ করে,",
    "en": "Nun. By the pen and what they inscribe,"
  },
  {
    "id": 2,
    "ar": "مَآ أَنتَ بِنِعْمَةِ رَبِّكَ بِمَجْنُونٍ",
    "tr": "মাআনতা বিনি‘মাতি রাব্বিকা বিমাজনূন।",
    "bn_haque": "তোমার প্রভুর অনুগ্রহে তুমি কিন্তু পাগল নও।",
    "bn_muhi": "আপনার পালনকর্তার অনুগ্রহে আপনি উম্মাদ নন।",
    "en": "You are not, [O Muhammad], by the favor of your Lord, a madman."
  },
  {
    "id": 3,
    "ar": "وَإِنَّ لَكَ لَأَجْرًا غَيْرَ مَمْنُونٍ",
    "tr": "ওয়া ইন্না লাকা লাআজরান গাইরা মামনূন।",
    "bn_haque": "আর তোমার জন্য নিশ্চয়ই রয়েছে এমন এক প্রতিদান যা শেষ হবার নয়।",
    "bn_muhi": "আপনার জন্যে অবশ্যই রয়েছে অশেষ পুরস্কার।",
    "en": "And indeed, for you is a reward uninterrupted."
  },
  {
    "id": 4,
    "ar": "وَإِنَّكَ لَعَلَىٰ خُلُقٍ عَظِيمٍ",
    "tr": "ওয়া ইন্নাকা লা‘আলা-খুলুকিন ‘আজীম।",
    "bn_haque": "আর নিঃসন্দেহ তুমি সুমহান চরিত্রে অধিষ্ঠিত।",
    "bn_muhi": "আপনি অবশ্যই মহান চরিত্রের অধিকারী।",
    "en": "And indeed, you are of a great moral character."
  },
  {
    "id": 5,
    "ar": "فَسَتُبْصِرُ وَيُبْصِرُونَ",
    "tr": "ফাছাতুবসিরু ওয়া ইউবসিরূন।",
    "bn_haque": "ফলে তুমি শীঘ্রই দেখবে এবং তারাও দেখতে পাবে --",
    "bn_muhi": "সত্ত্বরই আপনি দেখে নিবেন এবং তারাও দেখে নিবে।",
    "en": "So you will see and they will see"
  },
  {
    "id": 6,
    "ar": "بِأَييِّكُمُ ٱلْمَفْتُونُ",
    "tr": "বিআইয়িকুমুল মাফতূন।",
    "bn_haque": "যে তোমাদের মধ্যে কে বিকারগ্রস্ত।",
    "bn_muhi": "কে তোমাদের মধ্যে বিকারগ্রস্ত।",
    "en": "Which of you is the afflicted [by a devil]."
  },
  {
    "id": 7,
    "ar": "إِنَّ رَبَّكَ هُوَ أَعْلَمُ بِمَن ضَلَّ عَن سَبِيلِهِۦ وَهُوَ أَعْلَمُ بِٱلْمُهْتَدِينَ",
    "tr": "ইন্না রাব্বাকা হুওয়া আ‘লামুবিমান দাল্লা ‘আন ছাবীলিহী ওয়াহুওয়া আ‘লামু বিলমুহতাদীন।",
    "bn_haque": "নিঃসন্দেহ তোমার প্রভু, তিনি ভাল জানেন কে তাঁর পথ থেকে বিচ্যুত হয়েছে, আর তিনি ভাল জানেন সৎপথপ্রাপ্তদের ।",
    "bn_muhi": "আপনার পালনকর্তা সম্যক জানেন কে তাঁর পথ থেকে বিচ্যুত হয়েছে এবং তিনি জানেন যারা সৎপথ প্রাপ্ত।",
    "en": "Indeed, your Lord is most knowing of who has gone astray from His way, and He is most knowing of the [rightly] guided."
  },
  {
    "id": 8,
    "ar": "فَلَا تُطِعِ ٱلْمُكَذِّبِينَ",
    "tr": "ফালা-তুতি‘ইল মুকাযযি বীন।",
    "bn_haque": "অতএব মিথ্যাচারীদের আজ্ঞাপালন করো না।",
    "bn_muhi": "অতএব, আপনি মিথ্যারোপকারীদের আনুগত্য করবেন না।",
    "en": "Then do not obey the deniers."
  },
  {
    "id": 9,
    "ar": "وَدُّوا۟ لَوْ تُدْهِنُ فَيُدْهِنُونَ",
    "tr": "ওয়াদ্দূলাও তুদহিনুফাইউদহিনূন।",
    "bn_haque": "তারা চায় যে তুমি যদি নমনীয় হও তাহলে তারাও নমনীয় হবে।",
    "bn_muhi": "তারা চায় যদি আপনি নমনীয় হন, তবে তারাও নমনীয় হবে।",
    "en": "They wish that you would soften [in your position], so they would soften [toward you]."
  },
  {
    "id": 10,
    "ar": "وَلَا تُطِعْ كُلَّ حَلَّافٍ مَّهِينٍ",
    "tr": "ওয়ালা-তুতি‘ কুল্লা হাল্লাফিম মাহীন।",
    "bn_haque": "আর আজ্ঞাপালন করো না প্রত্যেকটি হলফকারীর, লাঞ্ছিতজনের, --",
    "bn_muhi": "যে অধিক শপথ করে, যে লাঞ্ছিত, আপনি তার আনুগত্য করবেন না।",
    "en": "And do not obey every worthless habitual swearer"
  },
  {
    "id": 11,
    "ar": "هَمَّازٍ مَّشَّآءٍۭ بِنَمِيمٍ",
    "tr": "হাম্মা-ঝিম মাশশাইম বিনামীম।",
    "bn_haque": "পরনিন্দাকারীর, কলঙ্ক রটাতে ঘুরে-বেড়ানো লোকের, --",
    "bn_muhi": "যে পশ্চাতে নিন্দা করে একের কথা অপরের নিকট লাগিয়ে ফিরে।",
    "en": "[And] scorner, going about with malicious gossip -"
  },
  {
    "id": 12,
    "ar": "مَّنَّاعٍ لِّلْخَيْرِ مُعْتَدٍ أَثِيمٍ",
    "tr": "মান্না-‘ইলিলল খাইরি মু‘তাদিন আছীম।",
    "bn_haque": "ভালোকাজে নিষেধকারীর, সীমালংঘনকারীর পাপাচারীর, --",
    "bn_muhi": "যে ভাল কাজে বাধা দেয়, সে সীমালংঘন করে, সে পাপিষ্ঠ,",
    "en": "A preventer of good, transgressing and sinful,"
  },
  {
    "id": 13,
    "ar": "عُتُلٍّۭ بَعْدَ ذَٰلِكَ زَنِيمٍ",
    "tr": "‘উতুলিলম বা‘দা যা- লিকা ঝানীম।",
    "bn_haque": "ষন্ডা-গুন্ডার, তদুপরি অসচ্চরিত্রের, --",
    "bn_muhi": "কঠোর স্বভাব, তদুপরি কুখ্যাত;",
    "en": "Cruel, moreover, and an illegitimate pretender."
  },
  {
    "id": 14,
    "ar": "أَن كَانَ ذَا مَالٍ وَبَنِينَ",
    "tr": "আন কা-না যা- মা-লিওঁ ওয়া বানীন।",
    "bn_haque": "এইজন্য যে সে ধনসম্পদের এবং সন্তানসন্ততির অধিকারী।",
    "bn_muhi": "এ কারণে যে, সে ধন-সম্পদ ও সন্তান সন্ততির অধিকারী।",
    "en": "Because he is a possessor of wealth and children,"
  },
  {
    "id": 15,
    "ar": "إِذَا تُتْلَىٰ عَلَيْهِ ءَايَٰتُنَا قَالَ أَسَٰطِيرُ ٱلْأَوَّلِينَ",
    "tr": "ইযা-তুতলা- ‘আলাইহি আ-য়া-তুনা- কা- লা আছা-তীরুল আওওয়ালীন।",
    "bn_haque": "যখন তার কাছে আমাদের বাণীসমূহ পাঠ করা হয় সে বলে -- \"সেকেলে কল্পকাহিনী!\"",
    "bn_muhi": "তার কাছে আমার আয়াত পাঠ করা হলে সে বলে; সেকালের উপকথা।",
    "en": "When Our verses are recited to him, he says, \"Legends of the former peoples.\""
  },
  {
    "id": 16,
    "ar": "سَنَسِمُهُۥ عَلَى ٱلْخُرْطُومِ",
    "tr": "ছানাছিমুহূ‘আলাল খুরতূম।",
    "bn_haque": "আমরা শীঘ্রই তার উঁচু নাকে দাগ করে দেব।",
    "bn_muhi": "আমি তার নাসিকা দাগিয়ে দিব।",
    "en": "We will brand him upon the snout."
  },
  {
    "id": 17,
    "ar": "إِنَّا بَلَوْنَٰهُمْ كَمَا بَلَوْنَآ أَصْحَٰبَ ٱلْجَنَّةِ إِذْ أَقْسَمُوا۟ لَيَصْرِمُنَّهَا مُصْبِحِينَ",
    "tr": "ইন্না- বালাওনা- হুম কামা-বালাওনাআসাহা-বাল জান্নাতি ইযআকছামূ লাইয়াসরিমুন্নাহা- মুসবিহীন।",
    "bn_haque": "আমরা নিশ্চয়ই তাদের পরীক্ষা করব যেমন আমরা পরীক্ষা করেছিলাম বাগান-মালিকদের, যখন ওরা কসম খেয়েছিল যে তারা নিশ্চয় ভোরবেলা এর ফসল কাটবে, --",
    "bn_muhi": "আমি তাদেরকে পরীক্ষা করেছি, যেমন পরীক্ষা করেছি উদ্যানওয়ালাদের, যখন তারা শপথ করেছিল যে, সকালে বাগানের ফল আহরণ করবে,",
    "en": "Indeed, We have tried them as We tried the companions of the garden, when they swore to cut its fruit in the [early] morning"
  },
  {
    "id": 18,
    "ar": "وَلَا يَسْتَثْنُونَ",
    "tr": "ওয়ালা-ইয়াছতাছনূন।",
    "bn_haque": "আর তারা কোনো সংরক্ষণ করে নি।",
    "bn_muhi": "ইনশাআল্লাহ না বলে।",
    "en": "Without making exception."
  },
  {
    "id": 19,
    "ar": "فَطَافَ عَلَيْهَا طَآئِفٌ مِّن رَّبِّكَ وَهُمْ نَآئِمُونَ",
    "tr": "ফাতা-ফা ‘আলাইহা- তাইফুম মিররাব্বিকা ওয়া হুম নাইমূন।",
    "bn_haque": "ফলে তোমার প্রভুর কাছ থেকে এক দুর্বিপাক এর উপরে আপতিত হয়েছিল যখন তারা ঘুমিয়ে পড়েছিল।",
    "bn_muhi": "অতঃপর আপনার পালনকর্তার পক্ষ থেকে বাগানে এক বিপদ এসে পতিত হলো। যখন তারা নিদ্রিত ছিল।",
    "en": "So there came upon the garden an affliction from your Lord while they were asleep."
  },
  {
    "id": 20,
    "ar": "فَأَصْبَحَتْ كَٱلصَّرِيمِ",
    "tr": "ফাআসবাহাত কাসসারীম।",
    "bn_haque": "কাজেই সকালবেলায় তা হয়ে গেল এক কালো নিষ্ফলা জমির মতো।",
    "bn_muhi": "ফলে সকাল পর্যন্ত হয়ে গেল ছিন্নবিচ্ছিন্ন তৃণসম।",
    "en": "And it became as though reaped."
  },
  {
    "id": 21,
    "ar": "فَتَنَادَوْا۟ مُصْبِحِينَ",
    "tr": "ফাতানা-দাও মুসবিহীন।",
    "bn_haque": "তারা কিন্তু সাত-সকালে একে অপরকে ডাকাডাকি করলে --",
    "bn_muhi": "সকালে তারা একে অপরকে ডেকে বলল,",
    "en": "And they called one another at morning,"
  },
  {
    "id": 22,
    "ar": "أَنِ ٱغْدُوا۟ عَلَىٰ حَرْثِكُمْ إِن كُنتُمْ صَٰرِمِينَ",
    "tr": "আনিগদূ‘আলা-হারছিকুম ইন কুনতুম সা-রিমীন।",
    "bn_haque": "এই বলে -- \"সকাল সকাল তোমাদের খেত-খামারে যাও যদি তোমরা ফসল কাটতে চাও।\"",
    "bn_muhi": "তোমরা যদি ফল আহরণ করতে চাও, তবে সকাল সকাল ক্ষেতে চল।",
    "en": "[Saying], \"Go early to your crop if you would cut the fruit.\""
  },
  {
    "id": 23,
    "ar": "فَٱنطَلَقُوا۟ وَهُمْ يَتَخَٰفَتُونَ",
    "tr": "ফানতালাকূওয়া হুম ইয়াতাখা-ফাতূন।",
    "bn_haque": "তখন তারা বেরিয়ে পড়ল, আর তারা ফিসফিস করতে থাকল --",
    "bn_muhi": "অতঃপর তারা চলল ফিসফিস করে কথা বলতে বলতে,",
    "en": "So they set out, while lowering their voices,"
  },
  {
    "id": 24,
    "ar": "أَن لَّا يَدْخُلَنَّهَا ٱلْيَوْمَ عَلَيْكُم مِّسْكِينٌ",
    "tr": "আল্লা-ইয়াদখুলান্নাহাল ইয়াওমা ‘আলাইকুম মিছকীন।",
    "bn_haque": "এই বলে -- \"আজ যেন তোমাদের বিরুদ্ধে কোনো হাভাতে সেখানে ঢুকে না পড়ে।\"",
    "bn_muhi": "অদ্য যেন কোন মিসকীন ব্যক্তি তোমাদের কাছে বাগানে প্রবেশ করতে না পারে।",
    "en": "[Saying], \"There will surely not enter it today upon you [any] poor person.\""
  },
  {
    "id": 25,
    "ar": "وَغَدَوْا۟ عَلَىٰ حَرْدٍ قَٰدِرِينَ",
    "tr": "ওয়া গাদাও ‘আলা- হার দিন কা- দিরীন।",
    "bn_haque": "আর তারা সকাল সকাল সংকল্পে দৃঢ়প্রতিজ্ঞ হয়ে যাত্রা করল।",
    "bn_muhi": "তারা সকালে লাফিয়ে লাফিয়ে সজোরে রওয়ানা হল।",
    "en": "And they went early in determination, [assuming themselves] able."
  },
  {
    "id": 26,
    "ar": "فَلَمَّا رَأَوْهَا قَالُوٓا۟ إِنَّا لَضَآلُّونَ",
    "tr": "ফালাম্মা- রআওহা-কা- লূইন্না-লাদাললূন।",
    "bn_haque": "কিন্তু যখন তারা তা দেখল তারা বললে -- \"নিশ্চয় আমরা পথ ভুল করেছি।\"",
    "bn_muhi": "অতঃপর যখন তারা বাগান দেখল, তখন বললঃ আমরা তো পথ ভূলে গেছি।",
    "en": "But when they saw it, they said, \"Indeed, we are lost;"
  },
  {
    "id": 27,
    "ar": "بَلْ نَحْنُ مَحْرُومُونَ",
    "tr": "বাল নাহনূমাহরূমূন।",
    "bn_haque": "না, আমরা বঞ্চিত হয়েছি।",
    "bn_muhi": "বরং আমরা তো কপালপোড়া,",
    "en": "Rather, we have been deprived.\""
  },
  {
    "id": 28,
    "ar": "قَالَ أَوْسَطُهُمْ أَلَمْ أَقُل لَّكُمْ لَوْلَا تُسَبِّحُونَ",
    "tr": "কা-লা আওছাতুহুম আলাম আকুল্লাকুম লাওলা-তুছাব্বিহূন",
    "bn_haque": "ওদের মধ্যের শ্রেষ্ঠজন বললে -- \"আমি কি তোমাদের বলি নি, কেন তোমরা জপতপ করছ না?\"",
    "bn_muhi": "তাদের উত্তম ব্যক্তি বললঃ আমি কি তোমাদেরকে বলিনি? এখনও তোমরা আল্লাহ তা’আলার পবিত্রতা বর্ণনা করছো না কেন?",
    "en": "The most moderate of them said, \"Did I not say to you, 'Why do you not exalt [ Allah ]?' \""
  },
  {
    "id": 29,
    "ar": "قَالُوا۟ سُبْحَٰنَ رَبِّنَآ إِنَّا كُنَّا ظَٰلِمِينَ",
    "tr": "কা-লূছুবহা- না রাব্বিনাইন্না-কুন্না- জা- লিমীন।",
    "bn_haque": "তারা বললে -- \"আমাদের প্রভুর মহিমা ঘোষিত হোক, আমরা নিশ্চয় কিছুটা ফসল দান করতে অন্যায় করেছি।\"",
    "bn_muhi": "তারা বললঃ আমরা আমাদের পালনকর্তার পবিত্রতা ঘোষণা করছি, নিশ্চিতই আমরা সীমালংঘনকারী ছিলাম।",
    "en": "They said, \"Exalted is our Lord! Indeed, we were wrongdoers.\""
  },
  {
    "id": 30,
    "ar": "فَأَقْبَلَ بَعْضُهُمْ عَلَىٰ بَعْضٍ يَتَلَٰوَمُونَ",
    "tr": "ফাআকবালা বা‘দুহুম ‘আলা-বা‘দিইঁ ইয়াতালা-ওয়ামূন।",
    "bn_haque": "তারপর তাদের কেউ-কেউ অন্যের কাছে গেল নিজেদের দোষারোপ করতে করতে।",
    "bn_muhi": "অতঃপর তারা একে অপরকে ভৎর্সনা করতে লাগল।",
    "en": "Then they approached one another, blaming each other."
  },
  {
    "id": 31,
    "ar": "قَالُوا۟ يَٰوَيْلَنَآ إِنَّا كُنَّا طَٰغِينَ",
    "tr": "কা-লূইয়া- ওয়াইলানা ইন্না-কুন্না-তা-গীন।",
    "bn_haque": "তারা বললে -- \"হায়, ধিক্ আমাদের! আমরা নিশ্চয়ই সীমা ছাড়িয়ে গিয়েছিলাম।",
    "bn_muhi": "তারা বললঃ হায়! দুর্ভোগ আমাদের আমরা ছিলাম সীমাতিক্রমকারী।",
    "en": "They said, \"O woe to us; indeed we were transgressors."
  },
  {
    "id": 32,
    "ar": "عَسَىٰ رَبُّنَآ أَن يُبْدِلَنَا خَيْرًا مِّنْهَآ إِنَّآ إِلَىٰ رَبِّنَا رَٰغِبُونَ",
    "tr": "‘আছা-রাব্বুনাআইঁ ইউবদিলানা-খাইরাম মিনহাইন্নাইলা-রাব্বিনা-রা-গিবূন।",
    "bn_haque": "হতে পারে আমাদের প্রভু আমাদের জন্য এর চেয়েও ভাল কিছু বদলে দেবেন, নিশ্চয় আমাদের প্রভুর কাছেই আমরা সানুনয় প্রার্থনা করছি।",
    "bn_muhi": "সম্ভবতঃ আমাদের পালনকর্তা পরিবর্তে এর চাইতে উত্তম বাগান আমাদেরকে দিবেন। আমরা আমাদের পালনকর্তার কাছে আশাবাদী।",
    "en": "Perhaps our Lord will substitute for us [one] better than it. Indeed, we are toward our Lord desirous.\""
  },
  {
    "id": 33,
    "ar": "كَذَٰلِكَ ٱلْعَذَابُ وَلَعَذَابُ ٱلْءَاخِرَةِ أَكْبَرُ لَوْ كَانُوا۟ يَعْلَمُونَ",
    "tr": "কাযা-লিকাল ‘আযা-বু ওয়ালা‘আযা-বুল আ-খিরাতি আকবারু । লাও কা-নূ ইয়া‘লামূন।",
    "bn_haque": "এমনটাই শাস্তি হয়ে থাকে। আর পরকালের শাস্তি তো আরো বিরাট, -- যদি তারা জানতো!",
    "bn_muhi": "শাস্তি এভাবেই আসে এবং পরকালের শাস্তি আরও গুরুতর; যদি তারা জানত!",
    "en": "Such is the punishment [of this world]. And the punishment of the Hereafter is greater, if they only knew."
  },
  {
    "id": 34,
    "ar": "إِنَّ لِلْمُتَّقِينَ عِندَ رَبِّهِمْ جَنَّٰتِ ٱلنَّعِيمِ",
    "tr": "ইন্না লিলমুত্তাকীনা ‘ইনদা রাব্বিহিম জান্না-তিন না‘ঈম।",
    "bn_haque": "নিঃসন্দেহ ধর্মভীরুদের জন্য তাদের প্রভুর কাছে রয়েছে আনন্দময় উদ্যান-সমূহ।",
    "bn_muhi": "মোত্তাকীদের জন্যে তাদের পালনকর্তার কাছে রয়েছে নেয়ামতের জান্নাত।",
    "en": "Indeed, for the righteous with their Lord are the Gardens of Pleasure."
  },
  {
    "id": 35,
    "ar": "أَفَنَجْعَلُ ٱلْمُسْلِمِينَ كَٱلْمُجْرِمِينَ",
    "tr": "আফানাজ‘আলুল মুছলিমীনা কালমুজরিমীন।",
    "bn_haque": "কী, আমরা কি তবে মুসলিমদের বানাব অপরাধীদের মতো?",
    "bn_muhi": "আমি কি আজ্ঞাবহদেরকে অপরাধীদের ন্যায় গণ্য করব?",
    "en": "Then will We treat the Muslims like the criminals?"
  },
  {
    "id": 36,
    "ar": "مَا لَكُمْ كَيْفَ تَحْكُمُونَ",
    "tr": "মা-লাকুম কাইফা তাহকুমূন।",
    "bn_haque": "কি হয়েছে তোমাদের? কিভাবে তোমরা বিচার কর?",
    "bn_muhi": "তোমাদের কি হল ? তোমরা কেমন সিদ্ধান্ত দিচ্ছ?",
    "en": "What is [the matter] with you? How do you judge?"
  },
  {
    "id": 37,
    "ar": "أَمْ لَكُمْ كِتَٰبٌ فِيهِ تَدْرُسُونَ",
    "tr": "আম লাকুম কিতা-বুন ফীহি তাদরুছূন।",
    "bn_haque": "না কি তোমাদের জন্য কোনো গ্রন্থ রয়েছে যা তোমরা অধ্যয়ন কর --",
    "bn_muhi": "তোমাদের কি কোন কিতাব আছে, যা তোমরা পাঠ কর।",
    "en": "Or do you have a scripture in which you learn"
  },
  {
    "id": 38,
    "ar": "إِنَّ لَكُمْ فِيهِ لَمَا تَخَيَّرُونَ",
    "tr": "ইন্না লাকুম ফীহি লামা- তাখাইইয়ারূন।",
    "bn_haque": "যে, নিশ্চয়ই তোমাদের জন্য তাতে তাই রয়েছে যা তোমরা পছন্দ কর?",
    "bn_muhi": "তাতে তোমরা যা পছন্দ কর, তাই পাও?",
    "en": "That indeed for you is whatever you choose?"
  },
  {
    "id": 39,
    "ar": "أَمْ لَكُمْ أَيْمَٰنٌ عَلَيْنَا بَٰلِغَةٌ إِلَىٰ يَوْمِ ٱلْقِيَٰمَةِ إِنَّ لَكُمْ لَمَا تَحْكُمُونَ",
    "tr": "আম লাকুম আইমা-নুন ‘আলাইনা- বা-লিগাতুন ইলা-ইয়াওমিল কিয়া-মাতি ইন্না লাকুম লামা-তাহকুমূন।",
    "bn_haque": "অথবা, তোমাদের জন্য আমাদের উপরে কিয়ামতের দিন পর্যন্ত বলবৎ থাকা এমন কোনো অংগীকার রয়েছে কি যে তোমাদের জন্য আলবৎ তাই থাকবে যা তোমরা স্থির করবে?",
    "bn_muhi": "না তোমরা আমার কাছ থেকেকেয়ামত পর্যন্ত বলবৎ কোন শপথ নিয়েছ যে, তোমরা তাই পাবে যা তোমরা সিদ্ধান্ত করবে?",
    "en": "Or do you have oaths [binding] upon Us, extending until the Day of Resurrection, that indeed for you is whatever you judge?"
  },
  {
    "id": 40,
    "ar": "سَلْهُمْ أَيُّهُم بِذَٰلِكَ زَعِيمٌ",
    "tr": "ছালহুম আইয়ুহুম বিযা-লিকা ঝা‘ঈম।",
    "bn_haque": "তাদের জিজ্ঞাসা করো -- তাদের মধ্যে কে এ-সন্বন্ধে জামিন হবে;",
    "bn_muhi": "আপনি তাদেরকে জিজ্ঞাসা করুন তাদের কে এ বিষয়ে দায়িত্বশীল?",
    "en": "Ask them which of them, for that [claim], is responsible."
  },
  {
    "id": 41,
    "ar": "أَمْ لَهُمْ شُرَكَآءُ فَلْيَأْتُوا۟ بِشُرَكَآئِهِمْ إِن كَانُوا۟ صَٰدِقِينَ",
    "tr": "আম লাহুম শুরাকা-উ ফালইয়া’তূবিশুরাকাইহিম ইন কা-নূসা-দিকীন।",
    "bn_haque": "না তাদের জন্য অংশী-দেবতারা আছে? তেমন হলে তাদের অংশী-দেবতাদের তারা নিয়ে আসুক যদি তারা সত্যবাদী হয়।",
    "bn_muhi": "না তাদের কোন শরীক উপাস্য আছে? থাকলে তাদের শরীক উপাস্যদেরকে উপস্থিত করুক যদি তারা সত্যবাদী হয়।",
    "en": "Or do they have partners? Then let them bring their partners, if they should be truthful."
  },
  {
    "id": 42,
    "ar": "يَوْمَ يُكْشَفُ عَن سَاقٍ وَيُدْعَوْنَ إِلَى ٱلسُّجُودِ فَلَا يَسْتَطِيعُونَ",
    "tr": "ইয়াওমা ইউকশাফূ‘আন ছা-কিওঁ ওয়াইউদ‘আওনা ইলাছছুজূদি ফালা-ইয়াছতাতী‘ঊন।",
    "bn_haque": "একদিন চরম সংকট দেখা দেবে, আর তাদের ডাকা হবে সিজদা করতে, কিন্তু তারা সক্ষম হবে না।",
    "bn_muhi": "গোছা পর্যন্ত পা খোলার দিনের কথা স্মরণ কর, সেদিন তাদেরকে সেজদা করতে আহবান জানানো হবে, অতঃপর তারা সক্ষম হবে না।",
    "en": "The Day the shin will be uncovered and they are invited to prostration but the disbelievers will not be able,"
  },
  {
    "id": 43,
    "ar": "خَٰشِعَةً أَبْصَٰرُهُمْ تَرْهَقُهُمْ ذِلَّةٌ وَقَدْ كَانُوا۟ يُدْعَوْنَ إِلَى ٱلسُّجُودِ وَهُمْ سَٰلِمُونَ",
    "tr": "খা-শি‘আতান আবসা-রুহুম তারহাকুহুম যিল্লাতুওঁ ওয়াকাদ কা-নূইউদ‘আওনা ইলাছছুজূদি ওয়াহুম ছা-লিমূন।",
    "bn_haque": "তাদের দৃষ্টি হবে অবনত, লাঞ্ছনা তাদের জড়িয়ে ফেলবে। অথচ তাদের আহ্বান করা হয়েই থাকত সিজদা করতে যখন তারা ছিল নিরাপদ।",
    "bn_muhi": "তাদের দৃষ্টি অবনত থাকবে; তারা লাঞ্ছনাগ্রস্ত হবে, অথচ যখন তারা সুস্থ ও স্বাভাবিক অবস্থায় ছিল, তখন তাদেরকে সেজদা করতে আহবান জানানো হত।",
    "en": "Their eyes humbled, humiliation will cover them. And they used to be invited to prostration while they were sound."
  },
  {
    "id": 44,
    "ar": "فَذَرْنِى وَمَن يُكَذِّبُ بِهَٰذَا ٱلْحَدِيثِ سَنَسْتَدْرِجُهُم مِّنْ حَيْثُ لَا يَعْلَمُونَ",
    "tr": "ফাযারনী ওয়া মাইঁ ইউকাযযি বুবিহা-যাল হাদীছি ছানাছতাদরিজুহুম মিন হাইছুলাইয়া‘লামূন।",
    "bn_haque": "অতএব আমাকে এবং যে এই বাণী প্রত্যাখ্যান করে তাকে ছেড়ে দাও। আমরা তাদের ধাপে ধাপে নিয়ে যাব, কেমন করে তা তারা বুঝতেও পারবে না।",
    "bn_muhi": "অতএব, যারা এই কালামকে মিথ্যা বলে, তাদেরকে আমার হাতে ছেড়ে দিন, আমি এমন ধীরে ধীরে তাদেরকে জাহান্নামের দিকে নিয়ে যাব যে, তারা জানতে পারবে না।",
    "en": "So leave Me, [O Muhammad], with [the matter of] whoever denies the Qur'an. We will progressively lead them [to punishment] from where they do not know."
  },
  {
    "id": 45,
    "ar": "وَأُمْلِى لَهُمْ إِنَّ كَيْدِى مَتِينٌ",
    "tr": "ওয়া উমলী লাহুম ইন্না কাইদী মাতীন।",
    "bn_haque": "তথাপি আমি ওদের সহ্য করি। আমার ফাঁদ নিশ্চয়ই বড় মজবুত।",
    "bn_muhi": "আমি তাদেরকে সময় দেই। নিশ্চয় আমার কৌশল মজবুত।",
    "en": "And I will give them time. Indeed, My plan is firm."
  },
  {
    "id": 46,
    "ar": "أَمْ تَسْـَٔلُهُمْ أَجْرًا فَهُم مِّن مَّغْرَمٍ مُّثْقَلُونَ",
    "tr": "আম তাছআলুহুম আজরান ফাহুম মিম মাগরামিম মুছকালূন।",
    "bn_haque": "অথবা তুমি কি তাদের থেকে কোনো পারিশ্রমিক চাইছ যার ফলে তারা ধারকর্জ করে ভারাক্রান্ত হয়ে গেছে?",
    "bn_muhi": "আপনি কি তাদের কাছে পারিশ্রমিক চান? ফলে তাদের উপর জরিমানার বোঝা পড়ছে?",
    "en": "Or do you ask of them a payment, so they are by debt burdened down?"
  },
  {
    "id": 47,
    "ar": "أَمْ عِندَهُمُ ٱلْغَيْبُ فَهُمْ يَكْتُبُونَ",
    "tr": "আম ‘ইনদাহুমুল গাইবুফাহুম ইয়াকতুবূন।",
    "bn_haque": "অথবা অদৃশ্য কি তাদের কাছে রয়েছে, যার ফলে তারা লিখে রাখে?",
    "bn_muhi": "না তাদের কাছে গায়বের খবর আছে? অতঃপর তারা তা লিপিবদ্ধ করে।",
    "en": "Or have they [knowledge of] the unseen, so they write [it] down?"
  },
  {
    "id": 48,
    "ar": "فَٱصْبِرْ لِحُكْمِ رَبِّكَ وَلَا تَكُن كَصَاحِبِ ٱلْحُوتِ إِذْ نَادَىٰ وَهُوَ مَكْظُومٌ",
    "tr": "ফাসবির লিহুকমি রাব্বিকা ওয়ালা-তাকুন কাসা-হিবিল হূত । ইয না -দা- ওযা হুওয়া মাকজূম।",
    "bn_haque": "অতএব তোমার প্রভুর হুকুমের জন্য অধ্যবসায় চালিয়ে যাও, এবং তুমি মাছের সঙ্গীর মতো হয়ো না। দেখো! তিনি বিষাদে কাতর হয়ে ডেকেছিলেন।",
    "bn_muhi": "আপনি আপনার পালনকর্তার আদেশের অপেক্ষায় সবর করুন এবং মাছওয়ালা ইউনুসের মত হবেন না, যখন সে দুঃখাকুল মনে প্রার্থনা করেছিল।",
    "en": "Then be patient for the decision of your Lord, [O Muhammad], and be not like the companion of the fish when he called out while he was distressed."
  },
  {
    "id": 49,
    "ar": "لَّوْلَآ أَن تَدَٰرَكَهُۥ نِعْمَةٌ مِّن رَّبِّهِۦ لَنُبِذَ بِٱلْعَرَآءِ وَهُوَ مَذْمُومٌ",
    "tr": "লাওলা আন তাদা-রাকাহূনি‘মাতুম মিররাব্বিহী লানুবিযা বিল‘আরাইওযাহুওয়া মাযমূম।",
    "bn_haque": "যদি তাঁর প্রভুর কাছ থেকে অনুগ্রহ তাঁর কাছে না পৌঁছুত তাহলে তিনি অবশ্যই উন্মুক্ত প্রান্তরে নিক্ষিপ্ত হতেন, আর তিনি হতেন নিন্দিত।",
    "bn_muhi": "যদি তার পালনকর্তার অনুগ্রহ তাকে সামাল না দিত, তবে সে নিন্দিত অবস্থায় জনশুন্য প্রান্তরে নিক্ষিপ্ত হত।",
    "en": "If not that a favor from his Lord overtook him, he would have been thrown onto the naked shore while he was censured."
  },
  {
    "id": 50,
    "ar": "فَٱجْتَبَٰهُ رَبُّهُۥ فَجَعَلَهُۥ مِنَ ٱلصَّٰلِحِينَ",
    "tr": "ফাজতাবা- হু রাব্বুহূফাজা‘আলাহূমিনাসসা-লিহীন।",
    "bn_haque": "কিন্তু তাঁর প্রভু তাঁকে মনোনীত করেছিলেন, ফলে তাঁকে সৎপথাবলন্বীদের অন্তর্ভুক্ত করেছিলেন।",
    "bn_muhi": "অতঃপর তার পালনকর্তা তাকে মনোনীত করলেন এবং তাকে সৎকর্মীদের অন্তর্ভুক্ত করে নিলেন।",
    "en": "And his Lord chose him and made him of the righteous."
  },
  {
    "id": 51,
    "ar": "وَإِن يَكَادُ ٱلَّذِينَ كَفَرُوا۟ لَيُزْلِقُونَكَ بِأَبْصَٰرِهِمْ لَمَّا سَمِعُوا۟ ٱلذِّكْرَ وَيَقُولُونَ إِنَّهُۥ لَمَجْنُونٌ",
    "tr": "ওয়া ইয়ঁ ইয়াকা- দুল্লাযীনা কাফারূ লাইউঝলিকূনাকা বিআবসা-রিহিম লাম্মাছামি‘উযযিকরা ওয়া ইয়াকূলূনা ইন্নাহূলামাজনূন।",
    "bn_haque": "আর যারা অবিশ্বাস পোষণ করেছে তারা যখন স্মারক-গ্রন্থ শোনে তখন তারা যেন তাদের চোখ দিয়ে তোমাকে আছড়ে মারবে, আর তারা বলে -- \"সে তো নিশ্চয়ই এক পাগল।\"",
    "bn_muhi": "কাফেররা যখন কোরআন শুনে, তখন তারা তাদের দৃষ্টি দ্বারা যেন আপনাকে আছাড় দিয়ে ফেলে দিবে এবং তারা বলেঃ সে তো একজন পাগল।",
    "en": "And indeed, those who disbelieve would almost make you slip with their eyes when they hear the message, and they say, \"Indeed, he is mad.\""
  },
  {
    "id": 52,
    "ar": "وَمَا هُوَ إِلَّا ذِكْرٌ لِّلْعَٰلَمِينَ",
    "tr": "ওয়ামা-হুওয়া ইল্লা- যিকরুলিলল‘আ- লামীন।",
    "bn_haque": "আর এটি জগদ্বাসীর জন্য স্মারক-গ্রন্থ বৈ তো নয়।",
    "bn_muhi": "অথচ এই কোরআন তো বিশ্বজগতের জন্যে উপদেশ বৈ নয়।",
    "en": "But it is not except a reminder to the worlds."
  }
]