[
  {
    "id": 1,
    "ar": "هَلْ أَتَىٰكَ حَدِيثُ ٱلْغَٰشِيَةِ",
    "tr": "হাল আতা-কা হাদীছুল গা-শিয়াহ।",
    "bn_haque": "তোমার কাছে কি বিহবলকর ঘটনার সংবাদ পৌঁছেছে?",
    "bn_muhi": "আপনার কাছে আচ্ছন্নকারী কেয়ামতের বৃত্তান্ত পৌঁছেছে কি?",
    "en": "Has there reached you the report of the Overwhelming [event]?"
  },
  {
    "id": 2,
    "ar": "وُجُوهٌ يَوْمَئِذٍ خَٰشِعَةٌ",
    "tr": "উজূহুইঁ ইয়াওমাইযিন খা-শি‘আহ।",
    "bn_haque": "সেইদিন অনেক মুখ হবে অবনত,",
    "bn_muhi": "অনেক মুখমন্ডল সেদিন হবে লাঞ্ছিত,",
    "en": "[Some] faces, that Day, will be humbled,"
  },
  {
    "id": 3,
    "ar": "عَامِلَةٌ نَّاصِبَةٌ",
    "tr": "‘আ-মিলাতুন না-সিবাহ।",
    "bn_haque": "পরিশ্রান্ত, অবসাদগ্রস্ত,",
    "bn_muhi": "ক্লিষ্ট, ক্লান্ত।",
    "en": "Working [hard] and exhausted."
  },
  {
    "id": 4,
    "ar": "تَصْلَىٰ نَارًا حَامِيَةً",
    "tr": "তাসলা-না-রান হা-মিয়াহ।",
    "bn_haque": "প্রবেশমান হবে জ্বলন্ত আগুনে;",
    "bn_muhi": "তারা জ্বলন্ত আগুনে পতিত হবে।",
    "en": "They will [enter to] burn in an intensely hot Fire."
  },
  {
    "id": 5,
    "ar": "تُسْقَىٰ مِنْ عَيْنٍ ءَانِيَةٍ",
    "tr": "তুছকা-মিন ‘আইনিন আ-নিয়াহ।",
    "bn_haque": "তাদের পান করানো হবে ফুটন্ত ফোয়ারা থেকে।",
    "bn_muhi": "তাদেরকে ফুটন্ত নহর থেকে পান করানো হবে।",
    "en": "They will be given drink from a boiling spring."
  },
  {
    "id": 6,
    "ar": "لَّيْسَ لَهُمْ طَعَامٌ إِلَّا مِن ضَرِيعٍ",
    "tr": "লাইছা লাহুম তা‘আ-মুন ইল্লা-মিন দারী‘ই।",
    "bn_haque": "তাদের জন্য বিষাক্ত কাঁটাগাছ থেকে ছাড়া অন্য কোনো খাদ্য থাকবে না,",
    "bn_muhi": "কন্টকপূর্ণ ঝাড় ব্যতীত তাদের জন্যে কোন খাদ্য নেই।",
    "en": "For them there will be no food except from a poisonous, thorny plant"
  },
  {
    "id": 7,
    "ar": "لَّا يُسْمِنُ وَلَا يُغْنِى مِن جُوعٍ",
    "tr": "লা-ইউছমিনুওয়ালা-ইউগনী মিন জু‘ই।",
    "bn_haque": "তাদের নাদুসনুদুস বানাবে না এবং ক্ষুধাও মেটাবে না।",
    "bn_muhi": "এটা তাদেরকে পুষ্ট করবে না এবং ক্ষুধায়ও উপকার করবে না।",
    "en": "Which neither nourishes nor avails against hunger."
  },
  {
    "id": 8,
    "ar": "وُجُوهٌ يَوْمَئِذٍ نَّاعِمَةٌ",
    "tr": "উজূহুইঁ ইয়াওমাইযিন না-‘ইমাহ।",
    "bn_haque": "সেইদিন অনেক মুখ হবে শান্ত,",
    "bn_muhi": "অনেক মুখমন্ডল সেদিন হবে, সজীব,",
    "en": "[Other] faces, that Day, will show pleasure."
  },
  {
    "id": 9,
    "ar": "لِّسَعْيِهَا رَاضِيَةٌ",
    "tr": "লিছা‘ইহা-রা-দিয়াহ।",
    "bn_haque": "তাদের প্রচেষ্টার জন্য পরিতৃপ্ত,",
    "bn_muhi": "তাদের কর্মের কারণে সন্তুষ্ট।",
    "en": "With their effort [they are] satisfied"
  },
  {
    "id": 10,
    "ar": "فِى جَنَّةٍ عَالِيَةٍ",
    "tr": "ফী জান্নাতিন ‘আ-লিয়াহ।",
    "bn_haque": "সমুচ্চ উদ্যানে,",
    "bn_muhi": "তারা থাকবে, সুউচ্চ জান্নাতে।",
    "en": "In an elevated garden,"
  },
  {
    "id": 11,
    "ar": "لَّا تَسْمَعُ فِيهَا لَٰغِيَةً",
    "tr": "লা-তাছমা‘উ ফীহা-লা-গিয়াহ।",
    "bn_haque": "সেখানে তুমি শুনবে না কোনো বাজে কথা।",
    "bn_muhi": "তথায় শুনবে না কোন অসার কথাবার্তা।",
    "en": "Wherein they will hear no unsuitable speech."
  },
  {
    "id": 12,
    "ar": "فِيهَا عَيْنٌ جَارِيَةٌ",
    "tr": "ফীহা-‘আইনুন জা-রিয়াহ।",
    "bn_haque": "সেখানে রয়েছে বহমান ঝরনা,",
    "bn_muhi": "তথায় থাকবে প্রবাহিত ঝরণা।",
    "en": "Within it is a flowing spring."
  },
  {
    "id": 13,
    "ar": "فِيهَا سُرُرٌ مَّرْفُوعَةٌ",
    "tr": "ফীহা-ছুরুরুমমারফূ‘আহ।",
    "bn_haque": "সেখানে আছে উঁচু সিংহাসন,",
    "bn_muhi": "তথায় থাকবে উন্নত সুসজ্জিত আসন।",
    "en": "Within it are couches raised high"
  },
  {
    "id": 14,
    "ar": "وَأَكْوَابٌ مَّوْضُوعَةٌ",
    "tr": "ওয়া আকওয়া-বুম মাওদূ‘আহ।",
    "bn_haque": "আর পানপাত্রগুলো হাতের কাছে স্থাপিত,",
    "bn_muhi": "এবং সংরক্ষিত পানপাত্র",
    "en": "And cups put in place"
  },
  {
    "id": 15,
    "ar": "وَنَمَارِقُ مَصْفُوفَةٌ",
    "tr": "ওয়া নামা-রিকুমাসফূফাহ।",
    "bn_haque": "আর তাকিয়াগুলো সারিসারি সাজানো,",
    "bn_muhi": "এবং সারি সারি গালিচা",
    "en": "And cushions lined up"
  },
  {
    "id": 16,
    "ar": "وَزَرَابِىُّ مَبْثُوثَةٌ",
    "tr": "ওয়া ঝারা-বিইয়ুমাবছূছাহ।",
    "bn_haque": "আর গালিচাসব বিছানো।",
    "bn_muhi": "এবং বিস্তৃত বিছানো কার্পেট।",
    "en": "And carpets spread around."
  },
  {
    "id": 17,
    "ar": "أَفَلَا يَنظُرُونَ إِلَى ٱلْإِبِلِ كَيْفَ خُلِقَتْ",
    "tr": "আফালা-ইয়ানজু রুনা ইলাল ইবিলি কাইফা খুলিকাত।",
    "bn_haque": "তারা কি তবে ভেবে দেখে না উটের দিকে -- কেমন করে তাকে সৃষ্টি করা হয়েছে,",
    "bn_muhi": "তারা কি উষ্ট্রের প্রতি লক্ষ্য করে না যে, তা কিভাবে সৃষ্টি করা হয়েছে?",
    "en": "Then do they not look at the camels - how they are created?"
  },
  {
    "id": 18,
    "ar": "وَإِلَى ٱلسَّمَآءِ كَيْفَ رُفِعَتْ",
    "tr": "ওয়া ইলাছ ছামাই কাইফা রুফি‘আত।",
    "bn_haque": "আর আকাশের দিকে -- কেমন করে তাকে তোলে রাখা হয়েছে।",
    "bn_muhi": "এবং আকাশের প্রতি লক্ষ্য করে না যে, তা কিভাবে উচ্চ করা হয়েছে?",
    "en": "And at the sky - how it is raised?"
  },
  {
    "id": 19,
    "ar": "وَإِلَى ٱلْجِبَالِ كَيْفَ نُصِبَتْ",
    "tr": "ওয়া ইলাল জিবা-লি কাইফা নুসিবাত।",
    "bn_haque": "আর পাহাড়-পর্বতের দিকে -- কেমন করে তাদের স্থাপন করা হয়েছে,",
    "bn_muhi": "এবং পাহাড়ের দিকে যে, তা কিভাবে স্থাপন করা হয়েছে?",
    "en": "And at the mountains - how they are erected?"
  },
  {
    "id": 20,
    "ar": "وَإِلَى ٱلْأَرْضِ كَيْفَ سُطِحَتْ",
    "tr": "ওয়া ইলাল আরদি কাইফা ছুতিহাত।",
    "bn_haque": "আর এই পৃথিবীর দিকে -- কেমন করে তাকে প্রসারিত করা হয়েছে?",
    "bn_muhi": "এবং পৃথিবীর দিকে যে, তা কিভাবে সমতল বিছানো হয়েছে?",
    "en": "And at the earth - how it is spread out?"
  },
  {
    "id": 21,
    "ar": "فَذَكِّرْ إِنَّمَآ أَنتَ مُذَكِّرٌ",
    "tr": "ফাযাক্কির ইন্নামাআনতা মুযাক্কির।",
    "bn_haque": "অতএব উপদেশ দিয়ে চলো, নিঃসন্দেহ তুমি তো একজন উপদেষ্টা।",
    "bn_muhi": "অতএব, আপনি উপদেশ দিন, আপনি তো কেবল একজন উপদেশদাতা,",
    "en": "So remind, [O Muhammad]; you are only a reminder."
  },
  {
    "id": 22,
    "ar": "لَّسْتَ عَلَيْهِم بِمُصَيْطِرٍ",
    "tr": "লাছাতা ‘আলইহিম বিমুসাইতির।",
    "bn_haque": "তুমি তাদের উপরে আদৌ অধ্যক্ষ নও,",
    "bn_muhi": "আপনি তাদের শাসক নন,",
    "en": "You are not over them a controller."
  },
  {
    "id": 23,
    "ar": "إِلَّا مَن تَوَلَّىٰ وَكَفَرَ",
    "tr": "ইল্লা-মান তাওয়াল্লা-ওয়া কাফার।",
    "bn_haque": "কিন্ত যে কেউ ফিরে যায় ও অবিশ্বাস পোষণ করে --",
    "bn_muhi": "কিন্তু যে মুখ ফিরিয়ে নেয় ও কাফের হয়ে যায়,",
    "en": "However, he who turns away and disbelieves -"
  },
  {
    "id": 24,
    "ar": "فَيُعَذِّبُهُ ٱللَّهُ ٱلْعَذَابَ ٱلْأَكْبَرَ",
    "tr": "ফাইউ‘আযযিবুহুল্লা-হুল ‘আযা-বাল আকবার।",
    "bn_haque": "আল্লাহ্ তখন তাকে শাস্তি দেবেন কঠিনতম শাস্তিতে।",
    "bn_muhi": "আল্লাহ তাকে মহা আযাব দেবেন।",
    "en": "Then Allah will punish him with the greatest punishment."
  },
  {
    "id": 25,
    "ar": "إِنَّ إِلَيْنَآ إِيَابَهُمْ",
    "tr": "ইন্না ইলাইনাইয়া-বাহুম।",
    "bn_haque": "নিঃসন্দেহ আমাদের কাছেই তাদের প্রত্যাবর্তন,",
    "bn_muhi": "নিশ্চয় তাদের প্রত্যাবর্তন আমারই নিকট,",
    "en": "Indeed, to Us is their return."
  },
  {
    "id": 26,
    "ar": "ثُمَّ إِنَّ عَلَيْنَا حِسَابَهُم",
    "tr": "ছু ম্মা ইন্না ‘আলাইনা-হিছা-বাহুম।",
    "bn_haque": "অতঃপর আমাদের উপরেই তাদের হিসেব-নিকেশের ভার।",
    "bn_muhi": "অতঃপর তাদের হিসাব-নিকাশ আমারই দায়িত্ব।",
    "en": "Then indeed, upon Us is their account."
  }
]