[
  {
    "id": 1,
    "ar": "وَيْلٌ لِّلْمُطَفِّفِينَ",
    "tr": "ওয়াইলুলিললমুতাফফিফীন।",
    "bn_haque": "ধিক্ প্রতারণাকারীদের জন্য --",
    "bn_muhi": "যারা মাপে কম করে, তাদের জন্যে দুর্ভোগ,",
    "en": "Woe to those who give less [than due],"
  },
  {
    "id": 2,
    "ar": "ٱلَّذِينَ إِذَا ٱكْتَالُوا۟ عَلَى ٱلنَّاسِ يَسْتَوْفُونَ",
    "tr": "আল্লাযীনা ইয়াকতা-লূ‘আলান্না-ছি ইয়াছতাওফূন।",
    "bn_haque": "যারা মানুষের কাছ থেকে যখন মেপে নেয় তখন পুরো মাপ চায়,",
    "bn_muhi": "যারা লোকের কাছ থেকে যখন মেপে নেয়, তখন পূর্ণ মাত্রায় নেয়",
    "en": "Who, when they take a measure from people, take in full."
  },
  {
    "id": 3,
    "ar": "وَإِذَا كَالُوهُمْ أَو وَّزَنُوهُمْ يُخْسِرُونَ",
    "tr": "ওয়া ইযা-কা-লূহুম আও ওয়াঝানূহুম ইউখছিরূন।",
    "bn_haque": "আর যখন তাদের মেপে দেয় অথবা তাদের জন্য ওজন করে তখন কম করে।",
    "bn_muhi": "এবং যখন লোকদেরকে মেপে দেয় কিংবা ওজন করে দেয়, তখন কম করে দেয়।",
    "en": "But if they give by measure or by weight to them, they cause loss."
  },
  {
    "id": 4,
    "ar": "أَلَا يَظُنُّ أُو۟لَٰٓئِكَ أَنَّهُم مَّبْعُوثُونَ",
    "tr": "আলা-ইয়াজু ননুউলাইকা আন্নাহুম মাব‘ঊছূন।",
    "bn_haque": "তারা কি ভাবে না যে তারাই তো -- তারা নিশ্চয়ই পুনরুত্থিত হবে --",
    "bn_muhi": "তারা কি চিন্তা করে না যে, তারা পুনরুত্থিত হবে।",
    "en": "Do they not think that they will be resurrected"
  },
  {
    "id": 5,
    "ar": "لِيَوْمٍ عَظِيمٍ",
    "tr": "লিয়াওমিন ‘আজীমি।",
    "bn_haque": "ভীষণ এক দিনে,",
    "bn_muhi": "সেই মহাদিবসে,",
    "en": "For a tremendous Day -"
  },
  {
    "id": 6,
    "ar": "يَوْمَ يَقُومُ ٱلنَّاسُ لِرَبِّ ٱلْعَٰلَمِينَ",
    "tr": "ইয়াওমা ইয়াকূমুন্না-ছূলিরাব্বিল ‘আ-লামীন।",
    "bn_haque": "যেদিন মানুষরা দাঁড়াবে বিশ্বজগতের প্রভুর সামনে?",
    "bn_muhi": "যেদিন মানুষ দাঁড়াবে বিশ্ব পালনকর্তার সামনে।",
    "en": "The Day when mankind will stand before the Lord of the worlds?"
  },
  {
    "id": 7,
    "ar": "كَلَّآ إِنَّ كِتَٰبَ ٱلْفُجَّارِ لَفِى سِجِّينٍ",
    "tr": "কাল্লাইন্না কিতা-বাল ফুজ্জা-রি লাফী ছিজ্জীন।",
    "bn_haque": "না, নিঃসন্দেহ দুষ্কৃতিকারীদের দলিল-দস্তাবেজ তো সিজ্জীনের ভেতরে রয়েছে ।",
    "bn_muhi": "এটা কিছুতেই উচিত নয়, নিশ্চয় পাপাচারীদের আমলনামা সিজ্জীনে আছে।",
    "en": "No! Indeed, the record of the wicked is in sijjeen."
  },
  {
    "id": 8,
    "ar": "وَمَآ أَدْرَىٰكَ مَا سِجِّينٌ",
    "tr": "ওয়ামাআদরা-কা মা-ছিজ্জীন।",
    "bn_haque": "আর কী তোমাকে বোঝাবে সিজ্জীন কি?",
    "bn_muhi": "আপনি জানেন, সিজ্জীন কি?",
    "en": "And what can make you know what is sijjeen?"
  },
  {
    "id": 9,
    "ar": "كِتَٰبٌ مَّرْقُومٌ",
    "tr": "কিতা-বুমমারকুম।",
    "bn_haque": "স্পষ্টভাবে লিখিত নিবন্ধগ্রন্থ।",
    "bn_muhi": "এটা লিপিবদ্ধ খাতা।",
    "en": "It is [their destination recorded in] a register inscribed."
  },
  {
    "id": 10,
    "ar": "وَيْلٌ يَوْمَئِذٍ لِّلْمُكَذِّبِينَ",
    "tr": "ওয়াইলুইঁ ইয়াওমাইযিল লিলমুকাযযিবীন।",
    "bn_haque": "ধিক্ সেইদিন সত্যপ্রত্যাখ্যানকারীদের প্রতি --",
    "bn_muhi": "সেদিন দুর্ভোগ মিথ্যারোপকারীদের,",
    "en": "Woe, that Day, to the deniers,"
  },
  {
    "id": 11,
    "ar": "ٱلَّذِينَ يُكَذِّبُونَ بِيَوْمِ ٱلدِّينِ",
    "tr": "আল্লাযীনা ইউকাযযিবূনা বিইয়াওমিদ্দীন।",
    "bn_haque": "যারা বিচারের দিনকে মিথ্যা ভেবেছে!",
    "bn_muhi": "যারা প্রতিফল দিবসকে মিথ্যারোপ করে।",
    "en": "Who deny the Day of Recompense."
  },
  {
    "id": 12,
    "ar": "وَمَا يُكَذِّبُ بِهِۦٓ إِلَّا كُلُّ مُعْتَدٍ أَثِيمٍ",
    "tr": "ওয়ামা-ইউকাযযিবুবিহীইল্লা-কুল্লুমু‘তাদিন আছীম।",
    "bn_haque": "আর কেউ একে অস্বীকার করে না কেবল প্রত্যেক সীমালংঘনকারী পাপিষ্ঠ ব্যতীত --",
    "bn_muhi": "প্রত্যেক সীমালংঘনকারী পাপিষ্ঠই কেবল একে মিথ্যারোপ করে।",
    "en": "And none deny it except every sinful transgressor."
  },
  {
    "id": 13,
    "ar": "إِذَا تُتْلَىٰ عَلَيْهِ ءَايَٰتُنَا قَالَ أَسَٰطِيرُ ٱلْأَوَّلِينَ",
    "tr": "ইযা-তুতলা-‘আলাইহি আ-য়া-তুনা-কা-লা আছা-তীরুল আওওয়ালীন।",
    "bn_haque": "যে, যখন তার কাছে আমাদের বাণীসমূহ পাঠ করা হয় তখন বলে -- \"আদ্যিকালের গালগল্প।\"",
    "bn_muhi": "তার কাছে আমার আয়াতসমূহ পাঠ করা হলে সে বলে, পুরাকালের উপকথা।",
    "en": "When Our verses are recited to him, he says, \"Legends of the former peoples.\""
  },
  {
    "id": 14,
    "ar": "كَلَّا بَلْ رَانَ عَلَىٰ قُلُوبِهِم مَّا كَانُوا۟ يَكْسِبُونَ",
    "tr": "কাল্লা-বাল রা-না ‘আলা-কুলূবিহিম মা-কা-নূইয়াকছিবূন।",
    "bn_haque": "না, বরং তারা যা অর্জন করে চলেছিল তা তাদের হৃদয়ে মরচে ধরিয়েছে।",
    "bn_muhi": "কখনও না, বরং তারা যা করে, তাই তাদের হৃদয় মরিচা ধরিয়ে দিয়েছে।",
    "en": "No! Rather, the stain has covered their hearts of that which they were earning."
  },
  {
    "id": 15,
    "ar": "كَلَّآ إِنَّهُمْ عَن رَّبِّهِمْ يَوْمَئِذٍ لَّمَحْجُوبُونَ",
    "tr": "কাল্লাইন্নাহুম ‘আর রাব্বিহিম ইয়াওমাইযিল লামাহজূবূন।",
    "bn_haque": "না, তারা নিঃসন্দেহ তাদের প্রভুর কাছ থেকে সেদিন অবশ্যই বঞ্চিত হবে।",
    "bn_muhi": "কখনও না, তারা সেদিন তাদের পালনকর্তার থেকে পর্দার অন্তরালে থাকবে।",
    "en": "No! Indeed, from their Lord, that Day, they will be partitioned."
  },
  {
    "id": 16,
    "ar": "ثُمَّ إِنَّهُمْ لَصَالُوا۟ ٱلْجَحِيمِ",
    "tr": "ছু ম্মা ইন্নাহুম লাসা-লুল জাহীম।",
    "bn_haque": "তারপর তারা নিশ্চয় ভয়ংকর আগুনে প্রবেশ করবে।",
    "bn_muhi": "অতঃপর তারা জাহান্নামে প্রবেশ করবে।",
    "en": "Then indeed, they will [enter and] burn in Hellfire."
  },
  {
    "id": 17,
    "ar": "ثُمَّ يُقَالُ هَٰذَا ٱلَّذِى كُنتُم بِهِۦ تُكَذِّبُونَ",
    "tr": "ছু ম্মা ইউকা-লূহা-যাল্লাযী কুনতুম বিহী তুকাযযিবূন।",
    "bn_haque": "তখন তাদের বলা হবে -- \"এই তো তাই যা তোমরা মিথ্যা বলতে।\"",
    "bn_muhi": "এরপর বলা হবে, একেই তো তোমরা মিথ্যারোপ করতে।",
    "en": "Then it will be said [to them], \"This is what you used to deny.\""
  },
  {
    "id": 18,
    "ar": "كَلَّآ إِنَّ كِتَٰبَ ٱلْأَبْرَارِ لَفِى عِلِّيِّينَ",
    "tr": "কাল্লাইন্না কিতা-বাল আবরা-রি লাফী ‘ইলিলইঈন।",
    "bn_haque": "না, নিঃসন্দেহ ধর্মপরায়ণদের কর্মবিবরণী তো ইল্লিয়ীনে রয়েছে।",
    "bn_muhi": "কখনও না, নিশ্চয় সৎলোকদের আমলনামা আছে ইল্লিয়্যীনে।",
    "en": "No! Indeed, the record of the righteous is in 'illiyyun."
  },
  {
    "id": 19,
    "ar": "وَمَآ أَدْرَىٰكَ مَا عِلِّيُّونَ",
    "tr": "ওয়ামাআদরা-কা মা-‘ইলিলইয়ূন।",
    "bn_haque": "আর কেমন ক’রে তোমাকে বুঝানো যাবে ইল্লিয়ীন কি?",
    "bn_muhi": "আপনি জানেন ইল্লিয়্যীন কি?",
    "en": "And what can make you know what is 'illiyyun?"
  },
  {
    "id": 20,
    "ar": "كِتَٰبٌ مَّرْقُومٌ",
    "tr": "কিতা-বুমমারকূম",
    "bn_haque": "স্পষ্টভাবে লিখিত নিবন্ধগ্রন্থ, --",
    "bn_muhi": "এটা লিপিবদ্ধ খাতা।",
    "en": "It is [their destination recorded in] a register inscribed"
  },
  {
    "id": 21,
    "ar": "يَشْهَدُهُ ٱلْمُقَرَّبُونَ",
    "tr": "ইয়াশহাদুহুল মুকাররাবূন।",
    "bn_haque": "নৈকট্যপ্রাপ্তরা তা দেখতে পাবে।",
    "bn_muhi": "আল্লাহর নৈকট্যপ্রাপ্ত ফেরেশতাগণ একে প্রত্যক্ষ করে।",
    "en": "Which is witnessed by those brought near [to Allah ]."
  },
  {
    "id": 22,
    "ar": "إِنَّ ٱلْأَبْرَارَ لَفِى نَعِيمٍ",
    "tr": "ইন্নাল আবরা-রা লাফী না‘ঈম।",
    "bn_haque": "নিঃসন্দেহ ধর্মপরায়ণরা তো থাকবে পরমানন্দে,",
    "bn_muhi": "নিশ্চয় সৎলোকগণ থাকবে পরম আরামে,",
    "en": "Indeed, the righteous will be in pleasure"
  },
  {
    "id": 23,
    "ar": "عَلَى ٱلْأَرَآئِكِ يَنظُرُونَ",
    "tr": "‘আলাল আরাইকি ইয়ানজু রুন।",
    "bn_haque": "উঁচু আসনে চেয়ে থাকবে।",
    "bn_muhi": "সিংহাসনে বসে অবলোকন করবে।",
    "en": "On adorned couches, observing."
  },
  {
    "id": 24,
    "ar": "تَعْرِفُ فِى وُجُوهِهِمْ نَضْرَةَ ٱلنَّعِيمِ",
    "tr": "তা‘রিফুফী উজূহিহিম নাদরাতান্না‘ঈম।",
    "bn_haque": "তাদের চেহারাতে তুমি পরিচয় পাবে পরমানন্দের দীপ্তি।",
    "bn_muhi": "আপনি তাদের মুখমন্ডলে স্বাচ্ছন্দ্যের সজীবতা দেখতে পাবেন।",
    "en": "You will recognize in their faces the radiance of pleasure."
  },
  {
    "id": 25,
    "ar": "يُسْقَوْنَ مِن رَّحِيقٍ مَّخْتُومٍ",
    "tr": "ইউছকাওনা মির রাহীকিমমাখতূম।",
    "bn_haque": "তাদের পান করানো হবে বিশুদ্ধ পানীয় থেকে, যা মোহর-মারা;",
    "bn_muhi": "তাদেরকে মোহর করা বিশুদ্ধ পানীয় পান করানো হবে।",
    "en": "They will be given to drink [pure] wine [which was] sealed."
  },
  {
    "id": 26,
    "ar": "خِتَٰمُهُۥ مِسْكٌ وَفِى ذَٰلِكَ فَلْيَتَنَافَسِ ٱلْمُتَنَٰفِسُونَ",
    "tr": "খিতা-মুহূমিছকুওঁ ওয়া ফী যা-লিকা ফালইয়াতানা-ফাছিল মুতানা-ফিছূন।",
    "bn_haque": "তার মোহর হচ্ছে কস্তুরীর। আর এর জন্যেই তবে উচ্চাকাঙক্ষীরা আকাঙক্ষা করুক।",
    "bn_muhi": "তার মোহর হবে কস্তুরী। এ বিষয়ে প্রতিযোগীদের প্রতিযোগিতা করা উচিত।",
    "en": "The last of it is musk. So for this let the competitors compete."
  },
  {
    "id": 27,
    "ar": "وَمِزَاجُهُۥ مِن تَسْنِيمٍ",
    "tr": "ওয়া মিঝা-জুহূমিন তাছনীম।",
    "bn_haque": "আর তার সংমিশ্রণ হবে তসনীম থেকে,",
    "bn_muhi": "তার মিশ্রণ হবে তসনীমের পানি।",
    "en": "And its mixture is of Tasneem,"
  },
  {
    "id": 28,
    "ar": "عَيْنًا يَشْرَبُ بِهَا ٱلْمُقَرَّبُونَ",
    "tr": "‘আইনাইঁ ইয়াশরাবুবিহাল মুকাররাবূন।",
    "bn_haque": "একটি প্রস্রবণ যা থেকে পান করে নৈকট্যপ্রাপ্তরা।",
    "bn_muhi": "এটা একটা ঝরণা, যার পানি পান করবে নৈকট্যশীলগণ।",
    "en": "A spring from which those near [to Allah ] drink."
  },
  {
    "id": 29,
    "ar": "إِنَّ ٱلَّذِينَ أَجْرَمُوا۟ كَانُوا۟ مِنَ ٱلَّذِينَ ءَامَنُوا۟ يَضْحَكُونَ",
    "tr": "ইন্নাল্লাযীনা আজরামূকা-নূমিনাল্লাযীনা আ-মানূইয়াদহাকূন।",
    "bn_haque": "যারা অপরাধ করত তারা অবশ্য উপহাস করতো তাদের যারা ঈমান এনেছে,",
    "bn_muhi": "যারা অপরাধী, তারা বিশ্বাসীদেরকে উপহাস করত।",
    "en": "Indeed, those who committed crimes used to laugh at those who believed."
  },
  {
    "id": 30,
    "ar": "وَإِذَا مَرُّوا۟ بِهِمْ يَتَغَامَزُونَ",
    "tr": "ওয়া ইযা-মাররূ বিহিম ইতাগা-মাঝূন।",
    "bn_haque": "আর যখন তারা তাদের পাশ দিয়ে যেতো তখন তারা পরস্পর চোখ ঠারতো;",
    "bn_muhi": "এবং তারা যখন তাদের কাছ দিয়ে গমন করত তখন পরস্পরে চোখ টিপে ইশারা করত।",
    "en": "And when they passed by them, they would exchange derisive glances."
  },
  {
    "id": 31,
    "ar": "وَإِذَا ٱنقَلَبُوٓا۟ إِلَىٰٓ أَهْلِهِمُ ٱنقَلَبُوا۟ فَكِهِينَ",
    "tr": "ওয়া ইযানকালাবূ-ইলাআহলিহিমুনকালাবূফাকিহীন।",
    "bn_haque": "আর যখন তারা নিজেদের দলের কাছে ফিরে আসত তখন তারা ফিরতো উল্লাস করতে করতে।",
    "bn_muhi": "তারা যখন তাদের পরিবার-পরিজনের কাছে ফিরত, তখনও হাসাহাসি করে ফিরত।",
    "en": "And when they returned to their people, they would return jesting."
  },
  {
    "id": 32,
    "ar": "وَإِذَا رَأَوْهُمْ قَالُوٓا۟ إِنَّ هَٰٓؤُلَآءِ لَضَآلُّونَ",
    "tr": "ওয়া ইযা-রাআওহুম কা-লূইন্না হাউলাই লাদাললূন।",
    "bn_haque": "আর যখন তারা তাদের দেখত তখন বলতো -- \"নিশ্চয় এরাই তো পথভ্রষ্ট।\"",
    "bn_muhi": "আর যখন তারা বিশ্বাসীদেরকে দেখত, তখন বলত, নিশ্চয় এরা বিভ্রান্ত।",
    "en": "And when they saw them, they would say, \"Indeed, those are truly lost.\""
  },
  {
    "id": 33,
    "ar": "وَمَآ أُرْسِلُوا۟ عَلَيْهِمْ حَٰفِظِينَ",
    "tr": "ওয়ামাউরছিলূ‘আলাইহিম হা-ফিজীন।",
    "bn_haque": "কিন্ত তাদের তো এদের উপরে তত্ত্বাবধায়ক করে পাঠানো হয় নি।",
    "bn_muhi": "অথচ তারা বিশ্বাসীদের তত্ত্বাবধায়করূপে প্রেরিত হয়নি।",
    "en": "But they had not been sent as guardians over them."
  },
  {
    "id": 34,
    "ar": "فَٱلْيَوْمَ ٱلَّذِينَ ءَامَنُوا۟ مِنَ ٱلْكُفَّارِ يَضْحَكُونَ",
    "tr": "ফালইয়াওমাল্লাযীনা আ-মানূমিনাল কুফফা-রি ইয়াদহাকূন।",
    "bn_haque": "কাজেই আজকের দিনে যারা ঈমান এনেছিল তারা অবিশ্বাসীদের প্রতি হাসাহাসি করবে,",
    "bn_muhi": "আজ যারা বিশ্বাসী, তারা কাফেরদেরকে উপহাস করছে।",
    "en": "So Today those who believed are laughing at the disbelievers,"
  },
  {
    "id": 35,
    "ar": "عَلَى ٱلْأَرَآئِكِ يَنظُرُونَ",
    "tr": "‘আলাল আরাইকি ইয়ানজু রূন।",
    "bn_haque": "উঁচু আসনে চেয়ে চেয়ে দেখবে।",
    "bn_muhi": "সিংহাসনে বসে, তাদেরকে অবলোকন করছে,",
    "en": "On adorned couches, observing."
  },
  {
    "id": 36,
    "ar": "هَلْ ثُوِّبَ ٱلْكُفَّارُ مَا كَانُوا۟ يَفْعَلُونَ",
    "tr": "হাল ছুওব্বিাল কুফফা-রু মা-কা-নূইয়াফ‘আলূন।",
    "bn_haque": "অবিশ্বাসীদের কি সেই প্রতিফলই দেওয়া হ’ল না যা তারা করত?",
    "bn_muhi": "কাফেররা যা করত, তার প্রতিফল পেয়েছে তো?",
    "en": "Have the disbelievers [not] been rewarded [this Day] for what they used to do?"
  }
]