[
  {
    "id": 1,
    "ar": "وَٱلسَّمَآءِ ذَاتِ ٱلْبُرُوجِ",
    "tr": "ওয়াছ ছামাই যা-তিল বুরূজ।",
    "bn_haque": "ভাবো নক্ষত্রপুঞ্জবিশিষ্ট আকাশের কথা,",
    "bn_muhi": "শপথ গ্রহ-নক্ষত্র শোভিত আকাশের,",
    "en": "By the sky containing great stars"
  },
  {
    "id": 2,
    "ar": "وَٱلْيَوْمِ ٱلْمَوْعُودِ",
    "tr": "ওয়াল ইয়াওমিল মাও‘ঊদ।",
    "bn_haque": "আর সেই অঙ্গীকার করা দিনের কথা,",
    "bn_muhi": "এবং প্রতিশ্রুত দিবসের,",
    "en": "And [by] the promised Day"
  },
  {
    "id": 3,
    "ar": "وَشَاهِدٍ وَمَشْهُودٍ",
    "tr": "ওয়া শা-হিদিওঁ ওয়া মাশহূদ।",
    "bn_haque": "আর সাক্ষ্যদাতার ও যাদের জন্য সাক্ষ্য দেওয়া হবে তাদের কথা।",
    "bn_muhi": "এবং সেই দিবসের, যে উপস্থিত হয় ও যাতে উপস্থিত হয়",
    "en": "And [by] the witness and what is witnessed,"
  },
  {
    "id": 4,
    "ar": "قُتِلَ أَصْحَٰبُ ٱلْأُخْدُودِ",
    "tr": "কুতিলা আসহা-বুল উখদূদ ।",
    "bn_haque": "খন্দকগুলোর মালিকদের নিপাত করা হয়েছে,-",
    "bn_muhi": "অভিশপ্ত হয়েছে গর্ত ওয়ালারা অর্থাৎ,",
    "en": "Cursed were the companions of the trench"
  },
  {
    "id": 5,
    "ar": "ٱلنَّارِ ذَاتِ ٱلْوَقُودِ",
    "tr": "আন্না-রি যা-তিল ওয়াকূদ।",
    "bn_haque": "জ্বালানি দেওয়া অগ্নিকুন্ড;",
    "bn_muhi": "অনেক ইন্ধনের অগ্নিসংযোগকারীরা;",
    "en": "[Containing] the fire full of fuel,"
  },
  {
    "id": 6,
    "ar": "إِذْ هُمْ عَلَيْهَا قُعُودٌ",
    "tr": "ইযহুম ‘আলাইহা-কু‘ঊদ।",
    "bn_haque": "দেখো! তারা এর কিনারা বসে থাকত,",
    "bn_muhi": "যখন তারা তার কিনারায় বসেছিল।",
    "en": "When they were sitting near it"
  },
  {
    "id": 7,
    "ar": "وَهُمْ عَلَىٰ مَا يَفْعَلُونَ بِٱلْمُؤْمِنِينَ شُهُودٌ",
    "tr": "ওয়া হুম ‘আলা-মা-ইয়াফ‘আলূনা বিলমু’মিনীনা শুহূদ।",
    "bn_haque": "আর তারা মুমিনদের সঙ্গে যা করত তার জন্য তারাই সাক্ষী ছিল।",
    "bn_muhi": "এবং তারা বিশ্বাসীদের সাথে যা করেছিল, তা নিরীক্ষণ করছিল।",
    "en": "And they, to what they were doing against the believers, were witnesses."
  },
  {
    "id": 8,
    "ar": "وَمَا نَقَمُوا۟ مِنْهُمْ إِلَّآ أَن يُؤْمِنُوا۟ بِٱللَّهِ ٱلْعَزِيزِ ٱلْحَمِيدِ",
    "tr": "ওয়া মা-নাকামূমিনহুম ইল্লাআইঁ ইউ’মিনূবিল্লা-হিল ‘আঝীঝিল হামীদ।",
    "bn_haque": "আর তারা এদের প্রতি বিরূপ ছিল না এই ব্যতীত যে এরা বিশ্বাস করত মহাশক্তিশালী পরমপ্রশংসিত আল্লাহ্ তে-",
    "bn_muhi": "তারা তাদেরকে শাস্তি দিয়েছিল শুধু এ কারণে যে, তারা প্রশংসিত, পরাক্রান্ত আল্লাহর প্রতি বিশ্বাস স্থাপন করেছিল,",
    "en": "And they resented them not except because they believed in Allah, the Exalted in Might, the Praiseworthy,"
  },
  {
    "id": 9,
    "ar": "ٱلَّذِى لَهُۥ مُلْكُ ٱلسَّمَٰوَٰتِ وَٱلْأَرْضِ وَٱللَّهُ عَلَىٰ كُلِّ شَىْءٍ شَهِيدٌ",
    "tr": "আল্লাযী লাহূমুলকুছ ছামা-ওয়া-তি ওয়াল আরদি ওয়াল্লা-হু ‘আলা-কুল্লি শাইয়িন শাহীদ।",
    "bn_haque": "যাঁর অধিকারে মহাকাশমন্ডল ও পৃথিবীর সার্বভৌম কর্তৃত্ব রয়েছে। আর আল্লাহ্ সব-কিছুর উপরে সাক্ষী রয়েছেন।",
    "bn_muhi": "যিনি নভোমন্ডল ও ভূমন্ডলের ক্ষমতার মালিক, আল্লাহর সামনে রয়েছে সবকিছু।",
    "en": "To whom belongs the dominion of the heavens and the earth. And Allah, over all things, is Witness."
  },
  {
    "id": 10,
    "ar": "إِنَّ ٱلَّذِينَ فَتَنُوا۟ ٱلْمُؤْمِنِينَ وَٱلْمُؤْمِنَٰتِ ثُمَّ لَمْ يَتُوبُوا۟ فَلَهُمْ عَذَابُ جَهَنَّمَ وَلَهُمْ عَذَابُ ٱلْحَرِيقِ",
    "tr": "ইন্নাল্লাযীনা ফাতানুলমু’মিনীন ওয়াল মু’মিনা-তি ছু ম্মা লাম ইয়াতূবূফালাহুম ‘আযা-বু জাহান্নামা ওয়া লাহুম ‘আযা-বুল হারীক।",
    "bn_haque": "নিঃসন্দেহে যারা মুমিন পুরুষ ওমুমিন নারীদের নির্যাতন করে এবং তারপরে ফেরে না, তাদের জন্য তবে রয়েছে জাহান্নামের শাস্তি, আর তাদের জন্য আছে দহন যন্ত্রণা।",
    "bn_muhi": "যারা মুমিন পুরুষ ও নারীকে নিপীড়ন করেছে, অতঃপর তওবা করেনি, তাদের জন্যে আছে জাহান্নামের শাস্তি, আর আছে দহন যন্ত্রণা,",
    "en": "Indeed, those who have tortured the believing men and believing women and then have not repented will have the punishment of Hell, and they will have the punishment of the Burning Fire."
  },
  {
    "id": 11,
    "ar": "إِنَّ ٱلَّذِينَ ءَامَنُوا۟ وَعَمِلُوا۟ ٱلصَّٰلِحَٰتِ لَهُمْ جَنَّٰتٌ تَجْرِى مِن تَحْتِهَا ٱلْأَنْهَٰرُ ذَٰلِكَ ٱلْفَوْزُ ٱلْكَبِيرُ",
    "tr": "ইন্নাল্লাযীনা আ-মানূওয়া ‘আমিলুসসা-লিহা-তি লাহুম জান্না-তুন তাজরী মিন তাহতিহাল আনহা-রু যা-লিকাল ফাওঝুল কাবীর।",
    "bn_haque": "পক্ষান্তরে যারা ঈমান এনেছে ও সৎকর্ম করছে তাদের জন্য রয়েছে বাগানসমূহ যাদের নিচে দিয়ে বয়ে চলেছে ঝরনারাজি। এটিইতো বিরাট সাফল্য।",
    "bn_muhi": "যারা ঈমান আনে ও সৎকর্ম করে তাদের জন্যে আছে জান্নাত, যার তলদেশে প্রবাহিত হয় নির্ঝরিণীসমূহ। এটাই মহাসাফল্য।",
    "en": "Indeed, those who have believed and done righteous deeds will have gardens beneath which rivers flow. That is the great attainment."
  },
  {
    "id": 12,
    "ar": "إِنَّ بَطْشَ رَبِّكَ لَشَدِيدٌ",
    "tr": "ইন্না বাতশা রাব্বিকা লাশাদীদ।",
    "bn_haque": "নিঃসন্দেহে তোমার প্রভুর পাকড়ানো বড়ই কঠোর।",
    "bn_muhi": "নিশ্চয় তোমার পালনকর্তার পাকড়াও অত্যন্ত কঠিন।",
    "en": "Indeed, the vengeance of your Lord is severe."
  },
  {
    "id": 13,
    "ar": "إِنَّهُۥ هُوَ يُبْدِئُ وَيُعِيدُ",
    "tr": "ইন্নাহূহুওয়া ইউবদিউ ওয়া ইউ‘ঈদ।",
    "bn_haque": "নিঃসন্দেহে তিনি, তিনিই সৃষ্টি শুরু করেন এবং পুনঃসৃষ্টি করেন;",
    "bn_muhi": "তিনিই প্রথমবার অস্তিত্ব দান করেন এবং পুনরায় জীবিত করেন।",
    "en": "Indeed, it is He who originates [creation] and repeats."
  },
  {
    "id": 14,
    "ar": "وَهُوَ ٱلْغَفُورُ ٱلْوَدُودُ",
    "tr": "ওয়া হুওয়াল গাফূরুল ওয়াদূদু।",
    "bn_haque": "আর তিনিই পরিত্রাণকারী, প্রেমময়,",
    "bn_muhi": "তিনি ক্ষমাশীল, প্রেমময়;",
    "en": "And He is the Forgiving, the Affectionate,"
  },
  {
    "id": 15,
    "ar": "ذُو ٱلْعَرْشِ ٱلْمَجِيدُ",
    "tr": "যুল ‘আরশিল মাজীদ।",
    "bn_haque": "সম্মানিত আরশের অধিকারী,",
    "bn_muhi": "মহান আরশের অধিকারী।",
    "en": "Honorable Owner of the Throne,"
  },
  {
    "id": 16,
    "ar": "فَعَّالٌ لِّمَا يُرِيدُ",
    "tr": "ফা‘‘আ-লুলিলমা-ইউরীদ।",
    "bn_haque": "তিনি যা চাহেন তার একক কর্মকর্তা।",
    "bn_muhi": "তিনি যা চান, তাই করেন।",
    "en": "Effecter of what He intends."
  },
  {
    "id": 17,
    "ar": "هَلْ أَتَىٰكَ حَدِيثُ ٱلْجُنُودِ",
    "tr": "হাল আতা-কা হাদীছুল জুনূদ।",
    "bn_haque": "তোমার কাছে কি সৈন্যবাহিনীর সংবাদ পৌঁছেছে-",
    "bn_muhi": "আপনার কাছে সৈন্যবাহিনীর ইতিবৃত্ত পৌছেছে কি?",
    "en": "Has there reached you the story of the soldiers -"
  },
  {
    "id": 18,
    "ar": "فِرْعَوْنَ وَثَمُودَ",
    "tr": "ফির‘আওনা ওয়া ছামূদ।",
    "bn_haque": "ফিরআউনের ও ছামূদের?",
    "bn_muhi": "ফেরাউনের এবং সামুদের?",
    "en": "[Those of] Pharaoh and Thamud?"
  },
  {
    "id": 19,
    "ar": "بَلِ ٱلَّذِينَ كَفَرُوا۟ فِى تَكْذِيبٍ",
    "tr": "বালিল্লাযীনা কাফারূফী তাকযীব ।",
    "bn_haque": "বস্তুত যারা অবিশ্বাস করেছে তারা মিথ্যারোপ করায় রত;",
    "bn_muhi": "বরং যারা কাফের, তারা মিথ্যারোপে রত আছে।",
    "en": "But they who disbelieve are in [persistent] denial,"
  },
  {
    "id": 20,
    "ar": "وَٱللَّهُ مِن وَرَآئِهِم مُّحِيطٌۢ",
    "tr": "ওয়াল্লা-হু মিওঁ ওয়ারাইহিম মুহীত।",
    "bn_haque": "কিন্তু আল্লাহ্ তাদের পেছন থেকে ঘেরাও করে রয়েছেন।",
    "bn_muhi": "আল্লাহ তাদেরকে চতুর্দিক থেকে পরিবেষ্টন করে রেখেছেন।",
    "en": "While Allah encompasses them from behind."
  },
  {
    "id": 21,
    "ar": "بَلْ هُوَ قُرْءَانٌ مَّجِيدٌ",
    "tr": "বাল হুওয়া কুরআ-নুমমাজীদুন।",
    "bn_haque": "বস্তুত এ হচ্ছে সম্মানিত কুরআন-",
    "bn_muhi": "বরং এটা মহান কোরআন,",
    "en": "But this is an honored Qur'an"
  },
  {
    "id": 22,
    "ar": "فِى لَوْحٍ مَّحْفُوظٍۭ",
    "tr": "ফী লাওহিম মাহফূজ।",
    "bn_haque": "সুরক্ষিত ফলকে।",
    "bn_muhi": "লওহে মাহফুযে লিপিবদ্ধ।",
    "en": "[Inscribed] in a Preserved Slate."
  }
]