[
  {
    "id": 1,
    "ar": "يَٰٓأَيُّهَا ٱلنَّبِىُّ لِمَ تُحَرِّمُ مَآ أَحَلَّ ٱللَّهُ لَكَ تَبْتَغِى مَرْضَاتَ أَزْوَٰجِكَ وَٱللَّهُ غَفُورٌ رَّحِيمٌ",
    "tr": "ইয়াআইয়ুহান্নাবিইয়ুলিমা তুহাররিমুমাআহাল্লাল্লা-হু লাকা তাবতাগী মারদা-তা আঝওয়া-জিকা ওয়াল্লা-হু গাফূরুর রাহীম।",
    "bn_haque": "হে প্রিয় নবী! কেন তুমি তা নিষিদ্ধ করছ যা আল্লাহ্ তোমার জন্য বৈধ করছেন? তুমি চাইছ তোমার স্ত্রীদের খুশি করতে? আর আল্লাহ্ পরিত্রাণকারী, অফুরন্ত ফলদাতা।",
    "bn_muhi": "হে নবী, আল্লাহ আপনার জন্যে যা হালাল করছেন, আপনি আপনার স্ত্রীদেরকে খুশী করার জন্যে তা নিজের জন্যে হারাম করেছেন কেন? আল্লাহ ক্ষমাশীল, দয়াময়।",
    "en": "O Prophet, why do you prohibit [yourself from] what Allah has made lawful for you, seeking the approval of your wives? And Allah is Forgiving and Merciful."
  },
  {
    "id": 2,
    "ar": "قَدْ فَرَضَ ٱللَّهُ لَكُمْ تَحِلَّةَ أَيْمَٰنِكُمْ وَٱللَّهُ مَوْلَىٰكُمْ وَهُوَ ٱلْعَلِيمُ ٱلْحَكِيمُ",
    "tr": "কাদ ফারাদাল্লা-হু লাকুম তাহিল্লাতা আইমা-নিকুম ওয়াল্লা-হু মাওলা-কুম ওয়া হুওয়াল ‘আলীমুল হাকীম।",
    "bn_haque": "আল্লাহ্ তোমাদের জন্য বিধান দিয়ে রেখেছেন তোমাদের শপথগুলো থেকে মুক্তির উপায়; আর আল্লাহ্ তোমাদের রক্ষাকারী বন্ধু, আর তিনিই সর্বজ্ঞাতা, পরমজ্ঞানী।",
    "bn_muhi": "আল্লাহ তোমাদের জন্যে কসম থেকে অব্যহতি লাভের উপায় নির্ধারণ করে দিয়েছেন। আল্লাহ তোমাদের মালিক। তিনি সর্বজ্ঞ, প্রজ্ঞাময়।",
    "en": "Allah has already ordained for you [Muslims] the dissolution of your oaths. And Allah is your protector, and He is the Knowing, the Wise."
  },
  {
    "id": 3,
    "ar": "وَإِذْ أَسَرَّ ٱلنَّبِىُّ إِلَىٰ بَعْضِ أَزْوَٰجِهِۦ حَدِيثًا فَلَمَّا نَبَّأَتْ بِهِۦ وَأَظْهَرَهُ ٱللَّهُ عَلَيْهِ عَرَّفَ بَعْضَهُۥ وَأَعْرَضَ عَنۢ بَعْضٍ فَلَمَّا نَبَّأَهَا بِهِۦ قَالَتْ مَنْ أَنۢبَأَكَ هَٰذَا قَالَ نَبَّأَنِىَ ٱلْعَلِيمُ ٱلْخَبِيرُ",
    "tr": "ওয়া ইযআছাররান্নাবিইয়ুইলা-বা‘দিআঝওয়া-জিহী হাদীছান ফালাম্মা-নাব্বাআত বিহী ওয়া আজহারাহুল্লা-হু আলাইহি ‘আররাফা বা‘দাহূওয়াআ‘রাদা ‘আম বা‘দিন ফালাম্মা-নাব্বাআহা-বিহী কা-লাত মান আম্বাআকা হা-যা- কা-লা নাব্বাআনিয়াল ‘আলীমুল খাবীর।",
    "bn_haque": "আর স্মরণ করো! নবী তাঁর স্ত্রীদের কোনো একজনের কাছে গোপনে একটি সংবাদ দিয়েছিলেন; -- কিন্ত তিনি যখন তা বলে দিলেন, এবং আল্লাহ্ তাঁর কাছে এটি জানিয়ে দিয়েছিলেন, তখন তিনি তাঁকে তার কতকটা জানিয়েছিলেন এবং চেপে গিয়েছিলেন অন্য কতকটা। তিনি যখন তাঁকে তা জানিয়েছিলেন তখন তিনি বললেন -- \"কে আপনাকে এ কথা বললে?\" তিনি বলেছিলেন -- \"আমাকে সংবাদ দিয়েছেন সেই সর্বজ্ঞাতা, চির-ওয়াকিফহাল।\"",
    "bn_muhi": "যখন নবী তাঁর একজন স্ত্রীর কাছে একটি কথা গোপনে বললেন, অতঃপর স্ত্রী যখন তা বলে দিল এবং আল্লাহ নবীকে তা জানিয়ে দিলেন, তখন নবী সে বিষয়ে স্ত্রীকে কিছু বললেন এবং কিছু বললেন না। নবী যখন তা স্ত্রীকে বললেন, তখন স্ত্রী বললেনঃ কে আপনাকে এ সম্পর্কে অবহিত করল? নবী বললেন,ঃ যিনি সর্বজ্ঞ, ওয়াকিফহাল, তিনি আমাকে অবহিত করেছেন।",
    "en": "And [remember] when the Prophet confided to one of his wives a statement; and when she informed [another] of it and Allah showed it to him, he made known part of it and ignored a part. And when he informed her about it, she said, \"Who told you this?\" He said, \"I was informed by the Knowing, the Acquainted.\""
  },
  {
    "id": 4,
    "ar": "إِن تَتُوبَآ إِلَى ٱللَّهِ فَقَدْ صَغَتْ قُلُوبُكُمَا وَإِن تَظَٰهَرَا عَلَيْهِ فَإِنَّ ٱللَّهَ هُوَ مَوْلَىٰهُ وَجِبْرِيلُ وَصَٰلِحُ ٱلْمُؤْمِنِينَ وَٱلْمَلَٰٓئِكَةُ بَعْدَ ذَٰلِكَ ظَهِيرٌ",
    "tr": "ইন তাতূবাইলাল্লা-হি ফাকাদ সাগাত কুলূবুকুমা- ওয়া ইন তাজা-হারা-‘আলাইহি ফাইন্নাল্লা-হা হুওয়া মাওলা-হু ওয়া জিবরীলুওয়া সা-লিহুল মু’মিনীনা ওয়াল মালাইকাতুবা‘দা যা-লিকা জাহীর।",
    "bn_haque": "যদি তোমরা উভয়ে আল্লাহ্‌র দিকে ফেরো, কেননা তোমাদের হৃদয় ইতিপূর্বেই ঝোঁকে গেছে। কিন্ত যদি তোমরা দুজনে তাঁর বিরুদ্ধে পৃষ্ঠপোষকতা কর তাহলে আল্লাহ্ -- তিনিই তাঁর রক্ষাকারী বন্ধু, আর জিব্রীল ও পুণ্যবান মুমিনগণ, আর উপরন্ত ফিরিশ্‌তারাও পৃষ্ঠপোষক।",
    "bn_muhi": "তোমাদের অন্তর অন্যায়ের দিকে ঝুঁকে পড়েছে বলে যদি তোমরা উভয়ে তওবা কর, তবে ভাল কথা। আর যদি নবীর বিরুদ্ধে একে অপরকে সাহায্য কর, তবে জেনে রেখ আল্লাহ জিবরাঈল এবং সৎকর্মপরায়ণ মুমিনগণ তাঁর সহায়। উপরন্তুত ফেরেশতাগণও তাঁর সাহায্যকারী।",
    "en": "If you two [wives] repent to Allah, [it is best], for your hearts have deviated. But if you cooperate against him - then indeed Allah is his protector, and Gabriel and the righteous of the believers and the angels, moreover, are [his] assistants."
  },
  {
    "id": 5,
    "ar": "عَسَىٰ رَبُّهُۥٓ إِن طَلَّقَكُنَّ أَن يُبْدِلَهُۥٓ أَزْوَٰجًا خَيْرًا مِّنكُنَّ مُسْلِمَٰتٍ مُّؤْمِنَٰتٍ قَٰنِتَٰتٍ تَٰٓئِبَٰتٍ عَٰبِدَٰتٍ سَٰٓئِحَٰتٍ ثَيِّبَٰتٍ وَأَبْكَارًا",
    "tr": "‘আছা-রাব্বুহইন তাল্লাকাকুন্না আইঁ ইউবদিলাহূ আঝওয়া-জান খাইরাম মিনকুন্না মুছলিমাতিম মু’মিনা-তিন কা-নিতা-তিন তাইবা-তিন ‘আ-বিদা-তিন ছাইহা-তিন ছাইয়িবাতিওঁ ওয়া আবকা-রা-।",
    "bn_haque": "হতে পারে তাঁর প্রভু, যদি তিনি তোমাদের তালাক দিয়ে দেন, তবে তিনি তাঁকে বদলে দেবেন তোমাদের চাইতেও উৎকৃষ্ট স্ত্রীদের -- আ‌ত্মসমর্পিতা, বিশ্বাসিনী, বিনয়াবনতা, অনুতাপকারিণী, উপাসনাকারিণী, রোযাপালনকারিণী, স্বামিঘরকারিণী ও কুমারী।",
    "bn_muhi": "যদি নবী তোমাদের সকলকে পরিত্যাগ করেন, তবে সম্ভবতঃ তাঁর পালনকর্তা তাঁকে পরিবর্তে দিবেন তোমাদের চাইতে উত্তম স্ত্রী, যারা হবে আজ্ঞাবহ, ঈমানদার, নামাযী তওবাকারিণী, এবাদতকারিণী, রোযাদার, অকুমারী ও কুমারী।",
    "en": "Perhaps his Lord, if he divorced you [all], would substitute for him wives better than you - submitting [to Allah ], believing, devoutly obedient, repentant, worshipping, and traveling - [ones] previously married and virgins."
  },
  {
    "id": 6,
    "ar": "يَٰٓأَيُّهَا ٱلَّذِينَ ءَامَنُوا۟ قُوٓا۟ أَنفُسَكُمْ وَأَهْلِيكُمْ نَارًا وَقُودُهَا ٱلنَّاسُ وَٱلْحِجَارَةُ عَلَيْهَا مَلَٰٓئِكَةٌ غِلَاظٌ شِدَادٌ لَّا يَعْصُونَ ٱللَّهَ مَآ أَمَرَهُمْ وَيَفْعَلُونَ مَا يُؤْمَرُونَ",
    "tr": "ইয়াআইয়ুহাল্লাযীনা আ-মানূকূআনফুছাকুমওয়াআহলীকুমনা-রাওঁ ওয়াকূ দুহান্না-ছু ওয়াল হিজা-রাতু‘আলাইহা-মালাইকাতুনগিলা-জু নশিদা-দুল লা-ইয়া‘সূনাল্লা-হা মা আমারাহুম ওয়া ইয়াফ‘আলূনা মা-ইউ’মারূন।",
    "bn_haque": "ওহে যারা ঈমান এনেছ! তোমাদের নিজেদের ও তোমাদের পরিবার-পরিজনদের রক্ষা করো সেই আগুন থেকে যার জ্বালানি হচ্ছে মানুষ ও পাথরগুলো, তার উপরে রয়েছে ফিরিশ্‌তারা -- অনমনীয়, কঠোর, তারা আল্লাহ্‌কে অমান্য করে না যা তিনি তাদের আদেশ করে থাকেন, আর তারা তাই করে যা তাদের আদেশ করা হয়।",
    "bn_muhi": "মুমিনগণ, তোমরা নিজেদেরকে এবং তোমাদের পরিবার-পরিজনকে সেই অগ্নি থেকে রক্ষা কর, যার ইন্ধন হবে মানুষ ও প্রস্তর, যাতে নিয়োজিত আছে পাষাণ হৃদয়, কঠোরস্বভাব ফেরেশতাগণ। তারা আল্লাহ তা’আলা যা আদেশ করেন, তা অমান্য করে না এবং যা করতে আদেশ করা হয়, তাই করে।",
    "en": "O you who have believed, protect yourselves and your families from a Fire whose fuel is people and stones, over which are [appointed] angels, harsh and severe; they do not disobey Allah in what He commands them but do what they are commanded."
  },
  {
    "id": 7,
    "ar": "يَٰٓأَيُّهَا ٱلَّذِينَ كَفَرُوا۟ لَا تَعْتَذِرُوا۟ ٱلْيَوْمَ إِنَّمَا تُجْزَوْنَ مَا كُنتُمْ تَعْمَلُونَ",
    "tr": "ইয়াআইয়ুহাল্লাযীনা কাফারূলা-তা‘তাযিরুল ইয়াওমা ইন্নামা-তুজঝাওনা মা-কুনতুম তা‘মালূন।",
    "bn_haque": "ওহে যারা অবিশ্বাস পোষণ করেছ! আজকের দিনে কোনো অজুহাত এনো না। নিঃসন্দেহ তোমাদের তো প্রতিফল দেওয়া হচ্ছে যা তোমরা করে থাকতে তারই।",
    "bn_muhi": "হে কাফের সম্প্রদায়, তোমরা আজ ওযর পেশ করো না। তোমাদেরকে তারই প্রতিফল দেয়া হবে, যা তোমরা করতে।",
    "en": "O you who have disbelieved, make no excuses that Day. You will only be recompensed for what you used to do."
  },
  {
    "id": 8,
    "ar": "يَٰٓأَيُّهَا ٱلَّذِينَ ءَامَنُوا۟ تُوبُوٓا۟ إِلَى ٱللَّهِ تَوْبَةً نَّصُوحًا عَسَىٰ رَبُّكُمْ أَن يُكَفِّرَ عَنكُمْ سَيِّـَٔاتِكُمْ وَيُدْخِلَكُمْ جَنَّٰتٍ تَجْرِى مِن تَحْتِهَا ٱلْأَنْهَٰرُ يَوْمَ لَا يُخْزِى ٱللَّهُ ٱلنَّبِىَّ وَٱلَّذِينَ ءَامَنُوا۟ مَعَهُۥ نُورُهُمْ يَسْعَىٰ بَيْنَ أَيْدِيهِمْ وَبِأَيْمَٰنِهِمْ يَقُولُونَ رَبَّنَآ أَتْمِمْ لَنَا نُورَنَا وَٱغْفِرْ لَنَآ إِنَّكَ عَلَىٰ كُلِّ شَىْءٍ قَدِيرٌ",
    "tr": "ইয়াআইয়ুহাল্লাযীনা আ-মানূতূবূইলাল্লা-হি তাওবাতান নাসূহা ‘আছা-রাব্বুকুম আইঁ ইউকাফফিরা ‘আনকুম ছাইয়িআ-তিকুম ওয়া ইউদখিলাকুম জান্না-তিন তাজরী মিন তাহতিহাল আনহা-রু ইয়াওমা লা-ইউখঝিল্লা-হুন নাবিইইয়া ওয়াল্লাযীনা আ-মানূ মা‘আহূ নূরুহুম ইয়াছ‘আ-বাইনা আইদীহিম ওয়া বিআইমা-নিহিম ইয়াকূলূনা রাব্বানা আতমিম লানা-নূরানা-ওয়াগফিরলানা- ইন্নাকা ‘আলা-কুল্লি শাইয়িন কাদীর।",
    "bn_haque": "ওহে যারা ঈমান এনেছ! আল্লাহ্‌র দিকে ফেরো বিশুদ্ধ ফেরায়, হতে পারে তোমাদের প্রভু তোমাদের থেকে তোমাদের পাপ মোচন করে দেবেন এবং তোমাদের প্রবেশ করাবেন জান্নাতে যাদের নিচে দিয়ে বয়ে চলেছে ঝরনারাজি; সেই দিন আল্লাহ্ অপদস্থ করবেন না নবীকে এবং যারা তাঁর সঙ্গে ঈমান এনেছে তাদের, তাদের রোশনি তাদের সামনে চলবে আর তাদের ডানপাশে, তারা বলবে -- \"আমাদের প্রভু! আমাদের জন্য আমাদের রোশনি পরিপূর্ণ করো, আর আমাদের পরিত্রাণ করো। নিঃসন্দেহ তুমি সব-কিছুর উপরে সর্বশক্তিমান।\"",
    "bn_muhi": "মুমিনগণ! তোমরা আল্লাহ তা’আলার কাছে তওবা কর-আন্তরিক তওবা। আশা করা যায়, তোমাদের পালনকর্তা তোমাদের মন্দ কর্মসমূহ মোচন করে দেবেন এবং তোমাদেরকে দাখিল করবেন জান্নাতে, যার তলদেশে নদী প্রবাহিত। সেদিন আল্লাহ নবী এবং তাঁর বিশ্বাসী সহচরদেরকে অপদস্থ করবেন না। তাদের নূর তাদের সামনে ও ডানদিকে ছুটোছুটি করবে। তারা বলবেঃ হে আমাদের পালনকর্তা, আমাদের নূরকে পূর্ণ করে দিন এবং আমাদেরকে ক্ষমা করুন। নিশ্চয় আপনি সবকিছুর উপর সর্ব শক্তিমান।",
    "en": "O you who have believed, repent to Allah with sincere repentance. Perhaps your Lord will remove from you your misdeeds and admit you into gardens beneath which rivers flow [on] the Day when Allah will not disgrace the Prophet and those who believed with him. Their light will proceed before them and on their right; they will say, \"Our Lord, perfect for us our light and forgive us. Indeed, You are over all things competent.\""
  },
  {
    "id": 9,
    "ar": "يَٰٓأَيُّهَا ٱلنَّبِىُّ جَٰهِدِ ٱلْكُفَّارَ وَٱلْمُنَٰفِقِينَ وَٱغْلُظْ عَلَيْهِمْ وَمَأْوَىٰهُمْ جَهَنَّمُ وَبِئْسَ ٱلْمَصِيرُ",
    "tr": "ইয়াআইয়ুহান্নাবিইয়ুজা-হিদিল কুফফা-রা ওয়াল মুনা-ফিকীনা ওয়াগলুজ‘আলাইহিম ওয়া মা’ওয়া-হুম জাহান্নামু ওয়া বি’ছাল মাসীর।",
    "bn_haque": "হে প্রিয় নবী! জিহাদ করো অবিশ্বাসীদের ও মুনাফিকদের সঙ্গে, আর তাদের প্রতি কঠোর হও। আর তাদের আবাসস্থল হচ্ছে জাহান্নাম, আর মন্দ সেই গন্তব্যস্থান!",
    "bn_muhi": "হে নবী! কাফের ও মুনাফিকদের বিরুদ্ধে জেহাদ করুন এবং তাদের প্রতি কঠোর হোন। তাদের ঠিকানা জাহান্নাম। সেটা কতই না নিকৃষ্ট স্থান।",
    "en": "O Prophet, strive against the disbelievers and the hypocrites and be harsh upon them. And their refuge is Hell, and wretched is the destination."
  },
  {
    "id": 10,
    "ar": "ضَرَبَ ٱللَّهُ مَثَلًا لِّلَّذِينَ كَفَرُوا۟ ٱمْرَأَتَ نُوحٍ وَٱمْرَأَتَ لُوطٍ كَانَتَا تَحْتَ عَبْدَيْنِ مِنْ عِبَادِنَا صَٰلِحَيْنِ فَخَانَتَاهُمَا فَلَمْ يُغْنِيَا عَنْهُمَا مِنَ ٱللَّهِ شَيْـًٔا وَقِيلَ ٱدْخُلَا ٱلنَّارَ مَعَ ٱلدَّٰخِلِينَ",
    "tr": "দারাবাল্লা-হু মাছালালিলল্লাযীনা কাফারুমরাআতা নূহিওঁ ওয়ামরাআতা লূতিন কানাতা-তাহতা ‘আবদাইনি মিন ‘ইবা-দিনা-ছা-লিহাইনি ফাখা-নাতা-হুমা-ফালাম ইউগনিয়া-‘আনহুমা-মিনাল্লা-হি শাইআওঁ ওয়া কীলাদ খুলান্না-রা মা‘আদ্দা-খিলীন।",
    "bn_haque": "আল্লাহ্ একটি দৃষ্টান্ত উপস্থাপিত করছেন তাদের জন্য যারা অবিশ্বাস পোষণ করে, -- নূহের স্ত্রীর ও লূতের স্ত্রীর। তারা উভয়ে ছিল আমাদের বান্দাদের মধ্যের দুইজন সৎকর্মপরায়ণ বান্দার অধীনে, কিন্ত তারা তাঁদের প্রতি বিশ্বাসঘাতকতা করেছিল, ফলে তাঁরা আল্লাহ্‌র বিরুদ্ধে তাদের কোনো কাজে আসেন নি; আর বলা হবে -- \"তোমরা দুজনেও প্রবেশকারীদের সঙ্গে আগুনে প্রবেশ করো।\"",
    "bn_muhi": "আল্লাহ তা’আলা কাফেরদের জন্যে নূহ-পত্নী ও লূত-পত্নীর দৃষ্টান্ত বর্ণনা করেছেন। তারা ছিল আমার দুই ধর্মপরায়ণ বান্দার গৃহে। অতঃপর তারা তাদের সাথে বিশ্বাসঘাতকতা করল। ফলে নূহ ও লূত তাদেরকে আল্লাহ তা’আলার কবল থেকে রক্ষা করতে পারল না এবং তাদেরকে বলা হলঃ জাহান্নামীদের সাথে জাহান্নামে চলে যাও।",
    "en": "Allah presents an example of those who disbelieved: the wife of Noah and the wife of Lot. They were under two of Our righteous servants but betrayed them, so those prophets did not avail them from Allah at all, and it was said, \"Enter the Fire with those who enter.\""
  },
  {
    "id": 11,
    "ar": "وَضَرَبَ ٱللَّهُ مَثَلًا لِّلَّذِينَ ءَامَنُوا۟ ٱمْرَأَتَ فِرْعَوْنَ إِذْ قَالَتْ رَبِّ ٱبْنِ لِى عِندَكَ بَيْتًا فِى ٱلْجَنَّةِ وَنَجِّنِى مِن فِرْعَوْنَ وَعَمَلِهِۦ وَنَجِّنِى مِنَ ٱلْقَوْمِ ٱلظَّٰلِمِينَ",
    "tr": "ওয়া দারাবাল্লা-হু মাছালালিলল্লাযীনা আ-মানুমরাআতা ফির‘আওনা । ইযকা-লাত রাব্ব্বিনি লী ‘ইনদাকা বাইতান ফিল জান্নাতি ওয়া নাজ্জিনী মিন ফির‘আওনা ওয়া ‘আমালিহী ওয়া নাজ্জিনী মিনাল কাওমিজ্জা-লিমীন।",
    "bn_haque": "আর আল্লাহ্ একটি দৃষ্টান্ত উপস্থাপিত করছেন তাদের জন্য যারা ঈমান এনেছে, -- ফিরআউনের স্ত্রীর। স্মরণ করো! সে বলেছিল -- \"আমার প্রভু! আমার জন্য বেহেশতে তোমার সন্নিকটে একটি আবাস তৈরি করো, আর আমাকে উদ্ধার করো ফিরআউন ও তার ক্রিয়াকলাপ থেকে, আর আমাকে উদ্ধার করো অন্যায়াচারী লোকদের থেকে।\"",
    "bn_muhi": "আল্লাহ তা’আলা মুমিনদের জন্যে ফেরাউন-পত্নীর দৃষ্টান্ত বর্ণনা করেছেন। সে বললঃ হে আমার পালনকর্তা! আপনার সন্নিকটে জান্নাতে আমার জন্যে একটি গৃহ নির্মাণ করুন, আমাকে ফেরাউন ও তার দুস্কর্ম থেকে উদ্ধার করুন এবং আমাকে যালেম সম্প্রদায় থেকে মুক্তি দিন।",
    "en": "And Allah presents an example of those who believed: the wife of Pharaoh, when she said, \"My Lord, build for me near You a house in Paradise and save me from Pharaoh and his deeds and save me from the wrongdoing people.\""
  },
  {
    "id": 12,
    "ar": "وَمَرْيَمَ ٱبْنَتَ عِمْرَٰنَ ٱلَّتِىٓ أَحْصَنَتْ فَرْجَهَا فَنَفَخْنَا فِيهِ مِن رُّوحِنَا وَصَدَّقَتْ بِكَلِمَٰتِ رَبِّهَا وَكُتُبِهِۦ وَكَانَتْ مِنَ ٱلْقَٰنِتِينَ",
    "tr": "ওয়া মারইয়ামাবনাতা ‘ইমরা-নাল্লাতীআহসানাত ফারজাহা-ফানাফাখনা-ফীহি মিররূহিনাওয়া সাদ্দাকাত বিকালিমা-তি রাব্বিহা-ওয়া কুতুবিহী ওয়া কা-নাত মিনাল কা-নিতীন।",
    "bn_haque": "আর ইমরানের কন্যা মরিয়ম, যে তার আঙ্গিক কর্তব্যাবলী রক্ষা করেছিল, ফলে আমরা তার মধ্যে আমাদের রূহ থেকে ফুঁকে দিয়েছিলাম, আর সে তার প্রভুর বাণীকে ও তাঁর গ্রন্থগুলোকে সত্য জেনেছিল, আর সে ছিল বিনয়াবনতদের মধ্যেকার।",
    "bn_muhi": "আর দৃষ্টান্ত বর্ণনা করেছেন এমরান-তনয়া মরিয়মের, যে তার সতীত্ব বজায় রেখেছিল। অতঃপর আমি তার মধ্যে আমার পক্ষ থেকে জীবন ফুঁকে দিয়েছিলাম এবং সে তার পালনকর্তার বানী ও কিতাবকে সত্যে পরিণত করেছিল। সে ছিল বিনয় প্রকাশকারীনীদের একজন।",
    "en": "And [the example of] Mary, the daughter of 'Imran, who guarded her chastity, so We blew into [her garment] through Our angel, and she believed in the words of her Lord and His scriptures and was of the devoutly obedient."
  }
]