[
  {
    "id": 1,
    "ar": "أَلْهَىٰكُمُ ٱلتَّكَاثُرُ",
    "tr": "আলহা-কুমুত্তাকা-ছু র।",
    "bn_haque": "প্রাচুর্যের প্রতিযোগিতা তোমাদের মতিভ্রম ঘটায়, --",
    "bn_muhi": "প্রাচুর্যের লালসা তোমাদেরকে গাফেল রাখে,",
    "en": "Competition in [worldly] increase diverts you"
  },
  {
    "id": 2,
    "ar": "حَتَّىٰ زُرْتُمُ ٱلْمَقَابِرَ",
    "tr": "হাত্তা-ঝুরতুমুল মাকা-বির।",
    "bn_haque": "যতক্ষণ না তোমরা কবরে আসো।",
    "bn_muhi": "এমনকি, তোমরা কবরস্থানে পৌছে যাও।",
    "en": "Until you visit the graveyards."
  },
  {
    "id": 3,
    "ar": "كَلَّا سَوْفَ تَعْلَمُونَ",
    "tr": "কাল্লা-ছাওফা তা‘লামূন।",
    "bn_haque": "না! শীঘ্রই তোমরা জানতে পারবে!",
    "bn_muhi": "এটা কখনও উচিত নয়। তোমরা সত্ত্বরই জেনে নেবে।",
    "en": "No! You are going to know."
  },
  {
    "id": 4,
    "ar": "ثُمَّ كَلَّا سَوْفَ تَعْلَمُونَ",
    "tr": "ছু ম্মা কাল্লা-ছাওফা তা‘লামূন।",
    "bn_haque": "আবার বলি, -- না, শীঘ্রই তোমরা জানতে পারবে!",
    "bn_muhi": "অতঃপর এটা কখনও উচিত নয়। তোমরা সত্ত্বরই জেনে নেবে।",
    "en": "Then no! You are going to know."
  },
  {
    "id": 5,
    "ar": "كَلَّا لَوْ تَعْلَمُونَ عِلْمَ ٱلْيَقِينِ",
    "tr": "কাল্লা-লাও তা‘লামূনা ‘ইলমাল ইয়াকীন।",
    "bn_haque": "না, যদি তোমরা জানতে নিশ্চিত জ্ঞানে!",
    "bn_muhi": "কখনই নয়; যদি তোমরা নিশ্চিত জানতে।",
    "en": "No! If you only knew with knowledge of certainty..."
  },
  {
    "id": 6,
    "ar": "لَتَرَوُنَّ ٱلْجَحِيمَ",
    "tr": "লাতারাউন্নাল জাহীমা",
    "bn_haque": "তোমরা তো ভয়ংকর আগুন দেখবেই।",
    "bn_muhi": "তোমরা অবশ্যই জাহান্নাম দেখবে,",
    "en": "You will surely see the Hellfire."
  },
  {
    "id": 7,
    "ar": "ثُمَّ لَتَرَوُنَّهَا عَيْنَ ٱلْيَقِينِ",
    "tr": "ছু ম্মা লাতারাউন্নাহা-‘আইনাল ইয়াকীন।",
    "bn_haque": "আবার বলি, তোমরা অবশ্যই এটি দেখবে নিশ্চিত দৃষ্টিতে।",
    "bn_muhi": "অতঃপর তোমরা তা অবশ্যই দেখবে দিব্য প্রত্যয়ে,",
    "en": "Then you will surely see it with the eye of certainty."
  },
  {
    "id": 8,
    "ar": "ثُمَّ لَتُسْـَٔلُنَّ يَوْمَئِذٍ عَنِ ٱلنَّعِيمِ",
    "tr": "ছু ম্মা লাতুছআলুন্না ইয়াওমাইযিন ‘আনিন্না‘ঈম।",
    "bn_haque": "এরপর সেইদিন তোমাদের অবশ্যই জিজ্ঞাসা করা হবে অবদান সম্পর্কে।",
    "bn_muhi": "এরপর অবশ্যই সেদিন তোমরা নেয়ামত সম্পর্কে জিজ্ঞাসিত হবে।",
    "en": "Then you will surely be asked that Day about pleasure."
  }
]