[
  {
    "id": 1,
    "ar": "الٓمٓ",
    "tr": "আলিফ লাম মীম।",
    "bn_haque": "আলিফ, লাম, মীম।",
    "bn_muhi": "আলিফ-লাম-মীম,",
    "en": "Alif, Lam, Meem."
  },
  {
    "id": 2,
    "ar": "غُلِبَتِ ٱلرُّومُ",
    "tr": "গুলিবাতির রূম।",
    "bn_haque": "রোমানজাতি পরাজিত হয়েছে --",
    "bn_muhi": "রোমকরা পরাজিত হয়েছে,",
    "en": "The Byzantines have been defeated"
  },
  {
    "id": 3,
    "ar": "فِىٓ أَدْنَى ٱلْأَرْضِ وَهُم مِّنۢ بَعْدِ غَلَبِهِمْ سَيَغْلِبُونَ",
    "tr": "ফীআদনাল আরদিওয়াহুম মিম বা‘দি গালাবিহিম ছাইয়াগলিবূন।",
    "bn_haque": "নিকটবর্তী দেশে, কিন্তু তাদের এ পরাজয়ের পরে তারা শীঘ্রই বিজয়লাভ করবে, --",
    "bn_muhi": "নিকটবর্তী এলাকায় এবং তারা তাদের পরাজয়ের পর অতিসত্বর বিজয়ী হবে,",
    "en": "In the nearest land. But they, after their defeat, will overcome."
  },
  {
    "id": 4,
    "ar": "فِى بِضْعِ سِنِينَ لِلَّهِ ٱلْأَمْرُ مِن قَبْلُ وَمِنۢ بَعْدُ وَيَوْمَئِذٍ يَفْرَحُ ٱلْمُؤْمِنُونَ",
    "tr": "ফী বিদ‘ই ছিনীনা লিল্লা-হিল আমরু মিন কাবলুওয়া মিম বা‘দু ওয়া ইয়াওমাইযিইঁ ইয়াফরাহুল মু’মিনূন।",
    "bn_haque": "বছর কয়েকের মধ্যেই। বিধান হচ্ছে আল্লাহ্‌রই -- আগেরবারে এবং পরেরবারে। আর সেইদিন মুমিনরা হর্ষোল্লাস করবে --",
    "bn_muhi": "কয়েক বছরের মধ্যে। অগ্র-পশ্চাতের কাজ আল্লাহর হাতেই। সেদিন মুমিনগণ আনন্দিত হবে।",
    "en": "Within three to nine years. To Allah belongs the command before and after. And that day the believers will rejoice"
  },
  {
    "id": 5,
    "ar": "بِنَصْرِ ٱللَّهِ يَنصُرُ مَن يَشَآءُ وَهُوَ ٱلْعَزِيزُ ٱلرَّحِيمُ",
    "tr": "বিনাসরিল্লা-হি ইয়ানসুরু মাইঁ ইয়াশা-উ ওয়া হুওয়াল ‘আঝীঝুর রাহীম।",
    "bn_haque": "আল্লাহ্‌র সাহায্যের ফলে। তিনি সাহায্য করেন যাকে তিনি ইচ্ছা করেন। আর তিনি মহাশক্তিশালী, অফুরন্ত ফলদাতা।",
    "bn_muhi": "আল্লাহর সাহায্যে। তিনি যাকে ইচ্ছা সাহায্য করেন এবং তিনি পরাক্রমশালী, পরম দয়ালু।",
    "en": "In the victory of Allah . He gives victory to whom He wills, and He is the Exalted in Might, the Merciful."
  },
  {
    "id": 6,
    "ar": "وَعْدَ ٱللَّهِ لَا يُخْلِفُ ٱللَّهُ وَعْدَهُۥ وَلَٰكِنَّ أَكْثَرَ ٱلنَّاسِ لَا يَعْلَمُونَ",
    "tr": "ওয়া‘দাল্লা-হি লা-ইউখলিফুল্লা-হু ওয়া‘দাহূওয়া লা-কিন্না আকছারান্না-ছি লাইয়া‘লামূন।",
    "bn_haque": "এ আল্লাহ্‌র প্রতি‌শ্রুতি। আল্লাহ্ তাঁর ওয়াদার খেলাপ করেন না, কিন্তু অধিকাংশ লোকেই জানে না।",
    "bn_muhi": "আল্লাহর প্রতিশ্রুতি হয়ে গেছে। আল্লাহ তার প্রতিশ্রুতি খেলাফ করবেন না। কিন্তু অধিকাংশ লোক জানে না।",
    "en": "[It is] the promise of Allah . Allah does not fail in His promise, but most of the people do not know."
  },
  {
    "id": 7,
    "ar": "يَعْلَمُونَ ظَٰهِرًا مِّنَ ٱلْحَيَوٰةِ ٱلدُّنْيَا وَهُمْ عَنِ ٱلْءَاخِرَةِ هُمْ غَٰفِلُونَ",
    "tr": "ইয়া‘লামূনা জা-হিরাম মিনাল হায়া-তিদ দুনইয়া- ওয়া হুম ‘আনিল আ-খিরাতি হুম গাফিলূন।",
    "bn_haque": "তারা দুনিয়ার জীবনের বাহিরটাই জানে, কিন্তু আখেরাত সন্বন্ধে তারা নিজেরাই সম্পূর্ণ বেখেয়াল রয়েছে।",
    "bn_muhi": "তারা পার্থিব জীবনের বাহ্যিক দিক জানে এবং তারা পরকালের খবর রাখে না।",
    "en": "They know what is apparent of the worldly life, but they, of the Hereafter, are unaware."
  },
  {
    "id": 8,
    "ar": "أَوَلَمْ يَتَفَكَّرُوا۟ فِىٓ أَنفُسِهِم مَّا خَلَقَ ٱللَّهُ ٱلسَّمَٰوَٰتِ وَٱلْأَرْضَ وَمَا بَيْنَهُمَآ إِلَّا بِٱلْحَقِّ وَأَجَلٍ مُّسَمًّى وَإِنَّ كَثِيرًا مِّنَ ٱلنَّاسِ بِلِقَآئِ رَبِّهِمْ لَكَٰفِرُونَ",
    "tr": "আওয়া লাম ইয়াতাফাক্কারূফীআনফুছিহিম মা-খালাকাল্লা-হুছছামা-ওয়া-তি ওয়াল আরদা ওয়ামা-বাইনাহুমাইল্লা-বিলহাক্কিওয়া আজালিম মুছাম্মাওঁ ওয়া ইন্না কাছীরাম মিনান্না-ছি বিলিকাই রাব্বিহিম লাকা-ফিরূন।",
    "bn_haque": "তারা কি তবু নিজেদের অন্তরে ভেবে দেখে না -- আল্লাহ্ মহাকাশমন্ডলী ও পৃথিবী এবং এ দুইয়ের মধ্যে যা কিছু রয়েছে তা সৃষ্টি করেন নি বাস্তবতা ব্যতীত আর একটি নির্ধারিত কালের জন্য। আর বস্তুত লোকেদের মধ্যে অনেকেই তাদের প্রভুর সাথে মোলাকাত সন্বন্ধে সত্যিই অবিশ্বাসী।",
    "bn_muhi": "তারা কি তাদের মনে ভেবে দেখে না যে, আল্লাহ নভোমন্ডল, ভূমন্ডল ও এতদুভয়ের মধ্যবর্তী সবকিছু সৃষ্টি করেছেন যথাযথরূপে ও নির্দিষ্ট সময়ের জন্য, কিন্তু অনেক মানুষ তাদের পালনকর্তার সাক্ষাতে অবিশ্বাসী।",
    "en": "Do they not contemplate within themselves? Allah has not created the heavens and the earth and what is between them except in truth and for a specified term. And indeed, many of the people, in [the matter of] the meeting with their Lord, are disbelievers."
  },
  {
    "id": 9,
    "ar": "أَوَلَمْ يَسِيرُوا۟ فِى ٱلْأَرْضِ فَيَنظُرُوا۟ كَيْفَ كَانَ عَٰقِبَةُ ٱلَّذِينَ مِن قَبْلِهِمْ كَانُوٓا۟ أَشَدَّ مِنْهُمْ قُوَّةً وَأَثَارُوا۟ ٱلْأَرْضَ وَعَمَرُوهَآ أَكْثَرَ مِمَّا عَمَرُوهَا وَجَآءَتْهُمْ رُسُلُهُم بِٱلْبَيِّنَٰتِ فَمَا كَانَ ٱللَّهُ لِيَظْلِمَهُمْ وَلَٰكِن كَانُوٓا۟ أَنفُسَهُمْ يَظْلِمُونَ",
    "tr": "আওয়া লাম ইয়াছীরূ ফিলআরদিফাইয়ানজুরূ কাইফা কা-না ‘আ-কিবাতুল্লাযীনা মিন কাবলিহিম কা-নূআশাদ্দা মিনহুম কুওওয়াতাওঁ ওয়া আছা-রুল আরদা ওয়া ‘আমারূহা আকছারা মিম্মা-‘আমারূহা-ওয়া জাআতহুম রুছুলুহুম বিলবাইয়িনা-তি ফামা-কা-নাল্লা-হু লিইয়াজলিমাহুম ওয়া লা-কিন কা-নূআনফুছাহুম ইয়াজলিমূন।",
    "bn_haque": "তারা কি তবে পৃথিবীতে পরিভ্রমণ করে না, তাহলে তারা দেখতে পেতো কেমন হয়েছিল তাদের পরিণাম যারা তাদের আগেকার ছিল? তারা এদের চাইতেও শক্তিতে প্রবল ছিল, আর মাটি খুড়ঁতো, আর তারা এতে এমারত গড়তো যা এরা এতে গড়েছিল তার চাইতেও বেশি, আর তাদের রসূলগণ তাদের কাছে এসেছিলেন সুস্পষ্ট প্রমাণ নিয়ে। কাজেই এটি আল্লাহ্‌র কাজ নয় যে তিনি তাদের প্রতি অন্যায় করবেন, কিন্তু তারা তাদের নিজেদেরই প্রতি অন্যায় করে যাচ্ছিল।",
    "bn_muhi": "তারা কি পৃথিবীতে ভ্রমণ করে না অতঃপর দেখে না যে; তাদের পূর্ববর্তীদের পরিণাম কি কি হয়েছে? তারা তাদের চাইতে শক্তিশালী ছিল, তারা যমীন চাষ করত এবং তাদের চাইতে বেশী আবাদ করত। তাদের কাছে তাদের রসূলগণ সুস্পষ্ট নির্দেশ নিয়ে এসেছিল। বস্তুতঃ আল্লাহ তাদের প্রতি জুলুমকারী ছিলেন না। কিন্তু তারা নিজেরাই নিজেদের প্রতি জুলুম করেছিল।",
    "en": "Have they not traveled through the earth and observed how was the end of those before them? They were greater than them in power, and they plowed the earth and built it up more than they have built it up, and their messengers came to them with clear evidences. And Allah would not ever have wronged them, but they were wronging themselves."
  },
  {
    "id": 10,
    "ar": "ثُمَّ كَانَ عَٰقِبَةَ ٱلَّذِينَ أَسَٰٓـُٔوا۟ ٱلسُّوٓأَىٰٓ أَن كَذَّبُوا۟ بِـَٔايَٰتِ ٱللَّهِ وَكَانُوا۟ بِهَا يَسْتَهْزِءُونَ",
    "tr": "ছু ম্মা কা-না ‘আ-কিবাতাল্লাযীনা আছাউছছূআআন কাযযাবূবিআ-য়া-তিল্লা-হি ওয়া কা-নূবিহা-ইয়াছতাহঝিঊন।",
    "bn_haque": "অতঃপর তাদের পরিণাম হয়েছিল মন্দ যারা মন্দ কাজ করেছিল, যেহেতু তারা আল্লাহ্‌র নির্দেশাবলী প্রত্যাখ্যান করেছিল, আর তা নিয়ে তারা হাসাহাসি করত।",
    "bn_muhi": "অতঃপর যারা মন্দ কর্ম করত, তাদের পরিণাম হয়েছে মন্দ। কারণ, তারা আল্লাহর আয়াতসমূহকে মিথ্যা বলত এবং সেগুলো নিয়ে ঠাট্টা-বিদ্রূপ করত।",
    "en": "Then the end of those who did evil was the worst [consequence] because they denied the signs of Allah and used to ridicule them."
  },
  {
    "id": 11,
    "ar": "ٱللَّهُ يَبْدَؤُا۟ ٱلْخَلْقَ ثُمَّ يُعِيدُهُۥ ثُمَّ إِلَيْهِ تُرْجَعُونَ",
    "tr": "আল্লা-হু ইয়াবদাউল খালকা ছুম্মা ইউ‘ঈদুহূছুম্মা ইলাইহি তুরজা‘ঊন।",
    "bn_haque": "আল্লাহ্ সৃষ্টির সূচনা করেন, তারপর তিনি তা পুনঃসৃষ্টি করেন, তারপর তাঁরই কাছে তোমাদের ফিরিয়ে আনা হবে।",
    "bn_muhi": "আল্লাহ প্রথমবার সৃষ্টি করেন, অতঃপর তিনি পুনরায় সৃষ্টি করবেন। এরপর তোমরা তাঁরই দিকে প্রত্যাবর্তিত হবে।",
    "en": "Allah begins creation; then He will repeat it; then to Him you will be returned."
  },
  {
    "id": 12,
    "ar": "وَيَوْمَ تَقُومُ ٱلسَّاعَةُ يُبْلِسُ ٱلْمُجْرِمُونَ",
    "tr": "ওয়া ইয়াওমা তাকূমুছছা-‘আতুইউবলিছুল মুজরিমূন।",
    "bn_haque": "আর সেইদিন যখন ঘড়িঘন্টা এসে দাঁড়াবে তখন অপরাধীরা হতাশ হয়ে পড়বে।",
    "bn_muhi": "যে দিন কেয়ামত সংঘটিত হবে, সেদিন অপরাধীরা হতাশ হয়ে যাবে।",
    "en": "And the Day the Hour appears the criminals will be in despair."
  },
  {
    "id": 13,
    "ar": "وَلَمْ يَكُن لَّهُم مِّن شُرَكَآئِهِمْ شُفَعَٰٓؤُا۟ وَكَانُوا۟ بِشُرَكَآئِهِمْ كَٰفِرِينَ",
    "tr": "ওয়ালাম ইয়াকুল লাহুম মিন শুরাকাইহিম শুফা‘আউওয়াকা-নূবিশুরাকাইহিম কাফিরীন।",
    "bn_haque": "আর তাদের জন্য তাদের অংশী-দেবতাদের থেকে কোনো সুপারিশকারী থাকবে না, আর তাদের অংশীদেবতাদের সন্বন্ধে তারা অস্বীকারকারী হবে।",
    "bn_muhi": "তাদের দেবতা গুলোর মধ্যে কেউ তাদের সুপারিশ করবে না। এবং তারা তাদের দেবতাকে অস্বীকার করবে।",
    "en": "And there will not be for them among their [alleged] partners any intercessors, and they will [then] be disbelievers in their partners."
  },
  {
    "id": 14,
    "ar": "وَيَوْمَ تَقُومُ ٱلسَّاعَةُ يَوْمَئِذٍ يَتَفَرَّقُونَ",
    "tr": "ওয়া ইয়াওমা তাকূমুছছা-‘আতুইয়াওমাইযিইঁ ইয়াতাফাররাকূন।",
    "bn_haque": "আর সেদিন যখন ঘড়ি-ঘন্টা এসে দাঁড়াবে তখনকার দিনে তারা আলাদা হয়ে যাবে।",
    "bn_muhi": "যেদিন কেয়ামত সংঘটিত হবে, সেদিন মানুষ বিভক্ত হয়ে পড়বে।",
    "en": "And the Day the Hour appears - that Day they will become separated."
  },
  {
    "id": 15,
    "ar": "فَأَمَّا ٱلَّذِينَ ءَامَنُوا۟ وَعَمِلُوا۟ ٱلصَّٰلِحَٰتِ فَهُمْ فِى رَوْضَةٍ يُحْبَرُونَ",
    "tr": "ফাআম্মাল্লাযীনা আ-মানূওয়া ‘আমিলুসসা-লিহা-তি ফাহুম ফী রাওদাতিইঁ ইউহবারূন।",
    "bn_haque": "সুতরাং যারা ঈমান এনেছে এবং সৎকাজ করেছে তারা তবে তৃণভূমিতে পরমানন্দ ভোগ করবে।",
    "bn_muhi": "যারা বিশ্বাস স্থাপন করেছে ও সৎকর্ম করেছে, তারা জান্নাতে সমাদৃত হবে;",
    "en": "And as for those who had believed and done righteous deeds, they will be in a garden [of Paradise], delighted."
  },
  {
    "id": 16,
    "ar": "وَأَمَّا ٱلَّذِينَ كَفَرُوا۟ وَكَذَّبُوا۟ بِـَٔايَٰتِنَا وَلِقَآئِ ٱلْءَاخِرَةِ فَأُو۟لَٰٓئِكَ فِى ٱلْعَذَابِ مُحْضَرُونَ",
    "tr": "ওয়া আম্মাল্লাযীনা কাফারূওয়া কাযযাবূবিআ-য়া-তিনা-ওয়া লিকাইল আ-খিরাতি ফাউলাইকা ফিল ‘আযা-বি মুহদারূন।",
    "bn_haque": "আর যারা অবিশ্বাস পোষণ করেছিল এবং আমাদের নির্দেশাবলীতে মিথ্যারোপ করেছিল ও পরকালের মোলাকাতকেও, তাদেরই তবে শাস্তির মাঝে হাজির করা হবে।",
    "bn_muhi": "আর যারা কাফের এবং আমার আয়াতসমূহ ও পরকালের সাক্ষাতকারকে মিথ্যা বলছে, তাদেরকেই আযাবের মধ্যে উপস্থিত করা হবে।",
    "en": "But as for those who disbelieved and denied Our verses and the meeting of the Hereafter, those will be brought into the punishment [to remain]."
  },
  {
    "id": 17,
    "ar": "فَسُبْحَٰنَ ٱللَّهِ حِينَ تُمْسُونَ وَحِينَ تُصْبِحُونَ",
    "tr": "ফাছুবহা-নাল্লা-হি হীনা তুমছূনা ওয়া হীনা তুসবিহূন।",
    "bn_haque": "সেজন্য আল্লাহ্‌র মহিমা ঘোষিত হোক যখন তোমরা বিকেল প্রাপ্ত হও এবং যখন তোমরা ভোরে পৌঁছাও।",
    "bn_muhi": "অতএব, তোমরা আল্লাহর পবিত্রতা স্মরণ কর সন্ধ্যায় ও সকালে,",
    "en": "So exalted is Allah when you reach the evening and when you reach the morning."
  },
  {
    "id": 18,
    "ar": "وَلَهُ ٱلْحَمْدُ فِى ٱلسَّمَٰوَٰتِ وَٱلْأَرْضِ وَعَشِيًّا وَحِينَ تُظْهِرُونَ",
    "tr": "ওয়া লাহুল হামদুফিছছামা-ওয়া-তি ওয়াল আরদিওয়া‘আশিইইয়াওঁ ওয়া হীনা তুজহিরূন।",
    "bn_haque": "আর তাঁরই জন্য সকল প্রশংসা মহাকাশমন্ডলীতে ও পৃথিবীতে, আর নিশাকালে এবং যখন তোমরা মধ্যাহ্নে পৌঁছো।",
    "bn_muhi": "এবং অপরাহেߠও মধ্যাহেߦ#2404; নভোমন্ডল ও ভূমন্ডলে, তাঁরই প্রসংসা।",
    "en": "And to Him is [due all] praise throughout the heavens and the earth. And [exalted is He] at night and when you are at noon."
  },
  {
    "id": 19,
    "ar": "يُخْرِجُ ٱلْحَىَّ مِنَ ٱلْمَيِّتِ وَيُخْرِجُ ٱلْمَيِّتَ مِنَ ٱلْحَىِّ وَيُحْىِ ٱلْأَرْضَ بَعْدَ مَوْتِهَا وَكَذَٰلِكَ تُخْرَجُونَ",
    "tr": "ইউখরিজুল হাইইয়া মিনাল মাইয়িতি ওয়া ইউখরিজুল মাইয়িতা মিনাল হাইয়ি ওয়া ইউহইল আরদা বা‘দা মাওতিহা- ওয়া কাযা-লিকা তুখরাজূন।",
    "bn_haque": "তিনি জীবন্তদের বের করে আনেন মৃতদের থেকে আর মৃতদের বের করে আনেন জীবন্তদের থেকে, আর পৃথিবীকে তিনি সঞ্জীবিত করেন তার মৃত্যুর পরে। আর এইভাবেই তোমাদের বের করে আনা হবে।",
    "bn_muhi": "তিনি মৃত থেকে জীবিতকে বহির্গত করেন জীবিত থেকে মৃতকে বহির্গত করেন, এবং ভূমির মৃত্যুর পর তাকে পুনরুজ্জীবিত করেন। এভাবে তোমরা উত্থিত হবে।",
    "en": "He brings the living out of the dead and brings the dead out of the living and brings to life the earth after its lifelessness. And thus will you be brought out."
  },
  {
    "id": 20,
    "ar": "وَمِنْ ءَايَٰتِهِۦٓ أَنْ خَلَقَكُم مِّن تُرَابٍ ثُمَّ إِذَآ أَنتُم بَشَرٌ تَنتَشِرُونَ",
    "tr": "ওয়া মিন আ-য়া-তিহীআন খালাকাকুমমিনতুরা-বিন ছু ম্মা ইযা- আনতুম বাশারুন তানতাশিরূন।",
    "bn_haque": "আর তাঁর নিদর্শনাবলীর মধ্যে হচ্ছে যে তিনি তোমাদের সৃষ্টি করেছেন মাটি থেকে, তারপর দেখো! তোমরা হয়ে গেলে মানুষ -- ছড়িয়ে রয়েছ।",
    "bn_muhi": "তাঁর নিদর্শনাবলীর মধ্যে এক নিদর্শন এই যে, তিনি মৃত্তিকা থেকে তোমাদের সৃষ্টি করেছেন। এখন তোমরা মানুষ, পৃথিবীতে ছড়িয়ে আছ।",
    "en": "And of His signs is that He created you from dust; then, suddenly you were human beings dispersing [throughout the earth]."
  },
  {
    "id": 21,
    "ar": "وَمِنْ ءَايَٰتِهِۦٓ أَنْ خَلَقَ لَكُم مِّنْ أَنفُسِكُمْ أَزْوَٰجًا لِّتَسْكُنُوٓا۟ إِلَيْهَا وَجَعَلَ بَيْنَكُم مَّوَدَّةً وَرَحْمَةً إِنَّ فِى ذَٰلِكَ لَءَايَٰتٍ لِّقَوْمٍ يَتَفَكَّرُونَ",
    "tr": "ওয়া মিন আ-য়া-তিহী আন খালাকা লাকুম মিন আনফুছিকুম আঝওয়া-জাল লিতাছকুনূ ইলাইহা ওয়াজা‘আলা বাইনাকুম মাওয়াদ্দাতাওঁ ওয়া রাহমাতান ইন্না ফী যা-লিকা লাআয়া-তিল লিকাওমিইঁ ইয়াতাফাক্কারূন।",
    "bn_haque": "আর তাঁর নিদর্শনাবলীর মধ্যে হচ্ছে যে তিনি তোমাদের মধ্যে থেকে তোমাদের জন্য সৃষ্টি করেছেন যুগলদের, যেন তোমরা তাদের মধ্যে স্বস্তি পেতে পার, আর তিনি তোমাদের মধ্যে প্রেম ও করুণা সৃষ্টি করেছেন। নিঃসন্দেহ এতে তো নিদর্শনাবলী রয়েছে সেই লোকদের জন্য যারা চিন্তা করে।",
    "bn_muhi": "আর এক নিদর্শন এই যে, তিনি তোমাদের জন্যে তোমাদের মধ্য থেকে তোমাদের সংগিনীদের সৃষ্টি করেছেন, যাতে তোমরা তাদের কাছে শান্তিতে থাক এবং তিনি তোমাদের মধ্যে পারস্পরিক সম্প্রীতি ও দয়া সৃষ্টি করেছেন। নিশ্চয় এতে চিন্তাশীল লোকদের জন্যে নিদর্শনাবলী রয়েছে।",
    "en": "And of His signs is that He created for you from yourselves mates that you may find tranquillity in them; and He placed between you affection and mercy. Indeed in that are signs for a people who give thought."
  },
  {
    "id": 22,
    "ar": "وَمِنْ ءَايَٰتِهِۦ خَلْقُ ٱلسَّمَٰوَٰتِ وَٱلْأَرْضِ وَٱخْتِلَٰفُ أَلْسِنَتِكُمْ وَأَلْوَٰنِكُمْ إِنَّ فِى ذَٰلِكَ لَءَايَٰتٍ لِّلْعَٰلِمِينَ",
    "tr": "ওয়া মিন আ-য়া-তিহী খালকুছছামা-ওয়া-তি ওয়াল আরদিওয়াখতিলা-ফুআলছিনাতিকুম ওয়া আলওয়া-নিকুম ইন্না ফী যা-লিকা লাআ-য়া-তিল লিল‘আ-লিমীন।",
    "bn_haque": "আর তাঁর নিদর্শনাবলীর মধ্যে হচ্ছে মহাকাশমন্ডলী ও পৃথিবীর সৃষ্টি, আর তোমাদের ভাষা ও তোমাদের বর্ণের বৈচিত্র। নিঃসন্দেহ এতে তো নিদর্শনাবলী রয়েছে জ্ঞানী লোকদের জন্য।",
    "bn_muhi": "তাঁর আর ও এক নিদর্শন হচ্ছে নভোমন্ডল ও ভূমন্ডলের সৃজন এবং তোমাদের ভাষা ও বর্ণের বৈচিত্র। নিশ্চয় এতে জ্ঞানীদের জন্যে নিদর্শনাবলী রয়েছে।",
    "en": "And of His signs is the creation of the heavens and the earth and the diversity of your languages and your colors. Indeed in that are signs for those of knowledge."
  },
  {
    "id": 23,
    "ar": "وَمِنْ ءَايَٰتِهِۦ مَنَامُكُم بِٱلَّيْلِ وَٱلنَّهَارِ وَٱبْتِغَآؤُكُم مِّن فَضْلِهِۦٓ إِنَّ فِى ذَٰلِكَ لَءَايَٰتٍ لِّقَوْمٍ يَسْمَعُونَ",
    "tr": "ওয়া মিন আ-য়া-তিহী মানা-মুকুম বিল্লাইলি ওয়ান্নাহা-রি ওয়াবতিগাউকুম মিন ফাদলিহী ইন্না ফী যা-লিকা লাআ-য়া-তিল লিকাওমিইঁ ইয়াছমা‘উন।",
    "bn_haque": "আর তাঁর নিদর্শনগুলোর মধ্যে হচ্ছে রাতে ও দিনে তোমাদের ঘুম, আর তাঁর করুণাভান্ডার থেকে তোমাদের অন্বেষণ। নিঃসন্দেহ এতে তো নিদর্শনাবলী রয়েছে সেই লোকদের জন্য যারা শোনে।",
    "bn_muhi": "তাঁর আরও নিদর্শনঃ রাতে ও দিনে তোমাদের নিদ্রা এবং তাঁর কৃপা অন্বেষণ। নিশ্চয় এতে মনোযোগী সম্প্রদায়ের জন্যে নিদর্শনাবলী রয়েছে।",
    "en": "And of His signs is your sleep by night and day and your seeking of His bounty. Indeed in that are signs for a people who listen."
  },
  {
    "id": 24,
    "ar": "وَمِنْ ءَايَٰتِهِۦ يُرِيكُمُ ٱلْبَرْقَ خَوْفًا وَطَمَعًا وَيُنَزِّلُ مِنَ ٱلسَّمَآءِ مَآءً فَيُحْىِۦ بِهِ ٱلْأَرْضَ بَعْدَ مَوْتِهَآ إِنَّ فِى ذَٰلِكَ لَءَايَٰتٍ لِّقَوْمٍ يَعْقِلُونَ",
    "tr": "ওয়া মিন আ-য়া-তিহী ইউরীকুমুল বারকা খাওফাওঁ ওয়া তামা‘আওঁ ওয়া ইউনাঝঝিলু মিনাছছামাই মাআন ফাইউহয়ী বিহিল আরদা বা‘দা মাওতিহা ইন্না ফী যা-লিকা লাআ-য়া-তিল লিকাওমিইঁ ইয়া‘কিলূন।",
    "bn_haque": "আর তাঁর নিদর্শনগুলোর মধ্যে হচ্ছে -- তিনি তোমাদের বিদ্যুৎ দেখান ভয় ও আশারূপে, আর তিনি আকাশ থেকে পানি বর্ষণ করেন, তারপর তা দিয়ে পৃথিবীকে তার মৃত্যুর পরে সঞ্জীবিত করেন। নিঃসন্দেহ এতে তো নিদর্শনাবলী রয়েছে সেই লোকদের জন্য যারা বুদ্ধিশুদ্ধি রাখে।",
    "bn_muhi": "তাঁর আরও নিদর্শনঃ তিনি তোমাদেরকে দেখান বিদ্যুৎ, ভয় ও ভরসার জন্যে এবং আকাশ থেকে পানি বর্ষণ করেন, অতঃপর তদ্দ্বারা ভূমির মৃত্যুর পর তাকে পুনরুজ্জীবিত করেন। নিশ্চয় এতে বুদ্ধিমান লোকদের জন্যে নিদর্শনাবলী রয়েছে।",
    "en": "And of His signs is [that] He shows you the lightening [causing] fear and aspiration, and He sends down rain from the sky by which He brings to life the earth after its lifelessness. Indeed in that are signs for a people who use reason."
  },
  {
    "id": 25,
    "ar": "وَمِنْ ءَايَٰتِهِۦٓ أَن تَقُومَ ٱلسَّمَآءُ وَٱلْأَرْضُ بِأَمْرِهِۦ ثُمَّ إِذَا دَعَاكُمْ دَعْوَةً مِّنَ ٱلْأَرْضِ إِذَآ أَنتُمْ تَخْرُجُونَ",
    "tr": "ওয়া মিন আ-য়া-তিহী আন তাকুমাছছামাউ ওয়াল আরদুবিআমরিহী ছু ম্মা ইযা-দা‘আ-কুম দা‘ওয়াতাম মিনাল আরদি ইযা আনতুম তাখরুজূন।",
    "bn_haque": "আর তাঁর নিদর্শনগুলোর মধ্যে হচ্ছে যে আকাশ ও পৃথিবী অটুট রয়েছে তাঁরই আদেশে। তারপর তিনি যখন তোমাদের এক ডাক দিয়ে ডাকেন, মাটি থেকে, তখন তোমরা বেরিয়ে আসছ।",
    "bn_muhi": "তাঁর অন্যতম নিদর্শন এই যে, তাঁরই আদেশে আকাশ ও পৃথিবী প্রতিষ্ঠিত আছে। অতঃপর যখন তিনি মৃত্তিকা থেকে উঠার জন্যে তোমাদের ডাক দেবেন, তখন তোমরা উঠে আসবে।",
    "en": "And of His signs is that the heaven and earth remain by His command. Then when He calls you with a [single] call from the earth, immediately you will come forth."
  },
  {
    "id": 26,
    "ar": "وَلَهُۥ مَن فِى ٱلسَّمَٰوَٰتِ وَٱلْأَرْضِ كُلٌّ لَّهُۥ قَٰنِتُونَ",
    "tr": "ওয়া লাহূমান ফিছছামা-ওয়া-তি ওয়াল আরদি কুল্লুল লাহূকা-নিতূন।",
    "bn_haque": "আর যারা রয়েছে মহাকাশমন্ডলীতে ও পৃথিবীতে তারা তাঁরই। সবাই তাঁর প্রতি আজ্ঞাবহ।",
    "bn_muhi": "নভোমন্ডলে ও ভুমন্ডলে যা কিছু আছে, সব তাঁরই। সবাই তাঁর আজ্ঞাবহ।",
    "en": "And to Him belongs whoever is in the heavens and earth. All are to Him devoutly obedient."
  },
  {
    "id": 27,
    "ar": "وَهُوَ ٱلَّذِى يَبْدَؤُا۟ ٱلْخَلْقَ ثُمَّ يُعِيدُهُۥ وَهُوَ أَهْوَنُ عَلَيْهِ وَلَهُ ٱلْمَثَلُ ٱلْأَعْلَىٰ فِى ٱلسَّمَٰوَٰتِ وَٱلْأَرْضِ وَهُوَ ٱلْعَزِيزُ ٱلْحَكِيمُ",
    "tr": "ওয়া হুওয়াল্লাযী ইয়াবদাউল খালকা ছুম্মা ইউ‘ঈদুহূওয়া হুওয়া আহওয়ানু‘আলাইহি ওয়া লাহুল মাছালুল আ‘লা-ফিছছামা-ওয়া-তি ওয়াল আরদি ওয়া হুওয়াল ‘আঝীঝুল হাকীম।",
    "bn_haque": "আর তিনিই সেইজন যিনি সৃষ্টির সূচনা করেছেন, তারপর তিনি তা পুনঃসৃষ্টি করেন, আর এটি তাঁর জন্য অতি সহজ। আর তাঁরই হচ্ছে সর্বোচ্চ আদর্শ মহাকাশমন্ডলীতে ও পৃথিবীতে, আর তিনিই হচ্ছেন মহাশক্তিশালী, পরমজ্ঞানী।",
    "bn_muhi": "তিনিই প্রথমবার সৃষ্টিকে অস্তিত্বে আনয়ন করেন, অতঃপর তিনি সৃষ্টি করবেন। এটা তাঁর জন্যে সহজ। আকাশ ও পৃথিবীতে সর্বোচ্চ মর্যাদা তাঁরই এবং তিনিই পরাক্রমশালী, প্রজ্ঞাময়।",
    "en": "And it is He who begins creation; then He repeats it, and that is [even] easier for Him. To Him belongs the highest attribute in the heavens and earth. And He is the Exalted in Might, the Wise."
  },
  {
    "id": 28,
    "ar": "ضَرَبَ لَكُم مَّثَلًا مِّنْ أَنفُسِكُمْ هَل لَّكُم مِّن مَّا مَلَكَتْ أَيْمَٰنُكُم مِّن شُرَكَآءَ فِى مَا رَزَقْنَٰكُمْ فَأَنتُمْ فِيهِ سَوَآءٌ تَخَافُونَهُمْ كَخِيفَتِكُمْ أَنفُسَكُمْ كَذَٰلِكَ نُفَصِّلُ ٱلْءَايَٰتِ لِقَوْمٍ يَعْقِلُونَ",
    "tr": "দারাবা লাকুম মাছালাম মিন আনফুছিকুম; হাল লাকুম মিম্মা-মালাকাত আইমা-নুকুম মিন শুরাকাআ ফী মা-রাঝাকনা-কুম ফাআনতুম ফীহি ছাওয়াউন তাখা-ফূনাহুম কাখীফাতিকুম আনফুছাকুম কাযা-লিকা নুফাসসিলুল আ-য়া-তি লিকাওমিইঁ ইয়া‘কিলূন।",
    "bn_haque": "তিনি তোমাদের কাছে তোমাদের মধ্যে থেকেই একটি দৃষ্টান্ত ছুড়ঁছেন -- তোমাদের ডান হাত যাদের ধরে রেখেছে তাদের মধ্যে থেকে কি তোমাদের জন্য অংশীদার রয়েছে আমরা তোমাদের যা জীবনোপকরণ দিয়েছি তাতে, -- ফলে তোমরা এতে একসমান, আর তাদের ক্ষেত্রে তোমরা ভাবনা-চিন্তা কর তোমার নিজেদের সন্বন্ধে তোমাদের ভাবনা-চিন্তার ন্যায়? এইভাবেই আমরা নির্দেশাবলী ব্যাখ্যা করি সেই লোকদের জন্য যারা বুদ্ধিশুদ্ধি রাখে।",
    "bn_muhi": "আল্লাহ তোমাদের জন্যে তোমাদেরই মধ্য থেকে একটি দৃষ্টান্ত বর্ণনা করেছেনঃ তোমাদের আমি যে রুযী দিয়েছি, তোমাদের অধিকারভুক্ত দাস-দাসীরা কি তাতে তোমাদের সমান সমান অংশীদার? তোমরা কি তাদেরকে সেরূপ ভয় কর, যেরূপ নিজেদের লোককে ভয় কর? এমনিভাবে আমি সমঝদার সম্প্রদায়ের জন্যে নিদর্শনাবলী বিস্তারিত বর্ণনা করি।",
    "en": "He presents to you an example from yourselves. Do you have among those whom your right hands possess any partners in what We have provided for you so that you are equal therein [and] would fear them as your fear of one another [within a partnership]? Thus do We detail the verses for a people who use reason."
  },
  {
    "id": 29,
    "ar": "بَلِ ٱتَّبَعَ ٱلَّذِينَ ظَلَمُوٓا۟ أَهْوَآءَهُم بِغَيْرِ عِلْمٍ فَمَن يَهْدِى مَنْ أَضَلَّ ٱللَّهُ وَمَا لَهُم مِّن نَّٰصِرِينَ",
    "tr": "বালিততাবা‘আল্লাযীনা জালামূআহওয়াআহুম বিগাইরি ‘ইলমিন ফামাইঁ ইয়াহদী মান আদাল্লাল্লা-হু ওয়ামা-লাহুম মিন না-সিরীন।",
    "bn_haque": "বস্তুত যারা অন্যায়াচরণ করে তারা জ্ঞানহীনতা বশতঃ তাদের কামনার অনুসরণ করে। সেজন্যে যাকে আল্লাহ্ পথভ্রষ্ট করেন তাকে কে সৎপথে চালিত করবে? আর তাদের জন্য সাহায্যকারীদের কেউ নেই।",
    "bn_muhi": "বরং যারা যে-ইনসাফ, তারা অজ্ঞানতাবশতঃ তাদের খেয়াল-খূশীর অনুসরণ করে থাকে। অতএব, আল্লাহ যাকে পথভ্রষ্ট করেন, তাকে কে বোঝাবে? তাদের কোন সাহায্যকারী নেই।",
    "en": "But those who wrong follow their [own] desires without knowledge. Then who can guide one whom Allah has sent astray? And for them there are no helpers."
  },
  {
    "id": 30,
    "ar": "فَأَقِمْ وَجْهَكَ لِلدِّينِ حَنِيفًا فِطْرَتَ ٱللَّهِ ٱلَّتِى فَطَرَ ٱلنَّاسَ عَلَيْهَا لَا تَبْدِيلَ لِخَلْقِ ٱللَّهِ ذَٰلِكَ ٱلدِّينُ ٱلْقَيِّمُ وَلَٰكِنَّ أَكْثَرَ ٱلنَّاسِ لَا يَعْلَمُونَ",
    "tr": "ফাআকিম ওয়াজহাকা লিদ্দীনি হানীফান ফিতরাতাল্লা-হিল্লাতী ফাতারান্না-ছা ‘আলাইহা- লা-তাবদীলা লিখালকিল্লা-হি যা-লিকাদদীনুল কাইয়িমুওয়া লা-কিন্না আকছারান্না-ছি লা-ইয়া‘লামূন।",
    "bn_haque": "অতএব তোমার মুখ ধর্মের প্রতি একনিষ্ঠভাবে কায়েম করো। আল্লাহ্‌র প্রকৃতি -- যার উপরে তিনি মানুষকে প্রতিষ্ঠিত করেছেন। আল্লাহ্‌র সৃষ্টিতে কোনো পরিবর্তন নেই। এটিই হচ্ছে সুপ্রতিষ্ঠিত ধর্ম, কিন্তু অধিকাংশ লোকেই জানে না।",
    "bn_muhi": "তুমি একনিষ্ঠ ভাবে নিজেকে ধর্মের উপর প্রতিষ্ঠিত রাখ। এটাই আল্লাহর প্রকৃতি, যার উপর তিনি মানব সৃষ্টি করেছেন। আল্লাহর সৃষ্টির কোন পরিবর্তন নেই। এটাই সরল ধর্ম। কিন্তু অধিকাংশ মানুষ জানে না।",
    "en": "So direct your face toward the religion, inclining to truth. [Adhere to] the fitrah of Allah upon which He has created [all] people. No change should there be in the creation of Allah . That is the correct religion, but most of the people do not know."
  },
  {
    "id": 31,
    "ar": "مُنِيبِينَ إِلَيْهِ وَٱتَّقُوهُ وَأَقِيمُوا۟ ٱلصَّلَوٰةَ وَلَا تَكُونُوا۟ مِنَ ٱلْمُشْرِكِينَ",
    "tr": "মুনীবীনা ইলাইহি ওয়াত্তাকূহু ওয়াআকীমুসসালা-তা ওয়ালা-তাকূনূমিনাল মুশরিকীন।",
    "bn_haque": "তাঁরই দিকে একান্ত মনোযোগী হও, আর তাঁকেই ভয়ভক্তি করো, আর নামায কায়েম করো, আর মুশরিকদের অন্তর্ভুক্ত হয়ো না --",
    "bn_muhi": "সবাই তাঁর অভিমুখী হও এবং ভয় কর, নামায কায়েম কর এবং মুশরিকদের অন্তর্ভুক্ত হয়ো না।",
    "en": "[Adhere to it], turning in repentance to Him, and fear Him and establish prayer and do not be of those who associate others with Allah"
  },
  {
    "id": 32,
    "ar": "مِنَ ٱلَّذِينَ فَرَّقُوا۟ دِينَهُمْ وَكَانُوا۟ شِيَعًا كُلُّ حِزْبٍۭ بِمَا لَدَيْهِمْ فَرِحُونَ",
    "tr": "মিনাল্লাযীনা ফাররাকূদীনাহুম ওয়া কা-নূশিয়া‘আন কুল্লুহিঝবিম বিমা-লাদাইহিম ফারিহুন।",
    "bn_haque": "তাদের দলের যারা তাদের ধর্মকে বিভক্ত করেছে আর তারা হয়ে গেছে নানা দলীয়। প্রত্যেক দলই যা তাদের কাছে রয়েছে তাতেই উল্লসিত।",
    "bn_muhi": "যারা তাদের ধর্মে বিভেদ সৃষ্টি করেছে এবং অনেক দলে বিভক্ত হয়ে পড়েছে। প্রত্যেক দলই নিজ নিজ মতবাদ নিয়ে উল্লসিত।",
    "en": "[Or] of those who have divided their religion and become sects, every faction rejoicing in what it has."
  },
  {
    "id": 33,
    "ar": "وَإِذَا مَسَّ ٱلنَّاسَ ضُرٌّ دَعَوْا۟ رَبَّهُم مُّنِيبِينَ إِلَيْهِ ثُمَّ إِذَآ أَذَاقَهُم مِّنْهُ رَحْمَةً إِذَا فَرِيقٌ مِّنْهُم بِرَبِّهِمْ يُشْرِكُونَ",
    "tr": "ওয়া ইযা-মাছছান্না-ছা দু ররুন দা‘আও রাব্বাহুম মুনীবীনা ইলাইহি ছু ম্মা ইযাআযা-কাহুম মিনহু রাহামাতান ইযা-ফারীকুম মিনহুম বিরাব্বিহিম ইউশরিকূন।",
    "bn_haque": "আর মানুষকে যখন দুঃখকষ্ট স্পর্শ করে তখন তারা তাদের প্রভুকে আহ্বান করে তাঁর প্রতি একান্ত মনোযোগী হয়ে, তারপর যখন তিনি তাদের তাঁর তরফ থেকে অনুগ্রহ আস্বাদন করান তখন দেখো! তাদের মধ্যের একদল তাদের প্রভুর সঙ্গে অংশী দাঁড় করায়, --",
    "bn_muhi": "মানুষকে যখন দুঃখ-কষ্ট স্পর্শ করে, তখন তারা তাদের পালনকর্তাকে আহবান করে তাঁরই অভিমুখী হয়ে। অতঃপর তিনি যখন তাদেরকে রহমতের স্বাদ আস্বাদন করান, তখন তাদের একদল তাদের পালনকর্তার সাথে শিরক করতে থাকে,",
    "en": "And when adversity touches the people, they call upon their Lord, turning in repentance to Him. Then when He lets them taste mercy from Him, at once a party of them associate others with their Lord,"
  },
  {
    "id": 34,
    "ar": "لِيَكْفُرُوا۟ بِمَآ ءَاتَيْنَٰهُمْ فَتَمَتَّعُوا۟ فَسَوْفَ تَعْلَمُونَ",
    "tr": "লিয়াকফুরূ বিমাআ-তাইনা-হুম ফাতামাত্তা‘ঊ ফাছাওফা তা‘লামূন।",
    "bn_haque": "যেন তারা অস্বীকার করতে পারে যা আমরা তাদের প্রদান করেছিলাম। সুতরাং \"ভোগ করে নাও, কেননা শীঘ্রই তোমরা জানতে পারবে।\"",
    "bn_muhi": "যাতে তারা অস্বীকার করে যা আমি তাদেরকে দিয়েছি। অতএব, মজা লুটে নাও, সত্বরই জানতে পারবে।",
    "en": "So that they will deny what We have granted them. Then enjoy yourselves, for you are going to know."
  },
  {
    "id": 35,
    "ar": "أَمْ أَنزَلْنَا عَلَيْهِمْ سُلْطَٰنًا فَهُوَ يَتَكَلَّمُ بِمَا كَانُوا۟ بِهِۦ يُشْرِكُونَ",
    "tr": "আম আনঝালনা-‘আলাইহিম ছুলতা-নান ফাহুওয়া ইয়াতাকাল্লামুবিমা-কা-নূবিহী ইউশরিকূন।",
    "bn_haque": "অথবা, আমরা কি তাদের কাছে কোনো দলিল পাঠিয়েছি যাতে সেটি ওরা তাঁর সঙ্গে যে অংশী দাঁড় করায় সে সন্বন্ধে কথা বলে?",
    "bn_muhi": "আমি কি তাদের কাছে এমন কোন দলীল নাযিল করেছি, যে তাদেরকে আমার শরীক করতে বলে?",
    "en": "Or have We sent down to them an authority, and it speaks of what they were associating with Him?"
  },
  {
    "id": 36,
    "ar": "وَإِذَآ أَذَقْنَا ٱلنَّاسَ رَحْمَةً فَرِحُوا۟ بِهَا وَإِن تُصِبْهُمْ سَيِّئَةٌۢ بِمَا قَدَّمَتْ أَيْدِيهِمْ إِذَا هُمْ يَقْنَطُونَ",
    "tr": "ওয়া ইযা-আযাকনান্না-ছা রাহমাতান ফারিহূবিহা- ওয়া ইন তুসিবহুম ছাইয়িআতুম বিমা-কাদ্দামাত আইদীহিম ইযা-হুম ইয়াকনাতূন।",
    "bn_haque": "আর যখন আমরা মানুষকে অনুগ্রহ আস্বাদন করাই তারা তাতে আনন্দ করে, কিন্তু তাদের উপরে যদি এসে পড়ে কোনো দুর্দশা যা তাদের হাত আগবাড়িয়েছে, দেখো! তারা হতাশ হয়ে পড়ে।",
    "bn_muhi": "আর যখন আমি মানুষকে রহমতের স্বাদ আস্বাদন করাই, তারা তাতে আনন্দিত হয় এবং তাদের কৃতকর্মের ফলে যদি তাদেরকে কোন দুদর্শা পায়, তবে তারা হতাশ হয়ে পড়ে।",
    "en": "And when We let the people taste mercy, they rejoice therein, but if evil afflicts them for what their hands have put forth, immediately they despair."
  },
  {
    "id": 37,
    "ar": "أَوَلَمْ يَرَوْا۟ أَنَّ ٱللَّهَ يَبْسُطُ ٱلرِّزْقَ لِمَن يَشَآءُ وَيَقْدِرُ إِنَّ فِى ذَٰلِكَ لَءَايَٰتٍ لِّقَوْمٍ يُؤْمِنُونَ",
    "tr": "আওয়া লাম ইয়ারাও আন্নাল্লা-হা ইয়াবছুতুর রিঝকা লিমাইঁ ইয়াশাউ ওয়া ইয়াকদিরু ইন্না ফী যা-লিকা লাআ-য়া-তিল লিকাওমিইঁ ইউ’মিনূন।",
    "bn_haque": "তারা কি তবে দেখে না যে আল্লাহ্ রিযেক প্রসারিত করেন যার জন্য তিনি ইচ্ছা করেন এবং সঙ্কুচিতও করেন। নিঃসন্দেহ এতে তো নিদর্শনাবলী রয়েছে সেই লোকদের জন্য যারা বিশ্বাস করে।",
    "bn_muhi": "তারা কি দেখে না যে, আল্লাহ যার জন্যে ইচ্ছা রিযিক বর্ধিত করেন এবং হ্রাস করেন। নিশ্চয় এতে বিশ্বাসী সম্প্রদায়ের জন্যে নিদর্শনাবলী রয়েছে।",
    "en": "Do they not see that Allah extends provision for whom He wills and restricts [it]? Indeed, in that are signs for a people who believe."
  },
  {
    "id": 38,
    "ar": "فَـَٔاتِ ذَا ٱلْقُرْبَىٰ حَقَّهُۥ وَٱلْمِسْكِينَ وَٱبْنَ ٱلسَّبِيلِ ذَٰلِكَ خَيْرٌ لِّلَّذِينَ يُرِيدُونَ وَجْهَ ٱللَّهِ وَأُو۟لَٰٓئِكَ هُمُ ٱلْمُفْلِحُونَ",
    "tr": "ফাআ-তি যাল কুরবা-হাক্কাহূওয়াল মিছকীনা ওয়াবনাছছাবীল যা-লিকা খাইরুল লিল্লাযীনা ইউরীদূ না ওয়াজহাল্লা-হি ওয়া উলাইকা হুমুল মুফলিহূন।",
    "bn_haque": "কাজেই নিকট আ‌ত্মীয়কে তার প্রাপ্য প্রদান করো, আর নিঃস্বকে ও পথচারীকেও। এটি তাদের জন্য শ্রেয় যারা আল্লাহ্‌র চেহারা কামনা করে, আর এরাই স্বয়ং হচ্ছে সফলকাম।",
    "bn_muhi": "আত্নীয়-স্বজনকে তাদের প্রাপ্য দিন এবং মিসকীন ও মুসাফিরদেরও। এটা তাদের জন্যে উত্তম, যারা আল্লাহর সন্তুষ্টি কামনা করে। তারাই সফলকাম।",
    "en": "So give the relative his right, as well as the needy and the traveler. That is best for those who desire the countenance of Allah, and it is they who will be the successful."
  },
  {
    "id": 39,
    "ar": "وَمَآ ءَاتَيْتُم مِّن رِّبًا لِّيَرْبُوَا۟ فِىٓ أَمْوَٰلِ ٱلنَّاسِ فَلَا يَرْبُوا۟ عِندَ ٱللَّهِ وَمَآ ءَاتَيْتُم مِّن زَكَوٰةٍ تُرِيدُونَ وَجْهَ ٱللَّهِ فَأُو۟لَٰٓئِكَ هُمُ ٱلْمُضْعِفُونَ",
    "tr": "ওয়ামাআ-তাইতুম মির রিবাল লিয়ারবুওয়া ফীআমওয়া-লিন্না-ছি ফালা-ইয়ারবূ‘ইনদাল্লা-হি ওয়ামাআ-তাইতুম মিন ঝাকা-তিন তুরীদূ না ওয়াজহাল্লা-হি ফাউলাইকা হুমুল মু দ‘ইফূন।",
    "bn_haque": "আর যা-কিছু তোমরা সুদে দিয়ে থাক যেন এটি বাড়তে পারে, -- তা কিন্তু আল্লাহ্‌র সমক্ষে বাড়বে না। আর যা তোমরা দিয়ে থাক যাকাতে আল্লাহ্‌র চেহারা কামনা করে, তাহলে এরাই স্বয়ং বহুগুণিত লাভবান হবে।",
    "bn_muhi": "মানুষের ধন-সম্পদে তোমাদের ধন-সম্পদ বৃদ্ধি পাবে, এই আশায় তোমরা সুদে যা কিছু দাও, আল্লাহর কাছে তা বৃদ্ধি পায় না। পক্ষান্তরে, আল্লাহর সন্তুষ্টি লাভের আশায় পবিত্র অন্তরে যারা দিয়ে থাকে, অতএব, তারাই দ্বিগুণ লাভ করে।",
    "en": "And whatever you give for interest to increase within the wealth of people will not increase with Allah . But what you give in zakah, desiring the countenance of Allah - those are the multipliers."
  },
  {
    "id": 40,
    "ar": "ٱللَّهُ ٱلَّذِى خَلَقَكُمْ ثُمَّ رَزَقَكُمْ ثُمَّ يُمِيتُكُمْ ثُمَّ يُحْيِيكُمْ هَلْ مِن شُرَكَآئِكُم مَّن يَفْعَلُ مِن ذَٰلِكُم مِّن شَىْءٍ سُبْحَٰنَهُۥ وَتَعَٰلَىٰ عَمَّا يُشْرِكُونَ",
    "tr": "আল্লা-হুল্লাযী খালাকাকুম ছুম্মা রাঝাকাকুম ছুম্মা ইউমীতুকুম ছুম্মা ইউহঈকুম হাল মিন শুরাকাইকুম মাইঁ ইয়াফ‘আলুমিন যা-লিকুম মিন শাইয়িন ছুবহা-নাহূওয়া তা‘আলা-‘আম্মা-ইউশরিকূন।",
    "bn_haque": "আল্লাহ্‌ই সেইজন যিনি তোমাদের সৃষ্টি করেছেন, তারপর তোমাদের জীবিকা দিয়েছেন, তারপর তিনি তোমাদের মৃত্যু ঘটাবেন, তারপর তিনি তোমাদের জীবনদান করবেন। তোমাদের অংশীদারদের মধ্যে কি কেউ আছে যে করতে পারে এগুলোর মধ্যের কোনো কিছু? সকল মহিমা তাঁরই, আর তারা যে-সব অংশী দাঁড় করায় সে-সব থেকে তিনি বহু ঊর্ধ্বে।",
    "bn_muhi": "আল্লাহই তোমাদের সৃষ্টি করেছেন, অতঃপর রিযিক দিয়েছেন, এরপর তোমাদের মৃত্যু দেবেন, এরপর তোমাদের জীবিত করবেন। তোমাদের শরীকদের মধ্যে এমন কেউ আছে কি, যে এসব কাজের মধ্যে কোন একটিও করতে পারবে? তারা যাকে শরীক করে, আল্লাহ তা থেকে পবিত্র ও মহান।",
    "en": "Allah is the one who created you, then provided for you, then will cause you to die, and then will give you life. Are there any of your \"partners\" who does anything of that? Exalted is He and high above what they associate with Him."
  },
  {
    "id": 41,
    "ar": "ظَهَرَ ٱلْفَسَادُ فِى ٱلْبَرِّ وَٱلْبَحْرِ بِمَا كَسَبَتْ أَيْدِى ٱلنَّاسِ لِيُذِيقَهُم بَعْضَ ٱلَّذِى عَمِلُوا۟ لَعَلَّهُمْ يَرْجِعُونَ",
    "tr": "জাহারাল ফাছা-দুফিল বাররি ওয়ালবাহরি বিমা-কাছাবাত আইদিন্না-ছি লিইউযীকাহুম বা‘দাল্লাযী ‘আমিলূলা‘আল্লাহুম ইয়ারজি‘ঊন।",
    "bn_haque": "বিপর্যয় দেখা দিয়েছিল স্থলে ও জলে মানুষের হাত যা অর্জন করেছিল তার ফলে, যেন তিনি তাদের আস্বাদন করাতে পারেন যা তারা করেছিল তার কিছুটা, যাতে তারা হয়তো ফিরে আসতে পারে।",
    "bn_muhi": "স্থলে ও জলে মানুষের কৃতকর্মের দরুন বিপর্যয় ছড়িয়ে পড়েছে। আল্লাহ তাদেরকে তাদের কর্মের শাস্তি আস্বাদন করাতে চান, যাতে তারা ফিরে আসে।",
    "en": "Corruption has appeared throughout the land and sea by [reason of] what the hands of people have earned so He may let them taste part of [the consequence of] what they have done that perhaps they will return [to righteousness]."
  },
  {
    "id": 42,
    "ar": "قُلْ سِيرُوا۟ فِى ٱلْأَرْضِ فَٱنظُرُوا۟ كَيْفَ كَانَ عَٰقِبَةُ ٱلَّذِينَ مِن قَبْلُ كَانَ أَكْثَرُهُم مُّشْرِكِينَ",
    "tr": "কুল ছীরূফিল আরদিফানজুরূ কাইফা কা-না ‘আ-কিবাতুল্লাযীনা মিন কাবলু কানা আকছারুহুম মুশরিকীন।",
    "bn_haque": "বলো -- \"তোমরা পৃথিবীতে পরিভ্রমণ করো এবং দেখো কেমন হয়েছিল তাদের পরিণাম যারা পূর্বে অধিষ্ঠিত ছিল। তাদের অধিকাংশই ছিল মুশরিক।\"",
    "bn_muhi": "বলুন, তোমরা পৃথিবীতে পরিভ্রমণ কর এবং দেখ তোমাদের পুর্ববর্তীদের পরিণাম কি হয়েছে। তাদের অধিকাংশই ছিল মুশরিক।",
    "en": "Say, [O Muhammad], \"Travel through the land and observe how was the end of those before. Most of them were associators [of others with Allah ]."
  },
  {
    "id": 43,
    "ar": "فَأَقِمْ وَجْهَكَ لِلدِّينِ ٱلْقَيِّمِ مِن قَبْلِ أَن يَأْتِىَ يَوْمٌ لَّا مَرَدَّ لَهُۥ مِنَ ٱللَّهِ يَوْمَئِذٍ يَصَّدَّعُونَ",
    "tr": "ফাআকিম ওয়াজহাকা লিদ্দীনিল কাইয়িমি মিন কাবলি আইঁ ইয়া’তিয়া ইয়াওমুল লা-মারাদ্দা লাহূমিনাল্লা-হি ইয়াওমাইযিইঁ ইয়াসসাদ্দা‘ঊন।",
    "bn_haque": "অতএব তোমার মুখ সুপ্রতিষ্ঠিত রাখ শাশ্বত ধর্মের প্রতি, সেইদিন আসার আগে -- আল্লাহ্‌র কাছ থেকে যার কোনো প্রতিরোধ নেই, সেইদিন তারা বিচ্ছিন্ন হয়ে যাবে।",
    "bn_muhi": "যে দিবস আল্লাহর পক্ষ থেকে প্রত্যাহূত হবার নয়, সেই দিবসের পূর্বে আপনি সরল ধর্মে নিজেকে প্রতিষ্ঠিত করুন। সেদিন মানুষ বিভক্ত হয়ে পড়বে।",
    "en": "So direct your face toward the correct religion before a Day comes from Allah of which there is no repelling. That Day, they will be divided."
  },
  {
    "id": 44,
    "ar": "مَن كَفَرَ فَعَلَيْهِ كُفْرُهُۥ وَمَنْ عَمِلَ صَٰلِحًا فَلِأَنفُسِهِمْ يَمْهَدُونَ",
    "tr": "মান কাফারা ফা‘আলাইহি কুফরুহু ওয়া মান ‘আমিলা সা-লিহান ফালিআনফুছিহিম ইয়ামহাদূ ন।",
    "bn_haque": "যে কেউ অবিশ্বাস করে, তার উপরেই তবে তার অবিশ্বাস, আর যে কেউ সৎকর্ম করে, তাহলে তাদের নিজেদের জন্যেই তারা সুখশয্যা পাতে, --",
    "bn_muhi": "যে কুফরী করে, তার কফুরের জন্যে সে-ই দায়ী এবং যে সৎকর্ম করে, তারা নিজেদের পথই শুধরে নিচ্ছে।",
    "en": "Whoever disbelieves - upon him is [the consequence of] his disbelief. And whoever does righteousness - they are for themselves preparing,"
  },
  {
    "id": 45,
    "ar": "لِيَجْزِىَ ٱلَّذِينَ ءَامَنُوا۟ وَعَمِلُوا۟ ٱلصَّٰلِحَٰتِ مِن فَضْلِهِۦٓ إِنَّهُۥ لَا يُحِبُّ ٱلْكَٰفِرِينَ",
    "tr": "লিয়াজঝিইয়াল্লাযীনা আ-মানূওয়া ‘আমিলুসসা-লিহা-তি মিন ফাদলিহী ইন্নাহূলাইউহিব্বুল কা-ফিরীন।",
    "bn_haque": "যেন তিনি তাঁর করুণাভান্ডার থেকে পুরস্কৃত করতে পারেন তাদের যারা ঈমান এনেছে ও সৎকাজ করছে। তিনি অবিশ্বাসীদের নিশ্চয়ই ভালবাসেন না।",
    "bn_muhi": "যারা বিশ্বাস করেছে ও সৎকর্ম করেছে যাতে, আল্লাহ তা’আলা তাদেরকে নিজ অনুগ্রহে প্রতিদান দেন। নিশ্চয় তিনি কাফেরদের ভালবাসেন না।",
    "en": "That He may reward those who have believed and done righteous deeds out of His bounty. Indeed, He does not like the disbelievers."
  },
  {
    "id": 46,
    "ar": "وَمِنْ ءَايَٰتِهِۦٓ أَن يُرْسِلَ ٱلرِّيَاحَ مُبَشِّرَٰتٍ وَلِيُذِيقَكُم مِّن رَّحْمَتِهِۦ وَلِتَجْرِىَ ٱلْفُلْكُ بِأَمْرِهِۦ وَلِتَبْتَغُوا۟ مِن فَضْلِهِۦ وَلَعَلَّكُمْ تَشْكُرُونَ",
    "tr": "ওয়া মিন আ-য়া-তিহীআইঁ ইউরছিলার রিয়া-হামুবাশশিরা-তিওঁ ওয়া লিইউযীকাকুম মিররাহমাতিহী ওয়া লিতাজরিয়াল ফুলকুবিআমরিহী ওয়া লিতাবতাগূমিন ফাদলিহী ওয়া লা‘আল্লাকুম তাশকুরূন।",
    "bn_haque": "আর তাঁর নিদর্শনগুলোর মধ্যে হচ্ছে যে তিনি বায়ুপ্রবাহ পাঠান সুসংবাদদাতারূপে, যেন তিনি তোমাদের আস্বাদন করাতে পারেন তাঁর অনুগ্রহ থেকে, আর যেন জাহাজগুলি বিচরণ করতে পারে তাঁর বিধানে, আর যেন তোমরা অন্বেষণ করতে পার তাঁর করুণাভান্ডার থেকে, যেন তোমরা কৃতজ্ঞতা জ্ঞাপন করতে পার।",
    "bn_muhi": "তাঁর নিদর্শনসমূহের মধ্যে একটি এই যে, তিনি সুসংবাদবাহী বায়ু প্রেরণ করেন, যাতে তিনি তাঁর অনুগ্রহ তোমাদের আস্বাদন করান এবং যাতে তাঁর নির্দেশে জাহাজসমূহ বিচরণ করে এবং যাতে তোমরা তাঁর অনুগ্রহ তালাশ কর এবং তাঁর প্রতি কৃতজ্ঞ হও।",
    "en": "And of His signs is that He sends the winds as bringers of good tidings and to let you taste His mercy and so the ships may sail at His command and so you may seek of His bounty, and perhaps you will be grateful."
  },
  {
    "id": 47,
    "ar": "وَلَقَدْ أَرْسَلْنَا مِن قَبْلِكَ رُسُلًا إِلَىٰ قَوْمِهِمْ فَجَآءُوهُم بِٱلْبَيِّنَٰتِ فَٱنتَقَمْنَا مِنَ ٱلَّذِينَ أَجْرَمُوا۟ وَكَانَ حَقًّا عَلَيْنَا نَصْرُ ٱلْمُؤْمِنِينَ",
    "tr": "ওয়া লাকাদ আরছালনা-মিন কাবলিকা রুছুলান ইলা-কাওমিহিম ফাজাঊহুম বিল বাইয়িনাতি ফানতাকামনা-মিনাল্লাযীনা আজরামূ ওয়া কা-না হাক্কান ‘আলাইনা-নাসরুল মু’মিনীন।",
    "bn_haque": "আর আমরা তো নিশ্চয়ই তোমার আগে রসূলগণকে পাঠিয়েছিলাম তাঁদের স্বজাতির কাছে, সুতরাং তাঁরা তাদের কাছে এসেছিলেন সুস্পষ্ট প্রমাণাবলী নিয়ে, তারপর যারা অপরাধ করেছিল তাদের থেকে আমরা পরিণতি নিয়েছিলাম। আর আমাদের উপরে দায়িত্ব বর্তেছে মুমিনদের সাহায্য করা।",
    "bn_muhi": "আপনার পূর্বে আমি রসূলগণকে তাঁদের নিজ নিজ সম্প্রদায়ের কাছে প্রেরণ করেছি। তাঁরা তাদের কাছে সুস্পষ্ট নিদর্শনাবলী নিয়ে আগমন করেন। অতঃপর যারা পাপী ছিল, তাদের আমি শাস্তি দিয়েছি। মুমিনদের সাহায্য করা আমার দায়িত্ব।",
    "en": "And We have already sent messengers before you to their peoples, and they came to them with clear evidences; then We took retribution from those who committed crimes, and incumbent upon Us was support of the believers."
  },
  {
    "id": 48,
    "ar": "ٱللَّهُ ٱلَّذِى يُرْسِلُ ٱلرِّيَٰحَ فَتُثِيرُ سَحَابًا فَيَبْسُطُهُۥ فِى ٱلسَّمَآءِ كَيْفَ يَشَآءُ وَيَجْعَلُهُۥ كِسَفًا فَتَرَى ٱلْوَدْقَ يَخْرُجُ مِنْ خِلَٰلِهِۦ فَإِذَآ أَصَابَ بِهِۦ مَن يَشَآءُ مِنْ عِبَادِهِۦٓ إِذَا هُمْ يَسْتَبْشِرُونَ",
    "tr": "আল্লা-হুল্লাযী ইউরছিলুর রিয়া-হা ফাতুছীরু ছাহা-বান ফাইয়াবছুতু হূফিছ ছামাই কাইফা ইয়াশা-উ ওয়া ইয়াজ‘আলুহূকিছাফান ফাতারাল ওয়াদকা ইয়াখরুজুমিন খিলা-লিহী ফাইযা আসা-বা বিহী মাইঁ ইয়াশা-উ মিন ‘ইবা-দিহী ইযা-হুম ইয়াছতাবশিরূন।",
    "bn_haque": "আল্লাহ্‌ই তিনি যিনি বায়ুপ্রবাহ পাঠান। তারপর তারা মেঘ সঞ্চার করে, তখন তিনি যেমন ইচ্ছা করেন তা ছড়িয়ে দেন আকাশের মধ্যে, তারপর একে তিনি টুকরো টুকরো করেন, ফলে তোমরা দেখতে পাও তার নিচে থেকে বৃষ্টি বেরিয়ে আসছে, অতঃপর যখন তিনি তা পড়তে দেন তাঁর বান্দাদের যাকে তিনি ইচ্ছা করেন তার উপরে, দেখো! তারা উল্লাস করে, --",
    "bn_muhi": "তিনি আল্লাহ, যিনি বায়ু প্রেরণ করেন, অতঃপর তা মেঘমালাকে সঞ্চারিত করে। অতঃপর তিনি মেঘমালাকে যেভাবে ইচ্ছা আকাশে ছড়িয়ে দেন এবং তাকে স্তরে স্তরে রাখেন। এরপর তুমি দেখতে পাও তার মধ্য থেকে নির্গত হয় বৃষ্টিধারা। তিনি তাঁর বান্দাদের মধ্যে যাদেরকে ইচ্ছা পৌঁছান; তখন তারা আনন্দিত হয়।",
    "en": "It is Allah who sends the winds, and they stir the clouds and spread them in the sky however He wills, and He makes them fragments so you see the rain emerge from within them. And when He causes it to fall upon whom He wills of His servants, immediately they rejoice"
  },
  {
    "id": 49,
    "ar": "وَإِن كَانُوا۟ مِن قَبْلِ أَن يُنَزَّلَ عَلَيْهِم مِّن قَبْلِهِۦ لَمُبْلِسِينَ",
    "tr": "ওয়া ইন কা-নূমিন কাবলি আইঁ ইউনাঝঝালা ‘আলাইহিম মিন কাবলিহী লামুবলিছীন।",
    "bn_haque": "যদিও ইতিপূর্বে এটি তাদের উপরে বর্ষণের আগে পর্যন্ত তারা ছিল নিশ্চিত নিরাশ।",
    "bn_muhi": "তারা প্রথম থেকেই তাদের প্রতি এই বৃষ্টি বর্ষিত হওয়ার পূর্বে নিরাশ ছিল।",
    "en": "Although they were, before it was sent down upon them - before that, in despair."
  },
  {
    "id": 50,
    "ar": "فَٱنظُرْ إِلَىٰٓ ءَاثَٰرِ رَحْمَتِ ٱللَّهِ كَيْفَ يُحْىِ ٱلْأَرْضَ بَعْدَ مَوْتِهَآ إِنَّ ذَٰلِكَ لَمُحْىِ ٱلْمَوْتَىٰ وَهُوَ عَلَىٰ كُلِّ شَىْءٍ قَدِيرٌ",
    "tr": "ফানজু র ইলা আ-ছা-রি রাহমাতিল্লা-হি কাইফা ইউহয়িল আরদা বা‘দা মাওতিহা- ইন্না যা-লিকা লামুহয়িল মাওতা- ওয়া হুওয়া ‘আলা-কুল্লি শাইয়িন কাদীর।",
    "bn_haque": "অতএব তাকিয়ে দেখ আল্লাহ্‌র অনুগ্রহের চিহগুলোর প্রতি -- কেমন ক’রে তিনি পৃথিবীকে সঞ্জীবিত করেন তার মৃত্যুর পরে। নিঃসন্দেহ এইভাবে তিনি নিশ্চয়ই মৃতের জীবন-দাতা। আর তিনি সব কিছুতেই সর্বশক্তিমান।",
    "bn_muhi": "অতএব, আল্লাহর রহমতের ফল দেখে নাও, কিভাবে তিনি মৃত্তিকার মৃত্যুর পর তাকে জীবিত করেন। নিশ্চয় তিনি মৃতদেরকে জীবিত করবেন এবং তিনি সব কিছুর উপর সর্বশক্তিমান।",
    "en": "So observe the effects of the mercy of Allah - how He gives life to the earth after its lifelessness. Indeed, that [same one] will give life to the dead, and He is over all things competent."
  },
  {
    "id": 51,
    "ar": "وَلَئِنْ أَرْسَلْنَا رِيحًا فَرَأَوْهُ مُصْفَرًّا لَّظَلُّوا۟ مِنۢ بَعْدِهِۦ يَكْفُرُونَ",
    "tr": "ওয়া লাইন আরছালনা-রীহান ফারাআওহু মুসফাররাল লাজাললূমিম বা‘দিহী ইয়াকফুরূন।",
    "bn_haque": "আর যদি আমরা বায়ুপ্রবাহ পাঠাই আর তারা তা দেখে হলদে হয়ে গেছে, তার পরেও তারা অবিশ্বাস করতেই থাকবে।",
    "bn_muhi": "আমি যদি এমন বায়ু প্রেরণ করি যার ফলে তারা শস্যকে হলদে হয়ে যেতে দেখে, তখন তো তারা অবশ্যই অকৃতজ্ঞ হয়ে যায়।",
    "en": "But if We should send a [bad] wind and they saw [their crops] turned yellow, they would remain thereafter disbelievers."
  },
  {
    "id": 52,
    "ar": "فَإِنَّكَ لَا تُسْمِعُ ٱلْمَوْتَىٰ وَلَا تُسْمِعُ ٱلصُّمَّ ٱلدُّعَآءَ إِذَا وَلَّوْا۟ مُدْبِرِينَ",
    "tr": "ফাইন্নাকা লা-তুছমি‘উল মাওতা-ওয়ালা-তুছমি‘উস সুম্মাদ দু‘আআ ইযা-ওয়াল্লাও মুদবিরীন।",
    "bn_haque": "সুতরাং তুমি নিশ্চয়ই মৃতকে শোনাতে পারবে না, আর বধিরকেও তুমি আহ্বান শোনাতে পারবে না, যখন তারা ফিরে যায় পিছু হটে।",
    "bn_muhi": "অতএব, আপনি মৃতদেরকে শোনাতে পারবেন না এবং বধিরকেও আহবান শোনাতে পারবেন না, যখন তারা পৃষ্ঠ প্রদর্শন করে।",
    "en": "So indeed, you will not make the dead hear, nor will you make the deaf hear the call when they turn their backs, retreating."
  },
  {
    "id": 53,
    "ar": "وَمَآ أَنتَ بِهَٰدِ ٱلْعُمْىِ عَن ضَلَٰلَتِهِمْ إِن تُسْمِعُ إِلَّا مَن يُؤْمِنُ بِـَٔايَٰتِنَا فَهُم مُّسْلِمُونَ",
    "tr": "ওয়া মাআনতা বিহা-দিল ‘উময়ি ‘আন দালা-লাতিহিম ইন তুছমি‘উ ইল্লা-মাইঁ ইউ’মিনু বিআ-য়া-তিনা-ফাহুম মুছলিমূন।",
    "bn_haque": "আর তুমি অন্ধদেরও তাদের পথভ্রষ্টতা থেকে পথপ্রদর্শক হতে পারবে না। তুমি তো শোনাতে পার শুধু তাকে যে আমাদের বাণীসমূহে বিশ্বাস করে, ফলে তারা মুসলিম হয়।",
    "bn_muhi": "আপনি অন্ধদেরও তাদের পথভ্রষ্টতা থেকে পথ দেখাতে পারবেন না। আপনি কেবল তাদেরই শোনাতে পারবেন, যারা আমার আয়াতসমূহে বিশ্বাস করে। কারন তারা মুসলমান।",
    "en": "And you cannot guide the blind away from their error. You will only make hear those who believe in Our verses so they are Muslims [in submission to Allah ]."
  },
  {
    "id": 54,
    "ar": "ٱللَّهُ ٱلَّذِى خَلَقَكُم مِّن ضَعْفٍ ثُمَّ جَعَلَ مِنۢ بَعْدِ ضَعْفٍ قُوَّةً ثُمَّ جَعَلَ مِنۢ بَعْدِ قُوَّةٍ ضَعْفًا وَشَيْبَةً يَخْلُقُ مَا يَشَآءُ وَهُوَ ٱلْعَلِيمُ ٱلْقَدِيرُ",
    "tr": "আল্লা-হুল্লাযী খালাকাকুম মিন দু‘ফিন ছু ম্মা জা‘আলা মিম বা‘দি দু‘ফিন কু ওওয়াতান ছু ম্মা জা‘আলা মিম বা‘দি কুওওয়াতিন দু‘ফাওঁ ওয়া শাইবাতাইঁ ইয়াখলুকুমা-ইয়াশাউ ওয়া হুওয়াল ‘আলীমুল কাদীর।",
    "bn_haque": "আল্লাহ্‌ই তিনি যিনি তোমাদের সৃষ্টি করেছেন শক্তিহীন দশা থেকে, তার পরে তিনি শক্তিহীনতার পরে দিয়েছেন শক্তি, তার পর শক্তিলাভের পরে তিনি দিয়েছেন শক্তিহীনতা ও পাকাচুল। তিনি যা চান তাই সৃষ্টি করেন, আর তিনিই সর্বজ্ঞাতা, পরম ক্ষমতাবান।",
    "bn_muhi": "আল্লাহ তিনি দূর্বল অবস্থায় তোমাদের সৃষ্টি করেন অতঃপর দূর্বলতার পর শক্তিদান করেন, অতঃপর শক্তির পর দেন দুর্বলতা ও বার্ধক্য। তিনি যা ইচ্ছা সৃষ্টি করেন এবং তিনি সর্বজ্ঞ, সর্বশক্তিমান।",
    "en": "Allah is the one who created you from weakness, then made after weakness strength, then made after strength weakness and white hair. He creates what He wills, and He is the Knowing, the Competent."
  },
  {
    "id": 55,
    "ar": "وَيَوْمَ تَقُومُ ٱلسَّاعَةُ يُقْسِمُ ٱلْمُجْرِمُونَ مَا لَبِثُوا۟ غَيْرَ سَاعَةٍ كَذَٰلِكَ كَانُوا۟ يُؤْفَكُونَ",
    "tr": "ওয়া ইয়াওমা তাকূমুছ ছা-‘আতুইউকছিমুল মুজরিমূনা মা-লাবিছূগাইরা ছা‘আতিন কাযা-লিকা কা-নূইউ’ফাকূন।",
    "bn_haque": "আর যেদিন ঘড়িঘন্টা সংস্থাপিত হবে তখন অপরাধীরা শপথ করে বলবে যে এক ঘড়ি ব্যতীত তারা অবস্থান করে নি। এইভাবেই তারা প্রতারিত হয়ে চলেছে।",
    "bn_muhi": "যেদিন কেয়ামত সংঘটিত হবে, সেদিন অপরাধীরা কসম খেয়ে বলবে যে, এক মুহুর্তেরও বেশী অবস্থান করিনি। এমনিভাবে তারা সত্যবিমুখ হত।",
    "en": "And the Day the Hour appears the criminals will swear they had remained but an hour. Thus they were deluded."
  },
  {
    "id": 56,
    "ar": "وَقَالَ ٱلَّذِينَ أُوتُوا۟ ٱلْعِلْمَ وَٱلْإِيمَٰنَ لَقَدْ لَبِثْتُمْ فِى كِتَٰبِ ٱللَّهِ إِلَىٰ يَوْمِ ٱلْبَعْثِ فَهَٰذَا يَوْمُ ٱلْبَعْثِ وَلَٰكِنَّكُمْ كُنتُمْ لَا تَعْلَمُونَ",
    "tr": "ওয়া কা-লাল্লাযীনা ঊতুল ‘ইলমা ওয়াল ঈমা-না লাকাদ লাবিছতুম ফী কিতা-বিল্লা-হি ইলা-ইয়াওমিল বা‘ছি ফাহা-যা-ইয়াওমুল বা‘ছিওয়ালা-কিন্নাকুম কনতুম লা-তা‘লামূন।",
    "bn_haque": "আর যাদের জ্ঞান ও বিশ্বাস দেওয়া হয়েছে তারা বলবে -- \"তোমরা তো আল্লাহ্‌র বিধান অনুসারে অবস্থান করেছিলে পুনরুত্থানের দিন পর্যন্ত, -- সেজন্য এই-ই হচ্ছে পুনরুত্থানের দিন, কিন্তু তোমরা না-জানা অবস্থায় রয়েছ।\"",
    "bn_muhi": "যাদের জ্ঞান ও ঈমান দেয়া হয়েছে, তারা বলবে আমরা আল্লাহর কিতাব মতে পুনরুত্থান দিবস পর্যন্ত অবস্থান করেছি। এটাই পুনরুত্থান দিবস, কিন্তু তোমরা তা জানতে না।",
    "en": "But those who were given knowledge and faith will say, \"You remained the extent of Allah 's decree until the Day of Resurrection, and this is the Day of Resurrection, but you did not used to know.\""
  },
  {
    "id": 57,
    "ar": "فَيَوْمَئِذٍ لَّا يَنفَعُ ٱلَّذِينَ ظَلَمُوا۟ مَعْذِرَتُهُمْ وَلَا هُمْ يُسْتَعْتَبُونَ",
    "tr": "ফাইয়াওমাইযিল লা-ইয়ানফা‘উল্লাযীনা জালামূমা‘যিরাতুহুম ওয়ালা-হুম ইউছতা‘তাবূন।",
    "bn_haque": "সুতরাং সেইদিন যারা অন্যায় করেছিল তাদের ওজর আপত্তি কোনো কাজে আসবে না, আর তাদের সদয়ভাবে লওয়াও হবে না।",
    "bn_muhi": "সেদিন জালেমদের ওযর-আপত্তি তাদের কোন উপকারে আসবে না এবং তওবা করে আল্লাহর সন্তুষ্টি লাভের সুযোগও তাদের দেয়া হবে না।",
    "en": "So that Day, their excuse will not benefit those who wronged, nor will they be asked to appease [ Allah ]."
  },
  {
    "id": 58,
    "ar": "وَلَقَدْ ضَرَبْنَا لِلنَّاسِ فِى هَٰذَا ٱلْقُرْءَانِ مِن كُلِّ مَثَلٍ وَلَئِن جِئْتَهُم بِـَٔايَةٍ لَّيَقُولَنَّ ٱلَّذِينَ كَفَرُوٓا۟ إِنْ أَنتُمْ إِلَّا مُبْطِلُونَ",
    "tr": "ওয়া লাকাদ দারাবনা-লিন্না-ছি ফী হা-যাল কুরআ-নি মিন কুল্লি মাছালিওঁ ওয়া লাইন জি’তাহুম বিআ-ইয়াতিল লাইয়াকূলান্নাল্লাযীনা কাফারূইন আনতুম ইল্লা-মুবতিলূন।",
    "bn_haque": "আর আমরা নিশ্চয়ই লোকেদের জন্য এই কুরআনে সব রকমের দৃষ্টান্ত থেকেই প্রস্তাবনা করেছি। আর তুমি যদি তাদের কাছে একটি নিদর্শন নিয়েও আস তথাপি যারা অবিশ্বাস করে তারা অবশ্যই বলবে -- \"তুমি ঝুটো বৈ তো নও।\"",
    "bn_muhi": "আমি এই কোরআনে মানুষের জন্য সর্বপ্রকার দৃষ্টান্ত বর্ণনা করেছি। আপনি যদি তাদের কাছে কোন নিদর্শন উপস্থিত করেন, তবে কাফেররা অবশ্যই বলবে, তোমরা সবাই মিথ্যাপন্থী।",
    "en": "And We have certainly presented to the people in this Qur'an from every [kind of] example. But, [O Muhammad], if you should bring them a sign, the disbelievers will surely say, \"You [believers] are but falsifiers.\""
  },
  {
    "id": 59,
    "ar": "كَذَٰلِكَ يَطْبَعُ ٱللَّهُ عَلَىٰ قُلُوبِ ٱلَّذِينَ لَا يَعْلَمُونَ",
    "tr": "কাযা-লিকা ইয়াতবা‘উল্লা-হু ‘আলা-কুলূবিল্লাযীনা লা-ইয়া‘লামূন।",
    "bn_haque": "এইভাবে আল্লাহ্ একটি মোহর মেরে দেন তাদের হৃদয়ে যারা জানে না।",
    "bn_muhi": "এমনিভাবে আল্লাহ জ্ঞানহীনদের হৃদয় মোহরাঙ্কিত করে দেন।",
    "en": "Thus does Allah seal the hearts of those who do not know."
  },
  {
    "id": 60,
    "ar": "فَٱصْبِرْ إِنَّ وَعْدَ ٱللَّهِ حَقٌّ وَلَا يَسْتَخِفَّنَّكَ ٱلَّذِينَ لَا يُوقِنُونَ",
    "tr": "ফাসবির ইন্না ওয়া‘দাল্লা-হি হাক্কুওঁ ওয়ালা-ইয়াছতাখিফফান্নাকাল্লাযীনা লা-ইঊকিনূন।",
    "bn_haque": "অতএব তুমি অধ্যবসায় চালিয়ে যাও, নিঃসন্দেহ আল্লাহ্‌র ওয়াদা ধ্রুব-সত্য। আর যারা দৃঢ়বিশ্বাস রাখে না তারা যেন তোমাকে বিচলিত করতে না পারে।",
    "bn_muhi": "অতএব, আপনি সবর করুন। আল্লাহর ওয়াদা সত্য। যারা বিশ্বাসী নয়, তারা যেন আপনাকে বিচলিত করতে না পারে।",
    "en": "So be patient. Indeed, the promise of Allah is truth. And let them not disquiet you who are not certain [in faith]."
  }
]