[
  {
    "id": 1,
    "ar": "سَبَّحَ لِلَّهِ مَا فِى ٱلسَّمَٰوَٰتِ وَمَا فِى ٱلْأَرْضِ وَهُوَ ٱلْعَزِيزُ ٱلْحَكِيمُ",
    "tr": "ছাব্বাহা লিল্লা-হি মা-ফিছছামা-ওয়া-তি ওয়ামা-ফিল আরদি ওয়া হুওয়াল ‘আঝীঝুল হাকীম।",
    "bn_haque": "আল্লাহ্‌র মহিমা ঘোষণা করছে যা-কিছু আছে মহাকাশমন্ডলে ও যা-কিছু আছে পৃথিবীতে, আর তিনি মহাশক্তিশালী, পরমজ্ঞানী।",
    "bn_muhi": "নভোমন্ডলে ও ভূমন্ডলে যা কিছু আছে, সবই আল্লাহর পবিত্রতা ঘোষণা করে। তিনি পরাক্রান্ত প্রজ্ঞাবান।",
    "en": "Whatever is in the heavens and whatever is on the earth exalts Allah, and He is the Exalted in Might, the Wise."
  },
  {
    "id": 2,
    "ar": "يَٰٓأَيُّهَا ٱلَّذِينَ ءَامَنُوا۟ لِمَ تَقُولُونَ مَا لَا تَفْعَلُونَ",
    "tr": "ইয়াআইয়ুহাল্লাযীনা আ-মানূলিমা তাকূলূনা মা-লা-তাফ‘আলূন।",
    "bn_haque": "ওহে যারা ঈমান এনেছ! কেন তোমরা তা বল যা তোমরা কর না?",
    "bn_muhi": "মুমিনগণ! তোমরা যা কর না, তা কেন বল?",
    "en": "O you who have believed, why do you say what you do not do?"
  },
  {
    "id": 3,
    "ar": "كَبُرَ مَقْتًا عِندَ ٱللَّهِ أَن تَقُولُوا۟ مَا لَا تَفْعَلُونَ",
    "tr": "কাবুরা মাকতান ‘ইনদাল্লা-হি আন তাকূলূমা-লা-তাফ‘আলূন।",
    "bn_haque": "আল্লাহ্‌র কাছে অত্যন্ত ঘৃণিত যে তোমরা এমন সব বল যা তোমরা কর না।",
    "bn_muhi": "তোমরা যা কর না, তা বলা আল্লাহর কাছে খুবই অসন্তোষজনক।",
    "en": "Great is hatred in the sight of Allah that you say what you do not do."
  },
  {
    "id": 4,
    "ar": "إِنَّ ٱللَّهَ يُحِبُّ ٱلَّذِينَ يُقَٰتِلُونَ فِى سَبِيلِهِۦ صَفًّا كَأَنَّهُم بُنْيَٰنٌ مَّرْصُوصٌ",
    "tr": "ইন্নাল্লা-হা ইউহিব্বুল্লাযীনা ইউকা-তিলূনা ফী ছাবীলিহী সাফফান কাআন্নাহুম বুনয়া-নুম মারসূস।",
    "bn_haque": "নিঃসন্দেহ আল্লাহ্ ভালবাসেন তাদের যারা তাঁর পথে যুদ্ধ করে সারিবদ্ধভাবে, যেন তারা একটি জমাট গাঁথুনি।",
    "bn_muhi": "আল্লাহ তাদেরকে ভালবাসেন, যারা তাঁর পথে সারিবদ্ধভাবে লড়াই করে, যেন তারা সীসাগালানো প্রাচীর।",
    "en": "Indeed, Allah loves those who fight in His cause in a row as though they are a [single] structure joined firmly."
  },
  {
    "id": 5,
    "ar": "وَإِذْ قَالَ مُوسَىٰ لِقَوْمِهِۦ يَٰقَوْمِ لِمَ تُؤْذُونَنِى وَقَد تَّعْلَمُونَ أَنِّى رَسُولُ ٱللَّهِ إِلَيْكُمْ فَلَمَّا زَاغُوٓا۟ أَزَاغَ ٱللَّهُ قُلُوبَهُمْ وَٱللَّهُ لَا يَهْدِى ٱلْقَوْمَ ٱلْفَٰسِقِينَ",
    "tr": "ওয়া ইযকা-লা মূছা-লিকাওমিহী ইয়া-কাওমি লিমা তু’যূনানী ওয়া কাততা‘লামূনা আন্নী রাছূলুল্লা-হি ইলাইকুম ফালাম্মা-ঝা-গূআঝা-গাল্লা-হু কুলূবাহুম ওয়াল্লা-হু লাইয়াহদিল কাওমাল ফা-ছিকীন।",
    "bn_haque": "আর স্মরণ করো! মূসা তাঁর স্বজাতিকে বলেছিলেন, \"হে আমার লোকদল! কেন তোমরা আমাকে কষ্ট দিচ্ছ যখন তোমরা জেনে গিয়েছ যে আমি নিশ্চয়ই তোমাদের নিকট আল্লাহ্‌র প্রেরিত-পুরুষ?\" তারপর তারা যখন বিমুখ হয়ে গিয়েছিল তখন আল্লাহ্ তাদের হৃদয়কে বিমুখ করে দিলেন। আর আল্লাহ্ সত্যত্যাগী জাতিকে সৎপথে চালান না।",
    "bn_muhi": "স্মরণ কর, যখন মূসা (আঃ) তাঁর সম্প্রদায়কে বললঃ হে আমার সম্প্রদায়, তোমরা কেন আমাকে কষ্ট দাও, অথচ তোমরা জান যে, আমি তোমাদের কাছে আল্লাহর রসূল। অতঃপর তারা যখন বক্রতা অবলম্বন করল, তখন আল্লাহ তাদের অন্তরকে বক্র করে দিলেন। আল্লাহ পাপাচারী সম্প্রদায়কে পথপ্রদর্শন করেন না।",
    "en": "And [mention, O Muhammad], when Moses said to his people, \"O my people, why do you harm me while you certainly know that I am the messenger of Allah to you?\" And when they deviated, Allah caused their hearts to deviate. And Allah does not guide the defiantly disobedient people."
  },
  {
    "id": 6,
    "ar": "وَإِذْ قَالَ عِيسَى ٱبْنُ مَرْيَمَ يَٰبَنِىٓ إِسْرَٰٓءِيلَ إِنِّى رَسُولُ ٱللَّهِ إِلَيْكُم مُّصَدِّقًا لِّمَا بَيْنَ يَدَىَّ مِنَ ٱلتَّوْرَىٰةِ وَمُبَشِّرًۢا بِرَسُولٍ يَأْتِى مِنۢ بَعْدِى ٱسْمُهُۥٓ أَحْمَدُ فَلَمَّا جَآءَهُم بِٱلْبَيِّنَٰتِ قَالُوا۟ هَٰذَا سِحْرٌ مُّبِينٌ",
    "tr": "ওয়া ইযকা-লা ‘ঈছাবুন মারইয়ামা ইয়া-বানীইছরাঈলা ইন্নী রাছূলুল্লা-হি ইলাকুম মুসাদ্দিকাল লিমা বাইনা ইয়াদাইইয়া মিনাত্তাওরা-তি ওয়া মুবাশশিরাম বিরাছূলিইঁ ইয়া’তী মিম বা‘দিছমূহূআহমাদু ফালাম্মা-জাআহুম বিলবাইয়িনা-তি কা-লূহা-যা-ছিহরুম মুবীন।",
    "bn_haque": "আর স্মরণ করো! মরিময়পুত্র ঈসা বলেছিলেন -- \"হে ইসরাইলের বংশধরগণ! আমি নিশ্চয়ই তোমাদের নিকট আল্লাহ্‌র রসূল, আমার সমক্ষে তওরাতে যা রয়েছে আমি তার সমর্থনকারী, আর সুসংবাদদাতা এমন এক রসূল সন্বন্ধে যিনি আমার পরে আসবেন, তাঁর নাম 'আহ্‌মদ’।\" তারপর যখন তিনি তাদের কাছে এলেন স্পষ্ট প্রমাণাবলীসহ, তারা বললে -- \"এ তো এক স্পষ্ট জাদু!\"",
    "bn_muhi": "স্মরণ কর, যখন মরিয়ম-তনয় ঈসা (আঃ) বললঃ হে বনী ইসরাইল! আমি তোমাদের কাছে আল্লাহর প্রেরিত রসূল, আমার পূর্ববর্তী তওরাতের আমি সত্যায়নকারী এবং আমি এমন একজন রসূলের সুসংবাদদাতা, যিনি আমার পরে আগমন করবেন। তাঁর নাম আহমদ। অতঃপর যখন সে স্পষ্ট প্রমাণাদি নিয়ে আগমন করল, তখন তারা বললঃ এ তো এক প্রকাশ্য যাদু।",
    "en": "And [mention] when Jesus, the son of Mary, said, \"O children of Israel, indeed I am the messenger of Allah to you confirming what came before me of the Torah and bringing good tidings of a messenger to come after me, whose name is Ahmad.\" But when he came to them with clear evidences, they said, \"This is obvious magic.\""
  },
  {
    "id": 7,
    "ar": "وَمَنْ أَظْلَمُ مِمَّنِ ٱفْتَرَىٰ عَلَى ٱللَّهِ ٱلْكَذِبَ وَهُوَ يُدْعَىٰٓ إِلَى ٱلْإِسْلَٰمِ وَٱللَّهُ لَا يَهْدِى ٱلْقَوْمَ ٱلظَّٰلِمِينَ",
    "tr": "ওয়া মান আজলামুমিম্মানিফ তারা-‘আলাল্লা-হিল কাযিবা ওয়া হুওয়া ইউদ‘আইলাল ইছলা-মি ওয়াল্লা-হু লা-ইয়াহদিল কাওমাজ্জা-লিমীন।",
    "bn_haque": "আর তার চাইতে কে বেশী অন্যায়কারী যে আল্লাহ্‌র বিরুদ্ধে মিথ্যা রচনা করে, অথচ তাকে আহ্বান করা হচ্ছে ইসলামের দিকে? আর আল্লাহ্ অন্যায়াচারী জাতিকে সৎপথে চালান না।",
    "bn_muhi": "যে ব্যক্তি ইসলামের দিকে আহুত হয়েও আল্লাহ সম্পর্কে মিথ্যা বলে; তার চাইতে অধিক যালেম আর কে? আল্লাহ যালেম সম্প্রদায়কে পথ প্রদর্শন করেন না।",
    "en": "And who is more unjust than one who invents about Allah untruth while he is being invited to Islam. And Allah does not guide the wrongdoing people."
  },
  {
    "id": 8,
    "ar": "يُرِيدُونَ لِيُطْفِـُٔوا۟ نُورَ ٱللَّهِ بِأَفْوَٰهِهِمْ وَٱللَّهُ مُتِمُّ نُورِهِۦ وَلَوْ كَرِهَ ٱلْكَٰفِرُونَ",
    "tr": "ইউরীদূনা লিইউতফিউ নূরাল্লা-হি বিআফওয়া-হিহিম ওয়াল্লা-হুমুতিম্মুনূরিহী ওয়ালাও কারিহাল কা-ফিরূন।",
    "bn_haque": "ওরা চায় আল্লাহ্‌র আলোককে তাদের মুখ দিয়ে নিভিয়ে দিতে। কিন্ত আল্লাহ্ তাঁর আলোককে পূর্ণাঙ্গ করতেই যাচ্ছেন, যদিও অবিশ্বাসীরা অপছন্দ করে।",
    "bn_muhi": "তারা মুখের ফুঁৎকারে আল্লাহর আলো নিভিয়ে দিতে চায়। আল্লাহ তাঁর আলোকে পূর্ণরূপে বিকশিত করবেন যদিও কাফেররা তা অপছন্দ করে।",
    "en": "They want to extinguish the light of Allah with their mouths, but Allah will perfect His light, although the disbelievers dislike it."
  },
  {
    "id": 9,
    "ar": "هُوَ ٱلَّذِىٓ أَرْسَلَ رَسُولَهُۥ بِٱلْهُدَىٰ وَدِينِ ٱلْحَقِّ لِيُظْهِرَهُۥ عَلَى ٱلدِّينِ كُلِّهِۦ وَلَوْ كَرِهَ ٱلْمُشْرِكُونَ",
    "tr": "হুওয়াল্লাযীআরছালা রাছূলাহূবিলহুদা-ওয়া দীনিল হাক্কি লিইউজহিরাহূ‘আলাদ্দীনি কুল্লিহী ওয়া লাও কারিহাল মুশরিকূন।",
    "bn_haque": "তিনিই সেইজন যিনি তাঁর রসূলকে পাঠিয়েছেন পথনির্দেশ ও সত্য ধর্ম দিয়ে যেন তিনি একে প্রাধান্য দিতে পারেন ধর্মের -- তাদের সবক’টির উপরে, যদিও বহুখোদাবাদীরা অপছন্দ করে।",
    "bn_muhi": "তিনি তাঁর রসূলকে পথ নির্দেশ ও সত্যধর্ম নিয়ে প্রেরণ করেছেন, যাতে একে সবধর্মের উপর প্রবল করে দেন যদিও মুশরিকরা তা অপছন্দ করে।",
    "en": "It is He who sent His Messenger with guidance and the religion of truth to manifest it over all religion, although those who associate others with Allah dislike it."
  },
  {
    "id": 10,
    "ar": "يَٰٓأَيُّهَا ٱلَّذِينَ ءَامَنُوا۟ هَلْ أَدُلُّكُمْ عَلَىٰ تِجَٰرَةٍ تُنجِيكُم مِّنْ عَذَابٍ أَلِيمٍ",
    "tr": "ইয়া-আইয়ুহাল্লাযীনা আ-মানূহাল আদুল্লুকুমআলা-তিজা-রাতিন তুনজীকুমমিন‘আযা-বিন আলীম।",
    "bn_haque": "ওহে যারা ঈমান এনেছ! আমি কি তোমাদের সন্ধান দেব এমন এক পণ্যদ্রব্যের যা তোমাদের উদ্ধার করবে মর্মন্তুদ শাস্তি থেকে?",
    "bn_muhi": "মুমিনগণ, আমি কি তোমাদেরকে এমন এক বানিজ্যের সন্ধান দিব, যা তোমাদেরকে যন্ত্রণাদায়ক শাস্তি থেকে মুক্তি দেবে?",
    "en": "O you who have believed, shall I guide you to a transaction that will save you from a painful punishment?"
  },
  {
    "id": 11,
    "ar": "تُؤْمِنُونَ بِٱللَّهِ وَرَسُولِهِۦ وَتُجَٰهِدُونَ فِى سَبِيلِ ٱللَّهِ بِأَمْوَٰلِكُمْ وَأَنفُسِكُمْ ذَٰلِكُمْ خَيْرٌ لَّكُمْ إِن كُنتُمْ تَعْلَمُونَ",
    "tr": "তু’মিনূনা বিল্লা-হি ওয়া রাছূলিহী ওয়া তুজা-হিদূ না ফী ছাবীলিল্লা-হি বিআমওয়া-লিকুম ওয়া আনফুছিকুম যা-লিকুম খাইরুল্লাকুম ইন কুনতুম তা‘লামূন।",
    "bn_haque": "তোমরা আল্লাহ্‌তে ও তাঁর রসূলে বিশ্বাস করবে, আর আল্লাহ্‌র পথে সংগ্রাম করবে তোমাদের সম্পদ ও তোমাদের জীবন দিয়ে। এইটিই হচ্ছে তোমাদের জন্য শ্রেয় যদি তোমরা জানতে!",
    "bn_muhi": "তা এই যে, তোমরা আল্লাহ ও তাঁর রসূলের প্রতি বিশ্বাস স্থাপন করবে এবং আল্লাহর পথে নিজেদের ধন-সম্পদ ও জীবনপণ করে জেহাদ করবে। এটাই তোমাদের জন্যে উত্তম; যদি তোমরা বোঝ।",
    "en": "[It is that] you believe in Allah and His Messenger and strive in the cause of Allah with your wealth and your lives. That is best for you, if you should know."
  },
  {
    "id": 12,
    "ar": "يَغْفِرْ لَكُمْ ذُنُوبَكُمْ وَيُدْخِلْكُمْ جَنَّٰتٍ تَجْرِى مِن تَحْتِهَا ٱلْأَنْهَٰرُ وَمَسَٰكِنَ طَيِّبَةً فِى جَنَّٰتِ عَدْنٍ ذَٰلِكَ ٱلْفَوْزُ ٱلْعَظِيمُ",
    "tr": "ইয়াগফিরলাকুম যুনূবাকুম ওয়া ইউদখিলকুম জান্না-তিন তাজরী মিন তাহতিহাল আনহা-রু ওয়া মাছা-কিনা তাইয়িবাতান ফী জান্না-তি ‘আদনিন যা-লিকাল ফাওঝুল ‘আজীম।",
    "bn_haque": "তিনি তোমাদের পরিত্রাণ করবেন তোমাদের দোষত্রুটি থেকে, আর তোমাদের প্রবেশ করাবেন জান্নাতে যাদের নিচে দিয়ে বয়ে চলেছে ঝরনারাজি, আর নন্দন কাননের উৎকৃষ্ট গৃহসমূহে। এটিই মহাসাফল্য!",
    "bn_muhi": "তিনি তোমাদের পাপরাশি ক্ষমা করবেন এবং এমন জান্নাতে দাখিল করবেন, যার পাদদেশে নদী প্রবাহিত এবং বসবাসের জান্নাতে উত্তম বাসগৃহে। এটা মহাসাফল্য।",
    "en": "He will forgive for you your sins and admit you to gardens beneath which rivers flow and pleasant dwellings in gardens of perpetual residence. That is the great attainment."
  },
  {
    "id": 13,
    "ar": "وَأُخْرَىٰ تُحِبُّونَهَا نَصْرٌ مِّنَ ٱللَّهِ وَفَتْحٌ قَرِيبٌ وَبَشِّرِ ٱلْمُؤْمِنِينَ",
    "tr": "উখরা-তুহিববূনাহা- নাসরুম মিনাল্লা-হি ওয়া ফাতহুন কারীব ওয়া বাশশিরিল মু’মিনীন।",
    "bn_haque": "আর অন্য একটি যা তোমরা ভালবাস -- আল্লাহ্‌র কাছ থেকে সাহায্য ও আসন্ন বিজয়। আর সুসংবাদ দাও মুমিনদের।",
    "bn_muhi": "এবং আরও একটি অনুগ্রহ দিবেন, যা তোমরা পছন্দ কর। আল্লাহর পক্ষ থেকে সাহায্য এবং আসন্ন বিজয়। মুমিনদেরকে এর সুসংবাদ দান করুন।",
    "en": "And [you will obtain] another [favor] that you love - victory from Allah and an imminent conquest; and give good tidings to the believers."
  },
  {
    "id": 14,
    "ar": "يَٰٓأَيُّهَا ٱلَّذِينَ ءَامَنُوا۟ كُونُوٓا۟ أَنصَارَ ٱللَّهِ كَمَا قَالَ عِيسَى ٱبْنُ مَرْيَمَ لِلْحَوَارِيِّۦنَ مَنْ أَنصَارِىٓ إِلَى ٱللَّهِ قَالَ ٱلْحَوَارِيُّونَ نَحْنُ أَنصَارُ ٱللَّهِ فَـَٔامَنَت طَّآئِفَةٌ مِّنۢ بَنِىٓ إِسْرَٰٓءِيلَ وَكَفَرَت طَّآئِفَةٌ فَأَيَّدْنَا ٱلَّذِينَ ءَامَنُوا۟ عَلَىٰ عَدُوِّهِمْ فَأَصْبَحُوا۟ ظَٰهِرِينَ",
    "tr": "ইয়াআইয়ুহাল্লাযীনা আ-মানূকূনূআনসা-রাল্লা-হি কামা-কা-লা ‘ঈছাবনুমারইয়ামা লিলহাওয়া-বিইয়ীনা মান আনসা-রী-ইলাল্লা-হি কা-লাল হাওয়া-রিইয়ূনা নাহনুআনসারুল্লা-হি ফাআ-মানাত্তাইফাতুমমিম বানীইছরাঈলা ওয়া কাফারাততাইফাতুন ফাআইঁয়াদনাল্লাযীনা আ-মানূ‘আলা-‘আদুওবিহিম ফাআসবাহূ জা-হিরীন।",
    "bn_haque": "ওহে যারা ঈমান এনেছ! তোমরা আল্লাহ্‌র সাহায্যকারী হও, যেমন মরিয়ম-পুত্র ঈসা শিষ্যদের বলেছিলেন -- \"কারা আল্লাহ্‌র তরফে আমার সাহায্যকারী হবে?\" শিষ্যেরা বলেছিল, \"আমরাই আল্লাহ্‌র সাহায্যকারী।\" সুতরাং ইসরাইলের বংশধরদের মধ্যের একদল বিশ্বাস করেছিল এবং একদল অবিশ্বাস করেছিল। সেজন্য যারা ঈমান এনেছিল তাদের আমরা সাহায্য করেছিলাম তাদের শত্রুদের বিরুদ্ধে, ফলে পরক্ষণেই তারা উপরহাত হয়েছিল।",
    "bn_muhi": "মুমিনগণ, তোমরা আল্লাহর সাহায্যকারী হয়ে যাও, যেমন ঈসা ইবনে-মরিয়ম তার শিষ্যবর্গকে বলেছিল, আল্লাহর পথে কে আমার সাহায্যকারী হবে? শিষ্যবর্গ বলেছিলঃ আমরা আল্লাহর পথে সাহায্যকারী। অতঃপর বনী-ইসরাঈলের একদল বিশ্বাস স্থাপন করল এবং একদল কাফের হয়ে গেল। যারা বিশ্বাস স্থাপন করেছিল, আমি তাদেরকে তাদের শত্রুদের মোকাবেলায় শক্তি যোগালাম, ফলে তারা বিজয়ী হল।",
    "en": "O you who have believed, be supporters of Allah, as when Jesus, the son of Mary, said to the disciples, \"Who are my supporters for Allah ?\" The disciples said, \"We are supporters of Allah .\" And a faction of the Children of Israel believed and a faction disbelieved. So We supported those who believed against their enemy, and they became dominant."
  }
]