[
  {
    "id": 1,
    "ar": "ٱلْقَارِعَةُ",
    "tr": "আল কা-রি‘আহ ।",
    "bn_haque": "মহাসংকট!",
    "bn_muhi": "করাঘাতকারী,",
    "en": "The Striking Calamity -"
  },
  {
    "id": 2,
    "ar": "مَا ٱلْقَارِعَةُ",
    "tr": "মাল কা-রি‘আহ।",
    "bn_haque": "কী সে মহাসংকট?",
    "bn_muhi": "করাঘাতকারী কি?",
    "en": "What is the Striking Calamity?"
  },
  {
    "id": 3,
    "ar": "وَمَآ أَدْرَىٰكَ مَا ٱلْقَارِعَةُ",
    "tr": "ওয়ামাআদরা-কা মাল কা-রি‘আহ।",
    "bn_haque": "হায়, কিভাবে তোমাকে বোঝানো যাবে সেই মহাসংকট কি?",
    "bn_muhi": "করাঘাতকারী সম্পর্কে আপনি কি জানেন ?",
    "en": "And what can make you know what is the Striking Calamity?"
  },
  {
    "id": 4,
    "ar": "يَوْمَ يَكُونُ ٱلنَّاسُ كَٱلْفَرَاشِ ٱلْمَبْثُوثِ",
    "tr": "ইয়াওমা ইয়াকূনুন্না-ছুকাল ফারা-শিল মাবছূছ।",
    "bn_haque": "সেইদিন মানুষরা হবে বিক্ষিপ্ত পঙ্গপালের মতো,",
    "bn_muhi": "যেদিন মানুষ হবে বিক্ষিপ্ত পতংগের মত",
    "en": "It is the Day when people will be like moths, dispersed,"
  },
  {
    "id": 5,
    "ar": "وَتَكُونُ ٱلْجِبَالُ كَٱلْعِهْنِ ٱلْمَنفُوشِ",
    "tr": "ওয়া তাকূনুল জিবা-লুকাল‘ইহনিল মানফূশ।",
    "bn_haque": "আর পাহাড়গুলো হয়ে যাবে ধোনা পশমের মতো।",
    "bn_muhi": "এবং পর্বতমালা হবে ধুনিত রঙ্গীন পশমের মত।",
    "en": "And the mountains will be like wool, fluffed up."
  },
  {
    "id": 6,
    "ar": "فَأَمَّا مَن ثَقُلَتْ مَوَٰزِينُهُۥ",
    "tr": "ফাআম্মা-মান ছাকুলাত মাওয়া-ঝীনুহূ।",
    "bn_haque": "সুতরাং তার ক্ষেত্রে যার পাল্লা ভারী হবে, --",
    "bn_muhi": "অতএব যার পাল্লা ভারী হবে,",
    "en": "Then as for one whose scales are heavy [with good deeds],"
  },
  {
    "id": 7,
    "ar": "فَهُوَ فِى عِيشَةٍ رَّاضِيَةٍ",
    "tr": "ফাহুওয়া ফী ‘ঈশাতির রা-দিয়াহ।",
    "bn_haque": "সে তো তখন হবে সন্তোষজনক জীবনযাপনে।",
    "bn_muhi": "সে সুখীজীবন যাপন করবে।",
    "en": "He will be in a pleasant life."
  },
  {
    "id": 8,
    "ar": "وَأَمَّا مَنْ خَفَّتْ مَوَٰزِينُهُۥ",
    "tr": "ওয়া আম্মা-মান খাফফাত মাওয়াঝীনুহূ",
    "bn_haque": "কিন্ত তার ক্ষেত্রে যার পাল্লা হবে হাল্কা --",
    "bn_muhi": "আর যার পাল্লা হালকা হবে,",
    "en": "But as for one whose scales are light,"
  },
  {
    "id": 9,
    "ar": "فَأُمُّهُۥ هَاوِيَةٌ",
    "tr": "ফাউম্মুহূহা-বিইয়াহ।",
    "bn_haque": "তার মাতা হবে হাবিয়াহ্‌।",
    "bn_muhi": "তার ঠিকানা হবে হাবিয়া।",
    "en": "His refuge will be an abyss."
  },
  {
    "id": 10,
    "ar": "وَمَآ أَدْرَىٰكَ مَا هِيَهْ",
    "tr": "ওয়ামাআদরা-কা মা-হিয়াহ।",
    "bn_haque": "হায়, কি করে তোমাকে বোঝানো যাবে কী সেই!",
    "bn_muhi": "আপনি জানেন তা কি?",
    "en": "And what can make you know what that is?"
  },
  {
    "id": 11,
    "ar": "نَارٌ حَامِيَةٌۢ",
    "tr": "না-রুন হা-মিয়াহ।",
    "bn_haque": "জ্বলন্ত আগুন।",
    "bn_muhi": "প্রজ্জ্বলিত অগ্নি!",
    "en": "It is a Fire, intensely hot."
  }
]