[
  {
    "id": 1,
    "ar": "سَبَّحَ لِلَّهِ مَا فِى ٱلسَّمَٰوَٰتِ وَمَا فِى ٱلْأَرْضِ وَهُوَ ٱلْعَزِيزُ ٱلْحَكِيمُ",
    "tr": "ছাব্বাহা লিল্লা-হি মা-ফিছ ছামা-ওয়া-তি ওয়ামা-ফিল আরদি ওয়া হুয়াওয়াল ‘আঝীঝুল হাকীম।",
    "bn_haque": "আল্লাহ্‌র মহিমা ঘোষণা করছে যা-কিছু আছে মহাকাশমন্ডলে ও যা-কিছু আছে পৃথিবীতে, আর তিনি মহাশক্তিশালী, পরমজ্ঞানী।",
    "bn_muhi": "নভোমন্ডল ও ভূমন্ডলে যা কিছু আছে, সবই আল্লাহর পবিত্রতা বর্ণনা করে। তিনি পরাক্রমশালী মহাজ্ঞানী।",
    "en": "Whatever is in the heavens and whatever is on the earth exalts Allah, and He is the Exalted in Might, the Wise."
  },
  {
    "id": 2,
    "ar": "هُوَ ٱلَّذِىٓ أَخْرَجَ ٱلَّذِينَ كَفَرُوا۟ مِنْ أَهْلِ ٱلْكِتَٰبِ مِن دِيَٰرِهِمْ لِأَوَّلِ ٱلْحَشْرِ مَا ظَنَنتُمْ أَن يَخْرُجُوا۟ وَظَنُّوٓا۟ أَنَّهُم مَّانِعَتُهُمْ حُصُونُهُم مِّنَ ٱللَّهِ فَأَتَىٰهُمُ ٱللَّهُ مِنْ حَيْثُ لَمْ يَحْتَسِبُوا۟ وَقَذَفَ فِى قُلُوبِهِمُ ٱلرُّعْبَ يُخْرِبُونَ بُيُوتَهُم بِأَيْدِيهِمْ وَأَيْدِى ٱلْمُؤْمِنِينَ فَٱعْتَبِرُوا۟ يَٰٓأُو۟لِى ٱلْأَبْصَٰرِ",
    "tr": "হুয়াল্লাযীআখরাজাল্লাযীনা কাফারূ মিন আহলিল কিতা-বি মিন দিয়া-রিহিম লিআওওয়ালিল হাশরি মা-জানানতম আইঁ ইয়াখরুজুওয়া জান্নুআন্নাহুম মানি‘আতুহুম হুসূনুহুম মিনাল্লা-হি ফাআতা-হুমুল্লা-হু মিন হাইছুলাম ইয়াহতাছিবূ  ওয়া কাযাফা ফী কুলূবিহিমুররু‘বা ইউখরিবূনা বুয়ূতাহুম বিআইদীহিম ওয়া আইদিল মু’মিনীনা ফা‘তাবিরূ ইয়াউলিল আবসা-র।",
    "bn_haque": "তিনিই সেইজন যিনি গ্রন্থধারীদের মধ্যের যারা অবিশ্বাস পোষণ করেছিল তাদের বিতাড়িত করে দিয়েছিলেন তাদের বাড়িঘর থেকে প্রথমকার সমাবেশে। তোমরা ভাবো নি যে তারা বেরিয়ে যাবে, আর তারা ভেবেছিল যে তাদের দুর্গগুলি তাদের সংরক্ষণ করবে আল্লাহ্‌র বিরুদ্ধে, কিন্ত আল্লাহ্ তাদের কাছে এসে পৌঁছেছিলেন এমন এক দিক থেকে যা তারা ধারণা করে নি, আর তিনি তাদের অন্তরে ভয় সঞ্চার করেছিলেন, তারা তাদের বাড়িঘর বিনষ্ট করেছিল তাদের নিজেদের হাত দিয়ে, আর মুমিনদের হাত দিয়ে। অতএব তোমরা শিক্ষা গ্রহণ করো, হে চক্ষুষ্মান্ লোকেরা!",
    "bn_muhi": "তিনিই কিতাবধারীদের মধ্যে যারা কাফের, তাদেরকে প্রথমবার একত্রিত করে তাদের বাড়ী-ঘর থেকে বহিস্কার করেছেন। তোমরা ধারণাও করতে পারনি যে, তারা বের হবে এবং তারা মনে করেছিল যে, তাদের দূর্গগুলো তাদেরকে আল্লাহর কবল থেকে রক্ষা করবে। অতঃপর আল্লাহর শাস্তি তাদের উপর এমনদিক থেকে আসল, যার কল্পনাও তারা করেনি। আল্লাহ তাদের অন্তরে ত্রাস সঞ্চার করে দিলেন। তারা তাদের বাড়ী-ঘর নিজেদের হাতে এবং মুসলমানদের হাতে ধ্বংস করছিল। অতএব, হে চক্ষুষ্মান ব্যক্তিগণ, তোমরা শিক্ষা গ্রহণ কর।",
    "en": "It is He who expelled the ones who disbelieved among the People of the Scripture from their homes at the first gathering. You did not think they would leave, and they thought that their fortresses would protect them from Allah ; but [the decree of] Allah came upon them from where they had not expected, and He cast terror into their hearts [so] they destroyed their houses by their [own] hands and the hands of the believers. So take warning, O people of vision."
  },
  {
    "id": 3,
    "ar": "وَلَوْلَآ أَن كَتَبَ ٱللَّهُ عَلَيْهِمُ ٱلْجَلَآءَ لَعَذَّبَهُمْ فِى ٱلدُّنْيَا وَلَهُمْ فِى ٱلْءَاخِرَةِ عَذَابُ ٱلنَّارِ",
    "tr": "ওয়া লাওলাআন কাতাবাল্লা-হু ‘আলাইহিমুল জালাআলাআযযাবাহুম ফিদ্দুনইয়া- ওয়া লাহুম আ-খিরাতি আযা-বুন্না-র।",
    "bn_haque": "আর যদি এ না হতো যে আল্লাহ্ তাদের জন্যে নির্বাসনের সিদ্ধান্ত করেছেন তাহলে তিনি অবশ্যই তাদের এই দুনিয়াতেই শাস্তি দিতেন। আর তাদের জন্য আখেরাতে রয়েছে আগুনের শাস্তি।",
    "bn_muhi": "আল্লাহ যদি তাদের জন্যে নির্বাসন অবধারিত না করতেন, তবে তাদেরকে দুনিয়াতে শাস্তি দিতেন। আর পরকালে তাদের জন্যে রয়েছে জাহান্নামের আযাব।",
    "en": "And if not that Allah had decreed for them evacuation, He would have punished them in [this] world, and for them in the Hereafter is the punishment of the Fire."
  },
  {
    "id": 4,
    "ar": "ذَٰلِكَ بِأَنَّهُمْ شَآقُّوا۟ ٱللَّهَ وَرَسُولَهُۥ وَمَن يُشَآقِّ ٱللَّهَ فَإِنَّ ٱللَّهَ شَدِيدُ ٱلْعِقَابِ",
    "tr": "যা-লিকা বিআন্নাহুম শাক্কুল্লা-হা ওয়া রাছূলাহু ওয়ামাই ইউশাক্কিল্লা-হা ফাইন্নাল্লাহা শাদীনুল ‘ইকা-ব।",
    "bn_haque": "এ এইজন্য যে তারা আল্লাহ্ ও তাঁর রসূলের বিরুদ্ধাচরণ করেছিল, আর যে কেউ আল্লাহ্‌র বিরুদ্ধাচরণ করে, আল্লাহ্ তবে নিশ্চয়ই প্রতিফল দানে কঠোর।",
    "bn_muhi": "এটা এ কারণে যে, তারা আল্লাহ ও তাঁর রসূলের বিরুদ্ধাচরণ করেছে। যে আল্লাহর বিরুদ্ধাচরণ করে, তার জানা উচিত যে, আল্লাহ কঠোর শাস্তিদাতা।",
    "en": "That is because they opposed Allah and His Messenger. And whoever opposes Allah - then indeed, Allah is severe in penalty."
  },
  {
    "id": 5,
    "ar": "مَا قَطَعْتُم مِّن لِّينَةٍ أَوْ تَرَكْتُمُوهَا قَآئِمَةً عَلَىٰٓ أُصُولِهَا فَبِإِذْنِ ٱللَّهِ وَلِيُخْزِىَ ٱلْفَٰسِقِينَ",
    "tr": "মা-কাতা‘তুম মিল লিনাতিন আও তারাকতুমূহা- কাইমাতান ‘আলা উসূলিহাফাবিইযনিল্লা-হি ওয়া লিইউখঝিয়াল ফা-ছিকীন।",
    "bn_haque": "তোমরা যে-কতক খেজুর গাছ কেটে ফেলেছ অথবা যেগুলোকে তাদের শিকড়ের উপরে খাড়া রেখে দিয়েছ, তা তো আল্লাহ্‌রই অনুমতিক্রমে, আর যেন তিনি সত্যত্যাগীদের লাঞ্ছিত করতে পারেন।",
    "bn_muhi": "তোমরা যে কিছু কিছু খর্জুর বৃক্ষ কেটে দিয়েছ এবং কতক না কেটে ছেড়ে দিয়েছ, তা তো আল্লাহরই আদেশ এবং যাতে তিনি অবাধ্যদেরকে লাঞ্ছিত করেন।",
    "en": "Whatever you have cut down of [their] palm trees or left standing on their trunks - it was by permission of Allah and so He would disgrace the defiantly disobedient."
  },
  {
    "id": 6,
    "ar": "وَمَآ أَفَآءَ ٱللَّهُ عَلَىٰ رَسُولِهِۦ مِنْهُمْ فَمَآ أَوْجَفْتُمْ عَلَيْهِ مِنْ خَيْلٍ وَلَا رِكَابٍ وَلَٰكِنَّ ٱللَّهَ يُسَلِّطُ رُسُلَهُۥ عَلَىٰ مَن يَشَآءُ وَٱللَّهُ عَلَىٰ كُلِّ شَىْءٍ قَدِيرٌ",
    "tr": "ওয়ামাআআল্লা-হু ‘আলা-রাছূলিহী মিনহুম ফামাআওজাফ তুম আলাইহি মিন খাইলিওঁ ওয়ালা-রিকা-বিওঁ ওয়ালা-কিন্নাল্লা-হা ইউছালিলতুরুছুলাহু আলা-মাইঁ ইয়াশাউ ওয়াল্লাহু ‘আলা-কুল্লি শাইয়িন কাদীর।",
    "bn_haque": "আর যা-কিছু তাদের থেকে আল্লাহ্ তাঁর রসূলকে ফাও দিয়েছেন, যার জন্য তোমরা ধাওয়া করাও নি কোনো ঘোড়া, আর না কোনো উট, কিন্ত আল্লাহ্ তাঁর রসূলগণকে দখল দিয়ে থাকেন যার উপরে তিনি ইচ্ছা করে থাকেন। আর আল্লাহ্ সব-কিছুর উপরে সর্বশক্তিমান।",
    "bn_muhi": "আল্লাহ বনু-বনুযায়রের কাছ থেকে তাঁর রসূলকে যে ধন-সম্পদ দিয়েছেন, তজ্জন্যে তোমরা ঘোড়ায় কিংবা উটে চড়ে যুদ্ধ করনি, কিন্তু আল্লাহ যার উপর ইচ্ছা, তাঁর রসূলগণকে প্রাধান্য দান করেন। আল্লাহ সবকিছুর উপর সর্বশক্তিমান।",
    "en": "And what Allah restored [of property] to His Messenger from them - you did not spur for it [in an expedition] any horses or camels, but Allah gives His messengers power over whom He wills, and Allah is over all things competent."
  },
  {
    "id": 7,
    "ar": "مَّآ أَفَآءَ ٱللَّهُ عَلَىٰ رَسُولِهِۦ مِنْ أَهْلِ ٱلْقُرَىٰ فَلِلَّهِ وَلِلرَّسُولِ وَلِذِى ٱلْقُرْبَىٰ وَٱلْيَتَٰمَىٰ وَٱلْمَسَٰكِينِ وَٱبْنِ ٱلسَّبِيلِ كَىْ لَا يَكُونَ دُولَةًۢ بَيْنَ ٱلْأَغْنِيَآءِ مِنكُمْ وَمَآ ءَاتَىٰكُمُ ٱلرَّسُولُ فَخُذُوهُ وَمَا نَهَىٰكُمْ عَنْهُ فَٱنتَهُوا۟ وَٱتَّقُوا۟ ٱللَّهَ إِنَّ ٱللَّهَ شَدِيدُ ٱلْعِقَابِ",
    "tr": "মাআফাআল্লা-হু ‘আলা-রাছূলিহী মিন আহলিল কুরা-ফালিল্লা-হি ওয়া লিররাছূলি ওয়া লিযিল কুরবা-ওয়াল ইয়াতা-মা-ওয়াল মাছা-কীনি ওয়াবনিছছাবীলি কাইলা -ইয়াকূনা দূ লাতাম বাইনাল আগনিইয়াই মিনকুম ওয়ামাআ-তা-কুমুররাছূলুফাখুযূহু ওয়ামা-নাহা-কুম ‘আনহু ফানতাহূ ওয়াত্তাকুল্লা-হা শাদীদুল ‘ইকা-ব।",
    "bn_haque": "আল্লাহ্ তাঁর রসূলকে জনপদবাসীর নিকট থেকে যা-কিছু ফাও দিয়েছেন তা কিন্ত আল্লাহ্‌র জন্য, আর রসূলের জন্য, আর নিকট- আ‌ত্মীয়দের জন্য, আর এতীমদের ও নিঃস্বদের ও পথচারীদের জন্য, যাতে তা তোমাদের মধ্যেকার ধনীদের মধ্যেই ঘোরাঘুরির বস্তু না হয়। আর রসূল যা-কিছু তোমাদের দেন তা তবে গ্রহণ করো, আর যা-কিছু তিনি নিষেধ করেন তোমরা বিরত থাকো। আর আল্লাহ্‌কে ভয়ভক্তি করো, নিঃসন্দেহ আল্লাহ্ প্রতিফল দানে কঠোর।",
    "bn_muhi": "আল্লাহ জনপদবাসীদের কাছ থেকে তাঁর রসূলকে যা দিয়েছেন, তা আল্লাহর, রসূলের, তাঁর আত্নীয়-স্বজনের, ইয়াতীমদের, অভাবগ্রস্তদের এবং মুসাফিরদের জন্যে, যাতে ধনৈশ্বর্য্য কেবল তোমাদের বিত্তশালীদের মধ্যেই পুঞ্জীভূত না হয়। রসূল তোমাদেরকে যা দেন, তা গ্রহণ কর এবং যা নিষেধ করেন, তা থেকে বিরত থাক এবং আল্লাহকে ভয় কর। নিশ্চয় আল্লাহ কঠোর শাস্তিদাতা।",
    "en": "And what Allah restored to His Messenger from the people of the towns - it is for Allah and for the Messenger and for [his] near relatives and orphans and the [stranded] traveler - so that it will not be a perpetual distribution among the rich from among you. And whatever the Messenger has given you - take; and what he has forbidden you - refrain from. And fear Allah ; indeed, Allah is severe in penalty."
  },
  {
    "id": 8,
    "ar": "لِلْفُقَرَآءِ ٱلْمُهَٰجِرِينَ ٱلَّذِينَ أُخْرِجُوا۟ مِن دِيَٰرِهِمْ وَأَمْوَٰلِهِمْ يَبْتَغُونَ فَضْلًا مِّنَ ٱللَّهِ وَرِضْوَٰنًا وَيَنصُرُونَ ٱللَّهَ وَرَسُولَهُۥٓ أُو۟لَٰٓئِكَ هُمُ ٱلصَّٰدِقُونَ",
    "tr": "লিল ফুকারাইল মুহা-জিরীনাল্লাযীনা উখরিজূমিন দিয়া-রিহিম ওয়া আমওয়া-লিহিম ইয়াবতাগূনা ফাদলাম মিনাল্লা-হি ওয়া রিদওয়া-নাওঁ ওয়া ইয়ানসুরূনাল্লা-হা ওয়া রাছূলাহূ উলাইকা হুমুসসা-দিকূন।",
    "bn_haque": "সেইসব দরিদ্র মুহাজিরদের জন্য যাদের বের করে দেওয়া হয়েছিল তাদের বাড়িঘর ও তাদের বিষয়-সম্পত্তি থেকে, যারা কামনা করছিল আল্লাহ্‌র কাছ থেকে অনুগ্রহ-প্রাচুর্য ও সন্তষ্টি, এবং সাহায্য করছিল আল্লাহ্‌কে ও তাঁর রসূলকে। এরাই খোদ সত্যপরায়ণ।",
    "bn_muhi": "এই ধন-সম্পদ দেশত্যাগী নিঃস্বদের জন্যে, যারা আল্লাহর অনুগ্রহ ও সন্তুষ্টিলাভের অন্বেষণে এবং আল্লাহ তাঁর রসূলের সাহায্যার্থে নিজেদের বাস্তুভিটা ও ধন-সম্পদ থেকে বহিস্কৃত হয়েছে। তারাই সত্যবাদী।",
    "en": "For the poor emigrants who were expelled from their homes and their properties, seeking bounty from Allah and [His] approval and supporting Allah and His Messenger, [there is also a share]. Those are the truthful."
  },
  {
    "id": 9,
    "ar": "وَٱلَّذِينَ تَبَوَّءُو ٱلدَّارَ وَٱلْإِيمَٰنَ مِن قَبْلِهِمْ يُحِبُّونَ مَنْ هَاجَرَ إِلَيْهِمْ وَلَا يَجِدُونَ فِى صُدُورِهِمْ حَاجَةً مِّمَّآ أُوتُوا۟ وَيُؤْثِرُونَ عَلَىٰٓ أَنفُسِهِمْ وَلَوْ كَانَ بِهِمْ خَصَاصَةٌ وَمَن يُوقَ شُحَّ نَفْسِهِۦ فَأُو۟لَٰٓئِكَ هُمُ ٱلْمُفْلِحُونَ",
    "tr": "ওয়াল্লাযীনা তাবাওওয়াউদ্দা-রা ওয়াল ঈমা-না মিন কাবলিহিম ইউহিববূনা মান হা-জারা ইলাইহিম ওয়ালা-ইয়াজিদূ না ফী সুদূ রিহিম হা-জাতাম মিম্মাউতূওয়া ইউ’ছিরূনা ‘আলা আনফুছিহিম ওয়ালাও কা-না বিহিম খাসা-সাতুও ওয়া মাইঁ ইঊকা শুহহা নাফছিহী ফাউলাইকা হুমুল মুফলিহূন।",
    "bn_haque": "আর যারা তাদের পূর্বেই বাড়িঘর ও ধর্মবিশ্বাস সুপ্রতিষ্ঠিত করেছিল তারা ভালবাসে তাদের যারা তাদের কাছে হিজরত করে এসেছে, আর তারা তাদের অন্তরে কোনো প্রয়োজন বোধ করে না তাদের যা দেওয়া হয়েছে তার জন্য, আর তারা তাদের নিজেদের চেয়েও অগ্রাধিকার দেয় যদিও বা তারা স্বয়ং অভাবগ্রস্ত রয়েছে। আর যে কেউ তার অন্তরের কৃপণতা থেকে মুক্ত রেখেছে তারাই তাহলে খোদ সফলকাম।",
    "bn_muhi": "যারা মুহাজিরদের আগমনের পূর্বে মদীনায় বসবাস করেছিল এবং বিশ্বাস স্থাপন করেছিল, তারা মুহাজিরদের ভালবাসে, মুহাজিরদেরকে যা দেয়া হয়েছে, তজ্জন্যে তারা অন্তরে ঈর্ষাপোষণ করে না এবং নিজেরা অভাবগ্রস্ত হলেও তাদেরকে অগ্রাধিকার দান করে। যারা মনের কার্পণ্য থেকে মুক্ত, তারাই সফলকাম।",
    "en": "And [also for] those who were settled in al-Madinah and [adopted] the faith before them. They love those who emigrated to them and find not any want in their breasts of what the emigrants were given but give [them] preference over themselves, even though they are in privation. And whoever is protected from the stinginess of his soul - it is those who will be the successful."
  },
  {
    "id": 10,
    "ar": "وَٱلَّذِينَ جَآءُو مِنۢ بَعْدِهِمْ يَقُولُونَ رَبَّنَا ٱغْفِرْ لَنَا وَلِإِخْوَٰنِنَا ٱلَّذِينَ سَبَقُونَا بِٱلْإِيمَٰنِ وَلَا تَجْعَلْ فِى قُلُوبِنَا غِلًّا لِّلَّذِينَ ءَامَنُوا۟ رَبَّنَآ إِنَّكَ رَءُوفٌ رَّحِيمٌ",
    "tr": "ওয়াল্লাযীনা জাঊ মিম বা‘দিহিম ইয়াকূ লূনা রাব্বানাগফিরলানা-ওয়া লিইখওয়া-নিনাল্লাযীনা ছাবকূনা-বিল ঈমা-নি ওয়ালা-তাজ‘আল ফী কুলূবিনা-গিল্লাল লিল্লাযীনা আ-মানূ রাব্বানাইন্নাকা রাঊফুর রাহ ীম।",
    "bn_haque": "আর যারা তাদের পরে এসেছিল তারা বলে -- \"আমাদের প্রভু! আমাদের পরিত্রাণ করো আর আমাদের ভাই-বন্ধুদের যারা ধর্মবিশ্বাসে আমাদের অগ্রবর্তী রয়েছেন, আর আমাদের অন্তরে কোনো হিংসা-বিদ্বেষ রেখো না তাদের প্রতি যারা ঈমান এনেছেন; আমাদের প্রভু! তুমিই নিশ্চয় পরম স্নেহময়, অফুরন্ত ফলদাতা।\"",
    "bn_muhi": "আর এই সম্পদ তাদের জন্যে, যারা তাদের পরে আগমন করেছে। তারা বলেঃ হে আমাদের পালনকর্তা, আমাদেরকে এবং ঈমানে আগ্রহী আমাদের ভ্রাতাগণকে ক্ষমা কর এবং ঈমানদারদের বিরুদ্ধে আমাদের অন্তরে কোন বিদ্বেষ রেখো না। হে আমাদের পালনকর্তা, আপনি দয়ালু, পরম করুণাময়।",
    "en": "And [there is a share for] those who came after them, saying, \"Our Lord, forgive us and our brothers who preceded us in faith and put not in our hearts [any] resentment toward those who have believed. Our Lord, indeed You are Kind and Merciful.\""
  },
  {
    "id": 11,
    "ar": "أَلَمْ تَرَ إِلَى ٱلَّذِينَ نَافَقُوا۟ يَقُولُونَ لِإِخْوَٰنِهِمُ ٱلَّذِينَ كَفَرُوا۟ مِنْ أَهْلِ ٱلْكِتَٰبِ لَئِنْ أُخْرِجْتُمْ لَنَخْرُجَنَّ مَعَكُمْ وَلَا نُطِيعُ فِيكُمْ أَحَدًا أَبَدًا وَإِن قُوتِلْتُمْ لَنَنصُرَنَّكُمْ وَٱللَّهُ يَشْهَدُ إِنَّهُمْ لَكَٰذِبُونَ",
    "tr": "আলাম তারা ইলাল্লাযীনা না-ফাকূইয়াকূলূনা লিইখওয়া-নিহিমুল্লাযীনা কাফারূ মিন আহলিল কিতা-বি লাইন উখরিজতুম লানাখরুজান্না মা‘আকুম ওয়ালা-নুতী‘উ ফীকুম আহাদান আবাদওঁ ওয়া ইন কুতিলতুম লানানসুরান্নাকুম ওয়াল্লা-হু ইয়াশহাদুইন্নাহুম লাকা-যিবুন।",
    "bn_haque": "তুমি কি তাদের দেখ নি যারা কপটাচরণ করছে, -- তারা গ্রন্থধারীদের মধ্যের যারা অবিশ্বাস পোষণ করে তাদের তেমন ভাই- বন্ধুদের বলে -- \"তোমাদের যদি বের করে দেওয়া হয় তাহলে আমরাও নিশ্চয়ই তোমাদের সঙ্গে বেরিয়ে যাব, আর তোমাদের ব্যাপারে আমরা কারোর তাবেদারি কখনো করব না, আর তোমাদের সঙ্গে যদি যুদ্ধ করা হয় তাহলে আমরা নিশ্চয়ই তোমাদের সাহায্য করব\"? আর আল্লাহ্ সাক্ষ্য দিচ্ছেন যে তারা নিশ্চয়ই মিথ্যাবাদী।",
    "bn_muhi": "আপনি কি মুনাফিকদেরকে দেখেন নি? তারা তাদের কিতাবধারী কাফের ভাইদেরকে বলেঃ তোমরা যদি বহিস্কৃত হও, তবে আমরা অবশ্যই তোমাদের সাথে দেশ থেকে বের হয়ে যাব এবং তোমাদের ব্যাপারে আমরা কখনও কারও কথা মানব না। আর যদি তোমরা আক্রান্ত হও, তবে আমরা অবশ্যই তোমাদেরকে সাহায্য করব। আল্লাহ তা’আলা সাক্ষ্য দেন যে, ওরা নিশ্চয়ই মিথ্যাবাদী।",
    "en": "Have you not considered those who practice hypocrisy, saying to their brothers who have disbelieved among the People of the Scripture, \"If you are expelled, we will surely leave with you, and we will not obey, in regard to you, anyone - ever; and if you are fought, we will surely aid you.\" But Allah testifies that they are liars."
  },
  {
    "id": 12,
    "ar": "لَئِنْ أُخْرِجُوا۟ لَا يَخْرُجُونَ مَعَهُمْ وَلَئِن قُوتِلُوا۟ لَا يَنصُرُونَهُمْ وَلَئِن نَّصَرُوهُمْ لَيُوَلُّنَّ ٱلْأَدْبَٰرَ ثُمَّ لَا يُنصَرُونَ",
    "tr": "লাইন উখরিজূলা ইয়াখরুজূনা মা‘আহুম ওয়া লাইন কূতিলূলা-ইয়ানসুরূনাহুম ওয়ালাইন নাসারূহুম লাইঊওয়াল্লুন্নাল আদবা-রা ছু ম্মা লা-ইউনসারূন।",
    "bn_haque": "যদি তাদের বহিস্কার করা হয়, তারা তাদের সঙ্গে বেরুবে না, আর যদি তাদের সঙ্গে যুদ্ধ করা হয় তাহলে তারা তাদের সাহায্য করবে না, আর যদিও তারা তাদের সাহায্য করতে আসে তাহলেও তারা পৃষ্ঠপ্রদর্শন করবে, শেষপর্যন্ত তাদের সাহায্য করা হবে না।",
    "bn_muhi": "যদি তারা বহিস্কৃত হয়, তবে মুনাফিকরা তাদের সাথে দেশত্যাগ করবে না আর যদি তারা আক্রান্ত হয়, তবে তারা তাদেরকে সাহায্য করবে না। যদি তাদেরকে সাহায্য করে, তবে অবশ্যই পৃষ্ঠপ্রদর্শন করে পলায়ন করবে। এরপর কাফেররা কোন সাহায্য পাবে না।",
    "en": "If they are expelled, they will not leave with them, and if they are fought, they will not aid them. And [even] if they should aid them, they will surely turn their backs; then [thereafter] they will not be aided."
  },
  {
    "id": 13,
    "ar": "لَأَنتُمْ أَشَدُّ رَهْبَةً فِى صُدُورِهِم مِّنَ ٱللَّهِ ذَٰلِكَ بِأَنَّهُمْ قَوْمٌ لَّا يَفْقَهُونَ",
    "tr": "লাআনতুম আশাদ্দুরাহবাতান ফী সুদূ রিহিম মিনাল্লা-হি যা-লিকা বিআন্নাহুম কাওমুল লাইয়াফকাহুন।",
    "bn_haque": "তোমরাই বরং তাদের অন্তরে আল্লাহ্‌র চাইতেও অধিকতর ভয়াবহ। এ এইজন্য যে তারা হচ্ছে এমন এক লোকদল যারা বুদ্ধি- বিবেচনা রাখে না।",
    "bn_muhi": "নিশ্চয় তোমরা তাদের অন্তরে আল্লাহ তা’আলা অপেক্ষা অধিকতর ভয়াবহ। এটা এ কারণে যে, তারা এক নির্বোধ সম্প্রদায়।",
    "en": "You [believers] are more fearful within their breasts than Allah . That is because they are a people who do not understand."
  },
  {
    "id": 14,
    "ar": "لَا يُقَٰتِلُونَكُمْ جَمِيعًا إِلَّا فِى قُرًى مُّحَصَّنَةٍ أَوْ مِن وَرَآءِ جُدُرٍۭ بَأْسُهُم بَيْنَهُمْ شَدِيدٌ تَحْسَبُهُمْ جَمِيعًا وَقُلُوبُهُمْ شَتَّىٰ ذَٰلِكَ بِأَنَّهُمْ قَوْمٌ لَّا يَعْقِلُونَ",
    "tr": "লা-ইউকা-তিলূনাকুম জামী‘আন ইল্লা ফী কুরামমুহাসসনাতিন আও মিওঁ ওয়ারাই জুদুরিন বা’ছুহুম বাইনাহুম শাদীদুন তাহছাবুহুম জামি‘আওঁ ওয়া কুলূবুহুম শাত্তা- যালিকা বিআন্নাহুম কাওমুল লা-ইয়া‘কিলূন।",
    "bn_haque": "তারা সংঘবদ্ধ হয়ে তোমাদের বিরুদ্ধে যুদ্ধ করবে না সুরক্ষিত জন-বসতির ভেতরে অথবা দেওয়াল দুর্গের আড়াল থেকে ব্যতীত। তাদের নিজেদের মধ্যে তাদের সংঘর্ষ অতি প্রচন্ড। তুমি তাদের ভাবতে পার ঐক্যবদ্ধ, কিন্ত তাদের অন্তর হচ্ছে বিচ্ছিন্ন। এ এইজন্য যে তারা হচ্ছে এমন এক জাতি যারা বুদ্ধিশুদ্ধি রাখে না।",
    "bn_muhi": "তারা সংঘবদ্ধভাবেও তোমাদের বিরুদ্ধে যুদ্ধ করতে পারবে না। তারা যুদ্ধ করবে কেবল সুরক্ষিত জনপদে অথবা দুর্গ প্রাচীরের আড়াল থেকে। তাদের পারস্পরিক যুদ্ধই প্রচন্ড হয়ে থাকে। আপনি তাদেরকে ঐক্যবদ্ধ মনে করবেন; কিন্তু তাদের অন্তর শতধাবিচ্ছিন্ন। এটা এ কারণে যে, তারা এক কান্ডজ্ঞানহীণ সম্প্রদায়।",
    "en": "They will not fight you all except within fortified cities or from behind walls. Their violence among themselves is severe. You think they are together, but their hearts are diverse. That is because they are a people who do not reason."
  },
  {
    "id": 15,
    "ar": "كَمَثَلِ ٱلَّذِينَ مِن قَبْلِهِمْ قَرِيبًا ذَاقُوا۟ وَبَالَ أَمْرِهِمْ وَلَهُمْ عَذَابٌ أَلِيمٌ",
    "tr": "কামাছালিল্লাযীনা মিন কাবলিহিম কারীবান যা-কূওয়া বা-লা আমরিহিম ওয়া লাহুম ‘আযা-বুন আলীম।",
    "bn_haque": "এরা তাদের মতো যারা এদের অব্যবহিত পূর্বে অবস্থান করছিল, -- তারা তাদের কৃতকর্মের কুফল আস্বাদন করেছিল, আর তাদের জন্য রয়েছে মর্মন্তুদ শাস্তি।",
    "bn_muhi": "তারা সেই লোকদের মত, যারা তাদের নিকট অতীতে নিজেদের কর্মের শাস্তিভোগ করেছে। তাদের জন্যে রয়েছে যন্ত্রণাদায়ক শাস্তি।",
    "en": "[Theirs is] like the example of those shortly before them: they tasted the bad consequence of their affair, and they will have a painful punishment."
  },
  {
    "id": 16,
    "ar": "كَمَثَلِ ٱلشَّيْطَٰنِ إِذْ قَالَ لِلْإِنسَٰنِ ٱكْفُرْ فَلَمَّا كَفَرَ قَالَ إِنِّى بَرِىٓءٌ مِّنكَ إِنِّىٓ أَخَافُ ٱللَّهَ رَبَّ ٱلْعَٰلَمِينَ",
    "tr": "কামাছালিশশাইতা-নি ইযকা-লা লিল ইনছা-নিকফুর  ফালাম্মা-কাফারা কালা ইন্নী বারীউম মিনকা ইন্নীআখা-ফুল্লা-হা রাব্বাল ‘আ-লামীন।",
    "bn_haque": "শয়তানের সমতুল্য, দেখো! সে মানুষকে বলে -- \"অবিশ্বাস করো\", তারপর যখন সে অবিশ্বাস করে তখন সে বলে -- \"আমি নিশ্চয়ই তোমার থেকে সম্পর্কচ্যুত, আমি অবশ্যই বিশ্বজগতের প্রভু আল্লাহ্‌কে ভয় করি।\"",
    "bn_muhi": "তারা শয়তানের মত, যে মানুষকে কাফের হতে বলে। অতঃপর যখন সে কাফের হয়, তখন শয়তান বলেঃ তোমার সাথে আমার কোন সম্পর্ক নেই। আমি বিশ্বপালনকর্তা আল্লাহ তা’আলাকে ভয় করি।",
    "en": "[The hypocrites are] like the example of Satan when he says to man, \"Disbelieve.\" But when he disbelieves, he says, \"Indeed, I am disassociated from you. Indeed, I fear Allah, Lord of the worlds.\""
  },
  {
    "id": 17,
    "ar": "فَكَانَ عَٰقِبَتَهُمَآ أَنَّهُمَا فِى ٱلنَّارِ خَٰلِدَيْنِ فِيهَا وَذَٰلِكَ جَزَٰٓؤُا۟ ٱلظَّٰلِمِينَ",
    "tr": "ফাকা-না ‘আ-কিবাতাহুমাআন্নাহুমা-ফিন্না-রি খা-লিদাইনি ফীহা- ওয়া যা-লিকা জাঝাউজ্জা-লিমীন।",
    "bn_haque": "সুতরাং তাদের উভয়ের পরিণাম এই যে উভয়েই থাকবে আগুনে, তারা সেখানে দীর্ঘকাল অবস্থান করবে। আর এই হচ্ছে অন্যায়াচারীদের প্রতিফল।",
    "bn_muhi": "অতঃপর উভয়ের পরিণতি হবে এই যে, তারা জাহান্নামে যাবে এবং চিরকাল তথায় বসবাস করবে। এটাই জালেমদের শাস্তি।",
    "en": "So the outcome for both of them is that they will be in the Fire, abiding eternally therein. And that is the recompense of the wrong-doers."
  },
  {
    "id": 18,
    "ar": "يَٰٓأَيُّهَا ٱلَّذِينَ ءَامَنُوا۟ ٱتَّقُوا۟ ٱللَّهَ وَلْتَنظُرْ نَفْسٌ مَّا قَدَّمَتْ لِغَدٍ وَٱتَّقُوا۟ ٱللَّهَ إِنَّ ٱللَّهَ خَبِيرٌۢ بِمَا تَعْمَلُونَ",
    "tr": "ইয়াআইয়ুহাল্লাযীনা আ-মানুত্তাকুল্লা-হা ওয়ালতানজুর নাফছুম মা-কাদ্দামাত লিগাদিও ওয়াত্তাকুল্লা-হা ইন্নাল্লা-হা খাবীরুম বিমা-তা‘মালূন।",
    "bn_haque": "ওহে যারা ঈমান এনেছ! আল্লাহ্‌কে ভয়-ভক্তি করো, আর প্রত্যেকেই ভেবে দেখুক কী সে আগবাড়াচ্ছে আগামীকালের জন্য, আর আল্লাহ্‌কে ভয়ভক্তি করো। নিঃসন্দেহ তোমরা যা করছ আল্লাহ্ সে-সন্বন্ধে পূর্ণ-ওয়াকিফহাল।",
    "bn_muhi": "মুমিনগণ, তোমরা আল্লাহ তা’আলাকে ভয় কর। প্রত্যেক ব্যক্তির উচিত, আগামী কালের জন্যে সে কি প্রেরণ করে, তা চিন্তা করা। আল্লাহ তা’আলাকে ভয় করতে থাক। তোমরা যা কর, আল্লাহ তা’আলা সে সম্পর্কে খবর রাখেন।",
    "en": "O you who have believed, fear Allah . And let every soul look to what it has put forth for tomorrow - and fear Allah . Indeed, Allah is Acquainted with what you do."
  },
  {
    "id": 19,
    "ar": "وَلَا تَكُونُوا۟ كَٱلَّذِينَ نَسُوا۟ ٱللَّهَ فَأَنسَىٰهُمْ أَنفُسَهُمْ أُو۟لَٰٓئِكَ هُمُ ٱلْفَٰسِقُونَ",
    "tr": "ওয়ালা-তাকূনূকাল্লাযীনা নাছুল্লা-হা ফাআনছা-হুম আনফুছাহুম উলাইকা হুমুল ফাছিকূন।",
    "bn_haque": "আর তোমরা তাদের মতো হয়ো না যারা আল্লাহ্‌কে ভুলে যায়, ফলে তিনি তাদের ভুলিয়ে দিয়ে থাকেন তাদের নিজেদের সন্বন্ধে। তারাই স্বয়ং সত্যত্যাগী।",
    "bn_muhi": "তোমরা তাদের মত হয়ো না, যারা আল্লাহ তা’আলাকে ভুলে গেছে। ফলে আল্লাহ তা’আলা তাদেরকে আত্ন বিস্মৃত করে দিয়েছেন। তারাই অবাধ্য।",
    "en": "And be not like those who forgot Allah, so He made them forget themselves. Those are the defiantly disobedient."
  },
  {
    "id": 20,
    "ar": "لَا يَسْتَوِىٓ أَصْحَٰبُ ٱلنَّارِ وَأَصْحَٰبُ ٱلْجَنَّةِ أَصْحَٰبُ ٱلْجَنَّةِ هُمُ ٱلْفَآئِزُونَ",
    "tr": "লা-ইয়াছতাবীআসহা-বুন্না-রি ওয়া আসহা-বুল জান্নাতি আসহা-বুল জান্নাতি হুমুল ফাইঝুন।",
    "bn_haque": "আগুনের বাসিন্দারা ও জান্নাতের বাসিন্দারা একসমান নয়। জান্নাতের অধিবাসীরাই স্বয়ং সফলকাম।",
    "bn_muhi": "জাহান্নামের অধিবাসী এবং জান্নাতের অধিবাসী সমান হতে পারে না। যারা জান্নাতের অধিবাসী, তারাই সফলকাম।",
    "en": "Not equal are the companions of the Fire and the companions of Paradise. The companions of Paradise - they are the attainers [of success]."
  },
  {
    "id": 21,
    "ar": "لَوْ أَنزَلْنَا هَٰذَا ٱلْقُرْءَانَ عَلَىٰ جَبَلٍ لَّرَأَيْتَهُۥ خَٰشِعًا مُّتَصَدِّعًا مِّنْ خَشْيَةِ ٱللَّهِ وَتِلْكَ ٱلْأَمْثَٰلُ نَضْرِبُهَا لِلنَّاسِ لَعَلَّهُمْ يَتَفَكَّرُونَ",
    "tr": "লাও আনঝালনা-হা-যাল কুরআ-না ‘আলা-জাবালিল লারাআইতাহু খা-শি‘আম মুতাসাদ্দি‘ আম মিন খাশয়াতিল্লা-হি ওয়া তিলকাল আমছা-লুনাদরিবুহা-লিন্নাছি লা‘আল্লাহম ইয়াতাফাক্কারূন।",
    "bn_haque": "আমরা যদি এই কুরআনকে কোনো পাহাড়ের উপরে অবতীর্ণ করতাম তাহলে তুমি দেখতে পেতে আল্লাহ্‌র ভয়ে তা নুইয়ে পড়েছে, ভেঙ্গে চুরমার হয়ে গেছে। আর এই উপমা -- আমরা এটি লোকেদের জন্য বিবৃত করছি যেন তারা চিন্তা করে।",
    "bn_muhi": "যদি আমি এই কোরআন পাহাড়ের উপর অবতীর্ণ করতাম, তবে তুমি দেখতে যে, পাহাড় বিনীত হয়ে আল্লাহ তা’আলার ভয়ে বিদীর্ণ হয়ে গেছে। আমি এসব দৃষ্টান্ত মানুষের জন্যে বর্ণনা করি, যাতে তারা চিন্তা-ভাবনা করে।",
    "en": "If We had sent down this Qur'an upon a mountain, you would have seen it humbled and coming apart from fear of Allah . And these examples We present to the people that perhaps they will give thought."
  },
  {
    "id": 22,
    "ar": "هُوَ ٱللَّهُ ٱلَّذِى لَآ إِلَٰهَ إِلَّا هُوَ عَٰلِمُ ٱلْغَيْبِ وَٱلشَّهَٰدَةِ هُوَ ٱلرَّحْمَٰنُ ٱلرَّحِيمُ",
    "tr": "হুওয়াল্লা-হুল্লাযী লাইলা-হা ইল্লা-হুওয়া ‘আ-লিমুল গাইবি ওয়াশশাহা-দাতি হুওয়াররাহমা-নুর রাহীম।",
    "bn_haque": "তিনিই সেই আল্লাহ্ যিনি ব্যতীত অন্য উপাস্য নেই, তিনি অদৃশ্যের ও দৃশ্যের পরিজ্ঞাতা। তিনি পরম করুণাময়, অফুরন্ত ফলদাতা।",
    "bn_muhi": "তিনিই আল্লাহ তা’আলা, তিনি ব্যতীত কোন উপাস্য নেই; তিনি দৃশ্য ও অদৃশ্যকে জানেন তিনি পরম দয়ালু, অসীম দাতা।",
    "en": "He is Allah, other than whom there is no deity, Knower of the unseen and the witnessed. He is the Entirely Merciful, the Especially Merciful."
  },
  {
    "id": 23,
    "ar": "هُوَ ٱللَّهُ ٱلَّذِى لَآ إِلَٰهَ إِلَّا هُوَ ٱلْمَلِكُ ٱلْقُدُّوسُ ٱلسَّلَٰمُ ٱلْمُؤْمِنُ ٱلْمُهَيْمِنُ ٱلْعَزِيزُ ٱلْجَبَّارُ ٱلْمُتَكَبِّرُ سُبْحَٰنَ ٱللَّهِ عَمَّا يُشْرِكُونَ",
    "tr": "হুওয়াল্লা-হুল্লাযী লাইলা-হা ইল্লা-হুওয়া আলমালিকুল কুদ্দূছুছ ছালা-মুল ম’মিনুল মুহাইমিনুল ‘আঝীঝুল জাব্বা-রুল মুতাকাব্বিরু ছুবহা-নাল্লা-হি ‘আম্মা-ইউশরিকূন।",
    "bn_haque": "তিনিই সেই আল্লাহ্ যিনি ব্যতীত কোনো উপাস্য নেই, -- রাজাধিরাজ, মহাপবিত্র, প্রশান্তিদাতা, নিরাপত্তা-বিধায়ক, সুরক্ষক, মহাশক্তিশালী, মহামহিম, পরম গেরবান্নিত। সকল মহিমা আল্লাহ্‌র, তারা যা আরোপ করে তার বহু উর্ধ্বে।",
    "bn_muhi": "তিনিই আল্লাহ তিনি ব্যতিত কোন উপাস্য নেই। তিনিই একমাত্র মালিক, পবিত্র, শান্তি ও নিরাপত্তাদাতা, আশ্রয়দাতা, পরাক্রান্ত, প্রতাপান্বিত, মাহাত্নশীল। তারা যাকে অংশীদার করে আল্লাহ তা’ আলা তা থেকে পবিত্র।",
    "en": "He is Allah, other than whom there is no deity, the Sovereign, the Pure, the Perfection, the Bestower of Faith, the Overseer, the Exalted in Might, the Compeller, the Superior. Exalted is Allah above whatever they associate with Him."
  },
  {
    "id": 24,
    "ar": "هُوَ ٱللَّهُ ٱلْخَٰلِقُ ٱلْبَارِئُ ٱلْمُصَوِّرُ لَهُ ٱلْأَسْمَآءُ ٱلْحُسْنَىٰ يُسَبِّحُ لَهُۥ مَا فِى ٱلسَّمَٰوَٰتِ وَٱلْأَرْضِ وَهُوَ ٱلْعَزِيزُ ٱلْحَكِيمُ",
    "tr": "হুওয়াল্লা-হুল খা-লিকুল বা-রিউল মুছাওবিরু লাহুল আছমাউল হুছনা-; ইউছাব্বিহুলাহূ মা-ফিছ ছামা-ওয়া-তি ওয়াল আরদি ওয়াহুওয়াল ‘ আঝীঝুল হাকীম।",
    "bn_haque": "তিনি আল্লাহ্‌, সৃজনকর্তা, উদ্ভাবনকর্তা, রূপদাতা, তাঁরই হচ্ছে সর্বাঙ্গসুন্দর নামাবলী। মহাকাশমন্ডলে ও পৃথিবীতে যারা আছে তারা তাঁরই জপতপ করে, আর তিনি মহাশক্তিশালী, পরমজ্ঞানী।",
    "bn_muhi": "তিনিই আল্লাহ তা’আলা, স্রষ্টা, উদ্ভাবক, রূপদাতা, উত্তম নাম সমূহ তাঁরই। নভোমন্ডলে ও ভূমন্ডলে যা কিছু আছে, সবই তাঁর পবিত্রতা ঘোষণা করে। তিনি পরাক্রান্ত প্রজ্ঞাময়।",
    "en": "He is Allah, the Creator, the Inventor, the Fashioner; to Him belong the best names. Whatever is in the heavens and earth is exalting Him. And He is the Exalted in Might, the Wise."
  }
]