[
  {
    "id": 1,
    "ar": "وَٱلَّيْلِ إِذَا يَغْشَىٰ",
    "tr": "ওয়াল্লাইলি ইযা-ইয়াগশা-।",
    "bn_haque": "ভাবো রাত্রির কথা, যখন তা ঢেকে দেয়,",
    "bn_muhi": "শপথ রাত্রির, যখন সে আচ্ছন্ন করে,",
    "en": "By the night when it covers"
  },
  {
    "id": 2,
    "ar": "وَٱلنَّهَارِ إِذَا تَجَلَّىٰ",
    "tr": "ওয়ান্নাহা-রি ইযা-তাজাল্লা-।",
    "bn_haque": "আর দিনের কথা যখন তা ঝলমল করে;",
    "bn_muhi": "শপথ দিনের, যখন সে আলোকিত হয়",
    "en": "And [by] the day when it appears"
  },
  {
    "id": 3,
    "ar": "وَمَا خَلَقَ ٱلذَّكَرَ وَٱلْأُنثَىٰٓ",
    "tr": "ওয়ামা-খালাকায যাকারা ওয়াল উনছা।",
    "bn_haque": "আর তাঁর কথা যিনি পুরুষ ও নারী সৃষ্টি করেছেন।",
    "bn_muhi": "এবং তাঁর, যিনি নর ও নারী সৃষ্টি করেছেন,",
    "en": "And [by] He who created the male and female,"
  },
  {
    "id": 4,
    "ar": "إِنَّ سَعْيَكُمْ لَشَتَّىٰ",
    "tr": "ইন্না ছা‘ইয়াকুম লাশাত্তা-।",
    "bn_haque": "নিঃসন্দেহ তোমাদের কর্মপ্রচেষ্টা অবশ্য বিভিন্ন প্রকৃতির।",
    "bn_muhi": "নিশ্চয় তোমাদের কর্ম প্রচেষ্টা বিভিন্ন ধরনের।",
    "en": "Indeed, your efforts are diverse."
  },
  {
    "id": 5,
    "ar": "فَأَمَّا مَنْ أَعْطَىٰ وَٱتَّقَىٰ",
    "tr": "ফাআম্মা-মান আ‘তা-ওয়াত্তাকা-।",
    "bn_haque": "সুতরাং যে কেউ দান করে ও ধর্মভীরুতা অবলন্বন করে,",
    "bn_muhi": "অতএব, যে দান করে এবং খোদাভীরু হয়,",
    "en": "As for he who gives and fears Allah"
  },
  {
    "id": 6,
    "ar": "وَصَدَّقَ بِٱلْحُسْنَىٰ",
    "tr": "ওয়া সাদ্দাকা বিলহুছনা-।",
    "bn_haque": "এবং সুষ্ঠু-সুন্দর বিষয়ে সত্যনিষ্ঠ থাকে,",
    "bn_muhi": "এবং উত্তম বিষয়কে সত্য মনে করে,",
    "en": "And believes in the best [reward],"
  },
  {
    "id": 7,
    "ar": "فَسَنُيَسِّرُهُۥ لِلْيُسْرَىٰ",
    "tr": "ফাছানুইয়াছছিরুহূলিল ইউছরা-।",
    "bn_haque": "আমি শীঘই তার জন্য তবে সহজ করে দেব আরাম করার জন্য।",
    "bn_muhi": "আমি তাকে সুখের বিষয়ের জন্যে সহজ পথ দান করব।",
    "en": "We will ease him toward ease."
  },
  {
    "id": 8,
    "ar": "وَأَمَّا مَنۢ بَخِلَ وَٱسْتَغْنَىٰ",
    "tr": "ওয়া আম্মা-মাম বাখিলা ওয়াছতাগনা-।",
    "bn_haque": "কিন্ত তার ক্ষেত্রে যে কৃপণতা করে ও নিজেকে স্বয়ংসমৃদ্ধ জ্ঞান করে,",
    "bn_muhi": "আর যে কৃপণতা করে ও বেপরওয়া হয়",
    "en": "But as for he who withholds and considers himself free of need"
  },
  {
    "id": 9,
    "ar": "وَكَذَّبَ بِٱلْحُسْنَىٰ",
    "tr": "ওয়া কাযযাবা বিল হুছনা-।",
    "bn_haque": "এবং সুষ্ঠু-সুন্দর বিষয়ে মিথ্যারোপ করে,",
    "bn_muhi": "এবং উত্তম বিষয়কে মিথ্যা মনে করে,",
    "en": "And denies the best [reward],"
  },
  {
    "id": 10,
    "ar": "فَسَنُيَسِّرُهُۥ لِلْعُسْرَىٰ",
    "tr": "ফাছানুইয়াছছিরুহূলিল‘উছরা-।",
    "bn_haque": "তার জন্য তবে আমি অচিরেই সহজ করে দেব কষ্ট ভোগের জন্য।",
    "bn_muhi": "আমি তাকে কষ্টের বিষয়ের জন্যে সহজ পথ দান করব।",
    "en": "We will ease him toward difficulty."
  },
  {
    "id": 11,
    "ar": "وَمَا يُغْنِى عَنْهُ مَالُهُۥٓ إِذَا تَرَدَّىٰٓ",
    "tr": "ওয়ামা-ইউগনী ‘আনহু মা-লুহূইযা-তারাদ্দা-।",
    "bn_haque": "আর তার ধনসম্পদ তার কোনো কাজে আসবে না যখন সে অধঃপাতে পড়বে।",
    "bn_muhi": "যখন সে অধঃপতিত হবে, তখন তার সম্পদ তার কোনই কাজে আসবে না।",
    "en": "And what will his wealth avail him when he falls?"
  },
  {
    "id": 12,
    "ar": "إِنَّ عَلَيْنَا لَلْهُدَىٰ",
    "tr": "ইন্না ‘আলাইনা-লালহুদা-।",
    "bn_haque": "নিঃসন্দেহ আমাদের কর্তব্য তো পথনির্দেশ করা চ",
    "bn_muhi": "আমার দায়িত্ব পথ প্রদর্শন করা।",
    "en": "Indeed, [incumbent] upon Us is guidance."
  },
  {
    "id": 13,
    "ar": "وَإِنَّ لَنَا لَلْءَاخِرَةَ وَٱلْأُولَىٰ",
    "tr": "ওয়া ইন্না লানা-লালআ-খিরাতা ওয়ালঊলা-।",
    "bn_haque": "আর নিঃসন্দেহ আমরাই তো মালিক পরকালের ও পূর্বকালের।",
    "bn_muhi": "আর আমি মালিক ইহকালের ও পরকালের।",
    "en": "And indeed, to Us belongs the Hereafter and the first [life]."
  },
  {
    "id": 14,
    "ar": "فَأَنذَرْتُكُمْ نَارًا تَلَظَّىٰ",
    "tr": "ফাআনযারতুকুম না-রান তালাজ্জা-।",
    "bn_haque": "সেজন্য তোমাদের সাবধান করে দিচ্ছি লেলিহান আগুন সন্বন্ধে,",
    "bn_muhi": "অতএব, আমি তোমাদেরকে প্রজ্বলিত অগ্নি সম্পর্কে সতর্ক করে দিয়েছি।",
    "en": "So I have warned you of a Fire which is blazing."
  },
  {
    "id": 15,
    "ar": "لَا يَصْلَىٰهَآ إِلَّا ٱلْأَشْقَى",
    "tr": "লা-ইয়াসলা-হাইল্লাল আশকা-",
    "bn_haque": "তাতে প্রবেশ করবে না নিতান্ত হতভাগ্য ব্যতীত --",
    "bn_muhi": "এতে নিতান্ত হতভাগ্য ব্যক্তিই প্রবেশ করবে,",
    "en": "None will [enter to] burn therein except the most wretched one."
  },
  {
    "id": 16,
    "ar": "ٱلَّذِى كَذَّبَ وَتَوَلَّىٰ",
    "tr": "আল্লাযী কাযযাবা ওয়া তাওয়াল্লা-।",
    "bn_haque": "যে মিথ্যারোপ করে ও ফিরে যায়।",
    "bn_muhi": "যে মিথ্যারোপ করে ও মুখ ফিরিয়ে নেয়।",
    "en": "Who had denied and turned away."
  },
  {
    "id": 17,
    "ar": "وَسَيُجَنَّبُهَا ٱلْأَتْقَى",
    "tr": "ওয়া ছাইউজান্নাবুহাল আতকা-।",
    "bn_haque": "আর এর থেকে আলবৎ দূরে রাখা হবে তাকে যে পরম ধর্মভীরু --",
    "bn_muhi": "এ থেকে দূরে রাখা হবে খোদাভীরু ব্যক্তিকে,",
    "en": "But the righteous one will avoid it -"
  },
  {
    "id": 18,
    "ar": "ٱلَّذِى يُؤْتِى مَالَهُۥ يَتَزَكَّىٰ",
    "tr": "আল্লাযী ইউ’তী মা-লাহূইয়াতাঝাক্কা-।",
    "bn_haque": "যে তার ধনদেলত দান করে, আ‌ত্মশুদ্ধি করে,",
    "bn_muhi": "যে আত্নশুদ্ধির জন্যে তার ধন-সম্পদ দান করে।",
    "en": "[He] who gives [from] his wealth to purify himself"
  },
  {
    "id": 19,
    "ar": "وَمَا لِأَحَدٍ عِندَهُۥ مِن نِّعْمَةٍ تُجْزَىٰٓ",
    "tr": "ওয়ামা-লিআহাদিন ‘ইনদাহূমিন নি‘মাতিন তুজঝা।",
    "bn_haque": "আর কারো ক্ষেত্রে তার জন্য এমন কোনো অনুগ্রহসামগ্রী নেই যার জন্যে সে প্রতিদান দাবি করতে পারে --",
    "bn_muhi": "এবং তার উপর কারও কোন প্রতিদানযোগ্য অনুগ্রহ থাকে না।",
    "en": "And not [giving] for anyone who has [done him] a favor to be rewarded"
  },
  {
    "id": 20,
    "ar": "إِلَّا ٱبْتِغَآءَ وَجْهِ رَبِّهِ ٱلْأَعْلَىٰ",
    "tr": "ইল্লাবতিগাআ ওয়াজহি রাব্বিহিল আ‘লা-।",
    "bn_haque": "তার মহিমান্বিত প্রভুর প্রসন্নবদন কামনা ব্যতীত।",
    "bn_muhi": "তার মহান পালনকর্তার সন্তুষ্টি অন্বেষণ ব্যতীত।",
    "en": "But only seeking the countenance of his Lord, Most High."
  },
  {
    "id": 21,
    "ar": "وَلَسَوْفَ يَرْضَىٰ",
    "tr": "ওয়া লাছাওফা ইয়ারদা-।",
    "bn_haque": "আর অচিরেই সে তো সন্তোষ লাভ করবেই।",
    "bn_muhi": "সে সত্বরই সন্তুষ্টি লাভ করবে।",
    "en": "And he is going to be satisfied."
  }
]