[
  {
    "id": 1,
    "ar": "أَلَمْ تَرَ كَيْفَ فَعَلَ رَبُّكَ بِأَصْحَٰبِ ٱلْفِيلِ",
    "tr": "আলাম তারা কাইফা ফা‘আলা রাব্বুকা বিআসহা-বিল ফীল।",
    "bn_haque": "তুমি কি দেখো নি তোমার প্রভু কেমন করেছিলেন হস্তি-বাহিনীর প্রতি?",
    "bn_muhi": "আপনি কি দেখেননি আপনার পালনকর্তা হস্তীবাহিনীর সাথে কিরূপ ব্যবহার করেছেন?",
    "en": "Have you not considered, [O Muhammad], how your Lord dealt with the companions of the elephant?"
  },
  {
    "id": 2,
    "ar": "أَلَمْ يَجْعَلْ كَيْدَهُمْ فِى تَضْلِيلٍ",
    "tr": "আলাম ইয়াজ‘আল কাইদাহুম ফী তাদলীল",
    "bn_haque": "তাদের চক্রান্ত তিনি কি ব্যর্থতায় পর্যবসিত করেন নি?",
    "bn_muhi": "তিনি কি তাদের চক্রান্ত নস্যাৎ করে দেননি?",
    "en": "Did He not make their plan into misguidance?"
  },
  {
    "id": 3,
    "ar": "وَأَرْسَلَ عَلَيْهِمْ طَيْرًا أَبَابِيلَ",
    "tr": "ওয়া আরছালা ‘আলাইহিম তাইরান আবা-বীল।",
    "bn_haque": "আর তাদের উপরে তিনি পাঠালেন ঝাঁকে ঝাঁকে পাখীর দল,",
    "bn_muhi": "তিনি তাদের উপর প্রেরণ করেছেন ঝাঁকে ঝাঁকে পাখী,",
    "en": "And He sent against them birds in flocks,"
  },
  {
    "id": 4,
    "ar": "تَرْمِيهِم بِحِجَارَةٍ مِّن سِجِّيلٍ",
    "tr": "তারমীহিম বিহিজা-রাতিম মিন ছিজ্জীল।",
    "bn_haque": "যারা তাদের আছড়ে ছিল শক্ত-কঠিন পাথরের গায়ে;",
    "bn_muhi": "যারা তাদের উপর পাথরের কংকর নিক্ষেপ করছিল।",
    "en": "Striking them with stones of hard clay,"
  },
  {
    "id": 5,
    "ar": "فَجَعَلَهُمْ كَعَصْفٍ مَّأْكُولٍۭ",
    "tr": "ফাজা‘আলাহুম কা‘আসফিম মা’কূল।",
    "bn_haque": "ফলে তিনি তাদের বানিয়ে দিলেন খেয়ে ফেলা খড়ের মতো।",
    "bn_muhi": "অতঃপর তিনি তাদেরকে ভক্ষিত তৃণসদৃশ করে দেন।",
    "en": "And He made them like eaten straw."
  }
]