[
  {
    "id": 1,
    "ar": "يَٰٓأَيُّهَا ٱلَّذِينَ ءَامَنُوا۟ لَا تَتَّخِذُوا۟ عَدُوِّى وَعَدُوَّكُمْ أَوْلِيَآءَ تُلْقُونَ إِلَيْهِم بِٱلْمَوَدَّةِ وَقَدْ كَفَرُوا۟ بِمَا جَآءَكُم مِّنَ ٱلْحَقِّ يُخْرِجُونَ ٱلرَّسُولَ وَإِيَّاكُمْ أَن تُؤْمِنُوا۟ بِٱللَّهِ رَبِّكُمْ إِن كُنتُمْ خَرَجْتُمْ جِهَٰدًا فِى سَبِيلِى وَٱبْتِغَآءَ مَرْضَاتِى تُسِرُّونَ إِلَيْهِم بِٱلْمَوَدَّةِ وَأَنَا۠ أَعْلَمُ بِمَآ أَخْفَيْتُمْ وَمَآ أَعْلَنتُمْ وَمَن يَفْعَلْهُ مِنكُمْ فَقَدْ ضَلَّ سَوَآءَ ٱلسَّبِيلِ",
    "tr": "ইয়াআইয়ুহাল্লাযীনা আ-মানূলা-তাত্তাখিযূ‘আদুওবী ওয়া ‘আদুওওয়াকুম আওলিয়াআ তুলকূনা ইলাইহিম বিলমাওয়াদ্দাতি ওয়া কাদ কাফারূবিমা-জাআকুম মিনাল হাক্কি ইউখরিজুনার রাছূলা ওয়া ইয়্যা-কুম আন তু’মিনূবিল্লা-হি রাব্বিকুম ইন কুনতুম খারাজতুম জিহা-দান ফী ছাবীলী ওয়াব তিগাআ মারদা-তী তুছিররূনা ইলাইহিম বিলমাওয়াদ্দাতি ওয়া আনা আ‘লামুবিমাআখফাইতুম ওয়ামাআ‘লানতুম ওয়া মাইঁ ইয়াফ‘আলহু মিনকুম ফাকাদ দাল্লা ছাওয়াআছ ছাবীল।",
    "bn_haque": "ওহে যারা ঈমান এনেছ! আমার শত্রু ও তোমাদের শত্রুকে বন্ধুরূপে গ্রহণ করো না, তোমরা কি তাদের প্রতি বন্ধুত্বের প্রস্তাব করবে, অথচ সত্যের যা-কিছু তোমাদের কাছে এসেছে তাতে তারা অবিশ্বাস করেছে, তারা রসূলকে ও তোমাদের বহিস্কার করে দিয়েছে যেহেতু তোমরা তোমাদের প্রভু আল্লাহ্‌তে বিশ্বাস কর। যদি তোমরা বেরিয়ে থাক আমার পথে সংগ্রাম করতে ও আমার প্রসন্নতা লাভের প্রত্যাশায়, তবে কি তোমরা তাদের প্রতি গোপনভাবেও বন্ধুত্ব দেখাবে, অথচ আমি ভাল জানি যা তোমরা গোপন রেখেছ এবং যা তোমরা প্রকাশ করছ? আর তোমাদের মধ্যে যে কেউ এটি করে সে তো তবে সরল পথ থেকে বিচ্যুত হয়েছে।",
    "bn_muhi": "মুমিনগণ, তোমরা আমার ও তোমাদের শত্রুদেরকে বন্ধরূপে গ্রহণ করো না। তোমরা তো তাদের প্রতি বন্ধুত্বের বার্তা পাঠাও, অথচ তারা যে সত্য তোমাদের কাছে আগমন করেছে, তা অস্বীকার করছে। তারা রসূলকে ও তোমাদেরকে বহিস্কার করে এই অপরাধে যে, তোমরা তোমাদের পালনকর্তার প্রতি বিশ্বাস রাখ। যদি তোমরা আমার সন্তুষ্টিলাভের জন্যে এবং আমার পথে জেহাদ করার জন্যে বের হয়ে থাক, তবে কেন তাদের প্রতি গোপনে বন্ধুত্বের পয়গাম প্রেরণ করছ? তোমরা যা গোপন কর এবং যা প্রকাশ কর, ত আমি খুব জানি। তোমাদের মধ্যে যে এটা করে, সে সরলপথ থেকে বিচ্যুত হয়ে যায়।",
    "en": "O you who have believed, do not take My enemies and your enemies as allies, extending to them affection while they have disbelieved in what came to you of the truth, having driven out the Prophet and yourselves [only] because you believe in Allah, your Lord. If you have come out for jihad in My cause and seeking means to My approval, [take them not as friends]. You confide to them affection, but I am most knowing of what you have concealed and what you have declared. And whoever does it among you has certainly strayed from the soundness of the way."
  },
  {
    "id": 2,
    "ar": "إِن يَثْقَفُوكُمْ يَكُونُوا۟ لَكُمْ أَعْدَآءً وَيَبْسُطُوٓا۟ إِلَيْكُمْ أَيْدِيَهُمْ وَأَلْسِنَتَهُم بِٱلسُّوٓءِ وَوَدُّوا۟ لَوْ تَكْفُرُونَ",
    "tr": "ইয়ঁইয়াছকাফূকুমইয়াকূনূলাকুমআ‘দাআওঁ ওয়া ইয়াবছুতূ ইলাইকুম আইদিয়াহুম ওয়া আলছিনাতাহুম বিছছূই ওয়া ওয়াদ্দূলাও তাকফুরূন।",
    "bn_haque": "যদি তারা তোমাদের কাবু করতে পারে তাহলে তারা তোমাদের শত্রু হয়ে পড়ে এবং তোমাদের প্রতি তাদের হাত ও তাদের জিহবা তারা প্রসারিত করে মন্দভাবে, আর তারা চায় যে তোমারাও যেন অবিশ্বাস কর।",
    "bn_muhi": "তোমাদেরকে করতলগত করতে পারলে তারা তোমাদের শত্রু হয়ে যাবে এবং মন্দ উদ্দেশ্যে তোমাদের প্রতি বাহু ও রসনা প্রসারিত করবে এবং চাইবে যে, কোনরূপে তোমরা ও কাফের হয়ে যাও।",
    "en": "If they gain dominance over you, they would be to you as enemies and extend against you their hands and their tongues with evil, and they wish you would disbelieve."
  },
  {
    "id": 3,
    "ar": "لَن تَنفَعَكُمْ أَرْحَامُكُمْ وَلَآ أَوْلَٰدُكُمْ يَوْمَ ٱلْقِيَٰمَةِ يَفْصِلُ بَيْنَكُمْ وَٱللَّهُ بِمَا تَعْمَلُونَ بَصِيرٌ",
    "tr": "লান তানফা‘আকুম আরহা-মুকুম ওয়ালাআওলা-দুকুম ইয়াওমাল কিয়া-মাতি ইয়াফসিলুবাইনাকুম ওয়াল্লা-হু বিমা-তা‘মালূনা বাসীর।",
    "bn_haque": "তোমাদের রক্ত-সম্পর্কীয় আ‌ত্মীয়-স্বজন তোমাদের কোনো উপকারে আসবে না আর তোমাদের সন্তানসন্ততিরাও না -- কিয়ামতের দিনে, তিনি তোমাদের মধ্যে ফয়সালা করবেন। আর তোমরা যা করছ সে-সন্বন্ধে আল্লাহ্ সম্যক দ্রষ্টা।",
    "bn_muhi": "তোমাদের স্বজন-পরিজন ও সন্তান-সন্ততি কিয়ামতের দিন কোন উপকারে আসবে না। তিনি তোমাদের মধ্যে ফয়সালা করবেন। তোমরা যা কর, আল্লাহ তা দেখেন।",
    "en": "Never will your relatives or your children benefit you; the Day of Resurrection He will judge between you. And Allah, of what you do, is Seeing."
  },
  {
    "id": 4,
    "ar": "قَدْ كَانَتْ لَكُمْ أُسْوَةٌ حَسَنَةٌ فِىٓ إِبْرَٰهِيمَ وَٱلَّذِينَ مَعَهُۥٓ إِذْ قَالُوا۟ لِقَوْمِهِمْ إِنَّا بُرَءَٰٓؤُا۟ مِنكُمْ وَمِمَّا تَعْبُدُونَ مِن دُونِ ٱللَّهِ كَفَرْنَا بِكُمْ وَبَدَا بَيْنَنَا وَبَيْنَكُمُ ٱلْعَدَٰوَةُ وَٱلْبَغْضَآءُ أَبَدًا حَتَّىٰ تُؤْمِنُوا۟ بِٱللَّهِ وَحْدَهُۥٓ إِلَّا قَوْلَ إِبْرَٰهِيمَ لِأَبِيهِ لَأَسْتَغْفِرَنَّ لَكَ وَمَآ أَمْلِكُ لَكَ مِنَ ٱللَّهِ مِن شَىْءٍ رَّبَّنَا عَلَيْكَ تَوَكَّلْنَا وَإِلَيْكَ أَنَبْنَا وَإِلَيْكَ ٱلْمَصِيرُ",
    "tr": "কাদ কা-নাত লাকুম উছওয়াতুন হাছানাতুন ফীইবরা-হীমা ওয়াল্লাযীনা মা‘আহূ ইয কা-লূলিকাওমিহিম ইন্না-বুরাআউ মিনকুম ওয়া মিম্মা-তা‘বুদূ না মিন দূ নিল্লা-হি কাফারনাবিকুম ওয়া বাদা-বাইনানা-ওয়া বাইনাকুমুল ‘আদা-ওয়াতুওয়ালা বাগদা উ আবাদান হাত্তা-তু’মিনূবিল্লা-হি ওয়াহদাহূইল্লা-কাওলা ইবরা-হীমা লিআবীহি লাআছতাগফিরান্না লাকা ওয়ামাআমলিকুলাকা মিনাল্লা-হি মিন শাইয়িন রাব্বানা-‘আলাইকা তাওয়াক্কালনাওয়া ইলাইকা আনাবনা-ওয়া ইলাইকাল মাসীর।",
    "bn_haque": "তোমাদের জন্য নিশ্চয়ই উত্তম আদর্শ রয়েছে ইব্রাহীমের ও তাঁর সঙ্গে যারা ছিল তাদের মধ্যে -- যখন তারা তাদের লোকদলকে বলেছিল -- \"নিশ্চয় আমরা দায়শূন্য তোমাদের থেকে, আর আল্লাহ্‌কে বাদ দিয়ে তোমরা যার উপাসনা কর তার থেকে, আমরা তোমাদের প্রত্যাখ্যান করেছি, কাজেই আমাদের মধ্যে ও তোমাদের মধ্যে শত্রুতা ও হিংসা-বিদ্বেষ চিরদিনের জন্য শুরু হয়েছে যতক্ষণ না তোমরা আল্লাহ্‌তে -- তাঁর একত্বে-- বিশ্বাস না কর।\" তবে তাঁর পিতৃপুরুষের প্রতি ইব্রাহীমের বক্তব্য ছিল -- \"আমি নিশ্চয় তোমার জন্য ক্ষমাপ্রার্থনা করব, আর আল্লাহ্‌র কাছ থেকে তোমার জন্য অন্য কোনো কিছুতে আমার ক্ষমতা নেই।\" \"আমাদের প্রভু! তোমার উপরেই আমরা নির্ভর করছি, আর তোমারই কাছে আমরা ফিরছি, আর তোমার কাছেই তো প্রত্যাবর্তন।",
    "bn_muhi": "তোমাদের জন্যে ইব্রাহীম ও তাঁর সঙ্গীগণের মধ্যে চমৎকার আদর্শ রয়েছে। তারা তাদের সম্প্রদায়কে বলেছিলঃ তোমাদের সাথে এবং তোমরা আল্লাহর পরিবর্তে যার এবাদত কর, তার সাথে আমাদের কোন সম্পর্ক নেই। আমরা তোমাদের মানি না। তোমরা এক আল্লাহর প্রতি বিশ্বাস স্থাপন না করলে তোমাদের মধ্যে ও আমাদের মধ্যে চিরশত্রুতা থাকবে। কিন্তু ইব্রাহীমের উক্তি তাঁর পিতার উদ্দেশে এই আদর্শের ব্যতিক্রম। তিনি বলেছিলেনঃ আমি অবশ্যই তোমার জন্য ক্ষমাপ্রার্থনা করব। তোমার উপকারের জন্যে আল্লাহর কাছে আমার আর কিছু করার নেই। হে আমাদের পালনকর্তা! আমরা তোমারই উপর ভরসা করেছি, তোমারই দিকে মুখ করেছি এবং তোমারই নিকট আমাদের প্রত্যাবর্তন।",
    "en": "There has already been for you an excellent pattern in Abraham and those with him, when they said to their people, \"Indeed, we are disassociated from you and from whatever you worship other than Allah . We have denied you, and there has appeared between us and you animosity and hatred forever until you believe in Allah alone\" except for the saying of Abraham to his father, \"I will surely ask forgiveness for you, but I have not [power to do] for you anything against Allah . Our Lord, upon You we have relied, and to You we have returned, and to You is the destination."
  },
  {
    "id": 5,
    "ar": "رَبَّنَا لَا تَجْعَلْنَا فِتْنَةً لِّلَّذِينَ كَفَرُوا۟ وَٱغْفِرْ لَنَا رَبَّنَآ إِنَّكَ أَنتَ ٱلْعَزِيزُ ٱلْحَكِيمُ",
    "tr": "রাব্বানা-লা-তাজ‘আলনা-ফিতনাতালিলল্লাযীনা কাফারূওয়াগফিরলানা-রাব্বানা- ইন্নাকা আনতাল ‘আঝীঝুল হাকীম।",
    "bn_haque": "আমাদের প্রভু! আমাদের তাদের শিকার বানিয়ো না যারা অবিশ্বাস পোষণ করে, আর, আমাদের প্রভু! আমাদের পরিত্রাণ করো, নিঃসন্দেহ তুমি, তুমিই তো মহাশক্তিশালী, পরমজ্ঞানী।",
    "bn_muhi": "হে আমাদের পালনকর্তা! তুমি আমাদেরকে কাফেরদের জন্য পরীক্ষার পাত্র করো না। হে আমাদের পালনকর্তা! আমাদের ক্ষমা কর। নিশ্চয় তুমি পরাক্রমশালী, প্রজ্ঞাময়।",
    "en": "Our Lord, make us not [objects of] torment for the disbelievers and forgive us, our Lord. Indeed, it is You who is the Exalted in Might, the Wise.\""
  },
  {
    "id": 6,
    "ar": "لَقَدْ كَانَ لَكُمْ فِيهِمْ أُسْوَةٌ حَسَنَةٌ لِّمَن كَانَ يَرْجُوا۟ ٱللَّهَ وَٱلْيَوْمَ ٱلْءَاخِرَ وَمَن يَتَوَلَّ فَإِنَّ ٱللَّهَ هُوَ ٱلْغَنِىُّ ٱلْحَمِيدُ",
    "tr": "লাকাদ কা-না লাকুম ফীহিম উছওয়াতুন হাছানাতুল লিমান কা-না ইয়ারজুল্লা-হা ওয়াল ইয়াওমাল আ-খিরা ওয়া মাইঁ ইয়াতাওয়াল্লা ফাইন্নাল্লা-হা হুওয়াল গানিইয়ুল হামীদ।",
    "bn_haque": "তোমাদের পক্ষে নিশ্চয়ই তাঁদের মধ্যে একটি উত্তম আদর্শ রয়েছে তার জন্য যে আল্লাহ্‌তে ও শেষ দিনে আশা-ভরসা রাখে। আর যে কেউ ফিরে যায় তবে নিশ্চয় আল্লাহ্ -- তিনি স্বয়ংসমৃদ্ধ, চির-প্রশংসিত।",
    "bn_muhi": "তোমরা যারা আল্লাহ ও পরকাল প্রত্যাশা কর, তোমাদের জন্য তাদের মধ্যে উত্তম আদর্শ রয়েছে। আর যে মুখ ফিরিয়ে নেয়, তার জানা উচিত যে, আল্লাহ বেপরওয়া, প্রশংসার মালিক।",
    "en": "There has certainly been for you in them an excellent pattern for anyone whose hope is in Allah and the Last Day. And whoever turns away - then indeed, Allah is the Free of need, the Praiseworthy."
  },
  {
    "id": 7,
    "ar": "عَسَى ٱللَّهُ أَن يَجْعَلَ بَيْنَكُمْ وَبَيْنَ ٱلَّذِينَ عَادَيْتُم مِّنْهُم مَّوَدَّةً وَٱللَّهُ قَدِيرٌ وَٱللَّهُ غَفُورٌ رَّحِيمٌ",
    "tr": "‘আছাল্লা-হু আইঁ ইয়াজ‘আলা বাইনাকুম ওয়া বাইনাল্লাযীনা ‘আ-দাইতুম মিনহুম মাওয়াদ্দাতাও ওয়াল্লা-হু কাদীরুও ওয়াল্লা-হু গাফূরুর রাহীম।",
    "bn_haque": "হতে পারে যে আল্লাহ্ তোমাদের মধ্যে ও যাদের সঙ্গে তোমরা শত্রুতা করছ তাদের কারো-কারোর মধ্যে বন্ধুত্ব ঘটিয়ে দেবেন। কেননা আল্লাহ্ সর্বশক্তিমান। আর আল্লাহ্ পরিত্রাণকারী, অফুরন্ত ফলদাতা।",
    "bn_muhi": "যারা তোমাদের শত্রু আল্লাহ তাদের মধ্যে ও তোমাদের মধ্যে সম্ভবতঃ বন্ধুত্ব সৃষ্টি করে দেবেন। আল্লাহ সবই করতে পারেন এবং আল্লাহ ক্ষমাশীল, করুণাময়।",
    "en": "Perhaps Allah will put, between you and those to whom you have been enemies among them, affection. And Allah is competent, and Allah is Forgiving and Merciful."
  },
  {
    "id": 8,
    "ar": "لَّا يَنْهَىٰكُمُ ٱللَّهُ عَنِ ٱلَّذِينَ لَمْ يُقَٰتِلُوكُمْ فِى ٱلدِّينِ وَلَمْ يُخْرِجُوكُم مِّن دِيَٰرِكُمْ أَن تَبَرُّوهُمْ وَتُقْسِطُوٓا۟ إِلَيْهِمْ إِنَّ ٱللَّهَ يُحِبُّ ٱلْمُقْسِطِينَ",
    "tr": "লা-ইয়ানহা-কুমুল্লা-হু ‘আনিল্লাযীনা লাম ইউকা-তিলূকুম ফিদ্দীনি ওয়ালাম ইউখরিজুকুম মিন দিয়া-রিকুম আন তাবাররূহুম ওয়া তুকছিতূইলাইহিম ইন্নাল্লা-হা ইউহিব্বুল মুকছিতীন।",
    "bn_haque": "আল্লাহ্ তোমাদের নিষেধ করছেন না যে যারা তোমাদের বিরুদ্ধে ধর্মের কারণে যুদ্ধ করে নি এবং তোমাদের বাড়িঘর থেকে তোমাদের তাড়িয়ে দেয় নি, তাদের সঙ্গে তোমরা সদয় ব্যবহার করবে এবং তাদের প্রতি ন্যায়পরায়ণ হবে। নিঃসন্দেহ আল্লাহ্ ন্যায়পরায়ণদের ভালবাসেন।",
    "bn_muhi": "ধর্মের ব্যাপারে যারা তোমাদের বিরুদ্ধে লড়াই করেনি এবং তোমাদেরকে দেশ থেকে বহিস্কৃত করেনি, তাদের প্রতি সদাচরণ ও ইনসাফ করতে আল্লাহ তোমাদেরকে নিষেধ করেন না। নিশ্চয় আল্লাহ ইনসাফকারীদেরকে ভালবাসেন।",
    "en": "Allah does not forbid you from those who do not fight you because of religion and do not expel you from your homes - from being righteous toward them and acting justly toward them. Indeed, Allah loves those who act justly."
  },
  {
    "id": 9,
    "ar": "إِنَّمَا يَنْهَىٰكُمُ ٱللَّهُ عَنِ ٱلَّذِينَ قَٰتَلُوكُمْ فِى ٱلدِّينِ وَأَخْرَجُوكُم مِّن دِيَٰرِكُمْ وَظَٰهَرُوا۟ عَلَىٰٓ إِخْرَاجِكُمْ أَن تَوَلَّوْهُمْ وَمَن يَتَوَلَّهُمْ فَأُو۟لَٰٓئِكَ هُمُ ٱلظَّٰلِمُونَ",
    "tr": "ইন্নামা-ইয়ানহা-কুমুল্লা-হু ‘আনিল্লাযীনা কা-তালূকুম ফিদদীনি ওয়া আখরাজুকুম মিন দিয়ারিকুম ওয়া জা-হারূ‘আলাইখরা-জিকুম আন তাওয়াল্লাওহুম ওয়া মাইঁ ইয়াতাওয়াল্লাহুম ফাউলাইকা হুমুজ্জা-লিমূন।",
    "bn_haque": "আল্লাহ্ কেবল তাদের সন্বন্ধে তোমাদের নিষেধ করছেন যারা ধর্মের কারণে তোমাদের বিরুদ্ধে যুদ্ধ করেছে ও তোমাদের বাড়িঘর থেকে তোমাদের তাড়িয়ে দিয়েছে এবং পৃষ্ঠপোষকতা করেছে তোমাদের বহিস্কারের ব্যাপারে, -- যে তোমরা তাদের সঙ্গে বন্ধুত্ব পাতবে। আর যে কেউ তাদের সঙ্গে বন্ধুত্ব পাতবে তারাই তো তবে স্বয়ং অন্যায়কারী।",
    "bn_muhi": "আল্লাহ কেবল তাদের সাথে বন্ধুত্ব করতে নিষেধ করেন, যারা ধর্মের ব্যাপারে তোমাদের বিরুদ্ধে যুদ্ধ করেছে, তোমাদেরকে দেশ থেকে বহিস্কৃত করেছে এবং বহিস্কারকার্যে সহায়তা করেছে। যারা তাদের সাথে বন্ধুত্ব করে তারাই জালেম।",
    "en": "Allah only forbids you from those who fight you because of religion and expel you from your homes and aid in your expulsion - [forbids] that you make allies of them. And whoever makes allies of them, then it is those who are the wrongdoers."
  },
  {
    "id": 10,
    "ar": "يَٰٓأَيُّهَا ٱلَّذِينَ ءَامَنُوٓا۟ إِذَا جَآءَكُمُ ٱلْمُؤْمِنَٰتُ مُهَٰجِرَٰتٍ فَٱمْتَحِنُوهُنَّ ٱللَّهُ أَعْلَمُ بِإِيمَٰنِهِنَّ فَإِنْ عَلِمْتُمُوهُنَّ مُؤْمِنَٰتٍ فَلَا تَرْجِعُوهُنَّ إِلَى ٱلْكُفَّارِ لَا هُنَّ حِلٌّ لَّهُمْ وَلَا هُمْ يَحِلُّونَ لَهُنَّ وَءَاتُوهُم مَّآ أَنفَقُوا۟ وَلَا جُنَاحَ عَلَيْكُمْ أَن تَنكِحُوهُنَّ إِذَآ ءَاتَيْتُمُوهُنَّ أُجُورَهُنَّ وَلَا تُمْسِكُوا۟ بِعِصَمِ ٱلْكَوَافِرِ وَسْـَٔلُوا۟ مَآ أَنفَقْتُمْ وَلْيَسْـَٔلُوا۟ مَآ أَنفَقُوا۟ ذَٰلِكُمْ حُكْمُ ٱللَّهِ يَحْكُمُ بَيْنَكُمْ وَٱللَّهُ عَلِيمٌ حَكِيمٌ",
    "tr": "ইয়াআইয়ুহাল্লাযীনা আ-মানূইযা-জাআকুমুল মু’মিনা-তুমুহা-জিরা-তিন ফামতাহিনূহুন্না আল্লা-হু আ‘লামুবিঈমা-নিহিন্না ফাইন ‘আলিমতুমূহুন্না মু’মিনা-তিন ফালা-তারাজি‘ঊহুন্না ইলাল কুফফা-রি লা-হুন্না হিল্লুল্লাহুম ওয়ালা-হুম ইয়াহিললূনা লাহুন্না ওয়া আ-তূহুম মাআনফাকূ ওয়ালা-জুনা-হা ‘আলাইকুম আন তানকিহূহুন্না ইযা আ-তাইতুমূহুন্না উজূরাহুন্না ওয়ালা-তুমছিকূবি‘ইসামিল কাওয়া-ফিরি ওয়াছআলূমা আনফাকতুম ওয়ালয়াছআলূমাআনাকূ যা-লিকুম হুকমুল্লা-হি ইয়াহকুমু বাইনাকুম ওয়াল্লা-হু ‘আলীমুন হাকীম।",
    "bn_haque": "ওহে যারা ঈমান এনেছ! যখন বিশ্বাসিনী নারীরা দেশত্যাগী হয়ে তোমাদের কাছে আসে তখন তাদের পরীক্ষা করে দেখো। আল্লাহ্ ভাল জানেন তাদের ধর্মবিশ্বাস সন্বন্ধে। তারপর যদি তোমরা জানতে পার যে তারা বিশ্বাসিনী তাহলে তাদের ফেরত পাঠিয়ো না অবিশ্বাসীদের নিকটে। এরা তাদের জন্য বৈধ নয়, আর তারাও এদের জন্য বৈধ নয়। আর তাদের দিয়ে দাও যা তারা খরচ করেছে। আর তোমাদের উপরে কোনো দোষ বর্তাবে না যদি তোমরা তাদের বিবাহ কর যখন তাদের মহরানা তোমরা তাদের আদায় কর। আর তোমরা অবিশ্বাসিনীদের বিবাহ-বন্ধন ধরে রেখো না, আর তোমরা যা খরচ করেছ তা ফেরত চাইবে, আর তারাও ফেরত চাক যা তারা খরচ করেছে। এইটিই আল্লাহ্‌র বিধান। তিনি তোমাদের মধ্যে সুবিচার করে থাকেন, কেননা আল্লাহ্‌ই তো সর্বজ্ঞাতা, পরমজ্ঞানী।",
    "bn_muhi": "মুমিনগণ, যখন তোমাদের কাছে ঈমানদার নারীরা হিজরত করে আগমন করে, তখন তাদেরকে পরীক্ষা কর। আল্লাহ তাদের ঈমান সম্পর্কে সম্যক অবগত আছেন। যদি তোমরা জান যে, তারা ঈমানদার, তবে আর তাদেরকে কাফেরদের কাছে ফেরত পাঠিও না। এরা কাফেরদের জন্যে হালাল নয় এবং কাফেররা এদের জন্যে হালাল নয়। কাফেররা যা ব্যয় করেছে, তা তাদের দিয়ে দাও। তোমরা, এই নারীদেরকে প্রাপ্য মোহরানা দিয়ে বিবাহ করলে তোমাদের অপরাধ হবে না। তোমরা কাফের নারীদের সাথে দাম্পত্য সম্পর্ক বজায় রেখো না। তোমরা যা ব্যয় করেছ, তা চেয়ে নাও এবং তারাও চেয়ে নিবে যা তারা ব্যয় করেছে। এটা আল্লাহর বিধান; তিনি তোমাদের মধ্যে ফয়সালা করেন। আল্লাহ সর্বজ্ঞ প্রজ্ঞাময়।",
    "en": "O you who have believed, when the believing women come to you as emigrants, examine them. Allah is most knowing as to their faith. And if you know them to be believers, then do not return them to the disbelievers; they are not lawful [wives] for them, nor are they lawful [husbands] for them. But give the disbelievers what they have spent. And there is no blame upon you if you marry them when you have given them their due compensation. And hold not to marriage bonds with disbelieving women, but ask for what you have spent and let them ask for what they have spent. That is the judgement of Allah ; He judges between you. And Allah is Knowing and Wise."
  },
  {
    "id": 11,
    "ar": "وَإِن فَاتَكُمْ شَىْءٌ مِّنْ أَزْوَٰجِكُمْ إِلَى ٱلْكُفَّارِ فَعَاقَبْتُمْ فَـَٔاتُوا۟ ٱلَّذِينَ ذَهَبَتْ أَزْوَٰجُهُم مِّثْلَ مَآ أَنفَقُوا۟ وَٱتَّقُوا۟ ٱللَّهَ ٱلَّذِىٓ أَنتُم بِهِۦ مُؤْمِنُونَ",
    "tr": "ওয়া ইন ফা-তাকুম শাইউম মিন আঝওয়া-জিকুম ইলাল কুফফা-রি ফা‘আ-কাবতুম ফাআতুল্লাযীনা যাহাবাতা আঝওয়া-জুহুম মিছলা মাআনফাকূ ওয়াত্তাকুল্লা-হাল্লাযী আনতুম বিহী মু’মিনূন।",
    "bn_haque": "আর তোমাদের স্ত্রীদের মধ্যে থেকে যদি কিছু অবিশ্বাসীদের কাছে তোমাদের হাতছাড়া হয়ে যায়, তারপর যদি তোমাদেরও সুযোগ আসে তাহলে যাদের স্ত্রীরা চলে গেছে তাদের প্রদান করো তারা যা খরচ করেছিল তার সমতুল্য। আর আল্লাহ্‌কে ভয়ভক্তি করো যাঁর প্রতি তোমরা বিশ্বাসী হয়েছ।",
    "bn_muhi": "তোমাদের স্ত্রীদের মধ্যে যদি কেউ হাতছাড়া হয়ে কাফেরদের কাছে থেকে যায়, অতঃপর তোমরা সুযোগ পাও, তখন যাদের স্ত্রী হাতছাড়া হয়ে গেছে, তাদেরকে তাদের ব্যয়কৃত অর্থের সমপরিমাণ অর্থ প্রদান কর এবং আল্লাহকে ভয় কর, যার প্রতি তোমরা বিশ্বাস রাখ।",
    "en": "And if you have lost any of your wives to the disbelievers and you subsequently obtain [something], then give those whose wives have gone the equivalent of what they had spent. And fear Allah, in whom you are believers."
  },
  {
    "id": 12,
    "ar": "يَٰٓأَيُّهَا ٱلنَّبِىُّ إِذَا جَآءَكَ ٱلْمُؤْمِنَٰتُ يُبَايِعْنَكَ عَلَىٰٓ أَن لَّا يُشْرِكْنَ بِٱللَّهِ شَيْـًٔا وَلَا يَسْرِقْنَ وَلَا يَزْنِينَ وَلَا يَقْتُلْنَ أَوْلَٰدَهُنَّ وَلَا يَأْتِينَ بِبُهْتَٰنٍ يَفْتَرِينَهُۥ بَيْنَ أَيْدِيهِنَّ وَأَرْجُلِهِنَّ وَلَا يَعْصِينَكَ فِى مَعْرُوفٍ فَبَايِعْهُنَّ وَٱسْتَغْفِرْ لَهُنَّ ٱللَّهَ إِنَّ ٱللَّهَ غَفُورٌ رَّحِيمٌ",
    "tr": "ইয়াআইয়ুহান্নাবিয়ুইযা-জাআকাল মু’মিনা-তুইউবা-ই‘নাকা ‘আলাআল্লা-ইউশরিকনা বিল্লা-হি শাইআওঁ ওয়ালা-ইয়াছরিকনা ওয়ালা-ইয়াঝনীনা ওয়ালা-ইয়াকতুলনা আওলা-দাহুন্না ওয়ালা-ইয়া’তীনা ব্বিুহতা-নিইঁ ইয়াফতারীনাহূবাইনা আইদীহিন্না ওয়া আরজুলিহিন্না ওয়ালা-ইয়া‘সীনাকা ফী মা‘রূফিন ফাবা-ই‘হুন্না ওয়াছতাগফির লাহুন্নাল্লা-হা ইন্নাল্লা-হা গাফুরুর রাহীম।",
    "bn_haque": "হে প্রিয় নবী! যখন বিশ্বাসিনী নারীরা তোমার কাছে আসে তোমার নিকট আনুগত্যের শপথ ক’রে যে তারা আল্লাহ্‌র সঙ্গে কোনো কিছু শরিক করবে না, আর চুরি করবে না, আর ব্যভিচার করবে না, আর তাদের সন্তানদের তারা হত্যা করবে না, আর তারা এমন কোনো মিথ্যা কলঙ্ক রটনা করবে না যা তাদের হাতের ও তাদের পায়ের মধ্যে তারা উদ্ভাবন করে, আর সৎকাজে তারা তোমার অবাধ্যতা করবে না, -- তেমন ক্ষেত্রে তাদের আনুগত্য গ্রহণ করো এবং আল্লাহ্‌র কাছে তাদের জন্য পরিত্রাণ খুঁজো। নিঃসন্দেহ আল্লাহ্ পরিত্রাণকারী, অফুরন্ত ফলদাতা।",
    "bn_muhi": "হে নবী, ঈমানদার নারীরা যখন আপনার কাছে এসে আনুগত্যের শপথ করে যে, তারা আল্লাহর সাথে কাউকে শরীক করবে না, চুরি করবে না, ব্যভিচার করবে না, তাদের সন্তানদেরকে হত্যা করবে না, জারজ সন্তানকে স্বামীর ঔরস থেকে আপন গর্ভজাত সন্তান বলে মিথ্যা দাবী করবে না এবং ভাল কাজে আপনার অবাধ্যতা করবে না, তখন তাদের আনুগত্য গ্রহণ করুন এবং তাদের জন্যে আল্লাহর কাছে ক্ষমা প্রার্থনা করুন। নিশ্চয় আল্লাহ ক্ষমাশীল অত্যন্ত দয়ালু।",
    "en": "O Prophet, when the believing women come to you pledging to you that they will not associate anything with Allah, nor will they steal, nor will they commit unlawful sexual intercourse, nor will they kill their children, nor will they bring forth a slander they have invented between their arms and legs, nor will they disobey you in what is right - then accept their pledge and ask forgiveness for them of Allah . Indeed, Allah is Forgiving and Merciful."
  },
  {
    "id": 13,
    "ar": "يَٰٓأَيُّهَا ٱلَّذِينَ ءَامَنُوا۟ لَا تَتَوَلَّوْا۟ قَوْمًا غَضِبَ ٱللَّهُ عَلَيْهِمْ قَدْ يَئِسُوا۟ مِنَ ٱلْءَاخِرَةِ كَمَا يَئِسَ ٱلْكُفَّارُ مِنْ أَصْحَٰبِ ٱلْقُبُورِ",
    "tr": "ইয়াআইয়ুহাল্লাযীনা আ-মানূলা-তাতওয়াল্লাও কাওমান গাদিবাল্লা-হু‘আলাইহিমকাদ ইয়াইছূমিনাল আ-খিরাতি কামা-ইয়াইছাল কুফফা-রু মিন আসহা-বিল কুবূর।",
    "bn_haque": "ওহে যারা ঈমান এনেছ! সেই লোকদলের সঙ্গে বন্ধুত্ব করো না যাদের প্রতি আল্লাহ্ ত্রুদ্ধ হয়েছেন, -- যারা পরকাল সম্পর্কে হতাশ হয়ে পড়েছে, যেমন অবিশ্বাসীরা কবরের বাসিন্দাদের সন্বন্ধে হতাশ রয়েছে।",
    "bn_muhi": "মুমিনগণ, আল্লাহ যে জাতির প্রতি রুষ্ট, তোমরা তাদের সাথে বন্ধুত্ব করো না। তারা পরকাল সম্পর্কে নিরাশ হয়ে গেছে যেমন কবরস্থ কাফেররা নিরাশ হয়ে গেছে।",
    "en": "O you who have believed, do not make allies of a people with whom Allah has become angry. They have despaired of [reward in] the Hereafter just as the disbelievers have despaired of [meeting] the inhabitants of the graves."
  }
]