[
  {
    "id": 1,
    "ar": "إِذَا زُلْزِلَتِ ٱلْأَرْضُ زِلْزَالَهَا",
    "tr": "ইযা-ঝুলঝিলাতিল আরদুঝিলঝা-লাহা-।",
    "bn_haque": "পৃথিবী যখন কম্পিত হবে আপন কম্পনে,",
    "bn_muhi": "যখন পৃথিবী তার কম্পনে প্রকম্পিত হবে,",
    "en": "When the earth is shaken with its [final] earthquake"
  },
  {
    "id": 2,
    "ar": "وَأَخْرَجَتِ ٱلْأَرْضُ أَثْقَالَهَا",
    "tr": "ওয়া আখরাজাতিল আরদুআছকা-লাহা-।",
    "bn_haque": "আর পৃথিবী বের করে দেবে তার বোঝাগুলা,",
    "bn_muhi": "যখন সে তার বোঝা বের করে দেবে।",
    "en": "And the earth discharges its burdens"
  },
  {
    "id": 3,
    "ar": "وَقَالَ ٱلْإِنسَٰنُ مَا لَهَا",
    "tr": "ওয়া কা-লাল ইনছা-নুমা-লাহা-।",
    "bn_haque": "আর মানুষ বলবে -- \"এর কী হল?\"",
    "bn_muhi": "এবং মানুষ বলবে, এর কি হল ?",
    "en": "And man says, \"What is [wrong] with it?\" -"
  },
  {
    "id": 4,
    "ar": "يَوْمَئِذٍ تُحَدِّثُ أَخْبَارَهَا",
    "tr": "ইয়াওমাইযিন তুহাদ্দিছু আখবা-রাহা-।",
    "bn_haque": "সেইদিন সে বর্ণনা করবে তার কাহিনীগুলো,",
    "bn_muhi": "সেদিন সে তার বৃত্তান্ত বর্ণনা করবে,",
    "en": "That Day, it will report its news"
  },
  {
    "id": 5,
    "ar": "بِأَنَّ رَبَّكَ أَوْحَىٰ لَهَا",
    "tr": "বিআন্না রাব্বাকা আওহা-লাহা-।",
    "bn_haque": "যেন তোমার প্রভু তাকে প্রেরণা দিয়েছেন।",
    "bn_muhi": "কারণ, আপনার পালনকর্তা তাকে আদেশ করবেন।",
    "en": "Because your Lord has commanded it."
  },
  {
    "id": 6,
    "ar": "يَوْمَئِذٍ يَصْدُرُ ٱلنَّاسُ أَشْتَاتًا لِّيُرَوْا۟ أَعْمَٰلَهُمْ",
    "tr": "ইয়াওমাইযিইঁ ইয়াসদুরুন্না-ছুআশতা-তাল লিউউরাও আ‘মা-লাহুম।",
    "bn_haque": "সেইদিন মানুষেরা দলে-দলে বেরিয়ে পড়বে যেন তাদের দেখানো যেতে পারে তাদের ক্রিয়াকলাপ।",
    "bn_muhi": "সেদিন মানুষ বিভিন্ন দলে প্রকাশ পাবে, যাতে তাদেরকে তাদের কৃতকর্ম দেখানো হয়।",
    "en": "That Day, the people will depart separated [into categories] to be shown [the result of] their deeds."
  },
  {
    "id": 7,
    "ar": "فَمَن يَعْمَلْ مِثْقَالَ ذَرَّةٍ خَيْرًا يَرَهُۥ",
    "tr": "ফামাইঁ ইয়া‘মাল মিছকা-লা যাররাতিন খাইরাইঁ ইয়ারাহ।",
    "bn_haque": "তখন যে কেউ এক অণু-পরিমাণ সৎকাজ করেছে সে তা দেখতে পাবে;",
    "bn_muhi": "অতঃপর কেউ অণু পরিমাণ সৎকর্ম করলে তা দেখতে পাবে",
    "en": "So whoever does an atom's weight of good will see it,"
  },
  {
    "id": 8,
    "ar": "وَمَن يَعْمَلْ مِثْقَالَ ذَرَّةٍ شَرًّا يَرَهُۥ",
    "tr": "ওয়া মাইঁ ইয়া‘মাল মিছকা-লা যাররাতিন শাররাইঁ ইয়ারাহ।",
    "bn_haque": "আর যে কেউ এক অণু-পরিমাণ মন্দকাজ করেছে সেও তা দেখতে পাবে।",
    "bn_muhi": "এবং কেউ অণু পরিমাণ অসৎকর্ম করলে তাও দেখতে পাবে।",
    "en": "And whoever does an atom's weight of evil will see it."
  }
]