[
  {
    "id": 1,
    "ar": "حمٓ",
    "tr": "হা-মীম।",
    "bn_haque": "হা মীম!",
    "bn_muhi": "হা-মীম।",
    "en": "Ha, Meem."
  },
  {
    "id": 2,
    "ar": "تَنزِيلُ ٱلْكِتَٰبِ مِنَ ٱللَّهِ ٱلْعَزِيزِ ٱلْحَكِيمِ",
    "tr": "তানঝীলুল কিতা-বি মিনাল্লা-হিল ‘আঝীঝিল হাকীম।",
    "bn_haque": "এ গ্রন্থের অবতারণ আল্লাহ্‌র কাছ থেকে, যিনি মহাশক্তিশালী, পরমজ্ঞানী।",
    "bn_muhi": "পরাক্রান্ত, প্রজ্ঞাময় আল্লাহর পক্ষ থেকে অবতীর্ণ এ কিতাব।",
    "en": "The revelation of the Book is from Allah, the Exalted in Might, the Wise."
  },
  {
    "id": 3,
    "ar": "إِنَّ فِى ٱلسَّمَٰوَٰتِ وَٱلْأَرْضِ لَءَايَٰتٍ لِّلْمُؤْمِنِينَ",
    "tr": "ইন্না ফিছছামা-ওয়া-তি ওয়াল আরদিলাআ-য়া-তিল লিলমু’মিনীন।",
    "bn_haque": "নিঃসন্দেহ মহাকাশমন্ডলীতে ও পৃথিবীতে তো নিদর্শনাবলী রয়েছে মুমিনদের জন্য।",
    "bn_muhi": "নিশ্চয় নভোমন্ডল ও ভূ-মন্ডলে মুমিনদের জন্যে নিদর্শনাবলী রয়েছে।",
    "en": "Indeed, within the heavens and earth are signs for the believers."
  },
  {
    "id": 4,
    "ar": "وَفِى خَلْقِكُمْ وَمَا يَبُثُّ مِن دَآبَّةٍ ءَايَٰتٌ لِّقَوْمٍ يُوقِنُونَ",
    "tr": "ওয়াফী খালকিকুম ওয়ামা-ইয়াবুছছু মিন দাব্বাতিন আ-য়া-তুল লিকাওমিইঁ ইউকিনূন।",
    "bn_haque": "আর তোমাদের সৃষ্টির মধ্যে এবং জীবজন্তুর মধ্যে যা তিনি ছড়িয়ে দিয়েছেন তাতে নিদর্শনাবলী রয়েছে সুনিশ্চিত লোকেদের জন্য,",
    "bn_muhi": "আর তোমাদের সৃষ্টিতে এবং চারদিকে ছড়িয়ে রাখা জীব জন্তুর সৃজনের মধ্যেও নিদর্শনাবলী রয়েছে বিশ্বাসীদের জন্য।",
    "en": "And in the creation of yourselves and what He disperses of moving creatures are signs for people who are certain [in faith]."
  },
  {
    "id": 5,
    "ar": "وَٱخْتِلَٰفِ ٱلَّيْلِ وَٱلنَّهَارِ وَمَآ أَنزَلَ ٱللَّهُ مِنَ ٱلسَّمَآءِ مِن رِّزْقٍ فَأَحْيَا بِهِ ٱلْأَرْضَ بَعْدَ مَوْتِهَا وَتَصْرِيفِ ٱلرِّيَٰحِ ءَايَٰتٌ لِّقَوْمٍ يَعْقِلُونَ",
    "tr": "ওয়াখতিলা-ফিল্লাইলি ওয়া ন্নাহা-রি ওয়ামাআনঝালাল্লা-হু মিনাছ ছামাই মির রিঝকিন ফাআহইয়া- বিহিল আরদা বা‘দা মাওতিহা- ওয়া তাসরীফির রিয়া-হি আ-য়া-তুল লিকাওমিইঁ ইয়া‘কিলূন।",
    "bn_haque": "আর রাত ও দিনের বিবর্তনে, আর আল্লাহ্ আকাশ থেকে জীবনোপকরণের মধ্যের যা-কিছু পাঠান ও যার দ্বারা পৃথিবীকে সঞ্জীবিত করেন তার মৃত্যুর পরে, আর বায়ু প্রবাহের পরিবর্তনে নিদর্শনাবলী রয়েছে সেই লোকদের জন্য যারা জ্ঞান-বুদ্ধি রাখে।",
    "bn_muhi": "দিবারাত্রির পরিবর্তনে, আল্লাহ আকাশ থেকে যে রিযিক (বৃষ্টি) বর্ষণ করেন অতঃপর পৃথিবীকে তার মৃত্যুর পর পুনরুজ্জীবিত করেন, তাতে এবং বায়ুর পরিবর্তনে বুদ্ধিমানদের জন্যে নিদর্শনাবলী রয়েছে।",
    "en": "And [in] the alternation of night and day and [in] what Allah sends down from the sky of provision and gives life thereby to the earth after its lifelessness and [in His] directing of the winds are signs for a people who reason."
  },
  {
    "id": 6,
    "ar": "تِلْكَ ءَايَٰتُ ٱللَّهِ نَتْلُوهَا عَلَيْكَ بِٱلْحَقِّ فَبِأَىِّ حَدِيثٍۭ بَعْدَ ٱللَّهِ وَءَايَٰتِهِۦ يُؤْمِنُونَ",
    "tr": "তিলকা আ-য়া-তুল্লা-হি নাতলূহা-‘আলাইকা বিলহাক্কিফাবিআইয়ি হাদীছিম বা‘দাল্লা-হি ওয়া আ-য়া-তিহী ইউ’মিনূন।",
    "bn_haque": "এইসব হচ্ছে আল্লাহ্‌র নির্দেশাবলী যা আমরা তোমার কাছে আবৃত্তি করছি যথাযথভাবে, সুতরাং আল্লাহ্ ও তাঁর নির্দেশাবলীর পরে কোন ধর্মোপদেশে তারা বিশ্বাস করবে?",
    "bn_muhi": "এগুলো আল্লাহর আয়াত, যা আমি আপনার কাছে আবৃত্তি করি যথাযথরূপে। অতএব, আল্লাহ ও তাঁর আয়াতের পর তারা কোন কথায় বিশ্বাস স্থাপন করবে।",
    "en": "These are the verses of Allah which We recite to you in truth. Then in what statement after Allah and His verses will they believe?"
  },
  {
    "id": 7,
    "ar": "وَيْلٌ لِّكُلِّ أَفَّاكٍ أَثِيمٍ",
    "tr": "ওয়াইলুলিল কুল্লি আফফা-কিন আছীম।",
    "bn_haque": "ধিক্ প্রত্যেক মিথ্যাবাদী পাপিষ্ঠের প্রতি।",
    "bn_muhi": "প্রত্যেক মিথ্যাবাদী পাপাচারীর দুর্ভোগ।",
    "en": "Woe to every sinful liar"
  },
  {
    "id": 8,
    "ar": "يَسْمَعُ ءَايَٰتِ ٱللَّهِ تُتْلَىٰ عَلَيْهِ ثُمَّ يُصِرُّ مُسْتَكْبِرًا كَأَن لَّمْ يَسْمَعْهَا فَبَشِّرْهُ بِعَذَابٍ أَلِيمٍ",
    "tr": "ইয়াছমা‘উ আ-য়া-তিল্লা-হি তুতলা-‘আলাইহি ছুম্মা ইউসিররু মুছতাকবিরান কাআল্লাম ইয়াছমা‘হা- ফাবাশশিরহু বি‘আযা-বিন আলীম।",
    "bn_haque": "যে আল্লাহ্‌র বাণীসমূহ তার কাছে পঠিত হতে শোনে, তারপর সে অহংকারের মধ্যে অটল থাকে যেন সে সে-সব শোনেই নি। সেজন্য তাকে সুসংবাদ দাও মর্মন্তুদ শাস্তির।",
    "bn_muhi": "সে আল্লাহর আয়াতসমূহ শুনে, অতঃপর অহংকারী হয়ে জেদ ধরে, যেন সে আয়াত শুনেনি। অতএব, তাকে যন্ত্রণাদায়ক শাস্তির সুসংবাদ দিন।",
    "en": "Who hears the verses of Allah recited to him, then persists arrogantly as if he had not heard them. So give him tidings of a painful punishment."
  },
  {
    "id": 9,
    "ar": "وَإِذَا عَلِمَ مِنْ ءَايَٰتِنَا شَيْـًٔا ٱتَّخَذَهَا هُزُوًا أُو۟لَٰٓئِكَ لَهُمْ عَذَابٌ مُّهِينٌ",
    "tr": "ওয়া ইযা-‘আলিমা মিন আ-য়া-তিনা-শাইআনিত্তাখাযাহা-হুঝুওয়া- উলাইকা লাহুম ‘আযা-বুম মুহীন।",
    "bn_haque": "আর যখন সে আমাদের বাণীগুলো থেকে কোনো কিছু জানতে পারে সে সে-সবকে তামাশা ব’লে গ্রহণ করে। এরাই -- এদেরই জন্য রয়েছে লাঞ্ছনাদায়ক শাস্তি।",
    "bn_muhi": "যখন সে আমার কোন আয়াত অবগত হয়, তখন তাকে ঠাট্টারূপে গ্রহণ করে। এদের জন্যই রয়েছে লাঞ্ছনাদায়ক শাস্তি।",
    "en": "And when he knows anything of Our verses, he takes them in ridicule. Those will have a humiliating punishment."
  },
  {
    "id": 10,
    "ar": "مِّن وَرَآئِهِمْ جَهَنَّمُ وَلَا يُغْنِى عَنْهُم مَّا كَسَبُوا۟ شَيْـًٔا وَلَا مَا ٱتَّخَذُوا۟ مِن دُونِ ٱللَّهِ أَوْلِيَآءَ وَلَهُمْ عَذَابٌ عَظِيمٌ",
    "tr": "মিওঁ ওয়ারাইহিম জাহান্নামু ওয়ালা-ইউগনী ‘আনহুম মা-কাছাবূশাইআওঁ ওয়ালামাত্তাখাযূমিন দূ নিল্লা-হি আওলিয়াআ ওয়া লাহুম ‘আযা-বুন ‘আজীম।",
    "bn_haque": "তাদের সামনের দিকে রয়েছে জাহান্নাম, আর তারা যা অর্জন করেছে তা তাদেরকে কোনোভাবেই লাভবান করবে না, আল্লাহ্‌কে বাদ দিয়ে যাদের তারা অভিভাবকরূপে গ্রহণ করেছিল তারাও না, আর তাদের জন্য রয়েছে কঠোর শাস্তি।",
    "bn_muhi": "তাদের সামনে রয়েছে জাহান্নাম। তারা যা উপার্জন করেছে, তা তাদের কোন কাজে আসবে না, তারা আল্লাহর পরিবর্তে যাদেরকে বন্ধুরূপে গ্রহণ করেছে তারাও নয়। তাদের জন্যে রয়েছে মহাশাস্তি।",
    "en": "Before them is Hell, and what they had earned will not avail them at all nor what they had taken besides Allah as allies. And they will have a great punishment."
  },
  {
    "id": 11,
    "ar": "هَٰذَا هُدًى وَٱلَّذِينَ كَفَرُوا۟ بِـَٔايَٰتِ رَبِّهِمْ لَهُمْ عَذَابٌ مِّن رِّجْزٍ أَلِيمٌ",
    "tr": "হা-যা-হুদাওঁ ওয়াল্লাযীনা কাফারূবিআ-য়া-তি রাব্বিহিম লাহুম ‘আযা-বুম মির রিজঝিন আলীম।",
    "bn_haque": "এই হচ্ছে পথনির্দেশ, আর যারা তাদের প্রভুর বাণীসমূহ প্রত্যাখ্যান করে তাদের জন্য রয়েছে কলুষতার দরুন মর্মন্তুদ শাস্তি।",
    "bn_muhi": "এটা সৎপথ প্রদর্শন, আর যারা তাদের পালনকর্তার আয়াতসমূহ অস্বীকার করে, তাদের জন্যে রয়েছে কঠোর যন্ত্রণাদায়ক শাস্তি।",
    "en": "This [Qur'an] is guidance. And those who have disbelieved in the verses of their Lord will have a painful punishment of foul nature."
  },
  {
    "id": 12,
    "ar": "ٱللَّهُ ٱلَّذِى سَخَّرَ لَكُمُ ٱلْبَحْرَ لِتَجْرِىَ ٱلْفُلْكُ فِيهِ بِأَمْرِهِۦ وَلِتَبْتَغُوا۟ مِن فَضْلِهِۦ وَلَعَلَّكُمْ تَشْكُرُونَ",
    "tr": "আল্লা-হুল্লাযী ছাখখারা লাকুমুল বাহরা লিতাজরিয়াল ফুলকুফীহি বিআমরিহী ওয়ালিতাবতাগূ মিন ফাদলিহী ওয়া লা‘আল্লাকুম তাশকুরূন।",
    "bn_haque": "আল্লাহ্‌ই তিনি যিনি সমুদ্রকে তোমাদের অধীন করে দিয়েছেন যাতে তাঁর বিধান অনুযায়ী জাহাজগুলো তাতে চলতে পারে, আর যেন তোমরা তাঁর করুণাভান্ডার থেকে অনুসন্ধান করতে পার, আর তোমরা যেন কৃতজ্ঞতা প্রকাশ করতে পার।",
    "bn_muhi": "তিনি আল্লাহ যিনি সমুদ্রকে তোমাদের উপকারার্থে আয়ত্বাধীন করে দিয়েছেন, যাতে তাঁর আদেশক্রমে তাতে জাহাজ চলাচল করে এবং যাতে তোমরা তাঁর অনুগ্রহ তালাশ কর ও তাঁর প্রতি কৃতজ্ঞ হও।",
    "en": "It is Allah who subjected to you the sea so that ships may sail upon it by His command and that you may seek of His bounty; and perhaps you will be grateful."
  },
  {
    "id": 13,
    "ar": "وَسَخَّرَ لَكُم مَّا فِى ٱلسَّمَٰوَٰتِ وَمَا فِى ٱلْأَرْضِ جَمِيعًا مِّنْهُ إِنَّ فِى ذَٰلِكَ لَءَايَٰتٍ لِّقَوْمٍ يَتَفَكَّرُونَ",
    "tr": "ওয়া ছাখখারা লাকুম মা-ফিছ ছামা-ওয়া-তি ওয়ামা-ফিল আরদিজামী‘আম মিনহু ইন্না ফী যা-লিকা লাআ-য়া-তিলিলকাওমিইঁ ইয়াতাফাক্কারূন।",
    "bn_haque": "আর তিনি তোমাদের অধীন করে দিয়েছেন মহাকাশমন্ডলীতে যা-কিছু আছে আর যা-কিছু রয়েছে পৃথিবীতে, -- এ সমস্ত তাঁর কাছ থেকে। নিঃসন্দেহ এতে তো নিদর্শনাবলী রয়েছে সেই লোকদের জন্য যারা চিন্তা করে।",
    "bn_muhi": "এবং আয়ত্ত্বাধীন করে দিয়েছেন তোমাদের, যা আছে নভোমন্ডলে ও যা আছে ভূমন্ডলে; তাঁর পক্ষ থেকে। নিশ্চয় এতে চিন্তাশীল সম্প্রদায়ের জন্যে নিদর্শনাবলী রয়েছে।",
    "en": "And He has subjected to you whatever is in the heavens and whatever is on the earth - all from Him. Indeed in that are signs for a people who give thought."
  },
  {
    "id": 14,
    "ar": "قُل لِّلَّذِينَ ءَامَنُوا۟ يَغْفِرُوا۟ لِلَّذِينَ لَا يَرْجُونَ أَيَّامَ ٱللَّهِ لِيَجْزِىَ قَوْمًۢا بِمَا كَانُوا۟ يَكْسِبُونَ",
    "tr": "কুল লিল্লাযীনা আ-মানূইয়াগফিরূলিল্লাযীনা লা-ইয়ারজূনা আইয়া-মাল্লা-হি লিইয়াজঝিয়া কাওমাম বিমা-কা-নূইয়াকছিবূন।",
    "bn_haque": "যারা বিশ্বাস করে তাদের তুমি বলো যে তারা ক্ষমা করুক তাদের যারা আল্লাহ্‌র দিনগুলোর প্রত্যাশা করে না, এই জন্য যে তিনি লোকদের যেন প্রতিদান দিতে পারেন যা তারা অর্জন করছিল সেজন্য।",
    "bn_muhi": "মুমিনদেরকে বলুন, তারা যেন তাদেরকে ক্ষমা করে, যারা আল্লাহর সে দিনগুলো সম্পর্কে বিশ্বাস রাখে না যাতে তিনি কোন সম্প্রদায়কে কৃতকর্মের প্রতিফল দেন।",
    "en": "Say, [O Muhammad], to those who have believed that they [should] forgive those who expect not the days of Allah so that He may recompense a people for what they used to earn."
  },
  {
    "id": 15,
    "ar": "مَنْ عَمِلَ صَٰلِحًا فَلِنَفْسِهِۦ وَمَنْ أَسَآءَ فَعَلَيْهَا ثُمَّ إِلَىٰ رَبِّكُمْ تُرْجَعُونَ",
    "tr": "মান ‘আমিলা সা-লিহান ফালিনাফছিহী ওয়ামান আছাআ ফা‘আলাইহা- ছু ম্মা ইলা-রাব্বিকুম তুর জা‘ঊন।",
    "bn_haque": "যে কেউ সৎকর্ম করে তা তবে তার নিজের জন্যে, আর যে মন্দ করে তা তবে তারই বিরুদ্ধে, তারপর তোমাদের প্রভুর তরফেই তোমাদের ফিরিয়ে আনা হবে।",
    "bn_muhi": "যে সৎকাজ করছে, সে নিজের কল্যাণার্থেই তা করছে, আর যে অসৎকাজ করছে, তা তার উপরই বর্তাবে। অতঃপর তোমরা তোমাদের পালনকর্তার দিকে প্রত্যাবর্তিত হবে।",
    "en": "Whoever does a good deed - it is for himself; and whoever does evil - it is against the self. Then to your Lord you will be returned."
  },
  {
    "id": 16,
    "ar": "وَلَقَدْ ءَاتَيْنَا بَنِىٓ إِسْرَٰٓءِيلَ ٱلْكِتَٰبَ وَٱلْحُكْمَ وَٱلنُّبُوَّةَ وَرَزَقْنَٰهُم مِّنَ ٱلطَّيِّبَٰتِ وَفَضَّلْنَٰهُمْ عَلَى ٱلْعَٰلَمِينَ",
    "tr": "ওয়া লাকাদ আ-তাইনা-বানীইছরাঈলাল কিতা-বা ওয়াল হুকমা ওয়ান নুবুওওয়াতা ওয়া রাঝাকনা-হুম মিনাত্তাইয়িবা-তি ওয়া ফাদ্দালনা-হুম ‘আলাল ‘আ-লামীন।",
    "bn_haque": "আর আমরা অবশ্য ইসরাইলের বংশধরদের দিয়েইছিলাম গ্রন্থ ও জ্ঞান-বিজ্ঞান ও পয়গন্বরত্ব, আর আমরা তাদের জীবিকা দিয়েছিলাম উত্তম জিনিস থেকে, আর তাদের শ্রেষ্ঠত্ব দিয়েছিলাম জনগণের উপরে।",
    "bn_muhi": "আমি বনী ইসরাঈলকে কিতাব, রাজত্ব ও নবুওয়ত দান করেছিলাম এবং তাদেরকে পরিচ্ছন্ন রিযিক দিয়েছিলাম এবং বিশ্ববাসীর উপর শ্রেষ্ঠত্ব দিয়েছিলাম।",
    "en": "And We did certainly give the Children of Israel the Scripture and judgement and prophethood, and We provided them with good things and preferred them over the worlds."
  },
  {
    "id": 17,
    "ar": "وَءَاتَيْنَٰهُم بَيِّنَٰتٍ مِّنَ ٱلْأَمْرِ فَمَا ٱخْتَلَفُوٓا۟ إِلَّا مِنۢ بَعْدِ مَا جَآءَهُمُ ٱلْعِلْمُ بَغْيًۢا بَيْنَهُمْ إِنَّ رَبَّكَ يَقْضِى بَيْنَهُمْ يَوْمَ ٱلْقِيَٰمَةِ فِيمَا كَانُوا۟ فِيهِ يَخْتَلِفُونَ",
    "tr": "ওয়া আ-তাইনা-হুম বাইয়িনা-তিম মিনাল আমরি ফামাখ তালাফূইল্লা-মিম বা‘দি মাজাআহুমুল ‘ইলমু বাগইয়াম বাইনাহুম ইন্না রাব্বাকা ইয়াকদী বাইনাহুম ইয়াওমাল কিয়া-মাতি ফীমা-কা-নূফীহি ইয়াখতালিফূন।",
    "bn_haque": "আর আমরা তাদের দিয়েছিলাম বিষয়টি সন্বন্ধে সুস্পষ্ট প্রমাণাবলী, কিন্ত তাদের কাছে জ্ঞান আসার পরেও তারা মতভেদ করে নি নিজেদের মধ্যে ঈর্ষা বিদ্বেষ ব্যতীত। নিঃসন্দেহ তোমার প্রভু তাদের মধ্যে কিয়ামতের দিনে বিচার-মীমাংসা করে দেবেন যে বিষয়ে তারা মতভেদ করত সে-সন্বন্ধে।",
    "bn_muhi": "আরও দিয়েছিলাম তাদেরকে ধর্মের সুস্পষ্ট প্রমাণাদি। অতঃপর তারা জ্ঞান লাভ করার পর শুধু পারস্পরিক জেদের বশবর্তী হয়ে মতভেদ সৃষ্টি করেছে। তারা যে বিষয়ে মতভেদ করত, আপনার পালনকর্তা কেয়ামতের দিন তার ফয়সালা করে দেবেন।",
    "en": "And We gave them clear proofs of the matter [of religion]. And they did not differ except after knowledge had come to them - out of jealous animosity between themselves. Indeed, your Lord will judge between them on the Day of Resurrection concerning that over which they used to differ."
  },
  {
    "id": 18,
    "ar": "ثُمَّ جَعَلْنَٰكَ عَلَىٰ شَرِيعَةٍ مِّنَ ٱلْأَمْرِ فَٱتَّبِعْهَا وَلَا تَتَّبِعْ أَهْوَآءَ ٱلَّذِينَ لَا يَعْلَمُونَ",
    "tr": "ছু ম্মা জা‘আল না-কা ‘আলা- শারী‘আতিম মিনাল আমরি ফাত্তাবি‘হা- ওয়ালা-তাত্তাবি‘ আহওয়াআল্লাযীনা লা-ইয়া‘লামূন।",
    "bn_haque": "এরপর আমরা তোমাকে ব্যাপারটিতে এক সংবিধানের উপরে প্রতিষ্ঠিত করেছি, কাজেই তুমি তা অনুসরণ করো, আর তুমি তাদের খেয়াল-খুশির অনুসরণ কর না যারা জানে না।",
    "bn_muhi": "এরপর আমি আপনাকে রেখেছি ধর্মের এক বিশেষ শরীয়তের উপর। অতএব, আপনি এর অনুসরণ করুন এবং অজ্ঞানদের খেয়াল-খুশীর অনুসরণ করবেন না।",
    "en": "Then We put you, [O Muhammad], on an ordained way concerning the matter [of religion]; so follow it and do not follow the inclinations of those who do not know."
  },
  {
    "id": 19,
    "ar": "إِنَّهُمْ لَن يُغْنُوا۟ عَنكَ مِنَ ٱللَّهِ شَيْـًٔا وَإِنَّ ٱلظَّٰلِمِينَ بَعْضُهُمْ أَوْلِيَآءُ بَعْضٍ وَٱللَّهُ وَلِىُّ ٱلْمُتَّقِينَ",
    "tr": "ইন্নাহুম লাইঁ ইউগনূ‘আনকা মিনাল্লা-হি শাইআওঁ ওয়া ইন্নাজ্জা-লিমীনা বা‘দুহুম আওলিয়াউ বা‘দিওঁ ওয়াল্লা-হু ওয়ালিইয়ুল মুত্তাকীন।",
    "bn_haque": "নিঃসন্দেহ তারা আল্লাহ্‌র কাছ থেকে কোনো কিছুতেই তোমাকে আদৌ লাভবান করবে না। আর আলবৎ অন্যায়াচারীরা -- তাদের কেউ-কেউ অপর কারোর বন্ধু, আর আল্লাহ্ হচ্ছেন ধর্মভীরু-দের বান্ধব।",
    "bn_muhi": "আল্লাহর সামনে তারা আপনার কোন উপকারে আসবে না। যালেমরা একে অপরের বন্ধু। আর আল্লাহ পরহেযগারদের বন্ধু।",
    "en": "Indeed, they will never avail you against Allah at all. And indeed, the wrongdoers are allies of one another; but Allah is the protector of the righteous."
  },
  {
    "id": 20,
    "ar": "هَٰذَا بَصَٰٓئِرُ لِلنَّاسِ وَهُدًى وَرَحْمَةٌ لِّقَوْمٍ يُوقِنُونَ",
    "tr": "হা-যা-বাসাইরু লিন্না-ছি ওয়া হুদাওঁ ওয়া রাহমাতুল লিকাওমিইঁ ইউকিনূন।",
    "bn_haque": "এই হচ্ছে মানবজাতির জন্য দৃষ্টিদায়ক, আর পথপ্রদর্শক ও করুণা সেই লোকদের জন্য যারা সুনিশ্চিত।",
    "bn_muhi": "এটা মানুষের জন্যে জ্ঞানের কথা এবং বিশ্বাসী সম্প্রদায়ের জন্য হেদায়েত ও রহমত।",
    "en": "This [Qur'an] is enlightenment for mankind and guidance and mercy for a people who are certain [in faith]."
  },
  {
    "id": 21,
    "ar": "أَمْ حَسِبَ ٱلَّذِينَ ٱجْتَرَحُوا۟ ٱلسَّيِّـَٔاتِ أَن نَّجْعَلَهُمْ كَٱلَّذِينَ ءَامَنُوا۟ وَعَمِلُوا۟ ٱلصَّٰلِحَٰتِ سَوَآءً مَّحْيَاهُمْ وَمَمَاتُهُمْ سَآءَ مَا يَحْكُمُونَ",
    "tr": "আম হাছিবাল্লাযীনাজ তারাহুছ ছাইয়িআ-তি আন নাজ‘আলাহুম কাল্লাযীনা আ-মানূওয়া ‘আমিলুসসা-লিহা-তি ছাওয়াআম মাহইয়া-হুম ওয়া মামা-তুহুম ছাআমাইয়াহকুমূন।",
    "bn_haque": "যারা দুস্কর্ম করেছে তারা কি ভাবে যে আমরা তাদের বানিয়ে দেব তাদের মতো যারা ঈমান এনেছে ও সৎকর্ম করছে -- তাদের জীবন ও তাদের মরণ কি এক সমান? কত নিকৃষ্ট যা তারা সিদ্ধান্ত করে!",
    "bn_muhi": "যারা দুস্কর্ম উপার্জন করেছে তারা কি মনে করে যে, আমি তাদেরকে সে লোকদের মত করে দেব, যারা ঈমান আনে ও সৎকর্ম করে এবং তাদের জীবন ও মুত্যু কি সমান হবে? তাদের দাবী কত মন্দ।",
    "en": "Or do those who commit evils think We will make them like those who have believed and done righteous deeds - [make them] equal in their life and their death? Evil is that which they judge."
  },
  {
    "id": 22,
    "ar": "وَخَلَقَ ٱللَّهُ ٱلسَّمَٰوَٰتِ وَٱلْأَرْضَ بِٱلْحَقِّ وَلِتُجْزَىٰ كُلُّ نَفْسٍۭ بِمَا كَسَبَتْ وَهُمْ لَا يُظْلَمُونَ",
    "tr": "ওয়া খালাকাল্লা-হুছ ছামা-ওয়াতি ওয়াল আরদাবিলহাক্কি ওয়া লিতুজঝা-কুল্লুনাফছিম বিমা-কাছাবাত ওয়া হুম লা-ইউজলামূন।",
    "bn_haque": "আর আল্লাহ্ মহাকাশমন্ডলী ও পৃথিবী সৃষ্টি করেছেন সত্যের সাথে, আর যাতে প্রত্যেক সত্ত্বাকে প্রতিফল দেওয়া হয় সে যা অর্জন করেছে তাই দিয়ে, আর তাদের প্রতি অন্যায় করা হবে না।",
    "bn_muhi": "আল্লাহ নভোমন্ডল ও ভূ-মন্ডল যথাযথভাবে সৃষ্টি করেছেন, যাতে প্রত্যেক ব্যক্তি তার উপার্জনের ফল পায়। তাদের প্রতি যুলুম করা হবে না।",
    "en": "And Allah created the heavens and earth in truth and so that every soul may be recompensed for what it has earned, and they will not be wronged."
  },
  {
    "id": 23,
    "ar": "أَفَرَءَيْتَ مَنِ ٱتَّخَذَ إِلَٰهَهُۥ هَوَىٰهُ وَأَضَلَّهُ ٱللَّهُ عَلَىٰ عِلْمٍ وَخَتَمَ عَلَىٰ سَمْعِهِۦ وَقَلْبِهِۦ وَجَعَلَ عَلَىٰ بَصَرِهِۦ غِشَٰوَةً فَمَن يَهْدِيهِ مِنۢ بَعْدِ ٱللَّهِ أَفَلَا تَذَكَّرُونَ",
    "tr": "আফারাআইতা মানিত্তাখাযা ইলা-হাহূহাওয়া-হু ওয়া আদাল্লাহুল্লা-হু ‘আলা-‘ইলমিওঁ ওয়াখাতামা ‘আলা-ছাম‘ইহী ওয়া কালবিহী ওয়া জা‘আলা ‘আলা-বাসারিহী গিশা-ওয়াতান ফামাইঁ ইয়াহদীহি মিম বা‘দিল্লা-হি আফালা-তাযাক্কারূন।",
    "bn_haque": "তুমি কি তবে তাকে লক্ষ্য করেছ যে তার খেয়াল-খুশিকে তার উপাস্যরূপে গ্রহণ করেছে? আর আল্লাহ্ জেনে-শুনেই তাকে পথভ্রষ্ট হতে দিয়েছেন, আর তিনি মোহর মেরে দিয়েছেন তার শ্রবণেন্দ্রিয়ে ও তার হৃদয়ে, আর তার দর্শনেন্দ্রিয়ের উপরে তিনি বানিয়ে দিয়েছেন একটি পর্দা। কাজেই আল্লাহ্‌র পরে আর কে তাকে পথ দেখাবে? তবুও কি তোমরা মনোযোগ দেবে না?",
    "bn_muhi": "আপনি কি তার প্রতি লক্ষ্য করেছেন, যে তার খেয়াল-খুশীকে স্বীয় উপাস্য স্থির করেছে? আল্লাহ জেনে শুনে তাকে পথভ্রষ্ট করেছেন, তার কান ও অন্তরে মহর এঁটে দিয়েছেন এবং তার চোখের উপর রেখেছেন পর্দা। অতএব, আল্লাহর পর কে তাকে পথ প্রদর্শন করবে? তোমরা কি চিন্তাভাবনা কর না?",
    "en": "Have you seen he who has taken as his god his [own] desire, and Allah has sent him astray due to knowledge and has set a seal upon his hearing and his heart and put over his vision a veil? So who will guide him after Allah ? Then will you not be reminded?"
  },
  {
    "id": 24,
    "ar": "وَقَالُوا۟ مَا هِىَ إِلَّا حَيَاتُنَا ٱلدُّنْيَا نَمُوتُ وَنَحْيَا وَمَا يُهْلِكُنَآ إِلَّا ٱلدَّهْرُ وَمَا لَهُم بِذَٰلِكَ مِنْ عِلْمٍ إِنْ هُمْ إِلَّا يَظُنُّونَ",
    "tr": "ওয়া কা-লূমা-হিয়া ইল্লা-হায়া-তুনাদ্দুনইয়া-নামূতুওয়া নাহইয়া-ওয়ামা-ইউহলিকুনা ইল্লাদ্দাহরু ওয়ামা-লাহুম বিযা-লিকা মিন ‘ইলমিন ইনহুম ইল্লা-ইয়াজু ন্নূন।",
    "bn_haque": "আর তারা বলে -- \"আমাদের দুনিয়ার জীবন ছাড়া এইটি আর কিছুই নয়, আমরা মরি আর আমরা বেঁচে থাকি, আর কিছুই আমাদের ধ্বংস করে না সময় ব্যতীত।\" আর এ বিষয়ে তাদের কোনো জ্ঞান নেই। তারা অনুমান করছে বৈ তো নয়।",
    "bn_muhi": "তারা বলে, আমাদের পার্থিব জীবনই তো শেষ; আমরা মরি ও বাঁচি মহাকালই আমাদেরকে ধ্বংস করে। তাদের কাছে এ ব্যাপারে কোন জ্ঞান নেই। তারা কেবল অনুমান করে কথা বলে।",
    "en": "And they say, \"There is not but our worldly life; we die and live, and nothing destroys us except time.\" And they have of that no knowledge; they are only assuming."
  },
  {
    "id": 25,
    "ar": "وَإِذَا تُتْلَىٰ عَلَيْهِمْ ءَايَٰتُنَا بَيِّنَٰتٍ مَّا كَانَ حُجَّتَهُمْ إِلَّآ أَن قَالُوا۟ ٱئْتُوا۟ بِـَٔابَآئِنَآ إِن كُنتُمْ صَٰدِقِينَ",
    "tr": "ওয়া ইযা-তুতলা ‘আলাইহিম আ-য়া-তুনা-বাইয়িনা-তিম মা-কা-না হুজ্জাতাহুম ইল্লা আন কা-লু’তূবিআ-বাইনাইন কুনতুম সা-দিকীন।",
    "bn_haque": "আর যখন তাদের কাছে আমাদের সুস্পষ্ট বাণীসমূহ পাঠ করা হয় তখন তাদের বিতর্ক আর কিছু নয় এ ভিন্ন যে তারা বলে, \"আমাদের পূর্বপুরুষদের নিয়ে এস যদি তোমরা সত্যবাদী হও।\"",
    "bn_muhi": "তাদের কাছে যখন আমার সুস্পষ্ট আয়াতসমূহ পাঠ করা হয়, তখন একথা বলা ছাড়া তাদের কোন মুক্তিই থাকে না যে, তোমরা সত্যবাদী হলে আমাদের পূর্বপুরুষদেরকে নিয়ে আস।",
    "en": "And when Our verses are recited to them as clear evidences, their argument is only that they say, \"Bring [back] our forefathers, if you should be truthful.\""
  },
  {
    "id": 26,
    "ar": "قُلِ ٱللَّهُ يُحْيِيكُمْ ثُمَّ يُمِيتُكُمْ ثُمَّ يَجْمَعُكُمْ إِلَىٰ يَوْمِ ٱلْقِيَٰمَةِ لَا رَيْبَ فِيهِ وَلَٰكِنَّ أَكْثَرَ ٱلنَّاسِ لَا يَعْلَمُونَ",
    "tr": "কুল্লিলা-হু ইউহঈকুম ছু ম্মা ইয়াজমা‘উকুম ইলা-ইয়াওমিল কিয়া-মাতি লা-রাইবা ফীহি ওয়ালা-কিন্না আকছারান্না-ছি লা-ইয়া‘লামূন।",
    "bn_haque": "তুমি বলো -- \"আল্লাহ্‌ই তোমাদের জীবন দান করেন, তারপর তোমাদের মৃত্যু ঘটান, তারপর তিনি তোমাদের একত্রিত করবেন কিয়ামতের দিনে -- তাতে কোনো সন্দেহ নেই, কিন্ত অধিকাংশ লোকেই জানে না।\"",
    "bn_muhi": "আপনি বলুন, আল্লাহই তোমাদেরকে জীবন দান করেন, অতঃপর মৃত্যু দেন, অতঃপর তোমাদেরকে কেয়ামতের দিন একত্রিত করবেন, যাতে কোন সন্দেহ নেই। কিন্তু অধিকাংশ মানুষ বোঝে না।",
    "en": "Say, \" Allah causes you to live, then causes you to die; then He will assemble you for the Day of Resurrection, about which there is no doubt, but most of the people do not know.\""
  },
  {
    "id": 27,
    "ar": "وَلِلَّهِ مُلْكُ ٱلسَّمَٰوَٰتِ وَٱلْأَرْضِ وَيَوْمَ تَقُومُ ٱلسَّاعَةُ يَوْمَئِذٍ يَخْسَرُ ٱلْمُبْطِلُونَ",
    "tr": "ওয়া লিল্লা-হি মুলকুছ ছামা-ওয়া-তি ওয়াল আরদি ওয়া ইয়াওমা তাকূমুছছা-‘আতু ইয়াওমাইযিইঁ ইয়াখছারুল মুবতিলূন।",
    "bn_haque": "আর আল্লাহ্‌রই হচ্ছে মহাকাশমন্ডলী ও পৃথিবীর সার্বভৌমত্ব। আর যেদিন ঘড়িঘন্টা দাঁড়িয়ে যাবে, সেইদিন বাতিল- আখ্যাদানকারীরা ক্ষতিগ্রস্ত হবে।",
    "bn_muhi": "নভোমন্ডল ও ভূ-মন্ডলের রাজত্ব আল্লাহরই। যেদিন কেয়ামত সংঘটিত হবে, সেদিন মিথ্যাপন্থীরা ক্ষতিগ্রস্ত হবে।",
    "en": "And to Allah belongs the dominion of the heavens and the earth. And the Day the Hour appears - that Day the falsifiers will lose."
  },
  {
    "id": 28,
    "ar": "وَتَرَىٰ كُلَّ أُمَّةٍ جَاثِيَةً كُلُّ أُمَّةٍ تُدْعَىٰٓ إِلَىٰ كِتَٰبِهَا ٱلْيَوْمَ تُجْزَوْنَ مَا كُنتُمْ تَعْمَلُونَ",
    "tr": "ওয়া তারা-কুল্লা উম্মাতিন জা-ছিয়াতান কুল্লুউম্মাতিন তুদ ‘আইলা-কিতা-বিহা- আলইয়াওমা তুজঝাওনা মা-কুন তুম তা‘লামূন।",
    "bn_haque": "আর তুমি দেখতে পাবে প্রত্যেক সম্প্রদায় নতজানু হতে, প্রত্যেক সম্প্রদায়কে ডাকা হবে তার কিতাবের প্রতি। \"আজকের দিনে তোমাদের প্রতিদান দেওয়া হচ্ছে তোমরা যা করতে তাই দিয়ে।",
    "bn_muhi": "আপনি প্রত্যেক উম্মতকে দেখবেন নতজানু অবস্থায়। প্রত্যেক উম্মতকে তাদের আমলনামা দেখতে বলা হবে। তোমরা যা করতে, অদ্য তোমারদেরকে তার প্রতিফল দেয়া হবে।",
    "en": "And you will see every nation kneeling [from fear]. Every nation will be called to its record [and told], \"Today you will be recompensed for what you used to do."
  },
  {
    "id": 29,
    "ar": "هَٰذَا كِتَٰبُنَا يَنطِقُ عَلَيْكُم بِٱلْحَقِّ إِنَّا كُنَّا نَسْتَنسِخُ مَا كُنتُمْ تَعْمَلُونَ",
    "tr": "হা-যা-কিতা-বুনা-ইয়ানতিকু‘আলাইকুম বিলহাক্কি ইন্না-কুন্না-নাছতানছিখুমাকুনতুম তা‘মালূন।",
    "bn_haque": "এইটি আমাদের কিতাব যা তোমাদের বিরুদ্ধে যথাযথভাবে বর্ণনা করে। নিঃসন্দেহ আমরা লিপিবদ্ধ করে যাচ্ছি যা তোমরা করে চলেছ।",
    "bn_muhi": "আমার কাছে রক্ষিত এই আমলনামা তোমাদের সম্পর্কে সত্য কথা বলবে। তোমরা যা করতে আমি তা লিপিবদ্ধ করতাম।",
    "en": "This, Our record, speaks about you in truth. Indeed, We were having transcribed whatever you used to do.\""
  },
  {
    "id": 30,
    "ar": "فَأَمَّا ٱلَّذِينَ ءَامَنُوا۟ وَعَمِلُوا۟ ٱلصَّٰلِحَٰتِ فَيُدْخِلُهُمْ رَبُّهُمْ فِى رَحْمَتِهِۦ ذَٰلِكَ هُوَ ٱلْفَوْزُ ٱلْمُبِينُ",
    "tr": "ফাআম্মাল্লাযীনা আ-মানূওয়া ‘আমিলুসসা-লিহা-তি ফাইউদখিলুহুম রাব্বুহুম ফী রাহমাতিহী যা-লিকা হুওয়াল ফাওঝুল মুবীন।",
    "bn_haque": "সুতরাং যারা ঈমান এনেছে ও সৎকর্ম করছে তাদের প্রভু তাদের প্রবেশ করাবেন তাঁর করুণায়। এইটিই হচ্ছে প্রকাশ্য সাফল্য।",
    "bn_muhi": "যারা বিশ্বাস স্থাপন করেছে ও সৎকর্ম করেছে, তাদেরকে তাদের পালনকর্তা স্বীয় রহমতে দাখিল করবেন। এটাই প্রকাশ্য সাফল্য।",
    "en": "So as for those who believed and did righteous deeds, their Lord will admit them into His mercy. That is what is the clear attainment."
  },
  {
    "id": 31,
    "ar": "وَأَمَّا ٱلَّذِينَ كَفَرُوٓا۟ أَفَلَمْ تَكُنْ ءَايَٰتِى تُتْلَىٰ عَلَيْكُمْ فَٱسْتَكْبَرْتُمْ وَكُنتُمْ قَوْمًا مُّجْرِمِينَ",
    "tr": "ওয়া আম্মাল্লাযীনা কাফারূ আফালাম তাকুন আ-য়া-তী তুতলা-‘আলাইকুম ফাছতাকবারতুম ওয়া কুনতুম কাওমাম মুজরিমীন।",
    "bn_haque": "পক্ষান্তরে যারা অবিশ্বাস পোষণ করে -- \"এমনটা কি নয় যে আমার বাণীসমূহ তোমাদের কাছে পঠিত হয়েছে? কিন্ত তোমরা গর্ববোধ করছিলে, আর তোমরা ছিলে এক অপরাধী সম্প্রদায়।",
    "bn_muhi": "আর যারা কুফর করেছে, তাদেরকে জিজ্ঞাসা করা হবে, তোমাদের কাছে কি আয়াতসমূহ পঠিত হত না? কিন্তু তোমরা অহংকার করছিলে এবং তোমরা ছিলে এক অপরাধী সম্প্রদায়।",
    "en": "But as for those who disbelieved, [it will be said], \"Were not Our verses recited to you, but you were arrogant and became a people of criminals?"
  },
  {
    "id": 32,
    "ar": "وَإِذَا قِيلَ إِنَّ وَعْدَ ٱللَّهِ حَقٌّ وَٱلسَّاعَةُ لَا رَيْبَ فِيهَا قُلْتُم مَّا نَدْرِى مَا ٱلسَّاعَةُ إِن نَّظُنُّ إِلَّا ظَنًّا وَمَا نَحْنُ بِمُسْتَيْقِنِينَ",
    "tr": "ওয়া ইযা-কীলা ইন্না ওয়া‘দাল্লা-হি হাক্কুওঁ ওয়াছছা-‘আতুলা-রাইবা ফীহা-কুলতুম মানাদরী মাছ ছা-‘আতু ইন নাজুন্নুইল্লা-জান্নাওঁ ওয়ামা-নাহনুবিমুছতাইকিনীন।",
    "bn_haque": "আর যখন বলা হয় -- 'নিঃসন্দেহ আল্লাহ্‌র ওয়াদা সত্য, আর ঘড়িঘন্টা -- এতে কোনো সন্দেহ নেই’, তোমরা তখন বলে থাক -- 'আমরা জানি না কী সেই ঘড়ি, আমরা বিবেচনা করি কাল্পনিক বৈ তো নয়, আর আমরা আদে সুনিশ্চিত নই’ ।",
    "bn_muhi": "যখন বলা হত, আল্লাহর ওয়াদা সত্য এবং কেয়ামতে কোন সন্দেহ নেই, তখন তোমরা বলতে আমরা জানি না কেয়ামত কি ? আমরা কেবল ধারণাই করি এবং এ বিষয়ে আমরা নিশ্চিত নই।",
    "en": "And when it was said, 'Indeed, the promise of Allah is truth and the Hour [is coming] - no doubt about it,' you said, 'We know not what is the Hour. We assume only assumption, and we are not convinced.' \""
  },
  {
    "id": 33,
    "ar": "وَبَدَا لَهُمْ سَيِّـَٔاتُ مَا عَمِلُوا۟ وَحَاقَ بِهِم مَّا كَانُوا۟ بِهِۦ يَسْتَهْزِءُونَ",
    "tr": "ওয়া বাদা- লাহুম ছাইয়িআ-তু মা-‘আমিলূ ওয়া হা-কাবিহিমমা-কা-নূ বিহী ইয়াছতাহঝিঊন।",
    "bn_haque": "আর তারা যা করেছিল তার দুস্কর্মগুলো তাদের নিকট প্রকাশ হয়ে পড়বে, আর যা নিয়ে তারা ঠাট্টা-বিদ্রূপ করত তা তাদের পরিবেষ্টন করবে।",
    "bn_muhi": "তাদের মন্দ কর্ম গুলো তাদের সামনে প্রকাশ হয়ে পড়বে এবং যে আযাব নিয়ে তারা ঠাট্টা-বিদ্রুপ করত, তা তাদেরকে গ্রাস করবে।",
    "en": "And the evil consequences of what they did will appear to them, and they will be enveloped by what they used to ridicule."
  },
  {
    "id": 34,
    "ar": "وَقِيلَ ٱلْيَوْمَ نَنسَىٰكُمْ كَمَا نَسِيتُمْ لِقَآءَ يَوْمِكُمْ هَٰذَا وَمَأْوَىٰكُمُ ٱلنَّارُ وَمَا لَكُم مِّن نَّٰصِرِينَ",
    "tr": "ওয়া কীলাল ইয়াওমা নানছা-কুম কামা-নাছীতুম লিকাআ ইয়াওমিকুম হা-যা-ওয়ামা’ ওয়া-কুমুন্না-রু ওয়া মা-লাকুম মিন না-সিরীন।",
    "bn_haque": "আর বলা হবে -- \"আজ আমরা তোমাদের ভুলে থাকব যেমন তোমরা তোমাদের এই দিনটির সাক্ষাৎ পাওয়াকে ভুলে থাকতে, ফলত তোমাদের আশ্রয়স্থল হচ্ছে আগুন, আর তোমাদের জন্য সাহায্যকারীদের কেউ থাকবে না।",
    "bn_muhi": "বলা হবে, আজ আমি তোমাদেরকে ভুলে যাব, যেমন তোমরা এ দিনের সাক্ষাৎকে ভুলে গিয়েছিলে। তোমাদের আবাসস্থল জাহান্নাম এবং তোমাদের সাহায্যকারী নেই।",
    "en": "And it will be said, \"Today We will forget you as you forgot the meeting of this Day of yours, and your refuge is the Fire, and for you there are no helpers."
  },
  {
    "id": 35,
    "ar": "ذَٰلِكُم بِأَنَّكُمُ ٱتَّخَذْتُمْ ءَايَٰتِ ٱللَّهِ هُزُوًا وَغَرَّتْكُمُ ٱلْحَيَوٰةُ ٱلدُّنْيَا فَٱلْيَوْمَ لَا يُخْرَجُونَ مِنْهَا وَلَا هُمْ يُسْتَعْتَبُونَ",
    "tr": "যা-লিকুম বিআন্নাকুমুত্তাখাযতুম আ-য়া-তিল্লা-হি হুঝুওয়াওঁ ওয়াগাররাতকুমুল হা-য়াতুদ্দুনইয়া- ফালইয়াওমা লা-ইউখরাজূনা মিনহা-ওয়ালা-হুম ইউছতা‘তাবূন।",
    "bn_haque": "\"এইটিই! কেননা তোমরা আল্লাহ্‌র বাণীসমূহকে তামাশা বলে গণ্য করেছিলে, ফলস্বরূপে এই দুনিয়ার জীবন তোমাদের প্রতারিত করেছিল।\" সেজন্য আজকের দিনটায় সেখান থেকে তাদের বের করা হবে না, আর তাদের প্রতি সদয়তাও দেখানো হবে না।",
    "bn_muhi": "এটা এজন্যে যে, তোমরা আল্লাহর আয়াতসমূহকে ঠাট্টারূপে গ্রহণ করেছিলে এবং পার্থিব জীবন তোমাদেরকে প্রতারিত করেছিল। সুতরাং আজ তাদেরকে জাহান্নাম থেকে বের করা হবে না এবং তাদের কাছে তওবা চাওয়া হবে না।",
    "en": "That is because you took the verses of Allah in ridicule, and worldly life deluded you.\" So that Day they will not be removed from it, nor will they be asked to appease [ Allah ]."
  },
  {
    "id": 36,
    "ar": "فَلِلَّهِ ٱلْحَمْدُ رَبِّ ٱلسَّمَٰوَٰتِ وَرَبِّ ٱلْأَرْضِ رَبِّ ٱلْعَٰلَمِينَ",
    "tr": "ফালিল্লা-হিল হামদুরাব্বিছ ছামা-ওয়া-তি ওয়া রাব্বিল আরদিরাব্বিল ‘আ-লামীন।",
    "bn_haque": "অতএব আল্লাহ্‌রই জন্য সমস্ত প্রশংসা, তিনি মহাকাশমন্ডলীর প্রভু ও পৃথিবীরও প্রভু, -- সমস্ত বিশ্বজগতের প্রভু।",
    "bn_muhi": "অতএব, বিশ্বজগতের পালনকর্তা, ভূ-মন্ডলের পালনকর্তা ও নভোমন্ডলের পালনকর্তা আল্লাহর-ই প্রশংসা।",
    "en": "Then, to Allah belongs [all] praise - Lord of the heavens and Lord of the earth, Lord of the worlds."
  },
  {
    "id": 37,
    "ar": "وَلَهُ ٱلْكِبْرِيَآءُ فِى ٱلسَّمَٰوَٰتِ وَٱلْأَرْضِ وَهُوَ ٱلْعَزِيزُ ٱلْحَكِيمُ",
    "tr": "ওয়ালাহুল কিবরিয়াউ ফিছছামা-ওয়া-তি ওয়াল আরদি ওয়া হুওয়াল ‘আঝীঝুল হাকীম।",
    "bn_haque": "আর তাঁরই হচ্ছে সমস্ত গৌরব-গরিমা মহাকাশমন্ডলীতে ও পৃথিবীতে, আর তিনি হচ্ছেন মহাশক্তিশালী, পরমজ্ঞানী।",
    "bn_muhi": "নভোমন্ডলে ও ভূ-মন্ডলে তাঁরই গৌরব। তিনি পরাক্রমশালী, প্রজ্ঞাময়।",
    "en": "And to Him belongs [all] grandeur within the heavens and the earth, and He is the Exalted in Might, the Wise."
  }
]