[
  {
    "id": 1,
    "ar": "وَٱلْمُرْسَلَٰتِ عُرْفًا",
    "tr": "ওয়াল মুরছালা- তি ‘উরফা- ।",
    "bn_haque": "ভাবো প্রেরিতপুরুষগণের কথা -- একের পর এক,",
    "bn_muhi": "কল্যাণের জন্যে প্রেরিত বায়ুর শপথ,",
    "en": "By those [winds] sent forth in gusts"
  },
  {
    "id": 2,
    "ar": "فَٱلْعَٰصِفَٰتِ عَصْفًا",
    "tr": "ফাল ‘আ- সিফা- তি ‘আসফা- ।",
    "bn_haque": "আর ভাবো ঝড়ের মতো আসা দমকা হাওয়ার কথা,",
    "bn_muhi": "সজোরে প্রবাহিত ঝটিকার শপথ,",
    "en": "And the winds that blow violently"
  },
  {
    "id": 3,
    "ar": "وَٱلنَّٰشِرَٰتِ نَشْرًا",
    "tr": "ওয়ান্না- শিরা- তি নাশরা- ।",
    "bn_haque": "আর ভাবো যারা ছড়াচ্ছে ছড়ানোর মতো,",
    "bn_muhi": "মেঘবিস্তৃতকারী বায়ুর শপথ",
    "en": "And [by] the winds that spread [clouds]"
  },
  {
    "id": 4,
    "ar": "فَٱلْفَٰرِقَٰتِ فَرْقًا",
    "tr": "ফালফা- রিকা- তি ফারকা- ।",
    "bn_haque": "তারপর আলাদা করে দেয় আলাদা করণে,",
    "bn_muhi": "মেঘপুঞ্জ বিতরণকারী বায়ুর শপথ এবং",
    "en": "And those [angels] who bring criterion"
  },
  {
    "id": 5,
    "ar": "فَٱلْمُلْقِيَٰتِ ذِكْرًا",
    "tr": "ফাল মুলকিয়া-তি যিকরা- ।",
    "bn_haque": "তারপর গেথে দেঁয় স্মারক গ্রন্থ, --",
    "bn_muhi": "ওহী নিয়ে অবতরণকারী ফেরেশতাগণের শপথ-",
    "en": "And those [angels] who deliver a message"
  },
  {
    "id": 6,
    "ar": "عُذْرًا أَوْ نُذْرًا",
    "tr": "‘উযরান আও নুযরা- ।",
    "bn_haque": "পরিশোধিত করতে অথবা সতর্ক করতে।",
    "bn_muhi": "ওযর-আপত্তির অবকাশ না রাখার জন্যে অথবা সতর্ক করার জন্যে।",
    "en": "As justification or warning,"
  },
  {
    "id": 7,
    "ar": "إِنَّمَا تُوعَدُونَ لَوَٰقِعٌ",
    "tr": "ইন্নামা- তূ‘আদূনা লাওয়া-কি‘।",
    "bn_haque": "নিশ্চয় তোমাদের যা ওয়াদা করা হয়েছে তা অবশ্যই ঘটতে যাচ্ছে।",
    "bn_muhi": "নিশ্চয়ই তোমাদেরকে প্রদত্ত ওয়াদা বাস্তবায়িত হবে।",
    "en": "Indeed, what you are promised is to occur."
  },
  {
    "id": 8,
    "ar": "فَإِذَا ٱلنُّجُومُ طُمِسَتْ",
    "tr": "ফাইযান নুজূমুতুমিছাত।",
    "bn_haque": "সুতরাং যখন তারাগুলো ঝিমিয়ে পড়বে।",
    "bn_muhi": "অতঃপর যখন নক্ষত্রসমুহ নির্বাপিত হবে,",
    "en": "So when the stars are obliterated"
  },
  {
    "id": 9,
    "ar": "وَإِذَا ٱلسَّمَآءُ فُرِجَتْ",
    "tr": "ওয়া ইযাছছামাউ ফুরিজাত।",
    "bn_haque": "আর যখন আকাশ ভেঙ্গে পড়বে,",
    "bn_muhi": "যখন আকাশ ছিদ্রযুক্ত হবে,",
    "en": "And when the heaven is opened"
  },
  {
    "id": 10,
    "ar": "وَإِذَا ٱلْجِبَالُ نُسِفَتْ",
    "tr": "ওয়া ইযাল জিবা-লুনুছিফাত।",
    "bn_haque": "আর যখন পাহাড়গুলোকে উড়িয়ে দেওয়া হবে,",
    "bn_muhi": "যখন পর্বতমালাকে উড়িয়ে দেয়া হবে এবং",
    "en": "And when the mountains are blown away"
  },
  {
    "id": 11,
    "ar": "وَإِذَا ٱلرُّسُلُ أُقِّتَتْ",
    "tr": "ওয়া ইযাররুছুলুউককিতাত।",
    "bn_haque": "আর যখন রসূলগণকে নির্ধারিত সময়ে নিয়ে আসা হবে --",
    "bn_muhi": "যখন রসূলগণের একত্রিত হওয়ার সময় নিরূপিত হবে,",
    "en": "And when the messengers' time has come..."
  },
  {
    "id": 12,
    "ar": "لِأَىِّ يَوْمٍ أُجِّلَتْ",
    "tr": "লিআইয়ি ইয়াওমিন উজ্জিলাত।",
    "bn_haque": "কোন সে দিনের জন্য ধার্য রাখা হয়েছে?",
    "bn_muhi": "এসব বিষয় কোন দিবসের জন্যে স্থগিত রাখা হয়েছে?",
    "en": "For what Day was it postponed?"
  },
  {
    "id": 13,
    "ar": "لِيَوْمِ ٱلْفَصْلِ",
    "tr": "লিইয়াওমিল ফাসল;",
    "bn_haque": "ফয়সালার দিনের জন্য।",
    "bn_muhi": "বিচার দিবসের জন্য।",
    "en": "For the Day of Judgement."
  },
  {
    "id": 14,
    "ar": "وَمَآ أَدْرَىٰكَ مَا يَوْمُ ٱلْفَصْلِ",
    "tr": "ওয়ামাআদরা-কা মা- ইয়াওমুল ফাসল।",
    "bn_haque": "আর কী তোমাকে বুঝতে দেবে ফয়সালার দিনটি কি?",
    "bn_muhi": "আপনি জানেন বিচার দিবস কি?",
    "en": "And what can make you know what is the Day of Judgement?"
  },
  {
    "id": 15,
    "ar": "وَيْلٌ يَوْمَئِذٍ لِّلْمُكَذِّبِينَ",
    "tr": "ওয়াইলুইঁ ইয়াওমাইযিল লিলমুকাযযিবীন।",
    "bn_haque": "ধিক্ সেইদিন সত্যপ্রত্যাখ্যানকারীদের জন্য!",
    "bn_muhi": "সেদিন মিথ্যারোপকারীদের দুর্ভোগ হবে।",
    "en": "Woe, that Day, to the deniers."
  },
  {
    "id": 16,
    "ar": "أَلَمْ نُهْلِكِ ٱلْأَوَّلِينَ",
    "tr": "আলাম নুহলিকিল আওওয়ালীন।",
    "bn_haque": "আমরা কি পূর্ববর্তীদের নিধন করি নি?",
    "bn_muhi": "আমি কি পূর্ববর্তীদেরকে ধ্বংস করিনি?",
    "en": "Did We not destroy the former peoples?"
  },
  {
    "id": 17,
    "ar": "ثُمَّ نُتْبِعُهُمُ ٱلْءَاخِرِينَ",
    "tr": "ছু ম্মা নুতবি‘উহুমুল আ-খিরীন।",
    "bn_haque": "তারপর পরবর্তীদেরও আমরা তাদের অনুগমন করাব।",
    "bn_muhi": "অতঃপর তাদের পশ্চাতে প্রেরণ করব পরবর্তীদেরকে।",
    "en": "Then We will follow them with the later ones."
  },
  {
    "id": 18,
    "ar": "كَذَٰلِكَ نَفْعَلُ بِٱلْمُجْرِمِينَ",
    "tr": "কাযা-লিকা নাফ‘আলুবিলমুজরিমীন।",
    "bn_haque": "এইভাবেই আমরা অপরাধীদের প্রতি আচরণ করে থাকি।",
    "bn_muhi": "অপরাধীদের সাথে আমি এরূপই করে থাকি।",
    "en": "Thus do We deal with the criminals."
  },
  {
    "id": 19,
    "ar": "وَيْلٌ يَوْمَئِذٍ لِّلْمُكَذِّبِينَ",
    "tr": "ওয়াইলুইঁ ইয়াওমাইযিল লিলমুকাযযিবীন।",
    "bn_haque": "ধিক সেইদিন সত্যপ্রত্যাখ্যানকারীদের প্রতি!",
    "bn_muhi": "সেদিন মিথ্যারোপকারীদের দুর্ভোগ হবে।",
    "en": "Woe, that Day, to the deniers."
  },
  {
    "id": 20,
    "ar": "أَلَمْ نَخْلُقكُّم مِّن مَّآءٍ مَّهِينٍ",
    "tr": "আলাম নাখলুককুম মিম মাইম্মাহীন।",
    "bn_haque": "তোমাদের কি আমরা সৃষ্টি করি নি এক তুচ্ছ জলীয় পদার্থ থেকে?",
    "bn_muhi": "আমি কি তোমাদেরকে তুচ্ছ পানি থেকে সৃষ্টি করিনি?",
    "en": "Did We not create you from a liquid disdained?"
  },
  {
    "id": 21,
    "ar": "فَجَعَلْنَٰهُ فِى قَرَارٍ مَّكِينٍ",
    "tr": "ফাজা‘আলনা-হু ফী কারা-রিম মাকীন।",
    "bn_haque": "তারপর আমরা তা স্থাপন করি এক সুরক্ষিত স্থানে, --",
    "bn_muhi": "অতঃপর আমি তা রেখেছি এক সংরক্ষিত আধারে,",
    "en": "And We placed it in a firm lodging"
  },
  {
    "id": 22,
    "ar": "إِلَىٰ قَدَرٍ مَّعْلُومٍ",
    "tr": "ইলা- কাদারিমমা‘লূম।",
    "bn_haque": "এক অবহিত পরিমাপ পর্যন্ত;",
    "bn_muhi": "এক নির্দিষ্টকাল পর্যন্ত,",
    "en": "For a known extent."
  },
  {
    "id": 23,
    "ar": "فَقَدَرْنَا فَنِعْمَ ٱلْقَٰدِرُونَ",
    "tr": "ফাকাদারনা-  ফানি‘মাল কা-দিরূন।",
    "bn_haque": "তারপর আমরা বিন্যস্ত করি, সুতরাং কত নিপুণ বিন্যাসকারী আমরা!",
    "bn_muhi": "অতঃপর আমি পরিমিত আকারে সৃষ্টি করেছি, আমি কত সক্ষম স্রষ্টা?",
    "en": "And We determined [it], and excellent [are We] to determine."
  },
  {
    "id": 24,
    "ar": "وَيْلٌ يَوْمَئِذٍ لِّلْمُكَذِّبِينَ",
    "tr": "ওয়াইলুইঁ ইয়াওমাইযিল লিলমুকাযযিবীন।",
    "bn_haque": "ধিক্ সেইদিন সত্যপ্রত্যাখ্যানকারীদের প্রতি!",
    "bn_muhi": "সেদিন মিথ্যারোপকারীদের দুর্ভোগ হবে।",
    "en": "Woe, that Day, to the deniers."
  },
  {
    "id": 25,
    "ar": "أَلَمْ نَجْعَلِ ٱلْأَرْضَ كِفَاتًا",
    "tr": "আলাম নাজ ‘আলিল আরদা কিফা-তা- ।",
    "bn_haque": "আমরা কি পৃথিবীটাকে বানাই নি আধাররূপে --",
    "bn_muhi": "আমি কি পৃথিবীকে সৃষ্টি করিনি ধারণকারিণীরূপে,",
    "en": "Have We not made the earth a container"
  },
  {
    "id": 26,
    "ar": "أَحْيَآءً وَأَمْوَٰتًا",
    "tr": "আহইয়াআওঁ ওয়া আমওয়া-তা- ।",
    "bn_haque": "জীবিত ও মৃত, --",
    "bn_muhi": "জীবিত ও মৃতদেরকে?",
    "en": "Of the living and the dead?"
  },
  {
    "id": 27,
    "ar": "وَجَعَلْنَا فِيهَا رَوَٰسِىَ شَٰمِخَٰتٍ وَأَسْقَيْنَٰكُم مَّآءً فُرَاتًا",
    "tr": "ওয়া জা‘আলনা-ফীহা-রাওয়া-ছিয়া শা-মিখা-তিওঁ ওয়া আছকাইনা-কুমমাআন ফুরাতা- ।",
    "bn_haque": "আর তাতেই তো আমরা বানিয়েছি উঁচু পাহাড়-পর্বত, আর তোমাদের পান করতে দিয়েছি সুপেয় পানি?",
    "bn_muhi": "আমি তাতে স্থাপন করেছি মজবুত সুউচ্চ পর্বতমালা এবং পান করিয়েছি তোমাদেরকে তৃষ্ণা নিবারণকারী সুপেয় পানি।",
    "en": "And We placed therein lofty, firmly set mountains and have given you to drink sweet water."
  },
  {
    "id": 28,
    "ar": "وَيْلٌ يَوْمَئِذٍ لِّلْمُكَذِّبِينَ",
    "tr": "ওয়াইলুইঁ ইয়াওমাইযিল লিলমুকাযযিবীন ।",
    "bn_haque": "ধিক সেইদিন সত্যপ্রত্যাখ্যানকারীদের প্রতি!",
    "bn_muhi": "সেদিন মিথ্যারোপকারীদের দুর্ভোগ হবে।",
    "en": "Woe, that Day, to the deniers."
  },
  {
    "id": 29,
    "ar": "ٱنطَلِقُوٓا۟ إِلَىٰ مَا كُنتُم بِهِۦ تُكَذِّبُونَ",
    "tr": "ইনতালিকূইলা- মা- কুনতুম বিহী তুকাযযিবূন।",
    "bn_haque": "\"তোমরা চলো তারই দিকে যাকে তোমরা অস্বীকার করতে, --",
    "bn_muhi": "চল তোমরা তারই দিকে, যাকে তোমরা মিথ্যা বলতে।",
    "en": "[They will be told], \"Proceed to that which you used to deny."
  },
  {
    "id": 30,
    "ar": "ٱنطَلِقُوٓا۟ إِلَىٰ ظِلٍّ ذِى ثَلَٰثِ شُعَبٍ",
    "tr": "ইনতালিকূইলা-জিলিলন যী ছালা-ছিশু‘আব।",
    "bn_haque": "\"চলো সেই ছায়ার দিকে যার রয়েছে তিনটি স্তর, --",
    "bn_muhi": "চল তোমরা তিন কুন্ডলীবিশিষ্ট ছায়ার দিকে,",
    "en": "Proceed to a shadow [of smoke] having three columns"
  },
  {
    "id": 31,
    "ar": "لَّا ظَلِيلٍ وَلَا يُغْنِى مِنَ ٱللَّهَبِ",
    "tr": "লা- জালীলিওঁ ওয়ালা- ইউগনী মিনাল্লাহাব।",
    "bn_haque": "\"যা ছায়াময় নয় এবং অগ্নিশিখা থেকে রক্ষা করার মতোও নয়।",
    "bn_muhi": "যে ছায়া সুনিবিড় নয় এবং অগ্নির উত্তাপ থেকে রক্ষা করে না।",
    "en": "[But having] no cool shade and availing not against the flame.\""
  },
  {
    "id": 32,
    "ar": "إِنَّهَا تَرْمِى بِشَرَرٍ كَٱلْقَصْرِ",
    "tr": "ইন্নাহা- তারমী বিশারারিন কাল কাসরি।",
    "bn_haque": "\"নিঃসন্দেহ এটি স্ফুলিঙ্গ তোলে অট্টালিকার আকারে,",
    "bn_muhi": "এটা অট্টালিকা সদৃশ বৃহৎ স্ফুলিংগ নিক্ষেপ করবে।",
    "en": "Indeed, it throws sparks [as huge] as a fortress,"
  },
  {
    "id": 33,
    "ar": "كَأَنَّهُۥ جِمَٰلَتٌ صُفْرٌ",
    "tr": "কাআন্নাহূজিমা-লাতুন সুফর।",
    "bn_haque": "যেন সেগুলো হলুদবরণ উটের পাল।",
    "bn_muhi": "যেন সে পীতবর্ণ উষ্ট্রশ্রেণী।",
    "en": "As if they were yellowish [black] camels."
  },
  {
    "id": 34,
    "ar": "وَيْلٌ يَوْمَئِذٍ لِّلْمُكَذِّبِينَ",
    "tr": "ওয়াইলুইঁ ইয়াওমাইযিল লিলমুকাযযিবীন ।",
    "bn_haque": "ধিক্ সেইদিন সত্যপ্রত্যাখ্যানকারীদের প্রতি!",
    "bn_muhi": "সেদিন মিথ্যারোপকারীদের দুর্ভোগ হবে।",
    "en": "Woe, that Day, to the deniers."
  },
  {
    "id": 35,
    "ar": "هَٰذَا يَوْمُ لَا يَنطِقُونَ",
    "tr": "হা-যা- ইয়াওমুলা- ইয়ানতিকূন।",
    "bn_haque": "এ হচ্ছে ঐ দিন যেদিন তারা কোনো কথা বলতে পারবে না,",
    "bn_muhi": "এটা এমন দিন, যেদিন কেউ কথা বলবে না।",
    "en": "This is a Day they will not speak,"
  },
  {
    "id": 36,
    "ar": "وَلَا يُؤْذَنُ لَهُمْ فَيَعْتَذِرُونَ",
    "tr": "ওয়ালা- ইউ’যানুলাহুম ফাইয়া‘তাযিরূন।",
    "bn_haque": "আর তাদের অনুমতি দেওয়া হবে না যেন তারা অজুহাত দেখাতে পারে।",
    "bn_muhi": "এবং কাউকে তওবা করার অনুমতি দেয়া হবে না।",
    "en": "Nor will it be permitted for them to make an excuse."
  },
  {
    "id": 37,
    "ar": "وَيْلٌ يَوْمَئِذٍ لِّلْمُكَذِّبِينَ",
    "tr": "ওয়াইলুইঁ ইয়াওমাইযিল লিলমুকাযযিবীন ।",
    "bn_haque": "ধিক্ সেইদিন সত্যপ্রত্যাখানকারীদের প্রতি!",
    "bn_muhi": "সেদিন মিথ্যারোপকারীদের দুর্ভোগ হবে।",
    "en": "Woe, that Day, to the deniers."
  },
  {
    "id": 38,
    "ar": "هَٰذَا يَوْمُ ٱلْفَصْلِ جَمَعْنَٰكُمْ وَٱلْأَوَّلِينَ",
    "tr": "হা-যা- ইয়াওমুল ফাসলি জামা‘না-কুম ওয়াল আওওয়ালীন।",
    "bn_haque": "এই হচ্ছে ফয়সালা করার দিন, আমরা তোমাদের সমবেত করেছি, আর পূর্ববর্তীদেরও।",
    "bn_muhi": "এটা বিচার দিবস, আমি তোমাদেরকে এবং তোমাদের পূর্ববর্তীদেরকে একত্রিত করেছি।",
    "en": "This is the Day of Judgement; We will have assembled you and the former peoples."
  },
  {
    "id": 39,
    "ar": "فَإِن كَانَ لَكُمْ كَيْدٌ فَكِيدُونِ",
    "tr": "ফাইন কা-না লাকুম কাইদুন ফাকীদূন।",
    "bn_haque": "সুতরাং তোমাদের যদি কোনো কলাকৌশল থাকে তাহলে আমার বিরুদ্ধে অপকৌশল চালাও।",
    "bn_muhi": "অতএব, তোমাদের কোন অপকৌশল থাকলে তা প্রয়োগ কর আমার কাছে।",
    "en": "So if you have a plan, then plan against Me."
  },
  {
    "id": 40,
    "ar": "وَيْلٌ يَوْمَئِذٍ لِّلْمُكَذِّبِينَ",
    "tr": "ওয়াইলুইঁ ইয়াওমাইযিল লিলমুকাযযিবীন ।",
    "bn_haque": "ধিক্ সেইদিন সত্যপ্রত্যাখ্যানকারীদের প্রতি!",
    "bn_muhi": "সেদিন মিথ্যারোপকারীদের দুর্ভোগ হবে।",
    "en": "Woe, that Day, to the deniers."
  },
  {
    "id": 41,
    "ar": "إِنَّ ٱلْمُتَّقِينَ فِى ظِلَٰلٍ وَعُيُونٍ",
    "tr": "ইন্নাল মুত্তাকীনা ফী জিলালিওঁ ওয়া‘উয়ূন।",
    "bn_haque": "নিশ্চয় ধর্মভীরুরা থাকবে স্নিগ্ধছায়ায় ও ফোয়ারাগুলোতে,",
    "bn_muhi": "নিশ্চয় খোদাভীরুরা থাকবে ছায়ায় এবং প্রস্রবণসমূহে-",
    "en": "Indeed, the righteous will be among shades and springs"
  },
  {
    "id": 42,
    "ar": "وَفَوَٰكِهَ مِمَّا يَشْتَهُونَ",
    "tr": "ওয়া ফাওয়া-কিহা মিম্মা- ইয়াশতাহূন।",
    "bn_haque": "আর ফলফসলের মধ্যে যা তারা পেতে চায়।",
    "bn_muhi": "এবং তাদের বাঞ্ছিত ফল-মূলের মধ্যে।",
    "en": "And fruits from whatever they desire,"
  },
  {
    "id": 43,
    "ar": "كُلُوا۟ وَٱشْرَبُوا۟ هَنِيٓـًٔۢا بِمَا كُنتُمْ تَعْمَلُونَ",
    "tr": "কুলূওয়াশরাবূহানীআম বিমা- কুনতুম তা‘মালূন।",
    "bn_haque": "খাও আর পিয়ো মহানন্দে যা তোমরা করে চলেছিলে সেজন্য।",
    "bn_muhi": "বলা হবেঃ তোমরা যা করতে তার বিনিময়ে তৃপ্তির সাথে পানাহার কর।",
    "en": "[Being told], \"Eat and drink in satisfaction for what you used to do.\""
  },
  {
    "id": 44,
    "ar": "إِنَّا كَذَٰلِكَ نَجْزِى ٱلْمُحْسِنِينَ",
    "tr": "ইন্না- কাযা-লিকা নাজঝিল মুহছিনীন।",
    "bn_haque": "নিঃসন্দেহ এইভাবেই আমরা প্রতিদান দিই সৎকর্মশীলদের।",
    "bn_muhi": "এভাবেই আমি সৎকর্মশীলদেরকে পুরস্কৃত করে থাকি।",
    "en": "Indeed, We thus reward the doers of good."
  },
  {
    "id": 45,
    "ar": "وَيْلٌ يَوْمَئِذٍ لِّلْمُكَذِّبِينَ",
    "tr": "ওয়াইলুইঁ ইয়াওমাইযিল লিলমুকাযযিবীন ।",
    "bn_haque": "ধিক্ সেইদিন সত্যপ্রত্যাখ্যানকারীদের প্রতি!",
    "bn_muhi": "সেদিন মিথ্যারোপকারীদের দুর্ভোগ হবে।",
    "en": "Woe, that Day, to the deniers."
  },
  {
    "id": 46,
    "ar": "كُلُوا۟ وَتَمَتَّعُوا۟ قَلِيلًا إِنَّكُم مُّجْرِمُونَ",
    "tr": "কুলূওয়া তামাত্তা‘ঊ কালীলান ইন্নাকুম মুজরিমূন।",
    "bn_haque": "খাও-দাও আর ভোগ করে নাও অল্পকালের জন্য -- তোমরা তো অপরাধী!\"",
    "bn_muhi": "কাফেরগণ, তোমরা কিছুদিন খেয়ে নাও এবং ভোগ করে নাও। তোমরা তো অপরাধী।",
    "en": "[O disbelievers], eat and enjoy yourselves a little; indeed, you are criminals."
  },
  {
    "id": 47,
    "ar": "وَيْلٌ يَوْمَئِذٍ لِّلْمُكَذِّبِينَ",
    "tr": "ওয়াইলুইঁ ইয়াওমাইযিল লিলমুকাযযিবীন ।",
    "bn_haque": "ধিক্ সেইদিন সত্যপ্রত্যাখ্যানকারীদের প্রতি!",
    "bn_muhi": "সেদিন মিথ্যারোপকারীদের দুর্ভোগ হবে।",
    "en": "Woe, that Day, to the deniers."
  },
  {
    "id": 48,
    "ar": "وَإِذَا قِيلَ لَهُمُ ٱرْكَعُوا۟ لَا يَرْكَعُونَ",
    "tr": "ওয়া ইযা- কীলা লাহুমুরকা‘ঊ লা-ইয়ারকা‘ঊন।",
    "bn_haque": "আর যখন তাদের বলা হয় \"নত হও\", তারা নত হয় না।",
    "bn_muhi": "যখন তাদেরকে বলা হয়, নত হও, তখন তারা নত হয় না।",
    "en": "And when it is said to them, \"Bow [in prayer],\" they do not bow."
  },
  {
    "id": 49,
    "ar": "وَيْلٌ يَوْمَئِذٍ لِّلْمُكَذِّبِينَ",
    "tr": "ওয়াইলুইঁ ইয়াওমাইযিল লিলমুকাযযিবীন ।",
    "bn_haque": "ধিক্ সেইদিন সত্যপ্রত্যাখ্যানকারীদের প্রতি!",
    "bn_muhi": "সেদিন মিথ্যারোপকারীদের দুর্ভোগ হবে।",
    "en": "Woe, that Day, to the deniers."
  },
  {
    "id": 50,
    "ar": "فَبِأَىِّ حَدِيثٍۭ بَعْدَهُۥ يُؤْمِنُونَ",
    "tr": "ফাবিআইয়ি হাদীছিম বা‘দাহূইউ’মিনূন।",
    "bn_haque": "অতএব এর পরে আর কোন বাণীতে তারা বিশ্বাস করবে?",
    "bn_muhi": "এখন কোন কথায় তারা এরপর বিশ্বাস স্থাপন করবে?",
    "en": "Then in what statement after the Qur'an will they believe?"
  }
]