[
  {
    "id": 1,
    "ar": "وَٱلْعَٰدِيَٰتِ ضَبْحًا",
    "tr": "ওয়াল ‘আ-দিয়া-তি দাবহা-।",
    "bn_haque": "ভাবো ঊর্ধ্বশ্বাসে ধাবমানদের কথা,",
    "bn_muhi": "শপথ উর্ধ্বশ্বাসে চলমান অশ্বসমূহের,",
    "en": "By the racers, panting,"
  },
  {
    "id": 2,
    "ar": "فَٱلْمُورِيَٰتِ قَدْحًا",
    "tr": "ফাল মূরিয়া-তি কাদহা-।",
    "bn_haque": "ফলে যারা আগুনের ফুলকি ছোড়ে আঘাতের ছোটে,",
    "bn_muhi": "অতঃপর ক্ষুরাঘাতে অগ্নিবিচ্ছুরক অশ্বসমূহের",
    "en": "And the producers of sparks [when] striking"
  },
  {
    "id": 3,
    "ar": "فَٱلْمُغِيرَٰتِ صُبْحًا",
    "tr": "ফাল মুগীরা-তি সুবহা-।",
    "bn_haque": "আর যারা ভোরে অভিযান চালায়,",
    "bn_muhi": "অতঃপর প্রভাতকালে আক্রমণকারী অশ্বসমূহের",
    "en": "And the chargers at dawn,"
  },
  {
    "id": 4,
    "ar": "فَأَثَرْنَ بِهِۦ نَقْعًا",
    "tr": "ফাআছারনা বিহী নাক‘আ-।",
    "bn_haque": "আর তার ফলে যারা ধূলো উড়ায় --",
    "bn_muhi": "ও যারা সে সময়ে ধুলি উৎক্ষিপ্ত করে",
    "en": "Stirring up thereby [clouds of] dust,"
  },
  {
    "id": 5,
    "ar": "فَوَسَطْنَ بِهِۦ جَمْعًا",
    "tr": "ফাওয়াছাতানা বিহী জাম‘আ-।",
    "bn_haque": "তখন এর ফলে সৈন্যদলকে ভেদ করে যায়।",
    "bn_muhi": "অতঃপর যারা শক্রদলের অভ্যন্তরে ঢুকে পড়ে-",
    "en": "Arriving thereby in the center collectively,"
  },
  {
    "id": 6,
    "ar": "إِنَّ ٱلْإِنسَٰنَ لِرَبِّهِۦ لَكَنُودٌ",
    "tr": "ইন্নাল ইনছা-না লিরাব্বিহী লাকানূদ।",
    "bn_haque": "মানুষ নিশ্চয়ই তার প্রভুর প্রতি বড় অকৃতজ্ঞ,",
    "bn_muhi": "নিশ্চয় মানুষ তার পালনকর্তার প্রতি অকৃতজ্ঞ।",
    "en": "Indeed mankind, to his Lord, is ungrateful."
  },
  {
    "id": 7,
    "ar": "وَإِنَّهُۥ عَلَىٰ ذَٰلِكَ لَشَهِيدٌ",
    "tr": "ওয়া ইন্নাহূ‘আলা-যা-লিকা লাশাহীদ।",
    "bn_haque": "আর সে আলবৎ এ বিষয়ে অবশ্য প্রত্যক্ষদশ।",
    "bn_muhi": "এবং সে অবশ্য এ বিষয়ে অবহিত",
    "en": "And indeed, he is to that a witness."
  },
  {
    "id": 8,
    "ar": "وَإِنَّهُۥ لِحُبِّ ٱلْخَيْرِ لَشَدِيدٌ",
    "tr": "ওয়া ইন্নাহূলিহুব্বিল খাইরি লাশাদীদ।",
    "bn_haque": "আর নিঃসন্দেহ সে ধনসম্পদের মোহে দুরন্ত।",
    "bn_muhi": "এবং সে নিশ্চিতই ধন-সম্পদের ভালবাসায় মত্ত।",
    "en": "And indeed he is, in love of wealth, intense."
  },
  {
    "id": 9,
    "ar": "أَفَلَا يَعْلَمُ إِذَا بُعْثِرَ مَا فِى ٱلْقُبُورِ",
    "tr": "আফালা-ইয়া‘লামুইযা-বু‘ছিরা মা-ফিল কুবূর।",
    "bn_haque": "তবে কি সে জানে না যখন কবরগুলোয় যা আছে তা তোলা হবে,",
    "bn_muhi": "সে কি জানে না, যখন কবরে যা আছে, তা উত্থিত হবে",
    "en": "But does he not know that when the contents of the graves are scattered"
  },
  {
    "id": 10,
    "ar": "وَحُصِّلَ مَا فِى ٱلصُّدُورِ",
    "tr": "ওয়া হুসসিলা মা-ফিসসুদূর,",
    "bn_haque": "এবং অন্তরে যা আছে তা প্রকাশ করা হবে?",
    "bn_muhi": "এবং অন্তরে যা আছে, তা অর্জন করা হবে?",
    "en": "And that within the breasts is obtained,"
  },
  {
    "id": 11,
    "ar": "إِنَّ رَبَّهُم بِهِمْ يَوْمَئِذٍ لَّخَبِيرٌۢ",
    "tr": "ইন্না রাব্বাহুম বিহিম ইয়াওমাইযিল্লাখাবীর।",
    "bn_haque": "নিঃসন্দেহ তাদের প্রভু সেইদিন তাদের সন্বন্ধে সবিশেষে অবহিত থাকবেন।",
    "bn_muhi": "সেদিন তাদের কি হবে, সে সম্পর্কে তাদের পালনকর্তা সবিশেষ জ্ঞাত।",
    "en": "Indeed, their Lord with them, that Day, is [fully] Acquainted."
  }
]