[
  {
    "id": 1,
    "ar": "وَيْلٌ لِّكُلِّ هُمَزَةٍ لُّمَزَةٍ",
    "tr": "ওয়াইলুলিলকুল্লি হুমাঝাতিল লুমাঝাহ ।",
    "bn_haque": "ধিক্ প্রত্যেক নিন্দাকারী কুৎসারটনাকারীর প্রতি,",
    "bn_muhi": "প্রত্যেক পশ্চাতে ও সম্মুখে পরনিন্দাকারীর দুর্ভোগ,",
    "en": "Woe to every scorner and mocker"
  },
  {
    "id": 2,
    "ar": "ٱلَّذِى جَمَعَ مَالًا وَعَدَّدَهُۥ",
    "tr": "আল্লাযী জামা‘আ মা-লাওঁ‘ওয়া ‘আদ্দাদাহ।",
    "bn_haque": "যে ধনসম্পদ জমা করছে এবং তা গুনছে,",
    "bn_muhi": "যে অর্থ সঞ্চিত করে ও গণনা করে",
    "en": "Who collects wealth and [continuously] counts it."
  },
  {
    "id": 3,
    "ar": "يَحْسَبُ أَنَّ مَالَهُۥٓ أَخْلَدَهُۥ",
    "tr": "ইয়াহছাবুআন্না মা-লাহূআখলাদাহ।",
    "bn_haque": "সে ভাবছে যে তার ধনসম্পত্তি তাকে অমর করবে।",
    "bn_muhi": "সে মনে করে যে, তার অর্থ চিরকাল তার সাথে থাকবে!",
    "en": "He thinks that his wealth will make him immortal."
  },
  {
    "id": 4,
    "ar": "كَلَّا لَيُنۢبَذَنَّ فِى ٱلْحُطَمَةِ",
    "tr": "কাল্লা-লাইউমবাযান্না ফিল হুতামাহ।",
    "bn_haque": "কখনো না! তাকে অবশ্যই নিক্ষেপ করা হবে সর্বনাশা দুর্ঘটনায়।",
    "bn_muhi": "কখনও না, সে অবশ্যই নিক্ষিপ্ত হবে পিষ্টকারীর মধ্যে।",
    "en": "No! He will surely be thrown into the Crusher."
  },
  {
    "id": 5,
    "ar": "وَمَآ أَدْرَىٰكَ مَا ٱلْحُطَمَةُ",
    "tr": "ওয়ামাআদরা-কা মাল হুতামাহ।",
    "bn_haque": "আর কিসে তোমাকে বোঝানো যাবে সেই হুতামাহ্ কি?",
    "bn_muhi": "আপনি কি জানেন, পিষ্টকারী কি?",
    "en": "And what can make you know what is the Crusher?"
  },
  {
    "id": 6,
    "ar": "نَارُ ٱللَّهِ ٱلْمُوقَدَةُ",
    "tr": "না-রুল্লা-হিল মূকাদাহ",
    "bn_haque": "তা আল্লাহ্‌র হুতাশন, প্রজ্জ্বলিত রয়েছে --",
    "bn_muhi": "এটা আল্লাহর প্রজ্জ্বলিত অগ্নি,",
    "en": "It is the fire of Allah, [eternally] fueled,"
  },
  {
    "id": 7,
    "ar": "ٱلَّتِى تَطَّلِعُ عَلَى ٱلْأَفْـِٔدَةِ",
    "tr": "আল্লাতী তাত্তালি‘উ আলাল আফইদাহ।",
    "bn_haque": "যা উদিত হয়েছে হৃদয়ের উপরে।",
    "bn_muhi": "যা হৃদয় পর্যন্ত পৌছবে।",
    "en": "Which mounts directed at the hearts."
  },
  {
    "id": 8,
    "ar": "إِنَّهَا عَلَيْهِم مُّؤْصَدَةٌ",
    "tr": "ইন্নাহা-‘আলাইহিম মু’সাদাহ",
    "bn_haque": "নিঃসন্দেহ এটি হচ্ছে তাদের চারপাশে এক বেড়া --",
    "bn_muhi": "এতে তাদেরকে বেঁধে দেয়া হবে,",
    "en": "Indeed, Hellfire will be closed down upon them"
  },
  {
    "id": 9,
    "ar": "فِى عَمَدٍ مُّمَدَّدَةٍۭ",
    "tr": "ফী ‘আমাদিম মুমাদ্দাদাহ ।",
    "bn_haque": "সারিসারি খুটিরঁ ভেতরে।",
    "bn_muhi": "লম্বা লম্বা খুঁটিতে।",
    "en": "In extended columns."
  }
]