[
  {
    "id": 1,
    "ar": "سَأَلَ سَآئِلٌۢ بِعَذَابٍ وَاقِعٍ",
    "tr": "ছাআলা ছাইলুম বি‘আযা-বিওঁ ওয়াকি‘।",
    "bn_haque": "এক প্রশ্নকারী প্রশ্ন করছে অবধারিত শাস্তি সম্পর্কে --",
    "bn_muhi": "একব্যক্তি চাইল, সেই আযাব সংঘটিত হোক যা অবধারিত-",
    "en": "A supplicant asked for a punishment bound to happen"
  },
  {
    "id": 2,
    "ar": "لِّلْكَٰفِرِينَ لَيْسَ لَهُۥ دَافِعٌ",
    "tr": "লিলকা-ফিরীনা লাইছা লাহূদা-ফি‘।",
    "bn_haque": "অবিশ্বাসীদের জন্য, এর প্রতিরোধকারী কেউ নেই --",
    "bn_muhi": "কাফেরদের জন্যে, যার প্রতিরোধকারী কেউ নেই।",
    "en": "To the disbelievers; of it there is no preventer."
  },
  {
    "id": 3,
    "ar": "مِّنَ ٱللَّهِ ذِى ٱلْمَعَارِجِ",
    "tr": "মিনাল্লা-হি যিল মা‘আ-রিজ।",
    "bn_haque": "আল্লাহ্‌র নিকট থেকে, যিনি উন্নয়নের সোপানের অধিকর্তা।",
    "bn_muhi": "তা আসবে আল্লাহ তা’আলার পক্ষ থেকে, যিনি সমুন্নত মর্তবার অধিকারী।",
    "en": "[It is] from Allah, owner of the ways of ascent."
  },
  {
    "id": 4,
    "ar": "تَعْرُجُ ٱلْمَلَٰٓئِكَةُ وَٱلرُّوحُ إِلَيْهِ فِى يَوْمٍ كَانَ مِقْدَارُهُۥ خَمْسِينَ أَلْفَ سَنَةٍ",
    "tr": "তা‘রুজুলমালাইকাতুওয়াররূহুইলাইহি ফী ইয়াওমিন কা-না মিকদা-রুহূখামছীনা আলফা ছানাহ।",
    "bn_haque": "ফিরিশ্‌তাগণ ও আ‌ত্মা তাঁর দিকে আরোহণ করে এমন এক দিনে যার পরিমাপ হলো পঞ্চাশ হাজার বছর।",
    "bn_muhi": "ফেরেশতাগণ এবং রূহ আল্লাহ তা’আলার দিকে উর্ধ্বগামী হয় এমন একদিনে, যার পরিমাণ পঞ্চাশ হাজার বছর।",
    "en": "The angels and the Spirit will ascend to Him during a Day the extent of which is fifty thousand years."
  },
  {
    "id": 5,
    "ar": "فَٱصْبِرْ صَبْرًا جَمِيلًا",
    "tr": "ফাসবির সাবরান জামীলা-।",
    "bn_haque": "অতএব তুমি অধ্যবসায় চালিয়ে যাও এক সুমহান ধৈর্যধারণে।",
    "bn_muhi": "অতএব, আপনি উত্তম সবর করুন।",
    "en": "So be patient with gracious patience."
  },
  {
    "id": 6,
    "ar": "إِنَّهُمْ يَرَوْنَهُۥ بَعِيدًا",
    "tr": "ইন্নাহুম ইয়ারাওনাহূবা‘ঈদা।",
    "bn_haque": "নিঃসন্দেহ তারা একে মনে করে বহু দূরে,",
    "bn_muhi": "তারা এই আযাবকে সুদূরপরাহত মনে করে,",
    "en": "Indeed, they see it [as] distant,"
  },
  {
    "id": 7,
    "ar": "وَنَرَىٰهُ قَرِيبًا",
    "tr": "ওয়া নারা-হু কারীবা- ।",
    "bn_haque": "কিন্তু আমরা দেখছি এ নিকটে।",
    "bn_muhi": "আর আমি একে আসন্ন দেখছি।",
    "en": "But We see it [as] near."
  },
  {
    "id": 8,
    "ar": "يَوْمَ تَكُونُ ٱلسَّمَآءُ كَٱلْمُهْلِ",
    "tr": "ইয়াওমা তাকূনুছ ছামা-উ কালমুহল, ।",
    "bn_haque": "সেইদিন আকাশ হয়ে যাবে গলানো তামার মতো,",
    "bn_muhi": "সেদিন আকাশ হবে গলিত তামার মত।",
    "en": "On the Day the sky will be like murky oil,"
  },
  {
    "id": 9,
    "ar": "وَتَكُونُ ٱلْجِبَالُ كَٱلْعِهْنِ",
    "tr": "ওয়া তাকূনুল জিবা-লুকাল‘ইহন।",
    "bn_haque": "আর পাহাড়গুলো হবে উলের মতো,",
    "bn_muhi": "এবং পর্বতসমূহ হবে রঙ্গীন পশমের মত,",
    "en": "And the mountains will be like wool,"
  },
  {
    "id": 10,
    "ar": "وَلَا يَسْـَٔلُ حَمِيمٌ حَمِيمًا",
    "tr": "ওয়ালা-ইয়াছআলুহামীমুন হামীমা- ।",
    "bn_haque": "আর কোনো অন্তরঙ্গ বন্ধু জিজ্ঞাসাবাদ করবে না অন্তরঙ্গ বন্ধু সন্বন্ধে --",
    "bn_muhi": "বন্ধু বন্ধুর খবর নিবে না।",
    "en": "And no friend will ask [anything of] a friend,"
  },
  {
    "id": 11,
    "ar": "يُبَصَّرُونَهُمْ يَوَدُّ ٱلْمُجْرِمُ لَوْ يَفْتَدِى مِنْ عَذَابِ يَوْمِئِذٍۭ بِبَنِيهِ",
    "tr": "ইউবাসসারূনাহুম ইয়াওয়াদ্দুল মুজরিমুলাও ইয়াফতাদী মিন ‘আযা- বি ইয়াওমিইযিম ব্বিানীহ।",
    "bn_haque": "তাদের পরস্পরকে দৃষ্টিগোচরে রাখা হবে। অপরাধী ব্যক্তি শাস্তি থেকে সেইদিন মুক্তিলাভ করতে চাইবে তার সন্তানদের বিনিময়ে,",
    "bn_muhi": "যদিও একে অপরকে দেখতে পাবে। সেদিন গোনাহগার ব্যক্তি পনস্বরূপ দিতে চাইবে তার সন্তান-সন্ততিকে,",
    "en": "They will be shown each other. The criminal will wish that he could be ransomed from the punishment of that Day by his children"
  },
  {
    "id": 12,
    "ar": "وَصَٰحِبَتِهِۦ وَأَخِيهِ",
    "tr": "ওয়া সা-হিবাতিহী ওয়া আখীহ।",
    "bn_haque": "আর তার সহধর্মিণীর ও তার ভাইয়ের,",
    "bn_muhi": "তার স্ত্রীকে, তার ভ্রাতাকে,",
    "en": "And his wife and his brother"
  },
  {
    "id": 13,
    "ar": "وَفَصِيلَتِهِ ٱلَّتِى تُـْٔوِيهِ",
    "tr": "ওয়া ফাসীলাতিহিল্লাতী তু’বীহ।",
    "bn_haque": "আর তার নিকট-আ‌ত্মীয়ের যারা তাকে আশ্রয় দিত,",
    "bn_muhi": "তার গোষ্ঠীকে, যারা তাকে আশ্রয় দিত।",
    "en": "And his nearest kindred who shelter him"
  },
  {
    "id": 14,
    "ar": "وَمَن فِى ٱلْأَرْضِ جَمِيعًا ثُمَّ يُنجِيهِ",
    "tr": "ওয়া মান ফিল আরদিজামী‘আন ছু ম্মা ইউনজীহ।",
    "bn_haque": "আর যা-কিছু আছে পৃথিবীতে সে-সমস্তটাই, -- যেন তাকে মুক্তি দেওয়া হয়।",
    "bn_muhi": "এবং পৃথিবীর সবকিছুকে, অতঃপর নিজেকে রক্ষা করতে চাইবে।",
    "en": "And whoever is on earth entirely [so] then it could save him."
  },
  {
    "id": 15,
    "ar": "كَلَّآ إِنَّهَا لَظَىٰ",
    "tr": "কাল্লা- ইন্নাহা-লাজা- ।",
    "bn_haque": "কখনোই নয়! নিঃসন্দেহ এটি এক শিখায়িত আগুন, --",
    "bn_muhi": "কখনই নয়। নিশ্চয় এটা লেলিহান অগ্নি।",
    "en": "No! Indeed, it is the Flame [of Hell],"
  },
  {
    "id": 16,
    "ar": "نَزَّاعَةً لِّلشَّوَىٰ",
    "tr": "নাঝঝা‘আতাল লিশশাওয়া-।",
    "bn_haque": "চামড়া ঝলসিয়ে খসাতে উদগ্রীব, --",
    "bn_muhi": "যা চামড়া তুলে দিবে।",
    "en": "A remover of exteriors."
  },
  {
    "id": 17,
    "ar": "تَدْعُوا۟ مَنْ أَدْبَرَ وَتَوَلَّىٰ",
    "tr": "তাদ‘উ মান আদবারা ওয়া তাওয়াল্লা- ।",
    "bn_haque": "এ ডাকবে তাকে যে পালিয়েছিল ও ফিরে গিয়েছিল,",
    "bn_muhi": "সে সেই ব্যক্তিকে ডাকবে যে সত্যের প্রতি পৃষ্ঠপ্রদর্শন করেছিল ও বিমুখ হয়েছিল।",
    "en": "It invites he who turned his back [on truth] and went away [from obedience]"
  },
  {
    "id": 18,
    "ar": "وَجَمَعَ فَأَوْعَىٰٓ",
    "tr": "ওয়া জামা‘আ ফাআও‘আ- ।",
    "bn_haque": "আর জমা করেছিল এবং আটকে রেখেছিল।",
    "bn_muhi": "সম্পদ পুঞ্জীভূত করেছিল, অতঃপর আগলিয়ে রেখেছিল।",
    "en": "And collected [wealth] and hoarded."
  },
  {
    "id": 19,
    "ar": "إِنَّ ٱلْإِنسَٰنَ خُلِقَ هَلُوعًا",
    "tr": "ইন্নাল ইনছা-না খুলিকা হালূ‘আ- ।",
    "bn_haque": "নিঃসন্দেহ মানুষের বেলা -- তাকে সৃষ্টি করা হয়েছে ব্যস্তসমস্ত করে,",
    "bn_muhi": "মানুষ তো সৃজিত হয়েছে ভীরুরূপে।",
    "en": "Indeed, mankind was created anxious:"
  },
  {
    "id": 20,
    "ar": "إِذَا مَسَّهُ ٱلشَّرُّ جَزُوعًا",
    "tr": "ইযা- মাছছাহুশশাররু জাঝূ‘আ- ।",
    "bn_haque": "যখন খারাপ অবস্থা তাকে স্পর্শ করে তখন অতীব ব্যথাতুর,",
    "bn_muhi": "যখন তাকে অনিষ্ট স্পর্শ করে, তখন সে হা-হুতাশ করে।",
    "en": "When evil touches him, impatient,"
  },
  {
    "id": 21,
    "ar": "وَإِذَا مَسَّهُ ٱلْخَيْرُ مَنُوعًا",
    "tr": "ওয়া ইযা-মাছছাহুল খাইরু মানূ‘আ- ।",
    "bn_haque": "আর যখন সচ্ছলতা তাকে স্পর্শ করে তখন হাড়-কিপটে,",
    "bn_muhi": "আর যখন কল্যাণপ্রাপ্ত হয়, তখন কৃপণ হয়ে যায়।",
    "en": "And when good touches him, withholding [of it],"
  },
  {
    "id": 22,
    "ar": "إِلَّا ٱلْمُصَلِّينَ",
    "tr": "ইল্লাল মুসাল্লীন।",
    "bn_haque": "তারা ব্যতীত যারা মুছল্লী, --",
    "bn_muhi": "তবে তারা স্বতন্ত্র, যারা নামায আদায় কারী।",
    "en": "Except the observers of prayer -"
  },
  {
    "id": 23,
    "ar": "ٱلَّذِينَ هُمْ عَلَىٰ صَلَاتِهِمْ دَآئِمُونَ",
    "tr": "আল্লাযীনা হুম ‘আলা-সালা-তিহিম দাইমূন।",
    "bn_haque": "যারা তাদের নামাযের প্রতি স্বতঃনিষ্ঠাবান,",
    "bn_muhi": "যারা তাদের নামাযে সার্বক্ষণিক কায়েম থাকে।",
    "en": "Those who are constant in their prayer"
  },
  {
    "id": 24,
    "ar": "وَٱلَّذِينَ فِىٓ أَمْوَٰلِهِمْ حَقٌّ مَّعْلُومٌ",
    "tr": "ওয়াল্লাযীনা ফীআমওয়া-লিহিম হাক্কুম মা‘লূম।",
    "bn_haque": "আর যারা তাদের ধনসম্পত্তিতে নির্দিষ্ট অধিকার রেখেছে --",
    "bn_muhi": "এবং যাদের ধন-সম্পদে নির্ধারিত হক আছে",
    "en": "And those within whose wealth is a known right"
  },
  {
    "id": 25,
    "ar": "لِّلسَّآئِلِ وَٱلْمَحْرُومِ",
    "tr": "লিছছাইলি ওয়াল মাহরূম।",
    "bn_haque": "ভিখারির ও বঞ্চিতের জন্য,",
    "bn_muhi": "যাঞ্ছাকারী ও বঞ্চিতের",
    "en": "For the petitioner and the deprived -"
  },
  {
    "id": 26,
    "ar": "وَٱلَّذِينَ يُصَدِّقُونَ بِيَوْمِ ٱلدِّينِ",
    "tr": "ওয়াল্লায়ীনা ইউসাদ্দিকূনা বিইয়াওমিদ্দীন।",
    "bn_haque": "আর যারা বিচারের দিনকে সত্য বলে গ্রহণ করে,",
    "bn_muhi": "এবং যারা প্রতিফল দিবসকে সত্য বলে বিশ্বাস করে।",
    "en": "And those who believe in the Day of Recompense"
  },
  {
    "id": 27,
    "ar": "وَٱلَّذِينَ هُم مِّنْ عَذَابِ رَبِّهِم مُّشْفِقُونَ",
    "tr": "ওয়াল্লাযীনা হুম মিন ‘আযা-বি রাব্বিহিম মুশফিকূন।",
    "bn_haque": "আর যারা তাদের প্রভুর শাস্তি সম্পর্কে খোদ ভীতসন্ত্রস্ত, --",
    "bn_muhi": "এবং যারা তাদের পালনকর্তার শাস্তির সম্পর্কে ভীত-কম্পিত।",
    "en": "And those who are fearful of the punishment of their Lord -"
  },
  {
    "id": 28,
    "ar": "إِنَّ عَذَابَ رَبِّهِمْ غَيْرُ مَأْمُونٍ",
    "tr": "ইন্না ‘আযা-বা রাব্বিহিম গাইরু মা’মূন।",
    "bn_haque": "নিশ্চয় তাদের প্রভুর শাস্তি প্রশান্তিদায়ক নয়;",
    "bn_muhi": "নিশ্চয় তাদের পালনকর্তার শাস্তি থেকে নিঃশঙ্কা থাকা যায় না।",
    "en": "Indeed, the punishment of their Lord is not that from which one is safe -"
  },
  {
    "id": 29,
    "ar": "وَٱلَّذِينَ هُمْ لِفُرُوجِهِمْ حَٰفِظُونَ",
    "tr": "ওয়াল্লাযীনাহুম লিফুরূজিহিম হা-ফিজূ ন।",
    "bn_haque": "আর যারা নিজেরাই তাদের আঙ্গিক-কর্তব্যাবলী সম্পর্কে যত্নবান, --",
    "bn_muhi": "এবং যারা তাদের যৌন-অঙ্গকে সংযত রাখে",
    "en": "And those who guard their private parts"
  },
  {
    "id": 30,
    "ar": "إِلَّا عَلَىٰٓ أَزْوَٰجِهِمْ أَوْ مَا مَلَكَتْ أَيْمَٰنُهُمْ فَإِنَّهُمْ غَيْرُ مَلُومِينَ",
    "tr": "ইল্লা-‘আলাআযওয়া-জিহিম আও মা-মালাকাত আইমা-নুহুম ফাইন্নাহুম গাইরু মালূমীন।",
    "bn_haque": "তবে নিজেদের দম্পতি অথবা তাদের ডানহাত যাদের ধরে রেখেছে তাদের ছাড়া, কেননা সেক্ষেত্রে তারা নিন্দনীয় নহে,",
    "bn_muhi": "কিন্তু তাদের স্ত্রী অথবা মালিকানাভূক্ত দাসীদের বেলায় তিরস্কৃত হবে না।",
    "en": "Except from their wives or those their right hands possess, for indeed, they are not to be blamed -"
  },
  {
    "id": 31,
    "ar": "فَمَنِ ٱبْتَغَىٰ وَرَآءَ ذَٰلِكَ فَأُو۟لَٰٓئِكَ هُمُ ٱلْعَادُونَ",
    "tr": "ফামানিবতাগা-ওয়ারা-আ যা-লিকা ফাউলাইকা হুমুল ‘আ-দূন।",
    "bn_haque": "কিন্তু যে এর বাইরে যাওয়া কামনা করে তাহলে তারা নিজেরাই হবে সীমালংঘনকারী।",
    "bn_muhi": "অতএব, যারা এদের ছাড়া অন্যকে কামনা করে, তারাই সীমালংঘনকারী।",
    "en": "But whoever seeks beyond that, then they are the transgressors -"
  },
  {
    "id": 32,
    "ar": "وَٱلَّذِينَ هُمْ لِأَمَٰنَٰتِهِمْ وَعَهْدِهِمْ رَٰعُونَ",
    "tr": "ওয়াল্লাযীনা হুম লিআমা-না-তিহিম ওয়া ‘আহদিহিম রা-‘ঊন।",
    "bn_haque": "আর যারা খোদ তাদের আমানত সন্বন্ধে ও তাদের অংগীকার সন্বন্ধে সজাগ থাকে,",
    "bn_muhi": "এবং যারা তাদের আমানত ও অঙ্গীকার রক্ষা করে",
    "en": "And those who are to their trusts and promises attentive"
  },
  {
    "id": 33,
    "ar": "وَٱلَّذِينَ هُم بِشَهَٰدَٰتِهِمْ قَآئِمُونَ",
    "tr": "ওয়াল্লাযীনা হুম বিশাহা-দা-তিহিম কাইমূন।",
    "bn_haque": "আর যারা স্বয়ং তাদের সাক্ষ্যদানে সুপ্রতিষ্ঠিত,",
    "bn_muhi": "এবং যারা তাদের সাক্ষ্যদানে সরল-নিষ্ঠাবান",
    "en": "And those who are in their testimonies upright"
  },
  {
    "id": 34,
    "ar": "وَٱلَّذِينَ هُمْ عَلَىٰ صَلَاتِهِمْ يُحَافِظُونَ",
    "tr": "ওয়াল্লাযীনা হুম ‘আলা-সালা-তিহিম ইউহা-ফিজূ ন।",
    "bn_haque": "আর যারা নিজেরা তাদের নামায সন্বন্ধে সদা যত্নবান,",
    "bn_muhi": "এবং যারা তাদের নামাযে যত্নবান,",
    "en": "And those who [carefully] maintain their prayer:"
  },
  {
    "id": 35,
    "ar": "أُو۟لَٰٓئِكَ فِى جَنَّٰتٍ مُّكْرَمُونَ",
    "tr": "উলাইকা ফী জান্না-তিম মুকরামূন।",
    "bn_haque": "তারাই থাকবে জান্নাতে পরম সম্মানিত অবস্থায়।",
    "bn_muhi": "তারাই জান্নাতে সম্মানিত হবে।",
    "en": "They will be in gardens, honored."
  },
  {
    "id": 36,
    "ar": "فَمَالِ ٱلَّذِينَ كَفَرُوا۟ قِبَلَكَ مُهْطِعِينَ",
    "tr": "ফামা-লিল্লাযীনা কাফারূ কিবালাকা মুহতি‘ঈন।",
    "bn_haque": "কিন্তু কি হয়েছে তাদের যারা অবিশ্বাস পোষণ করে, যে তারা তোমার দিকে উদগ্রীব হয়ে ছুটে আসছে --",
    "bn_muhi": "অতএব, কাফেরদের কি হল যে, তারা আপনার দিকে উর্ধ্বশ্বাসে ছুটে আসছে।",
    "en": "So what is [the matter] with those who disbelieve, hastening [from] before you, [O Muhammad],"
  },
  {
    "id": 37,
    "ar": "عَنِ ٱلْيَمِينِ وَعَنِ ٱلشِّمَالِ عِزِينَ",
    "tr": "‘আনিল ইয়ামীনি ওয়া‘আনিশশিমা-লি ‘ইঝীন।",
    "bn_haque": "ডান দিক থেকে ও বাম দিক থেকে, দলেদলে?",
    "bn_muhi": "ডান ও বামদিক থেকে দলে দলে।",
    "en": "[To sit] on [your] right and [your] left in separate groups?"
  },
  {
    "id": 38,
    "ar": "أَيَطْمَعُ كُلُّ ٱمْرِئٍ مِّنْهُمْ أَن يُدْخَلَ جَنَّةَ نَعِيمٍ",
    "tr": "আইয়াতমা‘উ কুল্লুম রিইম মিনহুম আইঁ ইউদখালা জান্নাতা না‘ঈম।",
    "bn_haque": "তাদের মধ্যের প্রত্যেক লোকই কি আশা করে যে তাকে প্রবেশ করানো হবে আনন্দময় উদ্যানে?",
    "bn_muhi": "তাদের প্রত্যেকেই কি আশা করে যে, তাকে নেয়ামতের জান্নাতে দাখিল করা হবে?",
    "en": "Does every person among them aspire to enter a garden of pleasure?"
  },
  {
    "id": 39,
    "ar": "كَلَّآ إِنَّا خَلَقْنَٰهُم مِّمَّا يَعْلَمُونَ",
    "tr": "কাল্লা ইন্না- খালাকনা-হুম মিম্মা-ইয়া‘লামূন।",
    "bn_haque": "কখনই না। নিঃসন্দেহ আমরা কি দিয়ে তাদের গড়েছি তা তারা জানে।",
    "bn_muhi": "কখনই নয়, আমি তাদেরকে এমন বস্তু দ্বারা সৃষ্টি করেছি, যা তারা জানে।",
    "en": "No! Indeed, We have created them from that which they know."
  },
  {
    "id": 40,
    "ar": "فَلَآ أُقْسِمُ بِرَبِّ ٱلْمَشَٰرِقِ وَٱلْمَغَٰرِبِ إِنَّا لَقَٰدِرُونَ",
    "tr": "ফালাউকছিমুবিরাব্বিল মাশা-রিকিওয়াল মাগা-রিবি ইন্না- লাকা-দিরূন।",
    "bn_haque": "কিন্তু না, আমি উদয়াচলের ও অস্তাচলের প্রভুর নামে শপথ করছি যে আমরা আলবৎ সমর্থ --",
    "bn_muhi": "আমি শপথ করছি উদয়াচল ও অস্তাচলসমূহের পালনকর্তার, নিশ্চয়ই আমি সক্ষম!",
    "en": "So I swear by the Lord of [all] risings and settings that indeed We are able"
  },
  {
    "id": 41,
    "ar": "عَلَىٰٓ أَن نُّبَدِّلَ خَيْرًا مِّنْهُمْ وَمَا نَحْنُ بِمَسْبُوقِينَ",
    "tr": "‘আলাআন নুবাদ্দিলা খাইরাম মিনহুম ওয়ামা-নাহনুবিমাছবূকীন।",
    "bn_haque": "যে আমরা তাদের চেয়ে ভালোদের দিয়ে বদলে দেব, আর আমরা পরাজিত হবার নই।",
    "bn_muhi": "তাদের পরিবর্তে উৎকৃষ্টতর মানুষ সৃষ্টি করতে এবং এটা আমার সাধ্যের অতীত নয়।",
    "en": "To replace them with better than them; and We are not to be outdone."
  },
  {
    "id": 42,
    "ar": "فَذَرْهُمْ يَخُوضُوا۟ وَيَلْعَبُوا۟ حَتَّىٰ يُلَٰقُوا۟ يَوْمَهُمُ ٱلَّذِى يُوعَدُونَ",
    "tr": "ফাযারহুম ইয়াখূদূওয়া ইয়াল‘আবূহাত্তা-ইউলা-কূইয়াওমাহুমুল্লাযী ইঊ‘আদূন।",
    "bn_haque": "সেজন্য তাদের ছেড়ে দাও গল্পগুজব ও খেলাধুলো করতে যে পর্যন্ত না তারা তাদের সেই দিনটির সাক্ষাৎ পায় যার সন্বন্ধে তাদের ওয়াদা করা হয়েছিল, --",
    "bn_muhi": "অতএব, আপনি তাদেরকে ছেড়ে দিন, তারা বাকবিতন্ডা ও ক্রীড়া-কৌতুক করুক সেই দিবসের সম্মুখীন হওয়া পর্যন্ত, যে দিবসের ওয়াদা তাদের সাথে করা হচ্ছে।",
    "en": "So leave them to converse vainly and amuse themselves until they meet their Day which they are promised -"
  },
  {
    "id": 43,
    "ar": "يَوْمَ يَخْرُجُونَ مِنَ ٱلْأَجْدَاثِ سِرَاعًا كَأَنَّهُمْ إِلَىٰ نُصُبٍ يُوفِضُونَ",
    "tr": "ইয়াওমা ইয়াখরুজূনা মিনাল আজদা-ছিছিরা-‘আন কাআন্নাহুম ইলা-নুসুবিইঁ ইঊফিদূন।",
    "bn_haque": "সেইদিন তারা কবরগুলো থেকে বেরিয়ে আসবে ব্যস্তসমস্ত হয়ে, যেন তারা একটি লক্ষ্যস্থলের দিকে ধাবিত হয়েছে,",
    "bn_muhi": "সে দিন তারা কবর থেকে দ্রুতবেগে বের হবে, যেন তারা কোন এক লক্ষ্যস্থলের দিকে ছুটে যাচ্ছে।",
    "en": "The Day they will emerge from the graves rapidly as if they were, toward an erected idol, hastening."
  },
  {
    "id": 44,
    "ar": "خَٰشِعَةً أَبْصَٰرُهُمْ تَرْهَقُهُمْ ذِلَّةٌ ذَٰلِكَ ٱلْيَوْمُ ٱلَّذِى كَانُوا۟ يُوعَدُونَ",
    "tr": "খা-শি‘আতান আবসা-রুহুম তারহাকুহুম যিল্লাতুন যা-লিকাল ইয়াওমুল্লাযী কা-নূ ইঊ‘আদূ ন।",
    "bn_haque": "তাদের চোখ হবে অবনত, হীনতা তাদের আচ্ছন্ন করবে। এমনটাই সেইদিন যার বিষয়ে তাদের ওয়াদা করা হয়েছিল।",
    "bn_muhi": "তাদের দৃষ্টি থাকবে অবনমিত; তারা হবে হীনতাগ্রস্ত। এটাই সেইদিন, যার ওয়াদা তাদেরকে দেয়া হত।",
    "en": "Their eyes humbled, humiliation will cover them. That is the Day which they had been promised."
  }
]