[
  {
    "id": 1,
    "ar": "يَٰٓأَيُّهَا ٱلْمُزَّمِّلُ",
    "tr": "ইয়াআইয়ুহাল মুঝঝাম্মিল।",
    "bn_haque": "হে বস্ত্রাচ্ছাদনকারী!",
    "bn_muhi": "হে বস্ত্রাবৃত!",
    "en": "O you who wraps himself [in clothing],"
  },
  {
    "id": 2,
    "ar": "قُمِ ٱلَّيْلَ إِلَّا قَلِيلًا",
    "tr": "কুমিল্লাইলা ইল্লা- কালীলা- ।",
    "bn_haque": "তুমি উঠে দাঁড়াও রাতেরবেলা অল্পসময় ব্যতীত, --",
    "bn_muhi": "রাত্রিতে দন্ডায়মান হোন কিছু অংশ বাদ দিয়ে;",
    "en": "Arise [to pray] the night, except for a little -"
  },
  {
    "id": 3,
    "ar": "نِّصْفَهُۥٓ أَوِ ٱنقُصْ مِنْهُ قَلِيلًا",
    "tr": "নিসফাহূআবিনকু স মিনহু কালীলা- ।",
    "bn_haque": "তার অর্ধেক, অথবা তার থেকে কিছুটা কমিয়ে নাও,",
    "bn_muhi": "অর্ধরাত্রি অথবা তদপেক্ষা কিছু কম",
    "en": "Half of it - or subtract from it a little"
  },
  {
    "id": 4,
    "ar": "أَوْ زِدْ عَلَيْهِ وَرَتِّلِ ٱلْقُرْءَانَ تَرْتِيلًا",
    "tr": "আও ঝিদ ‘আলাইহি ওয়া রাত্তিলিল কুরআ-না তারতীলা- ।",
    "bn_haque": "অথবা এর উপরে বাড়িয়ে নাও, আর কুরআন আবৃত্তি করো ধীরস্থিরভাবে শান্ত-সুন্দর আবৃত্তিতে।",
    "bn_muhi": "অথবা তদপেক্ষা বেশী এবং কোরআন আবৃত্তি করুন সুবিন্যস্ত ভাবে ও স্পষ্টভাবে।",
    "en": "Or add to it, and recite the Qur'an with measured recitation."
  },
  {
    "id": 5,
    "ar": "إِنَّا سَنُلْقِى عَلَيْكَ قَوْلًا ثَقِيلًا",
    "tr": "ইন্না- ছানুলকী ‘আলাইকা কাওলান ছাকীলা-।",
    "bn_haque": "নিঃসন্দেহ আমরা তোমার উপরে চাপাচ্ছি এক গুরুভার বাণী।",
    "bn_muhi": "আমি আপনার প্রতি অবতীর্ণ করেছি গুরুত্বপূর্ণ বাণী।",
    "en": "Indeed, We will cast upon you a heavy word."
  },
  {
    "id": 6,
    "ar": "إِنَّ نَاشِئَةَ ٱلَّيْلِ هِىَ أَشَدُّ وَطْـًٔا وَأَقْوَمُ قِيلًا",
    "tr": "ইন্না না-শিআতাল্লাইলি হিয়া আশাদ্দুওয়াত‘আওঁ ওয়া আকওয়ামুকীলা-।",
    "bn_haque": "নিঃসন্দেহ রাত-জেগে উপাসনা -- এ হচ্ছে বলিষ্ঠতম পদক্ষেপ ও সুসংস্থাপিত বক্তব্য।",
    "bn_muhi": "নিশ্চয় এবাদতের জন্যে রাত্রিতে উঠা প্রবৃত্তি দলনে সহায়ক এবং স্পষ্ট উচ্চারণের অনুকূল।",
    "en": "Indeed, the hours of the night are more effective for concurrence [of heart and tongue] and more suitable for words."
  },
  {
    "id": 7,
    "ar": "إِنَّ لَكَ فِى ٱلنَّهَارِ سَبْحًا طَوِيلًا",
    "tr": "ইন্না লাকা ফিন্নাহা-রি ছাবহান তাবিলা- ।",
    "bn_haque": "নিঃসন্দেহ তোমার জন্য দিনের বেলায় রয়েছে সুদীর্ঘ কর্মতৎপরতা।",
    "bn_muhi": "নিশ্চয় দিবাভাগে রয়েছে আপনার দীর্ঘ কর্মব্যস্ততা।",
    "en": "Indeed, for you by day is prolonged occupation."
  },
  {
    "id": 8,
    "ar": "وَٱذْكُرِ ٱسْمَ رَبِّكَ وَتَبَتَّلْ إِلَيْهِ تَبْتِيلًا",
    "tr": "ওয়াযকুরিছমা রাব্বিকা ওয়া তাবাত্তাল ইলাইহি তাবতীলা-।",
    "bn_haque": "সুতরাং তোমার প্রভুর নাম কীর্তন করো এবং তাঁর প্রতি ধ্যানধারণায় মগ্ন হও একনিষ্ঠ ধ্যানে।",
    "bn_muhi": "আপনি আপনার পালনকর্তার নাম স্মরণ করুন এবং একাগ্রচিত্তে তাতে মগ্ন হোন।",
    "en": "And remember the name of your Lord and devote yourself to Him with [complete] devotion."
  },
  {
    "id": 9,
    "ar": "رَّبُّ ٱلْمَشْرِقِ وَٱلْمَغْرِبِ لَآ إِلَٰهَ إِلَّا هُوَ فَٱتَّخِذْهُ وَكِيلًا",
    "tr": "রাব্বুল মাশরিকিওয়াল মাগরিবি লাইলা-হা ইল্লা-হুওয়া ফাত্তাখিযহু ওয়াকীলা- ।",
    "bn_haque": "পূর্বাঞ্চল ও পশ্চিমাঞ্চলের প্রভু, তিনি ব্যতীত কোনো উপাস্য নেই, সুতরাং তাঁকেই কর্ণধাররূপে গ্রহণ করো।",
    "bn_muhi": "তিনি পূর্ব ও পশ্চিমের অধিকর্তা। তিনি ব্যতীত কোন উপাস্য নেই। অতএব, তাঁকেই গ্রহণ করুন কর্মবিধায়করূপে।",
    "en": "[He is] the Lord of the East and the West; there is no deity except Him, so take Him as Disposer of [your] affairs."
  },
  {
    "id": 10,
    "ar": "وَٱصْبِرْ عَلَىٰ مَا يَقُولُونَ وَٱهْجُرْهُمْ هَجْرًا جَمِيلًا",
    "tr": "ওয়াসবির ‘আলা-মা-ইয়াকূ লূনা ওয়াহজুরহুম হাজরান জামীলা- ।",
    "bn_haque": "আর অধ্যবসায় চালিয়ে যাও তারা যা বলে তা সত্ত্বেও, আর তাদের পরিহার করে চলো সৌজন্যময় পরিহারে!",
    "bn_muhi": "কাফেররা যা বলে, তজ্জন্যে আপনি সবর করুন এবং সুন্দরভাবে তাদেরকে পরিহার করে চলুন।",
    "en": "And be patient over what they say and avoid them with gracious avoidance."
  },
  {
    "id": 11,
    "ar": "وَذَرْنِى وَٱلْمُكَذِّبِينَ أُو۟لِى ٱلنَّعْمَةِ وَمَهِّلْهُمْ قَلِيلًا",
    "tr": "ওয়া যারনী ওয়াল মুকাযযিবীনা উলিন না‘মাতি ওয়া মাহহিলহুম কালীলা- ।",
    "bn_haque": "আর ছেড়ে দাও আমাকে এবং সত্যপ্রত্যাখ্যানকারীদের, বিলাস-সামগ্রীর অধিকারীদের, আর তাদের বিরাম দাও অল্পকাল।",
    "bn_muhi": "বিত্ত-বৈভবের অধিকারী মিথ্যারোপকারীদেরকে আমার হাতে ছেড়ে দিন এবং তাদেরকে কিছু অবকাশ দিন।",
    "en": "And leave Me with [the matter of] the deniers, those of ease [in life], and allow them respite a little."
  },
  {
    "id": 12,
    "ar": "إِنَّ لَدَيْنَآ أَنكَالًا وَجَحِيمًا",
    "tr": "ইন্না লাদাইনাআনকা-লাওঁ ওয়া জাহীমা- ।",
    "bn_haque": "নিঃসন্দেহ আমাদের কাছে আছে ভারী শিকল ও জ্বলন্ত আগুন,",
    "bn_muhi": "নিশ্চয় আমার কাছে আছে শিকল ও অগ্নিকুন্ড।",
    "en": "Indeed, with Us [for them] are shackles and burning fire"
  },
  {
    "id": 13,
    "ar": "وَطَعَامًا ذَا غُصَّةٍ وَعَذَابًا أَلِيمًا",
    "tr": "ওয়া তা‘আ-মান যা-গুসসাতিওঁ ওয়া‘আযা-বান আলীমা- ।",
    "bn_haque": "আর খাদ্য যা গলায় আটকে যায়, আর মর্মন্তুদ শাস্তি!",
    "bn_muhi": "গলগ্রহ হয়ে যায় এমন খাদ্য এবং যন্ত্রণাদায়ক শাস্তি।",
    "en": "And food that chokes and a painful punishment -"
  },
  {
    "id": 14,
    "ar": "يَوْمَ تَرْجُفُ ٱلْأَرْضُ وَٱلْجِبَالُ وَكَانَتِ ٱلْجِبَالُ كَثِيبًا مَّهِيلًا",
    "tr": "ইয়াওমা তারজুফুল আরদুওয়ালজিবা-লুওয়াকা-নাতিল জিবা-লুকাছীবাম মাহীলা-।",
    "bn_haque": "সেইদিন পৃথিবী ও পাহাড়গুলো কেঁপে উঠবে, আর পাহাড়গুলো হয়ে যাবে স্তূপাকার বালির গাদা!",
    "bn_muhi": "যেদিন পৃথিবী পর্বতমালা প্রকম্পিত হবে এবং পর্বতসমূহ হয়ে যাবে বহমান বালুকাস্তুপ।",
    "en": "On the Day the earth and the mountains will convulse and the mountains will become a heap of sand pouring down."
  },
  {
    "id": 15,
    "ar": "إِنَّآ أَرْسَلْنَآ إِلَيْكُمْ رَسُولًا شَٰهِدًا عَلَيْكُمْ كَمَآ أَرْسَلْنَآ إِلَىٰ فِرْعَوْنَ رَسُولًا",
    "tr": "ইন্নাআরছালনাইলাইকুম রাছূলান শা-হিদান ‘আলাইকুম কামাআরছালনাইলাফির‘আওনা রাছূলা-।",
    "bn_haque": "নিঃসন্দেহ আমরা তোমাদের কাছে এজন রসূল পাঠিয়েছি, তোমাদের উপরে সাক্ষীরূপে, যেমন আমরা ফিরআউনের কাছে একজন রসূল পাঠিয়েছিলাম।",
    "bn_muhi": "আমি তোমাদের কাছে একজন রসূলকে তোমাদের জন্যে সাক্ষী করে প্রেরণ করেছি, যেমন প্রেরণ করেছিলাম ফেরাউনের কাছে একজন রসূল।",
    "en": "Indeed, We have sent to you a Messenger as a witness upon you just as We sent to Pharaoh a messenger."
  },
  {
    "id": 16,
    "ar": "فَعَصَىٰ فِرْعَوْنُ ٱلرَّسُولَ فَأَخَذْنَٰهُ أَخْذًا وَبِيلًا",
    "tr": "ফা‘আসা- ফির‘আওনুর রাছূলা ফাআখাযনা- হু আখযাওঁ ওয়া বীলা-।",
    "bn_haque": "কিন্ত ফিরআউন সেই রসূলকে অমান্য করেছিল, ফলে আমরা তাকে পাকড়াও করেছিলাম নিদারুণ পাকড়ানোতে।",
    "bn_muhi": "অতঃপর ফেরাউন সেই রসূলকে অমান্য করল, ফলে আমি তাকে কঠিন শাস্তি দিয়েছি।",
    "en": "But Pharaoh disobeyed the messenger, so We seized him with a ruinous seizure."
  },
  {
    "id": 17,
    "ar": "فَكَيْفَ تَتَّقُونَ إِن كَفَرْتُمْ يَوْمًا يَجْعَلُ ٱلْوِلْدَٰنَ شِيبًا",
    "tr": "ফাকাইফা তাত্তাকূনা ইন কাফারতুম ইয়াওমাইঁ ইয়াজ‘আলুল বিলদা-না শীবা- ।",
    "bn_haque": "অতএব কেমন করে তোমরা আ‌ত্মরক্ষা করবে, যদি তোমরা অবিশ্বাস কর সেই দিনকে যেদিন ছেলেপিলেদের চুল পাকিয়ে তুলবে, --",
    "bn_muhi": "অতএব, তোমরা কিরূপে আত্নরক্ষা করবে যদি তোমরা সেদিনকে অস্বীকার কর, যেদিন বালককে করে দিব বৃদ্ধ?",
    "en": "Then how can you fear, if you disbelieve, a Day that will make the children white- haired?"
  },
  {
    "id": 18,
    "ar": "ٱلسَّمَآءُ مُنفَطِرٌۢ بِهِۦ كَانَ وَعْدُهُۥ مَفْعُولًا",
    "tr": "আছছামাউ মুনফাতিরুম বিহী কা-না ওয়া‘দুহূমাফ‘ঊলা-।",
    "bn_haque": "আকাশ হবে বিদীর্ণ? তাঁর ওয়াদা অবশ্যই বাস্তবায়িত হবে।",
    "bn_muhi": "সেদিন আকাশ বিদীর্ণ হবে। তার প্রতিশ্রুতি অবশ্যই বাস্তবায়িত হবে।",
    "en": "The heaven will break apart therefrom; ever is His promise fulfilled."
  },
  {
    "id": 19,
    "ar": "إِنَّ هَٰذِهِۦ تَذْكِرَةٌ فَمَن شَآءَ ٱتَّخَذَ إِلَىٰ رَبِّهِۦ سَبِيلًا",
    "tr": "ইন্না হা- যিহী তাযকিরাতুন ফামান শাআত্তাখাযা ইলা- রাব্বিহী ছাবীলা- ।",
    "bn_haque": "নিশ্চয়ই এটি একটি স্মরণকারী বিষয়, সুতরাং যে ইচ্ছা করে সে তার প্রভুর দিকে পথ ধরুক।",
    "bn_muhi": "এটা উপদেশ। অতএব, যার ইচ্ছা, সে তার পালনকর্তার দিকে পথ অবলম্বন করুক।",
    "en": "Indeed, this is a reminder, so whoever wills may take to his Lord a way."
  },
  {
    "id": 20,
    "ar": "إِنَّ رَبَّكَ يَعْلَمُ أَنَّكَ تَقُومُ أَدْنَىٰ مِن ثُلُثَىِ ٱلَّيْلِ وَنِصْفَهُۥ وَثُلُثَهُۥ وَطَآئِفَةٌ مِّنَ ٱلَّذِينَ مَعَكَ وَٱللَّهُ يُقَدِّرُ ٱلَّيْلَ وَٱلنَّهَارَ عَلِمَ أَن لَّن تُحْصُوهُ فَتَابَ عَلَيْكُمْ فَٱقْرَءُوا۟ مَا تَيَسَّرَ مِنَ ٱلْقُرْءَانِ عَلِمَ أَن سَيَكُونُ مِنكُم مَّرْضَىٰ وَءَاخَرُونَ يَضْرِبُونَ فِى ٱلْأَرْضِ يَبْتَغُونَ مِن فَضْلِ ٱللَّهِ وَءَاخَرُونَ يُقَٰتِلُونَ فِى سَبِيلِ ٱللَّهِ فَٱقْرَءُوا۟ مَا تَيَسَّرَ مِنْهُ وَأَقِيمُوا۟ ٱلصَّلَوٰةَ وَءَاتُوا۟ ٱلزَّكَوٰةَ وَأَقْرِضُوا۟ ٱللَّهَ قَرْضًا حَسَنًا وَمَا تُقَدِّمُوا۟ لِأَنفُسِكُم مِّنْ خَيْرٍ تَجِدُوهُ عِندَ ٱللَّهِ هُوَ خَيْرًا وَأَعْظَمَ أَجْرًا وَٱسْتَغْفِرُوا۟ ٱللَّهَ إِنَّ ٱللَّهَ غَفُورٌ رَّحِيمٌۢ",
    "tr": "ইন্না রাব্বাকা ইয়া‘লামুআন্নাকা তাকূমুআদনা- মিন ছু লুছাইল্লাইলি ওয়া নিসফাহূওয়া ছু লুছাহূওয়া তাইফাতুম মিনাল্লাযীনা মা‘আকা ওয়াল্লা-হু ইউকাদ্দিরুল্লাইলা ওয়ান্নাহা-রা ‘আলিমা আল্লান তুহসূহু ফাতা-বা ‘আলাইকুম ফাকরাঊ মা- তায়াছছারা মিনাল কুরআ-নি ‘আলিমা আন ছাইয়াকূনুমিনকুম মারদা- ওয়া আ-খারূনা ইয়াদরিবূনা ফিল আরদিইয়াবতাগূনা মিন ফাদলিল্লা-হি ওয়া আ- খারূনা ইউকাতিলূনা ফী ছাবীলিল্লা-হি ফাকরাঊ মা-তায়াছছারা মিনহু ওয়া আকীমুসসালা-তা ওয়া আ-তুঝঝাকা-তা ওয়া আকরিদূ ল্লা-হা কারদান হাছানাও ওয়ামা- তুকাদ্দিমূ লিআনফুছিকুম মিন খাইরিন তাজিদূ হু ‘ইনদাল্লা-হি হুওয়া খাইরাওঁ ওয়া আ‘জামা আজরাও ওয়াছতাগফিরুল্লা-হা ইন্নাল্লা-হা গাফূরুর রাহীম।",
    "bn_haque": "তোমার প্রভু অবশ্য জানেন যে তুমি তো জেগে থাক রাতের প্রায় দুই-তৃতীয়াংশ, আর তার অর্ধেক আর তার এক-তৃতীয়াংশ, আর তোমার সঙ্গে যারা আছে তাদের একটি দলও। আর আল্লাহ্ রাত ও দিনের পরিমাপ রক্ষা করেন। তিনি জানেন যে তোমরা কখনো এর হিসাব রাখতে পারবে না, কাজেই তিনি তোমাদের দিকে ফিরেছেন, সেজন্য কুরআন থেকে যতটা তোমাদের জন্য সহজ ততটা আবৃত্তি করো। তিনি জানেন যে তোমাদের কেউ-কেউ রোগগ্রস্ত হবে এবং অন্যেরা দুনিয়াতে চষে বেড়াবে আল্লাহ্‌র করুণাভান্ডারের সন্ধানে, আর অন্যান্যরা আল্লাহ্‌র পথে যুদ্ধ করবে, সেজন্য এ-থেকে যতটা তোমরা সহজ মনে কর ততটা আবৃত্তি করো, আর নামায কায়েম রেখো ও যাকাত আদায় করো এবং আল্লাহ্‌কে ঋণদান করো উত্তম ঋণ। আর যা কিছু সৎকাজ তোমরা নিজেদের জন্য আগবাড়াও তা তোমরা আল্লাহ্‌র কাছে পাবে, -- সেটিই বেশি ভাল ও বিরাট প্রতিদান। আর আল্লাহ্‌র কাছে পরিত্রাণ খোঁজো, নিঃসন্দেহ আল্লাহ্ পরিত্রাণকারী, অফুরন্ত ফলদাতা।",
    "bn_muhi": "আপনার পালনকর্তা জানেন, আপনি এবাদতের জন্যে দন্ডায়মান হন রাত্রির প্রায় দু’তৃতীয়াংশ, অর্ধাংশ ও তৃতীয়াংশ এবং আপনার সঙ্গীদের একটি দলও দন্ডায়মান হয়। আল্লাহ দিবা ও রাত্রি পরিমাপ করেন। তিনি জানেন, তোমরা এর পূর্ণ হিসাব রাখতে পার না। অতএব তিনি তোমাদের প্রতি ক্ষমা পরায়ন হয়েছেন। কাজেই কোরআনের যতটুকু তোমাদের জন্যে সহজ, ততটুকু আবৃত্তি কর। তিনি জানেন তোমাদের মধ্যে কেউ কেউ অসুস্থ হবে, কেউ কেউ আল্লাহর অনুগ্রহ সন্ধানে দেশে-বিদেশে যাবে এবং কেউ কেউ আল্লাহর পথে জেহাদে লিপ্ত হবে। কাজেই কোরআনের যতটুকু তোমাদের জন্যে সহজ ততটুকু আবৃত্তি কর। তোমরা নামায কায়েম কর, যাকাত দাও এবং আল্লাহকে উত্তম ঋণ দাও। তোমরা নিজেদের জন্যে যা কিছু অগ্রে পাঠাবে, তা আল্লাহর কাছে উত্তম আকারে এবং পুরস্কার হিসেবে বর্ধিতরূপে পাবে। তোমরা আল্লাহর কাছে ক্ষমাপ্রার্থনা কর। নিশ্চয় আল্লাহ ক্ষমাশীল, দয়ালু।",
    "en": "Indeed, your Lord knows, [O Muhammad], that you stand [in prayer] almost two thirds of the night or half of it or a third of it, and [so do] a group of those with you. And Allah determines [the extent of] the night and the day. He has known that you [Muslims] will not be able to do it and has turned to you in forgiveness, so recite what is easy [for you] of the Qur'an. He has known that there will be among you those who are ill and others traveling throughout the land seeking [something] of the bounty of Allah and others fighting for the cause of Allah . So recite what is easy from it and establish prayer and give zakah and loan Allah a goodly loan. And whatever good you put forward for yourselves - you will find it with Allah . It is better and greater in reward. And seek forgiveness of Allah . Indeed, Allah is Forgiving and Merciful."
  }
]