[
  {
    "id": 1,
    "ar": "ٱلْحَمْدُ لِلَّهِ ٱلَّذِى لَهُۥ مَا فِى ٱلسَّمَٰوَٰتِ وَمَا فِى ٱلْأَرْضِ وَلَهُ ٱلْحَمْدُ فِى ٱلْءَاخِرَةِ وَهُوَ ٱلْحَكِيمُ ٱلْخَبِيرُ",
    "tr": "আলহামদুলিল্লা-হিল্লাযী লাহূমা-ফিছ ছামা-ওয়া-তি ওয়ামা-ফিল আরদিওয়া লাহুল হামদুফিল আ-খিরাতি ওয়াহুওয়াল হাকীমুল খাবীর।",
    "bn_haque": "সমস্ত প্রশংসা আল্লাহ্‌র, তিনিই যাঁর অধীনে রয়েছে যা-কিছু আছে মহাকাশমন্ডলীতে ও যা-কিছু আছে পৃথিবীতে, আর তাঁরই সব প্রশংসা পরলোকে। আর তিনিই পরমজ্ঞানী, পূর্ণ ওয়াকিফহান।",
    "bn_muhi": "সমস্ত প্রশংসা আল্লাহর, যিনি নভোমন্ডলে যা আছে এবং ভূমন্ডলে যা আছে সব কিছুর মালিক এবং তাঁরই প্রশংসা পরকালে। তিনি প্রজ্ঞাময়, সর্বজ্ঞ।",
    "en": "[All] praise is [due] to Allah, to whom belongs whatever is in the heavens and whatever is in the earth, and to Him belongs [all] praise in the Hereafter. And He is the Wise, the Acquainted."
  },
  {
    "id": 2,
    "ar": "يَعْلَمُ مَا يَلِجُ فِى ٱلْأَرْضِ وَمَا يَخْرُجُ مِنْهَا وَمَا يَنزِلُ مِنَ ٱلسَّمَآءِ وَمَا يَعْرُجُ فِيهَا وَهُوَ ٱلرَّحِيمُ ٱلْغَفُورُ",
    "tr": "ইয়া‘লামুমা-ইয়ালিজুফিল আরদিওয়ামা-ইয়াখরুজুমিনহা-ওয়ামা-ইয়ানঝিলু মিনাছছামাই ওয়ামা-ইয়া‘রুজুফীহা- ওয়া হুওয়ার রাহীমুল গাফূর।",
    "bn_haque": "তিনি জানেন যা মাটির ভেতরে প্রবেশ করে আর যা তা থেকে বেরিয়ে আসে, আর যা আকাশ থেকে নেমে আসে আর যা তাতে উঠে যায়। আর তিনিই অফুরন্ত ফলদাতা, পরিত্রাণকারী।",
    "bn_muhi": "তিনি জানেন যা ভূগর্ভে প্রবেশ করে, যা সেখান থেকে নির্গত হয়, যা আকাশ থেকে বর্ষিত হয় এবং যা আকাশে উত্থিত হয়। তিনি পরম দয়ালু ক্ষমাশীল।",
    "en": "He knows what penetrates into the earth and what emerges from it and what descends from the heaven and what ascends therein. And He is the Merciful, the Forgiving."
  },
  {
    "id": 3,
    "ar": "وَقَالَ ٱلَّذِينَ كَفَرُوا۟ لَا تَأْتِينَا ٱلسَّاعَةُ قُلْ بَلَىٰ وَرَبِّى لَتَأْتِيَنَّكُمْ عَٰلِمِ ٱلْغَيْبِ لَا يَعْزُبُ عَنْهُ مِثْقَالُ ذَرَّةٍ فِى ٱلسَّمَٰوَٰتِ وَلَا فِى ٱلْأَرْضِ وَلَآ أَصْغَرُ مِن ذَٰلِكَ وَلَآ أَكْبَرُ إِلَّا فِى كِتَٰبٍ مُّبِينٍ",
    "tr": "ওয়া কা-লাল্লাযীনা কাফারূ লা-তা’তীনাছছা-‘আতু কুলবালা-ওয়া রাববী লাতা’তিইয়ান্নাকুম ‘আ-লিমিল গাইবি লা-ইয়া‘ঝুবু‘আনহু মিছকা-লুযাররাতিন ফিছছামা-ওয়া-তি ওয়ালা-ফিল আরদিওয়ালাআসগারু মিন যা-লিকা ওয়ালাআকবারু ইল্লা-ফী কিতা-বিম মুবীন।",
    "bn_haque": "আর যারা অবিশ্বাস পোষণ করে তারা বলে -- \"ঘড়িঘন্টা আমাদের উপরে আসবে না।\" তুমি বলো -- \"হাঁ, আমার প্রভুর কসম, এটি অবশ্যই তোমাদের উপরে এসে পড়বে, তিনি অদৃশ্য সন্বন্ধে পরিজ্ঞাত। এক অণুর ওজন পরিমাণও তাঁর থেকে লুকোনো যাবে না মহাকাশমন্ডলীতে, আর পৃথিবীতেও নয়, আর তার থেকে আরো ছোটও নেই এবং বড়ও নেই, -- বরং তা লিপিবদ্ধ রয়েছে এক সুস্পষ্ট গ্রন্থে, --",
    "bn_muhi": "কাফেররা বলে আমাদের উপর কেয়ামত আসবে না। বলুন কেন আসবে না? আমার পালনকর্তার শপথ-অবশ্যই আসবে। তিনি অদৃশ্য সম্পর্কে জ্ঞাত। নভোমন্ডলে ও ভূ-মন্ডলে তাঁর আগোচরে নয় অণু পরিমাণ কিছু, না তদপেক্ষা ক্ষুদ্র এবং না বৃহৎ-সমস্তই আছে সুস্পষ্ট কিতাবে।",
    "en": "But those who disbelieve say, \"The Hour will not come to us.\" Say, \"Yes, by my Lord, it will surely come to you. [ Allah is] the Knower of the unseen.\" Not absent from Him is an atom's weight within the heavens or within the earth or [what is] smaller than that or greater, except that it is in a clear register -"
  },
  {
    "id": 4,
    "ar": "لِّيَجْزِىَ ٱلَّذِينَ ءَامَنُوا۟ وَعَمِلُوا۟ ٱلصَّٰلِحَٰتِ أُو۟لَٰٓئِكَ لَهُم مَّغْفِرَةٌ وَرِزْقٌ كَرِيمٌ",
    "tr": "লিইয়াজঝিয়াল্লাযীনা আ-মানূওয়া ‘আমিলুসসা-লিহা-তি উলাইকা লাহুম মাগফিরাতুওঁ ওয়ারিঝকুন কারীম।",
    "bn_haque": "যেন তিনি প্রতিদান দিতে পারেন তাদের যারা ঈমান এনেছে ও সৎকাজ করেছে । এরাই -- এদেরই জন্য রয়েছে পরিত্রাণ এবং এক সম্মানিত জীবিকা।",
    "bn_muhi": "তিনি পরিণামে যারা মুমিন ও সৎকর্ম পরায়ণ, তাদেরকে প্রতিদান দেবেন। তাদের জন্য রয়েছে ক্ষমা ও সম্মান জনক রিযিক।",
    "en": "That He may reward those who believe and do righteous deeds. Those will have forgiveness and noble provision."
  },
  {
    "id": 5,
    "ar": "وَٱلَّذِينَ سَعَوْ فِىٓ ءَايَٰتِنَا مُعَٰجِزِينَ أُو۟لَٰٓئِكَ لَهُمْ عَذَابٌ مِّن رِّجْزٍ أَلِيمٌ",
    "tr": "ওয়াল্লাযীনা ছা‘আও ফী আয়া-তিনা- মু‘আজিঝীনা উলাইকা লাহুম ‘আযা-বুম্মির রিজঝিন আলীম।",
    "bn_haque": "আর যারা আমাদের নির্দেশাবলীকে ব্যর্থ করার প্রচেষ্টা চালায়, এরাই -- এদেরই জন্য রয়েছে এক মর্মন্তুদ দুর্দশার শাস্তি।",
    "bn_muhi": "আর যারা আমার আয়াত সমূহকে ব্যর্থ করার জন্য উঠে পড়ে লেগে যায়, তাদের জন্যে রয়েছে যন্ত্রনাদায়ক শাস্তি।",
    "en": "But those who strive against Our verses [seeking] to cause failure - for them will be a painful punishment of foul nature."
  },
  {
    "id": 6,
    "ar": "وَيَرَى ٱلَّذِينَ أُوتُوا۟ ٱلْعِلْمَ ٱلَّذِىٓ أُنزِلَ إِلَيْكَ مِن رَّبِّكَ هُوَ ٱلْحَقَّ وَيَهْدِىٓ إِلَىٰ صِرَٰطِ ٱلْعَزِيزِ ٱلْحَمِيدِ",
    "tr": "ওয়া ইয়ারাল্লাযীনা ঊতুল ‘ইলমাল্লাযীউনঝিলা ইলাইকা মির রাব্বিকা হুওয়াল হাক্কা ওয়া ইয়াহদীইলা-সিরা-তিল ‘আঝীঝিল হামীদ।",
    "bn_haque": "আর যাদের জ্ঞান দেওয়া হয়েছে তারা দেখতে পায় যে তোমার কাছে তোমার প্রভুর কাছ থেকে যা অবতারণ করা হয়েছে তাই সত্য, আর তা পরিচালিত করে মহাশক্তিশালী পরম প্রশংসিতের পথে।",
    "bn_muhi": "যারা জ্ঞানপ্রাপ্ত, তারা আপনার পালনকর্তার নিকট থেকে অবর্তীর্ণ কোরআনকে সত্য জ্ঞান করে এবং এটা মানুষকে পরাক্রমশালী, প্রশংসার্হ আল্লাহর পথ প্রদর্শন করে।",
    "en": "And those who have been given knowledge see that what is revealed to you from your Lord is the truth, and it guides to the path of the Exalted in Might, the Praiseworthy."
  },
  {
    "id": 7,
    "ar": "وَقَالَ ٱلَّذِينَ كَفَرُوا۟ هَلْ نَدُلُّكُمْ عَلَىٰ رَجُلٍ يُنَبِّئُكُمْ إِذَا مُزِّقْتُمْ كُلَّ مُمَزَّقٍ إِنَّكُمْ لَفِى خَلْقٍ جَدِيدٍ",
    "tr": "ওয়া কা-লাল্লাযীনা কাফারূহাল নাদুল্লুকুম ‘আলা-রাজুলিইঁ ইউনাব্বিউকুম ইযা-মুঝঝিকতুম কুল্লা মুমাঝঝাকিন ইন্নাকুম লাফী খালকিন জাদীদ।",
    "bn_haque": "আর যারা অবিশ্বাস করে তারা বলে -- \"আমরা কি তোমাদের সন্ধান দেব এমন এক ব্যক্তির যে তোমাদের জানায় যে যখন তোমরা চুরমার হয়ে গেছো পুরোপুরি চূর্ণবিচূর্ণ অবস্থায়, তখনও তোমরা কিন্তু নতুন সৃষ্টি লাভ করবে?",
    "bn_muhi": "কাফেররা বলে, আমরা কি তোমাদেরকে এমন ব্যক্তির সন্ধান দেব, যে তোমাদেরকে খবর দেয় যে; তোমরা সম্পুর্ণ ছিন্ন-বিচ্ছিন্ন হয়ে গেলেও তোমরা নতুন সৃজিত হবে।",
    "en": "But those who disbelieve say, \"Shall we direct you to a man who will inform you [that] when you have disintegrated in complete disintegration, you will [then] be [recreated] in a new creation?"
  },
  {
    "id": 8,
    "ar": "أَفْتَرَىٰ عَلَى ٱللَّهِ كَذِبًا أَم بِهِۦ جِنَّةٌۢ بَلِ ٱلَّذِينَ لَا يُؤْمِنُونَ بِٱلْءَاخِرَةِ فِى ٱلْعَذَابِ وَٱلضَّلَٰلِ ٱلْبَعِيدِ",
    "tr": "আফতারা-‘আলাল্লা-হি কাযিবান আম বিহী জিন্নাতুম বালিল্লাযীনা লা-ইউ’মিনূনা বিলআ-খিরাতি ফিল ‘আযা-বি ওয়াদ্দালা-লিল বা‘ঈদ।",
    "bn_haque": "\"সে আল্লাহ্‌র বিরুদ্ধে হয় মিথ্যা রচনা করেছে, নয়তো তার মধ্যে রয়েছে জিনভূত।\" বস্তুতঃ যারা পরকালে বিশ্বাস করে না তারা আছে শাস্তিতে ও সুদূরপ্রসারী বিভ্রান্তিতে।",
    "bn_muhi": "সে আল্লাহ সম্পর্কে মিথ্যা বলে, না হয় সে উম্মাদ এবং যারা পরকালে অবিশ্বাসী, তারা আযাবে ও ঘোর পথভ্রষ্টতায় পতিত আছে।",
    "en": "Has he invented about Allah a lie or is there in him madness?\" Rather, they who do not believe in the Hereafter will be in the punishment and [are in] extreme error."
  },
  {
    "id": 9,
    "ar": "أَفَلَمْ يَرَوْا۟ إِلَىٰ مَا بَيْنَ أَيْدِيهِمْ وَمَا خَلْفَهُم مِّنَ ٱلسَّمَآءِ وَٱلْأَرْضِ إِن نَّشَأْ نَخْسِفْ بِهِمُ ٱلْأَرْضَ أَوْ نُسْقِطْ عَلَيْهِمْ كِسَفًا مِّنَ ٱلسَّمَآءِ إِنَّ فِى ذَٰلِكَ لَءَايَةً لِّكُلِّ عَبْدٍ مُّنِيبٍ",
    "tr": "আফালাম ইয়ারাও ইলা-মা-বাইনা আইদীহিম ওয়ামা- খালফাহুম মিনাছছামাই ওয়াল আরদি ইন নাশা’ নাখছিফ বিহিমূল আরদা আও নুছকিতআলাইহিম কিছাফাম মিনাছছামাই ইন্না ফী যা-লিকা লাআ-য়াতাল লিকুল্লি ‘আবদিম মুনীব।",
    "bn_haque": "তারা কি তবে দেখে না তাদের সামনে কী রয়েছে আর কী রয়েছে তাদের পেছনে -- মহাকাশে ও পৃথিবীতে। আমরা যদি চাইতাম তবে তাদের সঙ্গে পৃথিবীকে ধসিয়ে দিতাম, অথবা তাদের উপরে আকাশ থেকে একটি চাঙড় ফেলে দিতাম। নিঃসন্দেহ এতে তো এক নিদর্শন রয়েছে প্রত্যাবৃত প্রত্যেক বান্দার জন্য।",
    "bn_muhi": "তারা কি তাদের সামনের ও পশ্চাতের আকাশ ও পৃথিবীর প্রতিলক্ষ্য করে না? আমি ইচ্ছা করলে তাদের সহ ভূমি ধসিয়ে দেব অথবা আকাশের কোন খন্ড তাদের উপর পতিত করব। আল্লাহ অভিমুখী প্রত্যেক বান্দার জন্য এতে অবশ্যই নিদর্শন রয়েছে।",
    "en": "Then, do they not look at what is before them and what is behind them of the heaven and earth? If We should will, We could cause the earth to swallow them or [could] let fall upon them fragments from the sky. Indeed in that is a sign for every servant turning back [to Allah ]."
  },
  {
    "id": 10,
    "ar": "وَلَقَدْ ءَاتَيْنَا دَاوُۥدَ مِنَّا فَضْلًا يَٰجِبَالُ أَوِّبِى مَعَهُۥ وَٱلطَّيْرَ وَأَلَنَّا لَهُ ٱلْحَدِيدَ",
    "tr": "ওয়া লাকাদ আ-তাইনা দা-ঊদা মিন্না-ফাদলাইঁ ইয়া-জিবা-লুআওব্বিী মা‘আহূ ওয়াত্তাইরা ওয়া আলান্না-লাহুল হাদীদ।",
    "bn_haque": "আর আমরা নিশ্চয়ই দাউদকে আমাদের কাছ থেকে দিয়েছিলাম করুণাভান্ডার। \"হে পাহাড়গুলো! তাঁর সঙ্গে একমুখো হও, আর পাখীরাও।\" আর লোহাকেও আমরা তাঁর জন্য গলিয়েছিলাম,",
    "bn_muhi": "আমি দাউদের প্রতি অনুগ্রহ করেছিলাম এই আদেশ মর্মে যে, হে পর্বতমালা, তোমরা দাউদের সাথে আমার পবিত্রতা ঘোষণা কর এবং হে পক্ষী সকল, তোমরাও। আমি তাঁর জন্য লৌহকে নরম করে ছিলাম।",
    "en": "And We certainly gave David from Us bounty. [We said], \"O mountains, repeat [Our] praises with him, and the birds [as well].\" And We made pliable for him iron,"
  },
  {
    "id": 11,
    "ar": "أَنِ ٱعْمَلْ سَٰبِغَٰتٍ وَقَدِّرْ فِى ٱلسَّرْدِ وَٱعْمَلُوا۟ صَٰلِحًا إِنِّى بِمَا تَعْمَلُونَ بَصِيرٌ",
    "tr": "আনি‘মাল ছা-বিগা-তিওঁ ওয়া কাদ্দির ফিছছারদি ওয়া‘মালূসা-লিহান ইন্নী বিমাতা‘মালূনা বাসীর।",
    "bn_haque": "এই বলে -- \"তুমি চওড়া বর্ম তৈরি কর, আর আংটাসমূহে যথাযথ পরিমাপ দাও, আর তোমরা সৎকর্ম কর। নিঃসন্দেহ তোমরা যা করছ আমি তার সম্যক দ্রষ্টা।\"",
    "bn_muhi": "এবং তাকে আমি বলে ছিলাম, প্রশস্ত বর্ম তৈরী কর, কড়াসমূহ যথাযথভাবে সংযুক্ত কর এবং সৎকর্ম সম্পাদন কর। তোমরা যা কিছু কর, আমি তা দেখি।",
    "en": "[Commanding him], \"Make full coats of mail and calculate [precisely] the links, and work [all of you] righteousness. Indeed I, of what you do, am Seeing.\""
  },
  {
    "id": 12,
    "ar": "وَلِسُلَيْمَٰنَ ٱلرِّيحَ غُدُوُّهَا شَهْرٌ وَرَوَاحُهَا شَهْرٌ وَأَسَلْنَا لَهُۥ عَيْنَ ٱلْقِطْرِ وَمِنَ ٱلْجِنِّ مَن يَعْمَلُ بَيْنَ يَدَيْهِ بِإِذْنِ رَبِّهِۦ وَمَن يَزِغْ مِنْهُمْ عَنْ أَمْرِنَا نُذِقْهُ مِنْ عَذَابِ ٱلسَّعِيرِ",
    "tr": "ওয়া লিছুলাইমা-নাররীহা গুদুওউহা-শাহরুওঁ ওয়ারাওয়া-হুহা-শাহরুওঁ ওয়া আছালনালাহু ‘আইনাল কিতরি ওয়ামিনাল জিন্নি মাইঁ ইয়া‘মালুবাইনা ইয়াদাইহি বিইযনি রাব্বিহী ওয়া মাইঁ ইয়াঝিগ মিনহুম ‘আন আমরিনা-নুযিকহু মিন ‘আযা-বিছছা‘ঈর।",
    "bn_haque": "আর সুলাইমানের জন্য বায়ূপ্রবাহ। এর সকালবেলাকার গতি একমাস এবং এর বিকেলবেলার গতি একমাস, আর আমরা তার জন্য তামার নদী বইয়ে দিয়েছিলাম। আর তাদের মধ্যের যে কেউ আমাদের নির্দেশ থেকে সরে যেত তাকে আমরা আস্বাদন করাতাম জ্বলন্ত আগুনের শাস্তি থেকে।",
    "bn_muhi": "আর আমি সোলায়মানের অধীন করেছিলাম বায়ুকে, যা সকালে এক মাসের পথ এবং বিকালে এক মাসের পথ অতিক্রম করত। আমি তার জন্যে গলিত তামার এক ঝরণা প্রবাহিত করেছিলাম। কতক জিন তার সামনে কাজ করত তার পালনকর্তার আদেশে। তাদের যে কেউ আমার আদেশ অমান্য করবে, আমি জ্বলন্ত অগ্নির-শাস্তি আস্বাদন করাব।",
    "en": "And to Solomon [We subjected] the wind - its morning [journey was that of] a month - and its afternoon [journey was that of] a month, and We made flow for him a spring of [liquid] copper. And among the jinn were those who worked for him by the permission of his Lord. And whoever deviated among them from Our command - We will make him taste of the punishment of the Blaze."
  },
  {
    "id": 13,
    "ar": "يَعْمَلُونَ لَهُۥ مَا يَشَآءُ مِن مَّحَٰرِيبَ وَتَمَٰثِيلَ وَجِفَانٍ كَٱلْجَوَابِ وَقُدُورٍ رَّاسِيَٰتٍ ٱعْمَلُوٓا۟ ءَالَ دَاوُۥدَ شُكْرًا وَقَلِيلٌ مِّنْ عِبَادِىَ ٱلشَّكُورُ",
    "tr": "ইয়া‘মালূনা লাহু মা-ইয়াশাউ মিম মাহা-রীবা ওয়া তামা-ছীলা ওয়া জিফা-নিন কাল জাওয়া-বি ওয়া কুদূ রির রা-ছিয়া-তিন ই‘মালূআ-লা দা-ঊদা শুকরাওঁ ওয়া কালীলুম মিন ‘ইবা-দিয়াশশাকূর।",
    "bn_haque": "তারা তাঁর জন্য তৈরি করত যা তিনি চাইতেন, যথা দুর্গপ্রাসাদ ও ভাস্কর্য-প্রতিমূর্তি, আর গামলার ন্যায় থালা, আর অনড়-হয়ে- বসা ডেগ। \"হে দাউদের পরিবার! কৃতজ্ঞতার সাথে কাজ করে যাও।\" আর আমার বান্দাদের মধ্যে অল্পকয়জনই কৃতজ্ঞ।",
    "bn_muhi": "তারা সোলায়মানের ইচ্ছানুযায়ী দুর্গ, ভাস্কর্য, হাউযসদৃশ বৃহদাকার পাত্র এবং চুল্লির উপর স্থাপিত বিশাল ডেগ নির্মাণ করত। হে দাউদ পরিবার! কৃতজ্ঞতা সহকারে তোমরা কাজ করে যাও। আমার বান্দাদের মধ্যে অল্পসংখ্যকই কৃতজ্ঞ।",
    "en": "They made for him what he willed of elevated chambers, statues, bowls like reservoirs, and stationary kettles. [We said], \"Work, O family of David, in gratitude.\" And few of My servants are grateful."
  },
  {
    "id": 14,
    "ar": "فَلَمَّا قَضَيْنَا عَلَيْهِ ٱلْمَوْتَ مَا دَلَّهُمْ عَلَىٰ مَوْتِهِۦٓ إِلَّا دَآبَّةُ ٱلْأَرْضِ تَأْكُلُ مِنسَأَتَهُۥ فَلَمَّا خَرَّ تَبَيَّنَتِ ٱلْجِنُّ أَن لَّوْ كَانُوا۟ يَعْلَمُونَ ٱلْغَيْبَ مَا لَبِثُوا۟ فِى ٱلْعَذَابِ ٱلْمُهِينِ",
    "tr": "ফালাম্মা-কাদাইনা-‘আলাইহিল মাওতা মা-দাল্লাহুম ‘আলা-মাওতিহী-ইল্লা-দাব্বাতুল আরদিতা’কুলুমিন ছাআতাহু ফালাম্মা-খাররা তাবাইয়ানাতিল জিন্নুআল্লাও কা-নূ ইয়া‘লামূনাল গাইবা মা-লাবিছূফিল ‘আযা-বিল মুহীন।",
    "bn_haque": "তারপর যখন আমরা তাঁর প্রতি মৃত্যুবিধান করেছিলাম তখন কিছুই তাদের কাছে তাঁর মৃত্যু সন্বন্ধে জানতে দেয় নি শুধু এক মাটির কীট ব্যতীত, সে খেয়ে ফেলেছিল তাঁর শাঁস। তারপর যখন তার পতন ঘটল তখন জিনেরা পরিস্কারভাবে বুঝলো যে যদি তারা অদৃশ্যটা জানতো তাহলে তারা লাঞ্ছনাদায়ক শাস্তিতে অবস্থান করত না।",
    "bn_muhi": "যখন আমি সোলায়মানের মৃত্যু ঘটালাম, তখন ঘুণ পোকাই জিনদেরকে তাঁর মৃত্যু সম্পর্কে অবহিত করল। সোলায়মানের লাঠি খেয়ে যাচ্ছিল। যখন তিনি মাটিতে পড়ে গেলেন, তখন জিনেরা বুঝতে পারল যে, অদৃশ্য বিষয়ের জ্ঞান থাকলে তারা এই লাঞ্ছনাপূর্ণ শাস্তিতে আবদ্ধ থাকতো না।",
    "en": "And when We decreed for Solomon death, nothing indicated to the jinn his death except a creature of the earth eating his staff. But when he fell, it became clear to the jinn that if they had known the unseen, they would not have remained in humiliating punishment."
  },
  {
    "id": 15,
    "ar": "لَقَدْ كَانَ لِسَبَإٍ فِى مَسْكَنِهِمْ ءَايَةٌ جَنَّتَانِ عَن يَمِينٍ وَشِمَالٍ كُلُوا۟ مِن رِّزْقِ رَبِّكُمْ وَٱشْكُرُوا۟ لَهُۥ بَلْدَةٌ طَيِّبَةٌ وَرَبٌّ غَفُورٌ",
    "tr": "লাকাদ কা-না লিছাবাইন ফী মাছকানিহিম আ-য়াতুন জান্নাতা-নি আইঁ ইয়ামীনিওঁ ওয়াশিমা-লিন কুলূমির রিযকিরাব্বিকুম ওয়াশকুরূলাহূ বালদাতুন তাইয়িবাতুওঁ ওয়া রাব্বুন গাফূর।",
    "bn_haque": "সাবা’র জন্য তাদের বাসভূমিতে নিশ্চয়ই একটি নিদর্শন ছিল -- দুইটি বাগান, ডান দিকে ও বাঁয়ে। \"তোমাদের প্রভুর রিযেক থেকে আহার করো ও তাঁর প্রতি কৃতজ্ঞতা প্রকাশ করো। এক উৎকৃষ্ট ভূখন্ড এবং একজন পরিত্রাণকারী প্রভু।",
    "bn_muhi": "সাবার অধিবাসীদের জন্যে তাদের বাসভূমিতে ছিল এক নিদর্শন-দুটি উদ্যান, একটি ডানদিকে, একটি বামদিকে। তোমরা তোমাদের পালনকর্তার রিযিক খাও এবং তাঁর প্রতি কৃতজ্ঞতা প্রকাশ কর। স্বাস্থ্যকর শহর এবং ক্ষমাশীল পালনকর্তা।",
    "en": "There was for [the tribe of] Saba' in their dwelling place a sign: two [fields of] gardens on the right and on the left. [They were told], \"Eat from the provisions of your Lord and be grateful to Him. A good land [have you], and a forgiving Lord.\""
  },
  {
    "id": 16,
    "ar": "فَأَعْرَضُوا۟ فَأَرْسَلْنَا عَلَيْهِمْ سَيْلَ ٱلْعَرِمِ وَبَدَّلْنَٰهُم بِجَنَّتَيْهِمْ جَنَّتَيْنِ ذَوَاتَىْ أُكُلٍ خَمْطٍ وَأَثْلٍ وَشَىْءٍ مِّن سِدْرٍ قَلِيلٍ",
    "tr": "ফাআ‘রাদূ ফাআরছালনা-‘আলাইহিম ছাইলাল ‘আরিমি ওয়া বাদ্দালনা-হুম বিজান্নাতাইহিম জান্নাতাইনি যাওয়া-তাই উকুলিন খামতিওঁ ওয়া আছলিওঁ ওয়া শাইয়িম মিন ছিদরিন কালীল।",
    "bn_haque": "কিন্তু তারা বিমুখ হয়েছিল, তাই আমরা তাদের উপরে পাঠিয়েছিলাম আল্‌-আরিমের বন্যা, আর তাদের জন্য আমরা বদলে দিয়েছিলাম তাদের দুই বাগানের স্থলে দুই বাগান যাতে ফলে বিস্বাদ ফলমূল আর ঝোপঝাড় ও কিছু-কিছু বন্যফল।",
    "bn_muhi": "অতঃপর তারা অবাধ্যতা করল ফলে আমি তাদের উপর প্রেরণ করলাম প্রবল বন্যা! আর তাদের উদ্যানদ্বয়কে পরিবর্তন করে দিলাম এমন দুই উদ্যানে, যাতে উদগত হয় বিস্বাদ ফলমূল, ঝাউ গাছ এবং সামান্য কুলবৃক্ষ।",
    "en": "But they turned away [refusing], so We sent upon them the flood of the dam, and We replaced their two [fields of] gardens with gardens of bitter fruit, tamarisks and something of sparse lote trees."
  },
  {
    "id": 17,
    "ar": "ذَٰلِكَ جَزَيْنَٰهُم بِمَا كَفَرُوا۟ وَهَلْ نُجَٰزِىٓ إِلَّا ٱلْكَفُورَ",
    "tr": "যা-লিকা জাঝাইনা-হুম বিমা-কাফারূ ওয়া হাল নুজা-ঝীইল্লাল কাফূর।",
    "bn_haque": "এইটিই আমরা তাদের প্রতিদান দিয়েছিলাম যেহেতু তারা অবিশ্বাস করেছিল। আর আমরা কি প্রাপ্য শোধ করি অকৃতজ্ঞদের ব্যতীত।",
    "bn_muhi": "এটা ছিল কুফরের কারণে তাদের প্রতি আমার শাস্তি। আমি অকৃতজ্ঞ ব্যতীত কাউকে শাস্তি দেই না।",
    "en": "[By] that We repaid them because they disbelieved. And do We [thus] repay except the ungrateful?"
  },
  {
    "id": 18,
    "ar": "وَجَعَلْنَا بَيْنَهُمْ وَبَيْنَ ٱلْقُرَى ٱلَّتِى بَٰرَكْنَا فِيهَا قُرًى ظَٰهِرَةً وَقَدَّرْنَا فِيهَا ٱلسَّيْرَ سِيرُوا۟ فِيهَا لَيَالِىَ وَأَيَّامًا ءَامِنِينَ",
    "tr": "ওয়া জা‘আলনা-বাইনাহুম ওয়া বাইনাল কুরাল্লাতী বা-রাকনা-ফীহা-কুরান জা-হিরাতাওঁ ওয়াকাদ্দারনা-ফীহাছছাইরা ছীরূফীহা-লায়া-লিয়া ওয়া আইইয়া-মান আ-মিনীন।",
    "bn_haque": "আর তাদের ও সেই শহরগুলোর যাতে আমরা অনুগ্রহ অর্পণ করেছিলাম, তাদের মাঝে আমরা স্থাপন করেছিলাম দৃশ্যমান জনবসতি, আর তাদের মধ্যে ভ্রমণস্তর ঠিক করে দিয়েছিলাম, -- \"তোমরা এসবে রাতে ও দিনে নিরাপদে পরিভ্রমণ কর।\"",
    "bn_muhi": "তাদের এবং যেসব জনপদের লোকদের প্রতি আমি অনুগ্রহ করেছিলম সেগুলোর মধ্যবর্তী স্থানে অনেক দৃশ্যমান জনপদ স্থাপন করেছিলাম এবং সেগুলোতে ভ্রমণ নির্ধারিত করেছিলাম। তোমরা এসব জনপদে রাত্রে ও দিনে নিরাপদে ভ্রমণ কর।",
    "en": "And We placed between them and the cities which We had blessed [many] visible cities. And We determined between them the [distances of] journey, [saying], \"Travel between them by night or day in safety.\""
  },
  {
    "id": 19,
    "ar": "فَقَالُوا۟ رَبَّنَا بَٰعِدْ بَيْنَ أَسْفَارِنَا وَظَلَمُوٓا۟ أَنفُسَهُمْ فَجَعَلْنَٰهُمْ أَحَادِيثَ وَمَزَّقْنَٰهُمْ كُلَّ مُمَزَّقٍ إِنَّ فِى ذَٰلِكَ لَءَايَٰتٍ لِّكُلِّ صَبَّارٍ شَكُورٍ",
    "tr": "ফাকা-লূরাব্বানা-বা-‘ইদ বাইনা আছফা-রিনা-ওয়া জালামূআনফুছাহুম ফাজা‘আলনাহুম আহা-দীছা ওয়া মাঝঝাকনা-হুম কুল্লা মুমাঝঝাকিন ইন্না ফী যা-লিকা লাআ-য়াতিল লিকুল্লি সাব্বা-রিন শাকূর।",
    "bn_haque": "কিন্তু তারা বললে -- \"আমাদের প্রভু! আমাদের পর্যটন-স্তরগুলোর মধ্যে দূরত্ব বাড়িয়ে দাও।\" আর তাদের নিজেদেরই প্রতি তারা অন্যায় করেছিল, ফলে আমরা তাদের বানিয়েছিলাম কাহিনীর বিষয়বস্তু, আর আমরা তাদের ভেঙ্গেচুরে দিয়েছিলাম পুরোপুরি চুরমার করে। নিঃসন্দেহ এতে তো নিদর্শনসমূহ রয়েছে প্রত্যেক অধ্যবসায়ী কৃতজ্ঞের জন্য।",
    "bn_muhi": "অতঃপর তারা বলল, হে আমাদের পালনকর্তা, আমাদের ভ্রমণের পরিসর বাড়িয়ে দাও। তারা নিজেদের প্রতি জুলুম করেছিল। ফলে আমি তাদেরকে উপাখ্যানে পরিণত করলাম এবং সম্পূর্ণরূপে ছিন্ন-বিচ্ছিন্ন করে দিলাম। নিশ্চয় এতে প্রত্যেক ধৈর্যশীল কৃতজ্ঞের জন্যে নিদর্শনাবলী রয়েছে।",
    "en": "But [insolently] they said, \"Our Lord, lengthen the distance between our journeys,\" and wronged themselves, so We made them narrations and dispersed them in total dispersion. Indeed in that are signs for everyone patient and grateful."
  },
  {
    "id": 20,
    "ar": "وَلَقَدْ صَدَّقَ عَلَيْهِمْ إِبْلِيسُ ظَنَّهُۥ فَٱتَّبَعُوهُ إِلَّا فَرِيقًا مِّنَ ٱلْمُؤْمِنِينَ",
    "tr": "ওয়া লাকাদ সাদ্দাকা ‘আলাইহিম ইবলীছূজান্নাহূফাত্তাবা‘ঊহু ইল্লা-ফারীকাম মিনাল মু’মিনীন।",
    "bn_haque": "আর ইবলিস নিশ্চয়ই তার অনুমানকে সঠিক ঠাওরেছিল, কেননা মুমিনদের একটি দল ব্যতীত তারা তার অনুসরণ করেছিল।",
    "bn_muhi": "আর তাদের উপর ইবলীস তার অনুমান সত্য হিসেবে প্রতিষ্ঠিত করল। ফলে তাদের মধ্যে মুমিনদের একটি দল ব্যতীত সকলেই তার পথ অনুসরণ করল।",
    "en": "And Iblees had already confirmed through them his assumption, so they followed him, except for a party of believers."
  },
  {
    "id": 21,
    "ar": "وَمَا كَانَ لَهُۥ عَلَيْهِم مِّن سُلْطَٰنٍ إِلَّا لِنَعْلَمَ مَن يُؤْمِنُ بِٱلْءَاخِرَةِ مِمَّنْ هُوَ مِنْهَا فِى شَكٍّ وَرَبُّكَ عَلَىٰ كُلِّ شَىْءٍ حَفِيظٌ",
    "tr": "ওয়া মা-কা-না লাহূ‘আলাইহিম মিন ছুলতা-নিন ইল্লা-লিনা‘লামা মাইঁ ইউ’মিনুবিলআখিরাতি মিম্মান হুওয়া মিনহা-ফী শাক্কিওঁ ওয়া রাব্বুকা ‘আলা-কুল্লি শাইয়িন হাফীজ।",
    "bn_haque": "কিন্তু তাদের উপরে আধিপত্যের কোনো অস্তিত্ব তার জন্য নেই এই ব্যতীত যে আমরা যেন জানতে পারি তাকে যে পরকালে বিশ্বাস করে তার থেকে যে সে-সন্বন্ধে সন্দেহের মধ্যে রয়েছে। আর তোমার প্রভু সব-কিছুর উপরে হেফাজতকারী।",
    "bn_muhi": "তাদের উপর শয়তানের কোন ক্ষমতা ছিল না, তবে কে পরকালে বিশ্বাস করে এবং কে তাতে সন্দেহ করে, তা প্রকাশ করাই ছিল আমার উদ্দেশ্য। আপনার পালনকর্তা সব বিষয়ে তত্ত্বাবধায়ক।",
    "en": "And he had over them no authority except [it was decreed] that We might make evident who believes in the Hereafter from who is thereof in doubt. And your Lord, over all things, is Guardian."
  },
  {
    "id": 22,
    "ar": "قُلِ ٱدْعُوا۟ ٱلَّذِينَ زَعَمْتُم مِّن دُونِ ٱللَّهِ لَا يَمْلِكُونَ مِثْقَالَ ذَرَّةٍ فِى ٱلسَّمَٰوَٰتِ وَلَا فِى ٱلْأَرْضِ وَمَا لَهُمْ فِيهِمَا مِن شِرْكٍ وَمَا لَهُۥ مِنْهُم مِّن ظَهِيرٍ",
    "tr": "কুলিদ ‘উল্লাযীনা ঝা‘আমতুম মিন দূ নিল্লা-হি লা-ইয়ামলিকূনা মিছকা-লা যাররাতিন ফিছ ছামা-ওয়া-তি ওয়ালা-ফিল আরদিওয়ামা-লাহুম ফীহিমা-মিন শিরকিওঁ ওয়ামা-লাহূ মিনহুম মিন জাহীর।",
    "bn_haque": "তুমি বলো -- \"আল্লাহ্‌কে বাদ দিয়ে যাদের তোমরা কল্পনা করেছ তাদের ডাকো, তারা অণুর পরিমাপেও কোনো ক্ষমতা রাখে না মহাকাশমন্ডলীতে আর পৃথিবীতেও নয়, আর তাদের জন্য এই দুইয়ের মধ্যে কোনো একটা শরিকানাও নেই, আর তাদের মধ্যে থেকে তার জন্য কোনো পৃষ্ঠপোষকতাও নেই।\"",
    "bn_muhi": "বলুন, তোমরা তাদেরকে আহবান কর, যাদেরকে উপাস্য মনে করতে আল্লাহ ব্যতীত। তারা নভোমন্ডল ও ভূ-মন্ডলের অনু পরিমাণ কোন কিছুর মালিক নয়, এতে তাদের কোন অংশও নেই এবং তাদের কেউ আল্লাহর সহায়কও নয়।",
    "en": "Say, [O Muhammad], \"Invoke those you claim [as deities] besides Allah .\" They do not possess an atom's weight [of ability] in the heavens or on the earth, and they do not have therein any partnership [with Him], nor is there for Him from among them any assistant."
  },
  {
    "id": 23,
    "ar": "وَلَا تَنفَعُ ٱلشَّفَٰعَةُ عِندَهُۥٓ إِلَّا لِمَنْ أَذِنَ لَهُۥ حَتَّىٰٓ إِذَا فُزِّعَ عَن قُلُوبِهِمْ قَالُوا۟ مَاذَا قَالَ رَبُّكُمْ قَالُوا۟ ٱلْحَقَّ وَهُوَ ٱلْعَلِىُّ ٱلْكَبِيرُ",
    "tr": "ওয়ালা-তানফা‘উশশাফা-‘আতু‘ইনদাহূইল্লা-লিমান আযিনা লাহূ হাত্তাইযাফুঝঝি‘আ ‘আন কুলূবিহিম কা-লূমা-যা-  কা-লা রাব্বুকুম কা-লুল হাক্কা  ওয়া হুওয়াল ‘আলিইয়ুল কাবীর।",
    "bn_haque": "আর তাঁর কাছে সুপারিশে কোনো সুফল দেবে না, তার ক্ষেত্রে ব্যতীত যাকে তিনি অনুমতি দিয়েছেন, যে পর্যন্ত না তাদের অন্তর থেকে ভয়-ভাবনা দূর হয়ে যাবে, তারা বলবে -- \"কি সেটা যা তোমাদের প্রভু বলেছিলেন?\" তারা বলবে -- \"সত্য। আর তিনিই মহোচ্চ, মহামহিম।\"",
    "bn_muhi": "যার জন্যে অনুমতি দেয়া হয়, তার জন্যে ব্যতীত আল্লাহর কাছে কারও সুপারিশ ফলপ্রসূ হবে না। যখন তাদের মন থেকে ভয়-ভীতি দূর হয়ে যাবে, তখন তারা পরস্পরে বলবে, তোমাদের পালনকর্তা কি বললেন? তারা বলবে, তিনি সত্য বলেছেন এবং তিনিই সবার উপরে মহান।",
    "en": "And intercession does not benefit with Him except for one whom He permits. [And those wait] until, when terror is removed from their hearts, they will say [to one another], \"What has your Lord said?\" They will say, \"The truth.\" And He is the Most High, the Grand."
  },
  {
    "id": 24,
    "ar": "قُلْ مَن يَرْزُقُكُم مِّنَ ٱلسَّمَٰوَٰتِ وَٱلْأَرْضِ قُلِ ٱللَّهُ وَإِنَّآ أَوْ إِيَّاكُمْ لَعَلَىٰ هُدًى أَوْ فِى ضَلَٰلٍ مُّبِينٍ",
    "tr": "কুল মাইঁ ইয়ার ঝুকুকুম মিনাছছামা-ওয়া-তি ওয়াল আরদি কুল্লিলা-হু ওয়া ইন্নাআও ইয়্যা-কুম লা‘আলা-হুদান আও ফী দালা-লিম মুবীন।",
    "bn_haque": "বলো -- \"কে তোমাদের রিষেক দান করেন মহাকাশমন্ডলী ও পৃথিবী থেকে?\" তুমি বলে দাও -- \"আল্লাহ্‌। আর নিঃসন্দেহ আমরা অথবা তোমরা নিশ্চয়ই সঠিক পথে রয়েছি, নয়তো স্পষ্ট বিভ্রান্তিতে আছি।\"",
    "bn_muhi": "বলুন, নভোমন্ডল ও ভূ-মন্ডল থেকে কে তোমাদের কে রিযিক দেয়। বলুন, আল্লাহ। আমরা অথবা তোমরা সৎপথে অথবা স্পষ্ট বিভ্রান্তিতে আছি ও আছ?",
    "en": "Say, \"Who provides for you from the heavens and the earth?\" Say, \" Allah . And indeed, we or you are either upon guidance or in clear error.\""
  },
  {
    "id": 25,
    "ar": "قُل لَّا تُسْـَٔلُونَ عَمَّآ أَجْرَمْنَا وَلَا نُسْـَٔلُ عَمَّا تَعْمَلُونَ",
    "tr": "কুল লা-তুছআলূনা ‘আম্মাআজরামনা-ওয়ালা-নুছআলু‘আম্মা-তা‘মালূন।",
    "bn_haque": "বলো -- \"তোমাদের জবাবদিহি করতে হবে না আমরা যা অপরাধ করেছি সেজন্য, আর আমাদেরও জবাবদিহি করতে হবে না তোমরা যা কর সে-সন্বন্ধে।",
    "bn_muhi": "বলুন, আমাদের অপরাধের জন্যে তোমরা জিজ্ঞাসিত হবে না এবং তোমরা যা কিছু কর, সে সম্পর্কে আমরা জিজ্ঞাসিত হব না।",
    "en": "Say, \"You will not be asked about what we committed, and we will not be asked about what you do.\""
  },
  {
    "id": 26,
    "ar": "قُلْ يَجْمَعُ بَيْنَنَا رَبُّنَا ثُمَّ يَفْتَحُ بَيْنَنَا بِٱلْحَقِّ وَهُوَ ٱلْفَتَّاحُ ٱلْعَلِيمُ",
    "tr": "কুল ইয়াজমা‘উ বাইনানা-রাব্বুনা-ছু ম্মা ইয়াফতাহূবাইনানা-বিল হাক্কি ওয়া হুওয়াল ফাত্তা-হুল ‘আলীম।",
    "bn_haque": "তুমি বলো -- \"আমাদের প্রভু আমাদের পরস্পরের সঙ্গে সমবেত করবেন, তারপর তিনি আমাদের মধ্যে মীমাংসা করবেন ন্যায়ের সাথে। আর তিনিই শ্রেষ্ঠ বিচাকর, পরমজ্ঞানী।\"",
    "bn_muhi": "বলুন, আমাদের পালনকর্তা আমাদেরকে সমবেত করবেন, অতঃপর তিনি আমাদের মধ্যে সঠিকভাবে ফয়সালা করবেন। তিনি ফয়সালাকারী, সর্বজ্ঞ।",
    "en": "Say, \"Our Lord will bring us together; then He will judge between us in truth. And He is the Knowing Judge.\""
  },
  {
    "id": 27,
    "ar": "قُلْ أَرُونِىَ ٱلَّذِينَ أَلْحَقْتُم بِهِۦ شُرَكَآءَ كَلَّا بَلْ هُوَ ٱللَّهُ ٱلْعَزِيزُ ٱلْحَكِيمُ",
    "tr": "কুল আরূনিয়াল্লাযীনা আলহাকতুম বিহী শুরাকাআ কাল্লা- বাল হুওয়াল্লা-হুল ‘আঝীঝুল হাকীম।",
    "bn_haque": "তুমি বলো -- \"আমাকে তাদের দেখাও যাদের তোমরা তাঁর সঙ্গে অংশী স্থির করেছ। কখনও না! বরং তিনিই আল্লাহ্ -- মহাশক্তিশালী, পরমজ্ঞানী।\"",
    "bn_muhi": "বলুন, তোমরা যাদেরকে আল্লাহর সাথে অংশীদাররূপে সংযুক্ত করেছ, তাদেরকে এনে আমাকে দেখাও। বরং তিনিই আল্লাহ, পরাক্রমশীল, প্রজ্ঞাময়।",
    "en": "Say, \"Show me those whom you have attached to Him as partners. No! Rather, He [alone] is Allah, the Exalted in Might, the Wise.\""
  },
  {
    "id": 28,
    "ar": "وَمَآ أَرْسَلْنَٰكَ إِلَّا كَآفَّةً لِّلنَّاسِ بَشِيرًا وَنَذِيرًا وَلَٰكِنَّ أَكْثَرَ ٱلنَّاسِ لَا يَعْلَمُونَ",
    "tr": "ওয়ামাআরছালনা-কা ইল্লা-কাফফাতাল লিন্না-ছি বাশীরাওঁ ওয়ানাযীরাওঁ ওয়ালা-কিন্না আকছারান্না-ছি লা-ইয়া‘লামূন।",
    "bn_haque": "আর আমরা তোমাকে পাঠাই নি সমগ্র মানবজাতির জন্য সুসংবাদদাতা ও সতর্ককারীরূপে ভিন্ন, কিন্তু অধিকাংশ লোকেই জানে না।",
    "bn_muhi": "আমি আপনাকে সমগ্র মানবজাতির জন্যে সুসংবাদাতা ও সতর্ককারী রূপে পাঠিয়েছি; কিন্তু অধিকাংশ মানুষ তা জানে না।",
    "en": "And We have not sent you except comprehensively to mankind as a bringer of good tidings and a warner. But most of the people do not know."
  },
  {
    "id": 29,
    "ar": "وَيَقُولُونَ مَتَىٰ هَٰذَا ٱلْوَعْدُ إِن كُنتُمْ صَٰدِقِينَ",
    "tr": "ওয়া ইয়াকূলূনা মাতা-হা-যাল ওয়া‘দুইন কুনতুম সা-দিকীন।",
    "bn_haque": "আর তারা বলে -- \"কখন এই ওয়াদা হবে, যদি তোমরা সত্যবাদী হও?\"",
    "bn_muhi": "তারা বলে, তোমরা যদি সত্যবাদী হও, তবে বল, এ ওয়াদা কখন বাস্তবায়িত হবে?",
    "en": "And they say, \"When is this promise, if you should be truthful?\""
  },
  {
    "id": 30,
    "ar": "قُل لَّكُم مِّيعَادُ يَوْمٍ لَّا تَسْتَـْٔخِرُونَ عَنْهُ سَاعَةً وَلَا تَسْتَقْدِمُونَ",
    "tr": "কুল্লাকুম মী‘আ-দু ইয়াওমিল লা-তাছতা’খিরূনা ‘আনহু ছা-‘আতাওঁ ওয়ালাতাছতাকদিমূন।",
    "bn_haque": "তুমি বলো -- \"তোমাদের জন্য একটি দিনের মেয়াদ ধার্য রয়েছে যা থেকে তোমরা এক ঘড়ির জন্যেও পিছিয়ে থাকতে পারবে না, আর এগিয়েও আসতে পারবে না!\"",
    "bn_muhi": "বলুন, তোমাদের জন্যে একটি দিনের ওয়াদা রয়েছে যাকে তোমরা এক মহূর্তও বিলম্বিত করতে পারবে না এবং ত্বরান্বিত ও করতে পারবে না।",
    "en": "Say, \"For you is the appointment of a Day [when] you will not remain thereafter an hour, nor will you precede [it].\""
  },
  {
    "id": 31,
    "ar": "وَقَالَ ٱلَّذِينَ كَفَرُوا۟ لَن نُّؤْمِنَ بِهَٰذَا ٱلْقُرْءَانِ وَلَا بِٱلَّذِى بَيْنَ يَدَيْهِ وَلَوْ تَرَىٰٓ إِذِ ٱلظَّٰلِمُونَ مَوْقُوفُونَ عِندَ رَبِّهِمْ يَرْجِعُ بَعْضُهُمْ إِلَىٰ بَعْضٍ ٱلْقَوْلَ يَقُولُ ٱلَّذِينَ ٱسْتُضْعِفُوا۟ لِلَّذِينَ ٱسْتَكْبَرُوا۟ لَوْلَآ أَنتُمْ لَكُنَّا مُؤْمِنِينَ",
    "tr": "ওয়াকা-লাল্লাযীনা কাফারূ লান নু’মিনা বিহা-যাল কুরআ-নি ওয়ালা-বিল্লাযীবাইনা ইয়াদাইহি ওয়ালাও তারাইযিজ্জা-লিমূনা মাওকূফূনা ‘ইনদা রাব্বিহিম ইয়ারজি‘উ বা‘দুহুম ইলা-বা‘দিনিল কাওলা ইয়াকূলুল্লাযীনাছতুদ‘ইফূলিল্লাযীনাছতাকবারূ লাওলাআনতুম লাকুন্না-মু’মিনীন।",
    "bn_haque": "আর যারা অবিশ্বাস করে তারা বলে -- \"আমরা কিছুতেই এই কুরআনে বিশ্বাস করব না, আর এর আগে যা রয়েছে তাতেও না।\" আর তুমি যদি দেখতে যখন অন্যায়াচারীদের দাঁড় করানো হবে তাদের প্রভুর সামনে! তাদের কেউ কেউ অপরদের প্রতি বাক্যবান ফিরিয়ে দিতে থাকবে! যাদের দুর্বল করা হয়েছিল তারা তখন বলবে তাদের যারা মাতব্বরি করেছিল -- \"তোমাদের জন্য না হলে আমরা নিশ্চয়ই বিশ্বাসী হতাম।\"",
    "bn_muhi": "কাফেররা বলে, আমরা কখনও এ কোরআনে বিশ্বাস করব না এবং এর পূর্ববর্তী কিতাবেও নয়। আপনি যদি পাপিষ্ঠদেরকে দেখতেন, যখন তাদেরকে তাদের পালনকর্তার সামনে দাঁড় করানো হবে, , তখন তারা পরস্পর কথা কাটাকাটি করবে। যাদেরকে দুর্বল মনে করা হত, তারা অহংকারীদেরকে বলবে, তোমরা না থাকলে আমরা অবশ্যই মুমিন হতাম।",
    "en": "And those who disbelieve say, \"We will never believe in this Qur'an nor in that before it.\" But if you could see when the wrongdoers are made to stand before their Lord, refuting each other's words... Those who were oppressed will say to those who were arrogant, \"If not for you, we would have been believers.\""
  },
  {
    "id": 32,
    "ar": "قَالَ ٱلَّذِينَ ٱسْتَكْبَرُوا۟ لِلَّذِينَ ٱسْتُضْعِفُوٓا۟ أَنَحْنُ صَدَدْنَٰكُمْ عَنِ ٱلْهُدَىٰ بَعْدَ إِذْ جَآءَكُم بَلْ كُنتُم مُّجْرِمِينَ",
    "tr": "কা-লাল্লাযীনাছতাকবারূলিল্লাযীনাছতুদ‘ইফূ আনাহনুসাদাদ না-কুম ‘আনিল হুদা-বা‘দা ইযজাআকুম বাল কুনতুম মুজরিমীন।",
    "bn_haque": "যারা মাতব্বরি করেছিল তারা বলবে তাদের যাদের দুর্বল করা হয়েছিল -- \"আমরা কি তোমাদের বাধা দিয়েছিলাম পথনির্দেশ থেকে এটি তোমাদের কাছে আসার পরে? বরং তোমারই তো ছিলে অপরাধী?\"",
    "bn_muhi": "অহংকারীরা দুর্বলকে বলবে, তোমাদের কাছে হেদায়েত আসার পর আমরা কি তোমাদেরকে বাধা দিয়েছিলাম? বরং তোমরাই তো ছিলে অপরাধী।",
    "en": "Those who were arrogant will say to those who were oppressed, \"Did we avert you from guidance after it had come to you? Rather, you were criminals.\""
  },
  {
    "id": 33,
    "ar": "وَقَالَ ٱلَّذِينَ ٱسْتُضْعِفُوا۟ لِلَّذِينَ ٱسْتَكْبَرُوا۟ بَلْ مَكْرُ ٱلَّيْلِ وَٱلنَّهَارِ إِذْ تَأْمُرُونَنَآ أَن نَّكْفُرَ بِٱللَّهِ وَنَجْعَلَ لَهُۥٓ أَندَادًا وَأَسَرُّوا۟ ٱلنَّدَامَةَ لَمَّا رَأَوُا۟ ٱلْعَذَابَ وَجَعَلْنَا ٱلْأَغْلَٰلَ فِىٓ أَعْنَاقِ ٱلَّذِينَ كَفَرُوا۟ هَلْ يُجْزَوْنَ إِلَّا مَا كَانُوا۟ يَعْمَلُونَ",
    "tr": "ওয়াকা-লাল্লাযীনাছতুদ‘ইফূলিল্লাযীনাছতাকবারূবাল মাকরুল লাইলি ওয়ান্নাহা-রি ইয তা’মুরূনানাআন নাকফুরা বিল্লা-হি ওয়ানাজ‘আলা লাহূআনদা-দাওঁ ওয়া আছাররুন্নাদামাতা লাম্মা-রাআউল ‘আযা-বা ওয়াজা‘আলনাল আগলা-লা ফীআ‘নাকিল্লাযীনা কাফারূ হাল ইউজঝাওনা ইল্লা-মা-কা-নূইয়া‘মালূন।",
    "bn_haque": "আর যাদের দুর্বল করা হয়েছিল তারা বলবে তাদের যারা গর্ব করছিল -- \"বস্তুত রাত ও দিনের চক্রান্ত, যখন তোমরা আমাদের হুকুম করতে যেন আমরা আল্লাহ্‌কে অবিশ্বাস করি এবং তাঁর সঙ্গে অংশী স্থাপন করি।\" আর তারা যখন শাস্তি প্রত্যক্ষ করবে তখন তারা আফসোসে আকুল হবে। আর যারা অবিশ্বাস পোষণ করত তাদের গলায় আমরা শিকল পরাব। তাদের কি প্রতিদান দেওয়া হচ্ছে তারা যা করে চলেছিল তা ছাড়া অন্য কিছু দিয়ে।",
    "bn_muhi": "দুর্বলরা অহংকারীদেরকে বলবে, বরং তোমরাই তো দিবারাত্রি চক্রান্ত করে আমাদেরকে নির্দেশ দিতে যেন আমরা আল্লাহকে না মানি এবং তাঁর অংশীদার সাব্যস্ত করি তারা যখন শাস্তি দেখবে, তখন মনের অনুতাপ মনেই রাখবে। বস্তুতঃ আমি কাফেরদের গলায় বেড়ী পরাব। তারা সে প্রতিফলই পেয়ে থাকে যা তারা করত।",
    "en": "Those who were oppressed will say to those who were arrogant, \"Rather, [it was your] conspiracy of night and day when you were ordering us to disbelieve in Allah and attribute to Him equals.\" But they will [all] confide regret when they see the punishment; and We will put shackles on the necks of those who disbelieved. Will they be recompensed except for what they used to do?"
  },
  {
    "id": 34,
    "ar": "وَمَآ أَرْسَلْنَا فِى قَرْيَةٍ مِّن نَّذِيرٍ إِلَّا قَالَ مُتْرَفُوهَآ إِنَّا بِمَآ أُرْسِلْتُم بِهِۦ كَٰفِرُونَ",
    "tr": "ওয়ামা আরছালনা-ফী কারইয়াতিম মিন নাযীরিন ইল্লা-কা-লা মুতরাফূহা ইন্না বিমাউরছিলতুম বিহী কা-ফিরূন।",
    "bn_haque": "আর আমরা কোনো জনপদে সতর্ককারীদের কাউকেও পাঠাই নি যার বিত্তবান লোকেরা না বলেছে -- \"নিঃসন্দেহ তোমাদের যা দিয়ে পাঠানো হয়েছে তাতে আমরা অবিশ্বাসী!\"",
    "bn_muhi": "কোন জনপদে সতর্ককারী প্রেরণ করা হলেই তার বিত্তশালী অধিবাসীরা বলতে শুরু করেছে, তোমরা যে বিষয়সহ প্রেরিত হয়েছ, আমরা তা মানি না।",
    "en": "And We did not send into a city any warner except that its affluent said, \"Indeed we, in that with which you were sent, are disbelievers.\""
  },
  {
    "id": 35,
    "ar": "وَقَالُوا۟ نَحْنُ أَكْثَرُ أَمْوَٰلًا وَأَوْلَٰدًا وَمَا نَحْنُ بِمُعَذَّبِينَ",
    "tr": "ওয়া কা-লূনাহনুআকছারু আমওয়া-লাওঁ ওয়াআওলা-দাওঁ ওয়ামা-নাহনু বিমু‘আযযাবীন।",
    "bn_haque": "আর তারা বলত -- \"আমরা ধনসম্পত্তি ও সন্তানসন্ততিতে সংখ্যাগরিষ্ঠ, সুতরাং আমরা তো শাস্তি পাবার পাত্র নই।\"",
    "bn_muhi": "তারা আরও বলেছে, আমরা ধনে-জনে সমৃদ্ধ, সুতরাং আমরা শাস্তিপ্রাপ্ত হব না।",
    "en": "And they said, \"We are more [than the believers] in wealth and children, and we are not to be punished.\""
  },
  {
    "id": 36,
    "ar": "قُلْ إِنَّ رَبِّى يَبْسُطُ ٱلرِّزْقَ لِمَن يَشَآءُ وَيَقْدِرُ وَلَٰكِنَّ أَكْثَرَ ٱلنَّاسِ لَا يَعْلَمُونَ",
    "tr": "কুল ইন্না রাববী ইয়াবছুতু ররিঝকালিমাইঁ ইয়াশাউওয়াইয়াকদিরু ওয়া লা-কিন্না আকছারান্না-ছি লা-ইয়া‘লামূন।",
    "bn_haque": "তুমি বলো -- \"আমার প্রভু যার জন্য ইচ্ছা করেন জীবিকা বাড়িয়ে দেন এবং সীমিতও করেন, কিন্তু অধিাকাংশ লোকেই জানে না।\"",
    "bn_muhi": "বলুন, আমার পালনকর্তা যাকে ইচ্ছা রিযিক বাড়িয়ে দেন এবং পরিমিত দেন। কিন্তু অধিকাংশ মানুষ তা বোঝে না।",
    "en": "Say, \"Indeed, my Lord extends provision for whom He wills and restricts [it], but most of the people do not know.\""
  },
  {
    "id": 37,
    "ar": "وَمَآ أَمْوَٰلُكُمْ وَلَآ أَوْلَٰدُكُم بِٱلَّتِى تُقَرِّبُكُمْ عِندَنَا زُلْفَىٰٓ إِلَّا مَنْ ءَامَنَ وَعَمِلَ صَٰلِحًا فَأُو۟لَٰٓئِكَ لَهُمْ جَزَآءُ ٱلضِّعْفِ بِمَا عَمِلُوا۟ وَهُمْ فِى ٱلْغُرُفَٰتِ ءَامِنُونَ",
    "tr": "ওয়ামাআমওয়া-লুকুম ওয়ালাআওলা-দুকুম বিল্লাতী তুকাররিবুকুম ‘ইনদানা-ঝুলফা ইল্লামান আ-মানা ওয়া ‘আমিলা সা-লিহান ফাউলাইকা লাহুম জাঝাউদ দি‘ফি বিমা‘আমিলূওয়াহুম ফিল গুরূফা-তি আ-মিনূন।",
    "bn_haque": "আর না তোমাদের ধনদৌলত ও না তোমাদের সন্তানসন্ততি এমন জিনিস যা আমাদের কাছে তোমাদের মর্যাদায় নৈকট্য দেবে, বরং যে ঈমান এনেছে ও সৎকাজ করেছে। সুতরাং এরাই -- এদেরই জন্য রয়েছে দ্বিগুণ পুরস্কার যা তারা করেছে সেজন্য, আর তারা বাগান-বাড়িতে নিরাপদে রইবে।",
    "bn_muhi": "তোমাদের ধন-সম্পদ ও সন্তান-সন্ততি তোমাদেরকে আমার নিকটবর্তী করবে না। তবে যারা বিশ্বাস স্থাপন করে ও সৎকর্ম করে, তারা তাদের কর্মের বহুগুণ প্রতিদান পাবে এবং তারা সুউচ্চ প্রাসাদে নিরাপদে থাকবে।",
    "en": "And it is not your wealth or your children that bring you nearer to Us in position, but it is [by being] one who has believed and done righteousness. For them there will be the double reward for what they did, and they will be in the upper chambers [of Paradise], safe [and secure]."
  },
  {
    "id": 38,
    "ar": "وَٱلَّذِينَ يَسْعَوْنَ فِىٓ ءَايَٰتِنَا مُعَٰجِزِينَ أُو۟لَٰٓئِكَ فِى ٱلْعَذَابِ مُحْضَرُونَ",
    "tr": "ওয়াল্লাযীনা ইয়াছ‘আওনা ফীআ-য়া-তিনা-মু‘আ-জিঝীনা উলাইকা ফিল ‘আযা-বি মুহদারূন।",
    "bn_haque": "পক্ষান্তরে যারা আমাদের নির্দেশাবলীর বিরুদ্ধাচরণে প্রচেষ্টা চালায় এদেরই হাজির করা হবে শাস্তির মাঝে।",
    "bn_muhi": "আর যারা আমার আয়াতসমূহকে ব্যর্থ করার অপপ্রয়াসে লিপ্ত হয়, তাদেরকে আযাবে উপস্থিত করা হবে।",
    "en": "And the ones who strive against Our verses to cause [them] failure - those will be brought into the punishment [to remain]."
  },
  {
    "id": 39,
    "ar": "قُلْ إِنَّ رَبِّى يَبْسُطُ ٱلرِّزْقَ لِمَن يَشَآءُ مِنْ عِبَادِهِۦ وَيَقْدِرُ لَهُۥ وَمَآ أَنفَقْتُم مِّن شَىْءٍ فَهُوَ يُخْلِفُهُۥ وَهُوَ خَيْرُ ٱلرَّٰزِقِينَ",
    "tr": "কুল ইন্না রাববী ইয়াবছুতু র রিঝকালিমাইঁ ইয়াশাউ মিন ‘ইবা-দিহী ওয়া ইয়াকদিরু লাহূ ওয়ামাআনফাকতুম মিন শাইয়িন ফাহুওয়া ইউখলিফুহূ ওয়াহুওয়া খাইরুর রা-ঝিকীন।",
    "bn_haque": "বলো, \"নিঃসন্দেহ আমার প্রভু জীবিকা বাড়িয়ে দেন তাঁর বান্দাদের মধ্যের যার জন্য তিনি ইচ্ছা করেন, আর তার জন্য সীমিতও করেন। আর যা-কিছু তোমরা ব্যয় কর তিনি তো তার প্রতিদান দেন, কেননা তিনিই জীবিকাদাতাদের মধ্যে সর্বশ্রেষ্ঠ।\"",
    "bn_muhi": "বলুন, আমার পালনকর্তা তাঁর বান্দাদের মধ্যে যাকে ইচ্ছা রিযিক বাড়িয়ে দেন এবং সীমিত পরিমাণে দেন। তোমরা যা কিছু ব্যয় কর, তিনি তার বিনিময় দেন। তিনি উত্তম রিযিক দাতা।",
    "en": "Say, \"Indeed, my Lord extends provision for whom He wills of His servants and restricts [it] for him. But whatever thing you spend [in His cause] - He will compensate it; and He is the best of providers.\""
  },
  {
    "id": 40,
    "ar": "وَيَوْمَ يَحْشُرُهُمْ جَمِيعًا ثُمَّ يَقُولُ لِلْمَلَٰٓئِكَةِ أَهَٰٓؤُلَآءِ إِيَّاكُمْ كَانُوا۟ يَعْبُدُونَ",
    "tr": "ওয়া ইয়াওমা ইয়াহশুরুহুম জামী‘আন ছু ম্মা ইয়াকূ লুলিলমালাইকাতি আহাউলাই ইয়্যাকুম কা-নূইয়া‘বুদূন।",
    "bn_haque": "আর সেইদিন তিনি তাদের একত্রিত করবেন সমবেতভাবে, তখন তিনি ফিরিশ্‌তাদের বলবেন -- \"এরাই কি তোমাদের পূজা করে থাকতো?\"",
    "bn_muhi": "যেদিন তিনি তাদের সবাইকে একত্রিত করবেন এবং ফেরেশতাদেরকে বলবেন, এরা কি তোমাদেরই পূজা করত?",
    "en": "And [mention] the Day when He will gather them all and then say to the angels, \"Did these [people] used to worship you?\""
  },
  {
    "id": 41,
    "ar": "قَالُوا۟ سُبْحَٰنَكَ أَنتَ وَلِيُّنَا مِن دُونِهِم بَلْ كَانُوا۟ يَعْبُدُونَ ٱلْجِنَّ أَكْثَرُهُم بِهِم مُّؤْمِنُونَ",
    "tr": "কা-লূছুবহা-নাকা আনতা ওয়ালিইয়ুনা-মিন দূ নিহিম বাল কা-নূইয়া‘বুদূ নাল জিন্না আকছারুহুম বিহিম মু’মিনূন।",
    "bn_haque": "তারা বলবে -- \"তোমারই মহিমা হোক! তুমিই আমাদের মনিব, তারা নয়, বরং তারা উপাসনা করত জিনদের, তাদের অধিকাংশই ছিল ওদের প্রতি বিশ্বাসী।\"",
    "bn_muhi": "ফেরেশতারা বলবে, আপনি পবিত্র, আমরা আপনার পক্ষে, তাদের পক্ষে নই, বরং তারা জিনদের পূজা করত। তাদের অধিকাংশই শয়তানে বিশ্বাসী।",
    "en": "They will say, \"Exalted are You! You, [O Allah ], are our benefactor not them. Rather, they used to worship the jinn; most of them were believers in them.\""
  },
  {
    "id": 42,
    "ar": "فَٱلْيَوْمَ لَا يَمْلِكُ بَعْضُكُمْ لِبَعْضٍ نَّفْعًا وَلَا ضَرًّا وَنَقُولُ لِلَّذِينَ ظَلَمُوا۟ ذُوقُوا۟ عَذَابَ ٱلنَّارِ ٱلَّتِى كُنتُم بِهَا تُكَذِّبُونَ",
    "tr": "ফালইয়াওমা লা-ইয়ামলিকুবা‘দুকুম লিবা‘দিন নাফ‘আওঁ ওয়ালা-দাররাওঁ ওয়ানাকূলু লিল্লাযীনা জালামূযূকূ‘আযা-বান্না-রিল্লাতী কুনতুম বিহা-তুকাযযিবূন।",
    "bn_haque": "সুতরাং সেইদিন তোমাদের কেউ অপর কারোর জন্য উপকার করার ক্ষমতা রাখবে না, অপকার করারও নয়। আর যারা অন্যায়াচরণ করেছিল তাদের আমরা বলব -- \"আগুনের শাস্তি আস্বাদন কর যেটি তোমরা মিথ্যা বলতে!\"",
    "bn_muhi": "অতএব আজকের দিনে তোমরা একে অপরের কোন উপকার ও অপকার করার অধিকারী হবে না আর আমি জালেমদেরকে বলব, তোমরা আগুনের যে শাস্তিকে মিথ্যা বলতে তা আস্বাদন কর।",
    "en": "But today you do not hold for one another [the power of] benefit or harm, and We will say to those who wronged, \"Taste the punishment of the Fire, which you used to deny.\""
  },
  {
    "id": 43,
    "ar": "وَإِذَا تُتْلَىٰ عَلَيْهِمْ ءَايَٰتُنَا بَيِّنَٰتٍ قَالُوا۟ مَا هَٰذَآ إِلَّا رَجُلٌ يُرِيدُ أَن يَصُدَّكُمْ عَمَّا كَانَ يَعْبُدُ ءَابَآؤُكُمْ وَقَالُوا۟ مَا هَٰذَآ إِلَّآ إِفْكٌ مُّفْتَرًى وَقَالَ ٱلَّذِينَ كَفَرُوا۟ لِلْحَقِّ لَمَّا جَآءَهُمْ إِنْ هَٰذَآ إِلَّا سِحْرٌ مُّبِينٌ",
    "tr": "ওয়া ইযা-তুতলা-‘আলাইহিম আ-য়া-তুনা-বাইয়িনা-তিন কা-লূ মা-হা-যাইল্লা-রাজূলুইঁ ইউরীদুআইঁ ইয়াসুদ্দাকুম ‘আম্মা-কা-না ইয়া‘বুদুআ-বাউকুম ওয়াকা-লূমা-হাযাইল্লাইফকুম মুফতারাওঁ- ওয়া কা-লাল্লাযীনা কাফারূলিল হাক্কিলাম্মাজাআহুম  ইন হা-যাইল্লা-ছিহরুম মুবীন।",
    "bn_haque": "আর যখন তাদের কাছে আমাদের সুস্পষ্ট নির্দেশাবলী আবৃত্তি করা হয় তখন তারা বলে -- \"এ তো একজন মানুষ ছাড়া আর কেউ নয় যে তোমাদের ফিরিয়ে রাখতে চায় তা থেকে যার উপাসনা করত তোমাদের পিতৃপুরুষরা।\" আর তারা বলে -- \"এ একটি বানানো মিথ্যা ব্যতীত আর কিছু নয়।\" আর যারা অবিশ্বাস পোষণ করে তারা সত্য-সন্বন্ধে, এটি যখন তাদের কাছে আসে তখন, বলে -- \"এ স্পষ্ট জাদু বৈ তো নয়।\"",
    "bn_muhi": "যখন তাদের কাছে আমার সুস্পষ্ট আয়াত সমূহ তেলাওয়াত করা হয়, তখন তারা বলে, তোমাদের বাপ-দাদারা যার এবাদত করত এ লোকটি যে তা থেকে তোমাদেরকে বাধা দিতে চায়। তারা আরও বলে, এটা মনগড়া মিথ্যা বৈ নয়। আর কাফেরদের কাছে যখন সত্য আগমন করে, তখন তারা বলে, এতো এক সুস্পষ্ট যাদু।",
    "en": "And when our verses are recited to them as clear evidences, they say, \"This is not but a man who wishes to avert you from that which your fathers were worshipping.\" And they say, \"This is not except a lie invented.\" And those who disbelieve say of the truth when it has come to them, \"This is not but obvious magic.\""
  },
  {
    "id": 44,
    "ar": "وَمَآ ءَاتَيْنَٰهُم مِّن كُتُبٍ يَدْرُسُونَهَا وَمَآ أَرْسَلْنَآ إِلَيْهِمْ قَبْلَكَ مِن نَّذِيرٍ",
    "tr": "ওয়ামাআ-তাইনা-হুম মিন কুতুবিইঁ ইয়াদরুছূনাহা-ওয়ামাআরছালনাইলাইহিম কাবলাকা মিন নাযীর।",
    "bn_haque": "আর আমরা গ্রন্থাবলীর কোনো-কিছু তাদের দিই নি যেটি তারা পড়তে পাবে, আর তোমার পূর্বে তাদের কাছে আমরা সতর্ককারীদের কাউকেও পাঠাই নি।",
    "bn_muhi": "আমি তাদেরকে কোন কিতাব দেইনি, যা তারা অধ্যয়ন করবে এবং আপনার পূর্বে তাদের কাছে কোন সতর্ককারী প্রেরণ করিনি।",
    "en": "And We had not given them any scriptures which they could study, and We had not sent to them before you, [O Muhammad], any warner."
  },
  {
    "id": 45,
    "ar": "وَكَذَّبَ ٱلَّذِينَ مِن قَبْلِهِمْ وَمَا بَلَغُوا۟ مِعْشَارَ مَآ ءَاتَيْنَٰهُمْ فَكَذَّبُوا۟ رُسُلِى فَكَيْفَ كَانَ نَكِيرِ",
    "tr": "ওয়া কাযযাবাল্লাযীনা মিন কাবলিহিম  ওয়ামা-বালাগূমি‘শা-রা মাআ-তাইনা-হুম ফাকাযযাবূরুছুলী ফাকাইফা কা-না নাকীর।",
    "bn_haque": "আর এদের পূর্বে যারা ছিল তারাও মিথ্যারোপ করেছিল, আর আমরা তাদের যা দিয়েছিলাম তার এক দশমাংশেও এরা পৌঁছায় নি, তারপর তারা আমার রসূলগণকে প্রত্যাখ্যান করেছিল, ফলে কেমন হয়েছিল আমার বিতৃষ্ণা!",
    "bn_muhi": "তাদের পূর্ববর্তীরাও মিথ্যা আরোপ করেছে। আমি তাদেরকে যা দিয়েছিলাম, এরা তার এক দশমাংশও পায়নি। এরপরও তারা আমার রাসূলগনকে মিথ্যা বলেছে। অতএব কেমন হয়েছে আমার শাস্তি।",
    "en": "And those before them denied, and the people of Makkah have not attained a tenth of what We had given them. But the former peoples denied My messengers, so how [terrible] was My reproach."
  },
  {
    "id": 46,
    "ar": "قُلْ إِنَّمَآ أَعِظُكُم بِوَٰحِدَةٍ أَن تَقُومُوا۟ لِلَّهِ مَثْنَىٰ وَفُرَٰدَىٰ ثُمَّ تَتَفَكَّرُوا۟ مَا بِصَاحِبِكُم مِّن جِنَّةٍ إِنْ هُوَ إِلَّا نَذِيرٌ لَّكُم بَيْنَ يَدَىْ عَذَابٍ شَدِيدٍ",
    "tr": "কুল ইন্নামাআ‘ইজুকুম বিওয়া-হিদাতিন আন তাকূমূলিল্লা-হি মাছনা-ওয়া ফুরা-দা-ছু ম্মা তাতাফাক্কারূ মা-বিসা-হিবিকুম মিন জিন্নাতিন ইন হুওয়া ইল্লা-নাযীরুল লাকুম বাইনা ইয়াদাই ‘আযা-বিন শাদীদ।",
    "bn_haque": "তুমি বলো -- \"আমি তো তোমাদের একটি বিষয়ে উপদেশ দিচ্ছি -- তোমরা যেন আল্লাহ্‌র উদ্দেশ্যে দুজন করে অথবা একা একা উঠে দাঁড়াও, তারপর ভেবে দেখো -- তোমাদের সঙ্গীর মধ্যে কোনো জিন-ভূত নেই।\" তিনি তোমাদের জন্য একজন সতর্ককারী বৈ তো নন, আসন্ন কঠোর শাস্তি সম্পর্কে।",
    "bn_muhi": "বলুন, আমি তোমাদেরকে একটি বিষয়ে উপদেশ দিচ্ছিঃ তোমরা আল্লাহর নামে এক একজন করে ও দু, দু জন করে দাঁড়াও, অতঃপর চিন্তা-ভাবনা কর-তোমাদের সঙ্গীর মধ্যে কোন উম্মাদনা নেই। তিনি তো আসন্ন কাঠোর শাস্তি সম্পর্কে তোমাদেরকে সতর্ক করেন মাত্র।",
    "en": "Say, \"I only advise you of one [thing] - that you stand for Allah, [seeking truth] in pairs and individually, and then give thought.\" There is not in your companion any madness. He is only a warner to you before a severe punishment."
  },
  {
    "id": 47,
    "ar": "قُلْ مَا سَأَلْتُكُم مِّنْ أَجْرٍ فَهُوَ لَكُمْ إِنْ أَجْرِىَ إِلَّا عَلَى ٱللَّهِ وَهُوَ عَلَىٰ كُلِّ شَىْءٍ شَهِيدٌ",
    "tr": "কুল মা-ছাআলতুকুম মিন আজরিন ফাহুওয়া লাকুম ইন আজরিয়া ইল্লা-‘আলাল্লা-হি ওয়া হুওয়া ‘আলা-কুল্লি শাইয়িন শাহীদ।",
    "bn_haque": "তুমি বলো -- \"যা-কিছু পারিশ্রমিক আমি তোমাদের কাছে চেয়েছি, সে তো তোমাদেরই জন্য! আমার পারিশ্রমিক আল্লাহ্‌র কাছে বৈ তো নয়, কেননা তিনি সব-কিছুর উপরে প্রত্যক্ষদশ।\"",
    "bn_muhi": "বলুন, আমি তোমাদের কাছে কোন পারিশ্রমিক চাই না বরং তা তোমরাই রাখ। আমার পুরস্কার তো আল্লাহর কাছে রয়েছে। প্রত্যেক বস্তুই তাঁর সামনে।",
    "en": "Say, \"Whatever payment I might have asked of you - it is yours. My payment is only from Allah, and He is, over all things, Witness.\""
  },
  {
    "id": 48,
    "ar": "قُلْ إِنَّ رَبِّى يَقْذِفُ بِٱلْحَقِّ عَلَّٰمُ ٱلْغُيُوبِ",
    "tr": "কুল ইন্না রাববী ইয়াকযিফুবিলহাক্কি‘আল্লা-মুল গুয়ুব।",
    "bn_haque": "তুমি বলো -- \"নিঃসন্দেহ আমার প্রভু সত্য ছুঁড়ে থাকেন, তিনি অদৃশ্য বিষয়ে পরিজ্ঞাত।\"",
    "bn_muhi": "বলুন, আমার পালনকর্তা সত্য দ্বীন অবতরণ করেছেন। তিনি আলেমুল গায়ব।",
    "en": "Say, \"Indeed, my Lord projects the truth. Knower of the unseen.\""
  },
  {
    "id": 49,
    "ar": "قُلْ جَآءَ ٱلْحَقُّ وَمَا يُبْدِئُ ٱلْبَٰطِلُ وَمَا يُعِيدُ",
    "tr": "কুল জাআল হাক্কুওয়ামা-ইউবদিউল বা-তিলুওয়ামা-ইউ‘ঈদ।",
    "bn_haque": "তুমি বলো -- \"সত্য এসেই গেছে, আর মিথ্যার উৎপত্তি হবে না, আর এর পুনরুদ্ভবও হবে না।\"",
    "bn_muhi": "বলুন, সত্য আগমন করেছে এবং অসত্য না পারে নতুন কিছু সৃজন করতে এবং না পারে পূনঃ প্রত্যাবর্তিত হতে।",
    "en": "Say, \"The truth has come, and falsehood can neither begin [anything] nor repeat [it].\""
  },
  {
    "id": 50,
    "ar": "قُلْ إِن ضَلَلْتُ فَإِنَّمَآ أَضِلُّ عَلَىٰ نَفْسِى وَإِنِ ٱهْتَدَيْتُ فَبِمَا يُوحِىٓ إِلَىَّ رَبِّىٓ إِنَّهُۥ سَمِيعٌ قَرِيبٌ",
    "tr": "কুল ইন দালালতুফাইন্নামাআদিল্লু‘আলা-নাফছী ওয়াইনিহতাদাইতুফাবিমা-ইউহী ইলাইয়া রাববী ইন্নাহূছামী‘উন কারীব।",
    "bn_haque": "তুমি বলো -- \"যদি আমি বিপথে যাই তাহলে আমি তো আমার নিজেরই বিরুদ্ধে বিপথে গেছি, আর আমি যদি সৎপথে চলি তাহলে সেটি আমার প্রভু আমার কাছে যা প্রত্যাদেশ করেছিলেন তার জন্য। নিশ্চয় তিনি সর্বশ্রোতা, অতি নিকটবর্তী।\"",
    "bn_muhi": "বলুন, আমি পথভ্রষ্ট হলে নিজের ক্ষতির জন্যেই পথভ্রষ্ট হব; আর যদি আমি সৎপথ প্রাপ্ত হই, তবে তা এ জন্যে যে, আমার পালনকর্তা আমার প্রতি ওহী প্রেরণ করেন। নিশ্চয় তিনি সর্বশ্রোতা, নিকটবর্তী।",
    "en": "Say, \"If I should err, I would only err against myself. But if I am guided, it is by what my Lord reveals to me. Indeed, He is Hearing and near.\""
  },
  {
    "id": 51,
    "ar": "وَلَوْ تَرَىٰٓ إِذْ فَزِعُوا۟ فَلَا فَوْتَ وَأُخِذُوا۟ مِن مَّكَانٍ قَرِيبٍ",
    "tr": "ওয়া লাও তারাইয ফাঝি‘ঊ ফালা -ফাওতা ওয়া উখিযূমিম মাকা-নিন কারীব।",
    "bn_haque": "আর তুমি যদি দেখতে পেতে যখন তারা ভীত-বিহল হয়ে পড়বে, তখন কোনো নিস্তার থাকতে না, আর তাদের পাকড়ানো হবে নিকটবর্তী স্থান থেকেই,",
    "bn_muhi": "যদি আপনি দেখতেন, যখন তারা ভীতসস্ত্রস্ত হয়ে পড়বে, অতঃপর পালিয়েও বাঁচতে পারবে না এবং নিকটবর্তী স্থান থেকে ধরা পড়বে।",
    "en": "And if you could see when they are terrified but there is no escape, and they will be seized from a place nearby."
  },
  {
    "id": 52,
    "ar": "وَقَالُوٓا۟ ءَامَنَّا بِهِۦ وَأَنَّىٰ لَهُمُ ٱلتَّنَاوُشُ مِن مَّكَانٍۭ بَعِيدٍ",
    "tr": "ওয়া কা-লূআ-মান্না-বিহী ওয়া আন্না-লাহুমুততানা-উশু মিম মাকা-নিম বা‘ঈদ।",
    "bn_haque": "আর তারা বলবে -- \"আমরা এতে বিশ্বাস করি।\" কিন্তু কেমন করে সুদূর স্থান থেকে তাদের জন্য পুনরাগমন সম্ভব হবে?",
    "bn_muhi": "তারা বলবে, আমরা সত্যে বিশ্বাস স্থাপন করলাম। কিন্তু তারা এতদূর থেকে তার নাগাল পাবে কেমন করে?",
    "en": "And they will [then] say, \"We believe in it!\" But how for them will be the taking [of faith] from a place far away?"
  },
  {
    "id": 53,
    "ar": "وَقَدْ كَفَرُوا۟ بِهِۦ مِن قَبْلُ وَيَقْذِفُونَ بِٱلْغَيْبِ مِن مَّكَانٍۭ بَعِيدٍ",
    "tr": "ওয়া কাদ কাফারূবিহী মিন কাবলু ওয়া ইয়াকযিফূনা বিলগাইবি মিম মাকা-নিম বা‘ঈদ।",
    "bn_haque": "আর তারা এর আগেই তো এতে অবিশ্বাস করেছিল। আর অদৃশ্য সন্বন্ধে তারা অনুমান করত সুদূর স্থান থেকে।",
    "bn_muhi": "অথচ তারা পূর্ব থেকে সত্যকে অস্বীকার করছিল। আর তারা সত্য হতে দূরে থেকে অজ্ঞাত বিষয়ের উপর মন্তব্য করত।",
    "en": "And they had already disbelieved in it before and would assault the unseen from a place far away."
  },
  {
    "id": 54,
    "ar": "وَحِيلَ بَيْنَهُمْ وَبَيْنَ مَا يَشْتَهُونَ كَمَا فُعِلَ بِأَشْيَاعِهِم مِّن قَبْلُ إِنَّهُمْ كَانُوا۟ فِى شَكٍّ مُّرِيبٍۭ",
    "tr": "ওয়া হীলা বাইনাহুম ওয়া বাইনা মা-ইয়াশতাহূনা কামা-ফু‘ইলা বিআশইয়া-‘ইহিম মিন কাবলু ইন্নাহুম কা-নূফী শাক্কিম মুরীব।",
    "bn_haque": "আর তাদের মধ্যে ও তারা যা কামনা করে তার মধ্যে এক বেড়া খাড়া করা হবে, -- যেমন করা হয়েছিল ইতিপূর্বে এদের সমগোত্রীয়দের ক্ষেত্রে। নিঃসন্দেহ তারা এক ঘোর সন্দেহে রয়েছে ।",
    "bn_muhi": "তাদের ও তাদের বাসনার মধ্যে অন্তরাল হয়ে গেছে, যেমন-তাদের সতীর্থদের সাথেও এরূপ করা হয়েছে, যারা তাদের পূর্বে ছিল। তারা ছিল বিভ্রান্তিকর সন্দেহে পতিত।",
    "en": "And prevention will be placed between them and what they desire, as was done with their kind before. Indeed, they were in disquieting denial."
  }
]