[
  {
    "ayah": 1,
    "time": 13631
  },
  {
    "ayah": 2,
    "time": 27631
  },
  {
    "ayah": 3,
    "time": 33290
  },
  {
    "ayah": 4,
    "time": 40302
  },
  {
    "ayah": 5,
    "time": 56974
  },
  {
    "ayah": 6,
    "time": 73189
  },
  {
    "ayah": 7,
    "time": 81276
  },
  {
    "ayah": 8,
    "time": 95937
  },
  {
    "ayah": 9,
    "time": 110301
  },
  {
    "ayah": 10,
    "time": 122408
  },
  {
    "ayah": 11,
    "time": 137408
  },
  {
    "ayah": 12,
    "time": 151819
  },
  {
    "ayah": 13,
    "time": 161107
  },
  {
    "ayah": 14,
    "time": 169552
  },
  {
    "ayah": 15,
    "time": 177957
  },
  {
    "ayah": 16,
    "time": 187285
  },
  {
    "ayah": 17,
    "time": 198073
  },
  {
    "ayah": 18,
    "time": 219096
  },
  {
    "ayah": 19,
    "time": 231588
  },
  {
    "ayah": 20,
    "time": 242702
  },
  {
    "ayah": 21,
    "time": 255008
  },
  {
    "ayah": 22,
    "time": 284915
  },
  {
    "ayah": 23,
    "time": 292471
  },
  {
    "ayah": 24,
    "time": 315048
  },
  {
    "ayah": 25,
    "time": 327254
  },
  {
    "ayah": 26,
    "time": 339343
  },
  {
    "ayah": 27,
    "time": 372022
  },
  {
    "ayah": 28,
    "time": 384250
  },
  {
    "ayah": 29,
    "time": 397704
  },
  {
    "ayah": 30,
    "time": 410350
  },
  {
    "ayah": 31,
    "time": 420227
  },
  {
    "ayah": 32,
    "time": 433555
  },
  {
    "ayah": 33,
    "time": 442611
  },
  {
    "ayah": 34,
    "time": 452078
  },
  {
    "ayah": 35,
    "time": 462580
  },
  {
    "ayah": 36,
    "time": 484314
  },
  {
    "ayah": 37,
    "time": 498425
  },
  {
    "ayah": 38,
    "time": 516358
  },
  {
    "ayah": 39,
    "time": 530197
  },
  {
    "ayah": 40,
    "time": 543804
  },
  {
    "ayah": 41,
    "time": 554910
  },
  {
    "ayah": 42,
    "time": 566374
  },
  {
    "ayah": 43,
    "time": 580166
  },
  {
    "ayah": 44,
    "time": 599957
  },
  {
    "ayah": 45,
    "time": 614360
  },
  {
    "ayah": 46,
    "time": 630879
  },
  {
    "ayah": 47,
    "time": 649919
  },
  {
    "ayah": 48,
    "time": 662365
  },
  {
    "ayah": 49,
    "time": 681398
  },
  {
    "ayah": 50,
    "time": 701328
  },
  {
    "ayah": 51,
    "time": 712341
  },
  {
    "ayah": 52,
    "time": 725291
  },
  {
    "ayah": 53,
    "time": 734997
  },
  {
    "ayah": 54,
    "time": 744145
  },
  {
    "ayah": 55,
    "time": 758681
  },
  {
    "ayah": 56,
    "time": 770059
  },
  {
    "ayah": 57,
    "time": 781205
  },
  {
    "ayah": 58,
    "time": 785616
  },
  {
    "ayah": 59,
    "time": 830166
  },
  {
    "ayah": 60,
    "time": 842102
  },
  {
    "ayah": 61,
    "time": 858102
  },
  {
    "ayah": 62,
    "time": 873574
  },
  {
    "ayah": 63,
    "time": 886498
  },
  {
    "ayah": 64,
    "time": 896654
  },
  {
    "ayah": 65,
    "time": 912908
  },
  {
    "ayah": 66,
    "time": 927079
  },
  {
    "ayah": 67,
    "time": 935803
  },
  {
    "ayah": 68,
    "time": 947413
  },
  {
    "ayah": 69,
    "time": 966468
  },
  {
    "ayah": 70,
    "time": 979146
  },
  {
    "ayah": 71,
    "time": 987212
  },
  {
    "ayah": 72,
    "time": 999193
  },
  {
    "ayah": 73,
    "time": 1008528
  },
  {
    "ayah": 74,
    "time": 1033109
  },
  {
    "ayah": 75,
    "time": 1043311
  },
  {
    "ayah": 76,
    "time": 1076098
  },
  {
    "ayah": 77,
    "time": 1093852
  },
  {
    "ayah": 78,
    "time": 1105137
  },
  {
    "ayah": 79,
    "time": 1112560
  },
  {
    "ayah": 80,
    "time": 1121284
  },
  {
    "ayah": 81,
    "time": 1127150
  },
  {
    "ayah": 82,
    "time": 1135880
  },
  {
    "ayah": 83,
    "time": 1145029
  },
  {
    "ayah": 84,
    "time": 1156685
  },
  {
    "ayah": 85,
    "time": 1164394
  },
  {
    "ayah": 86,
    "time": 1170710
  },
  {
    "ayah": 87,
    "time": 1177244
  },
  {
    "ayah": 88,
    "time": 1187057
  },
  {
    "ayah": 89,
    "time": 1191555
  },
  {
    "ayah": 90,
    "time": 1195402
  },
  {
    "ayah": 91,
    "time": 1207166
  },
  {
    "ayah": 92,
    "time": 1211849
  },
  {
    "ayah": 93,
    "time": 1219704
  },
  {
    "ayah": 94,
    "time": 1231254
  },
  {
    "ayah": 95,
    "time": 1235991
  },
  {
    "ayah": 96,
    "time": 1242817
  },
  {
    "ayah": 97,
    "time": 1253638
  },
  {
    "ayah": 98,
    "time": 1266787
  }
]