[
  {
    "ayah": 1,
    "time": 3808
  },
  {
    "ayah": 2,
    "time": 5859
  },
  {
    "ayah": 3,
    "time": 9210
  },
  {
    "ayah": 4,
    "time": 14267
  },
  {
    "ayah": 5,
    "time": 20229
  },
  {
    "ayah": 6,
    "time": 25638
  },
  {
    "ayah": 7,
    "time": 31844
  },
  {
    "ayah": 8,
    "time": 39509
  },
  {
    "ayah": 9,
    "time": 45513
  },
  {
    "ayah": 10,
    "time": 51271
  },
  {
    "ayah": 11,
    "time": 57429
  },
  {
    "ayah": 999,
    "time": 63337
  }
]