[
  {
    "ayah": 1,
    "time": 3883
  },
  {
    "ayah": 2,
    "time": 7585
  },
  {
    "ayah": 3,
    "time": 12295
  },
  {
    "ayah": 4,
    "time": 17997
  },
  {
    "ayah": 5,
    "time": 22707
  },
  {
    "ayah": 6,
    "time": 28312
  },
  {
    "ayah": 7,
    "time": 32064
  },
  {
    "ayah": 8,
    "time": 36325
  },
  {
    "ayah": 9,
    "time": 42582
  },
  {
    "ayah": 10,
    "time": 46086
  },
  {
    "ayah": 11,
    "time": 50592
  },
  {
    "ayah": 12,
    "time": 57505
  },
  {
    "ayah": 13,
    "time": 62306
  },
  {
    "ayah": 14,
    "time": 68164
  },
  {
    "ayah": 15,
    "time": 74726
  },
  {
    "ayah": 16,
    "time": 79983
  },
  {
    "ayah": 17,
    "time": 84337
  },
  {
    "ayah": 18,
    "time": 89098
  },
  {
    "ayah": 19,
    "time": 94652
  },
  {
    "ayah": 20,
    "time": 103262
  },
  {
    "ayah": 21,
    "time": 109523
  },
  {
    "ayah": 999,
    "time": 112428
  }
]