[
  {
    "ayah": 1,
    "time": 4022
  },
  {
    "ayah": 2,
    "time": 7027
  },
  {
    "ayah": 3,
    "time": 12333
  },
  {
    "ayah": 4,
    "time": 17890
  },
  {
    "ayah": 5,
    "time": 24304
  },
  {
    "ayah": 6,
    "time": 28507
  },
  {
    "ayah": 7,
    "time": 32811
  },
  {
    "ayah": 8,
    "time": 37716
  },
  {
    "ayah": 9,
    "time": 44294
  },
  {
    "ayah": 10,
    "time": 46681
  },
  {
    "ayah": 11,
    "time": 50683
  },
  {
    "ayah": 12,
    "time": 56451
  },
  {
    "ayah": 13,
    "time": 61061
  },
  {
    "ayah": 14,
    "time": 65171
  },
  {
    "ayah": 15,
    "time": 69626
  },
  {
    "ayah": 16,
    "time": 72478
  },
  {
    "ayah": 17,
    "time": 75629
  },
  {
    "ayah": 18,
    "time": 81587
  },
  {
    "ayah": 19,
    "time": 85343
  },
  {
    "ayah": 20,
    "time": 90897
  },
  {
    "ayah": 21,
    "time": 95306
  },
  {
    "ayah": 22,
    "time": 100425
  },
  {
    "ayah": 23,
    "time": 106779
  },
  {
    "ayah": 24,
    "time": 112791
  },
  {
    "ayah": 25,
    "time": 119950
  },
  {
    "ayah": 26,
    "time": 126308
  },
  {
    "ayah": 27,
    "time": 131415
  },
  {
    "ayah": 28,
    "time": 136623
  },
  {
    "ayah": 29,
    "time": 140425
  },
  {
    "ayah": 30,
    "time": 144584
  },
  {
    "ayah": 31,
    "time": 148787
  },
  {
    "ayah": 32,
    "time": 152942
  },
  {
    "ayah": 33,
    "time": 158053
  },
  {
    "ayah": 34,
    "time": 166518
  },
  {
    "ayah": 35,
    "time": 171420
  },
  {
    "ayah": 36,
    "time": 175775
  },
  {
    "ayah": 37,
    "time": 179784
  },
  {
    "ayah": 38,
    "time": 188443
  },
  {
    "ayah": 39,
    "time": 194151
  },
  {
    "ayah": 40,
    "time": 198661
  },
  {
    "ayah": 41,
    "time": 204766
  },
  {
    "ayah": 42,
    "time": 207869
  },
  {
    "ayah": 999,
    "time": 213276
  }
]