[
  {
    "ayah": 1,
    "time": 3800
  },
  {
    "ayah": 2,
    "time": 12237
  },
  {
    "ayah": 3,
    "time": 52551
  },
  {
    "ayah": 4,
    "time": 66728
  },
  {
    "ayah": 5,
    "time": 85169
  },
  {
    "ayah": 6,
    "time": 101418
  },
  {
    "ayah": 7,
    "time": 127982
  },
  {
    "ayah": 8,
    "time": 166169
  },
  {
    "ayah": 9,
    "time": 190669
  },
  {
    "ayah": 10,
    "time": 219984
  },
  {
    "ayah": 11,
    "time": 243045
  },
  {
    "ayah": 12,
    "time": 269736
  },
  {
    "ayah": 13,
    "time": 285797
  },
  {
    "ayah": 14,
    "time": 298862
  },
  {
    "ayah": 15,
    "time": 322512
  },
  {
    "ayah": 16,
    "time": 331597
  },
  {
    "ayah": 17,
    "time": 347179
  },
  {
    "ayah": 18,
    "time": 359741
  },
  {
    "ayah": 19,
    "time": 374800
  },
  {
    "ayah": 20,
    "time": 385300
  },
  {
    "ayah": 21,
    "time": 397681
  },
  {
    "ayah": 22,
    "time": 416619
  },
  {
    "ayah": 23,
    "time": 426309
  },
  {
    "ayah": 24,
    "time": 447394
  },
  {
    "ayah": 999,
    "time": 465558
  }
]