[
  {
    "ayah": 1,
    "time": 3845
  },
  {
    "ayah": 2,
    "time": 19717
  },
  {
    "ayah": 3,
    "time": 31934
  },
  {
    "ayah": 4,
    "time": 38841
  },
  {
    "ayah": 5,
    "time": 74640
  },
  {
    "ayah": 6,
    "time": 111246
  },
  {
    "ayah": 7,
    "time": 149549
  },
  {
    "ayah": 8,
    "time": 169726
  },
  {
    "ayah": 9,
    "time": 180440
  },
  {
    "ayah": 10,
    "time": 205171
  },
  {
    "ayah": 11,
    "time": 224260
  },
  {
    "ayah": 12,
    "time": 232323
  },
  {
    "ayah": 13,
    "time": 247191
  },
  {
    "ayah": 14,
    "time": 276279
  },
  {
    "ayah": 15,
    "time": 291500
  },
  {
    "ayah": 16,
    "time": 304569
  },
  {
    "ayah": 17,
    "time": 319039
  },
  {
    "ayah": 18,
    "time": 340568
  },
  {
    "ayah": 19,
    "time": 358142
  },
  {
    "ayah": 20,
    "time": 397113
  },
  {
    "ayah": 21,
    "time": 423750
  },
  {
    "ayah": 22,
    "time": 438578
  },
  {
    "ayah": 23,
    "time": 459316
  },
  {
    "ayah": 24,
    "time": 480901
  },
  {
    "ayah": 25,
    "time": 499333
  },
  {
    "ayah": 26,
    "time": 516204
  },
  {
    "ayah": 27,
    "time": 539338
  },
  {
    "ayah": 28,
    "time": 554307
  },
  {
    "ayah": 29,
    "time": 577349
  },
  {
    "ayah": 30,
    "time": 595685
  },
  {
    "ayah": 31,
    "time": 617012
  },
  {
    "ayah": 32,
    "time": 636401
  },
  {
    "ayah": 33,
    "time": 661983
  },
  {
    "ayah": 34,
    "time": 691774
  },
  {
    "ayah": 35,
    "time": 706546
  },
  {
    "ayah": 36,
    "time": 763723
  },
  {
    "ayah": 37,
    "time": 787957
  },
  {
    "ayah": 38,
    "time": 842031
  },
  {
    "ayah": 39,
    "time": 863510
  },
  {
    "ayah": 40,
    "time": 878329
  },
  {
    "ayah": 41,
    "time": 897604
  },
  {
    "ayah": 42,
    "time": 906768
  },
  {
    "ayah": 43,
    "time": 912128
  },
  {
    "ayah": 44,
    "time": 928641
  },
  {
    "ayah": 45,
    "time": 938852
  },
  {
    "ayah": 46,
    "time": 952173
  },
  {
    "ayah": 47,
    "time": 959330
  },
  {
    "ayah": 48,
    "time": 968352
  },
  {
    "ayah": 49,
    "time": 980811
  },
  {
    "ayah": 50,
    "time": 1013758
  },
  {
    "ayah": 51,
    "time": 1092776
  },
  {
    "ayah": 52,
    "time": 1135936
  },
  {
    "ayah": 53,
    "time": 1161919
  },
  {
    "ayah": 54,
    "time": 1250692
  },
  {
    "ayah": 55,
    "time": 1261355
  },
  {
    "ayah": 56,
    "time": 1318192
  },
  {
    "ayah": 57,
    "time": 1336930
  },
  {
    "ayah": 58,
    "time": 1351599
  },
  {
    "ayah": 59,
    "time": 1365568
  },
  {
    "ayah": 60,
    "time": 1394056
  },
  {
    "ayah": 61,
    "time": 1418704
  },
  {
    "ayah": 62,
    "time": 1426815
  },
  {
    "ayah": 63,
    "time": 1439083
  },
  {
    "ayah": 64,
    "time": 1455504
  },
  {
    "ayah": 65,
    "time": 1462912
  },
  {
    "ayah": 66,
    "time": 1472535
  },
  {
    "ayah": 67,
    "time": 1485254
  },
  {
    "ayah": 68,
    "time": 1499124
  },
  {
    "ayah": 69,
    "time": 1509188
  },
  {
    "ayah": 70,
    "time": 1528111
  },
  {
    "ayah": 71,
    "time": 1537875
  },
  {
    "ayah": 72,
    "time": 1552898
  },
  {
    "ayah": 73,
    "time": 1574878
  },
  {
    "ayah": 999,
    "time": 1593704
  }
]