[
  {
    "ayah": 1,
    "time": 3620
  },
  {
    "ayah": 2,
    "time": 11593
  },
  {
    "ayah": 3,
    "time": 18594
  },
  {
    "ayah": 4,
    "time": 30969
  },
  {
    "ayah": 5,
    "time": 42093
  },
  {
    "ayah": 6,
    "time": 55032
  },
  {
    "ayah": 7,
    "time": 78221
  },
  {
    "ayah": 8,
    "time": 84907
  },
  {
    "ayah": 9,
    "time": 95093
  },
  {
    "ayah": 10,
    "time": 106156
  },
  {
    "ayah": 11,
    "time": 120721
  },
  {
    "ayah": 12,
    "time": 128845
  },
  {
    "ayah": 13,
    "time": 136093
  },
  {
    "ayah": 14,
    "time": 147155
  },
  {
    "ayah": 15,
    "time": 154345
  },
  {
    "ayah": 16,
    "time": 170781
  },
  {
    "ayah": 17,
    "time": 177283
  },
  {
    "ayah": 18,
    "time": 194221
  },
  {
    "ayah": 19,
    "time": 214345
  },
  {
    "ayah": 20,
    "time": 229909
  },
  {
    "ayah": 21,
    "time": 237656
  },
  {
    "ayah": 22,
    "time": 268345
  },
  {
    "ayah": 23,
    "time": 276969
  },
  {
    "ayah": 24,
    "time": 297780
  },
  {
    "ayah": 25,
    "time": 314408
  },
  {
    "ayah": 26,
    "time": 332657
  },
  {
    "ayah": 27,
    "time": 346656
  },
  {
    "ayah": 28,
    "time": 354221
  },
  {
    "ayah": 29,
    "time": 366593
  },
  {
    "ayah": 30,
    "time": 378094
  },
  {
    "ayah": 31,
    "time": 392222
  },
  {
    "ayah": 32,
    "time": 422907
  },
  {
    "ayah": 33,
    "time": 439408
  },
  {
    "ayah": 34,
    "time": 453594
  },
  {
    "ayah": 35,
    "time": 461343
  },
  {
    "ayah": 36,
    "time": 471594
  },
  {
    "ayah": 37,
    "time": 492032
  },
  {
    "ayah": 38,
    "time": 513970
  },
  {
    "ayah": 39,
    "time": 535156
  },
  {
    "ayah": 40,
    "time": 545970
  },
  {
    "ayah": 41,
    "time": 574408
  },
  {
    "ayah": 42,
    "time": 590032
  },
  {
    "ayah": 43,
    "time": 606032
  },
  {
    "ayah": 44,
    "time": 629594
  },
  {
    "ayah": 45,
    "time": 636723
  },
  {
    "ayah": 46,
    "time": 646124
  },
  {
    "ayah": 47,
    "time": 669873
  },
  {
    "ayah": 48,
    "time": 680685
  },
  {
    "ayah": 49,
    "time": 693687
  },
  {
    "ayah": 50,
    "time": 701061
  },
  {
    "ayah": 51,
    "time": 721251
  },
  {
    "ayah": 52,
    "time": 744313
  },
  {
    "ayah": 53,
    "time": 755339
  },
  {
    "ayah": 54,
    "time": 770187
  },
  {
    "ayah": 55,
    "time": 781876
  },
  {
    "ayah": 56,
    "time": 789062
  },
  {
    "ayah": 57,
    "time": 806187
  },
  {
    "ayah": 58,
    "time": 816000
  },
  {
    "ayah": 59,
    "time": 825124
  },
  {
    "ayah": 60,
    "time": 840124
  },
  {
    "ayah": 61,
    "time": 847001
  },
  {
    "ayah": 62,
    "time": 853061
  },
  {
    "ayah": 63,
    "time": 872500
  },
  {
    "ayah": 64,
    "time": 887062
  },
  {
    "ayah": 65,
    "time": 903813
  },
  {
    "ayah": 66,
    "time": 925623
  },
  {
    "ayah": 67,
    "time": 948876
  },
  {
    "ayah": 68,
    "time": 972687
  },
  {
    "ayah": 69,
    "time": 998876
  },
  {
    "ayah": 70,
    "time": 1015000
  },
  {
    "ayah": 71,
    "time": 1029563
  },
  {
    "ayah": 72,
    "time": 1034500
  },
  {
    "ayah": 73,
    "time": 1044624
  },
  {
    "ayah": 74,
    "time": 1053186
  },
  {
    "ayah": 75,
    "time": 1059426
  },
  {
    "ayah": 76,
    "time": 1070838
  },
  {
    "ayah": 77,
    "time": 1103059
  },
  {
    "ayah": 78,
    "time": 1122499
  },
  {
    "ayah": 79,
    "time": 1135811
  },
  {
    "ayah": 80,
    "time": 1149872
  },
  {
    "ayah": 81,
    "time": 1177811
  },
  {
    "ayah": 82,
    "time": 1191872
  },
  {
    "ayah": 83,
    "time": 1202435
  },
  {
    "ayah": 84,
    "time": 1226060
  },
  {
    "ayah": 85,
    "time": 1238246
  },
  {
    "ayah": 86,
    "time": 1249245
  },
  {
    "ayah": 87,
    "time": 1262559
  },
  {
    "ayah": 88,
    "time": 1281809
  },
  {
    "ayah": 89,
    "time": 1301997
  },
  {
    "ayah": 90,
    "time": 1310746
  },
  {
    "ayah": 91,
    "time": 1332746
  },
  {
    "ayah": 92,
    "time": 1340747
  },
  {
    "ayah": 93,
    "time": 1350247
  },
  {
    "ayah": 94,
    "time": 1363312
  },
  {
    "ayah": 95,
    "time": 1373561
  },
  {
    "ayah": 96,
    "time": 1379247
  },
  {
    "ayah": 97,
    "time": 1396874
  },
  {
    "ayah": 98,
    "time": 1404871
  },
  {
    "ayah": 99,
    "time": 1413811
  },
  {
    "ayah": 100,
    "time": 1426560
  },
  {
    "ayah": 101,
    "time": 1467124
  },
  {
    "ayah": 102,
    "time": 1487273
  },
  {
    "ayah": 103,
    "time": 1499872
  },
  {
    "ayah": 104,
    "time": 1504560
  },
  {
    "ayah": 105,
    "time": 1511374
  },
  {
    "ayah": 106,
    "time": 1520671
  },
  {
    "ayah": 107,
    "time": 1526935
  },
  {
    "ayah": 108,
    "time": 1539560
  },
  {
    "ayah": 109,
    "time": 1552810
  },
  {
    "ayah": 110,
    "time": 1577122
  },
  {
    "ayah": 111,
    "time": 1600060
  },
  {
    "ayah": 999,
    "time": 1628124
  }
]