[
  {
    "ayah": 1,
    "time": 3733
  },
  {
    "ayah": 2,
    "time": 5609
  },
  {
    "ayah": 3,
    "time": 7324
  },
  {
    "ayah": 4,
    "time": 11869
  },
  {
    "ayah": 5,
    "time": 18630
  },
  {
    "ayah": 6,
    "time": 25006
  },
  {
    "ayah": 7,
    "time": 30370
  },
  {
    "ayah": 8,
    "time": 33960
  },
  {
    "ayah": 9,
    "time": 38957
  },
  {
    "ayah": 10,
    "time": 42223
  },
  {
    "ayah": 11,
    "time": 47737
  },
  {
    "ayah": 999,
    "time": 52182
  }
]