[
  {
    "ayah": 1,
    "time": 6533
  },
  {
    "ayah": 2,
    "time": 11688
  },
  {
    "ayah": 3,
    "time": 20040
  },
  {
    "ayah": 4,
    "time": 27731
  },
  {
    "ayah": 5,
    "time": 38538
  },
  {
    "ayah": 6,
    "time": 42810
  },
  {
    "ayah": 7,
    "time": 51416
  },
  {
    "ayah": 8,
    "time": 61990
  },
  {
    "ayah": 9,
    "time": 70117
  },
  {
    "ayah": 10,
    "time": 75589
  },
  {
    "ayah": 11,
    "time": 82663
  },
  {
    "ayah": 12,
    "time": 89103
  },
  {
    "ayah": 13,
    "time": 99142
  },
  {
    "ayah": 14,
    "time": 109358
  },
  {
    "ayah": 15,
    "time": 119429
  },
  {
    "ayah": 16,
    "time": 130614
  },
  {
    "ayah": 17,
    "time": 138630
  },
  {
    "ayah": 18,
    "time": 149615
  },
  {
    "ayah": 19,
    "time": 159878
  },
  {
    "ayah": 20,
    "time": 167655
  },
  {
    "ayah": 21,
    "time": 172610
  },
  {
    "ayah": 22,
    "time": 177671
  },
  {
    "ayah": 23,
    "time": 184305
  },
  {
    "ayah": 24,
    "time": 192107
  },
  {
    "ayah": 25,
    "time": 199623
  },
  {
    "ayah": 26,
    "time": 206618
  },
  {
    "ayah": 27,
    "time": 216463
  },
  {
    "ayah": 28,
    "time": 222618
  },
  {
    "ayah": 29,
    "time": 230009
  },
  {
    "ayah": 30,
    "time": 240869
  },
  {
    "ayah": 31,
    "time": 247006
  },
  {
    "ayah": 32,
    "time": 259027
  },
  {
    "ayah": 33,
    "time": 275056
  },
  {
    "ayah": 34,
    "time": 283183
  },
  {
    "ayah": 35,
    "time": 292239
  },
  {
    "ayah": 36,
    "time": 300491
  }
]