[
  {
    "ayah": 1,
    "time": 3820
  },
  {
    "ayah": 2,
    "time": 14295
  },
  {
    "ayah": 3,
    "time": 35661
  },
  {
    "ayah": 4,
    "time": 42849
  },
  {
    "ayah": 5,
    "time": 53598
  },
  {
    "ayah": 6,
    "time": 74038
  },
  {
    "ayah": 7,
    "time": 92688
  },
  {
    "ayah": 8,
    "time": 102539
  },
  {
    "ayah": 9,
    "time": 120661
  },
  {
    "ayah": 10,
    "time": 139849
  },
  {
    "ayah": 11,
    "time": 156914
  },
  {
    "ayah": 999,
    "time": 181804
  }
]