[
  {
    "ayah": 1,
    "time": 7044
  },
  {
    "ayah": 2,
    "time": 11895
  },
  {
    "ayah": 3,
    "time": 16339
  },
  {
    "ayah": 4,
    "time": 19915
  },
  {
    "ayah": 5,
    "time": 23477
  },
  {
    "ayah": 6,
    "time": 28878
  },
  {
    "ayah": 7,
    "time": 36355
  },
  {
    "ayah": 8,
    "time": 39420
  },
  {
    "ayah": 9,
    "time": 43971
  },
  {
    "ayah": 10,
    "time": 47408
  },
  {
    "ayah": 11,
    "time": 50673
  },
  {
    "ayah": 12,
    "time": 55163
  },
  {
    "ayah": 13,
    "time": 58228
  },
  {
    "ayah": 14,
    "time": 63051
  },
  {
    "ayah": 15,
    "time": 68995
  },
  {
    "ayah": 16,
    "time": 78097
  },
  {
    "ayah": 17,
    "time": 83181
  },
  {
    "ayah": 18,
    "time": 85628
  },
  {
    "ayah": 19,
    "time": 88685
  }
]