[
  {
    "ayah": 1,
    "time": 3623
  },
  {
    "ayah": 2,
    "time": 4700
  },
  {
    "ayah": 3,
    "time": 6621
  },
  {
    "ayah": 4,
    "time": 8600
  },
  {
    "ayah": 5,
    "time": 10748
  },
  {
    "ayah": 6,
    "time": 14565
  },
  {
    "ayah": 7,
    "time": 18940
  },
  {
    "ayah": 8,
    "time": 21197
  },
  {
    "ayah": 9,
    "time": 25541
  },
  {
    "ayah": 10,
    "time": 30498
  },
  {
    "ayah": 11,
    "time": 32906
  },
  {
    "ayah": 12,
    "time": 35443
  },
  {
    "ayah": 13,
    "time": 39097
  },
  {
    "ayah": 14,
    "time": 43770
  },
  {
    "ayah": 15,
    "time": 47504
  },
  {
    "ayah": 16,
    "time": 58193
  },
  {
    "ayah": 17,
    "time": 66780
  },
  {
    "ayah": 18,
    "time": 71468
  },
  {
    "ayah": 19,
    "time": 79070
  },
  {
    "ayah": 20,
    "time": 83068
  },
  {
    "ayah": 21,
    "time": 87764
  },
  {
    "ayah": 22,
    "time": 93146
  },
  {
    "ayah": 23,
    "time": 99611
  },
  {
    "ayah": 24,
    "time": 114239
  },
  {
    "ayah": 25,
    "time": 120052
  },
  {
    "ayah": 26,
    "time": 124613
  },
  {
    "ayah": 27,
    "time": 128384
  },
  {
    "ayah": 28,
    "time": 132973
  },
  {
    "ayah": 29,
    "time": 138384
  },
  {
    "ayah": 30,
    "time": 141250
  },
  {
    "ayah": 999,
    "time": 145257
  }
]