[
  {
    "ayah": 1,
    "time": 6269
  },
  {
    "ayah": 2,
    "time": 9520
  },
  {
    "ayah": 3,
    "time": 14721
  },
  {
    "ayah": 4,
    "time": 20937
  },
  {
    "ayah": 5,
    "time": 25163
  },
  {
    "ayah": 6,
    "time": 29821
  },
  {
    "ayah": 7,
    "time": 34604
  },
  {
    "ayah": 8,
    "time": 39155
  },
  {
    "ayah": 9,
    "time": 43056
  },
  {
    "ayah": 10,
    "time": 48676
  },
  {
    "ayah": 11,
    "time": 52291
  },
  {
    "ayah": 12,
    "time": 59250
  },
  {
    "ayah": 13,
    "time": 66648
  },
  {
    "ayah": 14,
    "time": 73321
  },
  {
    "ayah": 15,
    "time": 83366
  },
  {
    "ayah": 16,
    "time": 92640
  },
  {
    "ayah": 17,
    "time": 111648
  },
  {
    "ayah": 18,
    "time": 121401
  },
  {
    "ayah": 19,
    "time": 134125
  },
  {
    "ayah": 20,
    "time": 144946
  },
  {
    "ayah": 21,
    "time": 156781
  },
  {
    "ayah": 22,
    "time": 185023
  },
  {
    "ayah": 23,
    "time": 196015
  },
  {
    "ayah": 24,
    "time": 206061
  },
  {
    "ayah": 25,
    "time": 217206
  },
  {
    "ayah": 26,
    "time": 227051
  },
  {
    "ayah": 27,
    "time": 238754
  },
  {
    "ayah": 28,
    "time": 248460
  },
  {
    "ayah": 29,
    "time": 262764
  },
  {
    "ayah": 30,
    "time": 275302
  },
  {
    "ayah": 31,
    "time": 284126
  },
  {
    "ayah": 32,
    "time": 293725
  },
  {
    "ayah": 33,
    "time": 305395
  },
  {
    "ayah": 34,
    "time": 312672
  },
  {
    "ayah": 35,
    "time": 323553
  },
  {
    "ayah": 36,
    "time": 331123
  },
  {
    "ayah": 37,
    "time": 339482
  },
  {
    "ayah": 38,
    "time": 350256
  },
  {
    "ayah": 39,
    "time": 365164
  },
  {
    "ayah": 40,
    "time": 371294
  },
  {
    "ayah": 41,
    "time": 382254
  },
  {
    "ayah": 42,
    "time": 389777
  },
  {
    "ayah": 43,
    "time": 399383
  },
  {
    "ayah": 44,
    "time": 412672
  },
  {
    "ayah": 45,
    "time": 427161
  },
  {
    "ayah": 46,
    "time": 436263
  },
  {
    "ayah": 47,
    "time": 446898
  },
  {
    "ayah": 48,
    "time": 460948
  },
  {
    "ayah": 49,
    "time": 474855
  }
]