[
  {
    "ayah": 1,
    "time": 3302
  },
  {
    "ayah": 2,
    "time": 9991
  },
  {
    "ayah": 3,
    "time": 17617
  },
  {
    "ayah": 4,
    "time": 24493
  },
  {
    "ayah": 5,
    "time": 47366
  },
  {
    "ayah": 6,
    "time": 52991
  },
  {
    "ayah": 7,
    "time": 61305
  },
  {
    "ayah": 8,
    "time": 76244
  },
  {
    "ayah": 9,
    "time": 88554
  },
  {
    "ayah": 10,
    "time": 101643
  },
  {
    "ayah": 11,
    "time": 131872
  },
  {
    "ayah": 12,
    "time": 141493
  },
  {
    "ayah": 13,
    "time": 162559
  },
  {
    "ayah": 14,
    "time": 187686
  },
  {
    "ayah": 15,
    "time": 210500
  },
  {
    "ayah": 16,
    "time": 222874
  },
  {
    "ayah": 17,
    "time": 252000
  },
  {
    "ayah": 18,
    "time": 262184
  },
  {
    "ayah": 19,
    "time": 272811
  },
  {
    "ayah": 20,
    "time": 296437
  },
  {
    "ayah": 21,
    "time": 332188
  },
  {
    "ayah": 22,
    "time": 364815
  },
  {
    "ayah": 23,
    "time": 377629
  },
  {
    "ayah": 24,
    "time": 392564
  },
  {
    "ayah": 25,
    "time": 405004
  },
  {
    "ayah": 26,
    "time": 432565
  },
  {
    "ayah": 27,
    "time": 447180
  },
  {
    "ayah": 28,
    "time": 486007
  },
  {
    "ayah": 29,
    "time": 504134
  },
  {
    "ayah": 999,
    "time": 526634
  }
]