[
  {
    "ayah": 1,
    "time": 7687
  },
  {
    "ayah": 2,
    "time": 13785
  },
  {
    "ayah": 3,
    "time": 19715
  },
  {
    "ayah": 4,
    "time": 23770
  },
  {
    "ayah": 5,
    "time": 29467
  },
  {
    "ayah": 6,
    "time": 35287
  },
  {
    "ayah": 7,
    "time": 39884
  },
  {
    "ayah": 8,
    "time": 45403
  },
  {
    "ayah": 9,
    "time": 51248
  },
  {
    "ayah": 10,
    "time": 57531
  },
  {
    "ayah": 11,
    "time": 63747
  },
  {
    "ayah": 12,
    "time": 66712
  },
  {
    "ayah": 13,
    "time": 71881
  },
  {
    "ayah": 14,
    "time": 73864
  },
  {
    "ayah": 15,
    "time": 80566
  },
  {
    "ayah": 16,
    "time": 84374
  },
  {
    "ayah": 17,
    "time": 89196
  },
  {
    "ayah": 18,
    "time": 99963
  },
  {
    "ayah": 19,
    "time": 105961
  },
  {
    "ayah": 20,
    "time": 113577
  }
]