[
  {
    "ayah": 1,
    "time": 6850
  },
  {
    "ayah": 2,
    "time": 12352
  },
  {
    "ayah": 3,
    "time": 16862
  },
  {
    "ayah": 4,
    "time": 20208
  },
  {
    "ayah": 5,
    "time": 23703
  },
  {
    "ayah": 6,
    "time": 30034
  },
  {
    "ayah": 7,
    "time": 40787
  },
  {
    "ayah": 8,
    "time": 45707
  },
  {
    "ayah": 9,
    "time": 55062
  },
  {
    "ayah": 10,
    "time": 60967
  },
  {
    "ayah": 11,
    "time": 67497
  },
  {
    "ayah": 12,
    "time": 72678
  },
  {
    "ayah": 13,
    "time": 77998
  },
  {
    "ayah": 14,
    "time": 84629
  },
  {
    "ayah": 15,
    "time": 91273
  },
  {
    "ayah": 16,
    "time": 96699
  },
  {
    "ayah": 17,
    "time": 104387
  },
  {
    "ayah": 18,
    "time": 112589
  },
  {
    "ayah": 19,
    "time": 121994
  }
]