[
  {
    "ayah": 1,
    "time": 4687
  },
  {
    "ayah": 2,
    "time": 24480
  },
  {
    "ayah": 3,
    "time": 55473
  },
  {
    "ayah": 4,
    "time": 83321
  },
  {
    "ayah": 5,
    "time": 114794
  },
  {
    "ayah": 6,
    "time": 139898
  },
  {
    "ayah": 7,
    "time": 158674
  },
  {
    "ayah": 8,
    "time": 199510
  },
  {
    "ayah": 9,
    "time": 241279
  },
  {
    "ayah": 10,
    "time": 263802
  },
  {
    "ayah": 11,
    "time": 285051
  },
  {
    "ayah": 12,
    "time": 322389
  },
  {
    "ayah": 13,
    "time": 345531
  },
  {
    "ayah": 14,
    "time": 374737
  },
  {
    "ayah": 15,
    "time": 392762
  },
  {
    "ayah": 16,
    "time": 406722
  },
  {
    "ayah": 17,
    "time": 419379
  },
  {
    "ayah": 18,
    "time": 437714
  },
  {
    "ayah": 19,
    "time": 457149
  },
  {
    "ayah": 20,
    "time": 481946
  },
  {
    "ayah": 21,
    "time": 495754
  },
  {
    "ayah": 22,
    "time": 506760
  },
  {
    "ayah": 999,
    "time": 581240
  }
]