[
  {
    "ayah": 1,
    "time": 6780
  },
  {
    "ayah": 2,
    "time": 16107
  },
  {
    "ayah": 3,
    "time": 24373
  },
  {
    "ayah": 4,
    "time": 30968
  },
  {
    "ayah": 5,
    "time": 37577
  },
  {
    "ayah": 6,
    "time": 41603
  },
  {
    "ayah": 7,
    "time": 46307
  },
  {
    "ayah": 8,
    "time": 58653
  },
  {
    "ayah": 9,
    "time": 63151
  },
  {
    "ayah": 10,
    "time": 68491
  },
  {
    "ayah": 11,
    "time": 75086
  },
  {
    "ayah": 12,
    "time": 84374
  },
  {
    "ayah": 13,
    "time": 91347
  },
  {
    "ayah": 14,
    "time": 98366
  },
  {
    "ayah": 15,
    "time": 105829
  },
  {
    "ayah": 16,
    "time": 115070
  },
  {
    "ayah": 17,
    "time": 120365
  },
  {
    "ayah": 18,
    "time": 135783
  },
  {
    "ayah": 19,
    "time": 140380
  },
  {
    "ayah": 20,
    "time": 151665
  },
  {
    "ayah": 21,
    "time": 155884
  },
  {
    "ayah": 22,
    "time": 160257
  },
  {
    "ayah": 23,
    "time": 168430
  },
  {
    "ayah": 24,
    "time": 174839
  },
  {
    "ayah": 25,
    "time": 183251
  },
  {
    "ayah": 26,
    "time": 190024
  },
  {
    "ayah": 27,
    "time": 202285
  },
  {
    "ayah": 28,
    "time": 206882
  },
  {
    "ayah": 29,
    "time": 214631
  },
  {
    "ayah": 30,
    "time": 225372
  },
  {
    "ayah": 31,
    "time": 233228
  },
  {
    "ayah": 32,
    "time": 242827
  },
  {
    "ayah": 33,
    "time": 259591
  },
  {
    "ayah": 34,
    "time": 273338
  },
  {
    "ayah": 35,
    "time": 283476
  },
  {
    "ayah": 36,
    "time": 289977
  },
  {
    "ayah": 37,
    "time": 294793
  },
  {
    "ayah": 38,
    "time": 300884
  },
  {
    "ayah": 39,
    "time": 306960
  },
  {
    "ayah": 40,
    "time": 318902
  },
  {
    "ayah": 41,
    "time": 325118
  },
  {
    "ayah": 42,
    "time": 337982
  },
  {
    "ayah": 43,
    "time": 348331
  },
  {
    "ayah": 44,
    "time": 361202
  },
  {
    "ayah": 45,
    "time": 375041
  },
  {
    "ayah": 46,
    "time": 381721
  },
  {
    "ayah": 47,
    "time": 391752
  },
  {
    "ayah": 48,
    "time": 398540
  },
  {
    "ayah": 49,
    "time": 409314
  },
  {
    "ayah": 50,
    "time": 424328
  },
  {
    "ayah": 51,
    "time": 431512
  },
  {
    "ayah": 52,
    "time": 447441
  }
]