[
  {
    "ayah": 1,
    "time": 3749
  },
  {
    "ayah": 2,
    "time": 4862
  },
  {
    "ayah": 3,
    "time": 7400
  },
  {
    "ayah": 4,
    "time": 10289
  },
  {
    "ayah": 5,
    "time": 13631
  },
  {
    "ayah": 6,
    "time": 15721
  },
  {
    "ayah": 7,
    "time": 18780
  },
  {
    "ayah": 8,
    "time": 22338
  },
  {
    "ayah": 9,
    "time": 25571
  },
  {
    "ayah": 10,
    "time": 30197
  },
  {
    "ayah": 11,
    "time": 32858
  },
  {
    "ayah": 12,
    "time": 37184
  },
  {
    "ayah": 13,
    "time": 41595
  },
  {
    "ayah": 14,
    "time": 49257
  },
  {
    "ayah": 15,
    "time": 55757
  },
  {
    "ayah": 16,
    "time": 61757
  },
  {
    "ayah": 17,
    "time": 74220
  },
  {
    "ayah": 18,
    "time": 79887
  },
  {
    "ayah": 19,
    "time": 88591
  },
  {
    "ayah": 20,
    "time": 96467
  },
  {
    "ayah": 21,
    "time": 104906
  },
  {
    "ayah": 22,
    "time": 124804
  },
  {
    "ayah": 23,
    "time": 131781
  },
  {
    "ayah": 24,
    "time": 138842
  },
  {
    "ayah": 25,
    "time": 146708
  },
  {
    "ayah": 26,
    "time": 154281
  },
  {
    "ayah": 27,
    "time": 160458
  },
  {
    "ayah": 28,
    "time": 167037
  },
  {
    "ayah": 29,
    "time": 175099
  },
  {
    "ayah": 30,
    "time": 183537
  },
  {
    "ayah": 31,
    "time": 190150
  },
  {
    "ayah": 32,
    "time": 196438
  },
  {
    "ayah": 33,
    "time": 204373
  },
  {
    "ayah": 34,
    "time": 209848
  },
  {
    "ayah": 35,
    "time": 217099
  },
  {
    "ayah": 36,
    "time": 223935
  },
  {
    "ayah": 37,
    "time": 230498
  },
  {
    "ayah": 38,
    "time": 237652
  },
  {
    "ayah": 39,
    "time": 247000
  },
  {
    "ayah": 40,
    "time": 250988
  },
  {
    "ayah": 41,
    "time": 257704
  },
  {
    "ayah": 42,
    "time": 262366
  },
  {
    "ayah": 43,
    "time": 269264
  },
  {
    "ayah": 44,
    "time": 280127
  },
  {
    "ayah": 45,
    "time": 289875
  },
  {
    "ayah": 46,
    "time": 297689
  },
  {
    "ayah": 47,
    "time": 305878
  },
  {
    "ayah": 48,
    "time": 316678
  },
  {
    "ayah": 49,
    "time": 327813
  },
  {
    "ayah": 999,
    "time": 337124
  }
]