[
  {
    "ayah": 1,
    "time": 3039
  },
  {
    "ayah": 2,
    "time": 14026
  },
  {
    "ayah": 3,
    "time": 24966
  },
  {
    "ayah": 4,
    "time": 33274
  },
  {
    "ayah": 5,
    "time": 41713
  },
  {
    "ayah": 6,
    "time": 53401
  },
  {
    "ayah": 7,
    "time": 80218
  },
  {
    "ayah": 8,
    "time": 95403
  },
  {
    "ayah": 9,
    "time": 106119
  },
  {
    "ayah": 10,
    "time": 116368
  },
  {
    "ayah": 11,
    "time": 126433
  },
  {
    "ayah": 12,
    "time": 133368
  },
  {
    "ayah": 13,
    "time": 151494
  },
  {
    "ayah": 14,
    "time": 157055
  },
  {
    "ayah": 15,
    "time": 173493
  },
  {
    "ayah": 16,
    "time": 180309
  },
  {
    "ayah": 17,
    "time": 186748
  },
  {
    "ayah": 18,
    "time": 198496
  },
  {
    "ayah": 19,
    "time": 204123
  },
  {
    "ayah": 20,
    "time": 234372
  },
  {
    "ayah": 21,
    "time": 246559
  },
  {
    "ayah": 22,
    "time": 259687
  },
  {
    "ayah": 23,
    "time": 271373
  },
  {
    "ayah": 24,
    "time": 280560
  },
  {
    "ayah": 25,
    "time": 288186
  },
  {
    "ayah": 26,
    "time": 313686
  },
  {
    "ayah": 27,
    "time": 322000
  },
  {
    "ayah": 28,
    "time": 335874
  },
  {
    "ayah": 29,
    "time": 346875
  },
  {
    "ayah": 30,
    "time": 352940
  },
  {
    "ayah": 31,
    "time": 367502
  },
  {
    "ayah": 32,
    "time": 391490
  },
  {
    "ayah": 33,
    "time": 401643
  },
  {
    "ayah": 34,
    "time": 417517
  },
  {
    "ayah": 35,
    "time": 435828
  },
  {
    "ayah": 36,
    "time": 460954
  },
  {
    "ayah": 37,
    "time": 474267
  },
  {
    "ayah": 38,
    "time": 487956
  },
  {
    "ayah": 39,
    "time": 507145
  },
  {
    "ayah": 40,
    "time": 520583
  },
  {
    "ayah": 41,
    "time": 531707
  },
  {
    "ayah": 42,
    "time": 540831
  },
  {
    "ayah": 43,
    "time": 555272
  },
  {
    "ayah": 44,
    "time": 568773
  },
  {
    "ayah": 45,
    "time": 584398
  },
  {
    "ayah": 46,
    "time": 592586
  },
  {
    "ayah": 47,
    "time": 610774
  },
  {
    "ayah": 48,
    "time": 622273
  },
  {
    "ayah": 49,
    "time": 633083
  },
  {
    "ayah": 50,
    "time": 643612
  },
  {
    "ayah": 51,
    "time": 662900
  },
  {
    "ayah": 52,
    "time": 676987
  },
  {
    "ayah": 53,
    "time": 697426
  },
  {
    "ayah": 54,
    "time": 711954
  },
  {
    "ayah": 55,
    "time": 736900
  },
  {
    "ayah": 56,
    "time": 744305
  },
  {
    "ayah": 57,
    "time": 758993
  },
  {
    "ayah": 58,
    "time": 776304
  },
  {
    "ayah": 59,
    "time": 790056
  },
  {
    "ayah": 60,
    "time": 814430
  },
  {
    "ayah": 61,
    "time": 836809
  },
  {
    "ayah": 62,
    "time": 851493
  },
  {
    "ayah": 63,
    "time": 861307
  },
  {
    "ayah": 64,
    "time": 880120
  },
  {
    "ayah": 65,
    "time": 889622
  },
  {
    "ayah": 66,
    "time": 913060
  },
  {
    "ayah": 67,
    "time": 921812
  },
  {
    "ayah": 68,
    "time": 930209
  },
  {
    "ayah": 69,
    "time": 948936
  },
  {
    "ayah": 70,
    "time": 959185
  },
  {
    "ayah": 71,
    "time": 999375
  },
  {
    "ayah": 72,
    "time": 1035127
  },
  {
    "ayah": 73,
    "time": 1041815
  },
  {
    "ayah": 74,
    "time": 1066688
  },
  {
    "ayah": 75,
    "time": 1079689
  },
  {
    "ayah": 76,
    "time": 1088875
  },
  {
    "ayah": 77,
    "time": 1101004
  },
  {
    "ayah": 78,
    "time": 1117505
  },
  {
    "ayah": 79,
    "time": 1133694
  },
  {
    "ayah": 80,
    "time": 1144192
  },
  {
    "ayah": 81,
    "time": 1172381
  },
  {
    "ayah": 82,
    "time": 1193245
  },
  {
    "ayah": 83,
    "time": 1212318
  },
  {
    "ayah": 84,
    "time": 1227069
  },
  {
    "ayah": 85,
    "time": 1247448
  },
  {
    "ayah": 86,
    "time": 1254944
  },
  {
    "ayah": 87,
    "time": 1263133
  },
  {
    "ayah": 88,
    "time": 1274759
  },
  {
    "ayah": 89,
    "time": 1287823
  },
  {
    "ayah": 90,
    "time": 1305199
  },
  {
    "ayah": 91,
    "time": 1322386
  },
  {
    "ayah": 92,
    "time": 1360948
  },
  {
    "ayah": 93,
    "time": 1384387
  },
  {
    "ayah": 94,
    "time": 1433492
  },
  {
    "ayah": 95,
    "time": 1470521
  },
  {
    "ayah": 96,
    "time": 1484959
  },
  {
    "ayah": 97,
    "time": 1496457
  },
  {
    "ayah": 98,
    "time": 1509645
  },
  {
    "ayah": 99,
    "time": 1525086
  },
  {
    "ayah": 100,
    "time": 1569087
  },
  {
    "ayah": 101,
    "time": 1586525
  },
  {
    "ayah": 102,
    "time": 1602901
  },
  {
    "ayah": 103,
    "time": 1618400
  },
  {
    "ayah": 104,
    "time": 1629338
  },
  {
    "ayah": 105,
    "time": 1647714
  },
  {
    "ayah": 106,
    "time": 1656963
  },
  {
    "ayah": 107,
    "time": 1665776
  },
  {
    "ayah": 108,
    "time": 1678838
  },
  {
    "ayah": 109,
    "time": 1701214
  },
  {
    "ayah": 110,
    "time": 1723589
  },
  {
    "ayah": 111,
    "time": 1743504
  },
  {
    "ayah": 112,
    "time": 1765904
  },
  {
    "ayah": 113,
    "time": 1786702
  },
  {
    "ayah": 114,
    "time": 1797828
  },
  {
    "ayah": 115,
    "time": 1818889
  },
  {
    "ayah": 116,
    "time": 1828440
  },
  {
    "ayah": 117,
    "time": 1840265
  },
  {
    "ayah": 118,
    "time": 1848144
  },
  {
    "ayah": 119,
    "time": 1856017
  },
  {
    "ayah": 120,
    "time": 1879457
  },
  {
    "ayah": 121,
    "time": 1891016
  },
  {
    "ayah": 122,
    "time": 1913708
  },
  {
    "ayah": 123,
    "time": 1940583
  },
  {
    "ayah": 124,
    "time": 1955823
  },
  {
    "ayah": 125,
    "time": 1990196
  },
  {
    "ayah": 126,
    "time": 2015947
  },
  {
    "ayah": 127,
    "time": 2025387
  },
  {
    "ayah": 128,
    "time": 2034763
  },
  {
    "ayah": 129,
    "time": 2070349
  },
  {
    "ayah": 130,
    "time": 2081013
  },
  {
    "ayah": 131,
    "time": 2113100
  },
  {
    "ayah": 132,
    "time": 2121162
  },
  {
    "ayah": 133,
    "time": 2130600
  },
  {
    "ayah": 134,
    "time": 2151290
  },
  {
    "ayah": 135,
    "time": 2158852
  },
  {
    "ayah": 136,
    "time": 2175666
  },
  {
    "ayah": 137,
    "time": 2208602
  },
  {
    "ayah": 138,
    "time": 2231853
  },
  {
    "ayah": 139,
    "time": 2256485
  },
  {
    "ayah": 140,
    "time": 2277236
  },
  {
    "ayah": 141,
    "time": 2297302
  },
  {
    "ayah": 142,
    "time": 2327612
  },
  {
    "ayah": 143,
    "time": 2342177
  },
  {
    "ayah": 144,
    "time": 2366849
  },
  {
    "ayah": 145,
    "time": 2405038
  },
  {
    "ayah": 146,
    "time": 2437177
  },
  {
    "ayah": 147,
    "time": 2464365
  },
  {
    "ayah": 148,
    "time": 2474676
  },
  {
    "ayah": 149,
    "time": 2505865
  },
  {
    "ayah": 150,
    "time": 2514743
  },
  {
    "ayah": 151,
    "time": 2542167
  },
  {
    "ayah": 152,
    "time": 2577995
  },
  {
    "ayah": 153,
    "time": 2604743
  },
  {
    "ayah": 154,
    "time": 2622184
  },
  {
    "ayah": 155,
    "time": 2640996
  },
  {
    "ayah": 156,
    "time": 2650308
  },
  {
    "ayah": 157,
    "time": 2663810
  },
  {
    "ayah": 158,
    "time": 2693122
  },
  {
    "ayah": 159,
    "time": 2721490
  },
  {
    "ayah": 160,
    "time": 2735931
  },
  {
    "ayah": 161,
    "time": 2750304
  },
  {
    "ayah": 162,
    "time": 2763993
  },
  {
    "ayah": 163,
    "time": 2772492
  },
  {
    "ayah": 164,
    "time": 2778729
  },
  {
    "ayah": 165,
    "time": 2801336
  },
  {
    "ayah": 999,
    "time": 2824672
  }
]