[
  {
    "ayah": 1,
    "time": 3438
  },
  {
    "ayah": 2,
    "time": 6377
  },
  {
    "ayah": 3,
    "time": 8988
  },
  {
    "ayah": 4,
    "time": 11349
  },
  {
    "ayah": 5,
    "time": 14197
  },
  {
    "ayah": 6,
    "time": 16692
  },
  {
    "ayah": 7,
    "time": 19269
  },
  {
    "ayah": 8,
    "time": 21399
  },
  {
    "ayah": 9,
    "time": 24780
  },
  {
    "ayah": 10,
    "time": 27058
  },
  {
    "ayah": 11,
    "time": 32217
  },
  {
    "ayah": 12,
    "time": 36157
  },
  {
    "ayah": 13,
    "time": 40156
  },
  {
    "ayah": 14,
    "time": 44343
  },
  {
    "ayah": 15,
    "time": 47217
  },
  {
    "ayah": 16,
    "time": 50157
  },
  {
    "ayah": 17,
    "time": 55096
  },
  {
    "ayah": 18,
    "time": 60097
  },
  {
    "ayah": 19,
    "time": 63393
  },
  {
    "ayah": 20,
    "time": 66838
  },
  {
    "ayah": 21,
    "time": 69650
  },
  {
    "ayah": 22,
    "time": 71290
  },
  {
    "ayah": 23,
    "time": 73675
  },
  {
    "ayah": 24,
    "time": 75419
  },
  {
    "ayah": 25,
    "time": 78434
  },
  {
    "ayah": 26,
    "time": 84206
  },
  {
    "ayah": 27,
    "time": 89333
  },
  {
    "ayah": 28,
    "time": 97273
  },
  {
    "ayah": 29,
    "time": 100063
  },
  {
    "ayah": 30,
    "time": 103976
  },
  {
    "ayah": 31,
    "time": 106812
  },
  {
    "ayah": 32,
    "time": 111152
  },
  {
    "ayah": 33,
    "time": 113624
  },
  {
    "ayah": 34,
    "time": 116764
  },
  {
    "ayah": 35,
    "time": 125459
  },
  {
    "ayah": 36,
    "time": 129893
  },
  {
    "ayah": 37,
    "time": 133518
  },
  {
    "ayah": 38,
    "time": 136000
  },
  {
    "ayah": 39,
    "time": 138691
  },
  {
    "ayah": 40,
    "time": 142439
  },
  {
    "ayah": 41,
    "time": 149048
  },
  {
    "ayah": 42,
    "time": 152567
  },
  {
    "ayah": 43,
    "time": 157226
  },
  {
    "ayah": 44,
    "time": 160551
  },
  {
    "ayah": 45,
    "time": 163617
  },
  {
    "ayah": 46,
    "time": 168330
  },
  {
    "ayah": 999,
    "time": 178358
  }
]