[
  {
    "ayah": 1,
    "time": 3727
  },
  {
    "ayah": 2,
    "time": 16478
  },
  {
    "ayah": 3,
    "time": 38352
  },
  {
    "ayah": 4,
    "time": 55477
  },
  {
    "ayah": 5,
    "time": 65790
  },
  {
    "ayah": 6,
    "time": 75916
  },
  {
    "ayah": 7,
    "time": 97228
  },
  {
    "ayah": 8,
    "time": 126982
  },
  {
    "ayah": 9,
    "time": 133355
  },
  {
    "ayah": 10,
    "time": 164671
  },
  {
    "ayah": 11,
    "time": 183232
  },
  {
    "ayah": 12,
    "time": 225045
  },
  {
    "ayah": 13,
    "time": 255362
  },
  {
    "ayah": 14,
    "time": 279549
  },
  {
    "ayah": 15,
    "time": 302799
  },
  {
    "ayah": 16,
    "time": 326487
  },
  {
    "ayah": 17,
    "time": 339362
  },
  {
    "ayah": 18,
    "time": 356300
  },
  {
    "ayah": 999,
    "time": 369114
  }
]