[
  {
    "ayah": 1,
    "time": 4416
  },
  {
    "ayah": 2,
    "time": 16683
  },
  {
    "ayah": 3,
    "time": 22088
  },
  {
    "ayah": 4,
    "time": 35354
  },
  {
    "ayah": 5,
    "time": 49977
  },
  {
    "ayah": 6,
    "time": 63343
  },
  {
    "ayah": 7,
    "time": 72956
  },
  {
    "ayah": 8,
    "time": 104850
  },
  {
    "ayah": 9,
    "time": 125477
  },
  {
    "ayah": 10,
    "time": 136245
  },
  {
    "ayah": 11,
    "time": 167488
  },
  {
    "ayah": 12,
    "time": 184859
  },
  {
    "ayah": 13,
    "time": 210644
  },
  {
    "ayah": 14,
    "time": 225417
  },
  {
    "ayah": 15,
    "time": 244243
  },
  {
    "ayah": 16,
    "time": 265969
  },
  {
    "ayah": 17,
    "time": 292909
  },
  {
    "ayah": 18,
    "time": 307228
  },
  {
    "ayah": 19,
    "time": 358898
  },
  {
    "ayah": 20,
    "time": 402356
  },
  {
    "ayah": 21,
    "time": 417577
  },
  {
    "ayah": 22,
    "time": 441361
  },
  {
    "ayah": 23,
    "time": 459135
  },
  {
    "ayah": 24,
    "time": 476208
  },
  {
    "ayah": 25,
    "time": 507221
  },
  {
    "ayah": 26,
    "time": 525747
  },
  {
    "ayah": 27,
    "time": 536210
  },
  {
    "ayah": 28,
    "time": 546124
  },
  {
    "ayah": 29,
    "time": 562346
  },
  {
    "ayah": 30,
    "time": 575864
  },
  {
    "ayah": 31,
    "time": 588392
  },
  {
    "ayah": 32,
    "time": 596450
  },
  {
    "ayah": 33,
    "time": 614976
  },
  {
    "ayah": 34,
    "time": 633303
  },
  {
    "ayah": 35,
    "time": 655433
  },
  {
    "ayah": 36,
    "time": 670053
  },
  {
    "ayah": 37,
    "time": 699090
  },
  {
    "ayah": 38,
    "time": 722425
  },
  {
    "ayah": 39,
    "time": 738847
  },
  {
    "ayah": 40,
    "time": 759775
  },
  {
    "ayah": 41,
    "time": 813759
  },
  {
    "ayah": 42,
    "time": 829930
  },
  {
    "ayah": 43,
    "time": 852660
  },
  {
    "ayah": 44,
    "time": 869135
  },
  {
    "ayah": 45,
    "time": 910792
  },
  {
    "ayah": 46,
    "time": 928866
  },
  {
    "ayah": 47,
    "time": 947643
  },
  {
    "ayah": 48,
    "time": 968268
  },
  {
    "ayah": 49,
    "time": 980341
  },
  {
    "ayah": 50,
    "time": 1017437
  },
  {
    "ayah": 51,
    "time": 1027951
  },
  {
    "ayah": 52,
    "time": 1043022
  },
  {
    "ayah": 53,
    "time": 1060746
  },
  {
    "ayah": 54,
    "time": 1069958
  },
  {
    "ayah": 55,
    "time": 1083527
  },
  {
    "ayah": 56,
    "time": 1102803
  },
  {
    "ayah": 57,
    "time": 1129089
  },
  {
    "ayah": 58,
    "time": 1142506
  },
  {
    "ayah": 59,
    "time": 1154723
  },
  {
    "ayah": 60,
    "time": 1175151
  },
  {
    "ayah": 61,
    "time": 1225471
  },
  {
    "ayah": 62,
    "time": 1257164
  },
  {
    "ayah": 63,
    "time": 1283800
  },
  {
    "ayah": 64,
    "time": 1314143
  },
  {
    "ayah": 65,
    "time": 1343882
  },
  {
    "ayah": 66,
    "time": 1360453
  },
  {
    "ayah": 67,
    "time": 1376176
  },
  {
    "ayah": 68,
    "time": 1394099
  },
  {
    "ayah": 69,
    "time": 1413379
  },
  {
    "ayah": 70,
    "time": 1423841
  },
  {
    "ayah": 71,
    "time": 1436308
  },
  {
    "ayah": 72,
    "time": 1447523
  },
  {
    "ayah": 73,
    "time": 1460842
  },
  {
    "ayah": 74,
    "time": 1474410
  },
  {
    "ayah": 75,
    "time": 1486026
  },
  {
    "ayah": 76,
    "time": 1500195
  },
  {
    "ayah": 77,
    "time": 1517168
  },
  {
    "ayah": 78,
    "time": 1525577
  },
  {
    "ayah": 79,
    "time": 1537845
  },
  {
    "ayah": 80,
    "time": 1547958
  },
  {
    "ayah": 81,
    "time": 1564033
  },
  {
    "ayah": 82,
    "time": 1585412
  },
  {
    "ayah": 83,
    "time": 1621608
  },
  {
    "ayah": 84,
    "time": 1639035
  },
  {
    "ayah": 85,
    "time": 1675184
  },
  {
    "ayah": 86,
    "time": 1687749
  },
  {
    "ayah": 87,
    "time": 1712683
  },
  {
    "ayah": 88,
    "time": 1738371
  },
  {
    "ayah": 89,
    "time": 1766406
  },
  {
    "ayah": 90,
    "time": 1784433
  },
  {
    "ayah": 91,
    "time": 1805312
  },
  {
    "ayah": 92,
    "time": 1828541
  },
  {
    "ayah": 93,
    "time": 1850673
  },
  {
    "ayah": 999,
    "time": 1870249
  }
]