[
  {
    "ayah": 1,
    "time": 2367
  },
  {
    "ayah": 2,
    "time": 9333
  },
  {
    "ayah": 3,
    "time": 11150
  },
  {
    "ayah": 4,
    "time": 16200
  },
  {
    "ayah": 5,
    "time": 25205
  },
  {
    "ayah": 6,
    "time": 32411
  },
  {
    "ayah": 7,
    "time": 39911
  },
  {
    "ayah": 8,
    "time": 47411
  },
  {
    "ayah": 9,
    "time": 66538
  },
  {
    "ayah": 10,
    "time": 94663
  },
  {
    "ayah": 11,
    "time": 107227
  },
  {
    "ayah": 12,
    "time": 114104
  },
  {
    "ayah": 13,
    "time": 118662
  },
  {
    "ayah": 14,
    "time": 131038
  },
  {
    "ayah": 15,
    "time": 136478
  },
  {
    "ayah": 16,
    "time": 143414
  },
  {
    "ayah": 17,
    "time": 154981
  },
  {
    "ayah": 18,
    "time": 160856
  },
  {
    "ayah": 19,
    "time": 168104
  },
  {
    "ayah": 20,
    "time": 178291
  },
  {
    "ayah": 21,
    "time": 187980
  },
  {
    "ayah": 22,
    "time": 205905
  },
  {
    "ayah": 23,
    "time": 218119
  },
  {
    "ayah": 24,
    "time": 231731
  },
  {
    "ayah": 25,
    "time": 249858
  },
  {
    "ayah": 26,
    "time": 264983
  },
  {
    "ayah": 27,
    "time": 271168
  },
  {
    "ayah": 28,
    "time": 284546
  },
  {
    "ayah": 29,
    "time": 309423
  },
  {
    "ayah": 30,
    "time": 321234
  },
  {
    "ayah": 31,
    "time": 339672
  },
  {
    "ayah": 32,
    "time": 347450
  },
  {
    "ayah": 33,
    "time": 358234
  },
  {
    "ayah": 34,
    "time": 373423
  },
  {
    "ayah": 35,
    "time": 379862
  },
  {
    "ayah": 36,
    "time": 388172
  },
  {
    "ayah": 37,
    "time": 400074
  },
  {
    "ayah": 38,
    "time": 412548
  },
  {
    "ayah": 39,
    "time": 426574
  },
  {
    "ayah": 40,
    "time": 444926
  },
  {
    "ayah": 41,
    "time": 464677
  },
  {
    "ayah": 42,
    "time": 479053
  },
  {
    "ayah": 43,
    "time": 490853
  },
  {
    "ayah": 44,
    "time": 502553
  },
  {
    "ayah": 45,
    "time": 510492
  },
  {
    "ayah": 46,
    "time": 519368
  },
  {
    "ayah": 47,
    "time": 535368
  },
  {
    "ayah": 48,
    "time": 558118
  },
  {
    "ayah": 49,
    "time": 580641
  },
  {
    "ayah": 50,
    "time": 588202
  },
  {
    "ayah": 51,
    "time": 601515
  },
  {
    "ayah": 52,
    "time": 609265
  },
  {
    "ayah": 53,
    "time": 618017
  },
  {
    "ayah": 54,
    "time": 628878
  },
  {
    "ayah": 55,
    "time": 647815
  },
  {
    "ayah": 56,
    "time": 657705
  },
  {
    "ayah": 57,
    "time": 673393
  },
  {
    "ayah": 58,
    "time": 680956
  },
  {
    "ayah": 59,
    "time": 695959
  },
  {
    "ayah": 60,
    "time": 702894
  },
  {
    "ayah": 999,
    "time": 714893
  }
]