[
  {
    "ayah": 1,
    "time": 3422
  },
  {
    "ayah": 2,
    "time": 7515
  },
  {
    "ayah": 3,
    "time": 12953
  },
  {
    "ayah": 4,
    "time": 19000
  },
  {
    "ayah": 5,
    "time": 29579
  },
  {
    "ayah": 6,
    "time": 47642
  },
  {
    "ayah": 7,
    "time": 59415
  },
  {
    "ayah": 8,
    "time": 63166
  },
  {
    "ayah": 9,
    "time": 78355
  },
  {
    "ayah": 10,
    "time": 89544
  },
  {
    "ayah": 11,
    "time": 107173
  },
  {
    "ayah": 12,
    "time": 116238
  },
  {
    "ayah": 13,
    "time": 131299
  },
  {
    "ayah": 14,
    "time": 148613
  },
  {
    "ayah": 15,
    "time": 160426
  },
  {
    "ayah": 16,
    "time": 171051
  },
  {
    "ayah": 17,
    "time": 188302
  },
  {
    "ayah": 18,
    "time": 209928
  },
  {
    "ayah": 19,
    "time": 224415
  },
  {
    "ayah": 20,
    "time": 239617
  },
  {
    "ayah": 21,
    "time": 247843
  },
  {
    "ayah": 22,
    "time": 268718
  },
  {
    "ayah": 23,
    "time": 279781
  },
  {
    "ayah": 24,
    "time": 300782
  },
  {
    "ayah": 25,
    "time": 316030
  },
  {
    "ayah": 26,
    "time": 334656
  },
  {
    "ayah": 27,
    "time": 353372
  },
  {
    "ayah": 28,
    "time": 364120
  },
  {
    "ayah": 29,
    "time": 379597
  },
  {
    "ayah": 30,
    "time": 392221
  },
  {
    "ayah": 31,
    "time": 404448
  },
  {
    "ayah": 32,
    "time": 418033
  },
  {
    "ayah": 33,
    "time": 437036
  },
  {
    "ayah": 34,
    "time": 446786
  },
  {
    "ayah": 35,
    "time": 461785
  },
  {
    "ayah": 36,
    "time": 478725
  },
  {
    "ayah": 37,
    "time": 487225
  },
  {
    "ayah": 999,
    "time": 498599
  }
]