[
  {
    "ayah": 1,
    "time": 3623
  },
  {
    "ayah": 2,
    "time": 5806
  },
  {
    "ayah": 3,
    "time": 8867
  },
  {
    "ayah": 4,
    "time": 11757
  },
  {
    "ayah": 5,
    "time": 14142
  },
  {
    "ayah": 6,
    "time": 16520
  },
  {
    "ayah": 7,
    "time": 19078
  },
  {
    "ayah": 8,
    "time": 22035
  },
  {
    "ayah": 9,
    "time": 24598
  },
  {
    "ayah": 10,
    "time": 27807
  },
  {
    "ayah": 11,
    "time": 30010
  },
  {
    "ayah": 12,
    "time": 33492
  },
  {
    "ayah": 13,
    "time": 35940
  },
  {
    "ayah": 14,
    "time": 38587
  },
  {
    "ayah": 15,
    "time": 41885
  },
  {
    "ayah": 16,
    "time": 44668
  },
  {
    "ayah": 17,
    "time": 46814
  },
  {
    "ayah": 18,
    "time": 48979
  },
  {
    "ayah": 19,
    "time": 51515
  },
  {
    "ayah": 20,
    "time": 55662
  },
  {
    "ayah": 21,
    "time": 59866
  },
  {
    "ayah": 22,
    "time": 63182
  },
  {
    "ayah": 23,
    "time": 67097
  },
  {
    "ayah": 24,
    "time": 70812
  },
  {
    "ayah": 25,
    "time": 74347
  },
  {
    "ayah": 26,
    "time": 78315
  },
  {
    "ayah": 27,
    "time": 81318
  },
  {
    "ayah": 28,
    "time": 85245
  },
  {
    "ayah": 29,
    "time": 90743
  },
  {
    "ayah": 999,
    "time": 101630
  }
]