[
  {
    "ayah": 1,
    "time": 3848
  },
  {
    "ayah": 2,
    "time": 10996
  },
  {
    "ayah": 3,
    "time": 16092
  },
  {
    "ayah": 4,
    "time": 24473
  },
  {
    "ayah": 5,
    "time": 39136
  },
  {
    "ayah": 6,
    "time": 47738
  },
  {
    "ayah": 7,
    "time": 57852
  },
  {
    "ayah": 8,
    "time": 103655
  },
  {
    "ayah": 9,
    "time": 117120
  },
  {
    "ayah": 10,
    "time": 133859
  },
  {
    "ayah": 11,
    "time": 148225
  },
  {
    "ayah": 12,
    "time": 163960
  },
  {
    "ayah": 13,
    "time": 173014
  },
  {
    "ayah": 14,
    "time": 198207
  },
  {
    "ayah": 15,
    "time": 227364
  },
  {
    "ayah": 16,
    "time": 256155
  },
  {
    "ayah": 17,
    "time": 267753
  },
  {
    "ayah": 18,
    "time": 278033
  },
  {
    "ayah": 19,
    "time": 295505
  },
  {
    "ayah": 20,
    "time": 318324
  },
  {
    "ayah": 21,
    "time": 347887
  },
  {
    "ayah": 22,
    "time": 367524
  },
  {
    "ayah": 23,
    "time": 384600
  },
  {
    "ayah": 24,
    "time": 401211
  },
  {
    "ayah": 25,
    "time": 416082
  },
  {
    "ayah": 26,
    "time": 428769
  },
  {
    "ayah": 27,
    "time": 455200
  },
  {
    "ayah": 28,
    "time": 474700
  },
  {
    "ayah": 29,
    "time": 498333
  },
  {
    "ayah": 30,
    "time": 516960
  },
  {
    "ayah": 31,
    "time": 540001
  },
  {
    "ayah": 32,
    "time": 553094
  },
  {
    "ayah": 33,
    "time": 563304
  },
  {
    "ayah": 34,
    "time": 573767
  },
  {
    "ayah": 35,
    "time": 580530
  },
  {
    "ayah": 36,
    "time": 595315
  },
  {
    "ayah": 37,
    "time": 618284
  },
  {
    "ayah": 38,
    "time": 650345
  },
  {
    "ayah": 39,
    "time": 662505
  },
  {
    "ayah": 40,
    "time": 689046
  },
  {
    "ayah": 41,
    "time": 702482
  },
  {
    "ayah": 42,
    "time": 722190
  },
  {
    "ayah": 43,
    "time": 735158
  },
  {
    "ayah": 44,
    "time": 742298
  },
  {
    "ayah": 45,
    "time": 763303
  },
  {
    "ayah": 46,
    "time": 782005
  },
  {
    "ayah": 47,
    "time": 787682
  },
  {
    "ayah": 48,
    "time": 807478
  },
  {
    "ayah": 49,
    "time": 814048
  },
  {
    "ayah": 50,
    "time": 853038
  },
  {
    "ayah": 51,
    "time": 869570
  },
  {
    "ayah": 52,
    "time": 879648
  },
  {
    "ayah": 53,
    "time": 896643
  },
  {
    "ayah": 54,
    "time": 904915
  },
  {
    "ayah": 55,
    "time": 911012
  },
  {
    "ayah": 56,
    "time": 938631
  },
  {
    "ayah": 57,
    "time": 950148
  },
  {
    "ayah": 58,
    "time": 961457
  },
  {
    "ayah": 59,
    "time": 969176
  },
  {
    "ayah": 60,
    "time": 980682
  },
  {
    "ayah": 61,
    "time": 986559
  },
  {
    "ayah": 62,
    "time": 1018747
  },
  {
    "ayah": 63,
    "time": 1031877
  },
  {
    "ayah": 64,
    "time": 1040635
  },
  {
    "ayah": 65,
    "time": 1069191
  },
  {
    "ayah": 66,
    "time": 1089116
  },
  {
    "ayah": 67,
    "time": 1109168
  },
  {
    "ayah": 68,
    "time": 1121222
  },
  {
    "ayah": 69,
    "time": 1134152
  },
  {
    "ayah": 70,
    "time": 1147692
  },
  {
    "ayah": 71,
    "time": 1155629
  },
  {
    "ayah": 72,
    "time": 1166824
  },
  {
    "ayah": 73,
    "time": 1185051
  },
  {
    "ayah": 74,
    "time": 1217381
  },
  {
    "ayah": 75,
    "time": 1226767
  },
  {
    "ayah": 76,
    "time": 1257000
  },
  {
    "ayah": 77,
    "time": 1264417
  },
  {
    "ayah": 78,
    "time": 1302934
  },
  {
    "ayah": 79,
    "time": 1329612
  },
  {
    "ayah": 80,
    "time": 1361636
  },
  {
    "ayah": 81,
    "time": 1376109
  },
  {
    "ayah": 82,
    "time": 1407665
  },
  {
    "ayah": 83,
    "time": 1414959
  },
  {
    "ayah": 84,
    "time": 1429098
  },
  {
    "ayah": 85,
    "time": 1456711
  },
  {
    "ayah": 86,
    "time": 1467203
  },
  {
    "ayah": 87,
    "time": 1483431
  },
  {
    "ayah": 88,
    "time": 1503301
  },
  {
    "ayah": 89,
    "time": 1511685
  },
  {
    "ayah": 90,
    "time": 1520897
  },
  {
    "ayah": 91,
    "time": 1539956
  },
  {
    "ayah": 92,
    "time": 1560058
  },
  {
    "ayah": 93,
    "time": 1579146
  },
  {
    "ayah": 94,
    "time": 1598187
  },
  {
    "ayah": 95,
    "time": 1606016
  },
  {
    "ayah": 96,
    "time": 1614557
  },
  {
    "ayah": 97,
    "time": 1624612
  },
  {
    "ayah": 98,
    "time": 1645455
  },
  {
    "ayah": 99,
    "time": 1654518
  },
  {
    "ayah": 100,
    "time": 1673497
  },
  {
    "ayah": 101,
    "time": 1684979
  },
  {
    "ayah": 102,
    "time": 1699197
  },
  {
    "ayah": 103,
    "time": 1709478
  },
  {
    "ayah": 104,
    "time": 1744595
  },
  {
    "ayah": 105,
    "time": 1758643
  },
  {
    "ayah": 106,
    "time": 1772276
  },
  {
    "ayah": 107,
    "time": 1790782
  },
  {
    "ayah": 108,
    "time": 1799682
  },
  {
    "ayah": 109,
    "time": 1809599
  },
  {
    "ayah": 110,
    "time": 1815979
  },
  {
    "ayah": 111,
    "time": 1836500
  },
  {
    "ayah": 112,
    "time": 1846029
  },
  {
    "ayah": 113,
    "time": 1880000
  },
  {
    "ayah": 114,
    "time": 1895154
  },
  {
    "ayah": 115,
    "time": 1909000
  },
  {
    "ayah": 116,
    "time": 1916481
  },
  {
    "ayah": 117,
    "time": 1931403
  },
  {
    "ayah": 118,
    "time": 1951654
  },
  {
    "ayah": 119,
    "time": 1976715
  },
  {
    "ayah": 120,
    "time": 2001789
  },
  {
    "ayah": 121,
    "time": 2023259
  },
  {
    "ayah": 122,
    "time": 2031774
  },
  {
    "ayah": 123,
    "time": 2043950
  },
  {
    "ayah": 124,
    "time": 2052497
  },
  {
    "ayah": 125,
    "time": 2064295
  },
  {
    "ayah": 126,
    "time": 2081351
  },
  {
    "ayah": 127,
    "time": 2095196
  },
  {
    "ayah": 128,
    "time": 2104365
  },
  {
    "ayah": 129,
    "time": 2112676
  },
  {
    "ayah": 130,
    "time": 2125600
  },
  {
    "ayah": 131,
    "time": 2136150
  },
  {
    "ayah": 132,
    "time": 2140974
  },
  {
    "ayah": 133,
    "time": 2148984
  },
  {
    "ayah": 134,
    "time": 2159988
  },
  {
    "ayah": 135,
    "time": 2174422
  },
  {
    "ayah": 136,
    "time": 2195346
  },
  {
    "ayah": 137,
    "time": 2211588
  },
  {
    "ayah": 138,
    "time": 2220517
  },
  {
    "ayah": 139,
    "time": 2226402
  },
  {
    "ayah": 140,
    "time": 2234012
  },
  {
    "ayah": 141,
    "time": 2255182
  },
  {
    "ayah": 142,
    "time": 2261042
  },
  {
    "ayah": 143,
    "time": 2271536
  },
  {
    "ayah": 144,
    "time": 2281709
  },
  {
    "ayah": 145,
    "time": 2303460
  },
  {
    "ayah": 146,
    "time": 2324278
  },
  {
    "ayah": 147,
    "time": 2341000
  },
  {
    "ayah": 148,
    "time": 2358640
  },
  {
    "ayah": 149,
    "time": 2367553
  },
  {
    "ayah": 150,
    "time": 2381477
  },
  {
    "ayah": 151,
    "time": 2386264
  },
  {
    "ayah": 152,
    "time": 2403263
  },
  {
    "ayah": 153,
    "time": 2439544
  },
  {
    "ayah": 154,
    "time": 2460625
  },
  {
    "ayah": 155,
    "time": 2523259
  },
  {
    "ayah": 156,
    "time": 2539359
  },
  {
    "ayah": 157,
    "time": 2568313
  },
  {
    "ayah": 158,
    "time": 2581000
  },
  {
    "ayah": 159,
    "time": 2586281
  },
  {
    "ayah": 160,
    "time": 2610000
  },
  {
    "ayah": 161,
    "time": 2628806
  },
  {
    "ayah": 162,
    "time": 2643222
  },
  {
    "ayah": 163,
    "time": 2656035
  },
  {
    "ayah": 164,
    "time": 2663529
  },
  {
    "ayah": 165,
    "time": 2683114
  },
  {
    "ayah": 166,
    "time": 2704405
  },
  {
    "ayah": 167,
    "time": 2711906
  },
  {
    "ayah": 168,
    "time": 2737851
  },
  {
    "ayah": 169,
    "time": 2753836
  },
  {
    "ayah": 170,
    "time": 2765864
  },
  {
    "ayah": 171,
    "time": 2781832
  },
  {
    "ayah": 172,
    "time": 2790976
  },
  {
    "ayah": 173,
    "time": 2802604
  },
  {
    "ayah": 174,
    "time": 2819223
  },
  {
    "ayah": 175,
    "time": 2832684
  },
  {
    "ayah": 176,
    "time": 2845052
  },
  {
    "ayah": 177,
    "time": 2862666
  },
  {
    "ayah": 178,
    "time": 2872339
  },
  {
    "ayah": 179,
    "time": 2888371
  },
  {
    "ayah": 180,
    "time": 2920419
  },
  {
    "ayah": 181,
    "time": 2944400
  },
  {
    "ayah": 182,
    "time": 2964832
  },
  {
    "ayah": 183,
    "time": 2973245
  },
  {
    "ayah": 184,
    "time": 3002024
  },
  {
    "ayah": 185,
    "time": 3013725
  },
  {
    "ayah": 186,
    "time": 3047145
  },
  {
    "ayah": 187,
    "time": 3068017
  },
  {
    "ayah": 188,
    "time": 3087837
  },
  {
    "ayah": 189,
    "time": 3103104
  },
  {
    "ayah": 190,
    "time": 3110907
  },
  {
    "ayah": 191,
    "time": 3121729
  },
  {
    "ayah": 192,
    "time": 3143552
  },
  {
    "ayah": 193,
    "time": 3155216
  },
  {
    "ayah": 194,
    "time": 3174200
  },
  {
    "ayah": 195,
    "time": 3186977
  },
  {
    "ayah": 196,
    "time": 3237260
  },
  {
    "ayah": 197,
    "time": 3244256
  },
  {
    "ayah": 198,
    "time": 3253493
  },
  {
    "ayah": 199,
    "time": 3271926
  },
  {
    "ayah": 200,
    "time": 3301392
  },
  {
    "ayah": 999,
    "time": 3314446
  }
]