[
  {
    "ayah": 1,
    "time": 4022
  },
  {
    "ayah": 2,
    "time": 5984
  },
  {
    "ayah": 3,
    "time": 8939
  },
  {
    "ayah": 4,
    "time": 12043
  },
  {
    "ayah": 5,
    "time": 15297
  },
  {
    "ayah": 6,
    "time": 20410
  },
  {
    "ayah": 7,
    "time": 26016
  },
  {
    "ayah": 8,
    "time": 29416
  },
  {
    "ayah": 9,
    "time": 35326
  },
  {
    "ayah": 10,
    "time": 41332
  },
  {
    "ayah": 11,
    "time": 45344
  },
  {
    "ayah": 12,
    "time": 49893
  },
  {
    "ayah": 13,
    "time": 53849
  },
  {
    "ayah": 14,
    "time": 59463
  },
  {
    "ayah": 15,
    "time": 64161
  },
  {
    "ayah": 16,
    "time": 79035
  },
  {
    "ayah": 17,
    "time": 91648
  },
  {
    "ayah": 18,
    "time": 97957
  },
  {
    "ayah": 19,
    "time": 106068
  },
  {
    "ayah": 20,
    "time": 112076
  },
  {
    "ayah": 21,
    "time": 118438
  },
  {
    "ayah": 22,
    "time": 126345
  },
  {
    "ayah": 23,
    "time": 133813
  },
  {
    "ayah": 24,
    "time": 150081
  },
  {
    "ayah": 25,
    "time": 155841
  },
  {
    "ayah": 26,
    "time": 162902
  },
  {
    "ayah": 27,
    "time": 168506
  },
  {
    "ayah": 28,
    "time": 177019
  },
  {
    "ayah": 29,
    "time": 184775
  },
  {
    "ayah": 30,
    "time": 188164
  },
  {
    "ayah": 999,
    "time": 192117
  }
]