[
  {
    "ayah": 1,
    "time": 5844
  },
  {
    "ayah": 2,
    "time": 14560
  },
  {
    "ayah": 3,
    "time": 22859
  },
  {
    "ayah": 4,
    "time": 44142
  },
  {
    "ayah": 5,
    "time": 71349
  },
  {
    "ayah": 6,
    "time": 93601
  },
  {
    "ayah": 7,
    "time": 101117
  },
  {
    "ayah": 8,
    "time": 113431
  },
  {
    "ayah": 9,
    "time": 125094
  },
  {
    "ayah": 10,
    "time": 140505
  },
  {
    "ayah": 11,
    "time": 160860
  },
  {
    "ayah": 12,
    "time": 173836
  },
  {
    "ayah": 13,
    "time": 197541
  },
  {
    "ayah": 14,
    "time": 221464
  },
  {
    "ayah": 15,
    "time": 241180
  },
  {
    "ayah": 16,
    "time": 264771
  },
  {
    "ayah": 17,
    "time": 281876
  },
  {
    "ayah": 18,
    "time": 300284
  },
  {
    "ayah": 19,
    "time": 311636
  },
  {
    "ayah": 20,
    "time": 329312
  },
  {
    "ayah": 21,
    "time": 364571
  },
  {
    "ayah": 22,
    "time": 378192
  },
  {
    "ayah": 23,
    "time": 398293
  },
  {
    "ayah": 24,
    "time": 418062
  },
  {
    "ayah": 25,
    "time": 433595
  },
  {
    "ayah": 26,
    "time": 444905
  },
  {
    "ayah": 27,
    "time": 465849
  },
  {
    "ayah": 28,
    "time": 489369
  },
  {
    "ayah": 29,
    "time": 498711
  },
  {
    "ayah": 30,
    "time": 511614
  }
]