[
  {
    "ayah": 1,
    "time": 3630
  },
  {
    "ayah": 2,
    "time": 7348
  },
  {
    "ayah": 3,
    "time": 9559
  },
  {
    "ayah": 4,
    "time": 13200
  },
  {
    "ayah": 5,
    "time": 15505
  },
  {
    "ayah": 6,
    "time": 18706
  },
  {
    "ayah": 7,
    "time": 21807
  },
  {
    "ayah": 8,
    "time": 24580
  },
  {
    "ayah": 9,
    "time": 27487
  },
  {
    "ayah": 10,
    "time": 31099
  },
  {
    "ayah": 11,
    "time": 34111
  },
  {
    "ayah": 12,
    "time": 37708
  },
  {
    "ayah": 13,
    "time": 42210
  },
  {
    "ayah": 14,
    "time": 46462
  },
  {
    "ayah": 15,
    "time": 53585
  },
  {
    "ayah": 16,
    "time": 57418
  },
  {
    "ayah": 17,
    "time": 60644
  },
  {
    "ayah": 18,
    "time": 65146
  },
  {
    "ayah": 19,
    "time": 70710
  },
  {
    "ayah": 20,
    "time": 76147
  },
  {
    "ayah": 21,
    "time": 80523
  },
  {
    "ayah": 22,
    "time": 85522
  },
  {
    "ayah": 23,
    "time": 88212
  },
  {
    "ayah": 24,
    "time": 91708
  },
  {
    "ayah": 25,
    "time": 96835
  },
  {
    "ayah": 26,
    "time": 100770
  },
  {
    "ayah": 27,
    "time": 104523
  },
  {
    "ayah": 28,
    "time": 109461
  },
  {
    "ayah": 29,
    "time": 113461
  },
  {
    "ayah": 30,
    "time": 117648
  },
  {
    "ayah": 31,
    "time": 122963
  },
  {
    "ayah": 32,
    "time": 126431
  },
  {
    "ayah": 33,
    "time": 130116
  },
  {
    "ayah": 34,
    "time": 132546
  },
  {
    "ayah": 35,
    "time": 135314
  },
  {
    "ayah": 36,
    "time": 141044
  },
  {
    "ayah": 37,
    "time": 147978
  },
  {
    "ayah": 38,
    "time": 157355
  },
  {
    "ayah": 39,
    "time": 175356
  },
  {
    "ayah": 40,
    "time": 184732
  },
  {
    "ayah": 999,
    "time": 210575
  }
]