[
  {
    "ayah": 1,
    "time": 4140
  },
  {
    "ayah": 2,
    "time": 13985
  },
  {
    "ayah": 3,
    "time": 41585
  },
  {
    "ayah": 4,
    "time": 71192
  },
  {
    "ayah": 5,
    "time": 107787
  },
  {
    "ayah": 6,
    "time": 136419
  },
  {
    "ayah": 7,
    "time": 151097
  },
  {
    "ayah": 8,
    "time": 172531
  },
  {
    "ayah": 9,
    "time": 181029
  },
  {
    "ayah": 10,
    "time": 201563
  },
  {
    "ayah": 11,
    "time": 218535
  },
  {
    "ayah": 12,
    "time": 241123
  },
  {
    "ayah": 13,
    "time": 270040
  },
  {
    "ayah": 14,
    "time": 292292
  },
  {
    "ayah": 15,
    "time": 306213
  },
  {
    "ayah": 16,
    "time": 343816
  },
  {
    "ayah": 17,
    "time": 362431
  },
  {
    "ayah": 18,
    "time": 376602
  },
  {
    "ayah": 19,
    "time": 411611
  },
  {
    "ayah": 20,
    "time": 431741
  },
  {
    "ayah": 21,
    "time": 451913
  },
  {
    "ayah": 22,
    "time": 485529
  },
  {
    "ayah": 23,
    "time": 532747
  },
  {
    "ayah": 24,
    "time": 564884
  },
  {
    "ayah": 25,
    "time": 619058
  },
  {
    "ayah": 26,
    "time": 632732
  },
  {
    "ayah": 27,
    "time": 653602
  },
  {
    "ayah": 28,
    "time": 690810
  },
  {
    "ayah": 29,
    "time": 718449
  },
  {
    "ayah": 30,
    "time": 731020
  },
  {
    "ayah": 31,
    "time": 747559
  },
  {
    "ayah": 32,
    "time": 776756
  },
  {
    "ayah": 33,
    "time": 790734
  },
  {
    "ayah": 34,
    "time": 801848
  },
  {
    "ayah": 35,
    "time": 822274
  },
  {
    "ayah": 36,
    "time": 849892
  },
  {
    "ayah": 37,
    "time": 867492
  },
  {
    "ayah": 38,
    "time": 886175
  },
  {
    "ayah": 39,
    "time": 901865
  },
  {
    "ayah": 40,
    "time": 920202
  },
  {
    "ayah": 41,
    "time": 931633
  },
  {
    "ayah": 42,
    "time": 952399
  },
  {
    "ayah": 43,
    "time": 964838
  },
  {
    "ayah": 44,
    "time": 976873
  },
  {
    "ayah": 45,
    "time": 990044
  },
  {
    "ayah": 46,
    "time": 1012128
  },
  {
    "ayah": 47,
    "time": 1032282
  },
  {
    "ayah": 48,
    "time": 1046300
  },
  {
    "ayah": 49,
    "time": 1053970
  },
  {
    "ayah": 50,
    "time": 1078915
  },
  {
    "ayah": 51,
    "time": 1092779
  },
  {
    "ayah": 52,
    "time": 1107269
  },
  {
    "ayah": 53,
    "time": 1120858
  },
  {
    "ayah": 54,
    "time": 1136572
  },
  {
    "ayah": 55,
    "time": 1157199
  },
  {
    "ayah": 56,
    "time": 1173306
  },
  {
    "ayah": 57,
    "time": 1179258
  },
  {
    "ayah": 58,
    "time": 1198523
  },
  {
    "ayah": 59,
    "time": 1211748
  },
  {
    "ayah": 60,
    "time": 1234039
  },
  {
    "ayah": 61,
    "time": 1252408
  },
  {
    "ayah": 62,
    "time": 1295039
  },
  {
    "ayah": 63,
    "time": 1305388
  },
  {
    "ayah": 64,
    "time": 1311240
  },
  {
    "ayah": 65,
    "time": 1326519
  },
  {
    "ayah": 66,
    "time": 1339622
  },
  {
    "ayah": 67,
    "time": 1364042
  },
  {
    "ayah": 68,
    "time": 1381218
  },
  {
    "ayah": 69,
    "time": 1412340
  },
  {
    "ayah": 70,
    "time": 1421402
  },
  {
    "ayah": 71,
    "time": 1437703
  },
  {
    "ayah": 72,
    "time": 1476094
  },
  {
    "ayah": 73,
    "time": 1491798
  },
  {
    "ayah": 74,
    "time": 1514768
  },
  {
    "ayah": 75,
    "time": 1539153
  },
  {
    "ayah": 76,
    "time": 1558022
  },
  {
    "ayah": 77,
    "time": 1572054
  },
  {
    "ayah": 78,
    "time": 1585646
  },
  {
    "ayah": 79,
    "time": 1604979
  },
  {
    "ayah": 80,
    "time": 1612092
  },
  {
    "ayah": 81,
    "time": 1624924
  },
  {
    "ayah": 82,
    "time": 1642682
  },
  {
    "ayah": 83,
    "time": 1650491
  },
  {
    "ayah": 84,
    "time": 1682998
  },
  {
    "ayah": 85,
    "time": 1701389
  },
  {
    "ayah": 86,
    "time": 1712859
  },
  {
    "ayah": 87,
    "time": 1719554
  },
  {
    "ayah": 88,
    "time": 1740577
  },
  {
    "ayah": 89,
    "time": 1771313
  },
  {
    "ayah": 90,
    "time": 1786302
  },
  {
    "ayah": 91,
    "time": 1818875
  },
  {
    "ayah": 92,
    "time": 1828495
  },
  {
    "ayah": 93,
    "time": 1845234
  },
  {
    "ayah": 94,
    "time": 1874074
  },
  {
    "ayah": 95,
    "time": 1899183
  },
  {
    "ayah": 96,
    "time": 1910050
  },
  {
    "ayah": 97,
    "time": 1917970
  },
  {
    "ayah": 98,
    "time": 1927133
  },
  {
    "ayah": 99,
    "time": 1951793
  },
  {
    "ayah": 100,
    "time": 1969090
  },
  {
    "ayah": 101,
    "time": 1983040
  },
  {
    "ayah": 102,
    "time": 1996082
  },
  {
    "ayah": 103,
    "time": 2013418
  },
  {
    "ayah": 104,
    "time": 2025479
  },
  {
    "ayah": 105,
    "time": 2051538
  },
  {
    "ayah": 106,
    "time": 2061602
  },
  {
    "ayah": 107,
    "time": 2086461
  },
  {
    "ayah": 108,
    "time": 2112878
  },
  {
    "ayah": 109,
    "time": 2137852
  }
]