[
  {
    "ayah": 1,
    "time": 6411
  },
  {
    "ayah": 2,
    "time": 36789
  },
  {
    "ayah": 3,
    "time": 51789
  },
  {
    "ayah": 4,
    "time": 75622
  },
  {
    "ayah": 5,
    "time": 91884
  },
  {
    "ayah": 6,
    "time": 108259
  },
  {
    "ayah": 7,
    "time": 150000
  },
  {
    "ayah": 8,
    "time": 170121
  },
  {
    "ayah": 9,
    "time": 181673
  },
  {
    "ayah": 10,
    "time": 199109
  },
  {
    "ayah": 11,
    "time": 213310
  },
  {
    "ayah": 12,
    "time": 285377
  },
  {
    "ayah": 13,
    "time": 356568
  },
  {
    "ayah": 14,
    "time": 372779
  },
  {
    "ayah": 15,
    "time": 389421
  },
  {
    "ayah": 16,
    "time": 411560
  },
  {
    "ayah": 17,
    "time": 424740
  },
  {
    "ayah": 18,
    "time": 449007
  },
  {
    "ayah": 19,
    "time": 472900
  },
  {
    "ayah": 20,
    "time": 506431
  },
  {
    "ayah": 21,
    "time": 523510
  },
  {
    "ayah": 22,
    "time": 533515
  },
  {
    "ayah": 23,
    "time": 555331
  },
  {
    "ayah": 24,
    "time": 623492
  },
  {
    "ayah": 25,
    "time": 667238
  },
  {
    "ayah": 26,
    "time": 720695
  },
  {
    "ayah": 27,
    "time": 732614
  },
  {
    "ayah": 28,
    "time": 743129
  },
  {
    "ayah": 29,
    "time": 750830
  },
  {
    "ayah": 30,
    "time": 771002
  },
  {
    "ayah": 31,
    "time": 782247
  },
  {
    "ayah": 32,
    "time": 798449
  },
  {
    "ayah": 33,
    "time": 821755
  },
  {
    "ayah": 34,
    "time": 840150
  },
  {
    "ayah": 35,
    "time": 883858
  },
  {
    "ayah": 36,
    "time": 905628
  },
  {
    "ayah": 37,
    "time": 934905
  },
  {
    "ayah": 38,
    "time": 948591
  },
  {
    "ayah": 39,
    "time": 965771
  },
  {
    "ayah": 40,
    "time": 977889
  },
  {
    "ayah": 41,
    "time": 989679
  },
  {
    "ayah": 42,
    "time": 1001629
  },
  {
    "ayah": 43,
    "time": 1016744
  },
  {
    "ayah": 44,
    "time": 1065372
  },
  {
    "ayah": 45,
    "time": 1076230
  },
  {
    "ayah": 46,
    "time": 1085917
  },
  {
    "ayah": 47,
    "time": 1122448
  },
  {
    "ayah": 48,
    "time": 1148292
  },
  {
    "ayah": 49,
    "time": 1162707
  },
  {
    "ayah": 50,
    "time": 1174000
  },
  {
    "ayah": 51,
    "time": 1182161
  },
  {
    "ayah": 52,
    "time": 1199578
  },
  {
    "ayah": 53,
    "time": 1209102
  },
  {
    "ayah": 54,
    "time": 1216352
  },
  {
    "ayah": 55,
    "time": 1233133
  },
  {
    "ayah": 56,
    "time": 1244293
  },
  {
    "ayah": 57,
    "time": 1265193
  },
  {
    "ayah": 58,
    "time": 1286225
  },
  {
    "ayah": 59,
    "time": 1306312
  },
  {
    "ayah": 60,
    "time": 1334394
  },
  {
    "ayah": 61,
    "time": 1358257
  },
  {
    "ayah": 62,
    "time": 1369642
  },
  {
    "ayah": 63,
    "time": 1385526
  },
  {
    "ayah": 64,
    "time": 1400000
  },
  {
    "ayah": 65,
    "time": 1428036
  },
  {
    "ayah": 66,
    "time": 1444491
  },
  {
    "ayah": 67,
    "time": 1465000
  },
  {
    "ayah": 68,
    "time": 1470696
  },
  {
    "ayah": 69,
    "time": 1475551
  },
  {
    "ayah": 70,
    "time": 1498005
  },
  {
    "ayah": 71,
    "time": 1504911
  },
  {
    "ayah": 72,
    "time": 1513538
  },
  {
    "ayah": 73,
    "time": 1527694
  },
  {
    "ayah": 74,
    "time": 1546987
  },
  {
    "ayah": 75,
    "time": 1563582
  },
  {
    "ayah": 76,
    "time": 1595884
  },
  {
    "ayah": 77,
    "time": 1613987
  },
  {
    "ayah": 78,
    "time": 1655313
  },
  {
    "ayah": 79,
    "time": 1687897
  },
  {
    "ayah": 80,
    "time": 1704299
  },
  {
    "ayah": 81,
    "time": 1717809
  },
  {
    "ayah": 82,
    "time": 1739604
  },
  {
    "ayah": 83,
    "time": 1751954
  },
  {
    "ayah": 84,
    "time": 1776180
  },
  {
    "ayah": 85,
    "time": 1794800
  },
  {
    "ayah": 86,
    "time": 1813198
  },
  {
    "ayah": 87,
    "time": 1826144
  },
  {
    "ayah": 88,
    "time": 1844384
  },
  {
    "ayah": 89,
    "time": 1864345
  },
  {
    "ayah": 90,
    "time": 1894329
  },
  {
    "ayah": 91,
    "time": 1931801
  },
  {
    "ayah": 92,
    "time": 1969180
  },
  {
    "ayah": 93,
    "time": 2033577
  },
  {
    "ayah": 94,
    "time": 2061000
  },
  {
    "ayah": 95,
    "time": 2098104
  },
  {
    "ayah": 96,
    "time": 2130139
  },
  {
    "ayah": 97,
    "time": 2138638
  },
  {
    "ayah": 98,
    "time": 2168910
  },
  {
    "ayah": 99,
    "time": 2180903
  },
  {
    "ayah": 100,
    "time": 2190244
  },
  {
    "ayah": 101,
    "time": 2214416
  },
  {
    "ayah": 102,
    "time": 2236689
  },
  {
    "ayah": 103,
    "time": 2303785
  },
  {
    "ayah": 104,
    "time": 2324789
  },
  {
    "ayah": 105,
    "time": 2347817
  },
  {
    "ayah": 106,
    "time": 2362985
  },
  {
    "ayah": 107,
    "time": 2368941
  },
  {
    "ayah": 108,
    "time": 2380045
  },
  {
    "ayah": 109,
    "time": 2396016
  },
  {
    "ayah": 110,
    "time": 2413873
  },
  {
    "ayah": 111,
    "time": 2425620
  },
  {
    "ayah": 112,
    "time": 2436166
  },
  {
    "ayah": 113,
    "time": 2454067
  },
  {
    "ayah": 114,
    "time": 2490301
  },
  {
    "ayah": 115,
    "time": 2512896
  },
  {
    "ayah": 116,
    "time": 2534418
  },
  {
    "ayah": 117,
    "time": 2551216
  },
  {
    "ayah": 118,
    "time": 2560394
  },
  {
    "ayah": 119,
    "time": 2569171
  },
  {
    "ayah": 120,
    "time": 2597664
  },
  {
    "ayah": 121,
    "time": 2605918
  },
  {
    "ayah": 122,
    "time": 2616618
  },
  {
    "ayah": 123,
    "time": 2636246
  },
  {
    "ayah": 124,
    "time": 2654100
  },
  {
    "ayah": 125,
    "time": 2673712
  },
  {
    "ayah": 126,
    "time": 2688589
  },
  {
    "ayah": 127,
    "time": 2697707
  },
  {
    "ayah": 128,
    "time": 2740319
  },
  {
    "ayah": 129,
    "time": 2776128
  },
  {
    "ayah": 130,
    "time": 2798299
  },
  {
    "ayah": 131,
    "time": 2808357
  },
  {
    "ayah": 132,
    "time": 2831036
  },
  {
    "ayah": 133,
    "time": 2838613
  },
  {
    "ayah": 134,
    "time": 2850272
  },
  {
    "ayah": 135,
    "time": 2867178
  },
  {
    "ayah": 136,
    "time": 2901168
  },
  {
    "ayah": 137,
    "time": 2928781
  },
  {
    "ayah": 138,
    "time": 2947000
  },
  {
    "ayah": 139,
    "time": 2952652
  },
  {
    "ayah": 140,
    "time": 2968118
  },
  {
    "ayah": 141,
    "time": 2996225
  },
  {
    "ayah": 142,
    "time": 3026921
  },
  {
    "ayah": 143,
    "time": 3044151
  },
  {
    "ayah": 144,
    "time": 3059775
  },
  {
    "ayah": 145,
    "time": 3077469
  },
  {
    "ayah": 146,
    "time": 3087477
  },
  {
    "ayah": 147,
    "time": 3111486
  },
  {
    "ayah": 148,
    "time": 3127289
  },
  {
    "ayah": 149,
    "time": 3140027
  },
  {
    "ayah": 150,
    "time": 3157364
  },
  {
    "ayah": 151,
    "time": 3181024
  },
  {
    "ayah": 152,
    "time": 3190624
  },
  {
    "ayah": 153,
    "time": 3206970
  },
  {
    "ayah": 154,
    "time": 3240623
  },
  {
    "ayah": 155,
    "time": 3256107
  },
  {
    "ayah": 156,
    "time": 3279567
  },
  {
    "ayah": 157,
    "time": 3285182
  },
  {
    "ayah": 158,
    "time": 3313026
  },
  {
    "ayah": 159,
    "time": 3319345
  },
  {
    "ayah": 160,
    "time": 3332969
  },
  {
    "ayah": 161,
    "time": 3345536
  },
  {
    "ayah": 162,
    "time": 3359338
  },
  {
    "ayah": 163,
    "time": 3386522
  },
  {
    "ayah": 164,
    "time": 3412592
  },
  {
    "ayah": 165,
    "time": 3424176
  },
  {
    "ayah": 166,
    "time": 3438572
  },
  {
    "ayah": 167,
    "time": 3451922
  },
  {
    "ayah": 168,
    "time": 3460025
  },
  {
    "ayah": 169,
    "time": 3469778
  },
  {
    "ayah": 170,
    "time": 3481246
  },
  {
    "ayah": 171,
    "time": 3503367
  },
  {
    "ayah": 172,
    "time": 3544146
  },
  {
    "ayah": 173,
    "time": 3561650
  },
  {
    "ayah": 174,
    "time": 3585000
  },
  {
    "ayah": 175,
    "time": 3596234
  },
  {
    "ayah": 176,
    "time": 3610195
  },
  {
    "ayah": 999,
    "time": 3653312
  }
]