[
  {
    "ayah": 1,
    "time": 3693
  },
  {
    "ayah": 2,
    "time": 10256
  },
  {
    "ayah": 3,
    "time": 16005
  },
  {
    "ayah": 4,
    "time": 24446
  },
  {
    "ayah": 5,
    "time": 35569
  },
  {
    "ayah": 6,
    "time": 43446
  },
  {
    "ayah": 7,
    "time": 54759
  },
  {
    "ayah": 8,
    "time": 62758
  },
  {
    "ayah": 9,
    "time": 75393
  },
  {
    "ayah": 10,
    "time": 84143
  },
  {
    "ayah": 11,
    "time": 93584
  },
  {
    "ayah": 12,
    "time": 101333
  },
  {
    "ayah": 13,
    "time": 108710
  },
  {
    "ayah": 14,
    "time": 116520
  },
  {
    "ayah": 15,
    "time": 121694
  },
  {
    "ayah": 16,
    "time": 130509
  },
  {
    "ayah": 17,
    "time": 136947
  },
  {
    "ayah": 18,
    "time": 144772
  },
  {
    "ayah": 19,
    "time": 151220
  },
  {
    "ayah": 20,
    "time": 156000
  },
  {
    "ayah": 21,
    "time": 162648
  },
  {
    "ayah": 22,
    "time": 168211
  },
  {
    "ayah": 23,
    "time": 185023
  },
  {
    "ayah": 24,
    "time": 198336
  },
  {
    "ayah": 25,
    "time": 229000
  },
  {
    "ayah": 26,
    "time": 236524
  },
  {
    "ayah": 27,
    "time": 269088
  },
  {
    "ayah": 28,
    "time": 283666
  },
  {
    "ayah": 29,
    "time": 294731
  },
  {
    "ayah": 30,
    "time": 304800
  },
  {
    "ayah": 31,
    "time": 311681
  },
  {
    "ayah": 32,
    "time": 317167
  },
  {
    "ayah": 33,
    "time": 325854
  },
  {
    "ayah": 34,
    "time": 332598
  },
  {
    "ayah": 35,
    "time": 341912
  },
  {
    "ayah": 36,
    "time": 353276
  },
  {
    "ayah": 37,
    "time": 361662
  },
  {
    "ayah": 38,
    "time": 367687
  },
  {
    "ayah": 39,
    "time": 372228
  },
  {
    "ayah": 40,
    "time": 379164
  },
  {
    "ayah": 41,
    "time": 387288
  },
  {
    "ayah": 42,
    "time": 396790
  },
  {
    "ayah": 43,
    "time": 402716
  },
  {
    "ayah": 44,
    "time": 411726
  },
  {
    "ayah": 45,
    "time": 423726
  },
  {
    "ayah": 46,
    "time": 432477
  },
  {
    "ayah": 47,
    "time": 437876
  },
  {
    "ayah": 48,
    "time": 443054
  },
  {
    "ayah": 49,
    "time": 450603
  },
  {
    "ayah": 50,
    "time": 456731
  },
  {
    "ayah": 51,
    "time": 463042
  },
  {
    "ayah": 52,
    "time": 470918
  },
  {
    "ayah": 53,
    "time": 475414
  },
  {
    "ayah": 54,
    "time": 479926
  },
  {
    "ayah": 55,
    "time": 486367
  },
  {
    "ayah": 56,
    "time": 492115
  },
  {
    "ayah": 57,
    "time": 497615
  },
  {
    "ayah": 58,
    "time": 502988
  },
  {
    "ayah": 59,
    "time": 507054
  },
  {
    "ayah": 60,
    "time": 516679
  },
  {
    "ayah": 61,
    "time": 526679
  },
  {
    "ayah": 62,
    "time": 534490
  },
  {
    "ayah": 63,
    "time": 543000
  },
  {
    "ayah": 64,
    "time": 549380
  },
  {
    "ayah": 65,
    "time": 557256
  },
  {
    "ayah": 66,
    "time": 565443
  },
  {
    "ayah": 67,
    "time": 572132
  },
  {
    "ayah": 68,
    "time": 574300
  },
  {
    "ayah": 69,
    "time": 576930
  },
  {
    "ayah": 70,
    "time": 583196
  },
  {
    "ayah": 71,
    "time": 589507
  },
  {
    "ayah": 72,
    "time": 597943
  },
  {
    "ayah": 73,
    "time": 604195
  },
  {
    "ayah": 74,
    "time": 609320
  },
  {
    "ayah": 75,
    "time": 614097
  },
  {
    "ayah": 76,
    "time": 625598
  },
  {
    "ayah": 77,
    "time": 632638
  },
  {
    "ayah": 78,
    "time": 636325
  },
  {
    "ayah": 79,
    "time": 640562
  },
  {
    "ayah": 80,
    "time": 645182
  },
  {
    "ayah": 81,
    "time": 648615
  },
  {
    "ayah": 82,
    "time": 651750
  },
  {
    "ayah": 83,
    "time": 656100
  },
  {
    "ayah": 84,
    "time": 659867
  },
  {
    "ayah": 85,
    "time": 663593
  },
  {
    "ayah": 86,
    "time": 672055
  },
  {
    "ayah": 87,
    "time": 678740
  },
  {
    "ayah": 88,
    "time": 683174
  },
  {
    "ayah": 999,
    "time": 690304
  }
]