[
  {
    "ayah": 1,
    "time": 6648
  },
  {
    "ayah": 2,
    "time": 11106
  },
  {
    "ayah": 3,
    "time": 15596
  },
  {
    "ayah": 4,
    "time": 20983
  },
  {
    "ayah": 5,
    "time": 25720
  },
  {
    "ayah": 6,
    "time": 32050
  },
  {
    "ayah": 7,
    "time": 38120
  },
  {
    "ayah": 8,
    "time": 46339
  },
  {
    "ayah": 9,
    "time": 52098
  },
  {
    "ayah": 10,
    "time": 60518
  },
  {
    "ayah": 11,
    "time": 66276
  },
  {
    "ayah": 12,
    "time": 75504
  },
  {
    "ayah": 13,
    "time": 81959
  },
  {
    "ayah": 14,
    "time": 91393
  },
  {
    "ayah": 15,
    "time": 102021
  },
  {
    "ayah": 16,
    "time": 113724
  },
  {
    "ayah": 17,
    "time": 122222
  },
  {
    "ayah": 18,
    "time": 128877
  },
  {
    "ayah": 19,
    "time": 136804
  },
  {
    "ayah": 20,
    "time": 142331
  },
  {
    "ayah": 21,
    "time": 148647
  },
  {
    "ayah": 22,
    "time": 157795
  },
  {
    "ayah": 23,
    "time": 164915
  },
  {
    "ayah": 24,
    "time": 173167
  },
  {
    "ayah": 25,
    "time": 182051
  },
  {
    "ayah": 26,
    "time": 190907
  },
  {
    "ayah": 27,
    "time": 196308
  },
  {
    "ayah": 28,
    "time": 204374
  },
  {
    "ayah": 29,
    "time": 213430
  },
  {
    "ayah": 30,
    "time": 222254
  },
  {
    "ayah": 31,
    "time": 230945
  },
  {
    "ayah": 32,
    "time": 237361
  },
  {
    "ayah": 33,
    "time": 245899
  },
  {
    "ayah": 34,
    "time": 269251
  },
  {
    "ayah": 35,
    "time": 277889
  },
  {
    "ayah": 36,
    "time": 292053
  },
  {
    "ayah": 37,
    "time": 301573
  },
  {
    "ayah": 38,
    "time": 313508
  },
  {
    "ayah": 39,
    "time": 322100
  },
  {
    "ayah": 40,
    "time": 336975
  },
  {
    "ayah": 41,
    "time": 346248
  },
  {
    "ayah": 42,
    "time": 357533
  },
  {
    "ayah": 43,
    "time": 366635
  },
  {
    "ayah": 44,
    "time": 375520
  },
  {
    "ayah": 45,
    "time": 383354
  },
  {
    "ayah": 46,
    "time": 392688
  },
  {
    "ayah": 47,
    "time": 400629
  },
  {
    "ayah": 48,
    "time": 409839
  },
  {
    "ayah": 49,
    "time": 415537
  },
  {
    "ayah": 50,
    "time": 424321
  },
  {
    "ayah": 51,
    "time": 430226
  },
  {
    "ayah": 52,
    "time": 438532
  },
  {
    "ayah": 53,
    "time": 446791
  },
  {
    "ayah": 54,
    "time": 455057
  },
  {
    "ayah": 55,
    "time": 469561
  },
  {
    "ayah": 56,
    "time": 478431
  },
  {
    "ayah": 57,
    "time": 493570
  },
  {
    "ayah": 58,
    "time": 502201
  },
  {
    "ayah": 59,
    "time": 510281
  },
  {
    "ayah": 60,
    "time": 518633
  },
  {
    "ayah": 61,
    "time": 526900
  },
  {
    "ayah": 62,
    "time": 535870
  },
  {
    "ayah": 63,
    "time": 542596
  },
  {
    "ayah": 64,
    "time": 551281
  },
  {
    "ayah": 65,
    "time": 558897
  },
  {
    "ayah": 66,
    "time": 567913
  },
  {
    "ayah": 67,
    "time": 574083
  },
  {
    "ayah": 68,
    "time": 582874
  },
  {
    "ayah": 69,
    "time": 591683
  },
  {
    "ayah": 70,
    "time": 600282
  },
  {
    "ayah": 71,
    "time": 607101
  },
  {
    "ayah": 72,
    "time": 615971
  },
  {
    "ayah": 73,
    "time": 623648
  },
  {
    "ayah": 74,
    "time": 632225
  },
  {
    "ayah": 75,
    "time": 643014
  },
  {
    "ayah": 76,
    "time": 651451
  },
  {
    "ayah": 77,
    "time": 660739
  },
  {
    "ayah": 78,
    "time": 669577
  }
]