[
  {
    "ayah": 1,
    "time": 5797
  },
  {
    "ayah": 2,
    "time": 14389
  },
  {
    "ayah": 3,
    "time": 19615
  },
  {
    "ayah": 4,
    "time": 25792
  },
  {
    "ayah": 5,
    "time": 38538
  },
  {
    "ayah": 6,
    "time": 51812
  },
  {
    "ayah": 7,
    "time": 75450
  },
  {
    "ayah": 8,
    "time": 96030
  },
  {
    "ayah": 9,
    "time": 107944
  },
  {
    "ayah": 10,
    "time": 118432
  },
  {
    "ayah": 11,
    "time": 155187
  },
  {
    "ayah": 12,
    "time": 172688
  },
  {
    "ayah": 13,
    "time": 196015
  },
  {
    "ayah": 14,
    "time": 213130
  },
  {
    "ayah": 15,
    "time": 245195
  },
  {
    "ayah": 16,
    "time": 281418
  },
  {
    "ayah": 17,
    "time": 312872
  },
  {
    "ayah": 18,
    "time": 332859
  },
  {
    "ayah": 19,
    "time": 349917
  },
  {
    "ayah": 20,
    "time": 364299
  },
  {
    "ayah": 21,
    "time": 395103
  },
  {
    "ayah": 22,
    "time": 419205
  },
  {
    "ayah": 23,
    "time": 437296
  },
  {
    "ayah": 24,
    "time": 457172
  },
  {
    "ayah": 25,
    "time": 467628
  },
  {
    "ayah": 26,
    "time": 489037
  },
  {
    "ayah": 27,
    "time": 500050
  },
  {
    "ayah": 28,
    "time": 524663
  },
  {
    "ayah": 29,
    "time": 539285
  },
  {
    "ayah": 30,
    "time": 569982
  },
  {
    "ayah": 31,
    "time": 586150
  },
  {
    "ayah": 32,
    "time": 606283
  },
  {
    "ayah": 33,
    "time": 639681
  },
  {
    "ayah": 34,
    "time": 678140
  }
]