[
  {
    "ayah": 1,
    "time": 3742
  },
  {
    "ayah": 2,
    "time": 14553
  },
  {
    "ayah": 3,
    "time": 25554
  },
  {
    "ayah": 4,
    "time": 34492
  },
  {
    "ayah": 5,
    "time": 46867
  },
  {
    "ayah": 6,
    "time": 56244
  },
  {
    "ayah": 7,
    "time": 73993
  },
  {
    "ayah": 8,
    "time": 89745
  },
  {
    "ayah": 9,
    "time": 100475
  },
  {
    "ayah": 10,
    "time": 130536
  },
  {
    "ayah": 11,
    "time": 147351
  },
  {
    "ayah": 12,
    "time": 161915
  },
  {
    "ayah": 13,
    "time": 173351
  },
  {
    "ayah": 14,
    "time": 181663
  },
  {
    "ayah": 15,
    "time": 199666
  },
  {
    "ayah": 16,
    "time": 209104
  },
  {
    "ayah": 17,
    "time": 225477
  },
  {
    "ayah": 18,
    "time": 237228
  },
  {
    "ayah": 999,
    "time": 245206
  }
]