[
  {
    "ayah": 1,
    "time": 4193
  },
  {
    "ayah": 2,
    "time": 16579
  },
  {
    "ayah": 3,
    "time": 40906
  },
  {
    "ayah": 4,
    "time": 53498
  },
  {
    "ayah": 5,
    "time": 66548
  },
  {
    "ayah": 6,
    "time": 153669
  },
  {
    "ayah": 7,
    "time": 168662
  },
  {
    "ayah": 8,
    "time": 182544
  },
  {
    "ayah": 9,
    "time": 194636
  },
  {
    "ayah": 10,
    "time": 209026
  },
  {
    "ayah": 11,
    "time": 219785
  },
  {
    "ayah": 12,
    "time": 246038
  },
  {
    "ayah": 13,
    "time": 258623
  },
  {
    "ayah": 14,
    "time": 269390
  },
  {
    "ayah": 15,
    "time": 291767
  },
  {
    "ayah": 16,
    "time": 317456
  },
  {
    "ayah": 17,
    "time": 330527
  },
  {
    "ayah": 18,
    "time": 356983
  },
  {
    "ayah": 19,
    "time": 398422
  },
  {
    "ayah": 20,
    "time": 425596
  },
  {
    "ayah": 21,
    "time": 431612
  },
  {
    "ayah": 22,
    "time": 437092
  },
  {
    "ayah": 23,
    "time": 450520
  },
  {
    "ayah": 24,
    "time": 479877
  },
  {
    "ayah": 25,
    "time": 489283
  },
  {
    "ayah": 26,
    "time": 522502
  },
  {
    "ayah": 27,
    "time": 546194
  },
  {
    "ayah": 28,
    "time": 562071
  },
  {
    "ayah": 29,
    "time": 586181
  },
  {
    "ayah": 30,
    "time": 598241
  },
  {
    "ayah": 31,
    "time": 623643
  },
  {
    "ayah": 32,
    "time": 648085
  },
  {
    "ayah": 33,
    "time": 659309
  },
  {
    "ayah": 34,
    "time": 671484
  },
  {
    "ayah": 35,
    "time": 696050
  },
  {
    "ayah": 36,
    "time": 715305
  },
  {
    "ayah": 37,
    "time": 750053
  },
  {
    "ayah": 38,
    "time": 775098
  },
  {
    "ayah": 39,
    "time": 792445
  },
  {
    "ayah": 40,
    "time": 805356
  },
  {
    "ayah": 41,
    "time": 845362
  },
  {
    "ayah": 42,
    "time": 864674
  },
  {
    "ayah": 43,
    "time": 875866
  },
  {
    "ayah": 44,
    "time": 880628
  },
  {
    "ayah": 45,
    "time": 894156
  },
  {
    "ayah": 46,
    "time": 912693
  },
  {
    "ayah": 47,
    "time": 937392
  },
  {
    "ayah": 48,
    "time": 953971
  },
  {
    "ayah": 49,
    "time": 967306
  },
  {
    "ayah": 50,
    "time": 976408
  },
  {
    "ayah": 51,
    "time": 986896
  },
  {
    "ayah": 52,
    "time": 999714
  },
  {
    "ayah": 53,
    "time": 1030371
  },
  {
    "ayah": 54,
    "time": 1049365
  },
  {
    "ayah": 55,
    "time": 1071842
  },
  {
    "ayah": 56,
    "time": 1087432
  },
  {
    "ayah": 57,
    "time": 1107122
  },
  {
    "ayah": 58,
    "time": 1119297
  },
  {
    "ayah": 59,
    "time": 1138791
  },
  {
    "ayah": 60,
    "time": 1150001
  },
  {
    "ayah": 61,
    "time": 1170327
  },
  {
    "ayah": 62,
    "time": 1188067
  },
  {
    "ayah": 63,
    "time": 1204721
  },
  {
    "ayah": 64,
    "time": 1223508
  },
  {
    "ayah": 65,
    "time": 1233903
  },
  {
    "ayah": 66,
    "time": 1260295
  },
  {
    "ayah": 67,
    "time": 1274592
  },
  {
    "ayah": 68,
    "time": 1295311
  },
  {
    "ayah": 69,
    "time": 1302634
  },
  {
    "ayah": 70,
    "time": 1312665
  },
  {
    "ayah": 71,
    "time": 1331327
  },
  {
    "ayah": 72,
    "time": 1348192
  },
  {
    "ayah": 73,
    "time": 1383947
  },
  {
    "ayah": 74,
    "time": 1413772
  },
  {
    "ayah": 75,
    "time": 1422410
  },
  {
    "ayah": 76,
    "time": 1436999
  },
  {
    "ayah": 77,
    "time": 1446234
  },
  {
    "ayah": 78,
    "time": 1459694
  }
]