[
  {
    "ayah": 1,
    "time": 4417
  },
  {
    "ayah": 2,
    "time": 14529
  },
  {
    "ayah": 3,
    "time": 34207
  },
  {
    "ayah": 4,
    "time": 60042
  },
  {
    "ayah": 5,
    "time": 77519
  },
  {
    "ayah": 6,
    "time": 98897
  },
  {
    "ayah": 7,
    "time": 111361
  },
  {
    "ayah": 8,
    "time": 125432
  },
  {
    "ayah": 9,
    "time": 141754
  },
  {
    "ayah": 10,
    "time": 162182
  },
  {
    "ayah": 11,
    "time": 180108
  },
  {
    "ayah": 12,
    "time": 207495
  },
  {
    "ayah": 13,
    "time": 229635
  },
  {
    "ayah": 14,
    "time": 246157
  },
  {
    "ayah": 15,
    "time": 255119
  },
  {
    "ayah": 16,
    "time": 261178
  },
  {
    "ayah": 17,
    "time": 274596
  },
  {
    "ayah": 18,
    "time": 300031
  },
  {
    "ayah": 19,
    "time": 320909
  },
  {
    "ayah": 20,
    "time": 344392
  },
  {
    "ayah": 21,
    "time": 388201
  },
  {
    "ayah": 22,
    "time": 398514
  },
  {
    "ayah": 23,
    "time": 445188
  },
  {
    "ayah": 24,
    "time": 464777
  },
  {
    "ayah": 25,
    "time": 481049
  },
  {
    "ayah": 26,
    "time": 492064
  },
  {
    "ayah": 27,
    "time": 524108
  },
  {
    "ayah": 28,
    "time": 575277
  },
  {
    "ayah": 29,
    "time": 609023
  },
  {
    "ayah": 30,
    "time": 631705
  },
  {
    "ayah": 31,
    "time": 659640
  },
  {
    "ayah": 32,
    "time": 682575
  },
  {
    "ayah": 33,
    "time": 719975
  },
  {
    "ayah": 34,
    "time": 762531
  },
  {
    "ayah": 35,
    "time": 781259
  },
  {
    "ayah": 36,
    "time": 810697
  },
  {
    "ayah": 37,
    "time": 829787
  },
  {
    "ayah": 38,
    "time": 887271
  },
  {
    "ayah": 39,
    "time": 964871
  },
  {
    "ayah": 40,
    "time": 985199
  },
  {
    "ayah": 41,
    "time": 1024804
  },
  {
    "ayah": 42,
    "time": 1041773
  },
  {
    "ayah": 43,
    "time": 1064968
  },
  {
    "ayah": 44,
    "time": 1128154
  },
  {
    "ayah": 45,
    "time": 1169612
  },
  {
    "ayah": 46,
    "time": 1186594
  },
  {
    "ayah": 47,
    "time": 1217537
  },
  {
    "ayah": 48,
    "time": 1237314
  },
  {
    "ayah": 49,
    "time": 1263405
  },
  {
    "ayah": 50,
    "time": 1289686
  },
  {
    "ayah": 51,
    "time": 1321528
  },
  {
    "ayah": 52,
    "time": 1353570
  },
  {
    "ayah": 53,
    "time": 1371156
  },
  {
    "ayah": 54,
    "time": 1434993
  },
  {
    "ayah": 55,
    "time": 1494024
  },
  {
    "ayah": 56,
    "time": 1509696
  },
  {
    "ayah": 57,
    "time": 1532482
  },
  {
    "ayah": 58,
    "time": 1582643
  },
  {
    "ayah": 59,
    "time": 1609882
  },
  {
    "ayah": 60,
    "time": 1640624
  },
  {
    "ayah": 61,
    "time": 1655394
  },
  {
    "ayah": 62,
    "time": 1671614
  },
  {
    "ayah": 63,
    "time": 1688388
  },
  {
    "ayah": 64,
    "time": 1713621
  },
  {
    "ayah": 65,
    "time": 1739008
  },
  {
    "ayah": 66,
    "time": 1760836
  },
  {
    "ayah": 67,
    "time": 1785171
  },
  {
    "ayah": 68,
    "time": 1801549
  },
  {
    "ayah": 69,
    "time": 1813059
  },
  {
    "ayah": 70,
    "time": 1860173
  },
  {
    "ayah": 71,
    "time": 1888414
  },
  {
    "ayah": 72,
    "time": 1938231
  },
  {
    "ayah": 73,
    "time": 1961964
  },
  {
    "ayah": 74,
    "time": 2023896
  },
  {
    "ayah": 75,
    "time": 2067356
  },
  {
    "ayah": 76,
    "time": 2106661
  },
  {
    "ayah": 77,
    "time": 2123432
  },
  {
    "ayah": 78,
    "time": 2146966
  },
  {
    "ayah": 79,
    "time": 2157934
  },
  {
    "ayah": 80,
    "time": 2180710
  },
  {
    "ayah": 81,
    "time": 2201537
  },
  {
    "ayah": 82,
    "time": 2223421
  },
  {
    "ayah": 83,
    "time": 2248553
  },
  {
    "ayah": 84,
    "time": 2262571
  },
  {
    "ayah": 85,
    "time": 2278044
  },
  {
    "ayah": 86,
    "time": 2336074
  },
  {
    "ayah": 87,
    "time": 2377327
  },
  {
    "ayah": 88,
    "time": 2411226
  },
  {
    "ayah": 89,
    "time": 2446373
  },
  {
    "ayah": 90,
    "time": 2508457
  },
  {
    "ayah": 91,
    "time": 2526584
  },
  {
    "ayah": 92,
    "time": 2537097
  },
  {
    "ayah": 93,
    "time": 2558277
  },
  {
    "ayah": 94,
    "time": 2582060
  },
  {
    "ayah": 95,
    "time": 2610897
  },
  {
    "ayah": 96,
    "time": 2649600
  },
  {
    "ayah": 97,
    "time": 2695211
  },
  {
    "ayah": 98,
    "time": 2712237
  },
  {
    "ayah": 99,
    "time": 2727959
  },
  {
    "ayah": 100,
    "time": 2742679
  },
  {
    "ayah": 101,
    "time": 2773719
  },
  {
    "ayah": 102,
    "time": 2812781
  },
  {
    "ayah": 103,
    "time": 2831254
  },
  {
    "ayah": 104,
    "time": 2859743
  },
  {
    "ayah": 105,
    "time": 2873262
  },
  {
    "ayah": 106,
    "time": 2902753
  },
  {
    "ayah": 107,
    "time": 2919976
  },
  {
    "ayah": 108,
    "time": 2929389
  },
  {
    "ayah": 109,
    "time": 2940605
  },
  {
    "ayah": 110,
    "time": 2953221
  },
  {
    "ayah": 111,
    "time": 2964436
  },
  {
    "ayah": 112,
    "time": 2977055
  },
  {
    "ayah": 113,
    "time": 2983365
  },
  {
    "ayah": 114,
    "time": 3001185
  },
  {
    "ayah": 115,
    "time": 3009748
  },
  {
    "ayah": 116,
    "time": 3028374
  },
  {
    "ayah": 117,
    "time": 3049302
  },
  {
    "ayah": 118,
    "time": 3064423
  },
  {
    "ayah": 119,
    "time": 3072482
  },
  {
    "ayah": 120,
    "time": 3080392
  },
  {
    "ayah": 121,
    "time": 3086052
  },
  {
    "ayah": 122,
    "time": 3094512
  },
  {
    "ayah": 123,
    "time": 3099170
  },
  {
    "ayah": 124,
    "time": 3128160
  },
  {
    "ayah": 125,
    "time": 3146483
  },
  {
    "ayah": 126,
    "time": 3157199
  },
  {
    "ayah": 127,
    "time": 3188192
  },
  {
    "ayah": 128,
    "time": 3224489
  },
  {
    "ayah": 129,
    "time": 3252379
  },
  {
    "ayah": 130,
    "time": 3286075
  },
  {
    "ayah": 131,
    "time": 3304651
  },
  {
    "ayah": 132,
    "time": 3346207
  },
  {
    "ayah": 133,
    "time": 3363330
  },
  {
    "ayah": 134,
    "time": 3390568
  },
  {
    "ayah": 135,
    "time": 3433426
  },
  {
    "ayah": 136,
    "time": 3451101
  },
  {
    "ayah": 137,
    "time": 3472628
  },
  {
    "ayah": 138,
    "time": 3520493
  },
  {
    "ayah": 139,
    "time": 3560647
  },
  {
    "ayah": 140,
    "time": 3578524
  },
  {
    "ayah": 141,
    "time": 3593044
  },
  {
    "ayah": 142,
    "time": 3626188
  },
  {
    "ayah": 143,
    "time": 3664942
  },
  {
    "ayah": 144,
    "time": 3729780
  },
  {
    "ayah": 145,
    "time": 3760171
  },
  {
    "ayah": 146,
    "time": 3799275
  },
  {
    "ayah": 147,
    "time": 3862691
  },
  {
    "ayah": 148,
    "time": 3885524
  },
  {
    "ayah": 149,
    "time": 3919119
  },
  {
    "ayah": 150,
    "time": 3956120
  },
  {
    "ayah": 151,
    "time": 4019707
  },
  {
    "ayah": 152,
    "time": 4036330
  },
  {
    "ayah": 153,
    "time": 4059961
  },
  {
    "ayah": 154,
    "time": 4092053
  },
  {
    "ayah": 155,
    "time": 4121595
  },
  {
    "ayah": 156,
    "time": 4200196
  },
  {
    "ayah": 157,
    "time": 4250764
  },
  {
    "ayah": 158,
    "time": 4351452
  },
  {
    "ayah": 159,
    "time": 4405353
  },
  {
    "ayah": 160,
    "time": 4420472
  },
  {
    "ayah": 161,
    "time": 4490466
  },
  {
    "ayah": 162,
    "time": 4524514
  },
  {
    "ayah": 163,
    "time": 4557820
  },
  {
    "ayah": 164,
    "time": 4606086
  },
  {
    "ayah": 165,
    "time": 4637128
  },
  {
    "ayah": 166,
    "time": 4671875
  },
  {
    "ayah": 167,
    "time": 4686056
  },
  {
    "ayah": 168,
    "time": 4716096
  },
  {
    "ayah": 169,
    "time": 4739936
  },
  {
    "ayah": 170,
    "time": 4798410
  },
  {
    "ayah": 171,
    "time": 4814727
  },
  {
    "ayah": 172,
    "time": 4853981
  },
  {
    "ayah": 173,
    "time": 4894590
  },
  {
    "ayah": 174,
    "time": 4921270
  },
  {
    "ayah": 175,
    "time": 4930984
  },
  {
    "ayah": 176,
    "time": 4952165
  },
  {
    "ayah": 177,
    "time": 4996874
  },
  {
    "ayah": 178,
    "time": 5013348
  },
  {
    "ayah": 179,
    "time": 5028577
  },
  {
    "ayah": 180,
    "time": 5081211
  },
  {
    "ayah": 181,
    "time": 5105543
  },
  {
    "ayah": 182,
    "time": 5120014
  },
  {
    "ayah": 183,
    "time": 5133983
  },
  {
    "ayah": 184,
    "time": 5141591
  },
  {
    "ayah": 185,
    "time": 5160019
  },
  {
    "ayah": 186,
    "time": 5193813
  },
  {
    "ayah": 187,
    "time": 5209436
  },
  {
    "ayah": 188,
    "time": 5269518
  },
  {
    "ayah": 189,
    "time": 5309943
  },
  {
    "ayah": 190,
    "time": 5359209
  },
  {
    "ayah": 191,
    "time": 5384645
  },
  {
    "ayah": 192,
    "time": 5394507
  },
  {
    "ayah": 193,
    "time": 5408028
  },
  {
    "ayah": 194,
    "time": 5429654
  },
  {
    "ayah": 195,
    "time": 5460195
  },
  {
    "ayah": 196,
    "time": 5502806
  },
  {
    "ayah": 197,
    "time": 5516675
  },
  {
    "ayah": 198,
    "time": 5535100
  },
  {
    "ayah": 199,
    "time": 5553724
  },
  {
    "ayah": 200,
    "time": 5563586
  },
  {
    "ayah": 201,
    "time": 5583364
  },
  {
    "ayah": 202,
    "time": 5601290
  },
  {
    "ayah": 203,
    "time": 5611905
  },
  {
    "ayah": 204,
    "time": 5649053
  },
  {
    "ayah": 205,
    "time": 5661973
  },
  {
    "ayah": 206,
    "time": 5684652
  },
  {
    "ayah": 999,
    "time": 5702723
  }
]