[
  {
    "ayah": 1,
    "time": 3747
  },
  {
    "ayah": 2,
    "time": 7000
  },
  {
    "ayah": 3,
    "time": 11700
  },
  {
    "ayah": 4,
    "time": 21120
  },
  {
    "ayah": 5,
    "time": 30057
  },
  {
    "ayah": 6,
    "time": 48498
  },
  {
    "ayah": 7,
    "time": 57436
  },
  {
    "ayah": 8,
    "time": 80999
  },
  {
    "ayah": 9,
    "time": 96435
  },
  {
    "ayah": 10,
    "time": 106308
  },
  {
    "ayah": 11,
    "time": 121750
  },
  {
    "ayah": 12,
    "time": 139312
  },
  {
    "ayah": 13,
    "time": 156251
  },
  {
    "ayah": 14,
    "time": 171003
  },
  {
    "ayah": 15,
    "time": 179000
  },
  {
    "ayah": 16,
    "time": 196253
  },
  {
    "ayah": 17,
    "time": 215063
  },
  {
    "ayah": 18,
    "time": 230813
  },
  {
    "ayah": 19,
    "time": 248432
  },
  {
    "ayah": 20,
    "time": 256292
  },
  {
    "ayah": 21,
    "time": 271120
  },
  {
    "ayah": 22,
    "time": 296809
  },
  {
    "ayah": 23,
    "time": 315619
  },
  {
    "ayah": 24,
    "time": 322705
  },
  {
    "ayah": 25,
    "time": 330893
  },
  {
    "ayah": 26,
    "time": 351332
  },
  {
    "ayah": 27,
    "time": 366582
  },
  {
    "ayah": 28,
    "time": 378773
  },
  {
    "ayah": 29,
    "time": 414899
  },
  {
    "ayah": 30,
    "time": 442274
  },
  {
    "ayah": 31,
    "time": 451960
  },
  {
    "ayah": 32,
    "time": 464461
  },
  {
    "ayah": 33,
    "time": 472901
  },
  {
    "ayah": 34,
    "time": 488962
  },
  {
    "ayah": 35,
    "time": 515402
  },
  {
    "ayah": 36,
    "time": 538277
  },
  {
    "ayah": 37,
    "time": 546654
  },
  {
    "ayah": 38,
    "time": 569902
  },
  {
    "ayah": 39,
    "time": 578656
  },
  {
    "ayah": 40,
    "time": 590464
  },
  {
    "ayah": 41,
    "time": 620027
  },
  {
    "ayah": 42,
    "time": 628153
  },
  {
    "ayah": 43,
    "time": 640531
  },
  {
    "ayah": 44,
    "time": 658340
  },
  {
    "ayah": 45,
    "time": 671029
  },
  {
    "ayah": 46,
    "time": 681091
  },
  {
    "ayah": 47,
    "time": 695625
  },
  {
    "ayah": 48,
    "time": 727107
  },
  {
    "ayah": 49,
    "time": 737794
  },
  {
    "ayah": 50,
    "time": 749544
  },
  {
    "ayah": 51,
    "time": 770295
  },
  {
    "ayah": 52,
    "time": 780733
  },
  {
    "ayah": 53,
    "time": 791294
  },
  {
    "ayah": 54,
    "time": 800544
  },
  {
    "ayah": 55,
    "time": 804796
  },
  {
    "ayah": 56,
    "time": 815671
  },
  {
    "ayah": 57,
    "time": 838423
  },
  {
    "ayah": 58,
    "time": 848174
  },
  {
    "ayah": 59,
    "time": 861987
  },
  {
    "ayah": 60,
    "time": 872923
  },
  {
    "ayah": 61,
    "time": 891674
  },
  {
    "ayah": 62,
    "time": 906611
  },
  {
    "ayah": 63,
    "time": 916238
  },
  {
    "ayah": 64,
    "time": 922926
  },
  {
    "ayah": 65,
    "time": 946050
  },
  {
    "ayah": 66,
    "time": 956918
  },
  {
    "ayah": 67,
    "time": 971906
  },
  {
    "ayah": 68,
    "time": 998896
  },
  {
    "ayah": 69,
    "time": 1011898
  },
  {
    "ayah": 70,
    "time": 1019152
  },
  {
    "ayah": 71,
    "time": 1027210
  },
  {
    "ayah": 72,
    "time": 1033333
  },
  {
    "ayah": 73,
    "time": 1038458
  },
  {
    "ayah": 74,
    "time": 1043483
  },
  {
    "ayah": 75,
    "time": 1056188
  },
  {
    "ayah": 76,
    "time": 1065755
  },
  {
    "ayah": 77,
    "time": 1076630
  },
  {
    "ayah": 78,
    "time": 1091440
  },
  {
    "ayah": 79,
    "time": 1117563
  },
  {
    "ayah": 80,
    "time": 1125379
  },
  {
    "ayah": 81,
    "time": 1136614
  },
  {
    "ayah": 82,
    "time": 1143381
  },
  {
    "ayah": 83,
    "time": 1162066
  },
  {
    "ayah": 84,
    "time": 1176315
  },
  {
    "ayah": 85,
    "time": 1187192
  },
  {
    "ayah": 999,
    "time": 1206441
  }
]