[
  {
    "ayah": 1,
    "time": 6069
  },
  {
    "ayah": 2,
    "time": 10334
  },
  {
    "ayah": 3,
    "time": 15582
  },
  {
    "ayah": 4,
    "time": 19815
  },
  {
    "ayah": 5,
    "time": 23491
  },
  {
    "ayah": 6,
    "time": 27485
  },
  {
    "ayah": 7,
    "time": 35287
  },
  {
    "ayah": 8,
    "time": 41953
  },
  {
    "ayah": 9,
    "time": 48011
  },
  {
    "ayah": 10,
    "time": 51216
  },
  {
    "ayah": 11,
    "time": 55195
  },
  {
    "ayah": 12,
    "time": 59421
  },
  {
    "ayah": 13,
    "time": 63979
  },
  {
    "ayah": 14,
    "time": 68584
  },
  {
    "ayah": 15,
    "time": 72857
  },
  {
    "ayah": 16,
    "time": 76007
  },
  {
    "ayah": 17,
    "time": 79730
  },
  {
    "ayah": 18,
    "time": 86124
  },
  {
    "ayah": 19,
    "time": 91565
  },
  {
    "ayah": 20,
    "time": 95366
  },
  {
    "ayah": 21,
    "time": 99002
  },
  {
    "ayah": 22,
    "time": 105900
  },
  {
    "ayah": 23,
    "time": 110280
  },
  {
    "ayah": 24,
    "time": 114778
  },
  {
    "ayah": 25,
    "time": 120172
  },
  {
    "ayah": 26,
    "time": 126248
  }
]