[
  {
    "ayah": 1,
    "time": 13567
  },
  {
    "ayah": 2,
    "time": 32175
  },
  {
    "ayah": 3,
    "time": 65991
  },
  {
    "ayah": 4,
    "time": 96555
  },
  {
    "ayah": 5,
    "time": 127198
  },
  {
    "ayah": 6,
    "time": 154326
  },
  {
    "ayah": 7,
    "time": 173771
  },
  {
    "ayah": 8,
    "time": 217524
  },
  {
    "ayah": 9,
    "time": 262657
  },
  {
    "ayah": 10,
    "time": 288027
  },
  {
    "ayah": 11,
    "time": 311240
  },
  {
    "ayah": 12,
    "time": 345691
  },
  {
    "ayah": 13,
    "time": 371226
  },
  {
    "ayah": 14,
    "time": 398215
  },
  {
    "ayah": 15,
    "time": 415815
  },
  {
    "ayah": 16,
    "time": 428965
  },
  {
    "ayah": 17,
    "time": 443540
  },
  {
    "ayah": 18,
    "time": 463788
  },
  {
    "ayah": 19,
    "time": 486883
  },
  {
    "ayah": 20,
    "time": 511442
  },
  {
    "ayah": 21,
    "time": 527750
  },
  {
    "ayah": 22,
    "time": 538742
  }
]