[
  {
    "ayah": 1,
    "time": 3764
  },
  {
    "ayah": 2,
    "time": 7970
  },
  {
    "ayah": 3,
    "time": 13027
  },
  {
    "ayah": 4,
    "time": 16782
  },
  {
    "ayah": 5,
    "time": 20536
  },
  {
    "ayah": 6,
    "time": 24692
  },
  {
    "ayah": 7,
    "time": 30949
  },
  {
    "ayah": 8,
    "time": 36606
  },
  {
    "ayah": 9,
    "time": 42117
  },
  {
    "ayah": 10,
    "time": 45424
  },
  {
    "ayah": 11,
    "time": 49438
  },
  {
    "ayah": 12,
    "time": 53744
  },
  {
    "ayah": 13,
    "time": 58296
  },
  {
    "ayah": 14,
    "time": 63305
  },
  {
    "ayah": 15,
    "time": 67358
  },
  {
    "ayah": 16,
    "time": 70969
  },
  {
    "ayah": 17,
    "time": 74618
  },
  {
    "ayah": 18,
    "time": 81480
  },
  {
    "ayah": 19,
    "time": 86934
  },
  {
    "ayah": 20,
    "time": 91243
  },
  {
    "ayah": 21,
    "time": 95058
  },
  {
    "ayah": 22,
    "time": 102669
  },
  {
    "ayah": 23,
    "time": 107425
  },
  {
    "ayah": 24,
    "time": 112683
  },
  {
    "ayah": 25,
    "time": 118188
  },
  {
    "ayah": 26,
    "time": 124048
  },
  {
    "ayah": 999,
    "time": 129553
  }
]