[
  {
    "ayah": 1,
    "time": 3783
  },
  {
    "ayah": 2,
    "time": 15303
  },
  {
    "ayah": 3,
    "time": 23148
  },
  {
    "ayah": 4,
    "time": 31274
  },
  {
    "ayah": 5,
    "time": 37710
  },
  {
    "ayah": 6,
    "time": 46897
  },
  {
    "ayah": 7,
    "time": 57651
  },
  {
    "ayah": 8,
    "time": 65712
  },
  {
    "ayah": 9,
    "time": 75712
  },
  {
    "ayah": 10,
    "time": 88044
  },
  {
    "ayah": 11,
    "time": 98107
  },
  {
    "ayah": 12,
    "time": 108418
  },
  {
    "ayah": 13,
    "time": 117732
  },
  {
    "ayah": 14,
    "time": 130672
  },
  {
    "ayah": 15,
    "time": 142169
  },
  {
    "ayah": 16,
    "time": 150172
  },
  {
    "ayah": 17,
    "time": 158861
  },
  {
    "ayah": 18,
    "time": 169858
  },
  {
    "ayah": 19,
    "time": 176486
  },
  {
    "ayah": 20,
    "time": 185108
  },
  {
    "ayah": 21,
    "time": 191109
  },
  {
    "ayah": 22,
    "time": 197488
  },
  {
    "ayah": 23,
    "time": 208112
  },
  {
    "ayah": 24,
    "time": 223297
  },
  {
    "ayah": 25,
    "time": 232235
  },
  {
    "ayah": 26,
    "time": 240488
  },
  {
    "ayah": 27,
    "time": 246674
  },
  {
    "ayah": 28,
    "time": 256299
  },
  {
    "ayah": 999,
    "time": 269425
  }
]