[
  {
    "ayah": 1,
    "time": 6369
  },
  {
    "ayah": 2,
    "time": 8087
  },
  {
    "ayah": 3,
    "time": 16711
  },
  {
    "ayah": 4,
    "time": 22391
  },
  {
    "ayah": 5,
    "time": 31432
  },
  {
    "ayah": 6,
    "time": 35844
  },
  {
    "ayah": 7,
    "time": 45511
  },
  {
    "ayah": 8,
    "time": 54109
  },
  {
    "ayah": 9,
    "time": 64187
  },
  {
    "ayah": 10,
    "time": 68120
  },
  {
    "ayah": 11,
    "time": 98320
  },
  {
    "ayah": 12,
    "time": 105411
  },
  {
    "ayah": 13,
    "time": 118893
  },
  {
    "ayah": 14,
    "time": 124141
  },
  {
    "ayah": 15,
    "time": 139884
  },
  {
    "ayah": 16,
    "time": 151526
  },
  {
    "ayah": 17,
    "time": 161882
  },
  {
    "ayah": 18,
    "time": 166672
  },
  {
    "ayah": 19,
    "time": 178972
  },
  {
    "ayah": 20,
    "time": 182887
  },
  {
    "ayah": 21,
    "time": 189156
  },
  {
    "ayah": 22,
    "time": 196944
  },
  {
    "ayah": 23,
    "time": 210194
  },
  {
    "ayah": 24,
    "time": 214498
  },
  {
    "ayah": 25,
    "time": 220271
  },
  {
    "ayah": 26,
    "time": 224033
  },
  {
    "ayah": 27,
    "time": 228398
  },
  {
    "ayah": 28,
    "time": 232842
  },
  {
    "ayah": 29,
    "time": 235350
  },
  {
    "ayah": 30,
    "time": 240240
  },
  {
    "ayah": 31,
    "time": 242469
  },
  {
    "ayah": 32,
    "time": 246356
  },
  {
    "ayah": 33,
    "time": 250921
  },
  {
    "ayah": 34,
    "time": 254265
  },
  {
    "ayah": 35,
    "time": 257191
  },
  {
    "ayah": 36,
    "time": 262339
  },
  {
    "ayah": 37,
    "time": 267301
  },
  {
    "ayah": 38,
    "time": 273584
  },
  {
    "ayah": 39,
    "time": 281883
  },
  {
    "ayah": 40,
    "time": 306078
  },
  {
    "ayah": 41,
    "time": 346170
  },
  {
    "ayah": 42,
    "time": 349135
  },
  {
    "ayah": 43,
    "time": 357115
  },
  {
    "ayah": 44,
    "time": 364128
  },
  {
    "ayah": 45,
    "time": 372548
  },
  {
    "ayah": 46,
    "time": 385258
  },
  {
    "ayah": 47,
    "time": 395024
  },
  {
    "ayah": 48,
    "time": 420924
  },
  {
    "ayah": 49,
    "time": 433323
  },
  {
    "ayah": 50,
    "time": 437921
  },
  {
    "ayah": 51,
    "time": 447534
  },
  {
    "ayah": 52,
    "time": 452610
  },
  {
    "ayah": 53,
    "time": 464963
  },
  {
    "ayah": 54,
    "time": 493291
  },
  {
    "ayah": 55,
    "time": 503269
  },
  {
    "ayah": 56,
    "time": 516783
  },
  {
    "ayah": 57,
    "time": 523709
  },
  {
    "ayah": 58,
    "time": 531001
  },
  {
    "ayah": 59,
    "time": 550087
  },
  {
    "ayah": 60,
    "time": 558307
  },
  {
    "ayah": 61,
    "time": 564795
  },
  {
    "ayah": 62,
    "time": 581566
  },
  {
    "ayah": 63,
    "time": 590490
  },
  {
    "ayah": 64,
    "time": 612781
  },
  {
    "ayah": 65,
    "time": 622998
  },
  {
    "ayah": 66,
    "time": 638355
  },
  {
    "ayah": 67,
    "time": 651698
  },
  {
    "ayah": 68,
    "time": 657496
  },
  {
    "ayah": 69,
    "time": 663990
  },
  {
    "ayah": 70,
    "time": 678851
  },
  {
    "ayah": 71,
    "time": 690740
  },
  {
    "ayah": 72,
    "time": 730274
  },
  {
    "ayah": 73,
    "time": 754655
  },
  {
    "ayah": 74,
    "time": 775507
  },
  {
    "ayah": 75,
    "time": 790539
  },
  {
    "ayah": 76,
    "time": 804160
  },
  {
    "ayah": 77,
    "time": 822086
  },
  {
    "ayah": 78,
    "time": 843123
  },
  {
    "ayah": 79,
    "time": 852597
  },
  {
    "ayah": 80,
    "time": 857520
  },
  {
    "ayah": 81,
    "time": 880043
  },
  {
    "ayah": 82,
    "time": 896143
  },
  {
    "ayah": 83,
    "time": 908557
  },
  {
    "ayah": 84,
    "time": 915198
  },
  {
    "ayah": 85,
    "time": 925043
  },
  {
    "ayah": 86,
    "time": 935121
  },
  {
    "ayah": 87,
    "time": 962288
  },
  {
    "ayah": 88,
    "time": 990384
  },
  {
    "ayah": 89,
    "time": 1004688
  },
  {
    "ayah": 90,
    "time": 1016530
  },
  {
    "ayah": 91,
    "time": 1036870
  },
  {
    "ayah": 92,
    "time": 1046019
  },
  {
    "ayah": 93,
    "time": 1052746
  },
  {
    "ayah": 94,
    "time": 1057676
  },
  {
    "ayah": 95,
    "time": 1078791
  },
  {
    "ayah": 96,
    "time": 1083218
  },
  {
    "ayah": 97,
    "time": 1100293
  },
  {
    "ayah": 98,
    "time": 1134301
  },
  {
    "ayah": 99,
    "time": 1148233
  },
  {
    "ayah": 100,
    "time": 1162351
  },
  {
    "ayah": 101,
    "time": 1170371
  },
  {
    "ayah": 102,
    "time": 1180263
  },
  {
    "ayah": 103,
    "time": 1189365
  },
  {
    "ayah": 104,
    "time": 1195913
  },
  {
    "ayah": 105,
    "time": 1206919
  },
  {
    "ayah": 106,
    "time": 1215293
  },
  {
    "ayah": 107,
    "time": 1219751
  },
  {
    "ayah": 108,
    "time": 1227035
  },
  {
    "ayah": 109,
    "time": 1241192
  },
  {
    "ayah": 110,
    "time": 1258328
  },
  {
    "ayah": 111,
    "time": 1267477
  },
  {
    "ayah": 112,
    "time": 1277508
  },
  {
    "ayah": 113,
    "time": 1289304
  },
  {
    "ayah": 114,
    "time": 1310759
  },
  {
    "ayah": 115,
    "time": 1328738
  },
  {
    "ayah": 116,
    "time": 1340016
  },
  {
    "ayah": 117,
    "time": 1352887
  },
  {
    "ayah": 118,
    "time": 1368359
  },
  {
    "ayah": 119,
    "time": 1374164
  },
  {
    "ayah": 120,
    "time": 1379676
  },
  {
    "ayah": 121,
    "time": 1392772
  },
  {
    "ayah": 122,
    "time": 1411269
  },
  {
    "ayah": 123,
    "time": 1417424
  },
  {
    "ayah": 124,
    "time": 1437182
  },
  {
    "ayah": 125,
    "time": 1451936
  },
  {
    "ayah": 126,
    "time": 1460760
  },
  {
    "ayah": 127,
    "time": 1470605
  },
  {
    "ayah": 128,
    "time": 1483669
  },
  {
    "ayah": 129,
    "time": 1500001
  },
  {
    "ayah": 130,
    "time": 1511008
  },
  {
    "ayah": 131,
    "time": 1532152
  },
  {
    "ayah": 132,
    "time": 1558051
  },
  {
    "ayah": 133,
    "time": 1571440
  },
  {
    "ayah": 134,
    "time": 1584669
  },
  {
    "ayah": 135,
    "time": 1611657
  }
]