[
  {
    "ayah": 1,
    "time": 4528
  },
  {
    "ayah": 2,
    "time": 7031
  },
  {
    "ayah": 3,
    "time": 11135
  },
  {
    "ayah": 4,
    "time": 16242
  },
  {
    "ayah": 5,
    "time": 19797
  },
  {
    "ayah": 6,
    "time": 23504
  },
  {
    "ayah": 7,
    "time": 27410
  },
  {
    "ayah": 8,
    "time": 33566
  },
  {
    "ayah": 9,
    "time": 38523
  },
  {
    "ayah": 10,
    "time": 44582
  },
  {
    "ayah": 11,
    "time": 48938
  },
  {
    "ayah": 12,
    "time": 55451
  },
  {
    "ayah": 13,
    "time": 62054
  },
  {
    "ayah": 14,
    "time": 70216
  },
  {
    "ayah": 15,
    "time": 79328
  },
  {
    "ayah": 16,
    "time": 88992
  },
  {
    "ayah": 17,
    "time": 107317
  },
  {
    "ayah": 18,
    "time": 116080
  },
  {
    "ayah": 19,
    "time": 128394
  },
  {
    "ayah": 20,
    "time": 139411
  },
  {
    "ayah": 21,
    "time": 151728
  },
  {
    "ayah": 22,
    "time": 180064
  },
  {
    "ayah": 23,
    "time": 191031
  },
  {
    "ayah": 24,
    "time": 200995
  },
  {
    "ayah": 25,
    "time": 212208
  },
  {
    "ayah": 26,
    "time": 221022
  },
  {
    "ayah": 27,
    "time": 231085
  },
  {
    "ayah": 28,
    "time": 239198
  },
  {
    "ayah": 29,
    "time": 251362
  },
  {
    "ayah": 30,
    "time": 263080
  },
  {
    "ayah": 31,
    "time": 271894
  },
  {
    "ayah": 32,
    "time": 281315
  },
  {
    "ayah": 33,
    "time": 293080
  },
  {
    "ayah": 34,
    "time": 300896
  },
  {
    "ayah": 35,
    "time": 311005
  },
  {
    "ayah": 36,
    "time": 318315
  },
  {
    "ayah": 37,
    "time": 326574
  },
  {
    "ayah": 38,
    "time": 336640
  },
  {
    "ayah": 39,
    "time": 351061
  },
  {
    "ayah": 40,
    "time": 356817
  },
  {
    "ayah": 41,
    "time": 366730
  },
  {
    "ayah": 42,
    "time": 373040
  },
  {
    "ayah": 43,
    "time": 382452
  },
  {
    "ayah": 44,
    "time": 394420
  },
  {
    "ayah": 45,
    "time": 407587
  },
  {
    "ayah": 46,
    "time": 416810
  },
  {
    "ayah": 47,
    "time": 427577
  },
  {
    "ayah": 48,
    "time": 441293
  },
  {
    "ayah": 49,
    "time": 454712
  },
  {
    "ayah": 999,
    "time": 462572
  }
]