[
  {
    "ayah": 1,
    "time": 4186
  },
  {
    "ayah": 2,
    "time": 14582
  },
  {
    "ayah": 3,
    "time": 19186
  },
  {
    "ayah": 4,
    "time": 30185
  },
  {
    "ayah": 5,
    "time": 46021
  },
  {
    "ayah": 6,
    "time": 57585
  },
  {
    "ayah": 7,
    "time": 65794
  },
  {
    "ayah": 8,
    "time": 84838
  },
  {
    "ayah": 9,
    "time": 100613
  },
  {
    "ayah": 10,
    "time": 112013
  },
  {
    "ayah": 11,
    "time": 138012
  },
  {
    "ayah": 12,
    "time": 150961
  },
  {
    "ayah": 13,
    "time": 172770
  },
  {
    "ayah": 14,
    "time": 186316
  },
  {
    "ayah": 15,
    "time": 202281
  },
  {
    "ayah": 16,
    "time": 219196
  },
  {
    "ayah": 17,
    "time": 239822
  },
  {
    "ayah": 18,
    "time": 250625
  },
  {
    "ayah": 19,
    "time": 273802
  },
  {
    "ayah": 20,
    "time": 301573
  },
  {
    "ayah": 21,
    "time": 312433
  },
  {
    "ayah": 22,
    "time": 327083
  },
  {
    "ayah": 23,
    "time": 341101
  },
  {
    "ayah": 24,
    "time": 355040
  },
  {
    "ayah": 25,
    "time": 382797
  },
  {
    "ayah": 26,
    "time": 401565
  },
  {
    "ayah": 27,
    "time": 413582
  },
  {
    "ayah": 28,
    "time": 424774
  },
  {
    "ayah": 29,
    "time": 437087
  },
  {
    "ayah": 30,
    "time": 446250
  },
  {
    "ayah": 31,
    "time": 456924
  },
  {
    "ayah": 32,
    "time": 462697
  },
  {
    "ayah": 33,
    "time": 475547
  },
  {
    "ayah": 34,
    "time": 489100
  },
  {
    "ayah": 35,
    "time": 505029
  },
  {
    "ayah": 36,
    "time": 516792
  },
  {
    "ayah": 37,
    "time": 539448
  },
  {
    "ayah": 38,
    "time": 560242
  },
  {
    "ayah": 39,
    "time": 572242
  },
  {
    "ayah": 40,
    "time": 587985
  },
  {
    "ayah": 41,
    "time": 628605
  },
  {
    "ayah": 42,
    "time": 640987
  },
  {
    "ayah": 43,
    "time": 658806
  },
  {
    "ayah": 44,
    "time": 673463
  },
  {
    "ayah": 45,
    "time": 709082
  },
  {
    "ayah": 46,
    "time": 725804
  },
  {
    "ayah": 47,
    "time": 739565
  },
  {
    "ayah": 48,
    "time": 755015
  },
  {
    "ayah": 49,
    "time": 764578
  },
  {
    "ayah": 50,
    "time": 784697
  },
  {
    "ayah": 51,
    "time": 793614
  },
  {
    "ayah": 52,
    "time": 807074
  },
  {
    "ayah": 53,
    "time": 821020
  },
  {
    "ayah": 54,
    "time": 830330
  },
  {
    "ayah": 55,
    "time": 841300
  },
  {
    "ayah": 56,
    "time": 856182
  },
  {
    "ayah": 57,
    "time": 877027
  },
  {
    "ayah": 58,
    "time": 886493
  },
  {
    "ayah": 59,
    "time": 896578
  },
  {
    "ayah": 60,
    "time": 913318
  },
  {
    "ayah": 61,
    "time": 948205
  },
  {
    "ayah": 62,
    "time": 973600
  },
  {
    "ayah": 63,
    "time": 997392
  },
  {
    "ayah": 64,
    "time": 1023155
  },
  {
    "ayah": 65,
    "time": 1049737
  },
  {
    "ayah": 66,
    "time": 1063529
  },
  {
    "ayah": 67,
    "time": 1076997
  },
  {
    "ayah": 68,
    "time": 1090690
  },
  {
    "ayah": 69,
    "time": 1106004
  },
  {
    "ayah": 70,
    "time": 1114553
  },
  {
    "ayah": 71,
    "time": 1125227
  },
  {
    "ayah": 72,
    "time": 1133121
  },
  {
    "ayah": 73,
    "time": 1141674
  },
  {
    "ayah": 74,
    "time": 1153980
  },
  {
    "ayah": 75,
    "time": 1162997
  },
  {
    "ayah": 76,
    "time": 1175396
  },
  {
    "ayah": 77,
    "time": 1188074
  },
  {
    "ayah": 78,
    "time": 1194994
  },
  {
    "ayah": 79,
    "time": 1204700
  },
  {
    "ayah": 80,
    "time": 1214116
  },
  {
    "ayah": 81,
    "time": 1228630
  },
  {
    "ayah": 82,
    "time": 1244181
  },
  {
    "ayah": 83,
    "time": 1266033
  },
  {
    "ayah": 84,
    "time": 1280072
  },
  {
    "ayah": 85,
    "time": 1298508
  },
  {
    "ayah": 86,
    "time": 1307789
  },
  {
    "ayah": 87,
    "time": 1326408
  },
  {
    "ayah": 88,
    "time": 1346056
  },
  {
    "ayah": 89,
    "time": 1369229
  },
  {
    "ayah": 90,
    "time": 1384515
  },
  {
    "ayah": 91,
    "time": 1400530
  },
  {
    "ayah": 92,
    "time": 1417512
  },
  {
    "ayah": 93,
    "time": 1435274
  }
]