[
  {
    "ayah": 1,
    "time": 5890
  },
  {
    "ayah": 2,
    "time": 13878
  },
  {
    "ayah": 3,
    "time": 23112
  },
  {
    "ayah": 4,
    "time": 35055
  },
  {
    "ayah": 5,
    "time": 51441
  },
  {
    "ayah": 6,
    "time": 63244
  },
  {
    "ayah": 7,
    "time": 76540
  },
  {
    "ayah": 8,
    "time": 90072
  },
  {
    "ayah": 9,
    "time": 102671
  },
  {
    "ayah": 10,
    "time": 115567
  },
  {
    "ayah": 11,
    "time": 129738
  },
  {
    "ayah": 12,
    "time": 140884
  },
  {
    "ayah": 13,
    "time": 150365
  },
  {
    "ayah": 14,
    "time": 176271
  },
  {
    "ayah": 15,
    "time": 200977
  },
  {
    "ayah": 16,
    "time": 209358
  },
  {
    "ayah": 17,
    "time": 222254
  },
  {
    "ayah": 18,
    "time": 244870
  },
  {
    "ayah": 19,
    "time": 252804
  },
  {
    "ayah": 20,
    "time": 279468
  },
  {
    "ayah": 21,
    "time": 311093
  },
  {
    "ayah": 22,
    "time": 325072
  },
  {
    "ayah": 23,
    "time": 357547
  },
  {
    "ayah": 24,
    "time": 382186
  },
  {
    "ayah": 25,
    "time": 397657
  },
  {
    "ayah": 26,
    "time": 437549
  },
  {
    "ayah": 27,
    "time": 482357
  },
  {
    "ayah": 28,
    "time": 506784
  },
  {
    "ayah": 29,
    "time": 525306
  },
  {
    "ayah": 30,
    "time": 547983
  },
  {
    "ayah": 31,
    "time": 579741
  },
  {
    "ayah": 32,
    "time": 608077
  },
  {
    "ayah": 33,
    "time": 622798
  },
  {
    "ayah": 34,
    "time": 659407
  },
  {
    "ayah": 35,
    "time": 676808
  },
  {
    "ayah": 36,
    "time": 698231
  },
  {
    "ayah": 37,
    "time": 720275
  },
  {
    "ayah": 38,
    "time": 736436
  },
  {
    "ayah": 39,
    "time": 755238
  },
  {
    "ayah": 40,
    "time": 773649
  },
  {
    "ayah": 41,
    "time": 796498
  },
  {
    "ayah": 42,
    "time": 819439
  },
  {
    "ayah": 43,
    "time": 829170
  },
  {
    "ayah": 44,
    "time": 837297
  },
  {
    "ayah": 45,
    "time": 854347
  },
  {
    "ayah": 46,
    "time": 867165
  },
  {
    "ayah": 47,
    "time": 880440
  },
  {
    "ayah": 48,
    "time": 898558
  },
  {
    "ayah": 49,
    "time": 922096
  },
  {
    "ayah": 50,
    "time": 949192
  },
  {
    "ayah": 51,
    "time": 964410
  },
  {
    "ayah": 52,
    "time": 980818
  },
  {
    "ayah": 53,
    "time": 991531
  },
  {
    "ayah": 54,
    "time": 1000812
  },
  {
    "ayah": 55,
    "time": 1038157
  },
  {
    "ayah": 56,
    "time": 1057397
  },
  {
    "ayah": 57,
    "time": 1067599
  },
  {
    "ayah": 58,
    "time": 1092823
  },
  {
    "ayah": 59,
    "time": 1117987
  },
  {
    "ayah": 60,
    "time": 1137817
  },
  {
    "ayah": 61,
    "time": 1164791
  },
  {
    "ayah": 62,
    "time": 1236641
  },
  {
    "ayah": 63,
    "time": 1264598
  },
  {
    "ayah": 64,
    "time": 1284527
  },
  {
    "ayah": 65,
    "time": 1301471
  },
  {
    "ayah": 66,
    "time": 1313174
  },
  {
    "ayah": 67,
    "time": 1325262
  },
  {
    "ayah": 68,
    "time": 1348654
  },
  {
    "ayah": 69,
    "time": 1370109
  },
  {
    "ayah": 70,
    "time": 1391239
  },
  {
    "ayah": 71,
    "time": 1409962
  },
  {
    "ayah": 72,
    "time": 1433267
  },
  {
    "ayah": 73,
    "time": 1446981
  },
  {
    "ayah": 74,
    "time": 1460681
  },
  {
    "ayah": 75,
    "time": 1503870
  },
  {
    "ayah": 76,
    "time": 1527169
  },
  {
    "ayah": 77,
    "time": 1559630
  },
  {
    "ayah": 78,
    "time": 1570976
  },
  {
    "ayah": 79,
    "time": 1584994
  },
  {
    "ayah": 80,
    "time": 1612950
  },
  {
    "ayah": 81,
    "time": 1639739
  },
  {
    "ayah": 82,
    "time": 1657944
  },
  {
    "ayah": 83,
    "time": 1672711
  },
  {
    "ayah": 84,
    "time": 1714043
  },
  {
    "ayah": 85,
    "time": 1734677
  },
  {
    "ayah": 86,
    "time": 1800607
  },
  {
    "ayah": 87,
    "time": 1818315
  },
  {
    "ayah": 88,
    "time": 1852984
  },
  {
    "ayah": 89,
    "time": 1864276
  },
  {
    "ayah": 90,
    "time": 1893758
  },
  {
    "ayah": 91,
    "time": 1928424
  },
  {
    "ayah": 92,
    "time": 1966830
  },
  {
    "ayah": 93,
    "time": 1983712
  },
  {
    "ayah": 94,
    "time": 2019710
  },
  {
    "ayah": 95,
    "time": 2042095
  },
  {
    "ayah": 96,
    "time": 2056412
  },
  {
    "ayah": 97,
    "time": 2086212
  },
  {
    "ayah": 98,
    "time": 2113798
  },
  {
    "ayah": 99,
    "time": 2131591
  },
  {
    "ayah": 100,
    "time": 2149464
  },
  {
    "ayah": 101,
    "time": 2162481
  },
  {
    "ayah": 102,
    "time": 2188752
  },
  {
    "ayah": 103,
    "time": 2276616
  },
  {
    "ayah": 104,
    "time": 2292963
  },
  {
    "ayah": 105,
    "time": 2309449
  },
  {
    "ayah": 106,
    "time": 2335795
  },
  {
    "ayah": 107,
    "time": 2357189
  },
  {
    "ayah": 108,
    "time": 2374644
  },
  {
    "ayah": 109,
    "time": 2394813
  },
  {
    "ayah": 110,
    "time": 2430232
  },
  {
    "ayah": 111,
    "time": 2454056
  },
  {
    "ayah": 112,
    "time": 2474589
  },
  {
    "ayah": 113,
    "time": 2498599
  },
  {
    "ayah": 114,
    "time": 2532454
  },
  {
    "ayah": 115,
    "time": 2567012
  },
  {
    "ayah": 116,
    "time": 2583452
  },
  {
    "ayah": 117,
    "time": 2597655
  },
  {
    "ayah": 118,
    "time": 2612887
  },
  {
    "ayah": 119,
    "time": 2642670
  },
  {
    "ayah": 120,
    "time": 2657841
  },
  {
    "ayah": 121,
    "time": 2690442
  },
  {
    "ayah": 122,
    "time": 2713908
  },
  {
    "ayah": 123,
    "time": 2732159
  },
  {
    "ayah": 124,
    "time": 2753422
  },
  {
    "ayah": 125,
    "time": 2781200
  },
  {
    "ayah": 126,
    "time": 2818213
  },
  {
    "ayah": 127,
    "time": 2854189
  },
  {
    "ayah": 128,
    "time": 2872533
  },
  {
    "ayah": 129,
    "time": 2900165
  },
  {
    "ayah": 130,
    "time": 2922549
  },
  {
    "ayah": 131,
    "time": 2943354
  },
  {
    "ayah": 132,
    "time": 2954553
  },
  {
    "ayah": 133,
    "time": 2976526
  },
  {
    "ayah": 134,
    "time": 3008616
  },
  {
    "ayah": 135,
    "time": 3026342
  },
  {
    "ayah": 136,
    "time": 3042132
  },
  {
    "ayah": 137,
    "time": 3089886
  },
  {
    "ayah": 138,
    "time": 3117518
  },
  {
    "ayah": 139,
    "time": 3131125
  },
  {
    "ayah": 140,
    "time": 3149951
  },
  {
    "ayah": 141,
    "time": 3187921
  },
  {
    "ayah": 142,
    "time": 3205900
  },
  {
    "ayah": 143,
    "time": 3231567
  },
  {
    "ayah": 144,
    "time": 3288788
  },
  {
    "ayah": 145,
    "time": 3330477
  },
  {
    "ayah": 146,
    "time": 3370880
  },
  {
    "ayah": 147,
    "time": 3390656
  },
  {
    "ayah": 148,
    "time": 3398519
  },
  {
    "ayah": 149,
    "time": 3420245
  },
  {
    "ayah": 150,
    "time": 3439114
  },
  {
    "ayah": 151,
    "time": 3476252
  },
  {
    "ayah": 152,
    "time": 3501483
  },
  {
    "ayah": 153,
    "time": 3512150
  },
  {
    "ayah": 154,
    "time": 3527196
  },
  {
    "ayah": 155,
    "time": 3544765
  },
  {
    "ayah": 156,
    "time": 3565524
  },
  {
    "ayah": 157,
    "time": 3585704
  },
  {
    "ayah": 158,
    "time": 3602032
  },
  {
    "ayah": 159,
    "time": 3628409
  },
  {
    "ayah": 160,
    "time": 3652465
  },
  {
    "ayah": 161,
    "time": 3666026
  },
  {
    "ayah": 162,
    "time": 3683587
  },
  {
    "ayah": 163,
    "time": 3693572
  },
  {
    "ayah": 164,
    "time": 3705778
  },
  {
    "ayah": 165,
    "time": 3760902
  },
  {
    "ayah": 166,
    "time": 3798001
  },
  {
    "ayah": 167,
    "time": 3810282
  },
  {
    "ayah": 168,
    "time": 3835849
  },
  {
    "ayah": 169,
    "time": 3857697
  },
  {
    "ayah": 170,
    "time": 3872651
  },
  {
    "ayah": 171,
    "time": 3897543
  },
  {
    "ayah": 172,
    "time": 3917637
  },
  {
    "ayah": 173,
    "time": 3938249
  },
  {
    "ayah": 174,
    "time": 3966585
  },
  {
    "ayah": 175,
    "time": 3999782
  },
  {
    "ayah": 176,
    "time": 4016500
  },
  {
    "ayah": 177,
    "time": 4032265
  },
  {
    "ayah": 178,
    "time": 4100789
  },
  {
    "ayah": 179,
    "time": 4142745
  },
  {
    "ayah": 180,
    "time": 4153320
  },
  {
    "ayah": 181,
    "time": 4170827
  },
  {
    "ayah": 182,
    "time": 4187128
  },
  {
    "ayah": 183,
    "time": 4206354
  },
  {
    "ayah": 184,
    "time": 4221493
  },
  {
    "ayah": 185,
    "time": 4260231
  },
  {
    "ayah": 186,
    "time": 4312237
  },
  {
    "ayah": 187,
    "time": 4336439
  },
  {
    "ayah": 188,
    "time": 4409946
  },
  {
    "ayah": 189,
    "time": 4434481
  },
  {
    "ayah": 190,
    "time": 4462981
  },
  {
    "ayah": 191,
    "time": 4477391
  },
  {
    "ayah": 192,
    "time": 4509871
  },
  {
    "ayah": 193,
    "time": 4517308
  },
  {
    "ayah": 194,
    "time": 4534863
  },
  {
    "ayah": 195,
    "time": 4559026
  },
  {
    "ayah": 196,
    "time": 4575133
  },
  {
    "ayah": 197,
    "time": 4649298
  },
  {
    "ayah": 198,
    "time": 4682974
  },
  {
    "ayah": 199,
    "time": 4717789
  },
  {
    "ayah": 200,
    "time": 4732936
  },
  {
    "ayah": 201,
    "time": 4758332
  },
  {
    "ayah": 202,
    "time": 4775143
  },
  {
    "ayah": 203,
    "time": 4787264
  },
  {
    "ayah": 204,
    "time": 4821168
  },
  {
    "ayah": 205,
    "time": 4839801
  },
  {
    "ayah": 206,
    "time": 4853401
  },
  {
    "ayah": 207,
    "time": 4866304
  },
  {
    "ayah": 208,
    "time": 4881437
  },
  {
    "ayah": 209,
    "time": 4903642
  },
  {
    "ayah": 210,
    "time": 4921528
  },
  {
    "ayah": 211,
    "time": 4941165
  },
  {
    "ayah": 212,
    "time": 4965639
  },
  {
    "ayah": 213,
    "time": 4987605
  },
  {
    "ayah": 214,
    "time": 5048509
  },
  {
    "ayah": 215,
    "time": 5083325
  },
  {
    "ayah": 216,
    "time": 5111646
  },
  {
    "ayah": 217,
    "time": 5138828
  },
  {
    "ayah": 218,
    "time": 5205787
  },
  {
    "ayah": 219,
    "time": 5225517
  },
  {
    "ayah": 220,
    "time": 5257653
  },
  {
    "ayah": 221,
    "time": 5287243
  },
  {
    "ayah": 222,
    "time": 5339581
  },
  {
    "ayah": 223,
    "time": 5374364
  },
  {
    "ayah": 224,
    "time": 5399534
  },
  {
    "ayah": 225,
    "time": 5416114
  },
  {
    "ayah": 226,
    "time": 5433157
  },
  {
    "ayah": 227,
    "time": 5450836
  },
  {
    "ayah": 228,
    "time": 5458367
  },
  {
    "ayah": 229,
    "time": 5510479
  },
  {
    "ayah": 230,
    "time": 5567136
  },
  {
    "ayah": 231,
    "time": 5606842
  },
  {
    "ayah": 232,
    "time": 5659552
  },
  {
    "ayah": 233,
    "time": 5700976
  },
  {
    "ayah": 234,
    "time": 5772447
  },
  {
    "ayah": 235,
    "time": 5804769
  },
  {
    "ayah": 236,
    "time": 5862076
  },
  {
    "ayah": 237,
    "time": 5888772
  },
  {
    "ayah": 238,
    "time": 5927742
  },
  {
    "ayah": 239,
    "time": 5936658
  },
  {
    "ayah": 240,
    "time": 5952959
  },
  {
    "ayah": 241,
    "time": 5983602
  },
  {
    "ayah": 242,
    "time": 5991961
  },
  {
    "ayah": 243,
    "time": 6000653
  },
  {
    "ayah": 244,
    "time": 6023780
  },
  {
    "ayah": 245,
    "time": 6033107
  },
  {
    "ayah": 246,
    "time": 6050250
  },
  {
    "ayah": 247,
    "time": 6108997
  },
  {
    "ayah": 248,
    "time": 6150654
  },
  {
    "ayah": 249,
    "time": 6184197
  },
  {
    "ayah": 250,
    "time": 6248177
  },
  {
    "ayah": 251,
    "time": 6269765
  },
  {
    "ayah": 252,
    "time": 6301537
  },
  {
    "ayah": 253,
    "time": 6310718
  },
  {
    "ayah": 254,
    "time": 6366824
  },
  {
    "ayah": 255,
    "time": 6392838
  },
  {
    "ayah": 256,
    "time": 6446987
  },
  {
    "ayah": 257,
    "time": 6473179
  },
  {
    "ayah": 258,
    "time": 6507837
  },
  {
    "ayah": 259,
    "time": 6547993
  },
  {
    "ayah": 260,
    "time": 6617382
  },
  {
    "ayah": 261,
    "time": 6660935
  },
  {
    "ayah": 262,
    "time": 6685820
  },
  {
    "ayah": 263,
    "time": 6711137
  },
  {
    "ayah": 264,
    "time": 6727916
  },
  {
    "ayah": 265,
    "time": 6771880
  },
  {
    "ayah": 266,
    "time": 6805171
  },
  {
    "ayah": 267,
    "time": 6858119
  },
  {
    "ayah": 268,
    "time": 6897825
  },
  {
    "ayah": 269,
    "time": 6917051
  },
  {
    "ayah": 270,
    "time": 6936867
  },
  {
    "ayah": 271,
    "time": 6956479
  },
  {
    "ayah": 272,
    "time": 6982625
  },
  {
    "ayah": 273,
    "time": 7017237
  },
  {
    "ayah": 274,
    "time": 7059901
  },
  {
    "ayah": 275,
    "time": 7083181
  },
  {
    "ayah": 276,
    "time": 7135923
  },
  {
    "ayah": 277,
    "time": 7148044
  },
  {
    "ayah": 278,
    "time": 7169359
  },
  {
    "ayah": 279,
    "time": 7185103
  },
  {
    "ayah": 280,
    "time": 7201728
  },
  {
    "ayah": 281,
    "time": 7217982
  },
  {
    "ayah": 282,
    "time": 7235954
  },
  {
    "ayah": 283,
    "time": 7386798
  },
  {
    "ayah": 284,
    "time": 7424700
  },
  {
    "ayah": 285,
    "time": 7455754
  },
  {
    "ayah": 286,
    "time": 7488494
  }
]