[
  {
    "ayah": 1,
    "time": 3675
  },
  {
    "ayah": 2,
    "time": 7177
  },
  {
    "ayah": 3,
    "time": 10500
  },
  {
    "ayah": 4,
    "time": 13205
  },
  {
    "ayah": 5,
    "time": 15875
  },
  {
    "ayah": 6,
    "time": 18919
  },
  {
    "ayah": 7,
    "time": 24111
  },
  {
    "ayah": 8,
    "time": 29049
  },
  {
    "ayah": 9,
    "time": 32794
  },
  {
    "ayah": 10,
    "time": 35300
  },
  {
    "ayah": 11,
    "time": 38295
  },
  {
    "ayah": 12,
    "time": 42046
  },
  {
    "ayah": 13,
    "time": 45167
  },
  {
    "ayah": 14,
    "time": 48366
  },
  {
    "ayah": 15,
    "time": 51565
  },
  {
    "ayah": 16,
    "time": 54314
  },
  {
    "ayah": 17,
    "time": 57339
  },
  {
    "ayah": 18,
    "time": 62643
  },
  {
    "ayah": 19,
    "time": 67572
  },
  {
    "ayah": 20,
    "time": 70877
  },
  {
    "ayah": 21,
    "time": 74481
  },
  {
    "ayah": 22,
    "time": 79018
  },
  {
    "ayah": 23,
    "time": 82662
  },
  {
    "ayah": 24,
    "time": 86205
  },
  {
    "ayah": 25,
    "time": 90755
  },
  {
    "ayah": 26,
    "time": 94753
  },
  {
    "ayah": 999,
    "time": 101204
  }
]