[
  {
    "ayah": 1,
    "time": 6146
  },
  {
    "ayah": 2,
    "time": 13634
  },
  {
    "ayah": 3,
    "time": 19929
  },
  {
    "ayah": 4,
    "time": 28880
  },
  {
    "ayah": 5,
    "time": 39144
  },
  {
    "ayah": 6,
    "time": 47457
  },
  {
    "ayah": 7,
    "time": 57550
  },
  {
    "ayah": 8,
    "time": 68595
  },
  {
    "ayah": 9,
    "time": 77702
  },
  {
    "ayah": 10,
    "time": 87605
  },
  {
    "ayah": 11,
    "time": 99044
  },
  {
    "ayah": 12,
    "time": 106431
  },
  {
    "ayah": 13,
    "time": 112278
  },
  {
    "ayah": 14,
    "time": 130384
  },
  {
    "ayah": 15,
    "time": 143982
  },
  {
    "ayah": 16,
    "time": 150657
  },
  {
    "ayah": 17,
    "time": 160735
  },
  {
    "ayah": 18,
    "time": 175708
  },
  {
    "ayah": 19,
    "time": 180560
  },
  {
    "ayah": 20,
    "time": 198212
  },
  {
    "ayah": 21,
    "time": 220935
  },
  {
    "ayah": 22,
    "time": 230384
  },
  {
    "ayah": 23,
    "time": 251934
  },
  {
    "ayah": 24,
    "time": 268894
  },
  {
    "ayah": 25,
    "time": 279478
  },
  {
    "ayah": 26,
    "time": 306566
  },
  {
    "ayah": 27,
    "time": 335946
  },
  {
    "ayah": 28,
    "time": 351177
  },
  {
    "ayah": 29,
    "time": 363327
  },
  {
    "ayah": 30,
    "time": 379038
  },
  {
    "ayah": 31,
    "time": 403206
  },
  {
    "ayah": 32,
    "time": 423413
  },
  {
    "ayah": 33,
    "time": 434530
  },
  {
    "ayah": 34,
    "time": 454698
  },
  {
    "ayah": 35,
    "time": 469652
  },
  {
    "ayah": 36,
    "time": 484366
  },
  {
    "ayah": 37,
    "time": 500862
  },
  {
    "ayah": 38,
    "time": 509693
  },
  {
    "ayah": 39,
    "time": 522159
  },
  {
    "ayah": 40,
    "time": 535224
  },
  {
    "ayah": 41,
    "time": 549259
  },
  {
    "ayah": 42,
    "time": 564017
  },
  {
    "ayah": 43,
    "time": 570739
  },
  {
    "ayah": 44,
    "time": 576754
  },
  {
    "ayah": 45,
    "time": 587371
  },
  {
    "ayah": 46,
    "time": 594925
  },
  {
    "ayah": 47,
    "time": 602377
  },
  {
    "ayah": 48,
    "time": 612814
  },
  {
    "ayah": 49,
    "time": 626269
  },
  {
    "ayah": 50,
    "time": 646508
  },
  {
    "ayah": 51,
    "time": 656033
  },
  {
    "ayah": 52,
    "time": 666011
  },
  {
    "ayah": 53,
    "time": 672576
  },
  {
    "ayah": 54,
    "time": 680198
  },
  {
    "ayah": 55,
    "time": 702307
  },
  {
    "ayah": 56,
    "time": 713442
  },
  {
    "ayah": 57,
    "time": 719481
  },
  {
    "ayah": 58,
    "time": 737245
  },
  {
    "ayah": 59,
    "time": 753722
  },
  {
    "ayah": 60,
    "time": 768371
  },
  {
    "ayah": 61,
    "time": 787750
  },
  {
    "ayah": 62,
    "time": 843901
  },
  {
    "ayah": 63,
    "time": 865651
  },
  {
    "ayah": 64,
    "time": 878140
  },
  {
    "ayah": 65,
    "time": 889028
  },
  {
    "ayah": 66,
    "time": 900431
  },
  {
    "ayah": 67,
    "time": 912470
  },
  {
    "ayah": 68,
    "time": 927236
  },
  {
    "ayah": 69,
    "time": 942389
  },
  {
    "ayah": 70,
    "time": 956750
  },
  {
    "ayah": 71,
    "time": 970054
  },
  {
    "ayah": 72,
    "time": 989457
  },
  {
    "ayah": 73,
    "time": 997986
  },
  {
    "ayah": 74,
    "time": 1008034
  },
  {
    "ayah": 75,
    "time": 1041609
  },
  {
    "ayah": 76,
    "time": 1057789
  },
  {
    "ayah": 77,
    "time": 1082111
  },
  {
    "ayah": 78,
    "time": 1088992
  },
  {
    "ayah": 79,
    "time": 1097437
  },
  {
    "ayah": 80,
    "time": 1117989
  },
  {
    "ayah": 81,
    "time": 1136188
  },
  {
    "ayah": 82,
    "time": 1151760
  },
  {
    "ayah": 83,
    "time": 1163017
  },
  {
    "ayah": 84,
    "time": 1193082
  },
  {
    "ayah": 85,
    "time": 1207697
  },
  {
    "ayah": 86,
    "time": 1259892
  },
  {
    "ayah": 87,
    "time": 1274469
  },
  {
    "ayah": 88,
    "time": 1302981
  },
  {
    "ayah": 89,
    "time": 1312091
  },
  {
    "ayah": 90,
    "time": 1336993
  },
  {
    "ayah": 91,
    "time": 1363687
  },
  {
    "ayah": 92,
    "time": 1391390
  },
  {
    "ayah": 93,
    "time": 1402422
  },
  {
    "ayah": 94,
    "time": 1427184
  },
  {
    "ayah": 95,
    "time": 1442544
  },
  {
    "ayah": 96,
    "time": 1451359
  },
  {
    "ayah": 97,
    "time": 1472038
  },
  {
    "ayah": 98,
    "time": 1487423
  },
  {
    "ayah": 99,
    "time": 1501403
  },
  {
    "ayah": 100,
    "time": 1510317
  },
  {
    "ayah": 101,
    "time": 1521583
  },
  {
    "ayah": 102,
    "time": 1541993
  },
  {
    "ayah": 103,
    "time": 1601238
  },
  {
    "ayah": 104,
    "time": 1610368
  },
  {
    "ayah": 105,
    "time": 1621823
  },
  {
    "ayah": 106,
    "time": 1643465
  },
  {
    "ayah": 107,
    "time": 1656110
  },
  {
    "ayah": 108,
    "time": 1667316
  },
  {
    "ayah": 109,
    "time": 1681792
  },
  {
    "ayah": 110,
    "time": 1708867
  },
  {
    "ayah": 111,
    "time": 1723447
  },
  {
    "ayah": 112,
    "time": 1737868
  },
  {
    "ayah": 113,
    "time": 1755012
  },
  {
    "ayah": 114,
    "time": 1779072
  },
  {
    "ayah": 115,
    "time": 1801661
  },
  {
    "ayah": 116,
    "time": 1811933
  },
  {
    "ayah": 117,
    "time": 1821463
  },
  {
    "ayah": 118,
    "time": 1831165
  },
  {
    "ayah": 119,
    "time": 1851746
  },
  {
    "ayah": 120,
    "time": 1861091
  },
  {
    "ayah": 121,
    "time": 1883631
  },
  {
    "ayah": 122,
    "time": 1898356
  },
  {
    "ayah": 123,
    "time": 1909026
  },
  {
    "ayah": 124,
    "time": 1922317
  },
  {
    "ayah": 125,
    "time": 1939986
  },
  {
    "ayah": 126,
    "time": 1963709
  },
  {
    "ayah": 127,
    "time": 1990142
  },
  {
    "ayah": 128,
    "time": 2004443
  },
  {
    "ayah": 129,
    "time": 2019389
  },
  {
    "ayah": 130,
    "time": 2032760
  },
  {
    "ayah": 131,
    "time": 2045420
  },
  {
    "ayah": 132,
    "time": 2052495
  },
  {
    "ayah": 133,
    "time": 2064827
  },
  {
    "ayah": 134,
    "time": 2089210
  },
  {
    "ayah": 135,
    "time": 2104128
  },
  {
    "ayah": 136,
    "time": 2114972
  },
  {
    "ayah": 137,
    "time": 2140073
  },
  {
    "ayah": 138,
    "time": 2157995
  },
  {
    "ayah": 139,
    "time": 2165721
  },
  {
    "ayah": 140,
    "time": 2180109
  },
  {
    "ayah": 141,
    "time": 2206093
  },
  {
    "ayah": 142,
    "time": 2221214
  },
  {
    "ayah": 143,
    "time": 2239168
  },
  {
    "ayah": 144,
    "time": 2275840
  },
  {
    "ayah": 145,
    "time": 2305279
  },
  {
    "ayah": 146,
    "time": 2330499
  },
  {
    "ayah": 147,
    "time": 2344788
  },
  {
    "ayah": 148,
    "time": 2349902
  },
  {
    "ayah": 149,
    "time": 2366275
  },
  {
    "ayah": 150,
    "time": 2383383
  },
  {
    "ayah": 151,
    "time": 2412251
  },
  {
    "ayah": 152,
    "time": 2430285
  },
  {
    "ayah": 153,
    "time": 2436022
  },
  {
    "ayah": 154,
    "time": 2444959
  },
  {
    "ayah": 155,
    "time": 2455345
  },
  {
    "ayah": 156,
    "time": 2468489
  },
  {
    "ayah": 157,
    "time": 2479442
  },
  {
    "ayah": 158,
    "time": 2491848
  },
  {
    "ayah": 159,
    "time": 2512204
  },
  {
    "ayah": 160,
    "time": 2531378
  },
  {
    "ayah": 161,
    "time": 2542172
  },
  {
    "ayah": 162,
    "time": 2555584
  },
  {
    "ayah": 163,
    "time": 2562875
  },
  {
    "ayah": 164,
    "time": 2570825
  },
  {
    "ayah": 165,
    "time": 2614675
  },
  {
    "ayah": 166,
    "time": 2639932
  },
  {
    "ayah": 167,
    "time": 2649451
  },
  {
    "ayah": 168,
    "time": 2671232
  },
  {
    "ayah": 169,
    "time": 2684756
  },
  {
    "ayah": 170,
    "time": 2695256
  },
  {
    "ayah": 171,
    "time": 2714948
  },
  {
    "ayah": 172,
    "time": 2733345
  },
  {
    "ayah": 173,
    "time": 2745652
  },
  {
    "ayah": 174,
    "time": 2764244
  },
  {
    "ayah": 175,
    "time": 2787321
  },
  {
    "ayah": 176,
    "time": 2797668
  },
  {
    "ayah": 177,
    "time": 2810340
  },
  {
    "ayah": 178,
    "time": 2865181
  },
  {
    "ayah": 179,
    "time": 2896552
  },
  {
    "ayah": 180,
    "time": 2903835
  },
  {
    "ayah": 181,
    "time": 2916860
  },
  {
    "ayah": 182,
    "time": 2927843
  },
  {
    "ayah": 183,
    "time": 2940048
  },
  {
    "ayah": 184,
    "time": 2950884
  },
  {
    "ayah": 185,
    "time": 2979088
  },
  {
    "ayah": 186,
    "time": 3013875
  },
  {
    "ayah": 187,
    "time": 3035130
  },
  {
    "ayah": 188,
    "time": 3090103
  },
  {
    "ayah": 189,
    "time": 3113276
  },
  {
    "ayah": 190,
    "time": 3135728
  },
  {
    "ayah": 191,
    "time": 3145843
  },
  {
    "ayah": 192,
    "time": 3172801
  },
  {
    "ayah": 193,
    "time": 3177648
  },
  {
    "ayah": 194,
    "time": 3194789
  },
  {
    "ayah": 195,
    "time": 3210806
  },
  {
    "ayah": 196,
    "time": 3221631
  },
  {
    "ayah": 197,
    "time": 3274293
  },
  {
    "ayah": 198,
    "time": 3298608
  },
  {
    "ayah": 199,
    "time": 3321990
  },
  {
    "ayah": 200,
    "time": 3331462
  },
  {
    "ayah": 201,
    "time": 3349405
  },
  {
    "ayah": 202,
    "time": 3360449
  },
  {
    "ayah": 203,
    "time": 3368648
  },
  {
    "ayah": 204,
    "time": 3390458
  },
  {
    "ayah": 205,
    "time": 3402155
  },
  {
    "ayah": 206,
    "time": 3412566
  },
  {
    "ayah": 207,
    "time": 3425114
  },
  {
    "ayah": 208,
    "time": 3435669
  },
  {
    "ayah": 209,
    "time": 3450645
  },
  {
    "ayah": 210,
    "time": 3460078
  },
  {
    "ayah": 211,
    "time": 3474347
  },
  {
    "ayah": 212,
    "time": 3491297
  },
  {
    "ayah": 213,
    "time": 3510177
  },
  {
    "ayah": 214,
    "time": 3550174
  },
  {
    "ayah": 215,
    "time": 3581691
  },
  {
    "ayah": 216,
    "time": 3599972
  },
  {
    "ayah": 217,
    "time": 3617927
  },
  {
    "ayah": 218,
    "time": 3667939
  },
  {
    "ayah": 219,
    "time": 3682631
  },
  {
    "ayah": 220,
    "time": 3705752
  },
  {
    "ayah": 221,
    "time": 3732456
  },
  {
    "ayah": 222,
    "time": 3769281
  },
  {
    "ayah": 223,
    "time": 3794310
  },
  {
    "ayah": 224,
    "time": 3811062
  },
  {
    "ayah": 225,
    "time": 3823175
  },
  {
    "ayah": 226,
    "time": 3838888
  },
  {
    "ayah": 227,
    "time": 3852128
  },
  {
    "ayah": 228,
    "time": 3860842
  },
  {
    "ayah": 229,
    "time": 3897658
  },
  {
    "ayah": 230,
    "time": 3941099
  },
  {
    "ayah": 231,
    "time": 3972151
  },
  {
    "ayah": 232,
    "time": 4012185
  },
  {
    "ayah": 233,
    "time": 4048665
  },
  {
    "ayah": 234,
    "time": 4105644
  },
  {
    "ayah": 235,
    "time": 4127866
  },
  {
    "ayah": 236,
    "time": 4169770
  },
  {
    "ayah": 237,
    "time": 4195109
  },
  {
    "ayah": 238,
    "time": 4225887
  },
  {
    "ayah": 239,
    "time": 4233029
  },
  {
    "ayah": 240,
    "time": 4244955
  },
  {
    "ayah": 241,
    "time": 4266180
  },
  {
    "ayah": 242,
    "time": 4272651
  },
  {
    "ayah": 243,
    "time": 4280543
  },
  {
    "ayah": 244,
    "time": 4298927
  },
  {
    "ayah": 245,
    "time": 4305436
  },
  {
    "ayah": 246,
    "time": 4318136
  },
  {
    "ayah": 247,
    "time": 4362361
  },
  {
    "ayah": 248,
    "time": 4394082
  },
  {
    "ayah": 249,
    "time": 4422412
  },
  {
    "ayah": 250,
    "time": 4474542
  },
  {
    "ayah": 251,
    "time": 4490972
  },
  {
    "ayah": 252,
    "time": 4515488
  },
  {
    "ayah": 253,
    "time": 4526160
  },
  {
    "ayah": 254,
    "time": 4569410
  },
  {
    "ayah": 255,
    "time": 4588895
  },
  {
    "ayah": 256,
    "time": 4625483
  },
  {
    "ayah": 257,
    "time": 4642448
  },
  {
    "ayah": 258,
    "time": 4663239
  },
  {
    "ayah": 259,
    "time": 4696785
  },
  {
    "ayah": 260,
    "time": 4745746
  },
  {
    "ayah": 261,
    "time": 4778012
  },
  {
    "ayah": 262,
    "time": 4798420
  },
  {
    "ayah": 263,
    "time": 4822708
  },
  {
    "ayah": 264,
    "time": 4835069
  },
  {
    "ayah": 265,
    "time": 4873618
  },
  {
    "ayah": 266,
    "time": 4903037
  },
  {
    "ayah": 267,
    "time": 4938556
  },
  {
    "ayah": 268,
    "time": 4964580
  },
  {
    "ayah": 269,
    "time": 4980497
  },
  {
    "ayah": 270,
    "time": 4996021
  },
  {
    "ayah": 271,
    "time": 5008265
  },
  {
    "ayah": 272,
    "time": 5030096
  },
  {
    "ayah": 273,
    "time": 5057906
  },
  {
    "ayah": 274,
    "time": 5084495
  },
  {
    "ayah": 275,
    "time": 5101541
  },
  {
    "ayah": 276,
    "time": 5140309
  },
  {
    "ayah": 277,
    "time": 5149682
  },
  {
    "ayah": 278,
    "time": 5170791
  },
  {
    "ayah": 279,
    "time": 5180044
  },
  {
    "ayah": 280,
    "time": 5193740
  },
  {
    "ayah": 281,
    "time": 5204340
  },
  {
    "ayah": 282,
    "time": 5217331
  },
  {
    "ayah": 283,
    "time": 5332902
  },
  {
    "ayah": 284,
    "time": 5360004
  },
  {
    "ayah": 285,
    "time": 5380407
  },
  {
    "ayah": 286,
    "time": 5403892
  },
  {
    "ayah": 999,
    "time": 5447573
  }
]