[
  {
    "ayah": 1,
    "time": 6944
  },
  {
    "ayah": 2,
    "time": 15775
  },
  {
    "ayah": 3,
    "time": 21401
  },
  {
    "ayah": 4,
    "time": 28506
  },
  {
    "ayah": 5,
    "time": 34815
  },
  {
    "ayah": 6,
    "time": 41874
  },
  {
    "ayah": 7,
    "time": 47672
  },
  {
    "ayah": 8,
    "time": 56735
  },
  {
    "ayah": 9,
    "time": 69877
  },
  {
    "ayah": 10,
    "time": 84134
  },
  {
    "ayah": 11,
    "time": 103261
  },
  {
    "ayah": 12,
    "time": 126355
  },
  {
    "ayah": 13,
    "time": 133275
  },
  {
    "ayah": 14,
    "time": 140884
  },
  {
    "ayah": 15,
    "time": 146689
  },
  {
    "ayah": 16,
    "time": 151658
  },
  {
    "ayah": 17,
    "time": 156820
  },
  {
    "ayah": 18,
    "time": 162479
  },
  {
    "ayah": 19,
    "time": 167487
  },
  {
    "ayah": 20,
    "time": 173856
  },
  {
    "ayah": 21,
    "time": 183091
  },
  {
    "ayah": 22,
    "time": 189807
  }
]