[
  {
    "ayah": 1,
    "time": 4015
  },
  {
    "ayah": 2,
    "time": 7616
  },
  {
    "ayah": 3,
    "time": 11418
  },
  {
    "ayah": 4,
    "time": 15577
  },
  {
    "ayah": 5,
    "time": 19530
  },
  {
    "ayah": 6,
    "time": 23334
  },
  {
    "ayah": 7,
    "time": 26642
  },
  {
    "ayah": 8,
    "time": 31646
  },
  {
    "ayah": 9,
    "time": 35907
  },
  {
    "ayah": 10,
    "time": 40357
  },
  {
    "ayah": 11,
    "time": 43962
  },
  {
    "ayah": 12,
    "time": 47420
  },
  {
    "ayah": 13,
    "time": 51272
  },
  {
    "ayah": 14,
    "time": 53678
  },
  {
    "ayah": 15,
    "time": 59233
  },
  {
    "ayah": 16,
    "time": 64994
  },
  {
    "ayah": 17,
    "time": 69097
  },
  {
    "ayah": 18,
    "time": 74256
  },
  {
    "ayah": 19,
    "time": 78963
  },
  {
    "ayah": 20,
    "time": 84920
  },
  {
    "ayah": 21,
    "time": 93084
  },
  {
    "ayah": 22,
    "time": 98590
  },
  {
    "ayah": 23,
    "time": 103194
  },
  {
    "ayah": 24,
    "time": 107950
  },
  {
    "ayah": 25,
    "time": 113811
  },
  {
    "ayah": 26,
    "time": 118370
  },
  {
    "ayah": 27,
    "time": 123723
  },
  {
    "ayah": 28,
    "time": 136992
  },
  {
    "ayah": 29,
    "time": 142696
  },
  {
    "ayah": 30,
    "time": 152313
  },
  {
    "ayah": 31,
    "time": 160774
  },
  {
    "ayah": 32,
    "time": 166833
  },
  {
    "ayah": 33,
    "time": 173343
  },
  {
    "ayah": 34,
    "time": 178647
  },
  {
    "ayah": 35,
    "time": 184306
  },
  {
    "ayah": 36,
    "time": 189410
  },
  {
    "ayah": 37,
    "time": 194520
  },
  {
    "ayah": 38,
    "time": 200427
  },
  {
    "ayah": 39,
    "time": 208144
  },
  {
    "ayah": 40,
    "time": 215249
  },
  {
    "ayah": 41,
    "time": 221011
  },
  {
    "ayah": 42,
    "time": 228063
  },
  {
    "ayah": 43,
    "time": 233373
  },
  {
    "ayah": 44,
    "time": 242234
  },
  {
    "ayah": 45,
    "time": 248043
  },
  {
    "ayah": 46,
    "time": 253801
  },
  {
    "ayah": 47,
    "time": 261761
  },
  {
    "ayah": 48,
    "time": 267470
  },
  {
    "ayah": 49,
    "time": 273979
  },
  {
    "ayah": 50,
    "time": 279651
  },
  {
    "ayah": 999,
    "time": 286045
  }
]