[
  {
    "ayah": 1,
    "time": 3453
  },
  {
    "ayah": 2,
    "time": 10393
  },
  {
    "ayah": 3,
    "time": 12590
  },
  {
    "ayah": 4,
    "time": 14948
  },
  {
    "ayah": 5,
    "time": 18012
  },
  {
    "ayah": 6,
    "time": 24009
  },
  {
    "ayah": 7,
    "time": 31758
  },
  {
    "ayah": 8,
    "time": 36260
  },
  {
    "ayah": 9,
    "time": 43449
  },
  {
    "ayah": 10,
    "time": 47510
  },
  {
    "ayah": 11,
    "time": 53760
  },
  {
    "ayah": 12,
    "time": 63326
  },
  {
    "ayah": 13,
    "time": 66515
  },
  {
    "ayah": 14,
    "time": 70010
  },
  {
    "ayah": 15,
    "time": 74261
  },
  {
    "ayah": 16,
    "time": 79075
  },
  {
    "ayah": 17,
    "time": 86538
  },
  {
    "ayah": 18,
    "time": 90750
  },
  {
    "ayah": 19,
    "time": 95448
  },
  {
    "ayah": 20,
    "time": 102014
  },
  {
    "ayah": 21,
    "time": 106511
  },
  {
    "ayah": 22,
    "time": 112263
  },
  {
    "ayah": 23,
    "time": 118418
  },
  {
    "ayah": 24,
    "time": 124037
  },
  {
    "ayah": 25,
    "time": 128564
  },
  {
    "ayah": 26,
    "time": 131492
  },
  {
    "ayah": 27,
    "time": 136377
  },
  {
    "ayah": 28,
    "time": 142755
  },
  {
    "ayah": 29,
    "time": 148443
  },
  {
    "ayah": 30,
    "time": 152317
  },
  {
    "ayah": 31,
    "time": 160504
  },
  {
    "ayah": 32,
    "time": 167191
  },
  {
    "ayah": 33,
    "time": 171878
  },
  {
    "ayah": 34,
    "time": 177631
  },
  {
    "ayah": 35,
    "time": 181943
  },
  {
    "ayah": 36,
    "time": 190130
  },
  {
    "ayah": 37,
    "time": 197444
  },
  {
    "ayah": 38,
    "time": 202942
  },
  {
    "ayah": 39,
    "time": 207880
  },
  {
    "ayah": 40,
    "time": 212318
  },
  {
    "ayah": 41,
    "time": 215758
  },
  {
    "ayah": 42,
    "time": 220206
  },
  {
    "ayah": 43,
    "time": 223192
  },
  {
    "ayah": 44,
    "time": 226007
  },
  {
    "ayah": 45,
    "time": 229631
  },
  {
    "ayah": 46,
    "time": 233821
  },
  {
    "ayah": 47,
    "time": 239693
  },
  {
    "ayah": 48,
    "time": 244446
  },
  {
    "ayah": 49,
    "time": 248284
  },
  {
    "ayah": 50,
    "time": 251842
  },
  {
    "ayah": 51,
    "time": 257845
  },
  {
    "ayah": 52,
    "time": 264347
  },
  {
    "ayah": 53,
    "time": 268409
  },
  {
    "ayah": 54,
    "time": 275721
  },
  {
    "ayah": 55,
    "time": 279719
  },
  {
    "ayah": 56,
    "time": 284910
  },
  {
    "ayah": 57,
    "time": 289846
  },
  {
    "ayah": 58,
    "time": 294783
  },
  {
    "ayah": 59,
    "time": 297004
  },
  {
    "ayah": 60,
    "time": 301710
  },
  {
    "ayah": 61,
    "time": 306022
  },
  {
    "ayah": 62,
    "time": 311084
  },
  {
    "ayah": 63,
    "time": 316772
  },
  {
    "ayah": 64,
    "time": 321560
  },
  {
    "ayah": 65,
    "time": 326959
  },
  {
    "ayah": 66,
    "time": 331397
  },
  {
    "ayah": 67,
    "time": 337960
  },
  {
    "ayah": 68,
    "time": 343271
  },
  {
    "ayah": 69,
    "time": 347958
  },
  {
    "ayah": 70,
    "time": 355711
  },
  {
    "ayah": 71,
    "time": 359072
  },
  {
    "ayah": 72,
    "time": 363460
  },
  {
    "ayah": 73,
    "time": 368211
  },
  {
    "ayah": 74,
    "time": 373876
  },
  {
    "ayah": 75,
    "time": 381273
  },
  {
    "ayah": 76,
    "time": 386524
  },
  {
    "ayah": 77,
    "time": 391148
  },
  {
    "ayah": 78,
    "time": 395210
  },
  {
    "ayah": 79,
    "time": 398336
  },
  {
    "ayah": 80,
    "time": 402150
  },
  {
    "ayah": 81,
    "time": 405460
  },
  {
    "ayah": 82,
    "time": 408838
  },
  {
    "ayah": 83,
    "time": 411712
  },
  {
    "ayah": 84,
    "time": 415525
  },
  {
    "ayah": 85,
    "time": 419956
  },
  {
    "ayah": 86,
    "time": 424671
  },
  {
    "ayah": 87,
    "time": 429170
  },
  {
    "ayah": 88,
    "time": 432771
  },
  {
    "ayah": 89,
    "time": 435648
  },
  {
    "ayah": 90,
    "time": 437772
  },
  {
    "ayah": 91,
    "time": 440483
  },
  {
    "ayah": 92,
    "time": 445232
  },
  {
    "ayah": 93,
    "time": 447798
  },
  {
    "ayah": 94,
    "time": 451296
  },
  {
    "ayah": 95,
    "time": 454171
  },
  {
    "ayah": 96,
    "time": 457608
  },
  {
    "ayah": 97,
    "time": 461171
  },
  {
    "ayah": 98,
    "time": 466234
  },
  {
    "ayah": 99,
    "time": 471299
  },
  {
    "ayah": 100,
    "time": 475765
  },
  {
    "ayah": 101,
    "time": 478578
  },
  {
    "ayah": 102,
    "time": 481765
  },
  {
    "ayah": 103,
    "time": 501203
  },
  {
    "ayah": 104,
    "time": 506015
  },
  {
    "ayah": 105,
    "time": 510453
  },
  {
    "ayah": 106,
    "time": 516705
  },
  {
    "ayah": 107,
    "time": 521953
  },
  {
    "ayah": 108,
    "time": 525004
  },
  {
    "ayah": 109,
    "time": 528703
  },
  {
    "ayah": 110,
    "time": 531768
  },
  {
    "ayah": 111,
    "time": 534768
  },
  {
    "ayah": 112,
    "time": 538329
  },
  {
    "ayah": 113,
    "time": 543330
  },
  {
    "ayah": 114,
    "time": 555518
  },
  {
    "ayah": 115,
    "time": 559955
  },
  {
    "ayah": 116,
    "time": 564766
  },
  {
    "ayah": 117,
    "time": 568706
  },
  {
    "ayah": 118,
    "time": 572332
  },
  {
    "ayah": 119,
    "time": 576020
  },
  {
    "ayah": 120,
    "time": 579581
  },
  {
    "ayah": 121,
    "time": 583520
  },
  {
    "ayah": 122,
    "time": 586932
  },
  {
    "ayah": 123,
    "time": 590832
  },
  {
    "ayah": 124,
    "time": 594767
  },
  {
    "ayah": 125,
    "time": 598309
  },
  {
    "ayah": 126,
    "time": 603146
  },
  {
    "ayah": 127,
    "time": 608959
  },
  {
    "ayah": 128,
    "time": 612520
  },
  {
    "ayah": 129,
    "time": 615816
  },
  {
    "ayah": 130,
    "time": 619003
  },
  {
    "ayah": 131,
    "time": 621877
  },
  {
    "ayah": 132,
    "time": 625440
  },
  {
    "ayah": 133,
    "time": 629692
  },
  {
    "ayah": 134,
    "time": 633314
  },
  {
    "ayah": 135,
    "time": 637063
  },
  {
    "ayah": 136,
    "time": 640442
  },
  {
    "ayah": 137,
    "time": 643506
  },
  {
    "ayah": 138,
    "time": 648005
  },
  {
    "ayah": 139,
    "time": 652525
  },
  {
    "ayah": 140,
    "time": 655821
  },
  {
    "ayah": 141,
    "time": 659619
  },
  {
    "ayah": 142,
    "time": 663186
  },
  {
    "ayah": 143,
    "time": 667051
  },
  {
    "ayah": 144,
    "time": 671888
  },
  {
    "ayah": 145,
    "time": 676638
  },
  {
    "ayah": 146,
    "time": 682450
  },
  {
    "ayah": 147,
    "time": 687450
  },
  {
    "ayah": 148,
    "time": 692488
  },
  {
    "ayah": 149,
    "time": 696332
  },
  {
    "ayah": 150,
    "time": 701332
  },
  {
    "ayah": 151,
    "time": 707831
  },
  {
    "ayah": 152,
    "time": 712000
  },
  {
    "ayah": 153,
    "time": 716385
  },
  {
    "ayah": 154,
    "time": 719460
  },
  {
    "ayah": 155,
    "time": 722000
  },
  {
    "ayah": 156,
    "time": 724379
  },
  {
    "ayah": 157,
    "time": 727915
  },
  {
    "ayah": 158,
    "time": 732978
  },
  {
    "ayah": 159,
    "time": 743543
  },
  {
    "ayah": 160,
    "time": 747400
  },
  {
    "ayah": 161,
    "time": 751568
  },
  {
    "ayah": 162,
    "time": 754400
  },
  {
    "ayah": 163,
    "time": 757500
  },
  {
    "ayah": 164,
    "time": 760700
  },
  {
    "ayah": 165,
    "time": 766113
  },
  {
    "ayah": 166,
    "time": 771646
  },
  {
    "ayah": 167,
    "time": 775114
  },
  {
    "ayah": 168,
    "time": 778000
  },
  {
    "ayah": 169,
    "time": 782859
  },
  {
    "ayah": 170,
    "time": 786732
  },
  {
    "ayah": 171,
    "time": 790547
  },
  {
    "ayah": 172,
    "time": 797158
  },
  {
    "ayah": 173,
    "time": 801390
  },
  {
    "ayah": 174,
    "time": 807554
  },
  {
    "ayah": 175,
    "time": 810807
  },
  {
    "ayah": 176,
    "time": 814450
  },
  {
    "ayah": 177,
    "time": 818213
  },
  {
    "ayah": 178,
    "time": 825487
  },
  {
    "ayah": 179,
    "time": 829257
  },
  {
    "ayah": 180,
    "time": 833329
  },
  {
    "ayah": 181,
    "time": 839894
  },
  {
    "ayah": 182,
    "time": 843305
  },
  {
    "ayah": 999,
    "time": 849732
  }
]