[
  {
    "ayah": 1,
    "time": 3711
  },
  {
    "ayah": 2,
    "time": 7864
  },
  {
    "ayah": 3,
    "time": 12173
  },
  {
    "ayah": 4,
    "time": 15728
  },
  {
    "ayah": 5,
    "time": 20282
  },
  {
    "ayah": 6,
    "time": 24787
  },
  {
    "ayah": 7,
    "time": 32653
  },
  {
    "ayah": 8,
    "time": 38259
  },
  {
    "ayah": 9,
    "time": 45767
  },
  {
    "ayah": 10,
    "time": 53379
  },
  {
    "ayah": 11,
    "time": 57734
  },
  {
    "ayah": 12,
    "time": 62838
  },
  {
    "ayah": 13,
    "time": 67347
  },
  {
    "ayah": 14,
    "time": 72051
  },
  {
    "ayah": 15,
    "time": 77011
  },
  {
    "ayah": 16,
    "time": 81317
  },
  {
    "ayah": 17,
    "time": 86872
  },
  {
    "ayah": 18,
    "time": 93631
  },
  {
    "ayah": 19,
    "time": 102044
  },
  {
    "ayah": 20,
    "time": 109105
  },
  {
    "ayah": 21,
    "time": 115662
  },
  {
    "ayah": 22,
    "time": 121523
  },
  {
    "ayah": 23,
    "time": 124573
  },
  {
    "ayah": 24,
    "time": 129282
  },
  {
    "ayah": 25,
    "time": 136140
  },
  {
    "ayah": 26,
    "time": 144105
  },
  {
    "ayah": 27,
    "time": 150116
  },
  {
    "ayah": 28,
    "time": 157420
  },
  {
    "ayah": 29,
    "time": 161468
  },
  {
    "ayah": 30,
    "time": 166125
  },
  {
    "ayah": 31,
    "time": 170232
  },
  {
    "ayah": 32,
    "time": 174885
  },
  {
    "ayah": 33,
    "time": 179544
  },
  {
    "ayah": 34,
    "time": 185201
  },
  {
    "ayah": 35,
    "time": 189155
  },
  {
    "ayah": 36,
    "time": 200122
  },
  {
    "ayah": 37,
    "time": 204977
  },
  {
    "ayah": 38,
    "time": 208182
  },
  {
    "ayah": 39,
    "time": 211836
  },
  {
    "ayah": 40,
    "time": 216194
  },
  {
    "ayah": 41,
    "time": 221148
  },
  {
    "ayah": 42,
    "time": 229111
  },
  {
    "ayah": 43,
    "time": 233619
  },
  {
    "ayah": 44,
    "time": 238480
  },
  {
    "ayah": 45,
    "time": 243979
  },
  {
    "ayah": 46,
    "time": 251792
  },
  {
    "ayah": 47,
    "time": 258801
  },
  {
    "ayah": 48,
    "time": 273472
  },
  {
    "ayah": 49,
    "time": 279129
  },
  {
    "ayah": 50,
    "time": 285738
  },
  {
    "ayah": 51,
    "time": 293350
  },
  {
    "ayah": 52,
    "time": 304964
  },
  {
    "ayah": 53,
    "time": 313025
  },
  {
    "ayah": 54,
    "time": 317581
  },
  {
    "ayah": 55,
    "time": 322640
  },
  {
    "ayah": 56,
    "time": 326843
  },
  {
    "ayah": 57,
    "time": 331601
  },
  {
    "ayah": 58,
    "time": 337958
  },
  {
    "ayah": 59,
    "time": 343474
  },
  {
    "ayah": 60,
    "time": 352179
  },
  {
    "ayah": 61,
    "time": 360792
  },
  {
    "ayah": 62,
    "time": 372907
  },
  {
    "ayah": 63,
    "time": 381920
  },
  {
    "ayah": 64,
    "time": 387828
  },
  {
    "ayah": 65,
    "time": 396387
  },
  {
    "ayah": 66,
    "time": 406003
  },
  {
    "ayah": 67,
    "time": 410413
  },
  {
    "ayah": 68,
    "time": 413912
  },
  {
    "ayah": 69,
    "time": 421021
  },
  {
    "ayah": 70,
    "time": 431186
  },
  {
    "ayah": 71,
    "time": 439947
  },
  {
    "ayah": 72,
    "time": 446957
  },
  {
    "ayah": 73,
    "time": 457824
  },
  {
    "ayah": 74,
    "time": 466083
  },
  {
    "ayah": 75,
    "time": 470791
  },
  {
    "ayah": 76,
    "time": 477600
  },
  {
    "ayah": 77,
    "time": 484408
  },
  {
    "ayah": 78,
    "time": 491018
  },
  {
    "ayah": 79,
    "time": 495529
  },
  {
    "ayah": 80,
    "time": 502333
  },
  {
    "ayah": 81,
    "time": 508643
  },
  {
    "ayah": 82,
    "time": 516050
  },
  {
    "ayah": 83,
    "time": 523213
  },
  {
    "ayah": 84,
    "time": 529670
  },
  {
    "ayah": 85,
    "time": 536984
  },
  {
    "ayah": 86,
    "time": 545094
  },
  {
    "ayah": 87,
    "time": 553101
  },
  {
    "ayah": 88,
    "time": 561312
  },
  {
    "ayah": 89,
    "time": 569325
  },
  {
    "ayah": 90,
    "time": 576686
  },
  {
    "ayah": 91,
    "time": 584797
  },
  {
    "ayah": 92,
    "time": 590857
  },
  {
    "ayah": 93,
    "time": 602774
  },
  {
    "ayah": 94,
    "time": 606527
  },
  {
    "ayah": 95,
    "time": 609530
  },
  {
    "ayah": 96,
    "time": 615689
  },
  {
    "ayah": 999,
    "time": 620329
  }
]