[
  {
    "ayah": 1,
    "time": 7369
  },
  {
    "ayah": 2,
    "time": 10674
  },
  {
    "ayah": 3,
    "time": 14282
  },
  {
    "ayah": 4,
    "time": 19311
  },
  {
    "ayah": 5,
    "time": 23152
  },
  {
    "ayah": 6,
    "time": 28414
  },
  {
    "ayah": 7,
    "time": 31836
  },
  {
    "ayah": 8,
    "time": 36487
  },
  {
    "ayah": 9,
    "time": 41867
  },
  {
    "ayah": 10,
    "time": 46247
  },
  {
    "ayah": 11,
    "time": 50798
  },
  {
    "ayah": 12,
    "time": 55024
  },
  {
    "ayah": 13,
    "time": 59050
  },
  {
    "ayah": 14,
    "time": 66712
  },
  {
    "ayah": 15,
    "time": 78283
  }
]