[
  {
    "ayah": 1,
    "time": 3902
  },
  {
    "ayah": 2,
    "time": 22778
  },
  {
    "ayah": 3,
    "time": 36028
  },
  {
    "ayah": 4,
    "time": 45804
  },
  {
    "ayah": 5,
    "time": 70343
  },
  {
    "ayah": 6,
    "time": 82335
  },
  {
    "ayah": 7,
    "time": 99212
  },
  {
    "ayah": 8,
    "time": 119649
  },
  {
    "ayah": 9,
    "time": 141151
  },
  {
    "ayah": 10,
    "time": 159276
  },
  {
    "ayah": 11,
    "time": 182527
  },
  {
    "ayah": 999,
    "time": 198214
  }
]