[
  {
    "ayah": 1,
    "time": 4240
  },
  {
    "ayah": 2,
    "time": 14853
  },
  {
    "ayah": 3,
    "time": 32700
  },
  {
    "ayah": 4,
    "time": 57585
  },
  {
    "ayah": 5,
    "time": 75743
  },
  {
    "ayah": 6,
    "time": 86617
  },
  {
    "ayah": 7,
    "time": 98917
  },
  {
    "ayah": 8,
    "time": 113917
  },
  {
    "ayah": 9,
    "time": 132507
  },
  {
    "ayah": 10,
    "time": 142570
  },
  {
    "ayah": 11,
    "time": 162825
  },
  {
    "ayah": 12,
    "time": 173135
  },
  {
    "ayah": 13,
    "time": 185713
  },
  {
    "ayah": 14,
    "time": 197183
  },
  {
    "ayah": 15,
    "time": 211301
  },
  {
    "ayah": 16,
    "time": 228670
  },
  {
    "ayah": 17,
    "time": 241016
  },
  {
    "ayah": 18,
    "time": 260427
  },
  {
    "ayah": 19,
    "time": 286355
  },
  {
    "ayah": 20,
    "time": 305721
  },
  {
    "ayah": 21,
    "time": 331648
  },
  {
    "ayah": 22,
    "time": 357487
  },
  {
    "ayah": 23,
    "time": 372122
  },
  {
    "ayah": 24,
    "time": 390798
  },
  {
    "ayah": 25,
    "time": 405699
  },
  {
    "ayah": 26,
    "time": 419220
  },
  {
    "ayah": 27,
    "time": 436999
  },
  {
    "ayah": 28,
    "time": 449633
  },
  {
    "ayah": 29,
    "time": 458121
  },
  {
    "ayah": 30,
    "time": 471964
  },
  {
    "ayah": 31,
    "time": 484084
  },
  {
    "ayah": 32,
    "time": 510026
  },
  {
    "ayah": 33,
    "time": 527659
  },
  {
    "ayah": 34,
    "time": 536862
  },
  {
    "ayah": 35,
    "time": 552069
  },
  {
    "ayah": 36,
    "time": 561460
  },
  {
    "ayah": 37,
    "time": 572931
  },
  {
    "ayah": 38,
    "time": 589921
  },
  {
    "ayah": 39,
    "time": 599402
  },
  {
    "ayah": 40,
    "time": 609472
  },
  {
    "ayah": 41,
    "time": 624951
  },
  {
    "ayah": 42,
    "time": 636275
  },
  {
    "ayah": 43,
    "time": 657666
  },
  {
    "ayah": 44,
    "time": 666600
  },
  {
    "ayah": 45,
    "time": 680625
  },
  {
    "ayah": 46,
    "time": 695115
  },
  {
    "ayah": 47,
    "time": 701570
  },
  {
    "ayah": 48,
    "time": 717970
  },
  {
    "ayah": 49,
    "time": 732777
  },
  {
    "ayah": 50,
    "time": 745773
  },
  {
    "ayah": 51,
    "time": 756633
  },
  {
    "ayah": 52,
    "time": 763760
  },
  {
    "ayah": 53,
    "time": 773852
  },
  {
    "ayah": 54,
    "time": 793056
  },
  {
    "ayah": 55,
    "time": 806159
  },
  {
    "ayah": 56,
    "time": 819745
  },
  {
    "ayah": 57,
    "time": 826207
  },
  {
    "ayah": 58,
    "time": 838017
  },
  {
    "ayah": 59,
    "time": 851206
  },
  {
    "ayah": 60,
    "time": 868700
  },
  {
    "ayah": 61,
    "time": 884996
  },
  {
    "ayah": 62,
    "time": 899822
  },
  {
    "ayah": 63,
    "time": 916022
  },
  {
    "ayah": 64,
    "time": 928825
  },
  {
    "ayah": 65,
    "time": 936084
  },
  {
    "ayah": 66,
    "time": 948869
  },
  {
    "ayah": 67,
    "time": 955789
  },
  {
    "ayah": 68,
    "time": 966895
  },
  {
    "ayah": 69,
    "time": 988329
  },
  {
    "ayah": 70,
    "time": 996642
  },
  {
    "ayah": 71,
    "time": 1018125
  },
  {
    "ayah": 72,
    "time": 1027989
  },
  {
    "ayah": 73,
    "time": 1037748
  },
  {
    "ayah": 74,
    "time": 1049297
  },
  {
    "ayah": 75,
    "time": 1064576
  },
  {
    "ayah": 76,
    "time": 1086139
  },
  {
    "ayah": 77,
    "time": 1093376
  }
]