[
  {
    "ayah": 1,
    "time": 3479
  },
  {
    "ayah": 2,
    "time": 10538
  },
  {
    "ayah": 3,
    "time": 14793
  },
  {
    "ayah": 4,
    "time": 22506
  },
  {
    "ayah": 5,
    "time": 35674
  },
  {
    "ayah": 6,
    "time": 47639
  },
  {
    "ayah": 7,
    "time": 58050
  },
  {
    "ayah": 8,
    "time": 68267
  },
  {
    "ayah": 9,
    "time": 77380
  },
  {
    "ayah": 10,
    "time": 83187
  },
  {
    "ayah": 11,
    "time": 90697
  },
  {
    "ayah": 12,
    "time": 96105
  },
  {
    "ayah": 13,
    "time": 104465
  },
  {
    "ayah": 14,
    "time": 113178
  },
  {
    "ayah": 15,
    "time": 120988
  },
  {
    "ayah": 16,
    "time": 132052
  },
  {
    "ayah": 17,
    "time": 140964
  },
  {
    "ayah": 18,
    "time": 148083
  },
  {
    "ayah": 19,
    "time": 156835
  },
  {
    "ayah": 20,
    "time": 164498
  },
  {
    "ayah": 21,
    "time": 174962
  },
  {
    "ayah": 22,
    "time": 186278
  },
  {
    "ayah": 23,
    "time": 198044
  },
  {
    "ayah": 24,
    "time": 202802
  },
  {
    "ayah": 25,
    "time": 215017
  },
  {
    "ayah": 26,
    "time": 221373
  },
  {
    "ayah": 27,
    "time": 228134
  },
  {
    "ayah": 28,
    "time": 236496
  },
  {
    "ayah": 29,
    "time": 247560
  },
  {
    "ayah": 30,
    "time": 256427
  },
  {
    "ayah": 31,
    "time": 261880
  },
  {
    "ayah": 32,
    "time": 270044
  },
  {
    "ayah": 33,
    "time": 276102
  },
  {
    "ayah": 34,
    "time": 284461
  },
  {
    "ayah": 35,
    "time": 292521
  },
  {
    "ayah": 36,
    "time": 302434
  },
  {
    "ayah": 37,
    "time": 310945
  },
  {
    "ayah": 38,
    "time": 315308
  },
  {
    "ayah": 39,
    "time": 322416
  },
  {
    "ayah": 40,
    "time": 329523
  },
  {
    "ayah": 41,
    "time": 336883
  },
  {
    "ayah": 42,
    "time": 350902
  },
  {
    "ayah": 43,
    "time": 357961
  },
  {
    "ayah": 44,
    "time": 367673
  },
  {
    "ayah": 45,
    "time": 378339
  },
  {
    "ayah": 46,
    "time": 385551
  },
  {
    "ayah": 47,
    "time": 389455
  },
  {
    "ayah": 48,
    "time": 396315
  },
  {
    "ayah": 49,
    "time": 399366
  },
  {
    "ayah": 50,
    "time": 427006
  },
  {
    "ayah": 51,
    "time": 435768
  },
  {
    "ayah": 52,
    "time": 450598
  },
  {
    "ayah": 53,
    "time": 463014
  },
  {
    "ayah": 54,
    "time": 469071
  },
  {
    "ayah": 55,
    "time": 477833
  },
  {
    "ayah": 56,
    "time": 483541
  },
  {
    "ayah": 57,
    "time": 488247
  },
  {
    "ayah": 58,
    "time": 496115
  },
  {
    "ayah": 59,
    "time": 501317
  },
  {
    "ayah": 60,
    "time": 508679
  },
  {
    "ayah": 61,
    "time": 512581
  },
  {
    "ayah": 62,
    "time": 523397
  },
  {
    "ayah": 63,
    "time": 529956
  },
  {
    "ayah": 64,
    "time": 544476
  },
  {
    "ayah": 65,
    "time": 549182
  },
  {
    "ayah": 66,
    "time": 556793
  },
  {
    "ayah": 67,
    "time": 561298
  },
  {
    "ayah": 68,
    "time": 569960
  },
  {
    "ayah": 69,
    "time": 575018
  },
  {
    "ayah": 70,
    "time": 579576
  },
  {
    "ayah": 71,
    "time": 585631
  },
  {
    "ayah": 72,
    "time": 593595
  },
  {
    "ayah": 73,
    "time": 599358
  },
  {
    "ayah": 74,
    "time": 605209
  },
  {
    "ayah": 75,
    "time": 614822
  },
  {
    "ayah": 76,
    "time": 623189
  },
  {
    "ayah": 77,
    "time": 630193
  },
  {
    "ayah": 78,
    "time": 639605
  },
  {
    "ayah": 79,
    "time": 644913
  },
  {
    "ayah": 80,
    "time": 650571
  },
  {
    "ayah": 81,
    "time": 655727
  },
  {
    "ayah": 82,
    "time": 661736
  },
  {
    "ayah": 83,
    "time": 672099
  },
  {
    "ayah": 84,
    "time": 679658
  },
  {
    "ayah": 85,
    "time": 686371
  },
  {
    "ayah": 86,
    "time": 694132
  },
  {
    "ayah": 87,
    "time": 705493
  },
  {
    "ayah": 88,
    "time": 710452
  },
  {
    "ayah": 89,
    "time": 717209
  },
  {
    "ayah": 90,
    "time": 723868
  },
  {
    "ayah": 91,
    "time": 730731
  },
  {
    "ayah": 92,
    "time": 735835
  },
  {
    "ayah": 93,
    "time": 742897
  },
  {
    "ayah": 94,
    "time": 752523
  },
  {
    "ayah": 95,
    "time": 759028
  },
  {
    "ayah": 96,
    "time": 763585
  },
  {
    "ayah": 97,
    "time": 769191
  },
  {
    "ayah": 98,
    "time": 777552
  },
  {
    "ayah": 99,
    "time": 784170
  },
  {
    "ayah": 100,
    "time": 791634
  },
  {
    "ayah": 101,
    "time": 796438
  },
  {
    "ayah": 102,
    "time": 800345
  },
  {
    "ayah": 103,
    "time": 809208
  },
  {
    "ayah": 104,
    "time": 819823
  },
  {
    "ayah": 105,
    "time": 827183
  },
  {
    "ayah": 106,
    "time": 832737
  },
  {
    "ayah": 107,
    "time": 840100
  },
  {
    "ayah": 108,
    "time": 845809
  },
  {
    "ayah": 109,
    "time": 850614
  },
  {
    "ayah": 110,
    "time": 863034
  },
  {
    "ayah": 111,
    "time": 867843
  },
  {
    "ayah": 112,
    "time": 875452
  },
  {
    "ayah": 113,
    "time": 883110
  },
  {
    "ayah": 114,
    "time": 891872
  },
  {
    "ayah": 115,
    "time": 897880
  },
  {
    "ayah": 116,
    "time": 903787
  },
  {
    "ayah": 117,
    "time": 914703
  },
  {
    "ayah": 118,
    "time": 921364
  },
  {
    "ayah": 119,
    "time": 933678
  },
  {
    "ayah": 120,
    "time": 942788
  },
  {
    "ayah": 121,
    "time": 949298
  },
  {
    "ayah": 122,
    "time": 960064
  },
  {
    "ayah": 123,
    "time": 967024
  },
  {
    "ayah": 124,
    "time": 971979
  },
  {
    "ayah": 125,
    "time": 979389
  },
  {
    "ayah": 126,
    "time": 985097
  },
  {
    "ayah": 127,
    "time": 989955
  },
  {
    "ayah": 128,
    "time": 1002423
  },
  {
    "ayah": 129,
    "time": 1010232
  },
  {
    "ayah": 130,
    "time": 1017544
  },
  {
    "ayah": 131,
    "time": 1024654
  },
  {
    "ayah": 132,
    "time": 1029408
  },
  {
    "ayah": 133,
    "time": 1037670
  },
  {
    "ayah": 134,
    "time": 1044276
  },
  {
    "ayah": 135,
    "time": 1049386
  },
  {
    "ayah": 136,
    "time": 1058299
  },
  {
    "ayah": 137,
    "time": 1071066
  },
  {
    "ayah": 138,
    "time": 1077922
  },
  {
    "ayah": 139,
    "time": 1082181
  },
  {
    "ayah": 140,
    "time": 1098254
  },
  {
    "ayah": 141,
    "time": 1105065
  },
  {
    "ayah": 142,
    "time": 1110118
  },
  {
    "ayah": 143,
    "time": 1117779
  },
  {
    "ayah": 144,
    "time": 1123287
  },
  {
    "ayah": 145,
    "time": 1128543
  },
  {
    "ayah": 146,
    "time": 1141461
  },
  {
    "ayah": 147,
    "time": 1149372
  },
  {
    "ayah": 148,
    "time": 1154479
  },
  {
    "ayah": 149,
    "time": 1161789
  },
  {
    "ayah": 150,
    "time": 1169497
  },
  {
    "ayah": 151,
    "time": 1174717
  },
  {
    "ayah": 152,
    "time": 1181577
  },
  {
    "ayah": 153,
    "time": 1189638
  },
  {
    "ayah": 154,
    "time": 1199352
  },
  {
    "ayah": 155,
    "time": 1214319
  },
  {
    "ayah": 156,
    "time": 1226187
  },
  {
    "ayah": 157,
    "time": 1238753
  },
  {
    "ayah": 158,
    "time": 1244839
  },
  {
    "ayah": 159,
    "time": 1259908
  },
  {
    "ayah": 160,
    "time": 1267121
  },
  {
    "ayah": 161,
    "time": 1273327
  },
  {
    "ayah": 162,
    "time": 1281089
  },
  {
    "ayah": 163,
    "time": 1286895
  },
  {
    "ayah": 164,
    "time": 1292104
  },
  {
    "ayah": 165,
    "time": 1305272
  },
  {
    "ayah": 166,
    "time": 1311781
  },
  {
    "ayah": 167,
    "time": 1326751
  },
  {
    "ayah": 168,
    "time": 1338069
  },
  {
    "ayah": 169,
    "time": 1345677
  },
  {
    "ayah": 170,
    "time": 1353185
  },
  {
    "ayah": 171,
    "time": 1360445
  },
  {
    "ayah": 172,
    "time": 1366555
  },
  {
    "ayah": 173,
    "time": 1372563
  },
  {
    "ayah": 174,
    "time": 1384631
  },
  {
    "ayah": 175,
    "time": 1396294
  },
  {
    "ayah": 176,
    "time": 1403656
  },
  {
    "ayah": 177,
    "time": 1410214
  },
  {
    "ayah": 178,
    "time": 1417173
  },
  {
    "ayah": 179,
    "time": 1422883
  },
  {
    "ayah": 180,
    "time": 1428040
  },
  {
    "ayah": 181,
    "time": 1441106
  },
  {
    "ayah": 182,
    "time": 1448567
  },
  {
    "ayah": 183,
    "time": 1454323
  },
  {
    "ayah": 184,
    "time": 1466592
  },
  {
    "ayah": 185,
    "time": 1474901
  },
  {
    "ayah": 186,
    "time": 1484616
  },
  {
    "ayah": 187,
    "time": 1498335
  },
  {
    "ayah": 188,
    "time": 1511653
  },
  {
    "ayah": 189,
    "time": 1518817
  },
  {
    "ayah": 190,
    "time": 1533636
  },
  {
    "ayah": 191,
    "time": 1544851
  },
  {
    "ayah": 192,
    "time": 1552056
  },
  {
    "ayah": 193,
    "time": 1560321
  },
  {
    "ayah": 194,
    "time": 1564824
  },
  {
    "ayah": 195,
    "time": 1571736
  },
  {
    "ayah": 196,
    "time": 1577492
  },
  {
    "ayah": 197,
    "time": 1584200
  },
  {
    "ayah": 198,
    "time": 1598371
  },
  {
    "ayah": 199,
    "time": 1605581
  },
  {
    "ayah": 200,
    "time": 1614148
  },
  {
    "ayah": 201,
    "time": 1621356
  },
  {
    "ayah": 202,
    "time": 1629514
  },
  {
    "ayah": 203,
    "time": 1638024
  },
  {
    "ayah": 204,
    "time": 1644382
  },
  {
    "ayah": 205,
    "time": 1650091
  },
  {
    "ayah": 206,
    "time": 1656950
  },
  {
    "ayah": 207,
    "time": 1666364
  },
  {
    "ayah": 208,
    "time": 1676028
  },
  {
    "ayah": 209,
    "time": 1686841
  },
  {
    "ayah": 210,
    "time": 1692750
  },
  {
    "ayah": 211,
    "time": 1699407
  },
  {
    "ayah": 212,
    "time": 1707219
  },
  {
    "ayah": 213,
    "time": 1714228
  },
  {
    "ayah": 214,
    "time": 1725092
  },
  {
    "ayah": 215,
    "time": 1731607
  },
  {
    "ayah": 216,
    "time": 1739814
  },
  {
    "ayah": 217,
    "time": 1751680
  },
  {
    "ayah": 218,
    "time": 1757537
  },
  {
    "ayah": 219,
    "time": 1763346
  },
  {
    "ayah": 220,
    "time": 1768455
  },
  {
    "ayah": 221,
    "time": 1774762
  },
  {
    "ayah": 222,
    "time": 1783575
  },
  {
    "ayah": 223,
    "time": 1790434
  },
  {
    "ayah": 224,
    "time": 1797543
  },
  {
    "ayah": 225,
    "time": 1805401
  },
  {
    "ayah": 226,
    "time": 1814316
  },
  {
    "ayah": 227,
    "time": 1822025
  },
  {
    "ayah": 999,
    "time": 1852068
  }
]