[
  {
    "ayah": 1,
    "time": 4174
  },
  {
    "ayah": 2,
    "time": 15033
  },
  {
    "ayah": 3,
    "time": 39517
  },
  {
    "ayah": 4,
    "time": 65153
  },
  {
    "ayah": 5,
    "time": 133693
  },
  {
    "ayah": 6,
    "time": 138803
  },
  {
    "ayah": 7,
    "time": 145813
  },
  {
    "ayah": 8,
    "time": 163336
  },
  {
    "ayah": 9,
    "time": 172147
  },
  {
    "ayah": 10,
    "time": 185115
  },
  {
    "ayah": 11,
    "time": 208647
  },
  {
    "ayah": 12,
    "time": 222516
  },
  {
    "ayah": 13,
    "time": 255612
  },
  {
    "ayah": 14,
    "time": 274737
  },
  {
    "ayah": 15,
    "time": 294564
  },
  {
    "ayah": 16,
    "time": 368415
  },
  {
    "ayah": 17,
    "time": 402612
  },
  {
    "ayah": 18,
    "time": 412225
  },
  {
    "ayah": 19,
    "time": 437158
  },
  {
    "ayah": 20,
    "time": 459889
  },
  {
    "ayah": 21,
    "time": 508857
  },
  {
    "ayah": 22,
    "time": 524027
  },
  {
    "ayah": 23,
    "time": 538547
  },
  {
    "ayah": 24,
    "time": 552165
  },
  {
    "ayah": 25,
    "time": 562380
  },
  {
    "ayah": 26,
    "time": 582407
  },
  {
    "ayah": 27,
    "time": 601653
  },
  {
    "ayah": 28,
    "time": 615018
  },
  {
    "ayah": 29,
    "time": 629841
  },
  {
    "ayah": 30,
    "time": 642609
  },
  {
    "ayah": 31,
    "time": 664489
  },
  {
    "ayah": 32,
    "time": 679568
  },
  {
    "ayah": 33,
    "time": 711964
  },
  {
    "ayah": 34,
    "time": 728394
  },
  {
    "ayah": 35,
    "time": 746520
  },
  {
    "ayah": 36,
    "time": 763567
  },
  {
    "ayah": 37,
    "time": 784745
  },
  {
    "ayah": 38,
    "time": 795512
  },
  {
    "ayah": 999,
    "time": 844326
  }
]