[
  {
    "ayah": 1,
    "time": 3526
  },
  {
    "ayah": 2,
    "time": 24839
  },
  {
    "ayah": 3,
    "time": 38090
  },
  {
    "ayah": 4,
    "time": 55590
  },
  {
    "ayah": 5,
    "time": 65467
  },
  {
    "ayah": 6,
    "time": 78842
  },
  {
    "ayah": 7,
    "time": 90590
  },
  {
    "ayah": 8,
    "time": 101655
  },
  {
    "ayah": 9,
    "time": 124029
  },
  {
    "ayah": 10,
    "time": 137906
  },
  {
    "ayah": 11,
    "time": 160219
  },
  {
    "ayah": 12,
    "time": 189031
  },
  {
    "ayah": 13,
    "time": 216712
  },
  {
    "ayah": 14,
    "time": 238902
  },
  {
    "ayah": 15,
    "time": 254342
  },
  {
    "ayah": 16,
    "time": 264151
  },
  {
    "ayah": 17,
    "time": 269779
  },
  {
    "ayah": 18,
    "time": 273716
  },
  {
    "ayah": 19,
    "time": 300968
  },
  {
    "ayah": 20,
    "time": 304134
  },
  {
    "ayah": 21,
    "time": 306766
  },
  {
    "ayah": 22,
    "time": 309406
  },
  {
    "ayah": 23,
    "time": 323772
  },
  {
    "ayah": 24,
    "time": 326834
  },
  {
    "ayah": 25,
    "time": 337523
  },
  {
    "ayah": 26,
    "time": 351147
  },
  {
    "ayah": 27,
    "time": 359636
  },
  {
    "ayah": 28,
    "time": 381398
  },
  {
    "ayah": 29,
    "time": 402026
  },
  {
    "ayah": 30,
    "time": 417697
  },
  {
    "ayah": 31,
    "time": 425697
  },
  {
    "ayah": 32,
    "time": 438325
  },
  {
    "ayah": 33,
    "time": 458136
  },
  {
    "ayah": 34,
    "time": 470626
  },
  {
    "ayah": 35,
    "time": 480438
  },
  {
    "ayah": 36,
    "time": 491874
  },
  {
    "ayah": 37,
    "time": 508002
  },
  {
    "ayah": 38,
    "time": 534275
  },
  {
    "ayah": 39,
    "time": 542875
  },
  {
    "ayah": 40,
    "time": 565002
  },
  {
    "ayah": 41,
    "time": 591253
  },
  {
    "ayah": 42,
    "time": 606616
  },
  {
    "ayah": 43,
    "time": 624129
  },
  {
    "ayah": 44,
    "time": 646319
  },
  {
    "ayah": 45,
    "time": 668505
  },
  {
    "ayah": 999,
    "time": 694858
  }
]