[
  {
    "ayah": 1,
    "time": 7623
  },
  {
    "ayah": 2,
    "time": 24559
  },
  {
    "ayah": 3,
    "time": 40627
  },
  {
    "ayah": 4,
    "time": 77236
  },
  {
    "ayah": 5,
    "time": 86478
  },
  {
    "ayah": 6,
    "time": 115117
  },
  {
    "ayah": 7,
    "time": 139744
  },
  {
    "ayah": 8,
    "time": 187145
  },
  {
    "ayah": 9,
    "time": 215706
  },
  {
    "ayah": 10,
    "time": 233306
  },
  {
    "ayah": 11,
    "time": 256341
  },
  {
    "ayah": 12,
    "time": 271541
  },
  {
    "ayah": 13,
    "time": 315644
  },
  {
    "ayah": 14,
    "time": 340922
  },
  {
    "ayah": 15,
    "time": 365289
  },
  {
    "ayah": 16,
    "time": 387951
  },
  {
    "ayah": 17,
    "time": 409917
  },
  {
    "ayah": 18,
    "time": 459794
  },
  {
    "ayah": 19,
    "time": 490087
  },
  {
    "ayah": 20,
    "time": 505955
  },
  {
    "ayah": 21,
    "time": 536620
  },
  {
    "ayah": 22,
    "time": 553152
  },
  {
    "ayah": 23,
    "time": 561312
  },
  {
    "ayah": 24,
    "time": 582967
  },
  {
    "ayah": 25,
    "time": 601682
  },
  {
    "ayah": 26,
    "time": 614407
  },
  {
    "ayah": 27,
    "time": 630407
  },
  {
    "ayah": 28,
    "time": 665026
  },
  {
    "ayah": 29,
    "time": 696034
  },
  {
    "ayah": 30,
    "time": 729842
  },
  {
    "ayah": 31,
    "time": 743635
  },
  {
    "ayah": 32,
    "time": 788974
  },
  {
    "ayah": 33,
    "time": 809812
  },
  {
    "ayah": 34,
    "time": 827505
  },
  {
    "ayah": 35,
    "time": 849293
  },
  {
    "ayah": 36,
    "time": 868990
  },
  {
    "ayah": 37,
    "time": 896097
  },
  {
    "ayah": 38,
    "time": 911654
  },
  {
    "ayah": 39,
    "time": 935446
  },
  {
    "ayah": 40,
    "time": 949656
  },
  {
    "ayah": 41,
    "time": 991492
  },
  {
    "ayah": 42,
    "time": 1005974
  },
  {
    "ayah": 43,
    "time": 1031391
  },
  {
    "ayah": 44,
    "time": 1058219
  },
  {
    "ayah": 45,
    "time": 1085850
  },
  {
    "ayah": 46,
    "time": 1106981
  },
  {
    "ayah": 47,
    "time": 1132476
  },
  {
    "ayah": 48,
    "time": 1155153
  },
  {
    "ayah": 49,
    "time": 1183992
  },
  {
    "ayah": 50,
    "time": 1215239
  },
  {
    "ayah": 51,
    "time": 1234565
  },
  {
    "ayah": 52,
    "time": 1251144
  },
  {
    "ayah": 53,
    "time": 1282491
  },
  {
    "ayah": 54,
    "time": 1309505
  },
  {
    "ayah": 55,
    "time": 1337137
  },
  {
    "ayah": 56,
    "time": 1349390
  },
  {
    "ayah": 57,
    "time": 1376711
  },
  {
    "ayah": 58,
    "time": 1403824
  },
  {
    "ayah": 59,
    "time": 1429273
  },
  {
    "ayah": 60,
    "time": 1447478
  },
  {
    "ayah": 61,
    "time": 1473299
  },
  {
    "ayah": 62,
    "time": 1508918
  },
  {
    "ayah": 63,
    "time": 1538965
  },
  {
    "ayah": 64,
    "time": 1564599
  },
  {
    "ayah": 65,
    "time": 1590016
  },
  {
    "ayah": 66,
    "time": 1605156
  },
  {
    "ayah": 67,
    "time": 1628919
  },
  {
    "ayah": 68,
    "time": 1638592
  },
  {
    "ayah": 69,
    "time": 1654228
  },
  {
    "ayah": 70,
    "time": 1677448
  },
  {
    "ayah": 71,
    "time": 1700297
  },
  {
    "ayah": 72,
    "time": 1723192
  },
  {
    "ayah": 73,
    "time": 1740839
  },
  {
    "ayah": 74,
    "time": 1764259
  },
  {
    "ayah": 75,
    "time": 1778702
  },
  {
    "ayah": 76,
    "time": 1787604
  },
  {
    "ayah": 77,
    "time": 1808841
  },
  {
    "ayah": 78,
    "time": 1828346
  },
  {
    "ayah": 79,
    "time": 1865855
  },
  {
    "ayah": 80,
    "time": 1879276
  },
  {
    "ayah": 81,
    "time": 1892233
  },
  {
    "ayah": 82,
    "time": 1931350
  },
  {
    "ayah": 83,
    "time": 1952101
  },
  {
    "ayah": 84,
    "time": 1963797
  },
  {
    "ayah": 85,
    "time": 2000824
  },
  {
    "ayah": 86,
    "time": 2018457
  },
  {
    "ayah": 87,
    "time": 2036654
  },
  {
    "ayah": 88,
    "time": 2065700
  },
  {
    "ayah": 89,
    "time": 2107761
  },
  {
    "ayah": 90,
    "time": 2134246
  },
  {
    "ayah": 91,
    "time": 2150578
  },
  {
    "ayah": 92,
    "time": 2174323
  },
  {
    "ayah": 93,
    "time": 2196229
  },
  {
    "ayah": 94,
    "time": 2220935
  },
  {
    "ayah": 95,
    "time": 2245508
  },
  {
    "ayah": 96,
    "time": 2257079
  },
  {
    "ayah": 97,
    "time": 2266824
  },
  {
    "ayah": 98,
    "time": 2283968
  },
  {
    "ayah": 99,
    "time": 2298350
  },
  {
    "ayah": 100,
    "time": 2310857
  },
  {
    "ayah": 101,
    "time": 2327236
  },
  {
    "ayah": 102,
    "time": 2360247
  },
  {
    "ayah": 103,
    "time": 2379155
  },
  {
    "ayah": 104,
    "time": 2399403
  },
  {
    "ayah": 105,
    "time": 2409666
  },
  {
    "ayah": 106,
    "time": 2422205
  },
  {
    "ayah": 107,
    "time": 2434247
  },
  {
    "ayah": 108,
    "time": 2452112
  },
  {
    "ayah": 109,
    "time": 2479969
  },
  {
    "ayah": 110,
    "time": 2512684
  },
  {
    "ayah": 111,
    "time": 2534743
  },
  {
    "ayah": 112,
    "time": 2549961
  },
  {
    "ayah": 113,
    "time": 2565751
  },
  {
    "ayah": 114,
    "time": 2597548
  },
  {
    "ayah": 115,
    "time": 2619814
  },
  {
    "ayah": 116,
    "time": 2628305
  },
  {
    "ayah": 117,
    "time": 2657563
  },
  {
    "ayah": 118,
    "time": 2667779
  },
  {
    "ayah": 119,
    "time": 2683058
  },
  {
    "ayah": 120,
    "time": 2702331
  },
  {
    "ayah": 121,
    "time": 2725922
  },
  {
    "ayah": 122,
    "time": 2737911
  },
  {
    "ayah": 123,
    "time": 2747935
  }
]