[
  {
    "ayah": 1,
    "time": 5937
  },
  {
    "ayah": 2,
    "time": 11602
  },
  {
    "ayah": 3,
    "time": 15239
  },
  {
    "ayah": 4,
    "time": 21269
  },
  {
    "ayah": 5,
    "time": 26788
  },
  {
    "ayah": 6,
    "time": 33158
  },
  {
    "ayah": 7,
    "time": 40720
  },
  {
    "ayah": 8,
    "time": 46897
  },
  {
    "ayah": 9,
    "time": 52377
  },
  {
    "ayah": 10,
    "time": 61340
  },
  {
    "ayah": 11,
    "time": 68723
  },
  {
    "ayah": 12,
    "time": 76200
  },
  {
    "ayah": 13,
    "time": 84142
  },
  {
    "ayah": 14,
    "time": 90875
  },
  {
    "ayah": 15,
    "time": 99713
  },
  {
    "ayah": 16,
    "time": 117825
  },
  {
    "ayah": 17,
    "time": 125009
  },
  {
    "ayah": 18,
    "time": 133600
  },
  {
    "ayah": 19,
    "time": 143352
  },
  {
    "ayah": 20,
    "time": 154419
  }
]