[
  {
    "ayah": 1,
    "time": 6665
  },
  {
    "ayah": 2,
    "time": 12478
  },
  {
    "ayah": 3,
    "time": 16379
  },
  {
    "ayah": 4,
    "time": 19211
  },
  {
    "ayah": 5,
    "time": 23345
  },
  {
    "ayah": 6,
    "time": 27417
  },
  {
    "ayah": 7,
    "time": 41960
  },
  {
    "ayah": 8,
    "time": 48329
  },
  {
    "ayah": 9,
    "time": 53902
  },
  {
    "ayah": 10,
    "time": 61147
  },
  {
    "ayah": 11,
    "time": 69784
  },
  {
    "ayah": 12,
    "time": 73182
  },
  {
    "ayah": 13,
    "time": 76007
  },
  {
    "ayah": 14,
    "time": 83352
  },
  {
    "ayah": 15,
    "time": 91604
  },
  {
    "ayah": 16,
    "time": 98624
  },
  {
    "ayah": 17,
    "time": 103128
  },
  {
    "ayah": 18,
    "time": 106015
  },
  {
    "ayah": 19,
    "time": 108787
  },
  {
    "ayah": 20,
    "time": 114513
  },
  {
    "ayah": 21,
    "time": 119707
  },
  {
    "ayah": 22,
    "time": 128259
  },
  {
    "ayah": 23,
    "time": 134715
  },
  {
    "ayah": 24,
    "time": 140148
  },
  {
    "ayah": 25,
    "time": 146464
  }
]