[
  {
    "ayah": 1,
    "time": 6308
  },
  {
    "ayah": 2,
    "time": 10759
  },
  {
    "ayah": 3,
    "time": 15643
  },
  {
    "ayah": 4,
    "time": 21448
  },
  {
    "ayah": 5,
    "time": 27671
  },
  {
    "ayah": 6,
    "time": 34172
  },
  {
    "ayah": 7,
    "time": 47965
  },
  {
    "ayah": 8,
    "time": 57067
  },
  {
    "ayah": 9,
    "time": 72206
  },
  {
    "ayah": 10,
    "time": 87764
  },
  {
    "ayah": 11,
    "time": 100721
  },
  {
    "ayah": 12,
    "time": 120225
  },
  {
    "ayah": 13,
    "time": 137701
  },
  {
    "ayah": 14,
    "time": 149343
  },
  {
    "ayah": 15,
    "time": 171416
  },
  {
    "ayah": 16,
    "time": 191371
  },
  {
    "ayah": 17,
    "time": 201502
  },
  {
    "ayah": 18,
    "time": 209397
  },
  {
    "ayah": 19,
    "time": 229638
  },
  {
    "ayah": 20,
    "time": 245985
  },
  {
    "ayah": 21,
    "time": 258941
  },
  {
    "ayah": 22,
    "time": 269112
  },
  {
    "ayah": 23,
    "time": 279561
  },
  {
    "ayah": 24,
    "time": 299219
  },
  {
    "ayah": 25,
    "time": 308725
  },
  {
    "ayah": 26,
    "time": 318802
  },
  {
    "ayah": 27,
    "time": 328748
  },
  {
    "ayah": 28,
    "time": 336682
  },
  {
    "ayah": 29,
    "time": 356944
  },
  {
    "ayah": 30,
    "time": 368686
  },
  {
    "ayah": 31,
    "time": 384283
  },
  {
    "ayah": 32,
    "time": 396775
  },
  {
    "ayah": 33,
    "time": 406495
  },
  {
    "ayah": 34,
    "time": 419863
  },
  {
    "ayah": 35,
    "time": 434438
  },
  {
    "ayah": 36,
    "time": 445040
  },
  {
    "ayah": 37,
    "time": 461380
  },
  {
    "ayah": 38,
    "time": 473215
  },
  {
    "ayah": 39,
    "time": 484182
  },
  {
    "ayah": 40,
    "time": 493742
  },
  {
    "ayah": 41,
    "time": 513850
  },
  {
    "ayah": 42,
    "time": 524438
  },
  {
    "ayah": 43,
    "time": 532565
  },
  {
    "ayah": 44,
    "time": 543061
  },
  {
    "ayah": 45,
    "time": 551845
  },
  {
    "ayah": 46,
    "time": 563594
  },
  {
    "ayah": 47,
    "time": 575894
  },
  {
    "ayah": 48,
    "time": 606544
  },
  {
    "ayah": 49,
    "time": 616389
  },
  {
    "ayah": 50,
    "time": 628928
  },
  {
    "ayah": 51,
    "time": 641281
  },
  {
    "ayah": 52,
    "time": 653263
  },
  {
    "ayah": 53,
    "time": 669749
  },
  {
    "ayah": 54,
    "time": 683734
  },
  {
    "ayah": 55,
    "time": 698356
  },
  {
    "ayah": 56,
    "time": 710012
  },
  {
    "ayah": 57,
    "time": 720872
  },
  {
    "ayah": 58,
    "time": 731389
  },
  {
    "ayah": 59,
    "time": 739330
  },
  {
    "ayah": 60,
    "time": 746514
  },
  {
    "ayah": 61,
    "time": 765833
  },
  {
    "ayah": 62,
    "time": 775121
  },
  {
    "ayah": 63,
    "time": 787535
  },
  {
    "ayah": 64,
    "time": 796312
  },
  {
    "ayah": 65,
    "time": 804578
  },
  {
    "ayah": 66,
    "time": 821668
  },
  {
    "ayah": 67,
    "time": 836064
  },
  {
    "ayah": 68,
    "time": 850136
  },
  {
    "ayah": 69,
    "time": 860445
  },
  {
    "ayah": 70,
    "time": 875260
  },
  {
    "ayah": 71,
    "time": 886544
  },
  {
    "ayah": 72,
    "time": 903202
  },
  {
    "ayah": 73,
    "time": 912962
  },
  {
    "ayah": 74,
    "time": 921607
  },
  {
    "ayah": 75,
    "time": 931948
  },
  {
    "ayah": 76,
    "time": 942397
  },
  {
    "ayah": 77,
    "time": 954658
  },
  {
    "ayah": 78,
    "time": 969572
  },
  {
    "ayah": 79,
    "time": 981871
  },
  {
    "ayah": 80,
    "time": 996096
  },
  {
    "ayah": 81,
    "time": 1010671
  },
  {
    "ayah": 82,
    "time": 1028636
  },
  {
    "ayah": 83,
    "time": 1046066
  }
]