[
  {
    "ayah": 1,
    "time": 8905
  },
  {
    "ayah": 2,
    "time": 13460
  },
  {
    "ayah": 3,
    "time": 20370
  },
  {
    "ayah": 4,
    "time": 32687
  },
  {
    "ayah": 5,
    "time": 43155
  },
  {
    "ayah": 6,
    "time": 70937
  },
  {
    "ayah": 7,
    "time": 99727
  },
  {
    "ayah": 8,
    "time": 110592
  },
  {
    "ayah": 9,
    "time": 121962
  },
  {
    "ayah": 10,
    "time": 142385
  },
  {
    "ayah": 11,
    "time": 167321
  },
  {
    "ayah": 12,
    "time": 192006
  },
  {
    "ayah": 13,
    "time": 221948
  },
  {
    "ayah": 14,
    "time": 235864
  },
  {
    "ayah": 15,
    "time": 270860
  },
  {
    "ayah": 16,
    "time": 304157
  },
  {
    "ayah": 17,
    "time": 333047
  },
  {
    "ayah": 18,
    "time": 351522
  },
  {
    "ayah": 19,
    "time": 359934
  },
  {
    "ayah": 20,
    "time": 371049
  },
  {
    "ayah": 21,
    "time": 389934
  },
  {
    "ayah": 22,
    "time": 417930
  },
  {
    "ayah": 23,
    "time": 452487
  },
  {
    "ayah": 24,
    "time": 468863
  },
  {
    "ayah": 25,
    "time": 483882
  },
  {
    "ayah": 26,
    "time": 522543
  },
  {
    "ayah": 27,
    "time": 536264
  },
  {
    "ayah": 28,
    "time": 554088
  },
  {
    "ayah": 29,
    "time": 577127
  },
  {
    "ayah": 30,
    "time": 600012
  },
  {
    "ayah": 31,
    "time": 636210
  },
  {
    "ayah": 32,
    "time": 659501
  },
  {
    "ayah": 33,
    "time": 665009
  },
  {
    "ayah": 34,
    "time": 683487
  },
  {
    "ayah": 35,
    "time": 706770
  },
  {
    "ayah": 36,
    "time": 722537
  },
  {
    "ayah": 37,
    "time": 741063
  },
  {
    "ayah": 38,
    "time": 768850
  },
  {
    "ayah": 39,
    "time": 785525
  },
  {
    "ayah": 40,
    "time": 821531
  },
  {
    "ayah": 41,
    "time": 857994
  },
  {
    "ayah": 42,
    "time": 873516
  },
  {
    "ayah": 43,
    "time": 889035
  },
  {
    "ayah": 44,
    "time": 907862
  },
  {
    "ayah": 45,
    "time": 955440
  },
  {
    "ayah": 46,
    "time": 980624
  },
  {
    "ayah": 47,
    "time": 998606
  },
  {
    "ayah": 48,
    "time": 1036318
  },
  {
    "ayah": 49,
    "time": 1052703
  },
  {
    "ayah": 50,
    "time": 1068675
  },
  {
    "ayah": 51,
    "time": 1124464
  },
  {
    "ayah": 52,
    "time": 1142985
  },
  {
    "ayah": 53,
    "time": 1162822
  },
  {
    "ayah": 54,
    "time": 1190413
  },
  {
    "ayah": 999,
    "time": 1209435
  }
]