[
  {
    "ayah": 1,
    "time": 4262
  },
  {
    "ayah": 2,
    "time": 25035
  },
  {
    "ayah": 3,
    "time": 33747
  },
  {
    "ayah": 4,
    "time": 40706
  },
  {
    "ayah": 5,
    "time": 68746
  },
  {
    "ayah": 6,
    "time": 78471
  },
  {
    "ayah": 7,
    "time": 87183
  },
  {
    "ayah": 8,
    "time": 115469
  },
  {
    "ayah": 9,
    "time": 122436
  },
  {
    "ayah": 10,
    "time": 133846
  },
  {
    "ayah": 11,
    "time": 143319
  },
  {
    "ayah": 12,
    "time": 150880
  },
  {
    "ayah": 13,
    "time": 167099
  },
  {
    "ayah": 14,
    "time": 174903
  },
  {
    "ayah": 15,
    "time": 179559
  },
  {
    "ayah": 16,
    "time": 189976
  },
  {
    "ayah": 17,
    "time": 200842
  },
  {
    "ayah": 18,
    "time": 208996
  },
  {
    "ayah": 19,
    "time": 218321
  },
  {
    "ayah": 20,
    "time": 224830
  },
  {
    "ayah": 21,
    "time": 231338
  },
  {
    "ayah": 22,
    "time": 249621
  },
  {
    "ayah": 23,
    "time": 255334
  },
  {
    "ayah": 24,
    "time": 274506
  },
  {
    "ayah": 25,
    "time": 286226
  },
  {
    "ayah": 26,
    "time": 305502
  },
  {
    "ayah": 27,
    "time": 317214
  },
  {
    "ayah": 28,
    "time": 333188
  },
  {
    "ayah": 999,
    "time": 355118
  }
]