[
  {
    "ayah": 1,
    "time": 4200
  },
  {
    "ayah": 2,
    "time": 24906
  },
  {
    "ayah": 3,
    "time": 37623
  },
  {
    "ayah": 4,
    "time": 57221
  },
  {
    "ayah": 5,
    "time": 79558
  },
  {
    "ayah": 6,
    "time": 105500
  },
  {
    "ayah": 7,
    "time": 138298
  },
  {
    "ayah": 8,
    "time": 152594
  },
  {
    "ayah": 9,
    "time": 166394
  },
  {
    "ayah": 10,
    "time": 213916
  },
  {
    "ayah": 11,
    "time": 257080
  },
  {
    "ayah": 12,
    "time": 288477
  },
  {
    "ayah": 13,
    "time": 308761
  },
  {
    "ayah": 14,
    "time": 331116
  },
  {
    "ayah": 15,
    "time": 343198
  },
  {
    "ayah": 16,
    "time": 349838
  },
  {
    "ayah": 17,
    "time": 361574
  },
  {
    "ayah": 18,
    "time": 380793
  },
  {
    "ayah": 19,
    "time": 403423
  },
  {
    "ayah": 20,
    "time": 418384
  },
  {
    "ayah": 21,
    "time": 424171
  },
  {
    "ayah": 22,
    "time": 466753
  },
  {
    "ayah": 23,
    "time": 519337
  },
  {
    "ayah": 24,
    "time": 540885
  },
  {
    "ayah": 25,
    "time": 558786
  },
  {
    "ayah": 26,
    "time": 574868
  },
  {
    "ayah": 27,
    "time": 589822
  },
  {
    "ayah": 28,
    "time": 610197
  },
  {
    "ayah": 29,
    "time": 624254
  },
  {
    "ayah": 30,
    "time": 629920
  },
  {
    "ayah": 31,
    "time": 644456
  },
  {
    "ayah": 32,
    "time": 666097
  },
  {
    "ayah": 33,
    "time": 694271
  },
  {
    "ayah": 34,
    "time": 707375
  },
  {
    "ayah": 35,
    "time": 734535
  },
  {
    "ayah": 36,
    "time": 747002
  },
  {
    "ayah": 37,
    "time": 766400
  },
  {
    "ayah": 38,
    "time": 797143
  },
  {
    "ayah": 39,
    "time": 813729
  },
  {
    "ayah": 40,
    "time": 829733
  },
  {
    "ayah": 41,
    "time": 841807
  },
  {
    "ayah": 42,
    "time": 850463
  },
  {
    "ayah": 43,
    "time": 867878
  },
  {
    "ayah": 44,
    "time": 880078
  },
  {
    "ayah": 45,
    "time": 909774
  },
  {
    "ayah": 46,
    "time": 926803
  },
  {
    "ayah": 47,
    "time": 939806
  },
  {
    "ayah": 48,
    "time": 952074
  },
  {
    "ayah": 49,
    "time": 965070
  },
  {
    "ayah": 50,
    "time": 972886
  },
  {
    "ayah": 51,
    "time": 982670
  },
  {
    "ayah": 52,
    "time": 993723
  }
]