[
  {
    "ayah": 1,
    "time": 6726
  },
  {
    "ayah": 2,
    "time": 8166
  },
  {
    "ayah": 3,
    "time": 10674
  },
  {
    "ayah": 4,
    "time": 13181
  },
  {
    "ayah": 5,
    "time": 16146
  },
  {
    "ayah": 6,
    "time": 20644
  },
  {
    "ayah": 7,
    "time": 27020
  },
  {
    "ayah": 8,
    "time": 31618
  },
  {
    "ayah": 9,
    "time": 38677
  },
  {
    "ayah": 10,
    "time": 46293
  },
  {
    "ayah": 11,
    "time": 51719
  },
  {
    "ayah": 12,
    "time": 57339
  },
  {
    "ayah": 13,
    "time": 62811
  },
  {
    "ayah": 14,
    "time": 69652
  },
  {
    "ayah": 15,
    "time": 76340
  },
  {
    "ayah": 16,
    "time": 92247
  },
  {
    "ayah": 17,
    "time": 105682
  },
  {
    "ayah": 18,
    "time": 113238
  },
  {
    "ayah": 19,
    "time": 123183
  },
  {
    "ayah": 20,
    "time": 129267
  },
  {
    "ayah": 21,
    "time": 136340
  },
  {
    "ayah": 22,
    "time": 143563
  },
  {
    "ayah": 23,
    "time": 151379
  },
  {
    "ayah": 24,
    "time": 169127
  },
  {
    "ayah": 25,
    "time": 174778
  },
  {
    "ayah": 26,
    "time": 182062
  },
  {
    "ayah": 27,
    "time": 187595
  },
  {
    "ayah": 28,
    "time": 196140
  },
  {
    "ayah": 29,
    "time": 204228
  },
  {
    "ayah": 30,
    "time": 207525
  }
]