[
  {
    "ayah": 1,
    "time": 4429
  },
  {
    "ayah": 2,
    "time": 8335
  },
  {
    "ayah": 3,
    "time": 20100
  },
  {
    "ayah": 4,
    "time": 33817
  },
  {
    "ayah": 5,
    "time": 44734
  },
  {
    "ayah": 6,
    "time": 75376
  },
  {
    "ayah": 7,
    "time": 95503
  },
  {
    "ayah": 8,
    "time": 133404
  },
  {
    "ayah": 9,
    "time": 162292
  },
  {
    "ayah": 10,
    "time": 184524
  },
  {
    "ayah": 11,
    "time": 205353
  },
  {
    "ayah": 12,
    "time": 234243
  },
  {
    "ayah": 13,
    "time": 254418
  },
  {
    "ayah": 14,
    "time": 315253
  },
  {
    "ayah": 15,
    "time": 358412
  },
  {
    "ayah": 16,
    "time": 415540
  },
  {
    "ayah": 17,
    "time": 450387
  },
  {
    "ayah": 18,
    "time": 468312
  },
  {
    "ayah": 19,
    "time": 500755
  },
  {
    "ayah": 20,
    "time": 516578
  },
  {
    "ayah": 21,
    "time": 541512
  },
  {
    "ayah": 22,
    "time": 569199
  },
  {
    "ayah": 23,
    "time": 605599
  },
  {
    "ayah": 24,
    "time": 645905
  },
  {
    "ayah": 25,
    "time": 676796
  },
  {
    "ayah": 26,
    "time": 691914
  },
  {
    "ayah": 27,
    "time": 712229
  },
  {
    "ayah": 28,
    "time": 737013
  },
  {
    "ayah": 29,
    "time": 753685
  },
  {
    "ayah": 30,
    "time": 777519
  },
  {
    "ayah": 31,
    "time": 793147
  },
  {
    "ayah": 32,
    "time": 812030
  },
  {
    "ayah": 33,
    "time": 819836
  },
  {
    "ayah": 34,
    "time": 839762
  },
  {
    "ayah": 35,
    "time": 848826
  },
  {
    "ayah": 36,
    "time": 861742
  },
  {
    "ayah": 37,
    "time": 887981
  },
  {
    "ayah": 38,
    "time": 902996
  },
  {
    "ayah": 39,
    "time": 922473
  },
  {
    "ayah": 40,
    "time": 933545
  },
  {
    "ayah": 41,
    "time": 956321
  },
  {
    "ayah": 42,
    "time": 969445
  },
  {
    "ayah": 43,
    "time": 990280
  },
  {
    "ayah": 44,
    "time": 999992
  },
  {
    "ayah": 45,
    "time": 1026226
  },
  {
    "ayah": 46,
    "time": 1070254
  },
  {
    "ayah": 47,
    "time": 1092334
  },
  {
    "ayah": 48,
    "time": 1119134
  },
  {
    "ayah": 49,
    "time": 1162334
  },
  {
    "ayah": 50,
    "time": 1187171
  },
  {
    "ayah": 51,
    "time": 1206994
  },
  {
    "ayah": 52,
    "time": 1237383
  },
  {
    "ayah": 53,
    "time": 1278441
  },
  {
    "ayah": 999,
    "time": 1295265
  }
]