[
  {
    "ayah": 1,
    "time": 3673
  },
  {
    "ayah": 2,
    "time": 7675
  },
  {
    "ayah": 3,
    "time": 11362
  },
  {
    "ayah": 4,
    "time": 14863
  },
  {
    "ayah": 5,
    "time": 18798
  },
  {
    "ayah": 6,
    "time": 22137
  },
  {
    "ayah": 7,
    "time": 25324
  },
  {
    "ayah": 8,
    "time": 28424
  },
  {
    "ayah": 9,
    "time": 31119
  },
  {
    "ayah": 10,
    "time": 35001
  },
  {
    "ayah": 11,
    "time": 38998
  },
  {
    "ayah": 12,
    "time": 42499
  },
  {
    "ayah": 13,
    "time": 46939
  },
  {
    "ayah": 14,
    "time": 50100
  },
  {
    "ayah": 15,
    "time": 54250
  },
  {
    "ayah": 16,
    "time": 59274
  },
  {
    "ayah": 17,
    "time": 62739
  },
  {
    "ayah": 18,
    "time": 66300
  },
  {
    "ayah": 19,
    "time": 71750
  },
  {
    "ayah": 20,
    "time": 74900
  },
  {
    "ayah": 21,
    "time": 77900
  },
  {
    "ayah": 22,
    "time": 81512
  },
  {
    "ayah": 23,
    "time": 85312
  },
  {
    "ayah": 24,
    "time": 114875
  },
  {
    "ayah": 25,
    "time": 119565
  },
  {
    "ayah": 26,
    "time": 124001
  },
  {
    "ayah": 27,
    "time": 143752
  },
  {
    "ayah": 28,
    "time": 155627
  },
  {
    "ayah": 29,
    "time": 170068
  },
  {
    "ayah": 30,
    "time": 179881
  },
  {
    "ayah": 31,
    "time": 194505
  },
  {
    "ayah": 32,
    "time": 216690
  },
  {
    "ayah": 33,
    "time": 257507
  },
  {
    "ayah": 34,
    "time": 260718
  },
  {
    "ayah": 35,
    "time": 264291
  },
  {
    "ayah": 36,
    "time": 268883
  },
  {
    "ayah": 37,
    "time": 273757
  },
  {
    "ayah": 38,
    "time": 277194
  },
  {
    "ayah": 39,
    "time": 282570
  },
  {
    "ayah": 40,
    "time": 288257
  },
  {
    "ayah": 41,
    "time": 292445
  },
  {
    "ayah": 42,
    "time": 298131
  },
  {
    "ayah": 43,
    "time": 302745
  },
  {
    "ayah": 44,
    "time": 307383
  },
  {
    "ayah": 45,
    "time": 311694
  },
  {
    "ayah": 46,
    "time": 317945
  },
  {
    "ayah": 47,
    "time": 321383
  },
  {
    "ayah": 48,
    "time": 325886
  },
  {
    "ayah": 49,
    "time": 330761
  },
  {
    "ayah": 50,
    "time": 334882
  },
  {
    "ayah": 51,
    "time": 339697
  },
  {
    "ayah": 52,
    "time": 342573
  },
  {
    "ayah": 53,
    "time": 350823
  },
  {
    "ayah": 54,
    "time": 353735
  },
  {
    "ayah": 55,
    "time": 356986
  },
  {
    "ayah": 56,
    "time": 365035
  },
  {
    "ayah": 57,
    "time": 371259
  },
  {
    "ayah": 58,
    "time": 373886
  },
  {
    "ayah": 59,
    "time": 378635
  },
  {
    "ayah": 60,
    "time": 382533
  },
  {
    "ayah": 61,
    "time": 386577
  },
  {
    "ayah": 62,
    "time": 390490
  },
  {
    "ayah": 999,
    "time": 396579
  }
]