[
  {
    "ayah": 1,
    "time": 4693
  },
  {
    "ayah": 2,
    "time": 7596
  },
  {
    "ayah": 3,
    "time": 11402
  },
  {
    "ayah": 4,
    "time": 15456
  },
  {
    "ayah": 5,
    "time": 18861
  },
  {
    "ayah": 6,
    "time": 23869
  },
  {
    "ayah": 7,
    "time": 29426
  },
  {
    "ayah": 8,
    "time": 36383
  },
  {
    "ayah": 9,
    "time": 41042
  },
  {
    "ayah": 10,
    "time": 48753
  },
  {
    "ayah": 11,
    "time": 53710
  },
  {
    "ayah": 12,
    "time": 61970
  },
  {
    "ayah": 13,
    "time": 67584
  },
  {
    "ayah": 14,
    "time": 75496
  },
  {
    "ayah": 15,
    "time": 84602
  },
  {
    "ayah": 16,
    "time": 95123
  },
  {
    "ayah": 17,
    "time": 103534
  },
  {
    "ayah": 18,
    "time": 109847
  },
  {
    "ayah": 19,
    "time": 117554
  },
  {
    "ayah": 20,
    "time": 122963
  },
  {
    "ayah": 21,
    "time": 128870
  },
  {
    "ayah": 22,
    "time": 137531
  },
  {
    "ayah": 23,
    "time": 143740
  },
  {
    "ayah": 24,
    "time": 151501
  },
  {
    "ayah": 25,
    "time": 160014
  },
  {
    "ayah": 26,
    "time": 167330
  },
  {
    "ayah": 27,
    "time": 171786
  },
  {
    "ayah": 28,
    "time": 178947
  },
  {
    "ayah": 29,
    "time": 186759
  },
  {
    "ayah": 30,
    "time": 198173
  },
  {
    "ayah": 31,
    "time": 205631
  },
  {
    "ayah": 32,
    "time": 210943
  },
  {
    "ayah": 33,
    "time": 218253
  },
  {
    "ayah": 34,
    "time": 242737
  },
  {
    "ayah": 35,
    "time": 250146
  },
  {
    "ayah": 36,
    "time": 262760
  },
  {
    "ayah": 37,
    "time": 270922
  },
  {
    "ayah": 38,
    "time": 281236
  },
  {
    "ayah": 39,
    "time": 288851
  },
  {
    "ayah": 40,
    "time": 303967
  },
  {
    "ayah": 41,
    "time": 312076
  },
  {
    "ayah": 42,
    "time": 323092
  },
  {
    "ayah": 43,
    "time": 330755
  },
  {
    "ayah": 44,
    "time": 339314
  },
  {
    "ayah": 45,
    "time": 345629
  },
  {
    "ayah": 46,
    "time": 353437
  },
  {
    "ayah": 47,
    "time": 360596
  },
  {
    "ayah": 48,
    "time": 369064
  },
  {
    "ayah": 49,
    "time": 374284
  },
  {
    "ayah": 50,
    "time": 382195
  },
  {
    "ayah": 51,
    "time": 387801
  },
  {
    "ayah": 52,
    "time": 395463
  },
  {
    "ayah": 53,
    "time": 403425
  },
  {
    "ayah": 54,
    "time": 411085
  },
  {
    "ayah": 55,
    "time": 426917
  },
  {
    "ayah": 56,
    "time": 435328
  },
  {
    "ayah": 57,
    "time": 451851
  },
  {
    "ayah": 58,
    "time": 460114
  },
  {
    "ayah": 59,
    "time": 467670
  },
  {
    "ayah": 60,
    "time": 475332
  },
  {
    "ayah": 61,
    "time": 482642
  },
  {
    "ayah": 62,
    "time": 490353
  },
  {
    "ayah": 63,
    "time": 497110
  },
  {
    "ayah": 64,
    "time": 504672
  },
  {
    "ayah": 65,
    "time": 511180
  },
  {
    "ayah": 66,
    "time": 518590
  },
  {
    "ayah": 67,
    "time": 524548
  },
  {
    "ayah": 68,
    "time": 532170
  },
  {
    "ayah": 69,
    "time": 540582
  },
  {
    "ayah": 70,
    "time": 547992
  },
  {
    "ayah": 71,
    "time": 553223
  },
  {
    "ayah": 72,
    "time": 560784
  },
  {
    "ayah": 73,
    "time": 567441
  },
  {
    "ayah": 74,
    "time": 575004
  },
  {
    "ayah": 75,
    "time": 586428
  },
  {
    "ayah": 76,
    "time": 593888
  },
  {
    "ayah": 77,
    "time": 603512
  },
  {
    "ayah": 78,
    "time": 611077
  },
  {
    "ayah": 999,
    "time": 617883
  }
]