[
  {
    "ayah": 1,
    "time": 3837
  },
  {
    "ayah": 2,
    "time": 11923
  },
  {
    "ayah": 3,
    "time": 23673
  },
  {
    "ayah": 4,
    "time": 39757
  },
  {
    "ayah": 5,
    "time": 50133
  },
  {
    "ayah": 6,
    "time": 66951
  },
  {
    "ayah": 7,
    "time": 75452
  },
  {
    "ayah": 8,
    "time": 83726
  },
  {
    "ayah": 9,
    "time": 97952
  },
  {
    "ayah": 10,
    "time": 117079
  },
  {
    "ayah": 11,
    "time": 126768
  },
  {
    "ayah": 12,
    "time": 133955
  },
  {
    "ayah": 13,
    "time": 144776
  },
  {
    "ayah": 14,
    "time": 153802
  },
  {
    "ayah": 15,
    "time": 161158
  },
  {
    "ayah": 16,
    "time": 175800
  },
  {
    "ayah": 17,
    "time": 186430
  },
  {
    "ayah": 18,
    "time": 198385
  },
  {
    "ayah": 19,
    "time": 205636
  },
  {
    "ayah": 20,
    "time": 225036
  },
  {
    "ayah": 21,
    "time": 239000
  },
  {
    "ayah": 22,
    "time": 249512
  },
  {
    "ayah": 23,
    "time": 261349
  },
  {
    "ayah": 24,
    "time": 273390
  },
  {
    "ayah": 25,
    "time": 281900
  },
  {
    "ayah": 26,
    "time": 288705
  },
  {
    "ayah": 27,
    "time": 297203
  },
  {
    "ayah": 28,
    "time": 312075
  },
  {
    "ayah": 29,
    "time": 328079
  },
  {
    "ayah": 30,
    "time": 341400
  },
  {
    "ayah": 999,
    "time": 357600
  }
]