[
  {
    "ayah": 1,
    "time": 3920
  },
  {
    "ayah": 2,
    "time": 9178
  },
  {
    "ayah": 3,
    "time": 12484
  },
  {
    "ayah": 4,
    "time": 15735
  },
  {
    "ayah": 5,
    "time": 19443
  },
  {
    "ayah": 6,
    "time": 22648
  },
  {
    "ayah": 7,
    "time": 27609
  },
  {
    "ayah": 8,
    "time": 30916
  },
  {
    "ayah": 9,
    "time": 36114
  },
  {
    "ayah": 10,
    "time": 42124
  },
  {
    "ayah": 11,
    "time": 46927
  },
  {
    "ayah": 12,
    "time": 51887
  },
  {
    "ayah": 13,
    "time": 57795
  },
  {
    "ayah": 14,
    "time": 61000
  },
  {
    "ayah": 15,
    "time": 66010
  },
  {
    "ayah": 16,
    "time": 71013
  },
  {
    "ayah": 17,
    "time": 79574
  },
  {
    "ayah": 18,
    "time": 83581
  },
  {
    "ayah": 19,
    "time": 88637
  },
  {
    "ayah": 20,
    "time": 92142
  },
  {
    "ayah": 21,
    "time": 96996
  },
  {
    "ayah": 22,
    "time": 100400
  },
  {
    "ayah": 23,
    "time": 104459
  },
  {
    "ayah": 24,
    "time": 109214
  },
  {
    "ayah": 25,
    "time": 117323
  },
  {
    "ayah": 26,
    "time": 123738
  },
  {
    "ayah": 27,
    "time": 126587
  },
  {
    "ayah": 28,
    "time": 131696
  },
  {
    "ayah": 29,
    "time": 135655
  },
  {
    "ayah": 30,
    "time": 139554
  },
  {
    "ayah": 31,
    "time": 143612
  },
  {
    "ayah": 32,
    "time": 249254
  },
  {
    "ayah": 33,
    "time": 252610
  },
  {
    "ayah": 34,
    "time": 256517
  },
  {
    "ayah": 35,
    "time": 261477
  },
  {
    "ayah": 36,
    "time": 266579
  },
  {
    "ayah": 37,
    "time": 270291
  },
  {
    "ayah": 38,
    "time": 280348
  },
  {
    "ayah": 39,
    "time": 287056
  },
  {
    "ayah": 40,
    "time": 292971
  },
  {
    "ayah": 41,
    "time": 300625
  },
  {
    "ayah": 42,
    "time": 303683
  },
  {
    "ayah": 43,
    "time": 307947
  },
  {
    "ayah": 44,
    "time": 313502
  },
  {
    "ayah": 45,
    "time": 318260
  },
  {
    "ayah": 46,
    "time": 325721
  },
  {
    "ayah": 47,
    "time": 331728
  },
  {
    "ayah": 48,
    "time": 337238
  },
  {
    "ayah": 49,
    "time": 344097
  },
  {
    "ayah": 50,
    "time": 350103
  },
  {
    "ayah": 51,
    "time": 357062
  },
  {
    "ayah": 52,
    "time": 361469
  },
  {
    "ayah": 53,
    "time": 372433
  },
  {
    "ayah": 54,
    "time": 379747
  },
  {
    "ayah": 55,
    "time": 385902
  },
  {
    "ayah": 56,
    "time": 390867
  },
  {
    "ayah": 999,
    "time": 406353
  }
]