[
  {
    "ayah": 1,
    "time": 4383
  },
  {
    "ayah": 2,
    "time": 25082
  },
  {
    "ayah": 3,
    "time": 58669
  },
  {
    "ayah": 4,
    "time": 83052
  },
  {
    "ayah": 5,
    "time": 95272
  },
  {
    "ayah": 6,
    "time": 109140
  },
  {
    "ayah": 7,
    "time": 140514
  },
  {
    "ayah": 8,
    "time": 186487
  },
  {
    "ayah": 9,
    "time": 195146
  },
  {
    "ayah": 10,
    "time": 238166
  },
  {
    "ayah": 11,
    "time": 253199
  },
  {
    "ayah": 12,
    "time": 314782
  },
  {
    "ayah": 13,
    "time": 355789
  },
  {
    "ayah": 14,
    "time": 387857
  },
  {
    "ayah": 15,
    "time": 423557
  },
  {
    "ayah": 16,
    "time": 449692
  },
  {
    "ayah": 17,
    "time": 467318
  },
  {
    "ayah": 18,
    "time": 491000
  },
  {
    "ayah": 999,
    "time": 504516
  }
]