[
  {
    "ayah": 1,
    "time": 4165
  },
  {
    "ayah": 2,
    "time": 26245
  },
  {
    "ayah": 3,
    "time": 57824
  },
  {
    "ayah": 4,
    "time": 85363
  },
  {
    "ayah": 5,
    "time": 124716
  },
  {
    "ayah": 6,
    "time": 158731
  },
  {
    "ayah": 7,
    "time": 184002
  },
  {
    "ayah": 8,
    "time": 201834
  },
  {
    "ayah": 9,
    "time": 218321
  },
  {
    "ayah": 10,
    "time": 225733
  },
  {
    "ayah": 11,
    "time": 243677
  },
  {
    "ayah": 12,
    "time": 280125
  },
  {
    "ayah": 13,
    "time": 290992
  },
  {
    "ayah": 14,
    "time": 314265
  },
  {
    "ayah": 15,
    "time": 350382
  },
  {
    "ayah": 16,
    "time": 365892
  },
  {
    "ayah": 17,
    "time": 421953
  },
  {
    "ayah": 18,
    "time": 474512
  },
  {
    "ayah": 19,
    "time": 506309
  },
  {
    "ayah": 20,
    "time": 524020
  },
  {
    "ayah": 21,
    "time": 532519
  },
  {
    "ayah": 22,
    "time": 546869
  },
  {
    "ayah": 23,
    "time": 573440
  },
  {
    "ayah": 24,
    "time": 595916
  },
  {
    "ayah": 25,
    "time": 603997
  },
  {
    "ayah": 26,
    "time": 628385
  },
  {
    "ayah": 27,
    "time": 647586
  },
  {
    "ayah": 28,
    "time": 666640
  },
  {
    "ayah": 29,
    "time": 681222
  },
  {
    "ayah": 30,
    "time": 691957
  },
  {
    "ayah": 31,
    "time": 720510
  },
  {
    "ayah": 32,
    "time": 772112
  },
  {
    "ayah": 33,
    "time": 786880
  },
  {
    "ayah": 34,
    "time": 826625
  },
  {
    "ayah": 35,
    "time": 841607
  },
  {
    "ayah": 36,
    "time": 868557
  },
  {
    "ayah": 37,
    "time": 892949
  },
  {
    "ayah": 38,
    "time": 914597
  },
  {
    "ayah": 39,
    "time": 936602
  },
  {
    "ayah": 40,
    "time": 947869
  },
  {
    "ayah": 41,
    "time": 964645
  },
  {
    "ayah": 42,
    "time": 980959
  },
  {
    "ayah": 43,
    "time": 998706
  }
]