[
  {
    "ayah": 1,
    "time": 3732
  },
  {
    "ayah": 2,
    "time": 13173
  },
  {
    "ayah": 3,
    "time": 18196
  },
  {
    "ayah": 4,
    "time": 23538
  },
  {
    "ayah": 5,
    "time": 38224
  },
  {
    "ayah": 6,
    "time": 50226
  },
  {
    "ayah": 7,
    "time": 57545
  },
  {
    "ayah": 8,
    "time": 67632
  },
  {
    "ayah": 9,
    "time": 80257
  },
  {
    "ayah": 10,
    "time": 90755
  },
  {
    "ayah": 11,
    "time": 102632
  },
  {
    "ayah": 12,
    "time": 112759
  },
  {
    "ayah": 13,
    "time": 121318
  },
  {
    "ayah": 14,
    "time": 128100
  },
  {
    "ayah": 15,
    "time": 135572
  },
  {
    "ayah": 16,
    "time": 145381
  },
  {
    "ayah": 17,
    "time": 153509
  },
  {
    "ayah": 18,
    "time": 164507
  },
  {
    "ayah": 19,
    "time": 172008
  },
  {
    "ayah": 20,
    "time": 179383
  },
  {
    "ayah": 21,
    "time": 188196
  },
  {
    "ayah": 22,
    "time": 202257
  },
  {
    "ayah": 23,
    "time": 207574
  },
  {
    "ayah": 24,
    "time": 221009
  },
  {
    "ayah": 25,
    "time": 229574
  },
  {
    "ayah": 26,
    "time": 237511
  },
  {
    "ayah": 27,
    "time": 260075
  },
  {
    "ayah": 28,
    "time": 268511
  },
  {
    "ayah": 29,
    "time": 277464
  },
  {
    "ayah": 30,
    "time": 287074
  },
  {
    "ayah": 31,
    "time": 295827
  },
  {
    "ayah": 32,
    "time": 306702
  },
  {
    "ayah": 33,
    "time": 314326
  },
  {
    "ayah": 34,
    "time": 322665
  },
  {
    "ayah": 35,
    "time": 332889
  },
  {
    "ayah": 36,
    "time": 346577
  },
  {
    "ayah": 37,
    "time": 353638
  },
  {
    "ayah": 38,
    "time": 362142
  },
  {
    "ayah": 39,
    "time": 370828
  },
  {
    "ayah": 40,
    "time": 381703
  },
  {
    "ayah": 41,
    "time": 389954
  },
  {
    "ayah": 42,
    "time": 396828
  },
  {
    "ayah": 43,
    "time": 406641
  },
  {
    "ayah": 44,
    "time": 417579
  },
  {
    "ayah": 45,
    "time": 426392
  },
  {
    "ayah": 46,
    "time": 437083
  },
  {
    "ayah": 47,
    "time": 449519
  },
  {
    "ayah": 48,
    "time": 457831
  },
  {
    "ayah": 49,
    "time": 471267
  },
  {
    "ayah": 50,
    "time": 483456
  },
  {
    "ayah": 51,
    "time": 491958
  },
  {
    "ayah": 52,
    "time": 501145
  },
  {
    "ayah": 53,
    "time": 508706
  },
  {
    "ayah": 54,
    "time": 517646
  },
  {
    "ayah": 55,
    "time": 527819
  },
  {
    "ayah": 56,
    "time": 536835
  },
  {
    "ayah": 57,
    "time": 543666
  },
  {
    "ayah": 58,
    "time": 547500
  },
  {
    "ayah": 59,
    "time": 582910
  },
  {
    "ayah": 60,
    "time": 593475
  },
  {
    "ayah": 61,
    "time": 605974
  },
  {
    "ayah": 62,
    "time": 618723
  },
  {
    "ayah": 63,
    "time": 629786
  },
  {
    "ayah": 64,
    "time": 638163
  },
  {
    "ayah": 65,
    "time": 650537
  },
  {
    "ayah": 66,
    "time": 664412
  },
  {
    "ayah": 67,
    "time": 671039
  },
  {
    "ayah": 68,
    "time": 678851
  },
  {
    "ayah": 69,
    "time": 689100
  },
  {
    "ayah": 70,
    "time": 698416
  },
  {
    "ayah": 71,
    "time": 705290
  },
  {
    "ayah": 72,
    "time": 715788
  },
  {
    "ayah": 73,
    "time": 724665
  },
  {
    "ayah": 74,
    "time": 741729
  },
  {
    "ayah": 75,
    "time": 749231
  },
  {
    "ayah": 76,
    "time": 773154
  },
  {
    "ayah": 77,
    "time": 787731
  },
  {
    "ayah": 78,
    "time": 796218
  },
  {
    "ayah": 79,
    "time": 802231
  },
  {
    "ayah": 80,
    "time": 808915
  },
  {
    "ayah": 81,
    "time": 813608
  },
  {
    "ayah": 82,
    "time": 820919
  },
  {
    "ayah": 83,
    "time": 829731
  },
  {
    "ayah": 84,
    "time": 838044
  },
  {
    "ayah": 85,
    "time": 843669
  },
  {
    "ayah": 86,
    "time": 849232
  },
  {
    "ayah": 87,
    "time": 855421
  },
  {
    "ayah": 88,
    "time": 862858
  },
  {
    "ayah": 89,
    "time": 866483
  },
  {
    "ayah": 90,
    "time": 869294
  },
  {
    "ayah": 91,
    "time": 878357
  },
  {
    "ayah": 92,
    "time": 882044
  },
  {
    "ayah": 93,
    "time": 887983
  },
  {
    "ayah": 94,
    "time": 897297
  },
  {
    "ayah": 95,
    "time": 902320
  },
  {
    "ayah": 96,
    "time": 907921
  },
  {
    "ayah": 97,
    "time": 916484
  },
  {
    "ayah": 98,
    "time": 927236
  },
  {
    "ayah": 999,
    "time": 939670
  }
]