[
  {
    "ayah": 1,
    "time": 6401
  },
  {
    "ayah": 2,
    "time": 38505
  },
  {
    "ayah": 3,
    "time": 69427
  },
  {
    "ayah": 4,
    "time": 81834
  },
  {
    "ayah": 5,
    "time": 99527
  },
  {
    "ayah": 6,
    "time": 115581
  },
  {
    "ayah": 7,
    "time": 130249
  },
  {
    "ayah": 8,
    "time": 158645
  },
  {
    "ayah": 9,
    "time": 167362
  },
  {
    "ayah": 10,
    "time": 184452
  },
  {
    "ayah": 11,
    "time": 208415
  },
  {
    "ayah": 12,
    "time": 243491
  },
  {
    "ayah": 13,
    "time": 269862
  },
  {
    "ayah": 14,
    "time": 290242
  },
  {
    "ayah": 15,
    "time": 302084
  },
  {
    "ayah": 16,
    "time": 319374
  },
  {
    "ayah": 17,
    "time": 350985
  },
  {
    "ayah": 18,
    "time": 378292
  },
  {
    "ayah": 19,
    "time": 386651
  },
  {
    "ayah": 20,
    "time": 418462
  },
  {
    "ayah": 21,
    "time": 435752
  },
  {
    "ayah": 22,
    "time": 445598
  },
  {
    "ayah": 23,
    "time": 461526
  },
  {
    "ayah": 24,
    "time": 475923
  },
  {
    "ayah": 25,
    "time": 505319
  },
  {
    "ayah": 26,
    "time": 527085
  },
  {
    "ayah": 27,
    "time": 560986
  },
  {
    "ayah": 28,
    "time": 579391
  },
  {
    "ayah": 29,
    "time": 599624
  },
  {
    "ayah": 30,
    "time": 624763
  },
  {
    "ayah": 31,
    "time": 646543
  },
  {
    "ayah": 32,
    "time": 671746
  },
  {
    "ayah": 33,
    "time": 697488
  },
  {
    "ayah": 34,
    "time": 714160
  },
  {
    "ayah": 35,
    "time": 745042
  },
  {
    "ayah": 36,
    "time": 765004
  },
  {
    "ayah": 37,
    "time": 802706
  },
  {
    "ayah": 38,
    "time": 828727
  },
  {
    "ayah": 39,
    "time": 847939
  },
  {
    "ayah": 40,
    "time": 871266
  },
  {
    "ayah": 41,
    "time": 888449
  },
  {
    "ayah": 42,
    "time": 950153
  },
  {
    "ayah": 43,
    "time": 996282
  },
  {
    "ayah": 44,
    "time": 1022056
  },
  {
    "ayah": 45,
    "time": 1053775
  },
  {
    "ayah": 46,
    "time": 1072383
  },
  {
    "ayah": 47,
    "time": 1089487
  },
  {
    "ayah": 48,
    "time": 1113311
  },
  {
    "ayah": 49,
    "time": 1165323
  },
  {
    "ayah": 50,
    "time": 1188761
  },
  {
    "ayah": 51,
    "time": 1207351
  },
  {
    "ayah": 52,
    "time": 1219365
  },
  {
    "ayah": 53,
    "time": 1241006
  },
  {
    "ayah": 54,
    "time": 1265494
  },
  {
    "ayah": 55,
    "time": 1292144
  },
  {
    "ayah": 56,
    "time": 1306640
  },
  {
    "ayah": 57,
    "time": 1321872
  },
  {
    "ayah": 58,
    "time": 1335511
  },
  {
    "ayah": 59,
    "time": 1358228
  },
  {
    "ayah": 60,
    "time": 1370216
  },
  {
    "ayah": 61,
    "time": 1411812
  },
  {
    "ayah": 62,
    "time": 1427895
  },
  {
    "ayah": 63,
    "time": 1447199
  },
  {
    "ayah": 64,
    "time": 1473724
  },
  {
    "ayah": 65,
    "time": 1486302
  },
  {
    "ayah": 66,
    "time": 1528105
  },
  {
    "ayah": 67,
    "time": 1568282
  },
  {
    "ayah": 68,
    "time": 1591177
  },
  {
    "ayah": 69,
    "time": 1604041
  },
  {
    "ayah": 70,
    "time": 1622053
  },
  {
    "ayah": 71,
    "time": 1659290
  },
  {
    "ayah": 72,
    "time": 1675559
  },
  {
    "ayah": 73,
    "time": 1742200
  },
  {
    "ayah": 74,
    "time": 1760822
  },
  {
    "ayah": 75,
    "time": 1791101
  }
]