[
  {
    "ayah": 1,
    "time": 4728
  },
  {
    "ayah": 2,
    "time": 31368
  },
  {
    "ayah": 3,
    "time": 49190
  },
  {
    "ayah": 4,
    "time": 61506
  },
  {
    "ayah": 5,
    "time": 81585
  },
  {
    "ayah": 6,
    "time": 107469
  },
  {
    "ayah": 7,
    "time": 125092
  },
  {
    "ayah": 8,
    "time": 159841
  },
  {
    "ayah": 9,
    "time": 178217
  },
  {
    "ayah": 10,
    "time": 199343
  },
  {
    "ayah": 11,
    "time": 212463
  },
  {
    "ayah": 12,
    "time": 226282
  },
  {
    "ayah": 13,
    "time": 270141
  },
  {
    "ayah": 14,
    "time": 290219
  },
  {
    "ayah": 15,
    "time": 299081
  },
  {
    "ayah": 16,
    "time": 328469
  },
  {
    "ayah": 17,
    "time": 349701
  },
  {
    "ayah": 18,
    "time": 367422
  },
  {
    "ayah": 19,
    "time": 391807
  },
  {
    "ayah": 20,
    "time": 408730
  },
  {
    "ayah": 21,
    "time": 430961
  },
  {
    "ayah": 22,
    "time": 447934
  },
  {
    "ayah": 23,
    "time": 459157
  },
  {
    "ayah": 24,
    "time": 506775
  },
  {
    "ayah": 25,
    "time": 520690
  },
  {
    "ayah": 26,
    "time": 539019
  },
  {
    "ayah": 27,
    "time": 551084
  },
  {
    "ayah": 28,
    "time": 565988
  },
  {
    "ayah": 29,
    "time": 585438
  },
  {
    "ayah": 30,
    "time": 601312
  },
  {
    "ayah": 31,
    "time": 618785
  },
  {
    "ayah": 32,
    "time": 638410
  },
  {
    "ayah": 33,
    "time": 650978
  },
  {
    "ayah": 34,
    "time": 688681
  },
  {
    "ayah": 35,
    "time": 708605
  },
  {
    "ayah": 36,
    "time": 724430
  },
  {
    "ayah": 37,
    "time": 740852
  },
  {
    "ayah": 38,
    "time": 754571
  },
  {
    "ayah": 39,
    "time": 763483
  },
  {
    "ayah": 40,
    "time": 787116
  },
  {
    "ayah": 41,
    "time": 806140
  },
  {
    "ayah": 42,
    "time": 818308
  },
  {
    "ayah": 43,
    "time": 832627
  },
  {
    "ayah": 44,
    "time": 842840
  },
  {
    "ayah": 45,
    "time": 871580
  },
  {
    "ayah": 46,
    "time": 887050
  },
  {
    "ayah": 47,
    "time": 913031
  },
  {
    "ayah": 48,
    "time": 943372
  },
  {
    "ayah": 49,
    "time": 955940
  },
  {
    "ayah": 50,
    "time": 972760
  },
  {
    "ayah": 51,
    "time": 978427
  },
  {
    "ayah": 52,
    "time": 1010063
  },
  {
    "ayah": 53,
    "time": 1023581
  },
  {
    "ayah": 54,
    "time": 1047962
  },
  {
    "ayah": 55,
    "time": 1066389
  },
  {
    "ayah": 56,
    "time": 1087065
  },
  {
    "ayah": 57,
    "time": 1102039
  },
  {
    "ayah": 58,
    "time": 1126772
  },
  {
    "ayah": 59,
    "time": 1149200
  },
  {
    "ayah": 60,
    "time": 1180393
  },
  {
    "ayah": 61,
    "time": 1213694
  },
  {
    "ayah": 62,
    "time": 1232417
  },
  {
    "ayah": 63,
    "time": 1252198
  },
  {
    "ayah": 64,
    "time": 1268814
  },
  {
    "ayah": 65,
    "time": 1293599
  },
  {
    "ayah": 66,
    "time": 1306368
  },
  {
    "ayah": 67,
    "time": 1323750
  },
  {
    "ayah": 68,
    "time": 1348834
  },
  {
    "ayah": 69,
    "time": 1365956
  },
  {
    "ayah": 70,
    "time": 1404010
  },
  {
    "ayah": 71,
    "time": 1427992
  },
  {
    "ayah": 72,
    "time": 1450772
  },
  {
    "ayah": 73,
    "time": 1464242
  },
  {
    "ayah": 74,
    "time": 1483668
  },
  {
    "ayah": 75,
    "time": 1496386
  },
  {
    "ayah": 76,
    "time": 1509654
  },
  {
    "ayah": 77,
    "time": 1527176
  },
  {
    "ayah": 78,
    "time": 1541708
  },
  {
    "ayah": 79,
    "time": 1559032
  },
  {
    "ayah": 80,
    "time": 1574249
  },
  {
    "ayah": 81,
    "time": 1592625
  },
  {
    "ayah": 82,
    "time": 1605996
  },
  {
    "ayah": 83,
    "time": 1623270
  },
  {
    "ayah": 84,
    "time": 1639242
  },
  {
    "ayah": 85,
    "time": 1652758
  },
  {
    "ayah": 86,
    "time": 1668831
  },
  {
    "ayah": 87,
    "time": 1686805
  },
  {
    "ayah": 88,
    "time": 1698623
  },
  {
    "ayah": 89,
    "time": 1721704
  },
  {
    "ayah": 90,
    "time": 1740426
  },
  {
    "ayah": 91,
    "time": 1752746
  },
  {
    "ayah": 92,
    "time": 1769519
  },
  {
    "ayah": 93,
    "time": 1785940
  },
  {
    "ayah": 94,
    "time": 1815280
  },
  {
    "ayah": 95,
    "time": 1837361
  },
  {
    "ayah": 96,
    "time": 1856808
  },
  {
    "ayah": 97,
    "time": 1873580
  },
  {
    "ayah": 98,
    "time": 1910230
  },
  {
    "ayah": 99,
    "time": 1946928
  },
  {
    "ayah": 100,
    "time": 1976872
  },
  {
    "ayah": 101,
    "time": 1999452
  },
  {
    "ayah": 102,
    "time": 2037003
  },
  {
    "ayah": 103,
    "time": 2062638
  },
  {
    "ayah": 104,
    "time": 2076155
  },
  {
    "ayah": 105,
    "time": 2095182
  },
  {
    "ayah": 106,
    "time": 2111855
  },
  {
    "ayah": 107,
    "time": 2126974
  },
  {
    "ayah": 108,
    "time": 2151057
  },
  {
    "ayah": 109,
    "time": 2163475
  },
  {
    "ayah": 110,
    "time": 2172387
  },
  {
    "ayah": 111,
    "time": 2196570
  },
  {
    "ayah": 999,
    "time": 2225059
  }
]