[
  {
    "ayah": 1,
    "time": 3795
  },
  {
    "ayah": 2,
    "time": 10856
  },
  {
    "ayah": 3,
    "time": 19281
  },
  {
    "ayah": 4,
    "time": 30295
  },
  {
    "ayah": 5,
    "time": 39857
  },
  {
    "ayah": 6,
    "time": 50233
  },
  {
    "ayah": 7,
    "time": 59671
  },
  {
    "ayah": 8,
    "time": 74983
  },
  {
    "ayah": 9,
    "time": 93483
  },
  {
    "ayah": 10,
    "time": 100608
  },
  {
    "ayah": 11,
    "time": 126786
  },
  {
    "ayah": 12,
    "time": 134611
  },
  {
    "ayah": 13,
    "time": 150235
  },
  {
    "ayah": 14,
    "time": 163673
  },
  {
    "ayah": 15,
    "time": 177673
  },
  {
    "ayah": 16,
    "time": 187924
  },
  {
    "ayah": 17,
    "time": 198237
  },
  {
    "ayah": 18,
    "time": 220175
  },
  {
    "ayah": 19,
    "time": 229676
  },
  {
    "ayah": 20,
    "time": 238175
  },
  {
    "ayah": 21,
    "time": 251925
  },
  {
    "ayah": 22,
    "time": 261115
  },
  {
    "ayah": 23,
    "time": 273177
  },
  {
    "ayah": 24,
    "time": 287052
  },
  {
    "ayah": 25,
    "time": 308552
  },
  {
    "ayah": 26,
    "time": 332992
  },
  {
    "ayah": 27,
    "time": 342178
  },
  {
    "ayah": 28,
    "time": 359493
  },
  {
    "ayah": 29,
    "time": 370244
  },
  {
    "ayah": 30,
    "time": 389494
  },
  {
    "ayah": 31,
    "time": 396620
  },
  {
    "ayah": 32,
    "time": 410495
  },
  {
    "ayah": 33,
    "time": 424120
  },
  {
    "ayah": 34,
    "time": 444746
  },
  {
    "ayah": 35,
    "time": 454808
  },
  {
    "ayah": 36,
    "time": 462621
  },
  {
    "ayah": 37,
    "time": 473935
  },
  {
    "ayah": 38,
    "time": 480934
  },
  {
    "ayah": 39,
    "time": 495313
  },
  {
    "ayah": 40,
    "time": 508501
  },
  {
    "ayah": 41,
    "time": 536377
  },
  {
    "ayah": 42,
    "time": 554128
  },
  {
    "ayah": 43,
    "time": 562752
  },
  {
    "ayah": 44,
    "time": 570691
  },
  {
    "ayah": 45,
    "time": 579567
  },
  {
    "ayah": 46,
    "time": 601817
  },
  {
    "ayah": 47,
    "time": 624253
  },
  {
    "ayah": 48,
    "time": 642941
  },
  {
    "ayah": 49,
    "time": 653755
  },
  {
    "ayah": 50,
    "time": 665570
  },
  {
    "ayah": 51,
    "time": 680569
  },
  {
    "ayah": 52,
    "time": 695945
  },
  {
    "ayah": 53,
    "time": 712631
  },
  {
    "ayah": 54,
    "time": 727945
  },
  {
    "ayah": 55,
    "time": 736820
  },
  {
    "ayah": 56,
    "time": 747134
  },
  {
    "ayah": 57,
    "time": 755634
  },
  {
    "ayah": 58,
    "time": 764573
  },
  {
    "ayah": 59,
    "time": 780035
  },
  {
    "ayah": 60,
    "time": 784862
  },
  {
    "ayah": 61,
    "time": 797299
  },
  {
    "ayah": 62,
    "time": 808686
  },
  {
    "ayah": 63,
    "time": 819674
  },
  {
    "ayah": 64,
    "time": 837924
  },
  {
    "ayah": 65,
    "time": 850124
  },
  {
    "ayah": 66,
    "time": 860677
  },
  {
    "ayah": 67,
    "time": 866639
  },
  {
    "ayah": 68,
    "time": 879490
  },
  {
    "ayah": 69,
    "time": 892441
  },
  {
    "ayah": 999,
    "time": 902676
  }
]