[
  {
    "ayah": 1,
    "time": 3668
  },
  {
    "ayah": 2,
    "time": 9626
  },
  {
    "ayah": 3,
    "time": 13032
  },
  {
    "ayah": 4,
    "time": 16435
  },
  {
    "ayah": 5,
    "time": 20995
  },
  {
    "ayah": 6,
    "time": 28703
  },
  {
    "ayah": 7,
    "time": 37963
  },
  {
    "ayah": 8,
    "time": 45175
  },
  {
    "ayah": 9,
    "time": 55288
  },
  {
    "ayah": 10,
    "time": 61448
  },
  {
    "ayah": 11,
    "time": 69010
  },
  {
    "ayah": 12,
    "time": 84176
  },
  {
    "ayah": 13,
    "time": 87838
  },
  {
    "ayah": 14,
    "time": 92037
  },
  {
    "ayah": 15,
    "time": 97744
  },
  {
    "ayah": 16,
    "time": 105459
  },
  {
    "ayah": 17,
    "time": 116271
  },
  {
    "ayah": 18,
    "time": 121177
  },
  {
    "ayah": 19,
    "time": 126134
  },
  {
    "ayah": 20,
    "time": 135746
  },
  {
    "ayah": 21,
    "time": 140914
  },
  {
    "ayah": 22,
    "time": 149227
  },
  {
    "ayah": 23,
    "time": 156637
  },
  {
    "ayah": 24,
    "time": 163947
  },
  {
    "ayah": 25,
    "time": 170053
  },
  {
    "ayah": 26,
    "time": 173611
  },
  {
    "ayah": 27,
    "time": 177968
  },
  {
    "ayah": 28,
    "time": 185527
  },
  {
    "ayah": 29,
    "time": 194088
  },
  {
    "ayah": 30,
    "time": 198794
  },
  {
    "ayah": 31,
    "time": 211013
  },
  {
    "ayah": 32,
    "time": 219923
  },
  {
    "ayah": 33,
    "time": 226337
  },
  {
    "ayah": 34,
    "time": 233290
  },
  {
    "ayah": 35,
    "time": 238951
  },
  {
    "ayah": 36,
    "time": 249914
  },
  {
    "ayah": 37,
    "time": 259927
  },
  {
    "ayah": 38,
    "time": 265985
  },
  {
    "ayah": 39,
    "time": 272795
  },
  {
    "ayah": 40,
    "time": 279003
  },
  {
    "ayah": 41,
    "time": 283711
  },
  {
    "ayah": 42,
    "time": 289618
  },
  {
    "ayah": 43,
    "time": 294125
  },
  {
    "ayah": 44,
    "time": 298984
  },
  {
    "ayah": 45,
    "time": 303536
  },
  {
    "ayah": 46,
    "time": 310197
  },
  {
    "ayah": 47,
    "time": 315203
  },
  {
    "ayah": 48,
    "time": 322163
  },
  {
    "ayah": 49,
    "time": 327519
  },
  {
    "ayah": 50,
    "time": 333277
  },
  {
    "ayah": 51,
    "time": 340687
  },
  {
    "ayah": 52,
    "time": 348198
  },
  {
    "ayah": 53,
    "time": 354406
  },
  {
    "ayah": 54,
    "time": 364070
  },
  {
    "ayah": 55,
    "time": 369477
  },
  {
    "ayah": 56,
    "time": 375283
  },
  {
    "ayah": 57,
    "time": 380696
  },
  {
    "ayah": 58,
    "time": 387253
  },
  {
    "ayah": 59,
    "time": 390855
  },
  {
    "ayah": 60,
    "time": 396964
  },
  {
    "ayah": 61,
    "time": 402419
  },
  {
    "ayah": 62,
    "time": 407277
  },
  {
    "ayah": 63,
    "time": 414637
  },
  {
    "ayah": 64,
    "time": 420348
  },
  {
    "ayah": 65,
    "time": 427858
  },
  {
    "ayah": 66,
    "time": 433516
  },
  {
    "ayah": 67,
    "time": 440875
  },
  {
    "ayah": 68,
    "time": 448285
  },
  {
    "ayah": 69,
    "time": 454746
  },
  {
    "ayah": 70,
    "time": 464207
  },
  {
    "ayah": 71,
    "time": 470214
  },
  {
    "ayah": 72,
    "time": 475322
  },
  {
    "ayah": 73,
    "time": 482130
  },
  {
    "ayah": 74,
    "time": 488843
  },
  {
    "ayah": 75,
    "time": 493496
  },
  {
    "ayah": 76,
    "time": 500455
  },
  {
    "ayah": 77,
    "time": 506775
  },
  {
    "ayah": 78,
    "time": 513036
  },
  {
    "ayah": 79,
    "time": 517694
  },
  {
    "ayah": 80,
    "time": 523450
  },
  {
    "ayah": 81,
    "time": 529259
  },
  {
    "ayah": 82,
    "time": 535128
  },
  {
    "ayah": 83,
    "time": 540233
  },
  {
    "ayah": 84,
    "time": 546191
  },
  {
    "ayah": 85,
    "time": 552399
  },
  {
    "ayah": 86,
    "time": 558458
  },
  {
    "ayah": 87,
    "time": 565218
  },
  {
    "ayah": 88,
    "time": 571928
  },
  {
    "ayah": 89,
    "time": 577285
  },
  {
    "ayah": 90,
    "time": 581387
  },
  {
    "ayah": 91,
    "time": 585545
  },
  {
    "ayah": 92,
    "time": 593756
  },
  {
    "ayah": 93,
    "time": 598313
  },
  {
    "ayah": 94,
    "time": 603667
  },
  {
    "ayah": 95,
    "time": 608476
  },
  {
    "ayah": 96,
    "time": 613380
  },
  {
    "ayah": 97,
    "time": 618240
  },
  {
    "ayah": 98,
    "time": 625349
  },
  {
    "ayah": 99,
    "time": 632710
  },
  {
    "ayah": 100,
    "time": 639219
  },
  {
    "ayah": 101,
    "time": 643174
  },
  {
    "ayah": 102,
    "time": 647583
  },
  {
    "ayah": 103,
    "time": 676367
  },
  {
    "ayah": 104,
    "time": 683028
  },
  {
    "ayah": 105,
    "time": 689387
  },
  {
    "ayah": 106,
    "time": 698397
  },
  {
    "ayah": 107,
    "time": 705807
  },
  {
    "ayah": 108,
    "time": 710515
  },
  {
    "ayah": 109,
    "time": 715077
  },
  {
    "ayah": 110,
    "time": 720179
  },
  {
    "ayah": 111,
    "time": 724285
  },
  {
    "ayah": 112,
    "time": 729540
  },
  {
    "ayah": 113,
    "time": 736502
  },
  {
    "ayah": 114,
    "time": 750119
  },
  {
    "ayah": 115,
    "time": 756728
  },
  {
    "ayah": 116,
    "time": 763338
  },
  {
    "ayah": 117,
    "time": 768795
  },
  {
    "ayah": 118,
    "time": 774053
  },
  {
    "ayah": 119,
    "time": 779008
  },
  {
    "ayah": 120,
    "time": 784015
  },
  {
    "ayah": 121,
    "time": 788670
  },
  {
    "ayah": 122,
    "time": 793785
  },
  {
    "ayah": 123,
    "time": 798986
  },
  {
    "ayah": 124,
    "time": 804245
  },
  {
    "ayah": 125,
    "time": 810458
  },
  {
    "ayah": 126,
    "time": 817160
  },
  {
    "ayah": 127,
    "time": 824721
  },
  {
    "ayah": 128,
    "time": 830680
  },
  {
    "ayah": 129,
    "time": 835785
  },
  {
    "ayah": 130,
    "time": 840243
  },
  {
    "ayah": 131,
    "time": 845599
  },
  {
    "ayah": 132,
    "time": 851307
  },
  {
    "ayah": 133,
    "time": 856967
  },
  {
    "ayah": 134,
    "time": 862524
  },
  {
    "ayah": 135,
    "time": 868431
  },
  {
    "ayah": 136,
    "time": 873386
  },
  {
    "ayah": 137,
    "time": 878694
  },
  {
    "ayah": 138,
    "time": 885551
  },
  {
    "ayah": 139,
    "time": 890758
  },
  {
    "ayah": 140,
    "time": 895563
  },
  {
    "ayah": 141,
    "time": 899970
  },
  {
    "ayah": 142,
    "time": 904176
  },
  {
    "ayah": 143,
    "time": 908329
  },
  {
    "ayah": 144,
    "time": 916039
  },
  {
    "ayah": 145,
    "time": 922651
  },
  {
    "ayah": 146,
    "time": 928758
  },
  {
    "ayah": 147,
    "time": 936317
  },
  {
    "ayah": 148,
    "time": 942777
  },
  {
    "ayah": 149,
    "time": 948387
  },
  {
    "ayah": 150,
    "time": 954592
  },
  {
    "ayah": 151,
    "time": 962906
  },
  {
    "ayah": 152,
    "time": 970813
  },
  {
    "ayah": 153,
    "time": 978625
  },
  {
    "ayah": 154,
    "time": 982691
  },
  {
    "ayah": 155,
    "time": 986544
  },
  {
    "ayah": 156,
    "time": 989852
  },
  {
    "ayah": 157,
    "time": 994708
  },
  {
    "ayah": 158,
    "time": 1001566
  },
  {
    "ayah": 159,
    "time": 1014132
  },
  {
    "ayah": 160,
    "time": 1019039
  },
  {
    "ayah": 161,
    "time": 1024396
  },
  {
    "ayah": 162,
    "time": 1029004
  },
  {
    "ayah": 163,
    "time": 1035063
  },
  {
    "ayah": 164,
    "time": 1039526
  },
  {
    "ayah": 165,
    "time": 1047731
  },
  {
    "ayah": 166,
    "time": 1054537
  },
  {
    "ayah": 167,
    "time": 1059396
  },
  {
    "ayah": 168,
    "time": 1063601
  },
  {
    "ayah": 169,
    "time": 1070611
  },
  {
    "ayah": 170,
    "time": 1076270
  },
  {
    "ayah": 171,
    "time": 1081980
  },
  {
    "ayah": 172,
    "time": 1087786
  },
  {
    "ayah": 173,
    "time": 1093192
  },
  {
    "ayah": 174,
    "time": 1098849
  },
  {
    "ayah": 175,
    "time": 1102756
  },
  {
    "ayah": 176,
    "time": 1106661
  },
  {
    "ayah": 177,
    "time": 1110967
  },
  {
    "ayah": 178,
    "time": 1118779
  },
  {
    "ayah": 179,
    "time": 1122882
  },
  {
    "ayah": 180,
    "time": 1126287
  },
  {
    "ayah": 181,
    "time": 1132596
  },
  {
    "ayah": 182,
    "time": 1136352
  },
  {
    "ayah": 999,
    "time": 1140557
  }
]