[
  {
    "ayah": 1,
    "time": 7130
  },
  {
    "ayah": 2,
    "time": 12656
  },
  {
    "ayah": 3,
    "time": 17904
  },
  {
    "ayah": 4,
    "time": 21858
  },
  {
    "ayah": 5,
    "time": 29242
  },
  {
    "ayah": 6,
    "time": 36587
  },
  {
    "ayah": 7,
    "time": 43082
  },
  {
    "ayah": 8,
    "time": 50923
  },
  {
    "ayah": 9,
    "time": 56603
  },
  {
    "ayah": 10,
    "time": 61279
  },
  {
    "ayah": 11,
    "time": 68213
  },
  {
    "ayah": 12,
    "time": 73175
  },
  {
    "ayah": 13,
    "time": 76525
  },
  {
    "ayah": 14,
    "time": 81587
  },
  {
    "ayah": 15,
    "time": 84174
  },
  {
    "ayah": 16,
    "time": 89150
  },
  {
    "ayah": 17,
    "time": 92068
  }
]