[
  {
    "ayah": 1,
    "time": 6680
  },
  {
    "ayah": 2,
    "time": 13506
  },
  {
    "ayah": 3,
    "time": 16897
  },
  {
    "ayah": 4,
    "time": 20294
  },
  {
    "ayah": 5,
    "time": 24373
  },
  {
    "ayah": 6,
    "time": 32547
  },
  {
    "ayah": 7,
    "time": 42392
  },
  {
    "ayah": 8,
    "time": 49404
  },
  {
    "ayah": 9,
    "time": 59203
  },
  {
    "ayah": 10,
    "time": 65148
  },
  {
    "ayah": 11,
    "time": 72996
  },
  {
    "ayah": 12,
    "time": 87207
  },
  {
    "ayah": 13,
    "time": 91990
  },
  {
    "ayah": 14,
    "time": 97656
  },
  {
    "ayah": 15,
    "time": 104104
  },
  {
    "ayah": 16,
    "time": 115124
  },
  {
    "ayah": 17,
    "time": 127331
  },
  {
    "ayah": 18,
    "time": 134436
  },
  {
    "ayah": 19,
    "time": 141363
  },
  {
    "ayah": 20,
    "time": 153058
  },
  {
    "ayah": 21,
    "time": 160814
  },
  {
    "ayah": 22,
    "time": 171123
  },
  {
    "ayah": 23,
    "time": 180922
  },
  {
    "ayah": 24,
    "time": 190303
  },
  {
    "ayah": 25,
    "time": 198523
  },
  {
    "ayah": 26,
    "time": 204189
  },
  {
    "ayah": 27,
    "time": 211308
  },
  {
    "ayah": 28,
    "time": 221604
  },
  {
    "ayah": 29,
    "time": 232345
  },
  {
    "ayah": 30,
    "time": 238554
  },
  {
    "ayah": 31,
    "time": 255194
  },
  {
    "ayah": 32,
    "time": 266757
  },
  {
    "ayah": 33,
    "time": 275488
  },
  {
    "ayah": 34,
    "time": 284444
  },
  {
    "ayah": 35,
    "time": 292114
  },
  {
    "ayah": 36,
    "time": 307207
  },
  {
    "ayah": 37,
    "time": 320256
  },
  {
    "ayah": 38,
    "time": 329391
  },
  {
    "ayah": 39,
    "time": 338168
  },
  {
    "ayah": 40,
    "time": 346295
  },
  {
    "ayah": 41,
    "time": 352625
  },
  {
    "ayah": 42,
    "time": 361620
  },
  {
    "ayah": 43,
    "time": 368925
  },
  {
    "ayah": 44,
    "time": 375566
  },
  {
    "ayah": 45,
    "time": 381543
  },
  {
    "ayah": 46,
    "time": 390420
  },
  {
    "ayah": 47,
    "time": 398215
  },
  {
    "ayah": 48,
    "time": 407503
  },
  {
    "ayah": 49,
    "time": 414622
  },
  {
    "ayah": 50,
    "time": 423678
  },
  {
    "ayah": 51,
    "time": 433416
  },
  {
    "ayah": 52,
    "time": 443865
  },
  {
    "ayah": 53,
    "time": 451588
  },
  {
    "ayah": 54,
    "time": 462680
  },
  {
    "ayah": 55,
    "time": 469700
  },
  {
    "ayah": 56,
    "time": 477827
  },
  {
    "ayah": 57,
    "time": 485157
  },
  {
    "ayah": 58,
    "time": 493649
  },
  {
    "ayah": 59,
    "time": 498950
  },
  {
    "ayah": 60,
    "time": 506938
  },
  {
    "ayah": 61,
    "time": 514189
  },
  {
    "ayah": 62,
    "time": 521241
  },
  {
    "ayah": 63,
    "time": 529647
  },
  {
    "ayah": 64,
    "time": 537488
  },
  {
    "ayah": 65,
    "time": 547380
  },
  {
    "ayah": 66,
    "time": 554871
  },
  {
    "ayah": 67,
    "time": 564562
  },
  {
    "ayah": 68,
    "time": 574747
  },
  {
    "ayah": 69,
    "time": 582627
  },
  {
    "ayah": 70,
    "time": 595113
  },
  {
    "ayah": 71,
    "time": 603440
  },
  {
    "ayah": 72,
    "time": 609577
  },
  {
    "ayah": 73,
    "time": 617425
  },
  {
    "ayah": 74,
    "time": 626342
  },
  {
    "ayah": 75,
    "time": 633819
  },
  {
    "ayah": 76,
    "time": 642456
  },
  {
    "ayah": 77,
    "time": 649594
  },
  {
    "ayah": 78,
    "time": 656235
  },
  {
    "ayah": 79,
    "time": 662333
  },
  {
    "ayah": 80,
    "time": 668820
  },
  {
    "ayah": 81,
    "time": 675925
  },
  {
    "ayah": 82,
    "time": 682473
  },
  {
    "ayah": 83,
    "time": 688975
  },
  {
    "ayah": 84,
    "time": 696405
  },
  {
    "ayah": 85,
    "time": 705136
  },
  {
    "ayah": 86,
    "time": 713324
  },
  {
    "ayah": 87,
    "time": 720933
  },
  {
    "ayah": 88,
    "time": 728402
  },
  {
    "ayah": 89,
    "time": 735197
  },
  {
    "ayah": 90,
    "time": 740477
  },
  {
    "ayah": 91,
    "time": 745492
  },
  {
    "ayah": 92,
    "time": 754455
  },
  {
    "ayah": 93,
    "time": 760492
  },
  {
    "ayah": 94,
    "time": 767519
  },
  {
    "ayah": 95,
    "time": 774378
  },
  {
    "ayah": 96,
    "time": 780144
  },
  {
    "ayah": 97,
    "time": 786466
  },
  {
    "ayah": 98,
    "time": 794826
  },
  {
    "ayah": 99,
    "time": 803263
  },
  {
    "ayah": 100,
    "time": 811251
  },
  {
    "ayah": 101,
    "time": 816499
  },
  {
    "ayah": 102,
    "time": 822597
  },
  {
    "ayah": 103,
    "time": 858063
  },
  {
    "ayah": 104,
    "time": 867211
  },
  {
    "ayah": 105,
    "time": 876128
  },
  {
    "ayah": 106,
    "time": 886530
  },
  {
    "ayah": 107,
    "time": 895168
  },
  {
    "ayah": 108,
    "time": 900880
  },
  {
    "ayah": 109,
    "time": 907164
  },
  {
    "ayah": 110,
    "time": 914116
  },
  {
    "ayah": 111,
    "time": 919656
  },
  {
    "ayah": 112,
    "time": 926483
  },
  {
    "ayah": 113,
    "time": 934981
  },
  {
    "ayah": 114,
    "time": 954022
  },
  {
    "ayah": 115,
    "time": 960695
  },
  {
    "ayah": 116,
    "time": 968775
  },
  {
    "ayah": 117,
    "time": 975184
  },
  {
    "ayah": 118,
    "time": 981686
  },
  {
    "ayah": 119,
    "time": 987723
  },
  {
    "ayah": 120,
    "time": 994139
  },
  {
    "ayah": 121,
    "time": 1000215
  },
  {
    "ayah": 122,
    "time": 1007460
  },
  {
    "ayah": 123,
    "time": 1015494
  },
  {
    "ayah": 124,
    "time": 1021624
  },
  {
    "ayah": 125,
    "time": 1029426
  },
  {
    "ayah": 126,
    "time": 1037553
  },
  {
    "ayah": 127,
    "time": 1047180
  },
  {
    "ayah": 128,
    "time": 1054271
  },
  {
    "ayah": 129,
    "time": 1059798
  },
  {
    "ayah": 130,
    "time": 1065385
  },
  {
    "ayah": 131,
    "time": 1071879
  },
  {
    "ayah": 132,
    "time": 1078434
  },
  {
    "ayah": 133,
    "time": 1084889
  },
  {
    "ayah": 134,
    "time": 1091066
  },
  {
    "ayah": 135,
    "time": 1098854
  },
  {
    "ayah": 136,
    "time": 1105409
  },
  {
    "ayah": 137,
    "time": 1111671
  },
  {
    "ayah": 138,
    "time": 1120369
  },
  {
    "ayah": 139,
    "time": 1128257
  },
  {
    "ayah": 140,
    "time": 1134534
  },
  {
    "ayah": 141,
    "time": 1139860
  },
  {
    "ayah": 142,
    "time": 1145586
  },
  {
    "ayah": 143,
    "time": 1151113
  },
  {
    "ayah": 144,
    "time": 1159704
  },
  {
    "ayah": 145,
    "time": 1167863
  },
  {
    "ayah": 146,
    "time": 1176269
  },
  {
    "ayah": 147,
    "time": 1185271
  },
  {
    "ayah": 148,
    "time": 1193094
  },
  {
    "ayah": 149,
    "time": 1200564
  },
  {
    "ayah": 150,
    "time": 1208220
  },
  {
    "ayah": 151,
    "time": 1218497
  },
  {
    "ayah": 152,
    "time": 1231459
  },
  {
    "ayah": 153,
    "time": 1238080
  },
  {
    "ayah": 154,
    "time": 1243567
  },
  {
    "ayah": 155,
    "time": 1248769
  },
  {
    "ayah": 156,
    "time": 1253884
  },
  {
    "ayah": 157,
    "time": 1259921
  },
  {
    "ayah": 158,
    "time": 1268048
  },
  {
    "ayah": 159,
    "time": 1282259
  },
  {
    "ayah": 160,
    "time": 1288793
  },
  {
    "ayah": 161,
    "time": 1294916
  },
  {
    "ayah": 162,
    "time": 1300974
  },
  {
    "ayah": 163,
    "time": 1308823
  },
  {
    "ayah": 164,
    "time": 1314442
  },
  {
    "ayah": 165,
    "time": 1324930
  },
  {
    "ayah": 166,
    "time": 1334675
  },
  {
    "ayah": 167,
    "time": 1341191
  },
  {
    "ayah": 168,
    "time": 1347028
  },
  {
    "ayah": 169,
    "time": 1355680
  },
  {
    "ayah": 170,
    "time": 1362493
  },
  {
    "ayah": 171,
    "time": 1368569
  },
  {
    "ayah": 172,
    "time": 1376207
  },
  {
    "ayah": 173,
    "time": 1383219
  },
  {
    "ayah": 174,
    "time": 1390418
  },
  {
    "ayah": 175,
    "time": 1395744
  },
  {
    "ayah": 176,
    "time": 1401502
  },
  {
    "ayah": 177,
    "time": 1407632
  },
  {
    "ayah": 178,
    "time": 1418049
  },
  {
    "ayah": 179,
    "time": 1423901
  },
  {
    "ayah": 180,
    "time": 1429334
  },
  {
    "ayah": 181,
    "time": 1437129
  },
  {
    "ayah": 182,
    "time": 1442370
  }
]