[
  {
    "ayah": 1,
    "time": 4089
  },
  {
    "ayah": 2,
    "time": 15148
  },
  {
    "ayah": 3,
    "time": 68371
  },
  {
    "ayah": 4,
    "time": 88202
  },
  {
    "ayah": 5,
    "time": 109581
  },
  {
    "ayah": 6,
    "time": 128054
  },
  {
    "ayah": 7,
    "time": 171314
  },
  {
    "ayah": 8,
    "time": 232658
  },
  {
    "ayah": 9,
    "time": 262500
  },
  {
    "ayah": 10,
    "time": 314619
  },
  {
    "ayah": 11,
    "time": 354323
  },
  {
    "ayah": 12,
    "time": 401239
  },
  {
    "ayah": 13,
    "time": 425067
  },
  {
    "ayah": 14,
    "time": 442794
  },
  {
    "ayah": 15,
    "time": 475740
  },
  {
    "ayah": 16,
    "time": 490260
  },
  {
    "ayah": 17,
    "time": 525414
  },
  {
    "ayah": 18,
    "time": 543283
  },
  {
    "ayah": 19,
    "time": 568066
  },
  {
    "ayah": 20,
    "time": 583449
  },
  {
    "ayah": 21,
    "time": 601070
  },
  {
    "ayah": 22,
    "time": 627216
  },
  {
    "ayah": 23,
    "time": 643739
  },
  {
    "ayah": 24,
    "time": 668773
  },
  {
    "ayah": 999,
    "time": 690651
  }
]