[
  {
    "ayah": 1,
    "time": 9064
  },
  {
    "ayah": 2,
    "time": 13564
  },
  {
    "ayah": 3,
    "time": 21725
  },
  {
    "ayah": 4,
    "time": 31490
  },
  {
    "ayah": 5,
    "time": 46960
  },
  {
    "ayah": 6,
    "time": 81828
  },
  {
    "ayah": 7,
    "time": 100503
  },
  {
    "ayah": 8,
    "time": 106463
  },
  {
    "ayah": 9,
    "time": 125739
  },
  {
    "ayah": 10,
    "time": 141510
  },
  {
    "ayah": 11,
    "time": 168650
  },
  {
    "ayah": 12,
    "time": 183367
  },
  {
    "ayah": 13,
    "time": 203194
  },
  {
    "ayah": 14,
    "time": 224223
  },
  {
    "ayah": 15,
    "time": 242849
  },
  {
    "ayah": 16,
    "time": 261223
  },
  {
    "ayah": 17,
    "time": 291616
  },
  {
    "ayah": 18,
    "time": 327263
  },
  {
    "ayah": 19,
    "time": 346675
  },
  {
    "ayah": 20,
    "time": 371009
  },
  {
    "ayah": 21,
    "time": 383676
  },
  {
    "ayah": 22,
    "time": 411113
  },
  {
    "ayah": 23,
    "time": 427986
  },
  {
    "ayah": 24,
    "time": 466489
  },
  {
    "ayah": 25,
    "time": 492824
  },
  {
    "ayah": 26,
    "time": 520212
  },
  {
    "ayah": 27,
    "time": 544696
  },
  {
    "ayah": 28,
    "time": 562269
  },
  {
    "ayah": 29,
    "time": 583899
  },
  {
    "ayah": 30,
    "time": 603327
  },
  {
    "ayah": 31,
    "time": 621601
  },
  {
    "ayah": 32,
    "time": 640374
  },
  {
    "ayah": 33,
    "time": 673080
  },
  {
    "ayah": 34,
    "time": 686647
  },
  {
    "ayah": 35,
    "time": 707678
  },
  {
    "ayah": 36,
    "time": 733221
  },
  {
    "ayah": 37,
    "time": 744289
  },
  {
    "ayah": 999,
    "time": 756304
  }
]