[
  {
    "ayah": 1,
    "time": 3677
  },
  {
    "ayah": 2,
    "time": 8679
  },
  {
    "ayah": 3,
    "time": 12556
  },
  {
    "ayah": 4,
    "time": 21177
  },
  {
    "ayah": 5,
    "time": 29868
  },
  {
    "ayah": 6,
    "time": 39901
  },
  {
    "ayah": 7,
    "time": 46464
  },
  {
    "ayah": 8,
    "time": 55464
  },
  {
    "ayah": 9,
    "time": 65338
  },
  {
    "ayah": 10,
    "time": 78591
  },
  {
    "ayah": 11,
    "time": 93027
  },
  {
    "ayah": 12,
    "time": 110901
  },
  {
    "ayah": 13,
    "time": 121840
  },
  {
    "ayah": 14,
    "time": 142657
  },
  {
    "ayah": 15,
    "time": 151772
  },
  {
    "ayah": 16,
    "time": 161535
  },
  {
    "ayah": 17,
    "time": 168782
  },
  {
    "ayah": 18,
    "time": 180346
  },
  {
    "ayah": 19,
    "time": 196436
  },
  {
    "ayah": 20,
    "time": 211865
  },
  {
    "ayah": 21,
    "time": 224426
  },
  {
    "ayah": 22,
    "time": 233490
  },
  {
    "ayah": 23,
    "time": 246866
  },
  {
    "ayah": 24,
    "time": 277728
  },
  {
    "ayah": 25,
    "time": 293303
  },
  {
    "ayah": 26,
    "time": 301681
  },
  {
    "ayah": 27,
    "time": 313679
  },
  {
    "ayah": 28,
    "time": 319681
  },
  {
    "ayah": 29,
    "time": 328304
  },
  {
    "ayah": 30,
    "time": 346370
  },
  {
    "ayah": 31,
    "time": 356494
  },
  {
    "ayah": 32,
    "time": 366118
  },
  {
    "ayah": 33,
    "time": 392869
  },
  {
    "ayah": 34,
    "time": 413694
  },
  {
    "ayah": 35,
    "time": 420451
  },
  {
    "ayah": 36,
    "time": 437251
  },
  {
    "ayah": 37,
    "time": 446505
  },
  {
    "ayah": 38,
    "time": 455141
  },
  {
    "ayah": 39,
    "time": 466453
  },
  {
    "ayah": 40,
    "time": 475580
  },
  {
    "ayah": 41,
    "time": 485142
  },
  {
    "ayah": 42,
    "time": 493079
  },
  {
    "ayah": 43,
    "time": 502705
  },
  {
    "ayah": 44,
    "time": 512144
  },
  {
    "ayah": 45,
    "time": 520144
  },
  {
    "ayah": 46,
    "time": 535269
  },
  {
    "ayah": 47,
    "time": 546710
  },
  {
    "ayah": 48,
    "time": 554859
  },
  {
    "ayah": 49,
    "time": 566960
  },
  {
    "ayah": 50,
    "time": 577396
  },
  {
    "ayah": 51,
    "time": 584396
  },
  {
    "ayah": 52,
    "time": 598772
  },
  {
    "ayah": 53,
    "time": 606272
  },
  {
    "ayah": 54,
    "time": 617522
  },
  {
    "ayah": 55,
    "time": 627398
  },
  {
    "ayah": 56,
    "time": 635122
  },
  {
    "ayah": 57,
    "time": 642834
  },
  {
    "ayah": 58,
    "time": 650148
  },
  {
    "ayah": 59,
    "time": 661088
  },
  {
    "ayah": 60,
    "time": 671837
  },
  {
    "ayah": 61,
    "time": 681964
  },
  {
    "ayah": 62,
    "time": 694337
  },
  {
    "ayah": 63,
    "time": 702276
  },
  {
    "ayah": 64,
    "time": 723339
  },
  {
    "ayah": 65,
    "time": 732965
  },
  {
    "ayah": 66,
    "time": 742779
  },
  {
    "ayah": 67,
    "time": 758151
  },
  {
    "ayah": 68,
    "time": 768129
  },
  {
    "ayah": 69,
    "time": 775840
  },
  {
    "ayah": 70,
    "time": 781903
  },
  {
    "ayah": 71,
    "time": 788129
  },
  {
    "ayah": 72,
    "time": 804968
  },
  {
    "ayah": 73,
    "time": 813655
  },
  {
    "ayah": 74,
    "time": 820654
  },
  {
    "ayah": 75,
    "time": 828654
  },
  {
    "ayah": 76,
    "time": 833841
  },
  {
    "ayah": 77,
    "time": 840156
  },
  {
    "ayah": 78,
    "time": 849216
  },
  {
    "ayah": 79,
    "time": 857030
  },
  {
    "ayah": 80,
    "time": 862592
  },
  {
    "ayah": 81,
    "time": 875657
  },
  {
    "ayah": 82,
    "time": 883092
  },
  {
    "ayah": 83,
    "time": 890531
  },
  {
    "ayah": 84,
    "time": 898595
  },
  {
    "ayah": 85,
    "time": 908908
  },
  {
    "ayah": 86,
    "time": 921345
  },
  {
    "ayah": 87,
    "time": 932095
  },
  {
    "ayah": 88,
    "time": 942158
  },
  {
    "ayah": 89,
    "time": 950659
  },
  {
    "ayah": 999,
    "time": 960470
  }
]