[
  {
    "ayah": 1,
    "time": 3841
  },
  {
    "ayah": 2,
    "time": 7617
  },
  {
    "ayah": 3,
    "time": 18655
  },
  {
    "ayah": 4,
    "time": 22217
  },
  {
    "ayah": 5,
    "time": 37152
  },
  {
    "ayah": 6,
    "time": 53219
  },
  {
    "ayah": 7,
    "time": 80669
  },
  {
    "ayah": 8,
    "time": 87497
  },
  {
    "ayah": 9,
    "time": 92872
  },
  {
    "ayah": 10,
    "time": 101370
  },
  {
    "ayah": 11,
    "time": 126023
  },
  {
    "ayah": 12,
    "time": 159900
  },
  {
    "ayah": 13,
    "time": 181525
  },
  {
    "ayah": 14,
    "time": 191899
  },
  {
    "ayah": 15,
    "time": 208339
  },
  {
    "ayah": 16,
    "time": 241277
  },
  {
    "ayah": 17,
    "time": 272092
  },
  {
    "ayah": 18,
    "time": 297967
  },
  {
    "ayah": 19,
    "time": 315470
  },
  {
    "ayah": 20,
    "time": 323720
  },
  {
    "ayah": 21,
    "time": 344157
  },
  {
    "ayah": 22,
    "time": 355470
  },
  {
    "ayah": 23,
    "time": 366346
  },
  {
    "ayah": 24,
    "time": 377096
  },
  {
    "ayah": 25,
    "time": 395472
  },
  {
    "ayah": 26,
    "time": 441285
  },
  {
    "ayah": 27,
    "time": 472786
  },
  {
    "ayah": 28,
    "time": 504411
  },
  {
    "ayah": 29,
    "time": 517097
  },
  {
    "ayah": 999,
    "time": 578913
  }
]