[
  {
    "ayah": 1,
    "time": 3619
  },
  {
    "ayah": 2,
    "time": 9368
  },
  {
    "ayah": 3,
    "time": 18620
  },
  {
    "ayah": 4,
    "time": 45054
  },
  {
    "ayah": 5,
    "time": 58372
  },
  {
    "ayah": 6,
    "time": 79008
  },
  {
    "ayah": 7,
    "time": 112619
  },
  {
    "ayah": 8,
    "time": 140870
  },
  {
    "ayah": 9,
    "time": 171861
  },
  {
    "ayah": 10,
    "time": 201498
  },
  {
    "ayah": 11,
    "time": 219185
  },
  {
    "ayah": 12,
    "time": 225487
  },
  {
    "ayah": 13,
    "time": 229566
  },
  {
    "ayah": 14,
    "time": 236868
  },
  {
    "ayah": 15,
    "time": 240743
  },
  {
    "ayah": 16,
    "time": 257120
  },
  {
    "ayah": 17,
    "time": 272493
  },
  {
    "ayah": 18,
    "time": 282377
  },
  {
    "ayah": 19,
    "time": 295902
  },
  {
    "ayah": 20,
    "time": 304652
  },
  {
    "ayah": 21,
    "time": 326965
  },
  {
    "ayah": 22,
    "time": 353778
  },
  {
    "ayah": 23,
    "time": 372533
  },
  {
    "ayah": 24,
    "time": 404933
  },
  {
    "ayah": 25,
    "time": 417094
  },
  {
    "ayah": 26,
    "time": 424156
  },
  {
    "ayah": 27,
    "time": 434345
  },
  {
    "ayah": 28,
    "time": 443593
  },
  {
    "ayah": 29,
    "time": 449972
  },
  {
    "ayah": 30,
    "time": 467784
  },
  {
    "ayah": 31,
    "time": 474157
  },
  {
    "ayah": 32,
    "time": 483160
  },
  {
    "ayah": 33,
    "time": 496223
  },
  {
    "ayah": 34,
    "time": 504845
  },
  {
    "ayah": 35,
    "time": 513722
  },
  {
    "ayah": 36,
    "time": 523851
  },
  {
    "ayah": 37,
    "time": 536686
  },
  {
    "ayah": 38,
    "time": 545809
  },
  {
    "ayah": 39,
    "time": 577226
  },
  {
    "ayah": 40,
    "time": 584290
  },
  {
    "ayah": 41,
    "time": 592388
  },
  {
    "ayah": 42,
    "time": 608950
  },
  {
    "ayah": 43,
    "time": 631281
  },
  {
    "ayah": 44,
    "time": 642841
  },
  {
    "ayah": 45,
    "time": 652966
  },
  {
    "ayah": 46,
    "time": 667905
  },
  {
    "ayah": 47,
    "time": 684482
  },
  {
    "ayah": 48,
    "time": 704719
  },
  {
    "ayah": 49,
    "time": 713369
  },
  {
    "ayah": 50,
    "time": 733721
  },
  {
    "ayah": 51,
    "time": 741158
  },
  {
    "ayah": 52,
    "time": 754723
  },
  {
    "ayah": 53,
    "time": 772209
  },
  {
    "ayah": 54,
    "time": 796347
  },
  {
    "ayah": 55,
    "time": 808912
  },
  {
    "ayah": 56,
    "time": 825096
  },
  {
    "ayah": 57,
    "time": 841849
  },
  {
    "ayah": 58,
    "time": 847849
  },
  {
    "ayah": 59,
    "time": 855222
  },
  {
    "ayah": 60,
    "time": 864911
  },
  {
    "ayah": 61,
    "time": 878039
  },
  {
    "ayah": 62,
    "time": 887415
  },
  {
    "ayah": 63,
    "time": 894475
  },
  {
    "ayah": 64,
    "time": 904914
  },
  {
    "ayah": 65,
    "time": 914664
  },
  {
    "ayah": 66,
    "time": 928914
  },
  {
    "ayah": 67,
    "time": 933851
  },
  {
    "ayah": 68,
    "time": 953967
  },
  {
    "ayah": 69,
    "time": 973417
  },
  {
    "ayah": 70,
    "time": 989478
  },
  {
    "ayah": 71,
    "time": 996855
  },
  {
    "ayah": 72,
    "time": 1040854
  },
  {
    "ayah": 73,
    "time": 1059294
  },
  {
    "ayah": 74,
    "time": 1083045
  },
  {
    "ayah": 75,
    "time": 1100359
  },
  {
    "ayah": 999,
    "time": 1129732
  }
]