[
  {
    "ayah": 1,
    "time": 4629
  },
  {
    "ayah": 2,
    "time": 11387
  },
  {
    "ayah": 3,
    "time": 21549
  },
  {
    "ayah": 4,
    "time": 34118
  },
  {
    "ayah": 5,
    "time": 45189
  },
  {
    "ayah": 6,
    "time": 53194
  },
  {
    "ayah": 7,
    "time": 62956
  },
  {
    "ayah": 8,
    "time": 76376
  },
  {
    "ayah": 9,
    "time": 87091
  },
  {
    "ayah": 10,
    "time": 100857
  },
  {
    "ayah": 11,
    "time": 110722
  },
  {
    "ayah": 12,
    "time": 122389
  },
  {
    "ayah": 13,
    "time": 135105
  },
  {
    "ayah": 14,
    "time": 142666
  },
  {
    "ayah": 15,
    "time": 151929
  },
  {
    "ayah": 16,
    "time": 162194
  },
  {
    "ayah": 17,
    "time": 167148
  },
  {
    "ayah": 18,
    "time": 176814
  },
  {
    "ayah": 19,
    "time": 185282
  },
  {
    "ayah": 20,
    "time": 199408
  },
  {
    "ayah": 21,
    "time": 210376
  },
  {
    "ayah": 22,
    "time": 215187
  },
  {
    "ayah": 23,
    "time": 224794
  },
  {
    "ayah": 24,
    "time": 230166
  },
  {
    "ayah": 25,
    "time": 248283
  },
  {
    "ayah": 26,
    "time": 258947
  },
  {
    "ayah": 27,
    "time": 266318
  },
  {
    "ayah": 28,
    "time": 276581
  },
  {
    "ayah": 29,
    "time": 290449
  },
  {
    "ayah": 30,
    "time": 296809
  },
  {
    "ayah": 31,
    "time": 301720
  },
  {
    "ayah": 32,
    "time": 316439
  },
  {
    "ayah": 33,
    "time": 325549
  },
  {
    "ayah": 34,
    "time": 332659
  },
  {
    "ayah": 35,
    "time": 348732
  },
  {
    "ayah": 36,
    "time": 359798
  },
  {
    "ayah": 37,
    "time": 369457
  },
  {
    "ayah": 38,
    "time": 383528
  },
  {
    "ayah": 39,
    "time": 392741
  },
  {
    "ayah": 40,
    "time": 397498
  },
  {
    "ayah": 41,
    "time": 407361
  },
  {
    "ayah": 42,
    "time": 414971
  },
  {
    "ayah": 43,
    "time": 426187
  },
  {
    "ayah": 44,
    "time": 440706
  },
  {
    "ayah": 45,
    "time": 448469
  },
  {
    "ayah": 46,
    "time": 454828
  },
  {
    "ayah": 47,
    "time": 463137
  },
  {
    "ayah": 48,
    "time": 470948
  },
  {
    "ayah": 49,
    "time": 481312
  },
  {
    "ayah": 50,
    "time": 488179
  },
  {
    "ayah": 51,
    "time": 499835
  },
  {
    "ayah": 52,
    "time": 510248
  },
  {
    "ayah": 53,
    "time": 516758
  },
  {
    "ayah": 54,
    "time": 524120
  },
  {
    "ayah": 55,
    "time": 532680
  },
  {
    "ayah": 999,
    "time": 541243
  }
]