[
  {
    "ayah": 1,
    "time": 8729
  },
  {
    "ayah": 2,
    "time": 22100
  },
  {
    "ayah": 3,
    "time": 45582
  },
  {
    "ayah": 4,
    "time": 56045
  },
  {
    "ayah": 5,
    "time": 65559
  },
  {
    "ayah": 6,
    "time": 75322
  },
  {
    "ayah": 7,
    "time": 82730
  },
  {
    "ayah": 8,
    "time": 99152
  },
  {
    "ayah": 9,
    "time": 109467
  },
  {
    "ayah": 10,
    "time": 121836
  },
  {
    "ayah": 11,
    "time": 138206
  },
  {
    "ayah": 12,
    "time": 158706
  },
  {
    "ayah": 13,
    "time": 179029
  },
  {
    "ayah": 14,
    "time": 192148
  },
  {
    "ayah": 15,
    "time": 219684
  },
  {
    "ayah": 16,
    "time": 231002
  },
  {
    "ayah": 17,
    "time": 237761
  },
  {
    "ayah": 18,
    "time": 246222
  },
  {
    "ayah": 19,
    "time": 257939
  },
  {
    "ayah": 20,
    "time": 264396
  },
  {
    "ayah": 21,
    "time": 275513
  },
  {
    "ayah": 22,
    "time": 285174
  },
  {
    "ayah": 23,
    "time": 301700
  },
  {
    "ayah": 24,
    "time": 315971
  },
  {
    "ayah": 25,
    "time": 328187
  },
  {
    "ayah": 26,
    "time": 347115
  },
  {
    "ayah": 27,
    "time": 372149
  },
  {
    "ayah": 28,
    "time": 399185
  },
  {
    "ayah": 29,
    "time": 426072
  },
  {
    "ayah": 30,
    "time": 437488
  },
  {
    "ayah": 31,
    "time": 461420
  },
  {
    "ayah": 32,
    "time": 480446
  },
  {
    "ayah": 33,
    "time": 496519
  },
  {
    "ayah": 34,
    "time": 525210
  },
  {
    "ayah": 35,
    "time": 535269
  },
  {
    "ayah": 36,
    "time": 571218
  },
  {
    "ayah": 37,
    "time": 603425
  },
  {
    "ayah": 38,
    "time": 617841
  },
  {
    "ayah": 39,
    "time": 638170
  },
  {
    "ayah": 40,
    "time": 651641
  },
  {
    "ayah": 41,
    "time": 665057
  },
  {
    "ayah": 42,
    "time": 685235
  },
  {
    "ayah": 43,
    "time": 692145
  },
  {
    "ayah": 44,
    "time": 713628
  },
  {
    "ayah": 45,
    "time": 731097
  },
  {
    "ayah": 46,
    "time": 745818
  },
  {
    "ayah": 47,
    "time": 753629
  },
  {
    "ayah": 48,
    "time": 763642
  },
  {
    "ayah": 49,
    "time": 781266
  },
  {
    "ayah": 50,
    "time": 799942
  },
  {
    "ayah": 51,
    "time": 809354
  },
  {
    "ayah": 52,
    "time": 824527
  },
  {
    "ayah": 53,
    "time": 836944
  },
  {
    "ayah": 54,
    "time": 852614
  },
  {
    "ayah": 55,
    "time": 866533
  },
  {
    "ayah": 56,
    "time": 876996
  },
  {
    "ayah": 57,
    "time": 896572
  },
  {
    "ayah": 58,
    "time": 906137
  },
  {
    "ayah": 59,
    "time": 917753
  },
  {
    "ayah": 60,
    "time": 938230
  },
  {
    "ayah": 61,
    "time": 953001
  },
  {
    "ayah": 62,
    "time": 990803
  },
  {
    "ayah": 63,
    "time": 1011330
  },
  {
    "ayah": 64,
    "time": 1031708
  },
  {
    "ayah": 65,
    "time": 1049535
  },
  {
    "ayah": 66,
    "time": 1071259
  },
  {
    "ayah": 67,
    "time": 1095344
  },
  {
    "ayah": 68,
    "time": 1116174
  },
  {
    "ayah": 69,
    "time": 1131092
  },
  {
    "ayah": 70,
    "time": 1164338
  },
  {
    "ayah": 71,
    "time": 1192627
  },
  {
    "ayah": 72,
    "time": 1221464
  },
  {
    "ayah": 73,
    "time": 1260319
  },
  {
    "ayah": 74,
    "time": 1277693
  },
  {
    "ayah": 75,
    "time": 1291360
  },
  {
    "ayah": 76,
    "time": 1322953
  },
  {
    "ayah": 77,
    "time": 1360057
  },
  {
    "ayah": 78,
    "time": 1382336
  },
  {
    "ayah": 79,
    "time": 1402563
  },
  {
    "ayah": 80,
    "time": 1424995
  },
  {
    "ayah": 81,
    "time": 1474800
  },
  {
    "ayah": 82,
    "time": 1508245
  },
  {
    "ayah": 83,
    "time": 1517360
  },
  {
    "ayah": 84,
    "time": 1528723
  },
  {
    "ayah": 85,
    "time": 1546300
  },
  {
    "ayah": 86,
    "time": 1557815
  },
  {
    "ayah": 87,
    "time": 1587904
  },
  {
    "ayah": 88,
    "time": 1599320
  },
  {
    "ayah": 89,
    "time": 1614893
  },
  {
    "ayah": 90,
    "time": 1649188
  },
  {
    "ayah": 91,
    "time": 1672172
  },
  {
    "ayah": 92,
    "time": 1696404
  },
  {
    "ayah": 93,
    "time": 1739714
  },
  {
    "ayah": 94,
    "time": 1769801
  },
  {
    "ayah": 95,
    "time": 1803951
  },
  {
    "ayah": 96,
    "time": 1823426
  },
  {
    "ayah": 97,
    "time": 1844504
  },
  {
    "ayah": 98,
    "time": 1879501
  },
  {
    "ayah": 99,
    "time": 1889817
  },
  {
    "ayah": 100,
    "time": 1902737
  },
  {
    "ayah": 101,
    "time": 1915953
  },
  {
    "ayah": 102,
    "time": 1942240
  },
  {
    "ayah": 103,
    "time": 1957808
  },
  {
    "ayah": 104,
    "time": 1981793
  },
  {
    "ayah": 105,
    "time": 1995109
  },
  {
    "ayah": 106,
    "time": 2010632
  },
  {
    "ayah": 107,
    "time": 2042026
  },
  {
    "ayah": 108,
    "time": 2058898
  },
  {
    "ayah": 109,
    "time": 2076220
  },
  {
    "ayah": 110,
    "time": 2084508
  },
  {
    "ayah": 111,
    "time": 2107290
  },
  {
    "ayah": 112,
    "time": 2123364
  },
  {
    "ayah": 113,
    "time": 2164617
  },
  {
    "ayah": 114,
    "time": 2178389
  },
  {
    "ayah": 115,
    "time": 2197263
  },
  {
    "ayah": 116,
    "time": 2224899
  },
  {
    "ayah": 117,
    "time": 2250596
  },
  {
    "ayah": 118,
    "time": 2258958
  },
  {
    "ayah": 119,
    "time": 2279485
  },
  {
    "ayah": 120,
    "time": 2315184
  },
  {
    "ayah": 121,
    "time": 2331556
  },
  {
    "ayah": 122,
    "time": 2343373
  },
  {
    "ayah": 123,
    "time": 2356640
  },
  {
    "ayah": 124,
    "time": 2372412
  },
  {
    "ayah": 125,
    "time": 2394292
  },
  {
    "ayah": 126,
    "time": 2422629
  },
  {
    "ayah": 127,
    "time": 2439804
  },
  {
    "ayah": 128,
    "time": 2456377
  },
  {
    "ayah": 999,
    "time": 2466028
  }
]