[
  {
    "ayah": 1,
    "time": 6308
  },
  {
    "ayah": 2,
    "time": 21123
  },
  {
    "ayah": 3,
    "time": 36083
  },
  {
    "ayah": 4,
    "time": 47229
  },
  {
    "ayah": 5,
    "time": 63569
  },
  {
    "ayah": 6,
    "time": 76386
  },
  {
    "ayah": 7,
    "time": 103089
  },
  {
    "ayah": 8,
    "time": 125566
  },
  {
    "ayah": 9,
    "time": 141277
  },
  {
    "ayah": 10,
    "time": 180426
  },
  {
    "ayah": 11,
    "time": 197230
  },
  {
    "ayah": 12,
    "time": 216960
  },
  {
    "ayah": 13,
    "time": 231774
  },
  {
    "ayah": 14,
    "time": 244824
  },
  {
    "ayah": 15,
    "time": 268522
  },
  {
    "ayah": 16,
    "time": 283044
  },
  {
    "ayah": 17,
    "time": 302502
  },
  {
    "ayah": 18,
    "time": 315366
  }
]