[
  {
    "ayah": 1,
    "time": 3646
  },
  {
    "ayah": 2,
    "time": 15646
  },
  {
    "ayah": 3,
    "time": 24208
  },
  {
    "ayah": 4,
    "time": 30459
  },
  {
    "ayah": 5,
    "time": 59865
  },
  {
    "ayah": 6,
    "time": 88524
  },
  {
    "ayah": 7,
    "time": 124475
  },
  {
    "ayah": 8,
    "time": 140634
  },
  {
    "ayah": 9,
    "time": 148884
  },
  {
    "ayah": 10,
    "time": 172059
  },
  {
    "ayah": 11,
    "time": 189935
  },
  {
    "ayah": 12,
    "time": 198932
  },
  {
    "ayah": 13,
    "time": 210371
  },
  {
    "ayah": 14,
    "time": 234684
  },
  {
    "ayah": 15,
    "time": 247750
  },
  {
    "ayah": 16,
    "time": 259936
  },
  {
    "ayah": 17,
    "time": 273249
  },
  {
    "ayah": 18,
    "time": 294927
  },
  {
    "ayah": 19,
    "time": 309311
  },
  {
    "ayah": 20,
    "time": 342875
  },
  {
    "ayah": 21,
    "time": 363488
  },
  {
    "ayah": 22,
    "time": 385239
  },
  {
    "ayah": 23,
    "time": 403253
  },
  {
    "ayah": 24,
    "time": 420254
  },
  {
    "ayah": 25,
    "time": 437544
  },
  {
    "ayah": 26,
    "time": 452632
  },
  {
    "ayah": 27,
    "time": 469131
  },
  {
    "ayah": 28,
    "time": 484744
  },
  {
    "ayah": 29,
    "time": 506195
  },
  {
    "ayah": 30,
    "time": 525757
  },
  {
    "ayah": 31,
    "time": 544258
  },
  {
    "ayah": 32,
    "time": 568800
  },
  {
    "ayah": 33,
    "time": 593946
  },
  {
    "ayah": 34,
    "time": 621885
  },
  {
    "ayah": 35,
    "time": 637811
  },
  {
    "ayah": 36,
    "time": 694074
  },
  {
    "ayah": 37,
    "time": 724053
  },
  {
    "ayah": 38,
    "time": 772077
  },
  {
    "ayah": 39,
    "time": 788079
  },
  {
    "ayah": 40,
    "time": 802893
  },
  {
    "ayah": 41,
    "time": 822520
  },
  {
    "ayah": 42,
    "time": 829000
  },
  {
    "ayah": 43,
    "time": 833047
  },
  {
    "ayah": 44,
    "time": 847746
  },
  {
    "ayah": 45,
    "time": 857561
  },
  {
    "ayah": 46,
    "time": 867211
  },
  {
    "ayah": 47,
    "time": 873502
  },
  {
    "ayah": 48,
    "time": 880937
  },
  {
    "ayah": 49,
    "time": 895625
  },
  {
    "ayah": 50,
    "time": 924874
  },
  {
    "ayah": 51,
    "time": 988677
  },
  {
    "ayah": 52,
    "time": 1028191
  },
  {
    "ayah": 53,
    "time": 1050941
  },
  {
    "ayah": 54,
    "time": 1125369
  },
  {
    "ayah": 55,
    "time": 1136434
  },
  {
    "ayah": 56,
    "time": 1177995
  },
  {
    "ayah": 57,
    "time": 1194495
  },
  {
    "ayah": 58,
    "time": 1207250
  },
  {
    "ayah": 59,
    "time": 1219060
  },
  {
    "ayah": 60,
    "time": 1249000
  },
  {
    "ayah": 61,
    "time": 1267749
  },
  {
    "ayah": 62,
    "time": 1274998
  },
  {
    "ayah": 63,
    "time": 1285562
  },
  {
    "ayah": 64,
    "time": 1299313
  },
  {
    "ayah": 65,
    "time": 1306189
  },
  {
    "ayah": 66,
    "time": 1314878
  },
  {
    "ayah": 67,
    "time": 1330688
  },
  {
    "ayah": 68,
    "time": 1342364
  },
  {
    "ayah": 69,
    "time": 1352877
  },
  {
    "ayah": 70,
    "time": 1369002
  },
  {
    "ayah": 71,
    "time": 1377628
  },
  {
    "ayah": 72,
    "time": 1391129
  },
  {
    "ayah": 73,
    "time": 1410503
  },
  {
    "ayah": 999,
    "time": 1434193
  }
]