[
  {
    "ayah": 1,
    "time": 4200
  },
  {
    "ayah": 2,
    "time": 26292
  },
  {
    "ayah": 3,
    "time": 39666
  },
  {
    "ayah": 4,
    "time": 49279
  },
  {
    "ayah": 5,
    "time": 64876
  },
  {
    "ayah": 6,
    "time": 84427
  },
  {
    "ayah": 7,
    "time": 100517
  },
  {
    "ayah": 8,
    "time": 126841
  },
  {
    "ayah": 9,
    "time": 141677
  },
  {
    "ayah": 10,
    "time": 158745
  },
  {
    "ayah": 11,
    "time": 168391
  },
  {
    "ayah": 12,
    "time": 179915
  },
  {
    "ayah": 13,
    "time": 208236
  },
  {
    "ayah": 14,
    "time": 224451
  },
  {
    "ayah": 15,
    "time": 232013
  },
  {
    "ayah": 16,
    "time": 255726
  },
  {
    "ayah": 17,
    "time": 279882
  },
  {
    "ayah": 18,
    "time": 293546
  },
  {
    "ayah": 19,
    "time": 317888
  },
  {
    "ayah": 20,
    "time": 334745
  },
  {
    "ayah": 21,
    "time": 348724
  },
  {
    "ayah": 22,
    "time": 361766
  },
  {
    "ayah": 23,
    "time": 372158
  },
  {
    "ayah": 24,
    "time": 399143
  },
  {
    "ayah": 25,
    "time": 410150
  },
  {
    "ayah": 26,
    "time": 423053
  },
  {
    "ayah": 27,
    "time": 432580
  },
  {
    "ayah": 28,
    "time": 444393
  },
  {
    "ayah": 29,
    "time": 460289
  },
  {
    "ayah": 30,
    "time": 473371
  },
  {
    "ayah": 31,
    "time": 487442
  },
  {
    "ayah": 32,
    "time": 502985
  },
  {
    "ayah": 33,
    "time": 512699
  },
  {
    "ayah": 34,
    "time": 534790
  },
  {
    "ayah": 35,
    "time": 551183
  },
  {
    "ayah": 36,
    "time": 564672
  },
  {
    "ayah": 37,
    "time": 579440
  },
  {
    "ayah": 38,
    "time": 591454
  },
  {
    "ayah": 39,
    "time": 598612
  },
  {
    "ayah": 40,
    "time": 618385
  },
  {
    "ayah": 41,
    "time": 632931
  },
  {
    "ayah": 42,
    "time": 643466
  },
  {
    "ayah": 43,
    "time": 654858
  },
  {
    "ayah": 44,
    "time": 662978
  },
  {
    "ayah": 45,
    "time": 686702
  },
  {
    "ayah": 46,
    "time": 699887
  },
  {
    "ayah": 47,
    "time": 720138
  },
  {
    "ayah": 48,
    "time": 737839
  },
  {
    "ayah": 49,
    "time": 748999
  },
  {
    "ayah": 50,
    "time": 761145
  },
  {
    "ayah": 51,
    "time": 765610
  },
  {
    "ayah": 52,
    "time": 790409
  },
  {
    "ayah": 53,
    "time": 801176
  },
  {
    "ayah": 54,
    "time": 819002
  },
  {
    "ayah": 55,
    "time": 834934
  },
  {
    "ayah": 56,
    "time": 850302
  },
  {
    "ayah": 57,
    "time": 862530
  },
  {
    "ayah": 58,
    "time": 884482
  },
  {
    "ayah": 59,
    "time": 903390
  },
  {
    "ayah": 60,
    "time": 926696
  },
  {
    "ayah": 61,
    "time": 955074
  },
  {
    "ayah": 62,
    "time": 971286
  },
  {
    "ayah": 63,
    "time": 988004
  },
  {
    "ayah": 64,
    "time": 1002275
  },
  {
    "ayah": 65,
    "time": 1028035
  },
  {
    "ayah": 66,
    "time": 1037887
  },
  {
    "ayah": 67,
    "time": 1052505
  },
  {
    "ayah": 68,
    "time": 1072799
  },
  {
    "ayah": 69,
    "time": 1095791
  },
  {
    "ayah": 70,
    "time": 1119854
  },
  {
    "ayah": 71,
    "time": 1140241
  },
  {
    "ayah": 72,
    "time": 1158685
  },
  {
    "ayah": 73,
    "time": 1172367
  },
  {
    "ayah": 74,
    "time": 1187417
  },
  {
    "ayah": 75,
    "time": 1196773
  },
  {
    "ayah": 76,
    "time": 1208740
  },
  {
    "ayah": 77,
    "time": 1223222
  },
  {
    "ayah": 78,
    "time": 1235664
  },
  {
    "ayah": 79,
    "time": 1256055
  },
  {
    "ayah": 80,
    "time": 1267919
  },
  {
    "ayah": 81,
    "time": 1284623
  },
  {
    "ayah": 82,
    "time": 1295072
  },
  {
    "ayah": 83,
    "time": 1310158
  },
  {
    "ayah": 84,
    "time": 1322511
  },
  {
    "ayah": 85,
    "time": 1332542
  },
  {
    "ayah": 86,
    "time": 1346495
  },
  {
    "ayah": 87,
    "time": 1360273
  },
  {
    "ayah": 88,
    "time": 1369190
  },
  {
    "ayah": 89,
    "time": 1388126
  },
  {
    "ayah": 90,
    "time": 1401512
  },
  {
    "ayah": 91,
    "time": 1410057
  },
  {
    "ayah": 92,
    "time": 1422317
  },
  {
    "ayah": 93,
    "time": 1435785
  },
  {
    "ayah": 94,
    "time": 1461466
  },
  {
    "ayah": 95,
    "time": 1475484
  },
  {
    "ayah": 96,
    "time": 1490823
  },
  {
    "ayah": 97,
    "time": 1504505
  },
  {
    "ayah": 98,
    "time": 1535166
  },
  {
    "ayah": 99,
    "time": 1555414
  },
  {
    "ayah": 100,
    "time": 1576165
  },
  {
    "ayah": 101,
    "time": 1592659
  },
  {
    "ayah": 102,
    "time": 1614446
  },
  {
    "ayah": 103,
    "time": 1633433
  },
  {
    "ayah": 104,
    "time": 1643735
  },
  {
    "ayah": 105,
    "time": 1658743
  },
  {
    "ayah": 106,
    "time": 1670685
  },
  {
    "ayah": 107,
    "time": 1682481
  },
  {
    "ayah": 108,
    "time": 1702218
  },
  {
    "ayah": 109,
    "time": 1711738
  },
  {
    "ayah": 110,
    "time": 1720822
  },
  {
    "ayah": 111,
    "time": 1747211
  }
]