[
  {
    "ayah": 1,
    "time": 3688
  },
  {
    "ayah": 2,
    "time": 6400
  },
  {
    "ayah": 3,
    "time": 10957
  },
  {
    "ayah": 4,
    "time": 14603
  },
  {
    "ayah": 5,
    "time": 19600
  },
  {
    "ayah": 6,
    "time": 24579
  },
  {
    "ayah": 7,
    "time": 34141
  },
  {
    "ayah": 8,
    "time": 43268
  },
  {
    "ayah": 9,
    "time": 50142
  },
  {
    "ayah": 10,
    "time": 57079
  },
  {
    "ayah": 11,
    "time": 62050
  },
  {
    "ayah": 12,
    "time": 69799
  },
  {
    "ayah": 13,
    "time": 77738
  },
  {
    "ayah": 14,
    "time": 84052
  },
  {
    "ayah": 15,
    "time": 109302
  },
  {
    "ayah": 16,
    "time": 116490
  },
  {
    "ayah": 17,
    "time": 125577
  },
  {
    "ayah": 18,
    "time": 135801
  },
  {
    "ayah": 19,
    "time": 150816
  },
  {
    "ayah": 20,
    "time": 165365
  },
  {
    "ayah": 21,
    "time": 177242
  },
  {
    "ayah": 22,
    "time": 192866
  },
  {
    "ayah": 23,
    "time": 197929
  },
  {
    "ayah": 24,
    "time": 210869
  },
  {
    "ayah": 25,
    "time": 237057
  },
  {
    "ayah": 26,
    "time": 246245
  },
  {
    "ayah": 27,
    "time": 251993
  },
  {
    "ayah": 28,
    "time": 283433
  },
  {
    "ayah": 29,
    "time": 301157
  },
  {
    "ayah": 30,
    "time": 310809
  },
  {
    "ayah": 31,
    "time": 318145
  },
  {
    "ayah": 32,
    "time": 325684
  },
  {
    "ayah": 33,
    "time": 337061
  },
  {
    "ayah": 34,
    "time": 366250
  },
  {
    "ayah": 35,
    "time": 374500
  },
  {
    "ayah": 36,
    "time": 384998
  },
  {
    "ayah": 37,
    "time": 389623
  },
  {
    "ayah": 38,
    "time": 397188
  },
  {
    "ayah": 39,
    "time": 406813
  },
  {
    "ayah": 40,
    "time": 412123
  },
  {
    "ayah": 41,
    "time": 418628
  },
  {
    "ayah": 42,
    "time": 434000
  },
  {
    "ayah": 43,
    "time": 440179
  },
  {
    "ayah": 44,
    "time": 446315
  },
  {
    "ayah": 45,
    "time": 467000
  },
  {
    "ayah": 46,
    "time": 475921
  },
  {
    "ayah": 47,
    "time": 482736
  },
  {
    "ayah": 48,
    "time": 490062
  },
  {
    "ayah": 49,
    "time": 495173
  },
  {
    "ayah": 50,
    "time": 501548
  },
  {
    "ayah": 51,
    "time": 518363
  },
  {
    "ayah": 52,
    "time": 527052
  },
  {
    "ayah": 53,
    "time": 535113
  },
  {
    "ayah": 54,
    "time": 542551
  },
  {
    "ayah": 55,
    "time": 546100
  },
  {
    "ayah": 56,
    "time": 551753
  },
  {
    "ayah": 57,
    "time": 556540
  },
  {
    "ayah": 58,
    "time": 561700
  },
  {
    "ayah": 59,
    "time": 566000
  },
  {
    "ayah": 60,
    "time": 569851
  },
  {
    "ayah": 61,
    "time": 580000
  },
  {
    "ayah": 62,
    "time": 588365
  },
  {
    "ayah": 63,
    "time": 597701
  },
  {
    "ayah": 64,
    "time": 606430
  },
  {
    "ayah": 65,
    "time": 612639
  },
  {
    "ayah": 66,
    "time": 617753
  },
  {
    "ayah": 67,
    "time": 625615
  },
  {
    "ayah": 68,
    "time": 629677
  },
  {
    "ayah": 69,
    "time": 637841
  },
  {
    "ayah": 70,
    "time": 642405
  },
  {
    "ayah": 71,
    "time": 651366
  },
  {
    "ayah": 72,
    "time": 666680
  },
  {
    "ayah": 73,
    "time": 673416
  },
  {
    "ayah": 74,
    "time": 678367
  },
  {
    "ayah": 75,
    "time": 684543
  },
  {
    "ayah": 76,
    "time": 692300
  },
  {
    "ayah": 77,
    "time": 699300
  },
  {
    "ayah": 78,
    "time": 707861
  },
  {
    "ayah": 79,
    "time": 715474
  },
  {
    "ayah": 80,
    "time": 720163
  },
  {
    "ayah": 81,
    "time": 727923
  },
  {
    "ayah": 82,
    "time": 731387
  },
  {
    "ayah": 83,
    "time": 738612
  },
  {
    "ayah": 84,
    "time": 749426
  },
  {
    "ayah": 85,
    "time": 754840
  },
  {
    "ayah": 86,
    "time": 759364
  },
  {
    "ayah": 87,
    "time": 764000
  },
  {
    "ayah": 88,
    "time": 768614
  },
  {
    "ayah": 89,
    "time": 777539
  },
  {
    "ayah": 90,
    "time": 782641
  },
  {
    "ayah": 91,
    "time": 787501
  },
  {
    "ayah": 92,
    "time": 802616
  },
  {
    "ayah": 93,
    "time": 809801
  },
  {
    "ayah": 94,
    "time": 813941
  },
  {
    "ayah": 95,
    "time": 817866
  },
  {
    "ayah": 96,
    "time": 822864
  },
  {
    "ayah": 97,
    "time": 828727
  },
  {
    "ayah": 98,
    "time": 833200
  },
  {
    "ayah": 99,
    "time": 836552
  },
  {
    "ayah": 100,
    "time": 842100
  },
  {
    "ayah": 101,
    "time": 856992
  },
  {
    "ayah": 102,
    "time": 865180
  },
  {
    "ayah": 103,
    "time": 871000
  },
  {
    "ayah": 104,
    "time": 880119
  },
  {
    "ayah": 105,
    "time": 885166
  },
  {
    "ayah": 106,
    "time": 891556
  },
  {
    "ayah": 107,
    "time": 900200
  },
  {
    "ayah": 108,
    "time": 906269
  },
  {
    "ayah": 109,
    "time": 910182
  },
  {
    "ayah": 110,
    "time": 925858
  },
  {
    "ayah": 111,
    "time": 934000
  },
  {
    "ayah": 112,
    "time": 942745
  },
  {
    "ayah": 113,
    "time": 946820
  },
  {
    "ayah": 114,
    "time": 954106
  },
  {
    "ayah": 115,
    "time": 960209
  },
  {
    "ayah": 116,
    "time": 968119
  },
  {
    "ayah": 117,
    "time": 975000
  },
  {
    "ayah": 118,
    "time": 987921
  },
  {
    "ayah": 999,
    "time": 994415
  }
]