[
  {
    "ayah": 1,
    "time": 3906
  },
  {
    "ayah": 2,
    "time": 13655
  },
  {
    "ayah": 3,
    "time": 34166
  },
  {
    "ayah": 4,
    "time": 46104
  },
  {
    "ayah": 5,
    "time": 64243
  },
  {
    "ayah": 6,
    "time": 71728
  },
  {
    "ayah": 7,
    "time": 86918
  },
  {
    "ayah": 8,
    "time": 92854
  },
  {
    "ayah": 9,
    "time": 100731
  },
  {
    "ayah": 10,
    "time": 107541
  },
  {
    "ayah": 11,
    "time": 115981
  },
  {
    "ayah": 12,
    "time": 140694
  },
  {
    "ayah": 13,
    "time": 153194
  },
  {
    "ayah": 14,
    "time": 171509
  },
  {
    "ayah": 15,
    "time": 186195
  },
  {
    "ayah": 16,
    "time": 202260
  },
  {
    "ayah": 17,
    "time": 217199
  },
  {
    "ayah": 18,
    "time": 226635
  },
  {
    "ayah": 19,
    "time": 233574
  },
  {
    "ayah": 20,
    "time": 256073
  },
  {
    "ayah": 21,
    "time": 267137
  },
  {
    "ayah": 22,
    "time": 301326
  },
  {
    "ayah": 23,
    "time": 330887
  },
  {
    "ayah": 24,
    "time": 343575
  },
  {
    "ayah": 25,
    "time": 353013
  },
  {
    "ayah": 26,
    "time": 364076
  },
  {
    "ayah": 27,
    "time": 388327
  },
  {
    "ayah": 28,
    "time": 404703
  },
  {
    "ayah": 29,
    "time": 422014
  },
  {
    "ayah": 30,
    "time": 436265
  },
  {
    "ayah": 31,
    "time": 450617
  },
  {
    "ayah": 32,
    "time": 542868
  },
  {
    "ayah": 33,
    "time": 562496
  },
  {
    "ayah": 34,
    "time": 607996
  },
  {
    "ayah": 35,
    "time": 620998
  },
  {
    "ayah": 36,
    "time": 678000
  },
  {
    "ayah": 37,
    "time": 688691
  },
  {
    "ayah": 38,
    "time": 713186
  },
  {
    "ayah": 39,
    "time": 726334
  },
  {
    "ayah": 40,
    "time": 749210
  },
  {
    "ayah": 41,
    "time": 778462
  },
  {
    "ayah": 42,
    "time": 798838
  },
  {
    "ayah": 43,
    "time": 805588
  },
  {
    "ayah": 44,
    "time": 841341
  },
  {
    "ayah": 45,
    "time": 855401
  },
  {
    "ayah": 46,
    "time": 884214
  },
  {
    "ayah": 47,
    "time": 895000
  },
  {
    "ayah": 48,
    "time": 911193
  },
  {
    "ayah": 49,
    "time": 920653
  },
  {
    "ayah": 50,
    "time": 925904
  },
  {
    "ayah": 51,
    "time": 940093
  },
  {
    "ayah": 52,
    "time": 956467
  },
  {
    "ayah": 53,
    "time": 967718
  },
  {
    "ayah": 54,
    "time": 984759
  },
  {
    "ayah": 55,
    "time": 1008074
  },
  {
    "ayah": 56,
    "time": 1042704
  },
  {
    "ayah": 57,
    "time": 1050267
  },
  {
    "ayah": 58,
    "time": 1061119
  },
  {
    "ayah": 59,
    "time": 1108180
  },
  {
    "ayah": 60,
    "time": 1124369
  },
  {
    "ayah": 61,
    "time": 1154938
  },
  {
    "ayah": 62,
    "time": 1229751
  },
  {
    "ayah": 63,
    "time": 1263804
  },
  {
    "ayah": 64,
    "time": 1289489
  },
  {
    "ayah": 999,
    "time": 1311725
  }
]