[
  {
    "ayah": 1,
    "time": 4200
  },
  {
    "ayah": 2,
    "time": 6494
  },
  {
    "ayah": 3,
    "time": 11888
  },
  {
    "ayah": 4,
    "time": 16028
  },
  {
    "ayah": 5,
    "time": 23498
  },
  {
    "ayah": 6,
    "time": 27406
  },
  {
    "ayah": 7,
    "time": 35712
  },
  {
    "ayah": 8,
    "time": 43142
  },
  {
    "ayah": 9,
    "time": 51316
  },
  {
    "ayah": 10,
    "time": 54891
  },
  {
    "ayah": 11,
    "time": 72764
  },
  {
    "ayah": 12,
    "time": 78590
  },
  {
    "ayah": 13,
    "time": 88707
  },
  {
    "ayah": 14,
    "time": 93815
  },
  {
    "ayah": 15,
    "time": 104993
  },
  {
    "ayah": 16,
    "time": 116424
  },
  {
    "ayah": 17,
    "time": 126762
  },
  {
    "ayah": 18,
    "time": 132578
  },
  {
    "ayah": 19,
    "time": 143281
  },
  {
    "ayah": 20,
    "time": 146517
  },
  {
    "ayah": 21,
    "time": 151672
  },
  {
    "ayah": 22,
    "time": 158313
  },
  {
    "ayah": 23,
    "time": 169659
  },
  {
    "ayah": 24,
    "time": 173685
  },
  {
    "ayah": 25,
    "time": 183576
  },
  {
    "ayah": 26,
    "time": 187145
  },
  {
    "ayah": 27,
    "time": 189839
  },
  {
    "ayah": 28,
    "time": 194189
  },
  {
    "ayah": 29,
    "time": 196218
  },
  {
    "ayah": 30,
    "time": 200397
  },
  {
    "ayah": 31,
    "time": 202712
  },
  {
    "ayah": 32,
    "time": 204495
  },
  {
    "ayah": 33,
    "time": 207921
  },
  {
    "ayah": 34,
    "time": 211264
  },
  {
    "ayah": 35,
    "time": 214190
  },
  {
    "ayah": 36,
    "time": 219331
  },
  {
    "ayah": 37,
    "time": 223835
  },
  {
    "ayah": 38,
    "time": 229369
  },
  {
    "ayah": 39,
    "time": 234888
  },
  {
    "ayah": 40,
    "time": 258476
  },
  {
    "ayah": 41,
    "time": 293495
  },
  {
    "ayah": 42,
    "time": 296660
  },
  {
    "ayah": 43,
    "time": 305012
  },
  {
    "ayah": 44,
    "time": 310771
  },
  {
    "ayah": 45,
    "time": 318580
  },
  {
    "ayah": 46,
    "time": 328179
  },
  {
    "ayah": 47,
    "time": 336309
  },
  {
    "ayah": 48,
    "time": 366970
  },
  {
    "ayah": 49,
    "time": 382017
  },
  {
    "ayah": 50,
    "time": 386514
  },
  {
    "ayah": 51,
    "time": 394834
  },
  {
    "ayah": 52,
    "time": 399339
  },
  {
    "ayah": 53,
    "time": 410106
  },
  {
    "ayah": 54,
    "time": 432883
  },
  {
    "ayah": 55,
    "time": 443424
  },
  {
    "ayah": 56,
    "time": 455159
  },
  {
    "ayah": 57,
    "time": 461940
  },
  {
    "ayah": 58,
    "time": 469463
  },
  {
    "ayah": 59,
    "time": 491697
  },
  {
    "ayah": 60,
    "time": 501885
  },
  {
    "ayah": 61,
    "time": 509262
  },
  {
    "ayah": 62,
    "time": 529649
  },
  {
    "ayah": 63,
    "time": 537544
  },
  {
    "ayah": 64,
    "time": 553326
  },
  {
    "ayah": 65,
    "time": 564236
  },
  {
    "ayah": 66,
    "time": 578590
  },
  {
    "ayah": 67,
    "time": 591228
  },
  {
    "ayah": 68,
    "time": 597358
  },
  {
    "ayah": 69,
    "time": 603581
  },
  {
    "ayah": 70,
    "time": 619221
  },
  {
    "ayah": 71,
    "time": 631592
  },
  {
    "ayah": 72,
    "time": 666136
  },
  {
    "ayah": 73,
    "time": 688341
  },
  {
    "ayah": 74,
    "time": 705556
  },
  {
    "ayah": 75,
    "time": 720610
  },
  {
    "ayah": 76,
    "time": 733706
  },
  {
    "ayah": 77,
    "time": 750599
  },
  {
    "ayah": 78,
    "time": 767275
  },
  {
    "ayah": 79,
    "time": 776835
  },
  {
    "ayah": 80,
    "time": 781818
  },
  {
    "ayah": 81,
    "time": 801376
  },
  {
    "ayah": 82,
    "time": 820117
  },
  {
    "ayah": 83,
    "time": 831516
  },
  {
    "ayah": 84,
    "time": 838925
  },
  {
    "ayah": 85,
    "time": 848266
  },
  {
    "ayah": 86,
    "time": 857840
  },
  {
    "ayah": 87,
    "time": 883753
  },
  {
    "ayah": 88,
    "time": 903390
  },
  {
    "ayah": 89,
    "time": 915976
  },
  {
    "ayah": 90,
    "time": 926743
  },
  {
    "ayah": 91,
    "time": 946254
  },
  {
    "ayah": 92,
    "time": 954946
  },
  {
    "ayah": 93,
    "time": 961315
  },
  {
    "ayah": 94,
    "time": 967009
  },
  {
    "ayah": 95,
    "time": 987693
  },
  {
    "ayah": 96,
    "time": 991926
  },
  {
    "ayah": 97,
    "time": 1008670
  },
  {
    "ayah": 98,
    "time": 1039366
  },
  {
    "ayah": 99,
    "time": 1051069
  },
  {
    "ayah": 100,
    "time": 1064537
  },
  {
    "ayah": 101,
    "time": 1072385
  },
  {
    "ayah": 102,
    "time": 1081734
  },
  {
    "ayah": 103,
    "time": 1092454
  },
  {
    "ayah": 104,
    "time": 1099745
  },
  {
    "ayah": 105,
    "time": 1111673
  },
  {
    "ayah": 106,
    "time": 1120683
  },
  {
    "ayah": 107,
    "time": 1124623
  },
  {
    "ayah": 108,
    "time": 1129846
  },
  {
    "ayah": 109,
    "time": 1150544
  },
  {
    "ayah": 110,
    "time": 1162061
  },
  {
    "ayah": 111,
    "time": 1171302
  },
  {
    "ayah": 112,
    "time": 1182959
  },
  {
    "ayah": 113,
    "time": 1193275
  },
  {
    "ayah": 114,
    "time": 1211991
  },
  {
    "ayah": 115,
    "time": 1227630
  },
  {
    "ayah": 116,
    "time": 1237061
  },
  {
    "ayah": 117,
    "time": 1248910
  },
  {
    "ayah": 118,
    "time": 1262942
  },
  {
    "ayah": 119,
    "time": 1269058
  },
  {
    "ayah": 120,
    "time": 1274863
  },
  {
    "ayah": 121,
    "time": 1287130
  },
  {
    "ayah": 122,
    "time": 1303949
  },
  {
    "ayah": 123,
    "time": 1310079
  },
  {
    "ayah": 124,
    "time": 1329291
  },
  {
    "ayah": 125,
    "time": 1342726
  },
  {
    "ayah": 126,
    "time": 1350196
  },
  {
    "ayah": 127,
    "time": 1361070
  },
  {
    "ayah": 128,
    "time": 1373230
  },
  {
    "ayah": 129,
    "time": 1390699
  },
  {
    "ayah": 130,
    "time": 1400730
  },
  {
    "ayah": 131,
    "time": 1421635
  },
  {
    "ayah": 132,
    "time": 1441172
  },
  {
    "ayah": 133,
    "time": 1454739
  },
  {
    "ayah": 134,
    "time": 1467371
  },
  {
    "ayah": 135,
    "time": 1490134
  }
]