[
  {
    "ayah": 1,
    "time": 5704
  },
  {
    "ayah": 2,
    "time": 16153
  },
  {
    "ayah": 3,
    "time": 29760
  },
  {
    "ayah": 4,
    "time": 39977
  },
  {
    "ayah": 5,
    "time": 50055
  },
  {
    "ayah": 6,
    "time": 59853
  },
  {
    "ayah": 7,
    "time": 68027
  },
  {
    "ayah": 8,
    "time": 77083
  },
  {
    "ayah": 9,
    "time": 86696
  },
  {
    "ayah": 10,
    "time": 98584
  },
  {
    "ayah": 11,
    "time": 106386
  },
  {
    "ayah": 12,
    "time": 115488
  },
  {
    "ayah": 13,
    "time": 122315
  },
  {
    "ayah": 14,
    "time": 133461
  },
  {
    "ayah": 15,
    "time": 140938
  },
  {
    "ayah": 16,
    "time": 152455
  },
  {
    "ayah": 17,
    "time": 159699
  },
  {
    "ayah": 18,
    "time": 167315
  },
  {
    "ayah": 19,
    "time": 172935
  },
  {
    "ayah": 20,
    "time": 184730
  },
  {
    "ayah": 21,
    "time": 192486
  },
  {
    "ayah": 22,
    "time": 210690
  },
  {
    "ayah": 23,
    "time": 221464
  },
  {
    "ayah": 24,
    "time": 228477
  },
  {
    "ayah": 25,
    "time": 235350
  },
  {
    "ayah": 26,
    "time": 240690
  },
  {
    "ayah": 27,
    "time": 247424
  },
  {
    "ayah": 28,
    "time": 261588
  },
  {
    "ayah": 29,
    "time": 275010
  },
  {
    "ayah": 30,
    "time": 285505
  },
  {
    "ayah": 31,
    "time": 301341
  }
]