[
  {
    "ayah": 1,
    "time": 3626
  },
  {
    "ayah": 2,
    "time": 8043
  },
  {
    "ayah": 3,
    "time": 11504
  },
  {
    "ayah": 4,
    "time": 13621
  },
  {
    "ayah": 5,
    "time": 16890
  },
  {
    "ayah": 6,
    "time": 20101
  },
  {
    "ayah": 7,
    "time": 29661
  },
  {
    "ayah": 8,
    "time": 34098
  },
  {
    "ayah": 9,
    "time": 38199
  },
  {
    "ayah": 10,
    "time": 42510
  },
  {
    "ayah": 11,
    "time": 49036
  },
  {
    "ayah": 12,
    "time": 51854
  },
  {
    "ayah": 13,
    "time": 54116
  },
  {
    "ayah": 14,
    "time": 58000
  },
  {
    "ayah": 15,
    "time": 61491
  },
  {
    "ayah": 16,
    "time": 65981
  },
  {
    "ayah": 17,
    "time": 68481
  },
  {
    "ayah": 18,
    "time": 70523
  },
  {
    "ayah": 19,
    "time": 72583
  },
  {
    "ayah": 20,
    "time": 77053
  },
  {
    "ayah": 21,
    "time": 79739
  },
  {
    "ayah": 22,
    "time": 87171
  },
  {
    "ayah": 23,
    "time": 90500
  },
  {
    "ayah": 24,
    "time": 94205
  },
  {
    "ayah": 25,
    "time": 97973
  },
  {
    "ayah": 999,
    "time": 106436
  }
]