[
  {
    "ayah": 1,
    "time": 3782
  },
  {
    "ayah": 2,
    "time": 41663
  },
  {
    "ayah": 3,
    "time": 69175
  },
  {
    "ayah": 4,
    "time": 85849
  },
  {
    "ayah": 5,
    "time": 116815
  },
  {
    "ayah": 6,
    "time": 130320
  },
  {
    "ayah": 7,
    "time": 167753
  },
  {
    "ayah": 8,
    "time": 192502
  },
  {
    "ayah": 9,
    "time": 208706
  },
  {
    "ayah": 10,
    "time": 214400
  },
  {
    "ayah": 11,
    "time": 228117
  },
  {
    "ayah": 12,
    "time": 263432
  },
  {
    "ayah": 999,
    "time": 287700
  }
]