[
  {
    "ayah": 1,
    "time": 4124
  },
  {
    "ayah": 2,
    "time": 11685
  },
  {
    "ayah": 3,
    "time": 27106
  },
  {
    "ayah": 4,
    "time": 47183
  },
  {
    "ayah": 5,
    "time": 63206
  },
  {
    "ayah": 6,
    "time": 79727
  },
  {
    "ayah": 7,
    "time": 95899
  },
  {
    "ayah": 8,
    "time": 124088
  },
  {
    "ayah": 9,
    "time": 155533
  },
  {
    "ayah": 10,
    "time": 167746
  },
  {
    "ayah": 11,
    "time": 222672
  },
  {
    "ayah": 12,
    "time": 235643
  },
  {
    "ayah": 13,
    "time": 262825
  },
  {
    "ayah": 14,
    "time": 283257
  },
  {
    "ayah": 15,
    "time": 304034
  },
  {
    "ayah": 16,
    "time": 317950
  },
  {
    "ayah": 17,
    "time": 335876
  },
  {
    "ayah": 18,
    "time": 371327
  },
  {
    "ayah": 19,
    "time": 388045
  },
  {
    "ayah": 20,
    "time": 403279
  },
  {
    "ayah": 21,
    "time": 427462
  },
  {
    "ayah": 22,
    "time": 440830
  },
  {
    "ayah": 23,
    "time": 463010
  },
  {
    "ayah": 24,
    "time": 483087
  },
  {
    "ayah": 25,
    "time": 511177
  },
  {
    "ayah": 26,
    "time": 550237
  },
  {
    "ayah": 27,
    "time": 566511
  },
  {
    "ayah": 28,
    "time": 594147
  },
  {
    "ayah": 29,
    "time": 612129
  },
  {
    "ayah": 30,
    "time": 644918
  },
  {
    "ayah": 31,
    "time": 653129
  },
  {
    "ayah": 32,
    "time": 678664
  },
  {
    "ayah": 33,
    "time": 702897
  },
  {
    "ayah": 34,
    "time": 734041
  },
  {
    "ayah": 35,
    "time": 751314
  },
  {
    "ayah": 36,
    "time": 764233
  },
  {
    "ayah": 37,
    "time": 782964
  },
  {
    "ayah": 38,
    "time": 794071
  },
  {
    "ayah": 39,
    "time": 819106
  },
  {
    "ayah": 40,
    "time": 840036
  },
  {
    "ayah": 41,
    "time": 881288
  },
  {
    "ayah": 42,
    "time": 909329
  },
  {
    "ayah": 43,
    "time": 924601
  },
  {
    "ayah": 44,
    "time": 938266
  },
  {
    "ayah": 45,
    "time": 953590
  },
  {
    "ayah": 46,
    "time": 982980
  },
  {
    "ayah": 47,
    "time": 1025939
  },
  {
    "ayah": 48,
    "time": 1058432
  },
  {
    "ayah": 49,
    "time": 1078611
  },
  {
    "ayah": 50,
    "time": 1098341
  },
  {
    "ayah": 51,
    "time": 1121825
  },
  {
    "ayah": 52,
    "time": 1144154
  },
  {
    "ayah": 53,
    "time": 1169638
  },
  {
    "ayah": 54,
    "time": 1193724
  },
  {
    "ayah": 55,
    "time": 1206090
  },
  {
    "ayah": 56,
    "time": 1222613
  },
  {
    "ayah": 57,
    "time": 1237631
  },
  {
    "ayah": 58,
    "time": 1250399
  },
  {
    "ayah": 59,
    "time": 1284246
  },
  {
    "ayah": 60,
    "time": 1291754
  },
  {
    "ayah": 61,
    "time": 1310682
  },
  {
    "ayah": 62,
    "time": 1330960
  },
  {
    "ayah": 63,
    "time": 1348234
  },
  {
    "ayah": 64,
    "time": 1378529
  },
  {
    "ayah": 65,
    "time": 1399453
  },
  {
    "ayah": 66,
    "time": 1416374
  },
  {
    "ayah": 67,
    "time": 1427640
  },
  {
    "ayah": 68,
    "time": 1450222
  },
  {
    "ayah": 69,
    "time": 1471950
  },
  {
    "ayah": 999,
    "time": 1486871
  }
]