[
  {
    "ayah": 1,
    "time": 7005
  },
  {
    "ayah": 2,
    "time": 11231
  },
  {
    "ayah": 3,
    "time": 14846
  },
  {
    "ayah": 4,
    "time": 18568
  },
  {
    "ayah": 5,
    "time": 23955
  },
  {
    "ayah": 6,
    "time": 29528
  },
  {
    "ayah": 7,
    "time": 33933
  },
  {
    "ayah": 8,
    "time": 46890
  },
  {
    "ayah": 9,
    "time": 50465
  },
  {
    "ayah": 10,
    "time": 55681
  },
  {
    "ayah": 11,
    "time": 60457
  },
  {
    "ayah": 12,
    "time": 64901
  },
  {
    "ayah": 13,
    "time": 70342
  },
  {
    "ayah": 14,
    "time": 77222
  },
  {
    "ayah": 15,
    "time": 81773
  },
  {
    "ayah": 16,
    "time": 86138
  },
  {
    "ayah": 17,
    "time": 90775
  },
  {
    "ayah": 18,
    "time": 95923
  },
  {
    "ayah": 19,
    "time": 101503
  }
]