[
  {
    "ayah": 1,
    "time": 3352
  },
  {
    "ayah": 2,
    "time": 7042
  },
  {
    "ayah": 3,
    "time": 9000
  },
  {
    "ayah": 4,
    "time": 11100
  },
  {
    "ayah": 5,
    "time": 13950
  },
  {
    "ayah": 6,
    "time": 17452
  },
  {
    "ayah": 7,
    "time": 21157
  },
  {
    "ayah": 8,
    "time": 26331
  },
  {
    "ayah": 9,
    "time": 29657
  },
  {
    "ayah": 10,
    "time": 34844
  },
  {
    "ayah": 11,
    "time": 38346
  },
  {
    "ayah": 12,
    "time": 43743
  },
  {
    "ayah": 13,
    "time": 47532
  },
  {
    "ayah": 14,
    "time": 53745
  },
  {
    "ayah": 15,
    "time": 60408
  },
  {
    "ayah": 16,
    "time": 68531
  },
  {
    "ayah": 17,
    "time": 74767
  },
  {
    "ayah": 18,
    "time": 79328
  },
  {
    "ayah": 19,
    "time": 85416
  },
  {
    "ayah": 20,
    "time": 89454
  },
  {
    "ayah": 21,
    "time": 93457
  },
  {
    "ayah": 22,
    "time": 98856
  },
  {
    "ayah": 23,
    "time": 103170
  },
  {
    "ayah": 24,
    "time": 108643
  },
  {
    "ayah": 25,
    "time": 114980
  },
  {
    "ayah": 26,
    "time": 121271
  },
  {
    "ayah": 27,
    "time": 125832
  },
  {
    "ayah": 28,
    "time": 133207
  },
  {
    "ayah": 29,
    "time": 141207
  },
  {
    "ayah": 30,
    "time": 148272
  },
  {
    "ayah": 31,
    "time": 154081
  },
  {
    "ayah": 32,
    "time": 158269
  },
  {
    "ayah": 33,
    "time": 164458
  },
  {
    "ayah": 34,
    "time": 179754
  },
  {
    "ayah": 35,
    "time": 185379
  },
  {
    "ayah": 36,
    "time": 194318
  },
  {
    "ayah": 37,
    "time": 200008
  },
  {
    "ayah": 38,
    "time": 207444
  },
  {
    "ayah": 39,
    "time": 213131
  },
  {
    "ayah": 40,
    "time": 222343
  },
  {
    "ayah": 41,
    "time": 227946
  },
  {
    "ayah": 42,
    "time": 239400
  },
  {
    "ayah": 43,
    "time": 246257
  },
  {
    "ayah": 44,
    "time": 254371
  },
  {
    "ayah": 45,
    "time": 261407
  },
  {
    "ayah": 46,
    "time": 270310
  },
  {
    "ayah": 47,
    "time": 275621
  },
  {
    "ayah": 48,
    "time": 281600
  },
  {
    "ayah": 49,
    "time": 284647
  },
  {
    "ayah": 50,
    "time": 290100
  },
  {
    "ayah": 51,
    "time": 294100
  },
  {
    "ayah": 52,
    "time": 300000
  },
  {
    "ayah": 53,
    "time": 306059
  },
  {
    "ayah": 54,
    "time": 312072
  },
  {
    "ayah": 55,
    "time": 322496
  },
  {
    "ayah": 56,
    "time": 328448
  },
  {
    "ayah": 57,
    "time": 338749
  },
  {
    "ayah": 58,
    "time": 344249
  },
  {
    "ayah": 59,
    "time": 349872
  },
  {
    "ayah": 60,
    "time": 355686
  },
  {
    "ayah": 61,
    "time": 362375
  },
  {
    "ayah": 62,
    "time": 370000
  },
  {
    "ayah": 63,
    "time": 374874
  },
  {
    "ayah": 64,
    "time": 381250
  },
  {
    "ayah": 65,
    "time": 387325
  },
  {
    "ayah": 66,
    "time": 393107
  },
  {
    "ayah": 67,
    "time": 397545
  },
  {
    "ayah": 68,
    "time": 403021
  },
  {
    "ayah": 69,
    "time": 409000
  },
  {
    "ayah": 70,
    "time": 415147
  },
  {
    "ayah": 71,
    "time": 418958
  },
  {
    "ayah": 72,
    "time": 424385
  },
  {
    "ayah": 73,
    "time": 429795
  },
  {
    "ayah": 74,
    "time": 436148
  },
  {
    "ayah": 75,
    "time": 445022
  },
  {
    "ayah": 76,
    "time": 451509
  },
  {
    "ayah": 77,
    "time": 459272
  },
  {
    "ayah": 78,
    "time": 466459
  },
  {
    "ayah": 999,
    "time": 474764
  }
]