[
  {
    "ayah": 1,
    "time": 9906
  },
  {
    "ayah": 2,
    "time": 25127
  },
  {
    "ayah": 3,
    "time": 38193
  },
  {
    "ayah": 4,
    "time": 83253
  },
  {
    "ayah": 5,
    "time": 91525
  },
  {
    "ayah": 6,
    "time": 117302
  },
  {
    "ayah": 7,
    "time": 138481
  },
  {
    "ayah": 8,
    "time": 176993
  },
  {
    "ayah": 9,
    "time": 203279
  },
  {
    "ayah": 10,
    "time": 218499
  },
  {
    "ayah": 11,
    "time": 238778
  },
  {
    "ayah": 12,
    "time": 252244
  },
  {
    "ayah": 13,
    "time": 290398
  },
  {
    "ayah": 14,
    "time": 310624
  },
  {
    "ayah": 15,
    "time": 331704
  },
  {
    "ayah": 16,
    "time": 346423
  },
  {
    "ayah": 17,
    "time": 363748
  },
  {
    "ayah": 18,
    "time": 411814
  },
  {
    "ayah": 19,
    "time": 440052
  },
  {
    "ayah": 20,
    "time": 454371
  },
  {
    "ayah": 21,
    "time": 481109
  },
  {
    "ayah": 22,
    "time": 494477
  },
  {
    "ayah": 23,
    "time": 501535
  },
  {
    "ayah": 24,
    "time": 518558
  },
  {
    "ayah": 25,
    "time": 533473
  },
  {
    "ayah": 26,
    "time": 544987
  },
  {
    "ayah": 27,
    "time": 557654
  },
  {
    "ayah": 28,
    "time": 594705
  },
  {
    "ayah": 29,
    "time": 625707
  },
  {
    "ayah": 30,
    "time": 655898
  },
  {
    "ayah": 31,
    "time": 668113
  },
  {
    "ayah": 32,
    "time": 726645
  },
  {
    "ayah": 33,
    "time": 742867
  },
  {
    "ayah": 34,
    "time": 758288
  },
  {
    "ayah": 35,
    "time": 778316
  },
  {
    "ayah": 36,
    "time": 792785
  },
  {
    "ayah": 37,
    "time": 810358
  },
  {
    "ayah": 38,
    "time": 826031
  },
  {
    "ayah": 39,
    "time": 848910
  },
  {
    "ayah": 40,
    "time": 862130
  },
  {
    "ayah": 41,
    "time": 900632
  },
  {
    "ayah": 42,
    "time": 912749
  },
  {
    "ayah": 43,
    "time": 931474
  },
  {
    "ayah": 44,
    "time": 955015
  },
  {
    "ayah": 45,
    "time": 982707
  },
  {
    "ayah": 46,
    "time": 999711
  },
  {
    "ayah": 47,
    "time": 1022843
  },
  {
    "ayah": 48,
    "time": 1042368
  },
  {
    "ayah": 49,
    "time": 1068505
  },
  {
    "ayah": 50,
    "time": 1094291
  },
  {
    "ayah": 51,
    "time": 1112015
  },
  {
    "ayah": 52,
    "time": 1127234
  },
  {
    "ayah": 53,
    "time": 1149166
  },
  {
    "ayah": 54,
    "time": 1165689
  },
  {
    "ayah": 55,
    "time": 1190572
  },
  {
    "ayah": 56,
    "time": 1200697
  },
  {
    "ayah": 57,
    "time": 1225279
  },
  {
    "ayah": 58,
    "time": 1250717
  },
  {
    "ayah": 59,
    "time": 1279705
  },
  {
    "ayah": 60,
    "time": 1293322
  },
  {
    "ayah": 61,
    "time": 1313249
  },
  {
    "ayah": 62,
    "time": 1344594
  },
  {
    "ayah": 63,
    "time": 1382594
  },
  {
    "ayah": 64,
    "time": 1410184
  },
  {
    "ayah": 65,
    "time": 1430708
  },
  {
    "ayah": 66,
    "time": 1443177
  },
  {
    "ayah": 67,
    "time": 1464707
  },
  {
    "ayah": 68,
    "time": 1472516
  },
  {
    "ayah": 69,
    "time": 1485684
  },
  {
    "ayah": 70,
    "time": 1506411
  },
  {
    "ayah": 71,
    "time": 1527043
  },
  {
    "ayah": 72,
    "time": 1541711
  },
  {
    "ayah": 73,
    "time": 1557832
  },
  {
    "ayah": 74,
    "time": 1576207
  },
  {
    "ayah": 75,
    "time": 1589076
  },
  {
    "ayah": 76,
    "time": 1596486
  },
  {
    "ayah": 77,
    "time": 1615412
  },
  {
    "ayah": 78,
    "time": 1630983
  },
  {
    "ayah": 79,
    "time": 1662686
  },
  {
    "ayah": 80,
    "time": 1674101
  },
  {
    "ayah": 81,
    "time": 1685015
  },
  {
    "ayah": 82,
    "time": 1720913
  },
  {
    "ayah": 83,
    "time": 1739040
  },
  {
    "ayah": 84,
    "time": 1747752
  },
  {
    "ayah": 85,
    "time": 1780397
  },
  {
    "ayah": 86,
    "time": 1795518
  },
  {
    "ayah": 87,
    "time": 1810620
  },
  {
    "ayah": 88,
    "time": 1835304
  },
  {
    "ayah": 89,
    "time": 1873154
  },
  {
    "ayah": 90,
    "time": 1899439
  },
  {
    "ayah": 91,
    "time": 1912114
  },
  {
    "ayah": 92,
    "time": 1933638
  },
  {
    "ayah": 93,
    "time": 1952613
  },
  {
    "ayah": 94,
    "time": 1975044
  },
  {
    "ayah": 95,
    "time": 2001229
  },
  {
    "ayah": 96,
    "time": 2010742
  },
  {
    "ayah": 97,
    "time": 2018604
  },
  {
    "ayah": 98,
    "time": 2030270
  },
  {
    "ayah": 99,
    "time": 2041033
  },
  {
    "ayah": 100,
    "time": 2051449
  },
  {
    "ayah": 101,
    "time": 2064166
  },
  {
    "ayah": 102,
    "time": 2093205
  },
  {
    "ayah": 103,
    "time": 2107923
  },
  {
    "ayah": 104,
    "time": 2125647
  },
  {
    "ayah": 105,
    "time": 2132711
  },
  {
    "ayah": 106,
    "time": 2142723
  },
  {
    "ayah": 107,
    "time": 2152987
  },
  {
    "ayah": 108,
    "time": 2168256
  },
  {
    "ayah": 109,
    "time": 2187134
  },
  {
    "ayah": 110,
    "time": 2215171
  },
  {
    "ayah": 111,
    "time": 2235199
  },
  {
    "ayah": 112,
    "time": 2249580
  },
  {
    "ayah": 113,
    "time": 2263096
  },
  {
    "ayah": 114,
    "time": 2290184
  },
  {
    "ayah": 115,
    "time": 2308459
  },
  {
    "ayah": 116,
    "time": 2315418
  },
  {
    "ayah": 117,
    "time": 2342607
  },
  {
    "ayah": 118,
    "time": 2351418
  },
  {
    "ayah": 119,
    "time": 2364988
  },
  {
    "ayah": 120,
    "time": 2384061
  },
  {
    "ayah": 121,
    "time": 2406042
  },
  {
    "ayah": 122,
    "time": 2415654
  },
  {
    "ayah": 123,
    "time": 2424016
  },
  {
    "ayah": 999,
    "time": 2440638
  }
]