[
  {
    "ayah": 1,
    "time": 6045
  },
  {
    "ayah": 2,
    "time": 17345
  },
  {
    "ayah": 3,
    "time": 24371
  },
  {
    "ayah": 4,
    "time": 44342
  },
  {
    "ayah": 5,
    "time": 49869
  },
  {
    "ayah": 6,
    "time": 66655
  },
  {
    "ayah": 7,
    "time": 81970
  },
  {
    "ayah": 8,
    "time": 111407
  },
  {
    "ayah": 9,
    "time": 132283
  },
  {
    "ayah": 10,
    "time": 142784
  },
  {
    "ayah": 11,
    "time": 156342
  },
  {
    "ayah": 12,
    "time": 165783
  },
  {
    "ayah": 13,
    "time": 190843
  },
  {
    "ayah": 14,
    "time": 204655
  },
  {
    "ayah": 15,
    "time": 218531
  },
  {
    "ayah": 16,
    "time": 228896
  },
  {
    "ayah": 17,
    "time": 244394
  },
  {
    "ayah": 18,
    "time": 280395
  },
  {
    "ayah": 19,
    "time": 301895
  },
  {
    "ayah": 20,
    "time": 311833
  },
  {
    "ayah": 21,
    "time": 332323
  },
  {
    "ayah": 22,
    "time": 341447
  },
  {
    "ayah": 23,
    "time": 347100
  },
  {
    "ayah": 24,
    "time": 363134
  },
  {
    "ayah": 25,
    "time": 378309
  },
  {
    "ayah": 26,
    "time": 385887
  },
  {
    "ayah": 27,
    "time": 392887
  },
  {
    "ayah": 28,
    "time": 415763
  },
  {
    "ayah": 29,
    "time": 433325
  },
  {
    "ayah": 30,
    "time": 452138
  },
  {
    "ayah": 31,
    "time": 459200
  },
  {
    "ayah": 32,
    "time": 483447
  },
  {
    "ayah": 33,
    "time": 494761
  },
  {
    "ayah": 34,
    "time": 504385
  },
  {
    "ayah": 35,
    "time": 517810
  },
  {
    "ayah": 36,
    "time": 528948
  },
  {
    "ayah": 37,
    "time": 540511
  },
  {
    "ayah": 38,
    "time": 550376
  },
  {
    "ayah": 39,
    "time": 565386
  },
  {
    "ayah": 40,
    "time": 574011
  },
  {
    "ayah": 41,
    "time": 603248
  },
  {
    "ayah": 42,
    "time": 613124
  },
  {
    "ayah": 43,
    "time": 627324
  },
  {
    "ayah": 44,
    "time": 644699
  },
  {
    "ayah": 45,
    "time": 663135
  },
  {
    "ayah": 46,
    "time": 675346
  },
  {
    "ayah": 47,
    "time": 692594
  },
  {
    "ayah": 48,
    "time": 706284
  },
  {
    "ayah": 49,
    "time": 725284
  },
  {
    "ayah": 50,
    "time": 746658
  },
  {
    "ayah": 51,
    "time": 759471
  },
  {
    "ayah": 52,
    "time": 769594
  },
  {
    "ayah": 53,
    "time": 788157
  },
  {
    "ayah": 54,
    "time": 800157
  },
  {
    "ayah": 55,
    "time": 815554
  },
  {
    "ayah": 56,
    "time": 822000
  },
  {
    "ayah": 57,
    "time": 840428
  },
  {
    "ayah": 58,
    "time": 858428
  },
  {
    "ayah": 59,
    "time": 873740
  },
  {
    "ayah": 60,
    "time": 887300
  },
  {
    "ayah": 61,
    "time": 909414
  },
  {
    "ayah": 62,
    "time": 934491
  },
  {
    "ayah": 63,
    "time": 956557
  },
  {
    "ayah": 64,
    "time": 975744
  },
  {
    "ayah": 65,
    "time": 997932
  },
  {
    "ayah": 66,
    "time": 1010118
  },
  {
    "ayah": 67,
    "time": 1029668
  },
  {
    "ayah": 68,
    "time": 1036993
  },
  {
    "ayah": 69,
    "time": 1048120
  },
  {
    "ayah": 70,
    "time": 1066181
  },
  {
    "ayah": 71,
    "time": 1082868
  },
  {
    "ayah": 72,
    "time": 1098384
  },
  {
    "ayah": 73,
    "time": 1111510
  },
  {
    "ayah": 74,
    "time": 1127761
  },
  {
    "ayah": 75,
    "time": 1139070
  },
  {
    "ayah": 76,
    "time": 1146261
  },
  {
    "ayah": 77,
    "time": 1166261
  },
  {
    "ayah": 78,
    "time": 1180196
  },
  {
    "ayah": 79,
    "time": 1206447
  },
  {
    "ayah": 80,
    "time": 1215885
  },
  {
    "ayah": 81,
    "time": 1224572
  },
  {
    "ayah": 82,
    "time": 1251759
  },
  {
    "ayah": 83,
    "time": 1268320
  },
  {
    "ayah": 84,
    "time": 1280071
  },
  {
    "ayah": 85,
    "time": 1304322
  },
  {
    "ayah": 86,
    "time": 1322514
  },
  {
    "ayah": 87,
    "time": 1333388
  },
  {
    "ayah": 88,
    "time": 1355263
  },
  {
    "ayah": 89,
    "time": 1385829
  },
  {
    "ayah": 90,
    "time": 1410763
  },
  {
    "ayah": 91,
    "time": 1423578
  },
  {
    "ayah": 92,
    "time": 1440139
  },
  {
    "ayah": 93,
    "time": 1454995
  },
  {
    "ayah": 94,
    "time": 1474371
  },
  {
    "ayah": 95,
    "time": 1492748
  },
  {
    "ayah": 96,
    "time": 1503996
  },
  {
    "ayah": 97,
    "time": 1510997
  },
  {
    "ayah": 98,
    "time": 1519621
  },
  {
    "ayah": 99,
    "time": 1529247
  },
  {
    "ayah": 100,
    "time": 1538249
  },
  {
    "ayah": 101,
    "time": 1549247
  },
  {
    "ayah": 102,
    "time": 1571433
  },
  {
    "ayah": 103,
    "time": 1582686
  },
  {
    "ayah": 104,
    "time": 1596311
  },
  {
    "ayah": 105,
    "time": 1602122
  },
  {
    "ayah": 106,
    "time": 1611372
  },
  {
    "ayah": 107,
    "time": 1621400
  },
  {
    "ayah": 108,
    "time": 1636496
  },
  {
    "ayah": 109,
    "time": 1658284
  },
  {
    "ayah": 110,
    "time": 1682060
  },
  {
    "ayah": 111,
    "time": 1699310
  },
  {
    "ayah": 112,
    "time": 1711310
  },
  {
    "ayah": 113,
    "time": 1722310
  },
  {
    "ayah": 114,
    "time": 1740998
  },
  {
    "ayah": 115,
    "time": 1763437
  },
  {
    "ayah": 116,
    "time": 1769873
  },
  {
    "ayah": 117,
    "time": 1796310
  },
  {
    "ayah": 118,
    "time": 1804496
  },
  {
    "ayah": 119,
    "time": 1814796
  },
  {
    "ayah": 120,
    "time": 1830217
  },
  {
    "ayah": 121,
    "time": 1848278
  },
  {
    "ayah": 122,
    "time": 1857468
  },
  {
    "ayah": 123,
    "time": 1862843
  },
  {
    "ayah": 999,
    "time": 1883156
  }
]