[
  {
    "ayah": 1,
    "time": 7943
  },
  {
    "ayah": 2,
    "time": 15502
  },
  {
    "ayah": 3,
    "time": 21710
  },
  {
    "ayah": 4,
    "time": 32676
  },
  {
    "ayah": 5,
    "time": 49734
  },
  {
    "ayah": 6,
    "time": 60449
  },
  {
    "ayah": 7,
    "time": 75280
  },
  {
    "ayah": 8,
    "time": 85001
  },
  {
    "ayah": 9,
    "time": 102176
  },
  {
    "ayah": 10,
    "time": 110137
  },
  {
    "ayah": 11,
    "time": 121011
  },
  {
    "ayah": 12,
    "time": 128222
  },
  {
    "ayah": 13,
    "time": 137081
  },
  {
    "ayah": 14,
    "time": 147148
  },
  {
    "ayah": 15,
    "time": 154457
  },
  {
    "ayah": 16,
    "time": 168028
  },
  {
    "ayah": 17,
    "time": 175594
  },
  {
    "ayah": 18,
    "time": 186501
  },
  {
    "ayah": 19,
    "time": 195714
  },
  {
    "ayah": 20,
    "time": 203172
  },
  {
    "ayah": 21,
    "time": 210882
  },
  {
    "ayah": 22,
    "time": 217040
  },
  {
    "ayah": 23,
    "time": 245980
  },
  {
    "ayah": 24,
    "time": 264108
  },
  {
    "ayah": 25,
    "time": 301958
  },
  {
    "ayah": 26,
    "time": 312320
  },
  {
    "ayah": 27,
    "time": 349021
  },
  {
    "ayah": 28,
    "time": 368449
  },
  {
    "ayah": 29,
    "time": 380915
  },
  {
    "ayah": 30,
    "time": 394188
  },
  {
    "ayah": 31,
    "time": 406354
  },
  {
    "ayah": 32,
    "time": 413959
  },
  {
    "ayah": 33,
    "time": 427128
  },
  {
    "ayah": 34,
    "time": 436089
  },
  {
    "ayah": 35,
    "time": 449318
  },
  {
    "ayah": 36,
    "time": 467143
  },
  {
    "ayah": 37,
    "time": 477618
  },
  {
    "ayah": 38,
    "time": 486309
  },
  {
    "ayah": 39,
    "time": 492365
  },
  {
    "ayah": 40,
    "time": 501079
  },
  {
    "ayah": 41,
    "time": 509240
  },
  {
    "ayah": 42,
    "time": 526162
  },
  {
    "ayah": 43,
    "time": 536024
  },
  {
    "ayah": 44,
    "time": 551448
  },
  {
    "ayah": 45,
    "time": 571033
  },
  {
    "ayah": 46,
    "time": 584200
  },
  {
    "ayah": 47,
    "time": 594463
  },
  {
    "ayah": 48,
    "time": 602836
  },
  {
    "ayah": 49,
    "time": 614352
  },
  {
    "ayah": 50,
    "time": 623166
  },
  {
    "ayah": 51,
    "time": 631826
  },
  {
    "ayah": 52,
    "time": 643740
  },
  {
    "ayah": 53,
    "time": 650754
  },
  {
    "ayah": 54,
    "time": 657262
  },
  {
    "ayah": 55,
    "time": 665221
  },
  {
    "ayah": 56,
    "time": 673684
  },
  {
    "ayah": 57,
    "time": 681445
  },
  {
    "ayah": 58,
    "time": 689298
  },
  {
    "ayah": 59,
    "time": 695956
  },
  {
    "ayah": 60,
    "time": 711588
  },
  {
    "ayah": 61,
    "time": 726447
  },
  {
    "ayah": 62,
    "time": 740367
  },
  {
    "ayah": 63,
    "time": 752343
  },
  {
    "ayah": 64,
    "time": 761004
  },
  {
    "ayah": 65,
    "time": 769916
  },
  {
    "ayah": 66,
    "time": 784345
  },
  {
    "ayah": 67,
    "time": 794558
  },
  {
    "ayah": 68,
    "time": 798714
  },
  {
    "ayah": 69,
    "time": 804072
  },
  {
    "ayah": 70,
    "time": 814734
  },
  {
    "ayah": 71,
    "time": 828254
  },
  {
    "ayah": 72,
    "time": 841932
  },
  {
    "ayah": 73,
    "time": 853299
  },
  {
    "ayah": 74,
    "time": 861557
  },
  {
    "ayah": 75,
    "time": 870421
  },
  {
    "ayah": 76,
    "time": 888310
  },
  {
    "ayah": 77,
    "time": 900781
  },
  {
    "ayah": 78,
    "time": 907350
  },
  {
    "ayah": 79,
    "time": 915513
  },
  {
    "ayah": 80,
    "time": 924628
  },
  {
    "ayah": 81,
    "time": 931135
  },
  {
    "ayah": 82,
    "time": 935989
  },
  {
    "ayah": 83,
    "time": 944352
  },
  {
    "ayah": 84,
    "time": 950560
  },
  {
    "ayah": 85,
    "time": 956419
  },
  {
    "ayah": 86,
    "time": 968939
  },
  {
    "ayah": 87,
    "time": 981953
  },
  {
    "ayah": 88,
    "time": 987972
  },
  {
    "ayah": 999,
    "time": 994029
  }
]