[
  {
    "ayah": 1,
    "time": 3659
  },
  {
    "ayah": 2,
    "time": 7974
  },
  {
    "ayah": 3,
    "time": 12517
  },
  {
    "ayah": 4,
    "time": 17327
  },
  {
    "ayah": 5,
    "time": 22829
  },
  {
    "ayah": 6,
    "time": 27142
  },
  {
    "ayah": 7,
    "time": 30704
  },
  {
    "ayah": 8,
    "time": 32767
  },
  {
    "ayah": 9,
    "time": 34205
  },
  {
    "ayah": 10,
    "time": 36707
  },
  {
    "ayah": 11,
    "time": 42136
  },
  {
    "ayah": 12,
    "time": 44383
  },
  {
    "ayah": 13,
    "time": 47939
  },
  {
    "ayah": 14,
    "time": 53664
  },
  {
    "ayah": 15,
    "time": 58238
  },
  {
    "ayah": 16,
    "time": 61194
  },
  {
    "ayah": 17,
    "time": 65323
  },
  {
    "ayah": 18,
    "time": 69140
  },
  {
    "ayah": 19,
    "time": 73143
  },
  {
    "ayah": 20,
    "time": 76588
  },
  {
    "ayah": 21,
    "time": 79756
  },
  {
    "ayah": 22,
    "time": 81883
  },
  {
    "ayah": 23,
    "time": 85592
  },
  {
    "ayah": 24,
    "time": 87938
  },
  {
    "ayah": 25,
    "time": 92066
  },
  {
    "ayah": 26,
    "time": 96016
  },
  {
    "ayah": 27,
    "time": 100667
  },
  {
    "ayah": 28,
    "time": 104244
  },
  {
    "ayah": 29,
    "time": 107183
  },
  {
    "ayah": 30,
    "time": 110469
  },
  {
    "ayah": 31,
    "time": 114869
  },
  {
    "ayah": 32,
    "time": 117534
  },
  {
    "ayah": 33,
    "time": 120504
  },
  {
    "ayah": 34,
    "time": 124880
  },
  {
    "ayah": 35,
    "time": 127193
  },
  {
    "ayah": 36,
    "time": 130290
  },
  {
    "ayah": 37,
    "time": 134959
  },
  {
    "ayah": 38,
    "time": 139709
  },
  {
    "ayah": 39,
    "time": 144082
  },
  {
    "ayah": 40,
    "time": 149206
  },
  {
    "ayah": 999,
    "time": 160094
  }
]