[
  {
    "ayah": 1,
    "time": 2098
  },
  {
    "ayah": 2,
    "time": 10940
  },
  {
    "ayah": 3,
    "time": 30376
  },
  {
    "ayah": 4,
    "time": 51186
  },
  {
    "ayah": 5,
    "time": 74562
  },
  {
    "ayah": 6,
    "time": 98064
  },
  {
    "ayah": 7,
    "time": 111440
  },
  {
    "ayah": 8,
    "time": 124377
  },
  {
    "ayah": 9,
    "time": 130502
  },
  {
    "ayah": 10,
    "time": 144687
  },
  {
    "ayah": 11,
    "time": 159439
  },
  {
    "ayah": 12,
    "time": 174626
  },
  {
    "ayah": 13,
    "time": 196939
  },
  {
    "ayah": 14,
    "time": 216876
  },
  {
    "ayah": 15,
    "time": 229464
  },
  {
    "ayah": 16,
    "time": 263126
  },
  {
    "ayah": 17,
    "time": 276689
  },
  {
    "ayah": 18,
    "time": 286812
  },
  {
    "ayah": 19,
    "time": 311315
  },
  {
    "ayah": 20,
    "time": 325864
  },
  {
    "ayah": 21,
    "time": 341927
  },
  {
    "ayah": 22,
    "time": 360465
  },
  {
    "ayah": 23,
    "time": 393876
  },
  {
    "ayah": 24,
    "time": 415812
  },
  {
    "ayah": 25,
    "time": 455000
  },
  {
    "ayah": 26,
    "time": 468927
  },
  {
    "ayah": 27,
    "time": 487064
  },
  {
    "ayah": 28,
    "time": 518441
  },
  {
    "ayah": 29,
    "time": 541002
  },
  {
    "ayah": 30,
    "time": 551254
  },
  {
    "ayah": 31,
    "time": 566255
  },
  {
    "ayah": 32,
    "time": 594188
  },
  {
    "ayah": 33,
    "time": 607065
  },
  {
    "ayah": 34,
    "time": 618002
  },
  {
    "ayah": 35,
    "time": 633127
  },
  {
    "ayah": 36,
    "time": 657189
  },
  {
    "ayah": 37,
    "time": 671378
  },
  {
    "ayah": 38,
    "time": 692253
  },
  {
    "ayah": 39,
    "time": 705741
  },
  {
    "ayah": 40,
    "time": 722754
  },
  {
    "ayah": 41,
    "time": 732504
  },
  {
    "ayah": 42,
    "time": 749504
  },
  {
    "ayah": 43,
    "time": 759876
  },
  {
    "ayah": 44,
    "time": 770002
  },
  {
    "ayah": 45,
    "time": 785502
  },
  {
    "ayah": 46,
    "time": 803877
  },
  {
    "ayah": 47,
    "time": 818489
  },
  {
    "ayah": 48,
    "time": 830965
  },
  {
    "ayah": 49,
    "time": 837902
  },
  {
    "ayah": 50,
    "time": 858314
  },
  {
    "ayah": 51,
    "time": 869003
  },
  {
    "ayah": 52,
    "time": 882064
  },
  {
    "ayah": 53,
    "time": 893365
  },
  {
    "ayah": 54,
    "time": 905554
  },
  {
    "ayah": 55,
    "time": 926000
  },
  {
    "ayah": 56,
    "time": 940002
  },
  {
    "ayah": 57,
    "time": 945442
  },
  {
    "ayah": 58,
    "time": 962378
  },
  {
    "ayah": 59,
    "time": 973190
  },
  {
    "ayah": 60,
    "time": 991628
  },
  {
    "ayah": 61,
    "time": 1007255
  },
  {
    "ayah": 62,
    "time": 1043864
  },
  {
    "ayah": 63,
    "time": 1052879
  },
  {
    "ayah": 64,
    "time": 1057254
  },
  {
    "ayah": 65,
    "time": 1069590
  },
  {
    "ayah": 66,
    "time": 1080003
  },
  {
    "ayah": 67,
    "time": 1100354
  },
  {
    "ayah": 68,
    "time": 1113817
  },
  {
    "ayah": 69,
    "time": 1134066
  },
  {
    "ayah": 70,
    "time": 1141189
  },
  {
    "ayah": 71,
    "time": 1156504
  },
  {
    "ayah": 72,
    "time": 1187256
  },
  {
    "ayah": 73,
    "time": 1200191
  },
  {
    "ayah": 74,
    "time": 1218854
  },
  {
    "ayah": 75,
    "time": 1239728
  },
  {
    "ayah": 76,
    "time": 1255200
  },
  {
    "ayah": 77,
    "time": 1265167
  },
  {
    "ayah": 78,
    "time": 1276730
  },
  {
    "ayah": 79,
    "time": 1293416
  },
  {
    "ayah": 80,
    "time": 1299106
  },
  {
    "ayah": 81,
    "time": 1308230
  },
  {
    "ayah": 82,
    "time": 1321168
  },
  {
    "ayah": 83,
    "time": 1327794
  },
  {
    "ayah": 84,
    "time": 1350530
  },
  {
    "ayah": 85,
    "time": 1365000
  },
  {
    "ayah": 86,
    "time": 1374654
  },
  {
    "ayah": 87,
    "time": 1379478
  },
  {
    "ayah": 88,
    "time": 1399291
  },
  {
    "ayah": 89,
    "time": 1425667
  },
  {
    "ayah": 90,
    "time": 1442168
  },
  {
    "ayah": 91,
    "time": 1478355
  },
  {
    "ayah": 92,
    "time": 1486606
  },
  {
    "ayah": 93,
    "time": 1499043
  },
  {
    "ayah": 94,
    "time": 1523607
  },
  {
    "ayah": 95,
    "time": 1542854
  },
  {
    "ayah": 96,
    "time": 1553979
  },
  {
    "ayah": 97,
    "time": 1560479
  },
  {
    "ayah": 98,
    "time": 1568292
  },
  {
    "ayah": 99,
    "time": 1588293
  },
  {
    "ayah": 100,
    "time": 1602418
  },
  {
    "ayah": 101,
    "time": 1613355
  },
  {
    "ayah": 102,
    "time": 1624621
  },
  {
    "ayah": 103,
    "time": 1637868
  },
  {
    "ayah": 104,
    "time": 1648918
  },
  {
    "ayah": 105,
    "time": 1668900
  },
  {
    "ayah": 106,
    "time": 1676606
  },
  {
    "ayah": 107,
    "time": 1689231
  },
  {
    "ayah": 108,
    "time": 1712730
  },
  {
    "ayah": 109,
    "time": 1732870
  },
  {
    "ayah": 999,
    "time": 1747169
  }
]