[
  {
    "ayah": 1,
    "time": 7137
  },
  {
    "ayah": 2,
    "time": 10109
  },
  {
    "ayah": 3,
    "time": 15807
  },
  {
    "ayah": 4,
    "time": 21115
  },
  {
    "ayah": 5,
    "time": 26735
  },
  {
    "ayah": 6,
    "time": 30450
  },
  {
    "ayah": 7,
    "time": 34490
  },
  {
    "ayah": 8,
    "time": 39095
  },
  {
    "ayah": 9,
    "time": 45921
  },
  {
    "ayah": 10,
    "time": 48004
  },
  {
    "ayah": 11,
    "time": 51859
  },
  {
    "ayah": 12,
    "time": 57942
  },
  {
    "ayah": 13,
    "time": 62733
  },
  {
    "ayah": 14,
    "time": 66387
  },
  {
    "ayah": 15,
    "time": 70442
  },
  {
    "ayah": 16,
    "time": 72710
  },
  {
    "ayah": 17,
    "time": 75675
  },
  {
    "ayah": 18,
    "time": 82045
  },
  {
    "ayah": 19,
    "time": 85428
  },
  {
    "ayah": 20,
    "time": 91193
  },
  {
    "ayah": 21,
    "time": 95405
  },
  {
    "ayah": 22,
    "time": 100203
  },
  {
    "ayah": 23,
    "time": 107083
  },
  {
    "ayah": 24,
    "time": 113888
  },
  {
    "ayah": 25,
    "time": 120497
  },
  {
    "ayah": 26,
    "time": 127277
  },
  {
    "ayah": 27,
    "time": 132332
  },
  {
    "ayah": 28,
    "time": 137176
  },
  {
    "ayah": 29,
    "time": 140877
  },
  {
    "ayah": 30,
    "time": 145289
  },
  {
    "ayah": 31,
    "time": 149475
  },
  {
    "ayah": 32,
    "time": 153476
  },
  {
    "ayah": 33,
    "time": 157967
  },
  {
    "ayah": 34,
    "time": 165901
  },
  {
    "ayah": 35,
    "time": 171952
  },
  {
    "ayah": 36,
    "time": 177757
  },
  {
    "ayah": 37,
    "time": 182448
  },
  {
    "ayah": 38,
    "time": 193554
  },
  {
    "ayah": 39,
    "time": 199445
  },
  {
    "ayah": 40,
    "time": 203571
  },
  {
    "ayah": 41,
    "time": 209901
  },
  {
    "ayah": 42,
    "time": 212634
  }
]