[
  {
    "ayah": 1,
    "time": 6257
  },
  {
    "ayah": 2,
    "time": 12196
  },
  {
    "ayah": 3,
    "time": 15758
  },
  {
    "ayah": 4,
    "time": 20761
  },
  {
    "ayah": 5,
    "time": 30457
  },
  {
    "ayah": 6,
    "time": 38205
  },
  {
    "ayah": 7,
    "time": 46771
  },
  {
    "ayah": 8,
    "time": 54083
  },
  {
    "ayah": 9,
    "time": 59671
  },
  {
    "ayah": 10,
    "time": 63396
  },
  {
    "ayah": 11,
    "time": 68307
  },
  {
    "ayah": 12,
    "time": 71551
  },
  {
    "ayah": 13,
    "time": 75370
  },
  {
    "ayah": 14,
    "time": 81247
  },
  {
    "ayah": 15,
    "time": 86122
  },
  {
    "ayah": 16,
    "time": 92307
  },
  {
    "ayah": 17,
    "time": 97998
  },
  {
    "ayah": 18,
    "time": 102234
  },
  {
    "ayah": 19,
    "time": 108933
  },
  {
    "ayah": 20,
    "time": 114494
  },
  {
    "ayah": 21,
    "time": 120809
  },
  {
    "ayah": 22,
    "time": 129290
  },
  {
    "ayah": 23,
    "time": 138354
  },
  {
    "ayah": 24,
    "time": 141653
  },
  {
    "ayah": 25,
    "time": 148667
  },
  {
    "ayah": 26,
    "time": 152543
  },
  {
    "ayah": 27,
    "time": 158168
  },
  {
    "ayah": 28,
    "time": 163760
  },
  {
    "ayah": 29,
    "time": 170324
  },
  {
    "ayah": 30,
    "time": 176949
  },
  {
    "ayah": 31,
    "time": 180512
  },
  {
    "ayah": 32,
    "time": 184700
  },
  {
    "ayah": 33,
    "time": 188761
  },
  {
    "ayah": 34,
    "time": 194512
  },
  {
    "ayah": 35,
    "time": 200261
  },
  {
    "ayah": 36,
    "time": 207138
  },
  {
    "ayah": 37,
    "time": 213452
  },
  {
    "ayah": 38,
    "time": 217013
  },
  {
    "ayah": 39,
    "time": 221326
  },
  {
    "ayah": 40,
    "time": 225575
  },
  {
    "ayah": 41,
    "time": 232700
  },
  {
    "ayah": 42,
    "time": 242206
  },
  {
    "ayah": 43,
    "time": 247083
  },
  {
    "ayah": 44,
    "time": 251567
  },
  {
    "ayah": 45,
    "time": 260910
  },
  {
    "ayah": 46,
    "time": 266411
  },
  {
    "ayah": 47,
    "time": 269162
  },
  {
    "ayah": 48,
    "time": 272800
  },
  {
    "ayah": 49,
    "time": 275458
  },
  {
    "ayah": 50,
    "time": 293160
  },
  {
    "ayah": 51,
    "time": 298096
  },
  {
    "ayah": 52,
    "time": 306033
  },
  {
    "ayah": 53,
    "time": 313221
  },
  {
    "ayah": 54,
    "time": 318346
  },
  {
    "ayah": 55,
    "time": 324096
  },
  {
    "ayah": 56,
    "time": 327994
  },
  {
    "ayah": 57,
    "time": 331598
  },
  {
    "ayah": 58,
    "time": 336412
  },
  {
    "ayah": 59,
    "time": 340224
  },
  {
    "ayah": 60,
    "time": 346350
  },
  {
    "ayah": 61,
    "time": 349377
  },
  {
    "ayah": 62,
    "time": 358540
  },
  {
    "ayah": 63,
    "time": 363977
  },
  {
    "ayah": 64,
    "time": 374044
  },
  {
    "ayah": 65,
    "time": 377667
  },
  {
    "ayah": 66,
    "time": 382777
  },
  {
    "ayah": 67,
    "time": 386040
  },
  {
    "ayah": 68,
    "time": 392353
  },
  {
    "ayah": 69,
    "time": 398875
  },
  {
    "ayah": 70,
    "time": 402752
  },
  {
    "ayah": 71,
    "time": 407566
  },
  {
    "ayah": 72,
    "time": 413188
  },
  {
    "ayah": 73,
    "time": 416862
  },
  {
    "ayah": 74,
    "time": 420567
  },
  {
    "ayah": 75,
    "time": 427939
  },
  {
    "ayah": 76,
    "time": 432500
  },
  {
    "ayah": 77,
    "time": 437690
  },
  {
    "ayah": 78,
    "time": 443104
  },
  {
    "ayah": 79,
    "time": 447165
  },
  {
    "ayah": 80,
    "time": 451289
  },
  {
    "ayah": 81,
    "time": 455478
  },
  {
    "ayah": 82,
    "time": 459543
  },
  {
    "ayah": 83,
    "time": 466979
  },
  {
    "ayah": 84,
    "time": 472603
  },
  {
    "ayah": 85,
    "time": 477604
  },
  {
    "ayah": 86,
    "time": 483040
  },
  {
    "ayah": 87,
    "time": 491416
  },
  {
    "ayah": 88,
    "time": 494477
  },
  {
    "ayah": 89,
    "time": 498982
  },
  {
    "ayah": 90,
    "time": 505858
  },
  {
    "ayah": 91,
    "time": 509421
  },
  {
    "ayah": 92,
    "time": 513232
  },
  {
    "ayah": 93,
    "time": 517334
  },
  {
    "ayah": 94,
    "time": 523984
  },
  {
    "ayah": 95,
    "time": 527674
  },
  {
    "ayah": 96,
    "time": 531234
  },
  {
    "ayah": 97,
    "time": 535070
  },
  {
    "ayah": 98,
    "time": 540696
  },
  {
    "ayah": 99,
    "time": 545134
  },
  {
    "ayah": 100,
    "time": 549513
  },
  {
    "ayah": 101,
    "time": 552635
  },
  {
    "ayah": 102,
    "time": 555258
  },
  {
    "ayah": 103,
    "time": 561445
  },
  {
    "ayah": 104,
    "time": 567972
  },
  {
    "ayah": 105,
    "time": 574114
  },
  {
    "ayah": 106,
    "time": 577428
  },
  {
    "ayah": 107,
    "time": 582055
  },
  {
    "ayah": 108,
    "time": 585115
  },
  {
    "ayah": 109,
    "time": 588311
  },
  {
    "ayah": 110,
    "time": 596002
  },
  {
    "ayah": 111,
    "time": 599063
  },
  {
    "ayah": 112,
    "time": 603749
  },
  {
    "ayah": 113,
    "time": 608375
  },
  {
    "ayah": 114,
    "time": 613690
  },
  {
    "ayah": 115,
    "time": 616815
  },
  {
    "ayah": 116,
    "time": 620696
  },
  {
    "ayah": 117,
    "time": 628132
  },
  {
    "ayah": 118,
    "time": 632070
  },
  {
    "ayah": 119,
    "time": 640118
  },
  {
    "ayah": 120,
    "time": 646429
  },
  {
    "ayah": 121,
    "time": 651430
  },
  {
    "ayah": 122,
    "time": 657629
  },
  {
    "ayah": 123,
    "time": 662261
  },
  {
    "ayah": 124,
    "time": 665512
  },
  {
    "ayah": 125,
    "time": 670450
  },
  {
    "ayah": 126,
    "time": 673384
  },
  {
    "ayah": 127,
    "time": 676323
  },
  {
    "ayah": 128,
    "time": 684199
  },
  {
    "ayah": 129,
    "time": 689397
  },
  {
    "ayah": 130,
    "time": 694274
  },
  {
    "ayah": 131,
    "time": 697901
  },
  {
    "ayah": 132,
    "time": 700587
  },
  {
    "ayah": 133,
    "time": 704924
  },
  {
    "ayah": 134,
    "time": 708425
  },
  {
    "ayah": 135,
    "time": 711524
  },
  {
    "ayah": 136,
    "time": 717185
  },
  {
    "ayah": 137,
    "time": 725123
  },
  {
    "ayah": 138,
    "time": 728395
  },
  {
    "ayah": 139,
    "time": 730968
  },
  {
    "ayah": 140,
    "time": 740654
  },
  {
    "ayah": 141,
    "time": 746656
  },
  {
    "ayah": 142,
    "time": 750153
  },
  {
    "ayah": 143,
    "time": 754969
  },
  {
    "ayah": 144,
    "time": 758394
  },
  {
    "ayah": 145,
    "time": 761444
  },
  {
    "ayah": 146,
    "time": 769285
  },
  {
    "ayah": 147,
    "time": 773660
  },
  {
    "ayah": 148,
    "time": 776536
  },
  {
    "ayah": 149,
    "time": 781474
  },
  {
    "ayah": 150,
    "time": 786504
  },
  {
    "ayah": 151,
    "time": 790067
  },
  {
    "ayah": 152,
    "time": 793528
  },
  {
    "ayah": 153,
    "time": 797879
  },
  {
    "ayah": 154,
    "time": 803098
  },
  {
    "ayah": 155,
    "time": 811847
  },
  {
    "ayah": 156,
    "time": 819473
  },
  {
    "ayah": 157,
    "time": 827286
  },
  {
    "ayah": 158,
    "time": 830661
  },
  {
    "ayah": 159,
    "time": 839849
  },
  {
    "ayah": 160,
    "time": 846279
  },
  {
    "ayah": 161,
    "time": 849901
  },
  {
    "ayah": 162,
    "time": 854466
  },
  {
    "ayah": 163,
    "time": 857416
  },
  {
    "ayah": 164,
    "time": 860389
  },
  {
    "ayah": 165,
    "time": 867864
  },
  {
    "ayah": 166,
    "time": 871454
  },
  {
    "ayah": 167,
    "time": 879941
  },
  {
    "ayah": 168,
    "time": 886885
  },
  {
    "ayah": 169,
    "time": 891696
  },
  {
    "ayah": 170,
    "time": 896295
  },
  {
    "ayah": 171,
    "time": 899732
  },
  {
    "ayah": 172,
    "time": 903108
  },
  {
    "ayah": 173,
    "time": 906547
  },
  {
    "ayah": 174,
    "time": 914576
  },
  {
    "ayah": 175,
    "time": 921014
  },
  {
    "ayah": 176,
    "time": 925139
  },
  {
    "ayah": 177,
    "time": 928951
  },
  {
    "ayah": 178,
    "time": 932889
  },
  {
    "ayah": 179,
    "time": 936006
  },
  {
    "ayah": 180,
    "time": 939602
  },
  {
    "ayah": 181,
    "time": 947041
  },
  {
    "ayah": 182,
    "time": 951290
  },
  {
    "ayah": 183,
    "time": 955124
  },
  {
    "ayah": 184,
    "time": 962938
  },
  {
    "ayah": 185,
    "time": 968126
  },
  {
    "ayah": 186,
    "time": 972874
  },
  {
    "ayah": 187,
    "time": 980313
  },
  {
    "ayah": 188,
    "time": 988751
  },
  {
    "ayah": 189,
    "time": 992628
  },
  {
    "ayah": 190,
    "time": 1001814
  },
  {
    "ayah": 191,
    "time": 1008439
  },
  {
    "ayah": 192,
    "time": 1014814
  },
  {
    "ayah": 193,
    "time": 1019628
  },
  {
    "ayah": 194,
    "time": 1022000
  },
  {
    "ayah": 195,
    "time": 1025769
  },
  {
    "ayah": 196,
    "time": 1029155
  },
  {
    "ayah": 197,
    "time": 1033492
  },
  {
    "ayah": 198,
    "time": 1044119
  },
  {
    "ayah": 199,
    "time": 1047679
  },
  {
    "ayah": 200,
    "time": 1052482
  },
  {
    "ayah": 201,
    "time": 1057303
  },
  {
    "ayah": 202,
    "time": 1062372
  },
  {
    "ayah": 203,
    "time": 1066991
  },
  {
    "ayah": 204,
    "time": 1071153
  },
  {
    "ayah": 205,
    "time": 1074900
  },
  {
    "ayah": 206,
    "time": 1078729
  },
  {
    "ayah": 207,
    "time": 1084100
  },
  {
    "ayah": 208,
    "time": 1091600
  },
  {
    "ayah": 209,
    "time": 1097728
  },
  {
    "ayah": 210,
    "time": 1101725
  },
  {
    "ayah": 211,
    "time": 1104651
  },
  {
    "ayah": 212,
    "time": 1108920
  },
  {
    "ayah": 213,
    "time": 1112920
  },
  {
    "ayah": 214,
    "time": 1119480
  },
  {
    "ayah": 215,
    "time": 1123228
  },
  {
    "ayah": 216,
    "time": 1128169
  },
  {
    "ayah": 217,
    "time": 1135539
  },
  {
    "ayah": 218,
    "time": 1139350
  },
  {
    "ayah": 219,
    "time": 1142000
  },
  {
    "ayah": 220,
    "time": 1145444
  },
  {
    "ayah": 221,
    "time": 1148891
  },
  {
    "ayah": 222,
    "time": 1153517
  },
  {
    "ayah": 223,
    "time": 1157266
  },
  {
    "ayah": 224,
    "time": 1161576
  },
  {
    "ayah": 225,
    "time": 1167703
  },
  {
    "ayah": 226,
    "time": 1173077
  },
  {
    "ayah": 227,
    "time": 1177581
  },
  {
    "ayah": 999,
    "time": 1199266
  }
]