[
  {
    "ayah": 1,
    "time": 7205
  },
  {
    "ayah": 2,
    "time": 38134
  },
  {
    "ayah": 3,
    "time": 74396
  },
  {
    "ayah": 4,
    "time": 107640
  },
  {
    "ayah": 5,
    "time": 156109
  },
  {
    "ayah": 6,
    "time": 197562
  },
  {
    "ayah": 7,
    "time": 225180
  },
  {
    "ayah": 8,
    "time": 248414
  },
  {
    "ayah": 9,
    "time": 268601
  },
  {
    "ayah": 10,
    "time": 276928
  },
  {
    "ayah": 11,
    "time": 302827
  },
  {
    "ayah": 12,
    "time": 346820
  },
  {
    "ayah": 13,
    "time": 359902
  },
  {
    "ayah": 14,
    "time": 387719
  },
  {
    "ayah": 15,
    "time": 421713
  },
  {
    "ayah": 16,
    "time": 439360
  },
  {
    "ayah": 17,
    "time": 489901
  },
  {
    "ayah": 18,
    "time": 545104
  },
  {
    "ayah": 19,
    "time": 583185
  },
  {
    "ayah": 20,
    "time": 603633
  },
  {
    "ayah": 21,
    "time": 614407
  },
  {
    "ayah": 22,
    "time": 636087
  },
  {
    "ayah": 23,
    "time": 667395
  },
  {
    "ayah": 24,
    "time": 693247
  },
  {
    "ayah": 25,
    "time": 702814
  },
  {
    "ayah": 26,
    "time": 739966
  },
  {
    "ayah": 27,
    "time": 760399
  },
  {
    "ayah": 28,
    "time": 786466
  },
  {
    "ayah": 29,
    "time": 804903
  },
  {
    "ayah": 30,
    "time": 815338
  },
  {
    "ayah": 31,
    "time": 869083
  },
  {
    "ayah": 32,
    "time": 932892
  },
  {
    "ayah": 33,
    "time": 952382
  },
  {
    "ayah": 34,
    "time": 997289
  },
  {
    "ayah": 35,
    "time": 1013776
  },
  {
    "ayah": 36,
    "time": 1042522
  },
  {
    "ayah": 37,
    "time": 1074751
  },
  {
    "ayah": 38,
    "time": 1099657
  },
  {
    "ayah": 39,
    "time": 1127321
  },
  {
    "ayah": 40,
    "time": 1140696
  },
  {
    "ayah": 41,
    "time": 1158854
  },
  {
    "ayah": 42,
    "time": 1177244
  },
  {
    "ayah": 43,
    "time": 1196238
  }
]