[
  {
    "ayah": 1,
    "time": 6640
  },
  {
    "ayah": 2,
    "time": 20519
  },
  {
    "ayah": 3,
    "time": 32222
  },
  {
    "ayah": 4,
    "time": 41463
  },
  {
    "ayah": 5,
    "time": 48104
  },
  {
    "ayah": 6,
    "time": 60179
  },
  {
    "ayah": 7,
    "time": 72996
  },
  {
    "ayah": 8,
    "time": 82609
  },
  {
    "ayah": 9,
    "time": 94358
  },
  {
    "ayah": 10,
    "time": 107547
  },
  {
    "ayah": 11,
    "time": 119900
  },
  {
    "ayah": 12,
    "time": 132393
  },
  {
    "ayah": 13,
    "time": 144328
  },
  {
    "ayah": 14,
    "time": 161418
  },
  {
    "ayah": 15,
    "time": 176464
  },
  {
    "ayah": 16,
    "time": 183523
  },
  {
    "ayah": 17,
    "time": 193461
  },
  {
    "ayah": 18,
    "time": 205535
  },
  {
    "ayah": 19,
    "time": 213105
  },
  {
    "ayah": 20,
    "time": 223183
  },
  {
    "ayah": 21,
    "time": 234235
  },
  {
    "ayah": 22,
    "time": 242548
  },
  {
    "ayah": 23,
    "time": 253926
  },
  {
    "ayah": 24,
    "time": 277757
  },
  {
    "ayah": 25,
    "time": 289406
  },
  {
    "ayah": 26,
    "time": 300598
  },
  {
    "ayah": 27,
    "time": 308307
  },
  {
    "ayah": 28,
    "time": 320428
  }
]