[
  {
    "ayah": 1,
    "time": 4200
  },
  {
    "ayah": 2,
    "time": 15464
  },
  {
    "ayah": 3,
    "time": 46606
  },
  {
    "ayah": 4,
    "time": 80856
  },
  {
    "ayah": 5,
    "time": 115950
  },
  {
    "ayah": 6,
    "time": 144993
  },
  {
    "ayah": 7,
    "time": 160359
  },
  {
    "ayah": 8,
    "time": 178869
  },
  {
    "ayah": 9,
    "time": 187484
  },
  {
    "ayah": 10,
    "time": 207756
  },
  {
    "ayah": 11,
    "time": 225383
  },
  {
    "ayah": 12,
    "time": 247488
  },
  {
    "ayah": 13,
    "time": 280714
  },
  {
    "ayah": 14,
    "time": 303151
  },
  {
    "ayah": 15,
    "time": 316221
  },
  {
    "ayah": 16,
    "time": 360945
  },
  {
    "ayah": 17,
    "time": 382375
  },
  {
    "ayah": 18,
    "time": 397542
  },
  {
    "ayah": 19,
    "time": 434283
  },
  {
    "ayah": 20,
    "time": 457340
  },
  {
    "ayah": 21,
    "time": 481866
  },
  {
    "ayah": 22,
    "time": 511960
  },
  {
    "ayah": 23,
    "time": 573962
  },
  {
    "ayah": 24,
    "time": 610335
  },
  {
    "ayah": 25,
    "time": 685763
  },
  {
    "ayah": 26,
    "time": 700375
  },
  {
    "ayah": 27,
    "time": 720856
  },
  {
    "ayah": 28,
    "time": 756312
  },
  {
    "ayah": 29,
    "time": 783697
  },
  {
    "ayah": 30,
    "time": 797020
  },
  {
    "ayah": 31,
    "time": 816847
  },
  {
    "ayah": 32,
    "time": 848637
  },
  {
    "ayah": 33,
    "time": 862110
  },
  {
    "ayah": 34,
    "time": 873677
  },
  {
    "ayah": 35,
    "time": 894349
  },
  {
    "ayah": 36,
    "time": 930264
  },
  {
    "ayah": 37,
    "time": 951192
  },
  {
    "ayah": 38,
    "time": 971878
  },
  {
    "ayah": 39,
    "time": 990602
  },
  {
    "ayah": 40,
    "time": 1013347
  },
  {
    "ayah": 41,
    "time": 1027121
  },
  {
    "ayah": 42,
    "time": 1048352
  },
  {
    "ayah": 43,
    "time": 1063032
  },
  {
    "ayah": 44,
    "time": 1077661
  },
  {
    "ayah": 45,
    "time": 1092397
  },
  {
    "ayah": 46,
    "time": 1116275
  },
  {
    "ayah": 47,
    "time": 1135048
  },
  {
    "ayah": 48,
    "time": 1151071
  },
  {
    "ayah": 49,
    "time": 1160182
  },
  {
    "ayah": 50,
    "time": 1187871
  },
  {
    "ayah": 51,
    "time": 1201044
  },
  {
    "ayah": 52,
    "time": 1219667
  },
  {
    "ayah": 53,
    "time": 1233332
  },
  {
    "ayah": 54,
    "time": 1251218
  },
  {
    "ayah": 55,
    "time": 1274863
  },
  {
    "ayah": 56,
    "time": 1295338
  },
  {
    "ayah": 57,
    "time": 1301598
  },
  {
    "ayah": 58,
    "time": 1321373
  },
  {
    "ayah": 59,
    "time": 1333443
  },
  {
    "ayah": 60,
    "time": 1358433
  },
  {
    "ayah": 61,
    "time": 1378815
  },
  {
    "ayah": 62,
    "time": 1426931
  },
  {
    "ayah": 63,
    "time": 1438995
  },
  {
    "ayah": 64,
    "time": 1445003
  },
  {
    "ayah": 65,
    "time": 1460824
  },
  {
    "ayah": 66,
    "time": 1474693
  },
  {
    "ayah": 67,
    "time": 1503994
  },
  {
    "ayah": 68,
    "time": 1521165
  },
  {
    "ayah": 69,
    "time": 1548403
  },
  {
    "ayah": 70,
    "time": 1557366
  },
  {
    "ayah": 71,
    "time": 1572400
  },
  {
    "ayah": 72,
    "time": 1614875
  },
  {
    "ayah": 73,
    "time": 1631697
  },
  {
    "ayah": 74,
    "time": 1655148
  },
  {
    "ayah": 75,
    "time": 1681455
  },
  {
    "ayah": 76,
    "time": 1699835
  },
  {
    "ayah": 77,
    "time": 1715053
  },
  {
    "ayah": 78,
    "time": 1730021
  },
  {
    "ayah": 79,
    "time": 1750301
  },
  {
    "ayah": 80,
    "time": 1757032
  },
  {
    "ayah": 81,
    "time": 1773051
  },
  {
    "ayah": 82,
    "time": 1792729
  },
  {
    "ayah": 83,
    "time": 1801647
  },
  {
    "ayah": 84,
    "time": 1830940
  },
  {
    "ayah": 85,
    "time": 1850117
  },
  {
    "ayah": 86,
    "time": 1861380
  },
  {
    "ayah": 87,
    "time": 1867388
  },
  {
    "ayah": 88,
    "time": 1890520
  },
  {
    "ayah": 89,
    "time": 1946703
  },
  {
    "ayah": 90,
    "time": 1962028
  },
  {
    "ayah": 91,
    "time": 2008839
  },
  {
    "ayah": 92,
    "time": 2020007
  },
  {
    "ayah": 93,
    "time": 2037031
  },
  {
    "ayah": 94,
    "time": 2067823
  },
  {
    "ayah": 95,
    "time": 2097561
  },
  {
    "ayah": 96,
    "time": 2108635
  },
  {
    "ayah": 97,
    "time": 2117854
  },
  {
    "ayah": 98,
    "time": 2127063
  },
  {
    "ayah": 99,
    "time": 2162262
  },
  {
    "ayah": 100,
    "time": 2181442
  },
  {
    "ayah": 101,
    "time": 2195258
  },
  {
    "ayah": 102,
    "time": 2211337
  },
  {
    "ayah": 103,
    "time": 2233068
  },
  {
    "ayah": 104,
    "time": 2247137
  },
  {
    "ayah": 105,
    "time": 2276730
  },
  {
    "ayah": 106,
    "time": 2287745
  },
  {
    "ayah": 107,
    "time": 2305068
  },
  {
    "ayah": 108,
    "time": 2335561
  },
  {
    "ayah": 109,
    "time": 2365913
  },
  {
    "ayah": 999,
    "time": 2378828
  }
]