[
  {
    "ayah": 1,
    "time": 6733
  },
  {
    "ayah": 2,
    "time": 11517
  },
  {
    "ayah": 3,
    "time": 26710
  },
  {
    "ayah": 4,
    "time": 38738
  },
  {
    "ayah": 5,
    "time": 47515
  },
  {
    "ayah": 6,
    "time": 74728
  },
  {
    "ayah": 7,
    "time": 95069
  },
  {
    "ayah": 8,
    "time": 130642
  },
  {
    "ayah": 9,
    "time": 157059
  },
  {
    "ayah": 10,
    "time": 176007
  },
  {
    "ayah": 11,
    "time": 195565
  },
  {
    "ayah": 12,
    "time": 221014
  },
  {
    "ayah": 13,
    "time": 239079
  },
  {
    "ayah": 14,
    "time": 288538
  },
  {
    "ayah": 15,
    "time": 326883
  },
  {
    "ayah": 16,
    "time": 373430
  },
  {
    "ayah": 17,
    "time": 399576
  },
  {
    "ayah": 18,
    "time": 416294
  },
  {
    "ayah": 19,
    "time": 443833
  },
  {
    "ayah": 20,
    "time": 458369
  },
  {
    "ayah": 21,
    "time": 479870
  },
  {
    "ayah": 22,
    "time": 505134
  },
  {
    "ayah": 23,
    "time": 537070
  },
  {
    "ayah": 24,
    "time": 571450
  },
  {
    "ayah": 25,
    "time": 595073
  },
  {
    "ayah": 26,
    "time": 607659
  },
  {
    "ayah": 27,
    "time": 625645
  },
  {
    "ayah": 28,
    "time": 648354
  },
  {
    "ayah": 29,
    "time": 662876
  },
  {
    "ayah": 30,
    "time": 683820
  },
  {
    "ayah": 31,
    "time": 699113
  },
  {
    "ayah": 32,
    "time": 717317
  },
  {
    "ayah": 33,
    "time": 724887
  },
  {
    "ayah": 34,
    "time": 742767
  },
  {
    "ayah": 35,
    "time": 751822
  },
  {
    "ayah": 36,
    "time": 764122
  },
  {
    "ayah": 37,
    "time": 788828
  },
  {
    "ayah": 38,
    "time": 801885
  },
  {
    "ayah": 39,
    "time": 817860
  },
  {
    "ayah": 40,
    "time": 828077
  },
  {
    "ayah": 41,
    "time": 849757
  },
  {
    "ayah": 42,
    "time": 863139
  },
  {
    "ayah": 43,
    "time": 882504
  },
  {
    "ayah": 44,
    "time": 891792
  },
  {
    "ayah": 45,
    "time": 916359
  },
  {
    "ayah": 46,
    "time": 954240
  },
  {
    "ayah": 47,
    "time": 976259
  },
  {
    "ayah": 48,
    "time": 1002405
  },
  {
    "ayah": 49,
    "time": 1043233
  },
  {
    "ayah": 50,
    "time": 1065556
  },
  {
    "ayah": 51,
    "time": 1084518
  },
  {
    "ayah": 52,
    "time": 1115261
  },
  {
    "ayah": 53,
    "time": 1151563
  }
]