[
  {
    "ayah": 1,
    "time": 3868
  },
  {
    "ayah": 2,
    "time": 26981
  },
  {
    "ayah": 3,
    "time": 54482
  },
  {
    "ayah": 4,
    "time": 78981
  },
  {
    "ayah": 5,
    "time": 113419
  },
  {
    "ayah": 6,
    "time": 143732
  },
  {
    "ayah": 7,
    "time": 167357
  },
  {
    "ayah": 8,
    "time": 182171
  },
  {
    "ayah": 9,
    "time": 196795
  },
  {
    "ayah": 10,
    "time": 202735
  },
  {
    "ayah": 11,
    "time": 219795
  },
  {
    "ayah": 12,
    "time": 254779
  },
  {
    "ayah": 13,
    "time": 263798
  },
  {
    "ayah": 14,
    "time": 283472
  },
  {
    "ayah": 15,
    "time": 313109
  },
  {
    "ayah": 16,
    "time": 330524
  },
  {
    "ayah": 17,
    "time": 369734
  },
  {
    "ayah": 18,
    "time": 414284
  },
  {
    "ayah": 19,
    "time": 440922
  },
  {
    "ayah": 20,
    "time": 454046
  },
  {
    "ayah": 21,
    "time": 460924
  },
  {
    "ayah": 22,
    "time": 475549
  },
  {
    "ayah": 23,
    "time": 498424
  },
  {
    "ayah": 24,
    "time": 519360
  },
  {
    "ayah": 25,
    "time": 528987
  },
  {
    "ayah": 26,
    "time": 551985
  },
  {
    "ayah": 27,
    "time": 567298
  },
  {
    "ayah": 28,
    "time": 583797
  },
  {
    "ayah": 29,
    "time": 597609
  },
  {
    "ayah": 30,
    "time": 605172
  },
  {
    "ayah": 31,
    "time": 631000
  },
  {
    "ayah": 32,
    "time": 675111
  },
  {
    "ayah": 33,
    "time": 687673
  },
  {
    "ayah": 34,
    "time": 722487
  },
  {
    "ayah": 35,
    "time": 739610
  },
  {
    "ayah": 36,
    "time": 760674
  },
  {
    "ayah": 37,
    "time": 780485
  },
  {
    "ayah": 38,
    "time": 798235
  },
  {
    "ayah": 39,
    "time": 818924
  },
  {
    "ayah": 40,
    "time": 828548
  },
  {
    "ayah": 41,
    "time": 840547
  },
  {
    "ayah": 42,
    "time": 859111
  },
  {
    "ayah": 43,
    "time": 874297
  },
  {
    "ayah": 999,
    "time": 890736
  }
]