[
  {
    "ayah": 1,
    "time": 5983
  },
  {
    "ayah": 2,
    "time": 14482
  },
  {
    "ayah": 3,
    "time": 30271
  },
  {
    "ayah": 4,
    "time": 76075
  },
  {
    "ayah": 5,
    "time": 95426
  },
  {
    "ayah": 6,
    "time": 126184
  },
  {
    "ayah": 7,
    "time": 174853
  },
  {
    "ayah": 8,
    "time": 218321
  },
  {
    "ayah": 9,
    "time": 270194
  },
  {
    "ayah": 10,
    "time": 303213
  },
  {
    "ayah": 11,
    "time": 327501
  },
  {
    "ayah": 12,
    "time": 337889
  },
  {
    "ayah": 13,
    "time": 344669
  },
  {
    "ayah": 14,
    "time": 355529
  },
  {
    "ayah": 15,
    "time": 360645
  },
  {
    "ayah": 16,
    "time": 385690
  },
  {
    "ayah": 17,
    "time": 406534
  },
  {
    "ayah": 18,
    "time": 422038
  },
  {
    "ayah": 19,
    "time": 443633
  },
  {
    "ayah": 20,
    "time": 456311
  },
  {
    "ayah": 21,
    "time": 482842
  },
  {
    "ayah": 22,
    "time": 522302
  },
  {
    "ayah": 23,
    "time": 548812
  },
  {
    "ayah": 24,
    "time": 587564
  },
  {
    "ayah": 25,
    "time": 606326
  },
  {
    "ayah": 26,
    "time": 617518
  },
  {
    "ayah": 27,
    "time": 631436
  },
  {
    "ayah": 28,
    "time": 644957
  },
  {
    "ayah": 29,
    "time": 654059
  },
  {
    "ayah": 30,
    "time": 679887
  },
  {
    "ayah": 31,
    "time": 690422
  },
  {
    "ayah": 32,
    "time": 701374
  },
  {
    "ayah": 33,
    "time": 720786
  },
  {
    "ayah": 34,
    "time": 734454
  },
  {
    "ayah": 35,
    "time": 748479
  },
  {
    "ayah": 36,
    "time": 766112
  },
  {
    "ayah": 37,
    "time": 783866
  },
  {
    "ayah": 38,
    "time": 799045
  },
  {
    "ayah": 39,
    "time": 845338
  },
  {
    "ayah": 40,
    "time": 857180
  },
  {
    "ayah": 41,
    "time": 868930
  },
  {
    "ayah": 42,
    "time": 897319
  },
  {
    "ayah": 43,
    "time": 931531
  },
  {
    "ayah": 44,
    "time": 948820
  },
  {
    "ayah": 45,
    "time": 962831
  },
  {
    "ayah": 46,
    "time": 984208
  },
  {
    "ayah": 47,
    "time": 1002451
  },
  {
    "ayah": 48,
    "time": 1031144
  },
  {
    "ayah": 49,
    "time": 1043165
  },
  {
    "ayah": 50,
    "time": 1071686
  },
  {
    "ayah": 51,
    "time": 1085857
  },
  {
    "ayah": 52,
    "time": 1107538
  },
  {
    "ayah": 53,
    "time": 1130433
  },
  {
    "ayah": 54,
    "time": 1159079
  },
  {
    "ayah": 55,
    "time": 1187461
  },
  {
    "ayah": 56,
    "time": 1220526
  },
  {
    "ayah": 57,
    "time": 1239581
  },
  {
    "ayah": 58,
    "time": 1251376
  },
  {
    "ayah": 59,
    "time": 1265108
  },
  {
    "ayah": 60,
    "time": 1280619
  },
  {
    "ayah": 61,
    "time": 1299567
  },
  {
    "ayah": 62,
    "time": 1320797
  },
  {
    "ayah": 63,
    "time": 1332400
  },
  {
    "ayah": 64,
    "time": 1349875
  },
  {
    "ayah": 65,
    "time": 1365372
  },
  {
    "ayah": 66,
    "time": 1382787
  },
  {
    "ayah": 67,
    "time": 1390821
  },
  {
    "ayah": 68,
    "time": 1416131
  },
  {
    "ayah": 69,
    "time": 1442548
  },
  {
    "ayah": 70,
    "time": 1473777
  },
  {
    "ayah": 71,
    "time": 1484623
  },
  {
    "ayah": 72,
    "time": 1540133
  },
  {
    "ayah": 73,
    "time": 1554475
  },
  {
    "ayah": 74,
    "time": 1582379
  },
  {
    "ayah": 75,
    "time": 1604398
  }
]