[
  {
    "ayah": 1,
    "time": 4140
  },
  {
    "ayah": 2,
    "time": 13892
  },
  {
    "ayah": 3,
    "time": 23677
  },
  {
    "ayah": 4,
    "time": 39713
  },
  {
    "ayah": 5,
    "time": 54706
  },
  {
    "ayah": 6,
    "time": 72321
  },
  {
    "ayah": 7,
    "time": 102228
  },
  {
    "ayah": 8,
    "time": 113095
  },
  {
    "ayah": 9,
    "time": 128824
  },
  {
    "ayah": 10,
    "time": 143367
  },
  {
    "ayah": 11,
    "time": 162018
  },
  {
    "ayah": 12,
    "time": 174428
  },
  {
    "ayah": 13,
    "time": 183723
  },
  {
    "ayah": 14,
    "time": 197469
  },
  {
    "ayah": 15,
    "time": 206771
  },
  {
    "ayah": 16,
    "time": 225883
  },
  {
    "ayah": 17,
    "time": 234417
  },
  {
    "ayah": 18,
    "time": 254497
  },
  {
    "ayah": 19,
    "time": 276996
  },
  {
    "ayah": 20,
    "time": 298144
  },
  {
    "ayah": 21,
    "time": 307989
  },
  {
    "ayah": 22,
    "time": 342719
  },
  {
    "ayah": 23,
    "time": 354675
  },
  {
    "ayah": 24,
    "time": 379660
  },
  {
    "ayah": 25,
    "time": 399940
  },
  {
    "ayah": 26,
    "time": 422981
  },
  {
    "ayah": 27,
    "time": 442525
  },
  {
    "ayah": 28,
    "time": 453581
  },
  {
    "ayah": 29,
    "time": 469545
  },
  {
    "ayah": 30,
    "time": 482123
  },
  {
    "ayah": 31,
    "time": 502296
  },
  {
    "ayah": 32,
    "time": 543410
  },
  {
    "ayah": 33,
    "time": 567951
  },
  {
    "ayah": 34,
    "time": 589928
  },
  {
    "ayah": 35,
    "time": 601831
  },
  {
    "ayah": 36,
    "time": 614763
  },
  {
    "ayah": 37,
    "time": 643620
  },
  {
    "ayah": 38,
    "time": 673613
  },
  {
    "ayah": 39,
    "time": 703488
  },
  {
    "ayah": 40,
    "time": 716995
  },
  {
    "ayah": 41,
    "time": 760445
  },
  {
    "ayah": 42,
    "time": 783897
  },
  {
    "ayah": 43,
    "time": 802630
  },
  {
    "ayah": 44,
    "time": 833087
  },
  {
    "ayah": 45,
    "time": 842901
  },
  {
    "ayah": 46,
    "time": 855564
  },
  {
    "ayah": 47,
    "time": 881785
  },
  {
    "ayah": 48,
    "time": 898814
  },
  {
    "ayah": 49,
    "time": 915697
  },
  {
    "ayah": 50,
    "time": 930751
  },
  {
    "ayah": 51,
    "time": 953274
  },
  {
    "ayah": 52,
    "time": 981695
  },
  {
    "ayah": 53,
    "time": 995091
  },
  {
    "ayah": 54,
    "time": 1015400
  },
  {
    "ayah": 55,
    "time": 1030696
  },
  {
    "ayah": 56,
    "time": 1039188
  },
  {
    "ayah": 57,
    "time": 1058853
  },
  {
    "ayah": 58,
    "time": 1067941
  },
  {
    "ayah": 59,
    "time": 1080380
  },
  {
    "ayah": 60,
    "time": 1103746
  },
  {
    "ayah": 61,
    "time": 1112841
  },
  {
    "ayah": 62,
    "time": 1121558
  },
  {
    "ayah": 63,
    "time": 1143381
  },
  {
    "ayah": 64,
    "time": 1161418
  },
  {
    "ayah": 65,
    "time": 1177718
  },
  {
    "ayah": 66,
    "time": 1206929
  },
  {
    "ayah": 67,
    "time": 1230249
  },
  {
    "ayah": 68,
    "time": 1262035
  },
  {
    "ayah": 69,
    "time": 1292989
  },
  {
    "ayah": 70,
    "time": 1310536
  },
  {
    "ayah": 71,
    "time": 1328801
  },
  {
    "ayah": 72,
    "time": 1335010
  },
  {
    "ayah": 73,
    "time": 1347688
  },
  {
    "ayah": 74,
    "time": 1359205
  },
  {
    "ayah": 75,
    "time": 1367200
  },
  {
    "ayah": 76,
    "time": 1378638
  },
  {
    "ayah": 77,
    "time": 1415108
  },
  {
    "ayah": 78,
    "time": 1439732
  },
  {
    "ayah": 79,
    "time": 1455654
  },
  {
    "ayah": 80,
    "time": 1470511
  },
  {
    "ayah": 81,
    "time": 1503501
  },
  {
    "ayah": 82,
    "time": 1520909
  },
  {
    "ayah": 83,
    "time": 1534502
  },
  {
    "ayah": 84,
    "time": 1558565
  },
  {
    "ayah": 85,
    "time": 1570560
  },
  {
    "ayah": 86,
    "time": 1582581
  },
  {
    "ayah": 87,
    "time": 1595213
  },
  {
    "ayah": 88,
    "time": 1616550
  },
  {
    "ayah": 89,
    "time": 1642349
  },
  {
    "ayah": 90,
    "time": 1652202
  },
  {
    "ayah": 91,
    "time": 1674532
  },
  {
    "ayah": 92,
    "time": 1684888
  },
  {
    "ayah": 93,
    "time": 1694734
  },
  {
    "ayah": 94,
    "time": 1707744
  },
  {
    "ayah": 95,
    "time": 1720833
  },
  {
    "ayah": 96,
    "time": 1727627
  },
  {
    "ayah": 97,
    "time": 1746282
  },
  {
    "ayah": 98,
    "time": 1756466
  },
  {
    "ayah": 99,
    "time": 1766112
  },
  {
    "ayah": 100,
    "time": 1781444
  },
  {
    "ayah": 101,
    "time": 1825801
  },
  {
    "ayah": 102,
    "time": 1852940
  },
  {
    "ayah": 103,
    "time": 1867869
  },
  {
    "ayah": 104,
    "time": 1874324
  },
  {
    "ayah": 105,
    "time": 1883333
  },
  {
    "ayah": 106,
    "time": 1898280
  },
  {
    "ayah": 107,
    "time": 1906314
  },
  {
    "ayah": 108,
    "time": 1921839
  },
  {
    "ayah": 109,
    "time": 1937603
  },
  {
    "ayah": 110,
    "time": 1967743
  },
  {
    "ayah": 111,
    "time": 1990695
  }
]