[
  {
    "ayah": 1,
    "time": 4200
  },
  {
    "ayah": 2,
    "time": 13699
  },
  {
    "ayah": 3,
    "time": 24813
  },
  {
    "ayah": 4,
    "time": 42578
  },
  {
    "ayah": 5,
    "time": 52437
  },
  {
    "ayah": 6,
    "time": 66648
  },
  {
    "ayah": 7,
    "time": 76632
  },
  {
    "ayah": 8,
    "time": 91215
  },
  {
    "ayah": 9,
    "time": 100231
  },
  {
    "ayah": 10,
    "time": 116339
  },
  {
    "ayah": 11,
    "time": 127398
  },
  {
    "ayah": 12,
    "time": 139798
  },
  {
    "ayah": 13,
    "time": 147507
  },
  {
    "ayah": 14,
    "time": 159939
  },
  {
    "ayah": 15,
    "time": 166215
  },
  {
    "ayah": 16,
    "time": 174939
  },
  {
    "ayah": 17,
    "time": 182933
  },
  {
    "ayah": 18,
    "time": 195558
  },
  {
    "ayah": 19,
    "time": 209729
  },
  {
    "ayah": 20,
    "time": 227516
  },
  {
    "ayah": 21,
    "time": 234150
  },
  {
    "ayah": 22,
    "time": 241308
  },
  {
    "ayah": 23,
    "time": 255373
  },
  {
    "ayah": 24,
    "time": 261603
  },
  {
    "ayah": 25,
    "time": 283615
  },
  {
    "ayah": 26,
    "time": 299916
  },
  {
    "ayah": 27,
    "time": 310311
  },
  {
    "ayah": 28,
    "time": 317944
  },
  {
    "ayah": 29,
    "time": 332540
  },
  {
    "ayah": 30,
    "time": 348712
  },
  {
    "ayah": 31,
    "time": 369206
  },
  {
    "ayah": 32,
    "time": 382999
  },
  {
    "ayah": 33,
    "time": 394309
  },
  {
    "ayah": 34,
    "time": 406258
  },
  {
    "ayah": 35,
    "time": 417179
  },
  {
    "ayah": 36,
    "time": 431197
  },
  {
    "ayah": 37,
    "time": 450737
  },
  {
    "ayah": 38,
    "time": 460082
  },
  {
    "ayah": 39,
    "time": 467938
  },
  {
    "ayah": 40,
    "time": 482605
  },
  {
    "ayah": 41,
    "time": 494262
  },
  {
    "ayah": 42,
    "time": 507690
  },
  {
    "ayah": 43,
    "time": 521436
  },
  {
    "ayah": 44,
    "time": 537079
  },
  {
    "ayah": 45,
    "time": 558628
  },
  {
    "ayah": 46,
    "time": 570988
  },
  {
    "ayah": 47,
    "time": 586777
  },
  {
    "ayah": 48,
    "time": 608179
  },
  {
    "ayah": 49,
    "time": 619525
  },
  {
    "ayah": 50,
    "time": 629913
  },
  {
    "ayah": 51,
    "time": 641837
  },
  {
    "ayah": 52,
    "time": 654115
  },
  {
    "ayah": 53,
    "time": 664796
  },
  {
    "ayah": 54,
    "time": 671344
  },
  {
    "ayah": 55,
    "time": 680261
  },
  {
    "ayah": 56,
    "time": 687173
  },
  {
    "ayah": 57,
    "time": 700130
  },
  {
    "ayah": 58,
    "time": 709454
  },
  {
    "ayah": 59,
    "time": 718838
  },
  {
    "ayah": 60,
    "time": 728048
  },
  {
    "ayah": 61,
    "time": 736392
  },
  {
    "ayah": 62,
    "time": 744248
  },
  {
    "ayah": 63,
    "time": 752003
  },
  {
    "ayah": 64,
    "time": 763063
  },
  {
    "ayah": 65,
    "time": 773684
  },
  {
    "ayah": 66,
    "time": 784233
  },
  {
    "ayah": 67,
    "time": 794749
  },
  {
    "ayah": 68,
    "time": 804202
  },
  {
    "ayah": 69,
    "time": 814412
  },
  {
    "ayah": 70,
    "time": 826447
  },
  {
    "ayah": 71,
    "time": 833605
  },
  {
    "ayah": 72,
    "time": 842854
  },
  {
    "ayah": 73,
    "time": 852964
  },
  {
    "ayah": 74,
    "time": 873351
  },
  {
    "ayah": 75,
    "time": 894613
  },
  {
    "ayah": 76,
    "time": 902933
  },
  {
    "ayah": 77,
    "time": 915115
  },
  {
    "ayah": 78,
    "time": 930386
  },
  {
    "ayah": 79,
    "time": 946083
  },
  {
    "ayah": 80,
    "time": 966509
  },
  {
    "ayah": 81,
    "time": 980348
  },
  {
    "ayah": 82,
    "time": 997427
  },
  {
    "ayah": 83,
    "time": 1012746
  },
  {
    "ayah": 84,
    "time": 1029443
  },
  {
    "ayah": 85,
    "time": 1052284
  },
  {
    "ayah": 86,
    "time": 1060861
  },
  {
    "ayah": 87,
    "time": 1069652
  },
  {
    "ayah": 88,
    "time": 1094783
  },
  {
    "ayah": 89,
    "time": 1104761
  },
  {
    "ayah": 90,
    "time": 1116750
  },
  {
    "ayah": 91,
    "time": 1140062
  },
  {
    "ayah": 92,
    "time": 1154627
  },
  {
    "ayah": 93,
    "time": 1166990
  },
  {
    "ayah": 94,
    "time": 1174978
  },
  {
    "ayah": 95,
    "time": 1188306
  },
  {
    "ayah": 96,
    "time": 1196998
  },
  {
    "ayah": 97,
    "time": 1209669
  },
  {
    "ayah": 98,
    "time": 1230845
  },
  {
    "ayah": 99,
    "time": 1242927
  },
  {
    "ayah": 100,
    "time": 1256255
  },
  {
    "ayah": 101,
    "time": 1263539
  },
  {
    "ayah": 102,
    "time": 1280961
  },
  {
    "ayah": 103,
    "time": 1291178
  },
  {
    "ayah": 104,
    "time": 1310200
  },
  {
    "ayah": 105,
    "time": 1330227
  },
  {
    "ayah": 106,
    "time": 1342440
  },
  {
    "ayah": 107,
    "time": 1349314
  },
  {
    "ayah": 108,
    "time": 1356054
  },
  {
    "ayah": 109,
    "time": 1371094
  },
  {
    "ayah": 110,
    "time": 1387455
  },
  {
    "ayah": 111,
    "time": 1395568
  },
  {
    "ayah": 112,
    "time": 1403888
  }
]