[
  {
    "ayah": 1,
    "time": 4224
  },
  {
    "ayah": 2,
    "time": 9229
  },
  {
    "ayah": 3,
    "time": 17602
  },
  {
    "ayah": 4,
    "time": 36179
  },
  {
    "ayah": 5,
    "time": 52203
  },
  {
    "ayah": 6,
    "time": 85252
  },
  {
    "ayah": 7,
    "time": 99471
  },
  {
    "ayah": 8,
    "time": 139729
  },
  {
    "ayah": 9,
    "time": 166413
  },
  {
    "ayah": 10,
    "time": 184141
  },
  {
    "ayah": 11,
    "time": 204516
  },
  {
    "ayah": 12,
    "time": 224394
  },
  {
    "ayah": 13,
    "time": 247186
  },
  {
    "ayah": 14,
    "time": 266278
  },
  {
    "ayah": 15,
    "time": 275671
  },
  {
    "ayah": 16,
    "time": 294843
  },
  {
    "ayah": 17,
    "time": 314279
  },
  {
    "ayah": 18,
    "time": 331753
  },
  {
    "ayah": 19,
    "time": 353933
  },
  {
    "ayah": 20,
    "time": 362818
  },
  {
    "ayah": 21,
    "time": 383155
  },
  {
    "ayah": 22,
    "time": 422510
  },
  {
    "ayah": 23,
    "time": 443242
  },
  {
    "ayah": 24,
    "time": 452699
  },
  {
    "ayah": 25,
    "time": 462911
  },
  {
    "ayah": 26,
    "time": 492654
  },
  {
    "ayah": 27,
    "time": 514033
  },
  {
    "ayah": 28,
    "time": 530054
  },
  {
    "ayah": 29,
    "time": 581235
  },
  {
    "ayah": 30,
    "time": 612737
  },
  {
    "ayah": 31,
    "time": 626353
  },
  {
    "ayah": 32,
    "time": 643479
  },
  {
    "ayah": 33,
    "time": 652041
  },
  {
    "ayah": 34,
    "time": 667740
  },
  {
    "ayah": 35,
    "time": 704192
  },
  {
    "ayah": 36,
    "time": 733095
  },
  {
    "ayah": 37,
    "time": 744558
  },
  {
    "ayah": 38,
    "time": 775271
  },
  {
    "ayah": 39,
    "time": 785985
  },
  {
    "ayah": 40,
    "time": 800557
  },
  {
    "ayah": 41,
    "time": 837854
  },
  {
    "ayah": 42,
    "time": 850982
  },
  {
    "ayah": 43,
    "time": 867406
  },
  {
    "ayah": 44,
    "time": 903112
  },
  {
    "ayah": 45,
    "time": 922039
  },
  {
    "ayah": 46,
    "time": 935860
  },
  {
    "ayah": 47,
    "time": 955934
  },
  {
    "ayah": 48,
    "time": 1001497
  },
  {
    "ayah": 49,
    "time": 1018027
  },
  {
    "ayah": 50,
    "time": 1033893
  },
  {
    "ayah": 51,
    "time": 1057927
  },
  {
    "ayah": 52,
    "time": 1072096
  },
  {
    "ayah": 53,
    "time": 1085462
  },
  {
    "ayah": 54,
    "time": 1097882
  },
  {
    "ayah": 55,
    "time": 1103588
  },
  {
    "ayah": 56,
    "time": 1120781
  },
  {
    "ayah": 57,
    "time": 1151724
  },
  {
    "ayah": 58,
    "time": 1167595
  },
  {
    "ayah": 59,
    "time": 1186771
  },
  {
    "ayah": 60,
    "time": 1201092
  },
  {
    "ayah": 61,
    "time": 1220718
  },
  {
    "ayah": 62,
    "time": 1246614
  },
  {
    "ayah": 63,
    "time": 1261807
  },
  {
    "ayah": 64,
    "time": 1270976
  },
  {
    "ayah": 65,
    "time": 1301863
  },
  {
    "ayah": 66,
    "time": 1318736
  },
  {
    "ayah": 67,
    "time": 1342266
  },
  {
    "ayah": 68,
    "time": 1395987
  },
  {
    "ayah": 69,
    "time": 1411559
  },
  {
    "ayah": 70,
    "time": 1423514
  },
  {
    "ayah": 71,
    "time": 1436632
  },
  {
    "ayah": 72,
    "time": 1445745
  },
  {
    "ayah": 73,
    "time": 1452302
  },
  {
    "ayah": 74,
    "time": 1460715
  },
  {
    "ayah": 75,
    "time": 1479792
  },
  {
    "ayah": 76,
    "time": 1494121
  },
  {
    "ayah": 77,
    "time": 1507637
  },
  {
    "ayah": 78,
    "time": 1527665
  },
  {
    "ayah": 79,
    "time": 1566016
  },
  {
    "ayah": 80,
    "time": 1578134
  },
  {
    "ayah": 81,
    "time": 1594508
  },
  {
    "ayah": 82,
    "time": 1604176
  },
  {
    "ayah": 83,
    "time": 1636965
  },
  {
    "ayah": 84,
    "time": 1658143
  },
  {
    "ayah": 85,
    "time": 1675317
  },
  {
    "ayah": 999,
    "time": 1698149
  }
]