[
  {
    "ayah": 1,
    "time": 3851
  },
  {
    "ayah": 2,
    "time": 11711
  },
  {
    "ayah": 3,
    "time": 18768
  },
  {
    "ayah": 4,
    "time": 38657
  },
  {
    "ayah": 5,
    "time": 65214
  },
  {
    "ayah": 6,
    "time": 83586
  },
  {
    "ayah": 7,
    "time": 90048
  },
  {
    "ayah": 8,
    "time": 101764
  },
  {
    "ayah": 9,
    "time": 112530
  },
  {
    "ayah": 10,
    "time": 127698
  },
  {
    "ayah": 11,
    "time": 144822
  },
  {
    "ayah": 12,
    "time": 156488
  },
  {
    "ayah": 13,
    "time": 175262
  },
  {
    "ayah": 14,
    "time": 193986
  },
  {
    "ayah": 15,
    "time": 212112
  },
  {
    "ayah": 16,
    "time": 228582
  },
  {
    "ayah": 17,
    "time": 243453
  },
  {
    "ayah": 18,
    "time": 260426
  },
  {
    "ayah": 19,
    "time": 271391
  },
  {
    "ayah": 20,
    "time": 284860
  },
  {
    "ayah": 21,
    "time": 311744
  },
  {
    "ayah": 22,
    "time": 324464
  },
  {
    "ayah": 23,
    "time": 340785
  },
  {
    "ayah": 24,
    "time": 358361
  },
  {
    "ayah": 25,
    "time": 372327
  },
  {
    "ayah": 26,
    "time": 382841
  },
  {
    "ayah": 27,
    "time": 401821
  },
  {
    "ayah": 28,
    "time": 420351
  },
  {
    "ayah": 29,
    "time": 428462
  },
  {
    "ayah": 30,
    "time": 440428
  },
  {
    "ayah": 999,
    "time": 448738
  }
]