[
  {
    "ayah": 1,
    "time": 4118
  },
  {
    "ayah": 2,
    "time": 14914
  },
  {
    "ayah": 3,
    "time": 31307
  },
  {
    "ayah": 4,
    "time": 34358
  },
  {
    "ayah": 5,
    "time": 40363
  },
  {
    "ayah": 6,
    "time": 57167
  },
  {
    "ayah": 7,
    "time": 67570
  },
  {
    "ayah": 8,
    "time": 77561
  },
  {
    "ayah": 9,
    "time": 84613
  },
  {
    "ayah": 10,
    "time": 93908
  },
  {
    "ayah": 11,
    "time": 107269
  },
  {
    "ayah": 12,
    "time": 113692
  },
  {
    "ayah": 13,
    "time": 122283
  },
  {
    "ayah": 14,
    "time": 140473
  },
  {
    "ayah": 15,
    "time": 159521
  },
  {
    "ayah": 16,
    "time": 179193
  },
  {
    "ayah": 17,
    "time": 199605
  },
  {
    "ayah": 18,
    "time": 231595
  },
  {
    "ayah": 19,
    "time": 258670
  },
  {
    "ayah": 20,
    "time": 303166
  },
  {
    "ayah": 21,
    "time": 318670
  },
  {
    "ayah": 22,
    "time": 353675
  },
  {
    "ayah": 23,
    "time": 392363
  },
  {
    "ayah": 24,
    "time": 399522
  },
  {
    "ayah": 25,
    "time": 414708
  },
  {
    "ayah": 26,
    "time": 422888
  },
  {
    "ayah": 27,
    "time": 442747
  },
  {
    "ayah": 28,
    "time": 455903
  },
  {
    "ayah": 29,
    "time": 483852
  },
  {
    "ayah": 30,
    "time": 519432
  },
  {
    "ayah": 31,
    "time": 529935
  },
  {
    "ayah": 32,
    "time": 571731
  },
  {
    "ayah": 33,
    "time": 588396
  },
  {
    "ayah": 34,
    "time": 600641
  },
  {
    "ayah": 35,
    "time": 618310
  },
  {
    "ayah": 36,
    "time": 630192
  },
  {
    "ayah": 37,
    "time": 645041
  },
  {
    "ayah": 38,
    "time": 661631
  },
  {
    "ayah": 39,
    "time": 669580
  },
  {
    "ayah": 40,
    "time": 687002
  },
  {
    "ayah": 41,
    "time": 704456
  },
  {
    "ayah": 42,
    "time": 712444
  },
  {
    "ayah": 43,
    "time": 731484
  },
  {
    "ayah": 44,
    "time": 742948
  },
  {
    "ayah": 45,
    "time": 754175
  },
  {
    "ayah": 46,
    "time": 780292
  },
  {
    "ayah": 47,
    "time": 794535
  },
  {
    "ayah": 48,
    "time": 805967
  },
  {
    "ayah": 49,
    "time": 821570
  },
  {
    "ayah": 50,
    "time": 850310
  },
  {
    "ayah": 51,
    "time": 878448
  },
  {
    "ayah": 52,
    "time": 892763
  },
  {
    "ayah": 53,
    "time": 909681
  },
  {
    "ayah": 54,
    "time": 931083
  },
  {
    "ayah": 55,
    "time": 944822
  },
  {
    "ayah": 56,
    "time": 969760
  },
  {
    "ayah": 57,
    "time": 999053
  },
  {
    "ayah": 58,
    "time": 1029064
  },
  {
    "ayah": 59,
    "time": 1047268
  },
  {
    "ayah": 60,
    "time": 1058767
  },
  {
    "ayah": 61,
    "time": 1069759
  },
  {
    "ayah": 62,
    "time": 1081455
  },
  {
    "ayah": 63,
    "time": 1095201
  },
  {
    "ayah": 64,
    "time": 1114520
  },
  {
    "ayah": 65,
    "time": 1123290
  },
  {
    "ayah": 66,
    "time": 1136665
  },
  {
    "ayah": 67,
    "time": 1146618
  },
  {
    "ayah": 68,
    "time": 1152680
  },
  {
    "ayah": 69,
    "time": 1158745
  },
  {
    "ayah": 70,
    "time": 1171206
  },
  {
    "ayah": 71,
    "time": 1184859
  },
  {
    "ayah": 72,
    "time": 1200209
  },
  {
    "ayah": 73,
    "time": 1207493
  },
  {
    "ayah": 74,
    "time": 1216913
  },
  {
    "ayah": 75,
    "time": 1233739
  },
  {
    "ayah": 76,
    "time": 1241262
  },
  {
    "ayah": 77,
    "time": 1253615
  },
  {
    "ayah": 78,
    "time": 1279364
  },
  {
    "ayah": 79,
    "time": 1292228
  },
  {
    "ayah": 80,
    "time": 1310908
  },
  {
    "ayah": 81,
    "time": 1323779
  },
  {
    "ayah": 82,
    "time": 1333995
  },
  {
    "ayah": 83,
    "time": 1371594
  },
  {
    "ayah": 84,
    "time": 1381443
  },
  {
    "ayah": 85,
    "time": 1391760
  },
  {
    "ayah": 86,
    "time": 1394582
  },
  {
    "ayah": 87,
    "time": 1417130
  },
  {
    "ayah": 88,
    "time": 1430637
  },
  {
    "ayah": 89,
    "time": 1444948
  },
  {
    "ayah": 90,
    "time": 1448591
  },
  {
    "ayah": 91,
    "time": 1460551
  },
  {
    "ayah": 92,
    "time": 1466156
  },
  {
    "ayah": 93,
    "time": 1470372
  },
  {
    "ayah": 94,
    "time": 1481853
  },
  {
    "ayah": 95,
    "time": 1507627
  },
  {
    "ayah": 96,
    "time": 1520312
  },
  {
    "ayah": 97,
    "time": 1539213
  },
  {
    "ayah": 98,
    "time": 1546040
  },
  {
    "ayah": 99,
    "time": 1561490
  },
  {
    "ayah": 100,
    "time": 1572093
  },
  {
    "ayah": 101,
    "time": 1579291
  },
  {
    "ayah": 102,
    "time": 1591598
  },
  {
    "ayah": 103,
    "time": 1609413
  },
  {
    "ayah": 104,
    "time": 1615539
  },
  {
    "ayah": 105,
    "time": 1626613
  },
  {
    "ayah": 106,
    "time": 1642456
  },
  {
    "ayah": 107,
    "time": 1655545
  },
  {
    "ayah": 108,
    "time": 1668627
  },
  {
    "ayah": 109,
    "time": 1674672
  },
  {
    "ayah": 110,
    "time": 1693108
  }
]