[
  {
    "ayah": 1,
    "time": 3610
  },
  {
    "ayah": 2,
    "time": 6298
  },
  {
    "ayah": 3,
    "time": 8543
  },
  {
    "ayah": 4,
    "time": 11638
  },
  {
    "ayah": 5,
    "time": 14337
  },
  {
    "ayah": 6,
    "time": 18675
  },
  {
    "ayah": 7,
    "time": 21694
  },
  {
    "ayah": 8,
    "time": 29148
  },
  {
    "ayah": 9,
    "time": 32124
  },
  {
    "ayah": 10,
    "time": 35885
  },
  {
    "ayah": 11,
    "time": 38408
  },
  {
    "ayah": 12,
    "time": 40974
  },
  {
    "ayah": 13,
    "time": 44694
  },
  {
    "ayah": 14,
    "time": 49262
  },
  {
    "ayah": 15,
    "time": 52328
  },
  {
    "ayah": 16,
    "time": 55631
  },
  {
    "ayah": 17,
    "time": 59305
  },
  {
    "ayah": 18,
    "time": 63491
  },
  {
    "ayah": 19,
    "time": 67836
  },
  {
    "ayah": 999,
    "time": 72338
  }
]