[
  {
    "ayah": 1,
    "time": 14298
  },
  {
    "ayah": 2,
    "time": 21719
  },
  {
    "ayah": 3,
    "time": 27212
  },
  {
    "ayah": 4,
    "time": 33093
  },
  {
    "ayah": 5,
    "time": 38289
  },
  {
    "ayah": 6,
    "time": 45132
  },
  {
    "ayah": 7,
    "time": 49377
  },
  {
    "ayah": 8,
    "time": 52712
  },
  {
    "ayah": 9,
    "time": 56582
  },
  {
    "ayah": 10,
    "time": 60969
  },
  {
    "ayah": 11,
    "time": 64724
  },
  {
    "ayah": 12,
    "time": 69683
  },
  {
    "ayah": 13,
    "time": 75839
  },
  {
    "ayah": 14,
    "time": 81233
  },
  {
    "ayah": 15,
    "time": 91273
  },
  {
    "ayah": 16,
    "time": 96768
  },
  {
    "ayah": 17,
    "time": 101253
  },
  {
    "ayah": 18,
    "time": 106933
  },
  {
    "ayah": 19,
    "time": 113738
  },
  {
    "ayah": 20,
    "time": 120583
  },
  {
    "ayah": 21,
    "time": 126164
  },
  {
    "ayah": 22,
    "time": 132440
  },
  {
    "ayah": 23,
    "time": 135637
  },
  {
    "ayah": 24,
    "time": 141800
  },
  {
    "ayah": 25,
    "time": 148729
  },
  {
    "ayah": 26,
    "time": 153863
  },
  {
    "ayah": 27,
    "time": 159144
  },
  {
    "ayah": 28,
    "time": 165413
  },
  {
    "ayah": 29,
    "time": 170735
  },
  {
    "ayah": 30,
    "time": 175955
  },
  {
    "ayah": 31,
    "time": 182498
  },
  {
    "ayah": 32,
    "time": 187407
  },
  {
    "ayah": 33,
    "time": 192364
  },
  {
    "ayah": 34,
    "time": 195659
  },
  {
    "ayah": 35,
    "time": 199207
  },
  {
    "ayah": 36,
    "time": 206473
  },
  {
    "ayah": 37,
    "time": 216078
  },
  {
    "ayah": 38,
    "time": 229988
  },
  {
    "ayah": 39,
    "time": 246705
  },
  {
    "ayah": 40,
    "time": 258448
  }
]