[
  {
    "ayah": 1,
    "time": 4377
  },
  {
    "ayah": 2,
    "time": 12438
  },
  {
    "ayah": 3,
    "time": 27965
  },
  {
    "ayah": 4,
    "time": 77687
  },
  {
    "ayah": 5,
    "time": 99592
  },
  {
    "ayah": 6,
    "time": 134593
  },
  {
    "ayah": 7,
    "time": 187016
  },
  {
    "ayah": 8,
    "time": 234942
  },
  {
    "ayah": 9,
    "time": 293048
  },
  {
    "ayah": 10,
    "time": 329511
  },
  {
    "ayah": 11,
    "time": 360354
  },
  {
    "ayah": 12,
    "time": 370865
  },
  {
    "ayah": 13,
    "time": 378031
  },
  {
    "ayah": 14,
    "time": 389094
  },
  {
    "ayah": 15,
    "time": 395952
  },
  {
    "ayah": 16,
    "time": 423540
  },
  {
    "ayah": 17,
    "time": 447669
  },
  {
    "ayah": 18,
    "time": 466395
  },
  {
    "ayah": 19,
    "time": 487034
  },
  {
    "ayah": 20,
    "time": 500501
  },
  {
    "ayah": 21,
    "time": 538867
  },
  {
    "ayah": 22,
    "time": 587392
  },
  {
    "ayah": 23,
    "time": 616233
  },
  {
    "ayah": 24,
    "time": 660692
  },
  {
    "ayah": 25,
    "time": 681150
  },
  {
    "ayah": 26,
    "time": 693616
  },
  {
    "ayah": 27,
    "time": 710990
  },
  {
    "ayah": 28,
    "time": 726159
  },
  {
    "ayah": 29,
    "time": 736775
  },
  {
    "ayah": 30,
    "time": 765114
  },
  {
    "ayah": 31,
    "time": 773235
  },
  {
    "ayah": 32,
    "time": 784251
  },
  {
    "ayah": 33,
    "time": 804287
  },
  {
    "ayah": 34,
    "time": 817967
  },
  {
    "ayah": 35,
    "time": 832937
  },
  {
    "ayah": 36,
    "time": 849870
  },
  {
    "ayah": 37,
    "time": 870147
  },
  {
    "ayah": 38,
    "time": 885517
  },
  {
    "ayah": 39,
    "time": 937060
  },
  {
    "ayah": 40,
    "time": 950538
  },
  {
    "ayah": 41,
    "time": 962705
  },
  {
    "ayah": 42,
    "time": 994163
  },
  {
    "ayah": 43,
    "time": 1033463
  },
  {
    "ayah": 44,
    "time": 1051353
  },
  {
    "ayah": 45,
    "time": 1067871
  },
  {
    "ayah": 46,
    "time": 1090599
  },
  {
    "ayah": 47,
    "time": 1111978
  },
  {
    "ayah": 48,
    "time": 1141229
  },
  {
    "ayah": 49,
    "time": 1153950
  },
  {
    "ayah": 50,
    "time": 1185940
  },
  {
    "ayah": 51,
    "time": 1199710
  },
  {
    "ayah": 52,
    "time": 1221889
  },
  {
    "ayah": 53,
    "time": 1244070
  },
  {
    "ayah": 54,
    "time": 1271520
  },
  {
    "ayah": 55,
    "time": 1288808
  },
  {
    "ayah": 56,
    "time": 1312540
  },
  {
    "ayah": 57,
    "time": 1329910
  },
  {
    "ayah": 58,
    "time": 1340674
  },
  {
    "ayah": 59,
    "time": 1353445
  },
  {
    "ayah": 60,
    "time": 1368125
  },
  {
    "ayah": 61,
    "time": 1387611
  },
  {
    "ayah": 62,
    "time": 1402842
  },
  {
    "ayah": 63,
    "time": 1414011
  },
  {
    "ayah": 64,
    "time": 1430391
  },
  {
    "ayah": 65,
    "time": 1443469
  },
  {
    "ayah": 66,
    "time": 1462553
  },
  {
    "ayah": 67,
    "time": 1469616
  },
  {
    "ayah": 68,
    "time": 1497200
  },
  {
    "ayah": 69,
    "time": 1523486
  },
  {
    "ayah": 70,
    "time": 1547072
  },
  {
    "ayah": 71,
    "time": 1558094
  },
  {
    "ayah": 72,
    "time": 1620878
  },
  {
    "ayah": 73,
    "time": 1635098
  },
  {
    "ayah": 74,
    "time": 1665541
  },
  {
    "ayah": 75,
    "time": 1688221
  },
  {
    "ayah": 999,
    "time": 1715553
  }
]