[
  {
    "ayah": 1,
    "time": 4122
  },
  {
    "ayah": 2,
    "time": 8578
  },
  {
    "ayah": 3,
    "time": 13690
  },
  {
    "ayah": 4,
    "time": 18539
  },
  {
    "ayah": 5,
    "time": 24399
  },
  {
    "ayah": 6,
    "time": 28956
  },
  {
    "ayah": 7,
    "time": 33360
  },
  {
    "ayah": 8,
    "time": 37368
  },
  {
    "ayah": 9,
    "time": 41985
  },
  {
    "ayah": 10,
    "time": 47392
  },
  {
    "ayah": 11,
    "time": 55351
  },
  {
    "ayah": 12,
    "time": 59857
  },
  {
    "ayah": 13,
    "time": 65366
  },
  {
    "ayah": 14,
    "time": 70522
  },
  {
    "ayah": 15,
    "time": 76230
  },
  {
    "ayah": 16,
    "time": 82038
  },
  {
    "ayah": 17,
    "time": 86997
  },
  {
    "ayah": 18,
    "time": 91701
  },
  {
    "ayah": 19,
    "time": 98511
  },
  {
    "ayah": 20,
    "time": 103818
  },
  {
    "ayah": 21,
    "time": 108676
  },
  {
    "ayah": 22,
    "time": 114483
  },
  {
    "ayah": 23,
    "time": 120642
  },
  {
    "ayah": 24,
    "time": 162196
  },
  {
    "ayah": 25,
    "time": 168258
  },
  {
    "ayah": 26,
    "time": 173913
  },
  {
    "ayah": 27,
    "time": 195343
  },
  {
    "ayah": 28,
    "time": 210662
  },
  {
    "ayah": 29,
    "time": 229789
  },
  {
    "ayah": 30,
    "time": 242355
  },
  {
    "ayah": 31,
    "time": 261084
  },
  {
    "ayah": 32,
    "time": 280509
  },
  {
    "ayah": 33,
    "time": 326780
  },
  {
    "ayah": 34,
    "time": 332230
  },
  {
    "ayah": 35,
    "time": 338088
  },
  {
    "ayah": 36,
    "time": 344699
  },
  {
    "ayah": 37,
    "time": 350905
  },
  {
    "ayah": 38,
    "time": 355961
  },
  {
    "ayah": 39,
    "time": 362581
  },
  {
    "ayah": 40,
    "time": 369835
  },
  {
    "ayah": 41,
    "time": 375090
  },
  {
    "ayah": 42,
    "time": 382249
  },
  {
    "ayah": 43,
    "time": 388707
  },
  {
    "ayah": 44,
    "time": 394566
  },
  {
    "ayah": 45,
    "time": 400774
  },
  {
    "ayah": 46,
    "time": 409286
  },
  {
    "ayah": 47,
    "time": 414591
  },
  {
    "ayah": 48,
    "time": 421552
  },
  {
    "ayah": 49,
    "time": 427411
  },
  {
    "ayah": 50,
    "time": 433018
  },
  {
    "ayah": 51,
    "time": 440027
  },
  {
    "ayah": 52,
    "time": 445585
  },
  {
    "ayah": 53,
    "time": 457602
  },
  {
    "ayah": 54,
    "time": 461858
  },
  {
    "ayah": 55,
    "time": 466364
  },
  {
    "ayah": 56,
    "time": 473633
  },
  {
    "ayah": 57,
    "time": 480403
  },
  {
    "ayah": 58,
    "time": 484295
  },
  {
    "ayah": 59,
    "time": 490707
  },
  {
    "ayah": 60,
    "time": 496463
  },
  {
    "ayah": 61,
    "time": 501301
  },
  {
    "ayah": 62,
    "time": 505658
  },
  {
    "ayah": 999,
    "time": 510214
  }
]