[
  {
    "ayah": 1,
    "time": 4140
  },
  {
    "ayah": 2,
    "time": 19729
  },
  {
    "ayah": 3,
    "time": 51216
  },
  {
    "ayah": 4,
    "time": 69334
  },
  {
    "ayah": 5,
    "time": 95751
  },
  {
    "ayah": 6,
    "time": 107640
  },
  {
    "ayah": 7,
    "time": 130124
  },
  {
    "ayah": 8,
    "time": 140162
  },
  {
    "ayah": 9,
    "time": 153312
  },
  {
    "ayah": 10,
    "time": 163382
  },
  {
    "ayah": 11,
    "time": 174742
  },
  {
    "ayah": 12,
    "time": 206100
  },
  {
    "ayah": 13,
    "time": 222200
  },
  {
    "ayah": 14,
    "time": 242509
  },
  {
    "ayah": 15,
    "time": 257685
  },
  {
    "ayah": 16,
    "time": 277106
  },
  {
    "ayah": 17,
    "time": 292764
  },
  {
    "ayah": 18,
    "time": 304542
  },
  {
    "ayah": 19,
    "time": 313476
  },
  {
    "ayah": 20,
    "time": 337989
  },
  {
    "ayah": 21,
    "time": 349149
  },
  {
    "ayah": 22,
    "time": 395721
  },
  {
    "ayah": 23,
    "time": 424728
  },
  {
    "ayah": 24,
    "time": 442565
  },
  {
    "ayah": 25,
    "time": 453732
  },
  {
    "ayah": 26,
    "time": 466767
  },
  {
    "ayah": 27,
    "time": 497278
  },
  {
    "ayah": 28,
    "time": 523342
  },
  {
    "ayah": 29,
    "time": 544133
  },
  {
    "ayah": 30,
    "time": 562198
  },
  {
    "ayah": 31,
    "time": 580317
  },
  {
    "ayah": 32,
    "time": 690333
  },
  {
    "ayah": 33,
    "time": 714728
  },
  {
    "ayah": 34,
    "time": 772553
  },
  {
    "ayah": 35,
    "time": 796153
  },
  {
    "ayah": 36,
    "time": 861026
  },
  {
    "ayah": 37,
    "time": 874316
  },
  {
    "ayah": 38,
    "time": 904076
  },
  {
    "ayah": 39,
    "time": 922220
  },
  {
    "ayah": 40,
    "time": 952813
  },
  {
    "ayah": 41,
    "time": 994162
  },
  {
    "ayah": 42,
    "time": 1018861
  },
  {
    "ayah": 43,
    "time": 1027599
  },
  {
    "ayah": 44,
    "time": 1072135
  },
  {
    "ayah": 45,
    "time": 1085352
  },
  {
    "ayah": 46,
    "time": 1123676
  },
  {
    "ayah": 47,
    "time": 1140023
  },
  {
    "ayah": 48,
    "time": 1169241
  },
  {
    "ayah": 49,
    "time": 1182283
  },
  {
    "ayah": 50,
    "time": 1189946
  },
  {
    "ayah": 51,
    "time": 1208715
  },
  {
    "ayah": 52,
    "time": 1231927
  },
  {
    "ayah": 53,
    "time": 1248481
  },
  {
    "ayah": 54,
    "time": 1273545
  },
  {
    "ayah": 55,
    "time": 1300944
  },
  {
    "ayah": 56,
    "time": 1350396
  },
  {
    "ayah": 57,
    "time": 1361091
  },
  {
    "ayah": 58,
    "time": 1376066
  },
  {
    "ayah": 59,
    "time": 1434251
  },
  {
    "ayah": 60,
    "time": 1455395
  },
  {
    "ayah": 61,
    "time": 1486638
  },
  {
    "ayah": 62,
    "time": 1580047
  },
  {
    "ayah": 63,
    "time": 1627694
  },
  {
    "ayah": 64,
    "time": 1661835
  }
]