[
  {
    "ayah": 1,
    "time": 2726
  },
  {
    "ayah": 2,
    "time": 22132
  },
  {
    "ayah": 3,
    "time": 72883
  },
  {
    "ayah": 4,
    "time": 132635
  },
  {
    "ayah": 5,
    "time": 159388
  },
  {
    "ayah": 6,
    "time": 198075
  },
  {
    "ayah": 7,
    "time": 256015
  },
  {
    "ayah": 8,
    "time": 272204
  },
  {
    "ayah": 9,
    "time": 296392
  },
  {
    "ayah": 10,
    "time": 304268
  },
  {
    "ayah": 11,
    "time": 315266
  },
  {
    "ayah": 12,
    "time": 335412
  },
  {
    "ayah": 13,
    "time": 382663
  },
  {
    "ayah": 14,
    "time": 414415
  },
  {
    "ayah": 15,
    "time": 437230
  },
  {
    "ayah": 16,
    "time": 458666
  },
  {
    "ayah": 17,
    "time": 473041
  },
  {
    "ayah": 18,
    "time": 504981
  },
  {
    "ayah": 19,
    "time": 537233
  },
  {
    "ayah": 20,
    "time": 566669
  },
  {
    "ayah": 21,
    "time": 587172
  },
  {
    "ayah": 22,
    "time": 600295
  },
  {
    "ayah": 23,
    "time": 615655
  },
  {
    "ayah": 24,
    "time": 635157
  },
  {
    "ayah": 25,
    "time": 651284
  },
  {
    "ayah": 26,
    "time": 661655
  },
  {
    "ayah": 27,
    "time": 677096
  },
  {
    "ayah": 28,
    "time": 696096
  },
  {
    "ayah": 29,
    "time": 709783
  },
  {
    "ayah": 30,
    "time": 723285
  },
  {
    "ayah": 31,
    "time": 730660
  },
  {
    "ayah": 32,
    "time": 750972
  },
  {
    "ayah": 33,
    "time": 789160
  },
  {
    "ayah": 34,
    "time": 818911
  },
  {
    "ayah": 35,
    "time": 829036
  },
  {
    "ayah": 36,
    "time": 840634
  },
  {
    "ayah": 37,
    "time": 859136
  },
  {
    "ayah": 38,
    "time": 871888
  },
  {
    "ayah": 39,
    "time": 885014
  },
  {
    "ayah": 40,
    "time": 896325
  },
  {
    "ayah": 41,
    "time": 914702
  },
  {
    "ayah": 42,
    "time": 976562
  },
  {
    "ayah": 43,
    "time": 1003379
  },
  {
    "ayah": 44,
    "time": 1021627
  },
  {
    "ayah": 45,
    "time": 1067444
  },
  {
    "ayah": 46,
    "time": 1098818
  },
  {
    "ayah": 47,
    "time": 1122570
  },
  {
    "ayah": 48,
    "time": 1140693
  },
  {
    "ayah": 49,
    "time": 1194072
  },
  {
    "ayah": 50,
    "time": 1226384
  },
  {
    "ayah": 51,
    "time": 1242649
  },
  {
    "ayah": 52,
    "time": 1268652
  },
  {
    "ayah": 53,
    "time": 1295337
  },
  {
    "ayah": 54,
    "time": 1312403
  },
  {
    "ayah": 55,
    "time": 1350404
  },
  {
    "ayah": 56,
    "time": 1365717
  },
  {
    "ayah": 57,
    "time": 1377279
  },
  {
    "ayah": 58,
    "time": 1401219
  },
  {
    "ayah": 59,
    "time": 1411842
  },
  {
    "ayah": 60,
    "time": 1431092
  },
  {
    "ayah": 61,
    "time": 1457719
  },
  {
    "ayah": 62,
    "time": 1470720
  },
  {
    "ayah": 63,
    "time": 1482158
  },
  {
    "ayah": 64,
    "time": 1495407
  },
  {
    "ayah": 65,
    "time": 1544097
  },
  {
    "ayah": 66,
    "time": 1555596
  },
  {
    "ayah": 67,
    "time": 1585086
  },
  {
    "ayah": 68,
    "time": 1605288
  },
  {
    "ayah": 69,
    "time": 1632539
  },
  {
    "ayah": 70,
    "time": 1653037
  },
  {
    "ayah": 71,
    "time": 1675101
  },
  {
    "ayah": 72,
    "time": 1695228
  },
  {
    "ayah": 73,
    "time": 1726102
  },
  {
    "ayah": 74,
    "time": 1746667
  },
  {
    "ayah": 75,
    "time": 1755915
  },
  {
    "ayah": 76,
    "time": 1779603
  },
  {
    "ayah": 77,
    "time": 1793796
  },
  {
    "ayah": 78,
    "time": 1817979
  },
  {
    "ayah": 79,
    "time": 1833107
  },
  {
    "ayah": 80,
    "time": 1844106
  },
  {
    "ayah": 81,
    "time": 1860171
  },
  {
    "ayah": 82,
    "time": 1882797
  },
  {
    "ayah": 83,
    "time": 1912984
  },
  {
    "ayah": 84,
    "time": 1934047
  },
  {
    "ayah": 85,
    "time": 1949049
  },
  {
    "ayah": 86,
    "time": 1964521
  },
  {
    "ayah": 87,
    "time": 1973611
  },
  {
    "ayah": 88,
    "time": 1989172
  },
  {
    "ayah": 89,
    "time": 2001610
  },
  {
    "ayah": 90,
    "time": 2048212
  },
  {
    "ayah": 91,
    "time": 2064864
  },
  {
    "ayah": 92,
    "time": 2083428
  },
  {
    "ayah": 93,
    "time": 2095990
  },
  {
    "ayah": 94,
    "time": 2120617
  },
  {
    "ayah": 95,
    "time": 2144241
  },
  {
    "ayah": 96,
    "time": 2186566
  },
  {
    "ayah": 97,
    "time": 2206869
  },
  {
    "ayah": 98,
    "time": 2230244
  },
  {
    "ayah": 99,
    "time": 2237760
  },
  {
    "ayah": 100,
    "time": 2245759
  },
  {
    "ayah": 101,
    "time": 2259386
  },
  {
    "ayah": 102,
    "time": 2279764
  },
  {
    "ayah": 103,
    "time": 2287450
  },
  {
    "ayah": 104,
    "time": 2307389
  },
  {
    "ayah": 105,
    "time": 2331326
  },
  {
    "ayah": 106,
    "time": 2348637
  },
  {
    "ayah": 107,
    "time": 2397078
  },
  {
    "ayah": 108,
    "time": 2425768
  },
  {
    "ayah": 109,
    "time": 2443079
  },
  {
    "ayah": 110,
    "time": 2455580
  },
  {
    "ayah": 111,
    "time": 2504833
  },
  {
    "ayah": 112,
    "time": 2518580
  },
  {
    "ayah": 113,
    "time": 2535145
  },
  {
    "ayah": 114,
    "time": 2550082
  },
  {
    "ayah": 115,
    "time": 2571208
  },
  {
    "ayah": 116,
    "time": 2586021
  },
  {
    "ayah": 117,
    "time": 2616084
  },
  {
    "ayah": 118,
    "time": 2639023
  },
  {
    "ayah": 119,
    "time": 2661525
  },
  {
    "ayah": 120,
    "time": 2680712
  },
  {
    "ayah": 999,
    "time": 2692525
  }
]