[
  {
    "ayah": 1,
    "time": 6587
  },
  {
    "ayah": 2,
    "time": 15982
  },
  {
    "ayah": 3,
    "time": 21369
  },
  {
    "ayah": 4,
    "time": 32925
  },
  {
    "ayah": 5,
    "time": 65348
  },
  {
    "ayah": 6,
    "time": 84899
  },
  {
    "ayah": 7,
    "time": 98691
  },
  {
    "ayah": 8,
    "time": 130642
  },
  {
    "ayah": 9,
    "time": 148939
  },
  {
    "ayah": 10,
    "time": 178893
  },
  {
    "ayah": 11,
    "time": 197787
  },
  {
    "ayah": 12,
    "time": 210512
  },
  {
    "ayah": 13,
    "time": 231138
  },
  {
    "ayah": 14,
    "time": 256308
  },
  {
    "ayah": 15,
    "time": 271169
  },
  {
    "ayah": 16,
    "time": 319406
  },
  {
    "ayah": 17,
    "time": 333120
  },
  {
    "ayah": 18,
    "time": 344033
  },
  {
    "ayah": 19,
    "time": 366828
  },
  {
    "ayah": 20,
    "time": 405009
  },
  {
    "ayah": 21,
    "time": 431294
  },
  {
    "ayah": 22,
    "time": 444204
  },
  {
    "ayah": 23,
    "time": 459855
  },
  {
    "ayah": 24,
    "time": 493524
  },
  {
    "ayah": 25,
    "time": 511356
  },
  {
    "ayah": 26,
    "time": 544329
  },
  {
    "ayah": 27,
    "time": 558075
  },
  {
    "ayah": 28,
    "time": 593734
  },
  {
    "ayah": 29,
    "time": 609809
  },
  {
    "ayah": 30,
    "time": 650862
  },
  {
    "ayah": 31,
    "time": 677193
  },
  {
    "ayah": 32,
    "time": 704732
  },
  {
    "ayah": 33,
    "time": 740770
  },
  {
    "ayah": 34,
    "time": 751729
  },
  {
    "ayah": 35,
    "time": 773603
  },
  {
    "ayah": 36,
    "time": 793665
  },
  {
    "ayah": 37,
    "time": 822265
  },
  {
    "ayah": 38,
    "time": 845352
  },
  {
    "ayah": 39,
    "time": 876367
  },
  {
    "ayah": 40,
    "time": 890724
  },
  {
    "ayah": 41,
    "time": 904463
  },
  {
    "ayah": 42,
    "time": 919099
  },
  {
    "ayah": 43,
    "time": 932009
  },
  {
    "ayah": 44,
    "time": 958944
  },
  {
    "ayah": 45,
    "time": 973201
  },
  {
    "ayah": 46,
    "time": 1000362
  },
  {
    "ayah": 47,
    "time": 1035292
  },
  {
    "ayah": 48,
    "time": 1062955
  },
  {
    "ayah": 49,
    "time": 1097010
  },
  {
    "ayah": 50,
    "time": 1112289
  },
  {
    "ayah": 51,
    "time": 1141453
  },
  {
    "ayah": 52,
    "time": 1148830
  },
  {
    "ayah": 53,
    "time": 1158729
  },
  {
    "ayah": 54,
    "time": 1179395
  },
  {
    "ayah": 55,
    "time": 1198017
  },
  {
    "ayah": 56,
    "time": 1214550
  },
  {
    "ayah": 57,
    "time": 1231361
  },
  {
    "ayah": 58,
    "time": 1265262
  },
  {
    "ayah": 59,
    "time": 1285642
  },
  {
    "ayah": 60,
    "time": 1309751
  },
  {
    "ayah": 61,
    "time": 1330371
  },
  {
    "ayah": 62,
    "time": 1355495
  },
  {
    "ayah": 63,
    "time": 1368312
  },
  {
    "ayah": 64,
    "time": 1396348
  },
  {
    "ayah": 65,
    "time": 1414241
  },
  {
    "ayah": 66,
    "time": 1423854
  },
  {
    "ayah": 67,
    "time": 1437322
  },
  {
    "ayah": 68,
    "time": 1451114
  },
  {
    "ayah": 69,
    "time": 1470666
  },
  {
    "ayah": 70,
    "time": 1479303
  },
  {
    "ayah": 71,
    "time": 1496293
  },
  {
    "ayah": 72,
    "time": 1517895
  },
  {
    "ayah": 73,
    "time": 1547013
  },
  {
    "ayah": 74,
    "time": 1565682
  },
  {
    "ayah": 75,
    "time": 1578221
  },
  {
    "ayah": 76,
    "time": 1607617
  },
  {
    "ayah": 77,
    "time": 1638360
  },
  {
    "ayah": 78,
    "time": 1666828
  },
  {
    "ayah": 79,
    "time": 1695435
  },
  {
    "ayah": 80,
    "time": 1715172
  },
  {
    "ayah": 81,
    "time": 1732162
  },
  {
    "ayah": 82,
    "time": 1750002
  },
  {
    "ayah": 83,
    "time": 1782788
  },
  {
    "ayah": 84,
    "time": 1798810
  },
  {
    "ayah": 85,
    "time": 1820405
  },
  {
    "ayah": 86,
    "time": 1845050
  },
  {
    "ayah": 87,
    "time": 1864708
  },
  {
    "ayah": 88,
    "time": 1882634
  }
]