[
  {
    "ayah": 1,
    "time": 4032
  },
  {
    "ayah": 2,
    "time": 9935
  },
  {
    "ayah": 3,
    "time": 16946
  },
  {
    "ayah": 4,
    "time": 25206
  },
  {
    "ayah": 5,
    "time": 33468
  },
  {
    "ayah": 6,
    "time": 40728
  },
  {
    "ayah": 7,
    "time": 46235
  },
  {
    "ayah": 8,
    "time": 50140
  },
  {
    "ayah": 9,
    "time": 52993
  },
  {
    "ayah": 10,
    "time": 57298
  },
  {
    "ayah": 11,
    "time": 64713
  },
  {
    "ayah": 12,
    "time": 69066
  },
  {
    "ayah": 13,
    "time": 74773
  },
  {
    "ayah": 14,
    "time": 84885
  },
  {
    "ayah": 15,
    "time": 92249
  },
  {
    "ayah": 16,
    "time": 96803
  },
  {
    "ayah": 17,
    "time": 103711
  },
  {
    "ayah": 18,
    "time": 110222
  },
  {
    "ayah": 19,
    "time": 116683
  },
  {
    "ayah": 20,
    "time": 123490
  },
  {
    "ayah": 21,
    "time": 129246
  },
  {
    "ayah": 22,
    "time": 133153
  },
  {
    "ayah": 23,
    "time": 139462
  },
  {
    "ayah": 24,
    "time": 143565
  },
  {
    "ayah": 25,
    "time": 149778
  },
  {
    "ayah": 26,
    "time": 156786
  },
  {
    "ayah": 27,
    "time": 163645
  },
  {
    "ayah": 28,
    "time": 168048
  },
  {
    "ayah": 29,
    "time": 173359
  },
  {
    "ayah": 30,
    "time": 178413
  },
  {
    "ayah": 31,
    "time": 184073
  },
  {
    "ayah": 32,
    "time": 188529
  },
  {
    "ayah": 33,
    "time": 193884
  },
  {
    "ayah": 34,
    "time": 201795
  },
  {
    "ayah": 35,
    "time": 205549
  },
  {
    "ayah": 36,
    "time": 210657
  },
  {
    "ayah": 37,
    "time": 217921
  },
  {
    "ayah": 38,
    "time": 226431
  },
  {
    "ayah": 39,
    "time": 234297
  },
  {
    "ayah": 40,
    "time": 242204
  },
  {
    "ayah": 999,
    "time": 252013
  }
]