[
  {
    "ayah": 1,
    "time": 8432
  },
  {
    "ayah": 2,
    "time": 32365
  },
  {
    "ayah": 3,
    "time": 53602
  },
  {
    "ayah": 4,
    "time": 64720
  },
  {
    "ayah": 5,
    "time": 80366
  },
  {
    "ayah": 6,
    "time": 95585
  },
  {
    "ayah": 7,
    "time": 108705
  },
  {
    "ayah": 8,
    "time": 144251
  },
  {
    "ayah": 9,
    "time": 152266
  },
  {
    "ayah": 10,
    "time": 167236
  },
  {
    "ayah": 11,
    "time": 187963
  },
  {
    "ayah": 12,
    "time": 220058
  },
  {
    "ayah": 13,
    "time": 245255
  },
  {
    "ayah": 14,
    "time": 263786
  },
  {
    "ayah": 15,
    "time": 273900
  },
  {
    "ayah": 16,
    "time": 289121
  },
  {
    "ayah": 17,
    "time": 315118
  },
  {
    "ayah": 18,
    "time": 342965
  },
  {
    "ayah": 19,
    "time": 350828
  },
  {
    "ayah": 20,
    "time": 381379
  },
  {
    "ayah": 21,
    "time": 397599
  },
  {
    "ayah": 22,
    "time": 406311
  },
  {
    "ayah": 23,
    "time": 420182
  },
  {
    "ayah": 24,
    "time": 432248
  },
  {
    "ayah": 25,
    "time": 460388
  },
  {
    "ayah": 26,
    "time": 479262
  },
  {
    "ayah": 27,
    "time": 512263
  },
  {
    "ayah": 28,
    "time": 529442
  },
  {
    "ayah": 29,
    "time": 547376
  },
  {
    "ayah": 30,
    "time": 571156
  },
  {
    "ayah": 31,
    "time": 588329
  },
  {
    "ayah": 32,
    "time": 619872
  },
  {
    "ayah": 33,
    "time": 640281
  },
  {
    "ayah": 34,
    "time": 654700
  },
  {
    "ayah": 35,
    "time": 682737
  },
  {
    "ayah": 36,
    "time": 702113
  },
  {
    "ayah": 37,
    "time": 732828
  },
  {
    "ayah": 38,
    "time": 756127
  },
  {
    "ayah": 39,
    "time": 774605
  },
  {
    "ayah": 40,
    "time": 793981
  },
  {
    "ayah": 41,
    "time": 808604
  },
  {
    "ayah": 42,
    "time": 856927
  },
  {
    "ayah": 43,
    "time": 904550
  },
  {
    "ayah": 44,
    "time": 928692
  },
  {
    "ayah": 45,
    "time": 953175
  },
  {
    "ayah": 46,
    "time": 970510
  },
  {
    "ayah": 47,
    "time": 987330
  },
  {
    "ayah": 48,
    "time": 1010764
  },
  {
    "ayah": 49,
    "time": 1054928
  },
  {
    "ayah": 50,
    "time": 1079568
  },
  {
    "ayah": 51,
    "time": 1096539
  },
  {
    "ayah": 52,
    "time": 1107459
  },
  {
    "ayah": 53,
    "time": 1130341
  },
  {
    "ayah": 54,
    "time": 1151524
  },
  {
    "ayah": 55,
    "time": 1177161
  },
  {
    "ayah": 56,
    "time": 1190230
  },
  {
    "ayah": 57,
    "time": 1204197
  },
  {
    "ayah": 58,
    "time": 1217366
  },
  {
    "ayah": 59,
    "time": 1240348
  },
  {
    "ayah": 60,
    "time": 1251611
  },
  {
    "ayah": 61,
    "time": 1289827
  },
  {
    "ayah": 62,
    "time": 1303696
  },
  {
    "ayah": 63,
    "time": 1321869
  },
  {
    "ayah": 64,
    "time": 1346557
  },
  {
    "ayah": 65,
    "time": 1357317
  },
  {
    "ayah": 66,
    "time": 1393616
  },
  {
    "ayah": 67,
    "time": 1430487
  },
  {
    "ayah": 68,
    "time": 1451178
  },
  {
    "ayah": 69,
    "time": 1463807
  },
  {
    "ayah": 70,
    "time": 1479188
  },
  {
    "ayah": 71,
    "time": 1526047
  },
  {
    "ayah": 72,
    "time": 1540268
  },
  {
    "ayah": 73,
    "time": 1598545
  },
  {
    "ayah": 74,
    "time": 1615917
  },
  {
    "ayah": 75,
    "time": 1639854
  },
  {
    "ayah": 999,
    "time": 1666988
  }
]