[
  {
    "ayah": 1,
    "time": 13521
  },
  {
    "ayah": 2,
    "time": 17640
  },
  {
    "ayah": 3,
    "time": 25256
  },
  {
    "ayah": 4,
    "time": 33476
  },
  {
    "ayah": 5,
    "time": 47818
  },
  {
    "ayah": 6,
    "time": 72020
  },
  {
    "ayah": 7,
    "time": 86516
  },
  {
    "ayah": 8,
    "time": 92089
  },
  {
    "ayah": 9,
    "time": 108329
  },
  {
    "ayah": 10,
    "time": 122647
  },
  {
    "ayah": 11,
    "time": 146920
  },
  {
    "ayah": 12,
    "time": 159838
  },
  {
    "ayah": 13,
    "time": 176928
  },
  {
    "ayah": 14,
    "time": 194661
  },
  {
    "ayah": 15,
    "time": 209800
  },
  {
    "ayah": 16,
    "time": 225218
  },
  {
    "ayah": 17,
    "time": 251271
  },
  {
    "ayah": 18,
    "time": 279885
  },
  {
    "ayah": 19,
    "time": 295528
  },
  {
    "ayah": 20,
    "time": 315558
  },
  {
    "ayah": 21,
    "time": 327511
  },
  {
    "ayah": 22,
    "time": 350188
  },
  {
    "ayah": 23,
    "time": 363702
  },
  {
    "ayah": 24,
    "time": 395513
  },
  {
    "ayah": 25,
    "time": 416829
  },
  {
    "ayah": 26,
    "time": 443207
  },
  {
    "ayah": 27,
    "time": 462015
  },
  {
    "ayah": 28,
    "time": 475808
  },
  {
    "ayah": 29,
    "time": 494584
  },
  {
    "ayah": 30,
    "time": 510877
  },
  {
    "ayah": 31,
    "time": 525699
  },
  {
    "ayah": 32,
    "time": 542814
  },
  {
    "ayah": 33,
    "time": 570188
  },
  {
    "ayah": 34,
    "time": 581970
  },
  {
    "ayah": 35,
    "time": 605854
  },
  {
    "ayah": 36,
    "time": 627109
  },
  {
    "ayah": 37,
    "time": 636954
  }
]