[
  {
    "ayah": 1,
    "time": 3729
  },
  {
    "ayah": 2,
    "time": 24211
  },
  {
    "ayah": 3,
    "time": 37524
  },
  {
    "ayah": 4,
    "time": 57012
  },
  {
    "ayah": 5,
    "time": 78846
  },
  {
    "ayah": 6,
    "time": 102836
  },
  {
    "ayah": 7,
    "time": 134371
  },
  {
    "ayah": 8,
    "time": 148690
  },
  {
    "ayah": 9,
    "time": 164612
  },
  {
    "ayah": 10,
    "time": 215432
  },
  {
    "ayah": 11,
    "time": 255886
  },
  {
    "ayah": 12,
    "time": 288580
  },
  {
    "ayah": 13,
    "time": 309657
  },
  {
    "ayah": 14,
    "time": 332240
  },
  {
    "ayah": 15,
    "time": 344204
  },
  {
    "ayah": 16,
    "time": 349612
  },
  {
    "ayah": 17,
    "time": 360729
  },
  {
    "ayah": 18,
    "time": 378501
  },
  {
    "ayah": 19,
    "time": 399681
  },
  {
    "ayah": 20,
    "time": 415953
  },
  {
    "ayah": 21,
    "time": 420711
  },
  {
    "ayah": 22,
    "time": 461264
  },
  {
    "ayah": 23,
    "time": 516491
  },
  {
    "ayah": 24,
    "time": 536070
  },
  {
    "ayah": 25,
    "time": 554743
  },
  {
    "ayah": 26,
    "time": 571766
  },
  {
    "ayah": 27,
    "time": 585185
  },
  {
    "ayah": 28,
    "time": 603511
  },
  {
    "ayah": 29,
    "time": 614175
  },
  {
    "ayah": 30,
    "time": 619932
  },
  {
    "ayah": 31,
    "time": 634602
  },
  {
    "ayah": 32,
    "time": 665544
  },
  {
    "ayah": 33,
    "time": 696632
  },
  {
    "ayah": 34,
    "time": 707749
  },
  {
    "ayah": 35,
    "time": 729379
  },
  {
    "ayah": 36,
    "time": 741746
  },
  {
    "ayah": 37,
    "time": 761520
  },
  {
    "ayah": 38,
    "time": 801978
  },
  {
    "ayah": 39,
    "time": 820051
  },
  {
    "ayah": 40,
    "time": 835275
  },
  {
    "ayah": 41,
    "time": 846939
  },
  {
    "ayah": 42,
    "time": 855353
  },
  {
    "ayah": 43,
    "time": 872474
  },
  {
    "ayah": 44,
    "time": 883087
  },
  {
    "ayah": 45,
    "time": 915520
  },
  {
    "ayah": 46,
    "time": 931892
  },
  {
    "ayah": 47,
    "time": 943508
  },
  {
    "ayah": 48,
    "time": 957177
  },
  {
    "ayah": 49,
    "time": 967190
  },
  {
    "ayah": 50,
    "time": 974600
  },
  {
    "ayah": 51,
    "time": 984913
  },
  {
    "ayah": 52,
    "time": 995479
  },
  {
    "ayah": 999,
    "time": 1013787
  }
]