[
  {
    "id": 15646,
    "book_id": 3,
    "book_name": "nasai",
    "chapter_id": 32,
    "section_id": 1,
    "title": "উমরারূপে দান১ করা",
    "preface": "",
    "number": "পরিচ্ছেদ",
    "sort_order": 1,
    "hadiths": [
      {
        "id": 41520,
        "book_id": 3,
        "book_name": "সুনানে আন-নাসায়ী",
        "chapter_id": 32,
        "section_id": 1,
        "hadith_key": "সুনানে আন-নাসায়ী: ৩৭২০",
        "hadith_id": 3720,
        "narrator": "যায়দ ইব্‌ন সাবিত (রাঃ)",
        "bn": "নবী (সাল্লাল্লাহু ‘আলাইহি ওয়া সাল্লাম) থেকে বর্ণিত। তিনি বলেছেনঃ উমরা ওয়ারিসদের জন্য।",
        "ar": "أَخْبَرَنَا مُحَمَّدُ بْنُ عَبْدِ الْأَعْلَى، قَالَ: حَدَّثَنَا خَالِدٌ، قَالَ: حَدَّثَنَا شُعْبَةُ، عَنْ عَمْرِو بْنِ دِينَارٍ، قَالَ: سَمِعْتُ طَاوُسًا، يُحَدِّثُ، عَنْ زَيْدِ بْنِ ثَابِتٍ، عَنِ النَّبِيِّ صَلَّى اللهُ عَلَيْهِ وَسَلَّمَ، قَالَ: «الْعُمْرَى هِيَ لِلْوَارِثِ»",
        "ar_diacless": "أخبرنا محمد بن عبد الأعلى، قال: حدثنا خالد، قال: حدثنا شعبة، عن عمرو بن دينار، قال: سمعت طاوسا، يحدث، عن زيد بن ثابت، عن النبي صلى الله عليه وسلم، قال: «العمرى هي للوارث»",
        "note": "[১] আমি তোমার জীবদ্দশা পর্যন্ত তোমাকে এই ঘর (বা অন্য কিছু) দান করলাম। তোমার মৃত্যুর পর এটা তোমার ওয়ারিসদের প্রাপ্য হবে, এরূপ বললে তা হিবা বলে গণ্য হবে। আর যদি বলেঃ আমার এই ঘর তোমার জন্য, তোমার মৃত্যু হলে এই ঘর আবার আমার হবে। ইমাম আবূ হানীফার মতে এটা ছিল হিবা, তবে যে শর্ত করে, সে শর্ত অকার্যকর বলে গণ্য হবে।",
        "grade_id": 2,
        "grade": "সহিহ হাদিস",
        "grade_color": "#46B891"
      },
      {
        "id": 41516,
        "book_id": 3,
        "book_name": "সুনানে আন-নাসায়ী",
        "chapter_id": 32,
        "section_id": 1,
        "hadith_key": "সুনানে আন-নাসায়ী: ৩৭২১",
        "hadith_id": 3721,
        "narrator": "যায়দ ইব্‌ন সাবিত (রাঃ)",
        "bn": "রাসূলুল্লাহ (সাল্লাল্লাহু ‘আলাইহি ওয়া সাল্লাম) বলেছেনঃ উমরা ওয়ারিসদের জন্য।",
        "ar": "أَخْبَرَنَا عَمْرُو بْنُ عَلِيٍّ، قَالَ: حَدَّثَنَا أَبُو دَاوُدَ، قَالَ: حَدَّثَنَا شُعْبَةُ، قَالَ: أَخْبَرَنِي عَمْرُو بْنُ دِينَارٍ، قَالَ: سَمِعْتُ طَاوُسًا، يُحَدِّثُ، عَنْ حُجْرٍ الْمَدَرِيِّ، عَنْ زَيْدِ بْنِ ثَابِتٍ، أَنَّ رَسُولَ اللَّهِ صَلَّى اللهُ عَلَيْهِ وَسَلَّمَ قَالَ: «الْعُمْرَى لِلْوَارِثِ»",
        "ar_diacless": "أخبرنا عمرو بن علي، قال: حدثنا أبو داود، قال: حدثنا شعبة، قال: أخبرني عمرو بن دينار، قال: سمعت طاوسا، يحدث، عن حجر المدري، عن زيد بن ثابت، أن رسول الله صلى الله عليه وسلم قال: «العمرى للوارث»",
        "note": "",
        "grade_id": 2,
        "grade": "সহিহ হাদিস",
        "grade_color": "#46B891"
      },
      {
        "id": 41517,
        "book_id": 3,
        "book_name": "সুনানে আন-নাসায়ী",
        "chapter_id": 32,
        "section_id": 1,
        "hadith_key": "সুনানে আন-নাসায়ী: ৩৭২২",
        "hadith_id": 3722,
        "narrator": "যায়দ ইব্‌ন সাবিত(রাঃ)",
        "bn": "নবী (সাল্লাল্লাহু ‘আলাইহি ওয়া সাল্লাম) ওয়ারিসদের জন্য উমরার ফয়সালা দিয়েছেন।",
        "ar": "أَخْبَرَنَا مُحَمَّدُ بْنُ عَبْدِ اللَّهِ بْنِ يَزِيدَ، عَنْ سُفْيَانَ، عَنْ عَمْرٍو، عَنْ طَاوُسٍ، عَنْ حُجْرٍ الْمَدَرِيِّ، عَنْ زَيْدِ بْنِ ثَابِتٍ: «أَنَّ النَّبِيَّ صَلَّى اللهُ عَلَيْهِ وَسَلَّمَ قَضَى بِالْعُمْرَى لِلْوَارِثِ»",
        "ar_diacless": "أخبرنا محمد بن عبد الله بن يزيد، عن سفيان، عن عمرو، عن طاوس، عن حجر المدري، عن زيد بن ثابت: «أن النبي صلى الله عليه وسلم قضى بالعمرى للوارث»",
        "note": "",
        "grade_id": 2,
        "grade": "সহিহ হাদিস",
        "grade_color": "#46B891"
      },
      {
        "id": 41521,
        "book_id": 3,
        "book_name": "সুনানে আন-নাসায়ী",
        "chapter_id": 32,
        "section_id": 1,
        "hadith_key": "সুনানে আন-নাসায়ী: ৩৭২৩",
        "hadith_id": 3723,
        "narrator": "যায়দ ইবন সাবিত (রাঃ)",
        "bn": "তিনি বলেনঃ রাসূলুল্লাহ (সাল্লাল্লাহু ‘আলাইহি ওয়া সাল্লাম) বলেছেনঃ যে ব্যক্তি কোন বস্তুর ‘উমরা’ করে, তা ঐ ব্যক্তির হয়ে যাবে যার জন্য তা করা হয় ...... তার হায়াত ও মওত  সর্বাবস্থার জন্য। [রাসূলুল্লাহ (সাল্লাল্লাহু ‘আলাইহি ওয়া সাল্লাম)] বলেনঃ তোমরা ‘রুক্‌বা’ করো না। আর যে ব্যক্তি কোন বস্তুতে রুক্‌বা করে, তবে তা তার বিধানমত চালু থাকবে।",
        "ar": "أَخْبَرَنَا مُحَمَّدُ بْنُ عُبَيْدِ اللَّهِ بْنِ يَزِيدَ بْنِ إِبْرَاهِيمَ، قَالَ: أَخْبَرَنِي أَبِي أَنَّهُ عَرَضَ عَلَى مَعْقِلٍ، عَنْ عَمْرِو بْنِ دِينَارٍ، عَنْ حُجْرٍ الْمَدَرِيِّ، عَنْ زَيْدِ بْنِ ثَابِتٍ، قَالَ: قَالَ رَسُولُ اللَّهِ صَلَّى اللهُ عَلَيْهِ وَسَلَّمَ: «مَنْ أَعْمَرَ شَيْئًا فَهُوَ لِمُعْمَرِهِ مَحْيَاهُ وَمَمَاتَهُ، وَلَا تُرْقِبُوا، فَمَنْ أَرْقَبَ شَيْئًا فَهُوَ لِسَبِيلِهِ»",
        "ar_diacless": "أخبرنا محمد بن عبيد الله بن يزيد بن إبراهيم، قال: أخبرني أبي أنه عرض على معقل، عن عمرو بن دينار، عن حجر المدري، عن زيد بن ثابت، قال: قال رسول الله صلى الله عليه وسلم: «من أعمر شيئا فهو لمعمره محياه ومماته، ولا ترقبوا، فمن أرقب شيئا فهو لسبيله»",
        "note": "",
        "grade_id": 2,
        "grade": "সহিহ হাদিস",
        "grade_color": "#46B891"
      },
      {
        "id": 41519,
        "book_id": 3,
        "book_name": "সুনানে আন-নাসায়ী",
        "chapter_id": 32,
        "section_id": 1,
        "hadith_key": "সুনানে আন-নাসায়ী: ৩৭২৪",
        "hadith_id": 3724,
        "narrator": "আবদুল্লাহ্ ইব্‌ন আব্বাস(রাঃ)",
        "bn": "নবী (সাল্লাল্লাহু ‘আলাইহি ওয়া সাল্লাম) থেকে বর্ণিত। তিনি বলেনঃ উমরারূপে দান বৈধ (চলমান থাকবে)।",
        "ar": "أَخْبَرَنِي زَكَرِيَّا بْنُ يَحْيَى، قَالَ: حَدَّثَنَا زَيْدُ بْنُ أَخْزَمَ، قَالَ: أَنْبَأَنَا مُعَاذُ بْنُ هِشَامٍ، قَالَ: حَدَّثَنِي أَبِي، عَنْ قَتَادَةَ، قَالَ: حَدَّثَنَا عَمْرُو بْنُ دِينَارٍ، عَنْ طَاوُسٍ، عَنْ الْحَجُورِيِّ، عَنْ عَبْدِ اللَّهِ بْنِ عَبَّاسٍ، عَنِ النَّبِيِّ صَلَّى اللهُ عَلَيْهِ وَسَلَّمَ قَالَ: «الْعُمْرَى جَائِزَةٌ»",
        "ar_diacless": "أخبرني زكريا بن يحيى، قال: حدثنا زيد بن أخزم، قال: أنبأنا معاذ بن هشام، قال: حدثني أبي، عن قتادة، قال: حدثنا عمرو بن دينار، عن طاوس، عن الحجوري، عن عبد الله بن عباس، عن النبي صلى الله عليه وسلم قال: «العمرى جائزة»",
        "note": "",
        "grade_id": 2,
        "grade": "সহিহ হাদিস",
        "grade_color": "#46B891"
      },
      {
        "id": 41518,
        "book_id": 3,
        "book_name": "সুনানে আন-নাসায়ী",
        "chapter_id": 32,
        "section_id": 1,
        "hadith_key": "সুনানে আন-নাসায়ী: ৩৭২৫",
        "hadith_id": 3725,
        "narrator": "ইব্‌ন আব্বাস (রাঃ)",
        "bn": "রাসূলুল্লাহ (সাল্লাল্লাহু ‘আলাইহি ওয়া সাল্লাম) থেকে বর্ণিত। তিনি বলেনঃ উমরা করা বৈধ (কার্যকর)।",
        "ar": "أَخْبَرَنَا هَارُونُ بْنُ مُحَمَّدِ بْنِ بَكَّارِ بْنِ بِلَالٍ، قَالَ: حَدَّثَنَا أَبِي، قَالَ: حَدَّثَنَا سَعِيدٌ هُوَ ابْنُ بَشِيرٍ، عَنْ عَمْرِو بْنِ دِينَارٍ، عَنْ طَاوُسٍ، عَنْ ابْنِ عَبَّاسٍ، عَنِ النَّبِيِّ صَلَّى اللهُ عَلَيْهِ وَسَلَّمَ قَالَ: «إِنَّ الْعُمْرَى جَائِزَةٌ»",
        "ar_diacless": "أخبرنا هارون بن محمد بن بكار بن بلال، قال: حدثنا أبي، قال: حدثنا سعيد هو ابن بشير، عن عمرو بن دينار، عن طاوس، عن ابن عباس، عن النبي صلى الله عليه وسلم قال: «إن العمرى جائزة»",
        "note": "",
        "grade_id": 2,
        "grade": "সহিহ হাদিস",
        "grade_color": "#46B891"
      },
      {
        "id": 41522,
        "book_id": 3,
        "book_name": "সুনানে আন-নাসায়ী",
        "chapter_id": 32,
        "section_id": 1,
        "hadith_key": "সুনানে আন-নাসায়ী: ৩৭২৬",
        "hadith_id": 3726,
        "narrator": "মাকহূল (রহঃ) তাঊস (রহঃ)",
        "bn": "রাসূলুল্লাহ (সাল্লাল্লাহু ‘আলাইহি ওয়া সাল্লাম) উম্‌রা এবং রুক্‌বাকে স্থায়ী (-রূপে কার্যকর) করেছেন।",
        "ar": "أَخْبَرَنَا مُحَمَّدُ بْنُ حَاتِمٍ، قَالَ: حَدَّثَنَا حِبَّانُ، قَالَ: أَنْبَأَنَا عَبْدُ اللَّهِ، عَنْ مُحَمَّدِ بْنِ إِسْحَاقَ، قَالَ: حَدَّثَنَا مَكْحُولٌ، عَنْ طَاوُسٍ، «بَتَلَ رَسُولُ اللَّهِ صَلَّى اللهُ عَلَيْهِ وَسَلَّمَ الْعُمْرَى وَالرُّقْبَى»",
        "ar_diacless": "أخبرنا محمد بن حاتم، قال: حدثنا حبان، قال: أنبأنا عبد الله، عن محمد بن إسحاق، قال: حدثنا مكحول، عن طاوس، «بتل رسول الله صلى الله عليه وسلم العمرى والرقبى»",
        "note": "",
        "grade_id": 7,
        "grade": "সহিহ লিগাইরিহি",
        "grade_color": "#46B891"
      }
    ]
  },
  {
    "id": 15647,
    "book_id": 3,
    "book_name": "nasai",
    "chapter_id": 32,
    "section_id": 2,
    "title": "উমরার ব্যাপারে জাবির (রাঃ)-এর রিওয়ায়াতে রাবীদের বর্ণনায় বিরোধ",
    "preface": "",
    "number": "পরিচ্ছেদ",
    "sort_order": 2,
    "hadiths": [
      {
        "id": 41523,
        "book_id": 3,
        "book_name": "সুনানে আন-নাসায়ী",
        "chapter_id": 32,
        "section_id": 2,
        "hadith_key": "সুনানে আন-নাসায়ী: ৩৭২৭",
        "hadith_id": 3727,
        "narrator": "জাবির (রাঃ)",
        "bn": "রাসূলুল্লাহ (সাল্লাল্লাহু ‘আলাইহি ওয়া সাল্লাম) তাদেরকে খুতবা দিতে গিয়ে বললেন: উমরা বৈধ (কার্যকর)।",
        "ar": "أَخْبَرَنَا عَمْرُو بْنُ عَلِيٍّ، قَالَ: حَدَّثَنَا أَبُو دَاوُدَ، قَالَ: حَدَّثَنَا بِسْطَامُ بْنُ مُسْلِمٍ، قَالَ: حَدَّثَنَا مَالِكُ بْنُ دِينَارٍ، عَنْ عَطَاءٍ، عَنْ جَابِرٍ، أَنَّ رَسُولَ اللَّهِ صَلَّى اللهُ عَلَيْهِ وَسَلَّمَ خَطَبَهُمْ فَقَالَ: «الْعُمْرَى جَائِزَةٌ»",
        "ar_diacless": "أخبرنا عمرو بن علي، قال: حدثنا أبو داود، قال: حدثنا بسطام بن مسلم، قال: حدثنا مالك بن دينار، عن عطاء، عن جابر، أن رسول الله صلى الله عليه وسلم خطبهم فقال: «العمرى جائزة»",
        "note": "",
        "grade_id": 2,
        "grade": "সহিহ হাদিস",
        "grade_color": "#46B891"
      },
      {
        "id": 41524,
        "book_id": 3,
        "book_name": "সুনানে আন-নাসায়ী",
        "chapter_id": 32,
        "section_id": 2,
        "hadith_key": "সুনানে আন-নাসায়ী: ৩৭২৮",
        "hadith_id": 3728,
        "narrator": "আতা (রহঃ)",
        "bn": "তিনি বলেন: রাসূলুল্লাহ (সাল্লাল্লাহু ‘আলাইহি ওয়া সাল্লাম) উমরা এবং রুক্‌বা করতে নিষেধ করেছেন। আমি বললাম: রুক্‌বা কি? তিনি বললেন: কোন ব্যক্তি অন্য ব্যক্তিকে এই বলা যে, এই বস্তু তোমরা, যতদিন তুমি বেঁচে থাকবে। তবে যদি তোমরা এরূপ কর, তবে তা বৈধ (কার্যকর হবে)।",
        "ar": "أَخْبَرَنَا أَحْمَدُ بْنُ سُلَيْمَانَ، قَالَ: أَنْبَأَنَا عُبَيْدُ اللَّهِ، عَنْ إِسْرَائِيلَ، عَنْ عَبْدِ الْكَرِيمِ، عَنْ عَطَاءٍ، قَالَ: «نَهَى رَسُولُ اللَّهِ صَلَّى اللهُ عَلَيْهِ وَسَلَّمَ عَنِ الْعُمْرَى وَالرُّقْبَى» قُلْتُ: وَمَا الرُّقْبَى؟ قَالَ: \" يَقُولُ الرَّجُلُ لِلرَّجُلِ: هِيَ لَكَ حَيَاتَكَ، فَإِنْ فَعَلْتُمْ فَهُوَ جَائِزَةٌ \"",
        "ar_diacless": "أخبرنا أحمد بن سليمان، قال: أنبأنا عبيد الله، عن إسرائيل، عن عبد الكريم، عن عطاء، قال: «نهى رسول الله صلى الله عليه وسلم عن العمرى والرقبى» قلت: وما الرقبى؟ قال: \" يقول الرجل للرجل: هي لك حياتك، فإن فعلتم فهو جائزة \"",
        "note": "",
        "grade_id": 7,
        "grade": "সহিহ লিগাইরিহি",
        "grade_color": "#46B891"
      },
      {
        "id": 41525,
        "book_id": 3,
        "book_name": "সুনানে আন-নাসায়ী",
        "chapter_id": 32,
        "section_id": 2,
        "hadith_key": "সুনানে আন-নাসায়ী: ৩৭২৯",
        "hadith_id": 3729,
        "narrator": "জাবির (রাঃ)",
        "bn": "রাসূলুল্লাহ্‌ (সাল্লাল্লাহু ‘আলাইহি ওয়া সাল্লাম) থেকে বর্ণিত। তিনি বলেন: উমরা বৈধ (কার্যকর)।",
        "ar": "أَخْبَرَنَا مُحَمَّدُ بْنُ الْمُثَنَّى، قَالَ: حَدَّثَنَا مُحَمَّدٌ، قَالَ: حَدَّثَنَا شُعْبَةُ، قَالَ: سَمِعْتُ قَتَادَةَ، يُحَدِّثُ عَنْ عَطَاءٍ، عَنْ جَابِرٍ، عَنِ النَّبِيِّ صَلَّى اللهُ عَلَيْهِ وَسَلَّمَ قَالَ: «الْعُمْرَى جَائِزَةٌ»",
        "ar_diacless": "أخبرنا محمد بن المثنى، قال: حدثنا محمد، قال: حدثنا شعبة، قال: سمعت قتادة، يحدث عن عطاء، عن جابر، عن النبي صلى الله عليه وسلم قال: «العمرى جائزة»",
        "note": "",
        "grade_id": 2,
        "grade": "সহিহ হাদিস",
        "grade_color": "#46B891"
      },
      {
        "id": 41526,
        "book_id": 3,
        "book_name": "সুনানে আন-নাসায়ী",
        "chapter_id": 32,
        "section_id": 2,
        "hadith_key": "সুনানে আন-নাসায়ী: ৩৭৩০",
        "hadith_id": 3730,
        "narrator": "আতা (রাঃ)",
        "bn": "তিনি বলেন: রাসূলুল্লাহ্‌ (সাল্লাল্লাহু ‘আলাইহি ওয়া সাল্লাম) বলেছেন: যদি কোন ব্যক্তিকে তার জীবন শর্তে কোন কিছু দান করা হয়, তবে তা জীবনকালে ও মৃত্যুর পরে তারই হয়ে যাবে।",
        "ar": "أَخْبَرَنَا مُحَمَّدُ بْنُ حَاتِمٍ، قَالَ: أَنْبَأَنَا حِبَّانُ، قَالَ: أَنْبَأَنَا عَبْدُ اللَّهِ، عَنْ عَبْدِ الْمَلِكِ بْنِ أَبِي سُلَيْمَانَ، عَنْ عَطَاءٍ، قَالَ: قَالَ رَسُولُ اللَّهِ صَلَّى اللهُ عَلَيْهِ وَسَلَّمَ: «مَنْ أُعْطِيَ شَيْئًا حَيَاتَهُ، فَهُوَ لَهُ حَيَاتَهُ وَمَوْتَهُ»",
        "ar_diacless": "أخبرنا محمد بن حاتم، قال: أنبأنا حبان، قال: أنبأنا عبد الله، عن عبد الملك بن أبي سليمان، عن عطاء، قال: قال رسول الله صلى الله عليه وسلم: «من أعطي شيئا حياته، فهو له حياته وموته»",
        "note": "",
        "grade_id": 7,
        "grade": "সহিহ লিগাইরিহি",
        "grade_color": "#46B891"
      },
      {
        "id": 41527,
        "book_id": 3,
        "book_name": "সুনানে আন-নাসায়ী",
        "chapter_id": 32,
        "section_id": 2,
        "hadith_key": "সুনানে আন-নাসায়ী: ৩৭৩১",
        "hadith_id": 3731,
        "narrator": "জাবির (রাঃ)",
        "bn": "রাসূলুল্লাহ্‌ (সাল্লাল্লাহু ‘আলাইহি ওয়া সাল্লাম) বলেছেন: তোমরা রুক্‌বা করো না এবং উমরা করো না। আর যাকে উম্‌রা এবং রুক্‌বা হিসেবে কিছু দান করা হয়, তা তার ওয়ারিসদের জন্য হবে।",
        "ar": "أَخْبَرَنَا مُحَمَّدُ بْنُ عَبْدِ اللَّهِ بْنِ يَزِيدَ، عَنْ سُفْيَانَ، عَنْ ابْنِ جُرَيْجٍ، عَنْ عَطَاءٍ، عَنْ جَابِرٍ، رَضِيَ اللَّهُ عَنْهُ أَنَّ رَسُولَ اللَّهِ صَلَّى اللهُ عَلَيْهِ وَسَلَّمَ قَالَ: «لَا تُرْقِبُوا وَلَا تُعْمِرُوا، فَمَنْ أُرْقِبَ أَوْ أُعْمِرَ شَيْئًا فَهُوَ لَوَرَثَتِهِ»",
        "ar_diacless": "أخبرنا محمد بن عبد الله بن يزيد، عن سفيان، عن ابن جريج، عن عطاء، عن جابر، رضي الله عنه أن رسول الله صلى الله عليه وسلم قال: «لا ترقبوا ولا تعمروا، فمن أرقب أو أعمر شيئا فهو لورثته»",
        "note": "",
        "grade_id": 2,
        "grade": "সহিহ হাদিস",
        "grade_color": "#46B891"
      },
      {
        "id": 41528,
        "book_id": 3,
        "book_name": "সুনানে আন-নাসায়ী",
        "chapter_id": 32,
        "section_id": 2,
        "hadith_key": "সুনানে আন-নাসায়ী: ৩৭৩২",
        "hadith_id": 3732,
        "narrator": "ইব্‌ন উমর (রাঃ)",
        "bn": "রাসূলুল্লাহ্‌ (সাল্লাল্লাহু ‘আলাইহি ওয়া সাল্লাম) বলেছেন: উমরা এবং রুক্‌বা (করা উচিত) নয়। তবু যদি কাউকে উমরা অথবা রুক্‌বা হিসেবে কিছু দেয়া হয়, তবে তা ঐ ব্যক্তির হয়ে যাবে, তার জীবনকাল ও মৃত্যুর পরেও।",
        "ar": "أَخْبَرَنَا إِسْحَاقُ بْنُ إِبْرَاهِيمَ، قَالَ: أَنْبَأَنَا عَبْدُ الرَّزَّاقِ، قَالَ: أَنْبَأَنَا ابْنُ جُرَيْجٍ، عَنْ عَطَاءٍ، أَنْبَأَنَا حَبِيبُ بْنُ أَبِي ثَابِتٍ، عَنْ ابْنِ عُمَرَ، أَنَّ رَسُولَ اللَّهِ صَلَّى اللهُ عَلَيْهِ وَسَلَّمَ قَالَ: «لَا عُمْرَى وَلَا رُقْبَى، فَمَنْ أُعْمِرَ شَيْئًا أَوْ أُرْقِبَهُ فَهُوَ لَهُ حَيَاتَهُ وَمَمَاتَهُ»",
        "ar_diacless": "أخبرنا إسحاق بن إبراهيم، قال: أنبأنا عبد الرزاق، قال: أنبأنا ابن جريج، عن عطاء، أنبأنا حبيب بن أبي ثابت، عن ابن عمر، أن رسول الله صلى الله عليه وسلم قال: «لا عمرى ولا رقبى، فمن أعمر شيئا أو أرقبه فهو له حياته ومماته»",
        "note": "",
        "grade_id": 2,
        "grade": "সহিহ হাদিস",
        "grade_color": "#46B891"
      },
      {
        "id": 41529,
        "book_id": 3,
        "book_name": "সুনানে আন-নাসায়ী",
        "chapter_id": 32,
        "section_id": 2,
        "hadith_key": "সুনানে আন-নাসায়ী: ৩৭৩৩",
        "hadith_id": 3733,
        "narrator": "ইব্‌ন উমর (রাঃ)",
        "bn": "তিনি বলেন: রাসূলুল্লাহ্‌ (সাল্লাল্লাহু ‘আলাইহি ওয়া সাল্লাম) বলেছেন : উমরা এবং রুক্‌বা (করা উচিত) নয়। যাকে উমরা অথবা রুক্‌বা হিসেবে কিছু দেয়া হয়, তবে তা তারই হবে-জীবিত অবস্থায় এবং মরণের পরেও। আতা (রহঃ) বলেন, তা দ্বিতীয় (দানকৃত) ব্যক্তির জন্য।",
        "ar": "أَخْبَرَنَا عُبَيْدُ اللَّهِ بْنُ سَعِيدٍ، قَالَ: حَدَّثَنَا مُحَمَّدُ بْنُ بَكْرٍ، قَالَ: أَخْبَرَنَا ابْنُ جُرَيْجٍ، قَالَ: أَخْبَرَنِي عَطَاءٌ، عَنْ حَبِيبِ بْنِ أَبِي ثَابِتٍ، عَنْ ابْنِ عُمَرَ - وَلَمْ يَسْمَعْهُ مِنْهُ - قَالَ: قَالَ رَسُولُ اللَّهِ صَلَّى اللهُ عَلَيْهِ وَسَلَّمَ: «لَا عُمْرَى وَلَا رُقْبَى، فَمَنْ أُعْمِرَ شَيْئًا أَوْ أُرْقِبَهُ فَهُوَ لَهُ حَيَاتَهُ وَمَمَاتَهُ» قَالَ عَطَاءٌ: «هُوَ لِلْآخَرِ»",
        "ar_diacless": "أخبرنا عبيد الله بن سعيد، قال: حدثنا محمد بن بكر، قال: أخبرنا ابن جريج، قال: أخبرني عطاء، عن حبيب بن أبي ثابت، عن ابن عمر - ولم يسمعه منه - قال: قال رسول الله صلى الله عليه وسلم: «لا عمرى ولا رقبى، فمن أعمر شيئا أو أرقبه فهو له حياته ومماته» قال عطاء: «هو للآخر»",
        "note": "",
        "grade_id": 2,
        "grade": "সহিহ হাদিস",
        "grade_color": "#46B891"
      },
      {
        "id": 41530,
        "book_id": 3,
        "book_name": "সুনানে আন-নাসায়ী",
        "chapter_id": 32,
        "section_id": 2,
        "hadith_key": "সুনানে আন-নাসায়ী: ৩৭৩৪",
        "hadith_id": 3734,
        "narrator": "হাবীব ইব্‌ন আবূ সাবিত (রহঃ)",
        "bn": "তিনি বলেন, আমি বলতে শুনেছি রাসূলুল্লাহ্‌ (সাল্লাল্লাহু ‘আলাইহি ওয়া সাল্লাম) রুক্‌বা করতে নিষেধ করেছেন। তিনি বলেছেন: যাকে কিছু রুক্‌বা হিসেবে দেয়া হয়, তা তারই হয়ে যাবে।",
        "ar": "أَخْبَرَنِي عَبْدَةُ بْنُ عَبْدِ الرَّحِيمِ، قَالَ: أَنْبَأَنَا وَكِيعٌ، عَنْ يَزِيدَ بْنِ زِيَادِ بْنِ أَبِي الْجَعْدِ، عَنْ حَبِيبِ بْنِ أَبِي ثَابِتٍ، قَالَ: سَمِعْتُ ابْنَ عُمَرَ، يَقُولُ: نَهَى رَسُولُ اللَّهِ صَلَّى اللهُ عَلَيْهِ وَسَلَّمَ عَنِ الرُّقْبَى، وَقَالَ: «مَنْ أُرْقِبَ رُقْبَى فَهُوَ لَهُ»",
        "ar_diacless": "أخبرني عبدة بن عبد الرحيم، قال: أنبأنا وكيع، عن يزيد بن زياد بن أبي الجعد، عن حبيب بن أبي ثابت، قال: سمعت ابن عمر، يقول: نهى رسول الله صلى الله عليه وسلم عن الرقبى، وقال: «من أرقب رقبى فهو له»",
        "note": "",
        "grade_id": 2,
        "grade": "সহিহ হাদিস",
        "grade_color": "#46B891"
      },
      {
        "id": 41531,
        "book_id": 3,
        "book_name": "সুনানে আন-নাসায়ী",
        "chapter_id": 32,
        "section_id": 2,
        "hadith_key": "সুনানে আন-নাসায়ী: ৩৭৩৫",
        "hadith_id": 3735,
        "narrator": "জাবির (রাঃ)",
        "bn": "তিনি বলেন: রাসূলুল্লাহ্‌ (সাল্লাল্লাহু ‘আলাইহি ওয়া সাল্লাম) বলেছেন: যাকে উমরা হিসেবে কিছু দান করা হয়, তা জীবনে ও মরণে ঐ ব্যক্তিরই হয়ে যায়।",
        "ar": "أَخْبَرَنَا عَمْرُو بْنُ عَلِيٍّ، قَالَ: حَدَّثَنَا أَبُو عَاصِمٍ، قَالَ: حَدَّثَنَا ابْنُ جُرَيْجٍ، قَالَ: أَخْبَرَنِي أَبُو الزُّبَيْرِ، أَنَّهُ سَمِعَ جَابِرًا، يَقُولُ: قَالَ رَسُولُ اللَّهِ صَلَّى اللهُ عَلَيْهِ وَسَلَّمَ: «مَنْ أُعْمِرَ شَيْئًا فَهُوَ لَهُ حَيَاتَهُ وَمَمَاتَهُ»",
        "ar_diacless": "أخبرنا عمرو بن علي، قال: حدثنا أبو عاصم، قال: حدثنا ابن جريج، قال: أخبرني أبو الزبير، أنه سمع جابرا، يقول: قال رسول الله صلى الله عليه وسلم: «من أعمر شيئا فهو له حياته ومماته»",
        "note": "",
        "grade_id": 2,
        "grade": "সহিহ হাদিস",
        "grade_color": "#46B891"
      },
      {
        "id": 41532,
        "book_id": 3,
        "book_name": "সুনানে আন-নাসায়ী",
        "chapter_id": 32,
        "section_id": 2,
        "hadith_key": "সুনানে আন-নাসায়ী: ৩৭৩৬",
        "hadith_id": 3736,
        "narrator": "জাবির (রাঃ)",
        "bn": "তিনি বলেন: রাসুলুল্লাহ্ (সাল্লাল্লাহু ‘আলাইহি ওয়া সাল্লাম) বলেছেন : হে আনসারগণ ! তোমরা তোমাদের ধন-সম্পদ নিজের কাছে রাখ, তা উমরা করো না। কেননা যে ব্যক্তি কাউকে কোন বস্তু উমরা হিসেবে দান করে, ঐ মাল ঐ ব্যক্তির হয়ে যাবে যাকে উমরারূপে দেয়া হবে, তার জীবিতাবস্থায় এবং মরণান্তে।",
        "ar": "أَخْبَرَنِي مُحَمَّدُ بْنُ إِبْرَاهِيمَ بْنِ صُدْرَانَ، عَنْ بِشْرِ بْنِ الْمُفَضَّلِ، قَالَ: حَدَّثَنَا الْحَجَّاجُ الصَّوَّافُ، عَنْ أَبِي الزُّبَيْرِ، قَالَ: حَدَّثَنَا جَابِرٌ، قَالَ: قَالَ رَسُولُ اللَّهِ صَلَّى اللهُ عَلَيْهِ وَسَلَّمَ: «يَا مَعْشَرَ الْأَنْصَارِ، أَمْسِكُوا عَلَيْكُمْ - يَعْنِي أَمْوَالَكُمْ - لَا تُعْمِرُوهَا، فَإِنَّهُ مَنْ أَعْمَرَ شَيْئًا فَإِنَّهُ لِمَنْ أُعْمِرَهُ حَيَاتَهُ وَمَمَاتَهُ»",
        "ar_diacless": "أخبرني محمد بن إبراهيم بن صدران، عن بشر بن المفضل، قال: حدثنا الحجاج الصواف، عن أبي الزبير، قال: حدثنا جابر، قال: قال رسول الله صلى الله عليه وسلم: «يا معشر الأنصار، أمسكوا عليكم - يعني أموالكم - لا تعمروها، فإنه من أعمر شيئا فإنه لمن أعمره حياته ومماته»",
        "note": "",
        "grade_id": 2,
        "grade": "সহিহ হাদিস",
        "grade_color": "#46B891"
      },
      {
        "id": 41533,
        "book_id": 3,
        "book_name": "সুনানে আন-নাসায়ী",
        "chapter_id": 32,
        "section_id": 2,
        "hadith_key": "সুনানে আন-নাসায়ী: ৩৭৩৭",
        "hadith_id": 3737,
        "narrator": "জাবির (রাঃ)",
        "bn": "রাসুলুল্লাহ্ (সাল্লাল্লাহু ‘আলাইহি ওয়া সাল্লাম) বলেছেন: তোমাদের সম্পদ তোমাদের নিজেদের নিকট রেখে দাও, তা উমরা করো না। কেননা যদি কাউকে তার হায়াতকালের জন্য উমরারূপে কিছু দান করা হয়, তবে তা ঐ ব্যক্তির জীবিতাবস্থায় এবং মরণান্তে তার হয়ে যাবে।",
        "ar": "أَخْبَرَنَا مُحَمَّدُ بْنُ عَبْدِ الْأَعْلَى، قَالَ: حَدَّثَنَا خَالِدٌ، عَنْ هِشَامٍ، عَنْ أَبِي الزُّبَيْرِ، عَنْ جَابِرٍ، أَنَّ رَسُولَ اللَّهِ صَلَّى اللهُ عَلَيْهِ وَسَلَّمَ قَالَ: أَمْسِكُوا عَلَيْكُمْ أَمْوَالَكُمْ وَلَا تُعْمِرُوهَا، فَمَنْ أُعْمِرَ شَيْئًا حَيَاتَهُ، فَهُوَ لَهُ حَيَاتَهُ وَبَعْدَ مَوْتِهِ \"",
        "ar_diacless": "أخبرنا محمد بن عبد الأعلى، قال: حدثنا خالد، عن هشام، عن أبي الزبير، عن جابر، أن رسول الله صلى الله عليه وسلم قال: أمسكوا عليكم أموالكم ولا تعمروها، فمن أعمر شيئا حياته، فهو له حياته وبعد موته \"",
        "note": "",
        "grade_id": 2,
        "grade": "সহিহ হাদিস",
        "grade_color": "#46B891"
      },
      {
        "id": 41534,
        "book_id": 3,
        "book_name": "সুনানে আন-নাসায়ী",
        "chapter_id": 32,
        "section_id": 2,
        "hadith_key": "সুনানে আন-নাসায়ী: ৩৭৩৮",
        "hadith_id": 3738,
        "narrator": "জাবির (রাঃ)",
        "bn": "তিনি বলেনঃ রাসুলুল্লাহ্ (সাল্লাল্লাহু ‘আলাইহি ওয়া সাল্লাম) বলেছেন : যার জন্য রুক্‌বা করা হয়, (রুক্‌বা) তারই হয়ে যায়।",
        "ar": "أَخْبَرَنَا مُحَمَّدُ بْنُ عَبْدِ الْأَعْلَى، قَالَ: حَدَّثَنَا خَالِدٌ، عَنْ دَاوُدَ بْنِ أَبِي هِنْدٍ، عَنْ أَبِي الزُّبَيْرِ، عَنْ جَابِرٍ، قَالَ: قَالَ رَسُولُ اللَّهِ صَلَّى اللهُ عَلَيْهِ وَسَلَّمَ: «الرُّقْبَى لِمَنْ أُرْقِبَهَا»",
        "ar_diacless": "أخبرنا محمد بن عبد الأعلى، قال: حدثنا خالد، عن داود بن أبي هند، عن أبي الزبير، عن جابر، قال: قال رسول الله صلى الله عليه وسلم: «الرقبى لمن أرقبها»",
        "note": "",
        "grade_id": 2,
        "grade": "সহিহ হাদিস",
        "grade_color": "#46B891"
      },
      {
        "id": 41535,
        "book_id": 3,
        "book_name": "সুনানে আন-নাসায়ী",
        "chapter_id": 32,
        "section_id": 2,
        "hadith_key": "সুনানে আন-নাসায়ী: ৩৭৩৯",
        "hadith_id": 3739,
        "narrator": "জাবির (রাঃ)",
        "bn": "তিনি বলেনঃ রাসুলুল্লাহ্ (সাল্লাল্লাহু ‘আলাইহি ওয়া সাল্লাম) বলেছেন : উমরা (-র বস্তু) যাকে দেয়া হয়, তা তার জন্য বৈধ হয়ে যায়। আর রুক্‌বা যাকে দেয়া হয়, তা তার জন্য বৈধ হয়ে যায়।",
        "ar": "أَخْبَرَنَا عَلِيُّ بْنُ حُجْرٍ، قَالَ: حَدَّثَنَا هُشَيْمٌ، عَنْ دَاوُدَ، عَنْ أَبِي الزُّبَيْرِ، عَنْ جَابِرٍ، قَالَ: قَالَ رَسُولُ اللَّهِ صَلَّى اللهُ عَلَيْهِ وَسَلَّمَ: «الْعُمْرَى جَائِزَةٌ لِأَهْلِهَا، وَالرُّقْبَى جَائِزَةٌ لِأَهْلِهَا»",
        "ar_diacless": "أخبرنا علي بن حجر، قال: حدثنا هشيم، عن داود، عن أبي الزبير، عن جابر، قال: قال رسول الله صلى الله عليه وسلم: «العمرى جائزة لأهلها، والرقبى جائزة لأهلها»",
        "note": "",
        "grade_id": 2,
        "grade": "সহিহ হাদিস",
        "grade_color": "#46B891"
      }
    ]
  },
  {
    "id": 15648,
    "book_id": 3,
    "book_name": "nasai",
    "chapter_id": 32,
    "section_id": 3,
    "title": "এ বিষয়ে যুহরী হতে বর্ণনাকারীদের বর্ণনায় বিরোধ",
    "preface": "",
    "number": "পরিচ্ছেদ",
    "sort_order": 3,
    "hadiths": [
      {
        "id": 41536,
        "book_id": 3,
        "book_name": "সুনানে আন-নাসায়ী",
        "chapter_id": 32,
        "section_id": 3,
        "hadith_key": "সুনানে আন-নাসায়ী: ৩৭৪০",
        "hadith_id": 3740,
        "narrator": "জাবির (রাঃ)",
        "bn": "তিনি বলেনঃ রাসুলুল্লাহ্ (সাল্লাল্লাহু ‘আলাইহি ওয়া সাল্লাম) বলেছেন : যাকে উমরারূপে কিছু দেয়া হয়, তা তার এবং তার (পরে তার) উত্তরসূরীদের জন্য। তার উত্তরসূরীদের মধ্যে যারা তার ওয়ারিস হবে, তারাই এর (উমরার) ওয়ারিস হবে।",
        "ar": "أَخْبَرَنِي مَحْمُودُ بْنُ خَالِدٍ، قَالَ: حَدَّثَنَا عُمَرُ، عَنْ الْأَوْزَاعِيِّ، حَدَّثَنَا ابْنُ شِهَابٍ، قَالَ: وأَخْبَرَنِي عَمْرُو بْنُ عُثْمَانَ، أَنْبَأَنَا بَقِيَّةُ بْنُ الْوَلِيدِ، عَنْ الْأَوْزَاعِيِّ، عَنْ الزُّهْرِيِّ، عَنْ عُرْوَةَ، عَنْ جَابِرٍ، قَالَ: قَالَ رَسُولُ اللَّهِ صَلَّى اللهُ عَلَيْهِ وَسَلَّمَ: «مَنْ أُعْمِرَ عُمْرَى فَهِيَ لَهُ وَلِعَقِبِهِ، يَرِثُهَا مَنْ يَرِثُهُ مِنْ عَقِبِهِ»",
        "ar_diacless": "أخبرني محمود بن خالد، قال: حدثنا عمر، عن الأوزاعي، حدثنا ابن شهاب، قال: وأخبرني عمرو بن عثمان، أنبأنا بقية بن الوليد، عن الأوزاعي، عن الزهري، عن عروة، عن جابر، قال: قال رسول الله صلى الله عليه وسلم: «من أعمر عمرى فهي له ولعقبه، يرثها من يرثه من عقبه»",
        "note": "",
        "grade_id": 7,
        "grade": "সহিহ লিগাইরিহি",
        "grade_color": "#46B891"
      },
      {
        "id": 41537,
        "book_id": 3,
        "book_name": "সুনানে আন-নাসায়ী",
        "chapter_id": 32,
        "section_id": 3,
        "hadith_key": "সুনানে আন-নাসায়ী: ৩৭৪১",
        "hadith_id": 3741,
        "narrator": "জাবির (রাঃ)",
        "bn": "তিনি বলেনঃ রাসুলুল্লাহ্ (সাল্লাল্লাহু ‘আলাইহি ওয়া সাল্লাম) বলেছেন : যার জন্য উমরা করা হয়, ‘উমরা’ (কৃত বস্তু) তারই হবে। তার (পরে তার) উত্তরসূরীদের জন্য। তার উত্তরসূরীদের মধ্যে যারা তার ওয়ারিস হবে, তারাই এর (উমরার) ওয়ারিস হবে।",
        "ar": "أَخْبَرَنَا عِيسَى بْنُ مُسَاوِرٍ، قَالَ: حَدَّثَنَا الْوَلِيدُ، قَالَ: حَدَّثَنَا أَبُو عَمْرٍو، عَنْ ابْنِ شِهَابٍ، عَنْ أَبِي سَلَمَةَ، عَنْ جَابِرٍ، قَالَ: قَالَ رَسُولُ اللَّهِ صَلَّى اللهُ عَلَيْهِ وَسَلَّمَ: «الْعُمْرَى لِمَنْ أُعْمِرَهَا هِيَ لَهُ وَلِعَقِبِهِ، يَرِثُهَا مَنْ يَرِثُهُ مِنْ عَقِبِهِ»",
        "ar_diacless": "أخبرنا عيسى بن مساور، قال: حدثنا الوليد، قال: حدثنا أبو عمرو، عن ابن شهاب، عن أبي سلمة، عن جابر، قال: قال رسول الله صلى الله عليه وسلم: «العمرى لمن أعمرها هي له ولعقبه، يرثها من يرثه من عقبه»",
        "note": "",
        "grade_id": 2,
        "grade": "সহিহ হাদিস",
        "grade_color": "#46B891"
      },
      {
        "id": 41538,
        "book_id": 3,
        "book_name": "সুনানে আন-নাসায়ী",
        "chapter_id": 32,
        "section_id": 3,
        "hadith_key": "সুনানে আন-নাসায়ী: ৩৭৪২",
        "hadith_id": 3742,
        "narrator": "জাবির (রাঃ)",
        "bn": "তিনি বলেনঃ রাসুলুল্লাহ্ (সাল্লাল্লাহু ‘আলাইহি ওয়া সাল্লাম) বলেছেন : যার জন্য উমরা করা হয়েছে, উমরা তারই। আর তার পরে যারা তার ওয়ারিস হবে, তা তাদের জন্য।",
        "ar": "أَخْبَرَنَا مُحَمَّدُ بْنُ هَاشِمٍ الْبَعْلَبَكِّيُّ، قَالَ: حَدَّثَنَا الْوَلِيدُ، قَالَ: حَدَّثَنَا الْأَوْزَاعِيُّ، عَنْ الزُّهْرِيِّ، عَنْ عُرْوَةَ، وَأَبِي سَلَمَةَ، عَنْ جَابِرٍ، قَالَ: قَالَ رَسُولُ اللَّهِ صَلَّى اللهُ عَلَيْهِ وَسَلَّمَ: «الْعُمْرَى لِمَنْ أُعْمِرَهَا هِيَ لَهُ وَلِعَقِبِهِ، يَرِثُهَا مَنْ يَرِثُهُ مِنْ عَقِبِهِ»",
        "ar_diacless": "أخبرنا محمد بن هاشم البعلبكي، قال: حدثنا الوليد، قال: حدثنا الأوزاعي، عن الزهري، عن عروة، وأبي سلمة، عن جابر، قال: قال رسول الله صلى الله عليه وسلم: «العمرى لمن أعمرها هي له ولعقبه، يرثها من يرثه من عقبه»",
        "note": "",
        "grade_id": 2,
        "grade": "সহিহ হাদিস",
        "grade_color": "#46B891"
      },
      {
        "id": 41539,
        "book_id": 3,
        "book_name": "সুনানে আন-নাসায়ী",
        "chapter_id": 32,
        "section_id": 3,
        "hadith_key": "সুনানে আন-নাসায়ী: ৩৭৪৩",
        "hadith_id": 3743,
        "narrator": "আবদুল্লাহ্ ইব্‌ন যুবায়র (রাঃ)",
        "bn": "রাসুলুল্লাহ্ (সাল্লাল্লাহু ‘আলাইহি ওয়া সাল্লাম) বলেছেন : যে কেউ (যদি) কাউকে উমরা হিসেবে কিছু দান করে এবং তার পরবর্তীদেরকে তাহলে ঐ বস্তু যাকে দেয়া হয়েছে, তার হয়ে যাবে এবং তার উত্তরসূরীদের মধ্যে যারা তার ওয়ারিস হবে তাদের জন্য মীরাসরূপে হয়ে যাবে।",
        "ar": "أَخْبَرَنِي مُحَمَّدُ بْنُ عَبْدِ اللَّهِ بْنِ عَبْدِ الرَّحِيمِ، قَالَ: حَدَّثَنَا عَمْرُو بْنُ أَبِي سَلَمَةَ الدِّمَشْقِيُّ، عَنْ أَبِي عُمَرَ الصَّنْعَانِيِّ، عَنْ هِشَامِ بْنِ عُرْوَةَ، عَنْ أَبِيهِ، عَنْ عَبْدِ اللَّهِ بْنِ الزُّبَيْرِ، أَنَّ رَسُولَ اللَّهِ صَلَّى اللهُ عَلَيْهِ وَسَلَّمَ قَالَ: «أَيُّمَا رَجُلٍ أَعْمَرَ رَجُلًا عُمْرَى لَهُ وَلِعَقِبِهِ، فَهِيَ لَهُ وَلِمَنْ يَرِثُهُ مِنْ عَقِبِهِ مَوْرُوثَةٌ»",
        "ar_diacless": "أخبرني محمد بن عبد الله بن عبد الرحيم، قال: حدثنا عمرو بن أبي سلمة الدمشقي، عن أبي عمر الصنعاني، عن هشام بن عروة، عن أبيه، عن عبد الله بن الزبير، أن رسول الله صلى الله عليه وسلم قال: «أيما رجل أعمر رجلا عمرى له ولعقبه، فهي له ولمن يرثه من عقبه موروثة»",
        "note": "",
        "grade_id": 2,
        "grade": "সহিহ হাদিস",
        "grade_color": "#46B891"
      },
      {
        "id": 41540,
        "book_id": 3,
        "book_name": "সুনানে আন-নাসায়ী",
        "chapter_id": 32,
        "section_id": 3,
        "hadith_key": "সুনানে আন-নাসায়ী: ৩৭৪৪",
        "hadith_id": 3744,
        "narrator": "জাবির (রাঃ)",
        "bn": "তিনি বলেনঃ রাসুলুল্লাহ্ (সাল্লাল্লাহু ‘আলাইহি ওয়া সাল্লাম)-কে বলতে শুনেছি : কেউ যদি কোন ব্যক্তিকে উমরা হিসেবে কিছু দান করে এবং তার ওয়ারিসদেরকে, তবে সে নিজের কথা দ্বারা নিজের অধিকার রহিত করল। তার কথা দ্বারা ঐ মাল ঐ ব্যক্তির এবং তার উত্তরসূরীদের হয়ে যাবে।",
        "ar": "أَخْبَرَنَا قُتَيْبَةُ بْنُ سَعِيدٍ، قَالَ: حَدَّثَنَا اللَّيْثُ، عَنْ ابْنِ شِهَابٍ، عَنْ أَبِي سَلَمَةَ بْنِ عَبْدِ الرَّحْمَنِ، عَنْ جَابِرٍ، قَالَ: سَمِعْتُ رَسُولَ اللَّهِ صَلَّى اللهُ عَلَيْهِ وَسَلَّمَ يَقُولُ: «مَنْ أَعْمَرَ رَجُلًا عُمْرَى لَهُ وَلِعَقِبِهِ، فَقَدْ قَطَعَ قَوْلُهُ حَقَّهُ، وَهِيَ لِمَنْ أُعْمِرَ وَلِعَقِبِهِ»",
        "ar_diacless": "أخبرنا قتيبة بن سعيد، قال: حدثنا الليث، عن ابن شهاب، عن أبي سلمة بن عبد الرحمن، عن جابر، قال: سمعت رسول الله صلى الله عليه وسلم يقول: «من أعمر رجلا عمرى له ولعقبه، فقد قطع قوله حقه، وهي لمن أعمر ولعقبه»",
        "note": "",
        "grade_id": 2,
        "grade": "সহিহ হাদিস",
        "grade_color": "#46B891"
      },
      {
        "id": 41541,
        "book_id": 3,
        "book_name": "সুনানে আন-নাসায়ী",
        "chapter_id": 32,
        "section_id": 3,
        "hadith_key": "সুনানে আন-নাসায়ী: ৩৭৪৫",
        "hadith_id": 3745,
        "narrator": "জাবির (রাঃ)",
        "bn": "রাসুলুল্লাহ্ (সাল্লাল্লাহু ‘আলাইহি ওয়া সাল্লাম) বলেছেন : যে কোন ব্যক্তি উমরা হিসেবে কাউকে কিছু দান করে এবং তার ওয়ারিসদেরকে; তবে ঐ বস্তু যাকে দেয়া হয়েছে তার হয়ে যাবে; যে দান করেছে তা তার নিকট ফিরে আসবে না। কেননা সে এমন একটি দান করেছে যাতে ‘মীরাস’- এর অধিকার প্রযুক্ত হয়েছে।",
        "ar": "أَخْبَرَنَا مُحَمَّدُ بْنُ سَلَمَةَ، وَالْحَارِثُ بْنُ مِسْكِينٍ، قِرَاءَةً عَلَيْهِ وَأَنَا أَسْمَعُ، عَنْ ابْنِ الْقَاسِمِ، عَنْ مَالِكٍ، عَنْ ابْنِ شِهَابٍ، عَنْ أَبِي سَلَمَةَ، عَنْ جَابِرٍ، أَنَّ رَسُولَ اللَّهِ صَلَّى اللهُ عَلَيْهِ وَسَلَّمَ قَالَ: «أَيُّمَا رَجُلٍ أُعْمِرَ عُمْرَى لَهُ وَلِعَقِبِهِ، فَإِنَّهَا لِلَّذِي يُعْطَاهَا، لَا تَرْجِعُ إِلَى الَّذِي أَعْطَاهَا، لِأَنَّهُ أَعْطَى عَطَاءً وَقَعَتْ فِيهِ الْمَوَارِيثُ»",
        "ar_diacless": "أخبرنا محمد بن سلمة، والحارث بن مسكين، قراءة عليه وأنا أسمع، عن ابن القاسم، عن مالك، عن ابن شهاب، عن أبي سلمة، عن جابر، أن رسول الله صلى الله عليه وسلم قال: «أيما رجل أعمر عمرى له ولعقبه، فإنها للذي يعطاها، لا ترجع إلى الذي أعطاها، لأنه أعطى عطاء وقعت فيه المواريث»",
        "note": "",
        "grade_id": 2,
        "grade": "সহিহ হাদিস",
        "grade_color": "#46B891"
      },
      {
        "id": 41542,
        "book_id": 3,
        "book_name": "সুনানে আন-নাসায়ী",
        "chapter_id": 32,
        "section_id": 3,
        "hadith_key": "সুনানে আন-নাসায়ী: ৩৭৪৬",
        "hadith_id": 3746,
        "narrator": "জাবির (রাঃ)",
        "bn": "রাসুলুল্লাহ্ (সাল্লাল্লাহু ‘আলাইহি ওয়া সাল্লাম) সিদ্ধান্ত প্রদান করেছেন যে, যে ব্যক্তি কাউকে কিছু উম্‌রা হিসেবে তাকে দান করে এবং তার উত্তরসূরীদের (দান করে) তবে তা অবশ্যই তার হয়ে যাবে যাকে তা দান করা হয়েছে। যাকে দান করা হয়েছে, সে মালিকের পক্ষে তা মীরাস সাব্যস্ত হবে --- আল্লাহ্ তা’আলার মীরাসের বিধান ও অধিকার অনুসারে।",
        "ar": "أَخْبَرَنَا عِمْرَانُ بْنُ بَكَّارٍ، قَالَ: حَدَّثَنَا أَبُو الْيَمَانِ، قَالَ: حَدَّثَنَا شُعَيْبٌ، عَنْ الزُّهْرِيِّ، قَالَ: حَدَّثَنِي أَبُو سَلَمَةَ بْنُ عَبْدِ الرَّحْمَنِ، أَنَّ جَابِرًا أَخْبَرَهُ: \" أَنَّ رَسُولَ اللَّهِ صَلَّى اللهُ عَلَيْهِ وَسَلَّمَ قَضَى: أَنَّهُ مَنْ أَعْمَرَ رَجُلًا عُمْرَى لَهُ وَلِعَقِبِهِ، فَإِنَّهَا لِلَّذِي أُعْمِرَهَا، يَرِثُهَا مِنْ صَاحِبِهَا الَّذِي أَعْطَاهَا مَا وَقَعَ مِنْ مَوَارِيثِ اللَّهِ وَحَقِّهِ \"",
        "ar_diacless": "أخبرنا عمران بن بكار، قال: حدثنا أبو اليمان، قال: حدثنا شعيب، عن الزهري، قال: حدثني أبو سلمة بن عبد الرحمن، أن جابرا أخبره: \" أن رسول الله صلى الله عليه وسلم قضى: أنه من أعمر رجلا عمرى له ولعقبه، فإنها للذي أعمرها، يرثها من صاحبها الذي أعطاها ما وقع من مواريث الله وحقه \"",
        "note": "",
        "grade_id": 2,
        "grade": "সহিহ হাদিস",
        "grade_color": "#46B891"
      },
      {
        "id": 41543,
        "book_id": 3,
        "book_name": "সুনানে আন-নাসায়ী",
        "chapter_id": 32,
        "section_id": 3,
        "hadith_key": "সুনানে আন-নাসায়ী: ৩৭৪৭",
        "hadith_id": 3747,
        "narrator": "জাবির (রাঃ)",
        "bn": "রাসুলুল্লাহ্ (সাল্লাল্লাহু ‘আলাইহি ওয়া সাল্লাম) ফয়সালা প্রদান করেছেন ; যে ব্যক্তি নিজের মাল অন্যের জন্য উমরা করে এবং তার ওয়ারিসদের জন্যও, তবে তা অখন্ডনীয়রূপে তার হয়ে যাবে। দাতার জন্য এতে কোন শর্ত করা এবং কিছু বাদ রাখাও বৈধ নয়। রাবী আবূ সালামা (রহঃ) বলেন; কেননা সে এমন দান করেছে যাতে (গ্রহীতার) ওয়ারিসদের মীরাস ধার্য হয়ে গেছে, মীরাসের বিধানদাতার শর্ত কর্তন (শেষ) করে দিয়েছে।",
        "ar": "أَخْبَرَنَا مُحَمَّدُ بْنُ عَبْدِ اللَّهِ بْنِ عَبْدِ الْحَكَمِ، عَنْ ابْنِ أَبِي فُدَيْكٍ، قَالَ: حَدَّثَنَا ابْنُ أَبِي ذِئْبٍ، عَنْ ابْنِ شِهَابٍ، عَنْ أَبِي سَلَمَةَ، عَنْ جَابِرٍ: «أَنَّ رَسُولَ اللَّهِ صَلَّى اللهُ عَلَيْهِ وَسَلَّمَ قَضَى فِيمَنْ أُعْمِرَ عُمْرَى لَهُ وَلِعَقِبِهِ فَهِيَ لَهُ بَتْلَةٌ، لَا يَجُوزُ لِلْمُعْطِي مِنْهَا شَرْطٌ وَلَا ثُنْيَا» قَالَ أَبُو سَلَمَةَ: «لِأَنَّهُ أَعْطَى عَطَاءً وَقَعَتْ فِيهِ الْمَوَارِيثُ، فَقَطَعَتِ الْمَوَارِيثُ شَرْطَهُ»",
        "ar_diacless": "أخبرنا محمد بن عبد الله بن عبد الحكم، عن ابن أبي فديك، قال: حدثنا ابن أبي ذئب، عن ابن شهاب، عن أبي سلمة، عن جابر: «أن رسول الله صلى الله عليه وسلم قضى فيمن أعمر عمرى له ولعقبه فهي له بتلة، لا يجوز للمعطي منها شرط ولا ثنيا» قال أبو سلمة: «لأنه أعطى عطاء وقعت فيه المواريث، فقطعت المواريث شرطه»",
        "note": "",
        "grade_id": 2,
        "grade": "সহিহ হাদিস",
        "grade_color": "#46B891"
      },
      {
        "id": 41544,
        "book_id": 3,
        "book_name": "সুনানে আন-নাসায়ী",
        "chapter_id": 32,
        "section_id": 3,
        "hadith_key": "সুনানে আন-নাসায়ী: ৩৭৪৮",
        "hadith_id": 3748,
        "narrator": "জাবির (রাঃ)",
        "bn": "রাসুলুল্লাহ্ (সাল্লাল্লাহু ‘আলাইহি ওয়া সাল্লাম) বলেছেন : যে ব্যক্তি কোন ব্যক্তি এবং তার উত্তরসূরীদের জন্য উমরা করলো, এই বলে যে, আমি ইহা তোমাকে এবং তোমার উত্তরসূরীদেরকে দান করলাম - যতদিন তোমাদের কেউ বেঁচে থাকবে। তবে যাদেরকে দান করা হয়েছে, তা তাদের হয়ে যাবে। আর এটা দাতার দিকে ফিরে আসবে না। কেননা সে এমনভাবে দান করেছে, যাতে (গ্রহীতার) মীরাসের বিধান সাব্যস্ত হয়ে গেছে। [১]",
        "ar": "أَخْبَرَنَا أَبُو دَاوُدَ سُلَيْمَانُ بْنُ سَيْفٍ، قَالَ: حَدَّثَنَا يَعْقُوبُ، قَالَ: حَدَّثَنَا أَبِي، عَنْ صَالِحٍ، عَنْ ابْنِ شِهَابٍ، أَنَّ أَبَا سَلَمَةَ أَخْبَرَهُ، عَنْ جَابِرٍ، أَنَّ رَسُولَ اللَّهِ صَلَّى اللهُ عَلَيْهِ وَسَلَّمَ قَالَ: \" أَيُّمَا رَجُلٍ أَعْمَرَ رَجُلًا عُمْرَى لَهُ وَلِعَقِبِهِ، قَالَ: قَدْ أَعْطَيْتُكَهَا وَعَقِبَكَ مَا بَقِيَ مِنْكُمْ أَحَدٌ، فَإِنَّهَا لِمَنْ أُعْطِيَهَا، وَإِنَّهَا لَا تَرْجِعُ إِلَى صَاحِبِهَا مِنْ أَجْلِ أَنَّهُ أَعْطَاهَا عَطَاءً وَقَعَتْ فِيهِ الْمَوَارِيثُ \"",
        "ar_diacless": "أخبرنا أبو داود سليمان بن سيف، قال: حدثنا يعقوب، قال: حدثنا أبي، عن صالح، عن ابن شهاب، أن أبا سلمة أخبره، عن جابر، أن رسول الله صلى الله عليه وسلم قال: \" أيما رجل أعمر رجلا عمرى له ولعقبه، قال: قد أعطيتكها وعقبك ما بقي منكم أحد، فإنها لمن أعطيها، وإنها لا ترجع إلى صاحبها من أجل أنه أعطاها عطاء وقعت فيه المواريث \"",
        "note": "[১] এরূপ শর্ত করা সঠিক নয়।",
        "grade_id": 2,
        "grade": "সহিহ হাদিস",
        "grade_color": "#46B891"
      },
      {
        "id": 41545,
        "book_id": 3,
        "book_name": "সুনানে আন-নাসায়ী",
        "chapter_id": 32,
        "section_id": 3,
        "hadith_key": "সুনানে আন-নাসায়ী: ৩৭৪৯",
        "hadith_id": 3749,
        "narrator": "জাবির (রাঃ)",
        "bn": "যে, রাসুলুল্লাহ্ (সাল্লাল্লাহু ‘আলাইহি ওয়া সাল্লাম) ‘উমরা’ সম্পর্কে এভাবে ফায়সালা দিয়েছেন : যদি কেউ এই শর্তে কাউকে কোন কিছু দান করে এবং তার উত্তরসূরীদেরও যে, যদি তোমার উপর কোন বিপদ উপস্থিত হয়, তখন তা আমার এবং আমার উত্তরসূরীদের হয়ে যাবে। তিনি ফায়সালা দিয়েছেন যে, ঐ মাল যাকে দেয়া হয়েছে তার এবং তার (গ্রহীতার এবং গ্রহীতার) ওয়ারিসদের হয়ে যাবে।",
        "ar": "أَخْبَرَنَا مُحَمَّدُ بْنُ عَبْدِ اللَّهِ بْنِ يَزِيدَ، قَالَ: حَدَّثَنَا أَبِي، قَالَ: حَدَّثَنَا سَعِيدٌ، قَالَ: حَدَّثَنِي يَزِيدُ بْنُ أَبِي حَبِيبٍ، عَنْ ابْنِ شِهَابٍ، عَنْ أَبِي سَلَمَةَ، عَنْ جَابِرٍ: \" أَنَّ رَسُولَ اللَّهِ صَلَّى اللهُ عَلَيْهِ وَسَلَّمَ قَضَى بِالْعُمْرَى: أَنْ يَهَبَ الرَّجُلُ لِلرَّجُلِ وَلِعَقِبِهِ الْهِبَةَ وَيَسْتَثْنِيَ إِنْ حَدَثَ بِكَ حَدَثٌ وَبِعَقِبِكَ فَهُوَ إِلَيَّ وَإِلَى عَقِبِي، إِنَّهَا لِمَنْ أُعْطِيَهَا وَلِعَقِبِهِ \"",
        "ar_diacless": "أخبرنا محمد بن عبد الله بن يزيد، قال: حدثنا أبي، قال: حدثنا سعيد، قال: حدثني يزيد بن أبي حبيب، عن ابن شهاب، عن أبي سلمة، عن جابر: \" أن رسول الله صلى الله عليه وسلم قضى بالعمرى: أن يهب الرجل للرجل ولعقبه الهبة ويستثني إن حدث بك حدث وبعقبك فهو إلي وإلى عقبي، إنها لمن أعطيها ولعقبه \"",
        "note": "",
        "grade_id": 2,
        "grade": "সহিহ হাদিস",
        "grade_color": "#46B891"
      }
    ]
  },
  {
    "id": 15649,
    "book_id": 3,
    "book_name": "nasai",
    "chapter_id": 32,
    "section_id": 4,
    "title": "এ বিষয়ে আবূ সালমা (রহঃ)- এর হাদীসে ইয়াহ্‌য়া ইব্‌ন আবূ কাসীর (রহঃ) ও মুহাম্মাদ ইব্‌ন আমর (রহঃ)-এর বর্ণনা বিরোধ",
    "preface": "",
    "number": "পরিচ্ছেদ",
    "sort_order": 4,
    "hadiths": [
      {
        "id": 41546,
        "book_id": 3,
        "book_name": "সুনানে আন-নাসায়ী",
        "chapter_id": 32,
        "section_id": 4,
        "hadith_key": "সুনানে আন-নাসায়ী: ৩৭৫০",
        "hadith_id": 3750,
        "narrator": "আবূ সালমা (রাঃ)",
        "bn": "তিনি বলেন, আমি জাবির (রাঃ)-কে বলতে শুনেছি, রাসূলুল্লাহ্ (সাল্লাল্লাহু ‘আলাইহি ওয়া সাল্লাম) বলেছেন : উমরা (-রূপে প্রদত্ত জিনিস) ঐ ব্যক্তির হয়ে যায়, যার জন্য উমরা করা হয়।",
        "ar": "أَخْبَرَنَا مُحَمَّدُ بْنُ عَبْدِ الْأَعْلَى، قَالَ: حَدَّثَنَا خَالِدُ بْنُ الْحَارِثِ، قَالَ: حَدَّثَنَا هِشَامٌ، قَالَ: حَدَّثَنَا يَحْيَى بْنُ أَبِي كَثِيرٍ، قَالَ: حَدَّثَنِي أَبُو سَلَمَةَ، قَالَ: سَمِعْتُ جَابِرًا، يَقُولُ: قَالَ رَسُولُ اللَّهِ صَلَّى اللهُ عَلَيْهِ وَسَلَّمَ: «الْعُمْرَى لِمَنْ وُهِبَتْ لَهُ»",
        "ar_diacless": "أخبرنا محمد بن عبد الأعلى، قال: حدثنا خالد بن الحارث، قال: حدثنا هشام، قال: حدثنا يحيى بن أبي كثير، قال: حدثني أبو سلمة، قال: سمعت جابرا، يقول: قال رسول الله صلى الله عليه وسلم: «العمرى لمن وهبت له»",
        "note": "",
        "grade_id": 2,
        "grade": "সহিহ হাদিস",
        "grade_color": "#46B891"
      },
      {
        "id": 41547,
        "book_id": 3,
        "book_name": "সুনানে আন-নাসায়ী",
        "chapter_id": 32,
        "section_id": 4,
        "hadith_key": "সুনানে আন-নাসায়ী: ৩৭৫১",
        "hadith_id": 3751,
        "narrator": "জাবির ইব্‌ন আবদুল্লাহ্ (রাঃ)",
        "bn": "নবী (সাল্লাল্লাহু ‘আলাইহি ওয়া সাল্লাম) থেকে বর্ণিত। তিনি বলেন : যার জন্য উমরা দান করা হয়, তা তারই হয়ে যায়।",
        "ar": "أَخْبَرَنَا يَحْيَى بْنُ دُرُسْتَ، قَالَ: حَدَّثَنَا أَبُو إِسْمَاعِيلَ، قَالَ: حَدَّثَنَا يَحْيَى، أَنَّ أَبَا سَلَمَةَ، حَدَّثَهُ، عَنْ جَابِرِ بْنِ عَبْدِ اللَّهِ، عَنْ نَبِيِّ اللَّهِ صَلَّى اللهُ عَلَيْهِ وَسَلَّمَ قَالَ: «الْعُمْرَى لِمَنْ وُهِبَتْ لَهُ»",
        "ar_diacless": "أخبرنا يحيى بن درست، قال: حدثنا أبو إسماعيل، قال: حدثنا يحيى، أن أبا سلمة، حدثه، عن جابر بن عبد الله، عن نبي الله صلى الله عليه وسلم قال: «العمرى لمن وهبت له»",
        "note": "",
        "grade_id": 2,
        "grade": "সহিহ হাদিস",
        "grade_color": "#46B891"
      },
      {
        "id": 41549,
        "book_id": 3,
        "book_name": "সুনানে আন-নাসায়ী",
        "chapter_id": 32,
        "section_id": 4,
        "hadith_key": "সুনানে আন-নাসায়ী: ৩৭৫২",
        "hadith_id": 3752,
        "narrator": "আবূ হুরায়রা (রাঃ)",
        "bn": "রাসূলুল্লাহ্ (সাল্লাল্লাহু ‘আলাইহি ওয়া সাল্লাম) বলেছেন : ‘উমরা’করা ঠিক নয়; তবে যদি কাউকে উমরা হিসেবে কিছু দান করা হয়, তবে তা তারই হয়ে যাবে।",
        "ar": "أَخْبَرَنَا عَلِيُّ بْنُ حُجْرٍ، قَالَ: أَنْبَأَنَا إِسْمَاعِيلُ، عَنْ مُحَمَّدٍ، عَنْ أَبِي سَلَمَةَ، عَنْ أَبِي هُرَيْرَةَ، أَنَّ رَسُولَ اللَّهِ صَلَّى اللهُ عَلَيْهِ وَسَلَّمَ قَالَ: «لَا عُمْرَى، فَمَنْ أُعْمِرَ شَيْئًا فَهُوَ لَهُ»",
        "ar_diacless": "أخبرنا علي بن حجر، قال: أنبأنا إسماعيل، عن محمد، عن أبي سلمة، عن أبي هريرة، أن رسول الله صلى الله عليه وسلم قال: «لا عمرى، فمن أعمر شيئا فهو له»",
        "note": "",
        "grade_id": 12,
        "grade": "হাসান সহিহ",
        "grade_color": "#46B891"
      },
      {
        "id": 41548,
        "book_id": 3,
        "book_name": "সুনানে আন-নাসায়ী",
        "chapter_id": 32,
        "section_id": 4,
        "hadith_key": "সুনানে আন-নাসায়ী: ৩৭৫৩",
        "hadith_id": 3753,
        "narrator": "আবূ হুরায়রা (রাঃ)",
        "bn": "রাসূলুল্লাহ্ (সাল্লাল্লাহু ‘আলাইহি ওয়া সাল্লাম) থেকে বর্ণিত। তিনি বলেন : যাকে উমরা হিসেবে কিছু দেয়া হয়; তা তারই হয়ে যায়।",
        "ar": "أَخْبَرَنَا إِسْحَاقُ بْنُ إِبْرَاهِيمَ، قَالَ: حَدَّثَنَا عِيسَى، وَعَبْدَةُ بْنُ سُلَيْمَانَ، قَالَا: حَدَّثَنَا مُحَمَّدُ بْنُ عَمْرٍو، قَالَ: حَدَّثَنَا أَبُو سَلَمَةَ، عَنْ أَبِي هُرَيْرَةَ، عَنْ رَسُولِ اللَّهِ صَلَّى اللهُ عَلَيْهِ وَسَلَّمَ قَالَ: «مَنْ أُعْمِرَ شَيْئًا فَهُوَ لَهُ»",
        "ar_diacless": "أخبرنا إسحاق بن إبراهيم، قال: حدثنا عيسى، وعبدة بن سليمان، قالا: حدثنا محمد بن عمرو، قال: حدثنا أبو سلمة، عن أبي هريرة، عن رسول الله صلى الله عليه وسلم قال: «من أعمر شيئا فهو له»",
        "note": "",
        "grade_id": 12,
        "grade": "হাসান সহিহ",
        "grade_color": "#46B891"
      },
      {
        "id": 41550,
        "book_id": 3,
        "book_name": "সুনানে আন-নাসায়ী",
        "chapter_id": 32,
        "section_id": 4,
        "hadith_key": "সুনানে আন-নাসায়ী: ৩৭৫৪",
        "hadith_id": 3754,
        "narrator": "আবূ হুরায়রা (রাঃ)",
        "bn": "রাসূলুল্লাহ্ (সাল্লাল্লাহু ‘আলাইহি ওয়া সাল্লাম) থেকে বর্ণিত। তিনি বলেন : উমরা (করা) বৈধ (কার্যকর)।",
        "ar": "أَخْبَرَنَا مُحَمَّدُ بْنُ الْمُثَنَّى، قَالَ: حَدَّثَنَا مُحَمَّدٌ، قَالَ: حَدَّثَنَا شُعْبَةُ، عَنْ قَتَادَةَ، عَنْ النَّضْرِ بْنِ أَنَسٍ، عَنْ بَشِيرِ بْنِ نَهِيكٍ، عَنْ أَبِي هُرَيْرَةَ، عَنِ النَّبِيِّ صَلَّى اللهُ عَلَيْهِ وَسَلَّمَ قَالَ: «الْعُمْرَى جَائِزَةٌ»",
        "ar_diacless": "أخبرنا محمد بن المثنى، قال: حدثنا محمد، قال: حدثنا شعبة، عن قتادة، عن النضر بن أنس، عن بشير بن نهيك، عن أبي هريرة، عن النبي صلى الله عليه وسلم قال: «العمرى جائزة»",
        "note": "",
        "grade_id": 2,
        "grade": "সহিহ হাদিস",
        "grade_color": "#46B891"
      },
      {
        "id": 41551,
        "book_id": 3,
        "book_name": "সুনানে আন-নাসায়ী",
        "chapter_id": 32,
        "section_id": 4,
        "hadith_key": "সুনানে আন-নাসায়ী: ৩৭৫৫",
        "hadith_id": 3755,
        "narrator": "শুরায়হ (রহঃ)",
        "bn": "তিনি বলেন, আল্লাহ্‌র নবী (সাল্লাল্লাহু ‘আলাইহি ওয়া সাল্লাম) ফায়সালা দিয়েছেন : উমর (করা) বৈধ। কাতাদা (রহঃ) বলেন, আমি বললাম, মুহাম্মাদ ইব্‌ন নাযর (রহঃ) বাশীর ইব্‌ন নাহিক (রহঃ) সূত্রে আবূ হুরায়রা (রাঃ) হতে বর্ণনা করেছেন যে, আল্লাহর নবী (সাল্লাল্লাহু ‘আলাইহি ওয়া সাল্লাম) বলেছেন : ‘উমরা’ জায়েয (কার্যকর)। কাতাদা (রহঃ) বলেন, হাসান (রহঃ) বলেছেন : উমরা করা বৈধ। কাতাদা (রহঃ) বলেন, যুহরী (রহঃ) বলেছেন : ‘উমরা’ করা তখন বৈধ হবে যখন কোন ব্যক্তিকে এবং তার উত্তরসূরীদেরকে (ওয়ারিসদেরকে) উমরা করা হয়, (তখন ঐ উমরা করা বস্তু দাতার দিকে পুনঃ প্রত্যাবর্তন করবে না)। তবে যদি ওয়ারিসদের জন্য উমরা না করে থাকে, তবে তা শর্ত মত হবে, (অর্থাৎ দাতা ফেরত পাবে)। কাতাদা (রহঃ) বলেন, কোন ব্যক্তি আতা ইব্‌ন আবূ রাবাহ (রহঃ)-কে জিজ্ঞাসা করলে তিনি বললেন, জাবির ইব্‌ন আবদুল্লাহ্ (রাঃ) আমার নিকট বর্ণনা করেছেন যে, রাসূলুল্লাহ্ (সাল্লাল্লাহু ‘আলাইহি ওয়া সাল্লাম) বলেছেন : উমরা করা বৈধ। কাতাদা (রহঃ) বলেন, যুহরী (রহঃ) বলেছেন : খলীফাগণ এর আদেশ করেন নি। আতা (রহঃ) বলেন : আবদুল মালিক ইব্‌ন  মারওয়ান এরূপ করার আদেশ দিতেন।",
        "ar": "أَخْبَرَنَا مُحَمَّدُ بْنُ الْمُثَنَّى، قَالَ: حَدَّثَنَا مُعَاذُ بْنُ هِشَامٍ، قَالَ: حَدَّثَنِي أَبِي، عَنْ قَتَادَةَ، قَالَ: سَأَلَنِي سُلَيْمَانُ بْنُ هِشَامٍ عَنِ الْعُمْرَى فَقُلْتُ: حَدَّثَ مُحَمَّدُ بْنُ سِيرِينَ، عَنْ شُرَيْحٍ، قَالَ: «قَضَى نَبِيُّ اللَّهِ صَلَّى اللهُ عَلَيْهِ وَسَلَّمَ، أَنَّ الْعُمْرَى جَائِزَةٌ». قَالَ قَتَادَةُ: قُلْتُ: حَدَّثَنِي النَّضْرُ بْنُ أَنَسٍ، عَنْ بَشِيرِ بْنِ نَهِيكٍ، عَنْ أَبِي هُرَيْرَةَ، أَنَّ نَبِيَّ اللَّهِ صَلَّى اللهُ عَلَيْهِ وَسَلَّمَ قَالَ: «الْعُمْرَى جَائِزَةٌ»، قَالَ قَتَادَةُ: وَقُلْتُ: كَانَ الْحَسَنُ، يَقُولُ: «الْعُمْرَى جَائِزَةٌ»، قَالَ قَتَادَةُ: فَقَالَ الزُّهْرِيُّ: «إِنَّمَا الْعُمْرَى إِذَا أُعْمِرَ وَعَقِبُهُ مِنْ بَعْدِهِ، فَإِذَا لَمْ يَجْعَلْ عَقِبَهُ مِنْ بَعْدِهِ كَانَ لِلَّذِي يَجْعَلُ شَرْطَهُ»، قَالَ قَتَادَةُ: فَسُئِلَ عَطَاءُ بْنُ أَبِي رَبَاحٍ، فَقَالَ: حَدَّثَنِي جَابِرُ بْنُ عَبْدِ اللَّهِ، أَنَّ رَسُولَ اللَّهِ صَلَّى اللهُ عَلَيْهِ وَسَلَّمَ قَالَ: «الْعُمْرَى جَائِزَةٌ»، قَالَ قَتَادَةُ: فَقَالَ الزُّهْرِيُّ: «كَانَ الْخُلَفَاءُ لَا يَقْضُونَ بِهَذَا» قَالَ عَطَاءٌ: «قَضَى بِهَا عَبْدُ الْمَلِكِ بْنُ مَرْوَانَ»",
        "ar_diacless": "أخبرنا محمد بن المثنى، قال: حدثنا معاذ بن هشام، قال: حدثني أبي، عن قتادة، قال: سألني سليمان بن هشام عن العمرى فقلت: حدث محمد بن سيرين، عن شريح، قال: «قضى نبي الله صلى الله عليه وسلم، أن العمرى جائزة». قال قتادة: قلت: حدثني النضر بن أنس، عن بشير بن نهيك، عن أبي هريرة، أن نبي الله صلى الله عليه وسلم قال: «العمرى جائزة»، قال قتادة: وقلت: كان الحسن، يقول: «العمرى جائزة»، قال قتادة: فقال الزهري: «إنما العمرى إذا أعمر وعقبه من بعده، فإذا لم يجعل عقبه من بعده كان للذي يجعل شرطه»، قال قتادة: فسئل عطاء بن أبي رباح، فقال: حدثني جابر بن عبد الله، أن رسول الله صلى الله عليه وسلم قال: «العمرى جائزة»، قال قتادة: فقال الزهري: «كان الخلفاء لا يقضون بهذا» قال عطاء: «قضى بها عبد الملك بن مروان»",
        "note": "",
        "grade_id": 2,
        "grade": "সহিহ হাদিস",
        "grade_color": "#46B891"
      }
    ]
  },
  {
    "id": 15650,
    "book_id": 3,
    "book_name": "nasai",
    "chapter_id": 32,
    "section_id": 5,
    "title": "স্বামীর বিনা  অনুমতিতে স্ত্রীর দান",
    "preface": "",
    "number": "পরিচ্ছেদ",
    "sort_order": 5,
    "hadiths": [
      {
        "id": 41554,
        "book_id": 3,
        "book_name": "সুনানে আন-নাসায়ী",
        "chapter_id": 32,
        "section_id": 5,
        "hadith_key": "সুনানে আন-নাসায়ী: ৩৭৫৬",
        "hadith_id": 3756,
        "narrator": "আমর ইব্‌ন শুআয়ব (রহঃ)",
        "bn": "রাসূলুল্লাহ্ (সাল্লাল্লাহু ‘আলাইহি ওয়া সাল্লাম) বলেছেন : স্ত্রীর পক্ষে তার মাল হতে দান করা বৈধ নয়, যখন তার স্বামী তার ইযযতের মালিক হয়ে যায়। [১]",
        "ar": "أَخْبَرَنَا مُحَمَّدُ بْنُ مَعْمَرٍ، قَالَ: حَدَّثَنَا حَبَّانُ، قَالَ: حَدَّثَنَا حَمَّادُ بْنُ سَلَمَةَ، ح وأَخْبَرَنِي إِبْرَاهِيمُ بْنُ يُونُسَ بْنِ مُحَمَّدٍ، قَالَ: حَدَّثَنَا أَبِي، قَالَ: حَدَّثَنَا حَمَّادُ بْنُ سَلَمَةَ، عَنْ دَاوُدَ وَهُوَ ابْنُ أَبِي هِنْدٍ، وَحَبِيبٌ الْمُعَلِّمُ، عَنْ عَمْرِو بْنِ شُعَيْبٍ، عَنْ أَبِيهِ، عَنْ جَدِّهِ، أَنَّ رَسُولَ اللَّهِ صَلَّى اللهُ عَلَيْهِ وَسَلَّمَ قَالَ: «لَا يَجُوزُ لِامْرَأَةٍ هِبَةٌ فِي مَالِهَا إِذَا مَلَكَ زَوْجُهَا عِصْمَتَهَا» اللَّفْظُ لِمُحَمَّدٍ \"",
        "ar_diacless": "أخبرنا محمد بن معمر، قال: حدثنا حبان، قال: حدثنا حماد بن سلمة، ح وأخبرني إبراهيم بن يونس بن محمد، قال: حدثنا أبي، قال: حدثنا حماد بن سلمة، عن داود وهو ابن أبي هند، وحبيب المعلم، عن عمرو بن شعيب، عن أبيه، عن جده، أن رسول الله صلى الله عليه وسلم قال: «لا يجوز لامرأة هبة في مالها إذا ملك زوجها عصمتها» اللفظ لمحمد \"",
        "note": "[১] অর্থাৎ নৈতিকভাবে স্বামীকে না জানিয়ে স্ত্রীর দান করা অনুচিত। তবে তার মালিকানা স্বীকৃত হওয়ার কারণে আইনত অবৈধ নয়।",
        "grade_id": 12,
        "grade": "হাসান সহিহ",
        "grade_color": "#46B891"
      },
      {
        "id": 41555,
        "book_id": 3,
        "book_name": "সুনানে আন-নাসায়ী",
        "chapter_id": 32,
        "section_id": 5,
        "hadith_key": "সুনানে আন-নাসায়ী: ৩৭৫৭",
        "hadith_id": 3757,
        "narrator": "আবদুল্লাহ্‌ ইব্‌ন আমর ইব্‌ন শু’আয়ব (রহঃ)",
        "bn": "তিনি বলেছেন : রাসূলুল্লাহ্ (সাল্লাল্লাহু ‘আলাইহি ওয়া সাল্লাম) মক্কা বিজয়ের পর খুতবা দিতে গিয়ে দাঁড়িয়ে বললেন : স্বামীর অনুমতি ব্যতীত কোন স্ত্রীর জন্য কাউকে কিছু দান করা বৈধ নয়।",
        "ar": "أَخْبَرَنَا إِسْمَاعِيلُ بْنُ مَسْعُودٍ، قَالَ: حَدَّثَنَا خَالِدٌ، قَالَ: حَدَّثَنَا حُسَيْنٌ الْمُعَلِّمُ، عَنْ عَمْرِو بْنِ شُعَيْبٍ، أَنَّ أَبَاهُ، حَدَّثَهُ، عَنْ عَبْدِ اللَّهِ بْنِ عَمْرٍو، ح وأَخْبَرَنَا حُمَيْدُ بْنُ مَسْعَدَةَ، قَالَ: حَدَّثَنَا يَزِيدُ بْنُ زُرَيْعٍ، قَالَ: حَدَّثَنَا حُسَيْنٌ الْمُعَلِّمُ، عَنْ عَمْرِو بْنِ شُعَيْبٍ، عَنْ أَبِيهِ، عَنْ جَدِّهِ، قَالَ: لَمَّا فَتَحَ رَسُولُ اللَّهِ صَلَّى اللهُ عَلَيْهِ وَسَلَّمَ مَكَّةَ قَامَ خَطِيبًا فَقَالَ فِي خُطْبَتِهِ: «لَا يَجُوزُ لِامْرَأَةٍ عَطِيَّةٌ إِلَّا بِإِذْنِ زَوْجِهَا»",
        "ar_diacless": "أخبرنا إسماعيل بن مسعود، قال: حدثنا خالد، قال: حدثنا حسين المعلم، عن عمرو بن شعيب، أن أباه، حدثه، عن عبد الله بن عمرو، ح وأخبرنا حميد بن مسعدة، قال: حدثنا يزيد بن زريع، قال: حدثنا حسين المعلم، عن عمرو بن شعيب، عن أبيه، عن جده، قال: لما فتح رسول الله صلى الله عليه وسلم مكة قام خطيبا فقال في خطبته: «لا يجوز لامرأة عطية إلا بإذن زوجها»",
        "note": "",
        "grade_id": 12,
        "grade": "হাসান সহিহ",
        "grade_color": "#46B891"
      },
      {
        "id": 41556,
        "book_id": 3,
        "book_name": "সুনানে আন-নাসায়ী",
        "chapter_id": 32,
        "section_id": 5,
        "hadith_key": "সুনানে আন-নাসায়ী: ৩৭৫৮",
        "hadith_id": 3758,
        "narrator": "আবদুর রহমান ইব্‌ন আলকামা (রাঃ)",
        "bn": "সাকাফী গোত্রের প্রতিনিধি দল রাসূলুল্লাহ্ (সাল্লাল্লাহু ‘আলাইহি ওয়া সাল্লাম)-এর নিকট উপস্থিত হয়, তখন তাদের হাতে কিছু হাদিয়া ছিল। তিনি বললেন : এটা হাদিয়া না সাদকা ? যদি তা হাদিয়া হয়, তবে এরদ্বারা তো আল্লাহ্‌র রাসূলের সন্তুষ্টি অর্জন এবং উদ্দেশ্য পূর্ণ হওয়ার বাসনা হয়ে থাকে। আর যদি তা সাদাকা হয়, তবে তা মহান মহীয়ান আল্লাহ্ তা’আলার সন্তুষ্টি লাভ করা উদ্দেশ্য। তারা বললেন : না, ইহা হাদিয়া। তখন রাসূলুল্লাহ্ (সাল্লাল্লাহু ‘আলাইহি ওয়া সাল্লাম) তাদের এই হাদিয়া গ্রহণ করলেন। আর তিনি তাদের সাথে উপবেশন করলেন এবং তিনি জিজ্ঞাসাবাদ করতে লাগলেন (তাদের প্রশ্ন করতে লাগলেন এবং তারাও তাঁকে প্রশ্ন করতে) লাগলো। এরপর রাসূলুল্লাহ্ (সাল্লাল্লাহু ‘আলাইহি ওয়া সাল্লাম) জুহরের সালাত আদায় করলেন আসরের সালাতের সঙ্গে, অর্থাৎ জুহরের শেষ ওয়াকতে জুহরের সালাত আদায় করে, আসরের প্রথম ওয়াকতে সেখানে আসরের সালাত আদায় করেন।",
        "ar": "أَخْبَرَنَا هَنَّادُ بْنُ السَّرِيِّ، قَالَ: حَدَّثَنَا أَبُو بَكْرِ بْنُ عَيَّاشٍ، عَنْ يَحْيَى بْنِ هَانِئٍ، عَنْ أَبِي حُذَيْفَةَ، عَنْ عَبْدِ الْمَلِكِ بْنِ مُحَمَّدِ بْنِ بَشِيرٍ، عَنْ عَبْدِ الرَّحْمَنِ بْنِ عَلْقَمَةَ الثَّقَفِّيِّ، قَالَ: قَدِمَ وَفْدُ ثَقِيفٍ عَلَى رَسُولِ اللَّهِ صَلَّى اللهُ عَلَيْهِ وَسَلَّمَ وَمَعَهُمْ هَدِيَّةٌ، فَقَالَ: «أَهَدِيَّةٌ أَمْ صَدَقَةٌ؟ فَإِنْ كَانَتْ هَدِيَّةٌ فَإِنَّمَا يُبْتَغَى بِهَا وَجْهُ رَسُولِ اللَّهِ صَلَّى اللهُ عَلَيْهِ وَسَلَّمَ وَقَضَاءُ الْحَاجَةِ، وَإِنْ كَانَتْ صَدَقَةٌ فَإِنَّمَا يُبْتَغَى بِهَا وَجْهُ اللَّهِ عَزَّ وَجَلَّ»، قَالُوا: لَا بَلْ هَدِيَّةٌ، فَقَبِلَهَا مِنْهُمْ وَقَعَدَ مَعَهُمْ يُسَائِلُهُمْ وَيُسَائِلُونَهُ حَتَّى صَلَّى الظُّهْرَ مَعَ الْعَصْرِ",
        "ar_diacless": "أخبرنا هناد بن السري، قال: حدثنا أبو بكر بن عياش، عن يحيى بن هانئ، عن أبي حذيفة، عن عبد الملك بن محمد بن بشير، عن عبد الرحمن بن علقمة الثقفي، قال: قدم وفد ثقيف على رسول الله صلى الله عليه وسلم ومعهم هدية، فقال: «أهدية أم صدقة؟ فإن كانت هدية فإنما يبتغى بها وجه رسول الله صلى الله عليه وسلم وقضاء الحاجة، وإن كانت صدقة فإنما يبتغى بها وجه الله عز وجل»، قالوا: لا بل هدية، فقبلها منهم وقعد معهم يسائلهم ويسائلونه حتى صلى الظهر مع العصر",
        "note": "",
        "grade_id": 4,
        "grade": "দুর্বল হাদিস",
        "grade_color": "#F85B24"
      },
      {
        "id": 41552,
        "book_id": 3,
        "book_name": "সুনানে আন-নাসায়ী",
        "chapter_id": 32,
        "section_id": 5,
        "hadith_key": "সুনানে আন-নাসায়ী: ৩৭৫৯",
        "hadith_id": 3759,
        "narrator": "আবূ হুরায়রা (রাঃ)",
        "bn": "রাসূলুল্লাহ্ (সাল্লাল্লাহু ‘আলাইহি ওয়া সাল্লাম) বলেছেন : আমি ইচ্ছা করেছিলাম, কারো হাদিয়া গ্রহণ করবো না; তবে কুরায়শী, আনসারী, ‘সাকাফী এবং দাওসীদের হাদিয়া গ্রহন করবো।",
        "ar": "أَخْبَرَنَا أَبُو عَاصِمٍ خُشَيْشُ بْنُ أَصْرَمَ، قَالَ: حَدَّثَنَا عَبْدُ الرَّزَّاقِ، قَالَ: أَنْبَأَنَا مَعْمَرٌ، عَنْ ابْنِ عَجْلَانَ، عَنْ سَعِيدٍ، عَنْ أَبِي هُرَيْرَةَ، أَنَّ رَسُولَ اللَّهِ صَلَّى اللهُ عَلَيْهِ وَسَلَّمَ قَالَ: «لَقَدْ هَمَمْتُ أَنْ لَا أَقْبَلَ هَدِيَّةً إِلَّا مِنْ قُرَشِيٍّ أَوْ أَنْصَارِيٍّ أَوْ ثَقَفِيٍّ أَوْ دَوْسِيٍّ»",
        "ar_diacless": "أخبرنا أبو عاصم خشيش بن أصرم، قال: حدثنا عبد الرزاق، قال: أنبأنا معمر، عن ابن عجلان، عن سعيد، عن أبي هريرة، أن رسول الله صلى الله عليه وسلم قال: «لقد هممت أن لا أقبل هدية إلا من قرشي أو أنصاري أو ثقفي أو دوسي»",
        "note": "",
        "grade_id": 12,
        "grade": "হাসান সহিহ",
        "grade_color": "#46B891"
      },
      {
        "id": 41553,
        "book_id": 3,
        "book_name": "সুনানে আন-নাসায়ী",
        "chapter_id": 32,
        "section_id": 5,
        "hadith_key": "সুনানে আন-নাসায়ী: ৩৭৬০",
        "hadith_id": 3760,
        "narrator": "আনাস (রাঃ)",
        "bn": "রাসূলুল্লাহ্ (সাল্লাল্লাহু ‘আলাইহি ওয়া সাল্লাম)-কে গোশ্‌ত দেয়া হলে তিনি জিজ্ঞাসা করলেন : এ কী (এই গোশত কোন্  ধরনের)? বলা হলো : তা বারীরাহ্‌কে সাদ্‌কারূপে দেয়া হয়েছে। তিনি বললেন : তা তার জন্য তো সাদ্‌কা, কিন্তু আমাদের জন্য হাদিয়া।",
        "ar": "أَخْبَرَنَا إِسْحَاقُ بْنُ إِبْرَاهِيمَ، قَالَ: حَدَّثَنَا وَكِيعٌ، قَالَ: حَدَّثَنَا شُعْبَةُ، عَنْ قَتَادَةَ، عَنْ أَنَسٍ، أَنَّ رَسُولَ اللَّهِ صَلَّى اللهُ عَلَيْهِ وَسَلَّمَ أُتِيَ بِلَحْمٍ فَقَالَ: «مَا هَذَا؟» فَقِيلَ: تُصُدِّقَ بِهِ عَلَى بَرِيرَةَ، فَقَالَ: «هُوَ لَهَا صَدَقَةٌ وَلَنَا هَدِيَّةٌ»",
        "ar_diacless": "أخبرنا إسحاق بن إبراهيم، قال: حدثنا وكيع، قال: حدثنا شعبة، عن قتادة، عن أنس، أن رسول الله صلى الله عليه وسلم أتي بلحم فقال: «ما هذا؟» فقيل: تصدق به على بريرة، فقال: «هو لها صدقة ولنا هدية»",
        "note": "",
        "grade_id": 2,
        "grade": "সহিহ হাদিস",
        "grade_color": "#46B891"
      }
    ]
  }
]