[
  {
    "id": 13287,
    "book_id": 3,
    "book_name": "nasai",
    "chapter_id": 15,
    "section_id": 1,
    "title": "ইমাম কখন ইস্তিস্কা করবেন?",
    "preface": "",
    "number": "পরিচ্ছেদ",
    "sort_order": 1,
    "hadiths": [
      {
        "id": 36886,
        "book_id": 3,
        "book_name": "সুনানে আন-নাসায়ী",
        "chapter_id": 15,
        "section_id": 1,
        "hadith_key": "সুনানে আন-নাসায়ী: ১৫০৪",
        "hadith_id": 1504,
        "narrator": "আনাস ইব্‌ন মালিক (রাঃ)",
        "bn": "তিনি বলেন, এক ব্যক্তি রাসূলুল্লাহ্‌ (সাল্লাল্লাহু ‘আলাইহি ওয়া সাল্লাম)-এর কাছে এসে বলল, ইয়া রাসূলাল্লাহ্‌! গবাদি পশুগুলো তো (ঘাস বিচালির সংকটজনিত কারণে) অকর্মণ্য হয়ে যাচ্ছে এবং এ কারণে রাস্তা ঘাটও বন্ধ হয়ে যাচ্ছে। অতএব, আল্লাহ্‌র সমীপে দোয়া করুন। তখন রাসূলুল্লাহ্‌ (সাল্লাল্লাহু ‘আলাইহি ওয়া সাল্লাম) দোয়া করলেন। ফলে আমাদের উপর এক জুমুআর দিন থেকে শুরু করে দ্বিতীয় জুমুআর দিন অবধি (অনবরত) বৃষ্টি বর্ষিত হতে লাগল। এক ব্যক্তি রাসূলুল্লাহ্‌ (সাল্লাল্লাহু ‘আলাইহি ওয়া সাল্লাম)-এর কাছে এসে বলল, ইয়া রাসূলুল্লাহ! বাড়ী-ঘর তো ধীরে ধীরে বিধ্বস্ত হয়ে যাচ্ছে। আর (পানির আধিক্যের কারণে) রাস্তাঘাটও বন্ধ হয়ে যাচ্ছে এবং গবাদি পশুগুলোও (ঠাণ্ডার আধিক্যে হেতু) অকর্মণ্য হয়ে যাচ্ছে। তখন তিনি বললেন, হে আল্লাহ, (তুমি এই বৃষ্টি) পাহাড় ও টিলার চূড়ায় চূড়ায় উপত্যকার মাঝে মাঝে এবং গাছ-পালার গোড়ায় গোড়ায় (বর্ষণ কর)। তখন মদীনার আকাশ থেকে মেঘ এমনভাবে সরে গেল যেমনভাবে পরিধানকারীর দেহ থেকে বস্ত্র খুলে যায়।",
        "ar": "أَخْبَرَنَا قُتَيْبَةُ بْنُ سَعِيدٍ، عَنْ مَالِكٍ، عَنْ شَرِيكِ بْنِ عَبْدِ اللَّهِ بْنِ أَبِي نَمِرٍ، عَنْ أَنَسِ بْنِ مَالِكٍ، قَالَ: جَاءَ رَجُلٌ إِلَى رَسُولِ اللَّهِ صَلَّى اللهُ عَلَيْهِ وَسَلَّمَ، فَقَالَ: يَا رَسُولَ اللَّهِ، هَلَكَتِ الْمَوَاشِي، وَانْقَطَعَتِ السُّبُلُ، فَادْعُ اللَّهَ عَزَّ وَجَلَّ، فَدَعَا رَسُولُ اللَّهِ صَلَّى اللهُ عَلَيْهِ وَسَلَّمَ، فَمُطِرْنَا مِنَ الْجُمُعَةِ إِلَى الْجُمُعَةِ، فَجَاءَ رَجُلٌ إِلَى رَسُولِ اللَّهِ صَلَّى اللهُ عَلَيْهِ وَسَلَّمَ، فَقَالَ: يَا رَسُولَ اللَّهِ، تَهَدَّمَتِ الْبُيُوتُ، وَانْقَطَعَتِ السُّبُلُ، وَهَلَكَتِ الْمَوَاشِي، فَقَالَ: «اللَّهُمَّ عَلَى رُءُوسِ الْجِبَالِ، وَالْآكَامِ، وَبُطُونِ الْأَوْدِيَةِ، وَمَنَابِتِ الشَّجَرِ»، فَانْجَابَتْ عَنِ الْمَدِينَةِ انْجِيَابَ الثَّوْبِ\n---\n[حكم الألباني] حسن صحيح",
        "ar_diacless": "أخبرنا قتيبة بن سعيد، عن مالك، عن شريك بن عبد الله بن أبي نمر، عن أنس بن مالك، قال: جاء رجل إلى رسول الله صلى الله عليه وسلم، فقال: يا رسول الله، هلكت المواشي، وانقطعت السبل، فادع الله عز وجل، فدعا رسول الله صلى الله عليه وسلم، فمطرنا من الجمعة إلى الجمعة، فجاء رجل إلى رسول الله صلى الله عليه وسلم، فقال: يا رسول الله، تهدمت البيوت، وانقطعت السبل، وهلكت المواشي، فقال: «اللهم على رءوس الجبال، والآكام، وبطون الأودية، ومنابت الشجر»، فانجابت عن المدينة انجياب الثوب\n---\n[حكم الألباني] حسن صحيح",
        "note": "",
        "grade_id": 12,
        "grade": "হাসান সহিহ",
        "grade_color": "#46B891"
      }
    ]
  },
  {
    "id": 13288,
    "book_id": 3,
    "book_name": "nasai",
    "chapter_id": 15,
    "section_id": 2,
    "title": "ইমামের বৃষ্টির দোয়া করার জন্য সালাতের স্থান অভিমুখে রওয়ানা হওয়া",
    "preface": "",
    "number": "পরিচ্ছেদ",
    "sort_order": 2,
    "hadiths": [
      {
        "id": 36887,
        "book_id": 3,
        "book_name": "সুনানে আন-নাসায়ী",
        "chapter_id": 15,
        "section_id": 2,
        "hadith_key": "সুনানে আন-নাসায়ী: ১৫০৫",
        "hadith_id": 1505,
        "narrator": "আব্দুল্লাহ ইব্‌ন যায়দ (রাঃ)",
        "bn": "তিনি বলেন যে, রাসূলুল্লাহ্‌ (সাল্লাল্লাহু ‘আলাইহি ওয়া সাল্লাম) বৃষ্টির দোয়া করার জন্য সালাতের স্থান অভিমুখে রওয়ানা হলেন, তখন তিনি কিবলা অভিমুখী হলেন ও তাঁর (পরিধেয়) চাদর উল্টিয়ে দিলেন এবং দু’রাকআত সালাত আদায় করলেন।",
        "ar": "أَخْبَرَنِي مُحَمَّدُ بْنُ مَنْصُورٍ، قَالَ: حَدَّثَنَا سُفْيَانُ، قَالَ: حَدَّثَنَا الْمَسْعُودِيُّ، عَنْ أَبِي بَكْرِ بْنِ عَمْرِو بْنِ حَزْمٍ، عَنْ عَبَّادِ بْنِ تَمِيمٍ، قَالَ سُفْيَانُ: فَسَأَلْتُ عَبْدَ اللَّهِ بْنَ أَبِي بَكْرٍ، فَقَالَ: سَمِعْتُهُ مِنْ عَبَّادِ بْنِ تَمِيمٍ، يُحَدِّثُ أَبِي، أَنَّ عَبْدَ اللَّهِ بْنَ زَيْدٍ الَّذِي أُرِيَ النِّدَاءَ، قَالَ: «إِنَّ رَسُولَ اللَّهِ صَلَّى اللهُ عَلَيْهِ وَسَلَّمَ خَرَجَ إِلَى الْمُصَلَّى يَسْتَسْقِي، فَاسْتَقْبَلَ الْقِبْلَةَ، وَقَلَبَ رِدَاءَهُ، وَصَلَّى رَكْعَتَيْنِ»، قَالَ أَبُو عَبْدِ الرَّحْمَنِ: «هَذَا غَلَطٌ مِنْ ابْنِ عُيَيْنَةَ، وَعَبْدُ اللَّهِ بْنُ زَيْدٍ الَّذِي أُرِيَ النِّدَاءَ هُوَ عَبْدُ اللَّهِ بْنُ زَيْدِ بْنِ عَبْدِ رَبِّهِ، وَهَذَا عَبْدُ اللَّهِ بْنُ زَيْدِ بْنِ عَاصِمٍ»",
        "ar_diacless": "أخبرني محمد بن منصور، قال: حدثنا سفيان، قال: حدثنا المسعودي، عن أبي بكر بن عمرو بن حزم، عن عباد بن تميم، قال سفيان: فسألت عبد الله بن أبي بكر، فقال: سمعته من عباد بن تميم، يحدث أبي، أن عبد الله بن زيد الذي أري النداء، قال: «إن رسول الله صلى الله عليه وسلم خرج إلى المصلى يستسقي، فاستقبل القبلة، وقلب رداءه، وصلى ركعتين»، قال أبو عبد الرحمن: «هذا غلط من ابن عيينة، وعبد الله بن زيد الذي أري النداء هو عبد الله بن زيد بن عبد ربه، وهذا عبد الله بن زيد بن عاصم»",
        "note": "",
        "grade_id": 2,
        "grade": "সহিহ হাদিস",
        "grade_color": "#46B891"
      }
    ]
  },
  {
    "id": 13289,
    "book_id": 3,
    "book_name": "nasai",
    "chapter_id": 15,
    "section_id": 3,
    "title": "বের হওয়াকালীন সময়ে ইমামের যে অবস্থায় থাকা মুস্তাহাব",
    "preface": "",
    "number": "পরিচ্ছেদ",
    "sort_order": 3,
    "hadiths": [
      {
        "id": 36889,
        "book_id": 3,
        "book_name": "সুনানে আন-নাসায়ী",
        "chapter_id": 15,
        "section_id": 3,
        "hadith_key": "সুনানে আন-নাসায়ী: ১৫০৬",
        "hadith_id": 1506,
        "narrator": "ইসহাক ইব্‌ন আব্দুল্লাহ (রাঃ)",
        "bn": "তিনি বলেন, ওয়ালীদ ইব্‌ন আকাবা (রাঃ) আমাকে ইব্‌ন আব্বাস (রাঃ)-এর কাছে পাঠালেন, যেন আমি তাঁকে রাসূলুল্লাহ্‌ (সাল্লাল্লাহু ‘আলাইহি ওয়া সাল্লাম)-এর ইস্তিস্কা সালাত সম্পর্কে জিজ্ঞাসা করি। তিনি বললেন, রাসূলুল্লাহ্‌ (সাল্লাল্লাহু ‘আলাইহি ওয়া সাল্লাম) বিনয় ও মিনতির সাথে ছিন্ন বস্ত্রে বের হয়েছিলেন এবং তোমাদের এই খুৎবার ন্যায় খুত্‌বা না দিয়ে দু’রাকআত সালাত আদায় করেছিলেন।",
        "ar": "أَخْبَرَنَا إِسْحَقُ بْنُ مَنْصُورٍ، وَمُحَمَّدُ بْنُ الْمُثَنَّى، عَنْ عَبْدِ الرَّحْمَنِ، عَنْ سُفْيَانَ، عَنْ هِشَامِ بْنِ إِسْحَقَ بْنِ عَبْدِ اللَّهِ بْنِ كِنَانَةَ، عَنْ أَبِيهِ، قَالَ: أَرْسَلَنِي فُلَانٌ إِلَى ابْنِ عَبَّاسٍ أَسْأَلُهُ عَنْ صَلَاةِ رَسُولِ اللَّهِ صَلَّى اللهُ عَلَيْهِ وَسَلَّمَ فِي الِاسْتِسْقَاءِ، فَقَالَ: «خَرَجَ رَسُولُ اللَّهِ صَلَّى اللهُ عَلَيْهِ وَسَلَّمَ مُتَضَرِّعًا مُتَوَاضِعًا مُتَبَذِّلًا، فَلَمْ يَخْطُبْ نَحْوَ خُطْبَتِكُمْ هَذِهِ فَصَلَّى رَكْعَتَيْنِ»",
        "ar_diacless": "أخبرنا إسحق بن منصور، ومحمد بن المثنى، عن عبد الرحمن، عن سفيان، عن هشام بن إسحق بن عبد الله بن كنانة، عن أبيه، قال: أرسلني فلان إلى ابن عباس أسأله عن صلاة رسول الله صلى الله عليه وسلم في الاستسقاء، فقال: «خرج رسول الله صلى الله عليه وسلم متضرعا متواضعا متبذلا، فلم يخطب نحو خطبتكم هذه فصلى ركعتين»",
        "note": "",
        "grade_id": 3,
        "grade": "হাসান হাদিস",
        "grade_color": "#46B891"
      },
      {
        "id": 36888,
        "book_id": 3,
        "book_name": "সুনানে আন-নাসায়ী",
        "chapter_id": 15,
        "section_id": 3,
        "hadith_key": "সুনানে আন-নাসায়ী: ১৫০৭",
        "hadith_id": 1507,
        "narrator": "আব্দুল্লাহ ইব্‌ন যায়দ (রাঃ)",
        "bn": "রাসূলুল্লাহ্‌ (সাল্লাল্লাহু ‘আলাইহি ওয়া সাল্লাম) বৃষ্টির জন্য দোয়া করেছিলেন, তখন তাঁর পরিধানে কালো রংয়ের চাদর ছিল।",
        "ar": "أَخْبَرَنَا قُتَيْبَةُ، قَالَ: حَدَّثَنَا عَبْدُ الْعَزِيزِ، عَنْ عُمَارَةَ بْنِ غَزِيَّةَ، عَنْ عَبَّادِ بْنِ تَمِيمٍ، عَنْ عَبْدِ اللَّهِ بْنِ زَيْدٍ، «أَنَّ رَسُولَ اللَّهِ صَلَّى اللهُ عَلَيْهِ وَسَلَّمَ اسْتَسْقَى وَعَلَيْهِ خَمِيصَةٌ سَوْدَاءُ»",
        "ar_diacless": "أخبرنا قتيبة، قال: حدثنا عبد العزيز، عن عمارة بن غزية، عن عباد بن تميم، عن عبد الله بن زيد، «أن رسول الله صلى الله عليه وسلم استسقى وعليه خميصة سوداء»",
        "note": "",
        "grade_id": 2,
        "grade": "সহিহ হাদিস",
        "grade_color": "#46B891"
      }
    ]
  },
  {
    "id": 13290,
    "book_id": 3,
    "book_name": "nasai",
    "chapter_id": 15,
    "section_id": 4,
    "title": "ইস্তিস্কার জন্য ইমামের মিম্বরে বসা",
    "preface": "",
    "number": "পরিচ্ছেদ",
    "sort_order": 4,
    "hadiths": [
      {
        "id": 36890,
        "book_id": 3,
        "book_name": "সুনানে আন-নাসায়ী",
        "chapter_id": 15,
        "section_id": 4,
        "hadith_key": "সুনানে আন-নাসায়ী: ১৫০৮",
        "hadith_id": 1508,
        "narrator": "ইসহাক ইব্‌ন আব্দুল্লাহ্‌ (রহঃ)",
        "bn": "তিনি বলেন, আমি ইব্‌ন আব্বাস (রাঃ)-কে রাসূলুল্লাহ্‌ (সাল্লাল্লাহু ‘আলাইহি ওয়া সাল্লাম)-এর ইস্তিস্কা সালাত সম্পর্কে জিজ্ঞাসা করলে তিনি বললেন, রাসূলুল্লাহ্‌ (সাল্লাল্লাহু ‘আলাইহি ওয়া সাল্লাম) ছিন্ন বস্ত্রে বিনয় ও মিনতি সহকারে বের হয়েছিলেন। তিনি মিম্বরের উপর বসেছিলেন কিন্তু তোমাদের এই খুতবার ন্যায় কোন খুৎবা দেননি। বরং তিনি সর্বক্ষণ দোয়া করেছিলেন, মিনতি জানিয়েছিলেন, তাকবীর বলেছিলেন এবং দু’রাকআত সালাত আদায় করেছিলেন যেরূপ দু্ই ঈদে সালাত আদায় করতেন।",
        "ar": "أَخْبَرَنَا مُحَمَّدُ بْنُ عُبَيْدِ بْنِ مُحَمَّدٍ، قَالَ: حَدَّثَنَا حَاتِمُ بْنُ إِسْمَعِيلَ، عَنْ هِشَامِ بْنِ إِسْحَقَ بْنِ عَبْدِ اللَّهِ بْنِ كِنَانَةَ، عَنْ أَبِيهِ، قَالَ: سَأَلْتُ ابْنَ عَبَّاسٍ عَنْ صَلَاةِ رَسُولِ اللَّهِ صَلَّى اللهُ عَلَيْهِ وَسَلَّمَ فِي الِاسْتِسْقَاءِ، فَقَالَ: «خَرَجَ رَسُولُ اللَّهِ صَلَّى اللهُ عَلَيْهِ وَسَلَّمَ مُتَبَذِّلًا، مُتَوَاضِعًا، مُتَضَرِّعًا، فَجَلَسَ عَلَى الْمِنْبَرِ فَلَمْ يَخْطُبْ خُطْبَتَكُمْ هَذِهِ، وَلَكِنْ لَمْ يَزَلْ فِي الدُّعَاءِ وَالتَّضَرُّعِ وَالتَّكْبِيرِ، وَصَلَّى رَكْعَتَيْنِ كَمَا كَانَ يُصَلِّي فِي الْعِيدَيْنِ»",
        "ar_diacless": "أخبرنا محمد بن عبيد بن محمد، قال: حدثنا حاتم بن إسمعيل، عن هشام بن إسحق بن عبد الله بن كنانة، عن أبيه، قال: سألت ابن عباس عن صلاة رسول الله صلى الله عليه وسلم في الاستسقاء، فقال: «خرج رسول الله صلى الله عليه وسلم متبذلا، متواضعا، متضرعا، فجلس على المنبر فلم يخطب خطبتكم هذه، ولكن لم يزل في الدعاء والتضرع والتكبير، وصلى ركعتين كما كان يصلي في العيدين»",
        "note": "",
        "grade_id": 3,
        "grade": "হাসান হাদিস",
        "grade_color": "#46B891"
      }
    ]
  },
  {
    "id": 13291,
    "book_id": 3,
    "book_name": "nasai",
    "chapter_id": 15,
    "section_id": 5,
    "title": "ইস্তিস্কার দোয়া করার সময় ইমামের পিঠ মানুষের দিকে ফিরিয়ে দেওয়া",
    "preface": "",
    "number": "পরিচ্ছেদ",
    "sort_order": 5,
    "hadiths": [
      {
        "id": 36891,
        "book_id": 3,
        "book_name": "সুনানে আন-নাসায়ী",
        "chapter_id": 15,
        "section_id": 5,
        "hadith_key": "সুনানে আন-নাসায়ী: ১৫০৯",
        "hadith_id": 1509,
        "narrator": "আব্বাদ ইব্‌ন তামীম (রহঃ)",
        "bn": "তিনি রাসূলুল্লাহ্‌ (সাল্লাল্লাহু ‘আলাইহি ওয়া সাল্লাম)-এর সাথে বৃষ্টির দোয়া করার জন্য বের হলেন। রাসূলুল্লাহ্‌ (সাল্লাল্লাহু ‘আলাইহি ওয়া সাল্লাম) তাঁর চাদর উল্টিয়ে দিলেন এবং মানুষের দিকে তাঁর পিঠ ফিরিয়ে দিয়ে দোয়া করলেন, তারপর দু’রাকআত সালাত আদায় করলেন, আর তাতে উচ্চস্বরে কিরাআত পড়লেন।",
        "ar": "أَخْبَرَنِي عَمْرُو بْنُ عُثْمَانَ، قَالَ: حَدَّثَنَا الْوَلِيدُ، عَنْ ابْنِ أَبِي ذِئْبٍ، عَنْ الزُّهْرِيِّ، عَنْ عَبَّادِ بْنِ تَمِيمٍ، أَنَّ عَمَّهُ حَدَّثَهُ، أَنَّهُ «خَرَجَ مَعَ رَسُولِ اللَّهِ صَلَّى اللهُ عَلَيْهِ وَسَلَّمَ يَسْتَسْقِي، فَحَوَّلَ رِدَاءَهُ، وَحَوَّلَ لِلنَّاسِ ظَهْرَهُ، وَدَعَا ثُمَّ صَلَّى رَكْعَتَيْنِ، فَقَرَأَ فَجَهَرَ»",
        "ar_diacless": "أخبرني عمرو بن عثمان، قال: حدثنا الوليد، عن ابن أبي ذئب، عن الزهري، عن عباد بن تميم، أن عمه حدثه، أنه «خرج مع رسول الله صلى الله عليه وسلم يستسقي، فحول رداءه، وحول للناس ظهره، ودعا ثم صلى ركعتين، فقرأ فجهر»",
        "note": "",
        "grade_id": 2,
        "grade": "সহিহ হাদিস",
        "grade_color": "#46B891"
      }
    ]
  },
  {
    "id": 13292,
    "book_id": 3,
    "book_name": "nasai",
    "chapter_id": 15,
    "section_id": 6,
    "title": "ইস্তিস্কার সময় ইমামের চাদর উল্টিয়ে দেওয়া",
    "preface": "",
    "number": "পরিচ্ছেদ",
    "sort_order": 6,
    "hadiths": [
      {
        "id": 36892,
        "book_id": 3,
        "book_name": "সুনানে আন-নাসায়ী",
        "chapter_id": 15,
        "section_id": 6,
        "hadith_key": "সুনানে আন-নাসায়ী: ১৫১০",
        "hadith_id": 1510,
        "narrator": "আব্বাদ ইব্‌ন তামীম-এর চাচা",
        "bn": "নবী (সাল্লাল্লাহু ‘আলাইহি ওয়া সাল্লাম) (একবার) বৃষ্টির জন্য দোয়া করলেন ও দু’রাকআত সালাত আদায় করলেন আর তাঁর চাদর উল্টিয়ে দিলেন।",
        "ar": "أَخْبَرَنَا قُتَيْبَةُ، عَنْ سُفْيَانَ، عَنْ عَبْدِ اللَّهِ بْنِ أَبِي بَكْرٍ، عَنْ عَبَّادِ بْنِ تَمِيمٍ، عَنْ عَمِّهِ، «أَنَّ النَّبِيَّ صَلَّى اللهُ عَلَيْهِ وَسَلَّمَ اسْتَسْقَى، وَصَلَّى رَكْعَتَيْنِ، وَقَلَبَ رِدَاءَهُ»",
        "ar_diacless": "أخبرنا قتيبة، عن سفيان، عن عبد الله بن أبي بكر، عن عباد بن تميم، عن عمه، «أن النبي صلى الله عليه وسلم استسقى، وصلى ركعتين، وقلب رداءه»",
        "note": "",
        "grade_id": 2,
        "grade": "সহিহ হাদিস",
        "grade_color": "#46B891"
      }
    ]
  },
  {
    "id": 13293,
    "book_id": 3,
    "book_name": "nasai",
    "chapter_id": 15,
    "section_id": 7,
    "title": "ইমাম কখন তাঁর চাদর উল্টিয়ে দেবেন?",
    "preface": "",
    "number": "পরিচ্ছেদ",
    "sort_order": 7,
    "hadiths": [
      {
        "id": 36893,
        "book_id": 3,
        "book_name": "সুনানে আন-নাসায়ী",
        "chapter_id": 15,
        "section_id": 7,
        "hadith_key": "সুনানে আন-নাসায়ী: ১৫১১",
        "hadith_id": 1511,
        "narrator": "আব্বাদ ইব্‌ন তামীম (রহঃ)",
        "bn": "তিনি বলেন, আব্দুল্লাহ ইব্‌ন যায়দ (রাঃ)-কে বলতে শুনেছেন যে, (একবার) রাসূলুল্লাহ্‌ (সাল্লাল্লাহু ‘আলাইহি ওয়া সাল্লাম) বের হয়ে বৃষ্টির জন্য দোয়া করলেন এবং কিবলামুখী হওয়ার সময় তাঁর চাদর উল্টিয়ে দিলেন।",
        "ar": "أَخْبَرَنَا قُتَيْبَةُ، عَنْ مَالِكٍ، عَنْ عَبْدِ اللَّهِ بْنِ أَبِي بَكْرٍ، أَنَّهُ سَمِعَ عَبَّادَ بْنَ تَمِيمٍ، يَقُولُ: سَمِعْتُ عَبْدَ اللَّهِ بْنَ زَيْدٍ يَقُولُ: «خَرَجَ رَسُولُ اللَّهِ صَلَّى اللهُ عَلَيْهِ وَسَلَّمَ فَاسْتَسْقَى، وَحَوَّلَ رِدَاءَهُ حِينَ اسْتَقْبَلَ الْقِبْلَةَ»",
        "ar_diacless": "أخبرنا قتيبة، عن مالك، عن عبد الله بن أبي بكر، أنه سمع عباد بن تميم، يقول: سمعت عبد الله بن زيد يقول: «خرج رسول الله صلى الله عليه وسلم فاستسقى، وحول رداءه حين استقبل القبلة»",
        "note": "",
        "grade_id": 2,
        "grade": "সহিহ হাদিস",
        "grade_color": "#46B891"
      }
    ]
  },
  {
    "id": 13294,
    "book_id": 3,
    "book_name": "nasai",
    "chapter_id": 15,
    "section_id": 8,
    "title": "ইমামের হাত উঠানো",
    "preface": "",
    "number": "পরিচ্ছেদ",
    "sort_order": 8,
    "hadiths": [
      {
        "id": 36894,
        "book_id": 3,
        "book_name": "সুনানে আন-নাসায়ী",
        "chapter_id": 15,
        "section_id": 8,
        "hadith_key": "সুনানে আন-নাসায়ী: ১৫১২",
        "hadith_id": 1512,
        "narrator": "আব্বাদ ইব্‌ন তামীমের চাচা",
        "bn": "তিনি রাসূলুল্লাহ্‌ (সাল্লাল্লাহু ‘আলাইহি ওয়া সাল্লাম)-কে ইস্তিস্কার সময় দেখলেন যে, তিনি কিবলামুখী হয়ে চাদর উল্টিয়ে দিলেন ও হস্তদ্বয় উত্তোলন করলেন।",
        "ar": "أَخْبَرَنَا هِشَامُ بْنُ عَبْدِ الْمَلِكِ أَبُو تَقِيٍّ الْحِمْصِيُّ، قَالَ: حَدَّثَنَا بَقِيَّةُ، عَنْ شُعَيْبٍ، عَنْ الزُّهْرِيِّ، عَنْ عَبَّادِ بْنِ تَمِيمٍ، عَنْ عَمِّهِ، أَنَّهُ «رَأَى رَسُولَ اللَّهِ صَلَّى اللهُ عَلَيْهِ وَسَلَّمَ فِي الِاسْتِسْقَاءِ اسْتَقْبَلَ الْقِبْلَةَ، وَقَلَبَ الرِّدَاءَ، وَرَفَعَ يَدَيْهِ»",
        "ar_diacless": "أخبرنا هشام بن عبد الملك أبو تقي الحمصي، قال: حدثنا بقية، عن شعيب، عن الزهري، عن عباد بن تميم، عن عمه، أنه «رأى رسول الله صلى الله عليه وسلم في الاستسقاء استقبل القبلة، وقلب الرداء، ورفع يديه»",
        "note": "",
        "grade_id": 2,
        "grade": "সহিহ হাদিস",
        "grade_color": "#46B891"
      }
    ]
  },
  {
    "id": 13295,
    "book_id": 3,
    "book_name": "nasai",
    "chapter_id": 15,
    "section_id": 9,
    "title": "(হস্তদ্বয়) কিভাবে উঠাবেন?",
    "preface": "",
    "number": "পরিচ্ছেদ",
    "sort_order": 9,
    "hadiths": [
      {
        "id": 36895,
        "book_id": 3,
        "book_name": "সুনানে আন-নাসায়ী",
        "chapter_id": 15,
        "section_id": 9,
        "hadith_key": "সুনানে আন-নাসায়ী: ১৫১৩",
        "hadith_id": 1513,
        "narrator": "আনাস (রাঃ)",
        "bn": "তিনি বলেন, রাসূলুল্লাহ্‌ (সাল্লাল্লাহু ‘আলাইহি ওয়া সাল্লাম) ইস্তিস্কার সময় ছাড়া অন্য কোন দোয়ায় হস্তদ্বয় উঠাতেন না। তিনি তখন হস্তদ্বয় এতটুকু পর্যন্ত উঠাতেন যে, তাঁর উভয় বগলের শুভ্রতা দেখা যেত।",
        "ar": "أَخْبَرَنِي شُعَيْبُ بْنُ يُوسُفَ، عَنْ يَحْيَى بْنِ سَعِيدٍ الْقَطَّانِ، عَنْ سَعِيدٍ، عَنْ قَتَادَةَ، عَنْ أَنَسٍ، قَالَ: «كَانَ رَسُولُ اللَّهِ صَلَّى اللهُ عَلَيْهِ وَسَلَّمَ لَا يَرْفَعُ يَدَيْهِ فِي شَيْءٍ مِنَ الدُّعَاءِ إِلَّا فِي الِاسْتِسْقَاءِ، فَإِنَّهُ كَانَ يَرْفَعُ يَدَيْهِ حَتَّى يُرَى بَيَاضُ إِبْطَيْهِ»",
        "ar_diacless": "أخبرني شعيب بن يوسف، عن يحيى بن سعيد القطان، عن سعيد، عن قتادة، عن أنس، قال: «كان رسول الله صلى الله عليه وسلم لا يرفع يديه في شيء من الدعاء إلا في الاستسقاء، فإنه كان يرفع يديه حتى يرى بياض إبطيه»",
        "note": "",
        "grade_id": 2,
        "grade": "সহিহ হাদিস",
        "grade_color": "#46B891"
      },
      {
        "id": 36896,
        "book_id": 3,
        "book_name": "সুনানে আন-নাসায়ী",
        "chapter_id": 15,
        "section_id": 9,
        "hadith_key": "সুনানে আন-নাসায়ী: ১৫১৪",
        "hadith_id": 1514,
        "narrator": "আবিল লাহ্‌ম (রহঃ)",
        "bn": "তিনি রাসূলুল্লাহ্‌ (সাল্লাল্লাহু ‘আলাইহি ওয়া সাল্লাম)-কে “আহজারুয্‌যায়ত” নামক স্থানে ইস্তিস্কা করতে দেখেছিলেন। তখন তিনি হস্তদ্বয় উঠিয়ে দোয়া করেছিলেন।",
        "ar": "أَخْبَرَنَا قُتَيْبَةُ، قَالَ: حَدَّثَنَا اللَّيْثُ، عَنْ خَالِدِ بْنِ يَزِيدَ، عَنْ سَعِيدِ بْنِ أَبِي هِلَالٍ، عَنْ يَزِيدَ بْنِ عَبْدِ اللَّهِ، عَنْ عُمَيْرٍ، مَوْلَى آبِي اللَّحْمِ، عَنْ آبِي اللَّحْمِ، أَنَّهُ «رَأَى رَسُولَ اللَّهِ صَلَّى اللهُ عَلَيْهِ وَسَلَّمَ عِنْدَ أَحْجَارِ الزَّيْتِ يَسْتَسْقِي وَهُوَ مُقْنِعٌ بِكَفَّيْهِ يَدْعُو»",
        "ar_diacless": "أخبرنا قتيبة، قال: حدثنا الليث، عن خالد بن يزيد، عن سعيد بن أبي هلال، عن يزيد بن عبد الله، عن عمير، مولى آبي اللحم، عن آبي اللحم، أنه «رأى رسول الله صلى الله عليه وسلم عند أحجار الزيت يستسقي وهو مقنع بكفيه يدعو»",
        "note": "",
        "grade_id": 2,
        "grade": "সহিহ হাদিস",
        "grade_color": "#46B891"
      },
      {
        "id": 36897,
        "book_id": 3,
        "book_name": "সুনানে আন-নাসায়ী",
        "chapter_id": 15,
        "section_id": 9,
        "hadith_key": "সুনানে আন-নাসায়ী: ১৫১৫",
        "hadith_id": 1515,
        "narrator": "শরীক ইব্‌ন আব্দুল্লাহ (রহঃ)",
        "bn": "তিনি আনাস মালিক (রাঃ)-কে বলতে শুনেছেন যে, একদা আমরা জুম‘আর দিনে মসজিদে ছিলাম এবং রাসূলুল্লাহ্‌ (সাল্লাল্লাহু ‘আলাইহি ওয়া সাল্লাম) মানুষের সামনে খুতবা দিচ্ছিলেন, একজন লোক দাঁড়িয়ে বলল, ইয়া রাসূলুল্লাহ্‌! গরমের আধিক্য হেতু রাস্তা ঘাট বন্ধ হয়ে যাচ্ছে, গবাদি পশুগুলো অকর্মণ্য হয়ে যাচ্ছে এবং শহরে দ্রব্য মূল্যও বৃদ্ধি পাচ্ছে। অতএব আপনি আল্লাহর সমীপে দোয়া করুন যেন তিনি আমাদের উপর বৃষ্টি বর্ষণ করেন। তখন রাসূলুল্লাহ্‌ (সাল্লাল্লাহু ‘আলাইহি ওয়া সাল্লাম) তাঁর উভয় হাত মুখমনণ্ডল বরাবর উঠালেন এবং বললেন, ইয়া আল্লাহ, তুমি আমাদের উপর বৃষ্টি বর্ষণ কর। আল্লাহর শপথ! তিনি মিম্বর থেকে তখনও অবতরণ করেছিলেন না। ইত্যবসরে আমাদের বৃষ্টি দ্বারা পরিতৃপ্ত করে দেওয়া হলো এবং ঐ দিন থেকে পরবর্তী জুমু‘আ পর্যন্ত আমাদের উপর বৃষ্টি বর্ষিত হলো। তখন এক ব্যক্তি দাঁড়াল, আমি জানি না যে, সে ঐ ব্যক্তি যে রাসূলুল্লাহ্‌ (সাল্লাল্লাহু ‘আলাইহি ওয়া সাল্লাম)-কে বলেছিল “আমাদের উপর বৃষ্টি বর্ষণের জন্য দোয়া করুন” না অন্য ব্যক্তি সে বলল, ইয়া রাসূলুল্লাহ্‌! পানির আধিক্যের কারণে রাস্তাঘাট তো বন্ধ হয়ে যাচ্ছে এবং গবাদি পশুগুলোও অকর্মণ্য হয়ে যাচ্ছে। অতএব আপনি আল্লাহ্‌র সমীপে দোয়া করুন যেন আমাদের উপর লোক বৃষ্টি বন্ধ করে দেন। তখন রাসূলুল্লাহ্‌ (সাল্লাল্লাহু ‘আলাইহি ওয়া সাল্লাম) বললেন, ইয়া আল্লাহ! (তুমি বৃষ্টি) আমাদের আশে পাশে বর্ষণ কর, আমাদের উপর নয় বরং পাহাড়ের উপর এবং গাছের গোড়ায়। তারপর তিনি বললেন, আল্লাহর শপথ! রাসূলুল্লাহ্‌ (সাল্লাল্লাহু ‘আলাইহি ওয়া সাল্লাম) এই দোয়া করতেই মেঘমালা এমনভাবে ছিন্ন ভিন্ন হয়ে গেল যে, আমরা তার কিছুই দেখতে পেলাম না।",
        "ar": "أَخْبَرَنَا عِيسَى بْنُ حَمَّادٍ، قَالَ: حَدَّثَنَا اللَّيْثُ، عَنْ سَعِيدٍ وَهُوَ الْمَقْبُرِيُّ، عَنْ شَرِيكِ بْنِ عَبْدِ اللَّهِ بْنِ أَبِي نَمِرٍ، عَنْ أَنَسِ بْنِ مَالِكٍ، أَنَّهُ سَمِعَهُ يَقُولُ: بَيْنَا نَحْنُ فِي الْمَسْجِدِ يَوْمَ الْجُمُعَةِ، وَرَسُولُ اللَّهِ صَلَّى اللهُ عَلَيْهِ وَسَلَّمَ يَخْطُبُ النَّاسَ، فَقَامَ رَجُلٌ فَقَالَ: يَا رَسُولَ اللَّهِ، تَقَطَّعَتِ السُّبُلُ، وَهَلَكَتِ الْأَمْوَالُ، وَأَجْدَبَ الْبِلَادُ، فَادْعُ اللَّهَ أَنْ يَسْقِيَنَا، فَرَفَعَ رَسُولُ اللَّهِ صَلَّى اللهُ عَلَيْهِ وَسَلَّمَ يَدَيْهِ حِذَاءَ وَجْهِهِ، فَقَالَ: «اللَّهُمَّ اسْقِنَا»، فَوَاللَّهِ مَا نَزَلَ رَسُولُ اللَّهِ صَلَّى اللهُ عَلَيْهِ وَسَلَّمَ عَنِ الْمِنْبَرِ حَتَّى أُوسِعْنَا مَطَرًا، وَأُمْطِرْنَا ذَلِكَ الْيَوْمَ إِلَى الْجُمُعَةِ الْأُخْرَى، فَقَامَ رَجُلٌ لَا أَدْرِي هُوَ الَّذِي قَالَ لِرَسُولِ اللَّهِ صَلَّى اللهُ عَلَيْهِ وَسَلَّمَ اسْتَسْقِ لَنَا أَمْ لَا، فَقَالَ: يَا رَسُولَ اللَّهِ، انْقَطَعَتِ السُّبُلُ، وَهَلَكَتِ الْأَمْوَالُ مِنْ كَثْرَةِ الْمَاءِ، فَادْعُ اللَّهَ أَنْ يُمْسِكَ عَنَّا الْمَاءَ، فَقَالَ رَسُولُ اللَّهِ صَلَّى اللهُ عَلَيْهِ وَسَلَّمَ: «اللَّهُمَّ حَوَالَيْنَا وَلَا عَلَيْنَا، وَلَكِنْ عَلَى الْجِبَالِ وَمَنَابِتِ الشَّجَرِ»، قَالَ: وَاللَّهِ مَا هُوَ إِلَّا أَنْ تَكَلَّمَ رَسُولُ اللَّهِ صَلَّى اللهُ عَلَيْهِ وَسَلَّمَ بِذَلِكَ تَمَزَّقَ السَّحَابُ حَتَّى مَا نَرَى مِنْهُ شَيْئًا\n---\n[حكم الألباني] حسن صحيح",
        "ar_diacless": "أخبرنا عيسى بن حماد، قال: حدثنا الليث، عن سعيد وهو المقبري، عن شريك بن عبد الله بن أبي نمر، عن أنس بن مالك، أنه سمعه يقول: بينا نحن في المسجد يوم الجمعة، ورسول الله صلى الله عليه وسلم يخطب الناس، فقام رجل فقال: يا رسول الله، تقطعت السبل، وهلكت الأموال، وأجدب البلاد، فادع الله أن يسقينا، فرفع رسول الله صلى الله عليه وسلم يديه حذاء وجهه، فقال: «اللهم اسقنا»، فوالله ما نزل رسول الله صلى الله عليه وسلم عن المنبر حتى أوسعنا مطرا، وأمطرنا ذلك اليوم إلى الجمعة الأخرى، فقام رجل لا أدري هو الذي قال لرسول الله صلى الله عليه وسلم استسق لنا أم لا، فقال: يا رسول الله، انقطعت السبل، وهلكت الأموال من كثرة الماء، فادع الله أن يمسك عنا الماء، فقال رسول الله صلى الله عليه وسلم: «اللهم حوالينا ولا علينا، ولكن على الجبال ومنابت الشجر»، قال: والله ما هو إلا أن تكلم رسول الله صلى الله عليه وسلم بذلك تمزق السحاب حتى ما نرى منه شيئا\n---\n[حكم الألباني] حسن صحيح",
        "note": "",
        "grade_id": 12,
        "grade": "হাসান সহিহ",
        "grade_color": "#46B891"
      }
    ]
  },
  {
    "id": 13296,
    "book_id": 3,
    "book_name": "nasai",
    "chapter_id": 15,
    "section_id": 10,
    "title": "দোয়ার উল্লেখ",
    "preface": "",
    "number": "পরিচ্ছেদ",
    "sort_order": 10,
    "hadiths": [
      {
        "id": 36898,
        "book_id": 3,
        "book_name": "সুনানে আন-নাসায়ী",
        "chapter_id": 15,
        "section_id": 10,
        "hadith_key": "সুনানে আন-নাসায়ী: ১৫১৬",
        "hadith_id": 1516,
        "narrator": "আনাস ইব্‌ন মালিক (রহঃ)",
        "bn": "যে, নবী (সাল্লাল্লাহু ‘আলাইহি ওয়া সাল্লাম) বলেছেন, হে আল্লাহ্‌! তুমি আমাদের উপর বৃষ্টি বর্ষণ কর।",
        "ar": "أَخْبَرَنَا مُحَمَّدُ بْنُ بَشَّارٍ، قَالَ: حَدَّثَنِي أَبُو هِشَامٍ الْمُغِيرَةُ بْنُ سَلَمَةَ، قَالَ: حَدَّثَنِي وُهَيْبٌ، قَالَ: حَدَّثَنَا يَحْيَى بْنُ سَعِيدٍ، عَنْ أَنَسِ بْنِ مَالِكٍ، أَنَّ النَّبِيَّ صَلَّى اللهُ عَلَيْهِ وَسَلَّمَ قَالَ: «اللَّهُمَّ اسْقِنَا»",
        "ar_diacless": "أخبرنا محمد بن بشار، قال: حدثني أبو هشام المغيرة بن سلمة، قال: حدثني وهيب، قال: حدثنا يحيى بن سعيد، عن أنس بن مالك، أن النبي صلى الله عليه وسلم قال: «اللهم اسقنا»",
        "note": "",
        "grade_id": 2,
        "grade": "সহিহ হাদিস",
        "grade_color": "#46B891"
      },
      {
        "id": 36899,
        "book_id": 3,
        "book_name": "সুনানে আন-নাসায়ী",
        "chapter_id": 15,
        "section_id": 10,
        "hadith_key": "সুনানে আন-নাসায়ী: ১৫১৭",
        "hadith_id": 1517,
        "narrator": "আনাস ইব্‌ন মালিক (রাঃ)",
        "bn": "তিনি বলেন, নবী (সাল্লাল্লাহু ‘আলাইহি ওয়া সাল্লাম) জুম‘আর দিন খুৎবা দিচ্ছিলেন। এমন সময় কতক মানুষ দাঁড়িয়ে গেল, তারা চিৎকার করে বলতে লাগল, ইয়া নবীয়াল্লাহ (সাল্লাল্লাহু ‘আলাইহি ওয়া সাল্লাম)! বৃষ্টি বন্ধ হয়ে গেছে এবং চতুষ্পদ জন্তুগুলো অকর্মণ্য হয়ে যাচ্ছে, অতএব আপনি আল্লাহ্‌ তা‘আলার সমীপে দোয়া করুন যেন তিনি আমাদের উপর বৃষ্টি বর্ষণ করেন। তিনি বললেন, ইয়া আল্লাহ্‌! তুমি আমাদের উপর বৃষ্টি বর্ষণ কর। ইয়া আল্লাহ! তুমি আমাদের উপর বৃষ্টি বর্ষণ কর। আনাস (রাঃ) বলেন, আল্লাহর শপথ! আমরা আকাশে মেঘের কোন চিহ্নও দেখছিলাম না। তিনি বলেন, ইত্যবসরে মেঘ সৃষ্টি হলো, তারপর তা বিক্ষিপ্ত হয়ে গেল, পরে তা (আমাদের উপর) বর্ষিত হল। তারপর রাসূলুল্লাহ্‌ (সাল্লাল্লাহু ‘আলাইহি ওয়া সাল্লাম) নীচে নেমে আসলেন এবং সালাত আদায় করলেন। আর মানুষেরা সালাত শেষ করে ফিরে গেল। তারপর পরবর্তী জুমু‘আ পর্যন্ত অনবরত বৃষ্টি বর্ষিত হতে লাগল। যখন রাসূলুল্লাহ্‌ (সাল্লাল্লাহু ‘আলাইহি ওয়া সাল্লাম) খুৎবা দেওয়ার জন্য দাঁড়ালেন, মানুষ চিৎকার করে বলতে লাগল, ইয়া নবীয়াল্লাহ (সাল্লাল্লাহু ‘আলাইহি ওয়া সাল্লাম)! (পানির আধিক্য হেতু) বাড়ী ঘরতো ধীরে ধীরে ধ্বংস হয়ে যাচ্ছে, রাস্তাঘাট বন্ধ হয়ে যাচ্ছে। অতএব আপনি আল্লাহ্‌র সমীপে দোয়া করুন যেন তিনি আমাদের থেকে বৃষ্টি বন্ধ করে দেন। তখন রাসূলুল্লাহ্‌ (সাল্লাল্লাহু ‘আলাইহি ওয়া সাল্লাম) মুচকী হেসে বললেন, হে আল্লাহ! তুমি আমাদের আশে পাশে বৃষ্টি বর্ষণ কর; আমাদের উপরে নয়। তখন মদীনা থেকে মেঘমালা বিক্ষিপ্ত হয়ে গেল, আর মদীনার আশে পাশে বৃষ্টি হচ্ছিল কিন্তু মদীনায় এক ফোঁটাও বৃষ্টি হচ্ছিল না। তখন আমি মদীনার দিকে তাকিয়ে দেখলাম যে, মদীনা মেঘমালার চক্র বু্হ্যের মাঝখানে অবস্থিত।",
        "ar": "أَخْبَرَنَا مُحَمَّدُ بْنُ عَبْدِ الْأَعْلَى، قَالَ: حَدَّثَنَا الْمُعْتَمِرُ، قَالَ: سَمِعْتُ عُبَيْدَ اللَّهِ بْنَ عُمَرَ وَهُوَ الْعُمَرِيُّ، عَنْ ثَابِتٍ، عَنْ أَنَسٍ، قَالَ: كَانَ النَّبِيُّ صَلَّى اللهُ عَلَيْهِ وَسَلَّمَ يَخْطُبُ يَوْمَ الْجُمُعَةِ، فَقَامَ إِلَيْهِ النَّاسُ فَصَاحُوا، فَقَالُوا: يَا نَبِيَّ اللَّهِ، قَحَطَتِ الْمَطَرُ، وَهَلَكَتِ الْبَهَائِمُ، فَادْعُ اللَّهَ أَنْ يَسْقِيَنَا، قَالَ: «اللَّهُمَّ اسْقِنَا، اللَّهُمَّ اسْقِنَا» قَالَ: وَايْمُ اللَّهِ، مَا نَرَى فِي السَّمَاءِ قَزَعَةً مِنْ سَحَابٍ قَالَ: فَأَنْشَأَتْ سَحَابَةٌ فَانْتَشَرَتْ، ثُمَّ إِنَّهَا أُمْطِرَتْ، وَنَزَلَ رَسُولُ اللَّهِ صَلَّى اللهُ عَلَيْهِ وَسَلَّمَ فَصَلَّى، وَانْصَرَفَ النَّاسُ فَلَمْ تَزَلْ تَمْطُرُ إِلَى يَوْمِ الْجُمُعَةِ الْأُخْرَى، فَلَمَّا قَامَ رَسُولُ اللَّهِ صَلَّى اللهُ عَلَيْهِ وَسَلَّمَ يَخْطُبُ صَاحُوا إِلَيْهِ، فَقَالُوا: يَا نَبِيَّ اللَّهِ، تَهَدَّمَتِ الْبُيُوتُ، وَتَقَطَّعَتِ السُّبُلُ، فَادْعُ اللَّهَ أَنْ يَحْبِسَهَا عَنَّا، فَتَبَسَّمَ رَسُولُ اللَّهِ صَلَّى اللهُ عَلَيْهِ وَسَلَّمَ وَقَالَ: «اللَّهُمَّ حَوَالَيْنَا وَلَا عَلَيْنَا» فَتَقَشَّعَتْ عَنِ الْمَدِينَةِ، فَجَعَلَتْ تَمْطُرُ حَوْلَهَا وَمَا تَمْطُرُ بِالْمَدِينَةِ قَطْرَةً، فَنَظَرْتُ إِلَى الْمَدِينَةِ وَإِنَّهَا لَفِي مِثْلِ الْإِكْلِيلِ",
        "ar_diacless": "أخبرنا محمد بن عبد الأعلى، قال: حدثنا المعتمر، قال: سمعت عبيد الله بن عمر وهو العمري، عن ثابت، عن أنس، قال: كان النبي صلى الله عليه وسلم يخطب يوم الجمعة، فقام إليه الناس فصاحوا، فقالوا: يا نبي الله، قحطت المطر، وهلكت البهائم، فادع الله أن يسقينا، قال: «اللهم اسقنا، اللهم اسقنا» قال: وايم الله، ما نرى في السماء قزعة من سحاب قال: فأنشأت سحابة فانتشرت، ثم إنها أمطرت، ونزل رسول الله صلى الله عليه وسلم فصلى، وانصرف الناس فلم تزل تمطر إلى يوم الجمعة الأخرى، فلما قام رسول الله صلى الله عليه وسلم يخطب صاحوا إليه، فقالوا: يا نبي الله، تهدمت البيوت، وتقطعت السبل، فادع الله أن يحبسها عنا، فتبسم رسول الله صلى الله عليه وسلم وقال: «اللهم حوالينا ولا علينا» فتقشعت عن المدينة، فجعلت تمطر حولها وما تمطر بالمدينة قطرة، فنظرت إلى المدينة وإنها لفي مثل الإكليل",
        "note": "",
        "grade_id": 2,
        "grade": "সহিহ হাদিস",
        "grade_color": "#46B891"
      },
      {
        "id": 36900,
        "book_id": 3,
        "book_name": "সুনানে আন-নাসায়ী",
        "chapter_id": 15,
        "section_id": 10,
        "hadith_key": "সুনানে আন-নাসায়ী: ১৫১৮",
        "hadith_id": 1518,
        "narrator": "আনাস ইব্‌ন মালিক (রাঃ)",
        "bn": "এক ব্যক্তি মসজিদে প্রবেশ করল, তখন রাসূলুল্লাহ্‌ (সাল্লাল্লাহু ‘আলাইহি ওয়া সাল্লাম) দাঁড়ানো অবস্থায় খুতবা দিচ্ছিলেন, সে রাসূলুল্লাহ্‌ (সাল্লাল্লাহু ‘আলাইহি ওয়া সাল্লাম)-এর দিকে মুখ করে দাঁড়িয়ে বলল, ইয়া রাসূলুল্লাহ্‌! (ঘাস বিচালির সংকট হেতু) চতুষ্পদ জন্তুগুলো অকর্মণ্য হয়ে যাচ্ছে, (গরমের আধিক্য হেতু) রাস্তাঘাটও বন্ধ হয়ে যাচ্ছে। অতএব আল্লাহ তা‘আলার সমীপে দোয়া করুন, তিনি যেন আমাদের উপর বৃষ্টি বর্ষণ করেন। তখন রাসূলুল্লাহ্‌ (সাল্লাল্লাহু ‘আলাইহি ওয়া সাল্লাম) তাঁর হস্তদ্বয় উঠালেন এবং বললেন, ইয়া আল্লাহ্‌! তুমি আমাদের উপর বৃষ্টি বর্ষণ কর, ইয়া আল্লাহ! তুমি আমাদের উপর বৃষ্টি বর্ষণ কর। আনাস (রাঃ) বলেন, আমরা তখন আকাশে কোন মেঘ বা মেঘের টুকরা দেখছিলাম না, আর আমাদের “সালআ” পাহাড়ের মধ্যবর্তী স্থানে কোন ঘর-বাড়ীও ছিল না। হঠাৎ থালের ন্যায় একখণ্ড মেঘ প্রকাশ পেল, যখন তা মধ্যাকাশে পৌছল, বিস্তৃত হয়ে গেল এবং তা বৃষ্টির আকারে বর্ষিত হতে লাগল। আনাস (রাঃ) বলেন, আল্লাহ্‌র শপথ! আমরা এক সপ্তাহ অবধি সূর্য দেখেছিলাম না। তিনি বলেন, তারপর পরবর্তী জুমু‘আয় ঐ দরজা দিয়ে অন্য এক ব্যক্তি প্রবেশ করল, তখন রাসূলুল্লাহ্‌ (সাল্লাল্লাহু ‘আলাইহি ওয়া সাল্লাম) দাঁড়ানো অবস্থায় খুতবা দিচ্ছিলেন। সে রাসূলুল্লাহ্‌ (সাল্লাল্লাহু ‘আলাইহি ওয়া সাল্লাম)-এর সামনে তাঁর দাঁড়ানো অবস্থায় আসলো এবং বলল, ইয়া রাসূলুল্লাহ্‌! বৃষ্টির আধিক্য হেতু চতুষ্পদ জন্তুগুলো অকর্মণ্য হয়ে যাচ্ছে এবং রাস্তাঘাটও বন্ধ হয়ে যাচ্ছে, অতএব আল্লাহ্‌ তা‘আলার সমীপে দোয়া করুন যেন তিনি আমাদের উপর থেকে বৃষ্টি বন্ধ করে দেন, তখন রাসূলুল্লাহ্‌ (সাল্লাল্লাহু ‘আলাইহি ওয়া সাল্লাম) তাঁর হস্তদ্বয় উঠালেন এবং বললেন, ইয়া আল্লাহ্‌! তুমি আমাদের আশে পাশে বৃষ্টি বর্ষণ কর, আমাদের উপর নয়। ইয়া আল্লাহ! পাহাড় এবং টিলার চূড়ায় চূড়ায় উপত্যকার মাঝে মাঝে এবং গাছপালার গোড়ায় গোড়ায় (বর্ষণ কর)। আনাস (রাঃ) বলেন, তারপর বৃষ্টি বন্ধ হয়ে গেল, আর আমরা সূর্যের আলোতে হেঁটে হেঁটে বের হলাম। রাবী শরীফ (রহঃ) বলেন, আমি আনাস (রাঃ)-কে প্রশ্ন করলাম সে ব্যক্তি কি পূর্বের ব্যক্তি ছিল? তিনি বললেন, না।",
        "ar": "أَخْبَرَنَا عَلِيُّ بْنُ حُجْرٍ، قَالَ: حَدَّثَنَا إِسْمَعِيلُ بْنُ جَعْفَرٍ، قَالَ: حَدَّثَنَا شَرِيكُ بْنُ عَبْدِ اللَّهِ، عَنْ أَنَسِ بْنِ مَالِكٍ، أَنَّ رَجُلًا دَخَلَ الْمَسْجِدَ وَرَسُولُ اللَّهِ صَلَّى اللهُ عَلَيْهِ وَسَلَّمَ قَائِمٌ يَخْطُبُ، فَاسْتَقْبَلَ رَسُولَ اللَّهِ صَلَّى اللهُ عَلَيْهِ وَسَلَّمَ قَائِمًا وَقَالَ: يَا رَسُولَ اللَّهِ، هَلَكَتِ الْأَمْوَالُ، وَانْقَطَعَتِ السُّبُلُ، فَادْعُ اللَّهَ أَنْ يُغِيثَنَا، فَرَفَعَ رَسُولُ اللَّهِ صَلَّى اللهُ عَلَيْهِ وَسَلَّمَ يَدَيْهِ ثُمَّ قَالَ: «اللَّهُمَّ أَغِثْنَا، اللَّهُمَّ أَغِثْنَا»، قَالَ أَنَسٌ: وَلَا وَاللَّهِ مَا نَرَى فِي السَّمَاءِ مِنْ سَحَابَةٍ وَلَا قَزَعَةٍ وَمَا بَيْنَنَا وَبَيْنَ سَلْعٍ مِنْ بَيْتٍ وَلَا دَارٍ، فَطَلَعَتْ سَحَابَةٌ مِثْلُ التُّرْسِ، فَلَمَّا تَوَسَّطَتِ السَّمَاءَ انْتَشَرَتْ وَأَمْطَرَتْ، قَالَ أَنَسٌ: وَلَا وَاللَّهِ مَا رَأَيْنَا الشَّمْسَ سَبْتًا، قَالَ: ثُمَّ دَخَلَ رَجُلٌ مِنْ ذَلِكَ الْبَابِ فِي الْجُمُعَةِ الْمُقْبِلَةِ وَرَسُولُ اللَّهِ صَلَّى اللهُ عَلَيْهِ وَسَلَّمَ قَائِمٌ يَخْطُبُ، فَاسْتَقْبَلَهُ قَائِمًا فَقَالَ: يَا رَسُولَ اللَّهِ صَلَّى اللَّهُ وَسَلَّمَ عَلَيْكَ، هَلَكَتِ الْأَمْوَالُ، وَانْقَطَعَتِ السُّبُلُ، فَادْعُ اللَّهَ أَنْ يُمْسِكَهَا عَنَّا، فَرَفَعَ رَسُولُ اللَّهِ صَلَّى اللهُ عَلَيْهِ وَسَلَّمَ يَدَيْهِ، فَقَالَ: «اللَّهُمَّ حَوَالَيْنَا وَلَا عَلَيْنَا، اللَّهُمَّ عَلَى الْآكَامِ وَالظِّرَابِ، وَبُطُونِ الْأَوْدِيَةِ، وَمَنَابِتِ الشَّجَرِ»، قَالَ: فَأَقْلَعَتْ، وَخَرَجْنَا نَمْشِي فِي الشَّمْسِ قَالَ شَرِيكٌ: سَأَلْتُ أَنَسًا: أَهُوَ الرَّجُلُ الْأَوَّلُ؟ قَالَ: لَا\n---\n[حكم الألباني] حسن صحيح",
        "ar_diacless": "أخبرنا علي بن حجر، قال: حدثنا إسمعيل بن جعفر، قال: حدثنا شريك بن عبد الله، عن أنس بن مالك، أن رجلا دخل المسجد ورسول الله صلى الله عليه وسلم قائم يخطب، فاستقبل رسول الله صلى الله عليه وسلم قائما وقال: يا رسول الله، هلكت الأموال، وانقطعت السبل، فادع الله أن يغيثنا، فرفع رسول الله صلى الله عليه وسلم يديه ثم قال: «اللهم أغثنا، اللهم أغثنا»، قال أنس: ولا والله ما نرى في السماء من سحابة ولا قزعة وما بيننا وبين سلع من بيت ولا دار، فطلعت سحابة مثل الترس، فلما توسطت السماء انتشرت وأمطرت، قال أنس: ولا والله ما رأينا الشمس سبتا، قال: ثم دخل رجل من ذلك الباب في الجمعة المقبلة ورسول الله صلى الله عليه وسلم قائم يخطب، فاستقبله قائما فقال: يا رسول الله صلى الله وسلم عليك، هلكت الأموال، وانقطعت السبل، فادع الله أن يمسكها عنا، فرفع رسول الله صلى الله عليه وسلم يديه، فقال: «اللهم حوالينا ولا علينا، اللهم على الآكام والظراب، وبطون الأودية، ومنابت الشجر»، قال: فأقلعت، وخرجنا نمشي في الشمس قال شريك: سألت أنسا: أهو الرجل الأول؟ قال: لا\n---\n[حكم الألباني] حسن صحيح",
        "note": "",
        "grade_id": 12,
        "grade": "হাসান সহিহ",
        "grade_color": "#46B891"
      }
    ]
  },
  {
    "id": 13297,
    "book_id": 3,
    "book_name": "nasai",
    "chapter_id": 15,
    "section_id": 11,
    "title": "দোয়ার পরে সালাত আদায় করা",
    "preface": "",
    "number": "পরিচ্ছেদ",
    "sort_order": 11,
    "hadiths": [
      {
        "id": 36901,
        "book_id": 3,
        "book_name": "সুনানে আন-নাসায়ী",
        "chapter_id": 15,
        "section_id": 11,
        "hadith_key": "সুনানে আন-নাসায়ী: ১৫১৯",
        "hadith_id": 1519,
        "narrator": "আব্বাদ ইব্‌ন তামীম (রহঃ)",
        "bn": "তিনি তাঁর চাচাকে যিনি রাসূলুল্লাহ্‌ (সাল্লাল্লাহু ‘আলাইহি ওয়া সাল্লাম)-এর সাহাবীদের অন্তর্ভূক্ত ছিলেন, তাঁকে বলতে শুনেছেন যে, রাসূলুল্লাহ্‌ (সাল্লাল্লাহু ‘আলাইহি ওয়া সাল্লাম) একদা ইস্তিস্কার জন্য বের হলেন। তিনি মানুষের দিকে তাঁর পিঠ ফিরিয়ে আল্লাহর সমীপে দোয়া করতে লাগলেন আর তিনি কিবলামুখী হয়ে চাদর উল্টিয়ে দিলেন, তারপর দু’রাকআত সালাত আদায় করলেন। ইব্‌ন আবূ যি’ব (রহঃ) হাদীস সম্পর্কে বলেন, আর ঐ দু’রাকাআতে কিরাআত পড়েছিলেন।",
        "ar": "قَالَ الْحَارِثُ بْنُ مِسْكِينٍ: قِرَاءَةً عَلَيْهِ وَأَنَا أَسْمَعُ، عَنْ ابْنِ وَهْبٍ، عَنْ ابْنِ أَبِي ذِئْبٍ، وَيُونُسَ، عَنْ ابْنِ شِهَابٍ، قَالَ: أَخْبَرَنِي عَبَّادُ بْنُ تَمِيمٍ، أَنَّهُ سَمِعَ عَمَّهُ، وَكَانَ مِنْ أَصْحَابِ رَسُولِ اللَّهِ صَلَّى اللهُ عَلَيْهِ وَسَلَّمَ، يَقُولُ: «خَرَجَ رَسُولُ اللَّهِ صَلَّى اللهُ عَلَيْهِ وَسَلَّمَ يَوْمًا يَسْتَسْقِي، فَحَوَّلَ إِلَى النَّاسِ ظَهْرَهُ، يَدْعُو اللَّهَ وَيَسْتَقْبِلُ الْقِبْلَةَ، وَحَوَّلَ رِدَاءَهُ، ثُمَّ صَلَّى رَكْعَتَيْنِ» قَالَ ابْنُ أَبِي ذِئْبٍ فِي الْحَدِيثِ: وَقَرَأَ فِيهِمَا",
        "ar_diacless": "قال الحارث بن مسكين: قراءة عليه وأنا أسمع، عن ابن وهب، عن ابن أبي ذئب، ويونس، عن ابن شهاب، قال: أخبرني عباد بن تميم، أنه سمع عمه، وكان من أصحاب رسول الله صلى الله عليه وسلم، يقول: «خرج رسول الله صلى الله عليه وسلم يوما يستسقي، فحول إلى الناس ظهره، يدعو الله ويستقبل القبلة، وحول رداءه، ثم صلى ركعتين» قال ابن أبي ذئب في الحديث: وقرأ فيهما",
        "note": "",
        "grade_id": 2,
        "grade": "সহিহ হাদিস",
        "grade_color": "#46B891"
      }
    ]
  },
  {
    "id": 13298,
    "book_id": 3,
    "book_name": "nasai",
    "chapter_id": 15,
    "section_id": 12,
    "title": "ইস্তিস্কার সালাত কত রাকআত?",
    "preface": "",
    "number": "পরিচ্ছেদ",
    "sort_order": 12,
    "hadiths": [
      {
        "id": 36902,
        "book_id": 3,
        "book_name": "সুনানে আন-নাসায়ী",
        "chapter_id": 15,
        "section_id": 12,
        "hadith_key": "সুনানে আন-নাসায়ী: ১৫২০",
        "hadith_id": 1520,
        "narrator": "আব্দুল্লাহ ইব্‌ন যায়দ (রাঃ)",
        "bn": "নবী (সাল্লাল্লাহু ‘আলাইহি ওয়া সাল্লাম) ইস্তিস্কার উদ্দেশ্যে বের হয়ে কিবলামুখী হয়ে দু’রাকআত সালাত আদায় করলেন।",
        "ar": "أَخْبَرَنَا عَمْرُو بْنُ عَلِيٍّ، قَالَ: حَدَّثَنَا يَحْيَى بْنُ سَعِيدٍ، عَنْ يَحْيَى، عَنْ أَبِي بَكْرِ بْنِ مُحَمَّدٍ، عَنْ عَبَّادِ بْنِ تَمِيمٍ، عَنْ عَبْدِ اللَّهِ بْنِ زَيْدٍ، «أَنَّ النَّبِيَّ صَلَّى اللهُ عَلَيْهِ وَسَلَّمَ خَرَجَ يَسْتَسْقِي، فَصَلَّى رَكْعَتَيْنِ، وَاسْتَقْبَلَ الْقِبْلَةَ»",
        "ar_diacless": "أخبرنا عمرو بن علي، قال: حدثنا يحيى بن سعيد، عن يحيى، عن أبي بكر بن محمد، عن عباد بن تميم، عن عبد الله بن زيد، «أن النبي صلى الله عليه وسلم خرج يستسقي، فصلى ركعتين، واستقبل القبلة»",
        "note": "",
        "grade_id": 2,
        "grade": "সহিহ হাদিস",
        "grade_color": "#46B891"
      }
    ]
  },
  {
    "id": 13299,
    "book_id": 3,
    "book_name": "nasai",
    "chapter_id": 15,
    "section_id": 13,
    "title": "ইস্তিস্কার সালাত কিরূপ?",
    "preface": "",
    "number": "পরিচ্ছেদ",
    "sort_order": 13,
    "hadiths": [
      {
        "id": 36903,
        "book_id": 3,
        "book_name": "সুনানে আন-নাসায়ী",
        "chapter_id": 15,
        "section_id": 13,
        "hadith_key": "সুনানে আন-নাসায়ী: ১৫২১",
        "hadith_id": 1521,
        "narrator": "ইসহাক ইব্‌ন আব্দুল্লাহ্‌ (রাঃ)",
        "bn": "তিনি বলেন, আমীরদের মধ্যে কেউ আমাকে (একবার) ইব্‌ন আব্বাস (রাঃ)-এর কাছে পাঠালেন, আমি যেন তাঁকে ইস্তিস্কা সম্পর্কে জিজ্ঞাসা করি। তখন ইব্‌ন আব্বাস (রাঃ) বললেন, আমার কাছে সরাসরি জিজ্ঞাস করতে ঐ আমীরকে কে বারণ করেছে? (তারপর বললেন) একবার রাসূলুল্লাহ্‌ (সাল্লাল্লাহু ‘আলাইহি ওয়া সাল্লাম) বিনীতভাবে ছিন্ন বস্ত্রে মিনতি সহকারে বের হলেন এবং দু’রাকআত সালাত আদায় করলেন যেমনভাবে তিনি উভয় ঈদে আদায় করতেন। কিন্তু তিনি তোমাদের ঈদের খুতবায় ন্যায় খুতবা দেননি।",
        "ar": "أَخْبَرَنَا مَحْمُودُ بْنُ غَيْلَانَ، قَالَ: حَدَّثَنَا وَكِيعٌ، قَالَ: حَدَّثَنَا سُفْيَانُ، عَنْ هِشَامِ بْنِ إِسْحَقَ بْنِ عَبْدِ اللَّهِ بْنِ كِنَانَةَ، عَنْ أَبِيهِ، قَالَ: أَرْسَلَنِي أَمِيرٌ مِنَ الْأُمَرَاءِ إِلَى ابْنِ عَبَّاسٍ أَسْأَلُهُ عَنِ الِاسْتِسْقَاءِ، فَقَالَ ابْنُ عَبَّاسٍ: مَا مَنَعَهُ أَنْ يَسْأَلَنِي؟ «خَرَجَ رَسُولُ اللَّهِ صَلَّى اللهُ عَلَيْهِ وَسَلَّمَ مُتَوَاضِعًا مُتَبَذِّلًا، مُتَخَشِّعًا، مُتَضَرِّعًا، فَصَلَّى رَكْعَتَيْنِ كَمَا يُصَلِّي فِي الْعِيدَيْنِ، وَلَمْ يَخْطُبْ خُطْبَتَكُمْ هَذِهِ»",
        "ar_diacless": "أخبرنا محمود بن غيلان، قال: حدثنا وكيع، قال: حدثنا سفيان، عن هشام بن إسحق بن عبد الله بن كنانة، عن أبيه، قال: أرسلني أمير من الأمراء إلى ابن عباس أسأله عن الاستسقاء، فقال ابن عباس: ما منعه أن يسألني؟ «خرج رسول الله صلى الله عليه وسلم متواضعا متبذلا، متخشعا، متضرعا، فصلى ركعتين كما يصلي في العيدين، ولم يخطب خطبتكم هذه»",
        "note": "",
        "grade_id": 3,
        "grade": "হাসান হাদিস",
        "grade_color": "#46B891"
      }
    ]
  },
  {
    "id": 13300,
    "book_id": 3,
    "book_name": "nasai",
    "chapter_id": 15,
    "section_id": 14,
    "title": "ইস্তিস্কার সালাতে উচ্চস্বরে কুরআন পাঠ করা",
    "preface": "",
    "number": "পরিচ্ছেদ",
    "sort_order": 14,
    "hadiths": [
      {
        "id": 36904,
        "book_id": 3,
        "book_name": "সুনানে আন-নাসায়ী",
        "chapter_id": 15,
        "section_id": 14,
        "hadith_key": "সুনানে আন-নাসায়ী: ১৫২২",
        "hadith_id": 1522,
        "narrator": "আব্বাদ ইব্‌ন তামীমের চাচা (রাঃ)",
        "bn": "রাসূলুল্লাহ্‌ (সাল্লাল্লাহু ‘আলাইহি ওয়া সাল্লাম) (একদিন) বের হলেন এবং ইস্তিস্কার দু’রাকআত সালাত আদায় করলেন তাতে উচ্চস্বরে কুরআন পাঠ করলেন।",
        "ar": "أَخْبَرَنَا مُحَمَّدُ بْنُ رَافِعٍ، قَالَ: حَدَّثَنَا يَحْيَى بْنُ آدَمَ، قَالَ: حَدَّثَنَا سُفْيَانُ، عَنْ ابْنِ أَبِي ذِئْبٍ، عَنْ الزُّهْرِيِّ، عَنْ عَبَّادِ بْنِ تَمِيمٍ، عَنْ عَمِّهِ، «أَنَّ النَّبِيَّ صَلَّى اللهُ عَلَيْهِ وَسَلَّمَ خَرَجَ فَاسْتَسْقَى، فَصَلَّى رَكْعَتَيْنِ جَهَرَ فِيهِمَا بِالْقِرَاءَةِ»",
        "ar_diacless": "أخبرنا محمد بن رافع، قال: حدثنا يحيى بن آدم، قال: حدثنا سفيان، عن ابن أبي ذئب، عن الزهري، عن عباد بن تميم، عن عمه، «أن النبي صلى الله عليه وسلم خرج فاستسقى، فصلى ركعتين جهر فيهما بالقراءة»",
        "note": "",
        "grade_id": 2,
        "grade": "সহিহ হাদিস",
        "grade_color": "#46B891"
      }
    ]
  },
  {
    "id": 13301,
    "book_id": 3,
    "book_name": "nasai",
    "chapter_id": 15,
    "section_id": 15,
    "title": "বৃষ্টির সময় কথা বলা",
    "preface": "",
    "number": "পরিচ্ছেদ",
    "sort_order": 15,
    "hadiths": [
      {
        "id": 36905,
        "book_id": 3,
        "book_name": "সুনানে আন-নাসায়ী",
        "chapter_id": 15,
        "section_id": 15,
        "hadith_key": "সুনানে আন-নাসায়ী: ১৫২৩",
        "hadith_id": 1523,
        "narrator": "আয়েশা (রাঃ)",
        "bn": "রাসূলুল্লাহ্‌ (সাল্লাল্লাহু ‘আলাইহি ওয়া সাল্লাম) যখন বৃষ্টি হত তখন বলতেন, হে আল্লাহ! তুমি এ বৃষ্টিকে প্রবাহমান এবং উপকারী করে দাও।",
        "ar": "أَخْبَرَنَا مُحَمَّدُ بْنُ مَنْصُورٍ، قَالَ: حَدَّثَنَا سُفْيَانُ، عَنْ مِسْعَرٍ، عَنْ الْمِقْدَامِ بْنِ شُرَيْحٍ، عَنْ أَبِيهِ، عَنْ عَائِشَةَ، أَنَّ رَسُولَ اللَّهِ صَلَّى اللهُ عَلَيْهِ وَسَلَّمَ كَانَ إِذَا أُمْطِرَ، قَالَ: «اللَّهُمَّ اجْعَلْهُ صَيِّبًا نَافِعًا»",
        "ar_diacless": "أخبرنا محمد بن منصور، قال: حدثنا سفيان، عن مسعر، عن المقدام بن شريح، عن أبيه، عن عائشة، أن رسول الله صلى الله عليه وسلم كان إذا أمطر، قال: «اللهم اجعله صيبا نافعا»",
        "note": "",
        "grade_id": 2,
        "grade": "সহিহ হাদিস",
        "grade_color": "#46B891"
      }
    ]
  },
  {
    "id": 13302,
    "book_id": 3,
    "book_name": "nasai",
    "chapter_id": 15,
    "section_id": 16,
    "title": "তারকার সাহায্যে বৃষ্টি কামনার অপছন্দনীয়তা",
    "preface": "",
    "number": "পরিচ্ছেদ",
    "sort_order": 16,
    "hadiths": [
      {
        "id": 36906,
        "book_id": 3,
        "book_name": "সুনানে আন-নাসায়ী",
        "chapter_id": 15,
        "section_id": 16,
        "hadith_key": "সুনানে আন-নাসায়ী: ১৫২৪",
        "hadith_id": 1524,
        "narrator": "আবূ হুরায়রা (রাঃ)",
        "bn": "তিনি বলেন, রাসূলুল্লাহ্ (সাল্লাল্লাহু ‘আলাইহি ওয়া সাল্লাম) বলেছেন, আল্লাহ্ তাআলা বলেছেন, আমি আমার বান্দাদের যে কোন নেয়ামত দান করি না কেন তাদের একদল ঐ নেয়ামতের অস্বীকারকারী হয়ে যায়। তারা বলে নক্ষত্র আমাদের উপর বৃষ্টি বর্ষণ করেছে। নক্ষত্রের প্রভাবে আমাদের উপর বৃষ্টি বর্ষিত হয়েছে।",
        "ar": "أَخْبَرَنَا عَمْرُو بْنُ سَوَّادِ بْنِ الْأَسْوَدِ بْنِ عَمْرٍو، قَالَ: أَنْبَأَنَا ابْنُ وَهْبٍ، قَالَ: أَخْبَرَنِي يُونُسُ، عَنْ ابْنِ شِهَابٍ، قَالَ: أَخْبَرَنِي عُبَيْدُ اللَّهِ بْنُ عَبْدِ اللَّهِ بْنِ عُتْبَةَ، عَنْ أَبِي هُرَيْرَةَ، قَالَ: قَالَ رَسُولُ اللَّهِ صَلَّى اللهُ عَلَيْهِ وَسَلَّمَ \" قَالَ اللَّهُ عَزَّ وَجَلَّ: مَا أَنْعَمْتُ عَلَى عِبَادِي مِنْ نِعْمَةٍ إِلَّا أَصْبَحَ فَرِيقٌ مِنْهُمْ بِهَا كَافِرِينَ، يَقُولُونَ الْكَوْكَبُ وَبِالْكَوْكَبِ \"",
        "ar_diacless": "أخبرنا عمرو بن سواد بن الأسود بن عمرو، قال: أنبأنا ابن وهب، قال: أخبرني يونس، عن ابن شهاب، قال: أخبرني عبيد الله بن عبد الله بن عتبة، عن أبي هريرة، قال: قال رسول الله صلى الله عليه وسلم \" قال الله عز وجل: ما أنعمت على عبادي من نعمة إلا أصبح فريق منهم بها كافرين، يقولون الكوكب وبالكوكب \"",
        "note": "",
        "grade_id": 2,
        "grade": "সহিহ হাদিস",
        "grade_color": "#46B891"
      },
      {
        "id": 36908,
        "book_id": 3,
        "book_name": "সুনানে আন-নাসায়ী",
        "chapter_id": 15,
        "section_id": 16,
        "hadith_key": "সুনানে আন-নাসায়ী: ১৫২৫",
        "hadith_id": 1525,
        "narrator": "যায়দ ইব্‌ন খালিদ জুহানী (রাঃ)",
        "bn": "তিনি বলেন,একবার রাসূলল্লাহ্ (সাল্লাল্লাহু ‘আলাইহি ওয়া সাল্লাম) –এর যুগে মানুষদের উপর বৃষ্টি বর্ষিত হল।  তখন তিনি বললেন, তোমরা কি শুনতে পাওনি, তোমাদের  রব গত রাত্রে কি বলেছিলেন? তিনি বলেছিলেন, আমি আমার বান্দাদের কোন নেয়ামত দান করলে তাদের একদল ঐ নেয়ামতের অস্বীকারকারী হয়ে যায়। তারা বলে অমুক অমুক নক্ষত্রের প্রভাবে আমাদের উপর বৃষ্টি বর্ষিত হয়েছে।  অতএব, যারা আমার উপর ঈমান এনেছ এবং আমার বৃষ্টি দেয়ার কারণে আমার প্রশংসা করল,প্রকৃতপক্ষে তারাই আমার উপর ঈমান এনেছে। আর নক্ষত্রের প্রভাবকে অস্বীকার করেছে। আর যারা বলে, অমুক অমুক নক্ষত্রের প্রভাবে আমাদের উপর বৃষ্টি বর্ষিত হয়েছে, তারাই আমাকে অস্বীকার করেছে এবং নক্ষত্রের প্রভাবের উপর বিশ্বাস স্থাপন করেছে।",
        "ar": "أَخْبَرَنَا قُتَيْبَةُ، قَالَ: حَدَّثَنَا سُفْيَانُ، عَنْ صَالِحِ بْنِ كَيْسَانَ، عَنْ عُبَيْدِ اللَّهِ بْنِ عَبْدِ اللَّهِ، عَنْ زَيْدِ بْنِ خَالِدٍ الْجُهَنِيِّ، قَالَ: مُطِرَ النَّاسُ عَلَى عَهْدِ النَّبِيِّ صَلَّى اللهُ عَلَيْهِ وَسَلَّمَ فَقَالَ: \" أَلَمْ تَسْمَعُوا مَاذَا قَالَ رَبُّكُمُ اللَّيْلَةَ؟ قَالَ: مَا أَنْعَمْتُ عَلَى عِبَادِي مِنْ نِعْمَةٍ إِلَّا أَصْبَحَ طَائِفَةٌ مِنْهُمْ بِهَا كَافِرِينَ، يَقُولُونَ: مُطِرْنَا بِنَوْءِ كَذَا وَكَذَا، فَأَمَّا مَنْ آمَنَ بِي وَحَمِدَنِي عَلَى سُقْيَايَ فَذَاكَ الَّذِي آمَنَ بِي وَكَفَرَ بِالْكَوْكَبِ، وَمَنْ قَالَ: مُطِرْنَا بِنَوْءِ كَذَا وَكَذَا فَذَاكَ الَّذِي كَفَرَ بِي وَآمَنَ بِالْكَوْكَبِ \"",
        "ar_diacless": "أخبرنا قتيبة، قال: حدثنا سفيان، عن صالح بن كيسان، عن عبيد الله بن عبد الله، عن زيد بن خالد الجهني، قال: مطر الناس على عهد النبي صلى الله عليه وسلم فقال: \" ألم تسمعوا ماذا قال ربكم الليلة؟ قال: ما أنعمت على عبادي من نعمة إلا أصبح طائفة منهم بها كافرين، يقولون: مطرنا بنوء كذا وكذا، فأما من آمن بي وحمدني على سقياي فذاك الذي آمن بي وكفر بالكوكب، ومن قال: مطرنا بنوء كذا وكذا فذاك الذي كفر بي وآمن بالكوكب \"",
        "note": "",
        "grade_id": 2,
        "grade": "সহিহ হাদিস",
        "grade_color": "#46B891"
      },
      {
        "id": 36907,
        "book_id": 3,
        "book_name": "সুনানে আন-নাসায়ী",
        "chapter_id": 15,
        "section_id": 16,
        "hadith_key": "সুনানে আন-নাসায়ী: ১৫২৬",
        "hadith_id": 1526,
        "narrator": "আবূ সাঈদ খুদরী (রাঃ)",
        "bn": "তিনি বলেন, রাসূলুল্লাহ (সাল্লাল্লাহু ‘আলাইহি ওয়া সাল্লাম) বলেছেন, আল্লাহ্ তা’আলা যদি পাঁচ বছর তাঁর বান্দাদের থেকে বৃষ্টি বন্ধ রাখেন তারপর তা পাঠান তাহলে মানুষের একদল কাফির হয়ে যাবে। তারা বলবে, মিজদাহ্ নক্ষত্রের প্রভাবে আমাদের উপর বৃষ্টি বর্ষিত হয়েছে।",
        "ar": "أَخْبَرَنَا عَبْدُ الْجَبَّارِ بْنُ الْعَلَاءِ، عَنْ سُفْيَانَ، عَنْ عَمْرٍو، عَنْ عَتَّابِ بْنِ حُنَيْنٍ، عَنْ أَبِي سَعِيدٍ الْخُدْرِيِّ، قَالَ: قَالَ رَسُولُ اللَّهِ صَلَّى اللهُ عَلَيْهِ وَسَلَّمَ: \" لَوْ أَمْسَكَ اللَّهُ عَزَّ وَجَلَّ الْمَطَرَ عَنْ عِبَادِهِ خَمْسَ سِنِينَ ثُمَّ أَرْسَلَهُ لَأَصْبَحَتْ طَائِفَةٌ مِنَ النَّاسِ كَافِرِينَ يَقُولُونَ: سُقِينَا بِنَوْءِ الْمِجْدَحِ \"",
        "ar_diacless": "أخبرنا عبد الجبار بن العلاء، عن سفيان، عن عمرو، عن عتاب بن حنين، عن أبي سعيد الخدري، قال: قال رسول الله صلى الله عليه وسلم: \" لو أمسك الله عز وجل المطر عن عباده خمس سنين ثم أرسله لأصبحت طائفة من الناس كافرين يقولون: سقينا بنوء المجدح \"",
        "note": "",
        "grade_id": 4,
        "grade": "দুর্বল হাদিস",
        "grade_color": "#F85B24"
      }
    ]
  },
  {
    "id": 13303,
    "book_id": 3,
    "book_name": "nasai",
    "chapter_id": 15,
    "section_id": 17,
    "title": "বৃষ্টির ক্ষতির আশংকা হলে তা বন্ধ করার জন্য ইমামের দোয়া করা",
    "preface": "",
    "number": "পরিচ্ছেদ",
    "sort_order": 17,
    "hadiths": [
      {
        "id": 36909,
        "book_id": 3,
        "book_name": "সুনানে আন-নাসায়ী",
        "chapter_id": 15,
        "section_id": 17,
        "hadith_key": "সুনানে আন-নাসায়ী: ১৫২৭",
        "hadith_id": 1527,
        "narrator": "আনাস ইব্‌ম মালিক (রাঃ)",
        "bn": "তিনি বলেন (একবার) এক বৎসর বৃষ্টি বন্ধ হয়ে গেল, তখন কোন কোন মুসলমান জুম‘আর দিন রাসুলুল্লাহ্ (সাল্লাল্লাহু ‘আলাইহি ওয়া সাল্লাম)–এর সামনে দাঁড়িয়ে গেল এবং বলল, ইয়া রাসূলুল্লাহ্‌ (সাল্লাল্লাহু ‘আলাইহি ওয়া সাল্লাম)! বৃষ্টি বন্ধ হয়ে গেছে এবং যমীন শুষ্ক হয়ে গেছে আর গবাদি পশুগুলো অকর্মণ্য হয়ে গেছে। তিনি বলেন, তিনি তখন তাঁর উভয় হাত উঠালেন। তখন আমরা কোন মেঘ দেখছিলাম না। তিনি তাঁর হস্তদ্বয় এমনিভাবে প্রসারিত করলেন যে, আমি তাঁর উভয় বগলের শুভ্রতা দেখতে পেলাম। তিনি আল্লাহ্‌র কাছে বৃষ্টির জন্য দোয়া করছিলেন। আনাস (রাঃ) বলেন, আমরা জুম‘আর দিন সালাত আদায় করে উঠতে পারিনি ইত্যবসরে (বৃষ্টির আধিক্য হেতু) নিকটবর্তী ঘরের যুবকেরা তাদের ঘরে ফিরে উদ্যত হয়ে গেল। বৃষ্টি এক সপ্তাহ স্থায়ী হল। যখন পরবর্তী জুম‘আর দিন আসল, লোকেরা বলল, ইয়া রাসুলুল্লাহ্ (সাল্লাল্লাহু ‘আলাইহি ওয়া সাল্লাম)!(বৃষ্টির আধিক্য হেতু) ঘর-বাড়ী তো ধীরে ধীরে ধ্বসে যাচ্ছে, আরোহীরা আটকা পড়েছে। তিনি বলেন, তখন তিনি ইব্‌ন আদমের দ্রুত বিষণ্নতার কারণে মুচকী হাসলেন এবং তাঁর হস্তদ্বয় ইশারা করে বললেন, ইয়া আল্লাহ্! তুমি বৃষ্টি আমাদের আশে পাশে বর্ষণ কর, আমাদের উপরে নয়। তখন মেঘ মদীনা থেকে বিক্ষিপ্ত হয়ে গেল।",
        "ar": "أَخْبَرَنَا عَلِيُّ بْنُ حُجْرٍ، قَالَ: حَدَّثَنَا إِسْمَعِيلُ، قَالَ: حَدَّثَنَا حُمَيْدٌ، عَنْ أَنَسٍ، قَالَ: قَحَطَ الْمَطَرُ عَامًا، فَقَامَ بَعْضُ الْمُسْلِمِينَ إِلَى النَّبِيِّ صَلَّى اللهُ عَلَيْهِ وَسَلَّمَ فِي يَوْمِ جُمُعَةٍ فَقَالَ: يَا رَسُولَ اللَّهِ، قَحَطَ الْمَطَرُ، وَأَجْدَبَتِ الْأَرْضُ، وَهَلَكَ الْمَالُ، قَالَ: فَرَفَعَ يَدَيْهِ وَمَا نَرَى فِي السَّمَاءِ سَحَابَةً، فَمَدَّ يَدَيْهِ حَتَّى رَأَيْتُ بَيَاضَ إِبْطَيْهِ يَسْتَسْقِي اللَّهَ عَزَّ وَجَلَّ، قَالَ: فَمَا صَلَّيْنَا الْجُمُعَةَ حَتَّى أَهَمَّ الشَّابَّ الْقَرِيبَ الدَّارِ الرُّجُوعُ إِلَى أَهْلِهِ، فَدَامَتْ جُمُعَةٌ، فَلَمَّا كَانَتِ الْجُمُعَةُ الَّتِي تَلِيهَا، قَالُوا: يَا رَسُولَ اللَّهِ، تَهَدَّمَتِ الْبُيُوتُ، وَاحْتَبَسَ الرُّكْبَانُ، قَالَ: فَتَبَسَّمَ رَسُولُ اللَّهِ صَلَّى اللهُ عَلَيْهِ وَسَلَّمَ لِسُرْعَةِ مَلَالَةِ ابْنِ آدَمَ، وَقَالَ بِيَدَيْهِ: «اللَّهُمَّ حَوَالَيْنَا وَلَا عَلَيْنَا» فَتَكَشَّطَتْ عَنِ الْمَدِينَةِ",
        "ar_diacless": "أخبرنا علي بن حجر، قال: حدثنا إسمعيل، قال: حدثنا حميد، عن أنس، قال: قحط المطر عاما، فقام بعض المسلمين إلى النبي صلى الله عليه وسلم في يوم جمعة فقال: يا رسول الله، قحط المطر، وأجدبت الأرض، وهلك المال، قال: فرفع يديه وما نرى في السماء سحابة، فمد يديه حتى رأيت بياض إبطيه يستسقي الله عز وجل، قال: فما صلينا الجمعة حتى أهم الشاب القريب الدار الرجوع إلى أهله، فدامت جمعة، فلما كانت الجمعة التي تليها، قالوا: يا رسول الله، تهدمت البيوت، واحتبس الركبان، قال: فتبسم رسول الله صلى الله عليه وسلم لسرعة ملالة ابن آدم، وقال بيديه: «اللهم حوالينا ولا علينا» فتكشطت عن المدينة",
        "note": "",
        "grade_id": 2,
        "grade": "সহিহ হাদিস",
        "grade_color": "#46B891"
      }
    ]
  },
  {
    "id": 13304,
    "book_id": 3,
    "book_name": "nasai",
    "chapter_id": 15,
    "section_id": 18,
    "title": "বৃষ্টি বন্ধের দোয়ার সময় ইমামের হস্তদ্বয় উঠান",
    "preface": "",
    "number": "পরিচ্ছেদ",
    "sort_order": 18,
    "hadiths": [
      {
        "id": 36910,
        "book_id": 3,
        "book_name": "সুনানে আন-নাসায়ী",
        "chapter_id": 15,
        "section_id": 18,
        "hadith_key": "সুনানে আন-নাসায়ী: ১৫২৮",
        "hadith_id": 1528,
        "narrator": "আনাস ইব্‌ন মালিক (রাঃ)",
        "bn": "তিনি বলেন, রাসূলুল্লাহ্ (সাল্লাল্লাহু ‘আলাইহি ওয়া সাল্লাম)-এর যুগে একবার দুর্ভিক্ষ দেখা দিল। এমতাবস্থায় রাসূলুল্লাহ্ (সাল্লাল্লাহু ‘আলাইহি ওয়া সাল্লাম) জুম‘আর দিন মিম্বারের উপর খুতবা দিচ্ছিলেন। এক গ্রাম্য ব্যক্তি দাঁড়িয়ে বলল, ইয়া রাসূলূল্লাহ্ (সাল্লাল্লাহু ‘আলাইহি ওয়া সাল্লাম)!(ঘাস বিচালির সংকট হেতু) গবাদি পশুগুলো অকর্মণ্য হয়ে যাচ্ছে, আর পরিবারবর্গ ক্ষুধায় কষ্ট পাচ্ছে। অতএব আপনি আমাদের জন্য আল্লাহ্‌র সমীপে দোয়া করুন। তখন রাসূলূল্লাহ্‌ (সাল্লাল্লাহু ‘আলাইহি ওয়া সাল্লাম) তাঁর হস্তদ্বয় উঠালেন। ঐ সময় আমরা আকাশে মেঘের কোন টুকরাও দেখেছিলাম না। ঐ সত্তার শপথ! যাঁর হাতে আমার প্রাণ, তিনি হস্তদ্বয় নামাতেও পারলেন না, ইত্যবসরে মেঘমালা পাহাড়ের ন্যায় বিস্তৃত হয়ে গেল। আর তিনি মিম্বর থেকে নামতেও পারছিলেন না, আমি দেখলাম, ইতিমধ্যে বৃষ্টি তাঁর দাঁড়ি বেয়ে ফোঁটায় ফোঁটায় গড়িয়ে পড়ছে। সে দিন, পরবর্তী দিন এবং তার পরের দিন থেকে থেকে পরবর্তী জুম‘আ পর্যন্ত আমাদের উপর বৃষ্টি বর্ষিত হল। রাবী বলেন, তখন উক্ত গ্রাম্য ব্যক্তি অথবা অন্য এক ব্যক্তি দাঁড়িয়ে বললো, ইয়া রাসূলুল্লাহ্‌ (সাল্লাল্লাহু ‘আলাইহি ওয়া সাল্লাম)! (বৃষ্টির আধিক্য হেতু) ঘর-বাড়ী তো ধীরে ধীরে বিধ্বস্ত হয়ে যাচ্ছে এবং গবাদি পশুগুলো ডুবে যাচ্ছে। অতএব, আপনি আমাদের জন্য আল্লাহ্‌র সমীপে দোয়া করুন। তখন রাসূলুল্লাহ্‌ (সাল্লাল্লাহু ‘আলাইহি ওয়া সাল্লাম) তাঁর হস্তদ্বয় উঠালেন এবং বললেন, ইয়া আল্লাহ্‌! তুমি আমাদের আশে পাশে বৃষ্টি বর্ষণ কর, আমাদের উপরে নয়। তিনি তাঁর হাত দ্বারা মেঘমালার কোন খন্ডের দিকে ইশারা করতেই তা এমনভাবে বিক্ষিপ্ত হয়ে গেল যাতে মদীনার (আকাশ) একটি বড় গর্তের মত দেখাচ্ছিল (অর্থাৎ মদীনার আকাশের চতুস্পার্শ্বে মেঘমালা এমনভাবে বিস্তৃত হলো যে, মদীনা বরাবর আকাশ একটি গোলাকার গর্তের ন্যায় মেঘমুক্ত হলো এবং মাঠে ময়দানে বৃষ্টির পানি প্রবাহিত হচ্ছিল আর মদীনার আশ-পাশ থেকে যারাই আসছিল তারাই বৃষ্টির আধিক্যের সংবাদ দিচ্ছিল।",
        "ar": "أَخْبَرَنَا مَحْمُودُ بْنُ خَالِدٍ، قَالَ: حَدَّثَنَا الْوَلِيدُ بْنُ مُسْلِمٍ، قَالَ: أَنْبَأَنَا أَبُو عَمْرٍو الْأَوْزَاعِيُّ، عَنْ إِسْحَقَ بْنِ عَبْدِ اللَّهِ، عَنْ أَنَسِ بْنِ مَالِكٍ، قَالَ: أَصَابَ النَّاسُ سَنَةٌ عَلَى عَهْدِ رَسُولِ اللَّهِ صَلَّى اللهُ عَلَيْهِ وَسَلَّمَ، فَبَيْنَا رَسُولُ اللَّهِ صَلَّى اللهُ عَلَيْهِ وَسَلَّمَ يَخْطُبُ عَلَى الْمِنْبَرِ يَوْمَ الْجُمُعَةِ، فَقَامَ أَعْرَابِيٌّ فَقَالَ: يَا رَسُولَ اللَّهِ، هَلَكَ الْمَالُ، وَجَاعَ الْعِيَالُ، فَادْعُ اللَّهَ لَنَا، فَرَفَعَ رَسُولُ اللَّهِ صَلَّى اللهُ عَلَيْهِ وَسَلَّمَ يَدَيْهِ، وَمَا نَرَى فِي السَّمَاءِ قَزَعَةً، وَالَّذِي نَفْسِي بِيَدِهِ، مَا وَضَعَهَا حَتَّى ثَارَ سَحَابٌ أَمْثَالُ الْجِبَالِ، ثُمَّ لَمْ يَنْزِلْ عَنْ مِنْبَرِهِ حَتَّى رَأَيْتُ الْمَطَرَ يَتَحَادَرُ عَلَى لِحْيَتِهِ، فَمُطِرْنَا يَوْمَنَا ذَلِكَ وَمِنَ الْغَدِ، وَالَّذِي يَلِيهِ حَتَّى الْجُمُعَةِ الْأُخْرَى، فَقَامَ ذَلِكَ الْأَعْرَابِيُّ أَوْ قَالَ غَيْرُهُ فَقَالَ: يَا رَسُولَ اللَّهِ، تَهَدَّمَ الْبِنَاءُ، وَغَرِقَ الْمَالُ، فَادْعُ اللَّهَ لَنَا، فَرَفَعَ رَسُولُ اللَّهِ صَلَّى اللهُ عَلَيْهِ وَسَلَّمَ يَدَيْهِ فَقَالَ: «اللَّهُمَّ حَوَالَيْنَا وَلَا عَلَيْنَا»، فَمَا يُشِيرُ بِيَدِهِ إِلَى نَاحِيَةٍ مِنَ السَّحَابِ إِلَّا انْفَرَجَتْ حَتَّى صَارَتِ الْمَدِينَةُ مِثْلَ الْجَوْبَةِ، وَسَالَ الْوَادِي وَلَمْ يَجِئْ أَحَدٌ مِنْ نَاحِيَةٍ إِلَّا أَخْبَرَ بِالْجَوْدِ",
        "ar_diacless": "أخبرنا محمود بن خالد، قال: حدثنا الوليد بن مسلم، قال: أنبأنا أبو عمرو الأوزاعي، عن إسحق بن عبد الله، عن أنس بن مالك، قال: أصاب الناس سنة على عهد رسول الله صلى الله عليه وسلم، فبينا رسول الله صلى الله عليه وسلم يخطب على المنبر يوم الجمعة، فقام أعرابي فقال: يا رسول الله، هلك المال، وجاع العيال، فادع الله لنا، فرفع رسول الله صلى الله عليه وسلم يديه، وما نرى في السماء قزعة، والذي نفسي بيده، ما وضعها حتى ثار سحاب أمثال الجبال، ثم لم ينزل عن منبره حتى رأيت المطر يتحادر على لحيته، فمطرنا يومنا ذلك ومن الغد، والذي يليه حتى الجمعة الأخرى، فقام ذلك الأعرابي أو قال غيره فقال: يا رسول الله، تهدم البناء، وغرق المال، فادع الله لنا، فرفع رسول الله صلى الله عليه وسلم يديه فقال: «اللهم حوالينا ولا علينا»، فما يشير بيده إلى ناحية من السحاب إلا انفرجت حتى صارت المدينة مثل الجوبة، وسال الوادي ولم يجئ أحد من ناحية إلا أخبر بالجود",
        "note": "",
        "grade_id": 2,
        "grade": "সহিহ হাদিস",
        "grade_color": "#46B891"
      }
    ]
  }
]