[
  {
    "id": 12846,
    "book_id": 3,
    "book_name": "nasai",
    "chapter_id": 9,
    "section_id": 1,
    "title": "কিবলার দিকে মুখ করা",
    "preface": "",
    "number": "পরিচ্ছেদ",
    "sort_order": 1,
    "hadiths": [
      {
        "id": 36049,
        "book_id": 3,
        "book_name": "সুনানে আন-নাসায়ী",
        "chapter_id": 9,
        "section_id": 1,
        "hadith_key": "সুনানে আন-নাসায়ী: ৭৪২",
        "hadith_id": 742,
        "narrator": "বারা ইব্‌ন আযিব (রাঃ)",
        "bn": "তিনি বলেন : রাসূলুল্লাহ্ (সাল্লাল্লাহু ‘আলাইহি ওয়া সাল্লাম) মদীনায় আগমনের পর ষোল মাস বায়তুল মুকাদ্দাসের দিকে মুখ করে সালাত আদায় করেন। তারপর তাঁকে কা’বার দিকে মুখ করার নির্দেশ দেয়া হলো। এরপর এক ব্যক্তি, যিনি রাসূলুল্লাহ্ (সাল্লাল্লাহু ‘আলাইহি ওয়া সাল্লাম) এর সঙ্গে সালাত আদায় করেছিলেন, আনসার সম্প্রদায়ের একদল লোকের নিকট গিয়ে বললেন যে, আমি সাক্ষ্য দিচ্ছি, রাসূলুল্লাহ্ (সাল্লাল্লাহু ‘আলাইহি ওয়া সাল্লাম)-কে কা’বা অভিমুখী করা হয়েছে। ফলে তাঁরা কা’বার দিকে মুখ ফিরিয়ে নিলেন।",
        "ar": "أَخْبَرَنَا مُحَمَّدُ بْنُ إِسْمَاعِيلَ بْنِ إِبْرَاهِيمَ قَالَ: حَدَّثَنَا إِسْحَاقُ بْنُ يُوسُفَ الْأَزْرَقُ، عَنْ زَكَرِيَّا بْنِ أَبِي زَائِدَةَ، عَنْ أَبِي إِسْحَاقَ، عَنِ الْبَرَاءِ بْنِ عَازِبٍ قَالَ: «قَدِمَ رَسُولُ اللَّهِ صَلَّى اللهُ عَلَيْهِ وَسَلَّمَ الْمَدِينَةَ، فَصَلَّى نَحْوَ بَيْتِ الْمَقْدِسِ سِتَّةَ عَشَرَ شَهْرًا، ثُمَّ وُجِّهَ إِلَى الْكَعْبَةِ». فَمَرَّ رَجُلٌ قَدْ كَانَ صَلَّى مَعَ النَّبِيِّ صَلَّى اللهُ عَلَيْهِ وَسَلَّمَ عَلَى قَوْمٍ مِنَ الْأَنْصَارِ فَقَالَ: أَشْهَدُ أَنَّ رَسُولَ اللَّهِ صَلَّى اللهُ عَلَيْهِ وَسَلَّمَ قَدْ وُجِّهَ إِلَى الْكَعْبَةِ، فَانْحَرَفُوا إِلَى الْكَعْبَةِ",
        "ar_diacless": "أخبرنا محمد بن إسماعيل بن إبراهيم قال: حدثنا إسحاق بن يوسف الأزرق، عن زكريا بن أبي زائدة، عن أبي إسحاق، عن البراء بن عازب قال: «قدم رسول الله صلى الله عليه وسلم المدينة، فصلى نحو بيت المقدس ستة عشر شهرا، ثم وجه إلى الكعبة». فمر رجل قد كان صلى مع النبي صلى الله عليه وسلم على قوم من الأنصار فقال: أشهد أن رسول الله صلى الله عليه وسلم قد وجه إلى الكعبة، فانحرفوا إلى الكعبة",
        "note": "",
        "grade_id": 2,
        "grade": "সহিহ হাদিস",
        "grade_color": "#46B891"
      }
    ]
  },
  {
    "id": 12847,
    "book_id": 3,
    "book_name": "nasai",
    "chapter_id": 9,
    "section_id": 2,
    "title": "যে অবস্থায় কিবলা ছাড়া অন্যদিকে মুখ করা বৈধ",
    "preface": "",
    "number": "পরিচ্ছেদ",
    "sort_order": 2,
    "hadiths": [
      {
        "id": 36051,
        "book_id": 3,
        "book_name": "সুনানে আন-নাসায়ী",
        "chapter_id": 9,
        "section_id": 2,
        "hadith_key": "সুনানে আন-নাসায়ী: ৭৪৩",
        "hadith_id": 743,
        "narrator": "ইব্‌ন উমর (রাঃ)",
        "bn": "তিনি বলেন : রাসূলুল্লাহ্ (সাল্লাল্লাহু ‘আলাইহি ওয়া সাল্লাম) সফরে তাঁর সওয়ারীর উপর সওয়ারী যেদিকেই মুখ করত সেদিকেই মুখ করে সালাত আদায় করতেন। মালিক (রহঃ) বলেন : আবদুল্লাহ ইব্‌ন দীনার বলেছেন, ইব্‌ন উমরও এরূপই করতেন।",
        "ar": "أَخْبَرَنَا قُتَيْبَةُ، عَنْ مَالِكِ بْنِ أَنَسٍ، عَنْ عَبْدِ اللَّهِ بْنِ دِينَارٍ، عَنِ ابْنِ عُمَرَ قَالَ: «كَانَ رَسُولُ اللَّهِ صَلَّى اللهُ عَلَيْهِ وَسَلَّمَ يُصَلِّي عَلَى رَاحِلَتِهِ فِي السَّفَرِ حَيْثُمَا تَوَجَّهَتْ» قَالَ مَالِكٌ: قَالَ عَبْدُ اللَّهِ بْنُ دِينَارٍ: وَكَانَ ابْنُ عُمَرَ يَفْعَلُ ذَلِكَ",
        "ar_diacless": "أخبرنا قتيبة، عن مالك بن أنس، عن عبد الله بن دينار، عن ابن عمر قال: «كان رسول الله صلى الله عليه وسلم يصلي على راحلته في السفر حيثما توجهت» قال مالك: قال عبد الله بن دينار: وكان ابن عمر يفعل ذلك",
        "note": "",
        "grade_id": 2,
        "grade": "সহিহ হাদিস",
        "grade_color": "#46B891"
      },
      {
        "id": 36052,
        "book_id": 3,
        "book_name": "সুনানে আন-নাসায়ী",
        "chapter_id": 9,
        "section_id": 2,
        "hadith_key": "সুনানে আন-নাসায়ী: ৭৪৪",
        "hadith_id": 744,
        "narrator": "আবদুল্লাহ (রাঃ)",
        "bn": "তিনি বলেন : রাসূলুল্লাহ্ (সাল্লাল্লাহু ‘আলাইহি ওয়া সাল্লাম)-এর সওয়ারী তাঁকে নিয়ে যেদিকে মুখ করতো সেদিকে ফিরেই তিনি সালাত আদায় করতেন। তারপর বিতর আদায় করতেন কিন্তু তিনি এর ওপর ফরয সালাত আদায় করতেন না।",
        "ar": "أَخْبَرَنَا عِيسَى بْنُ حَمَّادٍ قَالَ: حَدَّثَنَا ابْنُ وَهْبٍ قَالَ: أَخْبَرَنِي يُونُسُ، عَنِ ابْنِ شِهَابٍ، عَنْ سَالِمٍ عَنْ عَبْدِ اللَّهِ قَالَ: «كَانَ رَسُولُ اللَّهِ صَلَّى اللهُ عَلَيْهِ وَسَلَّمَ يُصَلِّي عَلَى الرَّاحِلَةِ قِبَلَ أَيِّ وَجْهٍ تَوَجَّهُ بِهِ وَيُوتِرُ عَلَيْهَا غَيْرَ أَنَّهُ لَا يُصَلِّي عَلَيْهَا الْمَكْتُوبَةَ»",
        "ar_diacless": "أخبرنا عيسى بن حماد قال: حدثنا ابن وهب قال: أخبرني يونس، عن ابن شهاب، عن سالم عن عبد الله قال: «كان رسول الله صلى الله عليه وسلم يصلي على الراحلة قبل أي وجه توجه به ويوتر عليها غير أنه لا يصلي عليها المكتوبة»",
        "note": "",
        "grade_id": 2,
        "grade": "সহিহ হাদিস",
        "grade_color": "#46B891"
      }
    ]
  },
  {
    "id": 12848,
    "book_id": 3,
    "book_name": "nasai",
    "chapter_id": 9,
    "section_id": 3,
    "title": "ইজতিহাদের পর ভুলের প্রকাশ",
    "preface": "",
    "number": "পরিচ্ছেদ",
    "sort_order": 3,
    "hadiths": [
      {
        "id": 36054,
        "book_id": 3,
        "book_name": "সুনানে আন-নাসায়ী",
        "chapter_id": 9,
        "section_id": 3,
        "hadith_key": "সুনানে আন-নাসায়ী: ৭৪৫",
        "hadith_id": 745,
        "narrator": "ইব্‌ন উমর (রাঃ)",
        "bn": "তিনি বলেন : লোক কুবায় ফজরের সালাতে ছিলেন। তখন এক ব্যক্তি এসে বলল, রাসূলুল্লাহ্ (সাল্লাল্লাহু ‘আলাইহি ওয়া সাল্লাম)-এর উপর এই রাতে কুরআন অবতীর্ণ হয়েছে। তাতে তাঁকে কিবলার দিকে মুখ করার আদেশ করা হয়েছে। অতএব আপনারা কিবলার দিকে মুখ করুন। তখন তাদের চেহারা ছিল সিরিয়ার দিকে, পরে তারা কা’বার দিকে ঘুরে গেলেন।",
        "ar": "أَخْبَرَنَا قُتَيْبَةُ، عَنْ مَالِكٍ، عَنْ عَبْدِ اللَّهِ بْنِ دِينَارٍ، عَنِ ابْنِ عُمَرَ قَالَ: بَيْنَمَا النَّاسُ بِقُبَاءَ فِي صَلَاةِ الصُّبْحِ جَاءَهُمْ آتٍ فَقَالَ: «إِنَّ رَسُولَ اللَّهِ صَلَّى اللهُ عَلَيْهِ وَسَلَّمَ قَدْ أُنْزِلَ عَلَيْهِ اللَّيْلَةَ قُرْآنٌ، وَقَدْ أُمِرَ أَنْ يَسْتَقْبِلَ الْقِبْلَةَ فَاسْتَقْبِلُوهَا» وَكَانَتْ وُجُوهُهُمْ إِلَى الشَّامِ فَاسْتَدَارُوا إِلَى الْكَعْبَةِ",
        "ar_diacless": "أخبرنا قتيبة، عن مالك، عن عبد الله بن دينار، عن ابن عمر قال: بينما الناس بقباء في صلاة الصبح جاءهم آت فقال: «إن رسول الله صلى الله عليه وسلم قد أنزل عليه الليلة قرآن، وقد أمر أن يستقبل القبلة فاستقبلوها» وكانت وجوههم إلى الشام فاستداروا إلى الكعبة",
        "note": "",
        "grade_id": 2,
        "grade": "সহিহ হাদিস",
        "grade_color": "#46B891"
      }
    ]
  },
  {
    "id": 12849,
    "book_id": 3,
    "book_name": "nasai",
    "chapter_id": 9,
    "section_id": 4,
    "title": "মুসল্লীর সুতরা ব্যবহার করা",
    "preface": "",
    "number": "পরিচ্ছেদ",
    "sort_order": 4,
    "hadiths": [
      {
        "id": 36057,
        "book_id": 3,
        "book_name": "সুনানে আন-নাসায়ী",
        "chapter_id": 9,
        "section_id": 4,
        "hadith_key": "সুনানে আন-নাসায়ী: ৭৪৬",
        "hadith_id": 746,
        "narrator": "আয়েশা (রাঃ)",
        "bn": "তিনি বলেন : তবুক যুদ্ধে রাসূলুল্লাহ্ (সাল্লাল্লাহু ‘আলাইহি ওয়া সাল্লাম)-কে সালাত আদায়কারীর সুতরা সম্বন্ধে জিজ্ঞাসা করা হলে তিনি বললেন : তা হাওদার পেছনের হেলান-কাঠের ন্যায়। [১]",
        "ar": "أَخْبَرَنَا الْعَبَّاسُ بْنُ مُحَمَّدٍ الدُّورِيُّ قَالَ: حَدَّثَنَا عَبْدُ اللَّهِ بْنُ يَزِيدَ قَالَ: حَدَّثَنَا حَيْوَةُ بْنُ شُرَيْحٍ، عَنْ أَبِي الْأَسْوَدِ، عَنْ عُرْوَةَ، عَنْ عَائِشَةَ رَضِيَ اللَّهُ عَنْهَا قَالَتْ: سُئِلَ رَسُولُ اللَّهِ صَلَّى اللهُ عَلَيْهِ وَسَلَّمَ فِي غَزْوَةِ تَبُوكَ عَنْ سُتْرَةِ الْمُصَلِّي فَقَالَ: «مِثْلُ مُؤْخِرَةِ الرَّحْلِ»",
        "ar_diacless": "أخبرنا العباس بن محمد الدوري قال: حدثنا عبد الله بن يزيد قال: حدثنا حيوة بن شريح، عن أبي الأسود، عن عروة، عن عائشة رضي الله عنها قالت: سئل رسول الله صلى الله عليه وسلم في غزوة تبوك عن سترة المصلي فقال: «مثل مؤخرة الرحل»",
        "note": "[১] খোলা জায়গায় সালাত আদায় করার সময় মুসল্লীর সামনে কিছু সুতরা (আড়াল) থাকা উচিত। সুতরা অন্তত এক হাত লম্বা ও আঙ্গুল পরিমিত মোটা হলেই চলে। জামাআতের সালাতে ইমামের সুতরা মুসল্লীদের জন্য যথেষ্ট।",
        "grade_id": 2,
        "grade": "সহিহ হাদিস",
        "grade_color": "#46B891"
      },
      {
        "id": 36056,
        "book_id": 3,
        "book_name": "সুনানে আন-নাসায়ী",
        "chapter_id": 9,
        "section_id": 4,
        "hadith_key": "সুনানে আন-নাসায়ী: ৭৪৭",
        "hadith_id": 747,
        "narrator": "ইব্‌ন উমর (রাঃ)",
        "bn": "নবী (সাল্লাল্লাহু ‘আলাইহি ওয়া সাল্লাম) থেকে বর্ণিত। তিনি বলেছেন : তিনি বর্শার ফলা পুঁতে তার দিকে মুখ করে সালাত আদায় করতেন।",
        "ar": "أَخْبَرَنَا عُبَيْدُ اللَّهِ بْنُ سَعِيدٍ قَالَ: حَدَّثَنَا يَحْيَى، عَنْ عُبَيْدِ اللَّهِ قَالَ: أَنْبَأَنَا نَافِعٌ، عَنِ ابْنِ عُمَرَ، عَنِ النَّبِيِّ صَلَّى اللهُ عَلَيْهِ وَسَلَّمَ قَالَ: «كَانَ يَرْكُزُ الْحَرْبَةَ، ثُمَّ يُصَلِّي إِلَيْهَا»",
        "ar_diacless": "أخبرنا عبيد الله بن سعيد قال: حدثنا يحيى، عن عبيد الله قال: أنبأنا نافع، عن ابن عمر، عن النبي صلى الله عليه وسلم قال: «كان يركز الحربة، ثم يصلي إليها»",
        "note": "",
        "grade_id": 2,
        "grade": "সহিহ হাদিস",
        "grade_color": "#46B891"
      }
    ]
  },
  {
    "id": 12850,
    "book_id": 3,
    "book_name": "nasai",
    "chapter_id": 9,
    "section_id": 5,
    "title": "সুতরার নিকটবর্তী হওয়ার আদেশ",
    "preface": "",
    "number": "পরিচ্ছেদ",
    "sort_order": 5,
    "hadiths": [
      {
        "id": 36059,
        "book_id": 3,
        "book_name": "সুনানে আন-নাসায়ী",
        "chapter_id": 9,
        "section_id": 5,
        "hadith_key": "সুনানে আন-নাসায়ী: ৭৪৮",
        "hadith_id": 748,
        "narrator": "সাহল ইব্‌ন আবূ হাসমা (রাঃ)",
        "bn": "তিনি বলেন : রাসূলুল্লাহ্ (সাল্লাল্লাহু ‘আলাইহি ওয়া সাল্লাম) বলেছেন : যখন তোমাদের কেউ সুতরার দিকে মুখ করে সালাত আদায় করে, তখন সে যেন তার নিকটবর্তী হয়। তাহলে শয়তান তার সালাত ভঙ্গ করতে পারবে না।",
        "ar": "أَخْبَرَنَا عَلِيُّ بْنُ حُجْرٍ وَإِسْحَاقُ بْنُ مَنْصُورٍ قَالَا: حَدَّثَنَا سُفْيَانُ، عَنْ صَفْوَانَ بْنِ سُلَيْمٍ، عَنْ نَافِعِ بْنِ جُبَيْرٍ، عَنْ سَهْلِ بْنِ أَبِي حَثْمَةَ قَالَ: قَالَ رَسُولُ اللَّهِ صَلَّى اللهُ عَلَيْهِ وَسَلَّمَ: «إِذَا صَلَّى أَحَدُكُمْ إِلَى سُتْرَةٍ فَلْيَدْنُ مِنْهَا لَا يَقْطَعَ الشَّيْطَانُ عَلَيْهِ صَلَاتَهُ»",
        "ar_diacless": "أخبرنا علي بن حجر وإسحاق بن منصور قالا: حدثنا سفيان، عن صفوان بن سليم، عن نافع بن جبير، عن سهل بن أبي حثمة قال: قال رسول الله صلى الله عليه وسلم: «إذا صلى أحدكم إلى سترة فليدن منها لا يقطع الشيطان عليه صلاته»",
        "note": "",
        "grade_id": 2,
        "grade": "সহিহ হাদিস",
        "grade_color": "#46B891"
      }
    ]
  },
  {
    "id": 12851,
    "book_id": 3,
    "book_name": "nasai",
    "chapter_id": 9,
    "section_id": 6,
    "title": "এর পরিমাণ",
    "preface": "",
    "number": "পরিচ্ছেদ",
    "sort_order": 6,
    "hadiths": [
      {
        "id": 36061,
        "book_id": 3,
        "book_name": "সুনানে আন-নাসায়ী",
        "chapter_id": 9,
        "section_id": 6,
        "hadith_key": "সুনানে আন-নাসায়ী: ৭৪৯",
        "hadith_id": 749,
        "narrator": "আবদুল্লাহ ইব্‌ন উমর (রাঃ)",
        "bn": "রাসূলুল্লাহ্ (সাল্লাল্লাহু ‘আলাইহি ওয়া সাল্লাম) উসামা ইব্‌ন যায়দ, বিলাল ও উসমান ইব্‌ন তালহা হাজাবী কা’বায় প্রবেশ করলেন এবং দরজা বন্ধ করে দিলেন। আবদুল্লাহ ইব্‌ন উমর বলেন : বিলাল যখন বের হলেন তখন আমি তাঁকে জিজ্ঞাসা করলাম, রাসূলুল্লাহ্ (সাল্লাল্লাহু ‘আলাইহি ওয়া সাল্লাম) সেখানে কি করলেন? তিনি বললেন, তিনি একটি খুঁটি তাঁর বামদিকে, দু’টি খুঁটি তাঁর ডানদিকে রাখলেন আর তিনটি খুঁটি তাঁর পেছনে রাখলেন। আর বায়তুল্লাহ তৎকালে ছয়টি খুঁটির উপর ছিল, তারপর তিনি সালাত আদায় করলেন। তিনি তাঁর এবং দেয়ালের মধ্যস্থলে প্রায় তিন হাত ব্যবধান রাখলেন।",
        "ar": "أَخْبَرَنَا مُحَمَّدُ بْنُ سَلَمَةَ وَالْحَارِثُ بْنُ مِسْكِينٍ قِرَاءَةً عَلَيْهِ وَأَنَا أَسْمَعُ، عَنِ ابْنِ الْقَاسِمِ قَالَ: حَدَّثَنِي مَالِكٌ، عَنْ نَافِعٍ، عَنْ عَبْدِ اللَّهِ بْنِ عُمَرَ، \" أَنَّ رَسُولَ اللَّهِ صَلَّى اللهُ عَلَيْهِ وَسَلَّمَ دَخَلَ الْكَعْبَةَ هُوَ وَأُسَامَةُ بْنُ زَيْدٍ وَبِلَالٌ وَعُثْمَانُ بْنُ طَلْحَةَ الْحَجَبِيُّ فَأَغْلَقَهَا عَلَيْهِ، قَالَ عَبْدُ اللَّهِ بْنُ عُمَرَ: فَسَأَلْتُ بِلَالًا حِينَ خَرَجَ مَاذَا صَنَعَ رَسُولُ اللَّهِ صَلَّى اللهُ عَلَيْهِ وَسَلَّمَ؟ قَالَ: جَعَلَ عَمُودًا عَنْ يَسَارِهِ وَعَمُودَيْنِ عَنْ يَمِينِهِ وَثَلَاثَةَ أَعْمِدَةٍ وَرَاءَهُ، وَكَانَ الْبَيْتُ يَوْمَئِذٍ عَلَى سِتَّةِ أَعْمِدَةٍ، ثُمَّ صَلَّى وَجَعَلَ بَيْنَهُ وَبَيْنَ الْجِدَارِ نَحْوًا مِنْ ثَلَاثَةِ أَذْرُعٍ \"",
        "ar_diacless": "أخبرنا محمد بن سلمة والحارث بن مسكين قراءة عليه وأنا أسمع، عن ابن القاسم قال: حدثني مالك، عن نافع، عن عبد الله بن عمر، \" أن رسول الله صلى الله عليه وسلم دخل الكعبة هو وأسامة بن زيد وبلال وعثمان بن طلحة الحجبي فأغلقها عليه، قال عبد الله بن عمر: فسألت بلالا حين خرج ماذا صنع رسول الله صلى الله عليه وسلم؟ قال: جعل عمودا عن يساره وعمودين عن يمينه وثلاثة أعمدة وراءه، وكان البيت يومئذ على ستة أعمدة، ثم صلى وجعل بينه وبين الجدار نحوا من ثلاثة أذرع \"",
        "note": "",
        "grade_id": 2,
        "grade": "সহিহ হাদিস",
        "grade_color": "#46B891"
      }
    ]
  },
  {
    "id": 12852,
    "book_id": 3,
    "book_name": "nasai",
    "chapter_id": 9,
    "section_id": 7,
    "title": "সালাত আদায়কারীর সামনে সুতরা না থাকলে, যাতে সালাত নষ্ট হয় আর যাতে নষ্ট হয় না",
    "preface": "",
    "number": "পরিচ্ছেদ",
    "sort_order": 7,
    "hadiths": [
      {
        "id": 36065,
        "book_id": 3,
        "book_name": "সুনানে আন-নাসায়ী",
        "chapter_id": 9,
        "section_id": 7,
        "hadith_key": "সুনানে আন-নাসায়ী: ৭৫০",
        "hadith_id": 750,
        "narrator": "আবূ যর (রাঃ)",
        "bn": "তিনি বলেন : রাসূলুল্লাহ্ (সাল্লাল্লাহু ‘আলাইহি ওয়া সাল্লাম) বলেছেন : তোমাদের কেউ যখন সালাত আদায় করার জন্য দাঁড়ায়, তখন সে নিজেকে আড়াল করে নেবে যদি তার সামনে হাওদার হেলান কাঠের মত কিছু থাকে। যদি তার সামনে হাওদার কাঠের মত কিছু না থাকে, তাহলে তার সালাত নষ্ট করবে নারী, গাধা এবং কাল কুকুর। আমি বললাম, লাল ও হলদে কুকুরের তুলনায় কালো কুকুরের অবস্থা কি ? তিনি বললেন, আমি রাসূলুল্লাহ্ (সাল্লাল্লাহু ‘আলাইহি ওয়া সাল্লাম)-কে প্রশ্ন করেছিলাম, যেমন তুমি আমাকে প্রশ্ন করেছ। তখন তিনি বললেন : কাল কুকুর শয়তান। [১]",
        "ar": "أَخْبَرَنَا عَمْرُو بْنُ عَلِيٍّ قَالَ: أَنْبَأَنَا يَزِيدُ قَالَ: حَدَّثَنَا يُونُسُ، عَنْ حُمَيْدِ بْنِ هِلَالٍ، عَنْ عَبْدِ اللَّهِ بْنِ الصَّامِتِ، عَنْ أَبِي ذَرٍّ قَالَ: قَالَ رَسُولُ اللَّهِ صَلَّى اللهُ عَلَيْهِ وَسَلَّمَ: «إِذَا كَانَ أَحَدُكُمْ قَائِمًا يُصَلِّي فَإِنَّهُ يَسْتُرُهُ إِذَا كَانَ بَيْنَ يَدَيْهِ مِثْلُ آخِرَةِ الرَّحْلِ، فَإِنْ لَمْ يَكُنْ بَيْنَ يَدَيْهِ مِثْلُ آخِرَةِ الرَّحْلِ فَإِنَّهُ يَقْطَعُ صَلَاتَهُ الْمَرْأَةُ وَالْحِمَارُ وَالْكَلْبُ الْأَسْوَدُ». قُلْتُ: مَا بَالُ الْأَسْوَدِ مِنَ الْأَصْفَرِ مِنَ الْأَحْمَرِ؟ فَقَالَ: سَأَلْتُ رَسُولَ اللَّهِ صَلَّى اللهُ عَلَيْهِ وَسَلَّمَ كَمَا سَأَلْتَنِي , فَقَالَ: «الْكَلْبُ الْأَسْوَدُ شَيْطَانٌ»",
        "ar_diacless": "أخبرنا عمرو بن علي قال: أنبأنا يزيد قال: حدثنا يونس، عن حميد بن هلال، عن عبد الله بن الصامت، عن أبي ذر قال: قال رسول الله صلى الله عليه وسلم: «إذا كان أحدكم قائما يصلي فإنه يستره إذا كان بين يديه مثل آخرة الرحل، فإن لم يكن بين يديه مثل آخرة الرحل فإنه يقطع صلاته المرأة والحمار والكلب الأسود». قلت: ما بال الأسود من الأصفر من الأحمر؟ فقال: سألت رسول الله صلى الله عليه وسلم كما سألتني , فقال: «الكلب الأسود شيطان»",
        "note": "[১] স্ত্রীলোক দৃষ্টি আকর্ষণকারিণী, গাধার স্বর কর্কশ এবং কুকুর ভীতির কারণ। এজন্য বলা হয়েছে যে, এগুলো সালাত বিনষ্টকারী। সালাত বিনষ্ট দ্বারা সালাতের একাগ্রতা নষ্ট হওয়া বুঝানো হয়েছে।",
        "grade_id": 2,
        "grade": "সহিহ হাদিস",
        "grade_color": "#46B891"
      },
      {
        "id": 36064,
        "book_id": 3,
        "book_name": "সুনানে আন-নাসায়ী",
        "chapter_id": 9,
        "section_id": 7,
        "hadith_key": "সুনানে আন-নাসায়ী: ৭৫১",
        "hadith_id": 751,
        "narrator": "কাতাদা (রাঃ)",
        "bn": "তিনি বলেন : আমি জাবির (রাঃ)-কে জিজ্ঞাসা করলাম, কোন বস্তু সালাত নষ্ট করে ? তিনি বললেন, ইব্‌ন আব্বাস (রাঃ) বলতেন : ঋতুমতী নারী, কুকুর। ইয়াহ্ইয়া বলেন : শু’বা একে মরফূ’ করেছেন (অর্থাৎ রাসূলুল্লাহ্ (সাল্লাল্লাহু ‘আলাইহি ওয়া সাল্লাম) পর্যন্ত সনদের ধারা পৌঁছিয়েছেন)।",
        "ar": "أَخْبَرَنَا عَمْرُو بْنُ عَلِيٍّ قَالَ: حَدَّثَنَا يَحْيَى بْنُ سَعِيدٍ قَالَ: حَدَّثَنِي شُعْبَةُ وَهِشَامٌ، عَنْ قَتَادَةَ قَالَ: قُلْتُ لِجَابِرِ بْنِ زَيْدٍ: مَا يَقْطَعُ الصَّلَاةَ؟ قَالَ: كَانَ ابْنُ عَبَّاسٍ يَقُولُ: «الْمَرْأَةُ الْحَائِضُ وَالْكَلْبُ» قَالَ: يَحْيَى رَفَعَهُ شُعْبَةُ",
        "ar_diacless": "أخبرنا عمرو بن علي قال: حدثنا يحيى بن سعيد قال: حدثني شعبة وهشام، عن قتادة قال: قلت لجابر بن زيد: ما يقطع الصلاة؟ قال: كان ابن عباس يقول: «المرأة الحائض والكلب» قال: يحيى رفعه شعبة",
        "note": "",
        "grade_id": 2,
        "grade": "সহিহ হাদিস",
        "grade_color": "#46B891"
      },
      {
        "id": 36063,
        "book_id": 3,
        "book_name": "সুনানে আন-নাসায়ী",
        "chapter_id": 9,
        "section_id": 7,
        "hadith_key": "সুনানে আন-নাসায়ী: ৭৫২",
        "hadith_id": 752,
        "narrator": "ইব্‌ন আব্বাস (রাঃ)",
        "bn": "তিনি বলেন : আমি এবং ফযল আমাদের এক গর্দভীর উপর সওয়ার হয়ে আসলাম, তখন রাসূলুল্লাহ্ (সাল্লাল্লাহু ‘আলাইহি ওয়া সাল্লাম) আরাফায় লোকদের নিয়ে সালাত আদায় করছিলেন। তারপর তিনি কিছু বললেন, যার অর্থ হচ্ছে, আমরা কোন এক কাতারের মধ্যে ঢুকে পড়লাম এবং তা থেকে নামলাম এবং ওটাকে ঘাস খেতে ছেড়ে দিলাম। কিন্তু রাসূলুল্লাহ্ (সাল্লাল্লাহু ‘আলাইহি ওয়া সাল্লাম) আমাদের কিছুই বললেন না।",
        "ar": "أَخْبَرَنَا مُحَمَّدُ بْنُ مَنْصُورٍ، عَنْ سُفْيَانَ قَالَ: حَدَّثَنَا الزُّهْرِيُّ قَالَ: أَخْبَرَنِي عُبَيْدُ اللَّهِ، عَنِ ابْنِ عَبَّاسٍ قَالَ: «جِئْتُ أَنَا وَالْفَضْلُ عَلَى أَتَانٍ لَنَا وَرَسُولُ اللَّهِ صَلَّى اللهُ عَلَيْهِ وَسَلَّمَ يُصَلِّي بِالنَّاسِ بِعَرَفَةَ - ثُمَّ ذَكَرَ كَلِمَةً مَعْنَاهَا - فَمَرَرْنَا عَلَى بَعْضِ الصَّفِّ، فَنَزَلْنَا وَتَرَكْنَاهَا تَرْتَعُ، فَلَمْ يَقُلْ لَنَا رَسُولُ اللَّهِ صَلَّى اللهُ عَلَيْهِ وَسَلَّمَ شَيْئًا»",
        "ar_diacless": "أخبرنا محمد بن منصور، عن سفيان قال: حدثنا الزهري قال: أخبرني عبيد الله، عن ابن عباس قال: «جئت أنا والفضل على أتان لنا ورسول الله صلى الله عليه وسلم يصلي بالناس بعرفة - ثم ذكر كلمة معناها - فمررنا على بعض الصف، فنزلنا وتركناها ترتع، فلم يقل لنا رسول الله صلى الله عليه وسلم شيئا»",
        "note": "",
        "grade_id": 2,
        "grade": "সহিহ হাদিস",
        "grade_color": "#46B891"
      },
      {
        "id": 36067,
        "book_id": 3,
        "book_name": "সুনানে আন-নাসায়ী",
        "chapter_id": 9,
        "section_id": 7,
        "hadith_key": "সুনানে আন-নাসায়ী: ৭৫৩",
        "hadith_id": 753,
        "narrator": "ফযল ইব্‌ন আব্বাস (রাঃ)",
        "bn": "তিনি বলেন : রাসূলুল্লাহ্ (সাল্লাল্লাহু ‘আলাইহি ওয়া সাল্লাম) আমাদের এক বাগানে আব্বাস (রাঃ)-এর সাথে সাক্ষাত করলেন, সেখানে আমাদের ছোট কুকুর ছিল আর গর্দভী ঘাস খাচ্ছিল। রাসূলুল্লাহ্ (সাল্লাল্লাহু ‘আলাইহি ওয়া সাল্লাম) সেখানে আসরের সালাত আদায় করলেন। তখন যে দু’টি তাঁর সামনে ছিল, না এ দু’টিকে ধমক দেওয়া হয়েছিল, না পেছনে সরানো হয়েছিল।",
        "ar": "أَخْبَرَنَا عَبْدُ الرَّحْمَنِ بْنُ خَالِدٍ قَالَ: حَدَّثَنَا حَجَّاجٌ قَالَ: قَالَ ابْنُ جُرَيْجٍ: أَخْبَرَنِي مُحَمَّدُ بْنُ عُمَرَ بْنِ عَلِيٍّ، عَنْ عَبَّاسِ بْنِ عُبَيْدِ اللَّهِ بْنِ عَبَّاسٍ، عَنِ الْفَضْلِ بْنِ الْعَبَّاسِ قَالَ: «زَارَ رَسُولُ اللَّهِ صَلَّى اللهُ عَلَيْهِ وَسَلَّمَ عَبَّاسًا فِي بَادِيَةٍ لَنَا، وَلَنَا كُلَيْبَةٌ وَحِمَارَةٌ تَرْعَى فَصَلَّى النَّبِيُّ صَلَّى اللهُ عَلَيْهِ وَسَلَّمَ الْعَصْرَ وَهُمَا بَيْنَ يَدَيْهِ، فَلَمْ يُزْجَرَا وَلَمْ يُؤَخَّرَا»\n---\n[حكم الألباني] منكر ضعيف",
        "ar_diacless": "أخبرنا عبد الرحمن بن خالد قال: حدثنا حجاج قال: قال ابن جريج: أخبرني محمد بن عمر بن علي، عن عباس بن عبيد الله بن عباس، عن الفضل بن العباس قال: «زار رسول الله صلى الله عليه وسلم عباسا في بادية لنا، ولنا كليبة وحمارة ترعى فصلى النبي صلى الله عليه وسلم العصر وهما بين يديه، فلم يزجرا ولم يؤخرا»\n---\n[حكم الألباني] منكر ضعيف",
        "note": "",
        "grade_id": 17,
        "grade": "দুর্বল মুনকার",
        "grade_color": "#F85B24"
      },
      {
        "id": 36069,
        "book_id": 3,
        "book_name": "সুনানে আন-নাসায়ী",
        "chapter_id": 9,
        "section_id": 7,
        "hadith_key": "সুনানে আন-নাসায়ী: ৭৫৪",
        "hadith_id": 754,
        "narrator": "সুহায়ব (রহঃ)",
        "bn": "তিনি বলেন : আমি ইব্‌ন আব্বাস (রাঃ)-কে বর্ণনা করতে শুনেছি যে, তিনি এবং বনূ হাশিমের এক বালক রাসূলুল্লাহ্ (সাল্লাল্লাহু ‘আলাইহি ওয়া সাল্লাম)-এর সামনে দিয়ে গাধার উপর সওয়ার হয়ে গেলেন। তখন তিনি সালাত আদায় করছিলেন। তখন তারা অবতরণ করে তাঁর সাথে সালাত আদায় করলেন। রাসূলুল্লাহ্ (সাল্লাল্লাহু ‘আলাইহি ওয়া সাল্লাম) সালাত সমাপ্ত না করতেই বনূ আবদুল মুত্তালিবের দু’টি বালিকা দৌড়ে আসল। তারা এসে তাঁর হাঁটুদ্বয় ধরল। তিনি তাদের উভয়কে পৃথক করে দিলেন। তখনও তিনি সালাত শেষ করেন নি।",
        "ar": "أَخْبَرَنَا أَبُو الْأَشْعَثِ قَالَ: حَدَّثَنَا خَالِدٌ قَالَ: حَدَّثَنَا شُعْبَةُ، أَنَّ الْحَكَمَ أَخْبَرَهُ قَالَ: سَمِعْتُ يَحْيَى بْنَ الْجَزَّارِ يُحَدِّثُ، عَنْ صُهَيْبٍ قَالَ: سَمِعْتُ ابْنَ عَبَّاسٍ يُحَدِّثُ أَنَّهُ «مَرَّ بَيْنَ يَدَيْ رَسُولِ اللَّهِ صَلَّى اللهُ عَلَيْهِ وَسَلَّمَ هُوَ وَغُلَامٌ مِنْ بَنِي هَاشِمٍ عَلَى حِمَارٍ بَيْنَ يَدَيْ رَسُولِ اللَّهِ صَلَّى اللهُ عَلَيْهِ وَسَلَّمَ وَهُوَ يُصَلِّي، فَنَزَلُوا وَدَخَلُوا مَعَهُ فَصَلَّوْا وَلَمْ يَنْصَرِفْ، فَجَاءَتْ جَارِيَتَانِ تَسْعَيَانِ مِنْ بَنِي عَبْدِ الْمُطَّلِبِ فَأَخَذَتَا بِرُكْبَتَيْهِ، فَفَرَعَ بَيْنَهُمَا وَلَمْ يَنْصَرِفْ»",
        "ar_diacless": "أخبرنا أبو الأشعث قال: حدثنا خالد قال: حدثنا شعبة، أن الحكم أخبره قال: سمعت يحيى بن الجزار يحدث، عن صهيب قال: سمعت ابن عباس يحدث أنه «مر بين يدي رسول الله صلى الله عليه وسلم هو وغلام من بني هاشم على حمار بين يدي رسول الله صلى الله عليه وسلم وهو يصلي، فنزلوا ودخلوا معه فصلوا ولم ينصرف، فجاءت جاريتان تسعيان من بني عبد المطلب فأخذتا بركبتيه، ففرع بينهما ولم ينصرف»",
        "note": "",
        "grade_id": 2,
        "grade": "সহিহ হাদিস",
        "grade_color": "#46B891"
      },
      {
        "id": 36068,
        "book_id": 3,
        "book_name": "সুনানে আন-নাসায়ী",
        "chapter_id": 9,
        "section_id": 7,
        "hadith_key": "সুনানে আন-নাসায়ী: ৭৫৫",
        "hadith_id": 755,
        "narrator": "আয়েশা (রাঃ)",
        "bn": "তিনি বলেন : আমি রাসূলুল্লাহ্ (সাল্লাল্লাহু ‘আলাইহি ওয়া সাল্লাম)-এর সামনে ছিলাম আর তিনি সালাত আদায় করছিলেন। আমি যখন উঠে যেতে চাইলাম, তখন আমি দাঁড়িয়ে তাঁর সম্মুখ দিয়ে যাওয়াটাকে খারাপ মনে করে আস্তে আস্তে (চাদরের নিচ থেকে) বের হয়ে গেলাম।",
        "ar": "أَخْبَرَنَا إِسْمَاعِيلُ بْنُ مَسْعُودٍ قَالَ: حَدَّثَنَا خَالِدٌ قَالَ: حَدَّثَنَا شُعْبَةُ، عَنْ مَنْصُورٍ، عَنْ إِبْرَاهِيمَ، عَنِ الْأَسْوَدِ، عَنْ عَائِشَةَ رَضِيَ اللَّهُ عَنْهَا قَالَتْ: «كُنْتُ بَيْنَ يَدَيْ رَسُولِ اللَّهِ صَلَّى اللهُ عَلَيْهِ وَسَلَّمَ وَهُوَ يُصَلِّي، فَإِذَا أَرَدْتُ أَنْ أَقُومَ كَرِهْتُ أَنْ أَقُومَ فَأَمُرَّ بَيْنَ يَدَيْهِ انْسَلَلْتُ انْسِلَالًا»",
        "ar_diacless": "أخبرنا إسماعيل بن مسعود قال: حدثنا خالد قال: حدثنا شعبة، عن منصور، عن إبراهيم، عن الأسود، عن عائشة رضي الله عنها قالت: «كنت بين يدي رسول الله صلى الله عليه وسلم وهو يصلي، فإذا أردت أن أقوم كرهت أن أقوم فأمر بين يديه انسللت انسلالا»",
        "note": "",
        "grade_id": 2,
        "grade": "সহিহ হাদিস",
        "grade_color": "#46B891"
      }
    ]
  },
  {
    "id": 12853,
    "book_id": 3,
    "book_name": "nasai",
    "chapter_id": 9,
    "section_id": 8,
    "title": "মুসল্লী ও তার সুতরার মাঝখান দিয়ে যাওয়া সম্পর্কে কঠোর বাণী",
    "preface": "",
    "number": "পরিচ্ছেদ",
    "sort_order": 8,
    "hadiths": [
      {
        "id": 36072,
        "book_id": 3,
        "book_name": "সুনানে আন-নাসায়ী",
        "chapter_id": 9,
        "section_id": 8,
        "hadith_key": "সুনানে আন-নাসায়ী: ৭৫৬",
        "hadith_id": 756,
        "narrator": "বুসর ইব্‌ন সাঈদ (রহঃ)",
        "bn": "যে, যায়দ ইব্‌ন খালিদ তাঁকে আবূ জুহায়মের নিকট মুসল্লীর সামনে দিয়ে গমনকারী সম্বন্ধে রাসূলুল্লাহ্ (সাল্লাল্লাহু ‘আলাইহি ওয়া সাল্লাম)-কে তিনি কি বলতে শুনেছেন তা জিজ্ঞাসা করার জন্য পাঠালেন। তখন আবূ জুহায়ম (রাঃ) বললেন, রাসূলুল্লাহ্ (সাল্লাল্লাহু ‘আলাইহি ওয়া সাল্লাম) বলেছেন। মুসল্লীর সামনে দিয়ে গমনকারী যদি জানত তার কি (ক্ষতি ও পাপ) হবে, তাহলে মুসল্লীর সম্মুখ দিয়ে গমন করার চাইতে চল্লিশ (বছর) দাঁড়িয়ে থাকা সে উত্তম মনে করতো।",
        "ar": "خْبَرَنَا قُتَيْبَةُ، عَنْ مَالِكٍ، عَنْ أَبِي النَّضْرِ، عَنْ بُسْرِ بْنِ سَعِيدٍ، أَنَّ زَيْدَ بْنَ خَالِدٍ أَرْسَلَهُ إِلَى أَبِي جُهَيْمٍ يَسْأَلُهُ: مَاذَا سَمِعَ مِنْ رَسُولِ اللَّهِ صَلَّى اللهُ عَلَيْهِ وَسَلَّمَ يَقُولُ: فِي الْمَارِّ بَيْنَ يَدَيِ الْمُصَلِّي، فَقَالَ أَبُو جُهَيْمٍ: قَالَ رَسُولُ اللَّهِ صَلَّى اللهُ عَلَيْهِ وَسَلَّمَ: «لَوْ يَعْلَمُ الْمَارُّ بَيْنَ يَدَيِ الْمُصَلِّي مَاذَا عَلَيْهِ لَكَانَ أَنْ يَقِفَ أَرْبَعِينَ خَيْرًا لَهُ مِنْ أَنْ يَمُرَّ بَيْنَ يَدَيْهِ»",
        "ar_diacless": "خبرنا قتيبة، عن مالك، عن أبي النضر، عن بسر بن سعيد، أن زيد بن خالد أرسله إلى أبي جهيم يسأله: ماذا سمع من رسول الله صلى الله عليه وسلم يقول: في المار بين يدي المصلي، فقال أبو جهيم: قال رسول الله صلى الله عليه وسلم: «لو يعلم المار بين يدي المصلي ماذا عليه لكان أن يقف أربعين خيرا له من أن يمر بين يديه»",
        "note": "",
        "grade_id": 2,
        "grade": "সহিহ হাদিস",
        "grade_color": "#46B891"
      },
      {
        "id": 36071,
        "book_id": 3,
        "book_name": "সুনানে আন-নাসায়ী",
        "chapter_id": 9,
        "section_id": 8,
        "hadith_key": "সুনানে আন-নাসায়ী: ৭৫৭",
        "hadith_id": 757,
        "narrator": "আবু সাঈদ (রাঃ)",
        "bn": "রাসূলুল্লাহ্‌ (সাল্লাল্লাহু ‘আলাইহি ওয়া সাল্লাম) বলেছেন, তোমাদের কেউ যখন সালাত আদায় করতে থাকে তাহলে সে যেন কাউকে তার সামনে দিয়ে যেতে না দেয়, যদি সে না মানে, তাহলে সে যেন শক্তি প্রয়োগ করে বাধা দেয়।",
        "ar": "أَخْبَرَنَا قُتَيْبَةُ، عَنْ مَالِكٍ، عَنْ زَيْدِ بْنِ أَسْلَمَ، عَنْ عَبْدِ الرَّحْمَنِ بْنِ أَبِي سَعِيدٍ، عَنْ أَبِي سَعِيدٍ، أَنَّ رَسُولَ اللَّهِ صَلَّى اللهُ عَلَيْهِ وَسَلَّمَ قَالَ: «إِذَا كَانَ أَحَدُكُمْ يُصَلِّي فَلَا يَدَعْ أَحَدًا أَنْ يَمُرَّ بَيْنَ يَدَيْهِ، فَإِنْ أَبَى فَلْيُقَاتِلْهُ»",
        "ar_diacless": "أخبرنا قتيبة، عن مالك، عن زيد بن أسلم، عن عبد الرحمن بن أبي سعيد، عن أبي سعيد، أن رسول الله صلى الله عليه وسلم قال: «إذا كان أحدكم يصلي فلا يدع أحدا أن يمر بين يديه، فإن أبى فليقاتله»",
        "note": "",
        "grade_id": 2,
        "grade": "সহিহ হাদিস",
        "grade_color": "#46B891"
      }
    ]
  },
  {
    "id": 12854,
    "book_id": 3,
    "book_name": "nasai",
    "chapter_id": 9,
    "section_id": 9,
    "title": "এর অনুমতি",
    "preface": "",
    "number": "পরিচ্ছেদ",
    "sort_order": 9,
    "hadiths": [
      {
        "id": 36073,
        "book_id": 3,
        "book_name": "সুনানে আন-নাসায়ী",
        "chapter_id": 9,
        "section_id": 9,
        "hadith_key": "সুনানে আন-নাসায়ী: ৭৫৮",
        "hadith_id": 758,
        "narrator": "কাছীর (রহঃ)-এর দাদা",
        "bn": "তিনি বলেছেন : আমি রাসূলুল্লাহ্‌ (সাল্লাল্লাহু ‘আলাইহি ওয়া সাল্লাম)-কে দেখলাম তিনি সাতবার কা’বার তাওয়াফ করলেন। তারপর মাকামে ইবরাহীমের নিকট বায়তুল্লাহর বরাবর দু’ রাকা’আত সালাত আদায় করলেন। তখন তাঁর ও তাওয়াফকারীদের মধ্যে কেউ ছিল না।",
        "ar": "أَخْبَرَنَا إِسْحَاقُ بْنُ إِبْرَاهِيمَ قَالَ: أَنْبَأَنَا عِيسَى بْنُ يُونُسَ قَالَ: حَدَّثَنَا عَبْدُ الْمَلِكِ بْنُ عَبْدِ الْعَزِيزِ بْنِ جُرَيْجٍ، عَنْ كَثِيرِ بْنِ كَثِيرٍ، عَنْ أَبِيهِ، عَنْ جَدِّهِ قَالَ: «رَأَيْتُ رَسُولَ اللَّهِ صَلَّى اللهُ عَلَيْهِ وَسَلَّمَ طَافَ بِالْبَيْتِ سَبْعًا، ثُمَّ صَلَّى رَكْعَتَيْنِ بِحِذَائِهِ فِي حَاشِيَةِ الْمَقَامِ وَلَيْسَ بَيْنَهُ وَبَيْنَ الطُّوَّافِ أَحَدٌ»",
        "ar_diacless": "أخبرنا إسحاق بن إبراهيم قال: أنبأنا عيسى بن يونس قال: حدثنا عبد الملك بن عبد العزيز بن جريج، عن كثير بن كثير، عن أبيه، عن جده قال: «رأيت رسول الله صلى الله عليه وسلم طاف بالبيت سبعا، ثم صلى ركعتين بحذائه في حاشية المقام وليس بينه وبين الطواف أحد»",
        "note": "",
        "grade_id": 4,
        "grade": "দুর্বল হাদিস",
        "grade_color": "#F85B24"
      }
    ]
  },
  {
    "id": 12855,
    "book_id": 3,
    "book_name": "nasai",
    "chapter_id": 9,
    "section_id": 10,
    "title": "নিদ্রিত ব্যক্তির পেছনে সালাত আদায় করার অনুমতি",
    "preface": "",
    "number": "পরিচ্ছেদ",
    "sort_order": 10,
    "hadiths": [
      {
        "id": 36075,
        "book_id": 3,
        "book_name": "সুনানে আন-নাসায়ী",
        "chapter_id": 9,
        "section_id": 10,
        "hadith_key": "সুনানে আন-নাসায়ী: ৭৫৯",
        "hadith_id": 759,
        "narrator": "আয়েশা (রাঃ)",
        "bn": "তিনি বলেন : রাসূলুল্লাহ্‌ (সাল্লাল্লাহু ‘আলাইহি ওয়া সাল্লাম) (তাহাজ্জুদের) সালাত আদায় করতেন, তখন আমি তাঁর ও কিবলার মধ্যস্থলে নিদ্রিত অবস্থায় তাঁর বিছানায় শুয়ে থাকতাম। যখন তিনি বিতরের সালাত আদায় করতে ইচ্ছা করতেন, তখন আমাকে জাগিয়ে দিতেন এবং আমি বিতরের সালাত আদায় করতাম।",
        "ar": "أَخْبَرَنَا عُبَيْدُ اللَّهِ بْنُ سَعِيدٍ قَالَ: حَدَّثَنَا يَحْيَى، عَنْ هِشَامٍ قَالَ: حَدَّثَنَا أَبِي، عَنْ عَائِشَةَ قَالَتْ: «كَانَ رَسُولُ اللَّهِ صَلَّى اللهُ عَلَيْهِ وَسَلَّمَ يُصَلِّي مِنَ اللَّيْلِ وَأَنَا رَاقِدَةٌ مُعْتَرِضَةٌ بَيْنَهُ وَبَيْنَ الْقِبْلَةِ عَلَى فِرَاشِهِ، فَإِذَا أَرَادَ أَنْ يُوتِرَ أَيْقَظَنِي فَأَوْتَرْتُ»",
        "ar_diacless": "أخبرنا عبيد الله بن سعيد قال: حدثنا يحيى، عن هشام قال: حدثنا أبي، عن عائشة قالت: «كان رسول الله صلى الله عليه وسلم يصلي من الليل وأنا راقدة معترضة بينه وبين القبلة على فراشه، فإذا أراد أن يوتر أيقظني فأوترت»",
        "note": "",
        "grade_id": 2,
        "grade": "সহিহ হাদিস",
        "grade_color": "#46B891"
      }
    ]
  },
  {
    "id": 12856,
    "book_id": 3,
    "book_name": "nasai",
    "chapter_id": 9,
    "section_id": 11,
    "title": "কবরের দিকে সালাত আদায় করার নিষেধাজ্ঞা",
    "preface": "",
    "number": "পরিচ্ছেদ",
    "sort_order": 11,
    "hadiths": [
      {
        "id": 36077,
        "book_id": 3,
        "book_name": "সুনানে আন-নাসায়ী",
        "chapter_id": 9,
        "section_id": 11,
        "hadith_key": "সুনানে আন-নাসায়ী: ৭৬০",
        "hadith_id": 760,
        "narrator": "আবূ মারসাদ গানাবী (রহঃ)",
        "bn": "তিনি বলেন : রাসূলুল্লাহ্‌ (সাল্লাল্লাহু ‘আলাইহি ওয়া সাল্লাম) বলেছেন: তোমরা কবরের দিকে মুখ করে সালাত আদায় করবে না এবং তার উপর উপবেশন করবে না।",
        "ar": "أَخْبَرَنَا عَلِيُّ بْنُ حُجْرٍ قَالَ: حَدَّثَنَا الْوَلِيدُ، عَنِ ابْنِ جَابِرٍ، عَنْ بُسْرِ بْنِ عُبَيْدِ اللَّهِ، عَنْ وَاثِلَةَ بْنِ الْأَسْقَعِ، عَنْ أَبِي مَرْثَدٍ الْغَنَوِيِّ قَالَ: قَالَ رَسُولُ اللَّهِ صَلَّى اللهُ عَلَيْهِ وَسَلَّمَ: «لَا تُصَلُّوا إِلَى الْقُبُورِ وَلَا تَجْلِسُوا عَلَيْهَا»",
        "ar_diacless": "أخبرنا علي بن حجر قال: حدثنا الوليد، عن ابن جابر، عن بسر بن عبيد الله، عن واثلة بن الأسقع، عن أبي مرثد الغنوي قال: قال رسول الله صلى الله عليه وسلم: «لا تصلوا إلى القبور ولا تجلسوا عليها»",
        "note": "",
        "grade_id": 2,
        "grade": "সহিহ হাদিস",
        "grade_color": "#46B891"
      }
    ]
  },
  {
    "id": 12857,
    "book_id": 3,
    "book_name": "nasai",
    "chapter_id": 9,
    "section_id": 12,
    "title": "ছবিওয়ালা কাপড়ের দিকে সালাত আদায় করা",
    "preface": "",
    "number": "পরিচ্ছেদ",
    "sort_order": 12,
    "hadiths": [
      {
        "id": 36078,
        "book_id": 3,
        "book_name": "সুনানে আন-নাসায়ী",
        "chapter_id": 9,
        "section_id": 12,
        "hadith_key": "সুনানে আন-নাসায়ী: ৭৬১",
        "hadith_id": 761,
        "narrator": "আয়েশা (রাঃ)",
        "bn": "তিনি বলেন : আমার ঘরে একখানা কাপড় ছিল যাতে ছবি ছিল। আমি তা ঘরের তাকের দিকে রাখলাম। রাসূলুল্লাহ্‌ (সাল্লাল্লাহু ‘আলাইহি ওয়া সাল্লাম) তার দিকে সালাত আদায় করতেন। তারপর তিনি বলেছিলেন : হে আয়েশা ! ওটা আমার সম্মুখ থেকে সরাও। আমি সরিয়ে ফেললাম এবং তা দ্বারা বালিশ বানালাম।",
        "ar": "أَخْبَرَنَا مُحَمَّدُ بْنُ عَبْدِ الْأَعْلَى الصَّنْعَانِيُّ قَالَ: حَدَّثَنَا خَالِدٌ قَالَ: حَدَّثَنَا شُعْبَةُ، عَنْ عَبْدِ الرَّحْمَنِ بْنِ الْقَاسِمِ قَالَ: سَمِعْتُ الْقَاسِمَ يُحَدِّثُ، عَنْ عَائِشَةَ قَالَتْ: كَانَ فِي بَيْتِي ثَوْبٌ فِيهِ تَصَاوِيرُ فَجَعَلْتُهُ إِلَى سَهْوَةٍ فِي الْبَيْتِ، فَكَانَ رَسُولُ اللَّهِ صَلَّى اللهُ عَلَيْهِ وَسَلَّمَ يُصَلِّي إِلَيْهِ، ثُمَّ قَالَ: «يَا عَائِشَةُ أَخِّرِيهِ عَنِّي». فَنَزَعْتُهُ فَجَعَلْتُهُ وَسَائِدَ",
        "ar_diacless": "أخبرنا محمد بن عبد الأعلى الصنعاني قال: حدثنا خالد قال: حدثنا شعبة، عن عبد الرحمن بن القاسم قال: سمعت القاسم يحدث، عن عائشة قالت: كان في بيتي ثوب فيه تصاوير فجعلته إلى سهوة في البيت، فكان رسول الله صلى الله عليه وسلم يصلي إليه، ثم قال: «يا عائشة أخريه عني». فنزعته فجعلته وسائد",
        "note": "",
        "grade_id": 2,
        "grade": "সহিহ হাদিস",
        "grade_color": "#46B891"
      }
    ]
  },
  {
    "id": 12858,
    "book_id": 3,
    "book_name": "nasai",
    "chapter_id": 9,
    "section_id": 13,
    "title": "মুসল্লি এবং ইমামের মধ্যে আড়াল",
    "preface": "",
    "number": "পরিচ্ছেদ",
    "sort_order": 13,
    "hadiths": [
      {
        "id": 36079,
        "book_id": 3,
        "book_name": "সুনানে আন-নাসায়ী",
        "chapter_id": 9,
        "section_id": 13,
        "hadith_key": "সুনানে আন-নাসায়ী: ৭৬২",
        "hadith_id": 762,
        "narrator": "আয়েশা (রাঃ)",
        "bn": "তিনি বলেনঃ রাসূলুল্লাহ্‌ (সাল্লাল্লাহু ‘আলাইহি ওয়া সাল্লাম)-এর একখানা মাদুর ছিল। তিনি দিনের বেলা তা বিছাতেন এবং রাতের বেলায় তা দ্বারা কুঠুরির মতো বানাতেন এবং তার ভেতর সালাত আদায় করতেন। লোক তা জানতে পেরে তাঁর সঙ্গে সালাতে শরীক হতেন, তখন তাঁর মধ্যে এবং তাদের মধ্যে থাকত ঐ মাদুর। তিনি বললেন, যতক্ষন সামর্থ্য হয়, খুশিমনে আমল করতে থাক। তোমরা যতক্ষণ ক্লান্ত না হও ততক্ষণ পর্যন্ত আল্লাহ তা’আলাও তোমাদের থেকে অনুগ্রহের ধারা বন্ধ করেন না। আর আল্লাহর নিকট ঐ আমলই সবচেয়ে অধিক পছন্দনীয় যা স্থায়ীভাবে করা হয়। যদিও তা স্বল্প হয়। তারপর তিনি তাঁর এই সালাতের স্থান ত্যাগ করলেন। আল্লাহ তা’আলা তাঁকে তুলে নেয়ার পূর্ব পর্যন্ত তিনি আর সেখানে ফিরে আসেন নি। তিনি যখন কোন কাজ আরম্ভ করতেন, তা সবসময় আদায় করতেন।",
        "ar": "أَخْبَرَنَا قُتَيْبَةُ قَالَ: حَدَّثَنَا اللَّيْثُ، عَنِ ابْنِ عَجْلَانَ، عَنْ سَعِيدٍ الْمَقْبُرِيِّ، عَنْ أَبِي سَلَمَةَ، عَنْ عَائِشَةَ قَالَتْ: كَانَ لِرَسُولِ اللَّهِ صَلَّى اللهُ عَلَيْهِ وَسَلَّمَ حَصِيرَةٌ يَبْسُطُهَا بِالنَّهَارِ وَيَحْتَجِرُهَا بِاللَّيْلِ فَيُصَلِّي فِيهَا، فَفَطَنَ لَهُ النَّاسُ فَصَلَّوْا بِصَلَاتِهِ وَبَيْنَهُ وَبَيْنَهُمُ الْحَصِيرَةُ فَقَالَ: «اكْلُفُوا مِنَ الْعَمَلِ مَا تُطِيقُونَ؛ فَإِنَّ اللَّهَ عَزَّ وَجَلَّ لَا يَمَلُّ حَتَّى تَمَلُّوا، وَإِنَّ أَحَبَّ الْأَعْمَالِ إِلَى اللَّهِ عَزَّ وَجَلَّ أَدْوَمُهُ وَإِنْ قَلَّ» ثُمَّ تَرَكَ مُصَلَّاهُ ذَلِكَ فَمَا عَادَ لَهُ حَتَّى قَبَضَهُ اللَّهُ عَزَّ وَجَلَّ، وَكَانَ إِذَا عَمِلَ عَمَلًا أَثْبَتَهُ\n---\n[حكم الألباني] حسن صحيح",
        "ar_diacless": "أخبرنا قتيبة قال: حدثنا الليث، عن ابن عجلان، عن سعيد المقبري، عن أبي سلمة، عن عائشة قالت: كان لرسول الله صلى الله عليه وسلم حصيرة يبسطها بالنهار ويحتجرها بالليل فيصلي فيها، ففطن له الناس فصلوا بصلاته وبينه وبينهم الحصيرة فقال: «اكلفوا من العمل ما تطيقون؛ فإن الله عز وجل لا يمل حتى تملوا، وإن أحب الأعمال إلى الله عز وجل أدومه وإن قل» ثم ترك مصلاه ذلك فما عاد له حتى قبضه الله عز وجل، وكان إذا عمل عملا أثبته\n---\n[حكم الألباني] حسن صحيح",
        "note": "",
        "grade_id": 12,
        "grade": "হাসান সহিহ",
        "grade_color": "#46B891"
      }
    ]
  },
  {
    "id": 12859,
    "book_id": 3,
    "book_name": "nasai",
    "chapter_id": 9,
    "section_id": 14,
    "title": "এক বস্ত্রে সালাত",
    "preface": "",
    "number": "পরিচ্ছেদ",
    "sort_order": 14,
    "hadiths": [
      {
        "id": 36081,
        "book_id": 3,
        "book_name": "সুনানে আন-নাসায়ী",
        "chapter_id": 9,
        "section_id": 14,
        "hadith_key": "সুনানে আন-নাসায়ী: ৭৬৩",
        "hadith_id": 763,
        "narrator": "আবূ হুরায়রা (রাঃ)",
        "bn": "যে, এক প্রশ্নকারী রাসূলুল্লাহ্‌ (সাল্লাল্লাহু ‘আলাইহি ওয়া সাল্লাম)-কে এক বস্ত্রে সালাত আদায় করা সম্বন্ধে প্রশ্ন করলে তিনি বললেন : তোমাদের প্রত্যেকের কি দু’খানা কাপড় রয়েছে ? [১]",
        "ar": "أَخْبَرَنَا قُتَيْبَةُ بْنُ سَعِيدٍ، عَنْ مَالِكٍ، عَنِ ابْنِ شِهَابٍ، عَنْ سَعِيدِ بْنِ الْمُسَيِّبِ، عَنْ أَبِي هُرَيْرَةَ، أَنَّ سَائِلًا سَأَلَ رَسُولَ اللَّهِ صَلَّى اللهُ عَلَيْهِ وَسَلَّمَ عَنِ الصَّلَاةِ فِي الثَّوْبِ الْوَاحِدِ فَقَالَ: «أَوَلِكُلِّكُمْ ثَوْبَانِ»",
        "ar_diacless": "أخبرنا قتيبة بن سعيد، عن مالك، عن ابن شهاب، عن سعيد بن المسيب، عن أبي هريرة، أن سائلا سأل رسول الله صلى الله عليه وسلم عن الصلاة في الثوب الواحد فقال: «أولكلكم ثوبان»",
        "note": "[১] এতে বুঝা যায় যে, দু’কাপড়ে অর্থাৎ তহবন্দ ও চাদর কিংবা তহবন্দ ও জামায় সালাত আদায় উত্তম হলেও এক কাপড়েও তা জায়েয।",
        "grade_id": 2,
        "grade": "সহিহ হাদিস",
        "grade_color": "#46B891"
      },
      {
        "id": 36082,
        "book_id": 3,
        "book_name": "সুনানে আন-নাসায়ী",
        "chapter_id": 9,
        "section_id": 14,
        "hadith_key": "সুনানে আন-নাসায়ী: ৭৬৪",
        "hadith_id": 764,
        "narrator": "উমর ইব্‌ন আবূ সালামা (রাঃ)",
        "bn": "তিনি রাসূলুল্লাহ্‌ (সাল্লাল্লাহু ‘আলাইহি ওয়া সাল্লাম)-কে এক বস্ত্রে তার দু’দিক তাঁর দুই কাধের উপর রেখে উম্মে সালামার ঘরে সালাত আদায় করতে দেখেছেন।",
        "ar": "أَخْبَرَنَا قُتَيْبَةُ، عَنْ مَالِكٍ، عَنْ هِشَامِ بْنِ عُرْوَةَ، عَنْ أَبِيهِ، عَنْ عُمَرَ بْنِ أَبِي سَلَمَةَ أَنَّهُ «رَأَى رَسُولَ اللَّهِ صَلَّى اللهُ عَلَيْهِ وَسَلَّمَ يُصَلِّي فِي ثَوْبٍ وَاحِدٍ فِي بَيْتِ أُمِّ سَلَمَةَ وَاضِعًا طَرَفَيْهِ عَلَى عَاتِقَيْهِ»",
        "ar_diacless": "أخبرنا قتيبة، عن مالك، عن هشام بن عروة، عن أبيه، عن عمر بن أبي سلمة أنه «رأى رسول الله صلى الله عليه وسلم يصلي في ثوب واحد في بيت أم سلمة واضعا طرفيه على عاتقيه»",
        "note": "",
        "grade_id": 2,
        "grade": "সহিহ হাদিস",
        "grade_color": "#46B891"
      }
    ]
  },
  {
    "id": 12860,
    "book_id": 3,
    "book_name": "nasai",
    "chapter_id": 9,
    "section_id": 15,
    "title": "এক জামায় সালাত আদায় করা",
    "preface": "",
    "number": "পরিচ্ছেদ",
    "sort_order": 15,
    "hadiths": [
      {
        "id": 36083,
        "book_id": 3,
        "book_name": "সুনানে আন-নাসায়ী",
        "chapter_id": 9,
        "section_id": 15,
        "hadith_key": "সুনানে আন-নাসায়ী: ৭৬৫",
        "hadith_id": 765,
        "narrator": "সালামা ইব্‌ন আক্‌ওয়া (রাঃ)",
        "bn": "তিনি বলেন : আমি বললাম, ইয়া রাসূলাল্লাহ ! আমি শিকার করতে যাই তখন জামা ছাড়া আমার গায়ে আর কিছু থাকে না। আমি কি তাতেই সালাত আদায় করব ? তিনি বললেন : তার গেরেবান বন্ধ করে নেবে কাঁটা দ্বারা হলেও। [২]",
        "ar": "أَخْبَرَنَا قُتَيْبَةُ قَالَ: حَدَّثَنَا الْعَطَّافُ، عَنْ مُوسَى بْنِ إِبْرَاهِيمَ، عَنْ سَلَمَةَ بْنِ الْأَكْوَعِ قَالَ: قُلْتُ: يَا رَسُولَ اللَّهِ، إِنِّي لَأَكُونُ فِي الصَّيْدِ ولَيْسَ عَلَيَّ إِلَّا الْقَمِيصُ أَفَأُصَلِّي فِيهِ؟ قَالَ: «وَزُرَّهُ عَلَيْكَ وَلَوْ بِشَوْكَةٍ»",
        "ar_diacless": "أخبرنا قتيبة قال: حدثنا العطاف، عن موسى بن إبراهيم، عن سلمة بن الأكوع قال: قلت: يا رسول الله، إني لأكون في الصيد وليس علي إلا القميص أفأصلي فيه؟ قال: «وزره عليك ولو بشوكة»",
        "note": "[২] গেরেবান জামার গলার বা বুকের দিকে উন্মুক্ত অংশ। গেরেবান বন্ধ করার উদ্দেশ্য এই যে, এতে ভেতরের দিকে সতর দেখা যাবে না।",
        "grade_id": 3,
        "grade": "হাসান হাদিস",
        "grade_color": "#46B891"
      }
    ]
  },
  {
    "id": 12861,
    "book_id": 3,
    "book_name": "nasai",
    "chapter_id": 9,
    "section_id": 16,
    "title": "ইযার পরিধান করে সালাত আদায় করা",
    "preface": "",
    "number": "পরিচ্ছেদ",
    "sort_order": 16,
    "hadiths": [
      {
        "id": 36084,
        "book_id": 3,
        "book_name": "সুনানে আন-নাসায়ী",
        "chapter_id": 9,
        "section_id": 16,
        "hadith_key": "সুনানে আন-নাসায়ী: ৭৬৬",
        "hadith_id": 766,
        "narrator": "সাহল ইব্‌ন সা’দ (রাঃ)",
        "bn": "তিনি বলেন : কিছু লোক রাসূলুল্লাহ্‌ (সাল্লাল্লাহু ‘আলাইহি ওয়া সাল্লাম)-এর সঙ্গে শিশুদের মত ইযারে গিরা দিয়ে সালাত আদায় করতেন। মহিলাদের বলা হতো, পুরুষেরা সোজা হয়ে বসার পূর্বে তোমরা তোমাদের মাথা সিজদা থেকে ওঠাবে না।",
        "ar": "أَخْبَرَنَا عُبَيْدُ اللَّهِ بْنُ سَعِيدٍ قَالَ: حَدَّثَنَا يَحْيَى، عَنْ سُفْيَانَ قَالَ: حَدَّثَنِي أَبُو حَازِمٍ، عَنْ سَهْلِ بْنِ سَعْدٍ قَالَ: كَانَ رِجَالٌ يُصَلُّونَ مَعَ رَسُولِ اللَّهِ صَلَّى اللهُ عَلَيْهِ وَسَلَّمَ عَاقِدِينَ أُزْرَهُمْ كَهَيْئَةِ الصِّبْيَانِ، فَقِيلَ لِلنِّسَاءِ: «لَا تَرْفَعْنَ رُءُوسَكُنَّ حَتَّى يَسْتَوِيَ الرِّجَالُ جُلُوسًا»",
        "ar_diacless": "أخبرنا عبيد الله بن سعيد قال: حدثنا يحيى، عن سفيان قال: حدثني أبو حازم، عن سهل بن سعد قال: كان رجال يصلون مع رسول الله صلى الله عليه وسلم عاقدين أزرهم كهيئة الصبيان، فقيل للنساء: «لا ترفعن رءوسكن حتى يستوي الرجال جلوسا»",
        "note": "",
        "grade_id": 2,
        "grade": "সহিহ হাদিস",
        "grade_color": "#46B891"
      },
      {
        "id": 36085,
        "book_id": 3,
        "book_name": "সুনানে আন-নাসায়ী",
        "chapter_id": 9,
        "section_id": 16,
        "hadith_key": "সুনানে আন-নাসায়ী: ৭৬৭",
        "hadith_id": 767,
        "narrator": "আমর ইব্‌ন সালামা (রাঃ)",
        "bn": "তিনি বলেন : যখন আমার সম্প্রদায় রাসূলুল্লাহ্‌ (সাল্লাল্লাহু ‘আলাইহি ওয়া সাল্লাম)-এর নিকট থেকে প্রত্যাবর্তন করল, তখন তারা বলল যে, তিনি বলেছেন : তোমাদের ইমামতি করবে সে-ই, যে তোমাদের মধ্যে কুরআন বেশি পড়তে পারে। তিনি আরো বলেন : তখন তারা আমাকে ডাকল এবং আমাকে রুকূ-সিজদা শিখিয়ে দিল। তারপর আমি তাদের নিয়ে সালাত আদায় করতাম। তখন আমার গায়ে থাকত একখানা কাটা চাদর। তারা আমার পিতাকে বলতো, আপনি কি আমাদের থেকে আপনার ছেলের নিতম্ব ঢাকবেন না ?",
        "ar": "أَخْبَرَنَا شُعَيْبُ بْنُ يُوسُفَ قَالَ: حَدَّثَنَا يَزِيدُ بْنُ هَارُونَ قَالَ: أَنْبَأَنَا عَاصِمٌ، عَنْ عَمْرِو بْنِ سَلَمَةَ قَالَ: لَمَّا رَجَعَ قَوْمِي مِنْ عِنْدِ النَّبِيِّ صَلَّى اللهُ عَلَيْهِ وَسَلَّمَ قَالُوا إِنَّهُ قَالَ: «لِيَؤُمَّكُمْ أَكْثَرُكُمْ قِرَاءَةً لِلْقُرْآنِ» قَالَ: فدعوْني فعلَّموني الرُّكُوعَ وَالسُّجُودَ، فَكُنْتُ أُصَلِّي بِهِمْ وَكَانَتْ عَلَيَّ بُرْدَةٌ مَفْتُوقَةٌ فَكَانُوا يَقُولُونَ لِأَبِي: أَلَا تُغَطِّي عَنَّا اسْتَ ابْنِكَ",
        "ar_diacless": "أخبرنا شعيب بن يوسف قال: حدثنا يزيد بن هارون قال: أنبأنا عاصم، عن عمرو بن سلمة قال: لما رجع قومي من عند النبي صلى الله عليه وسلم قالوا إنه قال: «ليؤمكم أكثركم قراءة للقرآن» قال: فدعوني فعلموني الركوع والسجود، فكنت أصلي بهم وكانت علي بردة مفتوقة فكانوا يقولون لأبي: ألا تغطي عنا است ابنك",
        "note": "",
        "grade_id": 2,
        "grade": "সহিহ হাদিস",
        "grade_color": "#46B891"
      }
    ]
  },
  {
    "id": 12862,
    "book_id": 3,
    "book_name": "nasai",
    "chapter_id": 9,
    "section_id": 17,
    "title": "কোন পুরুষের এমন কাপড়ে সালাত আদায় করা যার কিছু অংশ রয়েছে তার স্ত্রীর উপর",
    "preface": "",
    "number": "পরিচ্ছেদ",
    "sort_order": 17,
    "hadiths": [
      {
        "id": 36086,
        "book_id": 3,
        "book_name": "সুনানে আন-নাসায়ী",
        "chapter_id": 9,
        "section_id": 17,
        "hadith_key": "সুনানে আন-নাসায়ী: ৭৬৮",
        "hadith_id": 768,
        "narrator": "আয়েশা (রাঃ)",
        "bn": "তিনি বলেন : রাসূলুল্লাহ্‌ (সাল্লাল্লাহু ‘আলাইহি ওয়া সাল্লাম) রাতে সালাত আদায় করতেন তখন আমি তাঁর পাশে ঋতুমতি অবস্থায় থাকতাম। তখন আমার গায়ে একখানা চাদর থাকত যার কিয়দংশ থাকত রাসূলুল্লাহ্‌ (সাল্লাল্লাহু ‘আলাইহি ওয়া সাল্লাম)-এর গায়ে।",
        "ar": "أَخْبَرَنَا إِسْحَاقُ بْنُ إِبْرَاهِيمَ قَالَ: أَنْبَأَنَا وَكِيعٌ قَالَ: حَدَّثَنَا طَلْحَةُ بْنُ يَحْيَى، عَنْ عُبَيْدِ اللَّهِ بْنِ عَبْدِ اللَّهِ، عَنْ عَائِشَةَ قَالَتْ: «كَانَ رَسُولُ اللَّهِ صَلَّى اللهُ عَلَيْهِ وَسَلَّمَ يُصَلِّي بِاللَّيْلِ وَأَنَا إِلَى جَنْبِهِ وَأَنَا حَائِضٌ، وَعَلَيَّ مِرْطٌ بَعْضُهُ عَلَى رَسُولِ اللَّهِ صَلَّى اللهُ عَلَيْهِ وَسَلَّمَ»\n---\n[حكم الألباني] حسن صحيح",
        "ar_diacless": "أخبرنا إسحاق بن إبراهيم قال: أنبأنا وكيع قال: حدثنا طلحة بن يحيى، عن عبيد الله بن عبد الله، عن عائشة قالت: «كان رسول الله صلى الله عليه وسلم يصلي بالليل وأنا إلى جنبه وأنا حائض، وعلي مرط بعضه على رسول الله صلى الله عليه وسلم»\n---\n[حكم الألباني] حسن صحيح",
        "note": "",
        "grade_id": 12,
        "grade": "হাসান সহিহ",
        "grade_color": "#46B891"
      }
    ]
  },
  {
    "id": 12863,
    "book_id": 3,
    "book_name": "nasai",
    "chapter_id": 9,
    "section_id": 18,
    "title": "পুরুষের এমন এক বস্ত্রে সালাত আদায় করা যার কোন অংশ স্কন্ধের উপর না থাকে",
    "preface": "",
    "number": "পরিচ্ছেদ",
    "sort_order": 18,
    "hadiths": [
      {
        "id": 36087,
        "book_id": 3,
        "book_name": "সুনানে আন-নাসায়ী",
        "chapter_id": 9,
        "section_id": 18,
        "hadith_key": "সুনানে আন-নাসায়ী: ৭৬৯",
        "hadith_id": 769,
        "narrator": "আবূ হুরায়রা (রাঃ)",
        "bn": "তিনি বলেন : রাসূলুল্লাহ্‌ (সাল্লাল্লাহু ‘আলাইহি ওয়া সাল্লাম) বলেছেন : তোমাদের কেউ যেন এমন এক কাপড়ে সালাত আদায় না করে যার কিছু অংশ তার স্কন্ধে না থাকে।",
        "ar": "أَخْبَرَنَا مُحَمَّدُ بْنُ مَنْصُورٍ قَالَ: حَدَّثَنَا سُفْيَانُ قَالَ: حَدَّثَنَا أَبُو الزِّنَادِ، عَنِ الْأَعْرَجِ، عَنْ أَبِي هُرَيْرَةَ قَالَ: قَالَ رَسُولُ اللَّهِ صَلَّى اللهُ عَلَيْهِ وَسَلَّمَ: «لَا يُصَلِّيَنَّ أَحَدُكُمْ فِي الثَّوْبِ الْوَاحِدِ لَيْسَ عَلَى عَاتِقِهِ مِنْهُ شَيْءٌ»",
        "ar_diacless": "أخبرنا محمد بن منصور قال: حدثنا سفيان قال: حدثنا أبو الزناد، عن الأعرج، عن أبي هريرة قال: قال رسول الله صلى الله عليه وسلم: «لا يصلين أحدكم في الثوب الواحد ليس على عاتقه منه شيء»",
        "note": "",
        "grade_id": 2,
        "grade": "সহিহ হাদিস",
        "grade_color": "#46B891"
      }
    ]
  },
  {
    "id": 12864,
    "book_id": 3,
    "book_name": "nasai",
    "chapter_id": 9,
    "section_id": 19,
    "title": "রেশমী বস্ত্রে সালাত",
    "preface": "",
    "number": "পরিচ্ছেদ",
    "sort_order": 19,
    "hadiths": [
      {
        "id": 36088,
        "book_id": 3,
        "book_name": "সুনানে আন-নাসায়ী",
        "chapter_id": 9,
        "section_id": 19,
        "hadith_key": "সুনানে আন-নাসায়ী: ৭৭০",
        "hadith_id": 770,
        "narrator": "উকবা ইব্‌ন আমির (রাঃ)",
        "bn": "তিনি বলেন : রাসূলুল্লাহ্‌ (সাল্লাল্লাহু ‘আলাইহি ওয়া সাল্লাম)-কে একটি রেশমী কাবা (আরবী) হাদিয়া দেয়া হয়েছিল। তিনি তা পরিধান করে সালাত আদায় করলেন। তিনি সালাত আদায় করে অতি তাড়াতাড়ি অপছন্দকারীর ন্যায় তা খুলে ফেললেন। তারপর তিনি বললেন : এটা মুত্তকীদের জন্য উপযুক্ত নয়। [১]",
        "ar": "أَخْبَرَنَا قُتَيْبَةُ وَعِيسَى بْنُ حَمَّادٍ زُغْبَةُ، عَنِ اللَّيْثِ، عَنْ يَزِيدَ بْنِ أَبِي حَبِيبٍ، عَنْ أَبِي الْخَيْرِ، عَنْ عُقْبَةَ بْنِ عَامِرٍ قَالَ: أُهْدِيَ لِرَسُولِ اللَّهِ صَلَّى اللهُ عَلَيْهِ وَسَلَّمَ فَرُّوجُ حَرِيرٍ فَلَبِسَهُ، ثُمَّ صَلَّى فِيهِ، ثُمَّ انْصَرَفَ فَنَزَعَهُ نَزْعًا شَدِيدًا كَالْكَارِهِ لَهُ، ثُمَّ قَالَ: «لَا يَنْبَغِي هَذَا لِلْمُتَّقِينَ»",
        "ar_diacless": "أخبرنا قتيبة وعيسى بن حماد زغبة، عن الليث، عن يزيد بن أبي حبيب، عن أبي الخير، عن عقبة بن عامر قال: أهدي لرسول الله صلى الله عليه وسلم فروج حرير فلبسه، ثم صلى فيه، ثم انصرف فنزعه نزعا شديدا كالكاره له، ثم قال: «لا ينبغي هذا للمتقين»",
        "note": "তিনি বলেন : রাসূলুল্লাহ্‌ (সাল্লাল্লাহু ‘আলাইহি ওয়া সাল্লাম)-কে একটি রেশমী কাবা (আরবী) হাদিয়া দেয়া হয়েছিল। তিনি তা পরিধান করে সালাত আদায় করলেন। তিনি সালাত আদায় করে অতি তাড়াতাড়ি অপছন্দকারীর ন্যায় তা খুলে ফেললেন। তারপর তিনি বললেন : এটা মুত্তকীদের জন্য উপযুক্ত নয়। [১]",
        "grade_id": 2,
        "grade": "সহিহ হাদিস",
        "grade_color": "#46B891"
      }
    ]
  },
  {
    "id": 12865,
    "book_id": 3,
    "book_name": "nasai",
    "chapter_id": 9,
    "section_id": 20,
    "title": "নকশা করা কাপড়ে সালাত",
    "preface": "",
    "number": "পরিচ্ছেদ",
    "sort_order": 20,
    "hadiths": [
      {
        "id": 36089,
        "book_id": 3,
        "book_name": "সুনানে আন-নাসায়ী",
        "chapter_id": 9,
        "section_id": 20,
        "hadith_key": "সুনানে আন-নাসায়ী: ৭৭১",
        "hadith_id": 771,
        "narrator": "আয়েশা (রাঃ)",
        "bn": "রাসূলুল্লাহ্‌ (সাল্লাল্লাহু ‘আলাইহি ওয়া সাল্লাম) নকশা করা কাপড়ে সালাত আদায় করলেন। তারপর বললেন : এর নকশা আমাকে অন্যমনষ্ক করে দিয়েছে। এটা আবূ জাহমের নিকট নিয়ে যাও এবং আমার জন্য নকশাবিহীন মোটা চাদর আন।",
        "ar": "أَخْبَرَنَا إِسْحَاقُ بْنُ إِبْرَاهِيمَ وَقُتَيْبَةُ بْنُ سَعِيدٍ وَاللَّفْظُ لَهُ، عَنْ سُفْيَانَ، عَنِ الزُّهْرِيِّ، عَنْ عُرْوَةَ بْنِ الزُّبَيْرِ، عَنْ عَائِشَةَ، أَنَّ رَسُولَ اللَّهِ صَلَّى اللهُ عَلَيْهِ وَسَلَّمَ صَلَّى فِي خَمِيصَةٍ لَهَا أَعْلَامٌ، ثُمَّ قَالَ: «شَغَلَتْنِي أَعْلَامُ هَذِهِ. اذْهَبُوا بِهَا إِلَى أَبِي جَهْمٍ، وَأْتُونِي بِأَنْبِجَانِيِّهِ»",
        "ar_diacless": "أخبرنا إسحاق بن إبراهيم وقتيبة بن سعيد واللفظ له، عن سفيان، عن الزهري، عن عروة بن الزبير، عن عائشة، أن رسول الله صلى الله عليه وسلم صلى في خميصة لها أعلام، ثم قال: «شغلتني أعلام هذه. اذهبوا بها إلى أبي جهم، وأتوني بأنبجانيه»",
        "note": "",
        "grade_id": 2,
        "grade": "সহিহ হাদিস",
        "grade_color": "#46B891"
      }
    ]
  },
  {
    "id": 12866,
    "book_id": 3,
    "book_name": "nasai",
    "chapter_id": 9,
    "section_id": 21,
    "title": "লাল কাপড়ে সালাত",
    "preface": "",
    "number": "পরিচ্ছেদ",
    "sort_order": 21,
    "hadiths": [
      {
        "id": 36090,
        "book_id": 3,
        "book_name": "সুনানে আন-নাসায়ী",
        "chapter_id": 9,
        "section_id": 21,
        "hadith_key": "সুনানে আন-নাসায়ী: ৭৭২",
        "hadith_id": 772,
        "narrator": "আবূ জুহায়ফা (রাঃ)",
        "bn": "রাসূলুল্লাহ্‌ (সাল্লাল্লাহু ‘আলাইহি ওয়া সাল্লাম) লাল ডোরাযুক্ত জুব্বা পরিধান করে বের হলেন এবং একটি তীর পুঁতে তার দিকে সালাত আদায় করলেন যার অপরদিক দিয়ে কুকুর, নারী এবং গাধা চলাচল করছিল।",
        "ar": "أَخْبَرَنَا مُحَمَّدُ بْنُ بَشَّارٍ قَالَ: حَدَّثَنَا عَبْدُ الرَّحْمَنِ قَالَ: حَدَّثَنَا سُفْيَانُ، عَنْ عَوْنِ بْنِ أَبِي جُحَيْفَةَ، عَنْ أَبِيهِ، «أَنَّ رَسُولَ اللَّهِ صَلَّى اللهُ عَلَيْهِ وَسَلَّمَ خَرَجَ فِي حُلَّةٍ حَمْرَاءَ، فَرَكَزَ عَنَزَةً فَصَلَّى إِلَيْهَا يَمُرُّ مِنْ وَرَائِهَا الْكَلْبُ وَالْمَرْأَةُ وَالْحِمَارُ»",
        "ar_diacless": "أخبرنا محمد بن بشار قال: حدثنا عبد الرحمن قال: حدثنا سفيان، عن عون بن أبي جحيفة، عن أبيه، «أن رسول الله صلى الله عليه وسلم خرج في حلة حمراء، فركز عنزة فصلى إليها يمر من ورائها الكلب والمرأة والحمار»",
        "note": "",
        "grade_id": 2,
        "grade": "সহিহ হাদিস",
        "grade_color": "#46B891"
      }
    ]
  },
  {
    "id": 12867,
    "book_id": 3,
    "book_name": "nasai",
    "chapter_id": 9,
    "section_id": 22,
    "title": "চাদরে সালাত",
    "preface": "",
    "number": "পরিচ্ছেদ",
    "sort_order": 22,
    "hadiths": [
      {
        "id": 36091,
        "book_id": 3,
        "book_name": "সুনানে আন-নাসায়ী",
        "chapter_id": 9,
        "section_id": 22,
        "hadith_key": "সুনানে আন-নাসায়ী: ৭৭৩",
        "hadith_id": 773,
        "narrator": "খিলাস ইব্‌ন আমর (রাঃ)",
        "bn": "তিনি বলেন : আমি আয়েশা (রাঃ)-কে বলতে শুনেছি যে, আমি এবং আবুল কাসেম (রাসূলুল্লাহ্‌ (সাল্লাল্লাহু ‘আলাইহি ওয়া সাল্লাম)) একই চাদরে থাকতাম আর তখন আমি অধিক হায়েযগ্রস্তা ছিলাম, যদি আমা হতে কিছু তাঁর গায়ে লাগত তাহলে তিনি তা ধুয়ে ফেলতেন, এর অতিরিক্ত ধুতেন না এবং তাতেই সালাত আদায় করতেন। তারপর আবার আমার সাথে অবস্থান করতেন। যদি আমা হতে কিছু তাঁর শরীরে লাগত, তিনি তা-ই ধুতেন, তাছাড়া আর কোন অংশ ‍ধুতেন না।",
        "ar": "أَخْبَرَنَا عَمْرُو بْنُ مَنْصُورٍ قَالَ: حَدَّثَنَا هِشَامُ بْنُ عَبْدِ الْمَلِكِ قَالَ: حَدَّثَنَا يَحْيَى بْنُ سَعِيدٍ قَالَ: حَدَّثَنَا جَابِرُ بْنُ صُبْحٍ قَالَ: سَمِعْتُ خِلَاسَ بْنَ عَمْرٍو يَقُولُ: سَمِعْتُ عَائِشَةَ تَقُولُ: «كُنْتُ أَنَا وَرَسُولُ اللَّهِ صَلَّى اللهُ عَلَيْهِ وَسَلَّمَ أَبُو الْقَاسِمِ فِي الشِّعَارِ الْوَاحِدِ وَأَنَا حَائِضٌ طَامِثٌ، فَإِنْ أَصَابَهُ مِنِّي شَيْءٌ غَسَلَ مَا أَصَابَهُ لَمْ يَعْدُهُ إِلَى غَيْرِهِ وَصَلَّى فِيهِ، ثُمَّ يَعُودُ مَعِي، فَإِنْ أَصَابَهُ مِنِّي شَيْءٌ فَعَلَ مِثْلَ ذَلِكَ لَمْ يَعْدُهُ إِلَى غَيْرِهِ»",
        "ar_diacless": "أخبرنا عمرو بن منصور قال: حدثنا هشام بن عبد الملك قال: حدثنا يحيى بن سعيد قال: حدثنا جابر بن صبح قال: سمعت خلاس بن عمرو يقول: سمعت عائشة تقول: «كنت أنا ورسول الله صلى الله عليه وسلم أبو القاسم في الشعار الواحد وأنا حائض طامث، فإن أصابه مني شيء غسل ما أصابه لم يعده إلى غيره وصلى فيه، ثم يعود معي، فإن أصابه مني شيء فعل مثل ذلك لم يعده إلى غيره»",
        "note": "",
        "grade_id": 2,
        "grade": "সহিহ হাদিস",
        "grade_color": "#46B891"
      }
    ]
  },
  {
    "id": 12868,
    "book_id": 3,
    "book_name": "nasai",
    "chapter_id": 9,
    "section_id": 23,
    "title": "চামড়ার মোজা পরিধান করে সালাত আদায় করা",
    "preface": "",
    "number": "পরিচ্ছেদ",
    "sort_order": 23,
    "hadiths": [
      {
        "id": 36092,
        "book_id": 3,
        "book_name": "সুনানে আন-নাসায়ী",
        "chapter_id": 9,
        "section_id": 23,
        "hadith_key": "সুনানে আন-নাসায়ী: ৭৭৪",
        "hadith_id": 774,
        "narrator": "হাম্মাম (রহঃ)",
        "bn": "তিনি বলেন: আমি জারীর (রাঃ)-কে দেখলাম যে, তিনি পেশাব করলেন, তারপর পানি আনিয়ে উযূ করলেন এবং মোজার উপর মসেহ করলেন, পরে উঠে সালাত আদায় করলেন। এ ব্যাপারে তাঁকে প্রশ্ন করা হলে তিনি বললেন : আমি রাসূলুল্লাহ্‌ (সাল্লাল্লাহু ‘আলাইহি ওয়া সাল্লাম)-কে এরূপ করতে দেখেছি।",
        "ar": "أَخْبَرَنَا مُحَمَّدُ بْنُ عَبْدِ الْأَعْلَى قَالَ: حَدَّثَنَا خَالِدٌ قَالَ: حَدَّثَنَا شُعْبَةُ، عَنْ سُلَيْمَانَ، عَنْ إِبْرَاهِيمَ، عَنْ هَمَّامٍ قَالَ: رَأَيْتُ جَرِيرًا «بَالَ ثُمَّ دَعَا بِمَاءٍ فَتَوَضَّأَ، وَمَسَحَ عَلَى خُفَّيْهِ، ثُمَّ قَامَ فَصَلَّى». فَسُئِلَ عَنْ ذَلِكَ فَقَالَ: «رَأَيْتُ النَّبِيَّ صَلَّى اللهُ عَلَيْهِ وَسَلَّمَ صَنَعَ مِثْلَ هَذَا»",
        "ar_diacless": "أخبرنا محمد بن عبد الأعلى قال: حدثنا خالد قال: حدثنا شعبة، عن سليمان، عن إبراهيم، عن همام قال: رأيت جريرا «بال ثم دعا بماء فتوضأ، ومسح على خفيه، ثم قام فصلى». فسئل عن ذلك فقال: «رأيت النبي صلى الله عليه وسلم صنع مثل هذا»",
        "note": "",
        "grade_id": 2,
        "grade": "সহিহ হাদিস",
        "grade_color": "#46B891"
      }
    ]
  },
  {
    "id": 12869,
    "book_id": 3,
    "book_name": "nasai",
    "chapter_id": 9,
    "section_id": 24,
    "title": "জুতা পরিধান করে সালাত আদায় করা",
    "preface": "",
    "number": "পরিচ্ছেদ",
    "sort_order": 24,
    "hadiths": [
      {
        "id": 36134,
        "book_id": 3,
        "book_name": "সুনানে আন-নাসায়ী",
        "chapter_id": 9,
        "section_id": 24,
        "hadith_key": "সুনানে আন-নাসায়ী: ৭৭৫",
        "hadith_id": 775,
        "narrator": "আবূ সালামা সাঈদ ইব্‌ন ইয়াযীদ বাসরী (রহঃ)",
        "bn": "তিনি বলেন : আমি আনাস ইব্‌ন মালিক (রাঃ)-কে জিজ্ঞাসা করলাম : রাসূলুল্লাহ্‌ (সাল্লাল্লাহু ‘আলাইহি ওয়া সাল্লাম) জুতা পরিধান করে সালাত আদায় করতেন কি ? তিনি বললেন, হ্যাঁ।",
        "ar": "أَخْبَرَنَا عَمْرُو بْنُ عَلِيٍّ، عَنْ يَزِيدَ بْنِ زُرَيْعٍ وَغَسَّانَ بْنِ مُضَرَ قَالَا: حَدَّثَنَا أَبُو مَسْلَمَةَ وَاسْمُهُ سَعِيدُ بْنُ يَزِيدَ بَصْرِيٌّ ثِقَةٌ قَالَ: \" سَأَلْتُ أَنَسَ بْنَ مَالِكٍ: أَكَانَ رَسُولُ اللَّهِ صَلَّى اللهُ عَلَيْهِ وَسَلَّمَ يُصَلِّي فِي النَّعْلَيْنِ؟ قَالَ: «نَعَمْ»",
        "ar_diacless": "أخبرنا عمرو بن علي، عن يزيد بن زريع وغسان بن مضر قالا: حدثنا أبو مسلمة واسمه سعيد بن يزيد بصري ثقة قال: \" سألت أنس بن مالك: أكان رسول الله صلى الله عليه وسلم يصلي في النعلين؟ قال: «نعم»",
        "note": "",
        "grade_id": 2,
        "grade": "সহিহ হাদিস",
        "grade_color": "#46B891"
      },
      {
        "id": 36135,
        "book_id": 3,
        "book_name": "সুনানে আন-নাসায়ী",
        "chapter_id": 9,
        "section_id": 24,
        "hadith_key": "সুনানে আন-নাসায়ী: ৭৭৬",
        "hadith_id": 776,
        "narrator": "আবদুল্লাহ্‌ ইব্‌ন সায়িব (রাঃ)",
        "bn": "রাসূলুল্লাহ্‌ (সাল্লাল্লাহু ‘আলাইহি ওয়া সাল্লাম) মক্কা বিজয়ের দিন সালাত আদায় করলেন। তিনি তাঁর জুতা তাঁর বাম দিকে রাখলেন।",
        "ar": "أَخْبَرَنَا عُبَيْدُ اللَّهِ بْنُ سَعِيدٍ وَشُعَيْبُ بْنُ يُوسُفَ، عَنْ يَحْيَى، عَنِ ابْنِ جُرَيْجٍ قَالَ: أَخْبَرَنِي مُحَمَّدُ بْنُ عَبَّادٍ، عَنْ عَبْدِ اللَّهِ بْنِ سُفْيَانَ، عَنْ عَبْدِ اللَّهِ بْنِ السَّائِبِ، «أَنَّ رَسُولَ اللَّهِ صَلَّى اللهُ عَلَيْهِ وَسَلَّمَ صَلَّى يَوْمَ الْفَتْحِ فَوَضَعَ نَعْلَيْهِ عَنْ يَسَارِهِ»",
        "ar_diacless": "أخبرنا عبيد الله بن سعيد وشعيب بن يوسف، عن يحيى، عن ابن جريج قال: أخبرني محمد بن عباد، عن عبد الله بن سفيان، عن عبد الله بن السائب، «أن رسول الله صلى الله عليه وسلم صلى يوم الفتح فوضع نعليه عن يساره»",
        "note": "",
        "grade_id": 2,
        "grade": "সহিহ হাদিস",
        "grade_color": "#46B891"
      }
    ]
  }
]