[
  {
    "id": 15644,
    "book_id": 3,
    "book_name": "nasai",
    "chapter_id": 31,
    "section_id": 1,
    "title": "এ প্রসঙ্গে যায়দ ইব্‌ন সাবিত (রাঃ) থেকে বর্ণিত হাদীসে আলী ইব্‌ন আবু নাজীহ্ (রহঃ) -এর বর্ণনায় বর্ণনা বিরোধ",
    "preface": "",
    "number": "পরিচ্ছেদ",
    "sort_order": 1,
    "hadiths": [
      {
        "id": 41502,
        "book_id": 3,
        "book_name": "সুনানে আন-নাসায়ী",
        "chapter_id": 31,
        "section_id": 1,
        "hadith_key": "সুনানে আন-নাসায়ী: ৩৭০৬",
        "hadith_id": 3706,
        "narrator": "যায়দ ইব্‌ন সাবিত (রাঃ)",
        "bn": "নবী (সাল্লাল্লাহু ‘আলাইহি ওয়া সাল্লাম) থেকে বর্ণিত। তিনি বলেন: রুক্‌বা [১] বৈধ (কার্যকর)।",
        "ar": "أَخْبَرَنَا هِلَالُ بْنُ الْعَلَاءِ، قَالَ: حَدَّثَنَا أَبِي، قَالَ: حَدَّثَنَا عُبَيْدُ اللَّهِ وَهُوَ ابْنُ عَمْرٍو، عَنْ سُفْيَانَ، عَنْ ابْنِ أَبِي نَجِيحٍ، عَنْ طَاوُسٍ، عَنْ زَيْدِ بْنِ ثَابِتٍ، عَنِ النَّبِيِّ صَلَّى اللهُ عَلَيْهِ وَسَلَّمَ قَالَ: «الرُّقْبَى جَائِزَةٌ»",
        "ar_diacless": "أخبرنا هلال بن العلاء، قال: حدثنا أبي، قال: حدثنا عبيد الله وهو ابن عمرو، عن سفيان، عن ابن أبي نجيح، عن طاوس، عن زيد بن ثابت، عن النبي صلى الله عليه وسلم قال: «الرقبى جائزة»",
        "note": "[১] রুক্‌বা- এক ব্যক্তি অপর ব্যক্তিকে বললো: আমি এই ঘর তোমাকে দান করলাম। এই শর্তে যে, যদি তোমার পূর্বে আমার মৃত্যু হয়, তবে এ ঘর তোমার হবে। আর আমার পূর্বে তোমার মৃত্যু হলে, ঘর আমার থাকবে। এইরূপভাবে দান করাকে ‘রুক্‌বা’ বলা হয়।",
        "grade_id": 2,
        "grade": "সহিহ হাদিস",
        "grade_color": "#46B891"
      },
      {
        "id": 41503,
        "book_id": 3,
        "book_name": "সুনানে আন-নাসায়ী",
        "chapter_id": 31,
        "section_id": 1,
        "hadith_key": "সুনানে আন-নাসায়ী: ৩৭০৭",
        "hadith_id": 3707,
        "narrator": "যায়দ ইব্‌ন সাবিত (রাঃ)",
        "bn": "নবী (সাল্লাল্লাহু ‘আলাইহি ওয়া সাল্লাম) ‘রুক্‌বা’-কে ঐ ব্যক্তির জন্য সাব্যস্ত করেছেন (আইনগত মালিকানা দিয়েছেন) যাকে তা ‘রুক্‌বা’ (-রূপে দান) করা হয়েছে।",
        "ar": "أَخْبَرَنِي مُحَمَّدُ بْنُ عَلِيِّ بْنِ مَيْمُونٍ، قَالَ: حَدَّثَنَا مُحَمَّدٌ وَهُوَ ابْنُ يُوسُفَ، قَالَ: حَدَّثَنَا سُفْيَانُ، عَنْ ابْنِ أَبِي نَجِيحٍ، عَنْ طَاوُسٍ، عَنْ رَجُلٍ، عَنْ زَيْدِ بْنِ ثَابِتٍ: «أَنَّ النَّبِيَّ صَلَّى اللهُ عَلَيْهِ وَسَلَّمَ جَعَلَ الرُّقْبَى لِلَّذِي أُرْقِبَهَا»",
        "ar_diacless": "أخبرني محمد بن علي بن ميمون، قال: حدثنا محمد وهو ابن يوسف، قال: حدثنا سفيان، عن ابن أبي نجيح، عن طاوس، عن رجل، عن زيد بن ثابت: «أن النبي صلى الله عليه وسلم جعل الرقبى للذي أرقبها»",
        "note": "",
        "grade_id": 7,
        "grade": "সহিহ লিগাইরিহি",
        "grade_color": "#46B891"
      },
      {
        "id": 41504,
        "book_id": 3,
        "book_name": "সুনানে আন-নাসায়ী",
        "chapter_id": 31,
        "section_id": 1,
        "hadith_key": "সুনানে আন-নাসায়ী: ৩৭০৮",
        "hadith_id": 3708,
        "narrator": "ইব্‌ন আব্বাস (রাঃ)",
        "bn": "তিনি বলেন, রুক্‌বা করা উচিত নয়, তবে যার জন্য কিছু রুক্‌বা করা হয় তা মীরাসের পন্থায় চলবে।",
        "ar": "أَخْبَرَنَا زَكَرِيَّا بْنُ يَحْيَى، قَالَ: حَدَّثَنَا عَبْدُ الْجَبَّارِ بْنُ الْعَلَاءِ، قَالَ: حَدَّثَنَا سُفْيَانُ، عَنْ ابْنِ أَبِي نَجِيحٍ، عَنْ طَاوُسٍ، لَعَلَّهُ، عَنْ ابْنِ عَبَّاسٍ، قَالَ: «لَا رُقْبَى، فَمَنْ أُرْقِبَ شَيْئًا فَهُوَ سَبِيلُ الْمِيرَاثِ»",
        "ar_diacless": "أخبرنا زكريا بن يحيى، قال: حدثنا عبد الجبار بن العلاء، قال: حدثنا سفيان، عن ابن أبي نجيح، عن طاوس، لعله، عن ابن عباس، قال: «لا رقبى، فمن أرقب شيئا فهو سبيل الميراث»",
        "note": "",
        "grade_id": 2,
        "grade": "সহিহ হাদিস",
        "grade_color": "#46B891"
      }
    ]
  },
  {
    "id": 15645,
    "book_id": 3,
    "book_name": "nasai",
    "chapter_id": 31,
    "section_id": 2,
    "title": "আবু যুবায়র (রহঃ) -এর বর্ণনায় বর্ণনা বিরোধ",
    "preface": "",
    "number": "পরিচ্ছেদ",
    "sort_order": 2,
    "hadiths": [
      {
        "id": 41509,
        "book_id": 3,
        "book_name": "সুনানে আন-নাসায়ী",
        "chapter_id": 31,
        "section_id": 2,
        "hadith_key": "সুনানে আন-নাসায়ী: ৩৭০৯",
        "hadith_id": 3709,
        "narrator": "ইব্‌ন আব্বাস (রাঃ)",
        "bn": "রাসূলুল্লাহ্ (সাল্লাল্লাহু ‘আলাইহি ওয়া সাল্লাম) থেকে বর্ণিত। তিনি বলেন: নিজেদের মালে তোমরা রুক্‌বা করো না। তবুও যদি কেউ কোন বস্তুর রুক্‌বা করে, তবে যার জন্য রুক্‌বা করা হয়, ঐ বস্তু তারই হয়ে যাবে।",
        "ar": "أَخْبَرَنِي مُحَمَّدُ بْنُ وَهْبٍ، قَالَ: حَدَّثَنَا مُحَمَّدُ بْنُ سَلَمَةَ، قَالَ: حَدَّثَنِي أَبُو عَبْدِ الرَّحِيمِ، قَالَ: حَدَّثَنِي زَيْدٌ، عَنْ أَبِي الزُّبَيْرِ، عَنْ طَاوُسٍ، عَنْ ابْنِ عَبَّاسٍ، عَنْ رَسُولِ اللَّهِ صَلَّى اللهُ عَلَيْهِ وَسَلَّمَ قَالَ: «لَا تُرْقِبُوا أَمْوَالَكُمْ، فَمَنْ أَرْقَبَ شَيْئًا فَهُوَ لِمَنْ أُرْقِبَهُ»",
        "ar_diacless": "أخبرني محمد بن وهب، قال: حدثنا محمد بن سلمة، قال: حدثني أبو عبد الرحيم، قال: حدثني زيد، عن أبي الزبير، عن طاوس، عن ابن عباس، عن رسول الله صلى الله عليه وسلم قال: «لا ترقبوا أموالكم، فمن أرقب شيئا فهو لمن أرقبه»",
        "note": "",
        "grade_id": 2,
        "grade": "সহিহ হাদিস",
        "grade_color": "#46B891"
      },
      {
        "id": 41507,
        "book_id": 3,
        "book_name": "সুনানে আন-নাসায়ী",
        "chapter_id": 31,
        "section_id": 2,
        "hadith_key": "সুনানে আন-নাসায়ী: ৩৭১০",
        "hadith_id": 3710,
        "narrator": "ইব্‌ন আব্বাস (রাঃ)",
        "bn": "তিনি বলেন: রাসূলুল্লাহ্ (সাল্লাল্লাহু ‘আলাইহি ওয়া সাল্লাম) বলেছেন: ‘উম্‌রা’ (কাউকে তার হায়াতকালের জন্য কিছু দান করা) জায়েয (কার্যকর), আর তখন তা তারই হয়ে যাবে, যাকে দেয়া হবে। আর রুক্‌বা ঐ ব্যক্তির জন্য (কার্যকর) হয়ে যায়, যার জন্য তা করা হয়। দান করে ফেরত গ্রহণকারী ঐ ব্যক্তির মত, যে বমি করে তা আবার খায়।",
        "ar": "أَخْبَرَنَا أَحْمَدُ بْنُ حَرْبٍ، قَالَ: حَدَّثَنَا أَبُو مُعَاوِيَةَ، عَنْ حَجَّاجٍ، عَنْ أَبِي الزُّبَيْرِ، عَنْ طَاوُسٍ، عَنْ ابْنِ عَبَّاسِ، قَالَ: قَالَ رَسُولُ اللَّهِ صَلَّى اللهُ عَلَيْهِ وَسَلَّمَ: «الْعُمْرَى جَائِزَةٌ لِمَنْ أُعْمِرَهَا، وَالرُّقْبَى جَائِزَةٌ لِمَنْ أُرْقِبَهَا، وَالْعَائِدُ فِي هِبَتِهِ كَالْعَائِدِ فِي قَيْئِهِ»",
        "ar_diacless": "أخبرنا أحمد بن حرب، قال: حدثنا أبو معاوية، عن حجاج، عن أبي الزبير، عن طاوس، عن ابن عباس، قال: قال رسول الله صلى الله عليه وسلم: «العمرى جائزة لمن أعمرها، والرقبى جائزة لمن أرقبها، والعائد في هبته كالعائد في قيئه»",
        "note": "",
        "grade_id": 2,
        "grade": "সহিহ হাদিস",
        "grade_color": "#46B891"
      },
      {
        "id": 41510,
        "book_id": 3,
        "book_name": "সুনানে আন-নাসায়ী",
        "chapter_id": 31,
        "section_id": 2,
        "hadith_key": "সুনানে আন-নাসায়ী: ৩৭১১",
        "hadith_id": 3711,
        "narrator": "ইব্‌ন আব্বাস (রাঃ)",
        "bn": "তিনি বলেন: উম্‌রা এবং রুক্‌বা সমান (কার্যকর)।",
        "ar": "أَخْبَرَنَا مُحَمَّدُ بْنُ بَشَّارٍ، قَالَ: حَدَّثَنَا يَحْيَى، قَالَ: حَدَّثَنَا سُفْيَانُ، عَنْ أَبِي الزُّبَيْرِ، عَنْ طَاوُسٍ، عَنْ ابْنِ عَبَّاسٍ، قَالَ: «الْعُمْرَى وَالرُّقْبَى سَوَاءٌ»\n---\n[حكم الألباني] صحيح مرفوعا",
        "ar_diacless": "أخبرنا محمد بن بشار، قال: حدثنا يحيى، قال: حدثنا سفيان، عن أبي الزبير، عن طاوس، عن ابن عباس، قال: «العمرى والرقبى سواء»\n---\n[حكم الألباني] صحيح مرفوعا",
        "note": "",
        "grade_id": 10,
        "grade": "সহিহ মারফু",
        "grade_color": "#46B891"
      },
      {
        "id": 41505,
        "book_id": 3,
        "book_name": "সুনানে আন-নাসায়ী",
        "chapter_id": 31,
        "section_id": 2,
        "hadith_key": "সুনানে আন-নাসায়ী: ৩৭১২",
        "hadith_id": 3712,
        "narrator": "ইব্‌ন আব্বাস (রাঃ)",
        "bn": "তিনি বলেন: রুক্‌বা এবং উম্‌রা করা (উচিত) নয়। যাকে উম্‌রা হিসেবে কোন বস্তু দান করা হয়, তা তারই হয়ে যায়। আর যাকে রুক্‌বা হিসাবে কোন কিছু দেয়া হয়, তা তারই হয়ে যায়।",
        "ar": "أَخْبَرَنَا أَحْمَدُ بْنُ سُلَيْمَانَ، قَالَ: حَدَّثَنَا يَعْلَى، قَالَ: حَدَّثَنَا سُفْيَانُ، عَنْ أَبِي الزُّبَيْرِ، عَنْ طَاوُسٍ، عَنْ ابْنِ عَبَّاسٍ، قَالَ: «لَا تَحِلُّ الرُّقْبَى وَلَا الْعُمْرَى، فَمَنْ أُعْمِرَ شَيْئًا فَهُوَ لَهُ، وَمَنْ أُرْقِبَ شَيْئًا فَهُوَ لَهُ»",
        "ar_diacless": "أخبرنا أحمد بن سليمان، قال: حدثنا يعلى، قال: حدثنا سفيان، عن أبي الزبير، عن طاوس، عن ابن عباس، قال: «لا تحل الرقبى ولا العمرى، فمن أعمر شيئا فهو له، ومن أرقب شيئا فهو له»",
        "note": "",
        "grade_id": 2,
        "grade": "সহিহ হাদিস",
        "grade_color": "#46B891"
      },
      {
        "id": 41508,
        "book_id": 3,
        "book_name": "সুনানে আন-নাসায়ী",
        "chapter_id": 31,
        "section_id": 2,
        "hadith_key": "সুনানে আন-নাসায়ী: ৩৭১৩",
        "hadith_id": 3713,
        "narrator": "ইব্‌ন আব্বাস (রাঃ)",
        "bn": "তিনি বলেন: উম্‌রা এবং রুক্‌বা করা সুষ্ঠু (পদ্ধতি) নয়। তবে যদি কোন ব্যক্তি উম্‌রা বা রুক্‌বা হিসেবে কাউকে কোন বস্তু দান করে, তবে জীবনে ও মরণে তা ঐ ব্যক্তিরই হয়ে যায় যাকে উম্‌রা বা রুক্‌বা করা হয়েছে।",
        "ar": "أَخْبَرَنَا أَحْمَدُ بْنُ سُلَيْمَانَ، قَالَ: حَدَّثَنَا مُحَمَّدُ بْنُ بِشْرٍ، قَالَ: حَدَّثَنَا حَجَّاجٌ، عَنْ أَبِي الزُّبَيْرِ، عَنْ طَاوُسٍ، عَنْ ابْنِ عَبَّاسٍ، قَالَ: «لَا تَصْلُحُ الْعُمْرَى وَلَا الرُّقْبَى، فَمَنْ أَعْمَرَ شَيْئًا أَوْ أَرْقَبَهُ، فَإِنَّهُ لِمَنْ أُعْمِرَهُ وَأُرْقِبَهُ حَيَاتَهُ وَمَوْتَهُ» أَرْسَلَهُ حَنْظَلَةُ \"",
        "ar_diacless": "أخبرنا أحمد بن سليمان، قال: حدثنا محمد بن بشر، قال: حدثنا حجاج، عن أبي الزبير، عن طاوس، عن ابن عباس، قال: «لا تصلح العمرى ولا الرقبى، فمن أعمر شيئا أو أرقبه، فإنه لمن أعمره وأرقبه حياته وموته» أرسله حنظلة \"",
        "note": "",
        "grade_id": 2,
        "grade": "সহিহ হাদিস",
        "grade_color": "#46B891"
      },
      {
        "id": 41506,
        "book_id": 3,
        "book_name": "সুনানে আন-নাসায়ী",
        "chapter_id": 31,
        "section_id": 2,
        "hadith_key": "সুনানে আন-নাসায়ী: ৩৭১৪",
        "hadith_id": 3714,
        "narrator": "হান্‌যালা (রহঃ)",
        "bn": "তিনি তাউস (রহঃ)-কে বলতে শুনেছেন যে, রাসূলুল্লাহ্ (সাল্লাল্লাহু ‘আলাইহি ওয়া সাল্লাম) বলেছেন: রুক্‌বা করা হালাল নয়। এরপরও কাউকে রুক্‌বা হিসাবে কোন বস্তু দান করা হয়, তবে তা মীরাসরূপে গণ্য হবে।",
        "ar": "أَخْبَرَنَا مُحَمَّدُ بْنُ حَاتِمٍ، قَالَ: أَنْبَأَنَا حِبَّانُ، قَالَ: حَدَّثَنَا عَبْدُ اللَّهِ، عَنْ حَنْظَلَةَ، أَنَّهُ سَمِعَ طَاوُسًا، يَقُولُ: قَالَ رَسُولُ اللَّهِ صَلَّى اللهُ عَلَيْهِ وَسَلَّمَ: «لَا تَحِلُّ الرُّقْبَى، فَمَنْ أُرْقِبَ رُقْبَى فَهُوَ سَبِيلُ الْمِيرَاثِ»",
        "ar_diacless": "أخبرنا محمد بن حاتم، قال: أنبأنا حبان، قال: حدثنا عبد الله، عن حنظلة، أنه سمع طاوسا، يقول: قال رسول الله صلى الله عليه وسلم: «لا تحل الرقبى، فمن أرقب رقبى فهو سبيل الميراث»",
        "note": "",
        "grade_id": 7,
        "grade": "সহিহ লিগাইরিহি",
        "grade_color": "#46B891"
      },
      {
        "id": 41511,
        "book_id": 3,
        "book_name": "সুনানে আন-নাসায়ী",
        "chapter_id": 31,
        "section_id": 2,
        "hadith_key": "সুনানে আন-নাসায়ী: ৩৭১৫",
        "hadith_id": 3715,
        "narrator": "যায়দ ইব্‌ন সাবিত (রাঃ)",
        "bn": "তিনি বলেন: রাসূলুল্লাহ্ (সাল্লাল্লাহু ‘আলাইহি ওয়া সাল্লাম) বলেছেন: উম্‌রা মীরাস হবে।",
        "ar": "أَخْبَرَنِي عَبْدَةُ بْنُ عَبْدِ الرَّحِيمِ، عَنْ وَكِيعٍ، قَالَ: حَدَّثَنَا سُفْيَانُ، عَنْ ابْنِ أَبِي نَجِيحٍ، عَنْ طَاوُسٍ، عَنْ زَيْدِ بْنِ ثَابِتٍ، قَالَ: قَالَ رَسُولُ اللَّهِ صَلَّى اللهُ عَلَيْهِ وَسَلَّمَ: «الْعُمْرَى مِيرَاثٌ»",
        "ar_diacless": "أخبرني عبدة بن عبد الرحيم، عن وكيع، قال: حدثنا سفيان، عن ابن أبي نجيح، عن طاوس، عن زيد بن ثابت، قال: قال رسول الله صلى الله عليه وسلم: «العمرى ميراث»",
        "note": "",
        "grade_id": 2,
        "grade": "সহিহ হাদিস",
        "grade_color": "#46B891"
      },
      {
        "id": 41512,
        "book_id": 3,
        "book_name": "সুনানে আন-নাসায়ী",
        "chapter_id": 31,
        "section_id": 2,
        "hadith_key": "সুনানে আন-নাসায়ী: ৩৭১৬",
        "hadith_id": 3716,
        "narrator": "যায়দ (রাঃ)",
        "bn": "তিনি বলেন: রাসূলুল্লাহ্ (সাল্লাল্লাহু ‘আলাইহি ওয়া সাল্লাম) বলেছেন, উমরা ওয়ারিসদের জন্য।",
        "ar": "أَخْبَرَنَا مُحَمَّدُ بْنُ عَبْدِ اللَّهِ بْنِ يَزِيدَ، قَالَ: حَدَّثَنَا سُفْيَانُ، عَنْ ابْنِ طَاوُسٍ، عَنْ أَبِيهِ، عَنْ حُجْرٍ الْمَدَرِيِّ، عَنْ زَيْدٍ، قَالَ: قَالَ رَسُولُ اللَّهِ صَلَّى اللهُ عَلَيْهِ وَسَلَّمَ: «الْعُمْرَى لِلْوَارِثِ»",
        "ar_diacless": "أخبرنا محمد بن عبد الله بن يزيد، قال: حدثنا سفيان، عن ابن طاوس، عن أبيه، عن حجر المدري، عن زيد، قال: قال رسول الله صلى الله عليه وسلم: «العمرى للوارث»",
        "note": "",
        "grade_id": 2,
        "grade": "সহিহ হাদিস",
        "grade_color": "#46B891"
      },
      {
        "id": 41513,
        "book_id": 3,
        "book_name": "সুনানে আন-নাসায়ী",
        "chapter_id": 31,
        "section_id": 2,
        "hadith_key": "সুনানে আন-নাসায়ী: ৩৭১৭",
        "hadith_id": 3717,
        "narrator": "যায়দ ইব্ন সাবিত (রাঃ)",
        "bn": "নবী (সাল্লাল্লাহু ‘আলাইহি ওয়া সাল্লাম) থেকে বর্ণিত। তিনি বলেছেনঃ উমরা বৈধ (কার্যকর)।",
        "ar": "أَخْبَرَنَا مُحَمَّدُ بْنُ عُبَيْدٍ، قَالَ: حَدَّثَنَا عَبْدُ اللَّهِ بْنُ الْمُبَارَكِ، عَنْ مَعْمَرٍ، عَنْ ابْنِ طَاوُسٍ، عَنْ أَبِيهِ، عَنْ حُجْرٍ الْمَدَرِيِّ، عَنْ زَيْدِ بْنِ ثَابِتٍ، عَنِ النَّبِيِّ صَلَّى اللهُ عَلَيْهِ وَسَلَّمَ، قَالَ: «الْعُمْرَى جَائِزَةٌ»",
        "ar_diacless": "أخبرنا محمد بن عبيد، قال: حدثنا عبد الله بن المبارك، عن معمر، عن ابن طاوس، عن أبيه، عن حجر المدري، عن زيد بن ثابت، عن النبي صلى الله عليه وسلم، قال: «العمرى جائزة»",
        "note": "",
        "grade_id": 2,
        "grade": "সহিহ হাদিস",
        "grade_color": "#46B891"
      },
      {
        "id": 41514,
        "book_id": 3,
        "book_name": "সুনানে আন-নাসায়ী",
        "chapter_id": 31,
        "section_id": 2,
        "hadith_key": "সুনানে আন-নাসায়ী: ৩৭১৮",
        "hadith_id": 3718,
        "narrator": "যায়দ ইব্ন সাবিত (রাঃ)",
        "bn": "নবী (সাল্লাল্লাহু ‘আলাইহি ওয়া সাল্লাম) থেকে বর্ণিত। তিনি বলেছেনঃ উমরা ওয়ারিসদের জন্য।",
        "ar": "أَخْبَرَنَا مُحَمَّدُ بْنُ عُبَيْدٍ، عَنْ ابْنِ الْمُبَارَكِ، عَنْ مَعْمَرٍ، عَنْ عَمْرِو بْنِ دِينَارٍ، عَنْ طَاوُسٍ، عَنْ زَيْدِ بْنِ ثَابِتٍ، عَنِ النَّبِيِّ صَلَّى اللهُ عَلَيْهِ وَسَلَّمَ قَالَ: «الْعُمْرَى لِلْوَارِثِ»",
        "ar_diacless": "أخبرنا محمد بن عبيد، عن ابن المبارك، عن معمر، عن عمرو بن دينار، عن طاوس، عن زيد بن ثابت، عن النبي صلى الله عليه وسلم قال: «العمرى للوارث»",
        "note": "",
        "grade_id": 2,
        "grade": "সহিহ হাদিস",
        "grade_color": "#46B891"
      },
      {
        "id": 41515,
        "book_id": 3,
        "book_name": "সুনানে আন-নাসায়ী",
        "chapter_id": 31,
        "section_id": 2,
        "hadith_key": "সুনানে আন-নাসায়ী: ৩৭১৯",
        "hadith_id": 3719,
        "narrator": "যায়দ ইব্ন সাবিত (রাঃ)",
        "bn": "রাসূলুল্লাহ (সাল্লাল্লাহু ‘আলাইহি ওয়া সাল্লাম) বলেছেনঃ উমরা ওয়ারিসদের জন্য। আল্লাহ সম্যক অবহিত।",
        "ar": "أَخْبَرَنَا مُحَمَّدُ بْنُ حَاتِمٍ، قَالَ: أَنْبَأَنَا حِبَّانُ، قَالَ: أَنْبَأَنَا عَبْدُ اللَّهِ، عَنْ مَعْمَرٍ، قَالَ: سَمِعْتُ عَمْرَو بْنَ دِينَارٍ، يُحَدِّثُ، عَنْ طَاوُسٍ، عَنْ حُجْرٍ الْمَدَرِيِّ، عَنْ زَيْدِ بْنِ ثَابِتٍ، أَنَّ رَسُولَ اللَّهِ صَلَّى اللهُ عَلَيْهِ وَسَلَّمَ قَالَ: «الْعُمْرَى لِلْوَارِثِ» وَاللَّهُ أَعْلَمُ",
        "ar_diacless": "أخبرنا محمد بن حاتم، قال: أنبأنا حبان، قال: أنبأنا عبد الله، عن معمر، قال: سمعت عمرو بن دينار، يحدث، عن طاوس، عن حجر المدري، عن زيد بن ثابت، أن رسول الله صلى الله عليه وسلم قال: «العمرى للوارث» والله أعلم",
        "note": "",
        "grade_id": 2,
        "grade": "সহিহ হাদিস",
        "grade_color": "#46B891"
      }
    ]
  }
]