[
  {
    "id": 831,
    "book_id": 1,
    "book_name": "bukhari",
    "chapter_id": 29,
    "section_id": 1,
    "title": "মদীনা হারম (পবিত্র স্থান) হওয়া ।",
    "preface": "",
    "number": "২৯/১. অধ্যায়ঃ",
    "sort_order": null,
    "hadiths": [
      {
        "id": 1420,
        "book_id": 1,
        "book_name": "সহিহ বুখারী",
        "chapter_id": 29,
        "section_id": 1,
        "hadith_key": "সহিহ বুখারী: ১৮৬৭",
        "hadith_id": 1867,
        "narrator": "আনাস ইব্‌নু মালিক (রাঃ)",
        "bn": "নবী (সাল্লাল্লাহু ‘আলাইহি ওয়া সাল্লাম) বলেছেনঃ মদীনা এখান হতে ওখান পর্যন্ত হারাম (রূপে গণ্য)। সুতরাং তার গাছ কাটা যাবে না এবং এখানে কোন ধরনের অঘটন (বিদ‘আত, অত্যাচার ইত্যাদি) ঘটানো যাবে না। যদি এখানে কোন অঘটন ঘটায় তাহলে তার প্রতি আল্লাহ্‌র এবং ফেরেশতাদের ও সকল মানুষের লা’নত (অভিশাপ)।",
        "ar": "حَدَّثَنَا أَبُو النُّعْمَانِ، حَدَّثَنَا ثَابِتُ بْنُ يَزِيدَ، حَدَّثَنَا عَاصِمٌ أَبُو عَبْدِ الرَّحْمَنِ الأَحْوَلُ، عَنْ أَنَسٍ ـ رضى الله عنه ـ عَنِ النَّبِيِّ صلى الله عليه وسلم قَالَ ‏ \"‏ الْمَدِينَةُ حَرَمٌ، مِنْ كَذَا إِلَى كَذَا، لاَ يُقْطَعُ شَجَرُهَا، وَلاَ يُحْدَثُ فِيهَا حَدَثٌ، مَنْ أَحْدَثَ حَدَثًا فَعَلَيْهِ لَعْنَةُ اللَّهِ وَالْمَلاَئِكَةِ وَالنَّاسِ أَجْمَعِينَ ‏\"‏‏.‏",
        "ar_diacless": "حدثنا أبو النعمان، حدثنا ثابت بن يزيد، حدثنا عاصم أبو عبد الرحمن الأحول، عن أنس ـ رضى الله عنه ـ عن النبي صلى الله عليه وسلم قال ‏ \"‏ المدينة حرم، من كذا إلى كذا، لا يقطع شجرها، ولا يحدث فيها حدث، من أحدث حدثا فعليه لعنة الله والملائكة والناس أجمعين ‏\"‏‏.‏",
        "note": "",
        "grade_id": 2,
        "grade": "সহিহ হাদিস",
        "grade_color": "#46B891"
      },
      {
        "id": 1421,
        "book_id": 1,
        "book_name": "সহিহ বুখারী",
        "chapter_id": 29,
        "section_id": 1,
        "hadith_key": "সহিহ বুখারী: ১৮৬৮",
        "hadith_id": 1868,
        "narrator": "আনাস (রাঃ)",
        "bn": "তিনি বলেন, নবী (সাল্লাল্লাহু ‘আলাইহি ওয়া সাল্লাম) মদীনায় এসে মসজিদ নির্মাণের আদেশ দেন। অতঃপর বলেনঃ হে বনূ নাজ্জার! আমার নিকট হতে মূল্য নিয়ে (ভূমি) বিক্রি কর। তাঁরা বললেন, আমরা এর মূল্য কেবল আল্লাহর নিকটই চাই। এরপর নবী (সাল্লাল্লাহু ‘আলাইহি ওয়া সাল্লাম) - এর নির্দেশে মুশরিকদের কবর খুঁড়ে ফেলা হল, ধ্বংসাবশেষ সমতল করা হল, খেজুর গাছগুলো কেটে ফেলা হল। কেবল মসজিদের কিবলার দিকে কিছু খেজুর গাছ সারিবদ্ধভাবে রাখা হল।",
        "ar": "حَدَّثَنَا أَبُو مَعْمَرٍ، حَدَّثَنَا عَبْدُ الْوَارِثِ، عَنْ أَبِي التَّيَّاحِ، عَنْ أَنَسٍ ـ رضى الله عنه ـ قَدِمَ النَّبِيُّ صلى الله عليه وسلم الْمَدِينَةَ فَأَمَرَ بِبِنَاءِ الْمَسْجِدِ فَقَالَ ‏ \"‏ يَا بَنِي النَّجَّارِ ثَامِنُونِي ‏\"‏‏.‏ فَقَالُوا لاَ نَطْلُبُ ثَمَنَهُ إِلاَّ إِلَى اللَّهِ‏.‏ فَأَمَرَ بِقُبُورِ الْمُشْرِكِينَ، فَنُبِشَتْ، ثُمَّ بِالْخِرَبِ فَسُوِّيَتْ، وَبِالنَّخْلِ فَقُطِعَ، فَصَفُّوا النَّخْلَ قِبْلَةَ الْمَسْجِدِ‏.‏",
        "ar_diacless": "حدثنا أبو معمر، حدثنا عبد الوارث، عن أبي التياح، عن أنس ـ رضى الله عنه ـ قدم النبي صلى الله عليه وسلم المدينة فأمر ببناء المسجد فقال ‏ \"‏ يا بني النجار ثامنوني ‏\"‏‏.‏ فقالوا لا نطلب ثمنه إلا إلى الله‏.‏ فأمر بقبور المشركين، فنبشت، ثم بالخرب فسويت، وبالنخل فقطع، فصفوا النخل قبلة المسجد‏.‏",
        "note": "",
        "grade_id": 2,
        "grade": "সহিহ হাদিস",
        "grade_color": "#46B891"
      },
      {
        "id": 1422,
        "book_id": 1,
        "book_name": "সহিহ বুখারী",
        "chapter_id": 29,
        "section_id": 1,
        "hadith_key": "সহিহ বুখারী: ১৮৬৯",
        "hadith_id": 1869,
        "narrator": "আবূ হুরায়রা (রাঃ)",
        "bn": "নবী (সাল্লাল্লাহু ‘আলাইহি ওয়া সাল্লাম) বলেছেনঃ মদীনার দু’ পাথুরে ভূমির মধ্যবর্তী স্থান আমার ঘোষণা মোতাবেক হারম হিসাবে নির্ধারিত করা হয়েছে। বর্ণনাকারী বলেন, নবী (সাল্লাল্লাহু ‘আলাইহি ওয়া সাল্লাম) বনূ হারিসের নিকট তাশরীফ আনেন এবং বলেন, হে বনূ হারিসা! আমার ধারণা ছিল যে, তোমরা হারমের বাইরে অবস্থান করছ, অতঃপর তিনি সেদিকে দৃষ্টিপাত করে বললেনঃ (না তোমরা হারমের বাইরে নও) বরং তোমরা হারমের ভিতরেই আছ।",
        "ar": "حَدَّثَنَا إِسْمَاعِيلُ بْنُ عَبْدِ اللَّهِ، قَالَ حَدَّثَنِي أَخِي، عَنْ سُلَيْمَانَ، عَنْ عُبَيْدِ اللَّهِ، عَنْ سَعِيدٍ الْمَقْبُرِيِّ، عَنْ أَبِي هُرَيْرَةَ ـ رضى الله عنه ـ أَنَّ النَّبِيَّ صلى الله عليه وسلم قَالَ ‏\"‏ حُرِّمَ مَا بَيْنَ لاَبَتَىِ الْمَدِينَةِ عَلَى لِسَانِي ‏\"‏‏.‏ قَالَ وَأَتَى النَّبِيُّ صلى الله عليه وسلم بَنِي حَارِثَةَ فَقَالَ ‏\"‏ أَرَاكُمْ يَا بَنِي حَارِثَةَ قَدْ خَرَجْتُمْ مِنَ الْحَرَمِ ‏\"‏‏.‏ ثُمَّ الْتَفَتَ، فَقَالَ ‏\"‏ بَلْ أَنْتُمْ فِيهِ ‏\"‏‏.‏",
        "ar_diacless": "حدثنا إسماعيل بن عبد الله، قال حدثني أخي، عن سليمان، عن عبيد الله، عن سعيد المقبري، عن أبي هريرة ـ رضى الله عنه ـ أن النبي صلى الله عليه وسلم قال ‏\"‏ حرم ما بين لابتى المدينة على لساني ‏\"‏‏.‏ قال وأتى النبي صلى الله عليه وسلم بني حارثة فقال ‏\"‏ أراكم يا بني حارثة قد خرجتم من الحرم ‏\"‏‏.‏ ثم التفت، فقال ‏\"‏ بل أنتم فيه ‏\"‏‏.‏",
        "note": "",
        "grade_id": 2,
        "grade": "সহিহ হাদিস",
        "grade_color": "#46B891"
      },
      {
        "id": 1423,
        "book_id": 1,
        "book_name": "সহিহ বুখারী",
        "chapter_id": 29,
        "section_id": 1,
        "hadith_key": "সহিহ বুখারী: ১৮৭০",
        "hadith_id": 1870,
        "narrator": "‘আলী (রাঃ)",
        "bn": "তিনি বলেন, আমাদের কাছে আল্লাহ্‌র কিতাব এবং নবী (সাল্লাল্লাহু ‘আলাইহি ওয়া সাল্লাম) হতে বর্ণিত, এ সহীফা ছাড়া আর কিছুই নেই। তিনি আরো বলেন, ‘আয়ির নামক জায়গা হতে অমুক জায়গা পর্যন্ত মদীনা হল হারাম। যদি কেউ এতে অঘটন ঘটায় অথবা আশ্রয় দেয়, তাহলে তার উপর আল্লাহর, ফেরেশ্‌তা ও মানুষের অভিসম্পাত। সে ব্যক্তির কোন ফরয এবং নফল ‘ইবাদত গৃহীত হবে না। তিনি আরো বলেন, মুসলমান কর্তৃক নিরাপত্তা দানের অধিকার সকলের ক্ষেত্রে সমান। তাই যে ব্যক্তি কোন মুসলমানের দেয়া নিরাপত্তাকে লঙ্ঘন করবে, তার প্রতি আল্লাহ্‌র অভিসম্পাত এবং সকল ফেরেশতা ও মানুষের। আর কবূল করা হবে না তার কোন নফল কিংবা ফরয ‘ইবাদাত। যে ব্যক্তি তার মাওলার (চুক্তিবদ্ধ মিত্রের) অনুমতি ছাড়া অন্য সম্প্রদায়ের সাথে বন্ধুত্ব করবে, তার প্রতিও আল্লাহ্‌র এবং সব ফেরেশতা ও সকল মানুষের অভিসম্পাত। তার ফরয কিংবা নফল কোন ‘ইবাদাতই কবূল করা হবে না। আবূ ‘আবদুল্লাহ্‌ (রহঃ) বলেন, ‘আদলুন’ অর্থ বিনিময়।",
        "ar": "حَدَّثَنَا مُحَمَّدُ بْنُ بَشَّارٍ، حَدَّثَنَا عَبْدُ الرَّحْمَنِ، حَدَّثَنَا سُفْيَانُ، عَنِ الأَعْمَشِ، عَنْ إِبْرَاهِيمَ التَّيْمِيِّ، عَنْ أَبِيهِ، عَنْ عَلِيٍّ ـ رضى الله عنه ـ قَالَ مَا عِنْدَنَا شَىْءٌ إِلاَّ كِتَابُ اللَّهِ، وَهَذِهِ الصَّحِيفَةُ عَنِ النَّبِيِّ صلى الله عليه وسلم ‏\"‏ الْمَدِينَةُ حَرَمٌ، مَا بَيْنَ عَائِرٍ إِلَى كَذَا، مَنْ أَحْدَثَ فِيهَا حَدَثًا، أَوْ آوَى مُحْدِثًا، فَعَلَيْهِ لَعْنَةُ اللَّهِ وَالْمَلاَئِكَةِ وَالنَّاسِ أَجْمَعِينَ، لاَ يُقْبَلُ مِنْهُ صَرْفٌ وَلاَ عَدْلٌ ‏\"‏‏.‏ وَقَالَ ‏\"‏ ذِمَّةُ الْمُسْلِمِينَ وَاحِدَةٌ، فَمَنْ أَخْفَرَ مُسْلِمًا فَعَلَيْهِ لَعْنَةُ اللَّهِ وَالْمَلاَئِكَةِ وَالنَّاسِ أَجْمَعِينَ، لاَ يُقْبَلُ مِنْهُ صَرْفٌ وَلاَ عَدْلٌ، وَمَنْ تَوَلَّى قَوْمًا بِغَيْرِ إِذْنِ مَوَالِيهِ، فَعَلَيْهِ لَعْنَةُ اللَّهِ وَالْمَلاَئِكَةِ وَالنَّاسِ أَجْمَعِينَ، لاَ يُقْبَلُ مِنْهُ صَرْفٌ وَلاَ عَدْلٌ ‏\"‏‏.‏",
        "ar_diacless": "حدثنا محمد بن بشار، حدثنا عبد الرحمن، حدثنا سفيان، عن الأعمش، عن إبراهيم التيمي، عن أبيه، عن علي ـ رضى الله عنه ـ قال ما عندنا شىء إلا كتاب الله، وهذه الصحيفة عن النبي صلى الله عليه وسلم ‏\"‏ المدينة حرم، ما بين عائر إلى كذا، من أحدث فيها حدثا، أو آوى محدثا، فعليه لعنة الله والملائكة والناس أجمعين، لا يقبل منه صرف ولا عدل ‏\"‏‏.‏ وقال ‏\"‏ ذمة المسلمين واحدة، فمن أخفر مسلما فعليه لعنة الله والملائكة والناس أجمعين، لا يقبل منه صرف ولا عدل، ومن تولى قوما بغير إذن مواليه، فعليه لعنة الله والملائكة والناس أجمعين، لا يقبل منه صرف ولا عدل ‏\"‏‏.‏",
        "note": "",
        "grade_id": 2,
        "grade": "সহিহ হাদিস",
        "grade_color": "#46B891"
      }
    ]
  },
  {
    "id": 840,
    "book_id": 1,
    "book_name": "bukhari",
    "chapter_id": 29,
    "section_id": 10,
    "title": "মদীনা অপবিত্র লোকদেরকে বের করে দেয় ।",
    "preface": "",
    "number": "২৯/১০. অধ্যায়ঃ",
    "sort_order": 10,
    "hadiths": [
      {
        "id": 1436,
        "book_id": 1,
        "book_name": "সহিহ বুখারী",
        "chapter_id": 29,
        "section_id": 10,
        "hadith_key": "সহিহ বুখারী: ১৮৮৩",
        "hadith_id": 1883,
        "narrator": "জাবির (রাঃ)",
        "bn": "তিনি বলেন, একজন বেদুঈন নবী (সাল্লাল্লাহু ‘আলাইহি ওয়া সাল্লাম) - এর নিকট এসে ইসলামের উপর তাঁর কাছে বায়‘আত গ্রহণ করলো। পরদিন সে জ্বরাক্রান্ত অবস্থায় নবী (সাল্লাল্লাহু ‘আলাইহি ওয়া সাল্লাম) - এর কাছে এসে বললো, আমার (বায়‘আত) ফিরিয়ে নিন। নবী (সাল্লাল্লাহু ‘আলাইহি ওয়া সাল্লাম) তা প্রত্যাখ্যান করলেন। এভাবে তিনবার হল। অতঃপর বললেনঃ মদীনা কামারের হাপরের মত, যা তার আবর্জনা ও মরিচাকে দূরীভূত করে এবং খাঁটি ও নির্ভেজালকে পরিচ্ছন্ন করে।",
        "ar": "حَدَّثَنَا عَمْرُو بْنُ عَبَّاسٍ، حَدَّثَنَا عَبْدُ الرَّحْمَنِ، حَدَّثَنَا سُفْيَانُ، عَنْ مُحَمَّدِ بْنِ الْمُنْكَدِرِ، عَنْ جَابِرٍ ـ رضى الله عنه ـ جَاءَ أَعْرَابِيٌّ النَّبِيَّ صلى الله عليه وسلم فَبَايَعَهُ عَلَى الإِسْلاَمِ، فَجَاءَ مِنَ الْغَدِ مَحْمُومًا، فَقَالَ أَقِلْنِي، فَأَبَى ثَلاَثَ مِرَارٍ، فَقَالَ ‏ \"‏ الْمَدِينَةُ كَالْكِيرِ، تَنْفِي خَبَثَهَا، وَيَنْصَعُ طَيِّبُهَا ‏\"‏‏.‏",
        "ar_diacless": "حدثنا عمرو بن عباس، حدثنا عبد الرحمن، حدثنا سفيان، عن محمد بن المنكدر، عن جابر ـ رضى الله عنه ـ جاء أعرابي النبي صلى الله عليه وسلم فبايعه على الإسلام، فجاء من الغد محموما، فقال أقلني، فأبى ثلاث مرار، فقال ‏ \"‏ المدينة كالكير، تنفي خبثها، وينصع طيبها ‏\"‏‏.‏",
        "note": "",
        "grade_id": 2,
        "grade": "সহিহ হাদিস",
        "grade_color": "#46B891"
      },
      {
        "id": 1437,
        "book_id": 1,
        "book_name": "সহিহ বুখারী",
        "chapter_id": 29,
        "section_id": 10,
        "hadith_key": "সহিহ বুখারী: ১৮৮৪",
        "hadith_id": 1884,
        "narrator": "যায়দ ইব্‌নু সাবিত (রাঃ)",
        "bn": "তিনি বলেন, নবী (সাল্লাল্লাহু ‘আলাইহি ওয়া সাল্লাম) - এর সঙ্গে উহুদ যুদ্ধে যাত্রা করে তাঁর কতিপয় সাথী ফিরে আসলে একদল লোক বলতে লাগল, আমরা তাদেরকে হত্যা করব, আর অন্য দলটি বলতে লাগলো, না, আমরা তাদেরকে হত্যা করব না। এ সময়ই (তোমাদের হল কী, তোমরা মুনাফিকদের ব্যাপারে দু’দল হয়ে গেলে?) (আন-নিসাঃ ৮৮) আয়াতটি নাযিল হয়। এরপর নবী (সাল্লাল্লাহু ‘আলাইহি ওয়া সাল্লাম) বললেনঃ মদীনা (বিশেষ কিছু) লোকদেরকে বহিষ্কার করে দেয়, যেমনভাবে আগুন লোহার মরিচাকে দূর করে দেয়।",
        "ar": "حَدَّثَنَا سُلَيْمَانُ بْنُ حَرْبٍ، حَدَّثَنَا شُعْبَةُ، عَنْ عَدِيِّ بْنِ ثَابِتٍ، عَنْ عَبْدِ اللَّهِ بْنِ يَزِيدَ، قَالَ سَمِعْتُ زَيْدَ بْنَ ثَابِتٍ ـ رضى الله عنه ـ يَقُولُ لَمَّا خَرَجَ النَّبِيُّ صلى الله عليه وسلم إِلَى أُحُدٍ رَجَعَ نَاسٌ مِنْ أَصْحَابِهِ فَقَالَتْ فِرْقَةٌ نَقْتُلُهُمْ‏.‏ وَقَالَتْ فِرْقَةٌ لاَ نَقْتُلُهُمْ‏.‏ فَنَزَلَتْ ‏{‏فَمَا لَكُمْ فِي الْمُنَافِقِينِ فِئَتَيْنِ‏}‏ وَقَالَ النَّبِيُّ صلى الله عليه وسلم ‏\"‏ إِنَّهَا تَنْفِي الرِّجَالَ كَمَا تَنْفِي",
        "ar_diacless": "حدثنا سليمان بن حرب، حدثنا شعبة، عن عدي بن ثابت، عن عبد الله بن يزيد، قال سمعت زيد بن ثابت ـ رضى الله عنه ـ يقول لما خرج النبي صلى الله عليه وسلم إلى أحد رجع ناس من أصحابه فقالت فرقة نقتلهم‏.‏ وقالت فرقة لا نقتلهم‏.‏ فنزلت ‏{‏فما لكم في المنافقين فئتين‏}‏ وقال النبي صلى الله عليه وسلم ‏\"‏ إنها تنفي الرجال كما تنفي",
        "note": "",
        "grade_id": 2,
        "grade": "সহিহ হাদিস",
        "grade_color": "#46B891"
      }
    ]
  },
  {
    "id": 841,
    "book_id": 1,
    "book_name": "bukhari",
    "chapter_id": 29,
    "section_id": 11,
    "title": "২৯/১১. অধ্যায়ঃ",
    "preface": "",
    "number": "২৯/১১. অধ্যায়ঃ",
    "sort_order": 11,
    "hadiths": [
      {
        "id": 1438,
        "book_id": 1,
        "book_name": "সহিহ বুখারী",
        "chapter_id": 29,
        "section_id": 11,
        "hadith_key": "সহিহ বুখারী: ১৮৮৫",
        "hadith_id": 1885,
        "narrator": "আনাস (রাঃ)",
        "bn": "তিনি বলেন, নবী (সাল্লাল্লাহু ‘আলাইহি ওয়া সাল্লাম) বলেছেনঃ হে আল্লাহ! মক্কাতে তুমি যে বরকত দান করেছ, মদীনাতে এর দ্বিগুণ বরকত দাও। ‘উসমান বিন ‘উমর উক্ত হাদীস ইউনুস থেকে বর্ণনার ক্ষেত্রে জারীরের অনুসরণ করেছেন।",
        "ar": "حَدَّثَنَا عَبْدُ اللَّهِ بْنُ مُحَمَّدٍ، حَدَّثَنَا وَهْبُ بْنُ جَرِيرٍ، حَدَّثَنَا أَبِي، سَمِعْتُ يُونُسَ، عَنِ ابْنِ شِهَابٍ، عَنْ أَنَسٍ ـ رضى الله عنه ـ عَنِ النَّبِيِّ صلى الله عليه وسلم قَالَ ‏ \"‏ اللَّهُمَّ اجْعَلْ بِالْمَدِينَةِ ضِعْفَىْ مَا جَعَلْتَ بِمَكَّةَ مِنَ الْبَرَكَةِ ‏\"‏‏.‏ تَابَعَهُ عُثْمَانُ بْنُ عُمَرَ عَنْ يُونُسَ‏.‏",
        "ar_diacless": "حدثنا عبد الله بن محمد، حدثنا وهب بن جرير، حدثنا أبي، سمعت يونس، عن ابن شهاب، عن أنس ـ رضى الله عنه ـ عن النبي صلى الله عليه وسلم قال ‏ \"‏ اللهم اجعل بالمدينة ضعفى ما جعلت بمكة من البركة ‏\"‏‏.‏ تابعه عثمان بن عمر عن يونس‏.‏",
        "note": "",
        "grade_id": 2,
        "grade": "সহিহ হাদিস",
        "grade_color": "#46B891"
      },
      {
        "id": 1439,
        "book_id": 1,
        "book_name": "সহিহ বুখারী",
        "chapter_id": 29,
        "section_id": 11,
        "hadith_key": "সহিহ বুখারী: ১৮৮৬",
        "hadith_id": 1886,
        "narrator": "আনাস (রাঃ)",
        "bn": "তিনি বলেন, নবী (সাল্লাল্লাহু ‘আলাইহি ওয়া সাল্লাম) সফর হতে ফিরে আসার পথে যখন মদীনার প্রাচীরগুলোর দিকে তাকাতেন, তখন তিনি মদীনার প্রতি ভালবাসার কারণে তাঁর উটকে দ্রুত চালাতেন আর তিনি অন্য কোন জন্তুর উপর থাকলে তাকেও দ্রুত চালিত করতেন।",
        "ar": "حَدَّثَنَا قُتَيْبَةُ، حَدَّثَنَا إِسْمَاعِيلُ بْنُ جَعْفَرٍ، عَنْ حُمَيْدٍ، عَنْ أَنَسٍ ـ رضى الله عنه ـ أَنَّ النَّبِيَّ صلى الله عليه وسلم كَانَ إِذَا قَدِمَ مِنْ سَفَرٍ، فَنَظَرَ إِلَى جُدُرَاتِ الْمَدِينَةِ أَوْضَعَ رَاحِلَتَهُ، وَإِنْ كَانَ عَلَى دَابَّةٍ، حَرَّكَهَا مِنْ حُبِّهَا‏.‏",
        "ar_diacless": "حدثنا قتيبة، حدثنا إسماعيل بن جعفر، عن حميد، عن أنس ـ رضى الله عنه ـ أن النبي صلى الله عليه وسلم كان إذا قدم من سفر، فنظر إلى جدرات المدينة أوضع راحلته، وإن كان على دابة، حركها من حبها‏.‏",
        "note": "",
        "grade_id": 2,
        "grade": "সহিহ হাদিস",
        "grade_color": "#46B891"
      }
    ]
  },
  {
    "id": 842,
    "book_id": 1,
    "book_name": "bukhari",
    "chapter_id": 29,
    "section_id": 12,
    "title": "মদীনার কোন এলাকা ছেড়ে দেয়া বা জনশূন্য করা নবী (সাল্লাল্লাহু ‘আলাইহি ওয়া সাল্লাম) অপছন্দ করতেন।",
    "preface": "",
    "number": "২৯/১২. অধ্যায়ঃ",
    "sort_order": 12,
    "hadiths": [
      {
        "id": 1440,
        "book_id": 1,
        "book_name": "সহিহ বুখারী",
        "chapter_id": 29,
        "section_id": 12,
        "hadith_key": "সহিহ বুখারী: ১৮৮৭",
        "hadith_id": 1887,
        "narrator": "আনাস (রাঃ)",
        "bn": "তিনি বলেন, বনূ সালামা গোত্রের লোকেরা মসজিদে নববীর নিকটে চলে যাওয়ার সংকল্প করলেন। নবী (সাল্লাল্লাহু ‘আলাইহি ওয়া সাল্লাম) মদীনাকে জনশূন্য করা অপছন্দ করলেন, তাই তিনি বললেন হে বনূ সালামা! মসজিদে নববীর দিকে তোমাদের হাঁটার সওয়াব কি তোমরা হিসাব কর না? এরপর তাঁরা সেখানেই রয়ে গেলেন।",
        "ar": "حَدَّثَنَا ابْنُ سَلاَمٍ، أَخْبَرَنَا الْفَزَارِيُّ، عَنْ حُمَيْدٍ الطَّوِيلِ، عَنْ أَنَسٍ ـ رضى الله عنه ـ قَالَ أَرَادَ بَنُو سَلِمَةَ أَنْ يَتَحَوَّلُوا، إِلَى قُرْبِ الْمَسْجِدِ، فَكَرِهَ رَسُولُ اللَّهِ صلى الله عليه وسلم أَنْ تُعْرَى الْمَدِينَةُ، وَقَالَ ‏ \"‏ يَا بَنِي سَلِمَةَ‏.‏ أَلاَ تَحْتَسِبُونَ آثَارَكُمْ ‏\"‏‏.‏ فَأَقَامُوا‏.‏",
        "ar_diacless": "حدثنا ابن سلام، أخبرنا الفزاري، عن حميد الطويل، عن أنس ـ رضى الله عنه ـ قال أراد بنو سلمة أن يتحولوا، إلى قرب المسجد، فكره رسول الله صلى الله عليه وسلم أن تعرى المدينة، وقال ‏ \"‏ يا بني سلمة‏.‏ ألا تحتسبون آثاركم ‏\"‏‏.‏ فأقاموا‏.‏",
        "note": "",
        "grade_id": 2,
        "grade": "সহিহ হাদিস",
        "grade_color": "#46B891"
      }
    ]
  },
  {
    "id": 843,
    "book_id": 1,
    "book_name": "bukhari",
    "chapter_id": 29,
    "section_id": 13,
    "title": "২৯/১৩. অধ্যায়ঃ",
    "preface": "",
    "number": "২৯/১৩. অধ্যায়ঃ",
    "sort_order": 13,
    "hadiths": [
      {
        "id": 1441,
        "book_id": 1,
        "book_name": "সহিহ বুখারী",
        "chapter_id": 29,
        "section_id": 13,
        "hadith_key": "সহিহ বুখারী: ১৮৮৮",
        "hadith_id": 1888,
        "narrator": "আবূ হুরায়রা (রাঃ)",
        "bn": "নবী (সাল্লাল্লাহু ‘আলাইহি ওয়া সাল্লাম) বলেছেনঃ আমার ঘর ও মিম্বরের মধ্যবর্তী স্থানটি হল জান্নাতের বাগানের একটি বাগান, আর আমার মিম্বরের মধ্যবর্তী স্থানটি হল জান্নাতের বাগানের একটি বাগান আর আমার মিম্বরটি হল আমার হাউয (কাউসার)- এর উপর অবস্থিত।",
        "ar": "حَدَّثَنَا مُسَدَّدٌ، عَنْ يَحْيَى، عَنْ عُبَيْدِ اللَّهِ بْنِ عُمَرَ، قَالَ حَدَّثَنِي خُبَيْبُ بْنُ عَبْدِ الرَّحْمَنِ، عَنْ حَفْصِ بْنِ عَاصِمٍ، عَنْ أَبِي هُرَيْرَةَ ـ رضى الله عنه ـ عَنِ النَّبِيِّ صلى الله عليه وسلم قَالَ ‏ \"‏ مَا بَيْنَ بَيْتِي وَمِنْبَرِي رَوْضَةٌ مِنْ رِيَاضِ الْجَنَّةِ، وَمِنْبَرِي عَلَى حَوْضِي ‏\"‏‏.‏",
        "ar_diacless": "حدثنا مسدد، عن يحيى، عن عبيد الله بن عمر، قال حدثني خبيب بن عبد الرحمن، عن حفص بن عاصم، عن أبي هريرة ـ رضى الله عنه ـ عن النبي صلى الله عليه وسلم قال ‏ \"‏ ما بين بيتي ومنبري روضة من رياض الجنة، ومنبري على حوضي ‏\"‏‏.‏",
        "note": "",
        "grade_id": 2,
        "grade": "সহিহ হাদিস",
        "grade_color": "#46B891"
      },
      {
        "id": 1443,
        "book_id": 1,
        "book_name": "সহিহ বুখারী",
        "chapter_id": 29,
        "section_id": 13,
        "hadith_key": "সহিহ বুখারী: ১৮৮৯",
        "hadith_id": 1889,
        "narrator": "‘আয়িশা‌ (রাঃ)",
        "bn": "তিনি বলেন, আল্লাহ্‌র রসূল (সাল্লাল্লাহু ‘আলাইহি ওয়া সাল্লাম) মদীনায় শুভাগমন করলে আবূ বকর (রাঃ) ও বিলাল (রাঃ) জ্বরাক্রান্ত হয়ে পড়লেন। আবূ বকর (রাঃ) জ্বরাক্রান্ত হয়ে পড়লে তিনি এ কবিতাংশটি আবৃত্তি করতেনঃ\n\n“প্রত্যেকেই স্বীয় পরিবারের মাঝে দিনাতিপাত করছে,\nঅথচ মৃত্যু তার জুতার ফিতা অপেক্ষা সন্নিকটবর্তী।”\n\nআর বিলাল (রাঃ) জ্বর থেকে সেরে উঠলে উচ্চৈঃস্বরে এ কবিতাংশ আবৃত্তি করতেনঃ\n\n“হায়, আমি যদি কবিতা আবৃত্তির মাধ্যমে মক্কার প্রান্তরে একটি রাত কাটাতে পারতাম\nআর আমার চারদিকে থাকত ইযখির এবং জালীল ঘাস।\nমাজান্না ঝর্ণা পানি পানের সুযোগ কখনো হবে কি?\nআমার জন্য শামা এবং ত্বফীল পাহাড় প্রকাশিত হবে কি?”\n\nআল্লাহ্‌র রসূল (সাল্লাল্লাহু ‘আলাইহি ওয়া সাল্লাম) বলেনঃ হে আল্লাহ্‌! তুমি শায়বা ইব্‌নু রাবী’আ, ‘উতবা ইব্‌নু রাবী’আ এবং উমায়্যাহ ইব্‌নু খালফের প্রতি লা’নত বর্ষণ কর; যেমনিভাবে তাঁরা আমাদের মাতৃভূমি হতে বের করে মহামারীর দেশে ঠেলে দিয়েছে। এরপর আল্লাহ্‌র রসূল (সাল্লাল্লাহু ‘আলাইহি ওয়া সাল্লাম) দু’আ করলেনঃ হে আল্লাহ্‌! মদীনাকে আমাদের নিকট মক্কার মত বা তার চেয়েও বেশি প্রিয় করে দাও। হে আল্লাহ্‌! আমাদের সা’ ও মুদে বরকত দান কর এবং মদীনাকে আমাদের জন্য স্বাস্থ্যকর বানিয়ে দাও। এর জ্বরের প্রকোপকে বা মহামারীকে জুহফায় স্থানান্তরিত করে দাও। ‘আয়িশা (রাঃ) বলেন, আমরা যখন মদীনা এসেছিলাম তখন তা ছিল আল্লাহ্‌র যমীনে সর্বাপেক্ষা অধিক মহামারীর স্থান। তিনি আর বলেন, সে সময় মদীনায় বুতহান নামক স্থানে একটি ঝর্ণা ছিল যেখানে হতে বর্ণ ও বিকৃত স্বাদের পানি প্রবাহিত হত।",
        "ar": "حَدَّثَنَا عُبَيْدُ بْنُ إِسْمَاعِيلَ، حَدَّثَنَا أَبُو أُسَامَةَ، عَنْ هِشَامٍ، عَنْ أَبِيهِ، عَنْ عَائِشَةَ ـ رضى الله عنها ـ قَالَتْ لَمَّا قَدِمَ رَسُولُ اللَّهِ صلى الله عليه وسلم الْمَدِينَةَ وُعِكَ أَبُو بَكْرٍ وَبِلاَلٌ، فَكَانَ أَبُو بَكْرٍ إِذَا أَخَذَتْهُ الْحُمَّى يَقُولُ كُلُّ امْرِئٍ مُصَبَّحٌ فِي أَهْلِهِ وَالْمَوْتُ أَدْنَى مِنْ شِرَاكِ نَعْلِهِ وَكَانَ بِلاَلٌ إِذَا أُقْلِعَ عَنْهُ الْحُمَّى يَرْفَعُ عَقِيرَتَهُ يَقُولُ أَلاَ لَيْتَ شِعْرِي هَلْ أَبِيتَنَّ لَيْلَةً بِوَادٍ وَحَوْلِي إِذْخِرٌ وَجَلِيلُ وَهَلْ أَرِدَنْ يَوْمًا مِيَاهَ مَجَنَّةٍ وَهَلْ يَبْدُوَنْ لِي شَامَةٌ وَطَفِيلُ قَالَ اللَّهُمَّ الْعَنْ شَيْبَةَ بْنَ رَبِيعَةَ، وَعُتْبَةَ بْنَ رَبِيعَةَ، وَأُمَيَّةَ بْنَ خَلَفٍ، كَمَا أَخْرَجُونَا مِنْ أَرْضِنَا إِلَى أَرْضِ الْوَبَاءِ ثُمَّ قَالَ رَسُولُ اللَّهِ صلى الله عليه وسلم ‏ \"‏ اللَّهُمَّ حَبِّبْ إِلَيْنَا الْمَدِينَةَ كَحُبِّنَا مَكَّةَ أَوْ أَشَدَّ، اللَّهُمَّ بَارِكْ لَنَا فِي صَاعِنَا، وَفِي مُدِّنَا، وَصَحِّحْهَا لَنَا وَانْقُلْ حُمَّاهَا إِلَى الْجُحْفَةِ ‏\"‏‏.‏ قَالَتْ وَقَدِمْنَا الْمَدِينَةَ، وَهْىَ أَوْبَأُ أَرْضِ اللَّهِ‏.‏ قَالَتْ فَكَانَ بُطْحَانُ يَجْرِي نَجْلاً‏.‏ تَعْنِي مَاءً آجِنًا‏.‏",
        "ar_diacless": "حدثنا عبيد بن إسماعيل، حدثنا أبو أسامة، عن هشام، عن أبيه، عن عائشة ـ رضى الله عنها ـ قالت لما قدم رسول الله صلى الله عليه وسلم المدينة وعك أبو بكر وبلال، فكان أبو بكر إذا أخذته الحمى يقول كل امرئ مصبح في أهله والموت أدنى من شراك نعله وكان بلال إذا أقلع عنه الحمى يرفع عقيرته يقول ألا ليت شعري هل أبيتن ليلة بواد وحولي إذخر وجليل وهل أردن يوما مياه مجنة وهل يبدون لي شامة وطفيل قال اللهم العن شيبة بن ربيعة، وعتبة بن ربيعة، وأمية بن خلف، كما أخرجونا من أرضنا إلى أرض الوباء ثم قال رسول الله صلى الله عليه وسلم ‏ \"‏ اللهم حبب إلينا المدينة كحبنا مكة أو أشد، اللهم بارك لنا في صاعنا، وفي مدنا، وصححها لنا وانقل حماها إلى الجحفة ‏\"‏‏.‏ قالت وقدمنا المدينة، وهى أوبأ أرض الله‏.‏ قالت فكان بطحان يجري نجلا‏.‏ تعني ماء آجنا‏.‏",
        "note": "",
        "grade_id": 2,
        "grade": "সহিহ হাদিস",
        "grade_color": "#46B891"
      },
      {
        "id": 1442,
        "book_id": 1,
        "book_name": "সহিহ বুখারী",
        "chapter_id": 29,
        "section_id": 13,
        "hadith_key": "সহিহ বুখারী: ১৮৯০",
        "hadith_id": 1890,
        "narrator": "‘উমর (রাঃ)",
        "bn": "তিনি এ বলে দু’আ করতেন, হে আল্লাহ্‌! আমাকে তোমার রাস্তায় শাহাদাত লাভের তাওফীক দান কর এবং আমার মৃত্যু তোমার রাসূলের শহরে প্রদান কর। ইব্‌নু যুরাই’ (রহঃ) ..... হাফসা বিনতু ‘উমর (রাঃ) হতে বর্ণিত, তিনি বলেন, আমি ‘উমর (রাঃ)- কে অনুরূপ বর্ণনা করতে শুনেছি। হিশাম (রহ্‌ঃ) বলেন, যায়দ তাঁর পিতার সূত্রে হাফসা (রাঃ) হতে বর্ণনা করেন, তিনি বলেন, আমি ‘উমর (রাঃ)- কে (উপরোক্ত কথা) বলতে শুনেছি। আবূ ‘আবদুল্লাহ্‌ বুখারী (রহঃ) বলেন, ‘রাওহ তাঁর মায়ের সূত্রে এরূপ বলেছেন।\"",
        "ar": "حَدَّثَنَا يَحْيَى بْنُ بُكَيْرٍ، حَدَّثَنَا اللَّيْثُ، عَنْ خَالِدِ بْنِ يَزِيدَ، عَنْ سَعِيدِ بْنِ أَبِي هِلاَلٍ، عَنْ زَيْدِ بْنِ أَسْلَمَ، عَنْ أَبِيهِ، عَنْ عُمَرَ ـ رضى الله عنه ـ قَالَ اللَّهُمَّ ارْزُقْنِي شَهَادَةً فِي سَبِيلِكَ، وَاجْعَلْ مَوْتِي فِي بَلَدِ رَسُولِكَ صلى الله عليه وسلم‏.‏ وَقَالَ ابْنُ زُرَيْعٍ عَنْ رَوْحِ بْنِ الْقَاسِمِ، عَنْ زَيْدِ بْنِ أَسْلَمَ، عَنْ أُمِّهِ، عَنْ حَفْصَةَ بِنْتِ عُمَرَ ـ رضى الله عنهما ـ قَالَتْ سَمِعْتُ عُمَرَ، نَحْوَهُ‏.‏ وَقَالَ هِشَامٌ عَنْ زَيْدٍ، عَنْ أَبِيهِ، عَنْ حَفْصَةَ، سَمِعْتُ عُمَرَ، رضى الله عنه‏.‏",
        "ar_diacless": "حدثنا يحيى بن بكير، حدثنا الليث، عن خالد بن يزيد، عن سعيد بن أبي هلال، عن زيد بن أسلم، عن أبيه، عن عمر ـ رضى الله عنه ـ قال اللهم ارزقني شهادة في سبيلك، واجعل موتي في بلد رسولك صلى الله عليه وسلم‏.‏ وقال ابن زريع عن روح بن القاسم، عن زيد بن أسلم، عن أمه، عن حفصة بنت عمر ـ رضى الله عنهما ـ قالت سمعت عمر، نحوه‏.‏ وقال هشام عن زيد، عن أبيه، عن حفصة، سمعت عمر، رضى الله عنه‏.‏",
        "note": "",
        "grade_id": 2,
        "grade": "সহিহ হাদিস",
        "grade_color": "#46B891"
      }
    ]
  },
  {
    "id": 832,
    "book_id": 1,
    "book_name": "bukhari",
    "chapter_id": 29,
    "section_id": 2,
    "title": "মদীনার ফযীলত । মদীনা (অবাঞ্ছিত) লোকজনকে বহিষ্কার করে দেয় ।",
    "preface": "",
    "number": "২৯/২. অধ্যায়ঃ",
    "sort_order": 2,
    "hadiths": [
      {
        "id": 1424,
        "book_id": 1,
        "book_name": "সহিহ বুখারী",
        "chapter_id": 29,
        "section_id": 2,
        "hadith_key": "সহিহ বুখারী: ১৮৭১",
        "hadith_id": 1871,
        "narrator": "আবূ হুরায়রা (রাঃ)",
        "bn": "তিনি বলেন, আল্লাহর রসূল (সাল্লাল্লাহু ‘আলাইহি ওয়া সাল্লাম) বলেনঃ আমি এমন এক জনপদে হিজরত করার জন্য আদিষ্ট হয়েছি, যে জনপদ অন্য সকল জনপদের উপর জয়ী হবে। লোকেরা তাকে ইয়াসরিব বলে থাকে। এ হল মদীনা। তা অবাঞ্ছিত লোকদেরকে এমনভাবে বহিষ্কার করে দেয়, যেমনভাবে কামারের অগ্নিচুলা লোহার মরিচা দূর করে দেয়।",
        "ar": "حَدَّثَنَا عَبْدُ اللَّهِ بْنُ يُوسُفَ، أَخْبَرَنَا مَالِكٌ، عَنْ يَحْيَى بْنِ سَعِيدٍ، قَالَ سَمِعْتُ أَبَا الْحُبَابِ، سَعِيدَ بْنَ يَسَارٍ يَقُولُ سَمِعْتُ أَبَا هُرَيْرَةَ ـ رضى الله عنه ـ يَقُولُ قَالَ رَسُولُ اللَّهِ صلى الله عليه وسلم‏.‏ ‏ \"‏ أُمِرْتُ بِقَرْيَةٍ تَأْكُلُ الْقُرَى يَقُولُونَ يَثْرِبُ‏.‏ وَهْىَ الْمَدِينَةُ، تَنْفِي النَّاسَ كَمَا يَنْفِي الْكِيرُ خَبَثَ الْحَدِيدِ ‏\"‏‏.‏",
        "ar_diacless": "حدثنا عبد الله بن يوسف، أخبرنا مالك، عن يحيى بن سعيد، قال سمعت أبا الحباب، سعيد بن يسار يقول سمعت أبا هريرة ـ رضى الله عنه ـ يقول قال رسول الله صلى الله عليه وسلم‏.‏ ‏ \"‏ أمرت بقرية تأكل القرى يقولون يثرب‏.‏ وهى المدينة، تنفي الناس كما ينفي الكير خبث الحديد ‏\"‏‏.‏",
        "note": "",
        "grade_id": 2,
        "grade": "সহিহ হাদিস",
        "grade_color": "#46B891"
      }
    ]
  },
  {
    "id": 833,
    "book_id": 1,
    "book_name": "bukhari",
    "chapter_id": 29,
    "section_id": 3,
    "title": "মদীনার অন্য নাম ত্বাবাহ্ ।",
    "preface": "",
    "number": "২৯/৩. অধ্যায়ঃ",
    "sort_order": 3,
    "hadiths": [
      {
        "id": 1425,
        "book_id": 1,
        "book_name": "সহিহ বুখারী",
        "chapter_id": 29,
        "section_id": 3,
        "hadith_key": "সহিহ বুখারী: ১৮৭২",
        "hadith_id": 1872,
        "narrator": "আবূ হুমাইদ (রাঃ)",
        "bn": "তিনি বলেন, নবী (সাল্লাল্লাহু ‘আলাইহি ওয়া সাল্লাম) - এর সঙ্গে আমরা তাবূক যুদ্ধ হতে প্রত্যাবর্তন করে মদীনার নিকটবর্তী স্থানে পৌঁছলে, তিনি বললেনঃ (মদীনা) হল ত্বাবাহ।",
        "ar": "حَدَّثَنَا خَالِدُ بْنُ مَخْلَدٍ، حَدَّثَنَا سُلَيْمَانُ، قَالَ حَدَّثَنِي عَمْرُو بْنُ يَحْيَى، عَنْ عَبَّاسِ بْنِ سَهْلِ بْنِ سَعْدٍ، عَنْ أَبِي حُمَيْدٍ ـ رضى الله عنه ـ أَقْبَلْنَا مَعَ النَّبِيِّ صلى الله عليه وسلم مِنْ تَبُوكَ حَتَّى أَشْرَفْنَا عَلَى الْمَدِينَةِ فَقَالَ ‏ \"‏ هَذِهِ طَابَةُ ‏\"‏‏.‏",
        "ar_diacless": "حدثنا خالد بن مخلد، حدثنا سليمان، قال حدثني عمرو بن يحيى، عن عباس بن سهل بن سعد، عن أبي حميد ـ رضى الله عنه ـ أقبلنا مع النبي صلى الله عليه وسلم من تبوك حتى أشرفنا على المدينة فقال ‏ \"‏ هذه طابة ‏\"‏‏.‏",
        "note": "",
        "grade_id": 2,
        "grade": "সহিহ হাদিস",
        "grade_color": "#46B891"
      }
    ]
  },
  {
    "id": 834,
    "book_id": 1,
    "book_name": "bukhari",
    "chapter_id": 29,
    "section_id": 4,
    "title": "মদীনার কংকরময় দু’টি এলাকা।",
    "preface": "",
    "number": "২৯/৪. অধ্যায়ঃ",
    "sort_order": 4,
    "hadiths": [
      {
        "id": 1426,
        "book_id": 1,
        "book_name": "সহিহ বুখারী",
        "chapter_id": 29,
        "section_id": 4,
        "hadith_key": "সহিহ বুখারী: ১৮৭৩",
        "hadith_id": 1873,
        "narrator": "আবূ হুরায়রা (রাঃ)",
        "bn": "তিনি বলতেন, আমি যদি মদীনাতে কোন হরিণকে বেড়াতে দেখি তাহলে তাকে আমি তাড়াব না। (কেননা) আল্লাহর রসূল (সাল্লাল্লাহু ‘আলাইহি ওয়া সাল্লাম) বলেছেনঃ মদীনার প্রস্তরময় পাহাড়ের দুই এলাকার মধ্যবর্তী এলাকা হল হারম বা সম্মানিত স্থান।",
        "ar": "حَدَّثَنَا عَبْدُ اللَّهِ بْنُ يُوسُفَ، أَخْبَرَنَا مَالِكٌ، عَنِ ابْنِ شِهَابٍ، عَنْ سَعِيدِ بْنِ الْمُسَيَّبِ، عَنْ أَبِي هُرَيْرَةَ ـ رضى الله عنه ـ أَنَّهُ كَانَ يَقُولُ لَوْ رَأَيْتُ الظِّبَاءَ بِالْمَدِينَةِ تَرْتَعُ مَا ذَعَرْتُهَا، قَالَ رَسُولُ اللَّهِ صلى الله عليه وسلم ‏ \"‏ مَا بَيْنَ لاَبَتَيْهَا حَرَامٌ ‏\"‏‏.‏",
        "ar_diacless": "حدثنا عبد الله بن يوسف، أخبرنا مالك، عن ابن شهاب، عن سعيد بن المسيب، عن أبي هريرة ـ رضى الله عنه ـ أنه كان يقول لو رأيت الظباء بالمدينة ترتع ما ذعرتها، قال رسول الله صلى الله عليه وسلم ‏ \"‏ ما بين لابتيها حرام ‏\"‏‏.‏",
        "note": "",
        "grade_id": 2,
        "grade": "সহিহ হাদিস",
        "grade_color": "#46B891"
      }
    ]
  },
  {
    "id": 835,
    "book_id": 1,
    "book_name": "bukhari",
    "chapter_id": 29,
    "section_id": 5,
    "title": "যে ব্যক্তি মদীনা হতে মুখ ফিরিয়ে নেয় ।",
    "preface": "",
    "number": "২৯/৫. অধ্যায়ঃ",
    "sort_order": 5,
    "hadiths": [
      {
        "id": 1427,
        "book_id": 1,
        "book_name": "সহিহ বুখারী",
        "chapter_id": 29,
        "section_id": 5,
        "hadith_key": "সহিহ বুখারী: ১৮৭৪",
        "hadith_id": 1874,
        "narrator": "আবূ হুরায়রা (রাঃ)",
        "bn": "তিনি বলেন, আমি আল্লাহর রসূল (সাল্লাল্লাহু ‘আলাইহি ওয়া সাল্লাম) - কে বলতে শুনেছি, তোমরা উত্তম অবস্থায় মদীনাকে রেখে যাবে। আর জীবিকা অন্বেষণে বিচরণকারী অর্থাৎ পশু-পাখি ছাড়া আর কেউ একে আচ্ছন্ন করে নিতে পারবে না। সবশেষে যাদের মদীনাতে একত্রিত করা হবে তারা হল মুযায়না গোত্রের দু’জন রাখাল। তারা তাদের বক্‌রীগুলোকে হাঁক-ডাক দিয়ে নিয়ে যাওয়ার উদ্দেশ্যেই মদীনাতে আসবে। এসে দেখবে মদীনা বন্য পশুতে ছেয়ে আছে। এরপর তারা সানিয়্যাতুল-বিদা নামক স্থানে পৌঁছতেই মুখ থুবড়ে পড়ে যাবে।",
        "ar": "حَدَّثَنَا أَبُو الْيَمَانِ، أَخْبَرَنَا شُعَيْبٌ، عَنِ الزُّهْرِيِّ، قَالَ أَخْبَرَنِي سَعِيدُ بْنُ الْمُسَيَّبِ، أَنَّ أَبَا هُرَيْرَةَ ـ رضى الله عنه ـ قَالَ سَمِعْتُ رَسُولَ اللَّهِ صلى الله عليه وسلم يَقُولُ ‏ \"‏ يَتْرُكُونَ الْمَدِينَةَ عَلَى خَيْرِ مَا كَانَتْ، لاَ يَغْشَاهَا إِلاَّ الْعَوَافِ ـ يُرِيدُ عَوَافِيَ السِّبَاعِ وَالطَّيْرِ ـ وَآخِرُ مَنْ يُحْشَرُ رَاعِيَانِ مِنْ مُزَيْنَةَ، يُرِيدَانِ الْمَدِينَةَ يَنْعِقَانِ بِغَنَمِهِمَا، فَيَجِدَانِهَا وَحْشًا، حَتَّى إِذَا بَلَغَا ثَنِيَّةَ الْوَدَاعِ خَرَّا عَلَى وُجُوهِهِمَا ‏\"‏‏.‏",
        "ar_diacless": "حدثنا أبو اليمان، أخبرنا شعيب، عن الزهري، قال أخبرني سعيد بن المسيب، أن أبا هريرة ـ رضى الله عنه ـ قال سمعت رسول الله صلى الله عليه وسلم يقول ‏ \"‏ يتركون المدينة على خير ما كانت، لا يغشاها إلا العواف ـ يريد عوافي السباع والطير ـ وآخر من يحشر راعيان من مزينة، يريدان المدينة ينعقان بغنمهما، فيجدانها وحشا، حتى إذا بلغا ثنية الوداع خرا على وجوههما ‏\"‏‏.‏",
        "note": "",
        "grade_id": 2,
        "grade": "সহিহ হাদিস",
        "grade_color": "#46B891"
      },
      {
        "id": 1428,
        "book_id": 1,
        "book_name": "সহিহ বুখারী",
        "chapter_id": 29,
        "section_id": 5,
        "hadith_key": "সহিহ বুখারী: ১৮৭৫",
        "hadith_id": 1875,
        "narrator": "সুফিয়ান ইব্‌নু আবূ যুহায়র (রাঃ)",
        "bn": "তিনি বলেন, আমি আল্লাহর রসূল (সাল্লাল্লাহু ‘আলাইহি ওয়া সাল্লাম) - কে বলতে শুনেছিঃ ইয়ামান বিজিত হবে, তখন একদল লোক নিজেদের সওয়ারী তাড়িয়ে এসে স্বীয় পরিবার-পরিজন এবং অনুগত লোকদেরকে উঠিয়ে নিয়ে যাবে। অথচ মদীনা তাদের জন্য উত্তম ছিল, যদি তারা বুঝত। সিরিয়া বিজিত হবে, তখন একদল লোক নিজেদের সওয়ারী তাড়িয়ে এসে স্বীয় পরিবার-পরিজন এবং অনুগত লোকদেরকে উঠিয়ে নিয়ে যাবে; অথচ মদীনাই ছিল তাদের জন্য মঙ্গলজনক, যদি তারা জানত। এরপর ইরাক বিজিত হবে তখন একদল লোক নিজেদের সওয়ারী তাড়িয়ে এসে স্বজন এবং অনুগতদেরকে উঠিয়ে নিয়ে যাবে; অথচ মদীনাই তাদের জন্য ছিল মঙ্গলজনক, যদি তারা জানত।",
        "ar": "حَدَّثَنَا عَبْدُ اللَّهِ بْنُ يُوسُفَ، أَخْبَرَنَا مَالِكٌ، عَنْ هِشَامِ بْنِ عُرْوَةَ، عَنْ أَبِيهِ، عَنْ عَبْدِ اللَّهِ بْنِ الزُّبَيْرِ، عَنْ سُفْيَانَ بْنِ أَبِي زُهَيْرٍ ـ رضى الله عنه ـ أَنَّهُ قَالَ سَمِعْتُ رَسُولَ اللَّهِ صلى الله عليه وسلم يَقُولُ ‏ \"‏ تُفْتَحُ الْيَمَنُ فَيَأْتِي قَوْمٌ يُبِسُّونَ، فَيَتَحَمَّلُونَ بِأَهْلِيهِمْ وَمَنْ أَطَاعَهُمْ، وَالْمَدِينَةُ خَيْرٌ لَهُمْ لَوْ كَانُوا يَعْلَمُونَ، وَتُفْتَحُ الشَّأْمُ، فَيَأْتِي قَوْمٌ يُبِسُّونَ فَيَتَحَمَّلُونَ بِأَهْلِيهِمْ وَمَنْ أَطَاعَهُمْ، وَالْمَدِينَةُ خَيْرٌ لَهُمْ لَوْ كَانُوا يَعْلَمُونَ، وَتُفْتَحُ الْعِرَاقُ، فَيَأْتِي قَوْمٌ",
        "ar_diacless": "حدثنا عبد الله بن يوسف، أخبرنا مالك، عن هشام بن عروة، عن أبيه، عن عبد الله بن الزبير، عن سفيان بن أبي زهير ـ رضى الله عنه ـ أنه قال سمعت رسول الله صلى الله عليه وسلم يقول ‏ \"‏ تفتح اليمن فيأتي قوم يبسون، فيتحملون بأهليهم ومن أطاعهم، والمدينة خير لهم لو كانوا يعلمون، وتفتح الشأم، فيأتي قوم يبسون فيتحملون بأهليهم ومن أطاعهم، والمدينة خير لهم لو كانوا يعلمون، وتفتح العراق، فيأتي قوم",
        "note": "",
        "grade_id": 2,
        "grade": "সহিহ হাদিস",
        "grade_color": "#46B891"
      }
    ]
  },
  {
    "id": 836,
    "book_id": 1,
    "book_name": "bukhari",
    "chapter_id": 29,
    "section_id": 6,
    "title": "ঈমান মদীনার দিকে প্রত্যাবর্তন করবে।",
    "preface": "",
    "number": "২৯/৬. অধ্যায়ঃ",
    "sort_order": 6,
    "hadiths": [
      {
        "id": 1429,
        "book_id": 1,
        "book_name": "সহিহ বুখারী",
        "chapter_id": 29,
        "section_id": 6,
        "hadith_key": "সহিহ বুখারী: ১৮৭৬",
        "hadith_id": 1876,
        "narrator": "আবূ হুরায়রা (রাঃ)",
        "bn": "আল্লাহর রসূল (সাল্লাল্লাহু ‘আলাইহি ওয়া সাল্লাম) বলেছেনঃ ঈমান মদীনাতে ফিরে আসবে যেমন সাপ তার গর্তে ফিরে আসে।",
        "ar": "حَدَّثَنَا إِبْرَاهِيمُ بْنُ الْمُنْذِرِ، حَدَّثَنَا أَنَسُ بْنُ عِيَاضٍ، قَالَ حَدَّثَنِي عُبَيْدُ اللَّهِ، عَنْ خُبَيْبِ بْنِ عَبْدِ الرَّحْمَنِ، عَنْ حَفْصِ بْنِ عَاصِمٍ، عَنْ أَبِي هُرَيْرَةَ ـ رضى الله عنه ـ أَنَّ رَسُولَ اللَّهِ صلى الله عليه وسلم قَالَ ‏ \"‏ إِنَّ الإِيمَانَ لَيَأْرِزُ إِلَى الْمَدِينَةِ كَمَا تَأْرِزُ الْحَيَّةُ إِلَى جُحْرِهَا ‏\"‏‏.",
        "ar_diacless": "حدثنا إبراهيم بن المنذر، حدثنا أنس بن عياض، قال حدثني عبيد الله، عن خبيب بن عبد الرحمن، عن حفص بن عاصم، عن أبي هريرة ـ رضى الله عنه ـ أن رسول الله صلى الله عليه وسلم قال ‏ \"‏ إن الإيمان ليأرز إلى المدينة كما تأرز الحية إلى جحرها ‏\"‏‏.",
        "note": "",
        "grade_id": 2,
        "grade": "সহিহ হাদিস",
        "grade_color": "#46B891"
      }
    ]
  },
  {
    "id": 837,
    "book_id": 1,
    "book_name": "bukhari",
    "chapter_id": 29,
    "section_id": 7,
    "title": "মদীনাবাসীদের সাথে চক্রান্তকারীর গুনাহ ।",
    "preface": "",
    "number": "২৯/৭. অধ্যায়ঃ",
    "sort_order": 7,
    "hadiths": [
      {
        "id": 1430,
        "book_id": 1,
        "book_name": "সহিহ বুখারী",
        "chapter_id": 29,
        "section_id": 7,
        "hadith_key": "সহিহ বুখারী: ১৮৭৭",
        "hadith_id": 1877,
        "narrator": "সা‘দ (রাঃ)",
        "bn": "তিনি বলেন, আমি নবী (সাল্লাল্লাহু ‘আলাইহি ওয়া সাল্লাম) - কে বলতে শুনেছিঃ যে কেউ মদীনাবাসীর সাথে ষড়যন্ত্র করবে বা প্রতারণা করবে, সে লবণ যেভাবে পানিতে গলে যায়, সেভাবে গলে যাবে।",
        "ar": "حَدَّثَنَا حُسَيْنُ بْنُ حُرَيْثٍ، أَخْبَرَنَا الْفَضْلُ، عَنْ جُعَيْدٍ، عَنْ عَائِشَةَ، قَالَتْ سَمِعْتُ سَعْدًا ـ رضى الله عنه ـ قَالَ سَمِعْتُ النَّبِيَّ صلى الله عليه وسلم يَقُولُ ‏ \"‏ لاَ يَكِيدُ أَهْلَ الْمَدِينَةِ أَحَدٌ إِلاَّ انْمَاعَ كَمَا يَنْمَاعُ الْمِلْحُ فِي الْمَاءِ ‏\"‏‏.‏",
        "ar_diacless": "حدثنا حسين بن حريث، أخبرنا الفضل، عن جعيد، عن عائشة، قالت سمعت سعدا ـ رضى الله عنه ـ قال سمعت النبي صلى الله عليه وسلم يقول ‏ \"‏ لا يكيد أهل المدينة أحد إلا انماع كما ينماع الملح في الماء ‏\"‏‏.‏",
        "note": "",
        "grade_id": 2,
        "grade": "সহিহ হাদিস",
        "grade_color": "#46B891"
      }
    ]
  },
  {
    "id": 838,
    "book_id": 1,
    "book_name": "bukhari",
    "chapter_id": 29,
    "section_id": 8,
    "title": "মদীনার পাথরের তৈরী দূর্গসমূহ ।",
    "preface": "",
    "number": "২৯/৮. অধ্যায়ঃ",
    "sort_order": 8,
    "hadiths": [
      {
        "id": 1431,
        "book_id": 1,
        "book_name": "সহিহ বুখারী",
        "chapter_id": 29,
        "section_id": 8,
        "hadith_key": "সহিহ বুখারী: ১৮৭৮",
        "hadith_id": 1878,
        "narrator": "উসামা (রাঃ)",
        "bn": "তিনি বলেন, নবী (সাল্লাল্লাহু ‘আলাইহি ওয়া সাল্লাম) মদীনার কোন একটি পাথর নির্মিত গৃহের উপর আরোহণ করে বললেনঃ আমি যা দেখি তোমরা কি তা দেখতে পাচ্ছ? (তিনি বললেন) বৃষ্টি বিন্দু পতিত হওয়ার স্থানসমূহের মত আমি তোমাদের গৃহসমূহের মাঝে ফিতনার স্থানসমূহ দেখতে পাচ্ছি। মা’মার এবং সুলাইমান বিন কাসীর উক্ত হাদীস যুহরী থেকে বর্ণনার ক্ষেত্রে সুফিয়ানকে অনুসরণ করেছেন।",
        "ar": "حَدَّثَنَا عَلِيٌّ، حَدَّثَنَا سُفْيَانُ، حَدَّثَنَا ابْنُ شِهَابٍ، قَالَ أَخْبَرَنِي عُرْوَةُ، سَمِعْتُ أُسَامَةَ ـ رضى الله عنه ـ قَالَ أَشْرَفَ النَّبِيُّ صلى الله عليه وسلم عَلَى أُطُمٍ مِنْ آطَامِ الْمَدِينَةِ فَقَالَ ‏ \"‏ هَلْ تَرَوْنَ مَا أَرَى إِنِّي لأَرَى مَوَاقِعَ الْفِتَنِ خِلاَلَ بُيُوتِكُمْ كَمَوَاقِعِ الْقَطْرِ ‏\"‏‏.‏ تَابَعَهُ مَعْمَرٌ وَسُلَيْمَانُ بْنُ كَثِيرٍ عَنِ الزُّهْرِيِّ‏.‏",
        "ar_diacless": "حدثنا علي، حدثنا سفيان، حدثنا ابن شهاب، قال أخبرني عروة، سمعت أسامة ـ رضى الله عنه ـ قال أشرف النبي صلى الله عليه وسلم على أطم من آطام المدينة فقال ‏ \"‏ هل ترون ما أرى إني لأرى مواقع الفتن خلال بيوتكم كمواقع القطر ‏\"‏‏.‏ تابعه معمر وسليمان بن كثير عن الزهري‏.‏",
        "note": "",
        "grade_id": 2,
        "grade": "সহিহ হাদিস",
        "grade_color": "#46B891"
      }
    ]
  },
  {
    "id": 839,
    "book_id": 1,
    "book_name": "bukhari",
    "chapter_id": 29,
    "section_id": 9,
    "title": "দাজ্জাল মদীনায় প্রবেশ করতে পারবে না ।",
    "preface": "",
    "number": "২৯/৯. অধ্যায়ঃ",
    "sort_order": 9,
    "hadiths": [
      {
        "id": 1432,
        "book_id": 1,
        "book_name": "সহিহ বুখারী",
        "chapter_id": 29,
        "section_id": 9,
        "hadith_key": "সহিহ বুখারী: ১৮৭৯",
        "hadith_id": 1879,
        "narrator": "আবূ বাকরাহ (রাঃ)",
        "bn": "নবী (সাল্লাল্লাহু ‘আলাইহি ওয়া সাল্লাম) ) বলেছেন, মদীনাতে দাজ্জালের ত্রাস ও ভীতি প্রবেশ করতে পারবে নঢ়। ঐ সময় মদীনার সাতটি প্রবেশ পথ থাকবে। প্রত্যেক পথে দু’জন করে ফেরেশতা (মোতায়েন) থাকবে।",
        "ar": "حَدَّثَنَا عَبْدُ الْعَزِيزِ بْنُ عَبْدِ اللَّهِ، قَالَ حَدَّثَنِي إِبْرَاهِيمُ بْنُ سَعْدٍ، عَنْ أَبِيهِ، عَنْ جَدِّهِ، عَنْ أَبِي بَكْرَةَ ـ رضى الله عنه ـ عَنِ النَّبِيِّ صلى الله عليه وسلم قَالَ ‏ \"‏ لاَ يَدْخُلُ الْمَدِينَةَ رُعْبُ الْمَسِيحِ الدَّجَّالِ، لَهَا يَوْمَئِذٍ سَبْعَةُ أَبْوَابٍ، عَلَى كُلِّ باب مَلَكَانِ ‏\"‏‏.‏",
        "ar_diacless": "حدثنا عبد العزيز بن عبد الله، قال حدثني إبراهيم بن سعد، عن أبيه، عن جده، عن أبي بكرة ـ رضى الله عنه ـ عن النبي صلى الله عليه وسلم قال ‏ \"‏ لا يدخل المدينة رعب المسيح الدجال، لها يومئذ سبعة أبواب، على كل باب ملكان ‏\"‏‏.‏",
        "note": "",
        "grade_id": 2,
        "grade": "সহিহ হাদিস",
        "grade_color": "#46B891"
      },
      {
        "id": 1433,
        "book_id": 1,
        "book_name": "সহিহ বুখারী",
        "chapter_id": 29,
        "section_id": 9,
        "hadith_key": "সহিহ বুখারী: ১৮৮০",
        "hadith_id": 1880,
        "narrator": "আবূ হুরায়রা (রাঃ)",
        "bn": "তিনি বলেন, আল্লাহর রসূল (সাল্লাল্লাহু ‘আলাইহি ওয়া সাল্লাম) বলেছেনঃ মদীনার প্রবেশ পথসমূহে ফেরেশ্‌তা পাহারায় নিয়োজিত আছে। তাই প্লেগ রোগ এবং দাজ্জাল মদীনায় প্রবেশ করতে পারবে না।",
        "ar": "حَدَّثَنَا إِسْمَاعِيلُ، قَالَ حَدَّثَنِي مَالِكٌ، عَنْ نُعَيْمِ بْنِ عَبْدِ اللَّهِ الْمُجْمِرِ، عَنْ أَبِي هُرَيْرَةَ ـ رضى الله عنه ـ قَالَ قَالَ رَسُولُ اللَّهِ صلى الله عليه وسلم‏.‏ ‏ \"‏ عَلَى أَنْقَابِ الْمَدِينَةِ مَلاَئِكَةٌ، لاَ يَدْخُلُهَا الطَّاعُونُ وَلاَ الدَّجَّالُ ‏\"‏‏.‏",
        "ar_diacless": "حدثنا إسماعيل، قال حدثني مالك، عن نعيم بن عبد الله المجمر، عن أبي هريرة ـ رضى الله عنه ـ قال قال رسول الله صلى الله عليه وسلم‏.‏ ‏ \"‏ على أنقاب المدينة ملائكة، لا يدخلها الطاعون ولا الدجال ‏\"‏‏.‏",
        "note": "",
        "grade_id": 2,
        "grade": "সহিহ হাদিস",
        "grade_color": "#46B891"
      },
      {
        "id": 1434,
        "book_id": 1,
        "book_name": "সহিহ বুখারী",
        "chapter_id": 29,
        "section_id": 9,
        "hadith_key": "সহিহ বুখারী: ১৮৮১",
        "hadith_id": 1881,
        "narrator": "আনাস ইব্‌নু মালিক (রাঃ)",
        "bn": "নবী (সাল্লাল্লাহু ‘আলাইহি ওয়া সাল্লাম) বলেছেনঃ মক্কা ও মদীনা ব্যতীত এমন কোন শহর নেই যেখানে দাজ্জাল পদচারণ করবে না। মক্কা এবং মদীনার প্রত্যেকটি প্রবেশ পথেই ফেরেশতাগণ সারিবদ্ধভাবে পাহারায় নিয়োজিত থাকবে। এরপর মদীনা তার অধিবাসীদেরকে নিয়ে তিনবার কেঁপে উঠবে এবং আল্লাহ তা‘আলা সমস্ত কাফির এবং মুনাফিকদেরকে বের করে দিবেন।",
        "ar": "حَدَّثَنَا إِبْرَاهِيمُ بْنُ الْمُنْذِرِ، حَدَّثَنَا الْوَلِيدُ، حَدَّثَنَا أَبُو عَمْرٍو، حَدَّثَنَا إِسْحَاقُ، حَدَّثَنِي أَنَسُ بْنُ مَالِكٍ ـ رضى الله عنه ـ عَنِ النَّبِيِّ صلى الله عليه وسلم قَالَ ‏ \"‏ لَيْسَ مِنْ بَلَدٍ إِلاَّ سَيَطَؤُهُ الدَّجَّالُ، إِلاَّ مَكَّةَ وَالْمَدِينَةَ، لَيْسَ لَهُ مِنْ نِقَابِهَا نَقْبٌ إِلاَّ عَلَيْهِ الْمَلاَئِكَةُ صَافِّينَ، يَحْرُسُونَهَا، ثُمَّ تَرْجُفُ الْمَدِينَةُ بِأَهْلِهَا ثَلاَثَ رَجَفَاتٍ، فَيُخْرِجُ اللَّهُ كُلَّ كَافِرٍ وَمُنَافِقٍ ‏\"‏‏.‏",
        "ar_diacless": "حدثنا إبراهيم بن المنذر، حدثنا الوليد، حدثنا أبو عمرو، حدثنا إسحاق، حدثني أنس بن مالك ـ رضى الله عنه ـ عن النبي صلى الله عليه وسلم قال ‏ \"‏ ليس من بلد إلا سيطؤه الدجال، إلا مكة والمدينة، ليس له من نقابها نقب إلا عليه الملائكة صافين، يحرسونها، ثم ترجف المدينة بأهلها ثلاث رجفات، فيخرج الله كل كافر ومنافق ‏\"‏‏.‏",
        "note": "",
        "grade_id": 2,
        "grade": "সহিহ হাদিস",
        "grade_color": "#46B891"
      },
      {
        "id": 1435,
        "book_id": 1,
        "book_name": "সহিহ বুখারী",
        "chapter_id": 29,
        "section_id": 9,
        "hadith_key": "সহিহ বুখারী: ১৮৮২",
        "hadith_id": 1882,
        "narrator": "আবু সা‘ঈদ খুদরী (রাঃ)",
        "bn": "তিনি বলেন, আল্লাহর রসূল (সাল্লাল্লাহু ‘আলাইহি ওয়া সাল্লাম) আমাদের সামনে দাজ্জাল সম্পর্কে এক দীর্ঘ হাদীস বর্ণনা করেছেন। বর্ণিত কথাসমূহের মাঝে তিনি এ কথাও বলেছিলেন যে, মদীনার প্রবেশ পথে অনুপ্রবেশ করা দাজ্জালের জন্য হারাম করে দেয়া হয়েছে। তাই সে মদীনার উদ্দেশ্যে যাত্রা করে মদীনার নিকটবর্তী কোন একটি বালুকাময় জমিতে অবতরণ করবে। তখন তার নিকট এক ব্যক্তি যাবে যে উত্তম ব্যক্তি হবে বা উত্তম মানুষের একজন হবে এবং সে বলবে, আমি সাক্ষ্য দিচ্ছি, তুমিই হলে সে দাজ্জাল যার সম্পর্কে আল্লাহর রসূল (সাল্লাল্লাহু ‘আলাইহি ওয়া সাল্লাম) আমাদেরকে অবহিত করেছেন। দাজ্জাল বলবে, আমি যদি একে হত্যা করে পুনরায় জীবিত করতে পারি তাহলেও কি তোমরা আমার ব্যাপারে সন্দেহ করবে? তারা বলবে, না। এরপর দাজ্জাল লোকটিকে হত্যা করে পুনরায় জীবিত করবে। জীবিত হয়েই লোকটি বলবে, আল্লাহর শপথ! আজকের চেয়ে অধিক প্রত্যয় আমার আর কখনো ছিল না। অতঃপর দাজ্জাল বলবে, আমি তাকে হত্যা করে ফেলব। কিন্তু সে লোকটিকে হত্যা করতে আর সক্ষম হবে না।",
        "ar": "حَدَّثَنَا يَحْيَى بْنُ بُكَيْرٍ، حَدَّثَنَا اللَّيْثُ، عَنْ عُقَيْلٍ، عَنِ ابْنِ شِهَابٍ، قَالَ أَخْبَرَنِي عُبَيْدُ اللَّهِ بْنُ عَبْدِ اللَّهِ بْنِ عُتْبَةَ، أَنَّ أَبَا سَعِيدٍ الْخُدْرِيَّ ـ رضى الله عنه ـ قَالَ حَدَّثَنَا رَسُولُ اللَّهِ صلى الله عليه وسلم حَدِيثًا طَوِيلاً عَنِ الدَّجَّالِ، فَكَانَ فِيمَا حَدَّثَنَا بِهِ أَنْ قَالَ ‏ \"‏ يَأْتِي الدَّجَّالُ ـ وَهُوَ مُحَرَّمٌ عَلَيْهِ أَنْ يَدْخُلَ نِقَابَ الْمَدِينَةِ ـ بَعْضَ السِّبَاخِ الَّتِي بِالْمَدِينَةِ، فَيَخْرُجُ إِلَيْهِ يَوْمَئِذٍ رَجُلٌ، هُوَ خَيْرُ النَّاسِ ـ أَوْ مِنْ خَيْرِ النَّاسِ ـ فَيَقُولُ أَشْهَدُ أَنَّكَ الدَّجَّالُ، الَّذِي حَدَّثَنَا عَنْكَ رَسُولُ اللَّهِ صلى الله عليه وسلم حَدِيثَهُ، فَيَقُولُ الدَّجَّالُ أَرَأَيْتَ إِنْ قَتَلْتُ هَذَا ثُمَّ أَحْيَيْتُهُ، هَلْ تَشُكُّونَ فِي الأَمْرِ فَيَقُولُونَ لاَ‏.‏ فَيَقْتُلُهُ، ثُمَّ يُحْيِيهِ فَيَقُولُ حِينَ يُحْيِيهِ وَاللَّهِ مَا كُنْتُ قَطُّ أَشَدَّ بَصِيرَةً مِنِّي الْيَوْمَ، فَيَقُولُ الدَّجَّالُ أَقْتُلُهُ فَلاَ أُسَلَّطُ عَلَيْهِ ‏\"‏‏.‏",
        "ar_diacless": "حدثنا يحيى بن بكير، حدثنا الليث، عن عقيل، عن ابن شهاب، قال أخبرني عبيد الله بن عبد الله بن عتبة، أن أبا سعيد الخدري ـ رضى الله عنه ـ قال حدثنا رسول الله صلى الله عليه وسلم حديثا طويلا عن الدجال، فكان فيما حدثنا به أن قال ‏ \"‏ يأتي الدجال ـ وهو محرم عليه أن يدخل نقاب المدينة ـ بعض السباخ التي بالمدينة، فيخرج إليه يومئذ رجل، هو خير الناس ـ أو من خير الناس ـ فيقول أشهد أنك الدجال، الذي حدثنا عنك رسول الله صلى الله عليه وسلم حديثه، فيقول الدجال أرأيت إن قتلت هذا ثم أحييته، هل تشكون في الأمر فيقولون لا‏.‏ فيقتله، ثم يحييه فيقول حين يحييه والله ما كنت قط أشد بصيرة مني اليوم، فيقول الدجال أقتله فلا أسلط عليه ‏\"‏‏.‏",
        "note": "",
        "grade_id": 2,
        "grade": "সহিহ হাদিস",
        "grade_color": "#46B891"
      }
    ]
  }
]