[
  {
    "id": 1283,
    "book_id": 1,
    "book_name": "bukhari",
    "chapter_id": 44,
    "section_id": 1,
    "title": "ঋণগ্রস্তকে স্থানান্তরিত করা এবং মুসলিম ও ইয়াহূদীর মধ্যকার ঝগড়ার আপোষ।",
    "preface": "",
    "number": "৪৪/১. অধ্যায়ঃ",
    "sort_order": 1,
    "hadiths": [
      {
        "id": 1866,
        "book_id": 1,
        "book_name": "সহিহ বুখারী",
        "chapter_id": 44,
        "section_id": 1,
        "hadith_key": "সহিহ বুখারী: ২৪১০",
        "hadith_id": 2410,
        "narrator": "‘আবদুল্লাহ্‌ [ইবনু মাসঊদ (রাঃ)]",
        "bn": "তিনি বলেন, আমি এক ব্যক্তিকে একটি আয়াত পড়তে শুনলাম। অথচ আমি আল্লাহর রসূল (সাল্লাল্লাহু ‘আলাইহি ওয়া সাল্লাম)-কে (আয়াতটি) অন্যরূপে পড়তে শুনেছি। আমি তার হাত ধরে তাকে আল্লাহর রসূল (সাল্লাল্লাহু ‘আলাইহি ওয়া সাল্লাম)-এর কাছে নিয়ে এলাম। তিনি বললেন, তোমরা উভয়েই ঠিক পড়েছ। শু‘বা (রহঃ) বলেন, আমার মনে হয়, তিনি বলেছিলেন, তোমরা বাদানুবাদ করো না। কেননা, তোমাদের পূর্ববর্তী লোকেরা বাদানুবাদ করে ধ্বংস হয়েছে।",
        "ar": "حَدَّثَنَا أَبُو الْوَلِيدِ، حَدَّثَنَا شُعْبَةُ، قَالَ عَبْدُ الْمَلِكِ بْنُ مَيْسَرَةَ أَخْبَرَنِي قَالَ سَمِعْتُ النَّزَّالَ، سَمِعْتُ عَبْدَ اللَّهِ، يَقُولُ سَمِعْتُ رَجُلاً، قَرَأَ آيَةً سَمِعْتُ مِنَ النَّبِيِّ، صلى الله عليه وسلم خِلاَفَهَا، فَأَخَذْتُ بِيَدِهِ، فَأَتَيْتُ بِهِ رَسُولَ اللَّهِ صلى الله عليه وسلم فَقَالَ ‏\"‏ كِلاَكُمَا مُحْسِنٌ ‏\"‏‏.‏ قَالَ شُعْبَةُ أَظُنُّهُ قَالَ ‏\"‏ لاَ تَخْتَلِفُوا فَإِنَّ مَنْ كَانَ قَبْلَكُمُ اخْتَلَفُوا فَهَلَكُوا ‏\"‏‏.‏",
        "ar_diacless": "حدثنا أبو الوليد، حدثنا شعبة، قال عبد الملك بن ميسرة أخبرني قال سمعت النزال، سمعت عبد الله، يقول سمعت رجلا، قرأ آية سمعت من النبي، صلى الله عليه وسلم خلافها، فأخذت بيده، فأتيت به رسول الله صلى الله عليه وسلم فقال ‏\"‏ كلاكما محسن ‏\"‏‏.‏ قال شعبة أظنه قال ‏\"‏ لا تختلفوا فإن من كان قبلكم اختلفوا فهلكوا ‏\"‏‏.‏",
        "note": "",
        "grade_id": 2,
        "grade": "সহিহ হাদিস",
        "grade_color": "#46B891"
      },
      {
        "id": 1869,
        "book_id": 1,
        "book_name": "সহিহ বুখারী",
        "chapter_id": 44,
        "section_id": 1,
        "hadith_key": "সহিহ বুখারী: ২৪১১",
        "hadith_id": 2411,
        "narrator": "আবূ হুরায়রা (রাঃ)",
        "bn": "তিনি বলেন, দু’ ব্যক্তি একে অপরকে গালি দিয়েছিল। তাদের একজন ছিল মুসলিম, অন্যজন ইয়াহূদী। মুসলিম লোকটি বলল, তাঁর কসম, যিনি মুহাম্মাদ (সাল্লাল্লাহু ‘আলাইহি ওয়া সাল্লাম)-কে সমস্ত জগতের মধ্যে ফযীলত প্রদান করেছেন। আর ইয়াহূদী লোকটি বলল, সে সত্তার কসম, যিনি মূসা (‘আঃ)-কে সমস্ত জগতের মধ্যে ফযীলত দান করেছেন। এ সময় মুসলিম ব্যক্তি নিজের হাত উঠিয়ে ইয়াহূদীর মুখে চড় মারল। এতে ইয়াহূদী ব্যক্তিটি নবী (সাল্লাল্লাহু ‘আলাইহি ওয়া সাল্লাম)-এর কাছে গিয়ে তার এবং মুসলিম ব্যক্তিটির মধ্যে যা ঘটেছিল, তা তাঁকে অবহিত করল। নবী (সাল্লাল্লাহু ‘আলাইহি ওয়া সাল্লাম) বললেন, তোমরা আমাকে মূসা (‘আঃ)-এর উপর শ্রেষ্ঠত্ব দিও না। কারণ কিয়ামতের দিন সমস্ত মানুষ বেহুঁশ হয়ে পড়বে, তাদের সাথে আমিও বেহুঁশ হয়ে পড়ব। তারপর সকলের আগে আমার হুঁশ আসবে, তখন (দেখতে পাব) মূসা (‘আঃ) আরশের একপাশ ধরে রয়েছেন। আমি জানি না, তিনি বেহুঁশ হয়ে আমার আগে হুঁশে এসেছেন অথবা আল্লাহ তা‘আলা যাঁদেরকে বেহুঁশ হওয়া হতে রেহাই দিয়েছেন, তিনি তাঁদের মধ্যে ছিলেন।",
        "ar": "حَدَّثَنَا يَحْيَى بْنُ قَزَعَةَ، حَدَّثَنَا إِبْرَاهِيمُ بْنُ سَعْدٍ، عَنِ ابْنِ شِهَابٍ، عَنْ أَبِي سَلَمَةَ، وَعَبْدِ الرَّحْمَنِ الأَعْرَجِ، عَنْ أَبِي هُرَيْرَةَ ـ رضى الله عنه ـ قَالَ اسْتَبَّ رَجُلاَنِ رَجُلٌ مِنَ الْمُسْلِمِينَ وَرَجُلٌ مِنَ الْيَهُودِ، قَالَ الْمُسْلِمُ وَالَّذِي اصْطَفَى مُحَمَّدًا عَلَى الْعَالَمِينَ، فَقَالَ الْيَهُودِيُّ وَالَّذِي اصْطَفَى مُوسَى عَلَى الْعَالَمِينَ‏.‏ فَرَفَعَ الْمُسْلِمُ يَدَهُ عِنْدَ ذَلِكَ فَلَطَمَ وَجْهَ الْيَهُودِيِّ، فَذَهَبَ الْيَهُودِيُّ إِلَى النَّبِيِّ صلى الله عليه وسلم فَأَخْبَرَهُ بِمَا كَانَ مِنْ أَمْرِهِ وَأَمْرِ الْمُسْلِمِ، فَدَعَا النَّبِيُّ صلى الله عليه وسلم الْمُسْلِمَ فَسَأَلَهُ عَنْ ذَلِكَ، فَأَخْبَرَهُ فَقَالَ النَّبِيُّ صلى الله عليه وسلم ‏ \"‏ لاَ تُخَيِّرُونِي عَلَى مُوسَى، فَإِنَّ النَّاسَ يَصْعَقُونَ يَوْمَ الْقِيَامَةِ، فَأَصْعَقُ مَعَهُمْ، فَأَكُونُ أَوَّلَ مَنْ يُفِيقُ، فَإِذَا مُوسَى بَاطِشٌ جَانِبَ الْعَرْشِ، فَلاَ أَدْرِي أَكَانَ فِيمَنْ صَعِقَ فَأَفَاقَ قَبْلِي، أَوْ كَانَ مِمَّنِ اسْتَثْنَى اللَّهُ ‏\"‏‏.‏",
        "ar_diacless": "حدثنا يحيى بن قزعة، حدثنا إبراهيم بن سعد، عن ابن شهاب، عن أبي سلمة، وعبد الرحمن الأعرج، عن أبي هريرة ـ رضى الله عنه ـ قال استب رجلان رجل من المسلمين ورجل من اليهود، قال المسلم والذي اصطفى محمدا على العالمين، فقال اليهودي والذي اصطفى موسى على العالمين‏.‏ فرفع المسلم يده عند ذلك فلطم وجه اليهودي، فذهب اليهودي إلى النبي صلى الله عليه وسلم فأخبره بما كان من أمره وأمر المسلم، فدعا النبي صلى الله عليه وسلم المسلم فسأله عن ذلك، فأخبره فقال النبي صلى الله عليه وسلم ‏ \"‏ لا تخيروني على موسى، فإن الناس يصعقون يوم القيامة، فأصعق معهم، فأكون أول من يفيق، فإذا موسى باطش جانب العرش، فلا أدري أكان فيمن صعق فأفاق قبلي، أو كان ممن استثنى الله ‏\"‏‏.‏",
        "note": "",
        "grade_id": 2,
        "grade": "সহিহ হাদিস",
        "grade_color": "#46B891"
      },
      {
        "id": 1868,
        "book_id": 1,
        "book_name": "সহিহ বুখারী",
        "chapter_id": 44,
        "section_id": 1,
        "hadith_key": "সহিহ বুখারী: ২৪১২",
        "hadith_id": 2412,
        "narrator": "আবূ সাঈদ খুদরী (রাঃ)",
        "bn": "তিনি বলেন, একবার আল্লাহর রসূল (সাল্লাল্লাহু ‘আলাইহি ওয়া সাল্লাম) উপবিষ্ট ছিলেন, এমন সময় এক ইয়াহূদী এসে বলল, হে আবুল কাসিম! আপনার এক সাহাবী আমার মুখে আঘাত করেছে। তিনি জিজ্ঞেস করলেন, কে? সে বলল, একজন আনসারী। তিনি বললেন, তাকে ডাক। তিনি তাকে জিজ্ঞেস করলেন, তুমি ওকে মেরেছ? সে বলল, আমি তাকে বাজারে শপথ করে বলতে শুনেছিঃ  শপথ তাঁর, যিনি মূসা (‘আঃ)-কে সকল মানুষের উপর ফযীলত দিয়েছেন। আমি বললাম, হে খবীস! বল, মুহাম্মাদ (সাল্লাল্লাহু ‘আলাইহি ওয়া সাল্লাম)-এর উপরও কি? এতে আমার রাগ এসে গিয়েছিল, তাই আমি তার মুখের উপর আঘাত করি। নবী (সাল্লাল্লাহু ‘আলাইহি ওয়া সাল্লাম) বললেন, তোমরা নবীদের একজনকে অপরজনের উপর ফযীলত দিও না। কারণ, কিয়ামতের দিন সকল মানুষ বেহুঁশ হয়ে পড়বে। তারপর জমিন ফাটবে এবং যারাই উঠবে, আমিই হব তাদের মধ্যে প্রথম। তখন দেখতে পাব মূসা (‘আঃ) আরশের একটি পায়া ধরে  দাঁড়িয়ে আছেন। আমি জানি না, তিনিও বেহুঁশ লোকদের মধ্যে ছিলেন, না তাঁর পূর্বেকার (তুর পাহাড়ের) বেহুঁশীই তাঁর জন্য যথেষ্ট হয়েছে।",
        "ar": "حَدَّثَنَا مُوسَى بْنُ إِسْمَاعِيلَ، حَدَّثَنَا وُهَيْبٌ، حَدَّثَنَا عَمْرُو بْنُ يَحْيَى، عَنْ أَبِيهِ، عَنْ أَبِي سَعِيدٍ الْخُدْرِيِّ ـ رضى الله عنه ـ قَالَ بَيْنَمَا رَسُولُ اللَّهِ صلى الله عليه وسلم جَالِسٌ جَاءَ يَهُودِيٌّ، فَقَالَ يَا أَبَا الْقَاسِمِ ضَرَبَ وَجْهِي رَجُلٌ مِنْ أَصْحَابِكَ‏.‏ فَقَالَ ‏\"‏ مَنْ ‏\"‏‏.‏ قَالَ رَجُلٌ مِنَ الأَنْصَارِ‏.‏ قَالَ ‏\"‏ ادْعُوهُ ‏\"‏‏.‏ فَقَالَ ‏\"‏ أَضَرَبْتَهُ ‏\"‏‏.‏ قَالَ سَمِعْتُهُ بِالسُّوقِ يَحْلِفُ وَالَّذِي اصْطَفَى مُوسَى عَلَى الْبَشَرِ‏.‏ قُلْتُ أَىْ خَبِيثُ، عَلَى مُحَمَّدٍ صلى الله عليه وسلم فَأَخَذَتْنِي غَضْبَةٌ ضَرَبْتُ وَجْهَهُ‏.‏ فَقَالَ النَّبِيُّ صلى الله عليه وسلم ‏\"‏ لاَ تُخَيِّرُوا بَيْنَ الأَنْبِيَاءِ، فَإِنَّ النَّاسَ يَصْعَقُونَ يَوْمَ الْقِيَامَةِ، فَأَكُونُ أَوَّلَ مَنْ تَنْشَقُّ عَنْهُ الأَرْضُ، فَإِذَا أَنَا بِمُوسَى آخِذٌ بِقَائِمَةٍ مِنْ قَوَائِمِ الْعَرْشِ، فَلاَ أَدْرِي أَكَانَ فِيمَنْ صَعِقَ، أَمْ حُوسِبَ بِصَعْقَةِ الأُولَى ‏\"‏‏.‏",
        "ar_diacless": "حدثنا موسى بن إسماعيل، حدثنا وهيب، حدثنا عمرو بن يحيى، عن أبيه، عن أبي سعيد الخدري ـ رضى الله عنه ـ قال بينما رسول الله صلى الله عليه وسلم جالس جاء يهودي، فقال يا أبا القاسم ضرب وجهي رجل من أصحابك‏.‏ فقال ‏\"‏ من ‏\"‏‏.‏ قال رجل من الأنصار‏.‏ قال ‏\"‏ ادعوه ‏\"‏‏.‏ فقال ‏\"‏ أضربته ‏\"‏‏.‏ قال سمعته بالسوق يحلف والذي اصطفى موسى على البشر‏.‏ قلت أى خبيث، على محمد صلى الله عليه وسلم فأخذتني غضبة ضربت وجهه‏.‏ فقال النبي صلى الله عليه وسلم ‏\"‏ لا تخيروا بين الأنبياء، فإن الناس يصعقون يوم القيامة، فأكون أول من تنشق عنه الأرض، فإذا أنا بموسى آخذ بقائمة من قوائم العرش، فلا أدري أكان فيمن صعق، أم حوسب بصعقة الأولى ‏\"‏‏.‏",
        "note": "",
        "grade_id": 2,
        "grade": "সহিহ হাদিস",
        "grade_color": "#46B891"
      },
      {
        "id": 1867,
        "book_id": 1,
        "book_name": "সহিহ বুখারী",
        "chapter_id": 44,
        "section_id": 1,
        "hadith_key": "সহিহ বুখারী: ২৪১৩",
        "hadith_id": 2413,
        "narrator": "আনাস (রাঃ)",
        "bn": "এক ইয়াহূদী একটি দাসীর মাথা দু’টি পাথরের মাঝখানে রেখে পিষে দিয়েছিল। তাকে জিজ্ঞেস করা হল, কে তোমাকে এরূপ করেছে? অমুক ব্যক্তি, অমুক ব্যক্তি? যখন জনৈক ইয়াহূদীর নাম বলা হল- তখন সে দাসী মাথার দ্বারা হ্যাঁ সূচক ইশারা করল। ইয়াহূদীকে ধরে আনা হল। সে অপরাধ স্বীকার করলে নবী (সাল্লাল্লাহু ‘আলাইহি ওয়া সাল্লাম) তার সম্পর্কে নির্দেশ দিলেন। তখন তার মাথা দু’টি পাথরের মাঝখানে রেখে পিষে দেয়া হল।",
        "ar": "حَدَّثَنَا مُوسَى، حَدَّثَنَا هَمَّامٌ، عَنْ قَتَادَةَ، عَنْ أَنَسٍ ـ رضى الله عنه ـ أَنَّ يَهُودِيًّا، رَضَّ رَأْسَ جَارِيَةٍ بَيْنَ حَجَرَيْنِ، قِيلَ مَنْ فَعَلَ هَذَا بِكِ أَفُلاَنٌ، أَفُلاَنٌ حَتَّى سُمِّيَ الْيَهُودِيُّ فَأَوْمَتْ بِرَأْسِهَا، فَأُخِذَ الْيَهُودِيُّ فَاعْتَرَفَ، فَأَمَرَ بِهِ النَّبِيُّ صلى الله عليه وسلم فَرُضَّ رَأْسُهُ بَيْنَ حَجَرَيْنِ‏.‏",
        "ar_diacless": "حدثنا موسى، حدثنا همام، عن قتادة، عن أنس ـ رضى الله عنه ـ أن يهوديا، رض رأس جارية بين حجرين، قيل من فعل هذا بك أفلان، أفلان حتى سمي اليهودي فأومت برأسها، فأخذ اليهودي فاعترف، فأمر به النبي صلى الله عليه وسلم فرض رأسه بين حجرين‏.‏",
        "note": "",
        "grade_id": 2,
        "grade": "সহিহ হাদিস",
        "grade_color": "#46B891"
      }
    ]
  },
  {
    "id": 1292,
    "book_id": 1,
    "book_name": "bukhari",
    "chapter_id": 44,
    "section_id": 10,
    "title": "ঋণের পরিশোধের জন্য তাগাদা করা।",
    "preface": "",
    "number": "৪৪/১০. অধ্যায়ঃ",
    "sort_order": 10,
    "hadiths": [
      {
        "id": 1881,
        "book_id": 1,
        "book_name": "সহিহ বুখারী",
        "chapter_id": 44,
        "section_id": 10,
        "hadith_key": "সহিহ বুখারী: ২৪২৫",
        "hadith_id": 2425,
        "narrator": "খাব্বাব (রাঃ)",
        "bn": "তিনি বলেন, জাহেলী যুগে আমি ছিলাম একজন কর্মকার। আস ইবনু ওয়ায়েলের কাছে আমার কিছু দিরহাম পাওনা ছিল। আমি তাঁর কাছে তাগাদা করতে গেলাম। সে আমাকে বলল, যতক্ষণ না তুমি মুহাম্মাদকে অস্বীকার করছ ততক্ষণ আমি তোমার পাওনা পরিশোধ করব না। আমি বললাম, তা হতে পারে না। আল্লাহর কসম! যে পর্যন্ত না আল্লাহ তোমার মৃত্যু ঘটায় এবং তোমার পুনরুত্থান না হয় সে পর্যন্ত আমি মুহাম্মাদ (সাল্লাল্লাহু ‘আলাইহি ওয়া সাল্লাম)-কে অস্বীকার করব না। সে বলল, ঠিক আছে, যতক্ষণ না আমার মৃত্যু হয় এবং পুনরুত্থান না হয় আমাকে অব্যাহতি দাও। তখন আমাকে মাল ও সন্তান দেয়া হবে এরপর তোমার পাওনা পরিশোধ করে দেব। এ প্রসঙ্গে এ আয়াত নাযিল হয় : “তুমি কি তার প্রতি লক্ষ্য করেছ, যে আমার আয়াতসমূহ প্রত্যাখ্যান করে এবং বলে, আমাকে অবশ্যই ধন-সম্পদ ও সন্তান-সন্ততি দেয়া হবে” -(মারইয়াম: ৭৭)।",
        "ar": "حَدَّثَنَا إِسْحَاقُ، حَدَّثَنَا وَهْبُ بْنُ جَرِيرِ بْنِ حَازِمٍ، أَخْبَرَنَا شُعْبَةُ، عَنِ الأَعْمَشِ، عَنْ أَبِي الضُّحَى، عَنْ مَسْرُوقٍ، عَنْ خَبَّابٍ، قَالَ كُنْتُ قَيْنًا فِي الْجَاهِلِيَّةِ وَكَانَ لِي عَلَى الْعَاصِ بْنِ وَائِلٍ دَرَاهِمُ، فَأَتَيْتُهُ أَتَقَاضَاهُ فَقَالَ لاَ أَقْضِيكَ حَتَّى تَكْفُرَ بِمُحَمَّدٍ، فَقُلْتُ لاَ وَاللَّهِ لاَ أَكْفُرُ بِمُحَمَّدٍ صلى الله عليه وسلم حَتَّى يُمِيتَكَ اللَّهُ ثُمَّ يَبْعَثَكَ‏.‏ قَالَ فَدَعْنِي حَتَّى أَمُوتَ ثُمَّ أُبْعَثَ فَأُوتَى مَالاً وَوَلَدًا، ثُمَّ أَقْضِيَكَ‏.‏ فَنَزَلَتْ ‏{‏أَفَرَأَيْتَ الَّذِي كَفَرَ بِآيَاتِنَا وَقَالَ لأُوتَيَنَّ مَالاً وَوَلَدًا‏}‏ الآيَةَ‏.‏",
        "ar_diacless": "حدثنا إسحاق، حدثنا وهب بن جرير بن حازم، أخبرنا شعبة، عن الأعمش، عن أبي الضحى، عن مسروق، عن خباب، قال كنت قينا في الجاهلية وكان لي على العاص بن وائل دراهم، فأتيته أتقاضاه فقال لا أقضيك حتى تكفر بمحمد، فقلت لا والله لا أكفر بمحمد صلى الله عليه وسلم حتى يميتك الله ثم يبعثك‏.‏ قال فدعني حتى أموت ثم أبعث فأوتى مالا وولدا، ثم أقضيك‏.‏ فنزلت ‏{‏أفرأيت الذي كفر بآياتنا وقال لأوتين مالا وولدا‏}‏ الآية‏.‏",
        "note": "",
        "grade_id": 2,
        "grade": "সহিহ হাদিস",
        "grade_color": "#46B891"
      }
    ]
  },
  {
    "id": 1284,
    "book_id": 1,
    "book_name": "bukhari",
    "chapter_id": 44,
    "section_id": 2,
    "title": "কেউ কেউ মুর্খ ও বুদ্ধিহীন ব্যক্তির আদান-প্রদান প্রত্যাখ্যান করেছেন। যদিও ইমাম (কাযী) তার আদান প্রদানে নিষেধাজ্ঞা আরোপ করেননি।",
    "preface": "জাবির (রাঃ) হতে বর্ণিত যে, সদকা দানকারীকে নিষেধ করার পূর্বে সে যে সদকা করছিল, নবী তাকে তা ফেরত দিয়েছেন। এরপর (অনুরূপ অবস্থায়) তাকে সদকা করা হতে নিষেধ করেছেন। ইমাম মালিক (রহঃ) বলেন, কারো উপর যদি ঋণ থাকে এবং তার কাছে একটি গোলাম ছাড়া আর কিছুই না থাকে, আর সে যদি গোলামটি মুক্ত করে তবে তার এ মুক্ত করা বৈধ নয়।",
    "number": "৪৪/২. অধ্যায়ঃ",
    "sort_order": 2,
    "hadiths": [
      {
        "id": 50890,
        "book_id": 1,
        "book_name": "সহিহ বুখারী",
        "chapter_id": 44,
        "section_id": 2,
        "hadith_key": "সহিহ বুখারী: ",
        "hadith_id": null,
        "narrator": null,
        "bn": "",
        "ar": "",
        "ar_diacless": "",
        "note": "",
        "grade_id": 1,
        "grade": "নির্ণীত নয়",
        "grade_color": "#F0AD4E"
      }
    ]
  },
  {
    "id": 1285,
    "book_id": 1,
    "book_name": "bukhari",
    "chapter_id": 44,
    "section_id": 3,
    "title": "যে ব্যক্তি কোন নির্বোধ বা এ ধরনের কোন লোকের সম্পত্তি বিক্রি করে এবং বিক্রি মূল্য তাকে দিয়ে দেয় ও তাকে তার অবস্থার উন্নতি ও অর্থকে যথাযথ ব্যবহার করতে নির্দেশ দেয়। এরপর যদি সে তার অর্থ নষ্ট করে দেয় তাহলে সে তাকে অর্থ ব্যবহার করা হতে বিরত রাখবে।",
    "preface": "কেননা, নবী (সাল্লাল্লাহু ‘আলাইহি ওয়া সাল্লাম) সম্পদ বিনষ্ট করতে নিষেধ করেছেন। যে লোককে ক্রয়-বিক্রয়ে ধোঁকা দেয়া হত, তাকে তিনি (সাল্লাল্লাহু ‘আলাইহি ওয়া সাল্লাম) বলেছেন, যখন তুমি ক্রয় -বিক্রয় করবে তখন বলে দিবে, ধোঁকা দিবে না। আর নবী (সাল্লাল্লাহু ‘আলাইহি ওয়া সাল্লাম) তার মাল গ্রহণ করেননি।",
    "number": "৪৪/৩.  অধ্যায়ঃ",
    "sort_order": 3,
    "hadiths": [
      {
        "id": 1870,
        "book_id": 1,
        "book_name": "সহিহ বুখারী",
        "chapter_id": 44,
        "section_id": 3,
        "hadith_key": "সহিহ বুখারী: ২৪১৪",
        "hadith_id": 2414,
        "narrator": "ইবনু ‘উমর (রাঃ)",
        "bn": "তিনি বলেন, ক্রয়-বিক্রয়ের ব্যাপারে এক ব্যক্তিকে ধোঁকা দেয়া হত। তখন নবী (সাল্লাল্লাহু ‘আলাইহি ওয়া সাল্লাম) বললেন, তুমি যখন বেচা-কেনা কর তখন বলে দেবে যে, ধোঁকা দিবে না। অতঃপর সে অনুরূপ কথাই বলত।",
        "ar": "حَدَّثَنَا مُوسَى بْنُ إِسْمَاعِيلَ، حَدَّثَنَا عَبْدُ الْعَزِيزِ بْنُ مُسْلِمٍ، حَدَّثَنَا عَبْدُ اللَّهِ بْنُ دِينَارٍ، قَالَ سَمِعْتُ ابْنَ عُمَرَ ـ رضى الله عنهما ـ قَالَ كَانَ رَجُلٌ يُخْدَعُ فِي الْبَيْعِ فَقَالَ لَهُ النَّبِيُّ صلى الله عليه وسلم ‏ \"‏ إِذَا بَايَعْتَ فَقُلْ لاَ خِلاَبَةَ ‏\"‏‏.‏ فَكَانَ يَقُولُهُ‏.‏",
        "ar_diacless": "حدثنا موسى بن إسماعيل، حدثنا عبد العزيز بن مسلم، حدثنا عبد الله بن دينار، قال سمعت ابن عمر ـ رضى الله عنهما ـ قال كان رجل يخدع في البيع فقال له النبي صلى الله عليه وسلم ‏ \"‏ إذا بايعت فقل لا خلابة ‏\"‏‏.‏ فكان يقوله‏.‏",
        "note": "",
        "grade_id": 2,
        "grade": "সহিহ হাদিস",
        "grade_color": "#46B891"
      },
      {
        "id": 1871,
        "book_id": 1,
        "book_name": "সহিহ বুখারী",
        "chapter_id": 44,
        "section_id": 3,
        "hadith_key": "সহিহ বুখারী: ২৪১৫",
        "hadith_id": 2415,
        "narrator": "জাবির (রাঃ)",
        "bn": "এক ব্যক্তি তার গোলাম আযাদ করে দিয়েছিল। তার কাছে এ ছাড়া অন্য কিছু ছিল না। নবী (সাল্লাল্লাহু ‘আলাইহি ওয়া সাল্লাম) তার গোলাম আযাদ করে দেয়া প্রত্যাখ্যান করে দিলেন। পরে সে গোলামটি তার নিকট হতে ইবনু নাহ্‌হাম কিনে নিলেন।",
        "ar": "حَدَّثَنَا عَاصِمُ بْنُ عَلِيٍّ، حَدَّثَنَا ابْنُ أَبِي ذِئْبٍ، عَنْ مُحَمَّدِ بْنِ الْمُنْكَدِرِ، عَنْ جَابِرٍ ـ رضى الله عنه ـ أَنَّ رَجُلاً، أَعْتَقَ عَبْدًا لَهُ، لَيْسَ لَهُ مَالٌ غَيْرُهُ، فَرَدَّهُ النَّبِيُّ صلى الله عليه وسلم، فَابْتَاعَهُ مِنْهُ نُعَيْمُ بْنُ النَّحَّامِ‏.‏",
        "ar_diacless": "حدثنا عاصم بن علي، حدثنا ابن أبي ذئب، عن محمد بن المنكدر، عن جابر ـ رضى الله عنه ـ أن رجلا، أعتق عبدا له، ليس له مال غيره، فرده النبي صلى الله عليه وسلم، فابتاعه منه نعيم بن النحام‏.‏",
        "note": "",
        "grade_id": 2,
        "grade": "সহিহ হাদিস",
        "grade_color": "#46B891"
      }
    ]
  },
  {
    "id": 1286,
    "book_id": 1,
    "book_name": "bukhari",
    "chapter_id": 44,
    "section_id": 4,
    "title": "বিবাদমানদের পরস্পরের আলাপ-আলোচনা সম্পর্কে।",
    "preface": "",
    "number": "৪৪/৪. অধ্যায়ঃ",
    "sort_order": 4,
    "hadiths": [
      {
        "id": 1874,
        "book_id": 1,
        "book_name": "সহিহ বুখারী",
        "chapter_id": 44,
        "section_id": 4,
        "hadith_key": "সহিহ বুখারী: ২৪১৬",
        "hadith_id": 2416,
        "narrator": "‘আবদুল্লাহ্‌ (ইবনু মাসঊদ) (রাঃ)",
        "bn": "তিনি বলেন, আল্লাহর রসূল (সাল্লাল্লাহু ‘আলাইহি ওয়া সাল্লাম) বলেছেন, কোন ব্যক্তি যদি কোন মুসলিমের অর্থ সম্পদ আত্মসাৎ করার উদ্দেশ্যে মিথ্যা শপথ করে, তা হলে সে আল্লাহর সমীপে এমন অবস্থায় হাযির হবে যে, আল্লাহ তার উপর রাগান্বিত থাকবেন। আশ‘আস (রাঃ) বলেন, আল্লাহর কসম! এটা আমার সম্পর্কেই ছিল, আমার ও এক ইয়াহূদী ব্যক্তির সাথে যৌথ মালিকানায় এক খন্ড জমি ছিল। সে আমার মালিকানার অংশ অস্বীকার করে বসল। আমি তাকে নবী (সাল্লাল্লাহু ‘আলাইহি ওয়া সাল্লাম)-এর কাছে নিয়ে গেলাম। আল্লাহর রসূল (সাল্লাল্লাহু ‘আলাইহি ওয়া সাল্লাম) আমাকে বললেন, তোমার কোন সাক্ষী আছে কি? আমি বললাম, না। তখন তিনি [নবী (সাল্লাল্লাহু ‘আলাইহি ওয়া সাল্লাম)] ইয়াহূদিকে বললেন, তুমি কসম কর। আমি তখন বললাম, হে আল্লাহর রসূল! সে তো কসম করবে এবং আমার সম্পত্তি নিয়ে নেবে। তখন আল্লাহ তা’আলা (এ আয়াত) নাযিল করেন: “যারা আল্লাহর সঙ্গে কৃত প্রতিশ্রুতি এবং নিজেদের শপথকে স্বল্পমূল্যে বিক্রি করে …. আয়াতের শেষ পর্যন্ত”- (আল্‌ ইমরান ৭৭)।",
        "ar": "حَدَّثَنَا مُحَمَّدٌ، أَخْبَرَنَا أَبُو مُعَاوِيَةَ، عَنِ الأَعْمَشِ، عَنْ شَقِيقٍ، عَنْ عَبْدِ اللَّهِ ـ رضى الله عنه ـ قَالَ قَالَ رَسُولُ اللَّهِ صلى الله عليه وسلم ‏\"‏ مَنْ حَلَفَ عَلَى يَمِينٍ وَهْوَ فِيهَا فَاجِرٌ لِيَقْتَطِعَ بِهَا مَالَ امْرِئٍ مُسْلِمٍ لَقِيَ اللَّهَ وَهْوَ عَلَيْهِ غَضْبَانُ ‏\"‏‏.‏ قَالَ فَقَالَ الأَشْعَثُ فِيَّ وَاللَّهِ كَانَ ذَلِكَ، كَانَ بَيْنِي وَبَيْنَ رَجُلٍ مِنَ الْيَهُودِ أَرْضٌ فَجَحَدَنِي، فَقَدَّمْتُهُ إِلَى النَّبِيِّ صلى الله عليه وسلم فَقَالَ لِي رَسُولُ اللَّهِ صلى الله عليه وسلم ‏\"‏ أَلَكَ بَيِّنَةٌ ‏\"‏‏.‏ قُلْتُ لاَ‏.‏ قَالَ فَقَالَ لِلْيَهُودِيِّ ‏\"‏ احْلِفْ ‏\"‏‏.‏ قَالَ قُلْتُ يَا رَسُولَ اللَّهِ إِذًا يَحْلِفَ، وَيَذْهَبَ بِمَالِي، فَأَنْزَلَ اللَّهُ تَعَالَى ‏{‏إِنَّ الَّذِينَ يَشْتَرُونَ بِعَهْدِ اللَّهِ وَأَيْمَانِهِمْ ثَمَنًا قَلِيلاً‏}‏ إِلَى آخِرِ الآيَةِ‏.‏",
        "ar_diacless": "حدثنا محمد، أخبرنا أبو معاوية، عن الأعمش، عن شقيق، عن عبد الله ـ رضى الله عنه ـ قال قال رسول الله صلى الله عليه وسلم ‏\"‏ من حلف على يمين وهو فيها فاجر ليقتطع بها مال امرئ مسلم لقي الله وهو عليه غضبان ‏\"‏‏.‏ قال فقال الأشعث في والله كان ذلك، كان بيني وبين رجل من اليهود أرض فجحدني، فقدمته إلى النبي صلى الله عليه وسلم فقال لي رسول الله صلى الله عليه وسلم ‏\"‏ ألك بينة ‏\"‏‏.‏ قلت لا‏.‏ قال فقال لليهودي ‏\"‏ احلف ‏\"‏‏.‏ قال قلت يا رسول الله إذا يحلف، ويذهب بمالي، فأنزل الله تعالى ‏{‏إن الذين يشترون بعهد الله وأيمانهم ثمنا قليلا‏}‏ إلى آخر الآية‏.‏",
        "note": "",
        "grade_id": 2,
        "grade": "সহিহ হাদিস",
        "grade_color": "#46B891"
      },
      {
        "id": 1873,
        "book_id": 1,
        "book_name": "সহিহ বুখারী",
        "chapter_id": 44,
        "section_id": 4,
        "hadith_key": "সহিহ বুখারী: ২৪১৭",
        "hadith_id": 2417,
        "narrator": "‘আবদুল্লাহ্‌ (ইবনু মাসঊদ) (রাঃ)",
        "bn": "তিনি বলেন, আল্লাহর রসূল (সাল্লাল্লাহু ‘আলাইহি ওয়া সাল্লাম) বলেছেন, কোন ব্যক্তি যদি কোন মুসলিমের অর্থ সম্পদ আত্মসাৎ করার উদ্দেশ্যে মিথ্যা শপথ করে, তা হলে সে আল্লাহর সমীপে এমন অবস্থায় হাযির হবে যে, আল্লাহ তার উপর রাগান্বিত থাকবেন। আশ‘আস (রাঃ) বলেন, আল্লাহর কসম! এটা আমার সম্পর্কেই ছিল, আমার ও এক ইয়াহূদী ব্যক্তির সাথে যৌথ মালিকানায় এক খন্ড জমি ছিল। সে আমার মালিকানার অংশ অস্বীকার করে বসল। আমি তাকে নবী (সাল্লাল্লাহু ‘আলাইহি ওয়া সাল্লাম)-এর কাছে নিয়ে গেলাম। আল্লাহর রসূল (সাল্লাল্লাহু ‘আলাইহি ওয়া সাল্লাম) আমাকে বললেন, তোমার কোন সাক্ষী আছে কি? আমি বললাম, না। তখন তিনি [নবী (সাল্লাল্লাহু ‘আলাইহি ওয়া সাল্লাম)] ইয়াহূদিকে বললেন, তুমি কসম কর। আমি তখন বললাম, হে আল্লাহর রসূল! সে তো কসম করবে এবং আমার সম্পত্তি নিয়ে নেবে। তখন আল্লাহ তা’আলা (এ আয়াত) নাযিল করেন: “যারা আল্লাহর সঙ্গে কৃত প্রতিশ্রুতি এবং নিজেদের শপথকে স্বল্পমূল্যে বিক্রি করে …. আয়াতের শেষ পর্যন্ত”- (আল্‌ ইমরান ৭৭)।",
        "ar": "See previous Hadith",
        "ar_diacless": "See previous Hadith",
        "note": "",
        "grade_id": 2,
        "grade": "সহিহ হাদিস",
        "grade_color": "#46B891"
      },
      {
        "id": 1872,
        "book_id": 1,
        "book_name": "সহিহ বুখারী",
        "chapter_id": 44,
        "section_id": 4,
        "hadith_key": "সহিহ বুখারী: ২৪১৮",
        "hadith_id": 2418,
        "narrator": "কা‘ব ইবনু মালিক (রাঃ)",
        "bn": "তিনি মসজিদের মধ্যে ইবনু আবূ হাদরাদের কাছে তার প্রাপ্য কাজের তাগাদা করেন। তাদের আওয়াজ বুলন্দ হয়ে গিয়েছিল, এমনকি আল্লাহর রাসূল (সাল্লাল্লাহু ‘আলাইহি ওয়া সাল্লাম) তাঁর ঘর হতে তা শুনতে পেলেন। তিনি [নবী (সাল্লাল্লাহু ‘আলাইহি ওয়া সাল্লাম)] হুজরার পর্দা তুলে বাইরে এলেন এবং ‘হে কা‘ব’! বলে ডাকলেন। কা‘ব (রাঃ) বললেন, হে আল্লাহর রাসূল! আমি হাযির। তিনি ইশারায় তাকে কর্জের অর্ধেক মাফ করে দিতে বললেন। কা‘ব (রাঃ) বললেন, হে আল্লাহর রাসূল! আমি মাফ করে দিলাম, তিনি [নবী (সাল্লাল্লাহু ‘আলাইহি ওয়া সাল্লাম)] ইবনু আবূ হাদরাদকে বললেন, উঠ, কর্জ পরিশোধ করে দাও।",
        "ar": "حَدَّثَنَا عَبْدُ اللَّهِ بْنُ مُحَمَّدٍ، حَدَّثَنَا عُثْمَانُ بْنُ عُمَرَ، أَخْبَرَنَا يُونُسُ، عَنِ الزُّهْرِيِّ، عَنْ عَبْدِ اللَّهِ بْنِ كَعْبِ بْنِ مَالِكٍ، عَنْ كَعْبٍ ـ رضى الله عنه ـ أَنَّهُ تَقَاضَى ابْنَ أَبِي حَدْرَدٍ دَيْنًا كَانَ لَهُ عَلَيْهِ فِي الْمَسْجِدِ، فَارْتَفَعَتْ أَصْوَاتُهُمَا حَتَّى سَمِعَهَا رَسُولُ اللَّهِ صلى الله عليه وسلم وَهْوَ فِي بَيْتِهِ، فَخَرَجَ إِلَيْهِمَا، حَتَّى كَشَفَ سِجْفَ حُجْرَتِهِ فَنَادَى ‏\"‏ يَا كَعْبُ ‏\"‏‏.‏ قَالَ لَبَّيْكَ يَا رَسُولَ اللَّهِ‏.‏ قَالَ ‏\"‏ ضَعْ مِنْ دَيْنِكَ هَذَا ‏\"‏‏.‏ فَأَوْمَأَ إِلَيْهِ، أَىِ الشَّطْرَ‏.‏ قَالَ لَقَدْ فَعَلْتُ يَا رَسُولَ اللَّهِ‏.‏ قَالَ ‏\"‏ قُمْ فَاقْضِهِ ‏\"‏‏.‏",
        "ar_diacless": "حدثنا عبد الله بن محمد، حدثنا عثمان بن عمر، أخبرنا يونس، عن الزهري، عن عبد الله بن كعب بن مالك، عن كعب ـ رضى الله عنه ـ أنه تقاضى ابن أبي حدرد دينا كان له عليه في المسجد، فارتفعت أصواتهما حتى سمعها رسول الله صلى الله عليه وسلم وهو في بيته، فخرج إليهما، حتى كشف سجف حجرته فنادى ‏\"‏ يا كعب ‏\"‏‏.‏ قال لبيك يا رسول الله‏.‏ قال ‏\"‏ ضع من دينك هذا ‏\"‏‏.‏ فأومأ إليه، أى الشطر‏.‏ قال لقد فعلت يا رسول الله‏.‏ قال ‏\"‏ قم فاقضه ‏\"‏‏.‏",
        "note": "",
        "grade_id": 2,
        "grade": "সহিহ হাদিস",
        "grade_color": "#46B891"
      },
      {
        "id": 1875,
        "book_id": 1,
        "book_name": "সহিহ বুখারী",
        "chapter_id": 44,
        "section_id": 4,
        "hadith_key": "সহিহ বুখারী: ২৪১৯",
        "hadith_id": 2419,
        "narrator": "‘উমর ইবনু খাত্তাব (রাঃ)",
        "bn": "তিনি বলেন, আমি হিশাম ইবনু হাকীম ইবনু হিযামকে সূরা ফুরকান আমি যেভাবে পড়ি তা হতে ভিন্ন পড়তে শুনলাম। আর যেভাবে আল্লাহর রাসূল (সাল্লাল্লাহু ‘আলাইহি ওয়া সাল্লাম) আমাকে এ সূরা পড়িয়েছেন। আমি তাড়াতাড়ি তাকে বাধা দিতে চাচ্ছিলাম। কিন্তূ তার সালাত শেষ করা পর্যন্ত অপেক্ষা করলাম। এরপর তার গলায় চাদর পেঁচিয়ে তাকে আল্লাহর রসূল (সাল্লাল্লাহু ‘আলাইহি ওয়া সাল্লাম)-এর কাছে নিয়ে এলাম এবং বললাম, আপনি আমাকে যা পড়তে শিখিয়েছেন, আমি তাকে তা হতে ভিন্ন পড়তে শুনেছি। নবী (সাল্লাল্লাহু ‘আলাইহি ওয়া সাল্লাম) আমাকে বললেন তাকে ছেড়ে দিতে। তারপর তাকে পড়তে বললেন, সে পড়ল। তিনি [নবী (সাল্লাল্লাহু ‘আলাইহি ওয়া সাল্লাম)] বললেন, এরূপ নাযিল হয়েছে। এরপর আমাকে পড়তে বললেন, আমিও তখন পড়লাম। আর তিনি [নবী (সাল্লাল্লাহু ‘আলাইহি ওয়া সাল্লাম)] বললেন, এরূপই নাযিল হয়েছে। কুরআন সাত হরফে নাযিল হয়েছে। তাই যেরূপ সহজ হয় তোমরা সেরূপেই তা পড়।",
        "ar": "حَدَّثَنَا عَبْدُ اللَّهِ بْنُ يُوسُفَ، أَخْبَرَنَا مَالِكٌ، عَنِ ابْنِ شِهَابٍ، عَنْ عُرْوَةَ بْنِ الزُّبَيْرِ، عَنْ عَبْدِ الرَّحْمَنِ بْنِ عَبْدٍ الْقَارِيِّ، أَنَّهُ قَالَ سَمِعْتُ عُمَرَ بْنَ الْخَطَّابِ ـ رضى الله عنه ـ يَقُولُ سَمِعْتُ هِشَامَ بْنَ حَكِيمِ بْنِ حِزَامٍ، يَقْرَأُ سُورَةَ الْفُرْقَانِ عَلَى غَيْرِ مَا أَقْرَؤُهَا، وَكَانَ رَسُولُ اللَّهِ صلى الله عليه وسلم أَقْرَأَنِيهَا، وَكِدْتُ أَنْ أَعْجَلَ عَلَيْهِ، ثُمَّ أَمْهَلْتُهُ حَتَّى انْصَرَفَ، ثُمَّ لَبَّبْتُهُ بِرِدَائِهِ فَجِئْتُ بِهِ رَسُولَ اللَّهِ صلى الله عليه وسلم فَقُلْتُ إِنِّي سَمِعْتُ هَذَا يَقْرَأُ عَلَى غَيْرِ مَا أَقْرَأْتَنِيهَا، فَقَالَ لِي ‏\"‏ أَرْسِلْهُ ‏\"‏‏.‏ ثُمَّ قَالَ لَهُ ‏\"‏ اقْرَأْ ‏\"‏‏.‏ فَقَرَأَ‏.‏ قَالَ ‏\"‏ هَكَذَا أُنْزِلَتْ ‏\"‏‏.‏ ثُمَّ قَالَ لِي ‏\"‏ اقْرَأْ ‏\"‏‏.‏ فَقَرَأْتُ فَقَالَ ‏\"‏ هَكَذَا أُنْزِلَتْ‏.‏ إِنَّ الْقُرْآنَ أُنْزِلَ عَلَى سَبْعَةِ أَحْرُفٍ فَاقْرَءُوا مِنْهُ مَا تَيَسَّرَ ‏\"‏‏.‏",
        "ar_diacless": "حدثنا عبد الله بن يوسف، أخبرنا مالك، عن ابن شهاب، عن عروة بن الزبير، عن عبد الرحمن بن عبد القاري، أنه قال سمعت عمر بن الخطاب ـ رضى الله عنه ـ يقول سمعت هشام بن حكيم بن حزام، يقرأ سورة الفرقان على غير ما أقرؤها، وكان رسول الله صلى الله عليه وسلم أقرأنيها، وكدت أن أعجل عليه، ثم أمهلته حتى انصرف، ثم لببته بردائه فجئت به رسول الله صلى الله عليه وسلم فقلت إني سمعت هذا يقرأ على غير ما أقرأتنيها، فقال لي ‏\"‏ أرسله ‏\"‏‏.‏ ثم قال له ‏\"‏ اقرأ ‏\"‏‏.‏ فقرأ‏.‏ قال ‏\"‏ هكذا أنزلت ‏\"‏‏.‏ ثم قال لي ‏\"‏ اقرأ ‏\"‏‏.‏ فقرأت فقال ‏\"‏ هكذا أنزلت‏.‏ إن القرآن أنزل على سبعة أحرف فاقرءوا منه ما تيسر ‏\"‏‏.‏",
        "note": "",
        "grade_id": 2,
        "grade": "সহিহ হাদিস",
        "grade_color": "#46B891"
      }
    ]
  },
  {
    "id": 1287,
    "book_id": 1,
    "book_name": "bukhari",
    "chapter_id": 44,
    "section_id": 5,
    "title": "পাপে ও বিবাদে লিপ্ত লোকদের অবস্থা অবগত হওয়ার পর তাদেরকে ঘর হতে বহিষ্কার করা।",
    "preface": "আবূ বক্‌র  (রাঃ)-এর বোন যখন বিলাপ করছিলেন তখন ‘উমর (রাঃ) তাকে (ঘর হতে) বের করে দিয়েছিলেন।",
    "number": "৪৪/৫. অধ্যায়ঃ",
    "sort_order": 5,
    "hadiths": [
      {
        "id": 1876,
        "book_id": 1,
        "book_name": "সহিহ বুখারী",
        "chapter_id": 44,
        "section_id": 5,
        "hadith_key": "সহিহ বুখারী: ২৪২০",
        "hadith_id": 2420,
        "narrator": "আবূ হুরায়রা (রাঃ)",
        "bn": "নবী (সাল্লাল্লাহু ‘আলাইহি ওয়া সাল্লাম) বলেছেন, আমি ইচ্ছা করেছিলাম যে, সালাত আদায় করার আদেশ করব। সালাতে দাঁড়ানোর পর যে সম্প্রদায় সালাতে উপস্থিত হয় না, আমি তাদের বাড়ী গিয়ে তা জ্বালিয়ে দেই।",
        "ar": "حَدَّثَنَا مُحَمَّدُ بْنُ بَشَّارٍ حَدَّثَنَا مُحَمَّدُ بْنُ أَبِي عَدِيٍّ، عَنْ شُعْبَةَ، عَنْ سَعْدِ بْنِ إِبْرَاهِيمَ، عَنْ حُمَيْدِ بْنِ عَبْدِ الرَّحْمَنِ، عَنْ أَبِي هُرَيْرَةَ، عَنِ النَّبِيِّ صلى الله عليه وسلم قَالَ ‏ \"‏ لَقَدْ هَمَمْتُ أَنْ آمُرَ بِالصَّلاَةِ فَتُقَامَ ثُمَّ أُخَالِفَ إِلَى مَنَازِلِ قَوْمٍ لاَ يَشْهَدُونَ الصَّلاَةَ فَأُحَرِّقَ عَلَيْهِمْ ‏\"‏‏.‏",
        "ar_diacless": "حدثنا محمد بن بشار حدثنا محمد بن أبي عدي، عن شعبة، عن سعد بن إبراهيم، عن حميد بن عبد الرحمن، عن أبي هريرة، عن النبي صلى الله عليه وسلم قال ‏ \"‏ لقد هممت أن آمر بالصلاة فتقام ثم أخالف إلى منازل قوم لا يشهدون الصلاة فأحرق عليهم ‏\"‏‏.‏",
        "note": "",
        "grade_id": 2,
        "grade": "সহিহ হাদিস",
        "grade_color": "#46B891"
      }
    ]
  },
  {
    "id": 1288,
    "book_id": 1,
    "book_name": "bukhari",
    "chapter_id": 44,
    "section_id": 6,
    "title": "মৃত ব্যক্তির ওসীয়তের দাবী।",
    "preface": "",
    "number": "৪৪/৬. অধ্যায়ঃ",
    "sort_order": 6,
    "hadiths": [
      {
        "id": 1877,
        "book_id": 1,
        "book_name": "সহিহ বুখারী",
        "chapter_id": 44,
        "section_id": 6,
        "hadith_key": "সহিহ বুখারী: ২৪২১",
        "hadith_id": 2421,
        "narrator": "‘আয়িশা (রাঃ)",
        "bn": "আব্দ ইবনু যাম‘আ ও সা‘দ ইবনু আবূ ওয়াক্কাস (রাঃ) যাম‘আর দাসীর পুত্র সংক্রান্ত বিবাদ নবী (সাল্লাল্লাহু ‘আলাইহি ওয়া সাল্লাম) এর কাছে পেশ করলেন। সা‘দ বললেন, হে আল্লাহর রসূল! আমার ভাই আমাকে ওসীয়ত করে গেছেন যে, আমি (মক্কায়) পৌঁছলে যেন যাম‘আর দাসীর পুত্রের প্রতি লক্ষ্য রাখি, দেখতে পেলে যেন তাকে হস্তগত করে নেই। কেননা, সে তার পুত্র। আব্‌দ ইবনু যাম‘আ (রাঃ) বললেন, সে আমার ভাই এবং আমার পিতার দাসীর পুত্র। আমার পিতার ঔরসে তার জন্ম। নবী (সাল্লাল্লাহু ‘আলাইহি ওয়া সাল্লাম) উতবার সাথে তার চেহারা-সুরতের স্পষ্ট মিল দেখতে পেলেন, তখন তিনি [নবী (সাল্লাল্লাহু ‘আলাইহি ওয়া সাল্লাম)] বললেন, হে আব্দ ইবনু যাম‘আ! তুমিই তার হক্বদার। সন্তান যার ঔরসে জন্ম গ্রহণ করে তারই হয়। হে সাওদা! তুমি তার হতে পর্দা কর।",
        "ar": "حَدَّثَنَا عَبْدُ اللَّهِ بْنُ مُحَمَّدٍ، حَدَّثَنَا سُفْيَانُ، عَنِ الزُّهْرِيِّ، عَنْ عُرْوَةَ، عَنْ عَائِشَةَ ـ رضى الله عنها ـ أَنَّ عَبْدَ بْنَ زَمْعَةَ، وَسَعْدَ بْنَ أَبِي وَقَّاصٍ، اخْتَصَمَا إِلَى النَّبِيِّ صلى الله عليه وسلم فِي ابْنِ أَمَةِ زَمْعَةَ فَقَالَ سَعْدٌ يَا رَسُولَ اللَّهِ أَوْصَانِي أَخِي إِذَا قَدِمْتُ أَنْ أَنْظُرَ ابْنَ أَمَةِ زَمْعَةَ فَأَقْبِضَهُ، فَإِنَّهُ ابْنِي‏.‏ وَقَالَ عَبْدُ بْنُ زَمْعَةَ أَخِي وَابْنُ أَمَةِ أَبِي، وُلِدَ عَلَى فِرَاشِ أَبِي‏.‏ فَرَأَى النَّبِيُّ صلى الله عليه وسلم شَبَهًا بَيِّنًا فَقَالَ ‏ \"‏ هُوَ لَكَ يَا عَبْدُ بْنَ زَمْعَةَ، الْوَلَدُ لِلْفِرَاشِ، وَاحْتَجِبِي مِنْهُ يَا سَوْدَةُ ‏\"‏‏.‏",
        "ar_diacless": "حدثنا عبد الله بن محمد، حدثنا سفيان، عن الزهري، عن عروة، عن عائشة ـ رضى الله عنها ـ أن عبد بن زمعة، وسعد بن أبي وقاص، اختصما إلى النبي صلى الله عليه وسلم في ابن أمة زمعة فقال سعد يا رسول الله أوصاني أخي إذا قدمت أن أنظر ابن أمة زمعة فأقبضه، فإنه ابني‏.‏ وقال عبد بن زمعة أخي وابن أمة أبي، ولد على فراش أبي‏.‏ فرأى النبي صلى الله عليه وسلم شبها بينا فقال ‏ \"‏ هو لك يا عبد بن زمعة، الولد للفراش، واحتجبي منه يا سودة ‏\"‏‏.‏",
        "note": "",
        "grade_id": 2,
        "grade": "সহিহ হাদিস",
        "grade_color": "#46B891"
      }
    ]
  },
  {
    "id": 1289,
    "book_id": 1,
    "book_name": "bukhari",
    "chapter_id": 44,
    "section_id": 7,
    "title": "কারো দ্বারা ক্ষতির আশঙ্কা থাকলে তাকে বন্দী করা।",
    "preface": "কুরআন, সুন্নাহ ও ফরযসমূহ শিক্ষার উদ্দেশ্যে ইবনু আব্বাস (রাঃ) ইকরিমাকে পায়ে বেড়ী দিয়ে আটকিয়ে রাখতেন।",
    "number": "৪৪/৭. অধ্যায়ঃ",
    "sort_order": 7,
    "hadiths": [
      {
        "id": 1878,
        "book_id": 1,
        "book_name": "সহিহ বুখারী",
        "chapter_id": 44,
        "section_id": 7,
        "hadith_key": "সহিহ বুখারী: ২৪২২",
        "hadith_id": 2422,
        "narrator": "আবূ  হুরায়রা (রাঃ)",
        "bn": "তিনি বলেন, আল্লাহর রাসূল (সাল্লাল্লাহু ‘আলাইহি ওয়া সাল্লাম) নাজদের দিকে এক অশ্বারোহী সেনাদল পাঠালেন। তারা ইয়ামানবাসীদের সরদার বনূ হানীফা গোত্রের সুমামা ইবনু উসাল নামক একজন লোককে গ্রেফতার করে এনে মসজিদের একটি খুঁটির সাথে বেঁধে রাখলেন। আল্লাহর রসূল (সাল্লাল্লাহু ‘আলাইহি ওয়া সাল্লাম) তার কাছে এসে জিজ্ঞেস করলেন, সুমামা, তোমার কী খবর? সে বলল, হে মুহাম্মাদ ! আমার কাছে ভাল খবর আছে। সে (বর্ণনাকারী) সম্পূর্ণ হাদীস বর্ণনা করল। নবী (সাল্লাল্লাহু ‘আলাইহি ওয়া সাল্লাম) বললেন, সুমামাকে ছেড়ে দাও।",
        "ar": "حَدَّثَنَا قُتَيْبَةُ، حَدَّثَنَا اللَّيْثُ، عَنْ سَعِيدِ بْنِ أَبِي سَعِيدٍ، أَنَّهُ سَمِعَ أَبَا هُرَيْرَةَ ـ رضى الله عنهما ـ يَقُولُ بَعَثَ رَسُولُ اللَّهِ صلى الله عليه وسلم خَيْلاً قِبَلَ نَجْدٍ، فَجَاءَتْ بِرَجُلٍ مِنْ بَنِي حَنِيفَةَ يُقَالُ لَهُ ثُمَامَةُ بْنُ أُثَالٍ سَيِّدُ أَهْلِ الْيَمَامَةِ، فَرَبَطُوهُ بِسَارِيَةٍ مِنْ سَوَارِي الْمَسْجِدِ، فَخَرَجَ إِلَيْهِ رَسُولُ اللَّهِ صلى الله عليه وسلم قَالَ ‏\"‏ مَا عِنْدَكَ يَا ثُمَامَةُ ‏\"‏‏.‏ قَالَ عِنْدِي يَا مُحَمَّدُ خَيْرٌ‏.‏ فَذَكَرَ الْحَدِيثَ قَالَ ‏\"‏ أَطْلِقُوا ثُمَامَةَ ‏\"‏‏.‏",
        "ar_diacless": "حدثنا قتيبة، حدثنا الليث، عن سعيد بن أبي سعيد، أنه سمع أبا هريرة ـ رضى الله عنهما ـ يقول بعث رسول الله صلى الله عليه وسلم خيلا قبل نجد، فجاءت برجل من بني حنيفة يقال له ثمامة بن أثال سيد أهل اليمامة، فربطوه بسارية من سواري المسجد، فخرج إليه رسول الله صلى الله عليه وسلم قال ‏\"‏ ما عندك يا ثمامة ‏\"‏‏.‏ قال عندي يا محمد خير‏.‏ فذكر الحديث قال ‏\"‏ أطلقوا ثمامة ‏\"‏‏.‏",
        "note": "",
        "grade_id": 2,
        "grade": "সহিহ হাদিস",
        "grade_color": "#46B891"
      }
    ]
  },
  {
    "id": 1290,
    "book_id": 1,
    "book_name": "bukhari",
    "chapter_id": 44,
    "section_id": 8,
    "title": "হারম শরীফে (কাউকে) বেঁধে রাখা এবং বন্দী করা।",
    "preface": "নাফি’ ইবনু আবদুল হারিস (রাঃ) কয়েদখানা বানাবার উদ্দেশ্যে মক্কায় সাফওয়ান ইবনু উমাইয়ার কাছ হতে এই শর্তে একটি ঘর ক্রয় করেছিলেন যে, যদি ‘উমর (রাঃ) রাজী হন তবে ক্রয় পূর্ণ হবে। আর যদি তিনি রাজী না হন তা হলে সাফওয়ান চারশত দিনার পাবে। ইবনু যুবায়ের (রাঃ) মক্কায় বন্দী করেছেন।",
    "number": "৪৪/৮. অধ্যায়ঃ",
    "sort_order": 8,
    "hadiths": [
      {
        "id": 1879,
        "book_id": 1,
        "book_name": "সহিহ বুখারী",
        "chapter_id": 44,
        "section_id": 8,
        "hadith_key": "সহিহ বুখারী: ২৪২৩",
        "hadith_id": 2423,
        "narrator": "আবূ হুরায়রা (রাঃ)",
        "bn": "তিনি বলেন, নবী (সাল্লাল্লাহু ‘আলাইহি ওয়া সাল্লাম) নাজদে একদল অশ্বারোহী সেনাদল পাঠালেন। তারা বনূ হানীফা গোত্রের সুমামা ইবনু উসাল নামক ব্যক্তিকে নিয়ে এল এবং তাকে মসজিদের একটি খুঁটির সাথে বেঁধে রাখল।",
        "ar": "حَدَّثَنَا عَبْدُ اللَّهِ بْنُ يُوسُفَ، حَدَّثَنَا اللَّيْثُ، قَالَ حَدَّثَنِي سَعِيدُ بْنُ أَبِي سَعِيدٍ، سَمِعَ أَبَا هُرَيْرَةَ ـ رضى الله عنه ـ قَالَ بَعَثَ النَّبِيُّ صلى الله عليه وسلم خَيْلاً قِبَلَ نَجْدٍ، فَجَاءَتْ بِرَجُلٍ مِنْ بَنِي حَنِيفَةَ يُقَالُ لَهُ ثُمَامَةُ بْنُ أُثَالٍ فَرَبَطُوهُ بِسَارِيَةٍ مِنْ سَوَارِي الْمَسْجِدِ‏.‏",
        "ar_diacless": "حدثنا عبد الله بن يوسف، حدثنا الليث، قال حدثني سعيد بن أبي سعيد، سمع أبا هريرة ـ رضى الله عنه ـ قال بعث النبي صلى الله عليه وسلم خيلا قبل نجد، فجاءت برجل من بني حنيفة يقال له ثمامة بن أثال فربطوه بسارية من سواري المسجد‏.‏",
        "note": "",
        "grade_id": 2,
        "grade": "সহিহ হাদিস",
        "grade_color": "#46B891"
      }
    ]
  },
  {
    "id": 1291,
    "book_id": 1,
    "book_name": "bukhari",
    "chapter_id": 44,
    "section_id": 9,
    "title": "পাওনা আদায়ের জন্য (ঋণদাতা ঋণী ব্যক্তির) পিছনে লেগে থাকা।",
    "preface": "",
    "number": "৪৪/৯. অধ্যায়ঃ",
    "sort_order": 9,
    "hadiths": [
      {
        "id": 1880,
        "book_id": 1,
        "book_name": "সহিহ বুখারী",
        "chapter_id": 44,
        "section_id": 9,
        "hadith_key": "সহিহ বুখারী: ২৪২৪",
        "hadith_id": 2424,
        "narrator": "কা’ব ইবনু মালিক (রাঃ)",
        "bn": "‘আবদুল্লাহ্‌ ইবনু আবূ হাদরাদ আসলামী (রাঃ)-এর কাছে তাঁর কিছু পাওনা ছিল। তিনি তার সঙ্গে সাক্ষাৎ করলেন এবং পিছনে লেগে থাকলেন। তাঁরা উভয়ে কথা বলতে লাগলেন, এমনকি এক পর্যায়ে তাঁদের উভয়ের আওয়াজ উঁচু হল। নবী (সাল্লাল্লাহু ‘আলাইহি ওয়া সাল্লাম) সেখানে গেলেন এবং বললেন, হে কা‘ব! উভয় হাত দিয়ে তিনি ইশারা করলেন; যেন অর্ধেক (গ্রহণ করার কথা) বুঝিয়েছিলেন। তাই তিনি (কা‘ব) তার ঋণের অর্ধেক গ্রহণ করলেন এবং অর্ধেক ছেড়ে দিলেন।",
        "ar": "حَدَّثَنَا يَحْيَى بْنُ بُكَيْرٍ، حَدَّثَنَا اللَّيْثُ، حَدَّثَنَا جَعْفَرُ بْنُ رَبِيعَةَ،‏.‏ وَقَالَ غَيْرُهُ حَدَّثَنِي اللَّيْثُ، قَالَ حَدَّثَنِي جَعْفَرُ بْنُ رَبِيعَةَ، عَنْ عَبْدِ الرَّحْمَنِ بْنِ هُرْمُزَ، عَنْ عَبْدِ اللَّهِ بْنِ كَعْبِ بْنِ مَالِكٍ الأَنْصَارِيِّ، عَنْ كَعْبِ بْنِ مَالِكٍ ـ رضى الله عنه ـ أَنَّهُ كَانَ لَهُ عَلَى عَبْدِ اللَّهِ بْنِ أَبِي حَدْرَدٍ الأَسْلَمِيِّ دَيْنٌ، فَلَقِيَهُ فَلَزِمَهُ، فَتَكَلَّمَا حَتَّى ارْتَفَعَتْ أَصْوَاتُهُمَا، فَمَرَّ بِهِمَا النَّبِيُّ صلى الله عليه وسلم فَقَالَ ‏ \"‏ يَا كَعْبُ ‏\"‏‏.‏ وَأَشَارَ بِيَدِهِ كَأَنَّهُ يَقُولُ النِّصْفَ، فَأَخَذَ نِصْفَ مَا عَلَيْهِ وَتَرَكَ نِصْفًا‏.‏",
        "ar_diacless": "حدثنا يحيى بن بكير، حدثنا الليث، حدثنا جعفر بن ربيعة،‏.‏ وقال غيره حدثني الليث، قال حدثني جعفر بن ربيعة، عن عبد الرحمن بن هرمز، عن عبد الله بن كعب بن مالك الأنصاري، عن كعب بن مالك ـ رضى الله عنه ـ أنه كان له على عبد الله بن أبي حدرد الأسلمي دين، فلقيه فلزمه، فتكلما حتى ارتفعت أصواتهما، فمر بهما النبي صلى الله عليه وسلم فقال ‏ \"‏ يا كعب ‏\"‏‏.‏ وأشار بيده كأنه يقول النصف، فأخذ نصف ما عليه وترك نصفا‏.‏",
        "note": "",
        "grade_id": 2,
        "grade": "সহিহ হাদিস",
        "grade_color": "#46B891"
      }
    ]
  }
]