[
  {
    "id": 1293,
    "book_id": 1,
    "book_name": "bukhari",
    "chapter_id": 45,
    "section_id": 1,
    "title": "পড়ে থাকা জিনিসের মালিক এসে আলামতের বর্ণনা দিলে তাকে তা ফিরিয়ে দিবে।",
    "preface": "",
    "number": "৪৫/১. অধ্যায়ঃ",
    "sort_order": 1,
    "hadiths": [
      {
        "id": 1969,
        "book_id": 1,
        "book_name": "সহিহ বুখারী",
        "chapter_id": 45,
        "section_id": 1,
        "hadith_key": "সহিহ বুখারী: ২৪২৬",
        "hadith_id": 2426,
        "narrator": "উবাই ইবনু কা‘ব (রাঃ)",
        "bn": "তিনি বলেন, আমি একটি থলে পেয়েছিলাম, যার মধ্যে একশ’ দীনার ছিল এবং আমি (এটা নিয়ে) নবী (সাল্লাল্লাহু ‘আলাইহি ওয়া সাল্লাম) -এর কাছে এলাম। তিনি (সাল্লাল্লাহু ‘আলাইহি ওয়া সাল্লাম) বললেন, এক বছর পর্যন্ত ঘোষণা দাও। আমি তাই করলাম। কিন্তু এটি সনাক্ত করার মতো লোক পেলাম না। তখন আবার তাঁর কাছে এলাম। তিনি (সাল্লাল্লাহু ‘আলাইহি ওয়া সাল্লাম) বললেন, আরো এক বছর ঘোষণা দাও। আমি তাই করলাম। কিন্তু কাউকে পেলাম না। আমি তৃতীয়বার তাঁর কাছে এলাম। তিনি (সাল্লাল্লাহু ‘আলাইহি ওয়া সাল্লাম) বললেন, থলে ও এর প্রাপ্ত বস্তুর সংখ্যা এবং এর বাঁধন স্মরণ রাখ। যদি এর মালিক আসে (তাকে দিয়ে দিবে) নতুবা তুমি তা ভোগ করবে। তারপর আমি তা ভোগ করলাম। [শু’বা (রহঃ) বলেছেন] আমি এরপর মক্কায় সালামা (রহঃ) -এর সঙ্গে দেখা করলাম, তিনি বললেন, তিন বছর কিংবা এক বছর তা আমার মনে নেই।",
        "ar": "حَدَّثَنَا آدَمُ، حَدَّثَنَا شُعْبَةُ،‏.‏ وَحَدَّثَنِي مُحَمَّدُ بْنُ بَشَّارٍ، حَدَّثَنَا غُنْدَرٌ، حَدَّثَنَا شُعْبَةُ، عَنْ سَلَمَةَ، سَمِعْتُ سُوَيْدَ بْنَ غَفَلَةَ، قَالَ لَقِيتُ أُبَىَّ بْنَ كَعْبٍ ـ رضى الله عنه ـ فَقَالَ أَخَذْتُ صُرَّةً مِائَةَ دِينَارٍ فَأَتَيْتُ النَّبِيَّ صلى الله عليه وسلم فَقَالَ ‏\"‏ عَرِّفْهَا حَوْلاً‏\"‏‏.‏ فَعَرَّفْتُهَا حَوْلَهَا فَلَمْ أَجِدْ مَنْ يَعْرِفُهَا، ثُمَّ أَتَيْتُهُ فَقَالَ ‏\"‏ عَرِّفْهَا حَوْلاً ‏\"‏ فَعَرَّفْتُهَا فَلَمْ أَجِدْ، ثُمَّ أَتَيْتُهُ ثَلاَثًا فَقَالَ ‏\"‏ احْفَظْ وِعَاءَهَا وَعَدَدَهَا وَوِكَاءَهَا، فَإِنْ جَاءَ صَاحِبُهَا، وَإِلاَّ فَاسْتَمْتِعْ بِهَا ‏\"‏‏.‏ فَاسْتَمْتَعْتُ فَلَقِيتُهُ بَعْدُ بِمَكَّةَ فَقَالَ لاَ أَدْرِي ثَلاَثَةَ أَحْوَالٍ أَوْ حَوْلاً وَاحِدًا‏.‏",
        "ar_diacless": "حدثنا آدم، حدثنا شعبة،‏.‏ وحدثني محمد بن بشار، حدثنا غندر، حدثنا شعبة، عن سلمة، سمعت سويد بن غفلة، قال لقيت أبى بن كعب ـ رضى الله عنه ـ فقال أخذت صرة مائة دينار فأتيت النبي صلى الله عليه وسلم فقال ‏\"‏ عرفها حولا‏\"‏‏.‏ فعرفتها حولها فلم أجد من يعرفها، ثم أتيته فقال ‏\"‏ عرفها حولا ‏\"‏ فعرفتها فلم أجد، ثم أتيته ثلاثا فقال ‏\"‏ احفظ وعاءها وعددها ووكاءها، فإن جاء صاحبها، وإلا فاستمتع بها ‏\"‏‏.‏ فاستمتعت فلقيته بعد بمكة فقال لا أدري ثلاثة أحوال أو حولا واحدا‏.‏",
        "note": "",
        "grade_id": 2,
        "grade": "সহিহ হাদিস",
        "grade_color": "#46B891"
      }
    ]
  },
  {
    "id": 1302,
    "book_id": 1,
    "book_name": "bukhari",
    "chapter_id": 45,
    "section_id": 10,
    "title": "পড়ে থাকা জিনিস যাতে খারাপ না হয় এবং কোন অবাঞ্ছিত ব্যক্তি যাতে তুলে না নেয় সে জন্যে তা তুলে নিবে কি ?",
    "preface": "",
    "number": "৪৫/১০. অধ্যায়ঃ",
    "sort_order": 10,
    "hadiths": [
      {
        "id": 1981,
        "book_id": 1,
        "book_name": "সহিহ বুখারী",
        "chapter_id": 45,
        "section_id": 10,
        "hadith_key": "সহিহ বুখারী: ২৪৩৭",
        "hadith_id": 2437,
        "narrator": "সুওয়াইদ ইবনু গাফালা (রহঃ)",
        "bn": "তিনি বলেন, সুলায়মান ইবনু রবী‘আহ এবং যায়দ ইবনু সুহানের সঙ্গে আমি এক যুদ্ধে শরীক ছিলাম। আমি চাবুক পেলাম। তারা উভয়েই আমাকে এটা ফেলে দিতে বললেন। আমি বললাম, না, এর মালিক এলে এটা আমি তাকে দিয়ে দিব। নতুবা আমিই এটা ব্যবহার করবো। আমরা ফিরে গিয়ে হজ্জ করলাম; এরপর যখন মদীনায় গেলাম, তখন উবাই ইবনু কা‘ব (রাঃ) -কে (এ বিষয়ে) জিজ্ঞেস করলাম। তিনি বললেন, নবী (সাল্লাল্লাহু ‘আলাইহি ওয়া সাল্লাম) –এর যুগে আমি একটা থলে পেয়েছিলাম, এর মধ্যে একশ’ দীনার ছিল। আমি এটা নবী (সাল্লাল্লাহু ‘আলাইহি ওয়া সাল্লাম) –এর কাছে নিয়ে গেলাম। তিনি (সাল্লাল্লাহু ‘আলাইহি ওয়া সাল্লাম) বললেন, এক বছর পর্যন্ত তুমি এটার ঘোষণা দিতে থাক। কাজেই আমি এক বছর পর্যন্ত এর ঘোষণা দিলাম। এরপর আমি তাঁর কাছে এলাম। তিনি আরো এক বছর ঘোষণা দিতে বললেন। আমি আরো এক বছর ঘোষণা দিলাম। এরপর আমি আবার তাঁর কাছে এলাম। তিনি (সাল্লাল্লাহু ‘আলাইহি ওয়া সাল্লাম) আবার এক বছর ঘোষণা দিতে বললেন। আমি আরো এক বছর ঘোষণা দিলাম। এরপর আমি চতুর্থবার তাঁর কাছে আসলাম। তিনি (সাল্লাল্লাহু ‘আলাইহি ওয়া সাল্লাম) বললেন, থলের ভিতরে দীনারের সংখ্যা, বাঁধন এবং থলেটি চিনে রাখ। যদি মালিক ফিরে আসে তাকে দিয়ে দাও। নতুবা তুমি নিজে তা ব্যবহার কর। (আ.প্র. ২২৫৭, ই.ফা. ২২৭৪ ) \n\n---------------\n\nসালামা (রহঃ) হতে উপরোক্ত হাদীসটি বর্ণনা করে বলেছেন যে, সুওয়াইদ ইবনু গাফালা (রহঃ) বলেন যে, আমি ‎উবাই ইবনু কা‘ব (রাঃ) –এর সঙ্গে মক্কায় সাক্ষাৎ করলাম। তখন তিনি ( এ হাদীস সম্পর্কে ) বললেন, আমার ‎স্মরণ নেই যে, নবী (সাল্লাল্লাহু ‘আলাইহি ওয়া সাল্লাম) তিন বছর যাবত না এক বছর যাবত ঘোষণা দিতে বলেছেন। ‎‎(২৪২৬) (আ.প্র. ২২৫৮, ই.ফা. ২২৭৫) ‎",
        "ar": "حَدَّثَنَا سُلَيْمَانُ بْنُ حَرْبٍ، حَدَّثَنَا شُعْبَةُ، عَنْ سَلَمَةَ بْنِ كُهَيْلٍ، قَالَ سَمِعْتُ سُوَيْدَ بْنَ غَفَلَةَ، قَالَ كُنْتُ مَعَ سَلْمَانَ بْنِ رَبِيعَةَ، وَزَيْدِ بْنِ صُوحَانَ فِي غَزَاةٍ، فَوَجَدْتُ سَوْطًا‏.‏ فَقَالَ لِي أَلْقِهِ‏.‏ قُلْتُ لاَ، وَلَكِنْ إِنْ وَجَدْتُ صَاحِبَهُ، وَإِلاَّ اسْتَمْتَعْتُ بِهِ‏.‏ فَلَمَّا رَجَعْنَا حَجَجْنَا فَمَرَرْتُ بِالْمَدِينَةِ، فَسَأَلْتُ أُبَىَّ بْنَ كَعْبٍ ـ رضى الله عنه ـ فَقَالَ وَجَدْتُ صُرَّةً عَلَى عَهْدِ النَّبِيِّ صلى الله عليه وسلم فِيهَا مِائَةُ دِينَارٍ، فَأَتَيْتُ بِهَا النَّبِيَّ صلى الله عليه وسلم فَقَالَ ‏\"‏ عَرِّفْهَا حَوْلاً ‏\"‏‏.‏ فَعَرَّفْتُهَا حَوْلاً ثُمَّ أَتَيْتُ، فَقَالَ ‏\"‏ عَرِّفْهَا حَوْلاً ‏\"‏‏.‏ فَعَرَّفْتُهَا حَوْلاً ثُمَّ أَتَيْتُهُ، فَقَالَ ‏\"‏ عَرِّفْهَا حَوْلاً ‏\"‏‏.‏ فَعَرَّفْتُهَا حَوْلاً ثُمَّ أَتَيْتُهُ الرَّابِعَةَ فَقَالَ ‏\"‏ اعْرِفْ عِدَّتَهَا وَوِكَاءَهَا وَوِعَاءَهَا، فَإِنْ جَاءَ صَاحِبُهَا وَإِلاَّ اسْتَمْتِعْ بِهَا ‏\"‏‏.‏",
        "ar_diacless": "حدثنا سليمان بن حرب، حدثنا شعبة، عن سلمة بن كهيل، قال سمعت سويد بن غفلة، قال كنت مع سلمان بن ربيعة، وزيد بن صوحان في غزاة، فوجدت سوطا‏.‏ فقال لي ألقه‏.‏ قلت لا، ولكن إن وجدت صاحبه، وإلا استمتعت به‏.‏ فلما رجعنا حججنا فمررت بالمدينة، فسألت أبى بن كعب ـ رضى الله عنه ـ فقال وجدت صرة على عهد النبي صلى الله عليه وسلم فيها مائة دينار، فأتيت بها النبي صلى الله عليه وسلم فقال ‏\"‏ عرفها حولا ‏\"‏‏.‏ فعرفتها حولا ثم أتيت، فقال ‏\"‏ عرفها حولا ‏\"‏‏.‏ فعرفتها حولا ثم أتيته، فقال ‏\"‏ عرفها حولا ‏\"‏‏.‏ فعرفتها حولا ثم أتيته الرابعة فقال ‏\"‏ اعرف عدتها ووكاءها ووعاءها، فإن جاء صاحبها وإلا استمتع بها ‏\"‏‏.‏",
        "note": "",
        "grade_id": 2,
        "grade": "সহিহ হাদিস",
        "grade_color": "#46B891"
      }
    ]
  },
  {
    "id": 1303,
    "book_id": 1,
    "book_name": "bukhari",
    "chapter_id": 45,
    "section_id": 11,
    "title": "যে ব্যক্তি পড়ে থাকা জিনিসের ঘোষণা করেছে বটে, কিন্তু তা সরকারের কাছে অর্পণ করেনি।",
    "preface": "",
    "number": "৪৫/১১. অধ্যায়ঃ",
    "sort_order": 11,
    "hadiths": [
      {
        "id": 1982,
        "book_id": 1,
        "book_name": "সহিহ বুখারী",
        "chapter_id": 45,
        "section_id": 11,
        "hadith_key": "সহিহ বুখারী: ২৪৩৮",
        "hadith_id": 2438,
        "narrator": "যায়দ ইবনু খালিদ (রাঃ)",
        "bn": "নবী (সাল্লাল্লাহু ‘আলাইহি ওয়া সাল্লাম) –এর কাছে জনৈক বেদুঈন পড়ে থাকা বস্তু সম্পর্কে জিজ্ঞেস করল। তিনি (সাল্লাল্লাহু ‘আলাইহি ওয়া সাল্লাম) বললেন, এক বছর পর্যন্ত এটার ঘোষণা দিতে থাক। যদি কেউ আসে এবং তার থলে ও বাঁধন সম্পর্কে বিবরণ দেয়, (তা হলে তাকে ফিরিয়ে দাও) নতুবা তুমি নিজে সেটা ব্যবহার কর। এরপর সে হারিয়ে যাওয়া উট সম্পর্কে জিজ্ঞেস করলো। তখন নবী (সাল্লাল্লাহু ‘আলাইহি ওয়া সাল্লাম) –এর চেহারার রং পরিবর্তন হয়ে গেল। তিনি (সাল্লাল্লাহু ‘আলাইহি ওয়া সাল্লাম) বললেন, সেটা দিয়ে তোমার কি প্রয়োজন? তার সাথে মশক ও ক্ষুর রয়েছে। সে নিজেই পানির কাছে যায়, গাছের পাতা খায়। তাকে ছেড়ে দাও যতক্ষণ না তার মালিক তাকে ফিরে পায়। তারপর সে তাঁকে (সাল্লাল্লাহু ‘আলাইহি ওয়া সাল্লাম) হারিয়ে যাওয়া বকরী, সম্পর্কে জিজ্ঞেস করলো। তিনি বললেন, সেটা তোমার অথবা তোমার ভাইয়ের, আর তা না হলে নেকড়ে বাঘের।",
        "ar": "حَدَّثَنَا مُحَمَّدُ بْنُ يُوسُفَ، حَدَّثَنَا سُفْيَانُ، عَنْ رَبِيعَةَ، عَنْ يَزِيدَ، مَوْلَى الْمُنْبَعِثِ عَنْ زَيْدِ بْنِ خَالِدٍ ـ رضى الله عنه ـ أَنَّ أَعْرَابِيًّا، سَأَلَ النَّبِيَّ صلى الله عليه وسلم عَنِ اللُّقَطَةِ قَالَ ‏\"‏ عَرِّفْهَا سَنَةً، فَإِنْ جَاءَ أَحَدٌ يُخْبِرُكَ بِعِفَاصِهَا وَوِكَائِهَا، وَإِلاَّ فَاسْتَنْفِقْ بِهَا ‏\"‏‏.‏ وَسَأَلَهُ عَنْ ضَالَّةِ الإِبِلِ فَتَمَعَّرَ وَجْهُهُ، قَالَ ‏\"‏ مَا لَكَ وَلَهَا مَعَهَا سِقَاؤُهَا وَحِذَاؤُهَا، تَرِدُ الْمَاءَ وَتَأْكُلُ الشَّجَرَ، دَعْهَا حَتَّى يَجِدَهَا رَبُّهَا ‏\"‏‏.‏ وَسَأَلَهُ عَنْ ضَالَّةِ الْغَنَمِ‏.‏ فَقَالَ ‏\"‏ هِيَ لَكَ أَوْ لأَخِيكَ، أَوْ لِلذِّئْبِ ‏\"‏‏.‏",
        "ar_diacless": "حدثنا محمد بن يوسف، حدثنا سفيان، عن ربيعة، عن يزيد، مولى المنبعث عن زيد بن خالد ـ رضى الله عنه ـ أن أعرابيا، سأل النبي صلى الله عليه وسلم عن اللقطة قال ‏\"‏ عرفها سنة، فإن جاء أحد يخبرك بعفاصها ووكائها، وإلا فاستنفق بها ‏\"‏‏.‏ وسأله عن ضالة الإبل فتمعر وجهه، قال ‏\"‏ ما لك ولها معها سقاؤها وحذاؤها، ترد الماء وتأكل الشجر، دعها حتى يجدها ربها ‏\"‏‏.‏ وسأله عن ضالة الغنم‏.‏ فقال ‏\"‏ هي لك أو لأخيك، أو للذئب ‏\"‏‏.‏",
        "note": "",
        "grade_id": 2,
        "grade": "সহিহ হাদিস",
        "grade_color": "#46B891"
      }
    ]
  },
  {
    "id": 1304,
    "book_id": 1,
    "book_name": "bukhari",
    "chapter_id": 45,
    "section_id": 12,
    "title": "নাই",
    "preface": "",
    "number": "৪৫/১২. অধ্যায়ঃ",
    "sort_order": 12,
    "hadiths": [
      {
        "id": 1983,
        "book_id": 1,
        "book_name": "সহিহ বুখারী",
        "chapter_id": 45,
        "section_id": 12,
        "hadith_key": "সহিহ বুখারী: ২৪৩৯",
        "hadith_id": 2439,
        "narrator": "আবূ বকর (রাঃ)",
        "bn": "তিনি বলেন, আমি (হিজরত করে মদীনার দিকে) যাচ্ছিলাম। তখন বকরীর এক রাখালের সাথে দেখা হল। সে তার বকরীগুলো হাঁকিয়ে নিয়ে যাচ্ছিল। আমি তাকে জিজ্ঞেস করলাম, তুমি কার রাখাল? সে কুরাইশ গোত্রের এক ব্যক্তির নাম বলল। আমি সে ব্যক্তিকে চিনতাম। আমি তাকে বললাম, তোমার বকরীর দুধ আছে কি? সে বলল, হ্যাঁ আছে। আমি তাকে বললাম, তুমি আমাকে দুধ দোহন করে দিবে কি? সে বলল, হ্যাঁ দিব। তখন আমি তাকে দুধ দোহন করতে বললাম। বকরীর পাল হতে সে একটি বকরী ধরে নিয়ে এল। আমি তাকে ওলান ধূলোবালি হতে পরিষ্কার করে নিতে এবং তার হাতও পরিষ্কার করে নিতে বললাম। সে তদ্রূপ করলো। এক হাত দিয়ে অপর হাত ঝেড়ে সে এক পেয়ালা দুধ দোহন করলো। আমি রাসূলুল্লাহ (সাল্লাল্লাহু ‘আলাইহি ওয়া সাল্লাম) –এর জন্য একটি পাত্র রেখেছিলাম। যার মুখে কাপড়ের টুকরা রাখা ছিল। তা হতে আমি দুধের উপর (পানি) ঢেলে দিলাম। এতে দুধ নিচ পর্যন্ত ঠাণ্ডা হয়ে গেল। আমি নবী (সাল্লাল্লাহু ‘আলাইহি ওয়া সাল্লাম) –এর কাছে এই দুধ নিয়ে গেলাম এবং বললাম, হে আল্লাহ্‌র রাসূল! আপনি পান করুন। তিনি তা পান করলেন। এতে আমি আনন্দিত হলাম।",
        "ar": "حَدَّثَنَا إِسْحَاقُ بْنُ إِبْرَاهِيمَ، أَخْبَرَنَا النَّضْرُ، أَخْبَرَنَا إِسْرَائِيلُ، عَنْ أَبِي إِسْحَاقَ، قَالَ أَخْبَرَنِي الْبَرَاءُ، عَنْ أَبِي بَكْرٍ ـ رضى الله عنهما ـ‏.‏ حَدَّثَنَا عَبْدُ اللَّهِ بْنُ رَجَاءٍ، حَدَّثَنَا إِسْرَائِيلُ، عَنْ أَبِي إِسْحَاقَ، عَنِ الْبَرَاءِ، عَنْ أَبِي بَكْرٍ ـ رضى الله عنهما ـ قَالَ انْطَلَقْتُ، فَإِذَا أَنَا بِرَاعِي غَنَمٍ يَسُوقُ غَنَمَهُ فَقُلْتُ لِمَنْ أَنْتَ قَالَ لِرَجُلٍ مِنْ قُرَيْشٍ‏.‏ فَسَمَّاهُ فَعَرَفْتُهُ‏.‏ فَقُلْتُ هَلْ فِي غَنَمِكَ مِنْ لَبَنٍ فَقَالَ نَعَمْ‏.‏ فَقُلْتُ هَلْ أَنْتَ حَالِبٌ لِي قَالَ نَعَمْ‏.‏ فَأَمَرْتُهُ فَاعْتَقَلَ شَاةً مِنْ غَنَمِهِ، ثُمَّ أَمَرْتُهُ أَنْ يَنْفُضَ ضَرْعَهَا مِنَ الْغُبَارِ، ثُمَّ أَمَرْتُهُ أَنْ يَنْفُضَ كَفَّيْهِ، فَقَالَ هَكَذَا ـ ضَرَبَ إِحْدَى كَفَّيْهِ بِالأُخْرَى ـ فَحَلَبَ كُثْبَةً مِنْ لَبَنٍ وَقَدْ جَعَلْتُ لِرَسُولِ اللَّهِ صلى الله عليه وسلم إِدَاوَةً عَلَى فَمِهَا خِرْقَةٌ، فَصَبَبْتُ عَلَى اللَّبَنِ، حَتَّى بَرَدَ أَسْفَلُهُ، فَانْتَهَيْتُ إِلَى النَّبِيِّ صلى الله عليه وسلم فَقُلْتُ اشْرَبْ يَا رَسُولَ اللَّهِ‏.‏ فَشَرِبَ حَتَّى رَضِيتُ‏.‏",
        "ar_diacless": "حدثنا إسحاق بن إبراهيم، أخبرنا النضر، أخبرنا إسرائيل، عن أبي إسحاق، قال أخبرني البراء، عن أبي بكر ـ رضى الله عنهما ـ‏.‏ حدثنا عبد الله بن رجاء، حدثنا إسرائيل، عن أبي إسحاق، عن البراء، عن أبي بكر ـ رضى الله عنهما ـ قال انطلقت، فإذا أنا براعي غنم يسوق غنمه فقلت لمن أنت قال لرجل من قريش‏.‏ فسماه فعرفته‏.‏ فقلت هل في غنمك من لبن فقال نعم‏.‏ فقلت هل أنت حالب لي قال نعم‏.‏ فأمرته فاعتقل شاة من غنمه، ثم أمرته أن ينفض ضرعها من الغبار، ثم أمرته أن ينفض كفيه، فقال هكذا ـ ضرب إحدى كفيه بالأخرى ـ فحلب كثبة من لبن وقد جعلت لرسول الله صلى الله عليه وسلم إداوة على فمها خرقة، فصببت على اللبن، حتى برد أسفله، فانتهيت إلى النبي صلى الله عليه وسلم فقلت اشرب يا رسول الله‏.‏ فشرب حتى رضيت‏.‏",
        "note": "",
        "grade_id": 2,
        "grade": "সহিহ হাদিস",
        "grade_color": "#46B891"
      }
    ]
  },
  {
    "id": 1294,
    "book_id": 1,
    "book_name": "bukhari",
    "chapter_id": 45,
    "section_id": 2,
    "title": "হারিয়ে যাওয়া উষ্ট্র",
    "preface": "",
    "number": "৪৫/২. অধ্যায়ঃ",
    "sort_order": 2,
    "hadiths": [
      {
        "id": 1970,
        "book_id": 1,
        "book_name": "সহিহ বুখারী",
        "chapter_id": 45,
        "section_id": 2,
        "hadith_key": "সহিহ বুখারী: ২৪২৭",
        "hadith_id": 2427,
        "narrator": "যায়দ ইবনু খালিদ জুহানী (রাঃ)",
        "bn": "তিনি বলেন, জনৈক বেদুঈন এসে নবী (সাল্লাল্লাহু ‘আলাইহি ওয়া সাল্লাম) -কে পড়ে থাকা বস্তু গ্রহণ সম্পর্কে জিজ্ঞেস করল। তিনি (সাল্লাল্লাহু ‘আলাইহি ওয়া সাল্লাম) বললেন, এক বছর যাবৎ এর ঘোষণা দিতে থাক। এরপর থলে ও তার বাঁধন স্মরণ রাখ। এর মধ্যে যদি কোন ব্যক্তি আসে এবং তোমাকে তার বিবরণ দেয় (তবে তাকে দিয়ে দিবে), নতুবা তুমি তা ব্যবহার করবে। সে বলল, হে আল্লাহর রসূল! হারানো বস্তু যদি বকরী হয়? তিনি [নবী (সাল্লাল্লাহু ‘আলাইহি ওয়া সাল্লাম)] বললেন, সেটা তোমার অথবা তোমার ভাইয়ের অথবা নেকড়ের জন্য। সে আবার বলল, হারানো বস্তু উট হলে? নবী (সাল্লাল্লাহু ‘আলাইহি ওয়া সাল্লাম) -এর চেহারায় রাগের ভাব ফুটে উঠল। তিনি (সাল্লাল্লাহু ‘আলাইহি ওয়া সাল্লাম) বললেন, এতে তোমার কী প্রয়োজন? তার সাথেই (জুতার ন্যায়) ক্ষুর ও পানির পাত্র রয়েছে, সে পানি পান করবে এবং গাছের পাতা খাবে।",
        "ar": "حَدَّثَنَا عَمْرُو بْنُ عَبَّاسٍ، حَدَّثَنَا عَبْدُ الرَّحْمَنِ، حَدَّثَنَا سُفْيَانُ، عَنْ رَبِيعَةَ، حَدَّثَنِي يَزِيدُ، مَوْلَى الْمُنْبَعِثِ عَنْ زَيْدِ بْنِ خَالِدٍ الْجُهَنِيِّ ـ رضى الله عنه ـ قَالَ جَاءَ أَعْرَابِيٌّ النَّبِيَّ صلى الله عليه وسلم فَسَأَلَهُ عَمَّا يَلْتَقِطُهُ فَقَالَ ‏\"‏ عَرِّفْهَا سَنَةً، ثُمَّ احْفَظْ عِفَاصَهَا وَوِكَاءَهَا، فَإِنْ جَاءَ أَحَدٌ يُخْبِرُكَ بِهَا، وَإِلاَّ فَاسْتَنْفِقْهَا ‏\"‏‏.‏ قَالَ يَا رَسُولَ اللَّهِ فَضَالَّةُ الْغَنَمِ قَالَ ‏\"‏ لَكَ أَوْ لأَخِيكَ أَوْ لِلذِّئْبِ ‏\"‏‏.‏ قَالَ ضَالَّةُ الإِبِلِ فَتَمَعَّرَ وَجْهُ النَّبِيِّ صلى الله عليه وسلم‏.‏ فَقَالَ ‏\"‏ مَا لَكَ وَلَهَا، مَعَهَا حِذَاؤُهَا وَسِقَاؤُهَا، تَرِدُ الْمَاءَ وَتَأْكُلُ الشَّجَرَ ‏\"‏‏.‏",
        "ar_diacless": "حدثنا عمرو بن عباس، حدثنا عبد الرحمن، حدثنا سفيان، عن ربيعة، حدثني يزيد، مولى المنبعث عن زيد بن خالد الجهني ـ رضى الله عنه ـ قال جاء أعرابي النبي صلى الله عليه وسلم فسأله عما يلتقطه فقال ‏\"‏ عرفها سنة، ثم احفظ عفاصها ووكاءها، فإن جاء أحد يخبرك بها، وإلا فاستنفقها ‏\"‏‏.‏ قال يا رسول الله فضالة الغنم قال ‏\"‏ لك أو لأخيك أو للذئب ‏\"‏‏.‏ قال ضالة الإبل فتمعر وجه النبي صلى الله عليه وسلم‏.‏ فقال ‏\"‏ ما لك ولها، معها حذاؤها وسقاؤها، ترد الماء وتأكل الشجر ‏\"‏‏.‏",
        "note": "",
        "grade_id": 2,
        "grade": "সহিহ হাদিস",
        "grade_color": "#46B891"
      }
    ]
  },
  {
    "id": 1295,
    "book_id": 1,
    "book_name": "bukhari",
    "chapter_id": 45,
    "section_id": 3,
    "title": "হারিয়ে যাওয়া ছাগল।",
    "preface": "",
    "number": "৪৫/৩. অধ্যায়ঃ",
    "sort_order": 3,
    "hadiths": [
      {
        "id": 1971,
        "book_id": 1,
        "book_name": "সহিহ বুখারী",
        "chapter_id": 45,
        "section_id": 3,
        "hadith_key": "সহিহ বুখারী: ২৪২৮",
        "hadith_id": 2428,
        "narrator": "যায়দ ইবনু খালিদ (রাঃ)",
        "bn": "তিনি বলেন, পড়ে থাকা বস্তু সম্পর্কে নবী (সাল্লাল্লাহু ‘আলাইহি ওয়া সাল্লাম) -কে জিজ্ঞেস করা হলো রাবীর বিশ্বাস যে, নবী (সাল্লাল্লাহু ‘আলাইহি ওয়া সাল্লাম) বললেন, থলেটি এবং তার বাঁধন চিনে রাখ। এরপর এক বছর যাবৎ এর ঘোষণা দিতে থাক। ইয়াযীদ (রহঃ) বলেন, যদি এর সনাক্তকারী না পাওয়া যায়, তবে যে এটা উঠিয়েছে সে খরচ করবে। কিন্তু তার কাছে সেটা আমানত স্বরূপ থাকবে। ইয়াহ্‌ইয়া (রহঃ) বলেন, আমার জানা নেই যে, এ কথাটা রাসূলুল্লাহ (সাল্লাল্লাহু ‘আলাইহি ওয়া সাল্লাম) -এর হাদীসের অন্তর্ভুক্ত ছিল, না তিনি নিজ হতে বলেছেন। এরপর সে জিজ্ঞেস করল, হারিয়ে যাওয়া বকরী সম্পর্কে আপনি কী বলেন? নবী (সাল্লাল্লাহু ‘আলাইহি ওয়া সাল্লাম) বললেন, এটি নিয়ে নাও। তা তোমার অথবা তোমার ভাইয়ের অথবা নেকড়ে বাঘের। ইয়াযীদ (রহঃ) বলেন, এটাও ঘোষণা দেয়া হবে। তারপর আবার সে জিজ্ঞেস করল, হারিয়ে যাওয়া উট সম্পর্কে আপনি কী বলেন? বর্ণনাকারী বলেন, তখন নবী (সাল্লাল্লাহু ‘আলাইহি ওয়া সাল্লাম) বলেছেন, এটা ছেড়ে দাও। এর সাথেই রয়েছে পায়ের ক্ষুর ও তার পানির পাত্র। সে নিজেই পানি পান করবে এবং গাছপালা খাবে, যতক্ষণ না এর মালিক একে ফিরে পায়।",
        "ar": "حَدَّثَنَا إِسْمَاعِيلُ بْنُ عَبْدِ اللَّهِ، قَالَ حَدَّثَنِي سُلَيْمَانُ، عَنْ يَحْيَى، عَنْ يَزِيدَ، مَوْلَى الْمُنْبَعِثِ أَنَّهُ سَمِعَ زَيْدَ بْنَ خَالِدٍ ـ رضى الله عنه ـ يَقُولُ سُئِلَ النَّبِيُّ صلى الله عليه وسلم عَنِ اللُّقَطَةِ فَزَعَمَ أَنَّهُ قَالَ ‏\"‏ اعْرِفْ عِفَاصَهَا وَوِكَاءَهَا، ثُمَّ عَرِّفْهَا سَنَةً ‏\"‏‏.‏ يَقُولُ يَزِيدُ إِنْ لَمْ تُعْتَرَفِ اسْتَنْفَقَ بِهَا صَاحِبُهَا وَكَانَتْ وَدِيعَةً، عِنْدَهُ‏.‏ قَالَ يَحْيَى فَهَذَا الَّذِي لاَ أَدْرِي أَفِي حَدِيثِ رَسُولِ اللَّهِ صلى الله عليه وسلم هُوَ أَمْ شَىْءٌ مِنْ عِنْدِهِ ـ ثُمَّ قَالَ كَيْفَ تَرَى فِي ضَالَّةِ الْغَنَمِ قَالَ النَّبِيُّ صلى الله عليه وسلم ‏\"‏ خُذْهَا فَإِنَّمَا هِيَ لَكَ أَوْ لأَخِيكَ أَوْ لِلذِّئْبِ ‏\"‏‏.‏ قَالَ يَزِيدُ وَهْىَ تُعَرَّفُ أَيْضًا‏.‏ ثُمَّ قَالَ كَيْفَ تَرَى فِي ضَالَّةِ الإِبِلِ قَالَ فَقَالَ ‏\"‏ دَعْهَا فَإِنَّ مَعَهَا حِذَاءَهَا وَسِقَاءَهَا، تَرِدُ الْمَاءَ وَتَأْكُلُ الشَّجَرَ، حَتَّى يَجِدَهَا رَبُّهَا ‏\"‏‏.‏",
        "ar_diacless": "حدثنا إسماعيل بن عبد الله، قال حدثني سليمان، عن يحيى، عن يزيد، مولى المنبعث أنه سمع زيد بن خالد ـ رضى الله عنه ـ يقول سئل النبي صلى الله عليه وسلم عن اللقطة فزعم أنه قال ‏\"‏ اعرف عفاصها ووكاءها، ثم عرفها سنة ‏\"‏‏.‏ يقول يزيد إن لم تعترف استنفق بها صاحبها وكانت وديعة، عنده‏.‏ قال يحيى فهذا الذي لا أدري أفي حديث رسول الله صلى الله عليه وسلم هو أم شىء من عنده ـ ثم قال كيف ترى في ضالة الغنم قال النبي صلى الله عليه وسلم ‏\"‏ خذها فإنما هي لك أو لأخيك أو للذئب ‏\"‏‏.‏ قال يزيد وهى تعرف أيضا‏.‏ ثم قال كيف ترى في ضالة الإبل قال فقال ‏\"‏ دعها فإن معها حذاءها وسقاءها، ترد الماء وتأكل الشجر، حتى يجدها ربها ‏\"‏‏.‏",
        "note": "",
        "grade_id": 2,
        "grade": "সহিহ হাদিস",
        "grade_color": "#46B891"
      }
    ]
  },
  {
    "id": 1296,
    "book_id": 1,
    "book_name": "bukhari",
    "chapter_id": 45,
    "section_id": 4,
    "title": "এক বছরের মধ্যে যদি পড়ে থাকা জিনিসের মালিকের দেখা পাওয়া না যায় তবে সেটা যে পেয়েছে তারই হবে।",
    "preface": "",
    "number": "৪৫/৪. অধ্যায়ঃ",
    "sort_order": 4,
    "hadiths": [
      {
        "id": 1972,
        "book_id": 1,
        "book_name": "সহিহ বুখারী",
        "chapter_id": 45,
        "section_id": 4,
        "hadith_key": "সহিহ বুখারী: ২৪২৯",
        "hadith_id": 2429,
        "narrator": "যায়দ ইবনু খালিদ (রাঃ)",
        "bn": "তিনি বলেন, এক ব্যক্তি রাসূলুল্লাহ (সাল্লাল্লাহু ‘আলাইহি ওয়া সাল্লাম) -এর কাছে এসে পড়ে থাকা জিনিস সম্পর্কে জিজ্ঞেস করল, তিনি (সাল্লাল্লাহু ‘আলাইহি ওয়া সাল্লাম) বললেন, থলেটি এবং এর বাঁধন চিনে রাখ। তারপর এক বছর যাবৎ এর ঘোষণা দিতে থাক। যদি মালিক আসে (তবে তাকে তা দিয়ে দাও) আর যদি না আসে তবে তা তোমার দায়িত্বে। সে পুনরায় জিজ্ঞেস করল, যদি বকরী হারিয়ে যায়? তিনি বললেন, সেটা তোমার অথবা তোমার ভাইয়ের নতুবা সেটা নেকড়ের। তারপর সে হারিয়ে যাওয়া উট সম্পর্কে জিজ্ঞেস করল। তিনি (সাল্লাল্লাহু ‘আলাইহি ওয়া সাল্লাম) বললেন, এতে তোমার কী? এর সাথেই এর পানির পাত্র ও পায়ের ক্ষুর রয়েছে। মালিক তাকে না পাওয়া পর্যন্ত সে পানি পান করবে এবং গাছপালা খাবে।",
        "ar": "حَدَّثَنَا عَبْدُ اللَّهِ بْنُ يُوسُفَ، أَخْبَرَنَا مَالِكٌ، عَنْ رَبِيعَةَ بْنِ أَبِي عَبْدِ الرَّحْمَنِ، عَنْ يَزِيدَ، مَوْلَى الْمُنْبَعِثِ عَنْ زَيْدِ بْنِ خَالِدٍ ـ رضى الله عنه ـ قَالَ جَاءَ رَجُلٌ إِلَى رَسُولِ اللَّهِ صلى الله عليه وسلم فَسَأَلَهُ عَنِ اللُّقَطَةِ‏.‏ فَقَالَ ‏\"‏ اعْرِفْ عِفَاصَهَا وَوِكَاءَهَا، ثُمَّ عَرِّفْهَا سَنَةً، فَإِنْ جَاءَ صَاحِبُهَا، وَإِلاَّ فَشَأْنَكَ بِهَا ‏\"‏‏.‏ قَالَ فَضَالَّةُ الْغَنَمِ قَالَ ‏\"‏ هِيَ لَكَ أَوْ لأَخِيكَ أَوْ لِلذِّئْبِ ‏\"‏‏.‏ قَالَ فَضَالَّةُ الإِبِلِ قَالَ ‏\"‏ مَا لَكَ وَلَهَا، مَعَهَا سِقَاؤُهَا وَحِذَاؤُهَا، تَرِدُ الْمَاءَ وَتَأْكُلُ الشَّجَرَ، حَتَّى يَلْقَاهَا رَبُّهَا ‏\"‏‏.‏",
        "ar_diacless": "حدثنا عبد الله بن يوسف، أخبرنا مالك، عن ربيعة بن أبي عبد الرحمن، عن يزيد، مولى المنبعث عن زيد بن خالد ـ رضى الله عنه ـ قال جاء رجل إلى رسول الله صلى الله عليه وسلم فسأله عن اللقطة‏.‏ فقال ‏\"‏ اعرف عفاصها ووكاءها، ثم عرفها سنة، فإن جاء صاحبها، وإلا فشأنك بها ‏\"‏‏.‏ قال فضالة الغنم قال ‏\"‏ هي لك أو لأخيك أو للذئب ‏\"‏‏.‏ قال فضالة الإبل قال ‏\"‏ ما لك ولها، معها سقاؤها وحذاؤها، ترد الماء وتأكل الشجر، حتى يلقاها ربها ‏\"‏‏.‏",
        "note": "",
        "grade_id": 2,
        "grade": "সহিহ হাদিস",
        "grade_color": "#46B891"
      }
    ]
  },
  {
    "id": 1297,
    "book_id": 1,
    "book_name": "bukhari",
    "chapter_id": 45,
    "section_id": 5,
    "title": "নদীতে শুকনা কাষ্ঠখণ্ড বা চাবুক অথবা এ জাতীয় কোন কিছু পাওয়া গেলে।",
    "preface": "",
    "number": "৪৫/৫. অধ্যায়ঃ",
    "sort_order": 5,
    "hadiths": [
      {
        "id": 1973,
        "book_id": 1,
        "book_name": "সহিহ বুখারী",
        "chapter_id": 45,
        "section_id": 5,
        "hadith_key": "সহিহ বুখারী: ২৪৩০",
        "hadith_id": 2430,
        "narrator": "আবূ হুরায়রা (রাঃ) সূত্রে রসূলুল্লাহ (সাল্লাল্লাহু ‘আলাইহি ওয়া সাল্লাম)",
        "bn": "তিনি বনী ইসরাঈলের জনৈক ব্যক্তি সম্পর্কে উল্লেখ করেন এবং সম্পূর্ণ ঘটনা বর্ণনা করেন। (শেষ পর্যায়ে বলেন) সে ব্যক্তি দেখার জন্য বের হল, হয়ত কোন জাহাজ তার মাল নিয়ে এসেছে। তখন সে একটি কাঠ দেখতে পেল এবং তা পরিবারের জন্য জ্বালানী কাঠ হিসেবে নিয়ে এল। যখন তাকে চিরে ফেলল তাতে সে তার মাল ও একটি চিঠি পেল।",
        "ar": "وَقَالَ اللَّيْثُ حَدَّثَنِي جَعْفَرُ بْنُ رَبِيعَةَ، عَنْ عَبْدِ الرَّحْمَنِ بْنِ هُرْمُزَ، عَنْ أَبِي هُرَيْرَةَ ـ رضى الله عنه ـ عَنْ رَسُولِ اللَّهِ صلى الله عليه وسلم أَنَّهُ ذَكَرَ رَجُلاً مِنْ بَنِي إِسْرَائِيلَ ـ وَسَاقَ الْحَدِيثَ ـ ‏ \"‏فَخَرَجَ يَنْظُرُ لَعَلَّ مَرْكَبًا قَدْ جَاءَ بِمَالِهِ، فَإِذَا هُوَ بِالْخَشَبَةِ فَأَخَذَهَا لأَهْلِهِ حَطَبًا، فَلَمَّا نَشَرَهَا وَجَدَ الْمَالَ وَالصَّحِيفَةَ ‏\"‏‏.‏",
        "ar_diacless": "وقال الليث حدثني جعفر بن ربيعة، عن عبد الرحمن بن هرمز، عن أبي هريرة ـ رضى الله عنه ـ عن رسول الله صلى الله عليه وسلم أنه ذكر رجلا من بني إسرائيل ـ وساق الحديث ـ ‏ \"‏فخرج ينظر لعل مركبا قد جاء بماله، فإذا هو بالخشبة فأخذها لأهله حطبا، فلما نشرها وجد المال والصحيفة ‏\"‏‏.‏",
        "note": "",
        "grade_id": 2,
        "grade": "সহিহ হাদিস",
        "grade_color": "#46B891"
      }
    ]
  },
  {
    "id": 1298,
    "book_id": 1,
    "book_name": "bukhari",
    "chapter_id": 45,
    "section_id": 6,
    "title": "রাস্তায় খেজুর পাওয়া গেলে।",
    "preface": "",
    "number": "৪৫/৬. অধ্যায়ঃ",
    "sort_order": 6,
    "hadiths": [
      {
        "id": 1974,
        "book_id": 1,
        "book_name": "সহিহ বুখারী",
        "chapter_id": 45,
        "section_id": 6,
        "hadith_key": "সহিহ বুখারী: ২৪৩১",
        "hadith_id": 2431,
        "narrator": "আনাস (রাঃ)",
        "bn": "তিনি বলেন, নবী (সাল্লাল্লাহু ‘আলাইহি ওয়া সাল্লাম) রাস্তায় পড়ে থাকা খেজুরের পাশ দিয়ে যাচ্ছিলেন, তখন তিনি (সাল্লাল্লাহু ‘আলাইহি ওয়া সাল্লাম) বললেন, আমার যদি আশঙ্কা না হত যে এটি সাদকার খেজুর তাহলে আমি এটা খেতাম।",
        "ar": "حَدَّثَنَا مُحَمَّدُ بْنُ يُوسُفَ، حَدَّثَنَا سُفْيَانُ، عَنْ مَنْصُورٍ، عَنْ طَلْحَةَ، عَنْ أَنَسٍ ـ رضى الله عنه ـ قَالَ مَرَّ النَّبِيُّ صلى الله عليه وسلم بِتَمْرَةٍ فِي الطَّرِيقِ قَالَ ‏ \"‏ لَوْلاَ أَنِّي أَخَافُ أَنْ تَكُونَ مِنَ الصَّدَقَةِ لأَكَلْتُهَا ‏\"‏‏.‏ وَقَالَ يَحْيَى حَدَّثَنَا سُفْيَانُ حَدَّثَنِي مَنْصُورٌ وَقَالَ زَائِدَةُ عَنْ مَنْصُورٍ عَنْ طَلْحَةَ حَدَّثَنَا أَنَسٌ‏.‏",
        "ar_diacless": "حدثنا محمد بن يوسف، حدثنا سفيان، عن منصور، عن طلحة، عن أنس ـ رضى الله عنه ـ قال مر النبي صلى الله عليه وسلم بتمرة في الطريق قال ‏ \"‏ لولا أني أخاف أن تكون من الصدقة لأكلتها ‏\"‏‏.‏ وقال يحيى حدثنا سفيان حدثني منصور وقال زائدة عن منصور عن طلحة حدثنا أنس‏.‏",
        "note": "",
        "grade_id": 2,
        "grade": "সহিহ হাদিস",
        "grade_color": "#46B891"
      },
      {
        "id": 1975,
        "book_id": 1,
        "book_name": "সহিহ বুখারী",
        "chapter_id": 45,
        "section_id": 6,
        "hadith_key": "সহিহ বুখারী: ২৪৩২",
        "hadith_id": 2432,
        "narrator": "আবূ হুরায়রা (রাঃ)",
        "bn": "নবী (সাল্লাল্লাহু ‘আলাইহি ওয়া সাল্লাম) বলেছেন, আমি আমার ঘরে ফিরে যাই, আমার বিছানায় খেজুর পড়ে থাকতে দেখি। খাওয়ার জন্য আমি তা তুলে নেই। পরে আমার ভয় হয় যে, হয়ত তা সাদকার খেজুর হবে তাই আমি তা রেখে দেই।",
        "ar": "وَحَدَّثَنَا مُحَمَّدُ بْنُ مُقَاتِلٍ، أَخْبَرَنَا عَبْدُ اللَّهِ، أَخْبَرَنَا مَعْمَرٌ، عَنْ هَمَّامِ بْنِ مُنَبِّهٍ، عَنْ أَبِي هُرَيْرَةَ ـ رضى الله عنه ـ عَنِ النَّبِيِّ صلى الله عليه وسلم قَالَ ‏ \"‏ إِنِّي لأَنْقَلِبُ إِلَى أَهْلِي، فَأَجِدُ التَّمْرَةَ سَاقِطَةً عَلَى فِرَاشِي فَأَرْفَعُهَا لآكُلَهَا، ثُمَّ أَخْشَى أَنْ تَكُونَ صَدَقَةً فَأُلْفِيَهَا ‏\"‏‏.‏",
        "ar_diacless": "وحدثنا محمد بن مقاتل، أخبرنا عبد الله، أخبرنا معمر، عن همام بن منبه، عن أبي هريرة ـ رضى الله عنه ـ عن النبي صلى الله عليه وسلم قال ‏ \"‏ إني لأنقلب إلى أهلي، فأجد التمرة ساقطة على فراشي فأرفعها لآكلها، ثم أخشى أن تكون صدقة فألفيها ‏\"‏‏.‏",
        "note": "",
        "grade_id": 2,
        "grade": "সহিহ হাদিস",
        "grade_color": "#46B891"
      }
    ]
  },
  {
    "id": 1299,
    "book_id": 1,
    "book_name": "bukhari",
    "chapter_id": 45,
    "section_id": 7,
    "title": "মক্কাবাসীদের পড়ে থাকা জিনিসের ঘোষণা কিভাবে দেয়া হবে।",
    "preface": "তাউস (রহঃ), ইবনু ‘আব্বাস (রাঃ) সূত্রে নবী (সাল্লাল্লাহু ‘আলাইহি ওয়া সাল্লাম) হতে বর্ণনা করেন যে, নবী (সাল্লাল্লাহু ‘আলাইহি ওয়া সাল্লাম) বলেছেন, মক্কায় পড়ে থাকা জিনিস কেবল সেই ব্যক্তি উঠাবে, যে তার ঘোষণা দিবে। খালিদ (রহঃ), ইকরিমা (রহঃ) -এর মাধ্যমে ইবনু ‘আব্বাস (রাঃ) সূত্রে নবী (সাল্লাল্লাহু ‘আলাইহি ওয়া সাল্লাম) হতে বর্ণনা করেন যে, তিনি বলেছেন, মক্কায় পড়ে থাকা জিনিস কেবল সেই ব্যক্তি উঠাবে, যে তার ঘোষণা দিবে।",
    "number": "৪৫/৭. অধ্যায়ঃ",
    "sort_order": 7,
    "hadiths": [
      {
        "id": 1976,
        "book_id": 1,
        "book_name": "সহিহ বুখারী",
        "chapter_id": 45,
        "section_id": 7,
        "hadith_key": "সহিহ বুখারী: ২৪৩৩",
        "hadith_id": 2433,
        "narrator": "ইবনু ‘আব্বাস (রাঃ)",
        "bn": "রাসূলুল্লাহ (সাল্লাল্লাহু ‘আলাইহি ওয়া সাল্লাম) বলেছেন, সেখানকার গাছ কাটা যাবে না, সে ব্যতীত অন্য কারো জন্য তুলে নেয়া হালাল হবেনা, সেখানকার ঘাস কাটা যাবে না। তখন ‘আব্বাস (রাঃ) বললেন, হে আল্লাহর রসূল! ইযখির (এক প্রকারের ঘাস) ব্যতীত। তখন তিনি (সাল্লাল্লাহু ‘আলাইহি ওয়া সাল্লাম) বললেন, ইযখির ব্যতীত (অর্থাৎ ইযখির ঘাস কাটা যাবে)।",
        "ar": "وَقَالَ أَحْمَدُ بْنُ سَعِيدٍ حَدَّثَنَا رَوْحٌ، حَدَّثَنَا زَكَرِيَّاءُ، حَدَّثَنَا عَمْرُو بْنُ دِينَارٍ، عَنْ عِكْرِمَةَ، عَنِ ابْنِ عَبَّاسٍ ـ رضى الله عنهما ـ أَنَّ رَسُولَ اللَّهِ صلى الله عليه وسلم قَالَ ‏\"‏ لاَ يُعْضَدُ عِضَاهُهَا، وَلاَ يُنَفَّرُ صَيْدُهَا، وَلاَ تَحِلُّ لُقَطَتُهَا إِلاَّ لِمُنْشِدٍ، وَلاَ يُخْتَلَى خَلاَهَا ‏\"‏‏.‏ فَقَالَ عَبَّاسٌ يَا رَسُولَ اللَّهِ إِلاَّ الإِذْخِرَ‏.‏ فَقَالَ ‏\"‏ إِلاَّ الإِذْخِرَ ‏\"‏‏.‏",
        "ar_diacless": "وقال أحمد بن سعيد حدثنا روح، حدثنا زكرياء، حدثنا عمرو بن دينار، عن عكرمة، عن ابن عباس ـ رضى الله عنهما ـ أن رسول الله صلى الله عليه وسلم قال ‏\"‏ لا يعضد عضاهها، ولا ينفر صيدها، ولا تحل لقطتها إلا لمنشد، ولا يختلى خلاها ‏\"‏‏.‏ فقال عباس يا رسول الله إلا الإذخر‏.‏ فقال ‏\"‏ إلا الإذخر ‏\"‏‏.‏",
        "note": "",
        "grade_id": 2,
        "grade": "সহিহ হাদিস",
        "grade_color": "#46B891"
      },
      {
        "id": 1977,
        "book_id": 1,
        "book_name": "সহিহ বুখারী",
        "chapter_id": 45,
        "section_id": 7,
        "hadith_key": "সহিহ বুখারী: ২৪৩৪",
        "hadith_id": 2434,
        "narrator": "আবূ হুরায়রা (রাঃ)",
        "bn": "তিনি বলেন, আল্লাহ তা‘আলা যখন তাঁর রসূল (সাল্লাল্লাহু ‘আলাইহি ওয়া সাল্লাম) -কে মক্কা বিজয় দান করলেন, তখন তিনি (সাল্লাল্লাহু ‘আলাইহি ওয়া সাল্লাম) লোকদের মাঝে দাঁড়িয়ে আল্লাহর হাম্‌দ ও সানা (প্রশংসা) বর্ণনা করলেন। এরপর বললেন, আল্লাহ তা‘আলা মক্কায় (আবরাহার ) হস্তি বাহিনীকে প্রবেশ করতে দেননি এবং তিনি তাঁর রাসূল ও মু’মিন বান্দাদেরকে মক্কার উপর আধিপত্য দান করেছেন। আমার আগে অন্য কারোর জন্য মক্কায় যুদ্ধ করা বৈধ ছিল না, তবে আমার পক্ষে দিনের সামান্য সময়ের জন্য বৈধ করা হয়েছিল, আর তা আমার পরেও কারোর জন্য বৈধ হবে না। কাজেই এখানকার শিকার তাড়ানো যাবে না, এখানকার গাছ কাটা ও উপড়ানো যাবে না, ঘোষণাকারী ব্যক্তি ব্যতীত এখানকার পড়ে থাকা জিনিস তুলে নেয়া যাবে না। যার কোন লোক এখানে নিহত হয় তবে দু’টির মধ্যে তার কাছে যা ভাল বলে বিবেচিত হয়, তা গ্রহন করবে। ফিদ্‌ইয়া গ্রহণ অথবা কিসাস। ‘আব্বাস (রাঃ) বলেন, ইযখিরের অনুমতি দিন। কেননা এগুলো আমাদের কবরের উপর এবং ঘরের কাজে ব্যবহার করে থাকি। রাসূলুল্লাহ (সাল্লাল্লাহু ‘আলাইহি ওয়া সাল্লাম) বললেন, ইযখির ব্যতীত (অর্থাৎ তা কাটা ও ব্যবহারের অনুমতি দেয়া হল)। তখন ইয়ামানবাসী আবূ শাহ (রাঃ) দাঁড়িয়ে বললেন, হে আল্লাহর রসূল! আমাকে লিখে দিন। তিনি (সাল্লাল্লাহু ‘আলাইহি ওয়া সাল্লাম) বললেন, তোমরা আবূ শাহকে লিখে দাও। (ওয়ালিদ ইবনু মুসলিম বলেন) আমি আওযায়ীকে জিজ্ঞেস করলাম, হে আল্লাহর রসূল! আমাকে লিখে দিন তাঁর এ উক্তির অর্থ কী? তিনি বলেন, এ ভাষণ যা রসূলুল্লাহ (সাল্লাল্লাহু ‘আলাইহি ওয়া সাল্লাম) -এর কাছ হতে তিনি শুনেছেন তা লিখে দিন।",
        "ar": "حَدَّثَنَا يَحْيَى بْنُ مُوسَى، حَدَّثَنَا الْوَلِيدُ بْنُ مُسْلِمٍ، حَدَّثَنَا الأَوْزَاعِيُّ، قَالَ حَدَّثَنِي يَحْيَى بْنُ أَبِي كَثِيرٍ، قَالَ حَدَّثَنِي أَبُو سَلَمَةَ بْنُ عَبْدِ الرَّحْمَنِ، قَالَ حَدَّثَنِي أَبُو هُرَيْرَةَ ـ رضى الله عنه ـ قَالَ لَمَّا فَتَحَ اللَّهُ عَلَى رَسُولِهِ صلى الله عليه وسلم مَكَّةَ قَامَ فِي النَّاسِ، فَحَمِدَ اللَّهَ، وَأَثْنَى عَلَيْهِ ثُمَّ قَالَ ‏\"‏ إِنَّ اللَّهَ حَبَسَ عَنْ مَكَّةَ الْفِيلَ، وَسَلَّطَ عَلَيْهَا رَسُولَهُ وَالْمُؤْمِنِينَ، فَإِنَّهَا لاَ تَحِلُّ لأَحَدٍ كَانَ قَبْلِي، وَإِنَّهَا أُحِلَّتْ لِي سَاعَةً مِنْ نَهَارٍ، وَإِنَّهَا لاَ تَحِلُّ لأَحَدٍ بَعْدِي، فَلاَ يُنَفَّرُ صَيْدُهَا وَلاَ يُخْتَلَى شَوْكُهَا، وَلاَ تَحِلُّ سَاقِطَتُهَا إِلاَّ لِمُنْشِدٍ، وَمَنْ قُتِلَ لَهُ قَتِيلٌ فَهْوَ بِخَيْرِ النَّظَرَيْنِ، إِمَّا أَنْ يُفْدَى، وَإِمَّا أَنْ يُقِيدَ ‏\"‏‏.‏ فَقَالَ الْعَبَّاسُ إِلاَّ الإِذْخِرَ، فَإِنَّا نَجْعَلُهُ لِقُبُورِنَا وَبُيُوتِنَا‏.‏ فَقَالَ رَسُولُ اللَّهِ صلى الله عليه وسلم ‏\"‏ إِلاَّ الإِذْخِرَ ‏\"‏‏.‏ فَقَامَ أَبُو شَاهٍ ـ رَجُلٌ مِنْ أَهْلِ الْيَمَنِ ـ فَقَالَ اكْتُبُوا لِي يَا رَسُولَ اللَّهِ‏.‏ فَقَالَ رَسُولُ اللَّهِ صلى الله عليه وسلم ‏\"‏ اكْتُبُوا لأَبِي شَاهٍ ‏\"‏‏.‏ قُلْتُ لِلأَوْزَاعِيِّ مَا قَوْلُهُ اكْتُبُوا لِي يَا رَسُولَ اللَّهِ قَالَ هَذِهِ الْخُطْبَةَ الَّتِي سَمِعَهَا مِنْ رَسُولِ اللَّهِ صلى الله عليه وسلم‏.‏",
        "ar_diacless": "حدثنا يحيى بن موسى، حدثنا الوليد بن مسلم، حدثنا الأوزاعي، قال حدثني يحيى بن أبي كثير، قال حدثني أبو سلمة بن عبد الرحمن، قال حدثني أبو هريرة ـ رضى الله عنه ـ قال لما فتح الله على رسوله صلى الله عليه وسلم مكة قام في الناس، فحمد الله، وأثنى عليه ثم قال ‏\"‏ إن الله حبس عن مكة الفيل، وسلط عليها رسوله والمؤمنين، فإنها لا تحل لأحد كان قبلي، وإنها أحلت لي ساعة من نهار، وإنها لا تحل لأحد بعدي، فلا ينفر صيدها ولا يختلى شوكها، ولا تحل ساقطتها إلا لمنشد، ومن قتل له قتيل فهو بخير النظرين، إما أن يفدى، وإما أن يقيد ‏\"‏‏.‏ فقال العباس إلا الإذخر، فإنا نجعله لقبورنا وبيوتنا‏.‏ فقال رسول الله صلى الله عليه وسلم ‏\"‏ إلا الإذخر ‏\"‏‏.‏ فقام أبو شاه ـ رجل من أهل اليمن ـ فقال اكتبوا لي يا رسول الله‏.‏ فقال رسول الله صلى الله عليه وسلم ‏\"‏ اكتبوا لأبي شاه ‏\"‏‏.‏ قلت للأوزاعي ما قوله اكتبوا لي يا رسول الله قال هذه الخطبة التي سمعها من رسول الله صلى الله عليه وسلم‏.‏",
        "note": "",
        "grade_id": 2,
        "grade": "সহিহ হাদিস",
        "grade_color": "#46B891"
      }
    ]
  },
  {
    "id": 1300,
    "book_id": 1,
    "book_name": "bukhari",
    "chapter_id": 45,
    "section_id": 8,
    "title": "অনুমতি ছাড়া কারো পশু দোহন করবে না।",
    "preface": "",
    "number": "৪৫/৮. অধ্যায়ঃ",
    "sort_order": 8,
    "hadiths": [
      {
        "id": 1978,
        "book_id": 1,
        "book_name": "সহিহ বুখারী",
        "chapter_id": 45,
        "section_id": 8,
        "hadith_key": "সহিহ বুখারী: ২৪৩৫",
        "hadith_id": 2435,
        "narrator": "‘আবদুল্লাহ ইবনু উমর (রাঃ)",
        "bn": "রাসূলুল্লাহ (সাল্লাল্লাহু ‘আলাইহি ওয়া সাল্লাম) বলেছেন, অনুমতি ব্যতীত কারো পশু কেউ দোহন করবে না। তোমাদের কেউ এটা কি পছন্দ করবে যে, তার (তোশাখানায়) ভান্ডারে কোন ব্যক্তি এসে ভান্ডার ভেঙ্গে ফেলে এবং ভান্ডারের শস্য নিয়ে যায়? তাদের পশুগুলোর স্তন তাদের খাদ্য সংরক্ষিত রাখে। কাজেই কারো পশু তার অনুমতি ব্যতীত কেউ দোহন করবে না।",
        "ar": "حَدَّثَنَا عَبْدُ اللَّهِ بْنُ يُوسُفَ، أَخْبَرَنَا مَالِكٌ، عَنْ نَافِعٍ، عَنْ عَبْدِ اللَّهِ بْنِ عُمَرَ ـ رضى الله عنهما ـ أَنَّ رَسُولَ اللَّهِ صلى الله عليه وسلم قَالَ ‏ \"‏ لاَ يَحْلُبَنَّ أَحَدٌ مَاشِيَةَ امْرِئٍ بِغَيْرِ إِذْنِهِ، أَيُحِبُّ أَحَدُكُمْ أَنْ تُؤْتَى مَشْرُبَتُهُ فَتُكْسَرَ خِزَانَتُهُ، فَيُنْتَقَلَ طَعَامُهُ فَإِنَّمَا تَخْزُنُ لَهُمْ ضُرُوعُ مَوَاشِيهِمْ أَطْعِمَاتِهِمْ، فَلاَ يَحْلُبَنَّ أَحَدٌ مَاشِيَةَ أَحَدٍ إِلاَّ بِإِذْنِهِ ‏\"‏‏.‏",
        "ar_diacless": "حدثنا عبد الله بن يوسف، أخبرنا مالك، عن نافع، عن عبد الله بن عمر ـ رضى الله عنهما ـ أن رسول الله صلى الله عليه وسلم قال ‏ \"‏ لا يحلبن أحد ماشية امرئ بغير إذنه، أيحب أحدكم أن تؤتى مشربته فتكسر خزانته، فينتقل طعامه فإنما تخزن لهم ضروع مواشيهم أطعماتهم، فلا يحلبن أحد ماشية أحد إلا بإذنه ‏\"‏‏.‏",
        "note": "",
        "grade_id": 2,
        "grade": "সহিহ হাদিস",
        "grade_color": "#46B891"
      }
    ]
  },
  {
    "id": 1301,
    "book_id": 1,
    "book_name": "bukhari",
    "chapter_id": 45,
    "section_id": 9,
    "title": "পড়ে থাকা জিনিসের মালিক এক বছর পরে ফিরে আসলে তার জিনিস তাকে ফিরিয়ে দিবে। কারণ সেটা তার কাছে আমানত ছিল।",
    "preface": "",
    "number": "৪৫/৯. অধ্যায়ঃ",
    "sort_order": 9,
    "hadiths": [
      {
        "id": 1979,
        "book_id": 1,
        "book_name": "সহিহ বুখারী",
        "chapter_id": 45,
        "section_id": 9,
        "hadith_key": "সহিহ বুখারী: ২৪৩৬",
        "hadith_id": 2436,
        "narrator": "কুতায়বা ইবনু সাঈদ (রহঃ) যায়দ ইবনু খালিদ জুহানী (রাঃ)",
        "bn": "এক ব্যক্তি পড়ে থাকা জিনিস সম্পর্কে রসূলুল্লাহ (সাল্লাল্লাহু ‘আলাইহি ওয়া সাল্লাম) -কে জিজ্ঞেস করল। তিনি (সাল্লাল্লাহু ‘আলাইহি ওয়া সাল্লাম) বললেন, এক বছর যাবৎ ঘোষণা দিতে থাক। এরপর জিনিসটির পাত্র ও তার বাঁধন স্মরণ রাখ এবং সেটা খরচ কর। যদি তার মালিক এসে যায় তবে তাকে দিয়ে দাও। সে জিজ্ঞেস করল, হে আল্লাহর রসূল! হারিয়ে যাওয়া বস্তু বকরী হলে কী করতে হবে? তিনি বললেন, তা তুমি নিয়ে নাও। কেননা, সেটা তোমার কিংবা তোমার ভাইয়ের আর তা না হলে নেকড়ে বাঘের। সে আবার বলল, হে আল্লাহর রসূল! হারানো বস্তু উট হলে কী করতে হবে? এতে রাসূলুল্লাহ (সাল্লাল্লাহু ‘আলাইহি ওয়া সাল্লাম) রাগান্বিত হলেন এমনকি তাঁর উভয় গাল লাল হয়ে গেল অথবা রাবী বলেন, তার মুখমণ্ডল লাল হয়ে গেল। তারপর তিনি বললেন, এতে তোমার কী? তার সাথে তার ক্ষুর ও মশক রয়েছে। শেষ পর্যন্ত তার মালিক তার সন্ধান পেয়ে যাবে।",
        "ar": "حَدَّثَنَا قُتَيْبَةُ بْنُ سَعِيدٍ، حَدَّثَنَا إِسْمَاعِيلُ بْنُ جَعْفَرٍ، عَنْ رَبِيعَةَ بْنِ أَبِي عَبْدِ الرَّحْمَنِ، عَنْ يَزِيدَ، مَوْلَى الْمُنْبَعِثِ عَنْ زَيْدِ بْنِ خَالِدٍ الْجُهَنِيِّ ـ رضى الله عنه ـ أَنَّ رَجُلاً سَأَلَ رَسُولَ اللَّهِ صلى الله عليه وسلم عَنِ اللُّقَطَةِ قَالَ ‏\"‏ عَرِّفْهَا سَنَةً، ثُمَّ اعْرِفْ وِكَاءَهَا وَعِفَاصَهَا، ثُمَّ اسْتَنْفِقْ بِهَا، فَإِنْ جَاءَ رَبُّهَا فَأَدِّهَا إِلَيْهِ ‏\"‏‏.‏ قَالُوا يَا رَسُولَ اللَّهِ فَضَالَّةُ الْغَنَمِ قَالَ ‏\"‏ خُذْهَا فَإِنَّمَا هِيَ لَكَ أَوْ لأَخِيكَ أَوْ لِلذِّئْبِ ‏\"‏‏.‏ قَالَ يَا رَسُولَ اللَّهِ، فَضَالَّةُ الإِبِلِ قَالَ فَغَضِبَ رَسُولُ اللَّهِ صلى الله عليه وسلم حَتَّى احْمَرَّتْ وَجْنَتَاهُ ـ أَوِ احْمَرَّ وَجْهُهُ ـ ثُمَّ قَالَ ‏\"‏ مَا لَكَ وَلَهَا، مَعَهَا حِذَاؤُهَا وَسِقَاؤُهَا، حَتَّى يَلْقَاهَا رَبُّهَا ‏\"‏‏.‏",
        "ar_diacless": "حدثنا قتيبة بن سعيد، حدثنا إسماعيل بن جعفر، عن ربيعة بن أبي عبد الرحمن، عن يزيد، مولى المنبعث عن زيد بن خالد الجهني ـ رضى الله عنه ـ أن رجلا سأل رسول الله صلى الله عليه وسلم عن اللقطة قال ‏\"‏ عرفها سنة، ثم اعرف وكاءها وعفاصها، ثم استنفق بها، فإن جاء ربها فأدها إليه ‏\"‏‏.‏ قالوا يا رسول الله فضالة الغنم قال ‏\"‏ خذها فإنما هي لك أو لأخيك أو للذئب ‏\"‏‏.‏ قال يا رسول الله، فضالة الإبل قال فغضب رسول الله صلى الله عليه وسلم حتى احمرت وجنتاه ـ أو احمر وجهه ـ ثم قال ‏\"‏ ما لك ولها، معها حذاؤها وسقاؤها، حتى يلقاها ربها ‏\"‏‏.‏",
        "note": "",
        "grade_id": 2,
        "grade": "সহিহ হাদিস",
        "grade_color": "#46B891"
      }
    ]
  }
]