[
  {
    "id": 768,
    "book_id": 1,
    "book_name": "bukhari",
    "chapter_id": 12,
    "section_id": 1,
    "title": "খাওফের সালাত (শত্রুভীতির অবস্থায় সালাত)।",
    "preface": "মহিমান্বিত আল্লাহ্ বলেনঃ “আর যখন তোমরা পৃথিবীতে সফর করবে, তখন তোমাদের কোন গুনাহ হবে না যদি তোমরা সালাত সংক্ষিপ্ত কর, এ আশংকায় যে, কাফিররা তোমাদের জন্য ফিতনা সৃষ্টি করবে। নিশ্চয় কাফিররা হল তোমাদের প্রকাশ্য শত্রু। আর আপনি যখন তাদের মধ্যে থাকেন এবং তাদের সালাত পড়াতে চান, তখন যেন তাদের একদল আপনার সাথে দাঁড়ায় এবং তারা যেন নিজেদের অস্ত্র সাথে রাখে। তারপর যখন তারা সিজদা সম্পন্ন করবে তখন যেন তারা তোমাদের পেছনে অবস্থান নেয়, আর অন্য দল যারা সালাত আদায় করেনি তারা যেন আপনার সাথে সালাত আদায় করে নেয় এবং তারা যেন সতর্ক ও সশস্ত্র থাকে। কাফিররা চায় যেন তোমরা তোমাদের অস্ত্রশস্ত্র ও আসবাবপত্র সম্বন্ধে অসতর্ক হও যাতে তারা একযোগে তোমাদের উপর ঝাঁপিয়ে পড়তে পারে। যদি তোমরা বৃষ্টির কারণে কষ্ট পাও অথবা যদি তোমরা অসুস্থ হও, এ অবস্থায় নিজেদের অস্ত্র পরিত্যাগ করলে তোমাদের কোন গুনাহ নেই। কিন্তু তোমরা সতর্কতা অবলম্বন করবে। আল্লাহ্ কাফিরদের জন্য অবশ্যই লাঞ্ছনাদায়ক শাস্তি প্রস্তুত করে রেখেছেন।” (সূরাহ্ আন-নিসা ৪/১০১-১০২)",
    "number": "১২/১. অধ্যায়ঃ",
    "sort_order": 1,
    "hadiths": [
      {
        "id": 1810,
        "book_id": 1,
        "book_name": "সহিহ বুখারী",
        "chapter_id": 12,
        "section_id": 1,
        "hadith_key": "সহিহ বুখারী: ৯৪২",
        "hadith_id": 942,
        "narrator": "শু’আয়ব (রহঃ)",
        "bn": "তিনি বলেন, আমি যুহরী (রহঃ)-কে জিজ্ঞেস করলাম, নবী (সাল্লাল্লাহু ‘আলাইহি ওয়া সাল্লাম) কি সালাত আদায় করতেন অর্থাৎ খাওফের সালাত? তিনি বললেন, আমাকে সালিম (রহঃ) জানিয়েছেন যে, ‘আবদুল্লাহ্‌ ইব্‌নু ‘উমর (রাঃ) বলেছেন, আমি আল্লাহর রসূল (সাল্লাল্লাহু ‘আলাইহি ওয়া সাল্লাম) -এর সঙ্গে নাজ্‌দ এলাকায় যুদ্ধ করেছিলাম। সেখানে আমরা শত্রুর মুখোমুখী কাতারবন্দী হয়ে দাঁড়ালাম। অতঃপর আল্লাহর রসূল (সাল্লাল্লাহু ‘আলাইহি ওয়া সাল্লাম) আমাদের নিয়ে সালাত আদায় করলেন। একদল তাঁর সঙ্গে সালাতে দাঁড়ালেন এবং অন্য একটি দল শত্রুর মুখোমুখী অবস্থান করলেন। আল্লাহর রসূল (সাল্লাল্লাহু ‘আলাইহি ওয়া সাল্লাম) তাঁর সংগে যাঁরা ছিলেন তাঁদের নিয়ে রুকূ’ ও দুটি সিজদা করলেন। অতঃপর এ দলটি যারা সালাত আদায় করেনি, তাঁদের স্থানে চলে গেলেন এবং তাঁরা আল্লাহর রসূল (সাল্লাল্লাহু ‘আলাইহি ওয়া সাল্লাম) -এর পিছনে এগিয়ে এলেন, তখন আল্লাহর রসূল (সাল্লাল্লাহু ‘আলাইহি ওয়া সাল্লাম) তাঁদের সঙ্গে এক রুকূ’ ও দু’ সিজদা করলেন এবং পরে সালাম ফিরালেন। অতঃপর তাদের প্রত্যেকে উঠে দাঁড়ালেন এবং নিজে নিজে একটি রুকূ’ ও দুটি সিজদা (সহ সালাত) শেষ করলেন।",
        "ar": "حَدَّثَنَا أَبُو الْيَمَانِ، قَالَ أَخْبَرَنَا شُعَيْبٌ، عَنِ الزُّهْرِيِّ، قَالَ سَأَلْتُهُ هَلْ صَلَّى النَّبِيُّ صلى الله عليه وسلم يَعْنِي صَلاَةَ الْخَوْفِ قَالَ أَخْبَرَنِي سَالِمٌ أَنَّ عَبْدَ اللَّهِ بْنَ عُمَرَ ـ رضى الله عنهما ـ قَالَ غَزَوْتُ مَعَ رَسُولِ اللَّهِ صلى الله عليه وسلم قِبَلَ نَجْدٍ، فَوَازَيْنَا الْعَدُوَّ فَصَافَفْنَا لَهُمْ فَقَامَ رَسُولُ اللَّهِ صلى الله عليه وسلم يُصَلِّي لَنَا فَقَامَتْ طَائِفَةٌ مَعَهُ تُصَلِّي، وَأَقْبَلَتْ طَائِفَةٌ عَلَى الْعَدُوِّ وَرَكَعَ رَسُولُ اللَّهِ صلى الله عليه وسلم بِمَنْ مَعَهُ، وَسَجَدَ سَجْدَتَيْنِ، ثُمَّ انْصَرَفُوا مَكَانَ الطَّائِفَةِ الَّتِي لَمْ تُصَلِّ، فَجَاءُوا، فَرَكَعَ رَسُولُ اللَّهِ صلى الله عليه وسلم بِهِمْ رَكْعَةً، وَسَجَدَ سَجْدَتَيْنِ ثُمَّ سَلَّمَ، فَقَامَ كُلُّ وَاحِدٍ مِنْهُمْ فَرَكَعَ لِنَفْسِهِ رَكْعَةً وَسَجَدَ سَجْدَتَيْنِ‏.‏",
        "ar_diacless": "حدثنا أبو اليمان، قال أخبرنا شعيب، عن الزهري، قال سألته هل صلى النبي صلى الله عليه وسلم يعني صلاة الخوف قال أخبرني سالم أن عبد الله بن عمر ـ رضى الله عنهما ـ قال غزوت مع رسول الله صلى الله عليه وسلم قبل نجد، فوازينا العدو فصاففنا لهم فقام رسول الله صلى الله عليه وسلم يصلي لنا فقامت طائفة معه تصلي، وأقبلت طائفة على العدو وركع رسول الله صلى الله عليه وسلم بمن معه، وسجد سجدتين، ثم انصرفوا مكان الطائفة التي لم تصل، فجاءوا، فركع رسول الله صلى الله عليه وسلم بهم ركعة، وسجد سجدتين ثم سلم، فقام كل واحد منهم فركع لنفسه ركعة وسجد سجدتين‏.‏",
        "note": "",
        "grade_id": 2,
        "grade": "সহিহ হাদিস",
        "grade_color": "#46B891"
      }
    ]
  },
  {
    "id": 769,
    "book_id": 1,
    "book_name": "bukhari",
    "chapter_id": 12,
    "section_id": 2,
    "title": "পদাতিক বা আরোহী অবস্থায় ভয়ের সালাত।",
    "preface": "",
    "number": "১২/২. অধ্যায়ঃ",
    "sort_order": 2,
    "hadiths": [
      {
        "id": 1811,
        "book_id": 1,
        "book_name": "সহিহ বুখারী",
        "chapter_id": 12,
        "section_id": 2,
        "hadith_key": "সহিহ বুখারী: ৯৪৩",
        "hadith_id": 943,
        "narrator": "নাফি’ (রহঃ) সূত্রে ইব্‌নু ‘উমর (রাঃ) হতে মুজাহিদ (রহঃ)",
        "bn": "সৈন্যরা যখন পরস্পর (শত্রুমিত্র) মিলিত হয়ে যায়, ‘তখন দাঁড়িয়ে সালাত আদায় করবে। ইব্‌নু ‘উমর (রাঃ) নবী (সাল্লাল্লাহু ‘আলাইহি ওয়া সাল্লাম) হতে আরো বলেছেন যে, যদি সৈন্যদের অবস্থা এর চেয়ে গুরুতর হয়ে যায়, তাহলে দাঁড়ানো অবস্থায় এবং আরোহী অবস্থায় সালাত আদায় করবে।",
        "ar": "حَدَّثَنَا سَعِيدُ بْنُ يَحْيَى بْنِ سَعِيدٍ الْقُرَشِيُّ، قَالَ حَدَّثَنِي أَبِي قَالَ، حَدَّثَنَا ابْنُ جُرَيْجٍ، عَنْ مُوسَى بْنِ عُقْبَةَ، عَنْ نَافِعٍ، عَنِ ابْنِ عُمَرَ، نَحْوًا مِنْ قَوْلِ مُجَاهِدٍ إِذَا اخْتَلَطُوا قِيَامًا‏.‏ وَزَادَ ابْنُ عُمَرَ عَنِ النَّبِيِّ صلى الله عليه وسلم ‏ \"‏ وَإِنْ كَانُوا أَكْثَرَ مِنْ ذَلِكَ فَلْيُصَلُّوا قِيَامًا وَرُكْبَانًا ‏\"‏‏.‏",
        "ar_diacless": "حدثنا سعيد بن يحيى بن سعيد القرشي، قال حدثني أبي قال، حدثنا ابن جريج، عن موسى بن عقبة، عن نافع، عن ابن عمر، نحوا من قول مجاهد إذا اختلطوا قياما‏.‏ وزاد ابن عمر عن النبي صلى الله عليه وسلم ‏ \"‏ وإن كانوا أكثر من ذلك فليصلوا قياما وركبانا ‏\"‏‏.‏",
        "note": "",
        "grade_id": 2,
        "grade": "সহিহ হাদিস",
        "grade_color": "#46B891"
      }
    ]
  },
  {
    "id": 770,
    "book_id": 1,
    "book_name": "bukhari",
    "chapter_id": 12,
    "section_id": 3,
    "title": "খাওফের সালাতে মুসল্লীগণের একাংশ অন্য অংশকে পাহারা দিবে।",
    "preface": "",
    "number": "১২/৩. অধ্যায়ঃ",
    "sort_order": 3,
    "hadiths": [
      {
        "id": 1812,
        "book_id": 1,
        "book_name": "সহিহ বুখারী",
        "chapter_id": 12,
        "section_id": 3,
        "hadith_key": "সহিহ বুখারী: ৯৪৪",
        "hadith_id": 944,
        "narrator": "ইব্‌নু ‘আব্বাস (রাঃ)",
        "bn": "তিনি বলেন, নবী (সাল্লাল্লাহু ‘আলাইহি ওয়া সাল্লাম) সালাতে দাঁড়ালেন এবং সাহাবীগণ তাঁর পিছনে (ইক্তিদা করে) দাঁড়ালেন। তিনি তাক্‌বীর বললেন, তারাও তাক্‌বীর বললেন, তিনি রুকূ’ করলেন, তারাও তাঁর সঙ্গে রুকূ’ করলেন। অতঃপর তিনি সিজদা করলেন এবং তারাও তাঁর সঙ্গে সিজদা করলেন। অতঃপর তিনি দ্বিতীয় রাক’আতের জন্য দাঁড়ালেন, তখন যারা তাঁর সংগে সিজদা করছিলেন তারা উঠে দাঁড়ালেন এবং তাদের ভাইদের পাহারা দিতে লাগলেন। তখন অপর দলটি এসে তাঁর সঙ্গে রুকূ’ করলেন। এভাবে সকলেই সালাতে অংশগ্রহণ করলেন। অথচ একদল অপর দলকে পাহারাও দিলেন।",
        "ar": "حَدَّثَنَا حَيْوَةُ بْنُ شُرَيْحٍ، قَالَ حَدَّثَنَا مُحَمَّدُ بْنُ حَرْبٍ، عَنِ الزُّبَيْدِيِّ، عَنِ الزُّهْرِيِّ، عَنْ عُبَيْدِ اللَّهِ بْنِ عَبْدِ اللَّهِ بْنِ عُتْبَةَ، عَنِ ابْنِ عَبَّاسٍ ـ رضى الله عنهما ـ قَالَ قَامَ النَّبِيُّ صلى الله عليه وسلم وَقَامَ النَّاسُ مَعَهُ، فَكَبَّرَ وَكَبَّرُوا مَعَهُ، وَرَكَعَ وَرَكَعَ نَاسٌ مِنْهُمْ، ثُمَّ سَجَدَ وَسَجَدُوا مَعَهُ، ثُمَّ قَامَ لِلثَّانِيَةِ فَقَامَ الَّذِينَ سَجَدُوا وَحَرَسُوا إِخْوَانَهُمْ، وَأَتَتِ الطَّائِفَةُ الأُخْرَى فَرَكَعُوا وَسَجَدُوا مَعَهُ، وَالنَّاسُ كُلُّهُمْ فِي صَلاَةٍ، وَلَكِنْ يَحْرُسُ بَعْضُهُمْ بَعْضًا‏.‏",
        "ar_diacless": "حدثنا حيوة بن شريح، قال حدثنا محمد بن حرب، عن الزبيدي، عن الزهري، عن عبيد الله بن عبد الله بن عتبة، عن ابن عباس ـ رضى الله عنهما ـ قال قام النبي صلى الله عليه وسلم وقام الناس معه، فكبر وكبروا معه، وركع وركع ناس منهم، ثم سجد وسجدوا معه، ثم قام للثانية فقام الذين سجدوا وحرسوا إخوانهم، وأتت الطائفة الأخرى فركعوا وسجدوا معه، والناس كلهم في صلاة، ولكن يحرس بعضهم بعضا‏.‏",
        "note": "",
        "grade_id": 2,
        "grade": "সহিহ হাদিস",
        "grade_color": "#46B891"
      }
    ]
  },
  {
    "id": 771,
    "book_id": 1,
    "book_name": "bukhari",
    "chapter_id": 12,
    "section_id": 4,
    "title": "দূর্গ অবরোধ ও শত্রুর মুখোমুখী অবস্থায় সালাত।",
    "preface": "ইমাম আওযায়ী (রহঃ) বলেন, যদি অবস্থা এমন হয় যে, বিজয় আসন্ন কিন্তু শত্রুদের ভয়ে সৈন্যদের (জামা’আতে) সালাত আদায় করা সম্ভব নয়, তাহলে সবাই একাকী ইঙ্গিতে সালাত আদায় করবে। আর যদি ইঙ্গিতে আদায় করতে না পার তবে সালাত বিলম্বিত করবে। যে পর্যন্ত না যুদ্ধ শেষ হয় বা তারা নিরাপদ হয়। অতঃপর দু’ রাক’আত সালাত আদায় করবে। যদি (দু’ রাক’আত) আদায় করতে সক্ষম না হয় তাহলে একটি রুকূ’ ও দু’টি সিজদা (এক রাক’আত) আদায় করবে। তাও সম্ভব না হলে শুধু তাক্বীর বলে সালাত শেষ করা জায়িয হবে না বরং নিরাপদ না হওয়া পর্যন্ত সালাত বিলম্ব করবে। মাকহুল ও (রহঃ) এ মত পোষণ করতেন। আনাস ইব্‌নু মালিক (রাঃ) বর্ণনা করেছেন, (একটি যুদ্ধে) ভোরবেলা ভুস্তার দুর্গের উপর আক্রমণ চলছিলো এবং যুদ্ধ প্রচন্ডরূপ ধারণ করে, ফলে সৈন্যদের সালাত আদায় করা অসম্ভব হয়ে পড়ে। সূর্য উঠার বেশ পরে আমরা সালাত আদায় করেছিলাম। আর আমরা তখন আবূ মূসা (রাঃ)-এর সাথে ছিলাম, পরে সে দূর্গ আমরা জয় করেছিলাম। আনাস ইব্‌নু মালিক (রাঃ) বলেন, সে সালাতের বিনিময়ে দুনিয়া ও তার সব কিছুতেও আমাকে খুশী করতে পারবে না।",
    "number": "১২/৪. অধ্যায়ঃ",
    "sort_order": 4,
    "hadiths": [
      {
        "id": 1813,
        "book_id": 1,
        "book_name": "সহিহ বুখারী",
        "chapter_id": 12,
        "section_id": 4,
        "hadith_key": "সহিহ বুখারী: ৯৪৫",
        "hadith_id": 945,
        "narrator": "জাবির ইব্‌নু ‘আবদুল্লাহ্‌ (রাঃ)",
        "bn": "তিনি বলেন, খন্দক যুদ্ধের দিন ‘উমর (রাঃ) কুরাইশ গোত্রের কাফিরদের মন্দ বলতে বলতে আসলেন এবং বললেন, হে আল্লাহ্‌র রসূল! সূর্য প্রায় ডুবে যাচ্ছে, অথচ ‘আসরের সালাত আদায় করতে পারিনি। তখন নবী (সাল্লাল্লাহু ‘আলাইহি ওয়া সাল্লাম) বললেনঃ আল্লাহ্‌র কসম! আমিও তা এখনও আদায় করতে পারিনি। বর্ণনাকারী বলেন, অতঃপর তিনি মদীনার বুতহান উপত্যকায় নেমে উযূ করলেন এবং সূর্যাস্তের পর ‘আসর সালাত আদায় করলেন, অতঃপর মাগরিবের সালাত আদায় করলেন।",
        "ar": "حَدَّثَنَا يَحْيَى، قَالَ حَدَّثَنَا وَكِيعٌ، عَنْ عَلِيِّ بْنِ مُبَارَكٍ، عَنْ يَحْيَى بْنِ أَبِي كَثِيرٍ، عَنْ أَبِي سَلَمَةَ، عَنْ جَابِرِ بْنِ عَبْدِ اللَّهِ، قَالَ جَاءَ عُمَرُ يَوْمَ الْخَنْدَقِ، فَجَعَلَ يَسُبُّ كُفَّارَ قُرَيْشٍ وَيَقُولُ يَا رَسُولَ اللَّهِ مَا صَلَّيْتُ الْعَصْرَ حَتَّى كَادَتِ الشَّمْسُ أَنْ تَغِيبَ‏.‏ فَقَالَ النَّبِيُّ صلى الله عليه وسلم ‏ \"‏ وَأَنَا وَاللَّهِ مَا صَلَّيْتُهَا بَعْدُ ‏\"‏‏.‏ قَالَ فَنَزَلَ إِلَى بُطْحَانَ فَتَوَضَّأَ، وَصَلَّى الْعَصْرَ بَعْدَ مَا غَابَتِ الشَّمْسُ، ثُمَّ صَلَّى الْمَغْرِبَ بَعْدَهَا‏.‏",
        "ar_diacless": "حدثنا يحيى، قال حدثنا وكيع، عن علي بن مبارك، عن يحيى بن أبي كثير، عن أبي سلمة، عن جابر بن عبد الله، قال جاء عمر يوم الخندق، فجعل يسب كفار قريش ويقول يا رسول الله ما صليت العصر حتى كادت الشمس أن تغيب‏.‏ فقال النبي صلى الله عليه وسلم ‏ \"‏ وأنا والله ما صليتها بعد ‏\"‏‏.‏ قال فنزل إلى بطحان فتوضأ، وصلى العصر بعد ما غابت الشمس، ثم صلى المغرب بعدها‏.‏",
        "note": "",
        "grade_id": 2,
        "grade": "সহিহ হাদিস",
        "grade_color": "#46B891"
      }
    ]
  },
  {
    "id": 772,
    "book_id": 1,
    "book_name": "bukhari",
    "chapter_id": 12,
    "section_id": 5,
    "title": "শত্রুর পশ্চাদ্ধাবণকারী ও শত্রুতাড়িত ব্যক্তির আরোহী অবস্থায় ও ইঙ্গিতে সালাত আদায় করা।",
    "preface": "ওয়ালীদ (রহঃ) বলেছেন, আমি ইমাম আওযা’য়ী (রহঃ)-এর নিকট শুরাহ্বীল ইব্ন সিমত (রহঃ) ও তাঁর সঙ্গীগণের সওয়ার অবস্থায় তাঁদের সালাতের উল্লেখ করলাম। তখন তিনি বললেন, সালাত ফাওত হবার আশংকা থাকলে আমাদের নিকট এটাই প্রচলিত নিয়ম। এর দলীল হিসেবে ওয়ালীদ (রহঃ) নবী (সাল্লাল্লাহু ‘আলাইহি ওয়া সাল্লাম) -এর নির্দেশ পেশ করেনঃ “তোমাদের কেউ যেন বাণী কুরায়যায় (এলাকায়) পৌঁছার আগে আসর সালাত আদায় না করে”।",
    "number": "১২/৫. অধ্যায়ঃ",
    "sort_order": 5,
    "hadiths": [
      {
        "id": 1814,
        "book_id": 1,
        "book_name": "সহিহ বুখারী",
        "chapter_id": 12,
        "section_id": 5,
        "hadith_key": "সহিহ বুখারী: ৯৪৬",
        "hadith_id": 946,
        "narrator": "ইব্‌নু ‘উমর (রাঃ)",
        "bn": "তিনি বলেন, নবী (সাল্লাল্লাহু ‘আলাইহি ওয়া সাল্লাম) আহযাব যুদ্ধ হতে ফিরার পথে আমাদেরকে বললেন, বনূ কুরাইযাহ এলাকায় পৌঁছার পূর্বে কেউ যেন ‘আসর সালাত আদায় না করে। কিন্তু অনেকের রাস্তাতেই আসরের সময় হয়ে গেল, তখন তাদের কেউ কেউ বললেন, আমরা সেখানে না পৌঁছে সালাত আদায় করব না। আবার কেউ কেউ বললেন, আমরা সালাত আদায় করে নেব, আমাদের নিষেধ করার এ উদ্দেশ্য ছিল না (বরং উদ্দেশ্য ছিল তাড়াতাড়ি যাওয়া) নবী (সাল্লাল্লাহু ‘আলাইহি ওয়া সাল্লাম) -এর নিকট এ কথা উল্লেখ করা হলে, তিনি তাঁদের কারোর ব্যাপারে কড়াকড়ি করেননি।",
        "ar": "حَدَّثَنَا عَبْدُ اللَّهِ بْنُ مُحَمَّدِ بْنِ أَسْمَاءَ، قَالَ حَدَّثَنَا جُوَيْرِيَةُ، عَنْ نَافِعٍ، عَنِ ابْنِ عُمَرَ، قَالَ قَالَ النَّبِيُّ صلى الله عليه وسلم لَنَا لَمَّا رَجَعَ مِنَ الأَحْزَابِ ‏ \"‏ لاَ يُصَلِّيَنَّ أَحَدٌ الْعَصْرَ إِلاَّ فِي بَنِي قُرَيْظَةَ ‏\"‏‏.‏ فَأَدْرَكَ بَعْضُهُمُ الْعَصْرَ فِي الطَّرِيقِ فَقَالَ بَعْضُهُمْ لاَ نُصَلِّي حَتَّى نَأْتِيَهَا، وَقَالَ بَعْضُهُمْ بَلْ نُصَلِّي لَمْ يُرَدْ مِنَّا ذَلِكَ‏.‏ فَذُكِرَ لِلنَّبِيِّ صلى الله عليه وسلم فَلَمْ يُعَنِّفْ وَاحِدًا مِنْهُمْ‏.‏",
        "ar_diacless": "حدثنا عبد الله بن محمد بن أسماء، قال حدثنا جويرية، عن نافع، عن ابن عمر، قال قال النبي صلى الله عليه وسلم لنا لما رجع من الأحزاب ‏ \"‏ لا يصلين أحد العصر إلا في بني قريظة ‏\"‏‏.‏ فأدرك بعضهم العصر في الطريق فقال بعضهم لا نصلي حتى نأتيها، وقال بعضهم بل نصلي لم يرد منا ذلك‏.‏ فذكر للنبي صلى الله عليه وسلم فلم يعنف واحدا منهم‏.‏",
        "note": "",
        "grade_id": 2,
        "grade": "সহিহ হাদিস",
        "grade_color": "#46B891"
      }
    ]
  },
  {
    "id": 773,
    "book_id": 1,
    "book_name": "bukhari",
    "chapter_id": 12,
    "section_id": 6,
    "title": "তাকবীর বলা, ফজরের সালাত সময় হলেই আদায় করা এবং শত্রুর উপর অতর্কিত আক্রমণ ও যুদ্ধাবস্থায় সালাত।",
    "preface": "",
    "number": "১২/৬. অধ্যায়ঃ",
    "sort_order": 6,
    "hadiths": [
      {
        "id": 1815,
        "book_id": 1,
        "book_name": "সহিহ বুখারী",
        "chapter_id": 12,
        "section_id": 6,
        "hadith_key": "সহিহ বুখারী: ৯৪৭",
        "hadith_id": 947,
        "narrator": "আনাস ইব্‌নু মালিক (রাঃ)",
        "bn": "আল্লাহর রসূল (সাল্লাল্লাহু ‘আলাইহি ওয়া সাল্লাম) (একদিন) ফজরের সালাত অন্ধকার থাকতে আদায় করলেন। অতঃপর সওয়ারীতে আরোহণ করলেন এবং বললেনঃ আল্লাহ আক্‌বার, খায়বার ধ্বংস হোক! যখন আমরা কোন সম্প্রদায়ের এলাকায় অবতরণ করি তখন সতর্কীকৃতদের প্রভাত হয় কতই না মন্দ! তখন তারা (ইয়াহূদীরা) বের হয়ে গলির মধ্যে দৌড়াতে লাগল এবং বলতে লাগল, মুহাম্মাদ ও তাঁর খামীস এসে গেছে। বর্ণনাকারী বলেন, খামীস হচ্ছে সৈন্য-সামন্ত। পরে আল্লাহর রসূল (সাল্লাল্লাহু ‘আলাইহি ওয়া সাল্লাম) তাদের উপর জয়লাভ করেন। তিনি যোদ্ধাদের হত্যা করলেন এবং নারী-শিশুদের বন্দী করলেন। তখন সফিয়্যাহ প্রথম দিহ্‌ইয়া কালবীর এবং পরে আল্লাহর রসূল (সাল্লাল্লাহু ‘আলাইহি ওয়া সাল্লাম)-এর অংশে পড়ল। অতঃপর তিনি তাঁকে বিয়ে করেন এবং তাঁর মুক্তিদানকে মাহ্‌ররূপে গণ্য করেন। ‘আবদুল ‘আযীয (রহঃ) সাবিত (রাঃ)-এর নিকট জানতে চাইলেন, তাঁকে কি মোহর দেয়া হয়েছিল? তা কি আপনি আল্লাহর রসূল (সাল্লাল্লাহু ‘আলাইহি ওয়া সাল্লাম) -কে জিজ্ঞেস করেছিলেন? তিনি বললেন, তাঁর মুক্তিই তাঁর মোহর, আর মুচ্‌কি হাসলেন।",
        "ar": "حَدَّثَنَا مُسَدَّدٌ، قَالَ حَدَّثَنَا حَمَّادٌ، عَنْ عَبْدِ الْعَزِيزِ بْنِ صُهَيْبٍ، وَثَابِتٍ الْبُنَانِيِّ، عَنْ أَنَسِ بْنِ مَالِكٍ، أَنَّ رَسُولَ اللَّهِ صلى الله عليه وسلم صَلَّى الصُّبْحَ بِغَلَسٍ ثُمَّ رَكِبَ فَقَالَ ‏ \"‏ اللَّهُ أَكْبَرُ خَرِبَتْ خَيْبَرُ، إِنَّا إِذَا نَزَلْنَا بِسَاحَةِ قَوْمٍ فَسَاءَ صَبَاحُ الْمُنْذَرِينَ ‏\"‏‏.‏ فَخَرَجُوا يَسْعَوْنَ فِي السِّكَكِ وَيَقُولُونَ مُحَمَّدٌ وَالْخَمِيسُ ـ قَالَ وَالْخَمِيسُ الْجَيْشُ ـ فَظَهَرَ عَلَيْهِمْ رَسُولُ اللَّهِ صلى الله عليه وسلم فَقَتَلَ الْمُقَاتِلَةَ وَسَبَى الذَّرَارِيَّ، فَصَارَتْ صَفِيَّةُ لِدِحْيَةَ الْكَلْبِيِّ، وَصَارَتْ لِرَسُولِ اللَّهِ صلى الله عليه وسلم ثُمَّ تَزَوَّجَهَا وَجَعَلَ صَدَاقَهَا عِتْقَهَا‏.‏ فَقَالَ عَبْدُ الْعَزِيزِ لِثَابِتٍ يَا أَبَا مُحَمَّدٍ، أَنْتَ سَأَلْتَ أَنَسًا مَا أَمْهَرَهَا قَالَ أَمْهَرَهَا نَفْسَهَا‏.‏ فَتَبَسَّمَ‏.‏",
        "ar_diacless": "حدثنا مسدد، قال حدثنا حماد، عن عبد العزيز بن صهيب، وثابت البناني، عن أنس بن مالك، أن رسول الله صلى الله عليه وسلم صلى الصبح بغلس ثم ركب فقال ‏ \"‏ الله أكبر خربت خيبر، إنا إذا نزلنا بساحة قوم فساء صباح المنذرين ‏\"‏‏.‏ فخرجوا يسعون في السكك ويقولون محمد والخميس ـ قال والخميس الجيش ـ فظهر عليهم رسول الله صلى الله عليه وسلم فقتل المقاتلة وسبى الذراري، فصارت صفية لدحية الكلبي، وصارت لرسول الله صلى الله عليه وسلم ثم تزوجها وجعل صداقها عتقها‏.‏ فقال عبد العزيز لثابت يا أبا محمد، أنت سألت أنسا ما أمهرها قال أمهرها نفسها‏.‏ فتبسم‏.‏",
        "note": "",
        "grade_id": 2,
        "grade": "সহিহ হাদিস",
        "grade_color": "#46B891"
      }
    ]
  }
]