[
  {
    "id": 18335,
    "book_id": 7,
    "book_name": "muwatta-malik",
    "chapter_id": 33,
    "section_id": 1,
    "title": "ফলের বাগানে শরীকানার বর্ণনা [১]",
    "preface": "[১] যদি কোন ব্যক্তি স্বীয় বাগানের রক্ষণাবেক্ষণ করার দায়িত্ব কারো প্রতি সোপর্দ করে দেয় এবং বিনিময়ে ফলের একাংশ তাকে দিয়ে দেয় একে ‘মুসাকাত’ বলা হয়। প্রায় সকল ইমামই একে জায়েয বলেন। কিন্তু ইমাম আবূ হানীফা (র) একে নাজায়েয (অবৈধ) বলেন।",
    "number": "পরিচ্ছেদঃ ১",
    "sort_order": 1,
    "hadiths": [
      {
        "id": 49079,
        "book_id": 7,
        "book_name": "মুয়াত্তা ইমাম মালিক",
        "chapter_id": 33,
        "section_id": 1,
        "hadith_key": "মুয়াত্তা ইমাম মালিক: ১৩৮৫",
        "hadith_id": 1385,
        "narrator": "সাঈদ ইব্নু মুসায়্যাব (র)",
        "bn": "খায়বরের ইহুদীদের নিকট হতে যেদিন খায়বর বিজিত হল, সেদিন রসূলুল্লাহ সল্লাল্লাহু আলাইহি ওয়াসাল্লাম বললেন, আল্লাহ্ তা’আলা যতদিন তোমাদেরকে বহাল রাখেন ততদিনই আমি তোমাদেরকে উহাতে বহাল রাখব এই শর্তে যে, তাতে যে ফল উৎপন্ন হবে তা তোমাদের ও আমাদের উভয়ের মধ্যে বণ্টিত হবে। রসূলুল্লাহ সল্লাল্লাহু আলাইহি ওয়াসাল্লাম আবদুল্লাহ্ ইব্নু রাওয়াহা (রা)-কে বাগানে কি পরিমাণ ফল হয়েছে উহা নিরূপন করার জন্য পাঠাতেন। তিনি তা নিরুপণ করে ইহুদীদেরকে বলতেন, (আমার মনে হয় পাঁচশত মণ ফল হবে) তোমরা ইচ্ছা করলে তোমাদের নিকট রাখতে পার (অর্ধেক আমাদেরকে দিয়ে দাও) অথবা এটা আমাদের নিকট থাকতে দাও (পাকলে আমরা তোমাদেরকে অর্ধেক দিয়ে দিব)। ইহুদীরা নিজেরাই ফল রেখে দিত। [১] (হাদীসটি ইমাম মালিক এককভাবে বর্ণনা করেছেন)",
        "ar": "حَدَّثَنَا يَحْيَى عَنْ مَالِك عَنْ ابْنِ شِهَابٍ عَنْ سَعِيدِ بْنِ الْمُسَيَّبِ أَنَّ رَسُولَ اللهِ صَلَّى اللهُ عَلَيْهِ وَسَلَّمَ قَالَ لِيَهُودِ خَيْبَرَ يَوْمَ افْتَتَحَ خَيْبَرَ أُقِرُّكُمْ فِيهَا مَا أَقَرَّكُمْ اللهُ عَزَّ وَجَلَّ عَلَى أَنَّ الثَّمَرَ بَيْنَنَا وَبَيْنَكُمْ قَالَ فَكَانَ رَسُولُ اللهِ صَلَّى اللهُ عَلَيْهِ وَسَلَّمَ يَبْعَثُ عَبْدَ اللهِ بْنَ رَوَاحَةَ فَيَخْرُصُ بَيْنَهُ وَبَيْنَهُمْ ثُمَّ يَقُولُ إِنْ شِئْتُمْ فَلَكُمْ وَإِنْ شِئْتُمْ فَلِيَ فَكَانُوا يَأْخُذُوْنَهُ.",
        "ar_diacless": "حدثنا يحيى عن مالك عن ابن شهاب عن سعيد بن المسيب أن رسول الله صلى الله عليه وسلم قال ليهود خيبر يوم افتتح خيبر أقركم فيها ما أقركم الله عز وجل على أن الثمر بيننا وبينكم قال فكان رسول الله صلى الله عليه وسلم يبعث عبد الله بن رواحة فيخرص بينه وبينهم ثم يقول إن شئتم فلكم وإن شئتم فلي فكانوا يأخذونه.",
        "note": "[১] আর ফল পাকলে মুসলমানদেরকে অর্ধেক দিয়ে দিত। ইহা দ্বারা মুসাকাত প্রথার বৈধতা বোঝা যায়। কেননা খায়বর বিজিত হওয়ায় উহা মুসলমানদের অধিকার এসে গিয়েছিল। তাঁরা নিজেদের পক্ষ হতে ইহুদীদেরকে ঠিক করল যে, তারা দেখাশোনা করবে, আরও পানি দেবে এবং অর্ধেক ফল নিজেরা নিবে আর অর্ধেক তাঁদেরকে দেবে।",
        "grade_id": 1,
        "grade": "নির্ণীত নয়",
        "grade_color": "#F0AD4E"
      },
      {
        "id": 49080,
        "book_id": 7,
        "book_name": "মুয়াত্তা ইমাম মালিক",
        "chapter_id": 33,
        "section_id": 1,
        "hadith_key": "মুয়াত্তা ইমাম মালিক: ১৩৮৬",
        "hadith_id": 1386,
        "narrator": "সুলায়মান ইব্নু ইয়াসার (র)",
        "bn": "রসূলুল্লাহ্ সল্লাল্লাহু আলাইহি ওয়াসাল্লাম আবদুল্লাহ ইব্নু রাওয়াহাকে খায়বরে প্রেরণ করতেন। তিনি তথাকার বাগানের ফলের পরিমাণ নির্দিষ্ট করতেন। একবার ইহুদীরা তাদের স্ত্রীদের অলংকার একত্রিত করে আবদুল্লাহকে দিতে চাইল আর ইহুদীরা বলল, আপনি এই অলঙ্কার গ্রহণ করুন আর পরিমাণে কিছু হ্রাস করুন। আবদুল্লাহ্ বললেন, হে ইহুদী সম্প্রদায়! আমি আল্লাহ্‌র সমস্ত সৃষ্ট বস্তুর মধ্যে তোমাদেরকে নিকৃষ্ট মনে করে থাকি, তা সত্ত্বেও আমি তোমাদের উপর জুলুম করতে চাই না। তোমরা আমাকে যে উৎকোচ দিচ্ছ এটা হারাম, ইহা আমরা খাই না। ইহুদীরা বলতে লাগল, এইজন্যই এখনও পৃথিবী ও জমি স্থির রয়েছে। [১] (হাদীসটি ইমাম মালিক এককভাবে বর্ণনা করেছেন)\nমালিক (র) বলেন যদি কেউ সেচ ব্যবস্থা আঞ্জাম করবে এই শর্তে কোন খেজুর বাগান নেয় এবং ঐ বাগানের খালি জমিতে কিছু বপন করে, তবে উহা তারই হবে। যদি বাগানের মালিক এই শর্ত লাগায় যে, আমি উহাতে চাষ করব তবে উহা বৈধ হবে না। কেননা সেচের ব্যবস্থাপক ব্যক্তি খেজুর গাছে পানি দেবে যাতে তার জমিও সেচের আওতায় এসে যাবে আর তার চাষ করা অবৈধ। হ্যাঁ, যদি ঐ চাষ উভয়ের মধ্যে শরীকী হয়, তবে বৈধ হবে যখন শ্রম, বীজ, রক্ষণাবেক্ষণ সেচ শ্রমিকের উপর থাকবে। মালিকের শুধু জমি থাকবে। যদি শ্রমিক জমির মালিকের উপর এই শর্ত আরোপ করে যে, আপনি বীজ দিবেন এটা বৈধ নয়, কেননা সেচ ব্যবস্থা শুধু ঐ অবস্থায় বৈধ হবে যখন সমস্ত কিছুই শ্রমিকের যিম্মায় থাকবে। মালিকের শুধু জমি থাকবে। এটাই মুসাকাতের প্রচলিত ও বৈধ পন্থা।\nমালিক (র) বলেন  একটি কূপের দুই ব্যক্তি সমান সমান মালিক। কূপটিতে পানি রইল না। একজন উহা ঠিক করতে চাইলে অন্য ব্যক্তি মানল না, আমার নিকট টাকা নাই, আমি খরচ দিতে পারব না। এমতাবস্থায় যে উহা ঠিক করতে চেয়েছে তাকে উহা ঠিক করতে দেয়া হবে। সমস্ত পানি তারই হবে, আর সেই পানি ব্যবহারের পূর্ণ অধিকার তারই হবে। অপর ব্যক্তি খরচের অর্ধেক শোধ করলে সে তাতে অংশগ্রহণ করবে। প্রথম ব্যক্তিকে পূর্ণ পানি এইজন্য দেয়া হবে যে, সে সব খরচ বহন করেছে। যদি পানি না হত তবে অপর ব্যক্তি খরচের কিছুই দিত না; প্রথম ব্যক্তির অর্থ ব্যয় বৃথা যেত।\nমালিক (র) বলেন  যদি বাগানের মালিকের উপর সকল প্রকার ব্যয়ের দায়িত্ব থাকে, শ্রমিকের উপর ব্যয়ের কোন দায়িত্ব না থাকে, তার যিম্মায় থাকে কেবল শ্রম। আর তাকে শ্রমের পরিবর্তে কিছু ফল দেয়া হয় তবে এটা অবৈধ, কেননা শ্রম অনির্দিষ্ট, বাগানের মালিক তার পারিশ্রমিক নির্দিষ্ট করে না দিলে সে অবগত নয় যে তার পারিশ্রমিক কতটুকু। ফলের উৎপাদন বেশিও হতে পারে, কমও হতে পারে।\nমালিক (র) বলেন  যে ব্যক্তি শরীকী কারবারে ধন দেয় বা সেচের বিনিময়ে বাগান শরীকানায় দেয় তার জন্য এটা বৈধ নয় যে, সে নিজের জন্য অর্থ বা কতিপয় নির্দিষ্ট করে এবং বলে যে এই পরিমাণ অর্থ যেমন দশ দীনার বা অমুক গাছের ফল আমারই জন্য থাকবে, উহাতে শরীকানা নাই, বৈধ নয়। আমাদের নিকট মাসআলা অনুরূপই।\nমালিক (র) বলেন  আমাদের মধ্যে প্রচলিত নিয়মানুযায়ী বাগানের মালিক সেচ শ্রমিকের উপর নিম্নলিখিত শর্ত আরোপ করতে পারে ; ১। বাগানের প্রাচীর ঠিক করতে হবে; ২। পানির কূপ পরিষ্কার করতে হবে; ৩। বাগানের সেচের নহরগুলো পরিষ্কার রাখবে; ৪। গাছে নর-মাদীর মধ্যে সংযোগ স্থাপন করবে; ৫। ছিলা চাঁছার কাজ করবে; ৬। গাছের খেজুর পেড়ে আনবে ইত্যাদি কাজ, যদি মালিক শ্রমিক উভয়ে সম্মত হয়। গাছের মালিকের ইচ্ছাধীন থাকবে সে শ্রমিকের জন্য অর্ধেক ফল বা কম ও বেশি যেভাবে কথা থাকে যদি উভয়ে উহাতে সম্মত থাকে নির্ধারিত করতে পারে। গাছের মালিকের এই অধিকার থাকবে না যে, সে শ্রমিকের প্রতি নতুন কিছু বানাতে শর্ত করবে যেমন কূপের চতুষ্পার্শ্বে উঁচু বেঁধে কূপ খনন করা না নতুন গাছ লাগানো বা খাল খনন করা বা এজন্য পানির হাউজ বানানো, যাতে বাগানের আয় বেড়ে যায়।\nমালিক (র) বলেন  উহার উদাহরণ এই যে, বাগানের মালিক কাউকেও বলল, আমার জন্য ঘর তৈরী কর বা কূপ খনন কর কিংবা জলাশয় পরিষ্কার কর কিংবা অনুরূপ কোন কাজ কর যার পরিবর্তে আমি বাগানের অর্ধেক ফল দিয়ে দেব অথচ ফল খাওয়ার উপযুক্ত হয়নি, না এখনও উহার পাকার সময় হয়েছে ইহা বৈধ নয়। কেননা এটা ফল উপযুক্ত হওয়ার পূর্বে বিক্রি করার মতো রসূলুল্লাহ্ সল্লাল্লাহু আলাইহি ওয়াসাল্লাম এটা হতে নিষেধ করেছেন।\nমালিক (র) বলেন  যদি ফল খাওয়ার উপযুক্ত হয় এবং উহার বিক্রয় বৈধ হয়, সে সময় কোন ব্যক্তি অপর এক ব্যক্তিকে বলল, তুমি আমার অমুক অমুক কাজ কর। সে কাজ নির্দিষ্ট করে বলল, তোমার কাজের বিনিময়ে আমি তোমাকে আমার এই বাগানের অর্ধেক ফল প্রদান করব, এটা বৈধ। কারণ এই লোকটিকে নির্দিষ্ট পারিশ্রমিকের উপর মজুর হিসেবে গ্রহণ করা হয়েছে; সে উহা দেখে তাতে সম্মতি প্রদান করেছে। কিন্তু মুসাকাত বৈধ হয় যদিও বাগানের ফল উৎপন্ন না হয়, অথবা স্বল্প উৎপাদন হয় অথবা নষ্ট হয়ে যায়। মুসাকী বা সেচের ব্যবস্থাকারীর জন্য এটাই প্রাপ্য হবে। পক্ষান্তরে কাউকেও শ্রমে নিযুক্ত করা হলে নির্দিষ্ট পারিশ্রমিকের উপর নিযুক্ত করতে হয়, এটা ছাড়া শ্রমে খাটানো বৈধ নয়। কারণ ইজারা এক প্রকার ক্রয়-বিক্রয়ের মতো। তাতে শ্রমিকের শ্রম ক্রয় করা হয়। তাতে ধোঁকার প্রবেশ ঘটলে এটা বৈধ হয় না। কেননা রসূলুল্লাহ্ সল্লাল্লাহু আলাইহি ওয়াসাল্লাম ধোঁকার ক্রয়-বিক্রয় হতে নিষেধ করেছেন।\nমালিক (র) বলেন  আমাদের মতে প্রত্যেক প্রকার ফলের গাছের ব্যাপারে মুসাকাত জায়েয আছে। যেমন আঙ্গুর, খেজুর, যায়তুন, তীন, আনার বা শাফ্তাল ইত্যাদি বৃক্ষ; এই শর্তে যে, বাগানের মালিক অর্ধেক, এক-তৃতীয়াংশ, এক-চতুর্থাংশ বা বেশি-কম ফল নিয়ে নিবে, অবশিষ্ট ফল শ্রমিকের থাকবে।\nমালিক (র) বলেন  শস্যক্ষেত্রেও মুসাকাত বৈধ। শস্য মাটি ভেদ করে বাহির ও স্থির হলে এবং মালিক তার যতœ ও তত্ত্বাবধানে অক্ষম হলে সেই অবস্থায় মুসাকাত বৈধ হবে।\nমালিক (র) বলেন  ফল পরিপক্ক হলে এবং বিক্রয়ের উপযুক্ত হলে যেসব বৃক্ষে মুসাকাত জায়েয ছিল এই ক্ষেত্রে উহা আর বৈধ হবে না। তবে আগামী বৎসরের জন্য মুসাকাত করা যাবে। কারণ বিক্রয়ের উপযুক্ত ফলের মুসাকাত ইজারা বলে গণ্য হবে, এটা যেন ফল বিক্রয়ের উপযুক্ত হওয়ার পর বৃক্ষের মালিক শ্রমিকের সাথে চুক্তি করল উহা কেটে দেয়ার জন্য, যেমন শ্রমিককে দিরহাম বা দীনার প্রদান করা হল যার বিনিময়ে সে গাছের ফল কেটে দেবে। এটা মুসাকাত নয়। মুসাকাত হচ্ছে বিগত বৎসর হতে আগামী বৎসর ফল পরিপক্ক হওয়া ও বিক্রয়ের উপযুক্ত হওয়ার মধ্যবর্তী সময়ের জন্য যা হয় তা।\nমালিক (র) বলেন  যে গাছের খেজুরের উপর মুসাকাত করেছে সেই গাছের ফল পরিপক্ক হওয়া এবং বিক্রয়ের উপযুক্ত হওয়ার পূর্বে এই মুসাকাত বৈধ হবে।\nমালিক (র) বলেন  খালি জমিতে মুসাকাত বৈধ নয়। হ্যাঁ, দিরহাম দীনারের বিনিময়ে ভাড়ার উপর দেয়া যাবে পারে যদি কোন ব্যক্তি খালি জমি চাষের জন্য উহা হতে উৎপাদিত [২] এক -তৃতীয়াংশ বা এক-চতুর্থাংশ ফসলের উপর কাউকেও দেয় তবে বৈধ হবে না, কেননা তাতে ধোঁকা রয়েছে। ক্ষেতে ফসল হয় কিনা তা জানা নাই, ফসল হলেও কত ফসল হবে, অধিক না অল্প তাও জানা নাই।\nমালিক (র) বলেন  এর দৃষ্টান্ত এইরূপ, যেমন কোন ব্যক্তি কাউকেও নির্দিষ্ট কিছুর বিনিময়ের সফরে তাঁর সঙ্গে থাকবার জন্য নিযুক্ত করল। পরে তাকে বলতে লাগল, আমি এই ভ্রমণে যে লাভ করব উহার এক-দশমাংশ তোমাকে দেব, এটাই তোমার পারিশ্রমিক। তবে এটা বৈধ হবে না এবং এইরূপ করা অনুচিত।\nমালিক (র) বলেন  কারো জন্য নিজকে বা যমীন বা নৌকা ইত্যাদি জাতীয় কোন বস্তু যা তার নিজস্ব কিছু নির্ধারণ করা ব্যতীত কাউকেও ভাড়ায় দেয়া বৈধ নয়, নির্দিষ্ট করে ভাড়ায় দেয়া হলে তা বৈধ।\nমালিক (র) খেজুর গাছ ও খালি জমি শরীকানা ব্যবস্থায় দেয়া সম্পর্কে বলেন  এই দুয়ের মধ্যে পার্থক্য হল এই যে, খেজুর গাছের মালিক খেজুর খাওয়ার উপযুক্ত হওয়ার পূর্বে বিক্রয় করতে পারে না, আর জমির মালিক জমি এই অবস্থায় দিচ্ছে যে উহা খালি, তাতে কিছুই নেই।\nমালিক (র) বলেন  খেজুর বা এ জাতীয় গাছে দুই, তিন বা চার বৎসর অথবা বেশি বা কম বৎসরের জন্য সেচ ব্যবস্থার উপর দেয়া বৈধ। খেজুর গাছের মতো অন্যান্য বৃক্ষেও এটা বৈধ হবে, এইরূপ আহলে ইলম-এর নিকট আমি শুনেছি। [৩]\nমালিক (র) বলেন  মুসাকাতকারী বা বাগানের মালিক হতে শ্রমিক নিজের জন্য অতিরিক্ত কিছু খাস করে নিতে পারবে না- তা স্বর্ণ রৌপ্য হোক বা খাদ্যদ্রব্য বা অন্য কিছু হোক, এটা জায়েয নয়। অনুরূপ শ্রমিকের পক্ষেও বাগানের মালিক হতে নিজের জন্য অতিরিক্ত কিছু গ্রহণ করা বৈধ নয়। তা স্বর্ণ-রৌপ্য হোক বা খাদ্যদ্রব্য হোক- অতিরিক্ত কিছু গ্রহণ করা উভয়ের জন্য বৈধ নয়।\nমালিক (র) বলেন  মুকারাযা বা মুসাকাতে শর্তের অধিক কিছু চাইলে উহা ইজারা বলে গণ্য হবে। ইজারার শর্তাবলি এতে প্রযোজ্য হবে। ধোঁকার আশংকা রয়েছে এমন কিছুতে ইজারা অবৈধ। জানা নাই ফসল আদৌ হবে কিনা বা কম হবে, না বেশি হবে।\nমালিক (র) বলেন  যদি কেউ এইরূপ জমি মুসাকাত ব্যবস্থার উপর দেয় যাতে খেজুর, আঙ্গুর বা এ জাতীয় গাছ থাকে আবার খালি জমিও থাকে। যদি জমিতে গাছ থাকে বেশি এবং খালি জমি ১/৩ অংশ থাকে বা তার হতে কম হয় তবে সেচের উপর দেয়া বৈধ হবে।\nমালিক (র) বলেন  যদি খালি জমি যাতে খেজুর বা আঙ্গুরের বৃক্ষ রযেছে ২/৩ (দু-তৃতীয়াংশ) বা ততোধিক হয় তবে এইরূপ জমি ভাড়া লওয়া বৈধ হবে, সেচের উপর দেয়া বৈধ হবে না। কেননা লোকের মধ্যে এই নিয়ম রয়েছে যে জমিতে সেচের উপর দেয়া হয় তাতে খালি জায়গাও থাকে। অথবা যে তলোয়ারে চাঁদি লাগান থাকে তাতে চাঁদির পরিবর্তে বিক্রি করে দেয় কিংবা যে হার বা আংটিতে স্বর্ণ রয়েছে, উহাকে স্বর্ণের পরিবর্তে বিক্রি করে দেয় বরাবরই মানুষ এই ধরনের কারবার করে থাকে। আর এর কোন সীমা নির্দিষ্ট নাই যে, এই পরিমাণ হলে বৈধ হবে, এর অতিরিক্ত বৈধ হবে না, হারাম হবে। আমাদের মতে এই বিধান রয়েছে যে, যখন তলোয়ার ইত্যাদিতে বা আংটিতে স্বর্ণ ইত্যাদি ১/৩ অংশের মূল্যের সমান হয় বা উহা হতে কম হয় তবে উহা চাঁদি বা স্বর্ণের পরিবর্তে বৈধ হবে, অন্যথায় বৈধ হবে না।",
        "ar": "و حَدَّثَنِي مَالِك عَنْ ابْنِ شِهَابٍ عَنْ سُلَيْمَانَ بْنِ يَسَارٍ أَنَّ رَسُولَ اللهِ صَلَّى اللهُ عَلَيْهِ وَسَلَّمَ كَانَ يَبْعَثُ عَبْدَ اللهِ بْنَ رَوَاحَةَ إِلَى خَيْبَرَ فَيَخْرُصُ بَيْنَهُ وَبَيْنَ يَهُودِ خَيْبَرَ قَالَ فَجَمَعُوا لَهُ حَلْيًا مِنْ حَلْيِ نِسَائِهِمْ فَقَالُوا لَهُ هَذَا لَكَ وَخَفِّفْ عَنَّا وَتَجَاوَزْ فِي الْقَسْمِ فَقَالَ عَبْدُ اللهِ بْنُ رَوَاحَةَ يَا مَعْشَرَ الْيَهُودِ وَاللهِ إِنَّكُمْ لَمِنْ أَبْغَضِ خَلْقِ اللهِ إِلَيَّ وَمَا ذَاكَ بِحَامِلِي عَلَى أَنْ أَحِيفَ عَلَيْكُمْ فَأَمَّا مَا عَرَضْتُمْ مِنْ الرَّشْوَةِ فَإِنَّهَا سُحْتٌ وَإِنَّا لَا نَأْكُلُهَا فَقَالُوا بِهَذَا قَامَتْ السَّمَوَاتُ وَالْأَرْضُ \n\nقَالَ مَالِك إِذَا سَاقَى الرَّجُلُ النَّخْلَ وَفِيهَا الْبَيَاضُ فَمَا ازْدَرَعَ الرَّجُلُ الدَّاخِلُ فِي الْبَيَاضِ فَهُوَ لَهُ \n\nقَالَ وَإِنْ اشْتَرَطَ صَاحِبُ الْأَرْضِ أَنَّهُ يَزْرَعُ فِي الْبَيَاضِ لِنَفْسِهِ فَذَلِكَ لَا يَصْلُحُ لِأَنَّ الرَّجُلَ الدَّاخِلَ فِي الْمَالِ يَسْقِي لِرَبِّ الْأَرْضِ فَذَلِكَ زِيَادَةٌ ازْدَادَهَا عَلَيْهِ\n\nقَالَ وَإِنْ اشْتَرَطَ الزَّرْعَ بَيْنَهُمَا فَلَا بَأْسَ بِذَلِكَ إِذَا كَانَتْ الْمَئُونَةُ كُلُّهَا عَلَى الدَّاخِلِ فِي الْمَالِ الْبَذْرُ وَالسَّقْيُ وَالْعِلَاجُ كُلُّهُ فَإِنْ اشْتَرَطَ الدَّاخِلُ فِي الْمَالِ عَلَى رَبِّ الْمَالِ أَنَّ الْبَذْرَ عَلَيْكَ كَانَ ذَلِكَ غَيْرَ جَائِزٍ لِأَنَّهُ قَدْ اشْتَرَطَ عَلَى رَبِّ الْمَالِ زِيَادَةً ازْدَادَهَا عَلَيْهِ وَإِنَّمَا تَكُونُ الْمُسَاقَاةُ عَلَى أَنَّ عَلَى الدَّاخِلِ فِي الْمَالِ الْمَئُونَةَ كُلَّهَا وَالنَّفَقَةَ وَلَا يَكُونُ عَلَى رَبِّ الْمَالِ مِنْهَا شَيْءٌ فَهَذَا وَجْهُ الْمُسَاقَاةِ الْمَعْرُوفُ\n\nقَالَ مَالِك فِي الْعَيْنِ تَكُونُ بَيْنَ الرَّجُلَيْنِ فَيَنْقَطِعُ مَاؤُهَا فَيُرِيدُ أَحَدُهُمَا أَنْ يَعْمَلَ فِي الْعَيْنِ وَيَقُولُ الْآخَرُ لَا أَجِدُ مَا أَعْمَلُ بِهِ إِنَّهُ يُقَالُ لِلَّذِي يُرِيدُ أَنْ يَعْمَلَ فِي الْعَيْنِ اعْمَلْ وَأَنْفِقْ وَيَكُونُ لَكَ الْمَاءُ كُلُّهُ تَسْقِي بِهِ حَتَّى يَأْتِيَ صَاحِبُكَ بِنِصْفِ مَا أَنْفَقْتَ فَإِذَا جَاءَ بِنِصْفِ مَا أَنْفَقْتَ أَخَذَ حِصَّتَهُ مِنْ الْمَاءِ وَإِنَّمَا أُعْطِيَ الْأَوَّلُ الْمَاءَ كُلَّهُ لِأَنَّهُ أَنْفَقَ وَلَوْ لَمْ يُدْرِكْ شَيْئًا بِعَمَلِهِ لَمْ يَعْلَقْ الْآخَرَ مِنْ النَّفَقَةِ شَيْءٌ\n\nقَالَ مَالِك وَإِذَا كَانَتْ النَّفَقَةُ كُلُّهَا وَالْمَئُونَةُ عَلَى رَبِّ الْحَائِطِ وَلَمْ يَكُنْ عَلَى الدَّاخِلِ فِي الْمَالِ شَيْءٌ إِلَّا أَنَّهُ يَعْمَلُ بِيَدِهِ إِنَّمَا هُوَ أَجِيرٌ بِبَعْضِ الثَّمَرِ فَإِنَّ ذَلِكَ لَا يَصْلُحُ لِأَنَّهُ لَا يَدْرِي كَمْ إِجَارَتُهُ إِذَا لَمْ يُسَمِّ لَهُ شَيْئًا يَعْرِفُهُ وَيَعْمَلُ عَلَيْهِ لَا يَدْرِي أَيَقِلُّ ذَلِكَ أَمْ يَكْثُرُ\n\nقَالَ مَالِك وَكُلُّ مُقَارِضٍ أَوْ مُسَاقٍ فَلَا يَنْبَغِي لَهُ أَنْ يَسْتَثْنِيَ مِنْ الْمَالِ وَلَا مِنْ النَّخْلِ شَيْئًا دُونَ صَاحِبِهِ وَذَلِكَ أَنَّهُ يَصِيرُ لَهُ أَجِيرًا بِذَلِكَ يَقُولُ أُسَاقِيكَ عَلَى أَنْ تَعْمَلَ لِي فِي كَذَا وَكَذَا نَخْلَةً تَسْقِيهَا وَتَأْبُرُهَا وَأُقَارِضُكَ فِي كَذَا وَكَذَا مِنْ الْمَالِ عَلَى أَنْ تَعْمَلَ لِي بِعَشَرَةِ دَنَانِيرَ لَيْسَتْ مِمَّا أُقَارِضُكَ عَلَيْهِ فَإِنَّ ذَلِكَ لَا يَنْبَغِي وَلَا يَصْلُحُ وَذَلِكَ الْأَمْرُ عِنْدَنَا\n\nقَالَ مَالِك وَالسُّنَّةُ فِي الْمُسَاقَاةِ الَّتِي يَجُوزُ لِرَبِّ الْحَائِطِ أَنْ يَشْتَرِطَهَا عَلَى الْمُسَاقَى شَدُّ الْحِظَارِ وَخَمُّ الْعَيْنِ وَسَرْوُ الشَّرَبِ وَإِبَّارُ\n\nالنَّخْلِ وَقَطْعُ الْجَرِيدِ وَجَذُّ الثَّمَرِ هَذَا وَأَشْبَاهُهُ عَلَى أَنَّ لِلْمُسَاقَى شَطْرَ الثَّمَرِ أَوْ أَقَلَّ مِنْ ذَلِكَ أَوْ أَكْثَرَ إِذَا تَرَاضَيَا عَلَيْهِ غَيْرَ أَنَّ صَاحِبَ الْأَصْلِ لَا يَشْتَرِطُ ابْتِدَاءَ عَمَلٍ جَدِيدٍ يُحْدِثُهُ الْعَامِلُ فِيهَا مِنْ بِئْرٍ يَحْتَفِرُهَا أَوْ عَيْنٍ يَرْفَعُ رَأْسَهَا أَوْ غِرَاسٍ يَغْرِسُهُ فِيهَا يَأْتِي بِأَصْلِ ذَلِكَ مِنْ عِنْدِهِ أَوْ ضَفِيرَةٍ يَبْنِيهَا تَعْظُمُ فِيهَا نَفَقَتُهُ وَإِنَّمَا ذَلِكَ بِمَنْزِلَةِ أَنْ يَقُولَ رَبُّ الْحَائِطِ لِرَجُلٍ مِنْ النَّاسِ ابْنِ لِي هَاهُنَا بَيْتًا أَوْ احْفِرْ لِي بِئْرًا أَوْ أَجْرِ لِي عَيْنًا أَوْ اعْمَلْ لِي عَمَلًا بِنِصْفِ ثَمَرِ حَائِطِي هَذَا قَبْلَ أَنْ يَطِيبَ ثَمَرُ الْحَائِطِ وَيَحِلَّ بَيْعُهُ فَهَذَا بَيْعُ الثَّمَرِ قَبْلَ أَنْ يَبْدُوَ صَلَاحُهُ وَقَدْ نَهَى رَسُولُ اللهِ صَلَّى اللهُ عَلَيْهِ وَسَلَّمَ عَنْ بَيْعِ الثِّمَارِ حَتَّى يَبْدُوَ صَلَاحُهَا\n\nقَالَ مَالِك فَأَمَّا إِذَا طَابَ الثَّمَرُ وَبَدَا صَلَاحُهُ وَحَلَّ بَيْعُهُ ثُمَّ قَالَ رَجُلٌ لِرَجُلٍ اعْمَلْ لِي بَعْضَ هَذِهِ الْأَعْمَالِ لِعَمَلٍ يُسَمِّيهِ لَهُ بِنِصْفِ ثَمَرِ حَائِطِي هَذَا فَلَا بَأْسَ بِذَلِكَ إِنَّمَا اسْتَأْجَرَهُ بِشَيْءٍ مَعْرُوفٍ مَعْلُومٍ قَدْ رَآهُ وَرَضِيَهُ فَأَمَّا الْمُسَاقَاةُ فَإِنَّهُ إِنْ لَمْ يَكُنْ لِلْحَائِطِ ثَمَرٌ أَوْ قَلَّ ثَمَرُهُ أَوْ فَسَدَ فَلَيْسَ لَهُ إِلَّا ذَلِكَ وَأَنَّ الْأَجِيرَ لَا يُسْتَأْجَرُ إِلَّا بِشَيْءٍ مُسَمًّى لَا تَجُوزُ الْإِجَارَةُ إِلَّا بِذَلِكَ وَإِنَّمَا الْإِجَارَةُ بَيْعٌ مِنْ الْبُيُوعِ إِنَّمَا يَشْتَرِي مِنْهُ عَمَلَهُ وَلَا يَصْلُحُ ذَلِكَ إِذَا دَخَلَهُ الْغَرَرُ لِأَنَّ رَسُولَ اللهِ صَلَّى اللهُ عَلَيْهِ وَسَلَّمَ نَهَى عَنْ بَيْعِ الْغَرَر\n\nقَالَ مَالِك السُّنَّةُ فِي الْمُسَاقَاةِ عِنْدَنَا أَنَّهَا تَكُونُ فِي أَصْلِ كُلِّ نَخْلٍ أَوْ كَرْمٍ أَوْ زَيْتُونٍ أَوْ رُمَّانٍ أَوْ فِرْسِكٍ أَوْ مَا أَشْبَهَ ذَلِكَ مِنْ الْأُصُولِ جَائِزٌ لَا بَأْسَ بِهِ عَلَى أَنَّ لِرَبِّ الْمَالِ نِصْفَ الثَّمَرِ مِنْ ذَلِكَ أَوْ ثُلُثَهُ أَوْ رُبُعَهُ أَوْ أَكْثَرَ مِنْ ذَلِكَ أَوْ أَقَلَّ ِِِِ\n\nقَالَ مَالِك وَالْمُسَاقَاةُ أَيْضًا تَجُوزُ فِي الزَّرْعِ إِذَا خَرَجَ وَاسْتَقَلَّ فَعَجَزَ صَاحِبُهُ عَنْ سَقْيِهِ وَعَمَلِهِ وَعِلَاجِهِ فَالْمُسَاقَاةُ فِي ذَلِكَ أَيْضًا جَائِزَةٌ\n\nقَالَ مَالِك لَا تَصْلُحُ الْمُسَاقَاةُ فِي شَيْءٍ مِنْ الْأُصُولِ مِمَّا تَحِلُّ فِيهِ الْمُسَاقَاةُ إِذَا كَانَ فِيهِ ثَمَرٌ قَدْ طَابَ وَبَدَا صَلَاحُهُ وَحَلَّ بَيْعُهُ وَإِنَّمَا يَنْبَغِي أَنْ يُسَاقَى مِنْ الْعَامِ الْمُقْبِلِ وَإِنَّمَا مُسَاقَاةُ مَا حَلَّ بَيْعُهُ مِنْ الثِّمَارِ إِجَارَةٌ لِأَنَّهُ إِنَّمَا سَاقَى صَاحِبَ الْأَصْلِ ثَمَرًا قَدْ بَدَا صَلَاحُهُ عَلَى أَنْ يَكْفِيَهُ إِيَّاهُ وَيَجُذَّهُ لَهُ بِمَنْزِلَةِ الدَّنَانِيرِ وَالدَّرَاهِمِ يُعْطِيهِ إِيَّاهَا وَلَيْسَ ذَلِكَ بِالْمُسَاقَاةِ إِنَّمَا الْمُسَاقَاةُ مَا بَيْنَ أَنْ يَجُذَّ النَّخْلَ إِلَى أَنْ يَطِيبَ الثَّمَرُ وَيَحِلَّ بَيْعُهُ قَالَ مَالِك وَمَنْ سَاقَى ثَمَرًا فِي أَصْلٍ قَبْلَ أَنْ يَبْدُوَ صَلَاحُهُ وَيَحِلَّ بَيْعُهُ فَتِلْكَ الْمُسَاقَاةُ بِعَيْنِهَا جَائِزَةٌ ِِِِ\n\nقَالَ مَالِك وَلَا يَنْبَغِي أَنْ تُسَاقَى الْأَرْضُ الْبَيْضَاءُ وَذَلِكَ أَنَّهُ يَحِلُّ لِصَاحِبِهَا كِرَاؤُهَا بِالدَّنَانِيرِ وَالدَّرَاهِمِ وَمَا أَشْبَهَ ذَلِكَ مِنْ الْأَثْمَانِ الْمَعْلُومَةِ\n\nقَالَ فَأَمَّا الرَّجُلُ الَّذِي يُعْطِي أَرْضَهُ الْبَيْضَاءَ بِالثُّلُثِ أَوْ الرُّبُعِ مِمَّا يَخْرُجُ مِنْهَا فَذَلِكَ مِمَّا يَدْخُلُهُ الْغَرَرُ لِأَنَّ الزَّرْعَ يَقِلُّ مَرَّةً وَيَكْثُرُ مَرَّةً وَرُبَّمَا هَلَكَ رَأْسًا فَيَكُونُ صَاحِبُ الْأَرْضِ قَدْ تَرَكَ كِرَاءً مَعْلُومًا يَصْلُحُ لَهُ أَنْ يُكْرِيَ أَرْضَهُ بِهِ وَأَخَذَ أَمْرًا غَرَرًا لَا يَدْرِي أَيَتِمُّ أَمْ لَا فَهَذَا مَكْرُوهٌ وَإِنَّمَا ذَلِكَ مَثَلُ رَجُلٍ اسْتَأْجَرَ أَجِيرًا لِسَفَرٍ بِشَيْءٍ مَعْلُومٍ ثُمَّ قَالَ الَّذِي اسْتَأْجَرَ الْأَجِيرَ هَلْ لَكَ أَنْ أُعْطِيَكَ عُشْرَ مَا أَرْبَحُ فِي سَفَرِي هَذَا إِجَارَةً لَكَ فَهَذَا لَا يَحِلُّ وَلَا يَنْبَغِي\n\nقَالَ مَالِك وَلَا يَنْبَغِي لِرَجُلٍ أَنْ يُؤَاجِرَ نَفْسَهُ وَلَا أَرْضَهُ وَلَا سَفِينَتَهُ إِلَّا بِشَيْءٍ مَعْلُومٍ لَا يَزُولُ إِلَى غَيْرِهِ\n\nقَالَ مَالِك وَإِنَّمَا فَرَّقَ بَيْنَ الْمُسَاقَاةِ فِي النَّخْلِ وَالْأَرْضِ الْبَيْضَاءِ أَنَّ صَاحِبَ النَّخْلِ لَا يَقْدِرُ عَلَى أَنْ يَبِيعَ ثَمَرَهَا حَتَّى يَبْدُوَ صَلَاحُهُ وَصَاحِبُ الْأَرْضِ يُكْرِيهَا وَهِيَ أَرْضٌ بَيْضَاءُ لَا شَيْءَ فِيهَا\n\nقَالَ مَالِك وَالْأَمْرُ عِنْدَنَا فِي النَّخْلِ أَيْضًا إِنَّهَا تُسَاقِي السِّنِينَ الثَّلَاثَ وَالْأَرْبَعَ وَأَقَلَّ مِنْ ذَلِكَ وَأَكْثَرَ قَالَ وَذَلِكَ الَّذِي سَمِعْت\n\nوَكُلُّ شَيْءٍ مِثْلُ ذَلِكَ مِنْ الْأُصُولِ بِمَنْزِلَةِ النَّخْلِ يَجُوزُ فِيهِ لِمَنْ سَاقَى مِنْ السِّنِينَ مِثْلُ مَا يَجُوزُ فِي النَّخْلِ\n\nقَالَ مَالِك فِي الْمُسَاقِي إِنَّهُ لَا يَأْخُذُ مِنْ صَاحِبِهِ الَّذِي سَاقَاهُ شَيْئًا مِنْ ذَهَبٍ وَلَا وَرِقٍ يَزْدَادُهُ وَلَا طَعَامٍ وَلَا شَيْئًا مِنْ الْأَشْيَاءِ لَا يَصْلُحُ ذَلِكَ وَلَا يَنْبَغِي أَنْ يَأْخُذَ الْمُسَاقَى مِنْ رَبِّ الْحَائِطِ شَيْئًا يَزِيدُهُ إِيَّاهُ مِنْ ذَهَبٍ وَلَا وَرِقٍ وَلَا طَعَامٍ وَلَا شَيْءٍ مِنْ الْأَشْيَاءِ وَالزِّيَادَةُ فِيمَا بَيْنَهُمَا لَا تَصْلُحُ\n\nقَالَ مَالِك وَالْمُقَارِضُ أَيْضًا بِهَذِهِ الْمَنْزِلَةِ لَا يَصْلُحُ إِذَا دَخَلَتْ الزِّيَادَةُ فِي الْمُسَاقَاةِ أَوْ الْمُقَارَضَةِ صَارَتْ إِجَارَةً وَمَا دَخَلَتْهُ الْإِجَارَةُ فَإِنَّهُ لَا يَصْلُحُ وَلَا يَنْبَغِي أَنْ تَقَعَ الْإِجَارَةُ بِأَمْرٍ غَرَرٍ لَا يَدْرِي أَيَكُونُ أَمْ لَا يَكُونُ أَوْ يَقِلُّ أَوْ يَكْثُرُ ُُُُ\n\nقَالَ مَالِك فِي الرَّجُلِ يُسَاقِي الرَّجُلَ الْأَرْضَ فِيهَا النَّخْلُ وَالْكَرْمُ أَوْ مَا أَشْبَهَ ذَلِكَ مِنْ الْأُصُولِ فَيَكُونُ فِيهَا الْأَرْضُ الْبَيْضَاءُ قَالَ مَالِك إِذَا كَانَ الْبَيَاضُ تَبَعًا لِلْأَصْلِ وَكَانَ الْأَصْلُ أَعْظَمَ ذَلِكَ أَوْ أَكْثَرَهُ فَلَا بَأْسَ بِمُسَاقَاتِهِ وَذَلِكَ أَنْ يَكُونَ النَّخْلُ الثُّلُثَيْنِ أَوْ أَكْثَرَ وَيَكُونَ الْبَيَاضُ الثُّلُثَ أَوْ أَقَلَّ مِنْ ذَلِكَ وَذَلِكَ أَنَّ الْبَيَاضَ حِينَئِذٍ تَبَعٌ لِلْأَصْلِ\n\nوَإِذَا كَانَتْ الْأَرْضُ الْبَيْضَاءُ فِيهَا نَخْلٌ أَوْ كَرْمٌ أَوْ مَا يُشْبِهُ ذَلِكَ مِنْ الْأُصُولِ فَكَانَ الْأَصْلُ الثُّلُثَ أَوْ أَقَلَّ وَالْبَيَاضُ الثُّلُثَيْنِ أَوْ أَكْثَرَ جَازَ فِي ذَلِكَ الْكِرَاءُ وَحَرُمَتْ فِيهِ الْمُسَاقَاةُ وَذَلِكَ أَنَّ مِنْ أَمْرِ النَّاسِ أَنْ يُسَاقُوا الْأَصْلَ وَفِيهِ الْبَيَاضُ وَتُكْرَى الْأَرْضُ وَفِيهَا الشَّيْءُ الْيَسِيرُ مِنْ الْأَصْلِ أَوْ يُبَاعَ الْمُصْحَفُ أَوْ السَّيْفُ وَفِيهِمَا الْحِلْيَةُ مِنْ الْوَرِقِ بِالْوَرِقِ أَوْ الْقِلَادَةُ أَوْ الْخَاتَمُ وَفِيهِمَا الْفُصُوصُ وَالذَّهَبُ بِالدَّنَانِيرِ وَلَمْ تَزَلْ هَذِهِ الْبُيُوعُ جَائِزَةً يَتَبَايَعُهَا النَّاسُ وَيَبْتَاعُونَهَا وَلَمْ يَأْتِ فِي ذَلِكَ شَيْءٌ مَوْصُوفٌ مَوْقُوفٌ عَلَيْهِ إِذَا هُوَ بَلَغَهُ كَانَ حَرَامًا أَوْ قَصُرَ عَنْهُ كَانَ حَلَالًا\n\nوَالْأَمْرُ فِي ذَلِكَ عِنْدَنَا الَّذِي عَمِلَ بِهِ النَّاسُ وَأَجَازُوهُ بَيْنَهُمْ أَنَّهُ إِذَا كَانَ الشَّيْءُ مِنْ ذَلِكَ الْوَرِقِ أَوْ الذَّهَبِ تَبَعًا لِمَا هُوَ فِيهِ جَازَ بَيْعُهُ وَذَلِكَ أَنْ يَكُونَ النَّصْلُ أَوْ الْمُصْحَفُ أَوْ الْفُصُوصُ قِيمَتُهُ الثُّلُثَانِ أَوْ أَكْثَرُ وَالْحِلْيَةُ قِيمَتُهَا الثُّلُثُ أَوْ أَقَلُّ",
        "ar_diacless": "و حدثني مالك عن ابن شهاب عن سليمان بن يسار أن رسول الله صلى الله عليه وسلم كان يبعث عبد الله بن رواحة إلى خيبر فيخرص بينه وبين يهود خيبر قال فجمعوا له حليا من حلي نسائهم فقالوا له هذا لك وخفف عنا وتجاوز في القسم فقال عبد الله بن رواحة يا معشر اليهود والله إنكم لمن أبغض خلق الله إلي وما ذاك بحاملي على أن أحيف عليكم فأما ما عرضتم من الرشوة فإنها سحت وإنا لا نأكلها فقالوا بهذا قامت السموات والأرض \n\nقال مالك إذا ساقى الرجل النخل وفيها البياض فما ازدرع الرجل الداخل في البياض فهو له \n\nقال وإن اشترط صاحب الأرض أنه يزرع في البياض لنفسه فذلك لا يصلح لأن الرجل الداخل في المال يسقي لرب الأرض فذلك زيادة ازدادها عليه\n\nقال وإن اشترط الزرع بينهما فلا بأس بذلك إذا كانت المئونة كلها على الداخل في المال البذر والسقي والعلاج كله فإن اشترط الداخل في المال على رب المال أن البذر عليك كان ذلك غير جائز لأنه قد اشترط على رب المال زيادة ازدادها عليه وإنما تكون المساقاة على أن على الداخل في المال المئونة كلها والنفقة ولا يكون على رب المال منها شيء فهذا وجه المساقاة المعروف\n\nقال مالك في العين تكون بين الرجلين فينقطع ماؤها فيريد أحدهما أن يعمل في العين ويقول الآخر لا أجد ما أعمل به إنه يقال للذي يريد أن يعمل في العين اعمل وأنفق ويكون لك الماء كله تسقي به حتى يأتي صاحبك بنصف ما أنفقت فإذا جاء بنصف ما أنفقت أخذ حصته من الماء وإنما أعطي الأول الماء كله لأنه أنفق ولو لم يدرك شيئا بعمله لم يعلق الآخر من النفقة شيء\n\nقال مالك وإذا كانت النفقة كلها والمئونة على رب الحائط ولم يكن على الداخل في المال شيء إلا أنه يعمل بيده إنما هو أجير ببعض الثمر فإن ذلك لا يصلح لأنه لا يدري كم إجارته إذا لم يسم له شيئا يعرفه ويعمل عليه لا يدري أيقل ذلك أم يكثر\n\nقال مالك وكل مقارض أو مساق فلا ينبغي له أن يستثني من المال ولا من النخل شيئا دون صاحبه وذلك أنه يصير له أجيرا بذلك يقول أساقيك على أن تعمل لي في كذا وكذا نخلة تسقيها وتأبرها وأقارضك في كذا وكذا من المال على أن تعمل لي بعشرة دنانير ليست مما أقارضك عليه فإن ذلك لا ينبغي ولا يصلح وذلك الأمر عندنا\n\nقال مالك والسنة في المساقاة التي يجوز لرب الحائط أن يشترطها على المساقى شد الحظار وخم العين وسرو الشرب وإبار\n\nالنخل وقطع الجريد وجذ الثمر هذا وأشباهه على أن للمساقى شطر الثمر أو أقل من ذلك أو أكثر إذا تراضيا عليه غير أن صاحب الأصل لا يشترط ابتداء عمل جديد يحدثه العامل فيها من بئر يحتفرها أو عين يرفع رأسها أو غراس يغرسه فيها يأتي بأصل ذلك من عنده أو ضفيرة يبنيها تعظم فيها نفقته وإنما ذلك بمنزلة أن يقول رب الحائط لرجل من الناس ابن لي هاهنا بيتا أو احفر لي بئرا أو أجر لي عينا أو اعمل لي عملا بنصف ثمر حائطي هذا قبل أن يطيب ثمر الحائط ويحل بيعه فهذا بيع الثمر قبل أن يبدو صلاحه وقد نهى رسول الله صلى الله عليه وسلم عن بيع الثمار حتى يبدو صلاحها\n\nقال مالك فأما إذا طاب الثمر وبدا صلاحه وحل بيعه ثم قال رجل لرجل اعمل لي بعض هذه الأعمال لعمل يسميه له بنصف ثمر حائطي هذا فلا بأس بذلك إنما استأجره بشيء معروف معلوم قد رآه ورضيه فأما المساقاة فإنه إن لم يكن للحائط ثمر أو قل ثمره أو فسد فليس له إلا ذلك وأن الأجير لا يستأجر إلا بشيء مسمى لا تجوز الإجارة إلا بذلك وإنما الإجارة بيع من البيوع إنما يشتري منه عمله ولا يصلح ذلك إذا دخله الغرر لأن رسول الله صلى الله عليه وسلم نهى عن بيع الغرر\n\nقال مالك السنة في المساقاة عندنا أنها تكون في أصل كل نخل أو كرم أو زيتون أو رمان أو فرسك أو ما أشبه ذلك من الأصول جائز لا بأس به على أن لرب المال نصف الثمر من ذلك أو ثلثه أو ربعه أو أكثر من ذلك أو أقل \n\nقال مالك والمساقاة أيضا تجوز في الزرع إذا خرج واستقل فعجز صاحبه عن سقيه وعمله وعلاجه فالمساقاة في ذلك أيضا جائزة\n\nقال مالك لا تصلح المساقاة في شيء من الأصول مما تحل فيه المساقاة إذا كان فيه ثمر قد طاب وبدا صلاحه وحل بيعه وإنما ينبغي أن يساقى من العام المقبل وإنما مساقاة ما حل بيعه من الثمار إجارة لأنه إنما ساقى صاحب الأصل ثمرا قد بدا صلاحه على أن يكفيه إياه ويجذه له بمنزلة الدنانير والدراهم يعطيه إياها وليس ذلك بالمساقاة إنما المساقاة ما بين أن يجذ النخل إلى أن يطيب الثمر ويحل بيعه قال مالك ومن ساقى ثمرا في أصل قبل أن يبدو صلاحه ويحل بيعه فتلك المساقاة بعينها جائزة \n\nقال مالك ولا ينبغي أن تساقى الأرض البيضاء وذلك أنه يحل لصاحبها كراؤها بالدنانير والدراهم وما أشبه ذلك من الأثمان المعلومة\n\nقال فأما الرجل الذي يعطي أرضه البيضاء بالثلث أو الربع مما يخرج منها فذلك مما يدخله الغرر لأن الزرع يقل مرة ويكثر مرة وربما هلك رأسا فيكون صاحب الأرض قد ترك كراء معلوما يصلح له أن يكري أرضه به وأخذ أمرا غررا لا يدري أيتم أم لا فهذا مكروه وإنما ذلك مثل رجل استأجر أجيرا لسفر بشيء معلوم ثم قال الذي استأجر الأجير هل لك أن أعطيك عشر ما أربح في سفري هذا إجارة لك فهذا لا يحل ولا ينبغي\n\nقال مالك ولا ينبغي لرجل أن يؤاجر نفسه ولا أرضه ولا سفينته إلا بشيء معلوم لا يزول إلى غيره\n\nقال مالك وإنما فرق بين المساقاة في النخل والأرض البيضاء أن صاحب النخل لا يقدر على أن يبيع ثمرها حتى يبدو صلاحه وصاحب الأرض يكريها وهي أرض بيضاء لا شيء فيها\n\nقال مالك والأمر عندنا في النخل أيضا إنها تساقي السنين الثلاث والأربع وأقل من ذلك وأكثر قال وذلك الذي سمعت\n\nوكل شيء مثل ذلك من الأصول بمنزلة النخل يجوز فيه لمن ساقى من السنين مثل ما يجوز في النخل\n\nقال مالك في المساقي إنه لا يأخذ من صاحبه الذي ساقاه شيئا من ذهب ولا ورق يزداده ولا طعام ولا شيئا من الأشياء لا يصلح ذلك ولا ينبغي أن يأخذ المساقى من رب الحائط شيئا يزيده إياه من ذهب ولا ورق ولا طعام ولا شيء من الأشياء والزيادة فيما بينهما لا تصلح\n\nقال مالك والمقارض أيضا بهذه المنزلة لا يصلح إذا دخلت الزيادة في المساقاة أو المقارضة صارت إجارة وما دخلته الإجارة فإنه لا يصلح ولا ينبغي أن تقع الإجارة بأمر غرر لا يدري أيكون أم لا يكون أو يقل أو يكثر \n\nقال مالك في الرجل يساقي الرجل الأرض فيها النخل والكرم أو ما أشبه ذلك من الأصول فيكون فيها الأرض البيضاء قال مالك إذا كان البياض تبعا للأصل وكان الأصل أعظم ذلك أو أكثره فلا بأس بمساقاته وذلك أن يكون النخل الثلثين أو أكثر ويكون البياض الثلث أو أقل من ذلك وذلك أن البياض حينئذ تبع للأصل\n\nوإذا كانت الأرض البيضاء فيها نخل أو كرم أو ما يشبه ذلك من الأصول فكان الأصل الثلث أو أقل والبياض الثلثين أو أكثر جاز في ذلك الكراء وحرمت فيه المساقاة وذلك أن من أمر الناس أن يساقوا الأصل وفيه البياض وتكرى الأرض وفيها الشيء اليسير من الأصل أو يباع المصحف أو السيف وفيهما الحلية من الورق بالورق أو القلادة أو الخاتم وفيهما الفصوص والذهب بالدنانير ولم تزل هذه البيوع جائزة يتبايعها الناس ويبتاعونها ولم يأت في ذلك شيء موصوف موقوف عليه إذا هو بلغه كان حراما أو قصر عنه كان حلالا\n\nوالأمر في ذلك عندنا الذي عمل به الناس وأجازوه بينهم أنه إذا كان الشيء من ذلك الورق أو الذهب تبعا لما هو فيه جاز بيعه وذلك أن يكون النصل أو المصحف أو الفصوص قيمته الثلثان أو أكثر والحلية قيمتها الثلث أو أقل",
        "note": "[১] তারা সৃষ্টির নিকটতম এজন্য যে, তারা আল্লাহর অনেক নবীকে হত্যা করেছে। আল্লাহর উপর মিথ্যা আরোপ করেছে। ইহুদীরা এই কথাকে খারাপ মনে করার পরিবর্তে মুসলমানদের নেক নিয়্যত ও তাকওয়া দেখে বুঝল, তাদের ওসীলায় পৃথিবী স্থির রয়েছে, না হয় আল্লাহর আযাব এসে পড়ত, কিয়ামত হয়ে যেত। আফসোস ও পরিতাপের বিষয়, আজ এ ঘৃণিত বস্তু অনেক মুসলিম সমাজে অভ্যাসে পরিণত হয়ে গিয়েছে। সুতরাং আল্লাহর আযাবে গ্রেফতার হলে বা ধ্বংস হয়ে গেলে আশ্চর্য হবার কিছুই নেই।\n\n[২] একে মুযারা’আ বলা হয়। অনেক আলিমের মতে এটা বৈধ। ইমাম মালিক (র) এবং আবূ হানীফা (র)-এর নিকট এটা বৈধ নয়। কেননা রসূলুল্লাহ্ সল্লাল্লাহু আলাইহি ওয়াসাল্লাম মুখাবারা অর্থাৎ মুযারা’আ করতে নিষেধ করেছেন।\n\n[৩] কোন কোন ‘আলিমের মতে মুসাকাত ব্যবস্থার সময় নির্ধারিত হওয়া উচিত। আবূ সাউর (র)-এর মতে যদি কোন সময় নির্ধারিত না হয়ে থাকে, তবে উহা এক বৎসরের জন্য ধার্য করা হবে। আহলে জাহির-এর মতে অনির্দিষ্ট কালের জন্যও মুসাকাত জায়েয আছে। কেননা রসূলুল্লাহ্ সল্লাল্লাহু আলাইহি ওয়াসাল্লাম খায়বর অধিবাসীদের সাথে মুসাকাত করেছেন আর কোন সময় নির্দিষ্ট করেননি। এই অবস্থায় জমির মালিক যখনই ইচ্ছা করবে মুসাকাত ভঙ্গ করে দিতে পারবে।",
        "grade_id": 1,
        "grade": "নির্ণীত নয়",
        "grade_color": "#F0AD4E"
      }
    ]
  },
  {
    "id": 18336,
    "book_id": 7,
    "book_name": "muwatta-malik",
    "chapter_id": 33,
    "section_id": 2,
    "title": "মুসাকাতে দাসদের খেদমতের শর্ত করা",
    "preface": "",
    "number": "পরিচ্ছেদঃ ২",
    "sort_order": 2,
    "hadiths": [
      {
        "id": 49084,
        "book_id": 7,
        "book_name": "মুয়াত্তা ইমাম মালিক",
        "chapter_id": 33,
        "section_id": 2,
        "hadith_key": "মুয়াত্তা ইমাম মালিক: ১৩৮৭",
        "hadith_id": 1387,
        "narrator": "মালিক (র)",
        "bn": "মুসাকাতে দাসের শ্রমের বিষয়ে আমি উত্তম যা শুনেছি তা এই-মুসাকাতে যদি শ্রমিক বাগানের মালিকের নিকট এই শর্ত করে যে, কাজকর্মের জন্য যে দাস পূর্ব হতে যুক্ত ছিল উহা এখনও শ্রমে নিযুক্ত থাকবে। তাতে কোন ক্ষতি নেই। কারণ তারা এই বাগানে পূর্ব হতে শ্রমে নিযুক্ত রয়েছে এতে শ্রমিকের কোন লাভ নেই। শুধু এইটুকু যে, দাসীদের দ্বারা মুসাকাতের শ্রমিকের শ্রমের কিছুটা লাঘব হবে। উহাদের অবর্তমানে তার শ্রম বাড়বে। এর দৃষ্টান্ত এইরূপ, যেমন এক সেচের কার্য ঐ বাগানে হয় যেখানে পানির কূপ রয়েছে আর এক প্রকার ঐ বাগানে হয়, যেখানে পানি ইত্যাদি উটের সাহায্যে বহন করে আনতে হয়। এই উভয় প্রকার এক সমান নয়। ফলে উভয় প্রকার বাগানে একই রকম বিনিময়ে মুসাকাত করতে কেউ রাজী হবে না। কেননা প্রথম প্রকারে পরিশ্রম কম হবে, দ্বিতীয়টিতে অধিক হবে।\nমালিক (র) বলেন  ওয়াসিতা হচ্ছে এমন কূপ যার পানি সব সময় থাকে।\nমালিক (র) বলেন  শরীকানা বাগানে শ্রমের দায়িত্ব যার তার জন্য ইহাও বৈধ হবে না যে, ঐ গোলামদের দ্বারা সে কোন অন্য কাজ নেয় বা মালিকের নিকট অন্য কাজের শর্ত করে।\nমালিক (র) বলেন  বাগানের মালিকের পক্ষে ঐ সমস্ত গোলামের যে গোলাম পূর্ব হতে বাগানের কাজে নিযুক্ত ছিল তাদের সংখ্যা কমাতে শর্ত করা বৈধ হবে না। মুসাকাতের সময় যে অবস্থায় ছিল সেই অবস্থায় সবকিছু থাকতে দিতে হবে। যদি কোন গোলামকে ছাঁটাই করতে চায় তবে।\nমালিক (র) বলেন  মুসাকাতের পূর্বেই ছাঁটাই করতে হবে। এইরূপ যদি বাড়াতে চায় তবে মুসাকাতের পূর্বেই বাড়াতে হবে। তৎপর মুসাকাত করতে যদি ইচ্ছা করে, বাগানের গোলামদের মধ্যে যদি কেউ মারা যায় বা নিরুদ্দেশ হয়ে যায়, তবে বাগানের মালিককে অন্য গোলাম দিতে হবে।",
        "ar": "قَالَ يَحْيَى قَالَ مَالِك إِنَّ أَحْسَنَ مَا سُمِعَ فِي عُمَّالِ الرَّقِيقِ فِي الْمُسَاقَاةِ يَشْتَرِطُهُمْ الْمُسَاقَى عَلَى صَاحِبِ الْأَصْلِ إِنَّهُ لَا بَأْسَ بِذَلِكَ لِأَنَّهُمْ عُمَّالُ الْمَالِ فَهُمْ بِمَنْزِلَةِ الْمَالِ لَا مَنْفَعَةَ فِيْهِمْ لِلدَّاخِلِ إِلَّا أَنَّهُ تَخِفُّ عَنْهُ بِهِمْ الْمَئُونَةُ وَإِنْ لَمْ يَكُونُوا فِي الْمَالِ اشْتَدَّتْ مَئُونَتُهُ وَإِنَّمَا ذَلِكَ بِمَنْزِلَةِ الْمُسَاقَاةِ فِي الْعَيْنِ وَالنَّضْحِ وَلَنْ تَجِدَ أَحَدًا يُسَاقَى فِي أَرْضَيْنِ سَوَاءٍ فِي الْأَصْلِ وَالْمَنْفَعَةِ إِحْدَاهُمَا بِعَيْنٍ وَاثِنَةٍ غَزِيرَةٍ وَالْأُخْرَى بِنَضْحٍ عَلَى شَيْءٍ وَاحِدٍ لِخِفَّةِ مُؤْنَةِ الْعَيْنِ وَشِدَّةِ مُؤْنَةِ النَّضْحِ قَالَ وَعَلَى ذَلِكَ الْأَمْرُ عِنْدَنَا قَالَ وَالْوَاثِنَةُ الثَّابِتُ مَاؤُهَا الَّتِي لَا تَغُورُ وَلَا تَنْقَطِعُ ২৬১৯-قَالَ مَالِك وَلَيْسَ لِلْمُسَاقَى أَنْ يَعْمَلَ بِعُمَّالِ الْمَالِ فِي غَيْرِهِ وَلَا أَنْ يَشْتَرِطَ ذَلِكَ عَلَى الَّذِي سَاقَاهُ.\n\nقَالَ مَالِك وَلَا يَجُوزُ لِلَّذِي سَاقَى أَنْ يَشْتَرِطَ عَلَى رَبِّ الْمَالِ رَقِيقًا يَعْمَلُ بِهِمْ فِي الْحَائِطِ لَيْسُوا فِيهِ حِينَ سَاقَاهُ إِيَّاه ২৬২১-قَالَ مَالِك وَلَا يَنْبَغِي لِرَبِّ الْمَالِ أَنْ يَشْتَرِطَ عَلَى الَّذِي دَخَلَ فِي مَالِهِ بِمُسَاقَاةٍ أَنْ يَأْخُذَ مِنْ رَقِيقِ الْمَالِ أَحَدًا يُخْرِجُهُ مِنْ الْمَالِ وَإِنَّمَا مُسَاقَاةُ الْمَالِ عَلَى حَالِهِ الَّذِي هُوَ عَلَيْهِ قَالَ فَإِنْ كَانَ صَاحِبُ الْمَالِ يُرِيدُ أَنْ يُخْرِجَ مِنْ رَقِيقِ الْمَالِ أَحَدًا فَلْيُخْرِجْهُ قَبْلَ الْمُسَاقَاةِ أَوْ يُرِيدُ أَنْ يُدْخِلَ فِيهِ أَحَدًا فَلْيَفْعَلْ ذَلِكَ قَبْلَ الْمُسَاقَاةِ ثُمَّ يُسَاقِي بَعْدَ ذَلِكَ إِنْ شَاءَ قَالَ وَمَنْ مَاتَ مِنْ الرَّقِيقِ أَوْ غَابَ أَوْ مَرِضَ فَعَلَى رَبِّ الْمَالِ أَنْ يُخْلِفَهُ.",
        "ar_diacless": "قال يحيى قال مالك إن أحسن ما سمع في عمال الرقيق في المساقاة يشترطهم المساقى على صاحب الأصل إنه لا بأس بذلك لأنهم عمال المال فهم بمنزلة المال لا منفعة فيهم للداخل إلا أنه تخف عنه بهم المئونة وإن لم يكونوا في المال اشتدت مئونته وإنما ذلك بمنزلة المساقاة في العين والنضح ولن تجد أحدا يساقى في أرضين سواء في الأصل والمنفعة إحداهما بعين واثنة غزيرة والأخرى بنضح على شيء واحد لخفة مؤنة العين وشدة مؤنة النضح قال وعلى ذلك الأمر عندنا قال والواثنة الثابت ماؤها التي لا تغور ولا تنقطع ২৬১৯-قال مالك وليس للمساقى أن يعمل بعمال المال في غيره ولا أن يشترط ذلك على الذي ساقاه.\n\nقال مالك ولا يجوز للذي ساقى أن يشترط على رب المال رقيقا يعمل بهم في الحائط ليسوا فيه حين ساقاه إياه ২৬২১-قال مالك ولا ينبغي لرب المال أن يشترط على الذي دخل في ماله بمساقاة أن يأخذ من رقيق المال أحدا يخرجه من المال وإنما مساقاة المال على حاله الذي هو عليه قال فإن كان صاحب المال يريد أن يخرج من رقيق المال أحدا فليخرجه قبل المساقاة أو يريد أن يدخل فيه أحدا فليفعل ذلك قبل المساقاة ثم يساقي بعد ذلك إن شاء قال ومن مات من الرقيق أو غاب أو مرض فعلى رب المال أن يخلفه.",
        "note": "",
        "grade_id": 1,
        "grade": "নির্ণীত নয়",
        "grade_color": "#F0AD4E"
      }
    ]
  }
]