[
  {
    "id": 18148,
    "book_id": 7,
    "book_name": "muwatta-malik",
    "chapter_id": 5,
    "section_id": 1,
    "title": "জুম’আ দিবসের গোসল",
    "preface": "",
    "number": "পরিচ্ছেদঃ ১",
    "sort_order": 1,
    "hadiths": [
      {
        "id": 49641,
        "book_id": 7,
        "book_name": "মুয়াত্তা ইমাম মালিক",
        "chapter_id": 5,
        "section_id": 1,
        "hadith_key": "মুয়াত্তা ইমাম মালিক: ২১৯",
        "hadith_id": 219,
        "narrator": "আবূ হুরাইরা (রাঃ)",
        "bn": "রসূলুল্লাহ সল্লাল্লাহু আলাইহি ওয়াসাল্লাম বলেছেন, যে ব্যক্তি জুম’আর দিন জানাবতের (ফরয) গোসলের মত গোসল করেছে, অতঃপর সূর্য ঢলার পর প্রথম মুহূর্তে (মসজিদের দিকে) চলেছে, সে যেন একটি উট আল্লাহর নৈকট্য লাভের উদ্দেশ্যে খয়রাত করেছে; আর যে দ্বিতীয় মুহূর্তে একটু পরে চলেছে, সে যেন একটি গাভী খয়রাত করেছে; আর যে তৃতীয় মুহূর্তে আরও পরে চলেছে, সে যেন শিংযুক্ত মেষ খয়রাত করেছে; আর যে চতুর্থ মুহুর্তে অর্থাৎ আরও পরে চলেছে, সে যেন একটি মুরগী খয়রাত করেছে; আর যে পঞ্চম মুহূর্তে চলিয়াছে, সে যেন ডিম খয়রাত করিয়াছে। যখন ইমাম বের হন তখন ফেরেশতাগণ হাজির হন, যিকর (খুতবা) শোনার জন্য। (বুখারী ৮৮১, মুসলিম ৮৫০)",
        "ar": "حَدَّثَنِي يَحْيَى عَنْ مَالِك عَنْ سُمَيٍّ مَوْلَى أَبِي بَكْرِ بْنِ عَبْدِ الرَّحْمَنِ عَنْ أَبِي صَالِحٍ السَّمَّانِ عَنْ أَبِي هُرَيْرَةَ أَنَّ رَسُولَ اللهِ صَلَّى اللهُ عَلَيْهِ وَسَلَّمَ قَالَ مَنْ اغْتَسَلَ يَوْمَ الْجُمُعَةِ غُسْلَ الْجَنَابَةِ ثُمَّ رَاحَ فِي السَّاعَةِ الْأُولَى فَكَأَنَّمَا قَرَّبَ بَدَنَةً وَمَنْ رَاحَ فِي السَّاعَةِ الثَّانِيَةِ فَكَأَنَّمَا قَرَّبَ بَقَرَةً و حَدَّثَنِي عَنْ مَالِك أَنَّهُ بَلَغَهُ أَنَّ رَجُلًا سَأَلَ الْقَاسِمَ بْنَ مُحَمَّدٍ فَقَالَ إِنِّي أَهِمُ فِي صَلَاتِي فَيَكْثُرُ ذَلِكَ عَلَيَّ فَقَالَ الْقَاسِمُ بْنُ مُحَمَّدٍ امْضِ فِي صَلَاتِكَ فَإِنَّهُ لَنْ يَذْهَبَ عَنْكَ حَتَّى تَنْصَرِفَ وَأَنْتَ تَقُولُ مَا أَتْمَمْتُ صَلَاتِي و حَدَّثَنِي عَنْ مَالِك أَنَّهُ بَلَغَهُ أَنَّ رَجُلًا سَأَلَ الْقَاسِمَ بْنَ مُحَمَّدٍ فَقَالَ إِنِّي أَهِمُ فِي صَلَاتِي فَيَكْثُرُ ذَلِكَ عَلَيَّ فَقَالَ الْقَاسِمُ بْنُ مُحَمَّدٍ امْضِ فِي صَلَاتِكَ فَإِنَّهُ لَنْ يَذْهَبَ عَنْكَ حَتَّى تَنْصَرِفَ وَأَنْتَ تَقُولُ مَا أَتْمَمْتُ صَلَاتِي.",
        "ar_diacless": "حدثني يحيى عن مالك عن سمي مولى أبي بكر بن عبد الرحمن عن أبي صالح السمان عن أبي هريرة أن رسول الله صلى الله عليه وسلم قال من اغتسل يوم الجمعة غسل الجنابة ثم راح في الساعة الأولى فكأنما قرب بدنة ومن راح في الساعة الثانية فكأنما قرب بقرة و حدثني عن مالك أنه بلغه أن رجلا سأل القاسم بن محمد فقال إني أهم في صلاتي فيكثر ذلك علي فقال القاسم بن محمد امض في صلاتك فإنه لن يذهب عنك حتى تنصرف وأنت تقول ما أتممت صلاتي و حدثني عن مالك أنه بلغه أن رجلا سأل القاسم بن محمد فقال إني أهم في صلاتي فيكثر ذلك علي فقال القاسم بن محمد امض في صلاتك فإنه لن يذهب عنك حتى تنصرف وأنت تقول ما أتممت صلاتي.",
        "note": "",
        "grade_id": 2,
        "grade": "সহিহ হাদিস",
        "grade_color": "#46B891"
      },
      {
        "id": 49639,
        "book_id": 7,
        "book_name": "মুয়াত্তা ইমাম মালিক",
        "chapter_id": 5,
        "section_id": 1,
        "hadith_key": "মুয়াত্তা ইমাম মালিক: ২২০",
        "hadith_id": 220,
        "narrator": "মালিক (র)",
        "bn": "তিনি আবূ হুরায়রা (রাঃ) হতে বর্ণনা করেন যে, আবূ হুরায়রা (রাঃ) বলতেন, জুম’আর দিনের গোসল জানাবত (ফরয) গোসলের মত, প্রত্যেক বয়স্ক ব্যক্তির উপর ওয়াজিব। (হাদীসটি ইমাম মালিক (রঃ) একক ভাবে বর্ণনা করেছেন)",
        "ar": "و حَدَّثَنِي عَنْ مَالِك عَنْ سَعِيدِ بْنِ أَبِي سَعِيدٍ الْمَقْبُرِيِّ عَنْ أَبِي هُرَيْرَةَ أَنَّهُ كَانَ يَقُولُ غُسْلُ يَوْمِ الْجُمُعَةِ وَاجِبٌ عَلَى كُلِّ مُحْتَلِمٍ كَغُسْلِ الْجَنَابَةِ.",
        "ar_diacless": "و حدثني عن مالك عن سعيد بن أبي سعيد المقبري عن أبي هريرة أنه كان يقول غسل يوم الجمعة واجب على كل محتلم كغسل الجنابة.",
        "note": "",
        "grade_id": 1,
        "grade": "নির্ণীত নয়",
        "grade_color": "#F0AD4E"
      },
      {
        "id": 49642,
        "book_id": 7,
        "book_name": "মুয়াত্তা ইমাম মালিক",
        "chapter_id": 5,
        "section_id": 1,
        "hadith_key": "মুয়াত্তা ইমাম মালিক: ২২১",
        "hadith_id": 221,
        "narrator": "সালিম ইবনু আবদুল্লাহ (র)",
        "bn": "রসূলুল্লাহ সল্লাল্লাহু আলাইহি ওয়াসাল্লাম-এর সাহাবীগণের একজন (সাহাবী) জুম’আর দিন মসজিদে প্রবেশ করলেন, উমার (রা:) খুতবা প্রদান করছিলেন। তিনি [উমার (রাঃ)] বললেন, এটা কোন সময়? উত্তরে তিনি (প্রবেশকারী সাহাবী) বললেন, হে আমিরুল মু’মিনীন, আমি বাজার হতে ফিরেছি, (ফেরার পূর্বেই) আযান শুনলাম। অতঃপর কেবল ওযূ করেছি। (এটা শুনে) উমার (রাঃ) বললেন, আপনি শুধু ওযূ করেন? অথচ অবগত আছেন যে, রসূলুল্লাহ সল্লাল্লাহু আলাইহি ওয়াসাল্লাম গোসলের হুকুম করতেন! (বুখারী ৮৭৮, মুসলিম ৮৪৫)",
        "ar": "و حَدَّثَنِي عَنْ مَالِك عَنْ ابْنِ شِهَابٍ عَنْ سَالِمِ بْنِ عَبْدِ اللهِ أَنَّهُ قَالَ دَخَلَ رَجُلٌ مِنْ أَصْحَابِ رَسُولِ اللهِ صَلَّى اللهُ عَلَيْهِ وَسَلَّمَ الْمَسْجِدَ يَوْمَ الْجُمُعَةِ وَعُمَرُ بْنُ الْخَطَّابِ يَخْطُبُ فَقَالَ عُمَرُ أَيَّةُ سَاعَةٍ هَذِهِ فَقَالَ يَا أَمِيرَ الْمُؤْمِنِينَ انْقَلَبْتُ مِنْ السُّوقِ فَسَمِعْتُ النِّدَاءَ فَمَا زِدْتُ عَلَى أَنْ تَوَضَّأْتُ فَقَالَ عُمَرُ وَالْوُضُوءَ أَيْضًا وَقَدْ عَلِمْتَ أَنَّ رَسُولَ اللهِ صَلَّى اللهُ عَلَيْهِ وَسَلَّمَ كَانَ يَأْمُرُ بِالْغُسْلِ.",
        "ar_diacless": "و حدثني عن مالك عن ابن شهاب عن سالم بن عبد الله أنه قال دخل رجل من أصحاب رسول الله صلى الله عليه وسلم المسجد يوم الجمعة وعمر بن الخطاب يخطب فقال عمر أية ساعة هذه فقال يا أمير المؤمنين انقلبت من السوق فسمعت النداء فما زدت على أن توضأت فقال عمر والوضوء أيضا وقد علمت أن رسول الله صلى الله عليه وسلم كان يأمر بالغسل.",
        "note": "",
        "grade_id": 2,
        "grade": "সহিহ হাদিস",
        "grade_color": "#46B891"
      },
      {
        "id": 49640,
        "book_id": 7,
        "book_name": "মুয়াত্তা ইমাম মালিক",
        "chapter_id": 5,
        "section_id": 1,
        "hadith_key": "মুয়াত্তা ইমাম মালিক: ২২২",
        "hadith_id": 222,
        "narrator": "আবূ সাঈদ খুদরী (রাঃ)",
        "bn": "রসূলুল্লাহ সল্লাল্লাহু আলাইহি ওয়াসাল্লাম বলেছেন, জুম’আর দিনের গোসল প্রত্যেক সাবালক ব্যক্তির উপর ওয়াজিব। (বুখারী ৮৭৯, মুসলিম ৮৪৬)",
        "ar": "و حَدَّثَنِي عَنْ مَالِك عَنْ صَفْوَانَ بْنِ سُلَيْمٍ عَنْ عَطَاءِ بْنِ يَسَارٍ عَنْ أَبِي سَعِيدٍ الْخُدْرِيِّ أَنَّ رَسُولَ اللهِ صَلَّى اللهُ عَلَيْهِ وَسَلَّمَ قَالَ غُسْلُ يَوْمِ الْجُمُعَةِ وَاجِبٌ عَلَى كُلِّ مُحْتَلِمٍ.",
        "ar_diacless": "و حدثني عن مالك عن صفوان بن سليم عن عطاء بن يسار عن أبي سعيد الخدري أن رسول الله صلى الله عليه وسلم قال غسل يوم الجمعة واجب على كل محتلم.",
        "note": "",
        "grade_id": 2,
        "grade": "সহিহ হাদিস",
        "grade_color": "#46B891"
      },
      {
        "id": 49643,
        "book_id": 7,
        "book_name": "মুয়াত্তা ইমাম মালিক",
        "chapter_id": 5,
        "section_id": 1,
        "hadith_key": "মুয়াত্তা ইমাম মালিক: ২২৩",
        "hadith_id": 223,
        "narrator": "আবদুল্লাহ ইবনু উমার (রাঃ)",
        "bn": "রসূলুল্লাহ সল্লাল্লাহু আলাইহি ওয়াসাল্লাম বলেছেন, তোমাদের কেউ জুম’আর নামাযে আসতে ইচ্ছা করলে সে অবশ্য গোসল করবে। (বুখারী ৮৭৭, মুসলিম ৮৪৪)\nমালিক (র) বলেছেন, জুম’আর দিন যে ব্যক্তি দিনের প্রারম্ভে গোসল করেছে, সে ঐ গোসলে জুম’আর গোসলের নিয়ত করেছে, তাঁর জন্য সেই গোসল জুম’আর জন্য যথেষ্ট হবে না যদি না সে জুম’আয় যাওয়ার জন্য পুনরায় গোসল করে; কারণ ইবনু উমার (রা)-এর হাদীসে বর্ণিত আছে যে, রসূলুল্লাহ সল্লাল্লাহু আলাইহি ওয়াসাল্লাম বলেছেন, তোমাদের কেউ জুম’আয় আসার ইচ্ছা করলে সে অবশ্যই গোসল করবে।",
        "ar": "و حَدَّثَنِي عَنْ مَالِك عَنْ نَافِعٍ عَنْ ابْنِ عُمَرَ أَنَّ رَسُولَ اللهِ صَلَّى اللهُ عَلَيْهِ وَسَلَّمَ قَالَ إِذَا جَاءَ أَحَدُكُمْ الْجُمُعَةَ فَلْيَغْتَسِلْ ৩৩৯قَالَ مَالِك مَنْ اغْتَسَلَ يَوْمَ الْجُمُعَةِ أَوَّلَ نَهَارِهِ وَهُوَ يُرِيدُ بِذَلِكَ غُسْلَ الْجُمُعَةِ فَإِنَّ ذَلِكَ الْغُسْلَ لَا يَجْزِي عَنْهُ حَتَّى يَغْتَسِلَ لِرَوَاحِهِ وَذَلِكَ أَنَّ رَسُولَ اللهِ صَلَّى اللهُ عَلَيْهِ وَسَلَّمَ قَالَ فِي حَدِيثِ ابْنِ عُمَرَ إِذَا جَاءَ أَحَدُكُمْ الْجُمُعَةَ فَلْيَغْتَسِلْ ৩৪-قَالَ مَالِك وَمَنْ اغْتَسَلَ يَوْمَ الْجُمُعَةِ مُعَجِّلًا أَوْ مُؤَخِّرًا وَهُوَ يَنْوِي بِذَلِكَ غُسْلَ الْجُمُعَةِ فَأَصَابَهُ مَا يَنْقُضُ وُضُوءَهُ فَلَيْسَ عَلَيْهِ إِلَّا الْوُضُوءُ وَغُسْلُهُ ذَلِكَ مُجْزِئٌ عَنْهُ.",
        "ar_diacless": "و حدثني عن مالك عن نافع عن ابن عمر أن رسول الله صلى الله عليه وسلم قال إذا جاء أحدكم الجمعة فليغتسل ৩৩৯قال مالك من اغتسل يوم الجمعة أول نهاره وهو يريد بذلك غسل الجمعة فإن ذلك الغسل لا يجزي عنه حتى يغتسل لرواحه وذلك أن رسول الله صلى الله عليه وسلم قال في حديث ابن عمر إذا جاء أحدكم الجمعة فليغتسل ৩৪-قال مالك ومن اغتسل يوم الجمعة معجلا أو مؤخرا وهو ينوي بذلك غسل الجمعة فأصابه ما ينقض وضوءه فليس عليه إلا الوضوء وغسله ذلك مجزئ عنه.",
        "note": "",
        "grade_id": 2,
        "grade": "সহিহ হাদিস",
        "grade_color": "#46B891"
      }
    ]
  },
  {
    "id": 18149,
    "book_id": 7,
    "book_name": "muwatta-malik",
    "chapter_id": 5,
    "section_id": 2,
    "title": "জুম’আ দিবসে ইমামের খুতবা পাঠ করার সময় চুপ থাকার বিষয়ে যা বর্ণিত হয়েছে",
    "preface": "",
    "number": "পরিচ্ছেদঃ ২",
    "sort_order": 2,
    "hadiths": [
      {
        "id": 49651,
        "book_id": 7,
        "book_name": "মুয়াত্তা ইমাম মালিক",
        "chapter_id": 5,
        "section_id": 2,
        "hadith_key": "মুয়াত্তা ইমাম মালিক: ২২৪",
        "hadith_id": 224,
        "narrator": "আবূ হুরাইরা (রাঃ)",
        "bn": "রসূলুল্লাহ সল্লাল্লাহু আলাইহি ওয়াসাল্লাম বলেছেন  জুম’আর দিন ইমাম যখন খুতবা প্রদান করেন, তুমি তোমার সাথীকে (পার্শ্ববর্তী লোক) যদি বল, ‘চুপ থাকুন!’ তবে তুমি অলাভজনক কথা বললে। (বুখারী ৯৩৪, মুসলিম ৮৫১)",
        "ar": "حَدَّثَنِي يَحْيَى عَنْ مَالِك عَنْ أَبِي الزِّنَادِ عَنْ الْأَعْرَجِ عَنْ أَبِي هُرَيْرَةَ أَنَّ رَسُولَ اللهِ صَلَّى اللهُ عَلَيْهِ وَسَلَّمَ قَالَ إِذَا قُلْتَ لِصَاحِبِكَ أَنْصِتْ وَالْإِمَامُ يَخْطُبُ يَوْمَ الْجُمُعَةِ فَقَدْ لَغَوْتَ.",
        "ar_diacless": "حدثني يحيى عن مالك عن أبي الزناد عن الأعرج عن أبي هريرة أن رسول الله صلى الله عليه وسلم قال إذا قلت لصاحبك أنصت والإمام يخطب يوم الجمعة فقد لغوت.",
        "note": "",
        "grade_id": 2,
        "grade": "সহিহ হাদিস",
        "grade_color": "#46B891"
      },
      {
        "id": 49653,
        "book_id": 7,
        "book_name": "মুয়াত্তা ইমাম মালিক",
        "chapter_id": 5,
        "section_id": 2,
        "hadith_key": "মুয়াত্তা ইমাম মালিক: ২২৫",
        "hadith_id": 225,
        "narrator": "ইবনু শিহাব (র)",
        "bn": "তিনি (সা’লাবা) তাঁর নিকট বর্ণনা করেন যে, উমার ইবনু খাত্তাব (রাঃ)-এর খিলাফতকালে জুম’আর দিন তাঁরা উমার ইবনু খাত্তাব (রাঃ) আগমন করা পর্যন্ত নামায আদায় করতেন। উমার (রাঃ) আগমন করতেন এবং মিম্বরে বসতেন এবং মুয়াযযিনগণ আযান দিতেন। সা’লাবা (র) বলেছেন, আমরা তখনও পরস্পর কথাবার্তা বলতাম, মুয়াযযিনগণ যখন আযান শেষ করতেন এবং উমার (রাঃ) খুতবা পাঠ করার জন্য দাঁড়াতেন, তখন আমরা চুপ হয়ে যেতাম। অতঃপর পরে কেউ কোন কথা বলত না। ইবনু শিহাব (র) বলেছেন, (এতে বোঝা গেল) ইমামের আগমন নামাযকে নিষিদ্ধ করে দেয় এবং তাঁর কালাম (খুতবা) কথাবার্তাকে নিষিদ্ধ করে দেয়। (হাদীসটি ইমাম মালিক (রঃ) একক ভাবে বর্ণনা করেছেন)",
        "ar": "و حَدَّثَنِي عَنْ مَالِك عَنْ ابْنِ شِهَابٍ عَنْ ثَعْلَبَةَ بْنِ أَبِي مَالِكٍ الْقُرَظِيِّ أَنَّهُ أَخْبَرَهُ أَنَّهُمْ كَانُوا فِي زَمَانِ عُمَرَ بْنِ الْخَطَّابِ يُصَلُّونَ يَوْمَ الْجُمُعَةِ حَتَّى يَخْرُجَ عُمَرُ فَإِذَا خَرَجَ عُمَرُ وَجَلَسَ عَلَى الْمِنْبَرِ وَأَذَّنَ الْمُؤَذِّنُونَ قَالَ ثَعْلَبَةُ جَلَسْنَا نَتَحَدَّثُ فَإِذَا سَكَتَ الْمُؤَذِّنُونَ وَقَامَ عُمَرُ يَخْطُبُ أَنْصَتْنَا فَلَمْ يَتَكَلَّمْ مِنَّا أَحَدٌ ৩৪৪-قَالَ ابْنُ شِهَابٍ فَخُرُوجُ الْإِمَامِ يَقْطَعُ الصَّلَاةَ وَكَلَامُهُ يَقْطَعُ الْكَلَامَ.",
        "ar_diacless": "و حدثني عن مالك عن ابن شهاب عن ثعلبة بن أبي مالك القرظي أنه أخبره أنهم كانوا في زمان عمر بن الخطاب يصلون يوم الجمعة حتى يخرج عمر فإذا خرج عمر وجلس على المنبر وأذن المؤذنون قال ثعلبة جلسنا نتحدث فإذا سكت المؤذنون وقام عمر يخطب أنصتنا فلم يتكلم منا أحد ৩৪৪-قال ابن شهاب فخروج الإمام يقطع الصلاة وكلامه يقطع الكلام.",
        "note": "",
        "grade_id": 1,
        "grade": "নির্ণীত নয়",
        "grade_color": "#F0AD4E"
      },
      {
        "id": 49654,
        "book_id": 7,
        "book_name": "মুয়াত্তা ইমাম মালিক",
        "chapter_id": 5,
        "section_id": 2,
        "hadith_key": "মুয়াত্তা ইমাম মালিক: ২২৬",
        "hadith_id": 226,
        "narrator": "মালিক ইবনু আবি ‘আমীর (র)",
        "bn": "উসমান ইবনু আফফান (রাঃ) তাঁর খুতবায় বলতেন এবং তিনি যখনই খুতবা দিতেন, তখন প্রায় এটা বলতেন, জুম’আর দিন ইমাম খুতবার উদ্দেশ্যে যখন দাঁড়ান, তখন তোমরা মনোযোগী হয়ে শুনবে এবং নীরব থাকবে। কেননা খুতবা শুনতে না পেয়েও যিনি নীরব রয়েছেন তাঁর জন্য সওয়াব হবে শুনতে পেয়ে নীরবতা অবলম্বনকারীর সমান।’ অতঃপর যখন নামাযের ইকামত বলা হয়, কাতার বরাবর করে নাও এবং কাঁধে কাঁধ মিলিয়ে নাও। কেননা কাতার বরাবর করা নামাযের পূর্ণতার অংশবিশেষ। তারপর যতক্ষণ কাতার সোজা করার জন্য নিযুক্ত লোকজন এসে ‘সফ’ সোজা হয়েছে বলে সংবাদ না দিতেন, ততক্ষণ তিনি (নামাযের) তাকবীর বলতেন না। (হাদীসটি ইমাম মালিক (রঃ) একক ভাবে বর্ণনা করেছেন)",
        "ar": "و حَدَّثَنِي عَنْ مَالِك عَنْ أَبِي النَّضْرِ مَوْلَى عُمَرَ بْنِ عُبَيْدِ اللهِ عَنْ مَالِكِ بْنِ أَبِي عَامِرٍ أَنَّ عُثْمَانَ بْنَ عَفَّانَ كَانَ يَقُولُ فِي خُطْبَتِهِ قَلَّ مَا يَدَعُ ذَلِكَ إِذَا خَطَبَ إِذَا قَامَ الْإِمَامُ يَخْطُبُ يَوْمَ الْجُمُعَةِ فَاسْتَمِعُوا وَأَنْصِتُوا فَإِنَّ لِلْمُنْصِتِ الَّذِي لَا يَسْمَعُ مِنْ الْحَظِّ مِثْلَ مَا لِلْمُنْصِتِ السَّامِعِ فَإِذَا قَامَتْ الصَّلَاةُ فَاعْدِلُوا الصُّفُوفَ وَحَاذُوا بِالْمَنَاكِبِ فَإِنَّ اعْتِدَالَ الصُّفُوفِ مِنْ تَمَامِ الصَّلَاةِ ثُمَّ لَا يُكَبِّرُ حَتَّى يَأْتِيَهُ رِجَالٌ قَدْ وَكَّلَهُمْ بِتَسْوِيَةِ الصُّفُوفِ فَيُخْبِرُونَهُ أَنْ قَدْ اسْتَوَتْ فَيُكَبِّرُ.",
        "ar_diacless": "و حدثني عن مالك عن أبي النضر مولى عمر بن عبيد الله عن مالك بن أبي عامر أن عثمان بن عفان كان يقول في خطبته قل ما يدع ذلك إذا خطب إذا قام الإمام يخطب يوم الجمعة فاستمعوا وأنصتوا فإن للمنصت الذي لا يسمع من الحظ مثل ما للمنصت السامع فإذا قامت الصلاة فاعدلوا الصفوف وحاذوا بالمناكب فإن اعتدال الصفوف من تمام الصلاة ثم لا يكبر حتى يأتيه رجال قد وكلهم بتسوية الصفوف فيخبرونه أن قد استوت فيكبر.",
        "note": "",
        "grade_id": 1,
        "grade": "নির্ণীত নয়",
        "grade_color": "#F0AD4E"
      },
      {
        "id": 49652,
        "book_id": 7,
        "book_name": "মুয়াত্তা ইমাম মালিক",
        "chapter_id": 5,
        "section_id": 2,
        "hadith_key": "মুয়াত্তা ইমাম মালিক: ২২৭",
        "hadith_id": 227,
        "narrator": "নাফি’ (র)",
        "bn": "আবদুল্লাহ ইবনু উমার (রাঃ) দুই ব্যক্তিকে আলাপরত দেখলেন, তখন জুম’আর দিন এবং ইমাম খুতবা প্রদান করতেছিলেন। এটা দেখে তিনি দু’জনের দিকে কাঁকর নিক্ষেপ করলেন, এই মর্মে তোমরা চুপ হয়ে যাও। (হাদীসটি ইমাম মালিক (রঃ) একক ভাবে বর্ণনা করেছেন)",
        "ar": "و حَدَّثَنِي عَنْ مَالِك عَنْ نَافِعٍ أَنَّ عَبْدَ اللهِ بْنَ عُمَرَ رَأَى رَجُلَيْنِ يَتَحَدَّثَانِ وَالْإِمَامُ يَخْطُبُ يَوْمَ الْجُمُعَةِ فَحَصَبَهُمَا أَنْ اصْمُتَا.",
        "ar_diacless": "و حدثني عن مالك عن نافع أن عبد الله بن عمر رأى رجلين يتحدثان والإمام يخطب يوم الجمعة فحصبهما أن اصمتا.",
        "note": "",
        "grade_id": 1,
        "grade": "নির্ণীত নয়",
        "grade_color": "#F0AD4E"
      },
      {
        "id": 49655,
        "book_id": 7,
        "book_name": "মুয়াত্তা ইমাম মালিক",
        "chapter_id": 5,
        "section_id": 2,
        "hadith_key": "মুয়াত্তা ইমাম মালিক: ২২৮",
        "hadith_id": 228,
        "narrator": "মালিক (র)-",
        "bn": "একবার) জুম’আর দিন এক ব্যক্তি হাঁচি দিয়েছে, তখন ইমাম খুতবা পড়ছিলেন, তাঁর পাশ্ববর্তী এক ব্যক্তি হাঁচির উত্তরে ‘ইয়ারহামুকুল্লাহ’ বলল, তখন সাঈদ ইবনু মুসায়্যাব (র) এর কারণ জিজ্ঞেস করলেন। অতঃপর তাকে নিষেধ করলেন এবং ভবিষ্যতে এইরূপ না করার জন্য বলে দিলেন। (হাদীসটি ইমাম মালিক (র) একক ভাবে বর্ণনা করেছেন)\nমালিক (র) বলেন, জুম’আর দিন (তাকবীর বলার পূর্বে) যখন ইমাম মিম্বর হতে অবতরণ করেন, তখন কথা বলা সম্পর্কে তিনি ইবনু শিহাব (র)-কে প্রশ্ন করলেন, (উত্তরে) ইবনু শিহাব (র) বললেন, এতে কোন দোষ নেই। (হাদীসটি ইমাম মালিক (র) একক ভাবে বর্ণনা করেছেন)",
        "ar": "و حَدَّثَنِي عَنْ مَالِك أَنَّهُ بَلَغَهُ أَنَّ رَجُلًا عَطَسَ يَوْمَ الْجُمُعَةِ وَالْإِمَامُ يَخْطُبُ فَشَمَّتَهُ إِنْسَانٌ إِلَى جَنْبِهِ فَسَأَلَ عَنْ ذَلِكَ سَعِيدَ بْنَ الْمُسَيَّبِ فَنَهَاهُ عَنْ ذَلِكَ وَقَالَ لَا تَعُدْ ১১و حَدَّثَنِي عَنْ مَالِك أَنَّهُ سَأَلَ ابْنَ شِهَابٍ عَنْ الْكَلَامِ يَوْمَ الْجُمُعَةِ إِذَا نَزَلَ الْإِمَامُ عَنْ الْمِنْبَرِ قَبْلَ أَنْ يُكَبِّرَ فَقَالَ ابْنُ شِهَابٍ لَا بَأْسَ بِذَلِكَ.",
        "ar_diacless": "و حدثني عن مالك أنه بلغه أن رجلا عطس يوم الجمعة والإمام يخطب فشمته إنسان إلى جنبه فسأل عن ذلك سعيد بن المسيب فنهاه عن ذلك وقال لا تعد ১১و حدثني عن مالك أنه سأل ابن شهاب عن الكلام يوم الجمعة إذا نزل الإمام عن المنبر قبل أن يكبر فقال ابن شهاب لا بأس بذلك.",
        "note": "",
        "grade_id": 1,
        "grade": "নির্ণীত নয়",
        "grade_color": "#F0AD4E"
      }
    ]
  },
  {
    "id": 18150,
    "book_id": 7,
    "book_name": "muwatta-malik",
    "chapter_id": 5,
    "section_id": 3,
    "title": "যে ব্যক্তি জুম’আর দিনে এক রাক’আত পায় তার কি করা কর্তব্য",
    "preface": "",
    "number": "পরিচ্ছেদঃ ৩",
    "sort_order": 3,
    "hadiths": [
      {
        "id": 49656,
        "book_id": 7,
        "book_name": "মুয়াত্তা ইমাম মালিক",
        "chapter_id": 5,
        "section_id": 3,
        "hadith_key": "মুয়াত্তা ইমাম মালিক: ২২৯",
        "hadith_id": 229,
        "narrator": "মালিক (র)",
        "bn": "ইবনু শিহাব (র) বললেন, যে ব্যক্তি জুম’আর নামায এক রাক’আত পেল, সে উক্ত রাক’আতের সাথে আর এক রাক’আত মিলিয়ে নিবে। মালিক (র) বলেন, ইবনু শিহাব (র) বলেছেন, এইরূপ করাই সুন্নত। (হাদীসটি ইমাম মালিক (রঃ) একক ভাবে বর্ণনা করেছেন, তবে ======= অংশ ইমাম বুখারী বর্ণনা করেছেন ৫৮০, মুসলিম ৬০৭)\nইয়াহইয়া (র) বলেন  মালিক (র) বলেছেন আমি আমাদের শহরের (অর্থাৎ মদীনা মুনাওয়ারাহ্) উলামাদের অভিমতও অনুরূপ পেয়েছি; তা এই রসূলুল্লাহ সল্লাল্লাহু আলাইহি ওয়াসাল্লাম বলেছেন  যে ব্যক্তি নামাযের এক রাক‘আত পেয়েছে, সে (পূর্ণ) নামায পেয়েছে।\nইয়াহইয়া (র) বলেন, মালিক (র) বলেছেন, যে ব্যক্তি জুম’আর দিন অত্যাধিক ভিড়ের সম্মুখীন হয় এবং রুকূ করে, অতঃপর ইমাম (সিজদা হতে) দাঁড়ানোর পর অথবা নামায সমাপ্ত করার পর সিজদা করতে সক্ষম হয়, তার হুকুম হল সে যদি সিজদা করতে সক্ষম হয় তবে সিজদা করার পর মুসল্লিগণ দাঁড়িয়ে গেলে তখন সে সিজদা করবে, আর যদি ইমাম কর্তৃক নামায শেষ করার পূর্বে সে সিজদা করতে না পারে, তবে আমার মতে যোহরের চার রাক’আত আরম্ভ করাই তার পক্ষে শ্রেয়।",
        "ar": "حَدَّثَنِي يَحْيَى عَنْ مَالِك عَنْ ابْنِ شِهَابٍ أَنَّهُ كَانَ يَقُولُ مَنْ أَدْرَكَ مِنْ صَلَاةِ الْجُمُعَةِ رَكْعَةً فَلْيُصَلِّ إِلَيْهَا أُخْرَى قَالَ ابْنُ شِهَابٍ وَهِيَ السُّنَّةُ قَالَ مَالِك وَعَلَى ذَلِكَ أَدْرَكْتُ أَهْلَ الْعِلْمِ بِبَلَدِنَا وَذَلِكَ أَنَّ رَسُولَ اللهِ صَلَّى اللهُ عَلَيْهِ وَسَلَّمَ قَالَ مَنْ أَدْرَكَ مِنْ الصَّلَاةِ رَكْعَةً فَقَدْ أَدْرَكَ الصَّلَاةَ ৩৫১قَالَ مَالِك فِي الَّذِي يُصِيبُهُ زِحَامٌ يَوْمَ الْجُمُعَةِ فَيَرْكَعُ وَلَا يَقْدِرُ عَلَى أَنْ يَسْجُدَ حَتَّى يَقُومَ الْإِمَامُ أَوْ يَفْرُغَ الْإِمَامُ مِنْ صَلَاتِهِ أَنَّهُ إِنْ قَدَرَ عَلَى أَنْ يَسْجُدَ إِنْ كَانَ قَدْ رَكَعَ فَلْيَسْجُدْ إِذَا قَامَ النَّاسُ وَإِنْ لَمْ يَقْدِرْ عَلَى أَنْ يَسْجُدَ حَتَّى يَفْرُغَ الْإِمَامُ مِنْ صَلَاتِهِ فَإِنَّهُ أَحَبُّ إِلَيَّ أَنْ يَبْتَدِئَ صَلَاتَهُ ظُهْرًا أَرْبَعًا.",
        "ar_diacless": "حدثني يحيى عن مالك عن ابن شهاب أنه كان يقول من أدرك من صلاة الجمعة ركعة فليصل إليها أخرى قال ابن شهاب وهي السنة قال مالك وعلى ذلك أدركت أهل العلم ببلدنا وذلك أن رسول الله صلى الله عليه وسلم قال من أدرك من الصلاة ركعة فقد أدرك الصلاة ৩৫১قال مالك في الذي يصيبه زحام يوم الجمعة فيركع ولا يقدر على أن يسجد حتى يقوم الإمام أو يفرغ الإمام من صلاته أنه إن قدر على أن يسجد إن كان قد ركع فليسجد إذا قام الناس وإن لم يقدر على أن يسجد حتى يفرغ الإمام من صلاته فإنه أحب إلي أن يبتدئ صلاته ظهرا أربعا.",
        "note": "",
        "grade_id": 2,
        "grade": "সহিহ হাদিস",
        "grade_color": "#46B891"
      }
    ]
  },
  {
    "id": 18151,
    "book_id": 7,
    "book_name": "muwatta-malik",
    "chapter_id": 5,
    "section_id": 4,
    "title": "জুম’আর দিনে যার নকসীর হয় তার সম্পর্কে যা বর্ণিত হয়েছে",
    "preface": "",
    "number": "পরিচ্ছেদঃ ৪",
    "sort_order": 4,
    "hadiths": [
      {
        "id": 49657,
        "book_id": 7,
        "book_name": "মুয়াত্তা ইমাম মালিক",
        "chapter_id": 5,
        "section_id": 4,
        "hadith_key": "মুয়াত্তা ইমাম মালিক: ২৩০",
        "hadith_id": 230,
        "narrator": "ইয়াহইয়া (র)",
        "bn": "জুম’আর দিন ইমামের খুতবা প্রদানের সময় যার ‘নকসীর’ [১]  হয়েছে, তারপর সে (মসজিদ হতে) বের হয়ে গিয়েছে এবং সে ফিরে এসেছে এমন সময় যখন ইমাম নামায সমাপ্ত করেন, তবে সে চার রাক’আত আদায় করবে।\nইয়াহইয়া (র) বলেন, মালিক (র) বলেছেন, যে ব্যক্তি জুম’আর দিন ইমামের সাথে এক রাক’আত আদায় করে, তারপর তার নকসীর হয়, (সে কারণে) সে বের হয়ে যায়, অতঃপর ইমাম কর্তৃক দু’ রাক’আত সমাপ্ত করার পর সে ফিরে আসে তবে সে ব্যক্তি আর এক রাক’আত আদায় করে নেবে, যদি কোন কথা না বলে থাকে।\nইয়াহইয়া (র) বলেন, মালিক (র) বলেছেন, যার নকসীর হয়েছে অথবা মসজিদ হতে বের হওয়ার জন্য কোন কারণ উপস্থিত হয়েছে, তবে তাকে বের হওয়ার জন্য ইমামের অনুমতি গ্রহণ করতে হবে না।",
        "ar": "قَالَ مَالِك مَنْ رَعَفَ يَوْمَ الْجُمُعَةِ وَالْإِمَامُ يَخْطُبُ فَخَرَجَ فَلَمْ يَرْجِعْ حَتَّى فَرَغَ الْإِمَامُ مِنْ صَلَاتِهِ فَإِنَّهُ يُصَلِّي أَرْبَعًا ৩৫৪قَالَ مَالِك فِي الَّذِي يَرْكَعُ رَكْعَةً مَعَ الْإِمَامِ يَوْمَ الْجُمُعَةِ ثُمَّ يَرْعُفُ فَيَخْرُجُ فَيَأْتِي وَقَدْ صَلَّى الْإِمَامُ الرَّكْعَتَيْنِ كِلْتَيْهِمَا أَنَّهُ يَبْنِي بِرَكْعَةٍ أُخْرَى مَا لَمْ يَتَكَلَّمْ ৩৫৫قَالَ مَالِك لَيْسَ عَلَى مَنْ رَعَفَ أَوْ أَصَابَهُ أَمْرٌ لَا بُدَّ لَهُ مِنْ الْخُرُوجِ أَنْ يَسْتَأْذِنَ الْإِمَامَ يَوْمَ الْجُمُعَةِ إِذَا أَرَادَ أَنْ يَخْرُجَ.",
        "ar_diacless": "قال مالك من رعف يوم الجمعة والإمام يخطب فخرج فلم يرجع حتى فرغ الإمام من صلاته فإنه يصلي أربعا ৩৫৪قال مالك في الذي يركع ركعة مع الإمام يوم الجمعة ثم يرعف فيخرج فيأتي وقد صلى الإمام الركعتين كلتيهما أنه يبني بركعة أخرى ما لم يتكلم ৩৫৫قال مالك ليس على من رعف أو أصابه أمر لا بد له من الخروج أن يستأذن الإمام يوم الجمعة إذا أراد أن يخرج.",
        "note": "[১] গরমের প্রকোপ বা অন্য কোন কারণে নাক দিয়ে যে রক্ত প্রবাহিত হয়, তাকে নকসীর বলা হয়।",
        "grade_id": 1,
        "grade": "নির্ণীত নয়",
        "grade_color": "#F0AD4E"
      }
    ]
  },
  {
    "id": 18152,
    "book_id": 7,
    "book_name": "muwatta-malik",
    "chapter_id": 5,
    "section_id": 5,
    "title": "জুম’আর দিন ‘সা’ঈ’ বা চেষ্টা করা সম্পর্কে যা বর্ণিত হয়েছে",
    "preface": "",
    "number": "পরিচ্ছেদঃ ৫",
    "sort_order": 5,
    "hadiths": [
      {
        "id": 49658,
        "book_id": 7,
        "book_name": "মুয়াত্তা ইমাম মালিক",
        "chapter_id": 5,
        "section_id": 5,
        "hadith_key": "মুয়াত্তা ইমাম মালিক: ২৩১",
        "hadith_id": 231,
        "narrator": "মালিক (র)",
        "bn": "তিনি ইবনু শিহাব (র)-কে আল্লাহ তা‘আলার এই বাণী সম্পর্কে প্রশ্ন করেন,\nيَايَهُّا الَّذِيْنَ اٰمَنُوا اِذَا نُو دِىَ لِلصَّلوٰةِ مِنْ يَوْمِ الْجُمُعَةِ قَاسْعَوْ   اِلَى ذِكْرِ الله .\n‘হে মু’মিনগণ। জুম’আর দিনে যখন সালাতের জন্য আহ্বান করা হয় তখন তোমরা আল্লাহর স্মরণে ধাবিত হও। (৬২/৯)\nজবাবে ইবনু শিহাব (র) বলেছেন, উমার ইবনু খাত্তাব (রাঃ) উক্ত আয়াতকে এইরূপ পড়তেন,\nإِذَا نُودِيَ لِلصَّلَاةِ مِنْ يَوْمِ الْجُمُعَةِ فَامْضُوا إِلَى ذِكْرِ اللهِ.\n‘যখন জুম’আর নামাযের আযান দেওয়া হয় তখন খুতবা ও নামাযের জন্য গমন কর।’ (হাদীসটি ইমাম মালিক এককভাবে বর্ণনা করেছেন তবে সনদে উল্লেখিত রাবী ইবনু শিহাব ইবনু ওমরের সাথে সাক্ষাত হয়নি)\n\t\nইয়াহইয়া (র) বলেন, মালিক (র) বলেছেন, কিতাবুল্লাহতে উল্লিখিত ‘সা‘ঈ’-এর অর্থ হল আমল ও কাজ (দৃষ্টান্তস্বরূপ তিনি উল্লেখ করেছেন যেমন) আল্লাহ তা‘আলা ইরশাদ করেন [১] , وَإِذَا تَوَلَّى سَعَى فِي الْأَرْضِ আরও ইরশাদ করা হয়েছে [২] , وَأَمَّا مَنْ جَاءَكَ يَسْعَى وَهُوَ يَخْشَى আরও ইরশাদ করেন,\nثُمَّ أَدْبَرَ يَسْعَى – [৩] ইরশাদ করা হয়েছে [৪]  , إِنَّ سَعْيَكُمْ لَشَتَّى\nইয়াহইয়া (র) বলেন, মালিক (র) বলেছেন, আল্লাহ তা’আলা স্বীয় কিতাবে যে ‘সা’ঈ’ -এর কথা উল্লেখ করেন তা দ্বারা পায়ে দৌড়ান, দ্রুত গমন অথবা হাঁটা উদ্দেশ্য নয়, উদ্দেশ্য হচ্ছে কাজ ও বাস্তবায়ন।",
        "ar": "حَدَّثَنِي يَحْيَى عَنْ مَالِك أَنَّهُ سَأَلَ ابْنَ شِهَابٍ عَنْ قَوْلِ اللهِ عَزَّ وَجَلَّ { يَا أَيُّهَا الَّذِينَ آمَنُوا إِذَا نُودِيَ لِلصَّلَاةِ مِنْ يَوْمِ الْجُمُعَةِ فَاسْعَوْا إِلَى ذِكْرِ اللهِ } فَقَالَ ابْنُ شِهَابٍ كَانَ عُمَرُ بْنُ الْخَطَّابِ يَقْرَؤُهَا إِذَا نُودِيَ لِلصَّلَاةِ مِنْ يَوْمِ الْجُمُعَةِ فَامْضُوا إِلَى ذِكْرِ اللهِ قَالَ مَالِك وَإِنَّمَا السَّعْيُ فِي كِتَابِ اللهِ الْعَمَلُ وَالْفِعْلُ يَقُولُ اللهُ تَبَارَكَ وَتَعَالَى { وَإِذَا تَوَلَّى سَعَى فِي الْأَرْضِ } وَقَالَ تَعَالَى { وَأَمَّا مَنْ جَاءَكَ يَسْعَى وَهُوَ يَخْشَى } وَقَالَ { ثُمَّ أَدْبَرَ يَسْعَى } وَقَالَ { إِنَّ سَعْيَكُمْ لَشَتَّى } قَالَ مَالِك فَلَيْسَ السَّعْيُ الَّذِي ذَكَرَ اللهُ فِي كِتَابِهِ بِالسَّعْيِ عَلَى الْأَقْدَامِ وَلَا الْاشْتِدَادَ وَإِنَّمَا عَنَى الْعَمَلَ وَالْفِعْلَ.",
        "ar_diacless": "حدثني يحيى عن مالك أنه سأل ابن شهاب عن قول الله عز وجل { يا أيها الذين آمنوا إذا نودي للصلاة من يوم الجمعة فاسعوا إلى ذكر الله } فقال ابن شهاب كان عمر بن الخطاب يقرؤها إذا نودي للصلاة من يوم الجمعة فامضوا إلى ذكر الله قال مالك وإنما السعي في كتاب الله العمل والفعل يقول الله تبارك وتعالى { وإذا تولى سعى في الأرض } وقال تعالى { وأما من جاءك يسعى وهو يخشى } وقال { ثم أدبر يسعى } وقال { إن سعيكم لشتى } قال مالك فليس السعي الذي ذكر الله في كتابه بالسعي على الأقدام ولا الاشتداد وإنما عنى العمل والفعل.",
        "note": "[১] যখন সে প্রস্থান করে তখন সে পৃথিবীতে অশান্তি সৃষ্টির এবং শস্যক্ষেত্রে ও জীব-জন্তুর বংশ নিপাতের চেষ্টা করে। (সূরা: আর-বাকারা ২০৫)\n[২] অন্যপক্ষে যে তোমার কাছে ছুটে আসে, আর সে সশংকচিত্ত। (সূরা: আবাসা, ৮, ৯)\n[৩] অতঃপর সে পশ্চাত ফিরে প্রতিবিধানে সচেষ্ট হল। (সূরা: নাযিআত, ২২)\n[৪] অবশ্যই তোমাদের কর্ম-প্রচেষ্টা বিভিন্ন প্রকৃতির। (সূরা: লাইল, ৪)",
        "grade_id": 1,
        "grade": "নির্ণীত নয়",
        "grade_color": "#F0AD4E"
      }
    ]
  },
  {
    "id": 18153,
    "book_id": 7,
    "book_name": "muwatta-malik",
    "chapter_id": 5,
    "section_id": 6,
    "title": "জুম’আর দিন প্রবাসে ইমাম কোন গ্রামে পদার্পণ করলে",
    "preface": "",
    "number": "পরিচ্ছেদঃ ৬",
    "sort_order": 6,
    "hadiths": [
      {
        "id": 49660,
        "book_id": 7,
        "book_name": "মুয়াত্তা ইমাম মালিক",
        "chapter_id": 5,
        "section_id": 6,
        "hadith_key": "মুয়াত্তা ইমাম মালিক: ২৩২",
        "hadith_id": 232,
        "narrator": "মালিক (র)",
        "bn": "ইমাম যদি সফরে এমন কোন লোকালয়ে অবতরণ করেন, যে লোকালয়ের নিবাসীদের উপর জুম’আ ওয়াজিব হয়, তারপর তিনি সেখানে খুতবা প্রদান করেন এবং লোকালয়ের লোকজনকে নিয়ে জুম’আ আদায় করেন, তবে সে জনপদের এবং তাদের বাহিরের লোকজন সে ইমামের সাথে ‘জুম’আ’ আদায় করবে।\nইয়াহইয়া (র) বলেন, মালিক (র) বলেছেন, যদি মুসাফির ইমাম এইরূপ জনপদে জুম’আ কায়েম করেন, যে জনপদে জুম’আ ওয়াজিব নয়, তবে সে ইমাম, উক্ত জনপদের বাসিন্দাগণ এবং তাদের বাহিরের লোকজন যাদের সাথে তিনি জুম’আ আদায় করেছেন, করো ‘জুম’আ আদায় হবে না। সে লোকালয়ের লোকজন এবং অন্যান্যের (মুসল্লিদের) মধ্যে যারা মুসাফির নন তাঁরা তাঁদের নামায পুরা আদায় করবেন।\nইমাম মালিক (র) বলেছেন, মুসাফিরের উপর জুমু‘আ ওয়াজিব নয়।",
        "ar": "قَالَ مَالِك إِذَا نَزَلَ الْإِمَامُ بِقَرْيَةٍ تَجِبُ فِيهَا الْجُمُعَةُ وَالْإِمَامُ مُسَافِرٌ فَخَطَبَ وَجَمَّعَ بِهِمْ فَإِنَّ أَهْلَ تِلْكَ الْقَرْيَةِ وَغَيْرَهُمْ يُجَمِّعُونَ مَعَهُ ৩৬قَالَ مَالِك وَإِنْ جَمَّعَ الْإِمَامُ وَهُوَ مُسَافِرٌ بِقَرْيَةٍ لَا تَجِبُ فِيهَا الْجُمُعَةُ فَلَا جُمُعَةَ لَهُ وَلَا لِأَهْلِ تِلْكَ الْقَرْيَةِ وَلَا لِمَنْ جَمَّعَ مَعَهُمْ مِنْ غَيْرِهِمْ وَلْيُتَمِّمْ أَهْلُ تِلْكَ الْقَرْيَةِ وَغَيْرُهُمْ مِمَّنْ لَيْسَ بِمُسَافِرٍ الصَّلَاةَ ৩৬১قَالَ مَالِك وَلَا جُمُعَةَ عَلَى مُسَافِرٍ.",
        "ar_diacless": "قال مالك إذا نزل الإمام بقرية تجب فيها الجمعة والإمام مسافر فخطب وجمع بهم فإن أهل تلك القرية وغيرهم يجمعون معه ৩৬قال مالك وإن جمع الإمام وهو مسافر بقرية لا تجب فيها الجمعة فلا جمعة له ولا لأهل تلك القرية ولا لمن جمع معهم من غيرهم وليتمم أهل تلك القرية وغيرهم ممن ليس بمسافر الصلاة ৩৬১قال مالك ولا جمعة على مسافر.",
        "note": "",
        "grade_id": 1,
        "grade": "নির্ণীত নয়",
        "grade_color": "#F0AD4E"
      }
    ]
  },
  {
    "id": 18154,
    "book_id": 7,
    "book_name": "muwatta-malik",
    "chapter_id": 5,
    "section_id": 7,
    "title": "জুম’আ দিবসের (দু’আ কবুলিয়াতের) মুহূর্তটির বর্ণনা",
    "preface": "",
    "number": "পরিচ্ছেদঃ ৭",
    "sort_order": 7,
    "hadiths": [
      {
        "id": 49661,
        "book_id": 7,
        "book_name": "মুয়াত্তা ইমাম মালিক",
        "chapter_id": 5,
        "section_id": 7,
        "hadith_key": "মুয়াত্তা ইমাম মালিক: ২৩৩",
        "hadith_id": 233,
        "narrator": "আবূ হুরাইরা (রাঃ)",
        "bn": "রসূলুল্লাহ সল্লাল্লাহু আলাইহি ওয়াসাল্লাম জুম’আ দিবসের উল্লেখ করলেন, (সে প্রসঙ্গে) তিনি বলেছেন, এই দিবসে এমন এক মুহূর্ত রয়েছে কোন মুসলিম বান্দা নামাযে দণ্ডায়মান অবস্থায়, সে মুহূর্তটির সদ্ব্যবহার করলে তখন যদি সে আল্লাহ তা’আলা হতে কোন বস্তুর সওয়াল করে, তবে আল্লাহ তাকে সে বস্তু প্রদান করবেন। অতঃপর রসূলুল্লাহ সল্লাল্লাহু আলাইহি ওয়াসাল্লাম তার হাত দ্বারা ইঙ্গিত করলেন সে সময়টির স্বল্পতা বুঝাবার জন্য। (বুখারী ৯৩৫, মুসলিম ৮৫২)",
        "ar": "حَدَّثَنِي يَحْيَى عَنْ مَالِك عَنْ أَبِي الزِّنَادِ عَنْ الْأَعْرَجِ عَنْ أَبِي هُرَيْرَةَ أَنَّ رَسُولَ اللهِ صَلَّى اللهُ عَلَيْهِ وَسَلَّمَ ذَكَرَ يَوْمَ الْجُمُعَةِ فَقَالَ فِيهِ سَاعَةٌ لَا يُوَافِقُهَا عَبْدٌ مُسْلِمٌ وَهُوَ قَائِمٌ يُصَلِّي يَسْأَلُ اللهَ شَيْئًا إِلَّا أَعْطَاهُ إِيَّاهُ وَأَشَارَ رَسُولُ اللهِ صَلَّى اللهُ عَلَيْهِ وَسَلَّمَ بِيَدِهِ يُقَلِّلُهَا.",
        "ar_diacless": "حدثني يحيى عن مالك عن أبي الزناد عن الأعرج عن أبي هريرة أن رسول الله صلى الله عليه وسلم ذكر يوم الجمعة فقال فيه ساعة لا يوافقها عبد مسلم وهو قائم يصلي يسأل الله شيئا إلا أعطاه إياه وأشار رسول الله صلى الله عليه وسلم بيده يقللها.",
        "note": "",
        "grade_id": 2,
        "grade": "সহিহ হাদিস",
        "grade_color": "#46B891"
      },
      {
        "id": 49662,
        "book_id": 7,
        "book_name": "মুয়াত্তা ইমাম মালিক",
        "chapter_id": 5,
        "section_id": 7,
        "hadith_key": "মুয়াত্তা ইমাম মালিক: ২৩৪",
        "hadith_id": 234,
        "narrator": "আবূ হুরাইরা (রাঃ)",
        "bn": "তিনি বলেছেন, আমি (সিনাই) পর্বতের দিকে গমন করলাম, সেখানে কা’ব আহবার (র)-এর সাথে দেখা করলাম এবং তার সাথে বসলাম। তারপর তিনি ‘তাওরাত’ হতে আমার কাছে বর্ণনা করলেন, আমি তাঁকে রসূলুল্লাহ সল্লাল্লাহু আলাইহি ওয়াসাল্লাম-এর হাদীস বর্ণনা করলাম। আমি তাঁর কাছে যা বর্ণনা করলাম তাতে এটাও ছিল যে, রসূলুল্লাহ সল্লাল্লাহু আলাইহি ওয়াসাল্লাম বলেছেন, দিবসগুলোর (মধ্যে যাতে সূর্যের উদয় হয়) জুম’আর দিনই সর্বোত্তম। সেদিনই আদম (আ)-কে সৃষ্টি করা হয়েছে, সেদিনই তাঁকে (বেহেশত হতে) বের করা হয়েছে, সে দিবসেই তাঁর প্রতি ক্ষমা প্রদর্শন করা হয়েছে, সে দিবসেই তিনি মৃত্যুবরণ করেন এবং সে (জুম’আর) দিনেই কিয়ামত অনুষ্ঠিত হবে। এমন কোন প্রাণী নাই, যে প্রাণী জুম’আর দিন ভোরবেলা হতে সূর্যোদয় পর্যন্ত কিয়ামত সংঘটিত হওয়ার ভয়ে চিৎকার না করে। সে দিবসে একটি মুহূর্ত রয়েছে কোন মুসলিম বান্দা সে মুহূর্তটিতে নামায পড়া অবস্থায় আল্লাহর নিকট কোন বস্তুর প্রার্থনা করলে অবশ্যই তিনি তাকে উহা প্রদান করবেন। কা’ব (র) বললেন, এটা প্রতি বৎসরে একদিন। তখন আমি বললাম  বরং প্রতি জুম’আয়। অতঃপর কা’ব (র) তাওরাত পাঠ করলেন এবং বললেন, রসূলুল্লাহ সল্লাল্লাহু আলাইহি ওয়াসাল্লাম ঠিক বলেছেন। আবূ হুরায়রা (রাঃ) বললেন, আমি অতঃপর বসরায় ইবনু আবি বাসরা গিফারীর সাথে সাক্ষাৎ করলাম। তিনি বলেছেন, কোথা হতে আগমন করলে? (উত্তরে) আমি বললাম  ‘তূর’ হতে। তারপর তিনি বললেন, সেখানে যাওয়ার পূর্বে যদি আমি তোমাকে পেতাম, তবে তোমার যাওয়াই হত না। আমি রসূলুল্লাহ সল্লাল্লাহু আলাইহি ওয়াসাল্লামকে বলতে শুনেছি তিনটি মসজিদ ব্যতীত (অন্য কোন স্থানের জন্য) সওয়ারীর আয়োজন করা যায় না (১) মসজিদুল হারাম, কাবাগৃহ, (২) আমার এই মসজিদ ও (৩) ‘মসজিদ ইলিয়া’ বা বায়তুল মুকাদ্দাস। বর্ণনাকারী সংশয় প্রকাশ করেন (অর্থাৎ তৃতীয়টি) তিনি ইলিয়ার মসজিদ অথবা বায়তুল মুকাদ্দাস বলেছেন (ইলিয়া শহরেই বায়তুল মুকাদ্দাস অবস্থিত)। আবূ হুরায়রা (রাঃ) বলেছেন, অতঃপর আমি আবদুল্লাহ ইবনু সালাম (র)-এর সাথে মিলিত হলাম এবং কা’ব আহবার (র)-এর সাথে আমার বৈঠকের কথা বর্ণনা করলাম, আর জুম‘আর দিন’ সম্পর্কে যে হাদীস তাঁর কাছে বর্ণনা করেছি তাও বললাম। (কথা প্রসঙ্গে) আমি বললাম, কা’ব (র) বলেছেন, এটা (কবুলিয়াতের মুহূর্ত) বৎসরে একদিন। (এটা শুনে) আবদুল্লাহ ইবনু সালাম (রাঃ) বললেন, কা’ব (র) ঠিক বলেন নি। অতঃপর আমি বললাম  কা’ব (র) তাওরাত পাঠ করে বললেন, “হ্যাঁ, উহা প্রতি জুম’আর দিন।” আবদুল্লাহ ইবনু সালাম (রাঃ) বললেন, কা’ব (এইবার) সত্য বলেছেন। আবদুল্লাহ ইবনু সালাম (রাঃ) জিজ্ঞেস করলেন  সে মুহূর্তটি কোন মুহূর্ত তুমি জান কি? আবূ হুরায়রা (রাঃ) বললেন, আমি তাঁকে বললাম  আপনি আমাকে সে মুহূর্তটির কথা বলে দিন। এই বিষয়ে আপনি কৃপণতা করবেন না। অতঃপর আবদুল্লাহ ইবনু সালাম (রাঃ) বললেন, এটা জুম’আর দিনের শেষ সময়। আবূ হুরায়রা (রাঃ) বললেন, আমি বললাম, উহা জুম’আ দিবসের শেষ মুহূর্তে কিভাবে হতে পারে? রসূলুল্লাহ সল্লাল্লাহু আলাইহি ওয়াসাল্লাম বলেছেন, “নামাযের হালতে কোন মুসলিম বান্দা উক্ত মুহূর্তের সাক্ষাৎ লাভ করলে...।” অথচ দিবসের শেষ মুহূর্তে নামায পড়া যায় না। তারপর আবদুল্লাহ ইবনু সালাম (রাঃ) বললেন, রসূলুল্লাহ সল্লাল্লাহু আলাইহি ওয়াসাল্লাম কি বলেন নি, যে ব্যক্তি কোন স্থানে বসে নামাযের অপেক্ষা করবে সে যেমন নামাযেই রয়েছে, যতক্ষণ সে নামায সমাপ্ত না করে? আবূ হুরায়রা (রাঃ) বলেন, আমি বললাম, হ্যাঁ। তিনি বললেন, তবে এটা তাই। (সহীহ, আবূ দাঊদ ১০৪৬, তিরমিযী ৪৯১, নাসাঈ ১৪৩০, আল্লামা আলবানী হাদীসটিকে সহীহ বলেছেন, মিশকাত ১৩৫৯)",
        "ar": "و حَدَّثَنِي عَنْ مَالِك عَنْ يَزِيدَ بْنِ عَبْدِ اللهِ بْنِ الْهَادِ عَنْ مُحَمَّدِ بْنِ إِبْرَاهِيمَ بْنِ الْحَارِثِ التَّيْمِيِّ عَنْ أَبِي سَلَمَةَ بْنِ عَبْدِ الرَّحْمَنِ بْنِ عَوْفٍ عَنْ أَبِي هُرَيْرَةَ أَنَّهُ قَالَ، خَرَجْتُ إِلَى الطُّورِ فَلَقِيتُ كَعْبَ الْأَحْبَارِ فَجَلَسْتُ مَعَهُ فَحَدَّثَنِي عَنْ التَّوْرَاةِ وَحَدَّثْتُهُ عَنْ رَسُولِ اللهِ صَلَّى اللهُ عَلَيْهِ وَسَلَّمَ فَكَانَ فِيمَا حَدَّثْتُهُ أَنْ قُلْتُ قَالَ رَسُولُ اللهِ صَلَّى اللهُ عَلَيْهِ وَسَلَّمَ خَيْرُ يَوْمٍ طَلَعَتْ عَلَيْهِ الشَّمْسُ يَوْمُ الْجُمُعَةِ فِيهِ خُلِقَ آدَمُ وَفِيهِ أُهْبِطَ مِنْ الْجَنَّةِ وَفِيهِ تِيبَ عَلَيْهِ وَفِيهِ مَاتَ وَفِيهِ تَقُومُ السَّاعَةُ وَمَا مِنْ دَابَّةٍ إِلَّا وَهِيَ مُصِيخَةٌ يَوْمَ الْجُمُعَةِ مِنْ حِينِ تُصْبِحُ حَتَّى تَطْلُعَ الشَّمْسُ شَفَقًا مِنْ السَّاعَةِ إِلَّا الْجِنَّ وَالْإِنْسَ وَفِيهِ سَاعَةٌ لَا يُصَادِفُهَا عَبْدٌ مُسْلِمٌ وَهُوَ يُصَلِّي يَسْأَلُ اللهَ شَيْئًا إِلَّا أَعْطَاهُ إِيَّاهُ. قَالَ كَعْبٌ ذَلِكَ فِي كُلِّ سَنَةٍ يَوْمٌ فَقُلْتُ بَلْ فِي كُلِّ جُمُعَةٍ فَقَرَأَ كَعْبٌ التَّوْرَاةَ فَقَالَ صَدَقَ رَسُولُ اللهِ صَلَّى اللهُ عَلَيْهِ وَسَلَّمَ قَالَ أَبُو هُرَيْرَةَ فَلَقِيتُ بَصْرَةَ بْنَ أَبِي بَصْرَةَ الْغِفَارِيَّ فَقَالَ مِنْ أَيْنَ أَقْبَلْتَ فَقُلْتُ مِنْ الطُّورِ فَقَالَ لَوْ أَدْرَكْتُكَ قَبْلَ أَنْ تَخْرُجَ إِلَيْهِ مَا خَرَجْتَ سَمِعْتُ رَسُولَ اللهِ صَلَّى اللهُ عَلَيْهِ وَسَلَّمَ يَقُولُ لَا تُعْمَلُ الْمَطِيُّ إِلَّا إِلَى ثَلَاثَةِ مَسَاجِدَ إِلَى الْمَسْجِدِ الْحَرَامِ وَإِلَى مَسْجِدِي هَذَا وَإِلَى مَسْجِدِ إِيلِيَاءَ أَوْ بَيْتِ الْمَقْدِسِ يَشُكُّ قَالَ أَبُو هُرَيْرَةَ ثُمَّ لَقِيتُ عَبْدَ اللهِ بْنَ سَلَامٍ فَحَدَّثْتُهُ بِمَجْلِسِي مَعَ كَعْبِ الْأَحْبَارِ وَمَا حَدَّثْتُهُ بِهِ فِي يَوْمِ الْجُمُعَةِ فَقُلْتُ قَالَ كَعْبٌ ذَلِكَ فِي كُلِّ سَنَةٍ يَوْمٌ قَالَ قَالَ عَبْدُ اللهِ بْنُ سَلَامٍ كَذَبَ كَعْبٌ فَقُلْتُ ثُمَّ قَرَأَ كَعْبٌ التَّوْرَاةَ فَقَالَ بَلْ هِيَ فِي كُلِّ جُمُعَةٍ فَقَالَ عَبْدُ اللهِ بْنُ سَلَامٍ صَدَقَ كَعْبٌ ثُمَّ قَالَ عَبْدُ اللهِ بْنُ سَلَامٍ قَدْ عَلِمْتُ أَيَّةَ سَاعَةٍ هِيَ قَالَ أَبُو هُرَيْرَةَ فَقُلْتَ لَهُ أَخْبِرْنِي بِهَا وَلَا تَضَنَّ عَلَيَّ فَقَالَ عَبْدُ اللهِ بْنُ سَلَامٍ هِيَ آخِرُ سَاعَةٍ فِي يَوْمِ الْجُمُعَةِ قَالَ أَبُو هُرَيْرَةَ فَقُلْتُ وَكَيْفَ تَكُونُ آخِرَ سَاعَةٍ فِي يَوْمِ الْجُمُعَةِ وَقَدْ قَالَ رَسُولُ اللهِ صَلَّى اللهُ عَلَيْهِ وَسَلَّمَ لَا يُصَادِفُهَا عَبْدٌ مُسْلِمٌ وَهُوَ يُصَلِّي وَتِلْكَ السَّاعَةُ سَاعَةٌ لَا يُصَلَّى فِيهَا فَقَالَ عَبْدُ اللهِ بْنُ سَلَامٍ أَلَمْ يَقُلْ رَسُولُ اللهِ صَلَّى اللهُ عَلَيْهِ وَسَلَّمَ مَنْ جَلَسَ مَجْلِسًا يَنْتَظِرُ الصَّلَاةَ فَهُوَ فِي صَلَاةٍ حَتَّى يُصَلِّيَ قَالَ أَبُو هُرَيْرَةَ فَقُلْتُ بَلَى قَالَ فَهُوَ ذَلِكَ",
        "ar_diacless": "و حدثني عن مالك عن يزيد بن عبد الله بن الهاد عن محمد بن إبراهيم بن الحارث التيمي عن أبي سلمة بن عبد الرحمن بن عوف عن أبي هريرة أنه قال، خرجت إلى الطور فلقيت كعب الأحبار فجلست معه فحدثني عن التوراة وحدثته عن رسول الله صلى الله عليه وسلم فكان فيما حدثته أن قلت قال رسول الله صلى الله عليه وسلم خير يوم طلعت عليه الشمس يوم الجمعة فيه خلق آدم وفيه أهبط من الجنة وفيه تيب عليه وفيه مات وفيه تقوم الساعة وما من دابة إلا وهي مصيخة يوم الجمعة من حين تصبح حتى تطلع الشمس شفقا من الساعة إلا الجن والإنس وفيه ساعة لا يصادفها عبد مسلم وهو يصلي يسأل الله شيئا إلا أعطاه إياه. قال كعب ذلك في كل سنة يوم فقلت بل في كل جمعة فقرأ كعب التوراة فقال صدق رسول الله صلى الله عليه وسلم قال أبو هريرة فلقيت بصرة بن أبي بصرة الغفاري فقال من أين أقبلت فقلت من الطور فقال لو أدركتك قبل أن تخرج إليه ما خرجت سمعت رسول الله صلى الله عليه وسلم يقول لا تعمل المطي إلا إلى ثلاثة مساجد إلى المسجد الحرام وإلى مسجدي هذا وإلى مسجد إيلياء أو بيت المقدس يشك قال أبو هريرة ثم لقيت عبد الله بن سلام فحدثته بمجلسي مع كعب الأحبار وما حدثته به في يوم الجمعة فقلت قال كعب ذلك في كل سنة يوم قال قال عبد الله بن سلام كذب كعب فقلت ثم قرأ كعب التوراة فقال بل هي في كل جمعة فقال عبد الله بن سلام صدق كعب ثم قال عبد الله بن سلام قد علمت أية ساعة هي قال أبو هريرة فقلت له أخبرني بها ولا تضن علي فقال عبد الله بن سلام هي آخر ساعة في يوم الجمعة قال أبو هريرة فقلت وكيف تكون آخر ساعة في يوم الجمعة وقد قال رسول الله صلى الله عليه وسلم لا يصادفها عبد مسلم وهو يصلي وتلك الساعة ساعة لا يصلى فيها فقال عبد الله بن سلام ألم يقل رسول الله صلى الله عليه وسلم من جلس مجلسا ينتظر الصلاة فهو في صلاة حتى يصلي قال أبو هريرة فقلت بلى قال فهو ذلك",
        "note": "",
        "grade_id": 2,
        "grade": "সহিহ হাদিস",
        "grade_color": "#46B891"
      }
    ]
  },
  {
    "id": 18155,
    "book_id": 7,
    "book_name": "muwatta-malik",
    "chapter_id": 5,
    "section_id": 8,
    "title": "জুম’আর দিনের পোশাক-পরিচ্ছেদঃ, ঘাড়ের উপর দিয়ে যাতায়াত করা, ইমামের দিকে মুখ করে বসা সম্পর্কীয় আহকাম",
    "preface": "",
    "number": "পরিচ্ছেদঃ ৮",
    "sort_order": 8,
    "hadiths": [
      {
        "id": 49663,
        "book_id": 7,
        "book_name": "মুয়াত্তা ইমাম মালিক",
        "chapter_id": 5,
        "section_id": 8,
        "hadith_key": "মুয়াত্তা ইমাম মালিক: ২৩৫",
        "hadith_id": 235,
        "narrator": "মালিক (র)",
        "bn": "তাঁর কাছে রেওয়ায়ত পৌঁছেছে যে, রসূলুল্লাহ সল্লাল্লাহু আলাইহি ওয়াসাল্লাম বলেছেন, তোমাদের কেউ তার নিত্যব্যবহার্য কাপড় ব্যতীত জুম’আর জন্য দুটি কাপড় তৈরীর করে রাখলে এতে কোন দোষ নাই। (সহীহ, আবূ দাঊদ ১০৭৮, ইবনু মাজাহ ১০৯৫, হাদীসটি আল্লামা আল বানী সহীহ বলেছেন, “সহীহ আল জামে” ৫৬৩৫, তার ইমাম মালিক (রঃ) কর্তৃক বর্ণিত হাদীসটি মুরসাল)\nনাফি’ (র) হতে বর্ণিত; ইহরাম অবস্থায় না থাকলে আবদুল্লাহ ইবনু উমার (রাঃ) তেল ও খুশবু না লাগিয়ে  জুম’আয় যেতেন না। (হাদীসটি ইমাম মালিক (রঃ) একক ভাবে বর্ণনা করেছেন)",
        "ar": "حَدَّثَنِي يَحْيَى عَنْ مَالِك عَنْ يَحْيَى بْنِ سَعِيدٍ أَنَّهُ بَلَغَهُ أَنَّ رَسُولَ اللهِ صَلَّى اللهُ عَلَيْهِ وَسَلَّمَ قَالَ مَا عَلَى أَحَدِكُمْ لَوْ اتَّخَذَ ثَوْبَيْنِ لِجُمُعَتِهِ سِوَى ثَوْبَيْ مَهْنَتِهِ ১৭و حَدَّثَنِي عَنْ مَالِك عَنْ نَافِعٍ أَنَّ عَبْدَ اللهِ بْنَ عُمَرَ كَانَ لَا يَرُوحُ إِلَى الْجُمُعَةِ إِلَّا ادَّهَنَ وَتَطَيَّبَ إِلَّا أَنْ يَكُونَ حَرَامًا.",
        "ar_diacless": "حدثني يحيى عن مالك عن يحيى بن سعيد أنه بلغه أن رسول الله صلى الله عليه وسلم قال ما على أحدكم لو اتخذ ثوبين لجمعته سوى ثوبي مهنته ১৭و حدثني عن مالك عن نافع أن عبد الله بن عمر كان لا يروح إلى الجمعة إلا ادهن وتطيب إلا أن يكون حراما.",
        "note": "",
        "grade_id": 1,
        "grade": "নির্ণীত নয়",
        "grade_color": "#F0AD4E"
      },
      {
        "id": 49664,
        "book_id": 7,
        "book_name": "মুয়াত্তা ইমাম মালিক",
        "chapter_id": 5,
        "section_id": 8,
        "hadith_key": "মুয়াত্তা ইমাম মালিক: ২৩৬",
        "hadith_id": 236,
        "narrator": "আবূ হুরাইরা (রাঃ)",
        "bn": "জনৈক রাবী হতে বর্ণনা করেন তিনি (আবূ হুরায়রা) বলতেন, তোমাদের কারো ‘যাহরুল হাররা’ [১]  তে নামায আদায় করা এটা হতে ভাল যে, সে বসে থাকবে অর্থাৎ সময় থাকতে নামাযের জন্য মসজিদে যাবে না। অতঃপর ইমাম যখন জুম’আর দিন খুতবা দিতে দাঁড়াবেন তখন (তাড়াহুড়া করে যাওয়ার সময়) সে মানুষের ঘাড়ে পা রেখে যাবে। (হাদীসটি ইমাম মালিক (রঃ) একক ভাবে বর্ণনা করেছেন)\nইয়াহ্ইয়া (র) বলেন, মালিক (র) বলেছেন, ইমাম যে সময় খুতবা পাঠ করতে ইচ্ছা করেন সে সময় লোকজনের ইমামের দিকে মুখ করে বসাটাই আমাদের নিকট সুন্নত, তাদের মধ্যে যারা কিবলার দিকে মুখ করে আছে অথবা যারা কিবলার দিকে মুখ করে বসেনি, সকলেই ইমামের দিকে মুখ করবে। [২]",
        "ar": "حَدَّثَنِي عَنْ مَالِك عَنْ عَبْدِ اللهِ بْنِ أَبِي بَكْرِ بْنِ حَزْمٍ عَمَّنْ حَدَّثَهُ عَنْ أَبِي هُرَيْرَةَ أَنَّهُ كَانَ يَقُولُ، لَأَنْ يُصَلِّيَ أَحَدُكُمْ بِظَهْرِ الْحَرَّةِ خَيْرٌ لَهُ مِنْ أَنْ يَقْعُدَ حَتَّى إِذَا قَامَ الْإِمَامُ يَخْطُبُ جَاءَ يَتَخَطَّى رِقَابَ النَّاسِ يَوْمَ الْجُمُعَةِ ৩৬৯-قَالَ مَالِك السُّنَّةُ عِنْدَنَا أَنْ يَسْتَقْبِلَ النَّاسُ الْإِمَامَ يَوْمَ الْجُمُعَةِ إِذَا أَرَادَ أَنْ يَخْطُبَ مَنْ كَانَ مِنْهُمْ يَلِي الْقِبْلَةَ وَغَيْرَهَا.",
        "ar_diacless": "حدثني عن مالك عن عبد الله بن أبي بكر بن حزم عمن حدثه عن أبي هريرة أنه كان يقول، لأن يصلي أحدكم بظهر الحرة خير له من أن يقعد حتى إذا قام الإمام يخطب جاء يتخطى رقاب الناس يوم الجمعة ৩৬৯-قال مالك السنة عندنا أن يستقبل الناس الإمام يوم الجمعة إذا أراد أن يخطب من كان منهم يلي القبلة وغيرها.",
        "note": "[১] কাল পাথরবিশিষ্ট মদীনার বাহিরে একটি নির্দিষ্ট স্থান। \n[২] যাঁরা ইমামের সামনে অবস্থান করতেছেন, তাঁদের মুখ তো ইমামের দিকে আছেই। অবশ্য যাঁরা ইমামের ডানে বা বামে আছেন তাঁরা ইমামের দিকে মুখ করে ঘুরে বসবেন। ভিড়ের কারণে পরে কাতার ঠিক করতে অসুবিধা হয় বিধায় বর্তমানে এই তরীকার উপর আমল করা হয় না; ফলে সকল মুসল্লিই কিবলামুখী বসে খুতবা শুনেন।",
        "grade_id": 1,
        "grade": "নির্ণীত নয়",
        "grade_color": "#F0AD4E"
      }
    ]
  },
  {
    "id": 18156,
    "book_id": 7,
    "book_name": "muwatta-malik",
    "chapter_id": 5,
    "section_id": 9,
    "title": "জুম’আর নামাযে কিরাআত, হাঁটু উঠিয়ে পাছার উপর বসা এবং কোন প্রকার ওযর ব্যতীত জুম’আ আদায় না করা সম্পকীয় আহকাম",
    "preface": "",
    "number": "পরিচ্ছেদঃ ৯",
    "sort_order": 9,
    "hadiths": [
      {
        "id": 49670,
        "book_id": 7,
        "book_name": "মুয়াত্তা ইমাম মালিক",
        "chapter_id": 5,
        "section_id": 9,
        "hadith_key": "মুয়াত্তা ইমাম মালিক: ২৩৭",
        "hadith_id": 237,
        "narrator": "যাহহাক ইবনু কায়স (র)",
        "bn": "নু’মান ইবনু বশীর (রাঃ)-এর নিকট প্রশ্ন করেছেন  রসূলুল্লাহ সল্লাল্লাহু আলাইহি ওয়াসাল্লাম বলেছেন জুম’আর দিন ‘সূরা জুম’আ’র পর কোন সূরা তিলাওয়াত করতেন? তিনি বললেন, هَلْ أَتَاكَ حَدِيثُ الْغَاشِيَةِ পাঠ করতেন। (সহীহ, মুসলিম ৮৭৭)",
        "ar": "حَدَّثَنِي يَحْيَى عَنْ مَالِك عَنْ ضَمْرَةَ بْنِ سَعِيدٍ الْمَازِنِيِّ عَنْ عُبَيْدِ اللهِ بْنِ عَبْدِ اللهِ بْنِ عُتْبَةَ بْنِ مَسْعُودٍ أَنَّ الضَّحَّاكَ بْنَ قَيْسٍ سَأَلَ النُّعْمَانَ بْنَ بَشِيرٍ مَاذَا كَانَ يَقْرَأُ بِهِ رَسُولُ اللهِ صَلَّى اللهُ عَلَيْهِ وَسَلَّمَ يَوْمَ الْجُمُعَةِ عَلَى إِثْرِ سُورَةِ الْجُمُعَةِ قَالَ كَانَ يَقْرَأُ هَلْ أَتَاكَ حَدِيثُ الْغَاشِيَةِ.",
        "ar_diacless": "حدثني يحيى عن مالك عن ضمرة بن سعيد المازني عن عبيد الله بن عبد الله بن عتبة بن مسعود أن الضحاك بن قيس سأل النعمان بن بشير ماذا كان يقرأ به رسول الله صلى الله عليه وسلم يوم الجمعة على إثر سورة الجمعة قال كان يقرأ هل أتاك حديث الغاشية.",
        "note": "",
        "grade_id": 2,
        "grade": "সহিহ হাদিস",
        "grade_color": "#46B891"
      },
      {
        "id": 49669,
        "book_id": 7,
        "book_name": "মুয়াত্তা ইমাম মালিক",
        "chapter_id": 5,
        "section_id": 9,
        "hadith_key": "মুয়াত্তা ইমাম মালিক: ২৩৮",
        "hadith_id": 238,
        "narrator": "মালিক (র)",
        "bn": "সাফওয়ান (র) ইহা রসূলুল্লাহ সল্লাল্লাহু আলাইহি ওয়াসাল্লাম হতে বর্ণনা করেন কিনা তা আমার জানা নাই। সাফওয়ান (র) বলেছেন, কোন প্রকার ওযর অথবা রোগ ছাড়া যে ব্যক্তি তিন দফা জুম’আ আদায় করেনি, আল্লাহ তার হৃদয়ে মোহর ছাপ মেরে দিবেন। (সহীহ, আবূ দাঊদ ১০৫২, তিরমিযী ৫০০, নাসাঈ ১৩৬৯, ইবনু মাজাহ ১১২৫, আহমাদ ১৪৫৯৯, আবূ জায়াদ যমরী থেকে আল্লামা আলবানী হাদীসটিকে সহীহ বলেছেন, সহীহ আল জামে ৬১৪৩)",
        "ar": "و حَدَّثَنِي عَنْ مَالِك عَنْ صَفْوَانَ بْنِ سُلَيْمٍ قَالَ مَالِك لَا أَدْرِي أَعَنْ النَّبِيِّ صَلَّى اللهُ عَلَيْهِ وَسَلَّمَ أَمْ لَا أَنَّهُ قَالَ، مَنْ تَرَكَ الْجُمُعَةَ ثَلَاثَ مَرَّاتٍ مِنْ غَيْرِ عُذْرٍ وَلَا عِلَّةٍ طَبَعَ اللهُ عَلَى قَلْبِهِ.",
        "ar_diacless": "و حدثني عن مالك عن صفوان بن سليم قال مالك لا أدري أعن النبي صلى الله عليه وسلم أم لا أنه قال، من ترك الجمعة ثلاث مرات من غير عذر ولا علة طبع الله على قلبه.",
        "note": "",
        "grade_id": 1,
        "grade": "নির্ণীত নয়",
        "grade_color": "#F0AD4E"
      },
      {
        "id": 49668,
        "book_id": 7,
        "book_name": "মুয়াত্তা ইমাম মালিক",
        "chapter_id": 5,
        "section_id": 9,
        "hadith_key": "মুয়াত্তা ইমাম মালিক: ২৩৯",
        "hadith_id": 239,
        "narrator": "জা’ফর ইবনু মুহাম্মদ (র)",
        "bn": "রসূলুল্লাহ সল্লাল্লাহু আলাইহি ওয়াসাল্লাম জুম’আর দিন দুই খুতবা প্রদান করেন এবং দুই খুতবার মাঝখানে বসেছেন। (বুখারী, ৯২০, ৯২৮) ইমাম মুসলিম ইবনু ওমর (রাঃ) থেকে বর্ণনা করেন ৮৬১, তবে ইমাম মালিক (রঃ) কর্তৃক বর্ণিত হাদীসটি মুরসাল)",
        "ar": "و حَدَّثَنِي عَنْ مَالِك عَنْ جَعْفَرِ بْنِ مُحَمَّدٍ عَنْ أَبِيهِ أَنَّ رَسُولَ اللهِ صَلَّى اللهُ عَلَيْهِ وَسَلَّمَ خَطَبَ خُطْبَتَيْنِ يَوْمَ الْجُمُعَةِ وَجَلَسَ بَيْنَهُمَا.",
        "ar_diacless": "و حدثني عن مالك عن جعفر بن محمد عن أبيه أن رسول الله صلى الله عليه وسلم خطب خطبتين يوم الجمعة وجلس بينهما.",
        "note": "",
        "grade_id": 6,
        "grade": "অন্যান্য",
        "grade_color": "#4A85CE"
      }
    ]
  }
]