[
  {
    "id": 18273,
    "book_id": 7,
    "book_name": "muwatta-malik",
    "chapter_id": 10,
    "section_id": 1,
    "title": "উভয় ঈদে গোসল করা এবং আযান ও ইকামত",
    "preface": "",
    "number": "পরিচ্ছেদ ০১.",
    "sort_order": 1,
    "hadiths": [
      {
        "id": 48935,
        "book_id": 7,
        "book_name": "মুয়াত্তা ইমাম মালিক",
        "chapter_id": 10,
        "section_id": 1,
        "hadith_key": "মুয়াত্তা ইমাম মালিক: ৪১৩",
        "hadith_id": 413,
        "narrator": "মালিক (র)",
        "bn": "তিনি অনেক আলিমকে বলতে শুনেছেন যে, ঈদুল ফিতর ও ঈদুল আযহাতে রসূলুল্লাহ্ সল্লাল্লাহু আলাইহি ওয়াসাল্লাম-এর যুগ হতে বর্তমান যুগ পর্যন্ত আযান ও ইকামত ছিল না। (বুখারী ৯৬০, মুসলিম ৮৮৬, মারফু সনদে ইবনু আব্বাস ও জাবের (রাঃ) থেকে বর্ণনা করেন) মালিক (র) বলেন, এটা এমন একটি সুন্নত যাতে আমাদের মতে কারো দ্বিমত নেই।",
        "ar": "حَدَّثَنِي يَحْيَى عَنْ مَالِك أَنَّهُ سَمِعَ غَيْرَ وَاحِدٍ مِنْ عُلَمَائِهِمْ يَقُولُ لَمْ يَكُنْ فِي عِيدِ الْفِطْرِ وَلَا فِي الْأَضْحَى نِدَاءٌ وَلَا إِقَامَةٌ مُنْذُ زَمَانِ رَسُولِ اللهِ صَلَّى اللهُ عَلَيْهِ وَسَلَّمَ إِلَى الْيَوْمِ قَالَ مَالِك وَتِلْكَ السُّنَّةُ الَّتِي لَا اخْتِلَافَ فِيهَا عِنْدَنَا.",
        "ar_diacless": "حدثني يحيى عن مالك أنه سمع غير واحد من علمائهم يقول لم يكن في عيد الفطر ولا في الأضحى نداء ولا إقامة منذ زمان رسول الله صلى الله عليه وسلم إلى اليوم قال مالك وتلك السنة التي لا اختلاف فيها عندنا.",
        "note": "",
        "grade_id": 2,
        "grade": "সহিহ হাদিস",
        "grade_color": "#46B891"
      },
      {
        "id": 48936,
        "book_id": 7,
        "book_name": "মুয়াত্তা ইমাম মালিক",
        "chapter_id": 10,
        "section_id": 1,
        "hadith_key": "মুয়াত্তা ইমাম মালিক: ৪১৪",
        "hadith_id": 414,
        "narrator": "নাফি’ (র)",
        "bn": "আবদুল্লাহ ইবনু উমার (রাঃ) ঈদুল ফিতরের দিন সকালে ঈদগাহে যাওয়ার পূর্বে গোসল করতেন। (হাদীসটি ইমাম মালিক (রঃ) একক ভাবে বর্ণনা করেছেন)",
        "ar": "و حَدَّثَنِي عَنْ مَالِك عَنْ نَافِعٍ أَنَّ عَبْدَ اللهِ بْنَ عُمَرَ كَانَ يَغْتَسِلُ يَوْمَ الْفِطْرِ قَبْلَ أَنْ يَغْدُوَ إِلَى الْمُصَلَّى.",
        "ar_diacless": "و حدثني عن مالك عن نافع أن عبد الله بن عمر كان يغتسل يوم الفطر قبل أن يغدو إلى المصلى.",
        "note": "",
        "grade_id": 6,
        "grade": "অন্যান্য",
        "grade_color": "#4A85CE"
      }
    ]
  },
  {
    "id": 18274,
    "book_id": 7,
    "book_name": "muwatta-malik",
    "chapter_id": 10,
    "section_id": 2,
    "title": "উভয় ঈদে খুত্বার পূর্বে নামায আদায়ের নির্দেশ",
    "preface": "",
    "number": "পরিচ্ছেদঃ ২",
    "sort_order": 2,
    "hadiths": [
      {
        "id": 49854,
        "book_id": 7,
        "book_name": "মুয়াত্তা ইমাম মালিক",
        "chapter_id": 10,
        "section_id": 2,
        "hadith_key": "মুয়াত্তা ইমাম মালিক: ৪১৫",
        "hadith_id": 415,
        "narrator": "ইবনু শিহাব (র)",
        "bn": "রসূলুল্লাহ্ সল্লাল্লাহু আলাইহি ওয়াসাল্লাম ঈদুল ফিতর ও ‘ঈদুল আযহাতে খুতবার পূর্বে নামায আদায় করতেন। (বুখারী ৯৬৩, মুসলিম ৮৮৮, তিনি ইবনু ওমর (রাঃ) থেকে বর্ণনা করেন, তবে ইমাম মালিক কর্তৃক বর্ণিত হাদীসটি মুরসাল)",
        "ar": "حَدَّثَنِي يَحْيَى عَنْ مَالِك عَنْ ابْنِ شِهَابٍ أَنَّ رَسُولَ اللهِ صَلَّى اللهُ عَلَيْهِ وَسَلَّمَ كَانَ يُصَلِّي يَوْمَ الْفِطْرِ وَيَوْمَ الْأَضْحَى قَبْلَ الْخُطْبَةِ.",
        "ar_diacless": "حدثني يحيى عن مالك عن ابن شهاب أن رسول الله صلى الله عليه وسلم كان يصلي يوم الفطر ويوم الأضحى قبل الخطبة.",
        "note": "",
        "grade_id": 6,
        "grade": "অন্যান্য",
        "grade_color": "#4A85CE"
      },
      {
        "id": 49855,
        "book_id": 7,
        "book_name": "মুয়াত্তা ইমাম মালিক",
        "chapter_id": 10,
        "section_id": 2,
        "hadith_key": "মুয়াত্তা ইমাম মালিক: ৪১৬",
        "hadith_id": 416,
        "narrator": "মালিক (র)",
        "bn": "আবূ বাকর এবং উমার (রাঃ) তাঁরা দু’জনেই এরূপ করতেন। (মারফু, বুখারী ৯৬২, মুসলিম ৮৮৪, তিনি ইবনু আব্বাস (রাঃ) থেকে বর্ণনা করেন তবে ইমাম মালিক কর্তৃক বর্ণিত হাদীসটি মাওকুফ এবং মুনকাতে)",
        "ar": "و حَدَّثَنِي عَنْ مَالِك أَنَّهُ بَلَغَهُ أَنَّ أَبَا بَكْرٍ وَعُمَرَ كَانَا يَفْعَلَانِ ذَلِكَ.",
        "ar_diacless": "و حدثني عن مالك أنه بلغه أن أبا بكر وعمر كانا يفعلان ذلك.",
        "note": "",
        "grade_id": 6,
        "grade": "অন্যান্য",
        "grade_color": "#4A85CE"
      },
      {
        "id": 49856,
        "book_id": 7,
        "book_name": "মুয়াত্তা ইমাম মালিক",
        "chapter_id": 10,
        "section_id": 2,
        "hadith_key": "মুয়াত্তা ইমাম মালিক: ৪১৭",
        "hadith_id": 417,
        "narrator": "ইবনু আযহারের মাওলা আবূ উবায়দ (র)",
        "bn": "আমি ঈদের নামাযে উমার ইবনু খাত্তাব (রাঃ)-এর সাথে শরীক হয়েছি। তিনি ঈদের নামায আদায় করালেন, অতঃপর (মিম্বরে) প্রত্যাগমন করলেন এবং লোকের উদ্দেশ্যে খুতবা প্রদান করলেন। খুতবায় তিনি বললেন, এ দুটি [ঈদের] দিবস এমন যে, রসূলুল্লাহ্ সল্লাল্লাহু আলাইহি ওয়াসাল্লাম উভয় দিবসে রোযা  রাখতে নিষেধ করেন, তোমাদের রোযা খোলার (অর্থাৎ ঈদুল ফিতরের) দিন আর তোমাদের কুরবানীর গোশত আহার করার দিন। (বুখারী ১৯৯০, মুসলিম ১১৩৭)\nআবূ উবায়দ (র) বলেন, অতঃপর আমি উসমান ইবনু আফফান (রাঃ)-এর সাথেও ঈদে হাযির হয়েছি। তিনি (ঈদগাহে) আসার পর নামায আদায় করলেন, তারপর (মুসল্লা হতে) ফিরে খুতবা করলেন, ‘আজকের এই দিনে তোমাদের জন্য দুটি ঈদ একত্র হয়েছে (শুক্রবার হওয়ার কারণে।) মদীনার বাহিরের লোকেরা ইচ্ছা করলে জুম’আর নামাযের জন্য অপেক্ষা করতে পারে অথবা ইচ্ছা করলে নিজেদের এলাকায় ফিরেও যেতে পারে, আমি তাদেরকে এ অনুমতি দিলাম।\nআবূ উবায়দ (র) বলেন, আলী ইবনু আবি তালিব (রাঃ)-এর সঙ্গে আমি উপস্থিত ছিলাম, যখন উসমান (রাঃ) অবরুদ্ধ ছিলেন। আলী (রাঃ) আসলেন এবং নামায আদায় করলেন, তারপর লোকদের দিকে মুখ করলেন ও খুতবা দিলেন।",
        "ar": "و حَدَّثَنِي عَنْ مَالِك عَنْ ابْنِ شِهَابٍ عَنْ أَبِي عُبَيْدٍ مَوْلَى ابْنِ أَزْهَرَ قَالَ شَهِدْتُ الْعِيدَ مَعَ عُمَرَ بْنِ الْخَطَّابِ فَصَلَّى ثُمَّ انْصَرَفَ فَخَطَبَ النَّاسَ فَقَالَ إِنَّ هَذَيْنِ يَوْمَانِ نَهَى رَسُولُ اللهِ صَلَّى اللهُ عَلَيْهِ وَسَلَّمَ عَنْ صِيَامِهِمَا يَوْمُ فِطْرِكُمْ مِنْ صِيَامِكُمْ وَالْآخَرُ يَوْمٌ تَأْكُلُونَ فِيهِ مِنْ نُسُكِكُمْ قَالَ أَبُو عُبَيْدٍ ثُمَّ شَهِدْتُ الْعِيدَ مَعَ عُثْمَانَ بْنِ عَفَّانَ فَجَاءَ فَصَلَّى ثُمَّ انْصَرَفَ فَخَطَبَ وَقَالَ إِنَّهُ قَدْ اجْتَمَعَ لَكُمْ فِي يَوْمِكُمْ هَذَا عِيدَانِ فَمَنْ أَحَبَّ مِنْ أَهْلِ الْعَالِيَةِ أَنْ يَنْتَظِرَ الْجُمُعَةَ فَلْيَنْتَظِرْهَا وَمَنْ أَحَبَّ أَنْ يَرْجِعَ فَقَدْ أَذِنْتُ لَهُ قَالَ أَبُو عُبَيْدٍ ثُمَّ شَهِدْتُ الْعِيدَ مَعَ عَلِيِّ بْنِ أَبِي طَالِبٍ وَعُثْمَانُ مَحْصُورٌ فَجَاءَ فَصَلَّى ثُمَّ انْصَرَفَ فَخَطَبَ.",
        "ar_diacless": "و حدثني عن مالك عن ابن شهاب عن أبي عبيد مولى ابن أزهر قال شهدت العيد مع عمر بن الخطاب فصلى ثم انصرف فخطب الناس فقال إن هذين يومان نهى رسول الله صلى الله عليه وسلم عن صيامهما يوم فطركم من صيامكم والآخر يوم تأكلون فيه من نسككم قال أبو عبيد ثم شهدت العيد مع عثمان بن عفان فجاء فصلى ثم انصرف فخطب وقال إنه قد اجتمع لكم في يومكم هذا عيدان فمن أحب من أهل العالية أن ينتظر الجمعة فلينتظرها ومن أحب أن يرجع فقد أذنت له قال أبو عبيد ثم شهدت العيد مع علي بن أبي طالب وعثمان محصور فجاء فصلى ثم انصرف فخطب.",
        "note": "",
        "grade_id": 2,
        "grade": "সহিহ হাদিস",
        "grade_color": "#46B891"
      }
    ]
  },
  {
    "id": 18275,
    "book_id": 7,
    "book_name": "muwatta-malik",
    "chapter_id": 10,
    "section_id": 3,
    "title": "প্রভাতে ঈদের পূর্বে আহার গ্রহণের নির্দেশ",
    "preface": "",
    "number": "পরিচ্ছেদঃ ৩",
    "sort_order": 3,
    "hadiths": [
      {
        "id": 49857,
        "book_id": 7,
        "book_name": "মুয়াত্তা ইমাম মালিক",
        "chapter_id": 10,
        "section_id": 3,
        "hadith_key": "মুয়াত্তা ইমাম মালিক: ৪১৮",
        "hadith_id": 418,
        "narrator": "উরওয়াহ ইবনু যুবায়র (র)",
        "bn": "ঈদুল ফিতরের দিন সকালে ঈদগাহে যাওয়ার পূর্বে আহার গ্রহণ করতেন। (সহীহ মারফু, বুখারী ৯৫৩, আনাস (রাঃ) থেকে বর্ণিত)",
        "ar": "حَدَّثَنِي يَحْيَى عَنْ مَالِك عَنْ هِشَامِ بْنِ عُرْوَةَ عَنْ أَبِيهِ أَنَّهُ كَانَ يَأْكُلُ يَوْمَ عِيدِ الْفِطْرِ قَبْلَ أَنْ يَغْدُوَ.",
        "ar_diacless": "حدثني يحيى عن مالك عن هشام بن عروة عن أبيه أنه كان يأكل يوم عيد الفطر قبل أن يغدو.",
        "note": "",
        "grade_id": 1,
        "grade": "নির্ণীত নয়",
        "grade_color": "#F0AD4E"
      },
      {
        "id": 49858,
        "book_id": 7,
        "book_name": "মুয়াত্তা ইমাম মালিক",
        "chapter_id": 10,
        "section_id": 3,
        "hadith_key": "মুয়াত্তা ইমাম মালিক: ৪১৯",
        "hadith_id": 419,
        "narrator": "ইবনু শিহাব (র)",
        "bn": "সাঈদ ইবনু মুসায়্যাব (র) তাঁকে অবগত করেন যে, (তাঁদের যুগে) ঈদুল ফিতরের দিন লোকজন সকালে ঈদে যাওয়ার পূর্বে কিছু আহার করার জন্য নির্দেশিত হত।\nইয়াহইয়া (র) বলেন, মালিক (র) বলেছেন, ঈদুল আযহাতে (কুরবানীর ঈদে) লোকের জন্য আমি এটা প্রয়োজন মনে করি না। (হাদীসটি ইমাম মালিক (রঃ) একক ভাবে বর্ণনা করেছেন)",
        "ar": "و حَدَّثَنِي عَنْ مَالِك عَنْ ابْنِ شِهَابٍ عَنْ سَعِيدِ بْنِ الْمُسَيَّبِ أَنَّهُ أَخْبَرَهُ أَنَّ النَّاسَ كَانُوا يُؤْمَرُونَ بِالْأَكْلِ يَوْمَ الْفِطْرِ قَبْلَ الْغُدُوِّ قَالَ مَالِك وَلَا أَرَى ذَلِكَ عَلَى النَّاسِ فِي الْأَضْحَى.",
        "ar_diacless": "و حدثني عن مالك عن ابن شهاب عن سعيد بن المسيب أنه أخبره أن الناس كانوا يؤمرون بالأكل يوم الفطر قبل الغدو قال مالك ولا أرى ذلك على الناس في الأضحى.",
        "note": "",
        "grade_id": 1,
        "grade": "নির্ণীত নয়",
        "grade_color": "#F0AD4E"
      }
    ]
  },
  {
    "id": 18276,
    "book_id": 7,
    "book_name": "muwatta-malik",
    "chapter_id": 10,
    "section_id": 4,
    "title": "উভয় ঈদের নামাযে কিরাআত ও তাকবীরের বর্ণনা",
    "preface": "",
    "number": "পরিচ্ছেদঃ ৪",
    "sort_order": 4,
    "hadiths": [
      {
        "id": 49859,
        "book_id": 7,
        "book_name": "মুয়াত্তা ইমাম মালিক",
        "chapter_id": 10,
        "section_id": 4,
        "hadith_key": "মুয়াত্তা ইমাম মালিক: ৪২০",
        "hadith_id": 420,
        "narrator": "উমার ইবনু খাত্তাব (রাঃ)",
        "bn": "আবূ ওয়াকিদ লায়সী (রাঃ)-কে জিজ্ঞেস করলেন  ঈদুর ফিত্র ও ঈদুল আযহাতে রসূলুল্লাহ্ সল্লাল্লাহু আলাইহি ওয়াসাল্লাম কোন কোন সূরা পাঠ করতেন? তিনি বললেন, রসূলুল্লাহ্ সল্লাল্লাহু আলাইহি ওয়াসাল্লাম পাঠ করতেন\nق وَالْقُرُ اَنِ الْمَجِيْدِ. ةَاقْتَرَبَتِ السَّعَةُ وَالنْشَقَّ الْقَمَرُ.\n(সূরা কাফ্ ও ক্বামার), এই দুই সূরা। (সহীহ, মুসলিম ৮৯১)",
        "ar": "حَدَّثَنِي يَحْيَى عَنْ مَالِك عَنْ ضَمْرَةَ بْنِ سَعِيدٍ الْمَازِنِيِّ عَنْ عُبَيْدِ اللهِ بْنِ عَبْدِ اللهِ بْنِ عُتْبَةَ بْنِ مَسْعُودٍ أَنَّ عُمَرَ بْنَ الْخَطَّابِ سَأَلَ أَبَا وَاقِدٍ اللَّيْثِيَّ مَا كَانَ يَقْرَأُ بِهِ رَسُولُ اللهِ صَلَّى اللهُ عَلَيْهِ وَسَلَّمَ فِي الْأَضْحَى وَالْفِطْرِ فَقَالَ كَانَ يَقْرَأُ بِ ق وَالْقُرْآنِ الْمَجِيدِ وَاقْتَرَبَتْ السَّاعَةُ وَانْشَقَّ الْقَمَرُ.",
        "ar_diacless": "حدثني يحيى عن مالك عن ضمرة بن سعيد المازني عن عبيد الله بن عبد الله بن عتبة بن مسعود أن عمر بن الخطاب سأل أبا واقد الليثي ما كان يقرأ به رسول الله صلى الله عليه وسلم في الأضحى والفطر فقال كان يقرأ ب ق والقرآن المجيد واقتربت الساعة وانشق القمر.",
        "note": "",
        "grade_id": 1,
        "grade": "নির্ণীত নয়",
        "grade_color": "#F0AD4E"
      },
      {
        "id": 49860,
        "book_id": 7,
        "book_name": "মুয়াত্তা ইমাম মালিক",
        "chapter_id": 10,
        "section_id": 4,
        "hadith_key": "মুয়াত্তা ইমাম মালিক: ৪২১",
        "hadith_id": 421,
        "narrator": "নাফি’ (র)",
        "bn": "আমি আবূ হুরায়রা (রাঃ)-এর সাথে ঈদুল ফিতর ও ঈদুল আযহার নামাযে উপস্থিত হয়েছি। তিনি কিরাআতের পূর্বে প্রথম রাক’আতে সাতটি তাকবীর ও দ্বিতীয় রাক’আতে পাঁচটি তাকবীর  বলেছেন। (সহীহ মারফু, ইমাম আবূ দাঊদ আয়েশা (রাঃ) থেকে বর্ণনা করেন আবূ দাঊদ (১১৪৯), আল্লামা আলবানী হাদীসটিকে সহীহ বলেছেন ইরওয়া ৬৩৯)\nমালিক (র) বলেন, আমাদের কাছে এটাই হুকুম।\nইয়াহইয়া (র) বলেন, মালিক (র) বলেছেন, তাঁর মতে যে ব্যক্তি ঈদের দিন লোকজনকে নামায আদায় করে ফিরবার কালে পায়, সে ব্যক্তির জন্য ঈদগাহ অথবা স্বগৃহে ঈদের নামায আদায়ের প্রয়োজন নেই। আর যদি সে ঈদগাহে বা নিজ ঘরে ঈদের নামায আদায় করে তাতেও কোন আপত্তি নাই। সে প্রথম রাক’আতে কিরাআতের পূর্বে সাত তাকবীর ও দ্বিতীয় রাক’আতে কিরাআতের পূর্বে পাঁচ তাকবীর পাঠ করবে।",
        "ar": "و حَدَّثَنِي عَنْ مَالِك عَنْ نَافِعٍ مَوْلَى عَبْدِ اللهِ بْنِ عُمَرَ أَنَّهُ قَالَ شَهِدْتُ الْأَضْحَى وَالْفِطْرَ مَعَ أَبِي هُرَيْرَةَ  فَكَبَّرَ فِي الرَّكْعَةِ الْأُولَى سَبْعَ تَكْبِيرَاتٍ قَبْلَ الْقِرَاءَةِ وَفِي الْآخِرَةِ خَمْسَ تَكْبِيرَاتٍ قَبْلَ الْقِرَاءَةِ قَالَ مَالِك وَهُوَ الْأَمْرُ عِنْدَنَا.\nقَالَ مَالِك فِي رَجُلٍ وَجَدَ النَّاسَ قَدْ انْصَرَفُوا مِنْ الصَّلَاةِ يَوْمَ الْعِيدِ إِنَّهُ لَا يَرَى عَلَيْهِ صَلَاةً فِي الْمُصَلَّى وَلَا فِي بَيْتِهِ وَإِنَّهُ إِنْ صَلَّى فِي الْمُصَلَّى أَوْ فِي بَيْتِهِ لَمْ أَرَ بِذَلِكَ بَأْسًا وَيُكَبِّرُ سَبْعًا فِي الْأُولَى قَبْلَ الْقِرَاءَةِ وَخَمْسًا فِي الثَّانِيَةِ قَبْلَ الْقِرَاءَةِ",
        "ar_diacless": "و حدثني عن مالك عن نافع مولى عبد الله بن عمر أنه قال شهدت الأضحى والفطر مع أبي هريرة  فكبر في الركعة الأولى سبع تكبيرات قبل القراءة وفي الآخرة خمس تكبيرات قبل القراءة قال مالك وهو الأمر عندنا.\nقال مالك في رجل وجد الناس قد انصرفوا من الصلاة يوم العيد إنه لا يرى عليه صلاة في المصلى ولا في بيته وإنه إن صلى في المصلى أو في بيته لم أر بذلك بأسا ويكبر سبعا في الأولى قبل القراءة وخمسا في الثانية قبل القراءة",
        "note": "",
        "grade_id": 1,
        "grade": "নির্ণীত নয়",
        "grade_color": "#F0AD4E"
      }
    ]
  },
  {
    "id": 18277,
    "book_id": 7,
    "book_name": "muwatta-malik",
    "chapter_id": 10,
    "section_id": 5,
    "title": "উভয় ঈদের আগে ও পরে নামায না পড়া",
    "preface": "",
    "number": "পরিচ্ছেদঃ ৫",
    "sort_order": 5,
    "hadiths": [
      {
        "id": 49861,
        "book_id": 7,
        "book_name": "মুয়াত্তা ইমাম মালিক",
        "chapter_id": 10,
        "section_id": 5,
        "hadith_key": "মুয়াত্তা ইমাম মালিক: ৪২২",
        "hadith_id": 422,
        "narrator": "নাফি’ (র)",
        "bn": "আবদুল্লাহ ইবনু উমার (রাঃ) ঈদুল ফিতরের দিন নামায আদায় করতেন না, ঈদের পূর্বেও না এবং পরেও না। (মারফু, ইবনু আব্বাস (রাঃ) কর্তৃক বর্ণিত, বুখারী ৯৮৯, ৯৬৪, মুসলিম ৮৮৪)\nমালিক (র) বলেন, তাঁর নিকট রেওয়ায়ত পৌঁছেছে যে, সাঈদ ইবনু মুসায়্যাব (র) ফজরের নামায আদায়ের পর সূর্য উদয়ের পূর্বে প্রত্যুষে ঈদগাহে গমন করতেন। (হাদীসটি ইমাম মালিক (রঃ) একক ভাবে বর্ণনা করেছেন)",
        "ar": "حَدَّثَنِي يَحْيَى عَنْ مَالِك عَنْ نَافِعٍ أَنَّ عَبْدَ اللهِ بْنَ عُمَرَ لَمْ يَكُنْ يُصَلِّي يَوْمَ الْفِطْرِ قَبْلَ الصَّلَاةِ وَلَا بَعْدَهَا ১১و حَدَّثَنِي عَنْ مَالِك أَنَّهُ بَلَغَهُ أَنَّ سَعِيدَ بْنَ الْمُسَيَّبِ كَانَ يَغْدُو إِلَى الْمُصَلَّى بَعْدَ أَنْ يُصَلِّيَ الصُّبْحَ قَبْلَ طُلُوعِ الشَّمْسِ.",
        "ar_diacless": "حدثني يحيى عن مالك عن نافع أن عبد الله بن عمر لم يكن يصلي يوم الفطر قبل الصلاة ولا بعدها ১১و حدثني عن مالك أنه بلغه أن سعيد بن المسيب كان يغدو إلى المصلى بعد أن يصلي الصبح قبل طلوع الشمس.",
        "note": "",
        "grade_id": 1,
        "grade": "নির্ণীত নয়",
        "grade_color": "#F0AD4E"
      }
    ]
  },
  {
    "id": 18278,
    "book_id": 7,
    "book_name": "muwatta-malik",
    "chapter_id": 10,
    "section_id": 6,
    "title": "উভয় ঈদের পূর্বে ও পরে নামায আদায়ের অনুমতি",
    "preface": "",
    "number": "পরিচ্ছেদঃ ৬",
    "sort_order": 6,
    "hadiths": [
      {
        "id": 49862,
        "book_id": 7,
        "book_name": "মুয়াত্তা ইমাম মালিক",
        "chapter_id": 10,
        "section_id": 6,
        "hadith_key": "মুয়াত্তা ইমাম মালিক: ৪২৩",
        "hadith_id": 423,
        "narrator": "আবদুর রহমান ইবনু কাসিম (র)",
        "bn": "কাসিম (র) ঈদগাহে যাওয়ার পূর্বে চার রাক’আত নামায আদায় করতেন। (হাদীসটি ইমাম মালিক (রঃ) একক ভাবে বর্ণনা করেছেন)",
        "ar": "-  حَدَّثَنِي يَحْيَى عَنْ مَالِك عَنْ عَبْدِ الرَّحْمَنِ بْنِ الْقَاسِمِ أَنَّ أَبَاهُ الْقَاسِمَ كَانَ يُصَلِّي قَبْلَ أَنْ يَغْدُوَ إِلَى الْمُصَلَّى أَرْبَعَ رَكَعَاتٍ.",
        "ar_diacless": "-  حدثني يحيى عن مالك عن عبد الرحمن بن القاسم أن أباه القاسم كان يصلي قبل أن يغدو إلى المصلى أربع ركعات.",
        "note": "",
        "grade_id": 1,
        "grade": "নির্ণীত নয়",
        "grade_color": "#F0AD4E"
      },
      {
        "id": 49863,
        "book_id": 7,
        "book_name": "মুয়াত্তা ইমাম মালিক",
        "chapter_id": 10,
        "section_id": 6,
        "hadith_key": "মুয়াত্তা ইমাম মালিক: ৪২৪",
        "hadith_id": 424,
        "narrator": "উরওয়াহ (র)",
        "bn": "যুবায়র (রাঃ) ঈদুল ফিতরের দিন ঈদের নামাযের পূর্বে মসজিদে নামায আদায় করতেন। (হাদীসটি ইমাম মালিক (রঃ) একক ভাবে বর্ণনা করেছেন)",
        "ar": "و حَدَّثَنِي عَنْ مَالِك عَنْ هِشَامِ بْنِ عُرْوَةَ عَنْ أَبِيهِ أَنَّهُ كَانَ يُصَلِّي يَوْمَ الْفِطْرِ قَبْلَ الصَّلَاةِ فِي الْمَسْجِدِ.",
        "ar_diacless": "و حدثني عن مالك عن هشام بن عروة عن أبيه أنه كان يصلي يوم الفطر قبل الصلاة في المسجد.",
        "note": "",
        "grade_id": 1,
        "grade": "নির্ণীত নয়",
        "grade_color": "#F0AD4E"
      }
    ]
  },
  {
    "id": 18279,
    "book_id": 7,
    "book_name": "muwatta-malik",
    "chapter_id": 10,
    "section_id": 7,
    "title": "ইমামের প্রভাতে ঈদগাহে গমন করা ও খুতবার জন্য অপেক্ষা করা",
    "preface": "",
    "number": "পরিচ্ছেদঃ ৭",
    "sort_order": 7,
    "hadiths": [
      {
        "id": 49864,
        "book_id": 7,
        "book_name": "মুয়াত্তা ইমাম মালিক",
        "chapter_id": 10,
        "section_id": 7,
        "hadith_key": "মুয়াত্তা ইমাম মালিক: ৪২৫",
        "hadith_id": 425,
        "narrator": "মালিক (র)",
        "bn": "আমাদের মধ্যে এই সুন্নত প্রচলিত-যাতে দ্বিমত নেই যে, ঈদুল আযহা ও ঈদুল ফিতরের দিন ইমাম স্বীয় মনযিল হতে এমন সময় বের হবেন, যাতে তিনি নামাযের সময় ঈদগাহে পৌঁছাতে পারেন।\nইয়াহইয়া (র) বলেন, মালিক (র)-কে প্রশ্ন করা হল এমন এক ব্যক্তি সম্পর্কে, যে ঈদুল ফিতরের দিন ইমামের সাথে নামায আদায় করেছে। সে খুতবা শোনার পূর্বে প্রত্যাবর্তন করতে পারে কি? তিনি বললেন, ‘না। ইমাম প্রত্যাবর্তন না করা পর্যন্ত সে ব্যক্তি প্রত্যাবর্তন করবে না।",
        "ar": "حَدَّثَنِي يَحْيَى قَالَ مَالِك مَضَتْ السُّنَّةُ الَّتِي لَا اخْتِلَافَ فِيهَا عِنْدَنَا فِي وَقْتِ الْفِطْرِ وَالْأَضْحَى أَنَّ الْإِمَامَ يَخْرُجُ مِنْ مَنْزِلِهِ قَدْرَ مَا يَبْلُغُ مُصَلَّاهُ وَقَدْ حَلَّتْ الصَّلَاةُ ৬২৯قَالَ يَحْيَى و سُئِلَ مَالِك عَنْ رَجُلٍ صَلَّى مَعَ الْإِمَامِ هَلْ لَهُ أَنْ يَنْصَرِفَ قَبْلَ أَنْ يَسْمَعَ الْخُطْبَةَ فَقَالَ لَا يَنْصَرِفُ حَتَّى يَنْصَرِفَ الْإِمَامُ.",
        "ar_diacless": "حدثني يحيى قال مالك مضت السنة التي لا اختلاف فيها عندنا في وقت الفطر والأضحى أن الإمام يخرج من منزله قدر ما يبلغ مصلاه وقد حلت الصلاة ৬২৯قال يحيى و سئل مالك عن رجل صلى مع الإمام هل له أن ينصرف قبل أن يسمع الخطبة فقال لا ينصرف حتى ينصرف الإمام.",
        "note": "",
        "grade_id": 1,
        "grade": "নির্ণীত নয়",
        "grade_color": "#F0AD4E"
      }
    ]
  }
]