[
  {
    "id": 582,
    "chapter_id": 1,
    "book_id": 7,
    "title": "নামাযের সময়",
    "number": 1,
    "hadis_range": null,
    "book_name": "muwatta-malik"
  },
  {
    "id": 583,
    "chapter_id": 2,
    "book_id": 7,
    "title": "পবিত্রতা অর্জন",
    "number": 2,
    "hadis_range": null,
    "book_name": "muwatta-malik"
  },
  {
    "id": 584,
    "chapter_id": 3,
    "book_id": 7,
    "title": "নামায",
    "number": 3,
    "hadis_range": null,
    "book_name": "muwatta-malik"
  },
  {
    "id": 585,
    "chapter_id": 4,
    "book_id": 7,
    "title": "নামাযের ভুলভ্রান্তি",
    "number": 4,
    "hadis_range": null,
    "book_name": "muwatta-malik"
  },
  {
    "id": 586,
    "chapter_id": 5,
    "book_id": 7,
    "title": "জুম’আ",
    "number": 5,
    "hadis_range": null,
    "book_name": "muwatta-malik"
  },
  {
    "id": 587,
    "chapter_id": 6,
    "book_id": 7,
    "title": "রমাযানের নামায",
    "number": 6,
    "hadis_range": null,
    "book_name": "muwatta-malik"
  },
  {
    "id": 588,
    "chapter_id": 7,
    "book_id": 7,
    "title": "রাত্রে নফল নামায",
    "number": 7,
    "hadis_range": null,
    "book_name": "muwatta-malik"
  },
  {
    "id": 589,
    "chapter_id": 8,
    "book_id": 7,
    "title": "জামা’আতে নামায আদায় করা",
    "number": 8,
    "hadis_range": null,
    "book_name": "muwatta-malik"
  },
  {
    "id": 590,
    "chapter_id": 9,
    "book_id": 7,
    "title": "সফরে নামায কসর আদায় করা",
    "number": 9,
    "hadis_range": null,
    "book_name": "muwatta-malik"
  },
  {
    "id": 591,
    "chapter_id": 10,
    "book_id": 7,
    "title": "দুই ঈদ",
    "number": 10,
    "hadis_range": null,
    "book_name": "muwatta-malik"
  },
  {
    "id": 592,
    "chapter_id": 11,
    "book_id": 7,
    "title": "সালাতুল-খাওফ",
    "number": 11,
    "hadis_range": null,
    "book_name": "muwatta-malik"
  },
  {
    "id": 593,
    "chapter_id": 12,
    "book_id": 7,
    "title": "সালাতুল-কুসূফ",
    "number": 12,
    "hadis_range": null,
    "book_name": "muwatta-malik"
  },
  {
    "id": 594,
    "chapter_id": 13,
    "book_id": 7,
    "title": "বৃষ্টি প্রার্থনা",
    "number": 13,
    "hadis_range": null,
    "book_name": "muwatta-malik"
  },
  {
    "id": 595,
    "chapter_id": 14,
    "book_id": 7,
    "title": "কিবলা",
    "number": 14,
    "hadis_range": null,
    "book_name": "muwatta-malik"
  },
  {
    "id": 596,
    "chapter_id": 15,
    "book_id": 7,
    "title": "কুরআন",
    "number": 15,
    "hadis_range": null,
    "book_name": "muwatta-malik"
  },
  {
    "id": 597,
    "chapter_id": 16,
    "book_id": 7,
    "title": "জানাইয",
    "number": 16,
    "hadis_range": null,
    "book_name": "muwatta-malik"
  },
  {
    "id": 598,
    "chapter_id": 17,
    "book_id": 7,
    "title": "যাকাত",
    "number": 17,
    "hadis_range": null,
    "book_name": "muwatta-malik"
  },
  {
    "id": 599,
    "chapter_id": 18,
    "book_id": 7,
    "title": "রোযা",
    "number": 18,
    "hadis_range": null,
    "book_name": "muwatta-malik"
  },
  {
    "id": 600,
    "chapter_id": 19,
    "book_id": 7,
    "title": "ই’তিকাফ",
    "number": 19,
    "hadis_range": null,
    "book_name": "muwatta-malik"
  },
  {
    "id": 601,
    "chapter_id": 20,
    "book_id": 7,
    "title": "হজ্জ",
    "number": 20,
    "hadis_range": null,
    "book_name": "muwatta-malik"
  },
  {
    "id": 602,
    "chapter_id": 21,
    "book_id": 7,
    "title": "জিহাদ সম্পর্কিত",
    "number": 21,
    "hadis_range": null,
    "book_name": "muwatta-malik"
  },
  {
    "id": 603,
    "chapter_id": 22,
    "book_id": 7,
    "title": "মানত ও কসম সম্পর্কিত অধ্যায়",
    "number": 22,
    "hadis_range": null,
    "book_name": "muwatta-malik"
  },
  {
    "id": 604,
    "chapter_id": 23,
    "book_id": 7,
    "title": "কুরবানী সম্পর্কিত অধ্যায়",
    "number": 23,
    "hadis_range": null,
    "book_name": "muwatta-malik"
  },
  {
    "id": 605,
    "chapter_id": 24,
    "book_id": 7,
    "title": "যবেহ সম্পর্কিত অধ্যায়",
    "number": 24,
    "hadis_range": null,
    "book_name": "muwatta-malik"
  },
  {
    "id": 606,
    "chapter_id": 25,
    "book_id": 7,
    "title": "শিকার সম্পর্কীত অধ্যায়",
    "number": 25,
    "hadis_range": null,
    "book_name": "muwatta-malik"
  },
  {
    "id": 607,
    "chapter_id": 26,
    "book_id": 7,
    "title": "আকীকা সম্পর্কিত",
    "number": 26,
    "hadis_range": null,
    "book_name": "muwatta-malik"
  },
  {
    "id": 608,
    "chapter_id": 27,
    "book_id": 7,
    "title": "ফারায়েয",
    "number": 27,
    "hadis_range": null,
    "book_name": "muwatta-malik"
  },
  {
    "id": 609,
    "chapter_id": 28,
    "book_id": 7,
    "title": "বিবাহ",
    "number": 28,
    "hadis_range": null,
    "book_name": "muwatta-malik"
  },
  {
    "id": 610,
    "chapter_id": 29,
    "book_id": 7,
    "title": "তালাক অধ্যায়",
    "number": 29,
    "hadis_range": null,
    "book_name": "muwatta-malik"
  },
  {
    "id": 611,
    "chapter_id": 30,
    "book_id": 7,
    "title": "সন্তানের দুধ পান করানোর বিধান",
    "number": 30,
    "hadis_range": null,
    "book_name": "muwatta-malik"
  },
  {
    "id": 612,
    "chapter_id": 31,
    "book_id": 7,
    "title": "ক্রয়-বিক্রয় সংক্রান্ত",
    "number": 31,
    "hadis_range": null,
    "book_name": "muwatta-malik"
  },
  {
    "id": 613,
    "chapter_id": 32,
    "book_id": 7,
    "title": "শরীকী কারবার করা অধ্যায়",
    "number": 32,
    "hadis_range": null,
    "book_name": "muwatta-malik"
  },
  {
    "id": 614,
    "chapter_id": 33,
    "book_id": 7,
    "title": "শরীকানায় ফলের বাগানে উৎপাদন বিষয়ক অধ্যায়",
    "number": 33,
    "hadis_range": null,
    "book_name": "muwatta-malik"
  },
  {
    "id": 615,
    "chapter_id": 34,
    "book_id": 7,
    "title": "জমি (কেয়ারা) ভাড়া দেয়ার অধ্যায়",
    "number": 34,
    "hadis_range": null,
    "book_name": "muwatta-malik"
  },
  {
    "id": 616,
    "chapter_id": 35,
    "book_id": 7,
    "title": "শুফ্’আ",
    "number": 35,
    "hadis_range": null,
    "book_name": "muwatta-malik"
  },
  {
    "id": 617,
    "chapter_id": 36,
    "book_id": 7,
    "title": "বিচার সম্পর্কিত",
    "number": 36,
    "hadis_range": null,
    "book_name": "muwatta-malik"
  },
  {
    "id": 618,
    "chapter_id": 37,
    "book_id": 7,
    "title": "ওসীয়্যত সম্পর্কিত",
    "number": 37,
    "hadis_range": null,
    "book_name": "muwatta-malik"
  },
  {
    "id": 619,
    "chapter_id": 38,
    "book_id": 7,
    "title": "গোলাম আযাদ করা এবং স্বত্বাধিকার",
    "number": 38,
    "hadis_range": null,
    "book_name": "muwatta-malik"
  },
  {
    "id": 620,
    "chapter_id": 39,
    "book_id": 7,
    "title": "ক্রীতদাস আযাদীর জন্য অর্থ প্রদান করার চুক্তি করার অধ্যায়",
    "number": 39,
    "hadis_range": null,
    "book_name": "muwatta-malik"
  },
  {
    "id": 621,
    "chapter_id": 40,
    "book_id": 7,
    "title": "মুদাব্বার অধ্যায়",
    "number": 40,
    "hadis_range": null,
    "book_name": "muwatta-malik"
  },
  {
    "id": 622,
    "chapter_id": 41,
    "book_id": 7,
    "title": "হুদুদের অধ্যায়",
    "number": 41,
    "hadis_range": null,
    "book_name": "muwatta-malik"
  },
  {
    "id": 623,
    "chapter_id": 42,
    "book_id": 7,
    "title": "শরাবের বর্ণনা অধ্যায়",
    "number": 42,
    "hadis_range": null,
    "book_name": "muwatta-malik"
  },
  {
    "id": 624,
    "chapter_id": 43,
    "book_id": 7,
    "title": "দিয়াত অধ্যায়",
    "number": 43,
    "hadis_range": null,
    "book_name": "muwatta-malik"
  },
  {
    "id": 625,
    "chapter_id": 44,
    "book_id": 7,
    "title": "কাসামত বা কসম নেয়া অধ্যায়",
    "number": 44,
    "hadis_range": null,
    "book_name": "muwatta-malik"
  },
  {
    "id": 626,
    "chapter_id": 45,
    "book_id": 7,
    "title": "বিভিন্ন প্রকারের মাস‘আলা সম্বলিত অধ্যায়",
    "number": 45,
    "hadis_range": null,
    "book_name": "muwatta-malik"
  },
  {
    "id": 627,
    "chapter_id": 46,
    "book_id": 7,
    "title": "তকদীর অধ্যায়",
    "number": 46,
    "hadis_range": null,
    "book_name": "muwatta-malik"
  },
  {
    "id": 628,
    "chapter_id": 47,
    "book_id": 7,
    "title": "সৎস্বভাব বিষয়ক অধ্যায়",
    "number": 47,
    "hadis_range": null,
    "book_name": "muwatta-malik"
  },
  {
    "id": 629,
    "chapter_id": 48,
    "book_id": 7,
    "title": "পোশাক-পরিচ্ছদ অধ্যায়",
    "number": 48,
    "hadis_range": null,
    "book_name": "muwatta-malik"
  },
  {
    "id": 630,
    "chapter_id": 49,
    "book_id": 7,
    "title": "রসূলুল্লাহ্ সল্লাল্লাহু আলাইহি ওয়াসাল্লাম-এর দৈহিক গঠন সম্পর্কে",
    "number": 49,
    "hadis_range": null,
    "book_name": "muwatta-malik"
  },
  {
    "id": 631,
    "chapter_id": 50,
    "book_id": 7,
    "title": "বদনজর সংক্রান্ত অধ্যায়",
    "number": 50,
    "hadis_range": null,
    "book_name": "muwatta-malik"
  },
  {
    "id": 632,
    "chapter_id": 51,
    "book_id": 7,
    "title": "চুল বিষয়ক অধ্যায়",
    "number": 51,
    "hadis_range": null,
    "book_name": "muwatta-malik"
  },
  {
    "id": 633,
    "chapter_id": 52,
    "book_id": 7,
    "title": "স্বপ্ন সম্পর্কিত অধ্যায়",
    "number": 52,
    "hadis_range": null,
    "book_name": "muwatta-malik"
  },
  {
    "id": 634,
    "chapter_id": 53,
    "book_id": 7,
    "title": "সালাম সম্পর্কিত অধ্যায়",
    "number": 53,
    "hadis_range": null,
    "book_name": "muwatta-malik"
  },
  {
    "id": 635,
    "chapter_id": 54,
    "book_id": 7,
    "title": "ঘরে প্রবেশ করার অনুমতি গ্রহণ বিষয়ক অধ্যায়",
    "number": 54,
    "hadis_range": null,
    "book_name": "muwatta-malik"
  },
  {
    "id": 636,
    "chapter_id": 55,
    "book_id": 7,
    "title": "বায়‘আত অধ্যায়",
    "number": 55,
    "hadis_range": null,
    "book_name": "muwatta-malik"
  },
  {
    "id": 637,
    "chapter_id": 56,
    "book_id": 7,
    "title": "কথাবার্তা সম্পর্কিত অধ্যায়",
    "number": 56,
    "hadis_range": null,
    "book_name": "muwatta-malik"
  },
  {
    "id": 638,
    "chapter_id": 57,
    "book_id": 7,
    "title": "জাহান্নাম অধ্যায়",
    "number": 57,
    "hadis_range": null,
    "book_name": "muwatta-malik"
  },
  {
    "id": 639,
    "chapter_id": 58,
    "book_id": 7,
    "title": "সাদাকাহ্ সম্পর্কিত অধ্যায়",
    "number": 58,
    "hadis_range": null,
    "book_name": "muwatta-malik"
  },
  {
    "id": 640,
    "chapter_id": 59,
    "book_id": 7,
    "title": "ইলম অধ্যায়",
    "number": 59,
    "hadis_range": null,
    "book_name": "muwatta-malik"
  },
  {
    "id": 641,
    "chapter_id": 60,
    "book_id": 7,
    "title": "মযলুমের বদ দু‘আ অধ্যায়",
    "number": 60,
    "hadis_range": null,
    "book_name": "muwatta-malik"
  },
  {
    "id": 642,
    "chapter_id": 61,
    "book_id": 7,
    "title": "নবী সাল্লাল্লাহু ‘আলাইহি ওয়া সাল্লাম-এর পবিত্র নামসমূহ",
    "number": 61,
    "hadis_range": null,
    "book_name": "muwatta-malik"
  }
]