[
  {
    "id": 18159,
    "book_id": 7,
    "book_name": "muwatta-malik",
    "chapter_id": 7,
    "section_id": 1,
    "title": "রাত্রে নফল নামায আদায় করা",
    "preface": "",
    "number": "পরিচ্ছেদঃ ১",
    "sort_order": 1,
    "hadiths": [
      {
        "id": 49764,
        "book_id": 7,
        "book_name": "মুয়াত্তা ইমাম মালিক",
        "chapter_id": 7,
        "section_id": 1,
        "hadith_key": "মুয়াত্তা ইমাম মালিক: ২৪৭",
        "hadith_id": 247,
        "narrator": "আয়িশা (রাঃ)",
        "bn": "রসূলুল্লাহ সল্লাল্লাহু আলাইহি ওয়াসাল্লাম বলেছেন, যে ব্যক্তি রাত্রে কোন নফল নামায আদায়ে অভ্যস্ত কিন্তু তার উপর ঘুমের প্রভাববশত সে নামায আদায় করতে পারেনি, তবে আল্লাহ তা’আলা তাকে তার নামাযের সওয়াব প্রদান করবেন, আর নিদ্রা হবে তার জন্য সদকা (অর্থাৎ নামাযের জন্য তাকে হিসাব দিতে হবে না, উপরন্তু নিয়ত করার সওয়াবও পাবে)। (সহীহ, আবূ দাঊদ ১৩১৪, নাসাঈ ১৭৮৪, হাদীসটি আল্লামা আলবানী সহীহ বলেছেন সহীহ আল জামে’ ৫৬৯১)",
        "ar": "حَدَّثَنِي يَحْيَى عَنْ مَالِك عَنْ مُحَمَّدِ بْنِ الْمُنْكَدِرِ عَنْ سَعِيدِ بْنِ جُبَيْرٍ عَنْ رَجُلٍ عِنْدَهُ رِضًا أَنَّهُ أَخْبَرَهُ أَنَّ عَائِشَةَ زَوْجَ النَّبِيِّ صَلَّى اللهُ عَلَيْهِ وَسَلَّمَ أَخْبَرَتْهُ أَنَّ رَسُولَ اللهِ صَلَّى اللهُ عَلَيْهِ وَسَلَّمَ قَالَ مَا مِنْ امْرِئٍ تَكُونُ لَهُ صَلَاةٌ بِلَيْلٍ يَغْلِبُهُ عَلَيْهَا نَوْمٌ إِلَّا كَتَبَ اللهُ لَهُ أَجْرَ صَلَاتِهِ وَكَانَ نَوْمُهُ عَلَيْهِ صَدَقَةً.",
        "ar_diacless": "حدثني يحيى عن مالك عن محمد بن المنكدر عن سعيد بن جبير عن رجل عنده رضا أنه أخبره أن عائشة زوج النبي صلى الله عليه وسلم أخبرته أن رسول الله صلى الله عليه وسلم قال ما من امرئ تكون له صلاة بليل يغلبه عليها نوم إلا كتب الله له أجر صلاته وكان نومه عليه صدقة.",
        "note": "",
        "grade_id": 2,
        "grade": "সহিহ হাদিস",
        "grade_color": "#46B891"
      },
      {
        "id": 49765,
        "book_id": 7,
        "book_name": "মুয়াত্তা ইমাম মালিক",
        "chapter_id": 7,
        "section_id": 1,
        "hadith_key": "মুয়াত্তা ইমাম মালিক: ২৪৮",
        "hadith_id": 248,
        "narrator": "আয়িশা (রাঃ)",
        "bn": "আমি রসূলুল্লাহ সল্লাল্লাহু আলাইহি ওয়াসাল্লাম-এর সামনে ঘুমিয়ে থাকতাম, আমার দু’পা তাঁর কিবলার স্থলে থাকত। (অবস্থা এই ছিল) তিনি যখন সিজদায় যেতেন আমাকে চাপ দিতেন, তখন আমি আমার পা দুটিকে গুটিয়ে নিতাম; যখন তিনি দাঁড়াতেন আমার পা দুটিকে আবার লম্বা  করে দিতাম। তিনি আয়েশা (রাঃ) বলেন, সেকালে ঘরগুলোতে বাতি ছিল না। (বুখারী ৩৮২, মুসলিম ৫১২)",
        "ar": "و حَدَّثَنِي عَنْ مَالِك عَنْ أَبِي النَّضْرِ مَوْلَى عُمَرَ بْنِ عُبَيْدِ اللهِ عَنْ أَبِي سَلَمَةَ بْنِ عَبْدِ الرَّحْمَنِ عَنْ عَائِشَةَ زَوْجِ النَّبِيِّ صَلَّى اللهُ عَلَيْهِ وَسَلَّمَ أَنَّهَا قَالَتْ كُنْتُ أَنَامُ بَيْنَ يَدَيْ رَسُولِ اللهِ صَلَّى اللهُ عَلَيْهِ وَسَلَّمَ وَرِجْلَايَ فِي قِبْلَتِهِ فَإِذَا سَجَدَ غَمَزَنِي فَقَبَضْتُ رِجْلَيَّ فَإِذَا قَامَ بَسَطْتُهُمَا قَالَتْ وَالْبُيُوتُ يَوْمَئِذٍ لَيْسَ فِيهَا مَصَابِيحُ.",
        "ar_diacless": "و حدثني عن مالك عن أبي النضر مولى عمر بن عبيد الله عن أبي سلمة بن عبد الرحمن عن عائشة زوج النبي صلى الله عليه وسلم أنها قالت كنت أنام بين يدي رسول الله صلى الله عليه وسلم ورجلاي في قبلته فإذا سجد غمزني فقبضت رجلي فإذا قام بسطتهما قالت والبيوت يومئذ ليس فيها مصابيح.",
        "note": "",
        "grade_id": 2,
        "grade": "সহিহ হাদিস",
        "grade_color": "#46B891"
      },
      {
        "id": 49766,
        "book_id": 7,
        "book_name": "মুয়াত্তা ইমাম মালিক",
        "chapter_id": 7,
        "section_id": 1,
        "hadith_key": "মুয়াত্তা ইমাম মালিক: ২৪৯",
        "hadith_id": 249,
        "narrator": "আয়িশা (রাঃ)",
        "bn": "রসূলুল্লাহ সল্লাল্লাহু আলাইহি ওয়াসাল্লাম বলেছেন, তোমাদের কেউ নামাযে তন্দ্রাচ্ছন্ন হয়ে পড়লে সে যেন বসে পড়ে, যতক্ষণ তন্দ্রা ছুটে না যায়। কেননা তোমাদের কেউ তন্দ্রাবস্থায় নামায আদায় করলে, বলা যায় না, হয়তো সে ইস্তিগফার (ক্ষমা প্রার্থনা) করতে গিয়ে নিজের নফসকে মন্দ বলে ফেলবে। (বুখারী ২১২, মুসলিম ৭৮৬)",
        "ar": "و حَدَّثَنِي عَنْ مَالِك عَنْ هِشَامِ بْنِ عُرْوَةَ عَنْ أَبِيهِ عَنْ عَائِشَةَ زَوْجِ النَّبِيِّ صَلَّى اللهُ عَلَيْهِ وَسَلَّمَ أَنَّ رَسُولَ اللهِ صَلَّى اللهُ عَلَيْهِ وَسَلَّمَ قَالَ إِذَا نَعَسَ أَحَدُكُمْ فِي صَلَاتِهِ فَلْيَرْقُدْ حَتَّى يَذْهَبَ عَنْهُ النَّوْمُ فَإِنَّ أَحَدَكُمْ إِذَا صَلَّى وَهُوَ نَاعِسٌ لَا يَدْرِي لَعَلَّهُ يَذْهَبُ يَسْتَغْفِرُ فَيَسُبَّ نَفْسَهُ.",
        "ar_diacless": "و حدثني عن مالك عن هشام بن عروة عن أبيه عن عائشة زوج النبي صلى الله عليه وسلم أن رسول الله صلى الله عليه وسلم قال إذا نعس أحدكم في صلاته فليرقد حتى يذهب عنه النوم فإن أحدكم إذا صلى وهو ناعس لا يدري لعله يذهب يستغفر فيسب نفسه.",
        "note": "",
        "grade_id": 2,
        "grade": "সহিহ হাদিস",
        "grade_color": "#46B891"
      },
      {
        "id": 49768,
        "book_id": 7,
        "book_name": "মুয়াত্তা ইমাম মালিক",
        "chapter_id": 7,
        "section_id": 1,
        "hadith_key": "মুয়াত্তা ইমাম মালিক: ২৫০",
        "hadith_id": 250,
        "narrator": "ইসমাইল ইবনু আবী হাকিম (রাঃ)",
        "bn": "তিনি বলেন, তাঁর নিকট খবর পৌঁছেছে যে, রসূলুল্লাহ সল্লাল্লাহু আলাইহি ওয়াসাল্লাম জনৈকা স্ত্রীলোককে রাত্রিবেলা নামায আদায় করতে শুনলেন। তিনি বলেন, ইনি (স্ত্রীলোকটি) কে? (উত্তরে) তাঁকে বলা হল  স্ত্রীলোকটি হাওলা বিনতে তুয়াইত। সে সারারাত্রি ঘুমায় না। রসূলুল্লাহ সল্লাল্লাহু আলাইহি ওয়াসাল্লাম এতে অসন্তুষ্ট হলেন, এমন কি তাঁর চেহারা (মুবারক)-এর উপর নারাজি ভাব প্রকাশ পেল। অতঃপর তিনি ফরমালেন  নিশ্চয়ই আল্লাহ তা’আলা পরিশ্রান্ত হন না, যতক্ষণ তোমরা পরিশ্রান্ত না হও। ততটুকু আমলই কর যতটুকু করার সামর্থ্য রাখ। (বুখারী ৪৩, আয়েশা (রাঃ) থেকে বর্ণনা করেন, মুসলিম ৭৮৫)",
        "ar": "و حَدَّثَنِي عَنْ مَالِك عَنْ إِسْمَعِيلَ بْنِ أَبِي حَكِيمٍ أَنَّهُ بَلَغَهُ أَنَّ رَسُولَ اللهِ صَلَّى اللهُ عَلَيْهِ وَسَلَّمَ سَمِعَ امْرَأَةً مِنْ اللَّيْلِ تُصَلِّي فَقَالَ مَنْ هَذِهِ فَقِيلَ لَهُ هَذِهِ الْحَوْلَاءُ بِنْتُ تُوَيْتٍ لَا تَنَامُ اللَّيْلَ فَكَرِهَ ذَلِكَ رَسُولُ اللهِ صَلَّى اللهُ عَلَيْهِ وَسَلَّمَ حَتَّى عُرِفَتِ الْكَرَاهِيَةُ فِي وَجْهِهِ ثُمَّ قَالَ إِنَّ اللهَ تَبَارَكَ وَتَعَالَى لَا يَمَلُّ حَتَّى تَمَلُّوا اكْلَفُوا مِنْ الْعَمَلِ مَا لَكُمْ بِهِ طَاقَةٌ.",
        "ar_diacless": "و حدثني عن مالك عن إسمعيل بن أبي حكيم أنه بلغه أن رسول الله صلى الله عليه وسلم سمع امرأة من الليل تصلي فقال من هذه فقيل له هذه الحولاء بنت تويت لا تنام الليل فكره ذلك رسول الله صلى الله عليه وسلم حتى عرفت الكراهية في وجهه ثم قال إن الله تبارك وتعالى لا يمل حتى تملوا اكلفوا من العمل ما لكم به طاقة.",
        "note": "",
        "grade_id": 2,
        "grade": "সহিহ হাদিস",
        "grade_color": "#46B891"
      },
      {
        "id": 49769,
        "book_id": 7,
        "book_name": "মুয়াত্তা ইমাম মালিক",
        "chapter_id": 7,
        "section_id": 1,
        "hadith_key": "মুয়াত্তা ইমাম মালিক: ২৫১",
        "hadith_id": 251,
        "narrator": "যায়েদ বিন আসলাম (র)",
        "bn": "উমার ইবনু খাত্তাব (রাঃ) রাত্রে ‘যতক্ষণ আল্লাহ তাওফীক দিতেন’ নামায আদায় করতেন। অতঃপর যখন প্রত্যুষের সময় হত তিনি ঘরের লোকজনকে জাগিয়ে দিতেন। তাদের উদ্দেশ্যে বলতেন, الصَّلَاةَ الصَّلَاةَ (নামায, নামায)। অতঃপর কুরআন মজীদের এই আয়াতটি তিলাওয়াত করতেন \n\nوَأْمُرْ أَهْلَكَ بِالصَّلَاةِ وَاصْطَبِرْ عَلَيْهَا لَا نَسْأَلُكَ رِزْقًا نَحْنُ نَرْزُقُكَ وَالْعَاقِبَةُ لِلتَّقْوَى \n\nএবং তোমার পরিবারবর্গকে সালাতের আদেশ দাও ও উহাতে অবিচলিত থাক, আমি তোমার নিকট কোন জীবনোপকরণ চাই না; আমিই তোমাকে জীবনোপকরণ দেই এবং শুভ পরিণাম তো মুত্তাকীদের জন্য। (সূরা: ত্বোয়াহা, ১৩২)",
        "ar": "و حَدَّثَنِي عَنْ مَالِك عَنْ زَيْدِ بْنِ أَسْلَمَ عَنْ أَبِيهِ أَنَّ عُمَرَ بْنَ الْخَطَّابِ كَانَ يُصَلِّي مِنْ اللَّيْلِ مَا شَاءَ اللهُ حَتَّى إِذَا كَانَ مِنْ آخِرِ اللَّيْلِ أَيْقَظَ أَهْلَهُ لِلصَّلَاةِ يَقُولُ لَهُمْ الصَّلَاةَ الصَّلَاةَ ثُمَّ يَتْلُو هَذِهِ الْآيَةَ { وَأْمُرْ أَهْلَكَ بِالصَّلَاةِ وَاصْطَبِرْ عَلَيْهَا لَا نَسْأَلُكَ رِزْقًا نَحْنُ نَرْزُقُكَ وَالْعَاقِبَةُ لِلتَّقْوَى }.",
        "ar_diacless": "و حدثني عن مالك عن زيد بن أسلم عن أبيه أن عمر بن الخطاب كان يصلي من الليل ما شاء الله حتى إذا كان من آخر الليل أيقظ أهله للصلاة يقول لهم الصلاة الصلاة ثم يتلو هذه الآية { وأمر أهلك بالصلاة واصطبر عليها لا نسألك رزقا نحن نرزقك والعاقبة للتقوى }.",
        "note": "",
        "grade_id": 1,
        "grade": "নির্ণীত নয়",
        "grade_color": "#F0AD4E"
      },
      {
        "id": 49767,
        "book_id": 7,
        "book_name": "মুয়াত্তা ইমাম মালিক",
        "chapter_id": 7,
        "section_id": 1,
        "hadith_key": "মুয়াত্তা ইমাম মালিক: ২৫২",
        "hadith_id": 252,
        "narrator": "মালিক (র)",
        "bn": "সাঈদ ইবনু মুসায়্যাব (র) বলতেন, ইশা (নামায)-এর পূর্বে নিদ্রা এবং পরে আলাপ করা মাকরূহ। (ইমাম বুখারী মারফু সনদে আবূ বারযা থেকে বর্ণনা করেন ৫৬৮, মুসলিম ৬৪৫)",
        "ar": "و حَدَّثَنِي عَنْ مَالِك أَنَّهُ بَلَغَهُ أَنَّ سَعِيدَ بْنَ الْمُسَيَّبِ كَانَ يَقُولُ يُكْرَهُ النَّوْمُ قَبْلَ الْعِشَاءِ وَالْحَدِيثُ بَعْدَهَا.",
        "ar_diacless": "و حدثني عن مالك أنه بلغه أن سعيد بن المسيب كان يقول يكره النوم قبل العشاء والحديث بعدها.",
        "note": "",
        "grade_id": 2,
        "grade": "সহিহ হাদিস",
        "grade_color": "#46B891"
      },
      {
        "id": 49770,
        "book_id": 7,
        "book_name": "মুয়াত্তা ইমাম মালিক",
        "chapter_id": 7,
        "section_id": 1,
        "hadith_key": "মুয়াত্তা ইমাম মালিক: ২৫৩",
        "hadith_id": 253,
        "narrator": "মালিক (র)",
        "bn": "উমার ইবনু খাত্তাব (রাঃ) বলতেন, দিনের কি রাত্রের (নফল) নামায দুই-দুই রাক’আতই। প্রতি দুই রাক’আত পর সালাম ফিরাবে। (সহীহ, তিরমিযী ৪৩৭, আল্লামা আল বানী হাদীসটি সহীহ বলেছেন সহীহ আল জামে, ৩৮২৯, তবে ইমাম মালিক (রঃ) কর্তৃক উল্লেখিত সনদটির মধ্যে বিচ্ছিন্নতা রয়েছে)\nইয়াহইয়া (র) বলেন, মালিক (র) বলেছেন, এই বিষয়ে আমার সিদ্ধান্তও অনুরূপ।",
        "ar": "و حَدَّثَنِي عَنْ مَالِك أَنَّهُ بَلَغَهُ أَنَّ عَبْدَ اللهِ بْنَ عُمَرَ كَانَ يَقُولُ صَلَاةُ اللَّيْلِ وَالنَّهَارِ مَثْنَى مَثْنَى يُسَلِّمُ مِنْ كُلِّ رَكْعَتَيْنِ قَالَ مَالِك وَهُوَ الْأَمْرُ عِنْدَنَا.",
        "ar_diacless": "و حدثني عن مالك أنه بلغه أن عبد الله بن عمر كان يقول صلاة الليل والنهار مثنى مثنى يسلم من كل ركعتين قال مالك وهو الأمر عندنا.",
        "note": "",
        "grade_id": 6,
        "grade": "অন্যান্য",
        "grade_color": "#4A85CE"
      }
    ]
  },
  {
    "id": 18160,
    "book_id": 7,
    "book_name": "muwatta-malik",
    "chapter_id": 7,
    "section_id": 2,
    "title": "নবী সাল্লাল্লাহু আলাইহি ওয়া সাল্লাম-এর বিতরের নামাযের বর্ণনা",
    "preface": "",
    "number": "পরিচ্ছেদঃ ২",
    "sort_order": 2,
    "hadiths": [
      {
        "id": 49771,
        "book_id": 7,
        "book_name": "মুয়াত্তা ইমাম মালিক",
        "chapter_id": 7,
        "section_id": 2,
        "hadith_key": "মুয়াত্তা ইমাম মালিক: ২৫৪",
        "hadith_id": 254,
        "narrator": "আয়িশা (রাঃ)",
        "bn": "রসূলুল্লাহ সল্লাল্লাহু আলাইহি ওয়াসাল্লাম রাত্রে এগার রাক’আত নামায আদায় করতেন, তন্মধ্যে এক রাক’আত বিতর আদায় করতেন, নামায শেষ করলে তিনি ডান কাতে শয়ন করে বিশ্রাম করতেন। (বুখারী ৬৩১০, মুসলিম ৭৩৬)",
        "ar": "حَدَّثَنِي يَحْيَى عَنْ مَالِك عَنْ ابْنِ شِهَابٍ عَنْ عُرْوَةَ بْنِ الزُّبَيْرِ عَنْ عَائِشَةَ زَوْجِ النَّبِيِّ صَلَّى اللهُ عَلَيْهِ وَسَلَّمَ أَنَّ رَسُولَ اللهِ صَلَّى اللهُ عَلَيْهِ وَسَلَّمَ كَانَ يُصَلِّي مِنْ اللَّيْلِ إِحْدَى عَشْرَةَ رَكْعَةً يُوتِرُ مِنْهَا بِوَاحِدَةٍ فَإِذَا فَرَغَ اضْطَجَعَ عَلَى شِقِّهِ الْأَيْمَنِ.",
        "ar_diacless": "حدثني يحيى عن مالك عن ابن شهاب عن عروة بن الزبير عن عائشة زوج النبي صلى الله عليه وسلم أن رسول الله صلى الله عليه وسلم كان يصلي من الليل إحدى عشرة ركعة يوتر منها بواحدة فإذا فرغ اضطجع على شقه الأيمن.",
        "note": "",
        "grade_id": 2,
        "grade": "সহিহ হাদিস",
        "grade_color": "#46B891"
      },
      {
        "id": 49773,
        "book_id": 7,
        "book_name": "মুয়াত্তা ইমাম মালিক",
        "chapter_id": 7,
        "section_id": 2,
        "hadith_key": "মুয়াত্তা ইমাম মালিক: ২৫৫",
        "hadith_id": 255,
        "narrator": "আবূ সালমা ইব্নু আবদুর রহমান ইবনু আউফ (র)",
        "bn": "নাবী সল্লাল্লাহু আলাইহি ওয়াসাল্লাম-এর নিকট প্রশ্ন করেন, রমাযানে রসূলুল্লাহ সল্লাল্লাহু আলাইহি ওয়াসাল্লাম (রাত্রের নামায) এগার রাক’আতের উপর বর্ধিত করতেন না। তিনি চার রাক’আত আদায় করতেন, তুমি সেটার দৈর্ঘ ও সৌন্দর্য সম্পর্কে কিছু জিজ্ঞেস করো না। অতঃপর তিন রাক’আত আদায় করতেন।\nআয়েশা (রাঃ) বললেন, অতঃপর আমি জিজ্ঞেস করলাম  হে আল্লাহর রসূল, আপনি যে বিতরের পূর্বে ঘুমান? (উত্তরে) তিনি ফরমালেন  হে আয়েশা, (মনে রেখো) আমার চক্ষুদ্বয় ঘুমায় বটে কিন্তু আমার অন্তর ঘুমায় না। (বুখারী ১১৪৭, মুসলিম ৭৩৮)",
        "ar": "و حَدَّثَنِي عَنْ مَالِك عَنْ سَعِيدِ بْنِ أَبِي سَعِيدٍ الْمَقْبُرِيِّ عَنْ أَبِي سَلَمَةَ بْنِ عَبْدِ الرَّحْمَنِ بْنِ عَوْفٍ أَنَّهُ سَأَلَ عَائِشَةَ زَوْجَ النَّبِيِّ صَلَّى اللهُ عَلَيْهِ وَسَلَّمَ كَيْفَ كَانَتْ صَلَاةُ رَسُولِ اللهِ صَلَّى اللهُ عَلَيْهِ وَسَلَّمَ فِي رَمَضَانَ فَقَالَتْ مَا كَانَ رَسُولُ اللهِ صَلَّى اللهُ عَلَيْهِ وَسَلَّمَ يَزِيدُ فِي رَمَضَانَ وَلَا فِي غَيْرِهِ عَلَى إِحْدَى عَشْرَةَ رَكْعَةً يُصَلِّي أَرْبَعًا فَلَا تَسْأَلْ عَنْ حُسْنِهِنَّ وَطُولِهِنَّ ثُمَّ يُصَلِّي أَرْبَعًا فَلَا تَسْأَلْ عَنْ حُسْنِهِنَّ وَطُولِهِنَّ ثُمَّ يُصَلِّي ثَلَاثًا فَقَالَتْ عَائِشَةُ فَقُلْتُ يَا رَسُولَ اللهِ أَتَنَامُ قَبْلَ أَنْ تُوتِرَ فَقَالَ يَا عَائِشَةُ إِنَّ عَيْنَيَّ تَنَامَانِ وَلَا يَنَامُ قَلْبِي.",
        "ar_diacless": "و حدثني عن مالك عن سعيد بن أبي سعيد المقبري عن أبي سلمة بن عبد الرحمن بن عوف أنه سأل عائشة زوج النبي صلى الله عليه وسلم كيف كانت صلاة رسول الله صلى الله عليه وسلم في رمضان فقالت ما كان رسول الله صلى الله عليه وسلم يزيد في رمضان ولا في غيره على إحدى عشرة ركعة يصلي أربعا فلا تسأل عن حسنهن وطولهن ثم يصلي أربعا فلا تسأل عن حسنهن وطولهن ثم يصلي ثلاثا فقالت عائشة فقلت يا رسول الله أتنام قبل أن توتر فقال يا عائشة إن عيني تنامان ولا ينام قلبي.",
        "note": "",
        "grade_id": 2,
        "grade": "সহিহ হাদিস",
        "grade_color": "#46B891"
      },
      {
        "id": 49772,
        "book_id": 7,
        "book_name": "মুয়াত্তা ইমাম মালিক",
        "chapter_id": 7,
        "section_id": 2,
        "hadith_key": "মুয়াত্তা ইমাম মালিক: ২৫৬",
        "hadith_id": 256,
        "narrator": "আয়িশা (রাঃ)",
        "bn": "রসূলুল্লাহ সল্লাল্লাহু আলাইহি ওয়াসাল্লাম রাত্রেবেলা তের রাক’আত নামায আদায় করতেন। অতঃপর যখন ফজরের আযান শুনতেন, তখন হালকা দু’রাক’আত নামায আদায় করতেন। (বুখারী ১১৬৪, মুসলিম ৭৩৭)",
        "ar": "و حَدَّثَنِي عَنْ مَالِك عَنْ هِشَامِ بْنِ عُرْوَةَ عَنْ أَبِيهِ عَنْ عَائِشَةَ أُمِّ الْمُؤْمِنِينَ قَالَتْ، كَانَ رَسُولُ اللهِ صَلَّى اللهُ عَلَيْهِ وَسَلَّمَ يُصَلِّي بِاللَّيْلِ ثَلَاثَ عَشْرَةَ رَكْعَةً ثُمَّ يُصَلِّي إِذَا سَمِعَ النِّدَاءَ بِالصُّبْحِ رَكْعَتَيْنِ خَفِيفَتَيْنِ.",
        "ar_diacless": "و حدثني عن مالك عن هشام بن عروة عن أبيه عن عائشة أم المؤمنين قالت، كان رسول الله صلى الله عليه وسلم يصلي بالليل ثلاث عشرة ركعة ثم يصلي إذا سمع النداء بالصبح ركعتين خفيفتين.",
        "note": "",
        "grade_id": 2,
        "grade": "সহিহ হাদিস",
        "grade_color": "#46B891"
      },
      {
        "id": 49775,
        "book_id": 7,
        "book_name": "মুয়াত্তা ইমাম মালিক",
        "chapter_id": 7,
        "section_id": 2,
        "hadith_key": "মুয়াত্তা ইমাম মালিক: ২৫৭",
        "hadith_id": 257,
        "narrator": "আবদুল্লাহ ইবনু আব্বাস (রাঃ)",
        "bn": "তিনি তাঁর খালা নাবী সল্লাল্লাহু আলাইহি ওয়াসাল্লাম-এর সহধর্মিনী মায়মুনা (রাঃ)-এর নিকট রাত্রি যাপন করতেছিলেন। তিনি বলেছেন, আমি বিছানার প্রস্থে শুয়েছিলাম আর রসূলুল্লাহ সল্লাল্লাহু আলাইহি ওয়াসাল্লাম ও তাঁর পরিবার শুয়েছিলেন বিছানার দৈর্ঘ্য। অতঃপর নবী সল্লাল্লাহু আলাইহি ওয়াসাল্লাম ঘুমিয়ে পড়লেন। তারপর অর্ধ রাত্র অতিবাহিত হওয়ার কিছু পূর্বে অথবা পরে নবী সল্লাল্লাহু আলাইহি ওয়াসাল্লাম জাগ্রত হলেন এবং বসলেন, তারপর চেহারা (মুবারক)-এ হাত সঞ্চালন করে ঘুমের আমেজ দূর করলেন। অতঃপর সূরা আল্-ইমরানের শেষের দশটি আয়াত তিলাওয়াত করলেন। পরে একটি ঝুলানো পুরাতন মশক বা পাত্রের দিকে দণ্ডায়মান হলেন, সেখান থেকে পানি নিয়ে ওযূ করলেন। এবং উত্তমরূপে ওযূ করলেন, অতঃপর নামায আদায় করতে দাঁড়ালেন। ইবনু আব্বাস (রাঃ) বলেন, (এটা দেখে) আমিও দাঁড়াইলাম এবং নবী সল্লাল্লাহু আলাইহি ওয়াসাল্লাম যে (রকম) ওযূ করিয়াছিলেন সেই (রকম) ওযূ করলান। অতঃপর তাঁর পার্শ্বে দাঁড়ালাম। রসূলুল্লাহ সল্লাল্লাহু আলাইহি ওয়াসাল্লাম তাঁর ডান হাত আমার মাথার উপর রাখলেন এবং আমার ডান কান ধরে তাকে মলিতে শুরু করলেন, অতঃপর তিনি দু’রাক’আত আদায় করলেন, তারপর দু’রাক’আত, আবার দু’রাক’আত, আবার দু’রাক’আত, আবার দু’রাক’আত, আবার দু’রাক’আত, আদায় করলেন। তারপর বিতর আদায় করে বিশ্রাম করলেন মুয়াযযিন আসা পর্যন্ত। (মুয়াযযিন আযান দিলেন) তিনি সংক্ষিপ্ত দু’রাক’আত (নামায) আদায় করলেন, তারপর বের হয়ে ফজরের নামায আদায় করলেন। (বুখারী ১৮৩, মুসলিম ৭৬৩)",
        "ar": "و حَدَّثَنِي عَنْ مَالِك عَنْ مَخْرَمَةَ بْنِ سُلَيْمَانَ عَنْ كُرَيْبٍ مَوْلَى ابْنِ عَبَّاسٍ أَنَّ عَبْدَ اللهِ بْنَ عَبَّاسٍ أَخْبَرَهُ أَنَّهُ بَاتَ لَيْلَةً عِنْدَ مَيْمُونَةَ زَوْجِ النَّبِيِّ صَلَّى اللهُ عَلَيْهِ وَسَلَّمَ وَهِيَ خَالَتُهُ قَالَ فَاضْطَجَعْتُ فِي عَرْضِ الْوِسَادَةِ وَاضْطَجَعَ رَسُولُ اللهِ صَلَّى اللهُ عَلَيْهِ وَسَلَّمَ وَأَهْلُهُ فِي طُولِهَا فَنَامَ رَسُولُ اللهِ صَلَّى اللهُ عَلَيْهِ وَسَلَّمَ حَتَّى إِذَا انْتَصَفَ اللَّيْلُ أَوْ قَبْلَهُ بِقَلِيلٍ أَوْ بَعْدَهُ بِقَلِيلٍ اسْتَيْقَظَ رَسُولُ اللهِ صَلَّى اللهُ عَلَيْهِ وَسَلَّمَ فَجَلَسَ يَمْسَحُ النَّوْمَ عَنْ وَجْهِهِ بِيَدِهِ ثُمَّ قَرَأَ الْعَشْرَ الْآيَاتِ الْخَوَاتِمَ مِنْ سُورَةِ آلِ عِمْرَانَ ثُمَّ قَامَ إِلَى شَنٍّ مُعَلَّقٍ فَتَوَضَّأَ مِنْهُ فَأَحْسَنَ وُضُوءَهُ ثُمَّ قَامَ يُصَلِّي قَالَ ابْنُ عَبَّاسٍ فَقُمْتُ فَصَنَعْتُ مِثْلَ مَا صَنَعَ ثُمَّ ذَهَبْتُ فَقُمْتُ إِلَى جَنْبِهِ فَوَضَعَ رَسُولُ اللهِ صَلَّى اللهُ عَلَيْهِ وَسَلَّمَ يَدَهُ الْيُمْنَى عَلَى رَأْسِي وَأَخَذَ بِأُذُنِي الْيُمْنَى يَفْتِلُهَا فَصَلَّى رَكْعَتَيْنِ ثُمَّ رَكْعَتَيْنِ ثُمَّ رَكْعَتَيْنِ ثُمَّ رَكْعَتَيْنِ ثُمَّ رَكْعَتَيْنِ ثُمَّ رَكْعَتَيْنِ ثُمَّ أَوْتَرَ ثُمَّ اضْطَجَعَ حَتَّى أَتَاهُ الْمُؤَذِّنُ فَصَلَّى رَكْعَتَيْنِ خَفِيفَتَيْنِ ثُمَّ خَرَجَ فَصَلَّى الصُّبْحَ.",
        "ar_diacless": "و حدثني عن مالك عن مخرمة بن سليمان عن كريب مولى ابن عباس أن عبد الله بن عباس أخبره أنه بات ليلة عند ميمونة زوج النبي صلى الله عليه وسلم وهي خالته قال فاضطجعت في عرض الوسادة واضطجع رسول الله صلى الله عليه وسلم وأهله في طولها فنام رسول الله صلى الله عليه وسلم حتى إذا انتصف الليل أو قبله بقليل أو بعده بقليل استيقظ رسول الله صلى الله عليه وسلم فجلس يمسح النوم عن وجهه بيده ثم قرأ العشر الآيات الخواتم من سورة آل عمران ثم قام إلى شن معلق فتوضأ منه فأحسن وضوءه ثم قام يصلي قال ابن عباس فقمت فصنعت مثل ما صنع ثم ذهبت فقمت إلى جنبه فوضع رسول الله صلى الله عليه وسلم يده اليمنى على رأسي وأخذ بأذني اليمنى يفتلها فصلى ركعتين ثم ركعتين ثم ركعتين ثم ركعتين ثم ركعتين ثم ركعتين ثم أوتر ثم اضطجع حتى أتاه المؤذن فصلى ركعتين خفيفتين ثم خرج فصلى الصبح.",
        "note": "",
        "grade_id": 1,
        "grade": "নির্ণীত নয়",
        "grade_color": "#F0AD4E"
      },
      {
        "id": 49774,
        "book_id": 7,
        "book_name": "মুয়াত্তা ইমাম মালিক",
        "chapter_id": 7,
        "section_id": 2,
        "hadith_key": "মুয়াত্তা ইমাম মালিক: ২৫৮",
        "hadith_id": 258,
        "narrator": "যায়দ ইবনু খালিদ জুহানি (রাঃ)",
        "bn": "(একবার মনে মনে ইচ্ছা পোষণ করলাম) অবশ্যই রসূলুল্লাহ সল্লাল্লাহু আলাইহি ওয়াসাল্লাম-এর নামায কেমন হয় অন্য রাত্রে আমি তা অবলোকন করব। আমি তাঁর দরজায় অথবা তাঁবুতে ঠেস দিয়ে বসে রইলাম; অতঃপর রসূলুল্লাহ সল্লাল্লাহু আলাইহি ওয়াসাল্লাম দাঁড়ালেন, আর দীর্ঘ- অনেক দীর্ঘ দু’রাক’আত নামায আদায় করলেন, তারপর পূর্বের দু’রাক’আতের তুলনায় সংক্ষিপ্ত দু’রাক’আত আদায় করলেন। তারপর দু’রাক’আত আদায় করলেন দু’রাক’আত হতে সংক্ষিপ্ত, তারপর দু’রাক’আত আদায় করলেন, এই দু’রাক’আত পূর্বের দু’রাক’আত অপেক্ষা সংক্ষিপ্ত (সর্বশেষ বিতর আদায় করলেন এই হল তের রাক’আত)। তারপর পূর্বের দু’রাক’আতের তুলনায় সংক্ষিপ্ত দু’রাক’আত আদায় করলেন। (সহীহ, মুসলিম ১৮৩)",
        "ar": "و حَدَّثَنِي عَنْ مَالِك عَنْ عَبْدِ اللهِ بْنِ أَبِي بَكْرٍ عَنْ أَبِيهِ أَنَّ عَبْدَ اللهِ بْنَ قَيْسِ بْنِ مَخْرَمَةَ أَخْبَرَهُ عَنْ زَيْدِ بْنِ خَالِدٍ الْجُهَنِيِّ أَنَّهُ قَالَ، لَأَرْمُقَنَّ اللَّيْلَةَ صَلَاةَ رَسُولِ اللهِ صَلَّى اللهُ عَلَيْهِ وَسَلَّمَ قَالَ فَتَوَسَّدْتُ عَتَبَتَهُ أَوْ فُسْطَاطَهُ فَقَامَ رَسُولُ اللهِ صَلَّى اللهُ عَلَيْهِ وَسَلَّمَ فَصَلَّى رَكْعَتَيْنِ طَوِيلَتَيْنِ طَوِيلَتَيْنِ طَوِيلَتَيْنِ ثُمَّ صَلَّى رَكْعَتَيْنِ وَهُمَا دُونَ اللَّتَيْنِ قَبْلَهُمَا ثُمَّ صَلَّى رَكْعَتَيْنِ وَهُمَا دُونَ اللَّتَيْنِ قَبْلَهُمَا ثُمَّ صَلَّى رَكْعَتَيْنِ وَهُمَا دُونَ اللَّتَيْنِ قَبْلَهُمَا ثُمَّ صَلَّى رَكْعَتَيْنِ وَهُمَا دُونَ اللَّتَيْنِ قَبْلَهُمَا ثُمَّ صَلَّى رَكْعَتَيْنِ وَهُمَا دُونَ اللَّتَيْنِ قَبْلَهُمَا ثُمَّ أَوْتَرَ فَتِلْكَ ثَلَاثَ عَشْرَةَ رَكْعَةً.",
        "ar_diacless": "و حدثني عن مالك عن عبد الله بن أبي بكر عن أبيه أن عبد الله بن قيس بن مخرمة أخبره عن زيد بن خالد الجهني أنه قال، لأرمقن الليلة صلاة رسول الله صلى الله عليه وسلم قال فتوسدت عتبته أو فسطاطه فقام رسول الله صلى الله عليه وسلم فصلى ركعتين طويلتين طويلتين طويلتين ثم صلى ركعتين وهما دون اللتين قبلهما ثم صلى ركعتين وهما دون اللتين قبلهما ثم صلى ركعتين وهما دون اللتين قبلهما ثم صلى ركعتين وهما دون اللتين قبلهما ثم صلى ركعتين وهما دون اللتين قبلهما ثم أوتر فتلك ثلاث عشرة ركعة.",
        "note": "",
        "grade_id": 2,
        "grade": "সহিহ হাদিস",
        "grade_color": "#46B891"
      }
    ]
  },
  {
    "id": 18161,
    "book_id": 7,
    "book_name": "muwatta-malik",
    "chapter_id": 7,
    "section_id": 3,
    "title": "বিতর (নামায)-এর নির্দেশ",
    "preface": "",
    "number": "পরিচ্ছেদঃ ৩",
    "sort_order": 3,
    "hadiths": [
      {
        "id": 49787,
        "book_id": 7,
        "book_name": "মুয়াত্তা ইমাম মালিক",
        "chapter_id": 7,
        "section_id": 3,
        "hadith_key": "মুয়াত্তা ইমাম মালিক: ২৫৯",
        "hadith_id": 259,
        "narrator": "আবদুল্লাহ ইবনু উমার (রাঃ)",
        "bn": "এক ব্যক্তি রসূলুল্লাহ সল্লাল্লাহু আলাইহি ওয়াসাল্লাম-কে সালাতুল লায়ল (তাহাজ্জুদের নামায) সম্বন্ধে প্রশ্ন করলেন। রসূলুল্লাহ সাল্লাল্লাহু আলায়হি ওয়া সাল্লাম নির্দেশ দিয়েছেন  ‘সালাতুল-লায়ল’ দুই-দুই রাক’আত। অতঃপর যদি প্রভাত হওয়ার আশংকা হয় তবে এক রাক’আত আদায় করবে, এটা আদায়কৃত নামাযগুলোকে তার জন্য বিতর-এ (বিজোড়) পরিণত করবে। (বুখারী ৯৯১, মুসলিম ৭৪৯)",
        "ar": "حَدَّثَنِي يَحْيَى عَنْ مَالِك عَنْ نَافِعٍ وَعَبْدِ اللهِ بْنِ دِينَارٍ عَنْ عَبْدِ اللهِ بْنِ عُمَرَ أَنَّ رَجُلًا سَأَلَ رَسُولَ اللهِ صَلَّى اللهُ عَلَيْهِ وَسَلَّمَ عَنْ صَلَاةِ اللَّيْلِ فَقَالَ رَسُولُ اللهِ صَلَّى اللهُ عَلَيْهِ وَسَلَّمَ صَلَاةُ اللَّيْلِ مَثْنَى مَثْنَى فَإِذَا خَشِيَ أَحَدُكُمْ الصُّبْحَ صَلَّى رَكْعَةً وَاحِدَةً تُوتِرُ لَهُ مَا قَدْ صَلَّى.",
        "ar_diacless": "حدثني يحيى عن مالك عن نافع وعبد الله بن دينار عن عبد الله بن عمر أن رجلا سأل رسول الله صلى الله عليه وسلم عن صلاة الليل فقال رسول الله صلى الله عليه وسلم صلاة الليل مثنى مثنى فإذا خشي أحدكم الصبح صلى ركعة واحدة توتر له ما قد صلى.",
        "note": "",
        "grade_id": 2,
        "grade": "সহিহ হাদিস",
        "grade_color": "#46B891"
      },
      {
        "id": 49790,
        "book_id": 7,
        "book_name": "মুয়াত্তা ইমাম মালিক",
        "chapter_id": 7,
        "section_id": 3,
        "hadith_key": "মুয়াত্তা ইমাম মালিক: ২৬০",
        "hadith_id": 260,
        "narrator": "আবদুল্লাহ ইবনু মুহায়রীয (র)",
        "bn": "কেনানা গোত্রের এক ব্যক্তি, যাকে মুখদাজী বলা হত, তিনি শাম দেশের এক ব্যক্তিকে (যার উপনাম আবূ মুহাম্মাদ) বলতে শুনেছেন যে, বিতর-এর নামায ওয়াজিব। মুখদাজী বললেন, আমি উবাদা ইবনু সামিত (রাঃ)-এর কাছে গেলাম, তিনি তখন মসজিদে যাচ্ছিলেন। আমি তাঁর পথ ‘আটকে’ দাঁড়ালাম। অতঃপর আবূ মুহাম্মাদ যা বলেছেন তাঁকে উহার খবর দিলাম। উবাদা (রাঃ) বললেন, আল্লাহ তা’আলা বান্দাদের উপর পাঁচ ওয়াক্ত নামায ফরয করেন। যে ব্যক্তি তা আদায় করবে এবং তুচ্ছ ধারণা করে তার কোন প্রকার হক নষ্ট করবে না, তাঁর জন্য আল্লাহর নিকট এই প্রতিজ্ঞা রইল যে, তিনি তাঁকে বেহেশতে প্রবেশ করাবেন। আর যে তা আদায় করবে না, তাঁর প্রতি আল্লাহর কোন অঙ্গীকার থাকবে না। তিনি ইচ্ছা করলে তাকে শাস্তি দিবেন এবং ইচ্ছা করলে তাকে জান্নাতেও দাখিল করতে পারেন। (সহীহ, আবূ দাঊদ ৪২৫, নাসাঈ ৪৬১, ইবনু মাজাহ ১৪০১, আহমাদ ২২৭৪৫, আল্লামা আলবানী হাদীসটি সহীহ বলেছেন সহীহ আল জামে, ৩২৪৩)",
        "ar": "و حَدَّثَنِي عَنْ مَالِك عَنْ يَحْيَى بْنِ سَعِيدٍ عَنْ مُحَمَّدِ بْنِ يَحْيَى بْنِ حَبَّانَ عَنْ ابْنِ مُحَيْرِيزٍ أَنَّ رَجُلًا مِنْ بَنِي كِنَانَةَ يُدْعَى الْمُخْدَجِيَّ سَمِعَ رَجُلًا بِالشَّامِ يُكَنَّى أَبَا مُحَمَّدٍ يَقُولُ إِنَّ الْوِتْرَ وَاجِبٌ فَقَالَ الْمُخْدَجِيُّ فَرُحْتُ إِلَى عُبَادَةَ بْنِ الصَّامِتِ فَاعْتَرَضْتُ لَهُ وَهُوَ رَائِحٌ إِلَى الْمَسْجِدِ فَأَخْبَرْتُهُ بِالَّذِي قَالَ أَبُو مُحَمَّدٍ فَقَالَ عُبَادَةُ كَذَبَ أَبُو مُحَمَّدٍ سَمِعْتُ رَسُولَ اللهِ صَلَّى اللهُ عَلَيْهِ وَسَلَّمَ يَقُولُ خَمْسُ صَلَوَاتٍ كَتَبَهُنَّ اللهُ عَزَّ وَجَلَّ عَلَى الْعِبَادِ فَمَنْ جَاءَ بِهِنَّ لَمْ يُضَيِّعْ مِنْهُنَّ شَيْئًا اسْتِخْفَافًا بِحَقِّهِنَّ كَانَ لَهُ عِنْدَ اللهِ عَهْدٌ أَنْ يُدْخِلَهُ الْجَنَّةَ وَمَنْ لَمْ يَأْتِ بِهِنَّ فَلَيْسَ لَهُ عِنْدَ اللهِ عَهْدٌ إِنْ شَاءَ عَذَّبَهُ وَإِنْ شَاءَ أَدْخَلَهُ الْجَنَّةَ.",
        "ar_diacless": "و حدثني عن مالك عن يحيى بن سعيد عن محمد بن يحيى بن حبان عن ابن محيريز أن رجلا من بني كنانة يدعى المخدجي سمع رجلا بالشام يكنى أبا محمد يقول إن الوتر واجب فقال المخدجي فرحت إلى عبادة بن الصامت فاعترضت له وهو رائح إلى المسجد فأخبرته بالذي قال أبو محمد فقال عبادة كذب أبو محمد سمعت رسول الله صلى الله عليه وسلم يقول خمس صلوات كتبهن الله عز وجل على العباد فمن جاء بهن لم يضيع منهن شيئا استخفافا بحقهن كان له عند الله عهد أن يدخله الجنة ومن لم يأت بهن فليس له عند الله عهد إن شاء عذبه وإن شاء أدخله الجنة.",
        "note": "",
        "grade_id": 2,
        "grade": "সহিহ হাদিস",
        "grade_color": "#46B891"
      },
      {
        "id": 49789,
        "book_id": 7,
        "book_name": "মুয়াত্তা ইমাম মালিক",
        "chapter_id": 7,
        "section_id": 3,
        "hadith_key": "মুয়াত্তা ইমাম মালিক: ২৬১",
        "hadith_id": 261,
        "narrator": "সাঈদ ইবনু ইয়াসার (র)",
        "bn": "আমি আবদুল্লাহ ইবনু উমার (রাঃ)-এর সাথে মক্কার পথে ভ্রমণ করছিলাম। সাঈদ (র) বর্ণনা করলেন  যখন প্রভাত হওয়ার আশংকা করলাম, তখন বিতর আদায় করলাম এবং (তাড়াতাড়ি) এসে তাঁর সাথে একত্র হলাম। আবদুল্লাহ ইবনু উমার (রাঃ) প্রশ্ন করলেন  তুমি (এতক্ষণ) কোথায় ছিলে? আমি তাঁকে বললাম  ভোর হচ্ছে আশংকা করে নিচে নেমে বিতর আদায় করেছি। এটা (শুনে) আবদুল্লাহ (রাঃ) বললেন, তোমার জন্য রসূলুল্লাহ সল্লাল্লাহু আলাইহি ওয়াসাল্লাম-এর (কাজের মধ্যে) আদর্শ নাই কি? আমি বললাম  আল্লাহর কসম, হ্যাঁ আছে। তিনি বললেন, (মনে রেখ) রসূলুল্লাহ সল্লাল্লাহু আলাইহি ওয়াসাল্লাম উটের উপর বিতর আদায় করতেন। (বুখারী, ৯৯৯, মুসলিম ৭০০)",
        "ar": "و حَدَّثَنِي عَنْ مَالِك عَنْ أَبِي بَكْرِ بْنِ عُمَرَ عَنْ سَعِيدِ بْنِ يَسَارٍ قَالَ كُنْتُ أَسِيرُ مَعَ عَبْدِ اللهِ بْنِ عُمَرَ بِطَرِيقِ مَكَّةَ قَالَ سَعِيدٌ فَلَمَّا خَشِيتُ الصُّبْحَ نَزَلْتُ فَأَوْتَرْتُ ثُمَّ أَدْرَكْتُهُ فَقَالَ لِي عَبْدُ اللهِ بْنُ عُمَرَ أَيْنَ كُنْتَ فَقُلْتُ لَهُ خَشِيتُ الصُّبْحَ فَنَزَلْتُ فَأَوْتَرْتُ فَقَالَ عَبْدُ اللهِ أَلَيْسَ لَكَ فِي رَسُولِ اللهِ أُسْوَةٌ فَقُلْتُ بَلَى وَاللهِ فَقَالَ إِنَّ رَسُولَ اللهِ صَلَّى اللهُ عَلَيْهِ وَسَلَّمَ كَانَ يُوتِرُ عَلَى الْبَعِيْرِ.",
        "ar_diacless": "و حدثني عن مالك عن أبي بكر بن عمر عن سعيد بن يسار قال كنت أسير مع عبد الله بن عمر بطريق مكة قال سعيد فلما خشيت الصبح نزلت فأوترت ثم أدركته فقال لي عبد الله بن عمر أين كنت فقلت له خشيت الصبح فنزلت فأوترت فقال عبد الله أليس لك في رسول الله أسوة فقلت بلى والله فقال إن رسول الله صلى الله عليه وسلم كان يوتر على البعير.",
        "note": "",
        "grade_id": 3,
        "grade": "হাসান হাদিস",
        "grade_color": "#46B891"
      },
      {
        "id": 49786,
        "book_id": 7,
        "book_name": "মুয়াত্তা ইমাম মালিক",
        "chapter_id": 7,
        "section_id": 3,
        "hadith_key": "মুয়াত্তা ইমাম মালিক: ২৬২",
        "hadith_id": 262,
        "narrator": "সাঈদ ইবনু মুসায়্যাব (র)",
        "bn": "আবূ বাকর সিদ্দীক (রাঃ) শয্যা গ্রহণের ইচ্ছা করলে বিতর আদায় করে নিতেন। আর উমার (রাঃ) শেষ রাত্রে বিতর আদায় করতেন। সাঈদ ইবনু মুসায়্যাব বলেন, (আমার অভ্যাস হল এই) আমি যখন শয্যা গ্রহণ করতে আসি তখন বিতর আদায় করে নেই। (হাদীসটি ইমাম মালিক (রঃ) একক ভাবে বর্ণনা করেছেন)",
        "ar": "و حَدَّثَنِي عَنْ مَالِك عَنْ يَحْيَى بْنِ سَعِيدٍ عَنْ سَعِيدِ بْنِ الْمُسَيَّبِ أَنَّهُ قَالَ كَانَ أَبُو بَكْرٍ الصِّدِّيقُ إِذَا أَرَادَ أَنْ يَأْتِيَ فِرَاشَهُ أَوْتَرَ وَكَانَ عُمَرُ بْنُ الْخَطَّابِ يُوتِرُ آخِرَ اللَّيْلِ قَالَ سَعِيدُ بْنُ الْمُسَيَّبِ فَأَمَّا أَنَا فَإِذَا جِئْتُ فِرَاشِي أَوْتَرْتُ.",
        "ar_diacless": "و حدثني عن مالك عن يحيى بن سعيد عن سعيد بن المسيب أنه قال كان أبو بكر الصديق إذا أراد أن يأتي فراشه أوتر وكان عمر بن الخطاب يوتر آخر الليل قال سعيد بن المسيب فأما أنا فإذا جئت فراشي أوترت.",
        "note": "",
        "grade_id": 1,
        "grade": "নির্ণীত নয়",
        "grade_color": "#F0AD4E"
      },
      {
        "id": 49785,
        "book_id": 7,
        "book_name": "মুয়াত্তা ইমাম মালিক",
        "chapter_id": 7,
        "section_id": 3,
        "hadith_key": "মুয়াত্তা ইমাম মালিক: ২৬৩",
        "hadith_id": 263,
        "narrator": "মালিক (র)",
        "bn": "তাঁর নিকট বর্ণনা পৌঁছেছে যে, এক ব্যক্তি আবদুল্লাহ্ ইবনু উমর (রাঃ)-কে বিতর (নামায) ওয়াজিব কিনা জানতে চাইলেন। (উত্তরে) তিনি বললেন, রসূলুল্লাহ সল্লাল্লাহু আলাইহি ওয়াসাল্লাম বিতর আদায় করেছেন এবং মুসলমানগণও বিতর আদায় করেছেন। বর্ণনাকারী বলেন, (প্রশ্নকারী) সে ব্যক্তিটি বারবার তাকে জিজ্ঞেস করছিলেন  বিতর ওয়াজিব কি না? (উত্তরে) আবদুল্লাহ (রা) বারবার বলেছেন। (হাদীসটি ইমাম মালিক (রঃ) একক ভাবে বর্ণনা করেছেন)",
        "ar": "و حَدَّثَنِي عَنْ مَالِك أَنَّهُ بَلَغَهُ أَنَّ رَجُلًا سَأَلَ عَبْدَ اللهِ بْنَ عُمَرَ عَنْ الْوِتْرِ أَوَاجِبٌ هُوَ فَقَالَ عَبْدُ اللهِ بْنُ عُمَرَ قَدْ أَوْتَرَ رَسُولُ اللهِ صَلَّى اللهُ عَلَيْهِ وَسَلَّمَ وَأَوْتَرَ الْمُسْلِمُونَ فَجَعَلَ الرَّجُلُ يُرَدِّدُ عَلَيْهِ وَعَبْدُ اللهِ بْنُ عُمَرَ يَقُولُ أَوْتَرَ رَسُولُ اللهِ صَلَّى اللهُ عَلَيْهِ وَسَلَّمَ وَأَوْتَرَ الْمُسْلِمُونَ.",
        "ar_diacless": "و حدثني عن مالك أنه بلغه أن رجلا سأل عبد الله بن عمر عن الوتر أواجب هو فقال عبد الله بن عمر قد أوتر رسول الله صلى الله عليه وسلم وأوتر المسلمون فجعل الرجل يردد عليه وعبد الله بن عمر يقول أوتر رسول الله صلى الله عليه وسلم وأوتر المسلمون.",
        "note": "",
        "grade_id": 1,
        "grade": "নির্ণীত নয়",
        "grade_color": "#F0AD4E"
      },
      {
        "id": 49788,
        "book_id": 7,
        "book_name": "মুয়াত্তা ইমাম মালিক",
        "chapter_id": 7,
        "section_id": 3,
        "hadith_key": "মুয়াত্তা ইমাম মালিক: ২৬৪",
        "hadith_id": 264,
        "narrator": "মালিক (র)",
        "bn": "নাবী সল্লাল্লাহু আলাইহি ওয়াসাল্লাম-এর সহধর্মিণী আয়েশা (রাঃ) বলেছেন, যার এ আশংকা থাকে যে, সে ভোর হওয়া পর্যন্ত ঘুমাবে, তবে সে ঘুমের পূর্বেই বিতর আদায় করে নিবে। আর যে ব্যক্তি শেষ রাত্রে উঠবার ভরসা রাখে সে বিতর পরে (শেষ রাত্রে) আদায় করবে। (হাদীসটি ইমাম মালিক (রঃ) একক ভাবে বর্ণনা করেছেন)",
        "ar": "و حَدَّثَنِي عَنْ مَالِك أَنَّهُ بَلَغَهُ أَنَّ عَائِشَةَ زَوْجَ النَّبِيِّ صَلَّى اللهُ عَلَيْهِ وَسَلَّمَ كَانَتْ تَقُولُ مَنْ خَشِيَ أَنْ يَنَامَ حَتَّى يُصْبِحَ فَلْيُوتِرْ قَبْلَ أَنْ يَنَامَ وَمَنْ رَجَا أَنْ يَسْتَيْقِظَ آخِرَ اللَّيْلِ فَلْيُؤَخِّرْ وِتْرَهُ.",
        "ar_diacless": "و حدثني عن مالك أنه بلغه أن عائشة زوج النبي صلى الله عليه وسلم كانت تقول من خشي أن ينام حتى يصبح فليوتر قبل أن ينام ومن رجا أن يستيقظ آخر الليل فليؤخر وتره.",
        "note": "",
        "grade_id": 1,
        "grade": "নির্ণীত নয়",
        "grade_color": "#F0AD4E"
      },
      {
        "id": 49792,
        "book_id": 7,
        "book_name": "মুয়াত্তা ইমাম মালিক",
        "chapter_id": 7,
        "section_id": 3,
        "hadith_key": "মুয়াত্তা ইমাম মালিক: ২৬৫",
        "hadith_id": 265,
        "narrator": "মালিক (র)",
        "bn": "নাফি’ (র) বলেছেন, তিনি মক্কার পথে আবদুল্লাহ ইবনু উমার (রাঃ)-এর সাথে ছিলেন। তখন আকাশ ছিল মেঘাচ্ছন্ন। তাই আবদুল্লাহ (ইবনু উমার) (রা) ভোর হওয়ার আশংকা করলেন এবং এক রাক’আত বিতর আদায় করে নিলেন। অতঃপর মেঘ দূরীভূত হলে তিনি দেখলেন এখনও রাত্র কিছু অবশিষ্ট আছে। তখন তিনি আর এক রাক’আত দ্বারা জোড় (নামায) করে নিলেন। অতঃপর দুই-দুই রাক’আত করে আরও নামায আদায় করলেন। যখন প্রভাত নিকটবর্তী মনে করলেন তখন এক রাক’আত বিতর আদায় করে নিলেন। (হাদীসটি ইমাম মালিক (রঃ) একক ভাবে বর্ণনা করেছেন)",
        "ar": "و حَدَّثَنِي عَنْ مَالِك عَنْ نَافِعٍ أَنَّهُ قَالَ كُنْتُ مَعَ عَبْدِ اللهِ بْنِ عُمَرَ بِمَكَّةَ وَالسَّمَاءُ مُغِيمَةٌ فَخَشِيَ عَبْدُ اللهِ الصُّبْحَ فَأَوْتَرَ بِوَاحِدَةٍ ثُمَّ انْكَشَفَ الْغَيْمُ فَرَأَى أَنَّ عَلَيْهِ لَيْلًا فَشَفَعَ بِوَاحِدَةٍ ثُمَّ صَلَّى بَعْدَ ذَلِكَ رَكْعَتَيْنِ رَكْعَتَيْنِ فَلَمَّا خَشِيَ الصُّبْحَ أَوْتَرَ بِوَاحِدَةٍ.",
        "ar_diacless": "و حدثني عن مالك عن نافع أنه قال كنت مع عبد الله بن عمر بمكة والسماء مغيمة فخشي عبد الله الصبح فأوتر بواحدة ثم انكشف الغيم فرأى أن عليه ليلا فشفع بواحدة ثم صلى بعد ذلك ركعتين ركعتين فلما خشي الصبح أوتر بواحدة.",
        "note": "",
        "grade_id": 1,
        "grade": "নির্ণীত নয়",
        "grade_color": "#F0AD4E"
      },
      {
        "id": 49791,
        "book_id": 7,
        "book_name": "মুয়াত্তা ইমাম মালিক",
        "chapter_id": 7,
        "section_id": 3,
        "hadith_key": "মুয়াত্তা ইমাম মালিক: ২৬৬",
        "hadith_id": 266,
        "narrator": "নাফি’ (র)",
        "bn": "আবদুল্লাহ ইবনু উমার (রাঃ) বিতর-এর এক রাক’আত এবং তৎপূর্বের দু’ রাক’আতের মাঝখানে সালাম ফিরাতেন। এমন কি তাঁর প্রয়োজনীয় বিষয়ে নির্দেশও প্রদান করতেন। (হাদীসটি ইমাম মালিক (রঃ) এককভাবে বর্ণনা করেছেন)",
        "ar": "و حَدَّثَنِي عَنْ مَالِك عَنْ نَافِعٍ أَنَّ عَبْدَ اللهِ بْنَ عُمَرَ كَانَ يُسَلِّمُ بَيْنَ الرَّكْعَتَيْنِ وَالرَّكْعَةِ فِي الْوِتْرِ حَتَّى يَأْمُرَ بِبَعْضِ حَاجَتِهِ.",
        "ar_diacless": "و حدثني عن مالك عن نافع أن عبد الله بن عمر كان يسلم بين الركعتين والركعة في الوتر حتى يأمر ببعض حاجته.",
        "note": "",
        "grade_id": 1,
        "grade": "নির্ণীত নয়",
        "grade_color": "#F0AD4E"
      },
      {
        "id": 49793,
        "book_id": 7,
        "book_name": "মুয়াত্তা ইমাম মালিক",
        "chapter_id": 7,
        "section_id": 3,
        "hadith_key": "মুয়াত্তা ইমাম মালিক: ২৬৭",
        "hadith_id": 267,
        "narrator": "ইবনু শিহাব (র)",
        "bn": "সাদ ইবনু আবি ওয়াককাস (রাঃ) ইশার পর এক রাক’আত বিতর আদায় করতেন। মালিক (র) বলেন, এর (এক রাক’আত বিতরের) উপর আমাদের আমল নাই। বরং সর্বনিম্ন বিতর-এর সংখ্যা তিন রাক’আত। (হাদীসটি ইমাম মালিক (রঃ) একক ভাবে বর্ণনা করেছেন)",
        "ar": "و حَدَّثَنِي عَنْ مَالِك عَنْ ابْنِ شِهَابٍ أَنَّ سَعْدَ بْنَ أَبِي وَقَّاصٍ كَانَ يُوتِرُ بَعْدَ الْعَتَمَةِ بِوَاحِدَةٍ قَالَ مَالِك وَلَيْسَ عَلَى هَذَا الْعَمَلُ عِنْدَنَا وَلَكِنْ أَدْنَى الْوِتْرِ ثَلَاثٌ.",
        "ar_diacless": "و حدثني عن مالك عن ابن شهاب أن سعد بن أبي وقاص كان يوتر بعد العتمة بواحدة قال مالك وليس على هذا العمل عندنا ولكن أدنى الوتر ثلاث.",
        "note": "",
        "grade_id": 1,
        "grade": "নির্ণীত নয়",
        "grade_color": "#F0AD4E"
      },
      {
        "id": 49794,
        "book_id": 7,
        "book_name": "মুয়াত্তা ইমাম মালিক",
        "chapter_id": 7,
        "section_id": 3,
        "hadith_key": "মুয়াত্তা ইমাম মালিক: ২৬৮",
        "hadith_id": 268,
        "narrator": "আবদুল্লাহ ইবনু দীনার (র)",
        "bn": "আবদুল্লাহ ইবনু উমার (রাঃ) বলতেন, মাগরিবের নামায হল দিনের বিতর। (হাদীসটি ইমাম মালিক (রঃ) একক ভাবে বর্ণনা করেছেন)\nমালিক (র) বলেছেন, যে ব্যক্তি রাত্রের প্রথমভাগে বিতর আদায় করে ঘুমিয়েছেন, অতঃপর জেগেছেন, তখন তাঁর নামায পড়বার ইচ্ছা হল। তবে তিনি দুই দুই রাক’আত করে আদায় করবেন। আমি (এই নামায সম্বন্ধে) যা শুনেছি তন্মধ্যে এটাই আমার পছন্দনীয়।",
        "ar": "و حَدَّثَنِي عَنْ مَالِك عَنْ عَبْدِ اللهِ بْنِ دِينَارٍ أَنَّ عَبْدَ اللهِ بْنَ عُمَرَ كَانَ يَقُولُ صَلَاةُ الْمَغْرِبِ وِتْرُ صَلَاةِ النَّهَارِ ৪قَالَ مَالِك مَنْ أَوْتَرَ أَوَّلَ اللَّيْلِ ثُمَّ نَامَ ثُمَّ قَامَ فَبَدَا لَهُ أَنْ يُصَلِّيَ فَلْيُصَلِّ مَثْنَى مَثْنَى فَهُوَ أَحَبُّ مَا سَمِعْتُ إِلَيَّ.",
        "ar_diacless": "و حدثني عن مالك عن عبد الله بن دينار أن عبد الله بن عمر كان يقول صلاة المغرب وتر صلاة النهار ৪قال مالك من أوتر أول الليل ثم نام ثم قام فبدا له أن يصلي فليصل مثنى مثنى فهو أحب ما سمعت إلي.",
        "note": "",
        "grade_id": 1,
        "grade": "নির্ণীত নয়",
        "grade_color": "#F0AD4E"
      }
    ]
  },
  {
    "id": 18162,
    "book_id": 7,
    "book_name": "muwatta-malik",
    "chapter_id": 7,
    "section_id": 4,
    "title": "ফজর-এর (সুবহে সাদিক) পর বিতর আদায় করা",
    "preface": "",
    "number": "পরিচ্ছেদঃ ৪",
    "sort_order": 4,
    "hadiths": [
      {
        "id": 49795,
        "book_id": 7,
        "book_name": "মুয়াত্তা ইমাম মালিক",
        "chapter_id": 7,
        "section_id": 4,
        "hadith_key": "মুয়াত্তা ইমাম মালিক: ২৬৯",
        "hadith_id": 269,
        "narrator": "সাঈদ ইবনু যুবায়র (র)",
        "bn": "আবদুল্লাহ ইবনু আব্বাস (রাঃ) এক রাত্রে ঘুমালেন। জাগ্রত হওয়ার পর খাদিমকে বললেন, দেখে আস লোকজন কি করেছে। সে সময় তাঁর দৃষ্টিশক্তি চলে গিয়েছিল। খাদিম গেল এবং ফিরে এসে বলল, লোকজন ফজরের নামায হতে প্রত্যাবর্তন করেছে। তারপর আবদুল্লাহ (রা) দাঁড়িয়ে বিতর আদায় করলেন, তারপর ফজর-এর নামায আদায় করলেন। (হাদীসটি ইমাম মালিক (রঃ) একক ভাবে বর্ণনা করেছেন)",
        "ar": "حَدَّثَنِي يَحْيَى عَنْ مَالِك عَنْ عَبْدِ الْكَرِيمِ بْنِ أَبِي الْمُخَارِقِ الْبَصْرِيِّ عَنْ سَعِيدِ بْنِ جُبَيْرٍ أَنَّ عَبْدَ اللهِ بْنَ عَبَّاسٍ رَقَدَ ثُمَّ اسْتَيْقَظَ فَقَالَ لِخَادِمِهِ انْظُرْ مَا صَنَعَ النَّاسُ وَهُوَ يَوْمَئِذٍ قَدْ ذَهَبَ بَصَرُهُ فَذَهَبَ الْخَادِمُ ثُمَّ رَجَعَ فَقَالَ قَدْ انْصَرَفَ النَّاسُ مِنْ الصُّبْحِ فَقَامَ عَبْدُ اللهِ بْنُ عَبَّاسٍ فَأَوْتَرَ ثُمَّ صَلَّى الصُّبْحَ.",
        "ar_diacless": "حدثني يحيى عن مالك عن عبد الكريم بن أبي المخارق البصري عن سعيد بن جبير أن عبد الله بن عباس رقد ثم استيقظ فقال لخادمه انظر ما صنع الناس وهو يومئذ قد ذهب بصره فذهب الخادم ثم رجع فقال قد انصرف الناس من الصبح فقام عبد الله بن عباس فأوتر ثم صلى الصبح.",
        "note": "",
        "grade_id": 1,
        "grade": "নির্ণীত নয়",
        "grade_color": "#F0AD4E"
      },
      {
        "id": 49796,
        "book_id": 7,
        "book_name": "মুয়াত্তা ইমাম মালিক",
        "chapter_id": 7,
        "section_id": 4,
        "hadith_key": "মুয়াত্তা ইমাম মালিক: ২৭০",
        "hadith_id": 270,
        "narrator": "মালিক (র)",
        "bn": "আবদুল্লাহ ইবনু আব্বাস, উবাদা ইবনু সামিত (রাঃ), কাসিম ইবনু মুহাম্মাদ (রাঃ), আবদুল্লাহ ইবনু আমির ইবনু রাবীআ (র) (তাঁরা প্রত্যেকেই) ভোর হওয়ার পর বিতর আদায় করেছেন। (হাদীসটি ইমাম মালিক (রঃ) একক ভাবে বর্ণনা করেছেন)",
        "ar": "و حَدَّثَنِي عَنْ مَالِك أَنَّهُ بَلَغَهُ أَنَّ عَبْدَ اللهِ بْنَ عَبَّاسٍ وَعُبَادَةَ بْنَ الصَّامِتِ وَالْقَاسِمَ بْنَ مُحَمَّدٍ وَعَبْدَ اللهِ بْنَ عَامِرِ بْنِ رَبِيعَةَ قَدْ أَوْتَرُوا بَعْدَ الْفَجْرِ.",
        "ar_diacless": "و حدثني عن مالك أنه بلغه أن عبد الله بن عباس وعبادة بن الصامت والقاسم بن محمد وعبد الله بن عامر بن ربيعة قد أوتروا بعد الفجر.",
        "note": "",
        "grade_id": 1,
        "grade": "নির্ণীত নয়",
        "grade_color": "#F0AD4E"
      },
      {
        "id": 49797,
        "book_id": 7,
        "book_name": "মুয়াত্তা ইমাম মালিক",
        "chapter_id": 7,
        "section_id": 4,
        "hadith_key": "মুয়াত্তা ইমাম মালিক: ২৭১",
        "hadith_id": 271,
        "narrator": "আবদুল্লাহ্ ইবনু মাসউদ (রাঃ)",
        "bn": "যদি ফজরের নামায আরম্ভ হয়ে যায় এবং আমি তখন বিতর আদায় করতেছি, এতে আমি উৎকণ্ঠা বোধ করি না। (হাদীসটি ইমাম মালিক (রঃ) একক ভাবে বর্ণনা করেছেন)",
        "ar": "و حَدَّثَنِي عَنْ مَالِك عَنْ هِشَامِ بْنِ عُرْوَةَ عَنْ أَبِيهِ أَنَّ عَبْدَ اللهِ بْنَ مَسْعُودٍ قَالَ مَا أُبَالِي لَوْ أُقِيمَتْ صَلَاةُ الصُّبْحِ وَأَنَا أُوتِرُ.",
        "ar_diacless": "و حدثني عن مالك عن هشام بن عروة عن أبيه أن عبد الله بن مسعود قال ما أبالي لو أقيمت صلاة الصبح وأنا أوتر.",
        "note": "",
        "grade_id": 1,
        "grade": "নির্ণীত নয়",
        "grade_color": "#F0AD4E"
      },
      {
        "id": 49798,
        "book_id": 7,
        "book_name": "মুয়াত্তা ইমাম মালিক",
        "chapter_id": 7,
        "section_id": 4,
        "hadith_key": "মুয়াত্তা ইমাম মালিক: ২৭২",
        "hadith_id": 272,
        "narrator": "ইয়াহইয়া ইবনু সাঈদ  (র)",
        "bn": "উবাদা ইবনু সামিত (র) এক সম্প্রদায়ের ইমামতি করতেন। একদিন ফজর আদায়ের জন্য গেলেন, তখন মুয়াযযিন ফজরের নামায-এর ইকামত বলতে শুরু করলেন, উবাদা তাকে বিরত করলেন, অতঃপর (প্রথমে) বিতর নামায আদায় করলেন। (তারপর) তাদের ফজরের নামায আদায় করালেন। (হাদীসটি ইমাম মালিক (রঃ) একক ভাবে বর্ণনা করেছেন)",
        "ar": "و حَدَّثَنِي عَنْ مَالِك عَنْ يَحْيَى بْنِ سَعِيدٍ أَنَّهُ قَالَ كَانَ عُبَادَةُ بْنُ الصَّامِتِ يَؤُمُّ قَوْمًا فَخَرَجَ يَوْمًا إِلَى الصُّبْحِ فَأَقَامَ الْمُؤَذِّنُ صَلَاةَ الصُّبْحِ فَأَسْكَتَهُ عُبَادَةُ حَتَّى أَوْتَرَ ثُمَّ صَلَّى بِهِمْ الصُّبْحَ.",
        "ar_diacless": "و حدثني عن مالك عن يحيى بن سعيد أنه قال كان عبادة بن الصامت يؤم قوما فخرج يوما إلى الصبح فأقام المؤذن صلاة الصبح فأسكته عبادة حتى أوتر ثم صلى بهم الصبح.",
        "note": "",
        "grade_id": 1,
        "grade": "নির্ণীত নয়",
        "grade_color": "#F0AD4E"
      },
      {
        "id": 49800,
        "book_id": 7,
        "book_name": "মুয়াত্তা ইমাম মালিক",
        "chapter_id": 7,
        "section_id": 4,
        "hadith_key": "মুয়াত্তা ইমাম মালিক: ২৭৩",
        "hadith_id": 273,
        "narrator": "মালিক (র)",
        "bn": "আমি আবদুল্লাহ্ ইবনু আমীর ইবনু রবী’আ (র)-কে বলতে শুনেছি, (অনেক সময় এমনও হয়) আমি বিতর আদায় করি, এমতাবস্থায় আমি ইকামত শুনতে পাচ্ছি অথবা (তিনি বলেছেন) ফজরের পর। আবদুর রহমান (র) কোনটি বলেছেন সে বিষয়ে রবী’আ (র) দ্বিধা প্রকাশ করেন। (হাদীসটি ইমাম মালিক (রঃ) একক ভাবে বর্ণনা করেছেন)",
        "ar": "و حَدَّثَنِي عَنْ مَالِك عَنْ عَبْدِ الرَّحْمَنِ بْنِ الْقَاسِمِ أَنَّهُ قَالَ سَمِعْتُ عَبْدَ اللهِ بْنَ عَامِرِ بْنِ رَبِيعَةَ يَقُولُ إِنِّي لَأُوتِرُ وَأَنَا أَسْمَعُ الْإِقَامَةَ أَوْ بَعْدَ الْفَجْرِ يَشُكُّ عَبْدُ الرَّحْمَنِ أَيَّ ذَلِكَ قَالَ.",
        "ar_diacless": "و حدثني عن مالك عن عبد الرحمن بن القاسم أنه قال سمعت عبد الله بن عامر بن ربيعة يقول إني لأوتر وأنا أسمع الإقامة أو بعد الفجر يشك عبد الرحمن أي ذلك قال.",
        "note": "",
        "grade_id": 1,
        "grade": "নির্ণীত নয়",
        "grade_color": "#F0AD4E"
      },
      {
        "id": 49799,
        "book_id": 7,
        "book_name": "মুয়াত্তা ইমাম মালিক",
        "chapter_id": 7,
        "section_id": 4,
        "hadith_key": "মুয়াত্তা ইমাম মালিক: ২৭৪",
        "hadith_id": 274,
        "narrator": "আবদুর রহমান ইবনু কাসিম (র)",
        "bn": "আমি ফজরের পর বিতর আদায় করি। (হাদীসটি ইমাম মালিক (রঃ) একক ভাবে বর্ণনা করেছেন)\nইয়াহইয়া (র) বলেন, মালিক (র) বলেছেন, যে ব্যক্তি ঘুমের কারণে বিতর আদায় করতে পারেনি, সে-ই ফজরের পর বিতর আদায় করতে পারে। ইচ্ছাপূর্বক কারো পক্ষে এরূপ করা ঠিক নয় যে, সে বিতরের নামায রেখে দেবে এবং ফজরের পরে আদায় করবে।",
        "ar": "و حَدَّثَنِي مَالِك عَنْ عَبْدِ الرَّحْمَنِ بْنِ الْقَاسِمِ أَنَّهُ سَمِعَ أَبَاهُ الْقَاسِمَ بْنَ مُحَمَّدٍ يَقُولُ إِنِّي لَأُوتِرُ بَعْدَ الْفَجْرِ ৪১৭-قَالَ مَالِك وَإِنَّمَا يُوتِرُ بَعْدَ الْفَجْرِ مَنْ نَامَ عَنْ الْوِتْرِ وَلَا يَنْبَغِي لِأَحَدٍ أَنْ يَتَعَمَّدَ ذَلِكَ حَتَّى يَضَعَ وِتْرَهُ بَعْدَ الْفَجْرِ.",
        "ar_diacless": "و حدثني مالك عن عبد الرحمن بن القاسم أنه سمع أباه القاسم بن محمد يقول إني لأوتر بعد الفجر ৪১৭-قال مالك وإنما يوتر بعد الفجر من نام عن الوتر ولا ينبغي لأحد أن يتعمد ذلك حتى يضع وتره بعد الفجر.",
        "note": "",
        "grade_id": 1,
        "grade": "নির্ণীত নয়",
        "grade_color": "#F0AD4E"
      }
    ]
  },
  {
    "id": 18163,
    "book_id": 7,
    "book_name": "muwatta-malik",
    "chapter_id": 7,
    "section_id": 5,
    "title": "ফজরের দুই রাক’আত (সুন্নত নামায)-এর বর্ণনা",
    "preface": "",
    "number": "পরিচ্ছেদঃ ৫",
    "sort_order": 5,
    "hadiths": [
      {
        "id": 49801,
        "book_id": 7,
        "book_name": "মুয়াত্তা ইমাম মালিক",
        "chapter_id": 7,
        "section_id": 5,
        "hadith_key": "মুয়াত্তা ইমাম মালিক: ২৭৫",
        "hadith_id": 275,
        "narrator": "হাফসা (রাঃ)",
        "bn": "আবদুল্লাহ ইবনু উমার (রা)-এর নিকট বর্ণনা করেন যে, যখন মুয়াযযিন ফজরের নামাযের জন্য আযান দিয়ে নীরব হতেন, তখন রসূলুল্লাহ সল্লাল্লাহু আলাইহি ওয়াসাল্লাম সংক্ষিপ্ত দু’রাক’আত নামায আদায় করতেন। আর এটা হতো ফজরের নামায শুরু হবার পূর্বে। (বুখারী ৬১৮, মুসলিম ৭২৩)",
        "ar": "حَدَّثَنِي يَحْيَى عَنْ مَالِك عَنْ نَافِعٍ عَنْ عَبْدِ اللهِ بْنِ عُمَرَ أَنَّ حَفْصَةَ زَوْجَ النَّبِيِّ صَلَّى اللهُ عَلَيْهِ وَسَلَّمَ أَخْبَرَتْهُ أَنَّ رَسُولَ اللهِ صَلَّى اللهُ عَلَيْهِ وَسَلَّمَ كَانَ إِذَا سَكَتَ الْمُؤَذِّنُ عَنْ الْأَذَانِ لِصَلَاةِ الصُّبْحِ صَلَّى رَكْعَتَيْنِ خَفِيفَتَيْنِ قَبْلَ أَنْ تُقَامَ الصَّلَاةُ.",
        "ar_diacless": "حدثني يحيى عن مالك عن نافع عن عبد الله بن عمر أن حفصة زوج النبي صلى الله عليه وسلم أخبرته أن رسول الله صلى الله عليه وسلم كان إذا سكت المؤذن عن الأذان لصلاة الصبح صلى ركعتين خفيفتين قبل أن تقام الصلاة.",
        "note": "",
        "grade_id": 2,
        "grade": "সহিহ হাদিস",
        "grade_color": "#46B891"
      },
      {
        "id": 49805,
        "book_id": 7,
        "book_name": "মুয়াত্তা ইমাম মালিক",
        "chapter_id": 7,
        "section_id": 5,
        "hadith_key": "মুয়াত্তা ইমাম মালিক: ২৭৬",
        "hadith_id": 276,
        "narrator": "ইয়াহইয়া ইবনু সাঈদ (র)",
        "bn": "নবী করীম সল্লাল্লাহু আলাইহি ওয়াসাল্লাম-এর সহধর্মিণী আয়েশা (রাঃ) বলেছেন, রসূলুল্লাহ সল্লাল্লাহু আলাইহি ওয়াসাল্লাম ফজরের দুই রাক’আত (সুন্নত) খুবই সংক্ষিপ্তভাবে আদায় করতেন, এমন কি আমি (মনে মনে) বলতাম, তিনি সূরা ফাতিহা পাঠ করেছেন, না পাঠ করেননি। (বুখারী ১১৬৫, মুসলিম ৭২৪, তবে ইমাম মালিক কর্তৃক বর্ণিত হাদীসের সনদে ====== বিচ্ছিন্নতা রয়েছে)",
        "ar": "و حَدَّثَنِي عَنْ مَالِك عَنْ يَحْيَى بْنِ سَعِيدٍ أَنَّ عَائِشَةَ زَوْجَ النَّبِيِّ صَلَّى اللهُ عَلَيْهِ وَسَلَّمَ قَالَتْ إِنْ كَانَ رَسُولُ اللهِ صَلَّى اللهُ عَلَيْهِ وَسَلَّمَ لَيُخَفِّفُ رَكْعَتَيْ الْفَجْرِ حَتَّى إِنِّي لَأَقُولُ أَقَرَأَ بِأُمِّ الْقُرْآنِ أَمْ لَا.",
        "ar_diacless": "و حدثني عن مالك عن يحيى بن سعيد أن عائشة زوج النبي صلى الله عليه وسلم قالت إن كان رسول الله صلى الله عليه وسلم ليخفف ركعتي الفجر حتى إني لأقول أقرأ بأم القرآن أم لا.",
        "note": "",
        "grade_id": 6,
        "grade": "অন্যান্য",
        "grade_color": "#4A85CE"
      },
      {
        "id": 49804,
        "book_id": 7,
        "book_name": "মুয়াত্তা ইমাম মালিক",
        "chapter_id": 7,
        "section_id": 5,
        "hadith_key": "মুয়াত্তা ইমাম মালিক: ২৭৭",
        "hadith_id": 277,
        "narrator": "আবূ সালমা ইবনু আবদুর রহমান ইবনু আউফ (র)",
        "bn": "এক সম্প্রদায় ইকামত শুনলেন, (শোনার পর) তাঁরা (ফজরের সুন্নত) নামায আদায় করতে দাঁড়িয়ে গেলেন। এমন সময় তাঁদের মধ্যে রসূলুল্লাহ সল্লাল্লাহু আলাইহি ওয়াসাল্লাম এলেন। তিনি (এটা দেখে) বললেন, দুই নামায এক সাথে! দুই নামায এক সাথে! এটা ফজরের নামাযের ঘটনা, ফজরের পূর্বের দুই রাক’আত সম্পর্কে এটা বলা হয়েছে। (হাদীসটি ইমাম মালিক (রঃ) একক ভাবে বর্ণনা করেছেন)",
        "ar": "و حَدَّثَنِي عَنْ مَالِك عَنْ شَرِيكِ بْنِ عَبْدِ اللهِ بْنِ أَبِي نَمِرٍ عَنْ أَبِي سَلَمَةَ بْنِ عَبْدِ الرَّحْمَنِ أَنَّهُ قَالَ سَمِعَ قَوْمٌ الْإِقَامَةَ فَقَامُوا يُصَلُّونَ فَخَرَجَ عَلَيْهِمْ رَسُولُ اللهِ صَلَّى اللهُ عَلَيْهِ وَسَلَّمَ فَقَالَ أَصَلَاتَانِ مَعًا أَصَلَاتَانِ مَعًا وَذَلِكَ فِي صَلَاةِ الصُّبْحِ فِي الرَّكْعَتَيْنِ اللَّتَيْنِ قَبْلَ الصُّبْحِ.",
        "ar_diacless": "و حدثني عن مالك عن شريك بن عبد الله بن أبي نمر عن أبي سلمة بن عبد الرحمن أنه قال سمع قوم الإقامة فقاموا يصلون فخرج عليهم رسول الله صلى الله عليه وسلم فقال أصلاتان معا أصلاتان معا وذلك في صلاة الصبح في الركعتين اللتين قبل الصبح.",
        "note": "",
        "grade_id": 1,
        "grade": "নির্ণীত নয়",
        "grade_color": "#F0AD4E"
      },
      {
        "id": 49803,
        "book_id": 7,
        "book_name": "মুয়াত্তা ইমাম মালিক",
        "chapter_id": 7,
        "section_id": 5,
        "hadith_key": "মুয়াত্তা ইমাম মালিক: ২৭৮",
        "hadith_id": 278,
        "narrator": "মালিক (র)",
        "bn": "আবদুল্লাহ্ ইবনু উমার (রা) ফজরের দু’রাক’আত (সুন্নত) আদায় করতে পারেননি। তিনি উক্ত দুই রাক’আত নামায সূর্যোদয়ের পর কাযা আদায় করলেন। (হাদীসটি ইমাম মালিক (রঃ) একক ভাবে বর্ণনা করেছেন)",
        "ar": "و حَدَّثَنِي عَنْ مَالِك أَنَّهُ بَلَغَهُ أَنَّ عَبْدَ اللهِ بْنَ عُمَرَ فَاتَتْهُ رَكْعَتَا الْفَجْرِ فَقَضَاهُمَا بَعْدَ أَنْ طَلَعَتْ الشَّمْسُ.",
        "ar_diacless": "و حدثني عن مالك أنه بلغه أن عبد الله بن عمر فاتته ركعتا الفجر فقضاهما بعد أن طلعت الشمس.",
        "note": "",
        "grade_id": 1,
        "grade": "নির্ণীত নয়",
        "grade_color": "#F0AD4E"
      },
      {
        "id": 49802,
        "book_id": 7,
        "book_name": "মুয়াত্তা ইমাম মালিক",
        "chapter_id": 7,
        "section_id": 5,
        "hadith_key": "মুয়াত্তা ইমাম মালিক: ২৭৯",
        "hadith_id": 279,
        "narrator": "ইবনু উমার (রা)",
        "bn": "যেরূপ (দুই রাক’আত সুন্নত কাযা) করেছেন কাসিম ইবনু মুহাম্মাদ (রাঃ)-ও সেরূপ কাযা আদায় করেছেন। (হাদীসটি ইমাম মালিক (রঃ) একক ভাবে বর্ণনা করেছেন)",
        "ar": "و حَدَّثَنِي عَنْ مَالِك عَنْ عَبْدِ الرَّحْمَنِ بْنِ الْقَاسِمِ عَنْ الْقَاسِمِ بْنِ مُحَمَّدٍ أَنَّهُ صَنَعَ مِثْلَ الَّذِي صَنَعَ ابْنُ عُمَرَ.",
        "ar_diacless": "و حدثني عن مالك عن عبد الرحمن بن القاسم عن القاسم بن محمد أنه صنع مثل الذي صنع ابن عمر.",
        "note": "",
        "grade_id": 1,
        "grade": "নির্ণীত নয়",
        "grade_color": "#F0AD4E"
      }
    ]
  }
]