[
  {
    "id": 18784,
    "book_id": 7,
    "book_name": "muwatta-malik",
    "chapter_id": 59,
    "section_id": 1,
    "title": "ইলম অন্বেষন করা প্রসঙ্গ",
    "preface": "",
    "number": "পরিচ্ছেদ ১:",
    "sort_order": 1,
    "hadiths": [
      {
        "id": 50708,
        "book_id": 7,
        "book_name": "মুয়াত্তা ইমাম মালিক",
        "chapter_id": 59,
        "section_id": 1,
        "hadith_key": "মুয়াত্তা ইমাম মালিক: ১৮৩০",
        "hadith_id": 1830,
        "narrator": "মালিক (রহঃ)",
        "bn": "লুকমান হাকীম (আঃ) স্বীয় ছেলেকে (মৃত্যুকালে) উপদেশ দিয়েছেন, বৎস! আলিমগণের মজলিসে বসিও এবং তাঁদের নিকটে হাঁটু পেতে (আদব সহকারে) বসিও। কেননা আল্লাহ তা‘আলা হিকমতের নূর দ্বারা হৃদয়কে এমনভাবে সঞ্জীবিত করেন যেমন মৃত যমীনকে বৃষ্টির পানি দ্বারা জীবিত করেন। (ইমাম তাবারানী কাবীর গ্রন্থে মারফু সনদে বর্ণনা করেন ৭/২২১)",
        "ar": "حَدَّثَنِي عَنْ مَالِك أَنَّهُ بَلَغَهُ أَنَّ لُقْمَانَ الْحَكِيمَ أَوْصَى ابْنَهُ فَقَالَ يَا بُنَيَّ جَالِسْ الْعُلَمَاءَ وَزَاحِمْهُمْ بِرُكْبَتَيْكَ فَإِنَّ اللهَ يُحْيِي الْقُلُوبَ بِنُورِ الْحِكْمَةِ كَمَا يُحْيِي اللهُ الْأَرْضَ الْمَيْتَةَ بِوَابِلِ السَّمَاءُُُُِ",
        "ar_diacless": "حدثني عن مالك أنه بلغه أن لقمان الحكيم أوصى ابنه فقال يا بني جالس العلماء وزاحمهم بركبتيك فإن الله يحيي القلوب بنور الحكمة كما يحيي الله الأرض الميتة بوابل السماء",
        "note": "",
        "grade_id": 1,
        "grade": "নির্ণীত নয়",
        "grade_color": "#F0AD4E"
      }
    ]
  }
]