[
  {
    "id": 18147,
    "book_id": 7,
    "book_name": "muwatta-malik",
    "chapter_id": 4,
    "section_id": 1,
    "title": "ভুলভ্রান্তি হলে কি করণীয়",
    "preface": "",
    "number": "পরিচ্ছেদঃ ১",
    "sort_order": 1,
    "hadiths": [
      {
        "id": 49613,
        "book_id": 7,
        "book_name": "মুয়াত্তা ইমাম মালিক",
        "chapter_id": 4,
        "section_id": 1,
        "hadith_key": "মুয়াত্তা ইমাম মালিক: ২১৬",
        "hadith_id": 216,
        "narrator": "আবূ হুরাইরা (রাঃ)",
        "bn": "রসূলুল্লাহ সল্লাল্লাহু আলাইহি ওয়াসাল্লাম বলেছেন, (এমনও হয়) তোমাদের কেউ যখন নামাযে দাঁড়ায় তখন শয়তান উপস্থিত হয়; অতঃপর তার উপর ইলতিবাস [১]  সৃষ্টি করে। ফলে সে কত রাক’আত পড়েছে তা স্মরণ করতে পারে না। তোমাদের কেউ এইরূপ অবস্থার সম্মুখীন হলে তবে সে যেন বসা অবস্থায়ই দুটি (সহু) সিজদা করে নেয়। (বুখারী ১২৩২, মুসলিম ৩৮৯)",
        "ar": "حَدَّثَنِي يَحْيَى عَنْ مَالِك عَنْ ابْنِ شِهَابٍ عَنْ أَبِي سَلَمَةَ بْنِ عَبْدِ الرَّحْمَنِ بْنِ عَوْفٍ عَنْ أَبِي هُرَيْرَةَ أَنَّ رَسُولَ اللهِ صَلَّى اللهُ عَلَيْهِ وَسَلَّمَ قَالَ إِنَّ أَحَدَكُمْ إِذَا قَامَ يُصَلِّي جَاءَهُ الشَّيْطَانُ فَلَبَسَ عَلَيْهِ حَتَّى لَا يَدْرِيَ كَمْ صَلَّى فَإِذَا وَجَدَ ذَلِكَ أَحَدُكُمْ فَلْيَسْجُدْ سَجْدَتَيْنِ وَهُوَ جَالِسٌ.",
        "ar_diacless": "حدثني يحيى عن مالك عن ابن شهاب عن أبي سلمة بن عبد الرحمن بن عوف عن أبي هريرة أن رسول الله صلى الله عليه وسلم قال إن أحدكم إذا قام يصلي جاءه الشيطان فلبس عليه حتى لا يدري كم صلى فإذا وجد ذلك أحدكم فليسجد سجدتين وهو جالس.",
        "note": "[১] التباس (ইলতিবাস): অস্পষ্টতা, বিজড়ন, জটিলতা।",
        "grade_id": 2,
        "grade": "সহিহ হাদিস",
        "grade_color": "#46B891"
      },
      {
        "id": 49614,
        "book_id": 7,
        "book_name": "মুয়াত্তা ইমাম মালিক",
        "chapter_id": 4,
        "section_id": 1,
        "hadith_key": "মুয়াত্তা ইমাম মালিক: ২১৭",
        "hadith_id": 217,
        "narrator": "মালিক (র)",
        "bn": "তাঁর কাছে হাদীস পৌঁছেছে যে, রসূলুল্লাহ সল্লাল্লাহু আলাইহি ওয়াসাল্লাম বলেছেন, আমি ভুলে থাকি অথবা ভুলিয়ে দেয়া হয় এজন্য, যেন আমি হুকুম বা বিধান বর্ণনা করি। (হাদীসটি ইমাম মালিক (রঃ) একক ভাবে বর্ণনা করেছেন)",
        "ar": "و حَدَّثَنِي عَنْ مَالِك أَنَّهُ بَلَغَهُ أَنَّ رَسُولَ اللهِ صَلَّى اللهُ عَلَيْهِ وَسَلَّمَ قَالَ إِنِّي لَأَنْسَى أَوْ أُنَسَّى لِأَسُنَّ.",
        "ar_diacless": "و حدثني عن مالك أنه بلغه أن رسول الله صلى الله عليه وسلم قال إني لأنسى أو أنسى لأسن.",
        "note": "",
        "grade_id": 1,
        "grade": "নির্ণীত নয়",
        "grade_color": "#F0AD4E"
      },
      {
        "id": 49615,
        "book_id": 7,
        "book_name": "মুয়াত্তা ইমাম মালিক",
        "chapter_id": 4,
        "section_id": 1,
        "hadith_key": "মুয়াত্তা ইমাম মালিক: ২১৮",
        "hadith_id": 218,
        "narrator": "মালিক (র)",
        "bn": "এক ব্যক্তি কাসিম ইবনু মুহাম্মাদ (র)-কে প্রশ্ন করল  আমি আমার নামাযে সন্দেহে (ওহমে) লিপ্ত হই এবং ইহা আমার প্রায়ই ঘটে থাকে। কাসিম (র) উত্তর দিলেন  তুমি নামায (সমাপ্ত হওয়া পর্যন্ত) পড়তে থাক, শয়তান তোমাকে ছেড়ে যাবে না যতক্ষণ তুমি নামায সমাপ্ত করে এটা না বলবে, ‘আমি নামায সমাপ্ত করিনি।’ (হাদীসটি ইমাম মালিক (রঃ) একক ভাবে বর্ণনা করেছেন)",
        "ar": "و حَدَّثَنِي عَنْ مَالِك أَنَّهُ بَلَغَهُ أَنَّ رَجُلًا سَأَلَ الْقَاسِمَ بْنَ مُحَمَّدٍ فَقَالَ إِنِّي أَهِمُ فِي صَلَاتِي فَيَكْثُرُ ذَلِكَ عَلَيَّ فَقَالَ الْقَاسِمُ بْنُ مُحَمَّدٍ امْضِ فِي صَلَاتِكَ فَإِنَّهُ لَنْ يَذْهَبَ عَنْكَ حَتَّى تَنْصَرِفَ وَأَنْتَ تَقُولُ مَا أَتْمَمْتُ صَلَاتِي.",
        "ar_diacless": "و حدثني عن مالك أنه بلغه أن رجلا سأل القاسم بن محمد فقال إني أهم في صلاتي فيكثر ذلك علي فقال القاسم بن محمد امض في صلاتك فإنه لن يذهب عنك حتى تنصرف وأنت تقول ما أتممت صلاتي.",
        "note": "",
        "grade_id": 1,
        "grade": "নির্ণীত নয়",
        "grade_color": "#F0AD4E"
      }
    ]
  }
]