[
  {
    "id": 18628,
    "book_id": 7,
    "book_name": "muwatta-malik",
    "chapter_id": 46,
    "section_id": 1,
    "title": "তকদীরের ব্যাপারে বিতর্ক করা নিষেধ",
    "preface": "",
    "number": "পরিচ্ছেদঃ ১",
    "sort_order": 1,
    "hadiths": [
      {
        "id": 50021,
        "book_id": 7,
        "book_name": "মুয়াত্তা ইমাম মালিক",
        "chapter_id": 46,
        "section_id": 1,
        "hadith_key": "মুয়াত্তা ইমাম মালিক: ১৬০২",
        "hadith_id": 1602,
        "narrator": "আবূ হুরায়রা (রা)",
        "bn": "রসূলুল্লাহ্ সল্লাল্লাহু আলাইহি ওয়াসাল্লাম বলেছেন, আদম ও মূসা (আ)-এর মধ্যে তর্ক হয়েছিল। অবশেষে আদম (আ) মূসা (আ)-এর উপর তর্কে জয়ী হয়েছিলেন। মূসা (আ) বলেছিলেন, আপনি ঐ আদম যিনি বহু লোককে পথভ্রষ্ট করেছেন। আর তাদেরকে বেহেশত হতে বের করেছেন। আদম (আ) বললেন, তুমি তো ঐ মূসা যাকে আল্লাহ্ সর্বপ্রকার ইলম দান করেছিলেন, এবং লোকদের মাঝ থেকে তাকে চয়ন করে নবী বানিয়ে ছিলেন। মূসা (আ) বললেন, হ্যাঁ। অতঃপর আদম (আ) বললেন, তা সত্ত্বেও তুমি আমাকে এমন কাজের ব্যাপারে দোষারোপ করছ, যা আমার সৃষ্টির পূর্বেই আমার তকদীরে লেখা ছিল। (বুখারী ৩৪০৯, মুসলিম ২৬৫২)",
        "ar": "و حَدَّثَنِي عَنْ مَالِك عَنْ أَبِي الزِّنَادِ عَنْ الْأَعْرَجِ عَنْ أَبِي هُرَيْرَةَ\n\nأَنَّ رَسُولَ اللهِ صَلَّى اللهُ عَلَيْهِ وَسَلَّمَ قَالَ تَحَاجَّ آدَمُ وَمُوسَى فَحَجَّ آدَمُ مُوسَى قَالَ لَهُ مُوسَى أَنْتَ آدَمُ الَّذِي أَغْوَيْتَ النَّاسَ وَأَخْرَجْتَهُمْ مِنْ الْجَنَّةِ فَقَالَ لَهُ آدَمُ أَنْتَ مُوسَى الَّذِي أَعْطَاهُ اللهُ عِلْمَ كُلِّ شَيْءٍ وَاصْطَفَاهُ عَلَى النَّاسِ بِرِسَالَتِهِ قَالَ نَعَمْ قَالَ أَفَتَلُومُنِي عَلَى أَمْرٍ قَدْ قُدِّرَ عَلَيَّ قَبْلَ أَنْ أُخْلَقَ",
        "ar_diacless": "و حدثني عن مالك عن أبي الزناد عن الأعرج عن أبي هريرة\n\nأن رسول الله صلى الله عليه وسلم قال تحاج آدم وموسى فحج آدم موسى قال له موسى أنت آدم الذي أغويت الناس وأخرجتهم من الجنة فقال له آدم أنت موسى الذي أعطاه الله علم كل شيء واصطفاه على الناس برسالته قال نعم قال أفتلومني على أمر قد قدر علي قبل أن أخلق",
        "note": "",
        "grade_id": 2,
        "grade": "সহিহ হাদিস",
        "grade_color": "#46B891"
      },
      {
        "id": 50025,
        "book_id": 7,
        "book_name": "মুয়াত্তা ইমাম মালিক",
        "chapter_id": 46,
        "section_id": 1,
        "hadith_key": "মুয়াত্তা ইমাম মালিক: ১৬০৩",
        "hadith_id": 1603,
        "narrator": "মুসলিম ইব্নু ইয়াসার জুহানী (র)",
        "bn": "উমার (রা)-এর নিকট وَإِذْ أَخَذَ رَبُّكَ আয়াত সম্বন্ধে প্রশ্ন করা হল। তিনি বললেন, আমি শুনেছি, রসূলুল্লাহ্ সল্লাল্লাহু আলাইহি ওয়াসাল্লাম-এর কাছে এই বিষয়ে প্রশ্ন করা হয়েছিল। তিনি বলেছিলেন, আল্লাহ্ তা‘আলা আদম (আ)-কে সৃষ্টি করলেন এবং তাঁর পৃষ্ঠে স্বীয় দক্ষিণ হস্ত দ্বারা মাসেহ করলেন, অতঃপর আদমের পৃষ্ঠদেশ হতে তাঁর সন্তানদেরকে বের করলেন এবং বললেন, আমি এদেরকে বেহেশ্তের জন্য সৃষ্টি করেছি। এরা বেহেশতের কাজ করবে। অতঃপর পুনরায় তাঁর পৃষ্ঠদেশে স্বীয় হাত বুলালেন এবং তাঁর আর কিছু সংখ্যক সন্তান বের করলেন এবং বললেন, আমি এদেরকে দোযখের জন্য সৃষ্টি করেছি। এরা দোযখের কাজ করবে। এক ব্যক্তি বলে উঠল, হে আল্লাহর রসূল! তা হলে আমল করায় লাভ কি ? রসূলুল্লাহ্ সল্লাল্লাহু আলাইহি ওয়াসাল্লাম বললেন, আল্লাহ্ তা‘আলা যখন কোন বান্দাকে বেহেশ্তের জন্য সৃষ্টি করেন, তখন তার দ্বারা বেহেশতীদের কাজ করান আর মৃত্যুর সময় পর্যন্ত সে নেক কাজ করে মৃত্যুবরণ করে, ফলে আল্লাহ্ তা‘আলা তাকে বেহেশ্তে প্রবেশ করিয়ে থাকেন। আর যখন কোন বান্দাকে দোযখের জন্য সৃষ্টি করেন, তখন তার দ্বারা দোযখীদের কাজ করিয়ে থাকেন। অতঃপর মৃত্যুর সময়েও তাকে খারাপ কাজ করিয়েই মৃত্যুবরণ করান। আর আল্লাহ্ তখন তাকে দোযখে প্রবেশ করিয়ে থাকেন। (সহীহ, আবূ দাঊদ ৪৭০৩, তিরমিযী ৩০৭৫, আলবানী হাদীসটি সহীহ বলেছেন ====== শব্দটুকু ব্যতীত, সহীহ ওযয়ীফ সুনানে আবূ দাঊদ)",
        "ar": "و حَدَّثَنِي يَحْيَى عَنْ مَالِك عَنْ زَيْدِ بْنِ أَبِي أُنَيْسَةَ عَنْ عَبْدِ الْحَمِيدِ بْنِ عَبْدِ الرَّحْمَنِ بْنِ زَيْدِ بْنِ الْخَطَّابِ أَنَّهُ أَخْبَرَهُ عَنْ مُسْلِمِ بْنِ يَسَارٍ الْجُهَنِيِّ أَنَّ عُمَرَ بْنَ الْخَطَّابِ\n\nسُئِلَ عَنْ هَذِهِ الْآيَةِ { وَإِذْ أَخَذَ رَبُّكَ مِنْ بَنِي آدَمَ مِنْ ظُهُورِهِمْ ذُرِّيَّتَهُمْ وَأَشْهَدَهُمْ عَلَى أَنْفُسِهِمْ أَلَسْتُ بِرَبِّكُمْ قَالُوا بَلَى شَهِدْنَا أَنْ تَقُولُوا يَوْمَ الْقِيَامَةِ إِنَّا كُنَّا عَنْ هَذَا غَافِلِينَ } فَقَالَ عُمَرُ بْنُ الْخَطَّابِ سَمِعْتُ رَسُولَ اللهِ صَلَّى اللهُ عَلَيْهِ وَسَلَّمَ يُسْأَلُ عَنْهَا فَقَالَ رَسُولُ اللهِ صَلَّى اللهُ عَلَيْهِ وَسَلَّمَ إِنَّ اللهَ تَبَارَكَ وَتَعَالَى خَلَقَ آدَمَ ثُمَّ مَسَحَ ظَهْرَهُ بِيَمِينِهِ فَاسْتَخْرَجَ مِنْهُ ذُرِّيَّةً فَقَالَ خَلَقْتُ هَؤُلَاءِ لِلْجَنَّةِ وَبِعَمَلِ أَهْلِ الْجَنَّةِ يَعْمَلُونَ ثُمَّ مَسَحَ ظَهْرَهُ فَاسْتَخْرَجَ مِنْهُ ذُرِّيَّةً فَقَالَ خَلَقْتُ هَؤُلَاءِ لِلنَّارِ وَبِعَمَلِ أَهْلِ النَّارِ يَعْمَلُونَ فَقَالَ رَجُلٌ يَا رَسُولَ اللهِ فَفِيمَ الْعَمَلُ قَالَ فَقَالَ رَسُولُ اللهِ صَلَّى اللهُ عَلَيْهِ وَسَلَّمَ إِنَّ اللهَ إِذَا خَلَقَ الْعَبْدَ لِلْجَنَّةِ اسْتَعْمَلَهُ بِعَمَلِ أَهْلِ الْجَنَّةِ حَتَّى يَمُوتَ عَلَى عَمَلٍ مِنْ أَعْمَالِ أَهْلِ الْجَنَّةِ فَيُدْخِلُهُ رَبُّهُ الْجَنَّةَ وَإِذَا خَلَقَ الْعَبْدَ لِلنَّارِ اسْتَعْمَلَهُ بِعَمَلِ أَهْلِ النَّارِ حَتَّى يَمُوتَ عَلَى عَمَلٍ مِنْ أَعْمَالِ أَهْلِ النَّارِ فَيُدْخِلُهُ رَبُّهُ النَّارَ",
        "ar_diacless": "و حدثني يحيى عن مالك عن زيد بن أبي أنيسة عن عبد الحميد بن عبد الرحمن بن زيد بن الخطاب أنه أخبره عن مسلم بن يسار الجهني أن عمر بن الخطاب\n\nسئل عن هذه الآية { وإذ أخذ ربك من بني آدم من ظهورهم ذريتهم وأشهدهم على أنفسهم ألست بربكم قالوا بلى شهدنا أن تقولوا يوم القيامة إنا كنا عن هذا غافلين } فقال عمر بن الخطاب سمعت رسول الله صلى الله عليه وسلم يسأل عنها فقال رسول الله صلى الله عليه وسلم إن الله تبارك وتعالى خلق آدم ثم مسح ظهره بيمينه فاستخرج منه ذرية فقال خلقت هؤلاء للجنة وبعمل أهل الجنة يعملون ثم مسح ظهره فاستخرج منه ذرية فقال خلقت هؤلاء للنار وبعمل أهل النار يعملون فقال رجل يا رسول الله ففيم العمل قال فقال رسول الله صلى الله عليه وسلم إن الله إذا خلق العبد للجنة استعمله بعمل أهل الجنة حتى يموت على عمل من أعمال أهل الجنة فيدخله ربه الجنة وإذا خلق العبد للنار استعمله بعمل أهل النار حتى يموت على عمل من أعمال أهل النار فيدخله ربه النار",
        "note": "",
        "grade_id": 2,
        "grade": "সহিহ হাদিস",
        "grade_color": "#46B891"
      },
      {
        "id": 50020,
        "book_id": 7,
        "book_name": "মুয়াত্তা ইমাম মালিক",
        "chapter_id": 46,
        "section_id": 1,
        "hadith_key": "মুয়াত্তা ইমাম মালিক: ১৬০৪",
        "hadith_id": 1604,
        "narrator": "মালিক (র)",
        "bn": "তাঁর কাছে রেওয়ায়ত পৌঁছেছে যে, রসূলুল্লাহ্ সল্লাল্লাহু আলাইহি ওয়াসাল্লাম বলেছেন, আমি তোমাদের কাছে দুইটি বস্তু ছেড়ে যাচ্ছি। তোমরা যতক্ষণ উহাকে ধরে থাকবে, ততক্ষণ পর্যন্ত পথভ্রষ্ট হবে না। উহা হল আল্লাহ্‌র কিতাব ও তাঁর নাবীর সুন্নাত। (হাদীসটি ইমাম মালিক এককভাবে বর্ণনা করেছেন)",
        "ar": "و حَدَّثَنِي عَنْ مَالِك أَنَّهُ بَلَغَهُ أَنَّ رَسُولَ اللهِ صَلَّى اللهُ عَلَيْهِ وَسَلَّمَ قَالَ تَرَكْتُ فِيكُمْ أَمْرَيْنِ لَنْ تَضِلُّوا مَا تَمَسَّكْتُمْ بِهِمَا كِتَابَ اللهِ وَسُنَّةَ نَبِيِّهِ",
        "ar_diacless": "و حدثني عن مالك أنه بلغه أن رسول الله صلى الله عليه وسلم قال تركت فيكم أمرين لن تضلوا ما تمسكتم بهما كتاب الله وسنة نبيه",
        "note": "",
        "grade_id": 1,
        "grade": "নির্ণীত নয়",
        "grade_color": "#F0AD4E"
      },
      {
        "id": 50022,
        "book_id": 7,
        "book_name": "মুয়াত্তা ইমাম মালিক",
        "chapter_id": 46,
        "section_id": 1,
        "hadith_key": "মুয়াত্তা ইমাম মালিক: ১৬০৫",
        "hadith_id": 1605,
        "narrator": "তাউস ইয়ামানী (র)",
        "bn": "আমি রসূলুল্লাহ্ সল্লাল্লাহু আলাইহি ওয়াসাল্লাম-এর কয়েকজন সাহাবীকে পেয়েছি যাঁরা বলতেন, প্রতিটি বস্তুই তকদীরের লিখন অনুসারে হয়ে থাকে। তাউস বলেন, আর আমি ইব্নু উমার (রা)-কে বলতে শুনেছি, তিনি বলতেন, রসূলুল্লাহ্ সল্লাল্লাহু আলাইহি ওয়াসাল্লাম বলেছেন, প্রতিটি ব্যাপারই তকদীর অনুযায়ী হয়ে থাকে, এমন কি মানুষের দুর্বল হওয়া এবং বুদ্ধিমান হওয়াও। (সহীহ, মুসলিম ২৬৫৫)",
        "ar": "و حَدَّثَنِي يَحْيَى عَنْ مَالِك عَنْ زِيَادِ بْنِ سَعْدٍ عَنْ عَمْرِو بْنِ مُسْلِمٍ عَنْ طَاوُسٍ الْيَمَانِيِّ أَنَّهُ قَالَ أَدْرَكْتُ نَاسًا مِنْ أَصْحَابِ رَسُولِ اللهِ صَلَّى اللهُ عَلَيْهِ وَسَلَّمَ يَقُولُونَ كُلُّ شَيْءٍ بِقَدَرٍ\n\nقَالَ طَاوُسٌ وَسَمِعْتُ عَبْدَ اللهِ بْنَ عُمَرَ يَقُولُ\n\nقَالَ رَسُولُ اللهِ صَلَّى اللهُ عَلَيْهِ وَسَلَّمَ كُلُّ شَيْءٍ بِقَدَرٍ حَتَّى الْعَجْزِ وَالْكَيْسِ أَوْ الْكَيْسِ وَالْعَجْزِ",
        "ar_diacless": "و حدثني يحيى عن مالك عن زياد بن سعد عن عمرو بن مسلم عن طاوس اليماني أنه قال أدركت ناسا من أصحاب رسول الله صلى الله عليه وسلم يقولون كل شيء بقدر\n\nقال طاوس وسمعت عبد الله بن عمر يقول\n\nقال رسول الله صلى الله عليه وسلم كل شيء بقدر حتى العجز والكيس أو الكيس والعجز",
        "note": "",
        "grade_id": 2,
        "grade": "সহিহ হাদিস",
        "grade_color": "#46B891"
      },
      {
        "id": 50024,
        "book_id": 7,
        "book_name": "মুয়াত্তা ইমাম মালিক",
        "chapter_id": 46,
        "section_id": 1,
        "hadith_key": "মুয়াত্তা ইমাম মালিক: ১৬০৬",
        "hadith_id": 1606,
        "narrator": "আমর ইব্নু দীনার (র)",
        "bn": "আমি আব্দুল্লাহ ইব্নু যুবাইর (র)-এর কাছে শুনেছি, তিনি স্বীয় খুৎবা দেয়ার সময় বলতেন, আল্লাহ্ তা‘আলাই মানুষকে সৎপথ প্রদর্শনকারী, আর তিনিই পথভ্রষ্টকারী। (হাদীসটি ইমাম মালিক এককভাবে বর্ণনা করেছেন)\n(কুরআন মাজীদেও বলা হয়েছে, আল্লাহ্ তা‘আলা যাকে ইচ্ছা হিদায়ত দান করেন, যাকে ইচ্ছা পথভ্রষ্ট করেন। সুতরাং ভাল-মন্দ সমস্ত কাজ আল্লাহ্ই সৃষ্টি করে থাকেন, কিন্তু মানুষকে ভাল-মন্দ কাজ বলে দেয়া হয়েছে এবং উহা হতে বেছে নেয়ার ইখতিয়ার দেয়া হয়েছে। এই স্বাধীনতার উপরই তার সওয়াব ও আযাব হবে। কদরীয়া [১] ও শীয়া দলের মতে মানুষ নিজের কাজের নিজেই সৃষ্টিকর্তা। এই মতবাদ কুরআন ও হাদীসের বিপরীত)",
        "ar": "و حَدَّثَنِي مَالِك عَنْ زِيَادِ بْنِ سَعْدٍ عَنْ عَمْرِو بْنِ دِينَارٍ أَنَّهُ قَالَ سَمِعْتُ عَبْدَ اللهِ بْنَ الزُّبَيْرِ يَقُولُ فِي خُطْبَتِهِ\nإِنَّ اللهَ هُوَ الْهَادِي وَالْفَاتِنُ",
        "ar_diacless": "و حدثني مالك عن زياد بن سعد عن عمرو بن دينار أنه قال سمعت عبد الله بن الزبير يقول في خطبته\nإن الله هو الهادي والفاتن",
        "note": "[১] কদরীয়া একটি ভ্রষ্ট দল। তারা মানুষকে সর্বকাজের সৃষ্টিকর্তা এবং পূর্ণ ক্ষমতার অধিকারী মনে করে থাকে।",
        "grade_id": 1,
        "grade": "নির্ণীত নয়",
        "grade_color": "#F0AD4E"
      },
      {
        "id": 50023,
        "book_id": 7,
        "book_name": "মুয়াত্তা ইমাম মালিক",
        "chapter_id": 46,
        "section_id": 1,
        "hadith_key": "মুয়াত্তা ইমাম মালিক: ১৬০৭",
        "hadith_id": 1607,
        "narrator": "আবূ সুহাইল ইব্নু মালিক (র)",
        "bn": "তিনি উমার আবদুল আযীয (র)-এর সাথে কোথাও যাচ্ছিলেন। তিনি আবূ সুহাইলকে বললেন, কদরিয়া সম্বন্ধে তোমার মত কি ? আমি বললাম, আমার মত এই যে, তাদেরকে তাওবা করানো উচিত। যদি তারা তাওবা করে ফেলে, তবে তো ভাল, না হয় তাদেরকে হত্যা করা যেতে পারে। উমার (র) বলেন, তাদের সম্বন্ধে আমার মতও ইহাই। (হাদীসটি ইমাম মালিক এককভাবে বর্ণনা করেছেন)\n\nমালিক (র) বলেন, তাদের সম্বন্ধে আমারও মত এটাই।",
        "ar": "و حَدَّثَنِي عَنْ مَالِك عَنْ عَمِّهِ أَبِي سُهَيْلِ بْنِ مَالِكٍ أَنَّهُ قَالَ كُنْتُ أَسِيرُ مَعَ عُمَرَ بْنِ عَبْدِ الْعَزِيزِ\n\nفَقَالَ مَا رَأْيُكَ فِي هَؤُلَاءِ الْقَدَرِيَّةِ فَقُلْتُ رَأْيِي أَنْ تَسْتَتِيبَهُمْ فَإِنْ تَابُوا وَإِلَّا عَرَضْتَهُمْ عَلَى السَّيْفِ فَقَالَ عُمَرُ بْنُ عَبْدِ الْعَزِيزِ وَذَلِكَ رَأْيِي\n\nقَالَ مَالِك وَذَلِكَ رَأْيِي",
        "ar_diacless": "و حدثني عن مالك عن عمه أبي سهيل بن مالك أنه قال كنت أسير مع عمر بن عبد العزيز\n\nفقال ما رأيك في هؤلاء القدرية فقلت رأيي أن تستتيبهم فإن تابوا وإلا عرضتهم على السيف فقال عمر بن عبد العزيز وذلك رأيي\n\nقال مالك وذلك رأيي",
        "note": "",
        "grade_id": 1,
        "grade": "নির্ণীত নয়",
        "grade_color": "#F0AD4E"
      }
    ]
  },
  {
    "id": 18642,
    "book_id": 7,
    "book_name": "muwatta-malik",
    "chapter_id": 46,
    "section_id": 2,
    "title": "তকদীর সম্বন্ধে বিভিন্ন রেওয়ায়ত",
    "preface": "",
    "number": "পরিচ্ছেদঃ ২",
    "sort_order": 2,
    "hadiths": [
      {
        "id": 50030,
        "book_id": 7,
        "book_name": "মুয়াত্তা ইমাম মালিক",
        "chapter_id": 46,
        "section_id": 2,
        "hadith_key": "মুয়াত্তা ইমাম মালিক: ১৬০৮",
        "hadith_id": 1608,
        "narrator": "আবূ হুরায়রা (রা)",
        "bn": "রসূলুল্লাহ্ সল্লাল্লাহু আলাইহি ওয়াসাল্লাম বলেছেন, কোন স্ত্রীলোক যেন তার বোনের তালাক কামনা না করে এই উদ্দেশ্যে যে, তার পাত্র খালি করে দিবে, এবং তাকে বিবাহ করবে। কারণ যা তার ভাগ্যে রয়েছে উহাই সে পাবে। (সহীহ, বুখারী ৬৬০১)",
        "ar": "و حَدَّثَنِي عَنْ مَالِك عَنْ أَبِي الزِّنَادِ عَنْ الْأَعْرَجِ عَنْ أَبِي هُرَيْرَةَ\n\nأَنَّ رَسُولَ اللهِ صَلَّى اللهُ عَلَيْهِ وَسَلَّمَ قَالَ لَا تَسْأَلْ الْمَرْأَةُ طَلَاقَ أُخْتِهَا لِتَسْتَفْرِغَ صَحْفَتَهَا وَلِتَنْكِحَ فَإِنَّمَا لَهَا مَا قُدِّرَ لَهَا",
        "ar_diacless": "و حدثني عن مالك عن أبي الزناد عن الأعرج عن أبي هريرة\n\nأن رسول الله صلى الله عليه وسلم قال لا تسأل المرأة طلاق أختها لتستفرغ صحفتها ولتنكح فإنما لها ما قدر لها",
        "note": "",
        "grade_id": 2,
        "grade": "সহিহ হাদিস",
        "grade_color": "#46B891"
      },
      {
        "id": 50036,
        "book_id": 7,
        "book_name": "মুয়াত্তা ইমাম মালিক",
        "chapter_id": 46,
        "section_id": 2,
        "hadith_key": "মুয়াত্তা ইমাম মালিক: ১৬০৯",
        "hadith_id": 1609,
        "narrator": "মুহম্মাদ ইব্নু কাব কুরাযী (র)",
        "bn": "মুয়াবিয়া (রা) মিম্বরে দাঁড়িয়ে বলেছেন, হে মানুষ! তোমরা জেনে রাখ, যা আল্লাহ্ তা‘আলা তোমাদেরকে দান করবেন কেউই তা বাধা দিতে পারবে না। আর তিনি যা দান না করবেন, তা কেউই দান করতে পারবে না। আর কোন মালদারকে তার মাল আল্লাহর আযাব হতে রক্ষা করতে পারবে না। আল্লাহ্ তা‘আলা যার ভাল চান তিনি তাকে দ্বীনের জ্ঞান দান করেন। অতঃপর বললেন, আমি এই কথাগুলো এই কাঠের (মিম্বর) উপর রসূলুল্লাহ্ সল্লাল্লাহু আলাইহি ওয়াসাল্লামকে বলতে শুনেছি। (হাদীসটি ইমাম মালিক এককভাবে বর্ণনা করেছেন)",
        "ar": "و حَدَّثَنِي عَنْ مَالِك عَنْ يَزِيدَ بْنِ زِيَادٍ عَنْ مُحَمَّدِ بْنِ كَعْبٍ الْقُرَظِيِّ قَالَ قَالَ مُعَاوِيَةُ بْنُ أَبِي سُفْيَانَ وَهُوَ عَلَى الْمِنْبَرِ\n\nأَيُّهَا النَّاسُ إِنَّهُ لَا مَانِعَ لِمَا أَعْطَى اللهُ وَلَا مُعْطِيَ لِمَا مَنَعَ اللهُ وَلَا يَنْفَعُ ذَا الْجَدِّ مِنْهُ الْجَدُّ مَنْ يُرِدْ اللهُ بِهِ خَيْرًا يُفَقِّهْهُ فِي الدِّينِ ثُمَّ قَالَ مُعَاوِيَةُ سَمِعْتُ هَؤُلَاءِ الْكَلِمَاتِ مِنْ رَسُولِ اللهِ صَلَّى اللهُ عَلَيْهِ وَسَلَّمَ عَلَى هَذِهِ الْأَعْوَادِ",
        "ar_diacless": "و حدثني عن مالك عن يزيد بن زياد عن محمد بن كعب القرظي قال قال معاوية بن أبي سفيان وهو على المنبر\n\nأيها الناس إنه لا مانع لما أعطى الله ولا معطي لما منع الله ولا ينفع ذا الجد منه الجد من يرد الله به خيرا يفقهه في الدين ثم قال معاوية سمعت هؤلاء الكلمات من رسول الله صلى الله عليه وسلم على هذه الأعواد",
        "note": "",
        "grade_id": 1,
        "grade": "নির্ণীত নয়",
        "grade_color": "#F0AD4E"
      },
      {
        "id": 50037,
        "book_id": 7,
        "book_name": "মুয়াত্তা ইমাম মালিক",
        "chapter_id": 46,
        "section_id": 2,
        "hadith_key": "মুয়াত্তা ইমাম মালিক: ১৬১০",
        "hadith_id": 1610,
        "narrator": "মালিক (র)",
        "bn": "আমার কাছে এই মর্মে রেওয়ায়ত পৌঁছেছে যে, সাহাবীদের যুগে বলা হত, সমস্ত প্রশংসা আল্লাহর জন্য যিনি প্রতিটি বস্তু যেভাবে ইচ্ছা সৃষ্টি করেছেন, তা দ্বারা যে সময় নির্দিষ্ট হয়েছে উহার পূর্বে কিছুই হতে পারে না। আল্লাহ্ই আমার জন্য যথেষ্ট। যে ব্যক্তি আল্লাহকে ডাকে, আল্লাহ্ তার কথা শুনে থাকেন। আল্লাহ্ ব্যতীত এমন কেউ নেই যার নিকট দু‘আ করা যেতে পারে, যার কাছে কিছু আশা করা যেতে পারে।",
        "ar": "و حَدَّثَنِي يَحْيَى عَنْ مَالِك أَنَّهُ بَلَغَهُ أَنَّهُ كَانَ يُقَالُ الْحَمْدُ لِلَّهِ الَّذِي خَلَقَ كُلَّ شَيْءٍ كَمَا يَنْبَغِي الَّذِي لَا يَعْجَلُ شَيْءٌ أَنَاهُ وَقَدَّرَهُ حَسْبِيَ اللهُ وَكَفَى سَمِعَ اللهُ لِمَنْ دَعَا لَيْسَ وَرَاءَ اللهِ مَرْمَى",
        "ar_diacless": "و حدثني يحيى عن مالك أنه بلغه أنه كان يقال الحمد لله الذي خلق كل شيء كما ينبغي الذي لا يعجل شيء أناه وقدره حسبي الله وكفى سمع الله لمن دعا ليس وراء الله مرمى",
        "note": "",
        "grade_id": 1,
        "grade": "নির্ণীত নয়",
        "grade_color": "#F0AD4E"
      },
      {
        "id": 50035,
        "book_id": 7,
        "book_name": "মুয়াত্তা ইমাম মালিক",
        "chapter_id": 46,
        "section_id": 2,
        "hadith_key": "মুয়াত্তা ইমাম মালিক: ১৬১১",
        "hadith_id": 1611,
        "narrator": "মালিক (র)",
        "bn": "সাহাবীদের যুগে বলা হত, স্বীয় রিযিক পূর্ণ করার পূর্বে কোন ব্যক্তির মৃত্যু হতে পারে না। অতএব ধৈর্য সহকারে জীবিকা অন্বেষণ কর অর্থাৎ এই ব্যাপারে বাড়াবাড়ি করো না।\n(জীবিকা অন্বেষণে এত লেগে যেও না, যাতে আল্লাহকেও ভুলে যেতে হয়, হালাল হারামের পার্থক্য থাকে না। যা নির্দিষ্ট আছে তাই পাবে)",
        "ar": "و حَدَّثَنِي عَنْ مَالِك أَنَّهُ بَلَغَهُ أَنَّهُ كَانَ يُقَالُ إِنَّ أَحَدًا لَنْ يَمُوتَ حَتَّى يَسْتَكْمِلَ رِزْقَهُ فَأَجْمِلُوا فِي الطَّلَبِ",
        "ar_diacless": "و حدثني عن مالك أنه بلغه أنه كان يقال إن أحدا لن يموت حتى يستكمل رزقه فأجملوا في الطلب",
        "note": "",
        "grade_id": 1,
        "grade": "নির্ণীত নয়",
        "grade_color": "#F0AD4E"
      }
    ]
  }
]