[
  {
    "id": 18280,
    "book_id": 7,
    "book_name": "muwatta-malik",
    "chapter_id": 11,
    "section_id": 1,
    "title": "সালাতুল-খাওফ বা ভয়কালীন নামায",
    "preface": "",
    "number": "পরিচ্ছেদঃ ১",
    "sort_order": 1,
    "hadiths": [
      {
        "id": 49866,
        "book_id": 7,
        "book_name": "মুয়াত্তা ইমাম মালিক",
        "chapter_id": 11,
        "section_id": 1,
        "hadith_key": "মুয়াত্তা ইমাম মালিক: ৪২৬",
        "hadith_id": 426,
        "narrator": "সালিহ ইবনু খাওয়াত (র)",
        "bn": "এমন এক ব্যক্তি হতে বর্ণনা করেন, যিনি জাতুররিকা’ যুদ্ধের দিন রসূলুল্লাহ্ সল্লাল্লাহু আলাইহি ওয়াসাল্লাম-এর সাথে সালাতুল-খাওফ আদায় করেন। একদল তাঁর সাথে কাতারে দাঁড়িয়েছিল, আর একদল শত্রুর  মুকাবেলায় সারিবদ্ধ ছিল। যে দল তাঁর সাথে ছিল, তিনি সে দলকে নিয়ে এক রাক’আত সালাতুল-খাওফ আদায় করলেন। অতঃপর তিনি দণ্ডায়মান রইলেন, (দলে যাঁরা ছিলেন) তাঁরা নিজের নামায আদায় করে নিলেন।\nঅতঃপর তাঁরা প্রত্যাবর্তন করে শত্র“র মুকাবেলায় সারিবদ্ধ হয়ে গেলেন। তারপর দ্বিতীয় দল উপস্থিত হল। নাবী সল্লাল্লাহু আলাইহি ওয়াসাল্লাম তাঁদের সাথে বাকি নামায আদায় করলেন। অতঃপর তিনি বসা অবস্থায় রইলেন। সঙ্গিগণ তাদের নামায পূর্ণ করলে তাঁদের সাথে সালাম ফিরালেন। (বুখারী ৪১২৯, ৪১৩০, মুসলিম ৮৪২)",
        "ar": "حَدَّثَنِي يَحْيَى عَنْ مَالِك عَنْ يَزِيدَ بْنِ رُومَانَ عَنْ صَالِحِ بْنِ خَوَّاتٍ عَمَّنْ صَلَّى مَعَ رَسُولِ اللهِ صَلَّى اللهُ عَلَيْهِ وَسَلَّمَ يَوْمَ ذَاتِ الرِّقَاعِ صَلَاةَ الْخَوْفِ أَنَّ طَائِفَةً صَفَّتْ مَعَهُ وَصَفَّتْ طَائِفَةٌ وِجَاهَ الْعَدُوِّ فَصَلَّى بِالَّتِي مَعَهُ رَكْعَةً ثُمَّ ثَبَتَ قَائِمًا وَأَتَمُّوا لِأَنْفُسِهِمْ ثُمَّ انْصَرَفُوا فَصَفُّوا وِجَاهَ الْعَدُوِّ وَجَاءَتْ الطَّائِفَةُ الْأُخْرَى فَصَلَّى بِهِمْ الرَّكْعَةَ الَّتِي بَقِيَتْ مِنْ صَلَاتِهِ ثُمَّ ثَبَتَ جَالِسًا وَأَتَمُّوا لِأَنْفُسِهِمْ ثُمَّ سَلَّمَ بِهِمْ.",
        "ar_diacless": "حدثني يحيى عن مالك عن يزيد بن رومان عن صالح بن خوات عمن صلى مع رسول الله صلى الله عليه وسلم يوم ذات الرقاع صلاة الخوف أن طائفة صفت معه وصفت طائفة وجاه العدو فصلى بالتي معه ركعة ثم ثبت قائما وأتموا لأنفسهم ثم انصرفوا فصفوا وجاه العدو وجاءت الطائفة الأخرى فصلى بهم الركعة التي بقيت من صلاته ثم ثبت جالسا وأتموا لأنفسهم ثم سلم بهم.",
        "note": "",
        "grade_id": 2,
        "grade": "সহিহ হাদিস",
        "grade_color": "#46B891"
      },
      {
        "id": 49868,
        "book_id": 7,
        "book_name": "মুয়াত্তা ইমাম মালিক",
        "chapter_id": 11,
        "section_id": 1,
        "hadith_key": "মুয়াত্তা ইমাম মালিক: ৪২৭",
        "hadith_id": 427,
        "narrator": "সালিহ ইবনু খাওওয়াত আনসারী (র)",
        "bn": "সাহল ইবনু আবি হাসমা (র) তাঁর কাছে বর্ণনা করেছিলেন যে, সালাতুল-খাওফ হল এই  ইমাম নামাযে দাঁড়াবেন। তাঁর সঙ্গীদের একদল (তখন) তাঁর সাথে থাকবে। আর একদল শত্রুর মুকাবেলায় থাকবে। অতঃপর ইমাম এক রাক’আত নামায আদায় করে সিজদা করবেন। তারপর দাঁড়িয়ে যাবেন। যখন পূর্ণ দাঁড়িয়ে যাবেন, তখন ইমাম দণ্ডায়মান থাকবেন। তাঁর সঙ্গীরা অবশিষ্ট এক রাক’আত পূর্ণ করে সালাম ফিরিয়ে চালে যাবে ইমাম তখনও দণ্ডায়মান থাকবেন। নামায শেষ করে দলটি শত্রুর মুকাবেলায় নিয়োজিত হবে। অতঃপর তাঁদেরকে এক রাক’আত পড়াবেন, অতঃপর তাঁরা দাঁড়িয়ে নিজ নিজ পরবর্তী আক’আত পড়িবে এবং সালাম ফিরাবে। (বুখারী ৪১৩১, মুসলিম ৮৪১)",
        "ar": "و حَدَّثَنِي عَنْ مَالِك عَنْ يَحْيَى بْنِ سَعِيدٍ عَنْ الْقَاسِمِ بْنِ مُحَمَّدٍ عَنْ صَالِحِ بْنِ خَوَّاتٍ أَنَّ سَهْلَ بْنَ أَبِي حَثْمَةَ حَدَّثَهُ أَنَّ صَلَاةَ الْخَوْفِ أَنْ يَقُومَ الْإِمَامُ وَمَعَهُ طَائِفَةٌ مِنْ أَصْحَابِهِ وَطَائِفَةٌ مُوَاجِهَةٌ الْعَدُوَّ فَيَرْكَعُ الْإِمَامُ رَكْعَةً وَيَسْجُدُ بِالَّذِينَ مَعَهُ ثُمَّ يَقُومُ فَإِذَا اسْتَوَى قَائِمًا ثَبَتَ وَأَتَمُّوا لِأَنْفُسِهِمْ الرَّكْعَةَ الْبَاقِيَةَ ثُمَّ يُسَلِّمُونَ وَيَنْصَرِفُونَ وَالْإِمَامُ قَائِمٌ فَيَكُونُونَ وِجَاهَ الْعَدُوِّ ثُمَّ يُقْبِلُ الْآخَرُونَ الَّذِينَ لَمْ يُصَلُّوا فَيُكَبِّرُونَ وَرَاءَ الْإِمَامِ فَيَرْكَعُ بِهِمْ الرَّكْعَةَ وَيَسْجُدُ ثُمَّ يُسَلِّمُ فَيَقُومُونَ فَيَرْكَعُونَ لِأَنْفُسِهِمْ الرَّكْعَةَ الْبَاقِيَةَ ثُمَّ يُسَلِّمُونَ.",
        "ar_diacless": "و حدثني عن مالك عن يحيى بن سعيد عن القاسم بن محمد عن صالح بن خوات أن سهل بن أبي حثمة حدثه أن صلاة الخوف أن يقوم الإمام ومعه طائفة من أصحابه وطائفة مواجهة العدو فيركع الإمام ركعة ويسجد بالذين معه ثم يقوم فإذا استوى قائما ثبت وأتموا لأنفسهم الركعة الباقية ثم يسلمون وينصرفون والإمام قائم فيكونون وجاه العدو ثم يقبل الآخرون الذين لم يصلوا فيكبرون وراء الإمام فيركع بهم الركعة ويسجد ثم يسلم فيقومون فيركعون لأنفسهم الركعة الباقية ثم يسلمون.",
        "note": "",
        "grade_id": 2,
        "grade": "সহিহ হাদিস",
        "grade_color": "#46B891"
      },
      {
        "id": 49867,
        "book_id": 7,
        "book_name": "মুয়াত্তা ইমাম মালিক",
        "chapter_id": 11,
        "section_id": 1,
        "hadith_key": "মুয়াত্তা ইমাম মালিক: ৪২৮",
        "hadith_id": 428,
        "narrator": "নাফি’ (র)",
        "bn": "আবদুল্লাহ্ ইবনু উমার (রা)-কে সালাতুল খাওফ সম্পর্কে প্রশ্ন করা হলে তিনি বললেনঃ  ইমাম অগ্রসর হবেন (স্বীয় স্থানে), তাঁর সাথে থাকবে লোকের একাংশ। তিনি তাদের এক রাক’আত আদায় করাবেন। আর একদল লোক নিয়োজিত হবে ইমাম ও শত্র“দের মাঝখানে এবং সে দল তখন নামায আদায় করবে না। যখন ইমাম তাঁর সাথে যে দল আছে সে দলকে এক রাক’আত আদায় করাবেন, তখন তারা পেছনে সরে যে দল নামায আদায় করেনি, সে দলের স্থানে চলে যাবে, তারা সালাম ফিরাইবে না। অতঃপর যারা নামায আদায় করেনি তারা এগিয়ে আসবে। ইমাম তাদের সাথে এক রাক’আত আদায় করবেন। তৎপর ইমাম দু রাক’আত পূর্ণ পড়িয়াছেন বিধায় তিনি প্রত্যাবর্তন করবেন। অতঃপর উভয় দলের প্রত্যেকে দাঁড়িয়ে এক রাক’আত আদায় করবে ইমামের প্রত্যাবর্তন করার পর। এইভাবে উভয় দলের প্রত্যেকের দুই দুই রাক’আত পড়া হবে। আর যদি খাওফ বা ভীতি এর চাইতে প্রচণ্ড হয়, তবে যে যেভাবে সম্ভব নামায আদায় করে নিবে; চলমান অবস্থায় হোক বা দাঁড়িয়ে অথবা সওয়ারীর উপর হোক, কিবলামুখী হোক বা না হোক। (সহীহ্, বুখারী ৪৫৩৫)\nমালিক (র) বললেন, নাফি’ (র) বলেছেন, আমি মনে করি, আবদুল্লাহ (রা) এটা (সালাতুল-খাওফের নিয়ম) রসূলুল্লাহ্ সল্লাল্লাহু আলাইহি ওয়াসাল্লাম হতে বর্ণনা করেন।",
        "ar": "و حَدَّثَنِي عَنْ مَالِك عَنْ نَافِعٍ أَنَّ عَبْدَ اللهِ بْنَ عُمَرَ كَانَ إِذَا سُئِلَ عَنْ صَلَاةِ الْخَوْفِ قَالَ يَتَقَدَّمُ الْإِمَامُ وَطَائِفَةٌ مِنْ النَّاسِ فَيُصَلِّي بِهِمْ الْإِمَامُ رَكْعَةً وَتَكُونُ طَائِفَةٌ مِنْهُمْ بَيْنَهُ وَبَيْنَ الْعَدُوِّ لَمْ يُصَلُّوا فَإِذَا صَلَّى الَّذِينَ مَعَهُ رَكْعَةً اسْتَأْخَرُوا مَكَانَ الَّذِينَ لَمْ يُصَلُّوا وَلَا يُسَلِّمُونَ وَيَتَقَدَّمُ الَّذِينَ لَمْ يُصَلُّوا فَيُصَلُّونَ مَعَهُ رَكْعَةً ثُمَّ يَنْصَرِفُ الْإِمَامُ وَقَدْ صَلَّى رَكْعَتَيْنِ فَتَقُومُ كُلُّ وَاحِدَةٍ مِنْ الطَّائِفَتَيْنِ فَيُصَلُّونَ لِأَنْفُسِهِمْ رَكْعَةً رَكْعَةً بَعْدَ أَنْ يَنْصَرِفَ الْإِمَامُ فَيَكُونُ كُلُّ وَاحِدَةٍ مِنْ الطَّائِفَتَيْنِ قَدْ صَلَّوْا رَكْعَتَيْنِ فَإِنْ كَانَ خَوْفًا هُوَ أَشَدَّ مِنْ ذَلِكَ صَلَّوْا رِجَالًا قِيَامًا عَلَى أَقْدَامِهِمْ أَوْ رُكْبَانًا مُسْتَقْبِلِي الْقِبْلَةِ أَوْ غَيْرَ مُسْتَقْبِلِيهَا قَالَ مَالِك قَالَ نَافِعٌ لَا أَرَى عَبْدَ اللهِ بْنَ عُمَرَ حَدَّثَهُ إِلَّا عَنْ رَسُولِ اللهِ صَلَّى اللهُ عَلَيْهِ وَسَلَّمَ.",
        "ar_diacless": "و حدثني عن مالك عن نافع أن عبد الله بن عمر كان إذا سئل عن صلاة الخوف قال يتقدم الإمام وطائفة من الناس فيصلي بهم الإمام ركعة وتكون طائفة منهم بينه وبين العدو لم يصلوا فإذا صلى الذين معه ركعة استأخروا مكان الذين لم يصلوا ولا يسلمون ويتقدم الذين لم يصلوا فيصلون معه ركعة ثم ينصرف الإمام وقد صلى ركعتين فتقوم كل واحدة من الطائفتين فيصلون لأنفسهم ركعة ركعة بعد أن ينصرف الإمام فيكون كل واحدة من الطائفتين قد صلوا ركعتين فإن كان خوفا هو أشد من ذلك صلوا رجالا قياما على أقدامهم أو ركبانا مستقبلي القبلة أو غير مستقبليها قال مالك قال نافع لا أرى عبد الله بن عمر حدثه إلا عن رسول الله صلى الله عليه وسلم.",
        "note": "",
        "grade_id": 2,
        "grade": "সহিহ হাদিস",
        "grade_color": "#46B891"
      },
      {
        "id": 49865,
        "book_id": 7,
        "book_name": "মুয়াত্তা ইমাম মালিক",
        "chapter_id": 11,
        "section_id": 1,
        "hadith_key": "মুয়াত্তা ইমাম মালিক: ৪২৯",
        "hadith_id": 429,
        "narrator": "সাঈদ ইবনু মুসায়্যাব (রা)",
        "bn": "খন্দকের দিন সূর্য অস্ত গিয়েছে অথচ রসূলুল্লাহ্ সল্লাল্লাহু আলাইহি ওয়াসাল্লাম যোহর ও আসরের নামায আদায় করেননি। (ইমাম বুখারী অনুরূপ অর্থে ৭৪৫ নং হাদীস বর্ণনা করেছেন)\nমালিক (র) বলেন, সালাতুল-খাওফ সম্পর্কে যা আমি শুনেছি, তন্মধ্যে কাসিম ইবনু মুহাম্মদ (র) কর্তৃক সালিহ ইবনু খাওওয়াত (র) হতে বর্ণিত হাদীসটি আমার কাছে সর্বাপেক্ষা পছন্দনীয়।",
        "ar": "و حَدَّثَنِي عَنْ مَالِك عَنْ يَحْيَى بْنِ سَعِيدٍ عَنْ سَعِيدِ بْنِ الْمُسَيَّبِ أَنَّهُ قَالَ مَا صَلَّى رَسُولُ اللهِ صَلَّى اللهُ عَلَيْهِ وَسَلَّمَ الظُّهْرَ وَالْعَصْرَ يَوْمَ الْخَنْدَقِ حَتَّى غَابَتْ الشَّمْسُ ৬৩৬-قَالَ مَالِك وَحَدِيثُ الْقَاسِمِ بْنِ مُحَمَّدٍ عَنْ صَالِحِ بْنِ خَوَّاتٍ أَحَبُّ مَا سَمِعْتُ إِلَيَّ فِي صَلَاةِ الْخَوْفِ.",
        "ar_diacless": "و حدثني عن مالك عن يحيى بن سعيد عن سعيد بن المسيب أنه قال ما صلى رسول الله صلى الله عليه وسلم الظهر والعصر يوم الخندق حتى غابت الشمس ৬৩৬-قال مالك وحديث القاسم بن محمد عن صالح بن خوات أحب ما سمعت إلي في صلاة الخوف.",
        "note": "",
        "grade_id": 6,
        "grade": "অন্যান্য",
        "grade_color": "#4A85CE"
      }
    ]
  }
]