[
  {
    "id": 239,
    "chapter_id": 1,
    "book_id": 5,
    "title": "পবিত্রতা",
    "number": 1,
    "hadis_range": "১-১৪৮",
    "book_name": "tirmidhi"
  },
  {
    "id": 240,
    "chapter_id": 2,
    "book_id": 5,
    "title": "সালাত (নামায)",
    "number": 2,
    "hadis_range": "১৪৯-৪৫১",
    "book_name": "tirmidhi"
  },
  {
    "id": 241,
    "chapter_id": 3,
    "book_id": 5,
    "title": "কিতাবুল বিতর (বিতর নামায)",
    "number": 3,
    "hadis_range": "৪৫২-৪৮৭",
    "book_name": "tirmidhi"
  },
  {
    "id": 242,
    "chapter_id": 4,
    "book_id": 5,
    "title": "কিতাবুল জুমু’আ (জুমু’আর নামায)",
    "number": 4,
    "hadis_range": "৪৮৮-৬১৬",
    "book_name": "tirmidhi"
  },
  {
    "id": 243,
    "chapter_id": 5,
    "book_id": 5,
    "title": "যাকাত",
    "number": 5,
    "hadis_range": "৬১৭-৬৮১",
    "book_name": "tirmidhi"
  },
  {
    "id": 244,
    "chapter_id": 6,
    "book_id": 5,
    "title": "কিতাবুল সিয়াম (রোযা)",
    "number": 6,
    "hadis_range": "৬৮২-৮০৮",
    "book_name": "tirmidhi"
  },
  {
    "id": 245,
    "chapter_id": 7,
    "book_id": 5,
    "title": "হজ্জ",
    "number": 7,
    "hadis_range": "৮০৯-৯৬৪",
    "book_name": "tirmidhi"
  },
  {
    "id": 246,
    "chapter_id": 8,
    "book_id": 5,
    "title": "জানাযা",
    "number": 8,
    "hadis_range": "৯৬৫-১০৭৯",
    "book_name": "tirmidhi"
  },
  {
    "id": 247,
    "chapter_id": 9,
    "book_id": 5,
    "title": "বিবাহ",
    "number": 9,
    "hadis_range": "১০৮০-১১৪৫",
    "book_name": "tirmidhi"
  },
  {
    "id": 248,
    "chapter_id": 10,
    "book_id": 5,
    "title": "শিশুর দুধপান",
    "number": 10,
    "hadis_range": "১১৪৬ -১১৭৪",
    "book_name": "tirmidhi"
  },
  {
    "id": 249,
    "chapter_id": 11,
    "book_id": 5,
    "title": "তালাক ও লিআন",
    "number": 11,
    "hadis_range": "১১৭৫-১২০৪",
    "book_name": "tirmidhi"
  },
  {
    "id": 250,
    "chapter_id": 12,
    "book_id": 5,
    "title": "ক্রয়-বিক্রয় ও ব্যবসা-বাণিজ্য",
    "number": 12,
    "hadis_range": "১২০৫ -১৩২১",
    "book_name": "tirmidhi"
  },
  {
    "id": 251,
    "chapter_id": 13,
    "book_id": 5,
    "title": "বিচার কার্য",
    "number": 13,
    "hadis_range": "১৩২২-১৩৮৫",
    "book_name": "tirmidhi"
  },
  {
    "id": 252,
    "chapter_id": 14,
    "book_id": 5,
    "title": "দিয়াত বা রক্তপণ",
    "number": 14,
    "hadis_range": "১৩৮৬-১৪২২",
    "book_name": "tirmidhi"
  },
  {
    "id": 253,
    "chapter_id": 15,
    "book_id": 5,
    "title": "হাদ্দ বা দন্ডবিধি",
    "number": 15,
    "hadis_range": "১৪২৩-১৪৬৩",
    "book_name": "tirmidhi"
  },
  {
    "id": 254,
    "chapter_id": 16,
    "book_id": 5,
    "title": "শিকার",
    "number": 16,
    "hadis_range": "১৪৬৪-১৪৯২",
    "book_name": "tirmidhi"
  },
  {
    "id": 255,
    "chapter_id": 17,
    "book_id": 5,
    "title": "কুরবানী",
    "number": 17,
    "hadis_range": "১৪৯৩-১৫২৩",
    "book_name": "tirmidhi"
  },
  {
    "id": 256,
    "chapter_id": 18,
    "book_id": 5,
    "title": "মানত ও শপথ",
    "number": 18,
    "hadis_range": "১৫২৪-১৫৪৭",
    "book_name": "tirmidhi"
  },
  {
    "id": 257,
    "chapter_id": 19,
    "book_id": 5,
    "title": "যুদ্ধাভিযান",
    "number": 19,
    "hadis_range": "১৫৪৮-১৬১৮",
    "book_name": "tirmidhi"
  },
  {
    "id": 258,
    "chapter_id": 20,
    "book_id": 5,
    "title": "জিহাদের ফযিলত",
    "number": 20,
    "hadis_range": "১৬১৯-১৬৬৯",
    "book_name": "tirmidhi"
  },
  {
    "id": 259,
    "chapter_id": 21,
    "book_id": 5,
    "title": "জিহাদ",
    "number": 21,
    "hadis_range": "১৬৭০-১৭১৯",
    "book_name": "tirmidhi"
  },
  {
    "id": 260,
    "chapter_id": 22,
    "book_id": 5,
    "title": "পোশাক-পরিচ্ছদ",
    "number": 22,
    "hadis_range": "১৭২০-১৭৮৭",
    "book_name": "tirmidhi"
  },
  {
    "id": 261,
    "chapter_id": 23,
    "book_id": 5,
    "title": "আহার ও খাদ্যদ্রব্য",
    "number": 23,
    "hadis_range": "১৭৮৮-১৮৬০",
    "book_name": "tirmidhi"
  },
  {
    "id": 262,
    "chapter_id": 24,
    "book_id": 5,
    "title": "পানপাত্র ও পানীয়",
    "number": 24,
    "hadis_range": "১৮৬১-১৮৯৬",
    "book_name": "tirmidhi"
  },
  {
    "id": 263,
    "chapter_id": 25,
    "book_id": 5,
    "title": "সদ্ব্যবহার ও পারস্পরিক সম্পর্ক বজায় রাখা",
    "number": 25,
    "hadis_range": "১৮৯৭-২০৩৫",
    "book_name": "tirmidhi"
  },
  {
    "id": 264,
    "chapter_id": 26,
    "book_id": 5,
    "title": "চিকিৎসা",
    "number": 26,
    "hadis_range": "২০৩৬-২০৮৯",
    "book_name": "tirmidhi"
  },
  {
    "id": 265,
    "chapter_id": 27,
    "book_id": 5,
    "title": "ফারাইয",
    "number": 27,
    "hadis_range": "২০৯০-২১১৫",
    "book_name": "tirmidhi"
  },
  {
    "id": 266,
    "chapter_id": 28,
    "book_id": 5,
    "title": "ওয়াসিয়াত",
    "number": 28,
    "hadis_range": "২১১৬-২১২৪",
    "book_name": "tirmidhi"
  },
  {
    "id": 267,
    "chapter_id": 29,
    "book_id": 5,
    "title": "ওয়ালাআ ও হিবা",
    "number": 29,
    "hadis_range": "২১২৫ -২১৩২",
    "book_name": "tirmidhi"
  },
  {
    "id": 268,
    "chapter_id": 30,
    "book_id": 5,
    "title": "তাকদীর",
    "number": 30,
    "hadis_range": "২১৩৩-২১৫৭",
    "book_name": "tirmidhi"
  },
  {
    "id": 269,
    "chapter_id": 31,
    "book_id": 5,
    "title": "কলহ ও বিপর্যয়",
    "number": 31,
    "hadis_range": "২১৫৮-২২৬৯",
    "book_name": "tirmidhi"
  },
  {
    "id": 270,
    "chapter_id": 32,
    "book_id": 5,
    "title": "স্বপ্ন ও তার তাৎপর্য",
    "number": 32,
    "hadis_range": "২২৭০-২২৯৪",
    "book_name": "tirmidhi"
  },
  {
    "id": 271,
    "chapter_id": 33,
    "book_id": 5,
    "title": "সাক্ষ্য প্রদান",
    "number": 33,
    "hadis_range": "২২৯৫ -২৩০৩",
    "book_name": "tirmidhi"
  },
  {
    "id": 272,
    "chapter_id": 34,
    "book_id": 5,
    "title": "দুনিয়াবী ভোগবিলাসের প্রতি অনাসক্তি",
    "number": 34,
    "hadis_range": "২৩০৪-২৪১৪",
    "book_name": "tirmidhi"
  },
  {
    "id": 273,
    "chapter_id": 35,
    "book_id": 5,
    "title": "কিয়ামত ও মর্মস্পর্শী বিষয়",
    "number": 35,
    "hadis_range": "২৪১৫ -২৫২২",
    "book_name": "tirmidhi"
  },
  {
    "id": 274,
    "chapter_id": 36,
    "book_id": 5,
    "title": "জান্নাতের বিবরণ",
    "number": 36,
    "hadis_range": "২৫২৩-২৫৭২",
    "book_name": "tirmidhi"
  },
  {
    "id": 275,
    "chapter_id": 37,
    "book_id": 5,
    "title": "জাহান্নামের বিবরণ",
    "number": 37,
    "hadis_range": "২৫৭৩ -২৬০৫",
    "book_name": "tirmidhi"
  },
  {
    "id": 276,
    "chapter_id": 38,
    "book_id": 5,
    "title": "ঈমান",
    "number": 38,
    "hadis_range": "২৬০৬ -২৬৪৪",
    "book_name": "tirmidhi"
  },
  {
    "id": 277,
    "chapter_id": 39,
    "book_id": 5,
    "title": "জ্ঞান",
    "number": 39,
    "hadis_range": "২৬৪৫ -২৬৮৭",
    "book_name": "tirmidhi"
  },
  {
    "id": 278,
    "chapter_id": 40,
    "book_id": 5,
    "title": "অনুমতি প্রার্থনা",
    "number": 40,
    "hadis_range": "২৬৮৮-২৭৩৫",
    "book_name": "tirmidhi"
  },
  {
    "id": 279,
    "chapter_id": 41,
    "book_id": 5,
    "title": "শিষ্টাচার",
    "number": 41,
    "hadis_range": "২৭৩৬-২৮৭৪",
    "book_name": "tirmidhi"
  },
  {
    "id": 280,
    "chapter_id": 42,
    "book_id": 5,
    "title": "কুরআনের ফযিলত",
    "number": 42,
    "hadis_range": "২৮৭৫-২৯২৬",
    "book_name": "tirmidhi"
  },
  {
    "id": 281,
    "chapter_id": 43,
    "book_id": 5,
    "title": "ক্বিরাআত",
    "number": 43,
    "hadis_range": "২৯২৭-২৯৪৯",
    "book_name": "tirmidhi"
  },
  {
    "id": 282,
    "chapter_id": 44,
    "book_id": 5,
    "title": "তাফসীরুল কুরআন",
    "number": 44,
    "hadis_range": "২৯৫০ -৩৩৬৯",
    "book_name": "tirmidhi"
  },
  {
    "id": 283,
    "chapter_id": 45,
    "book_id": 5,
    "title": "দু’আ সমূহ",
    "number": 45,
    "hadis_range": "৩৩৭০ -৩৬০৪",
    "book_name": "tirmidhi"
  },
  {
    "id": 284,
    "chapter_id": 46,
    "book_id": 5,
    "title": "রাসূলুল্লাহ (সাল্লাল্লাহু 'আলাইহি ওয়া সাল্লাম) ও তাঁর সাহাবীগণের মর্যাদা",
    "number": 46,
    "hadis_range": "৩৬০৫ -৩৯৫৬",
    "book_name": "tirmidhi"
  }
]