[
  {
    "id": 1,
    "link": "https://download.quranicaudio.com/quran/abdul_basit_murattal/001.mp3"
  },
  {
    "id": 2,
    "link": "https://download.quranicaudio.com/quran/abdul_basit_murattal/002.mp3"
  },
  {
    "id": 3,
    "link": "https://download.quranicaudio.com/quran/abdul_basit_murattal/003.mp3"
  },
  {
    "id": 4,
    "link": "https://download.quranicaudio.com/quran/abdul_basit_murattal/004.mp3"
  },
  {
    "id": 5,
    "link": "https://download.quranicaudio.com/quran/abdul_basit_murattal/005.mp3"
  },
  {
    "id": 6,
    "link": "https://download.quranicaudio.com/quran/abdul_basit_murattal/006.mp3"
  },
  {
    "id": 7,
    "link": "https://download.quranicaudio.com/quran/abdul_basit_murattal/007.mp3"
  },
  {
    "id": 8,
    "link": "https://download.quranicaudio.com/quran/abdul_basit_murattal/008.mp3"
  },
  {
    "id": 9,
    "link": "https://download.quranicaudio.com/quran/abdul_basit_murattal/009.mp3"
  },
  {
    "id": 10,
    "link": "https://download.quranicaudio.com/quran/abdul_basit_murattal/010.mp3"
  },
  {
    "id": 11,
    "link": "https://download.quranicaudio.com/quran/abdul_basit_murattal/011.mp3"
  },
  {
    "id": 12,
    "link": "https://download.quranicaudio.com/quran/abdul_basit_murattal/012.mp3"
  },
  {
    "id": 13,
    "link": "https://download.quranicaudio.com/quran/abdul_basit_murattal/013.mp3"
  },
  {
    "id": 14,
    "link": "https://download.quranicaudio.com/quran/abdul_basit_murattal/014.mp3"
  },
  {
    "id": 15,
    "link": "https://download.quranicaudio.com/quran/abdul_basit_murattal/015.mp3"
  },
  {
    "id": 16,
    "link": "https://download.quranicaudio.com/quran/abdul_basit_murattal/016.mp3"
  },
  {
    "id": 17,
    "link": "https://download.quranicaudio.com/quran/abdul_basit_murattal/017.mp3"
  },
  {
    "id": 18,
    "link": "https://download.quranicaudio.com/quran/abdul_basit_murattal/018.mp3"
  },
  {
    "id": 19,
    "link": "https://download.quranicaudio.com/quran/abdul_basit_murattal/019.mp3"
  },
  {
    "id": 20,
    "link": "https://download.quranicaudio.com/quran/abdul_basit_murattal/020.mp3"
  },
  {
    "id": 21,
    "link": "https://download.quranicaudio.com/quran/abdul_basit_murattal/021.mp3"
  },
  {
    "id": 22,
    "link": "https://download.quranicaudio.com/quran/abdul_basit_murattal/022.mp3"
  },
  {
    "id": 23,
    "link": "https://download.quranicaudio.com/quran/abdul_basit_murattal/023.mp3"
  },
  {
    "id": 24,
    "link": "https://download.quranicaudio.com/quran/abdul_basit_murattal/024.mp3"
  },
  {
    "id": 25,
    "link": "https://download.quranicaudio.com/quran/abdul_basit_murattal/025.mp3"
  },
  {
    "id": 26,
    "link": "https://download.quranicaudio.com/quran/abdul_basit_murattal/026.mp3"
  },
  {
    "id": 27,
    "link": "https://download.quranicaudio.com/quran/abdul_basit_murattal/027.mp3"
  },
  {
    "id": 28,
    "link": "https://download.quranicaudio.com/quran/abdul_basit_murattal/028.mp3"
  },
  {
    "id": 29,
    "link": "https://download.quranicaudio.com/quran/abdul_basit_murattal/029.mp3"
  },
  {
    "id": 30,
    "link": "https://download.quranicaudio.com/quran/abdul_basit_murattal/030.mp3"
  },
  {
    "id": 31,
    "link": "https://download.quranicaudio.com/quran/abdul_basit_murattal/031.mp3"
  },
  {
    "id": 32,
    "link": "https://download.quranicaudio.com/quran/abdul_basit_murattal/032.mp3"
  },
  {
    "id": 33,
    "link": "https://download.quranicaudio.com/quran/abdul_basit_murattal/033.mp3"
  },
  {
    "id": 34,
    "link": "https://download.quranicaudio.com/quran/abdul_basit_murattal/034.mp3"
  },
  {
    "id": 35,
    "link": "https://download.quranicaudio.com/quran/abdul_basit_murattal/035.mp3"
  },
  {
    "id": 36,
    "link": "https://download.quranicaudio.com/quran/abdul_basit_murattal/036.mp3"
  },
  {
    "id": 37,
    "link": "https://download.quranicaudio.com/quran/abdul_basit_murattal/037.mp3"
  },
  {
    "id": 38,
    "link": "https://download.quranicaudio.com/quran/abdul_basit_murattal/038.mp3"
  },
  {
    "id": 39,
    "link": "https://download.quranicaudio.com/quran/abdul_basit_murattal/039.mp3"
  },
  {
    "id": 40,
    "link": "https://download.quranicaudio.com/quran/abdul_basit_murattal/040.mp3"
  },
  {
    "id": 41,
    "link": "https://download.quranicaudio.com/quran/abdul_basit_murattal/041.mp3"
  },
  {
    "id": 42,
    "link": "https://download.quranicaudio.com/quran/abdul_basit_murattal/042.mp3"
  },
  {
    "id": 43,
    "link": "https://download.quranicaudio.com/quran/abdul_basit_murattal/043.mp3"
  },
  {
    "id": 44,
    "link": "https://download.quranicaudio.com/quran/abdul_basit_murattal/044.mp3"
  },
  {
    "id": 45,
    "link": "https://download.quranicaudio.com/quran/abdul_basit_murattal/045.mp3"
  },
  {
    "id": 46,
    "link": "https://download.quranicaudio.com/quran/abdul_basit_murattal/046.mp3"
  },
  {
    "id": 47,
    "link": "https://download.quranicaudio.com/quran/abdul_basit_murattal/047.mp3"
  },
  {
    "id": 48,
    "link": "https://download.quranicaudio.com/quran/abdul_basit_murattal/048.mp3"
  },
  {
    "id": 49,
    "link": "https://download.quranicaudio.com/quran/abdul_basit_murattal/049.mp3"
  },
  {
    "id": 50,
    "link": "https://download.quranicaudio.com/quran/abdul_basit_murattal/050.mp3"
  },
  {
    "id": 51,
    "link": "https://download.quranicaudio.com/quran/abdul_basit_murattal/051.mp3"
  },
  {
    "id": 52,
    "link": "https://download.quranicaudio.com/quran/abdul_basit_murattal/052.mp3"
  },
  {
    "id": 53,
    "link": "https://download.quranicaudio.com/quran/abdul_basit_murattal/053.mp3"
  },
  {
    "id": 54,
    "link": "https://download.quranicaudio.com/quran/abdul_basit_murattal/054.mp3"
  },
  {
    "id": 55,
    "link": "https://download.quranicaudio.com/quran/abdul_basit_murattal/055.mp3"
  },
  {
    "id": 56,
    "link": "https://download.quranicaudio.com/quran/abdul_basit_murattal/056.mp3"
  },
  {
    "id": 57,
    "link": "https://download.quranicaudio.com/quran/abdul_basit_murattal/057.mp3"
  },
  {
    "id": 58,
    "link": "https://download.quranicaudio.com/quran/abdul_basit_murattal/058.mp3"
  },
  {
    "id": 59,
    "link": "https://download.quranicaudio.com/quran/abdul_basit_murattal/059.mp3"
  },
  {
    "id": 60,
    "link": "https://download.quranicaudio.com/quran/abdul_basit_murattal/060.mp3"
  },
  {
    "id": 61,
    "link": "https://download.quranicaudio.com/quran/abdul_basit_murattal/061.mp3"
  },
  {
    "id": 62,
    "link": "https://download.quranicaudio.com/quran/abdul_basit_murattal/062.mp3"
  },
  {
    "id": 63,
    "link": "https://download.quranicaudio.com/quran/abdul_basit_murattal/063.mp3"
  },
  {
    "id": 64,
    "link": "https://download.quranicaudio.com/quran/abdul_basit_murattal/064.mp3"
  },
  {
    "id": 65,
    "link": "https://download.quranicaudio.com/quran/abdul_basit_murattal/065.mp3"
  },
  {
    "id": 66,
    "link": "https://download.quranicaudio.com/quran/abdul_basit_murattal/066.mp3"
  },
  {
    "id": 67,
    "link": "https://download.quranicaudio.com/quran/abdul_basit_murattal/067.mp3"
  },
  {
    "id": 68,
    "link": "https://download.quranicaudio.com/quran/abdul_basit_murattal/068.mp3"
  },
  {
    "id": 69,
    "link": "https://download.quranicaudio.com/quran/abdul_basit_murattal/069.mp3"
  },
  {
    "id": 70,
    "link": "https://download.quranicaudio.com/quran/abdul_basit_murattal/070.mp3"
  },
  {
    "id": 71,
    "link": "https://download.quranicaudio.com/quran/abdul_basit_murattal/071.mp3"
  },
  {
    "id": 72,
    "link": "https://download.quranicaudio.com/quran/abdul_basit_murattal/072.mp3"
  },
  {
    "id": 73,
    "link": "https://download.quranicaudio.com/quran/abdul_basit_murattal/073.mp3"
  },
  {
    "id": 74,
    "link": "https://download.quranicaudio.com/quran/abdul_basit_murattal/074.mp3"
  },
  {
    "id": 75,
    "link": "https://download.quranicaudio.com/quran/abdul_basit_murattal/075.mp3"
  },
  {
    "id": 76,
    "link": "https://download.quranicaudio.com/quran/abdul_basit_murattal/076.mp3"
  },
  {
    "id": 77,
    "link": "https://download.quranicaudio.com/quran/abdul_basit_murattal/077.mp3"
  },
  {
    "id": 78,
    "link": "https://download.quranicaudio.com/quran/abdul_basit_murattal/078.mp3"
  },
  {
    "id": 79,
    "link": "https://download.quranicaudio.com/quran/abdul_basit_murattal/079.mp3"
  },
  {
    "id": 80,
    "link": "https://download.quranicaudio.com/quran/abdul_basit_murattal/080.mp3"
  },
  {
    "id": 81,
    "link": "https://download.quranicaudio.com/quran/abdul_basit_murattal/081.mp3"
  },
  {
    "id": 82,
    "link": "https://download.quranicaudio.com/quran/abdul_basit_murattal/082.mp3"
  },
  {
    "id": 83,
    "link": "https://download.quranicaudio.com/quran/abdul_basit_murattal/083.mp3"
  },
  {
    "id": 84,
    "link": "https://download.quranicaudio.com/quran/abdul_basit_murattal/084.mp3"
  },
  {
    "id": 85,
    "link": "https://download.quranicaudio.com/quran/abdul_basit_murattal/085.mp3"
  },
  {
    "id": 86,
    "link": "https://download.quranicaudio.com/quran/abdul_basit_murattal/086.mp3"
  },
  {
    "id": 87,
    "link": "https://download.quranicaudio.com/quran/abdul_basit_murattal/087.mp3"
  },
  {
    "id": 88,
    "link": "https://download.quranicaudio.com/quran/abdul_basit_murattal/088.mp3"
  },
  {
    "id": 89,
    "link": "https://download.quranicaudio.com/quran/abdul_basit_murattal/089.mp3"
  },
  {
    "id": 90,
    "link": "https://download.quranicaudio.com/quran/abdul_basit_murattal/090.mp3"
  },
  {
    "id": 91,
    "link": "https://download.quranicaudio.com/quran/abdul_basit_murattal/091.mp3"
  },
  {
    "id": 92,
    "link": "https://download.quranicaudio.com/quran/abdul_basit_murattal/092.mp3"
  },
  {
    "id": 93,
    "link": "https://download.quranicaudio.com/quran/abdul_basit_murattal/093.mp3"
  },
  {
    "id": 94,
    "link": "https://download.quranicaudio.com/quran/abdul_basit_murattal/094.mp3"
  },
  {
    "id": 95,
    "link": "https://download.quranicaudio.com/quran/abdul_basit_murattal/095.mp3"
  },
  {
    "id": 96,
    "link": "https://download.quranicaudio.com/quran/abdul_basit_murattal/096.mp3"
  },
  {
    "id": 97,
    "link": "https://download.quranicaudio.com/quran/abdul_basit_murattal/097.mp3"
  },
  {
    "id": 98,
    "link": "https://download.quranicaudio.com/quran/abdul_basit_murattal/098.mp3"
  },
  {
    "id": 99,
    "link": "https://download.quranicaudio.com/quran/abdul_basit_murattal/099.mp3"
  },
  {
    "id": 100,
    "link": "https://download.quranicaudio.com/quran/abdul_basit_murattal/100.mp3"
  },
  {
    "id": 101,
    "link": "https://download.quranicaudio.com/quran/abdul_basit_murattal/101.mp3"
  },
  {
    "id": 102,
    "link": "https://download.quranicaudio.com/quran/abdul_basit_murattal/102.mp3"
  },
  {
    "id": 103,
    "link": "https://download.quranicaudio.com/quran/abdul_basit_murattal/103.mp3"
  },
  {
    "id": 104,
    "link": "https://download.quranicaudio.com/quran/abdul_basit_murattal/104.mp3"
  },
  {
    "id": 105,
    "link": "https://download.quranicaudio.com/quran/abdul_basit_murattal/105.mp3"
  },
  {
    "id": 106,
    "link": "https://download.quranicaudio.com/quran/abdul_basit_murattal/106.mp3"
  },
  {
    "id": 107,
    "link": "https://download.quranicaudio.com/quran/abdul_basit_murattal/107.mp3"
  },
  {
    "id": 108,
    "link": "https://download.quranicaudio.com/quran/abdul_basit_murattal/108.mp3"
  },
  {
    "id": 109,
    "link": "https://download.quranicaudio.com/quran/abdul_basit_murattal/109.mp3"
  },
  {
    "id": 110,
    "link": "https://download.quranicaudio.com/quran/abdul_basit_murattal/110.mp3"
  },
  {
    "id": 111,
    "link": "https://download.quranicaudio.com/quran/abdul_basit_murattal/111.mp3"
  },
  {
    "id": 112,
    "link": "https://download.quranicaudio.com/quran/abdul_basit_murattal/112.mp3"
  },
  {
    "id": 113,
    "link": "https://download.quranicaudio.com/quran/abdul_basit_murattal/113.mp3"
  },
  {
    "id": 114,
    "link": "https://download.quranicaudio.com/quran/abdul_basit_murattal/114.mp3"
  }
]