[
  {
    "ayah": 1,
    "time": 3865
  },
  {
    "ayah": 2,
    "time": 14092
  },
  {
    "ayah": 3,
    "time": 19404
  },
  {
    "ayah": 4,
    "time": 26342
  },
  {
    "ayah": 5,
    "time": 33529
  },
  {
    "ayah": 6,
    "time": 39530
  },
  {
    "ayah": 7,
    "time": 47904
  },
  {
    "ayah": 8,
    "time": 55857
  },
  {
    "ayah": 9,
    "time": 64857
  },
  {
    "ayah": 10,
    "time": 71980
  },
  {
    "ayah": 11,
    "time": 77355
  },
  {
    "ayah": 12,
    "time": 84420
  },
  {
    "ayah": 13,
    "time": 89293
  },
  {
    "ayah": 14,
    "time": 95669
  },
  {
    "ayah": 15,
    "time": 105419
  },
  {
    "ayah": 16,
    "time": 115294
  },
  {
    "ayah": 17,
    "time": 124170
  },
  {
    "ayah": 18,
    "time": 128794
  },
  {
    "ayah": 19,
    "time": 134670
  },
  {
    "ayah": 20,
    "time": 145668
  },
  {
    "ayah": 21,
    "time": 153044
  },
  {
    "ayah": 22,
    "time": 164668
  },
  {
    "ayah": 23,
    "time": 180295
  },
  {
    "ayah": 24,
    "time": 185981
  },
  {
    "ayah": 25,
    "time": 193233
  },
  {
    "ayah": 26,
    "time": 199544
  },
  {
    "ayah": 27,
    "time": 208357
  },
  {
    "ayah": 28,
    "time": 218918
  },
  {
    "ayah": 29,
    "time": 230607
  },
  {
    "ayah": 30,
    "time": 237265
  },
  {
    "ayah": 31,
    "time": 242765
  },
  {
    "ayah": 32,
    "time": 248078
  },
  {
    "ayah": 33,
    "time": 253891
  },
  {
    "ayah": 34,
    "time": 262705
  },
  {
    "ayah": 35,
    "time": 267452
  },
  {
    "ayah": 36,
    "time": 272140
  },
  {
    "ayah": 37,
    "time": 277081
  },
  {
    "ayah": 38,
    "time": 280526
  },
  {
    "ayah": 39,
    "time": 283748
  },
  {
    "ayah": 40,
    "time": 293810
  },
  {
    "ayah": 41,
    "time": 297710
  },
  {
    "ayah": 42,
    "time": 302246
  },
  {
    "ayah": 43,
    "time": 310062
  },
  {
    "ayah": 44,
    "time": 316560
  },
  {
    "ayah": 45,
    "time": 325249
  },
  {
    "ayah": 46,
    "time": 330185
  },
  {
    "ayah": 47,
    "time": 334812
  },
  {
    "ayah": 48,
    "time": 344684
  },
  {
    "ayah": 49,
    "time": 354000
  },
  {
    "ayah": 50,
    "time": 359216
  },
  {
    "ayah": 51,
    "time": 364005
  },
  {
    "ayah": 52,
    "time": 367630
  },
  {
    "ayah": 53,
    "time": 374732
  },
  {
    "ayah": 54,
    "time": 380294
  },
  {
    "ayah": 55,
    "time": 387231
  },
  {
    "ayah": 56,
    "time": 393293
  },
  {
    "ayah": 57,
    "time": 403231
  },
  {
    "ayah": 58,
    "time": 407484
  },
  {
    "ayah": 59,
    "time": 412593
  },
  {
    "ayah": 60,
    "time": 418066
  },
  {
    "ayah": 61,
    "time": 423733
  },
  {
    "ayah": 62,
    "time": 429400
  },
  {
    "ayah": 63,
    "time": 434000
  },
  {
    "ayah": 64,
    "time": 439100
  },
  {
    "ayah": 65,
    "time": 444183
  },
  {
    "ayah": 66,
    "time": 456435
  },
  {
    "ayah": 67,
    "time": 466185
  },
  {
    "ayah": 68,
    "time": 471497
  },
  {
    "ayah": 69,
    "time": 477808
  },
  {
    "ayah": 70,
    "time": 481008
  },
  {
    "ayah": 71,
    "time": 485632
  },
  {
    "ayah": 72,
    "time": 493842
  },
  {
    "ayah": 73,
    "time": 498868
  },
  {
    "ayah": 74,
    "time": 502443
  },
  {
    "ayah": 75,
    "time": 511757
  },
  {
    "ayah": 76,
    "time": 517131
  },
  {
    "ayah": 77,
    "time": 521100
  },
  {
    "ayah": 78,
    "time": 526130
  },
  {
    "ayah": 79,
    "time": 531830
  },
  {
    "ayah": 80,
    "time": 541633
  },
  {
    "ayah": 81,
    "time": 546244
  },
  {
    "ayah": 82,
    "time": 551820
  },
  {
    "ayah": 83,
    "time": 557000
  },
  {
    "ayah": 84,
    "time": 560444
  },
  {
    "ayah": 85,
    "time": 565071
  },
  {
    "ayah": 86,
    "time": 578831
  },
  {
    "ayah": 87,
    "time": 583197
  },
  {
    "ayah": 88,
    "time": 590381
  },
  {
    "ayah": 89,
    "time": 602820
  },
  {
    "ayah": 90,
    "time": 607758
  },
  {
    "ayah": 91,
    "time": 611566
  },
  {
    "ayah": 92,
    "time": 615266
  },
  {
    "ayah": 93,
    "time": 619312
  },
  {
    "ayah": 94,
    "time": 622600
  },
  {
    "ayah": 95,
    "time": 627725
  },
  {
    "ayah": 96,
    "time": 631289
  },
  {
    "ayah": 97,
    "time": 638563
  },
  {
    "ayah": 98,
    "time": 644500
  },
  {
    "ayah": 99,
    "time": 650225
  },
  {
    "ayah": 999,
    "time": 658254
  }
]