[
  {
    "ayah": 1,
    "time": 13578
  },
  {
    "ayah": 2,
    "time": 27789
  },
  {
    "ayah": 3,
    "time": 44521
  },
  {
    "ayah": 4,
    "time": 76876
  },
  {
    "ayah": 5,
    "time": 92997
  },
  {
    "ayah": 6,
    "time": 107004
  },
  {
    "ayah": 7,
    "time": 125405
  },
  {
    "ayah": 8,
    "time": 142649
  },
  {
    "ayah": 9,
    "time": 158478
  },
  {
    "ayah": 10,
    "time": 190907
  },
  {
    "ayah": 11,
    "time": 207279
  },
  {
    "ayah": 12,
    "time": 220296
  },
  {
    "ayah": 13,
    "time": 246590
  },
  {
    "ayah": 14,
    "time": 273120
  },
  {
    "ayah": 15,
    "time": 304099
  },
  {
    "ayah": 16,
    "time": 329198
  },
  {
    "ayah": 17,
    "time": 353293
  },
  {
    "ayah": 18,
    "time": 364903
  },
  {
    "ayah": 19,
    "time": 385583
  },
  {
    "ayah": 20,
    "time": 410003
  },
  {
    "ayah": 21,
    "time": 422635
  },
  {
    "ayah": 22,
    "time": 443944
  },
  {
    "ayah": 23,
    "time": 470507
  },
  {
    "ayah": 24,
    "time": 497085
  },
  {
    "ayah": 25,
    "time": 517976
  },
  {
    "ayah": 26,
    "time": 530243
  },
  {
    "ayah": 27,
    "time": 541946
  },
  {
    "ayah": 28,
    "time": 557053
  },
  {
    "ayah": 29,
    "time": 576615
  },
  {
    "ayah": 30,
    "time": 585685
  },
  {
    "ayah": 31,
    "time": 597924
  },
  {
    "ayah": 32,
    "time": 638713
  },
  {
    "ayah": 33,
    "time": 657999
  },
  {
    "ayah": 34,
    "time": 702096
  },
  {
    "ayah": 35,
    "time": 727074
  },
  {
    "ayah": 36,
    "time": 738558
  },
  {
    "ayah": 37,
    "time": 755045
  },
  {
    "ayah": 38,
    "time": 798559
  },
  {
    "ayah": 39,
    "time": 813659
  },
  {
    "ayah": 40,
    "time": 839772
  },
  {
    "ayah": 41,
    "time": 858041
  },
  {
    "ayah": 42,
    "time": 876546
  },
  {
    "ayah": 43,
    "time": 903356
  },
  {
    "ayah": 44,
    "time": 958598
  },
  {
    "ayah": 45,
    "time": 978135
  },
  {
    "ayah": 46,
    "time": 994860
  },
  {
    "ayah": 47,
    "time": 1026175
  },
  {
    "ayah": 48,
    "time": 1043451
  },
  {
    "ayah": 49,
    "time": 1051392
  },
  {
    "ayah": 50,
    "time": 1060580
  },
  {
    "ayah": 51,
    "time": 1082082
  },
  {
    "ayah": 52,
    "time": 1094853
  },
  {
    "ayah": 53,
    "time": 1109002
  },
  {
    "ayah": 54,
    "time": 1121005
  }
]