[
  {
    "ayah": 1,
    "time": 3622
  },
  {
    "ayah": 2,
    "time": 5011
  },
  {
    "ayah": 3,
    "time": 9525
  },
  {
    "ayah": 4,
    "time": 13240
  },
  {
    "ayah": 5,
    "time": 18990
  },
  {
    "ayah": 6,
    "time": 22617
  },
  {
    "ayah": 7,
    "time": 30368
  },
  {
    "ayah": 8,
    "time": 36742
  },
  {
    "ayah": 9,
    "time": 44303
  },
  {
    "ayah": 10,
    "time": 47432
  },
  {
    "ayah": 11,
    "time": 64303
  },
  {
    "ayah": 12,
    "time": 68741
  },
  {
    "ayah": 13,
    "time": 76618
  },
  {
    "ayah": 14,
    "time": 80745
  },
  {
    "ayah": 15,
    "time": 90368
  },
  {
    "ayah": 16,
    "time": 98870
  },
  {
    "ayah": 17,
    "time": 108308
  },
  {
    "ayah": 18,
    "time": 112245
  },
  {
    "ayah": 19,
    "time": 121558
  },
  {
    "ayah": 20,
    "time": 124181
  },
  {
    "ayah": 21,
    "time": 128369
  },
  {
    "ayah": 22,
    "time": 133995
  },
  {
    "ayah": 23,
    "time": 143933
  },
  {
    "ayah": 24,
    "time": 147244
  },
  {
    "ayah": 25,
    "time": 151058
  },
  {
    "ayah": 26,
    "time": 153788
  },
  {
    "ayah": 27,
    "time": 155781
  },
  {
    "ayah": 28,
    "time": 158760
  },
  {
    "ayah": 29,
    "time": 160643
  },
  {
    "ayah": 30,
    "time": 163481
  },
  {
    "ayah": 31,
    "time": 164700
  },
  {
    "ayah": 32,
    "time": 166275
  },
  {
    "ayah": 33,
    "time": 168662
  },
  {
    "ayah": 34,
    "time": 171409
  },
  {
    "ayah": 35,
    "time": 173640
  },
  {
    "ayah": 36,
    "time": 177332
  },
  {
    "ayah": 37,
    "time": 181144
  },
  {
    "ayah": 38,
    "time": 186208
  },
  {
    "ayah": 39,
    "time": 190645
  },
  {
    "ayah": 40,
    "time": 212771
  },
  {
    "ayah": 41,
    "time": 238833
  },
  {
    "ayah": 42,
    "time": 240898
  },
  {
    "ayah": 43,
    "time": 247272
  },
  {
    "ayah": 44,
    "time": 251021
  },
  {
    "ayah": 45,
    "time": 257520
  },
  {
    "ayah": 46,
    "time": 265087
  },
  {
    "ayah": 47,
    "time": 271273
  },
  {
    "ayah": 48,
    "time": 289336
  },
  {
    "ayah": 49,
    "time": 297710
  },
  {
    "ayah": 50,
    "time": 300837
  },
  {
    "ayah": 51,
    "time": 307148
  },
  {
    "ayah": 52,
    "time": 310522
  },
  {
    "ayah": 53,
    "time": 318147
  },
  {
    "ayah": 54,
    "time": 334398
  },
  {
    "ayah": 55,
    "time": 342025
  },
  {
    "ayah": 56,
    "time": 352025
  },
  {
    "ayah": 57,
    "time": 358087
  },
  {
    "ayah": 58,
    "time": 363774
  },
  {
    "ayah": 59,
    "time": 375651
  },
  {
    "ayah": 60,
    "time": 381713
  },
  {
    "ayah": 61,
    "time": 386714
  },
  {
    "ayah": 62,
    "time": 398089
  },
  {
    "ayah": 63,
    "time": 403150
  },
  {
    "ayah": 64,
    "time": 416839
  },
  {
    "ayah": 65,
    "time": 424403
  },
  {
    "ayah": 66,
    "time": 432651
  },
  {
    "ayah": 67,
    "time": 442090
  },
  {
    "ayah": 68,
    "time": 446152
  },
  {
    "ayah": 69,
    "time": 451654
  },
  {
    "ayah": 70,
    "time": 463029
  },
  {
    "ayah": 71,
    "time": 471402
  },
  {
    "ayah": 72,
    "time": 495780
  },
  {
    "ayah": 73,
    "time": 512593
  },
  {
    "ayah": 74,
    "time": 527967
  },
  {
    "ayah": 75,
    "time": 538406
  },
  {
    "ayah": 76,
    "time": 546843
  },
  {
    "ayah": 77,
    "time": 558468
  },
  {
    "ayah": 78,
    "time": 570345
  },
  {
    "ayah": 79,
    "time": 577471
  },
  {
    "ayah": 80,
    "time": 581406
  },
  {
    "ayah": 81,
    "time": 596531
  },
  {
    "ayah": 82,
    "time": 610095
  },
  {
    "ayah": 83,
    "time": 619584
  },
  {
    "ayah": 84,
    "time": 623660
  },
  {
    "ayah": 85,
    "time": 630282
  },
  {
    "ayah": 86,
    "time": 637910
  },
  {
    "ayah": 87,
    "time": 657911
  },
  {
    "ayah": 88,
    "time": 672472
  },
  {
    "ayah": 89,
    "time": 683098
  },
  {
    "ayah": 90,
    "time": 692787
  },
  {
    "ayah": 91,
    "time": 706725
  },
  {
    "ayah": 92,
    "time": 713348
  },
  {
    "ayah": 93,
    "time": 718599
  },
  {
    "ayah": 94,
    "time": 722912
  },
  {
    "ayah": 95,
    "time": 736787
  },
  {
    "ayah": 96,
    "time": 740290
  },
  {
    "ayah": 97,
    "time": 752975
  },
  {
    "ayah": 98,
    "time": 778663
  },
  {
    "ayah": 99,
    "time": 786788
  },
  {
    "ayah": 100,
    "time": 796352
  },
  {
    "ayah": 101,
    "time": 802166
  },
  {
    "ayah": 102,
    "time": 808604
  },
  {
    "ayah": 103,
    "time": 814602
  },
  {
    "ayah": 104,
    "time": 819602
  },
  {
    "ayah": 105,
    "time": 828104
  },
  {
    "ayah": 106,
    "time": 834791
  },
  {
    "ayah": 107,
    "time": 837706
  },
  {
    "ayah": 108,
    "time": 841784
  },
  {
    "ayah": 109,
    "time": 853600
  },
  {
    "ayah": 110,
    "time": 862473
  },
  {
    "ayah": 111,
    "time": 869914
  },
  {
    "ayah": 112,
    "time": 881225
  },
  {
    "ayah": 113,
    "time": 889661
  },
  {
    "ayah": 114,
    "time": 901664
  },
  {
    "ayah": 115,
    "time": 915913
  },
  {
    "ayah": 116,
    "time": 922913
  },
  {
    "ayah": 117,
    "time": 931664
  },
  {
    "ayah": 118,
    "time": 942665
  },
  {
    "ayah": 119,
    "time": 947539
  },
  {
    "ayah": 120,
    "time": 952603
  },
  {
    "ayah": 121,
    "time": 962289
  },
  {
    "ayah": 122,
    "time": 977163
  },
  {
    "ayah": 123,
    "time": 984418
  },
  {
    "ayah": 124,
    "time": 998728
  },
  {
    "ayah": 125,
    "time": 1008168
  },
  {
    "ayah": 126,
    "time": 1013792
  },
  {
    "ayah": 127,
    "time": 1021481
  },
  {
    "ayah": 128,
    "time": 1032791
  },
  {
    "ayah": 129,
    "time": 1045000
  },
  {
    "ayah": 130,
    "time": 1052732
  },
  {
    "ayah": 131,
    "time": 1069982
  },
  {
    "ayah": 132,
    "time": 1086918
  },
  {
    "ayah": 133,
    "time": 1098295
  },
  {
    "ayah": 134,
    "time": 1107921
  },
  {
    "ayah": 135,
    "time": 1130107
  },
  {
    "ayah": 999,
    "time": 1143000
  }
]