[
  {
    "ayah": 1,
    "time": 3789
  },
  {
    "ayah": 2,
    "time": 15378
  },
  {
    "ayah": 3,
    "time": 24191
  },
  {
    "ayah": 4,
    "time": 49442
  },
  {
    "ayah": 5,
    "time": 70569
  },
  {
    "ayah": 6,
    "time": 98883
  },
  {
    "ayah": 7,
    "time": 124819
  },
  {
    "ayah": 8,
    "time": 136319
  },
  {
    "ayah": 9,
    "time": 193821
  },
  {
    "ayah": 10,
    "time": 208072
  },
  {
    "ayah": 11,
    "time": 236166
  },
  {
    "ayah": 12,
    "time": 261357
  },
  {
    "ayah": 999,
    "time": 281500
  }
]