[
  {
    "ayah": 1,
    "time": 3481
  },
  {
    "ayah": 2,
    "time": 6794
  },
  {
    "ayah": 3,
    "time": 8697
  },
  {
    "ayah": 4,
    "time": 11396
  },
  {
    "ayah": 5,
    "time": 14783
  },
  {
    "ayah": 6,
    "time": 17505
  },
  {
    "ayah": 7,
    "time": 20677
  },
  {
    "ayah": 8,
    "time": 25991
  },
  {
    "ayah": 9,
    "time": 33378
  },
  {
    "ayah": 10,
    "time": 42317
  },
  {
    "ayah": 11,
    "time": 55130
  },
  {
    "ayah": 12,
    "time": 69100
  },
  {
    "ayah": 13,
    "time": 73132
  },
  {
    "ayah": 14,
    "time": 76200
  },
  {
    "ayah": 15,
    "time": 78553
  },
  {
    "ayah": 16,
    "time": 80889
  },
  {
    "ayah": 17,
    "time": 84158
  },
  {
    "ayah": 18,
    "time": 86744
  },
  {
    "ayah": 19,
    "time": 89068
  },
  {
    "ayah": 20,
    "time": 93442
  },
  {
    "ayah": 21,
    "time": 100131
  },
  {
    "ayah": 22,
    "time": 103816
  },
  {
    "ayah": 999,
    "time": 109824
  }
]