[
  {
    "ayah": 1,
    "time": 14217
  },
  {
    "ayah": 2,
    "time": 25781
  },
  {
    "ayah": 3,
    "time": 39759
  },
  {
    "ayah": 4,
    "time": 60782
  },
  {
    "ayah": 5,
    "time": 79776
  },
  {
    "ayah": 6,
    "time": 101556
  },
  {
    "ayah": 7,
    "time": 139591
  },
  {
    "ayah": 8,
    "time": 152965
  },
  {
    "ayah": 9,
    "time": 172802
  },
  {
    "ayah": 10,
    "time": 194761
  },
  {
    "ayah": 11,
    "time": 216867
  },
  {
    "ayah": 12,
    "time": 232378
  },
  {
    "ayah": 13,
    "time": 244127
  },
  {
    "ayah": 14,
    "time": 262610
  },
  {
    "ayah": 15,
    "time": 275474
  },
  {
    "ayah": 16,
    "time": 301527
  },
  {
    "ayah": 17,
    "time": 314158
  },
  {
    "ayah": 18,
    "time": 345220
  },
  {
    "ayah": 19,
    "time": 371094
  },
  {
    "ayah": 20,
    "time": 397054
  },
  {
    "ayah": 21,
    "time": 411357
  },
  {
    "ayah": 22,
    "time": 462348
  },
  {
    "ayah": 23,
    "time": 477348
  },
  {
    "ayah": 24,
    "time": 508370
  },
  {
    "ayah": 25,
    "time": 535955
  },
  {
    "ayah": 26,
    "time": 566434
  },
  {
    "ayah": 27,
    "time": 589361
  },
  {
    "ayah": 28,
    "time": 602132
  },
  {
    "ayah": 29,
    "time": 621598
  },
  {
    "ayah": 30,
    "time": 636326
  },
  {
    "ayah": 31,
    "time": 657735
  },
  {
    "ayah": 32,
    "time": 702721
  },
  {
    "ayah": 33,
    "time": 732318
  },
  {
    "ayah": 34,
    "time": 756234
  },
  {
    "ayah": 35,
    "time": 770484
  },
  {
    "ayah": 36,
    "time": 784509
  },
  {
    "ayah": 37,
    "time": 828634
  },
  {
    "ayah": 38,
    "time": 865368
  },
  {
    "ayah": 39,
    "time": 904828
  },
  {
    "ayah": 40,
    "time": 919092
  },
  {
    "ayah": 41,
    "time": 981221
  },
  {
    "ayah": 42,
    "time": 1006020
  },
  {
    "ayah": 43,
    "time": 1028915
  },
  {
    "ayah": 44,
    "time": 1064481
  },
  {
    "ayah": 45,
    "time": 1077784
  },
  {
    "ayah": 46,
    "time": 1092677
  },
  {
    "ayah": 47,
    "time": 1124024
  },
  {
    "ayah": 48,
    "time": 1148373
  },
  {
    "ayah": 49,
    "time": 1170796
  },
  {
    "ayah": 50,
    "time": 1185185
  },
  {
    "ayah": 51,
    "time": 1212724
  },
  {
    "ayah": 52,
    "time": 1247322
  },
  {
    "ayah": 53,
    "time": 1262408
  },
  {
    "ayah": 54,
    "time": 1287600
  },
  {
    "ayah": 55,
    "time": 1305518
  },
  {
    "ayah": 56,
    "time": 1316207
  },
  {
    "ayah": 57,
    "time": 1338669
  },
  {
    "ayah": 58,
    "time": 1348129
  },
  {
    "ayah": 59,
    "time": 1361100
  },
  {
    "ayah": 60,
    "time": 1383637
  },
  {
    "ayah": 61,
    "time": 1393933
  },
  {
    "ayah": 62,
    "time": 1402988
  },
  {
    "ayah": 63,
    "time": 1428538
  },
  {
    "ayah": 64,
    "time": 1452633
  },
  {
    "ayah": 65,
    "time": 1473956
  },
  {
    "ayah": 66,
    "time": 1507618
  },
  {
    "ayah": 67,
    "time": 1537571
  },
  {
    "ayah": 68,
    "time": 1575931
  },
  {
    "ayah": 69,
    "time": 1610436
  },
  {
    "ayah": 70,
    "time": 1632555
  },
  {
    "ayah": 71,
    "time": 1658501
  },
  {
    "ayah": 72,
    "time": 1667464
  },
  {
    "ayah": 73,
    "time": 1690266
  },
  {
    "ayah": 74,
    "time": 1703548
  },
  {
    "ayah": 75,
    "time": 1715729
  },
  {
    "ayah": 76,
    "time": 1732573
  },
  {
    "ayah": 77,
    "time": 1779616
  },
  {
    "ayah": 78,
    "time": 1806458
  },
  {
    "ayah": 79,
    "time": 1829725
  },
  {
    "ayah": 80,
    "time": 1848904
  },
  {
    "ayah": 81,
    "time": 1890050
  },
  {
    "ayah": 82,
    "time": 1916575
  },
  {
    "ayah": 83,
    "time": 1932768
  },
  {
    "ayah": 84,
    "time": 1956659
  },
  {
    "ayah": 85,
    "time": 1972017
  },
  {
    "ayah": 86,
    "time": 1984277
  },
  {
    "ayah": 87,
    "time": 2000066
  },
  {
    "ayah": 88,
    "time": 2023301
  },
  {
    "ayah": 89,
    "time": 2054308
  },
  {
    "ayah": 90,
    "time": 2066661
  },
  {
    "ayah": 91,
    "time": 2096258
  },
  {
    "ayah": 92,
    "time": 2108550
  },
  {
    "ayah": 93,
    "time": 2121971
  },
  {
    "ayah": 94,
    "time": 2136600
  },
  {
    "ayah": 95,
    "time": 2153279
  },
  {
    "ayah": 96,
    "time": 2161631
  },
  {
    "ayah": 97,
    "time": 2187730
  },
  {
    "ayah": 98,
    "time": 2202955
  },
  {
    "ayah": 99,
    "time": 2214579
  },
  {
    "ayah": 100,
    "time": 2233102
  },
  {
    "ayah": 101,
    "time": 2292048
  },
  {
    "ayah": 102,
    "time": 2320795
  },
  {
    "ayah": 103,
    "time": 2340982
  },
  {
    "ayah": 104,
    "time": 2350363
  },
  {
    "ayah": 105,
    "time": 2360626
  },
  {
    "ayah": 106,
    "time": 2375115
  },
  {
    "ayah": 107,
    "time": 2385425
  },
  {
    "ayah": 108,
    "time": 2404015
  },
  {
    "ayah": 109,
    "time": 2427406
  },
  {
    "ayah": 110,
    "time": 2463072
  },
  {
    "ayah": 111,
    "time": 2491819
  }
]