[
  {
    "ayah": 1,
    "time": 4043
  },
  {
    "ayah": 2,
    "time": 11482
  },
  {
    "ayah": 3,
    "time": 23477
  },
  {
    "ayah": 4,
    "time": 31419
  },
  {
    "ayah": 5,
    "time": 39854
  },
  {
    "ayah": 6,
    "time": 49169
  },
  {
    "ayah": 7,
    "time": 61670
  },
  {
    "ayah": 8,
    "time": 73230
  },
  {
    "ayah": 9,
    "time": 80106
  },
  {
    "ayah": 10,
    "time": 92980
  },
  {
    "ayah": 11,
    "time": 98241
  },
  {
    "ayah": 12,
    "time": 108102
  },
  {
    "ayah": 13,
    "time": 115353
  },
  {
    "ayah": 14,
    "time": 120539
  },
  {
    "ayah": 15,
    "time": 130603
  },
  {
    "ayah": 16,
    "time": 142540
  },
  {
    "ayah": 17,
    "time": 155229
  },
  {
    "ayah": 18,
    "time": 164353
  },
  {
    "ayah": 19,
    "time": 172166
  },
  {
    "ayah": 20,
    "time": 183791
  },
  {
    "ayah": 21,
    "time": 190478
  },
  {
    "ayah": 22,
    "time": 199979
  },
  {
    "ayah": 23,
    "time": 214733
  },
  {
    "ayah": 24,
    "time": 221294
  },
  {
    "ayah": 25,
    "time": 227607
  },
  {
    "ayah": 26,
    "time": 233360
  },
  {
    "ayah": 27,
    "time": 242421
  },
  {
    "ayah": 28,
    "time": 253423
  },
  {
    "ayah": 29,
    "time": 263170
  },
  {
    "ayah": 30,
    "time": 272362
  },
  {
    "ayah": 31,
    "time": 296362
  },
  {
    "ayah": 32,
    "time": 303927
  },
  {
    "ayah": 33,
    "time": 310303
  },
  {
    "ayah": 34,
    "time": 318179
  },
  {
    "ayah": 35,
    "time": 331619
  },
  {
    "ayah": 36,
    "time": 339930
  },
  {
    "ayah": 37,
    "time": 352556
  },
  {
    "ayah": 38,
    "time": 362745
  },
  {
    "ayah": 39,
    "time": 374805
  },
  {
    "ayah": 40,
    "time": 384124
  },
  {
    "ayah": 41,
    "time": 390205
  },
  {
    "ayah": 42,
    "time": 398058
  },
  {
    "ayah": 43,
    "time": 405186
  },
  {
    "ayah": 44,
    "time": 412244
  },
  {
    "ayah": 45,
    "time": 421123
  },
  {
    "ayah": 999,
    "time": 440559
  }
]