[
  {
    "ayah": 1,
    "time": 3995
  },
  {
    "ayah": 2,
    "time": 8597
  },
  {
    "ayah": 3,
    "time": 13604
  },
  {
    "ayah": 4,
    "time": 17367
  },
  {
    "ayah": 5,
    "time": 24268
  },
  {
    "ayah": 6,
    "time": 31685
  },
  {
    "ayah": 7,
    "time": 38149
  },
  {
    "ayah": 8,
    "time": 45007
  },
  {
    "ayah": 9,
    "time": 50066
  },
  {
    "ayah": 10,
    "time": 54676
  },
  {
    "ayah": 11,
    "time": 60927
  },
  {
    "ayah": 12,
    "time": 66334
  },
  {
    "ayah": 13,
    "time": 69688
  },
  {
    "ayah": 14,
    "time": 74845
  },
  {
    "ayah": 15,
    "time": 77802
  },
  {
    "ayah": 16,
    "time": 83009
  },
  {
    "ayah": 17,
    "time": 85815
  },
  {
    "ayah": 999,
    "time": 91821
  }
]