[
  {
    "ayah": 1,
    "time": 4337
  },
  {
    "ayah": 2,
    "time": 66119
  },
  {
    "ayah": 3,
    "time": 109300
  },
  {
    "ayah": 4,
    "time": 133541
  },
  {
    "ayah": 5,
    "time": 174744
  },
  {
    "ayah": 6,
    "time": 195280
  },
  {
    "ayah": 7,
    "time": 252096
  },
  {
    "ayah": 8,
    "time": 286890
  },
  {
    "ayah": 9,
    "time": 307867
  },
  {
    "ayah": 10,
    "time": 317478
  },
  {
    "ayah": 11,
    "time": 340310
  },
  {
    "ayah": 12,
    "time": 391339
  },
  {
    "ayah": 999,
    "time": 429991
  }
]