[
  {
    "ayah": 1,
    "time": 14031
  },
  {
    "ayah": 2,
    "time": 21726
  },
  {
    "ayah": 3,
    "time": 29582
  },
  {
    "ayah": 4,
    "time": 42067
  },
  {
    "ayah": 5,
    "time": 61293
  },
  {
    "ayah": 6,
    "time": 73321
  },
  {
    "ayah": 7,
    "time": 89714
  },
  {
    "ayah": 8,
    "time": 101339
  },
  {
    "ayah": 9,
    "time": 118150
  },
  {
    "ayah": 10,
    "time": 129002
  },
  {
    "ayah": 11,
    "time": 140520
  },
  {
    "ayah": 12,
    "time": 149529
  },
  {
    "ayah": 13,
    "time": 159467
  },
  {
    "ayah": 14,
    "time": 171077
  },
  {
    "ayah": 15,
    "time": 179622
  },
  {
    "ayah": 16,
    "time": 196115
  },
  {
    "ayah": 17,
    "time": 205396
  },
  {
    "ayah": 18,
    "time": 218678
  },
  {
    "ayah": 19,
    "time": 229498
  },
  {
    "ayah": 20,
    "time": 238694
  },
  {
    "ayah": 21,
    "time": 248082
  },
  {
    "ayah": 22,
    "time": 255691
  },
  {
    "ayah": 23,
    "time": 280722
  },
  {
    "ayah": 24,
    "time": 303988
  },
  {
    "ayah": 25,
    "time": 344855
  },
  {
    "ayah": 26,
    "time": 356186
  },
  {
    "ayah": 27,
    "time": 394778
  },
  {
    "ayah": 28,
    "time": 415304
  },
  {
    "ayah": 29,
    "time": 429429
  },
  {
    "ayah": 30,
    "time": 445869
  },
  {
    "ayah": 31,
    "time": 460165
  },
  {
    "ayah": 32,
    "time": 467928
  },
  {
    "ayah": 33,
    "time": 482982
  },
  {
    "ayah": 34,
    "time": 492673
  },
  {
    "ayah": 35,
    "time": 506327
  },
  {
    "ayah": 36,
    "time": 523138
  },
  {
    "ayah": 37,
    "time": 534669
  },
  {
    "ayah": 38,
    "time": 545150
  },
  {
    "ayah": 39,
    "time": 551759
  },
  {
    "ayah": 40,
    "time": 561047
  },
  {
    "ayah": 41,
    "time": 569253
  },
  {
    "ayah": 42,
    "time": 586250
  },
  {
    "ayah": 43,
    "time": 596202
  },
  {
    "ayah": 44,
    "time": 615553
  },
  {
    "ayah": 45,
    "time": 634872
  },
  {
    "ayah": 46,
    "time": 647233
  },
  {
    "ayah": 47,
    "time": 658371
  },
  {
    "ayah": 48,
    "time": 668595
  },
  {
    "ayah": 49,
    "time": 679315
  },
  {
    "ayah": 50,
    "time": 688464
  },
  {
    "ayah": 51,
    "time": 697473
  },
  {
    "ayah": 52,
    "time": 709362
  },
  {
    "ayah": 53,
    "time": 717132
  },
  {
    "ayah": 54,
    "time": 723991
  },
  {
    "ayah": 55,
    "time": 732861
  },
  {
    "ayah": 56,
    "time": 741638
  },
  {
    "ayah": 57,
    "time": 748989
  },
  {
    "ayah": 58,
    "time": 757474
  },
  {
    "ayah": 59,
    "time": 766019
  },
  {
    "ayah": 60,
    "time": 782737
  },
  {
    "ayah": 61,
    "time": 797737
  },
  {
    "ayah": 62,
    "time": 811901
  },
  {
    "ayah": 63,
    "time": 824440
  },
  {
    "ayah": 64,
    "time": 832799
  },
  {
    "ayah": 65,
    "time": 841948
  },
  {
    "ayah": 66,
    "time": 855787
  },
  {
    "ayah": 67,
    "time": 865632
  },
  {
    "ayah": 68,
    "time": 870323
  },
  {
    "ayah": 69,
    "time": 876281
  },
  {
    "ayah": 70,
    "time": 887095
  },
  {
    "ayah": 71,
    "time": 901716
  },
  {
    "ayah": 72,
    "time": 915369
  },
  {
    "ayah": 73,
    "time": 925508
  },
  {
    "ayah": 74,
    "time": 932645
  },
  {
    "ayah": 75,
    "time": 941151
  },
  {
    "ayah": 76,
    "time": 956840
  },
  {
    "ayah": 77,
    "time": 968636
  },
  {
    "ayah": 78,
    "time": 975702
  },
  {
    "ayah": 79,
    "time": 985183
  },
  {
    "ayah": 80,
    "time": 994371
  },
  {
    "ayah": 81,
    "time": 1001190
  },
  {
    "ayah": 82,
    "time": 1007088
  },
  {
    "ayah": 83,
    "time": 1015076
  },
  {
    "ayah": 84,
    "time": 1021731
  },
  {
    "ayah": 85,
    "time": 1027436
  },
  {
    "ayah": 86,
    "time": 1040014
  },
  {
    "ayah": 87,
    "time": 1053157
  },
  {
    "ayah": 88,
    "time": 1059565
  }
]