[
  {
    "ayah": 1,
    "time": 6819
  },
  {
    "ayah": 2,
    "time": 11192
  },
  {
    "ayah": 3,
    "time": 15743
  },
  {
    "ayah": 4,
    "time": 20101
  },
  {
    "ayah": 5,
    "time": 24838
  },
  {
    "ayah": 6,
    "time": 28785
  },
  {
    "ayah": 7,
    "time": 32872
  },
  {
    "ayah": 8,
    "time": 36448
  },
  {
    "ayah": 9,
    "time": 40502
  },
  {
    "ayah": 10,
    "time": 45053
  },
  {
    "ayah": 11,
    "time": 52298
  },
  {
    "ayah": 12,
    "time": 56152
  },
  {
    "ayah": 13,
    "time": 60836
  },
  {
    "ayah": 14,
    "time": 65208
  },
  {
    "ayah": 15,
    "time": 70024
  },
  {
    "ayah": 16,
    "time": 75271
  },
  {
    "ayah": 17,
    "time": 79512
  },
  {
    "ayah": 18,
    "time": 83491
  },
  {
    "ayah": 19,
    "time": 89111
  },
  {
    "ayah": 20,
    "time": 93615
  },
  {
    "ayah": 21,
    "time": 98073
  },
  {
    "ayah": 22,
    "time": 103182
  },
  {
    "ayah": 23,
    "time": 108987
  },
  {
    "ayah": 24,
    "time": 154326
  },
  {
    "ayah": 25,
    "time": 159792
  },
  {
    "ayah": 26,
    "time": 164357
  },
  {
    "ayah": 27,
    "time": 189017
  },
  {
    "ayah": 28,
    "time": 204096
  },
  {
    "ayah": 29,
    "time": 220489
  },
  {
    "ayah": 30,
    "time": 231356
  },
  {
    "ayah": 31,
    "time": 247206
  },
  {
    "ayah": 32,
    "time": 264661
  },
  {
    "ayah": 33,
    "time": 304034
  },
  {
    "ayah": 34,
    "time": 307996
  },
  {
    "ayah": 35,
    "time": 312454
  },
  {
    "ayah": 36,
    "time": 317548
  },
  {
    "ayah": 37,
    "time": 322610
  },
  {
    "ayah": 38,
    "time": 326565
  },
  {
    "ayah": 39,
    "time": 332038
  },
  {
    "ayah": 40,
    "time": 338121
  },
  {
    "ayah": 41,
    "time": 342594
  },
  {
    "ayah": 42,
    "time": 348849
  },
  {
    "ayah": 43,
    "time": 354468
  },
  {
    "ayah": 44,
    "time": 359266
  },
  {
    "ayah": 45,
    "time": 363896
  },
  {
    "ayah": 46,
    "time": 371233
  },
  {
    "ayah": 47,
    "time": 375273
  },
  {
    "ayah": 48,
    "time": 380853
  },
  {
    "ayah": 49,
    "time": 385676
  },
  {
    "ayah": 50,
    "time": 390102
  },
  {
    "ayah": 51,
    "time": 396125
  },
  {
    "ayah": 52,
    "time": 401015
  },
  {
    "ayah": 53,
    "time": 411264
  },
  {
    "ayah": 54,
    "time": 414469
  },
  {
    "ayah": 55,
    "time": 417966
  },
  {
    "ayah": 56,
    "time": 423942
  },
  {
    "ayah": 57,
    "time": 430119
  },
  {
    "ayah": 58,
    "time": 432627
  },
  {
    "ayah": 59,
    "time": 438432
  },
  {
    "ayah": 60,
    "time": 444283
  },
  {
    "ayah": 61,
    "time": 449809
  },
  {
    "ayah": 62,
    "time": 455861
  }
]