[
  {
    "ayah": 1,
    "time": 4259
  },
  {
    "ayah": 2,
    "time": 8315
  },
  {
    "ayah": 3,
    "time": 16428
  },
  {
    "ayah": 4,
    "time": 43013
  },
  {
    "ayah": 5,
    "time": 80360
  },
  {
    "ayah": 6,
    "time": 103203
  },
  {
    "ayah": 7,
    "time": 119223
  },
  {
    "ayah": 8,
    "time": 141118
  },
  {
    "ayah": 9,
    "time": 174225
  },
  {
    "ayah": 10,
    "time": 201107
  },
  {
    "ayah": 11,
    "time": 244767
  },
  {
    "ayah": 12,
    "time": 269902
  },
  {
    "ayah": 13,
    "time": 295835
  },
  {
    "ayah": 14,
    "time": 312009
  },
  {
    "ayah": 15,
    "time": 327740
  },
  {
    "ayah": 16,
    "time": 413357
  },
  {
    "ayah": 17,
    "time": 440742
  },
  {
    "ayah": 18,
    "time": 492927
  },
  {
    "ayah": 19,
    "time": 519312
  },
  {
    "ayah": 20,
    "time": 535236
  },
  {
    "ayah": 21,
    "time": 577866
  },
  {
    "ayah": 22,
    "time": 617516
  },
  {
    "ayah": 23,
    "time": 636743
  },
  {
    "ayah": 24,
    "time": 658971
  },
  {
    "ayah": 25,
    "time": 687061
  },
  {
    "ayah": 26,
    "time": 707440
  },
  {
    "ayah": 27,
    "time": 780339
  },
  {
    "ayah": 28,
    "time": 794857
  },
  {
    "ayah": 29,
    "time": 817939
  },
  {
    "ayah": 30,
    "time": 847530
  },
  {
    "ayah": 31,
    "time": 879573
  },
  {
    "ayah": 32,
    "time": 899048
  },
  {
    "ayah": 33,
    "time": 923783
  },
  {
    "ayah": 34,
    "time": 955178
  },
  {
    "ayah": 35,
    "time": 979008
  },
  {
    "ayah": 999,
    "time": 1014155
  }
]