[
  {
    "ayah": 1,
    "time": 14171
  },
  {
    "ayah": 2,
    "time": 20301
  },
  {
    "ayah": 3,
    "time": 29728
  },
  {
    "ayah": 4,
    "time": 43939
  },
  {
    "ayah": 5,
    "time": 69574
  },
  {
    "ayah": 6,
    "time": 80115
  },
  {
    "ayah": 7,
    "time": 96277
  },
  {
    "ayah": 8,
    "time": 156230
  },
  {
    "ayah": 9,
    "time": 173227
  },
  {
    "ayah": 10,
    "time": 190271
  },
  {
    "ayah": 11,
    "time": 210426
  },
  {
    "ayah": 12,
    "time": 227655
  },
  {
    "ayah": 13,
    "time": 239590
  },
  {
    "ayah": 14,
    "time": 273770
  },
  {
    "ayah": 15,
    "time": 304560
  },
  {
    "ayah": 16,
    "time": 342037
  },
  {
    "ayah": 17,
    "time": 360195
  },
  {
    "ayah": 18,
    "time": 373801
  },
  {
    "ayah": 19,
    "time": 396929
  },
  {
    "ayah": 20,
    "time": 426743
  },
  {
    "ayah": 21,
    "time": 460783
  },
  {
    "ayah": 22,
    "time": 485064
  },
  {
    "ayah": 23,
    "time": 499561
  },
  {
    "ayah": 24,
    "time": 519669
  },
  {
    "ayah": 25,
    "time": 541821
  },
  {
    "ayah": 26,
    "time": 564066
  },
  {
    "ayah": 27,
    "time": 603261
  },
  {
    "ayah": 28,
    "time": 626388
  },
  {
    "ayah": 29,
    "time": 660847
  },
  {
    "ayah": 30,
    "time": 682302
  },
  {
    "ayah": 31,
    "time": 713927
  },
  {
    "ayah": 32,
    "time": 731249
  },
  {
    "ayah": 33,
    "time": 746621
  },
  {
    "ayah": 34,
    "time": 762086
  },
  {
    "ayah": 35,
    "time": 772535
  },
  {
    "ayah": 36,
    "time": 793293
  },
  {
    "ayah": 37,
    "time": 840615
  },
  {
    "ayah": 38,
    "time": 888820
  },
  {
    "ayah": 39,
    "time": 907953
  },
  {
    "ayah": 40,
    "time": 945337
  },
  {
    "ayah": 41,
    "time": 963263
  },
  {
    "ayah": 42,
    "time": 988512
  },
  {
    "ayah": 43,
    "time": 1004502
  },
  {
    "ayah": 44,
    "time": 1012622
  },
  {
    "ayah": 45,
    "time": 1035849
  },
  {
    "ayah": 46,
    "time": 1059162
  },
  {
    "ayah": 47,
    "time": 1067799
  },
  {
    "ayah": 48,
    "time": 1093574
  },
  {
    "ayah": 49,
    "time": 1102629
  },
  {
    "ayah": 50,
    "time": 1157143
  },
  {
    "ayah": 51,
    "time": 1178512
  },
  {
    "ayah": 52,
    "time": 1191601
  },
  {
    "ayah": 53,
    "time": 1218683
  },
  {
    "ayah": 54,
    "time": 1233683
  },
  {
    "ayah": 55,
    "time": 1243575
  },
  {
    "ayah": 56,
    "time": 1282670
  },
  {
    "ayah": 57,
    "time": 1299535
  },
  {
    "ayah": 58,
    "time": 1313931
  },
  {
    "ayah": 59,
    "time": 1322229
  },
  {
    "ayah": 60,
    "time": 1339380
  },
  {
    "ayah": 61,
    "time": 1347275
  },
  {
    "ayah": 62,
    "time": 1388699
  },
  {
    "ayah": 63,
    "time": 1405464
  },
  {
    "ayah": 64,
    "time": 1416138
  },
  {
    "ayah": 65,
    "time": 1457509
  },
  {
    "ayah": 66,
    "time": 1482276
  },
  {
    "ayah": 67,
    "time": 1509954
  },
  {
    "ayah": 68,
    "time": 1526665
  },
  {
    "ayah": 69,
    "time": 1543483
  },
  {
    "ayah": 70,
    "time": 1561502
  },
  {
    "ayah": 71,
    "time": 1573344
  },
  {
    "ayah": 72,
    "time": 1587926
  },
  {
    "ayah": 73,
    "time": 1610914
  },
  {
    "ayah": 74,
    "time": 1655536
  },
  {
    "ayah": 75,
    "time": 1668593
  },
  {
    "ayah": 76,
    "time": 1709692
  },
  {
    "ayah": 77,
    "time": 1720420
  },
  {
    "ayah": 78,
    "time": 1751163
  },
  {
    "ayah": 79,
    "time": 1781752
  },
  {
    "ayah": 80,
    "time": 1814275
  },
  {
    "ayah": 81,
    "time": 1835165
  },
  {
    "ayah": 82,
    "time": 1880584
  },
  {
    "ayah": 83,
    "time": 1891458
  },
  {
    "ayah": 84,
    "time": 1915281
  },
  {
    "ayah": 85,
    "time": 1953130
  },
  {
    "ayah": 86,
    "time": 1971474
  },
  {
    "ayah": 87,
    "time": 1996505
  },
  {
    "ayah": 88,
    "time": 2012666
  },
  {
    "ayah": 89,
    "time": 2023301
  },
  {
    "ayah": 90,
    "time": 2036761
  },
  {
    "ayah": 91,
    "time": 2062449
  },
  {
    "ayah": 92,
    "time": 2091289
  },
  {
    "ayah": 93,
    "time": 2113119
  },
  {
    "ayah": 94,
    "time": 2145252
  },
  {
    "ayah": 95,
    "time": 2157001
  },
  {
    "ayah": 96,
    "time": 2170469
  },
  {
    "ayah": 97,
    "time": 2183797
  },
  {
    "ayah": 98,
    "time": 2213890
  },
  {
    "ayah": 99,
    "time": 2227915
  },
  {
    "ayah": 100,
    "time": 2251878
  },
  {
    "ayah": 101,
    "time": 2271615
  },
  {
    "ayah": 102,
    "time": 2292791
  },
  {
    "ayah": 103,
    "time": 2310021
  },
  {
    "ayah": 104,
    "time": 2365656
  },
  {
    "ayah": 105,
    "time": 2387893
  },
  {
    "ayah": 106,
    "time": 2408380
  },
  {
    "ayah": 107,
    "time": 2436105
  },
  {
    "ayah": 108,
    "time": 2453141
  },
  {
    "ayah": 109,
    "time": 2466802
  },
  {
    "ayah": 110,
    "time": 2478072
  },
  {
    "ayah": 111,
    "time": 2509480
  },
  {
    "ayah": 112,
    "time": 2527313
  },
  {
    "ayah": 113,
    "time": 2570263
  },
  {
    "ayah": 114,
    "time": 2592004
  },
  {
    "ayah": 115,
    "time": 2614109
  },
  {
    "ayah": 116,
    "time": 2628645
  },
  {
    "ayah": 117,
    "time": 2653304
  },
  {
    "ayah": 118,
    "time": 2681865
  },
  {
    "ayah": 119,
    "time": 2722593
  },
  {
    "ayah": 120,
    "time": 2760720
  },
  {
    "ayah": 121,
    "time": 2787191
  },
  {
    "ayah": 122,
    "time": 2800705
  },
  {
    "ayah": 123,
    "time": 2818166
  },
  {
    "ayah": 124,
    "time": 2832237
  },
  {
    "ayah": 125,
    "time": 2850999
  },
  {
    "ayah": 126,
    "time": 2875466
  },
  {
    "ayah": 127,
    "time": 2895860
  },
  {
    "ayah": 128,
    "time": 2909931
  },
  {
    "ayah": 129,
    "time": 2922927
  },
  {
    "ayah": 130,
    "time": 2942625
  },
  {
    "ayah": 131,
    "time": 2960272
  },
  {
    "ayah": 132,
    "time": 2968585
  },
  {
    "ayah": 133,
    "time": 2975644
  },
  {
    "ayah": 134,
    "time": 2994452
  },
  {
    "ayah": 135,
    "time": 3015954
  },
  {
    "ayah": 136,
    "time": 3055520
  },
  {
    "ayah": 137,
    "time": 3082781
  },
  {
    "ayah": 138,
    "time": 3097038
  },
  {
    "ayah": 139,
    "time": 3107155
  },
  {
    "ayah": 140,
    "time": 3119840
  },
  {
    "ayah": 141,
    "time": 3150258
  },
  {
    "ayah": 142,
    "time": 3159732
  },
  {
    "ayah": 143,
    "time": 3182626
  },
  {
    "ayah": 144,
    "time": 3204035
  },
  {
    "ayah": 145,
    "time": 3236590
  },
  {
    "ayah": 146,
    "time": 3263239
  },
  {
    "ayah": 147,
    "time": 3290864
  },
  {
    "ayah": 148,
    "time": 3323247
  },
  {
    "ayah": 149,
    "time": 3337782
  },
  {
    "ayah": 150,
    "time": 3355987
  },
  {
    "ayah": 151,
    "time": 3363278
  },
  {
    "ayah": 152,
    "time": 3385151
  },
  {
    "ayah": 153,
    "time": 3435678
  },
  {
    "ayah": 154,
    "time": 3477427
  },
  {
    "ayah": 155,
    "time": 3570253
  },
  {
    "ayah": 156,
    "time": 3595431
  },
  {
    "ayah": 157,
    "time": 3635555
  },
  {
    "ayah": 158,
    "time": 3651530
  },
  {
    "ayah": 159,
    "time": 3659379
  },
  {
    "ayah": 160,
    "time": 3691933
  },
  {
    "ayah": 161,
    "time": 3713713
  },
  {
    "ayah": 162,
    "time": 3733961
  },
  {
    "ayah": 163,
    "time": 3750958
  },
  {
    "ayah": 164,
    "time": 3764008
  },
  {
    "ayah": 165,
    "time": 3796191
  },
  {
    "ayah": 166,
    "time": 3823451
  },
  {
    "ayah": 167,
    "time": 3839658
  },
  {
    "ayah": 168,
    "time": 3877414
  },
  {
    "ayah": 169,
    "time": 3896269
  },
  {
    "ayah": 170,
    "time": 3913730
  },
  {
    "ayah": 171,
    "time": 3943080
  },
  {
    "ayah": 172,
    "time": 3958266
  },
  {
    "ayah": 173,
    "time": 3977446
  },
  {
    "ayah": 174,
    "time": 4001130
  },
  {
    "ayah": 175,
    "time": 4022624
  },
  {
    "ayah": 176,
    "time": 4045466
  },
  {
    "ayah": 177,
    "time": 4070093
  },
  {
    "ayah": 178,
    "time": 4084250
  },
  {
    "ayah": 179,
    "time": 4109056
  },
  {
    "ayah": 180,
    "time": 4149970
  },
  {
    "ayah": 181,
    "time": 4184846
  },
  {
    "ayah": 182,
    "time": 4214707
  },
  {
    "ayah": 183,
    "time": 4226224
  },
  {
    "ayah": 184,
    "time": 4264073
  },
  {
    "ayah": 185,
    "time": 4280605
  },
  {
    "ayah": 186,
    "time": 4316457
  },
  {
    "ayah": 187,
    "time": 4349522
  },
  {
    "ayah": 188,
    "time": 4378501
  },
  {
    "ayah": 189,
    "time": 4404825
  },
  {
    "ayah": 190,
    "time": 4417417
  },
  {
    "ayah": 191,
    "time": 4430560
  },
  {
    "ayah": 192,
    "time": 4465483
  },
  {
    "ayah": 193,
    "time": 4482201
  },
  {
    "ayah": 194,
    "time": 4510390
  },
  {
    "ayah": 195,
    "time": 4526783
  },
  {
    "ayah": 196,
    "time": 4602945
  },
  {
    "ayah": 197,
    "time": 4611722
  },
  {
    "ayah": 198,
    "time": 4623000
  },
  {
    "ayah": 199,
    "time": 4650060
  },
  {
    "ayah": 200,
    "time": 4690763
  }
]