[
  {
    "ayah": 1,
    "time": 3858
  },
  {
    "ayah": 2,
    "time": 9313
  },
  {
    "ayah": 3,
    "time": 13651
  },
  {
    "ayah": 4,
    "time": 16862
  },
  {
    "ayah": 5,
    "time": 21620
  },
  {
    "ayah": 6,
    "time": 25874
  },
  {
    "ayah": 7,
    "time": 38888
  },
  {
    "ayah": 8,
    "time": 46250
  },
  {
    "ayah": 9,
    "time": 51753
  },
  {
    "ayah": 10,
    "time": 58871
  },
  {
    "ayah": 11,
    "time": 66978
  },
  {
    "ayah": 12,
    "time": 70579
  },
  {
    "ayah": 13,
    "time": 73786
  },
  {
    "ayah": 14,
    "time": 80695
  },
  {
    "ayah": 15,
    "time": 87653
  },
  {
    "ayah": 16,
    "time": 95114
  },
  {
    "ayah": 17,
    "time": 99771
  },
  {
    "ayah": 18,
    "time": 102881
  },
  {
    "ayah": 19,
    "time": 106088
  },
  {
    "ayah": 20,
    "time": 112000
  },
  {
    "ayah": 21,
    "time": 116003
  },
  {
    "ayah": 22,
    "time": 122711
  },
  {
    "ayah": 23,
    "time": 127621
  },
  {
    "ayah": 24,
    "time": 132627
  },
  {
    "ayah": 25,
    "time": 138134
  },
  {
    "ayah": 999,
    "time": 147748
  }
]