[
  {
    "ayah": 1,
    "time": 6462
  },
  {
    "ayah": 2,
    "time": 13506
  },
  {
    "ayah": 3,
    "time": 17918
  },
  {
    "ayah": 4,
    "time": 21355
  },
  {
    "ayah": 5,
    "time": 34172
  },
  {
    "ayah": 6,
    "time": 38120
  },
  {
    "ayah": 7,
    "time": 42624
  },
  {
    "ayah": 8,
    "time": 45318
  },
  {
    "ayah": 9,
    "time": 50612
  },
  {
    "ayah": 10,
    "time": 54141
  },
  {
    "ayah": 11,
    "time": 58274
  },
  {
    "ayah": 12,
    "time": 70767
  },
  {
    "ayah": 13,
    "time": 75550
  },
  {
    "ayah": 14,
    "time": 80751
  },
  {
    "ayah": 15,
    "time": 90597
  },
  {
    "ayah": 16,
    "time": 96169
  },
  {
    "ayah": 17,
    "time": 99467
  },
  {
    "ayah": 18,
    "time": 103228
  },
  {
    "ayah": 19,
    "time": 105690
  },
  {
    "ayah": 20,
    "time": 111262
  },
  {
    "ayah": 21,
    "time": 115024
  },
  {
    "ayah": 22,
    "time": 118971
  },
  {
    "ayah": 23,
    "time": 122733
  },
  {
    "ayah": 24,
    "time": 130628
  },
  {
    "ayah": 25,
    "time": 139173
  },
  {
    "ayah": 26,
    "time": 145535
  },
  {
    "ayah": 27,
    "time": 151479
  },
  {
    "ayah": 28,
    "time": 160257
  },
  {
    "ayah": 29,
    "time": 166758
  },
  {
    "ayah": 30,
    "time": 172749
  },
  {
    "ayah": 31,
    "time": 185473
  },
  {
    "ayah": 32,
    "time": 195597
  },
  {
    "ayah": 33,
    "time": 202888
  },
  {
    "ayah": 34,
    "time": 211805
  },
  {
    "ayah": 35,
    "time": 218864
  },
  {
    "ayah": 36,
    "time": 227394
  },
  {
    "ayah": 37,
    "time": 233957
  },
  {
    "ayah": 38,
    "time": 239576
  },
  {
    "ayah": 39,
    "time": 249700
  },
  {
    "ayah": 40,
    "time": 259499
  },
  {
    "ayah": 41,
    "time": 270180
  },
  {
    "ayah": 42,
    "time": 281047
  },
  {
    "ayah": 43,
    "time": 290971
  },
  {
    "ayah": 44,
    "time": 303570
  }
]