[
  {
    "ayah": 1,
    "time": 4186
  },
  {
    "ayah": 2,
    "time": 12396
  },
  {
    "ayah": 3,
    "time": 17853
  },
  {
    "ayah": 4,
    "time": 22112
  },
  {
    "ayah": 5,
    "time": 37077
  },
  {
    "ayah": 6,
    "time": 42087
  },
  {
    "ayah": 7,
    "time": 48147
  },
  {
    "ayah": 8,
    "time": 51701
  },
  {
    "ayah": 9,
    "time": 58718
  },
  {
    "ayah": 10,
    "time": 63674
  },
  {
    "ayah": 11,
    "time": 68833
  },
  {
    "ayah": 12,
    "time": 82303
  },
  {
    "ayah": 13,
    "time": 86408
  },
  {
    "ayah": 14,
    "time": 91562
  },
  {
    "ayah": 15,
    "time": 100327
  },
  {
    "ayah": 16,
    "time": 106084
  },
  {
    "ayah": 17,
    "time": 110191
  },
  {
    "ayah": 18,
    "time": 115447
  },
  {
    "ayah": 19,
    "time": 118611
  },
  {
    "ayah": 20,
    "time": 125321
  },
  {
    "ayah": 21,
    "time": 130477
  },
  {
    "ayah": 22,
    "time": 135985
  },
  {
    "ayah": 23,
    "time": 139392
  },
  {
    "ayah": 24,
    "time": 147952
  },
  {
    "ayah": 25,
    "time": 157162
  },
  {
    "ayah": 26,
    "time": 162322
  },
  {
    "ayah": 27,
    "time": 168684
  },
  {
    "ayah": 28,
    "time": 177288
  },
  {
    "ayah": 29,
    "time": 183901
  },
  {
    "ayah": 30,
    "time": 190810
  },
  {
    "ayah": 31,
    "time": 205481
  },
  {
    "ayah": 32,
    "time": 216295
  },
  {
    "ayah": 33,
    "time": 225406
  },
  {
    "ayah": 34,
    "time": 234218
  },
  {
    "ayah": 35,
    "time": 241583
  },
  {
    "ayah": 36,
    "time": 249492
  },
  {
    "ayah": 37,
    "time": 257101
  },
  {
    "ayah": 38,
    "time": 263960
  },
  {
    "ayah": 39,
    "time": 274774
  },
  {
    "ayah": 40,
    "time": 284988
  },
  {
    "ayah": 41,
    "time": 296852
  },
  {
    "ayah": 42,
    "time": 308429
  },
  {
    "ayah": 43,
    "time": 320907
  },
  {
    "ayah": 44,
    "time": 335376
  },
  {
    "ayah": 999,
    "time": 350594
  }
]