[
  {
    "ayah": 1,
    "time": 4428
  },
  {
    "ayah": 2,
    "time": 12240
  },
  {
    "ayah": 3,
    "time": 20507
  },
  {
    "ayah": 4,
    "time": 32270
  },
  {
    "ayah": 5,
    "time": 49396
  },
  {
    "ayah": 6,
    "time": 60661
  },
  {
    "ayah": 7,
    "time": 75280
  },
  {
    "ayah": 8,
    "time": 92005
  },
  {
    "ayah": 9,
    "time": 105226
  },
  {
    "ayah": 10,
    "time": 120051
  },
  {
    "ayah": 11,
    "time": 135673
  },
  {
    "ayah": 12,
    "time": 147139
  },
  {
    "ayah": 13,
    "time": 156902
  },
  {
    "ayah": 14,
    "time": 183389
  },
  {
    "ayah": 15,
    "time": 205218
  },
  {
    "ayah": 16,
    "time": 214532
  },
  {
    "ayah": 17,
    "time": 228098
  },
  {
    "ayah": 18,
    "time": 247930
  },
  {
    "ayah": 19,
    "time": 257238
  },
  {
    "ayah": 20,
    "time": 284626
  },
  {
    "ayah": 21,
    "time": 317522
  },
  {
    "ayah": 22,
    "time": 333893
  },
  {
    "ayah": 23,
    "time": 366990
  },
  {
    "ayah": 24,
    "time": 394125
  },
  {
    "ayah": 25,
    "time": 411751
  },
  {
    "ayah": 26,
    "time": 457262
  },
  {
    "ayah": 27,
    "time": 508031
  },
  {
    "ayah": 28,
    "time": 534667
  },
  {
    "ayah": 29,
    "time": 554796
  },
  {
    "ayah": 30,
    "time": 581182
  },
  {
    "ayah": 31,
    "time": 619583
  },
  {
    "ayah": 32,
    "time": 647522
  },
  {
    "ayah": 33,
    "time": 664596
  },
  {
    "ayah": 34,
    "time": 703546
  },
  {
    "ayah": 35,
    "time": 723574
  },
  {
    "ayah": 36,
    "time": 751714
  },
  {
    "ayah": 37,
    "time": 774795
  },
  {
    "ayah": 38,
    "time": 791970
  },
  {
    "ayah": 39,
    "time": 813447
  },
  {
    "ayah": 40,
    "time": 830722
  },
  {
    "ayah": 41,
    "time": 861179
  },
  {
    "ayah": 42,
    "time": 894624
  },
  {
    "ayah": 43,
    "time": 905139
  },
  {
    "ayah": 44,
    "time": 913851
  },
  {
    "ayah": 45,
    "time": 931523
  },
  {
    "ayah": 46,
    "time": 944642
  },
  {
    "ayah": 47,
    "time": 958411
  },
  {
    "ayah": 48,
    "time": 976386
  },
  {
    "ayah": 49,
    "time": 997615
  },
  {
    "ayah": 50,
    "time": 1028708
  },
  {
    "ayah": 51,
    "time": 1044680
  },
  {
    "ayah": 52,
    "time": 1063203
  },
  {
    "ayah": 53,
    "time": 1076122
  },
  {
    "ayah": 54,
    "time": 1086736
  },
  {
    "ayah": 55,
    "time": 1129345
  },
  {
    "ayah": 56,
    "time": 1148771
  },
  {
    "ayah": 57,
    "time": 1160688
  },
  {
    "ayah": 58,
    "time": 1188026
  },
  {
    "ayah": 59,
    "time": 1213560
  },
  {
    "ayah": 60,
    "time": 1234797
  },
  {
    "ayah": 61,
    "time": 1266842
  },
  {
    "ayah": 62,
    "time": 1369734
  },
  {
    "ayah": 63,
    "time": 1410138
  },
  {
    "ayah": 64,
    "time": 1432916
  },
  {
    "ayah": 65,
    "time": 1454396
  },
  {
    "ayah": 66,
    "time": 1471520
  },
  {
    "ayah": 67,
    "time": 1487641
  },
  {
    "ayah": 68,
    "time": 1524691
  },
  {
    "ayah": 69,
    "time": 1553584
  },
  {
    "ayah": 70,
    "time": 1581221
  },
  {
    "ayah": 71,
    "time": 1604952
  },
  {
    "ayah": 72,
    "time": 1641152
  },
  {
    "ayah": 73,
    "time": 1658825
  },
  {
    "ayah": 74,
    "time": 1678251
  },
  {
    "ayah": 75,
    "time": 1734779
  },
  {
    "ayah": 76,
    "time": 1760665
  },
  {
    "ayah": 77,
    "time": 1810734
  },
  {
    "ayah": 78,
    "time": 1823901
  },
  {
    "ayah": 79,
    "time": 1843127
  },
  {
    "ayah": 80,
    "time": 1883884
  },
  {
    "ayah": 81,
    "time": 1921483
  },
  {
    "ayah": 82,
    "time": 1943516
  },
  {
    "ayah": 83,
    "time": 1962742
  },
  {
    "ayah": 84,
    "time": 2030384
  },
  {
    "ayah": 85,
    "time": 2069036
  },
  {
    "ayah": 86,
    "time": 2178996
  },
  {
    "ayah": 87,
    "time": 2200126
  },
  {
    "ayah": 88,
    "time": 2252096
  },
  {
    "ayah": 89,
    "time": 2270423
  },
  {
    "ayah": 90,
    "time": 2322793
  },
  {
    "ayah": 91,
    "time": 2370362
  },
  {
    "ayah": 92,
    "time": 2428587
  },
  {
    "ayah": 93,
    "time": 2450117
  },
  {
    "ayah": 94,
    "time": 2515205
  },
  {
    "ayah": 95,
    "time": 2540892
  },
  {
    "ayah": 96,
    "time": 2560319
  },
  {
    "ayah": 97,
    "time": 2602925
  },
  {
    "ayah": 98,
    "time": 2621701
  },
  {
    "ayah": 99,
    "time": 2640376
  },
  {
    "ayah": 100,
    "time": 2655647
  },
  {
    "ayah": 101,
    "time": 2670919
  },
  {
    "ayah": 102,
    "time": 2712626
  },
  {
    "ayah": 103,
    "time": 2824530
  },
  {
    "ayah": 104,
    "time": 2841552
  },
  {
    "ayah": 105,
    "time": 2862334
  },
  {
    "ayah": 106,
    "time": 2896275
  },
  {
    "ayah": 107,
    "time": 2920709
  },
  {
    "ayah": 108,
    "time": 2944441
  },
  {
    "ayah": 109,
    "time": 2969636
  },
  {
    "ayah": 110,
    "time": 3036179
  },
  {
    "ayah": 111,
    "time": 3063814
  },
  {
    "ayah": 112,
    "time": 3091002
  },
  {
    "ayah": 113,
    "time": 3114584
  },
  {
    "ayah": 114,
    "time": 3163752
  },
  {
    "ayah": 115,
    "time": 3209465
  },
  {
    "ayah": 116,
    "time": 3230141
  },
  {
    "ayah": 117,
    "time": 3251271
  },
  {
    "ayah": 118,
    "time": 3271099
  },
  {
    "ayah": 119,
    "time": 3311999
  },
  {
    "ayah": 120,
    "time": 3331074
  },
  {
    "ayah": 121,
    "time": 3377038
  },
  {
    "ayah": 122,
    "time": 3406227
  },
  {
    "ayah": 123,
    "time": 3429760
  },
  {
    "ayah": 124,
    "time": 3469209
  },
  {
    "ayah": 125,
    "time": 3501203
  },
  {
    "ayah": 126,
    "time": 3545362
  },
  {
    "ayah": 127,
    "time": 3591377
  },
  {
    "ayah": 128,
    "time": 3614757
  },
  {
    "ayah": 129,
    "time": 3654764
  },
  {
    "ayah": 130,
    "time": 3686254
  },
  {
    "ayah": 131,
    "time": 3713792
  },
  {
    "ayah": 132,
    "time": 3728162
  },
  {
    "ayah": 133,
    "time": 3757052
  },
  {
    "ayah": 134,
    "time": 3810576
  },
  {
    "ayah": 135,
    "time": 3832505
  },
  {
    "ayah": 136,
    "time": 3855567
  },
  {
    "ayah": 137,
    "time": 3925514
  },
  {
    "ayah": 138,
    "time": 3960316
  },
  {
    "ayah": 139,
    "time": 3974181
  },
  {
    "ayah": 140,
    "time": 4011181
  },
  {
    "ayah": 141,
    "time": 4064406
  },
  {
    "ayah": 142,
    "time": 4087688
  },
  {
    "ayah": 143,
    "time": 4126108
  },
  {
    "ayah": 144,
    "time": 4204067
  },
  {
    "ayah": 145,
    "time": 4263999
  },
  {
    "ayah": 146,
    "time": 4318229
  },
  {
    "ayah": 147,
    "time": 4345966
  },
  {
    "ayah": 148,
    "time": 4357983
  },
  {
    "ayah": 149,
    "time": 4388526
  },
  {
    "ayah": 150,
    "time": 4415312
  },
  {
    "ayah": 151,
    "time": 4473189
  },
  {
    "ayah": 152,
    "time": 4514947
  },
  {
    "ayah": 153,
    "time": 4526891
  },
  {
    "ayah": 154,
    "time": 4547068
  },
  {
    "ayah": 155,
    "time": 4569350
  },
  {
    "ayah": 156,
    "time": 4596386
  },
  {
    "ayah": 157,
    "time": 4617867
  },
  {
    "ayah": 158,
    "time": 4635839
  },
  {
    "ayah": 159,
    "time": 4673343
  },
  {
    "ayah": 160,
    "time": 4714096
  },
  {
    "ayah": 161,
    "time": 4734774
  },
  {
    "ayah": 162,
    "time": 4758057
  },
  {
    "ayah": 163,
    "time": 4771326
  },
  {
    "ayah": 164,
    "time": 4787798
  },
  {
    "ayah": 165,
    "time": 4889437
  },
  {
    "ayah": 166,
    "time": 4938401
  },
  {
    "ayah": 167,
    "time": 4957080
  },
  {
    "ayah": 168,
    "time": 4995530
  },
  {
    "ayah": 169,
    "time": 5025074
  },
  {
    "ayah": 170,
    "time": 5045500
  },
  {
    "ayah": 171,
    "time": 5083351
  },
  {
    "ayah": 172,
    "time": 5114293
  },
  {
    "ayah": 173,
    "time": 5134371
  },
  {
    "ayah": 174,
    "time": 5171774
  },
  {
    "ayah": 175,
    "time": 5224694
  },
  {
    "ayah": 176,
    "time": 5246977
  },
  {
    "ayah": 177,
    "time": 5269958
  },
  {
    "ayah": 178,
    "time": 5383012
  },
  {
    "ayah": 179,
    "time": 5446398
  },
  {
    "ayah": 180,
    "time": 5463269
  },
  {
    "ayah": 181,
    "time": 5489257
  },
  {
    "ayah": 182,
    "time": 5515293
  },
  {
    "ayah": 183,
    "time": 5540626
  },
  {
    "ayah": 184,
    "time": 5564859
  },
  {
    "ayah": 185,
    "time": 5624791
  },
  {
    "ayah": 186,
    "time": 5696538
  },
  {
    "ayah": 187,
    "time": 5731847
  },
  {
    "ayah": 188,
    "time": 5845202
  },
  {
    "ayah": 189,
    "time": 5876308
  },
  {
    "ayah": 190,
    "time": 5919816
  },
  {
    "ayah": 191,
    "time": 5941796
  },
  {
    "ayah": 192,
    "time": 5989860
  },
  {
    "ayah": 193,
    "time": 6000176
  },
  {
    "ayah": 194,
    "time": 6027212
  },
  {
    "ayah": 195,
    "time": 6064664
  },
  {
    "ayah": 196,
    "time": 6090248
  },
  {
    "ayah": 197,
    "time": 6204453
  },
  {
    "ayah": 198,
    "time": 6251419
  },
  {
    "ayah": 199,
    "time": 6304090
  },
  {
    "ayah": 200,
    "time": 6324718
  },
  {
    "ayah": 201,
    "time": 6363071
  },
  {
    "ayah": 202,
    "time": 6386503
  },
  {
    "ayah": 203,
    "time": 6401976
  },
  {
    "ayah": 204,
    "time": 6442230
  },
  {
    "ayah": 205,
    "time": 6473370
  },
  {
    "ayah": 206,
    "time": 6494801
  },
  {
    "ayah": 207,
    "time": 6514627
  },
  {
    "ayah": 208,
    "time": 6534406
  },
  {
    "ayah": 209,
    "time": 6564553
  },
  {
    "ayah": 210,
    "time": 6586183
  },
  {
    "ayah": 211,
    "time": 6613771
  },
  {
    "ayah": 212,
    "time": 6648218
  },
  {
    "ayah": 213,
    "time": 6682516
  },
  {
    "ayah": 214,
    "time": 6770936
  },
  {
    "ayah": 215,
    "time": 6822955
  },
  {
    "ayah": 216,
    "time": 6861909
  },
  {
    "ayah": 217,
    "time": 6902115
  },
  {
    "ayah": 218,
    "time": 7009009
  },
  {
    "ayah": 219,
    "time": 7037648
  },
  {
    "ayah": 220,
    "time": 7086064
  },
  {
    "ayah": 221,
    "time": 7131929
  },
  {
    "ayah": 222,
    "time": 7209282
  },
  {
    "ayah": 223,
    "time": 7255998
  },
  {
    "ayah": 224,
    "time": 7291145
  },
  {
    "ayah": 225,
    "time": 7316129
  },
  {
    "ayah": 226,
    "time": 7343366
  },
  {
    "ayah": 227,
    "time": 7366600
  },
  {
    "ayah": 228,
    "time": 7377414
  },
  {
    "ayah": 229,
    "time": 7454528
  },
  {
    "ayah": 230,
    "time": 7533836
  },
  {
    "ayah": 231,
    "time": 7584172
  },
  {
    "ayah": 232,
    "time": 7644804
  },
  {
    "ayah": 233,
    "time": 7688914
  },
  {
    "ayah": 234,
    "time": 7770376
  },
  {
    "ayah": 235,
    "time": 7806074
  },
  {
    "ayah": 236,
    "time": 7873766
  },
  {
    "ayah": 237,
    "time": 7904208
  },
  {
    "ayah": 238,
    "time": 7953724
  },
  {
    "ayah": 239,
    "time": 7963238
  },
  {
    "ayah": 240,
    "time": 7979712
  },
  {
    "ayah": 241,
    "time": 8011509
  },
  {
    "ayah": 242,
    "time": 8020309
  },
  {
    "ayah": 243,
    "time": 8028500
  },
  {
    "ayah": 244,
    "time": 8055337
  },
  {
    "ayah": 245,
    "time": 8066305
  },
  {
    "ayah": 246,
    "time": 8087041
  },
  {
    "ayah": 247,
    "time": 8146521
  },
  {
    "ayah": 248,
    "time": 8194096
  },
  {
    "ayah": 249,
    "time": 8231147
  },
  {
    "ayah": 250,
    "time": 8306351
  },
  {
    "ayah": 251,
    "time": 8325476
  },
  {
    "ayah": 252,
    "time": 8358727
  },
  {
    "ayah": 253,
    "time": 8370937
  },
  {
    "ayah": 254,
    "time": 8431271
  },
  {
    "ayah": 255,
    "time": 8458006
  },
  {
    "ayah": 256,
    "time": 8512431
  },
  {
    "ayah": 257,
    "time": 8539623
  },
  {
    "ayah": 258,
    "time": 8572241
  },
  {
    "ayah": 259,
    "time": 8622410
  },
  {
    "ayah": 260,
    "time": 8701969
  },
  {
    "ayah": 261,
    "time": 8743375
  },
  {
    "ayah": 262,
    "time": 8771365
  },
  {
    "ayah": 263,
    "time": 8801944
  },
  {
    "ayah": 264,
    "time": 8817266
  },
  {
    "ayah": 265,
    "time": 8862830
  },
  {
    "ayah": 266,
    "time": 8901329
  },
  {
    "ayah": 267,
    "time": 8952051
  },
  {
    "ayah": 268,
    "time": 8994707
  },
  {
    "ayah": 269,
    "time": 9014785
  },
  {
    "ayah": 270,
    "time": 9034962
  },
  {
    "ayah": 271,
    "time": 9055291
  },
  {
    "ayah": 272,
    "time": 9081901
  },
  {
    "ayah": 273,
    "time": 9118351
  },
  {
    "ayah": 274,
    "time": 9160356
  },
  {
    "ayah": 275,
    "time": 9189447
  },
  {
    "ayah": 276,
    "time": 9243771
  },
  {
    "ayah": 277,
    "time": 9256488
  },
  {
    "ayah": 278,
    "time": 9277868
  },
  {
    "ayah": 279,
    "time": 9294389
  },
  {
    "ayah": 280,
    "time": 9312565
  },
  {
    "ayah": 281,
    "time": 9331141
  },
  {
    "ayah": 282,
    "time": 9348117
  },
  {
    "ayah": 283,
    "time": 9515142
  },
  {
    "ayah": 284,
    "time": 9558800
  },
  {
    "ayah": 285,
    "time": 9594700
  },
  {
    "ayah": 286,
    "time": 9631400
  },
  {
    "ayah": 999,
    "time": 9690034
  }
]