[
  {
    "ayah": 1,
    "time": 6315
  },
  {
    "ayah": 2,
    "time": 15325
  },
  {
    "ayah": 3,
    "time": 29264
  },
  {
    "ayah": 4,
    "time": 39248
  },
  {
    "ayah": 5,
    "time": 72778
  },
  {
    "ayah": 6,
    "time": 82252
  },
  {
    "ayah": 7,
    "time": 96866
  },
  {
    "ayah": 8,
    "time": 120425
  },
  {
    "ayah": 9,
    "time": 137972
  },
  {
    "ayah": 10,
    "time": 161571
  },
  {
    "ayah": 11,
    "time": 205085
  },
  {
    "ayah": 12,
    "time": 219289
  },
  {
    "ayah": 13,
    "time": 252315
  },
  {
    "ayah": 14,
    "time": 295868
  },
  {
    "ayah": 15,
    "time": 332470
  },
  {
    "ayah": 16,
    "time": 350892
  },
  {
    "ayah": 17,
    "time": 382061
  },
  {
    "ayah": 18,
    "time": 399854
  },
  {
    "ayah": 19,
    "time": 418502
  },
  {
    "ayah": 20,
    "time": 453260
  },
  {
    "ayah": 21,
    "time": 509120
  },
  {
    "ayah": 22,
    "time": 541628
  },
  {
    "ayah": 23,
    "time": 571543
  },
  {
    "ayah": 24,
    "time": 589422
  },
  {
    "ayah": 25,
    "time": 606001
  },
  {
    "ayah": 26,
    "time": 656513
  },
  {
    "ayah": 27,
    "time": 680258
  },
  {
    "ayah": 28,
    "time": 745646
  },
  {
    "ayah": 29,
    "time": 775678
  }
]