[
  {
    "ayah": 1,
    "time": 3756
  },
  {
    "ayah": 2,
    "time": 7013
  },
  {
    "ayah": 3,
    "time": 11020
  },
  {
    "ayah": 4,
    "time": 15883
  },
  {
    "ayah": 5,
    "time": 20232
  },
  {
    "ayah": 6,
    "time": 25291
  },
  {
    "ayah": 7,
    "time": 29244
  },
  {
    "ayah": 8,
    "time": 34057
  },
  {
    "ayah": 9,
    "time": 39969
  },
  {
    "ayah": 10,
    "time": 45173
  },
  {
    "ayah": 11,
    "time": 50433
  },
  {
    "ayah": 12,
    "time": 55093
  },
  {
    "ayah": 13,
    "time": 59302
  },
  {
    "ayah": 14,
    "time": 67106
  },
  {
    "ayah": 15,
    "time": 79873
  },
  {
    "ayah": 999,
    "time": 84278
  }
]