[
  {
    "ayah": 1,
    "time": 13892
  },
  {
    "ayah": 2,
    "time": 24466
  },
  {
    "ayah": 3,
    "time": 38305
  },
  {
    "ayah": 4,
    "time": 57399
  },
  {
    "ayah": 5,
    "time": 70163
  },
  {
    "ayah": 6,
    "time": 90146
  },
  {
    "ayah": 7,
    "time": 99885
  },
  {
    "ayah": 8,
    "time": 110805
  },
  {
    "ayah": 9,
    "time": 129653
  },
  {
    "ayah": 10,
    "time": 150240
  },
  {
    "ayah": 11,
    "time": 162857
  },
  {
    "ayah": 12,
    "time": 171727
  },
  {
    "ayah": 13,
    "time": 185652
  },
  {
    "ayah": 14,
    "time": 199373
  },
  {
    "ayah": 15,
    "time": 206418
  },
  {
    "ayah": 16,
    "time": 221697
  },
  {
    "ayah": 17,
    "time": 235443
  },
  {
    "ayah": 18,
    "time": 251897
  },
  {
    "ayah": 19,
    "time": 261124
  },
  {
    "ayah": 20,
    "time": 286355
  },
  {
    "ayah": 21,
    "time": 305939
  },
  {
    "ayah": 22,
    "time": 320024
  },
  {
    "ayah": 23,
    "time": 338400
  },
  {
    "ayah": 24,
    "time": 353400
  },
  {
    "ayah": 25,
    "time": 361216
  },
  {
    "ayah": 26,
    "time": 370722
  },
  {
    "ayah": 27,
    "time": 384143
  },
  {
    "ayah": 28,
    "time": 401558
  },
  {
    "ayah": 29,
    "time": 421899
  },
  {
    "ayah": 30,
    "time": 437456
  }
]