[
  {
    "ayah": 1,
    "time": 3731
  },
  {
    "ayah": 2,
    "time": 11917
  },
  {
    "ayah": 3,
    "time": 19356
  },
  {
    "ayah": 4,
    "time": 26545
  },
  {
    "ayah": 5,
    "time": 38606
  },
  {
    "ayah": 6,
    "time": 58733
  },
  {
    "ayah": 7,
    "time": 89922
  },
  {
    "ayah": 8,
    "time": 103303
  },
  {
    "ayah": 9,
    "time": 114153
  },
  {
    "ayah": 10,
    "time": 129218
  },
  {
    "ayah": 11,
    "time": 140430
  },
  {
    "ayah": 12,
    "time": 156470
  },
  {
    "ayah": 13,
    "time": 175930
  },
  {
    "ayah": 14,
    "time": 187433
  },
  {
    "ayah": 999,
    "time": 232408
  }
]