[
  {
    "ayah": 1,
    "time": 3797
  },
  {
    "ayah": 2,
    "time": 8109
  },
  {
    "ayah": 3,
    "time": 11234
  },
  {
    "ayah": 4,
    "time": 20919
  },
  {
    "ayah": 5,
    "time": 25171
  },
  {
    "ayah": 6,
    "time": 31382
  },
  {
    "ayah": 7,
    "time": 37297
  },
  {
    "ayah": 8,
    "time": 44984
  },
  {
    "ayah": 9,
    "time": 55235
  },
  {
    "ayah": 10,
    "time": 59421
  },
  {
    "ayah": 11,
    "time": 67296
  },
  {
    "ayah": 12,
    "time": 72049
  },
  {
    "ayah": 13,
    "time": 78361
  },
  {
    "ayah": 14,
    "time": 85986
  },
  {
    "ayah": 15,
    "time": 92360
  },
  {
    "ayah": 16,
    "time": 100549
  },
  {
    "ayah": 17,
    "time": 108610
  },
  {
    "ayah": 18,
    "time": 118297
  },
  {
    "ayah": 19,
    "time": 125298
  },
  {
    "ayah": 20,
    "time": 134550
  },
  {
    "ayah": 21,
    "time": 140236
  },
  {
    "ayah": 22,
    "time": 144743
  },
  {
    "ayah": 23,
    "time": 152179
  },
  {
    "ayah": 24,
    "time": 157865
  },
  {
    "ayah": 25,
    "time": 164490
  },
  {
    "ayah": 26,
    "time": 170557
  },
  {
    "ayah": 27,
    "time": 174255
  },
  {
    "ayah": 28,
    "time": 179268
  },
  {
    "ayah": 29,
    "time": 184369
  },
  {
    "ayah": 30,
    "time": 195500
  },
  {
    "ayah": 31,
    "time": 203630
  },
  {
    "ayah": 32,
    "time": 210406
  },
  {
    "ayah": 33,
    "time": 215779
  },
  {
    "ayah": 34,
    "time": 224529
  },
  {
    "ayah": 35,
    "time": 228811
  },
  {
    "ayah": 36,
    "time": 235495
  },
  {
    "ayah": 37,
    "time": 242483
  },
  {
    "ayah": 38,
    "time": 253997
  },
  {
    "ayah": 39,
    "time": 261558
  },
  {
    "ayah": 40,
    "time": 271647
  },
  {
    "ayah": 41,
    "time": 277686
  },
  {
    "ayah": 42,
    "time": 285172
  },
  {
    "ayah": 43,
    "time": 292382
  },
  {
    "ayah": 44,
    "time": 295567
  },
  {
    "ayah": 45,
    "time": 297813
  },
  {
    "ayah": 46,
    "time": 300876
  },
  {
    "ayah": 47,
    "time": 303443
  },
  {
    "ayah": 48,
    "time": 310192
  },
  {
    "ayah": 49,
    "time": 318006
  },
  {
    "ayah": 50,
    "time": 324570
  },
  {
    "ayah": 51,
    "time": 330733
  },
  {
    "ayah": 52,
    "time": 335083
  },
  {
    "ayah": 53,
    "time": 338755
  },
  {
    "ayah": 54,
    "time": 346533
  },
  {
    "ayah": 55,
    "time": 351618
  },
  {
    "ayah": 56,
    "time": 356907
  },
  {
    "ayah": 57,
    "time": 365657
  },
  {
    "ayah": 58,
    "time": 371716
  },
  {
    "ayah": 59,
    "time": 380720
  },
  {
    "ayah": 999,
    "time": 389034
  }
]