[
  {
    "ayah": 1,
    "time": 4140
  },
  {
    "ayah": 2,
    "time": 10999
  },
  {
    "ayah": 3,
    "time": 12824
  },
  {
    "ayah": 4,
    "time": 19729
  },
  {
    "ayah": 5,
    "time": 31086
  },
  {
    "ayah": 6,
    "time": 41524
  },
  {
    "ayah": 7,
    "time": 52198
  },
  {
    "ayah": 8,
    "time": 62754
  },
  {
    "ayah": 9,
    "time": 89721
  },
  {
    "ayah": 10,
    "time": 127238
  },
  {
    "ayah": 11,
    "time": 144613
  },
  {
    "ayah": 12,
    "time": 153112
  },
  {
    "ayah": 13,
    "time": 158506
  },
  {
    "ayah": 14,
    "time": 172577
  },
  {
    "ayah": 15,
    "time": 179497
  },
  {
    "ayah": 16,
    "time": 189528
  },
  {
    "ayah": 17,
    "time": 205032
  },
  {
    "ayah": 18,
    "time": 211348
  },
  {
    "ayah": 19,
    "time": 219721
  },
  {
    "ayah": 20,
    "time": 233439
  },
  {
    "ayah": 21,
    "time": 246549
  },
  {
    "ayah": 22,
    "time": 273009
  },
  {
    "ayah": 23,
    "time": 289234
  },
  {
    "ayah": 24,
    "time": 307764
  },
  {
    "ayah": 25,
    "time": 331998
  },
  {
    "ayah": 26,
    "time": 350117
  },
  {
    "ayah": 27,
    "time": 358198
  },
  {
    "ayah": 28,
    "time": 376165
  },
  {
    "ayah": 29,
    "time": 411978
  },
  {
    "ayah": 30,
    "time": 430025
  },
  {
    "ayah": 31,
    "time": 454677
  },
  {
    "ayah": 32,
    "time": 466577
  },
  {
    "ayah": 33,
    "time": 478387
  },
  {
    "ayah": 34,
    "time": 498959
  },
  {
    "ayah": 35,
    "time": 507119
  },
  {
    "ayah": 36,
    "time": 518100
  },
  {
    "ayah": 37,
    "time": 534572
  },
  {
    "ayah": 38,
    "time": 551887
  },
  {
    "ayah": 39,
    "time": 569827
  },
  {
    "ayah": 40,
    "time": 594472
  },
  {
    "ayah": 41,
    "time": 622661
  },
  {
    "ayah": 42,
    "time": 637768
  },
  {
    "ayah": 43,
    "time": 651915
  },
  {
    "ayah": 44,
    "time": 669758
  },
  {
    "ayah": 45,
    "time": 680765
  },
  {
    "ayah": 46,
    "time": 692846
  },
  {
    "ayah": 47,
    "time": 712987
  },
  {
    "ayah": 48,
    "time": 734688
  },
  {
    "ayah": 49,
    "time": 764635
  },
  {
    "ayah": 50,
    "time": 775477
  },
  {
    "ayah": 51,
    "time": 794921
  },
  {
    "ayah": 52,
    "time": 805563
  },
  {
    "ayah": 53,
    "time": 818241
  },
  {
    "ayah": 54,
    "time": 834123
  },
  {
    "ayah": 55,
    "time": 861869
  },
  {
    "ayah": 56,
    "time": 873962
  },
  {
    "ayah": 57,
    "time": 893102
  },
  {
    "ayah": 58,
    "time": 903762
  },
  {
    "ayah": 59,
    "time": 929318
  },
  {
    "ayah": 60,
    "time": 936966
  }
]