[
  {
    "ayah": 1,
    "time": 5797
  },
  {
    "ayah": 2,
    "time": 11927
  },
  {
    "ayah": 3,
    "time": 19929
  },
  {
    "ayah": 4,
    "time": 26988
  },
  {
    "ayah": 5,
    "time": 34604
  },
  {
    "ayah": 6,
    "time": 42174
  },
  {
    "ayah": 7,
    "time": 56292
  },
  {
    "ayah": 8,
    "time": 68645
  },
  {
    "ayah": 9,
    "time": 77701
  },
  {
    "ayah": 10,
    "time": 85735
  },
  {
    "ayah": 11,
    "time": 92747
  },
  {
    "ayah": 12,
    "time": 101942
  },
  {
    "ayah": 13,
    "time": 113081
  },
  {
    "ayah": 14,
    "time": 122315
  },
  {
    "ayah": 15,
    "time": 156927
  },
  {
    "ayah": 16,
    "time": 165411
  },
  {
    "ayah": 17,
    "time": 173460
  },
  {
    "ayah": 18,
    "time": 186449
  },
  {
    "ayah": 19,
    "time": 208429
  },
  {
    "ayah": 20,
    "time": 232020
  },
  {
    "ayah": 21,
    "time": 245738
  },
  {
    "ayah": 22,
    "time": 264879
  },
  {
    "ayah": 23,
    "time": 270930
  },
  {
    "ayah": 24,
    "time": 287841
  },
  {
    "ayah": 25,
    "time": 325629
  },
  {
    "ayah": 26,
    "time": 337671
  },
  {
    "ayah": 27,
    "time": 345148
  },
  {
    "ayah": 28,
    "time": 389034
  },
  {
    "ayah": 29,
    "time": 403941
  },
  {
    "ayah": 30,
    "time": 417083
  },
  {
    "ayah": 31,
    "time": 428183
  },
  {
    "ayah": 32,
    "time": 436906
  },
  {
    "ayah": 33,
    "time": 452324
  },
  {
    "ayah": 34,
    "time": 489748
  },
  {
    "ayah": 35,
    "time": 500668
  },
  {
    "ayah": 36,
    "time": 514507
  },
  {
    "ayah": 37,
    "time": 520677
  },
  {
    "ayah": 38,
    "time": 531133
  },
  {
    "ayah": 39,
    "time": 541867
  },
  {
    "ayah": 40,
    "time": 548601
  },
  {
    "ayah": 41,
    "time": 556296
  },
  {
    "ayah": 42,
    "time": 570057
  },
  {
    "ayah": 43,
    "time": 578787
  },
  {
    "ayah": 44,
    "time": 587471
  },
  {
    "ayah": 45,
    "time": 615275
  },
  {
    "ayah": 46,
    "time": 627170
  },
  {
    "ayah": 47,
    "time": 635955
  },
  {
    "ayah": 48,
    "time": 646350
  },
  {
    "ayah": 49,
    "time": 652720
  },
  {
    "ayah": 50,
    "time": 661118
  },
  {
    "ayah": 51,
    "time": 681698
  },
  {
    "ayah": 52,
    "time": 696405
  },
  {
    "ayah": 53,
    "time": 710212
  },
  {
    "ayah": 54,
    "time": 723115
  },
  {
    "ayah": 55,
    "time": 729053
  },
  {
    "ayah": 56,
    "time": 739084
  },
  {
    "ayah": 57,
    "time": 748293
  },
  {
    "ayah": 58,
    "time": 757395
  },
  {
    "ayah": 59,
    "time": 764400
  },
  {
    "ayah": 60,
    "time": 771313
  },
  {
    "ayah": 61,
    "time": 784827
  },
  {
    "ayah": 62,
    "time": 794965
  },
  {
    "ayah": 63,
    "time": 809036
  },
  {
    "ayah": 64,
    "time": 822775
  },
  {
    "ayah": 65,
    "time": 835043
  },
  {
    "ayah": 66,
    "time": 847256
  },
  {
    "ayah": 67,
    "time": 860445
  },
  {
    "ayah": 68,
    "time": 867829
  },
  {
    "ayah": 69,
    "time": 881529
  },
  {
    "ayah": 70,
    "time": 889177
  },
  {
    "ayah": 71,
    "time": 904052
  },
  {
    "ayah": 72,
    "time": 926661
  },
  {
    "ayah": 73,
    "time": 938404
  },
  {
    "ayah": 74,
    "time": 946956
  },
  {
    "ayah": 75,
    "time": 956933
  },
  {
    "ayah": 76,
    "time": 969997
  },
  {
    "ayah": 77,
    "time": 981135
  },
  {
    "ayah": 78,
    "time": 996918
  },
  {
    "ayah": 79,
    "time": 1010107
  },
  {
    "ayah": 80,
    "time": 1018095
  },
  {
    "ayah": 81,
    "time": 1032259
  },
  {
    "ayah": 82,
    "time": 1039132
  },
  {
    "ayah": 83,
    "time": 1052228
  },
  {
    "ayah": 84,
    "time": 1068171
  },
  {
    "ayah": 85,
    "time": 1079177
  },
  {
    "ayah": 86,
    "time": 1087754
  },
  {
    "ayah": 87,
    "time": 1095556
  },
  {
    "ayah": 88,
    "time": 1104055
  },
  {
    "ayah": 89,
    "time": 1118365
  },
  {
    "ayah": 90,
    "time": 1127553
  },
  {
    "ayah": 91,
    "time": 1135866
  },
  {
    "ayah": 92,
    "time": 1158622
  },
  {
    "ayah": 93,
    "time": 1167770
  },
  {
    "ayah": 94,
    "time": 1175851
  },
  {
    "ayah": 95,
    "time": 1183003
  },
  {
    "ayah": 96,
    "time": 1192616
  },
  {
    "ayah": 97,
    "time": 1201300
  },
  {
    "ayah": 98,
    "time": 1208405
  },
  {
    "ayah": 99,
    "time": 1214689
  },
  {
    "ayah": 100,
    "time": 1225727
  },
  {
    "ayah": 101,
    "time": 1250898
  },
  {
    "ayah": 102,
    "time": 1265248
  },
  {
    "ayah": 103,
    "time": 1275186
  },
  {
    "ayah": 104,
    "time": 1293079
  },
  {
    "ayah": 105,
    "time": 1301578
  },
  {
    "ayah": 106,
    "time": 1312770
  },
  {
    "ayah": 107,
    "time": 1327059
  },
  {
    "ayah": 108,
    "time": 1337940
  },
  {
    "ayah": 109,
    "time": 1344103
  },
  {
    "ayah": 110,
    "time": 1372167
  },
  {
    "ayah": 111,
    "time": 1387199
  },
  {
    "ayah": 112,
    "time": 1400341
  },
  {
    "ayah": 113,
    "time": 1406843
  },
  {
    "ayah": 114,
    "time": 1419350
  },
  {
    "ayah": 115,
    "time": 1430495
  },
  {
    "ayah": 116,
    "time": 1442741
  },
  {
    "ayah": 117,
    "time": 1455598
  },
  {
    "ayah": 118,
    "time": 1475899
  }
]