[
  {
    "ayah": 1,
    "time": 5937
  },
  {
    "ayah": 2,
    "time": 10874
  },
  {
    "ayah": 3,
    "time": 13460
  },
  {
    "ayah": 4,
    "time": 15782
  },
  {
    "ayah": 5,
    "time": 18383
  },
  {
    "ayah": 6,
    "time": 20612
  },
  {
    "ayah": 7,
    "time": 24280
  },
  {
    "ayah": 8,
    "time": 26495
  },
  {
    "ayah": 9,
    "time": 32547
  },
  {
    "ayah": 10,
    "time": 38863
  },
  {
    "ayah": 11,
    "time": 44482
  },
  {
    "ayah": 12,
    "time": 48476
  },
  {
    "ayah": 13,
    "time": 52934
  },
  {
    "ayah": 14,
    "time": 55395
  },
  {
    "ayah": 15,
    "time": 58971
  },
  {
    "ayah": 16,
    "time": 64126
  },
  {
    "ayah": 17,
    "time": 70860
  },
  {
    "ayah": 18,
    "time": 73785
  },
  {
    "ayah": 19,
    "time": 77129
  },
  {
    "ayah": 20,
    "time": 79537
  },
  {
    "ayah": 21,
    "time": 83159
  },
  {
    "ayah": 22,
    "time": 85628
  },
  {
    "ayah": 23,
    "time": 88832
  },
  {
    "ayah": 24,
    "time": 92268
  },
  {
    "ayah": 25,
    "time": 98677
  },
  {
    "ayah": 26,
    "time": 103600
  },
  {
    "ayah": 27,
    "time": 105750
  },
  {
    "ayah": 28,
    "time": 110055
  },
  {
    "ayah": 29,
    "time": 112934
  },
  {
    "ayah": 30,
    "time": 115581
  },
  {
    "ayah": 31,
    "time": 118553
  },
  {
    "ayah": 32,
    "time": 183816
  },
  {
    "ayah": 33,
    "time": 185891
  },
  {
    "ayah": 34,
    "time": 188446
  },
  {
    "ayah": 35,
    "time": 192246
  },
  {
    "ayah": 36,
    "time": 195829
  },
  {
    "ayah": 37,
    "time": 198151
  },
  {
    "ayah": 38,
    "time": 207068
  },
  {
    "ayah": 39,
    "time": 211805
  },
  {
    "ayah": 40,
    "time": 217656
  },
  {
    "ayah": 41,
    "time": 225412
  },
  {
    "ayah": 42,
    "time": 229591
  },
  {
    "ayah": 43,
    "time": 232610
  },
  {
    "ayah": 44,
    "time": 237811
  },
  {
    "ayah": 45,
    "time": 242780
  },
  {
    "ayah": 46,
    "time": 250118
  },
  {
    "ayah": 47,
    "time": 256387
  },
  {
    "ayah": 48,
    "time": 262192
  },
  {
    "ayah": 49,
    "time": 269019
  },
  {
    "ayah": 50,
    "time": 274917
  },
  {
    "ayah": 51,
    "time": 280443
  },
  {
    "ayah": 52,
    "time": 283926
  },
  {
    "ayah": 53,
    "time": 292889
  },
  {
    "ayah": 54,
    "time": 297858
  },
  {
    "ayah": 55,
    "time": 302873
  },
  {
    "ayah": 56,
    "time": 307471
  }
]