[
  {
    "ayah": 1,
    "time": 4450
  },
  {
    "ayah": 2,
    "time": 8658
  },
  {
    "ayah": 3,
    "time": 15325
  },
  {
    "ayah": 4,
    "time": 21703
  },
  {
    "ayah": 5,
    "time": 27814
  },
  {
    "ayah": 6,
    "time": 34173
  },
  {
    "ayah": 7,
    "time": 48753
  },
  {
    "ayah": 8,
    "time": 60219
  },
  {
    "ayah": 9,
    "time": 68790
  },
  {
    "ayah": 10,
    "time": 76548
  },
  {
    "ayah": 11,
    "time": 82008
  },
  {
    "ayah": 12,
    "time": 90832
  },
  {
    "ayah": 13,
    "time": 101092
  },
  {
    "ayah": 14,
    "time": 110458
  },
  {
    "ayah": 15,
    "time": 149109
  },
  {
    "ayah": 16,
    "time": 157875
  },
  {
    "ayah": 17,
    "time": 166332
  },
  {
    "ayah": 18,
    "time": 180004
  },
  {
    "ayah": 19,
    "time": 202943
  },
  {
    "ayah": 20,
    "time": 225020
  },
  {
    "ayah": 21,
    "time": 240296
  },
  {
    "ayah": 22,
    "time": 263322
  },
  {
    "ayah": 23,
    "time": 269484
  },
  {
    "ayah": 24,
    "time": 289210
  },
  {
    "ayah": 25,
    "time": 337225
  },
  {
    "ayah": 26,
    "time": 349443
  },
  {
    "ayah": 27,
    "time": 356204
  },
  {
    "ayah": 28,
    "time": 409084
  },
  {
    "ayah": 29,
    "time": 426615
  },
  {
    "ayah": 30,
    "time": 440538
  },
  {
    "ayah": 31,
    "time": 451050
  },
  {
    "ayah": 32,
    "time": 460667
  },
  {
    "ayah": 33,
    "time": 477988
  },
  {
    "ayah": 34,
    "time": 520204
  },
  {
    "ayah": 35,
    "time": 531772
  },
  {
    "ayah": 36,
    "time": 547543
  },
  {
    "ayah": 37,
    "time": 553351
  },
  {
    "ayah": 38,
    "time": 564566
  },
  {
    "ayah": 39,
    "time": 576334
  },
  {
    "ayah": 40,
    "time": 582790
  },
  {
    "ayah": 41,
    "time": 591307
  },
  {
    "ayah": 42,
    "time": 606224
  },
  {
    "ayah": 43,
    "time": 615986
  },
  {
    "ayah": 44,
    "time": 624598
  },
  {
    "ayah": 45,
    "time": 654840
  },
  {
    "ayah": 46,
    "time": 667609
  },
  {
    "ayah": 47,
    "time": 677872
  },
  {
    "ayah": 48,
    "time": 689136
  },
  {
    "ayah": 49,
    "time": 695745
  },
  {
    "ayah": 50,
    "time": 704057
  },
  {
    "ayah": 51,
    "time": 722930
  },
  {
    "ayah": 52,
    "time": 739063
  },
  {
    "ayah": 53,
    "time": 754083
  },
  {
    "ayah": 54,
    "time": 768407
  },
  {
    "ayah": 55,
    "time": 774561
  },
  {
    "ayah": 56,
    "time": 785577
  },
  {
    "ayah": 57,
    "time": 793586
  },
  {
    "ayah": 58,
    "time": 802849
  },
  {
    "ayah": 59,
    "time": 810763
  },
  {
    "ayah": 60,
    "time": 818220
  },
  {
    "ayah": 61,
    "time": 833341
  },
  {
    "ayah": 62,
    "time": 843206
  },
  {
    "ayah": 63,
    "time": 860230
  },
  {
    "ayah": 64,
    "time": 875949
  },
  {
    "ayah": 65,
    "time": 888868
  },
  {
    "ayah": 66,
    "time": 899230
  },
  {
    "ayah": 67,
    "time": 913202
  },
  {
    "ayah": 68,
    "time": 920261
  },
  {
    "ayah": 69,
    "time": 934432
  },
  {
    "ayah": 70,
    "time": 942893
  },
  {
    "ayah": 71,
    "time": 958313
  },
  {
    "ayah": 72,
    "time": 982857
  },
  {
    "ayah": 73,
    "time": 995173
  },
  {
    "ayah": 74,
    "time": 1003636
  },
  {
    "ayah": 75,
    "time": 1015300
  },
  {
    "ayah": 76,
    "time": 1029170
  },
  {
    "ayah": 77,
    "time": 1041087
  },
  {
    "ayah": 78,
    "time": 1056306
  },
  {
    "ayah": 79,
    "time": 1070935
  },
  {
    "ayah": 80,
    "time": 1078645
  },
  {
    "ayah": 81,
    "time": 1091913
  },
  {
    "ayah": 82,
    "time": 1097373
  },
  {
    "ayah": 83,
    "time": 1110690
  },
  {
    "ayah": 84,
    "time": 1127665
  },
  {
    "ayah": 85,
    "time": 1137727
  },
  {
    "ayah": 86,
    "time": 1144888
  },
  {
    "ayah": 87,
    "time": 1153248
  },
  {
    "ayah": 88,
    "time": 1160470
  },
  {
    "ayah": 89,
    "time": 1175989
  },
  {
    "ayah": 90,
    "time": 1183909
  },
  {
    "ayah": 91,
    "time": 1192688
  },
  {
    "ayah": 92,
    "time": 1218376
  },
  {
    "ayah": 93,
    "time": 1227492
  },
  {
    "ayah": 94,
    "time": 1235150
  },
  {
    "ayah": 95,
    "time": 1241709
  },
  {
    "ayah": 96,
    "time": 1251376
  },
  {
    "ayah": 97,
    "time": 1261887
  },
  {
    "ayah": 98,
    "time": 1268997
  },
  {
    "ayah": 99,
    "time": 1274755
  },
  {
    "ayah": 100,
    "time": 1284748
  },
  {
    "ayah": 101,
    "time": 1309232
  },
  {
    "ayah": 102,
    "time": 1323148
  },
  {
    "ayah": 103,
    "time": 1332461
  },
  {
    "ayah": 104,
    "time": 1347633
  },
  {
    "ayah": 105,
    "time": 1356050
  },
  {
    "ayah": 106,
    "time": 1366907
  },
  {
    "ayah": 107,
    "time": 1381189
  },
  {
    "ayah": 108,
    "time": 1391853
  },
  {
    "ayah": 109,
    "time": 1398063
  },
  {
    "ayah": 110,
    "time": 1418691
  },
  {
    "ayah": 111,
    "time": 1434662
  },
  {
    "ayah": 112,
    "time": 1447728
  },
  {
    "ayah": 113,
    "time": 1454493
  },
  {
    "ayah": 114,
    "time": 1466377
  },
  {
    "ayah": 115,
    "time": 1478893
  },
  {
    "ayah": 116,
    "time": 1492410
  },
  {
    "ayah": 117,
    "time": 1505762
  },
  {
    "ayah": 118,
    "time": 1528037
  },
  {
    "ayah": 999,
    "time": 1537149
  }
]