[
  {
    "ayah": 1,
    "time": 3428
  },
  {
    "ayah": 2,
    "time": 7677
  },
  {
    "ayah": 3,
    "time": 15804
  },
  {
    "ayah": 4,
    "time": 23000
  },
  {
    "ayah": 5,
    "time": 28804
  },
  {
    "ayah": 6,
    "time": 46880
  },
  {
    "ayah": 7,
    "time": 58530
  },
  {
    "ayah": 8,
    "time": 79942
  },
  {
    "ayah": 9,
    "time": 98006
  },
  {
    "ayah": 10,
    "time": 110319
  },
  {
    "ayah": 11,
    "time": 123821
  },
  {
    "ayah": 12,
    "time": 140883
  },
  {
    "ayah": 13,
    "time": 156000
  },
  {
    "ayah": 14,
    "time": 192261
  },
  {
    "ayah": 15,
    "time": 220761
  },
  {
    "ayah": 16,
    "time": 259135
  },
  {
    "ayah": 17,
    "time": 278510
  },
  {
    "ayah": 18,
    "time": 291451
  },
  {
    "ayah": 19,
    "time": 312888
  },
  {
    "ayah": 20,
    "time": 328452
  },
  {
    "ayah": 21,
    "time": 345078
  },
  {
    "ayah": 22,
    "time": 365640
  },
  {
    "ayah": 23,
    "time": 392517
  },
  {
    "ayah": 24,
    "time": 423266
  },
  {
    "ayah": 25,
    "time": 443831
  },
  {
    "ayah": 26,
    "time": 466085
  },
  {
    "ayah": 27,
    "time": 479897
  },
  {
    "ayah": 28,
    "time": 498394
  },
  {
    "ayah": 29,
    "time": 509148
  },
  {
    "ayah": 30,
    "time": 528397
  },
  {
    "ayah": 31,
    "time": 539270
  },
  {
    "ayah": 32,
    "time": 551336
  },
  {
    "ayah": 33,
    "time": 557523
  },
  {
    "ayah": 34,
    "time": 570334
  },
  {
    "ayah": 35,
    "time": 576647
  },
  {
    "ayah": 36,
    "time": 584398
  },
  {
    "ayah": 37,
    "time": 600335
  },
  {
    "ayah": 38,
    "time": 611213
  },
  {
    "ayah": 39,
    "time": 623466
  },
  {
    "ayah": 40,
    "time": 630648
  },
  {
    "ayah": 41,
    "time": 647588
  },
  {
    "ayah": 42,
    "time": 656589
  },
  {
    "ayah": 43,
    "time": 671464
  },
  {
    "ayah": 44,
    "time": 682276
  },
  {
    "ayah": 45,
    "time": 699028
  },
  {
    "ayah": 46,
    "time": 725717
  },
  {
    "ayah": 47,
    "time": 742405
  },
  {
    "ayah": 48,
    "time": 761468
  },
  {
    "ayah": 49,
    "time": 788845
  },
  {
    "ayah": 50,
    "time": 806969
  },
  {
    "ayah": 51,
    "time": 820972
  },
  {
    "ayah": 52,
    "time": 844781
  },
  {
    "ayah": 53,
    "time": 874534
  },
  {
    "ayah": 999,
    "time": 892475
  }
]