[
  {
    "ayah": 1,
    "time": 5037
  },
  {
    "ayah": 2,
    "time": 12497
  },
  {
    "ayah": 3,
    "time": 21008
  },
  {
    "ayah": 4,
    "time": 35645
  },
  {
    "ayah": 5,
    "time": 61631
  },
  {
    "ayah": 6,
    "time": 72945
  },
  {
    "ayah": 7,
    "time": 89068
  },
  {
    "ayah": 8,
    "time": 153456
  },
  {
    "ayah": 9,
    "time": 170827
  },
  {
    "ayah": 10,
    "time": 187500
  },
  {
    "ayah": 11,
    "time": 209133
  },
  {
    "ayah": 12,
    "time": 229259
  },
  {
    "ayah": 13,
    "time": 240975
  },
  {
    "ayah": 14,
    "time": 277876
  },
  {
    "ayah": 15,
    "time": 311003
  },
  {
    "ayah": 16,
    "time": 347851
  },
  {
    "ayah": 17,
    "time": 365326
  },
  {
    "ayah": 18,
    "time": 379243
  },
  {
    "ayah": 19,
    "time": 401475
  },
  {
    "ayah": 20,
    "time": 432318
  },
  {
    "ayah": 21,
    "time": 468567
  },
  {
    "ayah": 22,
    "time": 493200
  },
  {
    "ayah": 23,
    "time": 507971
  },
  {
    "ayah": 24,
    "time": 530453
  },
  {
    "ayah": 25,
    "time": 551930
  },
  {
    "ayah": 26,
    "time": 567502
  },
  {
    "ayah": 27,
    "time": 613815
  },
  {
    "ayah": 28,
    "time": 645809
  },
  {
    "ayah": 29,
    "time": 680858
  },
  {
    "ayah": 30,
    "time": 703938
  },
  {
    "ayah": 31,
    "time": 737184
  },
  {
    "ayah": 32,
    "time": 755909
  },
  {
    "ayah": 33,
    "time": 770428
  },
  {
    "ayah": 34,
    "time": 785300
  },
  {
    "ayah": 35,
    "time": 796216
  },
  {
    "ayah": 36,
    "time": 817492
  },
  {
    "ayah": 37,
    "time": 857697
  },
  {
    "ayah": 38,
    "time": 911873
  },
  {
    "ayah": 39,
    "time": 931400
  },
  {
    "ayah": 40,
    "time": 967860
  },
  {
    "ayah": 41,
    "time": 988436
  },
  {
    "ayah": 42,
    "time": 1015972
  },
  {
    "ayah": 43,
    "time": 1034651
  },
  {
    "ayah": 44,
    "time": 1044062
  },
  {
    "ayah": 45,
    "time": 1070347
  },
  {
    "ayah": 46,
    "time": 1102146
  },
  {
    "ayah": 47,
    "time": 1112405
  },
  {
    "ayah": 48,
    "time": 1142748
  },
  {
    "ayah": 49,
    "time": 1153412
  },
  {
    "ayah": 50,
    "time": 1229617
  },
  {
    "ayah": 51,
    "time": 1255399
  },
  {
    "ayah": 52,
    "time": 1269100
  },
  {
    "ayah": 53,
    "time": 1296588
  },
  {
    "ayah": 54,
    "time": 1313010
  },
  {
    "ayah": 55,
    "time": 1321771
  },
  {
    "ayah": 56,
    "time": 1365431
  },
  {
    "ayah": 57,
    "time": 1384357
  },
  {
    "ayah": 58,
    "time": 1402181
  },
  {
    "ayah": 59,
    "time": 1411692
  },
  {
    "ayah": 60,
    "time": 1430769
  },
  {
    "ayah": 61,
    "time": 1439582
  },
  {
    "ayah": 62,
    "time": 1485044
  },
  {
    "ayah": 63,
    "time": 1505471
  },
  {
    "ayah": 64,
    "time": 1516238
  },
  {
    "ayah": 65,
    "time": 1568260
  },
  {
    "ayah": 66,
    "time": 1595894
  },
  {
    "ayah": 67,
    "time": 1628390
  },
  {
    "ayah": 68,
    "time": 1648467
  },
  {
    "ayah": 69,
    "time": 1670397
  },
  {
    "ayah": 70,
    "time": 1690576
  },
  {
    "ayah": 71,
    "time": 1705151
  },
  {
    "ayah": 72,
    "time": 1722219
  },
  {
    "ayah": 73,
    "time": 1749204
  },
  {
    "ayah": 74,
    "time": 1795518
  },
  {
    "ayah": 75,
    "time": 1808988
  },
  {
    "ayah": 76,
    "time": 1860857
  },
  {
    "ayah": 77,
    "time": 1874677
  },
  {
    "ayah": 78,
    "time": 1919438
  },
  {
    "ayah": 79,
    "time": 1966199
  },
  {
    "ayah": 80,
    "time": 2015119
  },
  {
    "ayah": 81,
    "time": 2042103
  },
  {
    "ayah": 82,
    "time": 2112050
  },
  {
    "ayah": 83,
    "time": 2124217
  },
  {
    "ayah": 84,
    "time": 2146949
  },
  {
    "ayah": 85,
    "time": 2228560
  },
  {
    "ayah": 86,
    "time": 2245232
  },
  {
    "ayah": 87,
    "time": 2276924
  },
  {
    "ayah": 88,
    "time": 2296201
  },
  {
    "ayah": 89,
    "time": 2309520
  },
  {
    "ayah": 90,
    "time": 2326044
  },
  {
    "ayah": 91,
    "time": 2351691
  },
  {
    "ayah": 92,
    "time": 2388144
  },
  {
    "ayah": 93,
    "time": 2413578
  },
  {
    "ayah": 94,
    "time": 2454384
  },
  {
    "ayah": 95,
    "time": 2470557
  },
  {
    "ayah": 96,
    "time": 2488981
  },
  {
    "ayah": 97,
    "time": 2507705
  },
  {
    "ayah": 98,
    "time": 2549413
  },
  {
    "ayah": 99,
    "time": 2568041
  },
  {
    "ayah": 100,
    "time": 2601586
  },
  {
    "ayah": 101,
    "time": 2626870
  },
  {
    "ayah": 102,
    "time": 2657409
  },
  {
    "ayah": 103,
    "time": 2680694
  },
  {
    "ayah": 104,
    "time": 2753841
  },
  {
    "ayah": 105,
    "time": 2782538
  },
  {
    "ayah": 106,
    "time": 2808868
  },
  {
    "ayah": 107,
    "time": 2840661
  },
  {
    "ayah": 108,
    "time": 2856885
  },
  {
    "ayah": 109,
    "time": 2875209
  },
  {
    "ayah": 110,
    "time": 2885923
  },
  {
    "ayah": 111,
    "time": 2918116
  },
  {
    "ayah": 112,
    "time": 2936293
  },
  {
    "ayah": 113,
    "time": 2993318
  },
  {
    "ayah": 114,
    "time": 3017452
  },
  {
    "ayah": 115,
    "time": 3041176
  },
  {
    "ayah": 116,
    "time": 3055496
  },
  {
    "ayah": 117,
    "time": 3082331
  },
  {
    "ayah": 118,
    "time": 3115365
  },
  {
    "ayah": 119,
    "time": 3162880
  },
  {
    "ayah": 120,
    "time": 3210948
  },
  {
    "ayah": 121,
    "time": 3242840
  },
  {
    "ayah": 122,
    "time": 3256665
  },
  {
    "ayah": 123,
    "time": 3276035
  },
  {
    "ayah": 124,
    "time": 3290105
  },
  {
    "ayah": 125,
    "time": 3309281
  },
  {
    "ayah": 126,
    "time": 3333113
  },
  {
    "ayah": 127,
    "time": 3354893
  },
  {
    "ayah": 128,
    "time": 3369063
  },
  {
    "ayah": 129,
    "time": 3382681
  },
  {
    "ayah": 130,
    "time": 3403759
  },
  {
    "ayah": 131,
    "time": 3422085
  },
  {
    "ayah": 132,
    "time": 3431398
  },
  {
    "ayah": 133,
    "time": 3438957
  },
  {
    "ayah": 134,
    "time": 3456732
  },
  {
    "ayah": 135,
    "time": 3481213
  },
  {
    "ayah": 136,
    "time": 3518618
  },
  {
    "ayah": 137,
    "time": 3545102
  },
  {
    "ayah": 138,
    "time": 3562076
  },
  {
    "ayah": 139,
    "time": 3574394
  },
  {
    "ayah": 140,
    "time": 3588461
  },
  {
    "ayah": 141,
    "time": 3624562
  },
  {
    "ayah": 142,
    "time": 3634624
  },
  {
    "ayah": 143,
    "time": 3652749
  },
  {
    "ayah": 144,
    "time": 3671125
  },
  {
    "ayah": 145,
    "time": 3710727
  },
  {
    "ayah": 146,
    "time": 3740024
  },
  {
    "ayah": 147,
    "time": 3767857
  },
  {
    "ayah": 148,
    "time": 3797347
  },
  {
    "ayah": 149,
    "time": 3811567
  },
  {
    "ayah": 150,
    "time": 3836151
  },
  {
    "ayah": 151,
    "time": 3843660
  },
  {
    "ayah": 152,
    "time": 3868293
  },
  {
    "ayah": 153,
    "time": 3934685
  },
  {
    "ayah": 154,
    "time": 3976040
  },
  {
    "ayah": 155,
    "time": 4076927
  },
  {
    "ayah": 156,
    "time": 4103413
  },
  {
    "ayah": 157,
    "time": 4148782
  },
  {
    "ayah": 158,
    "time": 4166604
  },
  {
    "ayah": 159,
    "time": 4175516
  },
  {
    "ayah": 160,
    "time": 4212668
  },
  {
    "ayah": 161,
    "time": 4236098
  },
  {
    "ayah": 162,
    "time": 4259783
  },
  {
    "ayah": 163,
    "time": 4278257
  },
  {
    "ayah": 164,
    "time": 4289524
  },
  {
    "ayah": 165,
    "time": 4324573
  },
  {
    "ayah": 166,
    "time": 4354361
  },
  {
    "ayah": 167,
    "time": 4367027
  },
  {
    "ayah": 168,
    "time": 4407231
  },
  {
    "ayah": 169,
    "time": 4428461
  },
  {
    "ayah": 170,
    "time": 4447088
  },
  {
    "ayah": 171,
    "time": 4468550
  },
  {
    "ayah": 172,
    "time": 4482932
  },
  {
    "ayah": 173,
    "time": 4503660
  },
  {
    "ayah": 174,
    "time": 4524889
  },
  {
    "ayah": 175,
    "time": 4545968
  },
  {
    "ayah": 176,
    "time": 4563943
  },
  {
    "ayah": 177,
    "time": 4591329
  },
  {
    "ayah": 178,
    "time": 4605801
  },
  {
    "ayah": 179,
    "time": 4631986
  },
  {
    "ayah": 180,
    "time": 4674794
  },
  {
    "ayah": 181,
    "time": 4711946
  },
  {
    "ayah": 182,
    "time": 4742587
  },
  {
    "ayah": 183,
    "time": 4754452
  },
  {
    "ayah": 184,
    "time": 4794918
  },
  {
    "ayah": 185,
    "time": 4812693
  },
  {
    "ayah": 186,
    "time": 4847840
  },
  {
    "ayah": 187,
    "time": 4892201
  },
  {
    "ayah": 188,
    "time": 4920692
  },
  {
    "ayah": 189,
    "time": 4954884
  },
  {
    "ayah": 190,
    "time": 4967052
  },
  {
    "ayah": 191,
    "time": 4982275
  },
  {
    "ayah": 192,
    "time": 5018022
  },
  {
    "ayah": 193,
    "time": 5035045
  },
  {
    "ayah": 194,
    "time": 5065487
  },
  {
    "ayah": 195,
    "time": 5083362
  },
  {
    "ayah": 196,
    "time": 5156761
  },
  {
    "ayah": 197,
    "time": 5166226
  },
  {
    "ayah": 198,
    "time": 5179040
  },
  {
    "ayah": 199,
    "time": 5206880
  },
  {
    "ayah": 200,
    "time": 5253542
  },
  {
    "ayah": 999,
    "time": 5268166
  }
]