[
  {
    "ayah": 1,
    "time": 4031
  },
  {
    "ayah": 2,
    "time": 31318
  },
  {
    "ayah": 3,
    "time": 65863
  },
  {
    "ayah": 4,
    "time": 101513
  },
  {
    "ayah": 5,
    "time": 146220
  },
  {
    "ayah": 6,
    "time": 180468
  },
  {
    "ayah": 7,
    "time": 205355
  },
  {
    "ayah": 8,
    "time": 228386
  },
  {
    "ayah": 9,
    "time": 245660
  },
  {
    "ayah": 10,
    "time": 251970
  },
  {
    "ayah": 11,
    "time": 270995
  },
  {
    "ayah": 12,
    "time": 310999
  },
  {
    "ayah": 13,
    "time": 321914
  },
  {
    "ayah": 14,
    "time": 343743
  },
  {
    "ayah": 15,
    "time": 372432
  },
  {
    "ayah": 16,
    "time": 388106
  },
  {
    "ayah": 17,
    "time": 440176
  },
  {
    "ayah": 18,
    "time": 500059
  },
  {
    "ayah": 19,
    "time": 530499
  },
  {
    "ayah": 20,
    "time": 548580
  },
  {
    "ayah": 21,
    "time": 557334
  },
  {
    "ayah": 22,
    "time": 573316
  },
  {
    "ayah": 23,
    "time": 603597
  },
  {
    "ayah": 24,
    "time": 626029
  },
  {
    "ayah": 25,
    "time": 634692
  },
  {
    "ayah": 26,
    "time": 671191
  },
  {
    "ayah": 27,
    "time": 689314
  },
  {
    "ayah": 28,
    "time": 712047
  },
  {
    "ayah": 29,
    "time": 726965
  },
  {
    "ayah": 30,
    "time": 735428
  },
  {
    "ayah": 31,
    "time": 768073
  },
  {
    "ayah": 32,
    "time": 820142
  },
  {
    "ayah": 33,
    "time": 835016
  },
  {
    "ayah": 34,
    "time": 875319
  },
  {
    "ayah": 35,
    "time": 888937
  },
  {
    "ayah": 36,
    "time": 912020
  },
  {
    "ayah": 37,
    "time": 940609
  },
  {
    "ayah": 38,
    "time": 963641
  },
  {
    "ayah": 39,
    "time": 987823
  },
  {
    "ayah": 40,
    "time": 998487
  },
  {
    "ayah": 41,
    "time": 1014559
  },
  {
    "ayah": 42,
    "time": 1032284
  },
  {
    "ayah": 43,
    "time": 1049863
  },
  {
    "ayah": 999,
    "time": 1066028
  }
]