[
  {
    "ayah": 1,
    "time": 3574
  },
  {
    "ayah": 2,
    "time": 25139
  },
  {
    "ayah": 3,
    "time": 39015
  },
  {
    "ayah": 4,
    "time": 46330
  },
  {
    "ayah": 5,
    "time": 62078
  },
  {
    "ayah": 6,
    "time": 82204
  },
  {
    "ayah": 7,
    "time": 97204
  },
  {
    "ayah": 8,
    "time": 124829
  },
  {
    "ayah": 9,
    "time": 137457
  },
  {
    "ayah": 10,
    "time": 156709
  },
  {
    "ayah": 11,
    "time": 165085
  },
  {
    "ayah": 12,
    "time": 175897
  },
  {
    "ayah": 13,
    "time": 209210
  },
  {
    "ayah": 14,
    "time": 225500
  },
  {
    "ayah": 15,
    "time": 233211
  },
  {
    "ayah": 16,
    "time": 252335
  },
  {
    "ayah": 17,
    "time": 269962
  },
  {
    "ayah": 18,
    "time": 281398
  },
  {
    "ayah": 19,
    "time": 301000
  },
  {
    "ayah": 20,
    "time": 313776
  },
  {
    "ayah": 21,
    "time": 329025
  },
  {
    "ayah": 22,
    "time": 340838
  },
  {
    "ayah": 23,
    "time": 351339
  },
  {
    "ayah": 24,
    "time": 374715
  },
  {
    "ayah": 25,
    "time": 390777
  },
  {
    "ayah": 26,
    "time": 401403
  },
  {
    "ayah": 27,
    "time": 409027
  },
  {
    "ayah": 28,
    "time": 418217
  },
  {
    "ayah": 29,
    "time": 430404
  },
  {
    "ayah": 30,
    "time": 441903
  },
  {
    "ayah": 31,
    "time": 456654
  },
  {
    "ayah": 32,
    "time": 468654
  },
  {
    "ayah": 33,
    "time": 476530
  },
  {
    "ayah": 34,
    "time": 493905
  },
  {
    "ayah": 35,
    "time": 507530
  },
  {
    "ayah": 36,
    "time": 517781
  },
  {
    "ayah": 37,
    "time": 529900
  },
  {
    "ayah": 38,
    "time": 540156
  },
  {
    "ayah": 39,
    "time": 546593
  },
  {
    "ayah": 40,
    "time": 562469
  },
  {
    "ayah": 41,
    "time": 574911
  },
  {
    "ayah": 42,
    "time": 583622
  },
  {
    "ayah": 43,
    "time": 592433
  },
  {
    "ayah": 44,
    "time": 598809
  },
  {
    "ayah": 45,
    "time": 617183
  },
  {
    "ayah": 46,
    "time": 627811
  },
  {
    "ayah": 47,
    "time": 644247
  },
  {
    "ayah": 48,
    "time": 659873
  },
  {
    "ayah": 49,
    "time": 671687
  },
  {
    "ayah": 50,
    "time": 680936
  },
  {
    "ayah": 51,
    "time": 684530
  },
  {
    "ayah": 52,
    "time": 704050
  },
  {
    "ayah": 53,
    "time": 712400
  },
  {
    "ayah": 54,
    "time": 727050
  },
  {
    "ayah": 55,
    "time": 738113
  },
  {
    "ayah": 56,
    "time": 750927
  },
  {
    "ayah": 57,
    "time": 760365
  },
  {
    "ayah": 58,
    "time": 778115
  },
  {
    "ayah": 59,
    "time": 794027
  },
  {
    "ayah": 60,
    "time": 813263
  },
  {
    "ayah": 61,
    "time": 838732
  },
  {
    "ayah": 62,
    "time": 851022
  },
  {
    "ayah": 63,
    "time": 863299
  },
  {
    "ayah": 64,
    "time": 874359
  },
  {
    "ayah": 65,
    "time": 892797
  },
  {
    "ayah": 66,
    "time": 900800
  },
  {
    "ayah": 67,
    "time": 912172
  },
  {
    "ayah": 68,
    "time": 928425
  },
  {
    "ayah": 69,
    "time": 943173
  },
  {
    "ayah": 70,
    "time": 965052
  },
  {
    "ayah": 71,
    "time": 982301
  },
  {
    "ayah": 72,
    "time": 996615
  },
  {
    "ayah": 73,
    "time": 1005364
  },
  {
    "ayah": 74,
    "time": 1016759
  },
  {
    "ayah": 75,
    "time": 1024886
  },
  {
    "ayah": 76,
    "time": 1034202
  },
  {
    "ayah": 77,
    "time": 1045575
  },
  {
    "ayah": 78,
    "time": 1054948
  },
  {
    "ayah": 79,
    "time": 1067137
  },
  {
    "ayah": 80,
    "time": 1077325
  },
  {
    "ayah": 81,
    "time": 1088825
  },
  {
    "ayah": 82,
    "time": 1098513
  },
  {
    "ayah": 83,
    "time": 1111324
  },
  {
    "ayah": 84,
    "time": 1121700
  },
  {
    "ayah": 85,
    "time": 1132765
  },
  {
    "ayah": 86,
    "time": 1142950
  },
  {
    "ayah": 87,
    "time": 1153701
  },
  {
    "ayah": 88,
    "time": 1161203
  },
  {
    "ayah": 89,
    "time": 1178763
  },
  {
    "ayah": 90,
    "time": 1190392
  },
  {
    "ayah": 91,
    "time": 1198205
  },
  {
    "ayah": 92,
    "time": 1208017
  },
  {
    "ayah": 93,
    "time": 1223079
  },
  {
    "ayah": 94,
    "time": 1245267
  },
  {
    "ayah": 95,
    "time": 1257017
  },
  {
    "ayah": 96,
    "time": 1272581
  },
  {
    "ayah": 97,
    "time": 1286332
  },
  {
    "ayah": 98,
    "time": 1313147
  },
  {
    "ayah": 99,
    "time": 1330143
  },
  {
    "ayah": 100,
    "time": 1348269
  },
  {
    "ayah": 101,
    "time": 1363584
  },
  {
    "ayah": 102,
    "time": 1382461
  },
  {
    "ayah": 103,
    "time": 1400584
  },
  {
    "ayah": 104,
    "time": 1409836
  },
  {
    "ayah": 105,
    "time": 1426460
  },
  {
    "ayah": 106,
    "time": 1437651
  },
  {
    "ayah": 107,
    "time": 1447898
  },
  {
    "ayah": 108,
    "time": 1461899
  },
  {
    "ayah": 109,
    "time": 1469902
  },
  {
    "ayah": 110,
    "time": 1479462
  },
  {
    "ayah": 111,
    "time": 1498337
  },
  {
    "ayah": 999,
    "time": 1520214
  }
]