[
  {
    "ayah": 1,
    "time": 2768
  },
  {
    "ayah": 2,
    "time": 23971
  },
  {
    "ayah": 3,
    "time": 39969
  },
  {
    "ayah": 4,
    "time": 45969
  },
  {
    "ayah": 5,
    "time": 56657
  },
  {
    "ayah": 6,
    "time": 65971
  },
  {
    "ayah": 7,
    "time": 75470
  },
  {
    "ayah": 8,
    "time": 96220
  },
  {
    "ayah": 9,
    "time": 104846
  },
  {
    "ayah": 10,
    "time": 115470
  },
  {
    "ayah": 11,
    "time": 130845
  },
  {
    "ayah": 12,
    "time": 152125
  },
  {
    "ayah": 13,
    "time": 170247
  },
  {
    "ayah": 14,
    "time": 186247
  },
  {
    "ayah": 15,
    "time": 192310
  },
  {
    "ayah": 16,
    "time": 201963
  },
  {
    "ayah": 17,
    "time": 224248
  },
  {
    "ayah": 18,
    "time": 243998
  },
  {
    "ayah": 19,
    "time": 252486
  },
  {
    "ayah": 20,
    "time": 271934
  },
  {
    "ayah": 22,
    "time": 287749
  },
  {
    "ayah": 23,
    "time": 297873
  },
  {
    "ayah": 24,
    "time": 307234
  },
  {
    "ayah": 25,
    "time": 324862
  },
  {
    "ayah": 26,
    "time": 339686
  },
  {
    "ayah": 27,
    "time": 361859
  },
  {
    "ayah": 28,
    "time": 371887
  },
  {
    "ayah": 29,
    "time": 382248
  },
  {
    "ayah": 30,
    "time": 397198
  },
  {
    "ayah": 31,
    "time": 412434
  },
  {
    "ayah": 32,
    "time": 426247
  },
  {
    "ayah": 33,
    "time": 440649
  },
  {
    "ayah": 34,
    "time": 451025
  },
  {
    "ayah": 35,
    "time": 467712
  },
  {
    "ayah": 36,
    "time": 479450
  },
  {
    "ayah": 37,
    "time": 500460
  },
  {
    "ayah": 38,
    "time": 517461
  },
  {
    "ayah": 39,
    "time": 529338
  },
  {
    "ayah": 40,
    "time": 544400
  },
  {
    "ayah": 41,
    "time": 557536
  },
  {
    "ayah": 42,
    "time": 594152
  },
  {
    "ayah": 43,
    "time": 623386
  },
  {
    "ayah": 44,
    "time": 640737
  },
  {
    "ayah": 45,
    "time": 663351
  },
  {
    "ayah": 46,
    "time": 674589
  },
  {
    "ayah": 47,
    "time": 686461
  },
  {
    "ayah": 48,
    "time": 703461
  },
  {
    "ayah": 49,
    "time": 740838
  },
  {
    "ayah": 50,
    "time": 757588
  },
  {
    "ayah": 51,
    "time": 772396
  },
  {
    "ayah": 52,
    "time": 781524
  },
  {
    "ayah": 53,
    "time": 797896
  },
  {
    "ayah": 54,
    "time": 816772
  },
  {
    "ayah": 55,
    "time": 838397
  },
  {
    "ayah": 56,
    "time": 848772
  },
  {
    "ayah": 57,
    "time": 857772
  },
  {
    "ayah": 58,
    "time": 867335
  },
  {
    "ayah": 59,
    "time": 886825
  },
  {
    "ayah": 60,
    "time": 894458
  },
  {
    "ayah": 61,
    "time": 925084
  },
  {
    "ayah": 62,
    "time": 936224
  },
  {
    "ayah": 63,
    "time": 948557
  },
  {
    "ayah": 64,
    "time": 967433
  },
  {
    "ayah": 65,
    "time": 978369
  },
  {
    "ayah": 66,
    "time": 1002871
  },
  {
    "ayah": 67,
    "time": 1028433
  },
  {
    "ayah": 68,
    "time": 1043368
  },
  {
    "ayah": 69,
    "time": 1051743
  },
  {
    "ayah": 70,
    "time": 1063058
  },
  {
    "ayah": 71,
    "time": 1083869
  },
  {
    "ayah": 72,
    "time": 1098432
  },
  {
    "ayah": 73,
    "time": 1142450
  },
  {
    "ayah": 74,
    "time": 1156950
  },
  {
    "ayah": 75,
    "time": 1175886
  },
  {
    "ayah": 999,
    "time": 1201636
  }
]