[
  {
    "ayah": 1,
    "time": 3436
  },
  {
    "ayah": 2,
    "time": 5624
  },
  {
    "ayah": 3,
    "time": 9642
  },
  {
    "ayah": 4,
    "time": 13741
  },
  {
    "ayah": 5,
    "time": 19679
  },
  {
    "ayah": 6,
    "time": 21411
  },
  {
    "ayah": 7,
    "time": 25741
  },
  {
    "ayah": 8,
    "time": 30989
  },
  {
    "ayah": 9,
    "time": 34008
  },
  {
    "ayah": 10,
    "time": 36899
  },
  {
    "ayah": 11,
    "time": 40483
  },
  {
    "ayah": 12,
    "time": 43821
  },
  {
    "ayah": 13,
    "time": 48986
  },
  {
    "ayah": 14,
    "time": 55486
  },
  {
    "ayah": 15,
    "time": 61862
  },
  {
    "ayah": 16,
    "time": 67661
  },
  {
    "ayah": 17,
    "time": 71360
  },
  {
    "ayah": 18,
    "time": 77862
  },
  {
    "ayah": 19,
    "time": 83600
  },
  {
    "ayah": 20,
    "time": 87361
  },
  {
    "ayah": 21,
    "time": 89705
  },
  {
    "ayah": 22,
    "time": 92379
  },
  {
    "ayah": 23,
    "time": 95595
  },
  {
    "ayah": 24,
    "time": 100045
  },
  {
    "ayah": 25,
    "time": 104421
  },
  {
    "ayah": 26,
    "time": 107693
  },
  {
    "ayah": 27,
    "time": 115944
  },
  {
    "ayah": 28,
    "time": 118669
  },
  {
    "ayah": 29,
    "time": 122129
  },
  {
    "ayah": 30,
    "time": 128820
  },
  {
    "ayah": 31,
    "time": 132505
  },
  {
    "ayah": 32,
    "time": 137753
  },
  {
    "ayah": 33,
    "time": 146666
  },
  {
    "ayah": 34,
    "time": 150632
  },
  {
    "ayah": 35,
    "time": 156754
  },
  {
    "ayah": 36,
    "time": 161498
  },
  {
    "ayah": 999,
    "time": 169626
  }
]