[
  {
    "ayah": 1,
    "time": 3651
  },
  {
    "ayah": 2,
    "time": 7759
  },
  {
    "ayah": 3,
    "time": 11863
  },
  {
    "ayah": 4,
    "time": 15972
  },
  {
    "ayah": 5,
    "time": 20980
  },
  {
    "ayah": 6,
    "time": 27288
  },
  {
    "ayah": 7,
    "time": 32147
  },
  {
    "ayah": 8,
    "time": 43169
  },
  {
    "ayah": 9,
    "time": 47275
  },
  {
    "ayah": 10,
    "time": 52629
  },
  {
    "ayah": 11,
    "time": 57284
  },
  {
    "ayah": 12,
    "time": 62647
  },
  {
    "ayah": 13,
    "time": 67751
  },
  {
    "ayah": 14,
    "time": 74158
  },
  {
    "ayah": 15,
    "time": 78874
  },
  {
    "ayah": 16,
    "time": 83771
  },
  {
    "ayah": 17,
    "time": 88839
  },
  {
    "ayah": 18,
    "time": 93745
  },
  {
    "ayah": 19,
    "time": 100047
  },
  {
    "ayah": 999,
    "time": 104304
  }
]