[
  {
    "ayah": 1,
    "time": 8922
  },
  {
    "ayah": 2,
    "time": 14729
  },
  {
    "ayah": 3,
    "time": 18685
  },
  {
    "ayah": 4,
    "time": 23446
  },
  {
    "ayah": 5,
    "time": 27345
  },
  {
    "ayah": 6,
    "time": 32113
  },
  {
    "ayah": 7,
    "time": 36825
  },
  {
    "ayah": 8,
    "time": 40671
  },
  {
    "ayah": 9,
    "time": 45078
  },
  {
    "ayah": 10,
    "time": 49742
  },
  {
    "ayah": 11,
    "time": 53994
  },
  {
    "ayah": 12,
    "time": 58798
  },
  {
    "ayah": 13,
    "time": 65059
  },
  {
    "ayah": 14,
    "time": 70716
  },
  {
    "ayah": 15,
    "time": 80279
  },
  {
    "ayah": 16,
    "time": 85785
  },
  {
    "ayah": 17,
    "time": 90191
  },
  {
    "ayah": 18,
    "time": 96801
  },
  {
    "ayah": 19,
    "time": 104161
  },
  {
    "ayah": 20,
    "time": 110620
  },
  {
    "ayah": 21,
    "time": 116679
  },
  {
    "ayah": 22,
    "time": 123087
  },
  {
    "ayah": 23,
    "time": 126796
  },
  {
    "ayah": 24,
    "time": 132657
  },
  {
    "ayah": 25,
    "time": 139757
  },
  {
    "ayah": 26,
    "time": 145068
  },
  {
    "ayah": 27,
    "time": 150074
  },
  {
    "ayah": 28,
    "time": 156484
  },
  {
    "ayah": 29,
    "time": 162094
  },
  {
    "ayah": 30,
    "time": 168218
  },
  {
    "ayah": 31,
    "time": 174883
  },
  {
    "ayah": 32,
    "time": 180485
  },
  {
    "ayah": 33,
    "time": 185092
  },
  {
    "ayah": 34,
    "time": 189197
  },
  {
    "ayah": 35,
    "time": 193106
  },
  {
    "ayah": 36,
    "time": 200616
  },
  {
    "ayah": 37,
    "time": 209072
  },
  {
    "ayah": 38,
    "time": 221392
  },
  {
    "ayah": 39,
    "time": 238161
  },
  {
    "ayah": 40,
    "time": 250080
  },
  {
    "ayah": 999,
    "time": 280223
  }
]