[
  {
    "ayah": 1,
    "time": 3719
  },
  {
    "ayah": 2,
    "time": 7532
  },
  {
    "ayah": 3,
    "time": 13281
  },
  {
    "ayah": 4,
    "time": 28469
  },
  {
    "ayah": 5,
    "time": 55093
  },
  {
    "ayah": 6,
    "time": 70158
  },
  {
    "ayah": 7,
    "time": 79971
  },
  {
    "ayah": 8,
    "time": 96096
  },
  {
    "ayah": 9,
    "time": 116367
  },
  {
    "ayah": 10,
    "time": 133245
  },
  {
    "ayah": 11,
    "time": 155869
  },
  {
    "ayah": 12,
    "time": 171496
  },
  {
    "ayah": 13,
    "time": 194248
  },
  {
    "ayah": 14,
    "time": 204560
  },
  {
    "ayah": 15,
    "time": 218245
  },
  {
    "ayah": 16,
    "time": 261062
  },
  {
    "ayah": 17,
    "time": 278875
  },
  {
    "ayah": 18,
    "time": 301561
  },
  {
    "ayah": 19,
    "time": 320313
  },
  {
    "ayah": 20,
    "time": 331252
  },
  {
    "ayah": 21,
    "time": 366315
  },
  {
    "ayah": 22,
    "time": 390503
  },
  {
    "ayah": 23,
    "time": 400815
  },
  {
    "ayah": 24,
    "time": 417127
  },
  {
    "ayah": 25,
    "time": 434378
  },
  {
    "ayah": 26,
    "time": 447818
  },
  {
    "ayah": 27,
    "time": 478756
  },
  {
    "ayah": 28,
    "time": 487256
  },
  {
    "ayah": 29,
    "time": 500631
  },
  {
    "ayah": 30,
    "time": 517133
  },
  {
    "ayah": 31,
    "time": 535071
  },
  {
    "ayah": 32,
    "time": 555445
  },
  {
    "ayah": 33,
    "time": 571321
  },
  {
    "ayah": 34,
    "time": 588011
  },
  {
    "ayah": 35,
    "time": 605446
  },
  {
    "ayah": 999,
    "time": 632635
  }
]