[
  {
    "ayah": 1,
    "time": 3896
  },
  {
    "ayah": 2,
    "time": 7552
  },
  {
    "ayah": 3,
    "time": 11106
  },
  {
    "ayah": 4,
    "time": 14711
  },
  {
    "ayah": 5,
    "time": 18467
  },
  {
    "ayah": 6,
    "time": 22021
  },
  {
    "ayah": 7,
    "time": 28838
  },
  {
    "ayah": 8,
    "time": 34736
  },
  {
    "ayah": 9,
    "time": 40246
  },
  {
    "ayah": 10,
    "time": 46254
  },
  {
    "ayah": 11,
    "time": 50260
  },
  {
    "ayah": 999,
    "time": 57420
  }
]