[
  {
    "ayah": 1,
    "time": 6791
  },
  {
    "ayah": 2,
    "time": 37402
  },
  {
    "ayah": 3,
    "time": 56635
  },
  {
    "ayah": 4,
    "time": 84385
  },
  {
    "ayah": 5,
    "time": 98517
  },
  {
    "ayah": 6,
    "time": 119389
  },
  {
    "ayah": 7,
    "time": 137115
  },
  {
    "ayah": 8,
    "time": 157191
  },
  {
    "ayah": 9,
    "time": 192139
  },
  {
    "ayah": 10,
    "time": 217635
  },
  {
    "ayah": 11,
    "time": 249507
  },
  {
    "ayah": 12,
    "time": 292810
  },
  {
    "ayah": 13,
    "time": 333663
  },
  {
    "ayah": 14,
    "time": 365267
  },
  {
    "ayah": 15,
    "time": 386783
  },
  {
    "ayah": 16,
    "time": 401583
  },
  {
    "ayah": 17,
    "time": 410196
  },
  {
    "ayah": 18,
    "time": 415987
  },
  {
    "ayah": 19,
    "time": 456815
  },
  {
    "ayah": 20,
    "time": 463402
  },
  {
    "ayah": 21,
    "time": 469632
  },
  {
    "ayah": 22,
    "time": 474951
  },
  {
    "ayah": 23,
    "time": 500958
  },
  {
    "ayah": 24,
    "time": 506684
  },
  {
    "ayah": 25,
    "time": 524656
  },
  {
    "ayah": 26,
    "time": 552474
  },
  {
    "ayah": 27,
    "time": 562737
  },
  {
    "ayah": 28,
    "time": 593209
  },
  {
    "ayah": 29,
    "time": 620848
  },
  {
    "ayah": 30,
    "time": 643064
  },
  {
    "ayah": 31,
    "time": 657535
  },
  {
    "ayah": 32,
    "time": 679480
  },
  {
    "ayah": 33,
    "time": 707769
  },
  {
    "ayah": 34,
    "time": 726080
  },
  {
    "ayah": 35,
    "time": 743017
  },
  {
    "ayah": 36,
    "time": 761021
  },
  {
    "ayah": 37,
    "time": 781762
  },
  {
    "ayah": 38,
    "time": 818907
  },
  {
    "ayah": 39,
    "time": 833535
  },
  {
    "ayah": 40,
    "time": 861035
  },
  {
    "ayah": 41,
    "time": 897104
  },
  {
    "ayah": 42,
    "time": 922786
  },
  {
    "ayah": 43,
    "time": 949178
  },
  {
    "ayah": 44,
    "time": 983290
  },
  {
    "ayah": 45,
    "time": 1018266
  }
]