[
  {
    "ayah": 1,
    "time": 4106
  },
  {
    "ayah": 2,
    "time": 8011
  },
  {
    "ayah": 3,
    "time": 15219
  },
  {
    "ayah": 4,
    "time": 21479
  },
  {
    "ayah": 5,
    "time": 30641
  },
  {
    "ayah": 6,
    "time": 33548
  },
  {
    "ayah": 7,
    "time": 40054
  },
  {
    "ayah": 8,
    "time": 48424
  },
  {
    "ayah": 9,
    "time": 53972
  },
  {
    "ayah": 10,
    "time": 57527
  },
  {
    "ayah": 11,
    "time": 63784
  },
  {
    "ayah": 12,
    "time": 69345
  },
  {
    "ayah": 13,
    "time": 77653
  },
  {
    "ayah": 14,
    "time": 87419
  },
  {
    "ayah": 15,
    "time": 96982
  },
  {
    "ayah": 16,
    "time": 106644
  },
  {
    "ayah": 17,
    "time": 112802
  },
  {
    "ayah": 18,
    "time": 122115
  },
  {
    "ayah": 19,
    "time": 131539
  },
  {
    "ayah": 20,
    "time": 137598
  },
  {
    "ayah": 21,
    "time": 141404
  },
  {
    "ayah": 22,
    "time": 145161
  },
  {
    "ayah": 23,
    "time": 150666
  },
  {
    "ayah": 24,
    "time": 156674
  },
  {
    "ayah": 25,
    "time": 163082
  },
  {
    "ayah": 26,
    "time": 169040
  },
  {
    "ayah": 27,
    "time": 178150
  },
  {
    "ayah": 28,
    "time": 183760
  },
  {
    "ayah": 29,
    "time": 189068
  },
  {
    "ayah": 30,
    "time": 198581
  },
  {
    "ayah": 31,
    "time": 203690
  },
  {
    "ayah": 32,
    "time": 213801
  },
  {
    "ayah": 33,
    "time": 227921
  },
  {
    "ayah": 34,
    "time": 234177
  },
  {
    "ayah": 35,
    "time": 241839
  },
  {
    "ayah": 36,
    "time": 247847
  },
  {
    "ayah": 999,
    "time": 253956
  }
]