[
  {
    "ayah": 1,
    "time": 6043
  },
  {
    "ayah": 2,
    "time": 8982
  },
  {
    "ayah": 3,
    "time": 13724
  },
  {
    "ayah": 4,
    "time": 17172
  },
  {
    "ayah": 5,
    "time": 20570
  },
  {
    "ayah": 6,
    "time": 23718
  },
  {
    "ayah": 7,
    "time": 26999
  },
  {
    "ayah": 8,
    "time": 31170
  },
  {
    "ayah": 9,
    "time": 34687
  },
  {
    "ayah": 10,
    "time": 39224
  },
  {
    "ayah": 11,
    "time": 42100
  },
  {
    "ayah": 12,
    "time": 47123
  },
  {
    "ayah": 13,
    "time": 50553
  },
  {
    "ayah": 14,
    "time": 54784
  },
  {
    "ayah": 15,
    "time": 60592
  },
  {
    "ayah": 16,
    "time": 66687
  },
  {
    "ayah": 17,
    "time": 70419
  },
  {
    "ayah": 18,
    "time": 73559
  },
  {
    "ayah": 19,
    "time": 76888
  },
  {
    "ayah": 20,
    "time": 84831
  },
  {
    "ayah": 21,
    "time": 91949
  },
  {
    "ayah": 22,
    "time": 98479
  },
  {
    "ayah": 23,
    "time": 104487
  },
  {
    "ayah": 24,
    "time": 111018
  },
  {
    "ayah": 25,
    "time": 116599
  },
  {
    "ayah": 26,
    "time": 123129
  },
  {
    "ayah": 27,
    "time": 126278
  },
  {
    "ayah": 28,
    "time": 132970
  },
  {
    "ayah": 29,
    "time": 142003
  }
]