[
  {
    "ayah": 1,
    "time": 6883
  },
  {
    "ayah": 2,
    "time": 24652
  },
  {
    "ayah": 3,
    "time": 37344
  },
  {
    "ayah": 4,
    "time": 45078
  },
  {
    "ayah": 5,
    "time": 84420
  },
  {
    "ayah": 6,
    "time": 123548
  },
  {
    "ayah": 7,
    "time": 169630
  },
  {
    "ayah": 8,
    "time": 190535
  },
  {
    "ayah": 9,
    "time": 202363
  },
  {
    "ayah": 10,
    "time": 228212
  },
  {
    "ayah": 11,
    "time": 254615
  },
  {
    "ayah": 12,
    "time": 262935
  },
  {
    "ayah": 13,
    "time": 278843
  },
  {
    "ayah": 14,
    "time": 310382
  },
  {
    "ayah": 15,
    "time": 325429
  },
  {
    "ayah": 16,
    "time": 338864
  },
  {
    "ayah": 17,
    "time": 353325
  },
  {
    "ayah": 18,
    "time": 376374
  },
  {
    "ayah": 19,
    "time": 394189
  },
  {
    "ayah": 20,
    "time": 436871
  },
  {
    "ayah": 21,
    "time": 465260
  },
  {
    "ayah": 22,
    "time": 485515
  },
  {
    "ayah": 23,
    "time": 507056
  },
  {
    "ayah": 24,
    "time": 528650
  },
  {
    "ayah": 25,
    "time": 548008
  },
  {
    "ayah": 26,
    "time": 565105
  },
  {
    "ayah": 27,
    "time": 588604
  },
  {
    "ayah": 28,
    "time": 604479
  },
  {
    "ayah": 29,
    "time": 632272
  },
  {
    "ayah": 30,
    "time": 650541
  },
  {
    "ayah": 31,
    "time": 672667
  },
  {
    "ayah": 32,
    "time": 700238
  },
  {
    "ayah": 33,
    "time": 726491
  },
  {
    "ayah": 34,
    "time": 759742
  },
  {
    "ayah": 35,
    "time": 774796
  },
  {
    "ayah": 36,
    "time": 830106
  },
  {
    "ayah": 37,
    "time": 854626
  },
  {
    "ayah": 38,
    "time": 922971
  },
  {
    "ayah": 39,
    "time": 943173
  },
  {
    "ayah": 40,
    "time": 958777
  },
  {
    "ayah": 41,
    "time": 983490
  },
  {
    "ayah": 42,
    "time": 992663
  },
  {
    "ayah": 43,
    "time": 997740
  },
  {
    "ayah": 44,
    "time": 1015998
  },
  {
    "ayah": 45,
    "time": 1026665
  },
  {
    "ayah": 46,
    "time": 1041386
  },
  {
    "ayah": 47,
    "time": 1048491
  },
  {
    "ayah": 48,
    "time": 1062052
  },
  {
    "ayah": 49,
    "time": 1076913
  },
  {
    "ayah": 50,
    "time": 1119730
  },
  {
    "ayah": 51,
    "time": 1206805
  },
  {
    "ayah": 52,
    "time": 1251223
  },
  {
    "ayah": 53,
    "time": 1277940
  },
  {
    "ayah": 54,
    "time": 1367155
  },
  {
    "ayah": 55,
    "time": 1377672
  },
  {
    "ayah": 56,
    "time": 1432889
  },
  {
    "ayah": 57,
    "time": 1452897
  },
  {
    "ayah": 58,
    "time": 1468515
  },
  {
    "ayah": 59,
    "time": 1486513
  },
  {
    "ayah": 60,
    "time": 1518085
  },
  {
    "ayah": 61,
    "time": 1544284
  },
  {
    "ayah": 62,
    "time": 1554593
  },
  {
    "ayah": 63,
    "time": 1567125
  },
  {
    "ayah": 64,
    "time": 1585165
  },
  {
    "ayah": 65,
    "time": 1592735
  },
  {
    "ayah": 66,
    "time": 1602773
  },
  {
    "ayah": 67,
    "time": 1616891
  },
  {
    "ayah": 68,
    "time": 1632355
  },
  {
    "ayah": 69,
    "time": 1648184
  },
  {
    "ayah": 70,
    "time": 1666753
  },
  {
    "ayah": 71,
    "time": 1677023
  },
  {
    "ayah": 72,
    "time": 1691420
  },
  {
    "ayah": 73,
    "time": 1720391
  }
]