[
  {
    "ayah": 1,
    "time": 3971
  },
  {
    "ayah": 2,
    "time": 16288
  },
  {
    "ayah": 3,
    "time": 31861
  },
  {
    "ayah": 4,
    "time": 42975
  },
  {
    "ayah": 5,
    "time": 55092
  },
  {
    "ayah": 6,
    "time": 66111
  },
  {
    "ayah": 7,
    "time": 75720
  },
  {
    "ayah": 8,
    "time": 86335
  },
  {
    "ayah": 9,
    "time": 98651
  },
  {
    "ayah": 10,
    "time": 112918
  },
  {
    "ayah": 11,
    "time": 123085
  },
  {
    "ayah": 12,
    "time": 133999
  },
  {
    "ayah": 13,
    "time": 142259
  },
  {
    "ayah": 14,
    "time": 156032
  },
  {
    "ayah": 15,
    "time": 165792
  },
  {
    "ayah": 16,
    "time": 179264
  },
  {
    "ayah": 17,
    "time": 187422
  },
  {
    "ayah": 18,
    "time": 196835
  },
  {
    "ayah": 19,
    "time": 203343
  },
  {
    "ayah": 20,
    "time": 217116
  },
  {
    "ayah": 21,
    "time": 226674
  },
  {
    "ayah": 22,
    "time": 248215
  },
  {
    "ayah": 23,
    "time": 260081
  },
  {
    "ayah": 24,
    "time": 268892
  },
  {
    "ayah": 25,
    "time": 277706
  },
  {
    "ayah": 26,
    "time": 285015
  },
  {
    "ayah": 27,
    "time": 293777
  },
  {
    "ayah": 28,
    "time": 308845
  },
  {
    "ayah": 29,
    "time": 323418
  },
  {
    "ayah": 30,
    "time": 336437
  },
  {
    "ayah": 31,
    "time": 353355
  },
  {
    "ayah": 999,
    "time": 366434
  }
]