[
  {
    "ayah": 1,
    "time": 6787
  },
  {
    "ayah": 2,
    "time": 11277
  },
  {
    "ayah": 3,
    "time": 15882
  },
  {
    "ayah": 4,
    "time": 32825
  },
  {
    "ayah": 5,
    "time": 38452
  },
  {
    "ayah": 6,
    "time": 48769
  },
  {
    "ayah": 7,
    "time": 57949
  },
  {
    "ayah": 8,
    "time": 71278
  },
  {
    "ayah": 9,
    "time": 87771
  },
  {
    "ayah": 10,
    "time": 93940
  },
  {
    "ayah": 11,
    "time": 103753
  },
  {
    "ayah": 12,
    "time": 113213
  },
  {
    "ayah": 13,
    "time": 122004
  },
  {
    "ayah": 14,
    "time": 132871
  },
  {
    "ayah": 15,
    "time": 141820
  },
  {
    "ayah": 16,
    "time": 153894
  },
  {
    "ayah": 17,
    "time": 165226
  },
  {
    "ayah": 18,
    "time": 178461
  },
  {
    "ayah": 19,
    "time": 192579
  },
  {
    "ayah": 20,
    "time": 207672
  },
  {
    "ayah": 21,
    "time": 217106
  },
  {
    "ayah": 22,
    "time": 223801
  },
  {
    "ayah": 23,
    "time": 238594
  },
  {
    "ayah": 24,
    "time": 247299
  },
  {
    "ayah": 25,
    "time": 257323
  },
  {
    "ayah": 26,
    "time": 266000
  },
  {
    "ayah": 27,
    "time": 273445
  },
  {
    "ayah": 28,
    "time": 280364
  },
  {
    "ayah": 29,
    "time": 287827
  },
  {
    "ayah": 30,
    "time": 300837
  },
  {
    "ayah": 31,
    "time": 312433
  },
  {
    "ayah": 32,
    "time": 324986
  },
  {
    "ayah": 33,
    "time": 333059
  },
  {
    "ayah": 34,
    "time": 344816
  },
  {
    "ayah": 35,
    "time": 354375
  },
  {
    "ayah": 36,
    "time": 363763
  },
  {
    "ayah": 37,
    "time": 374809
  },
  {
    "ayah": 38,
    "time": 390234
  },
  {
    "ayah": 39,
    "time": 399204
  },
  {
    "ayah": 40,
    "time": 411032
  },
  {
    "ayah": 41,
    "time": 419252
  },
  {
    "ayah": 42,
    "time": 431744
  },
  {
    "ayah": 43,
    "time": 443122
  },
  {
    "ayah": 44,
    "time": 449545
  },
  {
    "ayah": 45,
    "time": 453796
  },
  {
    "ayah": 46,
    "time": 459808
  },
  {
    "ayah": 47,
    "time": 464352
  },
  {
    "ayah": 48,
    "time": 473129
  },
  {
    "ayah": 49,
    "time": 481853
  },
  {
    "ayah": 50,
    "time": 489808
  },
  {
    "ayah": 51,
    "time": 498664
  },
  {
    "ayah": 52,
    "time": 506087
  },
  {
    "ayah": 53,
    "time": 512835
  },
  {
    "ayah": 54,
    "time": 523742
  },
  {
    "ayah": 55,
    "time": 531497
  },
  {
    "ayah": 56,
    "time": 538895
  },
  {
    "ayah": 57,
    "time": 550491
  },
  {
    "ayah": 58,
    "time": 559036
  },
  {
    "ayah": 59,
    "time": 568742
  }
]