[
  {
    "ayah": 1,
    "time": 4122
  },
  {
    "ayah": 2,
    "time": 8581
  },
  {
    "ayah": 3,
    "time": 12378
  },
  {
    "ayah": 4,
    "time": 22398
  },
  {
    "ayah": 5,
    "time": 33107
  },
  {
    "ayah": 6,
    "time": 45033
  },
  {
    "ayah": 7,
    "time": 52644
  },
  {
    "ayah": 8,
    "time": 63408
  },
  {
    "ayah": 9,
    "time": 75527
  },
  {
    "ayah": 10,
    "time": 91444
  },
  {
    "ayah": 11,
    "time": 105970
  },
  {
    "ayah": 12,
    "time": 126159
  },
  {
    "ayah": 13,
    "time": 139979
  },
  {
    "ayah": 14,
    "time": 165222
  },
  {
    "ayah": 15,
    "time": 174437
  },
  {
    "ayah": 16,
    "time": 188757
  },
  {
    "ayah": 17,
    "time": 200569
  },
  {
    "ayah": 18,
    "time": 216692
  },
  {
    "ayah": 19,
    "time": 226505
  },
  {
    "ayah": 20,
    "time": 247733
  },
  {
    "ayah": 21,
    "time": 266158
  },
  {
    "ayah": 22,
    "time": 278275
  },
  {
    "ayah": 23,
    "time": 301358
  },
  {
    "ayah": 24,
    "time": 342763
  },
  {
    "ayah": 25,
    "time": 367474
  },
  {
    "ayah": 26,
    "time": 379933
  },
  {
    "ayah": 27,
    "time": 396767
  },
  {
    "ayah": 28,
    "time": 405231
  },
  {
    "ayah": 29,
    "time": 417807
  },
  {
    "ayah": 30,
    "time": 436192
  },
  {
    "ayah": 31,
    "time": 450961
  },
  {
    "ayah": 32,
    "time": 464429
  },
  {
    "ayah": 33,
    "time": 504207
  },
  {
    "ayah": 34,
    "time": 535849
  },
  {
    "ayah": 35,
    "time": 545810
  },
  {
    "ayah": 36,
    "time": 565938
  },
  {
    "ayah": 37,
    "time": 579657
  },
  {
    "ayah": 38,
    "time": 593527
  },
  {
    "ayah": 39,
    "time": 609659
  },
  {
    "ayah": 40,
    "time": 623226
  },
  {
    "ayah": 41,
    "time": 637195
  },
  {
    "ayah": 42,
    "time": 649362
  },
  {
    "ayah": 43,
    "time": 661534
  },
  {
    "ayah": 44,
    "time": 676348
  },
  {
    "ayah": 45,
    "time": 686562
  },
  {
    "ayah": 46,
    "time": 704847
  },
  {
    "ayah": 47,
    "time": 723024
  },
  {
    "ayah": 48,
    "time": 736542
  },
  {
    "ayah": 49,
    "time": 754979
  },
  {
    "ayah": 50,
    "time": 771148
  },
  {
    "ayah": 51,
    "time": 781915
  },
  {
    "ayah": 52,
    "time": 802592
  },
  {
    "ayah": 53,
    "time": 813656
  },
  {
    "ayah": 54,
    "time": 831891
  },
  {
    "ayah": 55,
    "time": 845056
  },
  {
    "ayah": 56,
    "time": 858876
  },
  {
    "ayah": 57,
    "time": 867086
  },
  {
    "ayah": 58,
    "time": 877912
  },
  {
    "ayah": 59,
    "time": 896067
  },
  {
    "ayah": 60,
    "time": 912044
  },
  {
    "ayah": 61,
    "time": 925417
  },
  {
    "ayah": 62,
    "time": 943156
  },
  {
    "ayah": 63,
    "time": 956373
  },
  {
    "ayah": 64,
    "time": 989868
  },
  {
    "ayah": 65,
    "time": 1003440
  },
  {
    "ayah": 66,
    "time": 1018858
  },
  {
    "ayah": 67,
    "time": 1033880
  },
  {
    "ayah": 68,
    "time": 1046949
  },
  {
    "ayah": 69,
    "time": 1059125
  },
  {
    "ayah": 70,
    "time": 1067993
  },
  {
    "ayah": 71,
    "time": 1077400
  },
  {
    "ayah": 72,
    "time": 1103836
  },
  {
    "ayah": 73,
    "time": 1116952
  },
  {
    "ayah": 74,
    "time": 1127319
  },
  {
    "ayah": 75,
    "time": 1136981
  },
  {
    "ayah": 76,
    "time": 1144492
  },
  {
    "ayah": 77,
    "time": 1153753
  },
  {
    "ayah": 78,
    "time": 1168122
  },
  {
    "ayah": 79,
    "time": 1180238
  },
  {
    "ayah": 80,
    "time": 1189851
  },
  {
    "ayah": 81,
    "time": 1205925
  },
  {
    "ayah": 82,
    "time": 1217039
  },
  {
    "ayah": 83,
    "time": 1229408
  },
  {
    "ayah": 84,
    "time": 1241372
  },
  {
    "ayah": 85,
    "time": 1255440
  },
  {
    "ayah": 86,
    "time": 1274270
  },
  {
    "ayah": 87,
    "time": 1291039
  },
  {
    "ayah": 88,
    "time": 1306413
  },
  {
    "ayah": 89,
    "time": 1319229
  },
  {
    "ayah": 999,
    "time": 1327077
  }
]