[
  {
    "ayah": 1,
    "time": 5472
  },
  {
    "ayah": 2,
    "time": 57485
  },
  {
    "ayah": 3,
    "time": 91393
  },
  {
    "ayah": 4,
    "time": 110194
  },
  {
    "ayah": 5,
    "time": 142927
  },
  {
    "ayah": 6,
    "time": 159792
  },
  {
    "ayah": 7,
    "time": 206557
  },
  {
    "ayah": 8,
    "time": 237533
  },
  {
    "ayah": 9,
    "time": 259591
  },
  {
    "ayah": 10,
    "time": 266365
  },
  {
    "ayah": 11,
    "time": 284762
  },
  {
    "ayah": 12,
    "time": 331588
  }
]