[
  {
    "ayah": 1,
    "time": 6100
  },
  {
    "ayah": 2,
    "time": 24000
  },
  {
    "ayah": 3,
    "time": 34313
  },
  {
    "ayah": 4,
    "time": 49378
  },
  {
    "ayah": 5,
    "time": 65838
  },
  {
    "ayah": 6,
    "time": 85776
  },
  {
    "ayah": 7,
    "time": 113251
  },
  {
    "ayah": 8,
    "time": 124500
  },
  {
    "ayah": 9,
    "time": 134190
  },
  {
    "ayah": 10,
    "time": 165941
  },
  {
    "ayah": 11,
    "time": 199938
  },
  {
    "ayah": 12,
    "time": 223251
  },
  {
    "ayah": 13,
    "time": 243003
  },
  {
    "ayah": 14,
    "time": 258313
  },
  {
    "ayah": 15,
    "time": 267816
  },
  {
    "ayah": 16,
    "time": 273051
  },
  {
    "ayah": 17,
    "time": 282800
  },
  {
    "ayah": 18,
    "time": 298427
  },
  {
    "ayah": 19,
    "time": 318628
  },
  {
    "ayah": 20,
    "time": 330251
  },
  {
    "ayah": 21,
    "time": 334377
  },
  {
    "ayah": 22,
    "time": 363690
  },
  {
    "ayah": 23,
    "time": 400151
  },
  {
    "ayah": 24,
    "time": 420627
  },
  {
    "ayah": 25,
    "time": 437114
  },
  {
    "ayah": 26,
    "time": 447940
  },
  {
    "ayah": 27,
    "time": 458253
  },
  {
    "ayah": 28,
    "time": 474204
  },
  {
    "ayah": 29,
    "time": 483000
  },
  {
    "ayah": 30,
    "time": 487880
  },
  {
    "ayah": 31,
    "time": 500566
  },
  {
    "ayah": 32,
    "time": 518814
  },
  {
    "ayah": 33,
    "time": 538314
  },
  {
    "ayah": 34,
    "time": 547452
  },
  {
    "ayah": 35,
    "time": 566739
  },
  {
    "ayah": 36,
    "time": 576350
  },
  {
    "ayah": 37,
    "time": 589439
  },
  {
    "ayah": 38,
    "time": 611791
  },
  {
    "ayah": 39,
    "time": 623952
  },
  {
    "ayah": 40,
    "time": 635740
  },
  {
    "ayah": 41,
    "time": 645504
  },
  {
    "ayah": 42,
    "time": 653379
  },
  {
    "ayah": 43,
    "time": 666004
  },
  {
    "ayah": 44,
    "time": 675004
  },
  {
    "ayah": 45,
    "time": 698567
  },
  {
    "ayah": 46,
    "time": 710900
  },
  {
    "ayah": 47,
    "time": 723552
  },
  {
    "ayah": 48,
    "time": 733867
  },
  {
    "ayah": 49,
    "time": 745128
  },
  {
    "ayah": 50,
    "time": 752315
  },
  {
    "ayah": 51,
    "time": 760379
  },
  {
    "ayah": 52,
    "time": 768939
  },
  {
    "ayah": 999,
    "time": 786194
  }
]