[
  {
    "ayah": 1,
    "time": 6833
  },
  {
    "ayah": 2,
    "time": 10116
  },
  {
    "ayah": 3,
    "time": 13367
  },
  {
    "ayah": 4,
    "time": 16725
  },
  {
    "ayah": 5,
    "time": 20162
  },
  {
    "ayah": 6,
    "time": 24945
  },
  {
    "ayah": 7,
    "time": 28892
  },
  {
    "ayah": 8,
    "time": 33536
  },
  {
    "ayah": 9,
    "time": 39141
  },
  {
    "ayah": 10,
    "time": 42353
  },
  {
    "ayah": 11,
    "time": 47375
  },
  {
    "ayah": 12,
    "time": 54713
  },
  {
    "ayah": 13,
    "time": 61075
  },
  {
    "ayah": 14,
    "time": 67237
  },
  {
    "ayah": 15,
    "time": 78444
  },
  {
    "ayah": 16,
    "time": 87592
  },
  {
    "ayah": 17,
    "time": 100781
  },
  {
    "ayah": 18,
    "time": 108212
  },
  {
    "ayah": 19,
    "time": 114388
  },
  {
    "ayah": 20,
    "time": 124776
  },
  {
    "ayah": 21,
    "time": 130821
  },
  {
    "ayah": 22,
    "time": 139459
  },
  {
    "ayah": 23,
    "time": 147346
  },
  {
    "ayah": 24,
    "time": 164125
  },
  {
    "ayah": 25,
    "time": 171370
  },
  {
    "ayah": 26,
    "time": 184320
  },
  {
    "ayah": 27,
    "time": 194683
  },
  {
    "ayah": 28,
    "time": 203321
  },
  {
    "ayah": 29,
    "time": 214513
  },
  {
    "ayah": 30,
    "time": 226301
  },
  {
    "ayah": 31,
    "time": 236218
  },
  {
    "ayah": 32,
    "time": 242820
  },
  {
    "ayah": 33,
    "time": 255930
  },
  {
    "ayah": 34,
    "time": 263971
  },
  {
    "ayah": 35,
    "time": 271023
  },
  {
    "ayah": 36,
    "time": 279203
  },
  {
    "ayah": 37,
    "time": 287516
  },
  {
    "ayah": 38,
    "time": 299544
  },
  {
    "ayah": 39,
    "time": 311061
  },
  {
    "ayah": 40,
    "time": 318770
  },
  {
    "ayah": 41,
    "time": 328523
  },
  {
    "ayah": 42,
    "time": 336821
  },
  {
    "ayah": 43,
    "time": 346434
  },
  {
    "ayah": 44,
    "time": 354886
  },
  {
    "ayah": 45,
    "time": 365257
  },
  {
    "ayah": 46,
    "time": 375280
  },
  {
    "ayah": 47,
    "time": 388005
  },
  {
    "ayah": 48,
    "time": 399297
  },
  {
    "ayah": 49,
    "time": 406170
  },
  {
    "ayah": 50,
    "time": 416194
  },
  {
    "ayah": 51,
    "time": 431466
  },
  {
    "ayah": 52,
    "time": 444794
  },
  {
    "ayah": 53,
    "time": 459987
  },
  {
    "ayah": 54,
    "time": 468167
  },
  {
    "ayah": 55,
    "time": 477130
  },
  {
    "ayah": 56,
    "time": 486504
  },
  {
    "ayah": 57,
    "time": 496110
  },
  {
    "ayah": 58,
    "time": 510149
  },
  {
    "ayah": 59,
    "time": 518540
  },
  {
    "ayah": 60,
    "time": 531883
  }
]