[
  {
    "ayah": 1,
    "time": 3768
  },
  {
    "ayah": 2,
    "time": 6611
  },
  {
    "ayah": 3,
    "time": 9309
  },
  {
    "ayah": 4,
    "time": 12678
  },
  {
    "ayah": 5,
    "time": 18274
  },
  {
    "ayah": 6,
    "time": 22986
  },
  {
    "ayah": 7,
    "time": 29337
  },
  {
    "ayah": 8,
    "time": 34022
  },
  {
    "ayah": 9,
    "time": 38964
  },
  {
    "ayah": 10,
    "time": 46649
  },
  {
    "ayah": 11,
    "time": 52898
  },
  {
    "ayah": 12,
    "time": 59199
  },
  {
    "ayah": 13,
    "time": 64209
  },
  {
    "ayah": 14,
    "time": 70095
  },
  {
    "ayah": 15,
    "time": 77533
  },
  {
    "ayah": 16,
    "time": 88281
  },
  {
    "ayah": 17,
    "time": 94783
  },
  {
    "ayah": 18,
    "time": 104971
  },
  {
    "ayah": 19,
    "time": 114285
  },
  {
    "ayah": 20,
    "time": 126411
  },
  {
    "ayah": 999,
    "time": 203666
  }
]