[
  {
    "ayah": 1,
    "time": 3631
  },
  {
    "ayah": 2,
    "time": 10444
  },
  {
    "ayah": 3,
    "time": 27254
  },
  {
    "ayah": 4,
    "time": 40944
  },
  {
    "ayah": 5,
    "time": 79384
  },
  {
    "ayah": 6,
    "time": 82631
  },
  {
    "ayah": 7,
    "time": 87320
  },
  {
    "ayah": 8,
    "time": 97570
  },
  {
    "ayah": 9,
    "time": 103219
  },
  {
    "ayah": 10,
    "time": 110469
  },
  {
    "ayah": 11,
    "time": 124472
  },
  {
    "ayah": 12,
    "time": 133782
  },
  {
    "ayah": 13,
    "time": 157969
  },
  {
    "ayah": 14,
    "time": 171410
  },
  {
    "ayah": 15,
    "time": 188097
  },
  {
    "ayah": 16,
    "time": 229535
  },
  {
    "ayah": 17,
    "time": 249287
  },
  {
    "ayah": 18,
    "time": 255413
  },
  {
    "ayah": 19,
    "time": 271974
  },
  {
    "ayah": 20,
    "time": 293351
  },
  {
    "ayah": 21,
    "time": 320475
  },
  {
    "ayah": 22,
    "time": 331037
  },
  {
    "ayah": 23,
    "time": 340228
  },
  {
    "ayah": 24,
    "time": 348854
  },
  {
    "ayah": 25,
    "time": 359979
  },
  {
    "ayah": 26,
    "time": 374040
  },
  {
    "ayah": 27,
    "time": 386040
  },
  {
    "ayah": 28,
    "time": 394731
  },
  {
    "ayah": 29,
    "time": 408044
  },
  {
    "ayah": 30,
    "time": 416230
  },
  {
    "ayah": 31,
    "time": 430979
  },
  {
    "ayah": 32,
    "time": 440167
  },
  {
    "ayah": 33,
    "time": 463417
  },
  {
    "ayah": 34,
    "time": 472981
  },
  {
    "ayah": 35,
    "time": 487794
  },
  {
    "ayah": 36,
    "time": 499606
  },
  {
    "ayah": 37,
    "time": 512294
  },
  {
    "ayah": 38,
    "time": 518794
  },
  {
    "ayah": 999,
    "time": 554111
  }
]