[
  {
    "ayah": 1,
    "time": 3763
  },
  {
    "ayah": 2,
    "time": 15226
  },
  {
    "ayah": 3,
    "time": 21837
  },
  {
    "ayah": 4,
    "time": 30653
  },
  {
    "ayah": 5,
    "time": 40861
  },
  {
    "ayah": 6,
    "time": 48523
  },
  {
    "ayah": 7,
    "time": 58484
  },
  {
    "ayah": 8,
    "time": 68448
  },
  {
    "ayah": 9,
    "time": 80167
  },
  {
    "ayah": 10,
    "time": 88777
  },
  {
    "ayah": 11,
    "time": 96489
  },
  {
    "ayah": 12,
    "time": 104950
  },
  {
    "ayah": 13,
    "time": 110508
  },
  {
    "ayah": 14,
    "time": 117115
  },
  {
    "ayah": 15,
    "time": 127479
  },
  {
    "ayah": 16,
    "time": 137995
  },
  {
    "ayah": 17,
    "time": 149058
  },
  {
    "ayah": 18,
    "time": 154969
  },
  {
    "ayah": 19,
    "time": 162227
  },
  {
    "ayah": 20,
    "time": 175095
  },
  {
    "ayah": 21,
    "time": 182806
  },
  {
    "ayah": 22,
    "time": 198578
  },
  {
    "ayah": 23,
    "time": 216450
  },
  {
    "ayah": 24,
    "time": 225114
  },
  {
    "ayah": 25,
    "time": 234527
  },
  {
    "ayah": 26,
    "time": 243442
  },
  {
    "ayah": 27,
    "time": 253451
  },
  {
    "ayah": 28,
    "time": 264265
  },
  {
    "ayah": 29,
    "time": 279736
  },
  {
    "ayah": 30,
    "time": 288351
  },
  {
    "ayah": 31,
    "time": 294606
  },
  {
    "ayah": 32,
    "time": 303769
  },
  {
    "ayah": 33,
    "time": 311881
  },
  {
    "ayah": 34,
    "time": 323848
  },
  {
    "ayah": 35,
    "time": 329607
  },
  {
    "ayah": 36,
    "time": 336014
  },
  {
    "ayah": 37,
    "time": 343725
  },
  {
    "ayah": 38,
    "time": 349732
  },
  {
    "ayah": 39,
    "time": 354090
  },
  {
    "ayah": 40,
    "time": 367008
  },
  {
    "ayah": 41,
    "time": 372214
  },
  {
    "ayah": 42,
    "time": 377925
  },
  {
    "ayah": 43,
    "time": 388339
  },
  {
    "ayah": 44,
    "time": 396498
  },
  {
    "ayah": 45,
    "time": 405658
  },
  {
    "ayah": 46,
    "time": 413621
  },
  {
    "ayah": 47,
    "time": 418628
  },
  {
    "ayah": 48,
    "time": 429239
  },
  {
    "ayah": 49,
    "time": 437403
  },
  {
    "ayah": 50,
    "time": 446216
  },
  {
    "ayah": 51,
    "time": 452123
  },
  {
    "ayah": 52,
    "time": 457831
  },
  {
    "ayah": 53,
    "time": 468395
  },
  {
    "ayah": 54,
    "time": 476757
  },
  {
    "ayah": 55,
    "time": 486620
  },
  {
    "ayah": 56,
    "time": 494531
  },
  {
    "ayah": 57,
    "time": 505545
  },
  {
    "ayah": 58,
    "time": 511103
  },
  {
    "ayah": 59,
    "time": 521918
  },
  {
    "ayah": 60,
    "time": 530435
  },
  {
    "ayah": 61,
    "time": 538842
  },
  {
    "ayah": 62,
    "time": 546151
  },
  {
    "ayah": 63,
    "time": 552863
  },
  {
    "ayah": 64,
    "time": 559270
  },
  {
    "ayah": 65,
    "time": 565677
  },
  {
    "ayah": 66,
    "time": 579896
  },
  {
    "ayah": 67,
    "time": 594216
  },
  {
    "ayah": 68,
    "time": 600825
  },
  {
    "ayah": 69,
    "time": 609538
  },
  {
    "ayah": 70,
    "time": 613793
  },
  {
    "ayah": 71,
    "time": 620152
  },
  {
    "ayah": 72,
    "time": 631217
  },
  {
    "ayah": 73,
    "time": 637625
  },
  {
    "ayah": 74,
    "time": 642080
  },
  {
    "ayah": 75,
    "time": 652696
  },
  {
    "ayah": 76,
    "time": 659405
  },
  {
    "ayah": 77,
    "time": 665214
  },
  {
    "ayah": 78,
    "time": 671922
  },
  {
    "ayah": 79,
    "time": 678078
  },
  {
    "ayah": 80,
    "time": 687041
  },
  {
    "ayah": 81,
    "time": 692651
  },
  {
    "ayah": 82,
    "time": 699760
  },
  {
    "ayah": 83,
    "time": 706269
  },
  {
    "ayah": 84,
    "time": 710824
  },
  {
    "ayah": 85,
    "time": 717833
  },
  {
    "ayah": 86,
    "time": 736066
  },
  {
    "ayah": 87,
    "time": 741818
  },
  {
    "ayah": 88,
    "time": 750130
  },
  {
    "ayah": 89,
    "time": 766600
  },
  {
    "ayah": 90,
    "time": 773611
  },
  {
    "ayah": 91,
    "time": 780318
  },
  {
    "ayah": 92,
    "time": 785180
  },
  {
    "ayah": 93,
    "time": 790935
  },
  {
    "ayah": 94,
    "time": 795593
  },
  {
    "ayah": 95,
    "time": 801499
  },
  {
    "ayah": 96,
    "time": 807457
  },
  {
    "ayah": 97,
    "time": 815467
  },
  {
    "ayah": 98,
    "time": 822829
  },
  {
    "ayah": 99,
    "time": 829187
  },
  {
    "ayah": 999,
    "time": 834244
  }
]