[
  {
    "ayah": 1,
    "time": 2275
  },
  {
    "ayah": 2,
    "time": 13892
  },
  {
    "ayah": 3,
    "time": 33908
  },
  {
    "ayah": 4,
    "time": 43482
  },
  {
    "ayah": 5,
    "time": 53566
  },
  {
    "ayah": 6,
    "time": 64054
  },
  {
    "ayah": 7,
    "time": 72228
  },
  {
    "ayah": 8,
    "time": 90000
  },
  {
    "ayah": 9,
    "time": 101239
  },
  {
    "ayah": 10,
    "time": 114033
  },
  {
    "ayah": 11,
    "time": 132500
  },
  {
    "ayah": 12,
    "time": 154008
  },
  {
    "ayah": 13,
    "time": 174728
  },
  {
    "ayah": 14,
    "time": 189700
  },
  {
    "ayah": 15,
    "time": 215516
  },
  {
    "ayah": 16,
    "time": 229220
  },
  {
    "ayah": 17,
    "time": 236200
  },
  {
    "ayah": 18,
    "time": 244466
  },
  {
    "ayah": 19,
    "time": 257200
  },
  {
    "ayah": 20,
    "time": 264475
  },
  {
    "ayah": 21,
    "time": 278082
  },
  {
    "ayah": 22,
    "time": 288298
  },
  {
    "ayah": 23,
    "time": 304242
  },
  {
    "ayah": 24,
    "time": 319000
  },
  {
    "ayah": 25,
    "time": 329637
  },
  {
    "ayah": 26,
    "time": 347291
  },
  {
    "ayah": 27,
    "time": 369004
  },
  {
    "ayah": 28,
    "time": 397454
  },
  {
    "ayah": 29,
    "time": 424028
  },
  {
    "ayah": 30,
    "time": 440236
  },
  {
    "ayah": 31,
    "time": 463463
  },
  {
    "ayah": 32,
    "time": 486286
  },
  {
    "ayah": 33,
    "time": 507888
  },
  {
    "ayah": 34,
    "time": 534690
  },
  {
    "ayah": 35,
    "time": 545958
  },
  {
    "ayah": 36,
    "time": 577221
  },
  {
    "ayah": 37,
    "time": 607399
  },
  {
    "ayah": 38,
    "time": 621756
  },
  {
    "ayah": 39,
    "time": 641897
  },
  {
    "ayah": 40,
    "time": 656057
  },
  {
    "ayah": 41,
    "time": 670643
  },
  {
    "ayah": 42,
    "time": 688847
  },
  {
    "ayah": 43,
    "time": 695681
  },
  {
    "ayah": 44,
    "time": 712903
  },
  {
    "ayah": 45,
    "time": 731999
  },
  {
    "ayah": 46,
    "time": 747176
  },
  {
    "ayah": 47,
    "time": 754653
  },
  {
    "ayah": 48,
    "time": 764784
  },
  {
    "ayah": 49,
    "time": 789358
  },
  {
    "ayah": 50,
    "time": 806947
  },
  {
    "ayah": 51,
    "time": 816823
  },
  {
    "ayah": 52,
    "time": 830370
  },
  {
    "ayah": 53,
    "time": 840706
  },
  {
    "ayah": 54,
    "time": 853437
  },
  {
    "ayah": 55,
    "time": 865830
  },
  {
    "ayah": 56,
    "time": 874382
  },
  {
    "ayah": 57,
    "time": 890822
  },
  {
    "ayah": 58,
    "time": 899399
  },
  {
    "ayah": 59,
    "time": 909869
  },
  {
    "ayah": 60,
    "time": 929792
  },
  {
    "ayah": 61,
    "time": 944692
  },
  {
    "ayah": 62,
    "time": 974845
  },
  {
    "ayah": 63,
    "time": 996999
  },
  {
    "ayah": 64,
    "time": 1020797
  },
  {
    "ayah": 65,
    "time": 1037625
  },
  {
    "ayah": 66,
    "time": 1057880
  },
  {
    "ayah": 67,
    "time": 1085511
  },
  {
    "ayah": 68,
    "time": 1108502
  },
  {
    "ayah": 69,
    "time": 1122238
  },
  {
    "ayah": 70,
    "time": 1152470
  },
  {
    "ayah": 71,
    "time": 1175876
  },
  {
    "ayah": 72,
    "time": 1201140
  },
  {
    "ayah": 73,
    "time": 1229139
  },
  {
    "ayah": 74,
    "time": 1247965
  },
  {
    "ayah": 75,
    "time": 1261415
  },
  {
    "ayah": 76,
    "time": 1289182
  },
  {
    "ayah": 77,
    "time": 1318068
  },
  {
    "ayah": 78,
    "time": 1336558
  },
  {
    "ayah": 79,
    "time": 1355420
  },
  {
    "ayah": 80,
    "time": 1377011
  },
  {
    "ayah": 81,
    "time": 1406915
  },
  {
    "ayah": 82,
    "time": 1436172
  },
  {
    "ayah": 83,
    "time": 1444438
  },
  {
    "ayah": 84,
    "time": 1455577
  },
  {
    "ayah": 85,
    "time": 1470445
  },
  {
    "ayah": 86,
    "time": 1484462
  },
  {
    "ayah": 87,
    "time": 1513023
  },
  {
    "ayah": 88,
    "time": 1523797
  },
  {
    "ayah": 89,
    "time": 1539912
  },
  {
    "ayah": 90,
    "time": 1570237
  },
  {
    "ayah": 91,
    "time": 1591560
  },
  {
    "ayah": 92,
    "time": 1612783
  },
  {
    "ayah": 93,
    "time": 1649885
  },
  {
    "ayah": 94,
    "time": 1675616
  },
  {
    "ayah": 95,
    "time": 1698790
  },
  {
    "ayah": 96,
    "time": 1715236
  },
  {
    "ayah": 97,
    "time": 1733991
  },
  {
    "ayah": 98,
    "time": 1755625
  },
  {
    "ayah": 99,
    "time": 1764084
  },
  {
    "ayah": 100,
    "time": 1776190
  },
  {
    "ayah": 101,
    "time": 1787111
  },
  {
    "ayah": 102,
    "time": 1806862
  },
  {
    "ayah": 103,
    "time": 1821291
  },
  {
    "ayah": 104,
    "time": 1841089
  },
  {
    "ayah": 105,
    "time": 1855431
  },
  {
    "ayah": 106,
    "time": 1869403
  },
  {
    "ayah": 107,
    "time": 1896531
  },
  {
    "ayah": 108,
    "time": 1911006
  },
  {
    "ayah": 109,
    "time": 1926610
  },
  {
    "ayah": 110,
    "time": 1933868
  },
  {
    "ayah": 111,
    "time": 1953323
  },
  {
    "ayah": 112,
    "time": 1968320
  },
  {
    "ayah": 113,
    "time": 1995673
  },
  {
    "ayah": 114,
    "time": 2008769
  },
  {
    "ayah": 115,
    "time": 2027369
  },
  {
    "ayah": 116,
    "time": 2049218
  },
  {
    "ayah": 117,
    "time": 2071974
  },
  {
    "ayah": 118,
    "time": 2080001
  },
  {
    "ayah": 119,
    "time": 2096858
  },
  {
    "ayah": 120,
    "time": 2119478
  },
  {
    "ayah": 121,
    "time": 2132260
  },
  {
    "ayah": 122,
    "time": 2141855
  },
  {
    "ayah": 123,
    "time": 2153179
  },
  {
    "ayah": 124,
    "time": 2166407
  },
  {
    "ayah": 125,
    "time": 2184851
  },
  {
    "ayah": 126,
    "time": 2208375
  },
  {
    "ayah": 127,
    "time": 2221828
  },
  {
    "ayah": 128,
    "time": 2236996
  }
]