[
  {
    "ayah": 1,
    "time": 4605
  },
  {
    "ayah": 2,
    "time": 23126
  },
  {
    "ayah": 3,
    "time": 59788
  },
  {
    "ayah": 4,
    "time": 82669
  },
  {
    "ayah": 5,
    "time": 110055
  },
  {
    "ayah": 6,
    "time": 122821
  },
  {
    "ayah": 7,
    "time": 156117
  },
  {
    "ayah": 8,
    "time": 167384
  },
  {
    "ayah": 9,
    "time": 182354
  },
  {
    "ayah": 10,
    "time": 194369
  },
  {
    "ayah": 11,
    "time": 205937
  },
  {
    "ayah": 12,
    "time": 240533
  },
  {
    "ayah": 13,
    "time": 260769
  },
  {
    "ayah": 14,
    "time": 281952
  },
  {
    "ayah": 15,
    "time": 301024
  },
  {
    "ayah": 16,
    "time": 324959
  },
  {
    "ayah": 17,
    "time": 344686
  },
  {
    "ayah": 18,
    "time": 359147
  },
  {
    "ayah": 19,
    "time": 369011
  },
  {
    "ayah": 20,
    "time": 394697
  },
  {
    "ayah": 21,
    "time": 406611
  },
  {
    "ayah": 22,
    "time": 457782
  },
  {
    "ayah": 23,
    "time": 491679
  },
  {
    "ayah": 24,
    "time": 509502
  },
  {
    "ayah": 25,
    "time": 522739
  },
  {
    "ayah": 26,
    "time": 537956
  },
  {
    "ayah": 27,
    "time": 569951
  },
  {
    "ayah": 28,
    "time": 596487
  },
  {
    "ayah": 29,
    "time": 622521
  },
  {
    "ayah": 30,
    "time": 644652
  },
  {
    "ayah": 31,
    "time": 661027
  },
  {
    "ayah": 32,
    "time": 764116
  },
  {
    "ayah": 33,
    "time": 786656
  },
  {
    "ayah": 34,
    "time": 839928
  },
  {
    "ayah": 35,
    "time": 856561
  },
  {
    "ayah": 36,
    "time": 913388
  },
  {
    "ayah": 37,
    "time": 925306
  },
  {
    "ayah": 38,
    "time": 945634
  },
  {
    "ayah": 39,
    "time": 961802
  },
  {
    "ayah": 40,
    "time": 996452
  },
  {
    "ayah": 41,
    "time": 1029806
  },
  {
    "ayah": 42,
    "time": 1053000
  },
  {
    "ayah": 43,
    "time": 1060709
  },
  {
    "ayah": 44,
    "time": 1110981
  },
  {
    "ayah": 45,
    "time": 1121993
  },
  {
    "ayah": 46,
    "time": 1160044
  },
  {
    "ayah": 47,
    "time": 1176816
  },
  {
    "ayah": 48,
    "time": 1196895
  },
  {
    "ayah": 49,
    "time": 1209162
  },
  {
    "ayah": 50,
    "time": 1216573
  },
  {
    "ayah": 51,
    "time": 1233995
  },
  {
    "ayah": 52,
    "time": 1253273
  },
  {
    "ayah": 53,
    "time": 1264885
  },
  {
    "ayah": 54,
    "time": 1285166
  },
  {
    "ayah": 55,
    "time": 1310449
  },
  {
    "ayah": 56,
    "time": 1349551
  },
  {
    "ayah": 57,
    "time": 1357670
  },
  {
    "ayah": 58,
    "time": 1370732
  },
  {
    "ayah": 59,
    "time": 1425058
  },
  {
    "ayah": 60,
    "time": 1444185
  },
  {
    "ayah": 61,
    "time": 1472923
  },
  {
    "ayah": 62,
    "time": 1557837
  },
  {
    "ayah": 63,
    "time": 1600398
  },
  {
    "ayah": 64,
    "time": 1631293
  },
  {
    "ayah": 999,
    "time": 1655522
  }
]