[
  {
    "ayah": 1,
    "time": 8328
  },
  {
    "ayah": 2,
    "time": 29806
  },
  {
    "ayah": 3,
    "time": 68056
  },
  {
    "ayah": 4,
    "time": 98450
  },
  {
    "ayah": 5,
    "time": 134850
  },
  {
    "ayah": 6,
    "time": 165241
  },
  {
    "ayah": 7,
    "time": 186724
  },
  {
    "ayah": 8,
    "time": 240393
  },
  {
    "ayah": 9,
    "time": 301375
  },
  {
    "ayah": 10,
    "time": 329312
  },
  {
    "ayah": 11,
    "time": 353704
  },
  {
    "ayah": 12,
    "time": 392749
  },
  {
    "ayah": 13,
    "time": 421844
  },
  {
    "ayah": 14,
    "time": 453193
  },
  {
    "ayah": 15,
    "time": 472571
  },
  {
    "ayah": 16,
    "time": 486741
  },
  {
    "ayah": 17,
    "time": 501961
  },
  {
    "ayah": 18,
    "time": 523791
  },
  {
    "ayah": 19,
    "time": 546825
  },
  {
    "ayah": 20,
    "time": 569203
  },
  {
    "ayah": 21,
    "time": 584273
  },
  {
    "ayah": 22,
    "time": 595639
  },
  {
    "ayah": 999,
    "time": 677120
  }
]