[
  {
    "ayah": 1,
    "time": 3711
  },
  {
    "ayah": 2,
    "time": 13548
  },
  {
    "ayah": 3,
    "time": 29861
  },
  {
    "ayah": 4,
    "time": 51111
  },
  {
    "ayah": 5,
    "time": 66112
  },
  {
    "ayah": 6,
    "time": 74864
  },
  {
    "ayah": 7,
    "time": 85175
  },
  {
    "ayah": 8,
    "time": 101613
  },
  {
    "ayah": 9,
    "time": 116985
  },
  {
    "ayah": 10,
    "time": 128028
  },
  {
    "ayah": 11,
    "time": 144212
  },
  {
    "ayah": 12,
    "time": 152578
  },
  {
    "ayah": 13,
    "time": 161963
  },
  {
    "ayah": 14,
    "time": 170876
  },
  {
    "ayah": 15,
    "time": 178476
  },
  {
    "ayah": 16,
    "time": 191289
  },
  {
    "ayah": 17,
    "time": 205164
  },
  {
    "ayah": 18,
    "time": 226907
  },
  {
    "ayah": 19,
    "time": 248533
  },
  {
    "ayah": 20,
    "time": 263971
  },
  {
    "ayah": 21,
    "time": 288567
  },
  {
    "ayah": 22,
    "time": 306695
  },
  {
    "ayah": 23,
    "time": 317382
  },
  {
    "ayah": 24,
    "time": 326072
  },
  {
    "ayah": 25,
    "time": 333383
  },
  {
    "ayah": 26,
    "time": 342510
  },
  {
    "ayah": 27,
    "time": 351757
  },
  {
    "ayah": 28,
    "time": 361386
  },
  {
    "ayah": 29,
    "time": 367946
  },
  {
    "ayah": 30,
    "time": 378694
  },
  {
    "ayah": 31,
    "time": 386696
  },
  {
    "ayah": 32,
    "time": 397758
  },
  {
    "ayah": 33,
    "time": 411383
  },
  {
    "ayah": 34,
    "time": 418385
  },
  {
    "ayah": 35,
    "time": 431382
  },
  {
    "ayah": 36,
    "time": 439197
  },
  {
    "ayah": 37,
    "time": 447072
  },
  {
    "ayah": 38,
    "time": 459070
  },
  {
    "ayah": 39,
    "time": 466045
  },
  {
    "ayah": 40,
    "time": 472677
  },
  {
    "ayah": 41,
    "time": 483924
  },
  {
    "ayah": 42,
    "time": 491924
  },
  {
    "ayah": 43,
    "time": 505000
  },
  {
    "ayah": 44,
    "time": 512300
  },
  {
    "ayah": 45,
    "time": 524612
  },
  {
    "ayah": 46,
    "time": 536673
  },
  {
    "ayah": 47,
    "time": 541361
  },
  {
    "ayah": 48,
    "time": 549768
  },
  {
    "ayah": 49,
    "time": 561048
  },
  {
    "ayah": 50,
    "time": 571423
  },
  {
    "ayah": 51,
    "time": 579423
  },
  {
    "ayah": 52,
    "time": 584295
  },
  {
    "ayah": 53,
    "time": 590423
  },
  {
    "ayah": 54,
    "time": 604733
  },
  {
    "ayah": 55,
    "time": 616924
  },
  {
    "ayah": 56,
    "time": 627986
  },
  {
    "ayah": 57,
    "time": 632860
  },
  {
    "ayah": 58,
    "time": 642110
  },
  {
    "ayah": 59,
    "time": 653483
  },
  {
    "ayah": 60,
    "time": 667296
  },
  {
    "ayah": 61,
    "time": 681360
  },
  {
    "ayah": 62,
    "time": 691860
  },
  {
    "ayah": 63,
    "time": 702673
  },
  {
    "ayah": 64,
    "time": 713047
  },
  {
    "ayah": 65,
    "time": 718549
  },
  {
    "ayah": 66,
    "time": 728859
  },
  {
    "ayah": 67,
    "time": 734859
  },
  {
    "ayah": 68,
    "time": 742234
  },
  {
    "ayah": 69,
    "time": 758989
  },
  {
    "ayah": 70,
    "time": 765239
  },
  {
    "ayah": 71,
    "time": 782806
  },
  {
    "ayah": 72,
    "time": 789615
  },
  {
    "ayah": 73,
    "time": 795929
  },
  {
    "ayah": 74,
    "time": 803929
  },
  {
    "ayah": 75,
    "time": 816928
  },
  {
    "ayah": 76,
    "time": 826553
  },
  {
    "ayah": 77,
    "time": 832428
  },
  {
    "ayah": 999,
    "time": 844989
  }
]