[
  {
    "ayah": 1,
    "time": 3934
  },
  {
    "ayah": 2,
    "time": 92053
  },
  {
    "ayah": 3,
    "time": 121656
  },
  {
    "ayah": 4,
    "time": 141535
  },
  {
    "ayah": 5,
    "time": 241017
  },
  {
    "ayah": 6,
    "time": 259047
  },
  {
    "ayah": 7,
    "time": 281180
  },
  {
    "ayah": 8,
    "time": 301202
  },
  {
    "ayah": 9,
    "time": 328289
  },
  {
    "ayah": 10,
    "time": 361234
  },
  {
    "ayah": 11,
    "time": 457315
  },
  {
    "ayah": 12,
    "time": 488763
  },
  {
    "ayah": 13,
    "time": 560608
  },
  {
    "ayah": 999,
    "time": 581628
  }
]