[
  {
    "ayah": 1,
    "time": 6044
  },
  {
    "ayah": 2,
    "time": 14853
  },
  {
    "ayah": 3,
    "time": 59761
  },
  {
    "ayah": 4,
    "time": 76479
  },
  {
    "ayah": 5,
    "time": 96123
  },
  {
    "ayah": 6,
    "time": 112795
  },
  {
    "ayah": 7,
    "time": 144946
  },
  {
    "ayah": 8,
    "time": 198059
  },
  {
    "ayah": 9,
    "time": 231231
  },
  {
    "ayah": 10,
    "time": 277471
  },
  {
    "ayah": 11,
    "time": 321775
  },
  {
    "ayah": 12,
    "time": 362735
  },
  {
    "ayah": 13,
    "time": 382511
  },
  {
    "ayah": 14,
    "time": 399004
  },
  {
    "ayah": 15,
    "time": 427850
  },
  {
    "ayah": 16,
    "time": 443772
  },
  {
    "ayah": 17,
    "time": 465599
  },
  {
    "ayah": 18,
    "time": 483432
  },
  {
    "ayah": 19,
    "time": 506898
  },
  {
    "ayah": 20,
    "time": 522441
  },
  {
    "ayah": 21,
    "time": 540049
  },
  {
    "ayah": 22,
    "time": 566095
  },
  {
    "ayah": 23,
    "time": 581281
  },
  {
    "ayah": 24,
    "time": 604176
  }
]