[
  {
    "ayah": 1,
    "time": 3710
  },
  {
    "ayah": 2,
    "time": 6227
  },
  {
    "ayah": 3,
    "time": 8285
  },
  {
    "ayah": 4,
    "time": 10574
  },
  {
    "ayah": 5,
    "time": 13107
  },
  {
    "ayah": 6,
    "time": 16244
  },
  {
    "ayah": 7,
    "time": 18804
  },
  {
    "ayah": 8,
    "time": 22100
  },
  {
    "ayah": 9,
    "time": 25471
  },
  {
    "ayah": 10,
    "time": 27749
  },
  {
    "ayah": 11,
    "time": 29764
  },
  {
    "ayah": 12,
    "time": 33609
  },
  {
    "ayah": 13,
    "time": 36760
  },
  {
    "ayah": 14,
    "time": 41112
  },
  {
    "ayah": 15,
    "time": 48175
  },
  {
    "ayah": 16,
    "time": 52888
  },
  {
    "ayah": 17,
    "time": 60736
  },
  {
    "ayah": 18,
    "time": 65547
  },
  {
    "ayah": 19,
    "time": 69174
  },
  {
    "ayah": 20,
    "time": 75672
  },
  {
    "ayah": 21,
    "time": 79339
  },
  {
    "ayah": 22,
    "time": 84440
  },
  {
    "ayah": 23,
    "time": 90002
  },
  {
    "ayah": 24,
    "time": 101265
  },
  {
    "ayah": 25,
    "time": 106455
  },
  {
    "ayah": 26,
    "time": 114456
  },
  {
    "ayah": 27,
    "time": 120519
  },
  {
    "ayah": 28,
    "time": 125391
  },
  {
    "ayah": 29,
    "time": 133143
  },
  {
    "ayah": 30,
    "time": 141769
  },
  {
    "ayah": 31,
    "time": 148634
  },
  {
    "ayah": 32,
    "time": 153000
  },
  {
    "ayah": 33,
    "time": 158449
  },
  {
    "ayah": 34,
    "time": 162922
  },
  {
    "ayah": 35,
    "time": 167986
  },
  {
    "ayah": 36,
    "time": 172561
  },
  {
    "ayah": 37,
    "time": 178264
  },
  {
    "ayah": 38,
    "time": 188823
  },
  {
    "ayah": 39,
    "time": 197763
  },
  {
    "ayah": 40,
    "time": 204637
  },
  {
    "ayah": 41,
    "time": 213327
  },
  {
    "ayah": 42,
    "time": 220701
  },
  {
    "ayah": 43,
    "time": 230013
  },
  {
    "ayah": 44,
    "time": 237577
  },
  {
    "ayah": 45,
    "time": 247828
  },
  {
    "ayah": 46,
    "time": 256890
  },
  {
    "ayah": 47,
    "time": 269767
  },
  {
    "ayah": 48,
    "time": 279292
  },
  {
    "ayah": 49,
    "time": 285905
  },
  {
    "ayah": 50,
    "time": 295159
  },
  {
    "ayah": 51,
    "time": 305659
  },
  {
    "ayah": 52,
    "time": 315971
  },
  {
    "ayah": 53,
    "time": 328394
  },
  {
    "ayah": 54,
    "time": 335644
  },
  {
    "ayah": 55,
    "time": 342830
  },
  {
    "ayah": 56,
    "time": 353146
  },
  {
    "ayah": 57,
    "time": 361644
  },
  {
    "ayah": 58,
    "time": 372269
  },
  {
    "ayah": 59,
    "time": 380518
  },
  {
    "ayah": 60,
    "time": 392459
  },
  {
    "ayah": 999,
    "time": 403958
  }
]