[
  {
    "ayah": 1,
    "time": 4358
  },
  {
    "ayah": 2,
    "time": 21733
  },
  {
    "ayah": 3,
    "time": 43860
  },
  {
    "ayah": 4,
    "time": 55578
  },
  {
    "ayah": 5,
    "time": 68301
  },
  {
    "ayah": 6,
    "time": 85173
  },
  {
    "ayah": 7,
    "time": 139298
  },
  {
    "ayah": 8,
    "time": 160236
  },
  {
    "ayah": 9,
    "time": 178422
  },
  {
    "ayah": 10,
    "time": 191540
  },
  {
    "ayah": 11,
    "time": 207811
  },
  {
    "ayah": 12,
    "time": 218625
  },
  {
    "ayah": 13,
    "time": 250267
  },
  {
    "ayah": 14,
    "time": 260084
  },
  {
    "ayah": 15,
    "time": 287270
  },
  {
    "ayah": 16,
    "time": 297231
  },
  {
    "ayah": 17,
    "time": 309247
  },
  {
    "ayah": 18,
    "time": 329329
  },
  {
    "ayah": 19,
    "time": 338690
  },
  {
    "ayah": 20,
    "time": 390566
  },
  {
    "ayah": 21,
    "time": 412403
  },
  {
    "ayah": 22,
    "time": 428724
  },
  {
    "ayah": 23,
    "time": 447046
  },
  {
    "ayah": 24,
    "time": 463320
  },
  {
    "ayah": 25,
    "time": 476536
  },
  {
    "ayah": 26,
    "time": 525414
  },
  {
    "ayah": 27,
    "time": 541184
  },
  {
    "ayah": 28,
    "time": 560362
  },
  {
    "ayah": 29,
    "time": 579286
  },
  {
    "ayah": 30,
    "time": 592056
  },
  {
    "ayah": 31,
    "time": 619593
  },
  {
    "ayah": 32,
    "time": 662551
  },
  {
    "ayah": 33,
    "time": 684830
  },
  {
    "ayah": 34,
    "time": 707216
  },
  {
    "ayah": 35,
    "time": 739459
  },
  {
    "ayah": 36,
    "time": 780077
  },
  {
    "ayah": 37,
    "time": 798097
  },
  {
    "ayah": 38,
    "time": 825885
  },
  {
    "ayah": 39,
    "time": 860833
  },
  {
    "ayah": 40,
    "time": 887369
  },
  {
    "ayah": 41,
    "time": 907296
  },
  {
    "ayah": 42,
    "time": 923869
  },
  {
    "ayah": 43,
    "time": 947401
  },
  {
    "ayah": 44,
    "time": 969781
  },
  {
    "ayah": 45,
    "time": 1008335
  },
  {
    "ayah": 46,
    "time": 1022001
  },
  {
    "ayah": 47,
    "time": 1054347
  },
  {
    "ayah": 48,
    "time": 1072073
  },
  {
    "ayah": 49,
    "time": 1094049
  },
  {
    "ayah": 50,
    "time": 1107319
  },
  {
    "ayah": 51,
    "time": 1155795
  },
  {
    "ayah": 52,
    "time": 1181229
  },
  {
    "ayah": 53,
    "time": 1224990
  },
  {
    "ayah": 54,
    "time": 1254782
  },
  {
    "ayah": 55,
    "time": 1309906
  },
  {
    "ayah": 56,
    "time": 1321823
  },
  {
    "ayah": 57,
    "time": 1351363
  },
  {
    "ayah": 58,
    "time": 1382956
  },
  {
    "ayah": 59,
    "time": 1403003
  },
  {
    "ayah": 60,
    "time": 1446060
  },
  {
    "ayah": 61,
    "time": 1495629
  },
  {
    "ayah": 62,
    "time": 1526321
  },
  {
    "ayah": 63,
    "time": 1543894
  },
  {
    "ayah": 64,
    "time": 1577940
  },
  {
    "ayah": 65,
    "time": 1593112
  },
  {
    "ayah": 66,
    "time": 1630874
  },
  {
    "ayah": 67,
    "time": 1644393
  },
  {
    "ayah": 68,
    "time": 1654055
  },
  {
    "ayah": 69,
    "time": 1686958
  },
  {
    "ayah": 70,
    "time": 1703838
  },
  {
    "ayah": 71,
    "time": 1783656
  },
  {
    "ayah": 72,
    "time": 1856812
  },
  {
    "ayah": 73,
    "time": 1869580
  },
  {
    "ayah": 74,
    "time": 1904328
  },
  {
    "ayah": 75,
    "time": 1925556
  },
  {
    "ayah": 76,
    "time": 1942230
  },
  {
    "ayah": 77,
    "time": 1966712
  },
  {
    "ayah": 78,
    "time": 1997104
  },
  {
    "ayah": 79,
    "time": 2027094
  },
  {
    "ayah": 80,
    "time": 2046421
  },
  {
    "ayah": 81,
    "time": 2094289
  },
  {
    "ayah": 82,
    "time": 2131237
  },
  {
    "ayah": 83,
    "time": 2151262
  },
  {
    "ayah": 84,
    "time": 2179102
  },
  {
    "ayah": 85,
    "time": 2216451
  },
  {
    "ayah": 86,
    "time": 2230471
  },
  {
    "ayah": 87,
    "time": 2246093
  },
  {
    "ayah": 88,
    "time": 2267473
  },
  {
    "ayah": 89,
    "time": 2289752
  },
  {
    "ayah": 90,
    "time": 2319592
  },
  {
    "ayah": 91,
    "time": 2344476
  },
  {
    "ayah": 92,
    "time": 2417727
  },
  {
    "ayah": 93,
    "time": 2455029
  },
  {
    "ayah": 94,
    "time": 2540343
  },
  {
    "ayah": 95,
    "time": 2602497
  },
  {
    "ayah": 96,
    "time": 2627528
  },
  {
    "ayah": 97,
    "time": 2647757
  },
  {
    "ayah": 98,
    "time": 2671912
  },
  {
    "ayah": 99,
    "time": 2697746
  },
  {
    "ayah": 100,
    "time": 2788521
  },
  {
    "ayah": 101,
    "time": 2816220
  },
  {
    "ayah": 102,
    "time": 2846464
  },
  {
    "ayah": 103,
    "time": 2869039
  },
  {
    "ayah": 104,
    "time": 2883158
  },
  {
    "ayah": 105,
    "time": 2907969
  },
  {
    "ayah": 106,
    "time": 2923938
  },
  {
    "ayah": 107,
    "time": 2938311
  },
  {
    "ayah": 108,
    "time": 2957586
  },
  {
    "ayah": 109,
    "time": 2999346
  },
  {
    "ayah": 110,
    "time": 3030543
  },
  {
    "ayah": 111,
    "time": 3049311
  },
  {
    "ayah": 112,
    "time": 3088565
  },
  {
    "ayah": 113,
    "time": 3120859
  },
  {
    "ayah": 114,
    "time": 3140086
  },
  {
    "ayah": 115,
    "time": 3176333
  },
  {
    "ayah": 116,
    "time": 3192558
  },
  {
    "ayah": 117,
    "time": 3214687
  },
  {
    "ayah": 118,
    "time": 3228557
  },
  {
    "ayah": 119,
    "time": 3242475
  },
  {
    "ayah": 120,
    "time": 3282929
  },
  {
    "ayah": 121,
    "time": 3301056
  },
  {
    "ayah": 122,
    "time": 3334702
  },
  {
    "ayah": 123,
    "time": 3368197
  },
  {
    "ayah": 124,
    "time": 3390075
  },
  {
    "ayah": 125,
    "time": 3432686
  },
  {
    "ayah": 126,
    "time": 3472590
  },
  {
    "ayah": 127,
    "time": 3488511
  },
  {
    "ayah": 128,
    "time": 3502281
  },
  {
    "ayah": 129,
    "time": 3558407
  },
  {
    "ayah": 130,
    "time": 3571475
  },
  {
    "ayah": 131,
    "time": 3624244
  },
  {
    "ayah": 132,
    "time": 3637312
  },
  {
    "ayah": 133,
    "time": 3653336
  },
  {
    "ayah": 134,
    "time": 3682276
  },
  {
    "ayah": 135,
    "time": 3694943
  },
  {
    "ayah": 136,
    "time": 3721477
  },
  {
    "ayah": 137,
    "time": 3767843
  },
  {
    "ayah": 138,
    "time": 3800135
  },
  {
    "ayah": 139,
    "time": 3849004
  },
  {
    "ayah": 140,
    "time": 3885253
  },
  {
    "ayah": 141,
    "time": 3913747
  },
  {
    "ayah": 142,
    "time": 3976644
  },
  {
    "ayah": 143,
    "time": 4003175
  },
  {
    "ayah": 144,
    "time": 4041326
  },
  {
    "ayah": 145,
    "time": 4100589
  },
  {
    "ayah": 146,
    "time": 4164175
  },
  {
    "ayah": 147,
    "time": 4205933
  },
  {
    "ayah": 148,
    "time": 4224960
  },
  {
    "ayah": 149,
    "time": 4281392
  },
  {
    "ayah": 150,
    "time": 4294312
  },
  {
    "ayah": 151,
    "time": 4339321
  },
  {
    "ayah": 152,
    "time": 4403657
  },
  {
    "ayah": 153,
    "time": 4455684
  },
  {
    "ayah": 154,
    "time": 4485522
  },
  {
    "ayah": 155,
    "time": 4518065
  },
  {
    "ayah": 156,
    "time": 4534540
  },
  {
    "ayah": 157,
    "time": 4560925
  },
  {
    "ayah": 158,
    "time": 4617712
  },
  {
    "ayah": 159,
    "time": 4673542
  },
  {
    "ayah": 160,
    "time": 4702480
  },
  {
    "ayah": 161,
    "time": 4729600
  },
  {
    "ayah": 162,
    "time": 4757390
  },
  {
    "ayah": 163,
    "time": 4771610
  },
  {
    "ayah": 164,
    "time": 4782776
  },
  {
    "ayah": 165,
    "time": 4825384
  },
  {
    "ayah": 999,
    "time": 4859178
  }
]