[
  {
    "ayah": 1,
    "time": 4620
  },
  {
    "ayah": 2,
    "time": 36616
  },
  {
    "ayah": 3,
    "time": 114571
  },
  {
    "ayah": 4,
    "time": 199247
  },
  {
    "ayah": 5,
    "time": 244169
  },
  {
    "ayah": 6,
    "time": 312612
  },
  {
    "ayah": 7,
    "time": 415951
  },
  {
    "ayah": 8,
    "time": 443691
  },
  {
    "ayah": 9,
    "time": 483044
  },
  {
    "ayah": 10,
    "time": 496314
  },
  {
    "ayah": 11,
    "time": 508930
  },
  {
    "ayah": 12,
    "time": 541649
  },
  {
    "ayah": 13,
    "time": 616202
  },
  {
    "ayah": 14,
    "time": 668924
  },
  {
    "ayah": 15,
    "time": 704824
  },
  {
    "ayah": 16,
    "time": 738320
  },
  {
    "ayah": 17,
    "time": 759849
  },
  {
    "ayah": 18,
    "time": 810516
  },
  {
    "ayah": 19,
    "time": 858333
  },
  {
    "ayah": 20,
    "time": 900491
  },
  {
    "ayah": 21,
    "time": 928937
  },
  {
    "ayah": 22,
    "time": 948466
  },
  {
    "ayah": 23,
    "time": 974201
  },
  {
    "ayah": 24,
    "time": 1004140
  },
  {
    "ayah": 25,
    "time": 1029627
  },
  {
    "ayah": 26,
    "time": 1045899
  },
  {
    "ayah": 27,
    "time": 1066177
  },
  {
    "ayah": 28,
    "time": 1094716
  },
  {
    "ayah": 29,
    "time": 1116143
  },
  {
    "ayah": 30,
    "time": 1137274
  },
  {
    "ayah": 31,
    "time": 1148489
  },
  {
    "ayah": 32,
    "time": 1178080
  },
  {
    "ayah": 33,
    "time": 1241215
  },
  {
    "ayah": 34,
    "time": 1283975
  },
  {
    "ayah": 35,
    "time": 1300447
  },
  {
    "ayah": 36,
    "time": 1320173
  },
  {
    "ayah": 37,
    "time": 1346258
  },
  {
    "ayah": 38,
    "time": 1362431
  },
  {
    "ayah": 39,
    "time": 1382959
  },
  {
    "ayah": 40,
    "time": 1401284
  },
  {
    "ayah": 41,
    "time": 1427469
  },
  {
    "ayah": 42,
    "time": 1514391
  },
  {
    "ayah": 43,
    "time": 1555644
  },
  {
    "ayah": 44,
    "time": 1578476
  },
  {
    "ayah": 45,
    "time": 1637770
  },
  {
    "ayah": 46,
    "time": 1685185
  },
  {
    "ayah": 47,
    "time": 1729348
  },
  {
    "ayah": 48,
    "time": 1753579
  },
  {
    "ayah": 49,
    "time": 1833788
  },
  {
    "ayah": 50,
    "time": 1884609
  },
  {
    "ayah": 51,
    "time": 1899063
  },
  {
    "ayah": 52,
    "time": 1936312
  },
  {
    "ayah": 53,
    "time": 1976817
  },
  {
    "ayah": 54,
    "time": 2003550
  },
  {
    "ayah": 55,
    "time": 2073545
  },
  {
    "ayah": 56,
    "time": 2093325
  },
  {
    "ayah": 57,
    "time": 2108393
  },
  {
    "ayah": 58,
    "time": 2157323
  },
  {
    "ayah": 59,
    "time": 2173993
  },
  {
    "ayah": 60,
    "time": 2211246
  },
  {
    "ayah": 61,
    "time": 2249196
  },
  {
    "ayah": 62,
    "time": 2269774
  },
  {
    "ayah": 63,
    "time": 2286546
  },
  {
    "ayah": 64,
    "time": 2304924
  },
  {
    "ayah": 65,
    "time": 2374667
  },
  {
    "ayah": 66,
    "time": 2393043
  },
  {
    "ayah": 67,
    "time": 2432948
  },
  {
    "ayah": 68,
    "time": 2461186
  },
  {
    "ayah": 69,
    "time": 2503292
  },
  {
    "ayah": 70,
    "time": 2528128
  },
  {
    "ayah": 71,
    "time": 2564984
  },
  {
    "ayah": 72,
    "time": 2592765
  },
  {
    "ayah": 73,
    "time": 2635272
  },
  {
    "ayah": 74,
    "time": 2668248
  },
  {
    "ayah": 75,
    "time": 2680465
  },
  {
    "ayah": 76,
    "time": 2712959
  },
  {
    "ayah": 77,
    "time": 2730284
  },
  {
    "ayah": 78,
    "time": 2760232
  },
  {
    "ayah": 79,
    "time": 2782103
  },
  {
    "ayah": 80,
    "time": 2795521
  },
  {
    "ayah": 81,
    "time": 2817804
  },
  {
    "ayah": 82,
    "time": 2841333
  },
  {
    "ayah": 83,
    "time": 2883537
  },
  {
    "ayah": 84,
    "time": 2924143
  },
  {
    "ayah": 85,
    "time": 2942619
  },
  {
    "ayah": 86,
    "time": 2964451
  },
  {
    "ayah": 87,
    "time": 2977668
  },
  {
    "ayah": 88,
    "time": 2999999
  },
  {
    "ayah": 89,
    "time": 3018584
  },
  {
    "ayah": 90,
    "time": 3080226
  },
  {
    "ayah": 91,
    "time": 3106614
  },
  {
    "ayah": 92,
    "time": 3133849
  },
  {
    "ayah": 93,
    "time": 3152477
  },
  {
    "ayah": 94,
    "time": 3183024
  },
  {
    "ayah": 95,
    "time": 3215018
  },
  {
    "ayah": 96,
    "time": 3294521
  },
  {
    "ayah": 97,
    "time": 3318177
  },
  {
    "ayah": 98,
    "time": 3350467
  },
  {
    "ayah": 99,
    "time": 3363485
  },
  {
    "ayah": 100,
    "time": 3375907
  },
  {
    "ayah": 101,
    "time": 3394257
  },
  {
    "ayah": 102,
    "time": 3422544
  },
  {
    "ayah": 103,
    "time": 3433310
  },
  {
    "ayah": 104,
    "time": 3468556
  },
  {
    "ayah": 105,
    "time": 3497066
  },
  {
    "ayah": 106,
    "time": 3524604
  },
  {
    "ayah": 107,
    "time": 3590992
  },
  {
    "ayah": 108,
    "time": 3633552
  },
  {
    "ayah": 109,
    "time": 3662142
  },
  {
    "ayah": 110,
    "time": 3680214
  },
  {
    "ayah": 111,
    "time": 3785765
  },
  {
    "ayah": 112,
    "time": 3803185
  },
  {
    "ayah": 113,
    "time": 3828768
  },
  {
    "ayah": 114,
    "time": 3847392
  },
  {
    "ayah": 115,
    "time": 3882141
  },
  {
    "ayah": 116,
    "time": 3917101
  },
  {
    "ayah": 117,
    "time": 3966817
  },
  {
    "ayah": 118,
    "time": 4003167
  },
  {
    "ayah": 119,
    "time": 4019039
  },
  {
    "ayah": 120,
    "time": 4050586
  },
  {
    "ayah": 999,
    "time": 4064604
  }
]