[
  {
    "ayah": 1,
    "time": 3522
  },
  {
    "ayah": 2,
    "time": 6649
  },
  {
    "ayah": 3,
    "time": 8910
  },
  {
    "ayah": 4,
    "time": 10705
  },
  {
    "ayah": 5,
    "time": 12784
  },
  {
    "ayah": 6,
    "time": 14717
  },
  {
    "ayah": 7,
    "time": 17342
  },
  {
    "ayah": 8,
    "time": 19281
  },
  {
    "ayah": 9,
    "time": 22436
  },
  {
    "ayah": 10,
    "time": 26923
  },
  {
    "ayah": 11,
    "time": 30710
  },
  {
    "ayah": 12,
    "time": 33332
  },
  {
    "ayah": 13,
    "time": 36751
  },
  {
    "ayah": 14,
    "time": 39109
  },
  {
    "ayah": 15,
    "time": 41888
  },
  {
    "ayah": 16,
    "time": 44502
  },
  {
    "ayah": 17,
    "time": 50174
  },
  {
    "ayah": 18,
    "time": 52402
  },
  {
    "ayah": 19,
    "time": 54982
  },
  {
    "ayah": 20,
    "time": 56962
  },
  {
    "ayah": 21,
    "time": 59633
  },
  {
    "ayah": 22,
    "time": 61033
  },
  {
    "ayah": 23,
    "time": 63322
  },
  {
    "ayah": 24,
    "time": 65865
  },
  {
    "ayah": 25,
    "time": 70365
  },
  {
    "ayah": 26,
    "time": 74179
  },
  {
    "ayah": 27,
    "time": 76150
  },
  {
    "ayah": 28,
    "time": 79508
  },
  {
    "ayah": 29,
    "time": 82326
  },
  {
    "ayah": 30,
    "time": 85391
  },
  {
    "ayah": 31,
    "time": 88596
  },
  {
    "ayah": 32,
    "time": 153288
  },
  {
    "ayah": 33,
    "time": 155256
  },
  {
    "ayah": 34,
    "time": 157237
  },
  {
    "ayah": 35,
    "time": 159418
  },
  {
    "ayah": 36,
    "time": 162034
  },
  {
    "ayah": 37,
    "time": 164072
  },
  {
    "ayah": 38,
    "time": 171488
  },
  {
    "ayah": 39,
    "time": 175674
  },
  {
    "ayah": 40,
    "time": 178662
  },
  {
    "ayah": 41,
    "time": 183756
  },
  {
    "ayah": 42,
    "time": 185552
  },
  {
    "ayah": 43,
    "time": 188240
  },
  {
    "ayah": 44,
    "time": 192364
  },
  {
    "ayah": 45,
    "time": 195865
  },
  {
    "ayah": 46,
    "time": 202363
  },
  {
    "ayah": 47,
    "time": 205895
  },
  {
    "ayah": 48,
    "time": 209187
  },
  {
    "ayah": 49,
    "time": 214194
  },
  {
    "ayah": 50,
    "time": 218383
  },
  {
    "ayah": 51,
    "time": 222278
  },
  {
    "ayah": 52,
    "time": 224747
  },
  {
    "ayah": 53,
    "time": 231495
  },
  {
    "ayah": 54,
    "time": 235556
  },
  {
    "ayah": 55,
    "time": 238900
  },
  {
    "ayah": 56,
    "time": 242597
  },
  {
    "ayah": 999,
    "time": 256415
  }
]