[
  {
    "ayah": 1,
    "time": 9370
  },
  {
    "ayah": 2,
    "time": 20184
  },
  {
    "ayah": 3,
    "time": 35855
  },
  {
    "ayah": 4,
    "time": 59586
  },
  {
    "ayah": 5,
    "time": 73156
  },
  {
    "ayah": 6,
    "time": 95696
  },
  {
    "ayah": 7,
    "time": 108263
  },
  {
    "ayah": 8,
    "time": 120930
  },
  {
    "ayah": 9,
    "time": 141367
  },
  {
    "ayah": 10,
    "time": 165611
  },
  {
    "ayah": 11,
    "time": 179230
  },
  {
    "ayah": 12,
    "time": 189494
  },
  {
    "ayah": 13,
    "time": 204273
  },
  {
    "ayah": 14,
    "time": 217292
  },
  {
    "ayah": 15,
    "time": 224701
  },
  {
    "ayah": 16,
    "time": 243027
  },
  {
    "ayah": 17,
    "time": 257746
  },
  {
    "ayah": 18,
    "time": 276033
  },
  {
    "ayah": 19,
    "time": 286095
  },
  {
    "ayah": 20,
    "time": 311230
  },
  {
    "ayah": 21,
    "time": 331410
  },
  {
    "ayah": 22,
    "time": 347730
  },
  {
    "ayah": 23,
    "time": 367505
  },
  {
    "ayah": 24,
    "time": 385530
  },
  {
    "ayah": 25,
    "time": 394583
  },
  {
    "ayah": 26,
    "time": 405045
  },
  {
    "ayah": 27,
    "time": 418909
  },
  {
    "ayah": 28,
    "time": 438084
  },
  {
    "ayah": 29,
    "time": 456659
  },
  {
    "ayah": 30,
    "time": 474989
  },
  {
    "ayah": 999,
    "time": 493061
  }
]