[
  {
    "ayah": 1,
    "time": 7065
  },
  {
    "ayah": 2,
    "time": 19419
  },
  {
    "ayah": 3,
    "time": 64140
  },
  {
    "ayah": 4,
    "time": 101106
  },
  {
    "ayah": 5,
    "time": 136865
  },
  {
    "ayah": 6,
    "time": 170859
  },
  {
    "ayah": 7,
    "time": 189203
  },
  {
    "ayah": 8,
    "time": 209204
  },
  {
    "ayah": 9,
    "time": 220303
  },
  {
    "ayah": 10,
    "time": 243948
  },
  {
    "ayah": 11,
    "time": 266186
  },
  {
    "ayah": 12,
    "time": 291914
  },
  {
    "ayah": 13,
    "time": 328555
  },
  {
    "ayah": 14,
    "time": 353832
  },
  {
    "ayah": 15,
    "time": 369250
  },
  {
    "ayah": 16,
    "time": 418570
  },
  {
    "ayah": 17,
    "time": 442625
  },
  {
    "ayah": 18,
    "time": 460133
  },
  {
    "ayah": 19,
    "time": 504655
  },
  {
    "ayah": 20,
    "time": 529825
  },
  {
    "ayah": 21,
    "time": 556403
  },
  {
    "ayah": 22,
    "time": 591837
  },
  {
    "ayah": 23,
    "time": 666326
  },
  {
    "ayah": 24,
    "time": 707658
  },
  {
    "ayah": 25,
    "time": 785205
  },
  {
    "ayah": 26,
    "time": 803100
  },
  {
    "ayah": 27,
    "time": 828145
  },
  {
    "ayah": 28,
    "time": 871784
  },
  {
    "ayah": 29,
    "time": 903796
  },
  {
    "ayah": 30,
    "time": 919771
  },
  {
    "ayah": 31,
    "time": 942745
  },
  {
    "ayah": 32,
    "time": 978982
  },
  {
    "ayah": 33,
    "time": 996072
  },
  {
    "ayah": 34,
    "time": 1009772
  },
  {
    "ayah": 35,
    "time": 1033131
  },
  {
    "ayah": 36,
    "time": 1072180
  },
  {
    "ayah": 37,
    "time": 1093860
  },
  {
    "ayah": 38,
    "time": 1125778
  },
  {
    "ayah": 39,
    "time": 1147048
  },
  {
    "ayah": 40,
    "time": 1170407
  },
  {
    "ayah": 41,
    "time": 1185254
  },
  {
    "ayah": 42,
    "time": 1211353
  },
  {
    "ayah": 43,
    "time": 1228814
  },
  {
    "ayah": 44,
    "time": 1245765
  },
  {
    "ayah": 45,
    "time": 1262065
  },
  {
    "ayah": 46,
    "time": 1288629
  },
  {
    "ayah": 47,
    "time": 1312328
  },
  {
    "ayah": 48,
    "time": 1331168
  },
  {
    "ayah": 49,
    "time": 1341617
  },
  {
    "ayah": 50,
    "time": 1374318
  },
  {
    "ayah": 51,
    "time": 1389596
  },
  {
    "ayah": 52,
    "time": 1409758
  },
  {
    "ayah": 53,
    "time": 1425116
  },
  {
    "ayah": 54,
    "time": 1446200
  },
  {
    "ayah": 55,
    "time": 1473646
  },
  {
    "ayah": 56,
    "time": 1496448
  },
  {
    "ayah": 57,
    "time": 1504435
  },
  {
    "ayah": 58,
    "time": 1531045
  },
  {
    "ayah": 59,
    "time": 1544452
  },
  {
    "ayah": 60,
    "time": 1580457
  },
  {
    "ayah": 61,
    "time": 1603538
  },
  {
    "ayah": 62,
    "time": 1655426
  },
  {
    "ayah": 63,
    "time": 1670233
  },
  {
    "ayah": 64,
    "time": 1677703
  },
  {
    "ayah": 65,
    "time": 1696696
  },
  {
    "ayah": 66,
    "time": 1712532
  },
  {
    "ayah": 67,
    "time": 1745319
  },
  {
    "ayah": 68,
    "time": 1764684
  },
  {
    "ayah": 69,
    "time": 1792502
  },
  {
    "ayah": 70,
    "time": 1803801
  },
  {
    "ayah": 71,
    "time": 1821480
  },
  {
    "ayah": 72,
    "time": 1868106
  },
  {
    "ayah": 73,
    "time": 1886543
  },
  {
    "ayah": 74,
    "time": 1911527
  },
  {
    "ayah": 75,
    "time": 1938609
  },
  {
    "ayah": 76,
    "time": 1960243
  },
  {
    "ayah": 77,
    "time": 1976915
  },
  {
    "ayah": 78,
    "time": 1994701
  },
  {
    "ayah": 79,
    "time": 2024609
  },
  {
    "ayah": 80,
    "time": 2032689
  },
  {
    "ayah": 81,
    "time": 2050861
  },
  {
    "ayah": 82,
    "time": 2072084
  },
  {
    "ayah": 83,
    "time": 2081544
  },
  {
    "ayah": 84,
    "time": 2114888
  },
  {
    "ayah": 85,
    "time": 2138479
  },
  {
    "ayah": 86,
    "time": 2151761
  },
  {
    "ayah": 87,
    "time": 2159788
  },
  {
    "ayah": 88,
    "time": 2183480
  },
  {
    "ayah": 89,
    "time": 2219842
  },
  {
    "ayah": 90,
    "time": 2238572
  },
  {
    "ayah": 91,
    "time": 2280864
  },
  {
    "ayah": 92,
    "time": 2293271
  },
  {
    "ayah": 93,
    "time": 2310818
  },
  {
    "ayah": 94,
    "time": 2344501
  },
  {
    "ayah": 95,
    "time": 2375416
  },
  {
    "ayah": 96,
    "time": 2387629
  },
  {
    "ayah": 97,
    "time": 2398557
  },
  {
    "ayah": 98,
    "time": 2410539
  },
  {
    "ayah": 99,
    "time": 2445036
  },
  {
    "ayah": 100,
    "time": 2465105
  },
  {
    "ayah": 101,
    "time": 2482088
  },
  {
    "ayah": 102,
    "time": 2498628
  },
  {
    "ayah": 103,
    "time": 2522459
  },
  {
    "ayah": 104,
    "time": 2537630
  },
  {
    "ayah": 105,
    "time": 2576036
  },
  {
    "ayah": 106,
    "time": 2587753
  },
  {
    "ayah": 107,
    "time": 2607397
  },
  {
    "ayah": 108,
    "time": 2640077
  },
  {
    "ayah": 109,
    "time": 2672088
  }
]