[
  {
    "ayah": 1,
    "time": 7909
  },
  {
    "ayah": 2,
    "time": 11913
  },
  {
    "ayah": 3,
    "time": 15966
  },
  {
    "ayah": 4,
    "time": 19974
  },
  {
    "ayah": 5,
    "time": 24231
  },
  {
    "ayah": 6,
    "time": 29886
  },
  {
    "ayah": 7,
    "time": 34445
  },
  {
    "ayah": 8,
    "time": 39852
  },
  {
    "ayah": 9,
    "time": 45859
  },
  {
    "ayah": 10,
    "time": 50320
  },
  {
    "ayah": 11,
    "time": 53971
  },
  {
    "ayah": 12,
    "time": 60579
  },
  {
    "ayah": 13,
    "time": 66036
  },
  {
    "ayah": 14,
    "time": 72195
  },
  {
    "ayah": 15,
    "time": 83562
  },
  {
    "ayah": 16,
    "time": 92223
  },
  {
    "ayah": 17,
    "time": 106943
  },
  {
    "ayah": 18,
    "time": 115002
  },
  {
    "ayah": 19,
    "time": 120562
  },
  {
    "ayah": 20,
    "time": 130631
  },
  {
    "ayah": 21,
    "time": 136686
  },
  {
    "ayah": 22,
    "time": 145446
  },
  {
    "ayah": 23,
    "time": 153156
  },
  {
    "ayah": 24,
    "time": 168676
  },
  {
    "ayah": 25,
    "time": 177049
  },
  {
    "ayah": 26,
    "time": 190216
  },
  {
    "ayah": 27,
    "time": 199590
  },
  {
    "ayah": 28,
    "time": 207791
  },
  {
    "ayah": 29,
    "time": 219905
  },
  {
    "ayah": 30,
    "time": 233226
  },
  {
    "ayah": 31,
    "time": 243942
  },
  {
    "ayah": 32,
    "time": 250649
  },
  {
    "ayah": 33,
    "time": 261763
  },
  {
    "ayah": 34,
    "time": 269826
  },
  {
    "ayah": 35,
    "time": 276533
  },
  {
    "ayah": 36,
    "time": 284194
  },
  {
    "ayah": 37,
    "time": 292907
  },
  {
    "ayah": 38,
    "time": 304122
  },
  {
    "ayah": 39,
    "time": 315338
  },
  {
    "ayah": 40,
    "time": 323349
  },
  {
    "ayah": 41,
    "time": 333563
  },
  {
    "ayah": 42,
    "time": 342023
  },
  {
    "ayah": 43,
    "time": 351942
  },
  {
    "ayah": 44,
    "time": 360452
  },
  {
    "ayah": 45,
    "time": 371513
  },
  {
    "ayah": 46,
    "time": 381227
  },
  {
    "ayah": 47,
    "time": 392794
  },
  {
    "ayah": 48,
    "time": 403107
  },
  {
    "ayah": 49,
    "time": 410214
  },
  {
    "ayah": 50,
    "time": 420732
  },
  {
    "ayah": 51,
    "time": 432547
  },
  {
    "ayah": 52,
    "time": 445970
  },
  {
    "ayah": 53,
    "time": 461485
  },
  {
    "ayah": 54,
    "time": 469396
  },
  {
    "ayah": 55,
    "time": 477258
  },
  {
    "ayah": 56,
    "time": 485470
  },
  {
    "ayah": 57,
    "time": 494433
  },
  {
    "ayah": 58,
    "time": 506499
  },
  {
    "ayah": 59,
    "time": 514860
  },
  {
    "ayah": 60,
    "time": 527276
  },
  {
    "ayah": 999,
    "time": 536791
  }
]