[
  {
    "ayah": 1,
    "time": 6322
  },
  {
    "ayah": 2,
    "time": 15936
  },
  {
    "ayah": 3,
    "time": 30518
  },
  {
    "ayah": 4,
    "time": 45703
  },
  {
    "ayah": 5,
    "time": 58753
  },
  {
    "ayah": 6,
    "time": 73607
  },
  {
    "ayah": 7,
    "time": 86471
  },
  {
    "ayah": 8,
    "time": 106400
  },
  {
    "ayah": 9,
    "time": 130781
  },
  {
    "ayah": 10,
    "time": 140905
  },
  {
    "ayah": 11,
    "time": 187810
  },
  {
    "ayah": 12,
    "time": 197887
  },
  {
    "ayah": 13,
    "time": 220457
  },
  {
    "ayah": 14,
    "time": 238236
  },
  {
    "ayah": 15,
    "time": 260163
  },
  {
    "ayah": 16,
    "time": 271541
  },
  {
    "ayah": 17,
    "time": 286248
  },
  {
    "ayah": 18,
    "time": 315287
  },
  {
    "ayah": 19,
    "time": 329033
  },
  {
    "ayah": 20,
    "time": 341526
  },
  {
    "ayah": 21,
    "time": 361170
  },
  {
    "ayah": 22,
    "time": 374730
  },
  {
    "ayah": 23,
    "time": 394607
  },
  {
    "ayah": 24,
    "time": 416240
  },
  {
    "ayah": 25,
    "time": 440954
  },
  {
    "ayah": 26,
    "time": 479313
  },
  {
    "ayah": 27,
    "time": 493934
  },
  {
    "ayah": 28,
    "time": 515536
  },
  {
    "ayah": 29,
    "time": 531233
  },
  {
    "ayah": 30,
    "time": 557843
  },
  {
    "ayah": 31,
    "time": 565041
  },
  {
    "ayah": 32,
    "time": 589029
  },
  {
    "ayah": 33,
    "time": 608277
  },
  {
    "ayah": 34,
    "time": 634747
  },
  {
    "ayah": 35,
    "time": 650576
  },
  {
    "ayah": 36,
    "time": 663076
  },
  {
    "ayah": 37,
    "time": 677565
  },
  {
    "ayah": 38,
    "time": 686342
  },
  {
    "ayah": 39,
    "time": 704639
  },
  {
    "ayah": 40,
    "time": 723765
  },
  {
    "ayah": 41,
    "time": 756141
  },
  {
    "ayah": 42,
    "time": 779779
  },
  {
    "ayah": 43,
    "time": 793386
  },
  {
    "ayah": 44,
    "time": 807039
  },
  {
    "ayah": 45,
    "time": 818510
  },
  {
    "ayah": 46,
    "time": 844052
  },
  {
    "ayah": 47,
    "time": 873070
  },
  {
    "ayah": 48,
    "time": 900616
  },
  {
    "ayah": 49,
    "time": 916080
  },
  {
    "ayah": 50,
    "time": 932520
  },
  {
    "ayah": 51,
    "time": 953046
  },
  {
    "ayah": 52,
    "time": 973294
  },
  {
    "ayah": 53,
    "time": 993767
  },
  {
    "ayah": 54,
    "time": 1015229
  },
  {
    "ayah": 55,
    "time": 1026236
  },
  {
    "ayah": 56,
    "time": 1040121
  },
  {
    "ayah": 57,
    "time": 1052381
  },
  {
    "ayah": 58,
    "time": 1064567
  },
  {
    "ayah": 59,
    "time": 1091477
  },
  {
    "ayah": 60,
    "time": 1098450
  },
  {
    "ayah": 61,
    "time": 1114750
  },
  {
    "ayah": 62,
    "time": 1132583
  },
  {
    "ayah": 63,
    "time": 1147894
  },
  {
    "ayah": 64,
    "time": 1176840
  },
  {
    "ayah": 65,
    "time": 1195323
  },
  {
    "ayah": 66,
    "time": 1208884
  },
  {
    "ayah": 67,
    "time": 1218722
  },
  {
    "ayah": 68,
    "time": 1236934
  },
  {
    "ayah": 69,
    "time": 1255742
  }
]