[
  {
    "ayah": 1,
    "time": 6369
  },
  {
    "ayah": 2,
    "time": 22662
  },
  {
    "ayah": 3,
    "time": 53941
  },
  {
    "ayah": 4,
    "time": 64976
  },
  {
    "ayah": 5,
    "time": 75915
  },
  {
    "ayah": 6,
    "time": 88057
  },
  {
    "ayah": 7,
    "time": 97112
  },
  {
    "ayah": 8,
    "time": 115488
  },
  {
    "ayah": 9,
    "time": 128167
  },
  {
    "ayah": 10,
    "time": 143120
  },
  {
    "ayah": 11,
    "time": 162911
  },
  {
    "ayah": 12,
    "time": 186534
  },
  {
    "ayah": 13,
    "time": 208940
  },
  {
    "ayah": 14,
    "time": 223926
  },
  {
    "ayah": 15,
    "time": 260195
  },
  {
    "ayah": 16,
    "time": 274034
  },
  {
    "ayah": 17,
    "time": 283104
  },
  {
    "ayah": 18,
    "time": 292053
  },
  {
    "ayah": 19,
    "time": 304778
  },
  {
    "ayah": 20,
    "time": 312254
  },
  {
    "ayah": 21,
    "time": 324375
  },
  {
    "ayah": 22,
    "time": 335614
  },
  {
    "ayah": 23,
    "time": 353911
  },
  {
    "ayah": 24,
    "time": 370258
  },
  {
    "ayah": 25,
    "time": 384886
  },
  {
    "ayah": 26,
    "time": 407688
  },
  {
    "ayah": 27,
    "time": 436202
  },
  {
    "ayah": 28,
    "time": 466513
  },
  {
    "ayah": 29,
    "time": 497517
  },
  {
    "ayah": 30,
    "time": 510971
  },
  {
    "ayah": 31,
    "time": 538338
  },
  {
    "ayah": 32,
    "time": 561637
  },
  {
    "ayah": 33,
    "time": 580252
  },
  {
    "ayah": 34,
    "time": 610591
  },
  {
    "ayah": 35,
    "time": 622705
  },
  {
    "ayah": 36,
    "time": 663665
  },
  {
    "ayah": 37,
    "time": 696452
  },
  {
    "ayah": 38,
    "time": 712241
  },
  {
    "ayah": 39,
    "time": 734811
  },
  {
    "ayah": 40,
    "time": 749825
  },
  {
    "ayah": 41,
    "time": 763790
  },
  {
    "ayah": 42,
    "time": 782823
  },
  {
    "ayah": 43,
    "time": 790400
  },
  {
    "ayah": 44,
    "time": 811669
  },
  {
    "ayah": 45,
    "time": 830942
  },
  {
    "ayah": 46,
    "time": 846538
  },
  {
    "ayah": 47,
    "time": 855190
  },
  {
    "ayah": 48,
    "time": 865532
  },
  {
    "ayah": 49,
    "time": 885044
  },
  {
    "ayah": 50,
    "time": 904974
  },
  {
    "ayah": 51,
    "time": 916670
  },
  {
    "ayah": 52,
    "time": 931577
  },
  {
    "ayah": 53,
    "time": 942862
  },
  {
    "ayah": 54,
    "time": 956855
  },
  {
    "ayah": 55,
    "time": 969418
  },
  {
    "ayah": 56,
    "time": 979224
  },
  {
    "ayah": 57,
    "time": 995943
  },
  {
    "ayah": 58,
    "time": 1005145
  },
  {
    "ayah": 59,
    "time": 1016887
  },
  {
    "ayah": 60,
    "time": 1039332
  },
  {
    "ayah": 61,
    "time": 1053110
  },
  {
    "ayah": 62,
    "time": 1087351
  },
  {
    "ayah": 63,
    "time": 1106809
  },
  {
    "ayah": 64,
    "time": 1132908
  },
  {
    "ayah": 65,
    "time": 1154967
  },
  {
    "ayah": 66,
    "time": 1176494
  },
  {
    "ayah": 67,
    "time": 1202182
  },
  {
    "ayah": 68,
    "time": 1222437
  },
  {
    "ayah": 69,
    "time": 1237059
  },
  {
    "ayah": 70,
    "time": 1270138
  },
  {
    "ayah": 71,
    "time": 1296980
  },
  {
    "ayah": 72,
    "time": 1325295
  },
  {
    "ayah": 73,
    "time": 1363157
  },
  {
    "ayah": 74,
    "time": 1380565
  },
  {
    "ayah": 75,
    "time": 1395465
  },
  {
    "ayah": 76,
    "time": 1436007
  },
  {
    "ayah": 77,
    "time": 1474938
  },
  {
    "ayah": 78,
    "time": 1497401
  },
  {
    "ayah": 79,
    "time": 1520953
  },
  {
    "ayah": 80,
    "time": 1545759
  },
  {
    "ayah": 81,
    "time": 1585669
  },
  {
    "ayah": 82,
    "time": 1621117
  },
  {
    "ayah": 83,
    "time": 1630405
  },
  {
    "ayah": 84,
    "time": 1641922
  },
  {
    "ayah": 85,
    "time": 1658826
  },
  {
    "ayah": 86,
    "time": 1671100
  },
  {
    "ayah": 87,
    "time": 1701101
  },
  {
    "ayah": 88,
    "time": 1712696
  },
  {
    "ayah": 89,
    "time": 1728872
  },
  {
    "ayah": 90,
    "time": 1765884
  },
  {
    "ayah": 91,
    "time": 1787968
  },
  {
    "ayah": 92,
    "time": 1808330
  },
  {
    "ayah": 93,
    "time": 1847943
  },
  {
    "ayah": 94,
    "time": 1873021
  },
  {
    "ayah": 95,
    "time": 1897852
  },
  {
    "ayah": 96,
    "time": 1914756
  },
  {
    "ayah": 97,
    "time": 1936272
  },
  {
    "ayah": 98,
    "time": 1961118
  },
  {
    "ayah": 99,
    "time": 1970809
  },
  {
    "ayah": 100,
    "time": 1982744
  },
  {
    "ayah": 101,
    "time": 1995469
  },
  {
    "ayah": 102,
    "time": 2019664
  },
  {
    "ayah": 103,
    "time": 2038347
  },
  {
    "ayah": 104,
    "time": 2059974
  },
  {
    "ayah": 105,
    "time": 2073116
  },
  {
    "ayah": 106,
    "time": 2090810
  },
  {
    "ayah": 107,
    "time": 2131995
  },
  {
    "ayah": 108,
    "time": 2147699
  },
  {
    "ayah": 109,
    "time": 2165067
  },
  {
    "ayah": 110,
    "time": 2173069
  },
  {
    "ayah": 111,
    "time": 2197961
  },
  {
    "ayah": 112,
    "time": 2219263
  },
  {
    "ayah": 113,
    "time": 2250006
  },
  {
    "ayah": 114,
    "time": 2263116
  },
  {
    "ayah": 115,
    "time": 2282189
  },
  {
    "ayah": 116,
    "time": 2307963
  },
  {
    "ayah": 117,
    "time": 2331183
  },
  {
    "ayah": 118,
    "time": 2339728
  },
  {
    "ayah": 119,
    "time": 2359751
  },
  {
    "ayah": 120,
    "time": 2389294
  },
  {
    "ayah": 121,
    "time": 2402793
  },
  {
    "ayah": 122,
    "time": 2413303
  },
  {
    "ayah": 123,
    "time": 2424574
  },
  {
    "ayah": 124,
    "time": 2439495
  },
  {
    "ayah": 125,
    "time": 2459450
  },
  {
    "ayah": 126,
    "time": 2483892
  },
  {
    "ayah": 127,
    "time": 2499435
  },
  {
    "ayah": 128,
    "time": 2516950
  }
]