[
  {
    "ayah": 1,
    "time": 13846
  },
  {
    "ayah": 2,
    "time": 24109
  },
  {
    "ayah": 3,
    "time": 41895
  },
  {
    "ayah": 4,
    "time": 52855
  },
  {
    "ayah": 5,
    "time": 64651
  },
  {
    "ayah": 6,
    "time": 78258
  },
  {
    "ayah": 7,
    "time": 96277
  },
  {
    "ayah": 8,
    "time": 111927
  },
  {
    "ayah": 9,
    "time": 120425
  },
  {
    "ayah": 10,
    "time": 140023
  },
  {
    "ayah": 11,
    "time": 148986
  },
  {
    "ayah": 12,
    "time": 163243
  },
  {
    "ayah": 13,
    "time": 172810
  },
  {
    "ayah": 14,
    "time": 179297
  },
  {
    "ayah": 15,
    "time": 191107
  },
  {
    "ayah": 16,
    "time": 203739
  },
  {
    "ayah": 17,
    "time": 219110
  },
  {
    "ayah": 18,
    "time": 228862
  },
  {
    "ayah": 19,
    "time": 238276
  },
  {
    "ayah": 20,
    "time": 251379
  },
  {
    "ayah": 21,
    "time": 261092
  },
  {
    "ayah": 22,
    "time": 273477
  },
  {
    "ayah": 23,
    "time": 290535
  },
  {
    "ayah": 24,
    "time": 298290
  },
  {
    "ayah": 25,
    "time": 307207
  },
  {
    "ayah": 26,
    "time": 315752
  },
  {
    "ayah": 27,
    "time": 327222
  },
  {
    "ayah": 28,
    "time": 342355
  },
  {
    "ayah": 29,
    "time": 353414
  },
  {
    "ayah": 30,
    "time": 365164
  },
  {
    "ayah": 31,
    "time": 377145
  },
  {
    "ayah": 32,
    "time": 386015
  },
  {
    "ayah": 33,
    "time": 394653
  },
  {
    "ayah": 34,
    "time": 405738
  },
  {
    "ayah": 35,
    "time": 415862
  },
  {
    "ayah": 36,
    "time": 426557
  },
  {
    "ayah": 37,
    "time": 443879
  },
  {
    "ayah": 38,
    "time": 458415
  },
  {
    "ayah": 39,
    "time": 473494
  },
  {
    "ayah": 40,
    "time": 486697
  },
  {
    "ayah": 41,
    "time": 494267
  },
  {
    "ayah": 42,
    "time": 504948
  },
  {
    "ayah": 43,
    "time": 514779
  },
  {
    "ayah": 44,
    "time": 523199
  },
  {
    "ayah": 45,
    "time": 534066
  }
]