[
  {
    "ayah": 1,
    "time": 4051
  },
  {
    "ayah": 2,
    "time": 14281
  },
  {
    "ayah": 3,
    "time": 25638
  },
  {
    "ayah": 4,
    "time": 44415
  },
  {
    "ayah": 5,
    "time": 60936
  },
  {
    "ayah": 6,
    "time": 80463
  },
  {
    "ayah": 7,
    "time": 112769
  },
  {
    "ayah": 8,
    "time": 122782
  },
  {
    "ayah": 9,
    "time": 139105
  },
  {
    "ayah": 10,
    "time": 154173
  },
  {
    "ayah": 11,
    "time": 172602
  },
  {
    "ayah": 12,
    "time": 186369
  },
  {
    "ayah": 13,
    "time": 196843
  },
  {
    "ayah": 14,
    "time": 213316
  },
  {
    "ayah": 15,
    "time": 224281
  },
  {
    "ayah": 16,
    "time": 247669
  },
  {
    "ayah": 17,
    "time": 258188
  },
  {
    "ayah": 18,
    "time": 282572
  },
  {
    "ayah": 19,
    "time": 305357
  },
  {
    "ayah": 20,
    "time": 328151
  },
  {
    "ayah": 21,
    "time": 339707
  },
  {
    "ayah": 22,
    "time": 381716
  },
  {
    "ayah": 23,
    "time": 397044
  },
  {
    "ayah": 24,
    "time": 423182
  },
  {
    "ayah": 25,
    "time": 449168
  },
  {
    "ayah": 26,
    "time": 474861
  },
  {
    "ayah": 27,
    "time": 495642
  },
  {
    "ayah": 28,
    "time": 507458
  },
  {
    "ayah": 29,
    "time": 525632
  },
  {
    "ayah": 30,
    "time": 539451
  },
  {
    "ayah": 31,
    "time": 557726
  },
  {
    "ayah": 32,
    "time": 608465
  },
  {
    "ayah": 33,
    "time": 633850
  },
  {
    "ayah": 34,
    "time": 663239
  },
  {
    "ayah": 35,
    "time": 676167
  },
  {
    "ayah": 36,
    "time": 688535
  },
  {
    "ayah": 37,
    "time": 723332
  },
  {
    "ayah": 38,
    "time": 756798
  },
  {
    "ayah": 39,
    "time": 789813
  },
  {
    "ayah": 40,
    "time": 800877
  },
  {
    "ayah": 41,
    "time": 857505
  },
  {
    "ayah": 42,
    "time": 881385
  },
  {
    "ayah": 43,
    "time": 906037
  },
  {
    "ayah": 44,
    "time": 939036
  },
  {
    "ayah": 45,
    "time": 950153
  },
  {
    "ayah": 46,
    "time": 963768
  },
  {
    "ayah": 47,
    "time": 995023
  },
  {
    "ayah": 48,
    "time": 1011747
  },
  {
    "ayah": 49,
    "time": 1030441
  },
  {
    "ayah": 50,
    "time": 1043659
  },
  {
    "ayah": 51,
    "time": 1074048
  },
  {
    "ayah": 52,
    "time": 1104362
  },
  {
    "ayah": 53,
    "time": 1118391
  },
  {
    "ayah": 54,
    "time": 1140219
  },
  {
    "ayah": 55,
    "time": 1156242
  },
  {
    "ayah": 56,
    "time": 1165906
  },
  {
    "ayah": 57,
    "time": 1186684
  },
  {
    "ayah": 58,
    "time": 1194995
  },
  {
    "ayah": 59,
    "time": 1206209
  },
  {
    "ayah": 60,
    "time": 1226848
  },
  {
    "ayah": 61,
    "time": 1236160
  },
  {
    "ayah": 62,
    "time": 1243921
  },
  {
    "ayah": 63,
    "time": 1261897
  },
  {
    "ayah": 64,
    "time": 1283479
  },
  {
    "ayah": 65,
    "time": 1304114
  },
  {
    "ayah": 66,
    "time": 1333712
  },
  {
    "ayah": 67,
    "time": 1360639
  },
  {
    "ayah": 68,
    "time": 1394676
  },
  {
    "ayah": 69,
    "time": 1426882
  },
  {
    "ayah": 70,
    "time": 1444055
  },
  {
    "ayah": 71,
    "time": 1462780
  },
  {
    "ayah": 72,
    "time": 1470751
  },
  {
    "ayah": 73,
    "time": 1483168
  },
  {
    "ayah": 74,
    "time": 1495805
  },
  {
    "ayah": 75,
    "time": 1506318
  },
  {
    "ayah": 76,
    "time": 1519838
  },
  {
    "ayah": 77,
    "time": 1557901
  },
  {
    "ayah": 78,
    "time": 1583444
  },
  {
    "ayah": 79,
    "time": 1603730
  },
  {
    "ayah": 80,
    "time": 1620352
  },
  {
    "ayah": 81,
    "time": 1656134
  },
  {
    "ayah": 82,
    "time": 1677959
  },
  {
    "ayah": 83,
    "time": 1691990
  },
  {
    "ayah": 84,
    "time": 1714074
  },
  {
    "ayah": 85,
    "time": 1726189
  },
  {
    "ayah": 86,
    "time": 1736702
  },
  {
    "ayah": 87,
    "time": 1750230
  },
  {
    "ayah": 88,
    "time": 1769407
  },
  {
    "ayah": 89,
    "time": 1795892
  },
  {
    "ayah": 90,
    "time": 1807257
  },
  {
    "ayah": 91,
    "time": 1833593
  },
  {
    "ayah": 92,
    "time": 1844267
  },
  {
    "ayah": 93,
    "time": 1853972
  },
  {
    "ayah": 94,
    "time": 1867440
  },
  {
    "ayah": 95,
    "time": 1882862
  },
  {
    "ayah": 96,
    "time": 1889670
  },
  {
    "ayah": 97,
    "time": 1913152
  },
  {
    "ayah": 98,
    "time": 1925170
  },
  {
    "ayah": 99,
    "time": 1935233
  },
  {
    "ayah": 100,
    "time": 1950763
  },
  {
    "ayah": 101,
    "time": 2001793
  },
  {
    "ayah": 102,
    "time": 2025928
  },
  {
    "ayah": 103,
    "time": 2043904
  },
  {
    "ayah": 104,
    "time": 2051761
  },
  {
    "ayah": 105,
    "time": 2061225
  },
  {
    "ayah": 106,
    "time": 2073090
  },
  {
    "ayah": 107,
    "time": 2081702
  },
  {
    "ayah": 108,
    "time": 2097229
  },
  {
    "ayah": 109,
    "time": 2116265
  },
  {
    "ayah": 110,
    "time": 2151511
  },
  {
    "ayah": 111,
    "time": 2179650
  },
  {
    "ayah": 999,
    "time": 2205532
  }
]