[
  {
    "ayah": 1,
    "time": 3834
  },
  {
    "ayah": 2,
    "time": 23822
  },
  {
    "ayah": 3,
    "time": 38896
  },
  {
    "ayah": 4,
    "time": 78742
  },
  {
    "ayah": 5,
    "time": 110990
  },
  {
    "ayah": 6,
    "time": 151494
  },
  {
    "ayah": 7,
    "time": 194303
  },
  {
    "ayah": 8,
    "time": 212728
  },
  {
    "ayah": 9,
    "time": 295153
  },
  {
    "ayah": 10,
    "time": 316935
  },
  {
    "ayah": 11,
    "time": 359536
  },
  {
    "ayah": 12,
    "time": 396736
  },
  {
    "ayah": 999,
    "time": 428580
  }
]