[
  {
    "ayah": 1,
    "time": 3661
  },
  {
    "ayah": 2,
    "time": 6194
  },
  {
    "ayah": 3,
    "time": 9074
  },
  {
    "ayah": 4,
    "time": 12411
  },
  {
    "ayah": 5,
    "time": 15450
  },
  {
    "ayah": 6,
    "time": 18707
  },
  {
    "ayah": 7,
    "time": 20732
  },
  {
    "ayah": 8,
    "time": 23863
  },
  {
    "ayah": 9,
    "time": 27238
  },
  {
    "ayah": 10,
    "time": 29222
  },
  {
    "ayah": 11,
    "time": 32246
  },
  {
    "ayah": 12,
    "time": 37230
  },
  {
    "ayah": 13,
    "time": 39719
  },
  {
    "ayah": 14,
    "time": 43957
  },
  {
    "ayah": 15,
    "time": 48610
  },
  {
    "ayah": 16,
    "time": 52479
  },
  {
    "ayah": 17,
    "time": 55697
  },
  {
    "ayah": 18,
    "time": 58305
  },
  {
    "ayah": 19,
    "time": 62292
  },
  {
    "ayah": 20,
    "time": 68174
  },
  {
    "ayah": 21,
    "time": 73379
  },
  {
    "ayah": 999,
    "time": 76835
  }
]