[
  {
    "ayah": 1,
    "time": 4193
  },
  {
    "ayah": 2,
    "time": 11284
  },
  {
    "ayah": 3,
    "time": 21362
  },
  {
    "ayah": 4,
    "time": 35805
  },
  {
    "ayah": 5,
    "time": 47725
  },
  {
    "ayah": 6,
    "time": 59861
  },
  {
    "ayah": 7,
    "time": 72081
  },
  {
    "ayah": 8,
    "time": 88614
  },
  {
    "ayah": 9,
    "time": 113852
  },
  {
    "ayah": 10,
    "time": 124126
  },
  {
    "ayah": 11,
    "time": 158213
  },
  {
    "ayah": 12,
    "time": 169680
  },
  {
    "ayah": 13,
    "time": 196162
  },
  {
    "ayah": 14,
    "time": 212694
  },
  {
    "ayah": 15,
    "time": 228862
  },
  {
    "ayah": 16,
    "time": 239119
  },
  {
    "ayah": 17,
    "time": 255519
  },
  {
    "ayah": 18,
    "time": 284955
  },
  {
    "ayah": 19,
    "time": 298244
  },
  {
    "ayah": 20,
    "time": 310822
  },
  {
    "ayah": 21,
    "time": 330466
  },
  {
    "ayah": 22,
    "time": 342680
  },
  {
    "ayah": 23,
    "time": 359452
  },
  {
    "ayah": 24,
    "time": 378120
  },
  {
    "ayah": 25,
    "time": 403895
  },
  {
    "ayah": 26,
    "time": 438160
  },
  {
    "ayah": 27,
    "time": 451767
  },
  {
    "ayah": 28,
    "time": 475382
  },
  {
    "ayah": 29,
    "time": 489386
  },
  {
    "ayah": 30,
    "time": 515731
  },
  {
    "ayah": 31,
    "time": 522265
  },
  {
    "ayah": 32,
    "time": 542188
  },
  {
    "ayah": 33,
    "time": 561357
  },
  {
    "ayah": 34,
    "time": 590307
  },
  {
    "ayah": 35,
    "time": 606654
  },
  {
    "ayah": 36,
    "time": 615902
  },
  {
    "ayah": 37,
    "time": 630570
  },
  {
    "ayah": 38,
    "time": 639983
  },
  {
    "ayah": 39,
    "time": 659674
  },
  {
    "ayah": 40,
    "time": 680254
  },
  {
    "ayah": 41,
    "time": 715584
  },
  {
    "ayah": 42,
    "time": 738357
  },
  {
    "ayah": 43,
    "time": 750192
  },
  {
    "ayah": 44,
    "time": 760588
  },
  {
    "ayah": 45,
    "time": 772405
  },
  {
    "ayah": 46,
    "time": 796436
  },
  {
    "ayah": 47,
    "time": 826493
  },
  {
    "ayah": 48,
    "time": 849395
  },
  {
    "ayah": 49,
    "time": 864388
  },
  {
    "ayah": 50,
    "time": 878877
  },
  {
    "ayah": 51,
    "time": 897128
  },
  {
    "ayah": 52,
    "time": 916733
  },
  {
    "ayah": 53,
    "time": 938778
  },
  {
    "ayah": 54,
    "time": 958707
  },
  {
    "ayah": 55,
    "time": 970928
  },
  {
    "ayah": 56,
    "time": 987972
  },
  {
    "ayah": 57,
    "time": 999675
  },
  {
    "ayah": 58,
    "time": 1010541
  },
  {
    "ayah": 59,
    "time": 1031793
  },
  {
    "ayah": 60,
    "time": 1039234
  },
  {
    "ayah": 61,
    "time": 1055681
  },
  {
    "ayah": 62,
    "time": 1072850
  },
  {
    "ayah": 63,
    "time": 1088050
  },
  {
    "ayah": 64,
    "time": 1112881
  },
  {
    "ayah": 65,
    "time": 1134429
  },
  {
    "ayah": 66,
    "time": 1148732
  },
  {
    "ayah": 67,
    "time": 1157477
  },
  {
    "ayah": 68,
    "time": 1176464
  },
  {
    "ayah": 69,
    "time": 1195040
  }
]