[
  {
    "ayah": 1,
    "time": 3496
  },
  {
    "ayah": 2,
    "time": 10607
  },
  {
    "ayah": 3,
    "time": 14616
  },
  {
    "ayah": 4,
    "time": 19421
  },
  {
    "ayah": 5,
    "time": 29699
  },
  {
    "ayah": 6,
    "time": 40616
  },
  {
    "ayah": 7,
    "time": 61090
  },
  {
    "ayah": 8,
    "time": 78518
  },
  {
    "ayah": 9,
    "time": 87928
  },
  {
    "ayah": 10,
    "time": 96241
  },
  {
    "ayah": 11,
    "time": 129387
  },
  {
    "ayah": 12,
    "time": 142601
  },
  {
    "ayah": 13,
    "time": 161877
  },
  {
    "ayah": 14,
    "time": 174962
  },
  {
    "ayah": 15,
    "time": 196534
  },
  {
    "ayah": 16,
    "time": 228679
  },
  {
    "ayah": 17,
    "time": 253467
  },
  {
    "ayah": 18,
    "time": 270988
  },
  {
    "ayah": 19,
    "time": 286209
  },
  {
    "ayah": 20,
    "time": 298477
  },
  {
    "ayah": 21,
    "time": 326916
  },
  {
    "ayah": 22,
    "time": 348648
  },
  {
    "ayah": 23,
    "time": 365317
  },
  {
    "ayah": 24,
    "time": 383692
  },
  {
    "ayah": 25,
    "time": 393107
  },
  {
    "ayah": 26,
    "time": 409538
  },
  {
    "ayah": 27,
    "time": 419198
  },
  {
    "ayah": 28,
    "time": 440678
  },
  {
    "ayah": 29,
    "time": 453647
  },
  {
    "ayah": 30,
    "time": 492057
  },
  {
    "ayah": 31,
    "time": 508330
  },
  {
    "ayah": 32,
    "time": 528307
  },
  {
    "ayah": 33,
    "time": 553854
  },
  {
    "ayah": 34,
    "time": 587100
  },
  {
    "ayah": 999,
    "time": 615188
  }
]