[
  {
    "ayah": 1,
    "time": 12492
  },
  {
    "ayah": 2,
    "time": 24062
  },
  {
    "ayah": 3,
    "time": 29210
  },
  {
    "ayah": 4,
    "time": 39806
  },
  {
    "ayah": 5,
    "time": 52112
  },
  {
    "ayah": 6,
    "time": 63629
  },
  {
    "ayah": 7,
    "time": 71888
  },
  {
    "ayah": 8,
    "time": 94373
  },
  {
    "ayah": 9,
    "time": 110566
  },
  {
    "ayah": 10,
    "time": 121261
  },
  {
    "ayah": 11,
    "time": 148521
  },
  {
    "ayah": 12,
    "time": 162864
  },
  {
    "ayah": 13,
    "time": 185388
  },
  {
    "ayah": 14,
    "time": 198537
  },
  {
    "ayah": 15,
    "time": 217253
  },
  {
    "ayah": 16,
    "time": 233274
  },
  {
    "ayah": 17,
    "time": 256262
  },
  {
    "ayah": 18,
    "time": 267315
  },
  {
    "ayah": 19,
    "time": 296897
  },
  {
    "ayah": 20,
    "time": 332284
  },
  {
    "ayah": 21,
    "time": 345512
  },
  {
    "ayah": 22,
    "time": 362609
  },
  {
    "ayah": 23,
    "time": 376774
  },
  {
    "ayah": 24,
    "time": 390884
  },
  {
    "ayah": 25,
    "time": 414251
  },
  {
    "ayah": 26,
    "time": 429019
  },
  {
    "ayah": 27,
    "time": 439467
  },
  {
    "ayah": 28,
    "time": 447594
  },
  {
    "ayah": 29,
    "time": 463709
  },
  {
    "ayah": 30,
    "time": 477966
  },
  {
    "ayah": 31,
    "time": 489483
  },
  {
    "ayah": 32,
    "time": 496203
  },
  {
    "ayah": 33,
    "time": 512100
  },
  {
    "ayah": 34,
    "time": 526853
  },
  {
    "ayah": 35,
    "time": 546465
  },
  {
    "ayah": 36,
    "time": 559840
  },
  {
    "ayah": 37,
    "time": 595970
  },
  {
    "ayah": 38,
    "time": 620894
  },
  {
    "ayah": 39,
    "time": 632565
  },
  {
    "ayah": 40,
    "time": 649833
  },
  {
    "ayah": 41,
    "time": 695894
  },
  {
    "ayah": 42,
    "time": 709144
  },
  {
    "ayah": 43,
    "time": 728231
  },
  {
    "ayah": 44,
    "time": 743960
  },
  {
    "ayah": 45,
    "time": 778525
  },
  {
    "ayah": 46,
    "time": 791375
  },
  {
    "ayah": 47,
    "time": 805042
  },
  {
    "ayah": 48,
    "time": 822690
  },
  {
    "ayah": 49,
    "time": 832296
  },
  {
    "ayah": 50,
    "time": 855848
  },
  {
    "ayah": 51,
    "time": 865029
  },
  {
    "ayah": 52,
    "time": 876878
  },
  {
    "ayah": 53,
    "time": 890724
  },
  {
    "ayah": 54,
    "time": 900059
  },
  {
    "ayah": 55,
    "time": 910972
  },
  {
    "ayah": 56,
    "time": 928805
  },
  {
    "ayah": 57,
    "time": 956297
  },
  {
    "ayah": 58,
    "time": 967303
  },
  {
    "ayah": 59,
    "time": 978542
  },
  {
    "ayah": 60,
    "time": 994982
  },
  {
    "ayah": 61,
    "time": 1033434
  },
  {
    "ayah": 62,
    "time": 1062459
  },
  {
    "ayah": 63,
    "time": 1085890
  },
  {
    "ayah": 64,
    "time": 1116143
  },
  {
    "ayah": 65,
    "time": 1143914
  },
  {
    "ayah": 66,
    "time": 1160215
  },
  {
    "ayah": 67,
    "time": 1172800
  },
  {
    "ayah": 68,
    "time": 1188125
  },
  {
    "ayah": 69,
    "time": 1203776
  },
  {
    "ayah": 70,
    "time": 1213389
  },
  {
    "ayah": 71,
    "time": 1223963
  },
  {
    "ayah": 72,
    "time": 1232700
  },
  {
    "ayah": 73,
    "time": 1243328
  },
  {
    "ayah": 74,
    "time": 1254952
  },
  {
    "ayah": 75,
    "time": 1264930
  },
  {
    "ayah": 76,
    "time": 1278265
  },
  {
    "ayah": 77,
    "time": 1293537
  },
  {
    "ayah": 78,
    "time": 1301624
  },
  {
    "ayah": 79,
    "time": 1311888
  },
  {
    "ayah": 80,
    "time": 1322244
  },
  {
    "ayah": 81,
    "time": 1335511
  },
  {
    "ayah": 82,
    "time": 1355255
  },
  {
    "ayah": 83,
    "time": 1376625
  },
  {
    "ayah": 84,
    "time": 1391161
  },
  {
    "ayah": 85,
    "time": 1408901
  },
  {
    "ayah": 86,
    "time": 1418514
  },
  {
    "ayah": 87,
    "time": 1435782
  },
  {
    "ayah": 88,
    "time": 1455712
  },
  {
    "ayah": 89,
    "time": 1479768
  },
  {
    "ayah": 90,
    "time": 1495457
  },
  {
    "ayah": 91,
    "time": 1517291
  },
  {
    "ayah": 92,
    "time": 1536100
  },
  {
    "ayah": 93,
    "time": 1555465
  }
]