[
  {
    "ayah": 1,
    "time": 3465
  },
  {
    "ayah": 2,
    "time": 9373
  },
  {
    "ayah": 3,
    "time": 15789
  },
  {
    "ayah": 4,
    "time": 28256
  },
  {
    "ayah": 5,
    "time": 49365
  },
  {
    "ayah": 6,
    "time": 58360
  },
  {
    "ayah": 7,
    "time": 70735
  },
  {
    "ayah": 8,
    "time": 125859
  },
  {
    "ayah": 9,
    "time": 141030
  },
  {
    "ayah": 10,
    "time": 154587
  },
  {
    "ayah": 11,
    "time": 172113
  },
  {
    "ayah": 12,
    "time": 188035
  },
  {
    "ayah": 13,
    "time": 201902
  },
  {
    "ayah": 14,
    "time": 232699
  },
  {
    "ayah": 15,
    "time": 261974
  },
  {
    "ayah": 16,
    "time": 291921
  },
  {
    "ayah": 17,
    "time": 308368
  },
  {
    "ayah": 18,
    "time": 320767
  },
  {
    "ayah": 19,
    "time": 339882
  },
  {
    "ayah": 20,
    "time": 367014
  },
  {
    "ayah": 21,
    "time": 397850
  },
  {
    "ayah": 22,
    "time": 418105
  },
  {
    "ayah": 23,
    "time": 431551
  },
  {
    "ayah": 24,
    "time": 450713
  },
  {
    "ayah": 25,
    "time": 467749
  },
  {
    "ayah": 26,
    "time": 482099
  },
  {
    "ayah": 27,
    "time": 514554
  },
  {
    "ayah": 28,
    "time": 537022
  },
  {
    "ayah": 29,
    "time": 566290
  },
  {
    "ayah": 30,
    "time": 585423
  },
  {
    "ayah": 31,
    "time": 613620
  },
  {
    "ayah": 32,
    "time": 629170
  },
  {
    "ayah": 33,
    "time": 641916
  },
  {
    "ayah": 34,
    "time": 653637
  },
  {
    "ayah": 35,
    "time": 661824
  },
  {
    "ayah": 36,
    "time": 679711
  },
  {
    "ayah": 37,
    "time": 708218
  },
  {
    "ayah": 38,
    "time": 745230
  },
  {
    "ayah": 39,
    "time": 760866
  },
  {
    "ayah": 40,
    "time": 790602
  },
  {
    "ayah": 41,
    "time": 805827
  },
  {
    "ayah": 42,
    "time": 827775
  },
  {
    "ayah": 43,
    "time": 842793
  },
  {
    "ayah": 44,
    "time": 850470
  },
  {
    "ayah": 45,
    "time": 870557
  },
  {
    "ayah": 46,
    "time": 891237
  },
  {
    "ayah": 47,
    "time": 899039
  },
  {
    "ayah": 48,
    "time": 921477
  },
  {
    "ayah": 49,
    "time": 929086
  },
  {
    "ayah": 50,
    "time": 978359
  },
  {
    "ayah": 51,
    "time": 998706
  },
  {
    "ayah": 52,
    "time": 1009288
  },
  {
    "ayah": 53,
    "time": 1031793
  },
  {
    "ayah": 54,
    "time": 1043553
  },
  {
    "ayah": 55,
    "time": 1051819
  },
  {
    "ayah": 56,
    "time": 1082438
  },
  {
    "ayah": 57,
    "time": 1097609
  },
  {
    "ayah": 58,
    "time": 1110348
  },
  {
    "ayah": 59,
    "time": 1117825
  },
  {
    "ayah": 60,
    "time": 1132314
  },
  {
    "ayah": 61,
    "time": 1139126
  },
  {
    "ayah": 62,
    "time": 1174303
  },
  {
    "ayah": 63,
    "time": 1188406
  },
  {
    "ayah": 64,
    "time": 1197816
  },
  {
    "ayah": 65,
    "time": 1228963
  },
  {
    "ayah": 66,
    "time": 1251611
  },
  {
    "ayah": 67,
    "time": 1272491
  },
  {
    "ayah": 68,
    "time": 1288306
  },
  {
    "ayah": 69,
    "time": 1304367
  },
  {
    "ayah": 70,
    "time": 1320196
  },
  {
    "ayah": 71,
    "time": 1329637
  },
  {
    "ayah": 72,
    "time": 1341697
  },
  {
    "ayah": 73,
    "time": 1361759
  },
  {
    "ayah": 74,
    "time": 1392967
  },
  {
    "ayah": 75,
    "time": 1403934
  },
  {
    "ayah": 76,
    "time": 1438282
  },
  {
    "ayah": 77,
    "time": 1447666
  },
  {
    "ayah": 78,
    "time": 1477570
  },
  {
    "ayah": 79,
    "time": 1507749
  },
  {
    "ayah": 80,
    "time": 1538517
  },
  {
    "ayah": 81,
    "time": 1555653
  },
  {
    "ayah": 82,
    "time": 1594045
  },
  {
    "ayah": 83,
    "time": 1602690
  },
  {
    "ayah": 84,
    "time": 1618333
  },
  {
    "ayah": 85,
    "time": 1648294
  },
  {
    "ayah": 86,
    "time": 1660700
  },
  {
    "ayah": 87,
    "time": 1680948
  },
  {
    "ayah": 88,
    "time": 1694423
  },
  {
    "ayah": 89,
    "time": 1703982
  },
  {
    "ayah": 90,
    "time": 1715667
  },
  {
    "ayah": 91,
    "time": 1734772
  },
  {
    "ayah": 92,
    "time": 1765708
  },
  {
    "ayah": 93,
    "time": 1783516
  },
  {
    "ayah": 94,
    "time": 1809197
  },
  {
    "ayah": 95,
    "time": 1820036
  },
  {
    "ayah": 96,
    "time": 1831692
  },
  {
    "ayah": 97,
    "time": 1843681
  },
  {
    "ayah": 98,
    "time": 1870191
  },
  {
    "ayah": 99,
    "time": 1883455
  },
  {
    "ayah": 100,
    "time": 1906164
  },
  {
    "ayah": 101,
    "time": 1923961
  },
  {
    "ayah": 102,
    "time": 1942823
  },
  {
    "ayah": 103,
    "time": 1956919
  },
  {
    "ayah": 104,
    "time": 2000873
  },
  {
    "ayah": 105,
    "time": 2018559
  },
  {
    "ayah": 106,
    "time": 2035331
  },
  {
    "ayah": 107,
    "time": 2057190
  },
  {
    "ayah": 108,
    "time": 2068721
  },
  {
    "ayah": 109,
    "time": 2080517
  },
  {
    "ayah": 110,
    "time": 2091738
  },
  {
    "ayah": 111,
    "time": 2122738
  },
  {
    "ayah": 112,
    "time": 2136438
  },
  {
    "ayah": 113,
    "time": 2177762
  },
  {
    "ayah": 114,
    "time": 2198560
  },
  {
    "ayah": 115,
    "time": 2219261
  },
  {
    "ayah": 116,
    "time": 2232358
  },
  {
    "ayah": 117,
    "time": 2252259
  },
  {
    "ayah": 118,
    "time": 2281077
  },
  {
    "ayah": 119,
    "time": 2313360
  },
  {
    "ayah": 120,
    "time": 2346757
  },
  {
    "ayah": 121,
    "time": 2372745
  },
  {
    "ayah": 122,
    "time": 2385031
  },
  {
    "ayah": 123,
    "time": 2401742
  },
  {
    "ayah": 124,
    "time": 2413816
  },
  {
    "ayah": 125,
    "time": 2432253
  },
  {
    "ayah": 126,
    "time": 2454065
  },
  {
    "ayah": 127,
    "time": 2471813
  },
  {
    "ayah": 128,
    "time": 2486098
  },
  {
    "ayah": 129,
    "time": 2497687
  },
  {
    "ayah": 130,
    "time": 2514041
  },
  {
    "ayah": 131,
    "time": 2527826
  },
  {
    "ayah": 132,
    "time": 2534321
  },
  {
    "ayah": 133,
    "time": 2540683
  },
  {
    "ayah": 134,
    "time": 2554815
  },
  {
    "ayah": 135,
    "time": 2574823
  },
  {
    "ayah": 136,
    "time": 2604916
  },
  {
    "ayah": 137,
    "time": 2626379
  },
  {
    "ayah": 138,
    "time": 2641054
  },
  {
    "ayah": 139,
    "time": 2650242
  },
  {
    "ayah": 140,
    "time": 2660644
  },
  {
    "ayah": 141,
    "time": 2689212
  },
  {
    "ayah": 142,
    "time": 2696993
  },
  {
    "ayah": 143,
    "time": 2711682
  },
  {
    "ayah": 144,
    "time": 2726164
  },
  {
    "ayah": 145,
    "time": 2754917
  },
  {
    "ayah": 146,
    "time": 2779652
  },
  {
    "ayah": 147,
    "time": 2802686
  },
  {
    "ayah": 148,
    "time": 2823788
  },
  {
    "ayah": 149,
    "time": 2835923
  },
  {
    "ayah": 150,
    "time": 2855042
  },
  {
    "ayah": 151,
    "time": 2862286
  },
  {
    "ayah": 152,
    "time": 2881459
  },
  {
    "ayah": 153,
    "time": 2930057
  },
  {
    "ayah": 154,
    "time": 2957395
  },
  {
    "ayah": 155,
    "time": 3035814
  },
  {
    "ayah": 156,
    "time": 3058874
  },
  {
    "ayah": 157,
    "time": 3097272
  },
  {
    "ayah": 158,
    "time": 3113441
  },
  {
    "ayah": 159,
    "time": 3120771
  },
  {
    "ayah": 160,
    "time": 3151336
  },
  {
    "ayah": 161,
    "time": 3171198
  },
  {
    "ayah": 162,
    "time": 3190066
  },
  {
    "ayah": 163,
    "time": 3209060
  },
  {
    "ayah": 164,
    "time": 3218155
  },
  {
    "ayah": 165,
    "time": 3244487
  },
  {
    "ayah": 166,
    "time": 3266924
  },
  {
    "ayah": 167,
    "time": 3277009
  },
  {
    "ayah": 168,
    "time": 3311182
  },
  {
    "ayah": 169,
    "time": 3329743
  },
  {
    "ayah": 170,
    "time": 3345029
  },
  {
    "ayah": 171,
    "time": 3364580
  },
  {
    "ayah": 172,
    "time": 3377073
  },
  {
    "ayah": 173,
    "time": 3392916
  },
  {
    "ayah": 174,
    "time": 3412721
  },
  {
    "ayah": 175,
    "time": 3431818
  },
  {
    "ayah": 176,
    "time": 3449612
  },
  {
    "ayah": 177,
    "time": 3470921
  },
  {
    "ayah": 178,
    "time": 3483738
  },
  {
    "ayah": 179,
    "time": 3503707
  },
  {
    "ayah": 180,
    "time": 3546421
  },
  {
    "ayah": 181,
    "time": 3576725
  },
  {
    "ayah": 182,
    "time": 3601563
  },
  {
    "ayah": 183,
    "time": 3612609
  },
  {
    "ayah": 184,
    "time": 3644613
  },
  {
    "ayah": 185,
    "time": 3658977
  },
  {
    "ayah": 186,
    "time": 3687134
  },
  {
    "ayah": 187,
    "time": 3715380
  },
  {
    "ayah": 188,
    "time": 3740558
  },
  {
    "ayah": 189,
    "time": 3771626
  },
  {
    "ayah": 190,
    "time": 3783125
  },
  {
    "ayah": 191,
    "time": 3795775
  },
  {
    "ayah": 192,
    "time": 3820860
  },
  {
    "ayah": 193,
    "time": 3834677
  },
  {
    "ayah": 194,
    "time": 3862602
  },
  {
    "ayah": 195,
    "time": 3878831
  },
  {
    "ayah": 196,
    "time": 3928965
  },
  {
    "ayah": 197,
    "time": 3936774
  },
  {
    "ayah": 198,
    "time": 3950752
  },
  {
    "ayah": 199,
    "time": 3974594
  },
  {
    "ayah": 200,
    "time": 4010474
  }
]