[
  {
    "ayah": 1,
    "time": 4023
  },
  {
    "ayah": 2,
    "time": 16839
  },
  {
    "ayah": 3,
    "time": 50084
  },
  {
    "ayah": 4,
    "time": 61448
  },
  {
    "ayah": 5,
    "time": 74313
  },
  {
    "ayah": 6,
    "time": 103006
  },
  {
    "ayah": 7,
    "time": 129491
  },
  {
    "ayah": 8,
    "time": 145816
  },
  {
    "ayah": 9,
    "time": 171912
  },
  {
    "ayah": 10,
    "time": 200209
  },
  {
    "ayah": 11,
    "time": 222947
  },
  {
    "ayah": 999,
    "time": 251388
  }
]