[
  {
    "ayah": 1,
    "time": 4311
  },
  {
    "ayah": 2,
    "time": 17026
  },
  {
    "ayah": 3,
    "time": 23825
  },
  {
    "ayah": 4,
    "time": 31285
  },
  {
    "ayah": 5,
    "time": 49910
  },
  {
    "ayah": 6,
    "time": 68685
  },
  {
    "ayah": 7,
    "time": 78399
  },
  {
    "ayah": 8,
    "time": 95421
  },
  {
    "ayah": 9,
    "time": 113094
  },
  {
    "ayah": 10,
    "time": 128719
  },
  {
    "ayah": 11,
    "time": 146490
  },
  {
    "ayah": 12,
    "time": 162414
  },
  {
    "ayah": 13,
    "time": 173978
  },
  {
    "ayah": 14,
    "time": 184493
  },
  {
    "ayah": 15,
    "time": 194856
  },
  {
    "ayah": 16,
    "time": 205570
  },
  {
    "ayah": 17,
    "time": 218488
  },
  {
    "ayah": 18,
    "time": 236070
  },
  {
    "ayah": 19,
    "time": 249180
  },
  {
    "ayah": 20,
    "time": 261699
  },
  {
    "ayah": 21,
    "time": 276318
  },
  {
    "ayah": 22,
    "time": 300902
  },
  {
    "ayah": 23,
    "time": 309562
  },
  {
    "ayah": 24,
    "time": 330092
  },
  {
    "ayah": 25,
    "time": 344612
  },
  {
    "ayah": 26,
    "time": 357780
  },
  {
    "ayah": 27,
    "time": 386067
  },
  {
    "ayah": 28,
    "time": 400493
  },
  {
    "ayah": 29,
    "time": 415210
  },
  {
    "ayah": 30,
    "time": 427877
  },
  {
    "ayah": 31,
    "time": 439940
  },
  {
    "ayah": 32,
    "time": 455312
  },
  {
    "ayah": 33,
    "time": 466528
  },
  {
    "ayah": 34,
    "time": 478595
  },
  {
    "ayah": 35,
    "time": 488910
  },
  {
    "ayah": 36,
    "time": 512589
  },
  {
    "ayah": 37,
    "time": 526057
  },
  {
    "ayah": 38,
    "time": 540837
  },
  {
    "ayah": 39,
    "time": 555547
  },
  {
    "ayah": 40,
    "time": 569969
  },
  {
    "ayah": 41,
    "time": 580735
  },
  {
    "ayah": 42,
    "time": 593601
  },
  {
    "ayah": 43,
    "time": 608973
  },
  {
    "ayah": 44,
    "time": 627547
  },
  {
    "ayah": 45,
    "time": 640966
  },
  {
    "ayah": 46,
    "time": 658089
  },
  {
    "ayah": 47,
    "time": 677563
  },
  {
    "ayah": 48,
    "time": 691085
  },
  {
    "ayah": 49,
    "time": 711759
  },
  {
    "ayah": 50,
    "time": 733092
  },
  {
    "ayah": 51,
    "time": 745456
  },
  {
    "ayah": 52,
    "time": 760938
  },
  {
    "ayah": 53,
    "time": 772002
  },
  {
    "ayah": 54,
    "time": 782868
  },
  {
    "ayah": 55,
    "time": 798240
  },
  {
    "ayah": 56,
    "time": 812110
  },
  {
    "ayah": 57,
    "time": 824876
  },
  {
    "ayah": 58,
    "time": 830384
  },
  {
    "ayah": 59,
    "time": 881372
  },
  {
    "ayah": 60,
    "time": 895694
  },
  {
    "ayah": 61,
    "time": 913866
  },
  {
    "ayah": 62,
    "time": 930943
  },
  {
    "ayah": 63,
    "time": 946563
  },
  {
    "ayah": 64,
    "time": 958079
  },
  {
    "ayah": 65,
    "time": 977403
  },
  {
    "ayah": 66,
    "time": 994680
  },
  {
    "ayah": 67,
    "time": 1005443
  },
  {
    "ayah": 68,
    "time": 1018361
  },
  {
    "ayah": 69,
    "time": 1034783
  },
  {
    "ayah": 70,
    "time": 1049602
  },
  {
    "ayah": 71,
    "time": 1059168
  },
  {
    "ayah": 72,
    "time": 1073186
  },
  {
    "ayah": 73,
    "time": 1084252
  },
  {
    "ayah": 74,
    "time": 1116846
  },
  {
    "ayah": 75,
    "time": 1129364
  },
  {
    "ayah": 76,
    "time": 1162006
  },
  {
    "ayah": 77,
    "time": 1182585
  },
  {
    "ayah": 78,
    "time": 1196502
  },
  {
    "ayah": 79,
    "time": 1205666
  },
  {
    "ayah": 80,
    "time": 1216833
  },
  {
    "ayah": 81,
    "time": 1223889
  },
  {
    "ayah": 82,
    "time": 1234506
  },
  {
    "ayah": 83,
    "time": 1246020
  },
  {
    "ayah": 84,
    "time": 1259287
  },
  {
    "ayah": 85,
    "time": 1268302
  },
  {
    "ayah": 86,
    "time": 1276312
  },
  {
    "ayah": 87,
    "time": 1284332
  },
  {
    "ayah": 88,
    "time": 1296309
  },
  {
    "ayah": 89,
    "time": 1302718
  },
  {
    "ayah": 90,
    "time": 1307626
  },
  {
    "ayah": 91,
    "time": 1321143
  },
  {
    "ayah": 92,
    "time": 1326951
  },
  {
    "ayah": 93,
    "time": 1335768
  },
  {
    "ayah": 94,
    "time": 1348980
  },
  {
    "ayah": 95,
    "time": 1355488
  },
  {
    "ayah": 96,
    "time": 1362549
  },
  {
    "ayah": 97,
    "time": 1376168
  },
  {
    "ayah": 98,
    "time": 1392038
  },
  {
    "ayah": 999,
    "time": 1407711
  }
]