[
  {
    "ayah": 1,
    "time": 3800
  },
  {
    "ayah": 2,
    "time": 11403
  },
  {
    "ayah": 3,
    "time": 16591
  },
  {
    "ayah": 4,
    "time": 21403
  },
  {
    "ayah": 5,
    "time": 26130
  },
  {
    "ayah": 6,
    "time": 28500
  },
  {
    "ayah": 7,
    "time": 31181
  },
  {
    "ayah": 8,
    "time": 40350
  },
  {
    "ayah": 9,
    "time": 43700
  },
  {
    "ayah": 10,
    "time": 47849
  },
  {
    "ayah": 11,
    "time": 53036
  },
  {
    "ayah": 12,
    "time": 59413
  },
  {
    "ayah": 13,
    "time": 64162
  },
  {
    "ayah": 14,
    "time": 68161
  },
  {
    "ayah": 15,
    "time": 72601
  },
  {
    "ayah": 16,
    "time": 79911
  },
  {
    "ayah": 17,
    "time": 85539
  },
  {
    "ayah": 18,
    "time": 95289
  },
  {
    "ayah": 19,
    "time": 98290
  },
  {
    "ayah": 20,
    "time": 106400
  },
  {
    "ayah": 21,
    "time": 109286
  },
  {
    "ayah": 22,
    "time": 111916
  },
  {
    "ayah": 23,
    "time": 117787
  },
  {
    "ayah": 24,
    "time": 122039
  },
  {
    "ayah": 25,
    "time": 127696
  },
  {
    "ayah": 26,
    "time": 131632
  },
  {
    "ayah": 27,
    "time": 141011
  },
  {
    "ayah": 28,
    "time": 143667
  },
  {
    "ayah": 29,
    "time": 149979
  },
  {
    "ayah": 30,
    "time": 156356
  },
  {
    "ayah": 31,
    "time": 161794
  },
  {
    "ayah": 32,
    "time": 167670
  },
  {
    "ayah": 33,
    "time": 177231
  },
  {
    "ayah": 34,
    "time": 190000
  },
  {
    "ayah": 35,
    "time": 197043
  },
  {
    "ayah": 36,
    "time": 201617
  },
  {
    "ayah": 37,
    "time": 204867
  },
  {
    "ayah": 38,
    "time": 209593
  },
  {
    "ayah": 39,
    "time": 213956
  },
  {
    "ayah": 40,
    "time": 224118
  },
  {
    "ayah": 41,
    "time": 228305
  },
  {
    "ayah": 42,
    "time": 237616
  },
  {
    "ayah": 43,
    "time": 246492
  },
  {
    "ayah": 44,
    "time": 257057
  },
  {
    "ayah": 45,
    "time": 266367
  },
  {
    "ayah": 46,
    "time": 271057
  },
  {
    "ayah": 47,
    "time": 277743
  },
  {
    "ayah": 48,
    "time": 282432
  },
  {
    "ayah": 49,
    "time": 292031
  },
  {
    "ayah": 50,
    "time": 302495
  },
  {
    "ayah": 51,
    "time": 308057
  },
  {
    "ayah": 52,
    "time": 322057
  },
  {
    "ayah": 999,
    "time": 330259
  }
]