[
  {
    "ayah": 1,
    "time": 4226
  },
  {
    "ayah": 2,
    "time": 13388
  },
  {
    "ayah": 3,
    "time": 20905
  },
  {
    "ayah": 4,
    "time": 27307
  },
  {
    "ayah": 5,
    "time": 33415
  },
  {
    "ayah": 6,
    "time": 38171
  },
  {
    "ayah": 7,
    "time": 42927
  },
  {
    "ayah": 8,
    "time": 57147
  },
  {
    "ayah": 9,
    "time": 62156
  },
  {
    "ayah": 10,
    "time": 67713
  },
  {
    "ayah": 11,
    "time": 74274
  },
  {
    "ayah": 12,
    "time": 83387
  },
  {
    "ayah": 13,
    "time": 89945
  },
  {
    "ayah": 14,
    "time": 96303
  },
  {
    "ayah": 15,
    "time": 102659
  },
  {
    "ayah": 16,
    "time": 112575
  },
  {
    "ayah": 17,
    "time": 117181
  },
  {
    "ayah": 18,
    "time": 134503
  },
  {
    "ayah": 19,
    "time": 137856
  },
  {
    "ayah": 20,
    "time": 149478
  },
  {
    "ayah": 21,
    "time": 153378
  },
  {
    "ayah": 22,
    "time": 157386
  },
  {
    "ayah": 23,
    "time": 166301
  },
  {
    "ayah": 24,
    "time": 172409
  },
  {
    "ayah": 25,
    "time": 181218
  },
  {
    "ayah": 26,
    "time": 187626
  },
  {
    "ayah": 27,
    "time": 199945
  },
  {
    "ayah": 28,
    "time": 204101
  },
  {
    "ayah": 29,
    "time": 212558
  },
  {
    "ayah": 30,
    "time": 223726
  },
  {
    "ayah": 31,
    "time": 231542
  },
  {
    "ayah": 32,
    "time": 241452
  },
  {
    "ayah": 33,
    "time": 258023
  },
  {
    "ayah": 34,
    "time": 270989
  },
  {
    "ayah": 35,
    "time": 281806
  },
  {
    "ayah": 36,
    "time": 288518
  },
  {
    "ayah": 37,
    "time": 293172
  },
  {
    "ayah": 38,
    "time": 299931
  },
  {
    "ayah": 39,
    "time": 306238
  },
  {
    "ayah": 40,
    "time": 320856
  },
  {
    "ayah": 41,
    "time": 326865
  },
  {
    "ayah": 42,
    "time": 339935
  },
  {
    "ayah": 43,
    "time": 352060
  },
  {
    "ayah": 44,
    "time": 366982
  },
  {
    "ayah": 45,
    "time": 381000
  },
  {
    "ayah": 46,
    "time": 387809
  },
  {
    "ayah": 47,
    "time": 397873
  },
  {
    "ayah": 48,
    "time": 404386
  },
  {
    "ayah": 49,
    "time": 417447
  },
  {
    "ayah": 50,
    "time": 433373
  },
  {
    "ayah": 51,
    "time": 441036
  },
  {
    "ayah": 52,
    "time": 459909
  },
  {
    "ayah": 999,
    "time": 466622
  }
]