[
  {
    "ayah": 1,
    "time": 6462
  },
  {
    "ayah": 2,
    "time": 15192
  },
  {
    "ayah": 3,
    "time": 34451
  },
  {
    "ayah": 4,
    "time": 53863
  },
  {
    "ayah": 5,
    "time": 103693
  },
  {
    "ayah": 6,
    "time": 107779
  },
  {
    "ayah": 7,
    "time": 113692
  },
  {
    "ayah": 8,
    "time": 129342
  },
  {
    "ayah": 9,
    "time": 136154
  },
  {
    "ayah": 10,
    "time": 147778
  },
  {
    "ayah": 11,
    "time": 166851
  },
  {
    "ayah": 12,
    "time": 179018
  },
  {
    "ayah": 13,
    "time": 207068
  },
  {
    "ayah": 14,
    "time": 226062
  },
  {
    "ayah": 15,
    "time": 244924
  },
  {
    "ayah": 16,
    "time": 310272
  },
  {
    "ayah": 17,
    "time": 342083
  },
  {
    "ayah": 18,
    "time": 350489
  },
  {
    "ayah": 19,
    "time": 372780
  },
  {
    "ayah": 20,
    "time": 395389
  },
  {
    "ayah": 21,
    "time": 429251
  },
  {
    "ayah": 22,
    "time": 444065
  },
  {
    "ayah": 23,
    "time": 456497
  },
  {
    "ayah": 24,
    "time": 469321
  },
  {
    "ayah": 25,
    "time": 484686
  },
  {
    "ayah": 26,
    "time": 502765
  },
  {
    "ayah": 27,
    "time": 518680
  },
  {
    "ayah": 28,
    "time": 529747
  },
  {
    "ayah": 29,
    "time": 543354
  },
  {
    "ayah": 30,
    "time": 554113
  },
  {
    "ayah": 31,
    "time": 574933
  },
  {
    "ayah": 32,
    "time": 587936
  },
  {
    "ayah": 33,
    "time": 616900
  },
  {
    "ayah": 34,
    "time": 632007
  },
  {
    "ayah": 35,
    "time": 648122
  },
  {
    "ayah": 36,
    "time": 662272
  },
  {
    "ayah": 37,
    "time": 679562
  },
  {
    "ayah": 38,
    "time": 688525
  }
]