[
  {
    "ayah": 1,
    "time": 3318
  },
  {
    "ayah": 2,
    "time": 13690
  },
  {
    "ayah": 3,
    "time": 24290
  },
  {
    "ayah": 4,
    "time": 54004
  },
  {
    "ayah": 5,
    "time": 75496
  },
  {
    "ayah": 6,
    "time": 99371
  },
  {
    "ayah": 7,
    "time": 114932
  },
  {
    "ayah": 8,
    "time": 137246
  },
  {
    "ayah": 9,
    "time": 153308
  },
  {
    "ayah": 10,
    "time": 166122
  },
  {
    "ayah": 11,
    "time": 176287
  },
  {
    "ayah": 12,
    "time": 189163
  },
  {
    "ayah": 13,
    "time": 213973
  },
  {
    "ayah": 14,
    "time": 233788
  },
  {
    "ayah": 15,
    "time": 245849
  },
  {
    "ayah": 16,
    "time": 256976
  },
  {
    "ayah": 17,
    "time": 277039
  },
  {
    "ayah": 18,
    "time": 294836
  },
  {
    "ayah": 19,
    "time": 320914
  },
  {
    "ayah": 20,
    "time": 345601
  },
  {
    "ayah": 21,
    "time": 366163
  },
  {
    "ayah": 22,
    "time": 376287
  },
  {
    "ayah": 23,
    "time": 384350
  },
  {
    "ayah": 24,
    "time": 407413
  },
  {
    "ayah": 25,
    "time": 447349
  },
  {
    "ayah": 26,
    "time": 467974
  },
  {
    "ayah": 27,
    "time": 485912
  },
  {
    "ayah": 28,
    "time": 499725
  },
  {
    "ayah": 29,
    "time": 523164
  },
  {
    "ayah": 30,
    "time": 552788
  },
  {
    "ayah": 31,
    "time": 574602
  },
  {
    "ayah": 32,
    "time": 596664
  },
  {
    "ayah": 33,
    "time": 610000
  },
  {
    "ayah": 34,
    "time": 624996
  },
  {
    "ayah": 35,
    "time": 659094
  },
  {
    "ayah": 36,
    "time": 677720
  },
  {
    "ayah": 37,
    "time": 719656
  },
  {
    "ayah": 38,
    "time": 751845
  },
  {
    "ayah": 39,
    "time": 773094
  },
  {
    "ayah": 40,
    "time": 787470
  },
  {
    "ayah": 41,
    "time": 829469
  },
  {
    "ayah": 42,
    "time": 844409
  },
  {
    "ayah": 43,
    "time": 866281
  },
  {
    "ayah": 44,
    "time": 877345
  },
  {
    "ayah": 45,
    "time": 891120
  },
  {
    "ayah": 46,
    "time": 906533
  },
  {
    "ayah": 47,
    "time": 923533
  },
  {
    "ayah": 48,
    "time": 942595
  },
  {
    "ayah": 49,
    "time": 960220
  },
  {
    "ayah": 50,
    "time": 974471
  },
  {
    "ayah": 51,
    "time": 987971
  },
  {
    "ayah": 52,
    "time": 1000845
  },
  {
    "ayah": 53,
    "time": 1020281
  },
  {
    "ayah": 54,
    "time": 1031156
  },
  {
    "ayah": 55,
    "time": 1049095
  },
  {
    "ayah": 56,
    "time": 1068907
  },
  {
    "ayah": 57,
    "time": 1078971
  },
  {
    "ayah": 58,
    "time": 1087656
  },
  {
    "ayah": 59,
    "time": 1099281
  },
  {
    "ayah": 60,
    "time": 1117657
  },
  {
    "ayah": 61,
    "time": 1140674
  },
  {
    "ayah": 62,
    "time": 1165299
  },
  {
    "ayah": 63,
    "time": 1176110
  },
  {
    "ayah": 64,
    "time": 1190048
  },
  {
    "ayah": 65,
    "time": 1205299
  },
  {
    "ayah": 66,
    "time": 1220111
  },
  {
    "ayah": 67,
    "time": 1237423
  },
  {
    "ayah": 68,
    "time": 1257737
  },
  {
    "ayah": 69,
    "time": 1277799
  },
  {
    "ayah": 70,
    "time": 1311680
  },
  {
    "ayah": 71,
    "time": 1338556
  },
  {
    "ayah": 72,
    "time": 1367432
  },
  {
    "ayah": 73,
    "time": 1391181
  },
  {
    "ayah": 74,
    "time": 1402605
  },
  {
    "ayah": 75,
    "time": 1441999
  },
  {
    "ayah": 76,
    "time": 1452256
  },
  {
    "ayah": 77,
    "time": 1460571
  },
  {
    "ayah": 78,
    "time": 1476382
  },
  {
    "ayah": 79,
    "time": 1486570
  },
  {
    "ayah": 80,
    "time": 1506070
  },
  {
    "ayah": 81,
    "time": 1530070
  },
  {
    "ayah": 82,
    "time": 1559818
  },
  {
    "ayah": 83,
    "time": 1568508
  },
  {
    "ayah": 84,
    "time": 1593195
  },
  {
    "ayah": 85,
    "time": 1607694
  },
  {
    "ayah": 86,
    "time": 1622318
  },
  {
    "ayah": 87,
    "time": 1635946
  },
  {
    "ayah": 88,
    "time": 1643818
  },
  {
    "ayah": 89,
    "time": 1658318
  },
  {
    "ayah": 90,
    "time": 1672447
  },
  {
    "ayah": 91,
    "time": 1687381
  },
  {
    "ayah": 92,
    "time": 1710695
  },
  {
    "ayah": 93,
    "time": 1728947
  },
  {
    "ayah": 94,
    "time": 1748819
  },
  {
    "ayah": 95,
    "time": 1774508
  },
  {
    "ayah": 96,
    "time": 1792931
  },
  {
    "ayah": 97,
    "time": 1804430
  },
  {
    "ayah": 98,
    "time": 1818244
  },
  {
    "ayah": 99,
    "time": 1836182
  },
  {
    "ayah": 100,
    "time": 1859116
  },
  {
    "ayah": 101,
    "time": 1884306
  },
  {
    "ayah": 102,
    "time": 1904306
  },
  {
    "ayah": 103,
    "time": 1924554
  },
  {
    "ayah": 104,
    "time": 1941054
  },
  {
    "ayah": 105,
    "time": 1953306
  },
  {
    "ayah": 106,
    "time": 1970805
  },
  {
    "ayah": 107,
    "time": 1982369
  },
  {
    "ayah": 108,
    "time": 2007307
  },
  {
    "ayah": 109,
    "time": 2025293
  },
  {
    "ayah": 110,
    "time": 2049430
  },
  {
    "ayah": 111,
    "time": 2064870
  },
  {
    "ayah": 112,
    "time": 2103055
  },
  {
    "ayah": 113,
    "time": 2126430
  },
  {
    "ayah": 114,
    "time": 2144370
  },
  {
    "ayah": 115,
    "time": 2164869
  },
  {
    "ayah": 116,
    "time": 2177741
  },
  {
    "ayah": 117,
    "time": 2193618
  },
  {
    "ayah": 118,
    "time": 2219055
  },
  {
    "ayah": 119,
    "time": 2247807
  },
  {
    "ayah": 120,
    "time": 2255743
  },
  {
    "ayah": 121,
    "time": 2300245
  },
  {
    "ayah": 122,
    "time": 2318245
  },
  {
    "ayah": 123,
    "time": 2345117
  },
  {
    "ayah": 124,
    "time": 2359742
  },
  {
    "ayah": 125,
    "time": 2377370
  },
  {
    "ayah": 126,
    "time": 2388431
  },
  {
    "ayah": 127,
    "time": 2401742
  },
  {
    "ayah": 128,
    "time": 2424056
  },
  {
    "ayah": 129,
    "time": 2438743
  },
  {
    "ayah": 999,
    "time": 2454000
  }
]