[
  {
    "ayah": 1,
    "time": 7391
  },
  {
    "ayah": 2,
    "time": 12020
  },
  {
    "ayah": 3,
    "time": 20519
  },
  {
    "ayah": 4,
    "time": 45518
  },
  {
    "ayah": 5,
    "time": 79465
  },
  {
    "ayah": 6,
    "time": 101006
  },
  {
    "ayah": 7,
    "time": 115503
  },
  {
    "ayah": 8,
    "time": 139419
  },
  {
    "ayah": 9,
    "time": 168987
  },
  {
    "ayah": 10,
    "time": 195333
  },
  {
    "ayah": 11,
    "time": 226712
  },
  {
    "ayah": 12,
    "time": 252454
  },
  {
    "ayah": 13,
    "time": 276867
  },
  {
    "ayah": 14,
    "time": 292657
  },
  {
    "ayah": 15,
    "time": 310350
  },
  {
    "ayah": 16,
    "time": 376202
  },
  {
    "ayah": 17,
    "time": 402587
  },
  {
    "ayah": 18,
    "time": 452782
  },
  {
    "ayah": 19,
    "time": 476109
  },
  {
    "ayah": 20,
    "time": 492130
  },
  {
    "ayah": 21,
    "time": 534344
  },
  {
    "ayah": 22,
    "time": 573725
  },
  {
    "ayah": 23,
    "time": 591690
  },
  {
    "ayah": 24,
    "time": 612767
  },
  {
    "ayah": 25,
    "time": 637255
  },
  {
    "ayah": 26,
    "time": 657549
  },
  {
    "ayah": 27,
    "time": 711605
  },
  {
    "ayah": 28,
    "time": 724655
  },
  {
    "ayah": 29,
    "time": 744485
  },
  {
    "ayah": 30,
    "time": 773324
  },
  {
    "ayah": 31,
    "time": 813030
  },
  {
    "ayah": 32,
    "time": 843945
  },
  {
    "ayah": 33,
    "time": 869408
  },
  {
    "ayah": 34,
    "time": 899362
  },
  {
    "ayah": 35,
    "time": 921142
  }
]