[
  {
    "ayah": 1,
    "time": 7672
  },
  {
    "ayah": 2,
    "time": 17534
  },
  {
    "ayah": 3,
    "time": 34957
  },
  {
    "ayah": 4,
    "time": 60695
  },
  {
    "ayah": 5,
    "time": 81323
  },
  {
    "ayah": 6,
    "time": 92890
  },
  {
    "ayah": 7,
    "time": 105806
  },
  {
    "ayah": 8,
    "time": 122228
  },
  {
    "ayah": 9,
    "time": 143008
  },
  {
    "ayah": 10,
    "time": 152371
  },
  {
    "ayah": 11,
    "time": 172497
  },
  {
    "ayah": 12,
    "time": 182612
  },
  {
    "ayah": 13,
    "time": 193826
  },
  {
    "ayah": 14,
    "time": 204743
  },
  {
    "ayah": 15,
    "time": 214154
  },
  {
    "ayah": 16,
    "time": 228224
  },
  {
    "ayah": 17,
    "time": 239188
  },
  {
    "ayah": 18,
    "time": 255860
  },
  {
    "ayah": 19,
    "time": 284148
  },
  {
    "ayah": 20,
    "time": 302475
  },
  {
    "ayah": 21,
    "time": 326655
  },
  {
    "ayah": 22,
    "time": 349589
  },
  {
    "ayah": 23,
    "time": 361003
  },
  {
    "ayah": 24,
    "time": 373021
  },
  {
    "ayah": 25,
    "time": 383185
  },
  {
    "ayah": 26,
    "time": 393948
  },
  {
    "ayah": 27,
    "time": 404014
  },
  {
    "ayah": 28,
    "time": 413574
  },
  {
    "ayah": 29,
    "time": 420284
  },
  {
    "ayah": 30,
    "time": 432702
  },
  {
    "ayah": 31,
    "time": 441514
  },
  {
    "ayah": 32,
    "time": 455632
  },
  {
    "ayah": 33,
    "time": 471854
  },
  {
    "ayah": 34,
    "time": 479566
  },
  {
    "ayah": 35,
    "time": 493583
  },
  {
    "ayah": 36,
    "time": 503347
  },
  {
    "ayah": 37,
    "time": 514764
  },
  {
    "ayah": 38,
    "time": 531687
  },
  {
    "ayah": 39,
    "time": 541500
  },
  {
    "ayah": 40,
    "time": 550362
  },
  {
    "ayah": 41,
    "time": 566483
  },
  {
    "ayah": 42,
    "time": 576546
  },
  {
    "ayah": 43,
    "time": 594123
  },
  {
    "ayah": 44,
    "time": 603685
  },
  {
    "ayah": 45,
    "time": 617204
  },
  {
    "ayah": 46,
    "time": 631506
  },
  {
    "ayah": 47,
    "time": 638120
  },
  {
    "ayah": 48,
    "time": 649733
  },
  {
    "ayah": 49,
    "time": 667457
  },
  {
    "ayah": 50,
    "time": 681475
  },
  {
    "ayah": 51,
    "time": 692450
  },
  {
    "ayah": 52,
    "time": 699407
  },
  {
    "ayah": 53,
    "time": 707820
  },
  {
    "ayah": 54,
    "time": 724944
  },
  {
    "ayah": 55,
    "time": 738713
  },
  {
    "ayah": 56,
    "time": 752532
  },
  {
    "ayah": 57,
    "time": 759741
  },
  {
    "ayah": 58,
    "time": 773508
  },
  {
    "ayah": 59,
    "time": 786077
  },
  {
    "ayah": 60,
    "time": 802951
  },
  {
    "ayah": 61,
    "time": 814667
  },
  {
    "ayah": 62,
    "time": 827533
  },
  {
    "ayah": 63,
    "time": 839350
  },
  {
    "ayah": 64,
    "time": 852167
  },
  {
    "ayah": 65,
    "time": 859526
  },
  {
    "ayah": 66,
    "time": 872047
  },
  {
    "ayah": 67,
    "time": 879703
  },
  {
    "ayah": 68,
    "time": 891773
  },
  {
    "ayah": 69,
    "time": 912250
  },
  {
    "ayah": 70,
    "time": 919862
  },
  {
    "ayah": 71,
    "time": 939087
  },
  {
    "ayah": 72,
    "time": 949451
  },
  {
    "ayah": 73,
    "time": 957862
  },
  {
    "ayah": 74,
    "time": 969127
  },
  {
    "ayah": 75,
    "time": 984248
  },
  {
    "ayah": 76,
    "time": 995864
  },
  {
    "ayah": 77,
    "time": 1003825
  },
  {
    "ayah": 999,
    "time": 1014620
  }
]