[
  {
    "ayah": 1,
    "time": 6283
  },
  {
    "ayah": 2,
    "time": 13553
  },
  {
    "ayah": 3,
    "time": 18583
  },
  {
    "ayah": 4,
    "time": 23684
  },
  {
    "ayah": 5,
    "time": 37902
  },
  {
    "ayah": 6,
    "time": 52144
  },
  {
    "ayah": 7,
    "time": 60279
  },
  {
    "ayah": 8,
    "time": 73049
  },
  {
    "ayah": 9,
    "time": 86524
  },
  {
    "ayah": 10,
    "time": 98584
  },
  {
    "ayah": 11,
    "time": 110619
  },
  {
    "ayah": 12,
    "time": 124505
  },
  {
    "ayah": 13,
    "time": 133089
  },
  {
    "ayah": 14,
    "time": 140852
  },
  {
    "ayah": 15,
    "time": 148289
  },
  {
    "ayah": 16,
    "time": 157949
  },
  {
    "ayah": 17,
    "time": 167330
  },
  {
    "ayah": 18,
    "time": 180319
  },
  {
    "ayah": 19,
    "time": 188910
  },
  {
    "ayah": 20,
    "time": 197037
  },
  {
    "ayah": 21,
    "time": 207990
  },
  {
    "ayah": 22,
    "time": 225712
  },
  {
    "ayah": 23,
    "time": 234421
  },
  {
    "ayah": 24,
    "time": 251007
  },
  {
    "ayah": 25,
    "time": 261356
  },
  {
    "ayah": 26,
    "time": 271294
  },
  {
    "ayah": 27,
    "time": 295114
  },
  {
    "ayah": 28,
    "time": 305577
  },
  {
    "ayah": 29,
    "time": 317233
  },
  {
    "ayah": 30,
    "time": 327325
  },
  {
    "ayah": 31,
    "time": 335459
  },
  {
    "ayah": 32,
    "time": 346869
  },
  {
    "ayah": 33,
    "time": 355692
  },
  {
    "ayah": 34,
    "time": 364787
  },
  {
    "ayah": 35,
    "time": 373139
  },
  {
    "ayah": 36,
    "time": 391737
  },
  {
    "ayah": 37,
    "time": 404158
  },
  {
    "ayah": 38,
    "time": 415360
  },
  {
    "ayah": 39,
    "time": 427242
  },
  {
    "ayah": 40,
    "time": 439059
  },
  {
    "ayah": 41,
    "time": 447783
  },
  {
    "ayah": 42,
    "time": 458032
  },
  {
    "ayah": 43,
    "time": 469656
  },
  {
    "ayah": 44,
    "time": 483488
  },
  {
    "ayah": 45,
    "time": 495058
  },
  {
    "ayah": 46,
    "time": 508937
  },
  {
    "ayah": 47,
    "time": 524548
  },
  {
    "ayah": 48,
    "time": 535586
  },
  {
    "ayah": 49,
    "time": 551522
  },
  {
    "ayah": 50,
    "time": 567723
  },
  {
    "ayah": 51,
    "time": 576846
  },
  {
    "ayah": 52,
    "time": 589267
  },
  {
    "ayah": 53,
    "time": 599216
  },
  {
    "ayah": 54,
    "time": 606096
  },
  {
    "ayah": 55,
    "time": 618449
  },
  {
    "ayah": 56,
    "time": 628520
  },
  {
    "ayah": 57,
    "time": 637986
  },
  {
    "ayah": 58,
    "time": 642187
  },
  {
    "ayah": 59,
    "time": 681125
  },
  {
    "ayah": 60,
    "time": 694597
  },
  {
    "ayah": 61,
    "time": 709139
  },
  {
    "ayah": 62,
    "time": 723118
  },
  {
    "ayah": 63,
    "time": 735610
  },
  {
    "ayah": 64,
    "time": 744673
  },
  {
    "ayah": 65,
    "time": 760045
  },
  {
    "ayah": 66,
    "time": 772576
  },
  {
    "ayah": 67,
    "time": 780325
  },
  {
    "ayah": 68,
    "time": 790688
  },
  {
    "ayah": 69,
    "time": 805649
  },
  {
    "ayah": 70,
    "time": 817862
  },
  {
    "ayah": 71,
    "time": 825889
  },
  {
    "ayah": 72,
    "time": 837314
  },
  {
    "ayah": 73,
    "time": 847752
  },
  {
    "ayah": 74,
    "time": 867964
  },
  {
    "ayah": 75,
    "time": 877345
  },
  {
    "ayah": 76,
    "time": 904141
  },
  {
    "ayah": 77,
    "time": 925046
  },
  {
    "ayah": 78,
    "time": 935773
  },
  {
    "ayah": 79,
    "time": 944079
  },
  {
    "ayah": 80,
    "time": 951827
  },
  {
    "ayah": 81,
    "time": 957707
  },
  {
    "ayah": 82,
    "time": 965727
  },
  {
    "ayah": 83,
    "time": 974769
  },
  {
    "ayah": 84,
    "time": 984335
  },
  {
    "ayah": 85,
    "time": 992158
  },
  {
    "ayah": 86,
    "time": 998506
  },
  {
    "ayah": 87,
    "time": 1005101
  },
  {
    "ayah": 88,
    "time": 1014482
  },
  {
    "ayah": 89,
    "time": 1018747
  },
  {
    "ayah": 90,
    "time": 1022377
  },
  {
    "ayah": 91,
    "time": 1033058
  },
  {
    "ayah": 92,
    "time": 1037384
  },
  {
    "ayah": 93,
    "time": 1044982
  },
  {
    "ayah": 94,
    "time": 1055395
  },
  {
    "ayah": 95,
    "time": 1060086
  },
  {
    "ayah": 96,
    "time": 1066037
  },
  {
    "ayah": 97,
    "time": 1075968
  },
  {
    "ayah": 98,
    "time": 1088546
  }
]