[
  {
    "ayah": 1,
    "time": 5933
  },
  {
    "ayah": 2,
    "time": 10577
  },
  {
    "ayah": 3,
    "time": 18615
  },
  {
    "ayah": 4,
    "time": 33111
  },
  {
    "ayah": 5,
    "time": 46479
  },
  {
    "ayah": 6,
    "time": 74668
  },
  {
    "ayah": 7,
    "time": 87764
  },
  {
    "ayah": 8,
    "time": 120879
  },
  {
    "ayah": 9,
    "time": 143445
  },
  {
    "ayah": 10,
    "time": 159421
  },
  {
    "ayah": 11,
    "time": 175953
  },
  {
    "ayah": 12,
    "time": 195883
  },
  {
    "ayah": 13,
    "time": 213859
  },
  {
    "ayah": 14,
    "time": 230334
  },
  {
    "ayah": 15,
    "time": 238983
  },
  {
    "ayah": 16,
    "time": 256116
  },
  {
    "ayah": 17,
    "time": 277292
  },
  {
    "ayah": 18,
    "time": 292292
  },
  {
    "ayah": 19,
    "time": 311708
  },
  {
    "ayah": 20,
    "time": 320481
  },
  {
    "ayah": 21,
    "time": 339475
  },
  {
    "ayah": 22,
    "time": 368261
  },
  {
    "ayah": 23,
    "time": 388144
  },
  {
    "ayah": 24,
    "time": 397564
  },
  {
    "ayah": 25,
    "time": 407649
  },
  {
    "ayah": 26,
    "time": 434484
  },
  {
    "ayah": 27,
    "time": 455575
  },
  {
    "ayah": 28,
    "time": 471265
  },
  {
    "ayah": 29,
    "time": 515068
  },
  {
    "ayah": 30,
    "time": 545579
  },
  {
    "ayah": 31,
    "time": 560197
  },
  {
    "ayah": 32,
    "time": 575708
  },
  {
    "ayah": 33,
    "time": 585325
  },
  {
    "ayah": 34,
    "time": 600468
  },
  {
    "ayah": 35,
    "time": 636591
  },
  {
    "ayah": 36,
    "time": 663851
  },
  {
    "ayah": 37,
    "time": 675143
  },
  {
    "ayah": 38,
    "time": 706304
  },
  {
    "ayah": 39,
    "time": 716978
  },
  {
    "ayah": 40,
    "time": 731282
  },
  {
    "ayah": 41,
    "time": 763836
  },
  {
    "ayah": 42,
    "time": 777957
  },
  {
    "ayah": 43,
    "time": 792593
  },
  {
    "ayah": 44,
    "time": 825737
  },
  {
    "ayah": 45,
    "time": 845474
  },
  {
    "ayah": 46,
    "time": 858338
  },
  {
    "ayah": 47,
    "time": 876263
  },
  {
    "ayah": 48,
    "time": 905889
  },
  {
    "ayah": 49,
    "time": 922435
  },
  {
    "ayah": 50,
    "time": 938779
  },
  {
    "ayah": 51,
    "time": 961863
  },
  {
    "ayah": 52,
    "time": 976116
  },
  {
    "ayah": 53,
    "time": 991266
  },
  {
    "ayah": 54,
    "time": 1003941
  },
  {
    "ayah": 55,
    "time": 1009314
  },
  {
    "ayah": 56,
    "time": 1023542
  },
  {
    "ayah": 57,
    "time": 1053350
  },
  {
    "ayah": 58,
    "time": 1067146
  },
  {
    "ayah": 59,
    "time": 1085025
  },
  {
    "ayah": 60,
    "time": 1098075
  },
  {
    "ayah": 61,
    "time": 1116647
  },
  {
    "ayah": 62,
    "time": 1138899
  },
  {
    "ayah": 63,
    "time": 1153749
  },
  {
    "ayah": 64,
    "time": 1162476
  },
  {
    "ayah": 65,
    "time": 1190855
  },
  {
    "ayah": 66,
    "time": 1208420
  },
  {
    "ayah": 67,
    "time": 1229400
  },
  {
    "ayah": 68,
    "time": 1271796
  },
  {
    "ayah": 69,
    "time": 1289861
  },
  {
    "ayah": 70,
    "time": 1302500
  },
  {
    "ayah": 71,
    "time": 1315167
  },
  {
    "ayah": 72,
    "time": 1325755
  },
  {
    "ayah": 73,
    "time": 1333657
  },
  {
    "ayah": 74,
    "time": 1342802
  },
  {
    "ayah": 75,
    "time": 1363804
  },
  {
    "ayah": 76,
    "time": 1377461
  },
  {
    "ayah": 77,
    "time": 1390443
  },
  {
    "ayah": 78,
    "time": 1408050
  },
  {
    "ayah": 79,
    "time": 1443763
  },
  {
    "ayah": 80,
    "time": 1453944
  },
  {
    "ayah": 81,
    "time": 1467865
  },
  {
    "ayah": 82,
    "time": 1477296
  },
  {
    "ayah": 83,
    "time": 1505581
  },
  {
    "ayah": 84,
    "time": 1530745
  },
  {
    "ayah": 85,
    "time": 1546590
  }
]