[
  {
    "ayah": 1,
    "time": 3272
  },
  {
    "ayah": 2,
    "time": 5894
  },
  {
    "ayah": 3,
    "time": 8707
  },
  {
    "ayah": 4,
    "time": 10518
  },
  {
    "ayah": 5,
    "time": 13162
  },
  {
    "ayah": 6,
    "time": 15681
  },
  {
    "ayah": 7,
    "time": 20058
  },
  {
    "ayah": 8,
    "time": 23398
  },
  {
    "ayah": 9,
    "time": 27520
  },
  {
    "ayah": 10,
    "time": 31710
  },
  {
    "ayah": 11,
    "time": 34773
  },
  {
    "ayah": 12,
    "time": 38184
  },
  {
    "ayah": 13,
    "time": 41133
  },
  {
    "ayah": 14,
    "time": 43633
  },
  {
    "ayah": 15,
    "time": 46383
  },
  {
    "ayah": 16,
    "time": 48695
  },
  {
    "ayah": 17,
    "time": 52445
  },
  {
    "ayah": 18,
    "time": 56200
  },
  {
    "ayah": 19,
    "time": 61057
  },
  {
    "ayah": 20,
    "time": 65183
  },
  {
    "ayah": 21,
    "time": 69306
  },
  {
    "ayah": 22,
    "time": 73308
  },
  {
    "ayah": 23,
    "time": 75000
  },
  {
    "ayah": 24,
    "time": 78264
  },
  {
    "ayah": 25,
    "time": 83138
  },
  {
    "ayah": 26,
    "time": 88138
  },
  {
    "ayah": 27,
    "time": 94013
  },
  {
    "ayah": 28,
    "time": 98389
  },
  {
    "ayah": 29,
    "time": 100473
  },
  {
    "ayah": 30,
    "time": 102533
  },
  {
    "ayah": 31,
    "time": 104603
  },
  {
    "ayah": 32,
    "time": 108256
  },
  {
    "ayah": 33,
    "time": 110763
  },
  {
    "ayah": 34,
    "time": 114202
  },
  {
    "ayah": 35,
    "time": 116201
  },
  {
    "ayah": 36,
    "time": 122015
  },
  {
    "ayah": 37,
    "time": 124603
  },
  {
    "ayah": 38,
    "time": 126151
  },
  {
    "ayah": 39,
    "time": 128250
  },
  {
    "ayah": 40,
    "time": 130526
  },
  {
    "ayah": 41,
    "time": 133394
  },
  {
    "ayah": 42,
    "time": 138022
  },
  {
    "ayah": 43,
    "time": 140806
  },
  {
    "ayah": 44,
    "time": 143831
  },
  {
    "ayah": 45,
    "time": 146708
  },
  {
    "ayah": 46,
    "time": 151145
  },
  {
    "ayah": 47,
    "time": 155269
  },
  {
    "ayah": 48,
    "time": 163834
  },
  {
    "ayah": 49,
    "time": 167957
  },
  {
    "ayah": 50,
    "time": 171767
  },
  {
    "ayah": 51,
    "time": 177781
  },
  {
    "ayah": 52,
    "time": 184718
  },
  {
    "ayah": 53,
    "time": 189154
  },
  {
    "ayah": 54,
    "time": 192156
  },
  {
    "ayah": 55,
    "time": 196154
  },
  {
    "ayah": 56,
    "time": 198805
  },
  {
    "ayah": 57,
    "time": 202217
  },
  {
    "ayah": 58,
    "time": 206531
  },
  {
    "ayah": 59,
    "time": 209467
  },
  {
    "ayah": 60,
    "time": 214342
  },
  {
    "ayah": 61,
    "time": 219531
  },
  {
    "ayah": 62,
    "time": 226654
  },
  {
    "ayah": 63,
    "time": 234343
  },
  {
    "ayah": 64,
    "time": 237842
  },
  {
    "ayah": 65,
    "time": 242658
  },
  {
    "ayah": 66,
    "time": 250158
  },
  {
    "ayah": 67,
    "time": 252130
  },
  {
    "ayah": 68,
    "time": 254756
  },
  {
    "ayah": 69,
    "time": 259816
  },
  {
    "ayah": 70,
    "time": 265817
  },
  {
    "ayah": 71,
    "time": 272000
  },
  {
    "ayah": 72,
    "time": 276153
  },
  {
    "ayah": 73,
    "time": 282130
  },
  {
    "ayah": 74,
    "time": 287200
  },
  {
    "ayah": 75,
    "time": 290257
  },
  {
    "ayah": 76,
    "time": 294259
  },
  {
    "ayah": 77,
    "time": 298244
  },
  {
    "ayah": 78,
    "time": 301042
  },
  {
    "ayah": 79,
    "time": 303297
  },
  {
    "ayah": 80,
    "time": 306550
  },
  {
    "ayah": 81,
    "time": 309862
  },
  {
    "ayah": 82,
    "time": 313985
  },
  {
    "ayah": 83,
    "time": 318336
  },
  {
    "ayah": 84,
    "time": 321795
  },
  {
    "ayah": 85,
    "time": 325856
  },
  {
    "ayah": 86,
    "time": 331234
  },
  {
    "ayah": 87,
    "time": 335332
  },
  {
    "ayah": 88,
    "time": 339485
  },
  {
    "ayah": 89,
    "time": 343922
  },
  {
    "ayah": 90,
    "time": 348235
  },
  {
    "ayah": 91,
    "time": 352345
  },
  {
    "ayah": 92,
    "time": 355914
  },
  {
    "ayah": 93,
    "time": 363965
  },
  {
    "ayah": 94,
    "time": 366556
  },
  {
    "ayah": 95,
    "time": 369246
  },
  {
    "ayah": 96,
    "time": 373195
  },
  {
    "ayah": 999,
    "time": 378257
  }
]