[
  {
    "ayah": 1,
    "time": 13753
  },
  {
    "ayah": 2,
    "time": 35394
  },
  {
    "ayah": 3,
    "time": 49140
  },
  {
    "ayah": 4,
    "time": 69752
  },
  {
    "ayah": 5,
    "time": 92679
  },
  {
    "ayah": 6,
    "time": 120458
  },
  {
    "ayah": 7,
    "time": 156913
  },
  {
    "ayah": 8,
    "time": 172524
  },
  {
    "ayah": 9,
    "time": 189785
  },
  {
    "ayah": 10,
    "time": 243384
  },
  {
    "ayah": 11,
    "time": 289824
  },
  {
    "ayah": 12,
    "time": 335024
  },
  {
    "ayah": 13,
    "time": 359544
  },
  {
    "ayah": 14,
    "time": 384608
  },
  {
    "ayah": 15,
    "time": 397797
  },
  {
    "ayah": 16,
    "time": 404709
  },
  {
    "ayah": 17,
    "time": 419080
  },
  {
    "ayah": 18,
    "time": 445272
  },
  {
    "ayah": 19,
    "time": 470847
  },
  {
    "ayah": 20,
    "time": 487240
  },
  {
    "ayah": 21,
    "time": 492859
  },
  {
    "ayah": 22,
    "time": 550445
  },
  {
    "ayah": 23,
    "time": 611202
  },
  {
    "ayah": 24,
    "time": 643014
  },
  {
    "ayah": 25,
    "time": 665165
  },
  {
    "ayah": 26,
    "time": 682580
  },
  {
    "ayah": 27,
    "time": 702124
  },
  {
    "ayah": 28,
    "time": 728920
  },
  {
    "ayah": 29,
    "time": 742249
  },
  {
    "ayah": 30,
    "time": 754377
  },
  {
    "ayah": 31,
    "time": 772102
  },
  {
    "ayah": 32,
    "time": 805871
  },
  {
    "ayah": 33,
    "time": 836979
  },
  {
    "ayah": 34,
    "time": 851700
  },
  {
    "ayah": 35,
    "time": 874781
  },
  {
    "ayah": 36,
    "time": 889967
  },
  {
    "ayah": 37,
    "time": 913883
  },
  {
    "ayah": 38,
    "time": 952839
  },
  {
    "ayah": 39,
    "time": 972273
  },
  {
    "ayah": 40,
    "time": 989620
  },
  {
    "ayah": 41,
    "time": 1002684
  },
  {
    "ayah": 42,
    "time": 1014612
  },
  {
    "ayah": 43,
    "time": 1035324
  },
  {
    "ayah": 44,
    "time": 1047955
  },
  {
    "ayah": 45,
    "time": 1088776
  },
  {
    "ayah": 46,
    "time": 1110231
  },
  {
    "ayah": 47,
    "time": 1129086
  },
  {
    "ayah": 48,
    "time": 1144179
  },
  {
    "ayah": 49,
    "time": 1159458
  },
  {
    "ayah": 50,
    "time": 1169682
  },
  {
    "ayah": 51,
    "time": 1187925
  },
  {
    "ayah": 52,
    "time": 1201532
  }
]