[
  {
    "ayah": 1,
    "time": 3549
  },
  {
    "ayah": 2,
    "time": 5478
  },
  {
    "ayah": 3,
    "time": 7780
  },
  {
    "ayah": 4,
    "time": 11000
  },
  {
    "ayah": 5,
    "time": 13741
  },
  {
    "ayah": 6,
    "time": 17544
  },
  {
    "ayah": 7,
    "time": 20396
  },
  {
    "ayah": 8,
    "time": 23000
  },
  {
    "ayah": 9,
    "time": 27202
  },
  {
    "ayah": 10,
    "time": 30100
  },
  {
    "ayah": 11,
    "time": 33641
  },
  {
    "ayah": 12,
    "time": 37100
  },
  {
    "ayah": 13,
    "time": 40179
  },
  {
    "ayah": 14,
    "time": 46193
  },
  {
    "ayah": 15,
    "time": 55248
  },
  {
    "ayah": 999,
    "time": 60000
  }
]