[
  {
    "ayah": 1,
    "time": 13846
  },
  {
    "ayah": 2,
    "time": 41849
  },
  {
    "ayah": 3,
    "time": 76029
  },
  {
    "ayah": 4,
    "time": 99249
  },
  {
    "ayah": 5,
    "time": 128499
  },
  {
    "ayah": 6,
    "time": 141509
  },
  {
    "ayah": 7,
    "time": 168769
  },
  {
    "ayah": 8,
    "time": 179822
  },
  {
    "ayah": 9,
    "time": 194497
  },
  {
    "ayah": 10,
    "time": 205914
  },
  {
    "ayah": 11,
    "time": 218042
  },
  {
    "ayah": 12,
    "time": 245534
  },
  {
    "ayah": 13,
    "time": 265875
  },
  {
    "ayah": 14,
    "time": 286634
  },
  {
    "ayah": 15,
    "time": 304227
  },
  {
    "ayah": 16,
    "time": 336092
  },
  {
    "ayah": 17,
    "time": 355397
  },
  {
    "ayah": 18,
    "time": 368275
  },
  {
    "ayah": 19,
    "time": 381185
  },
  {
    "ayah": 20,
    "time": 405288
  },
  {
    "ayah": 21,
    "time": 415815
  },
  {
    "ayah": 22,
    "time": 467517
  },
  {
    "ayah": 23,
    "time": 498075
  },
  {
    "ayah": 24,
    "time": 516318
  },
  {
    "ayah": 25,
    "time": 528911
  },
  {
    "ayah": 26,
    "time": 546465
  },
  {
    "ayah": 27,
    "time": 580784
  },
  {
    "ayah": 28,
    "time": 603122
  },
  {
    "ayah": 29,
    "time": 624391
  },
  {
    "ayah": 30,
    "time": 641806
  },
  {
    "ayah": 31,
    "time": 658478
  },
  {
    "ayah": 32,
    "time": 771931
  },
  {
    "ayah": 33,
    "time": 795515
  },
  {
    "ayah": 34,
    "time": 850136
  },
  {
    "ayah": 35,
    "time": 871684
  },
  {
    "ayah": 36,
    "time": 946870
  },
  {
    "ayah": 37,
    "time": 965167
  },
  {
    "ayah": 38,
    "time": 997443
  },
  {
    "ayah": 39,
    "time": 1015926
  },
  {
    "ayah": 40,
    "time": 1060276
  },
  {
    "ayah": 41,
    "time": 1097428
  },
  {
    "ayah": 42,
    "time": 1123806
  },
  {
    "ayah": 43,
    "time": 1132722
  },
  {
    "ayah": 44,
    "time": 1191051
  },
  {
    "ayah": 45,
    "time": 1204751
  },
  {
    "ayah": 46,
    "time": 1243660
  },
  {
    "ayah": 47,
    "time": 1263915
  },
  {
    "ayah": 48,
    "time": 1287692
  },
  {
    "ayah": 49,
    "time": 1301532
  },
  {
    "ayah": 50,
    "time": 1311841
  },
  {
    "ayah": 51,
    "time": 1331889
  },
  {
    "ayah": 52,
    "time": 1358931
  },
  {
    "ayah": 53,
    "time": 1373785
  },
  {
    "ayah": 54,
    "time": 1396919
  },
  {
    "ayah": 55,
    "time": 1424676
  },
  {
    "ayah": 56,
    "time": 1479164
  },
  {
    "ayah": 57,
    "time": 1489567
  },
  {
    "ayah": 58,
    "time": 1506317
  },
  {
    "ayah": 59,
    "time": 1563810
  },
  {
    "ayah": 60,
    "time": 1585047
  },
  {
    "ayah": 61,
    "time": 1619584
  },
  {
    "ayah": 62,
    "time": 1723710
  },
  {
    "ayah": 63,
    "time": 1775729
  },
  {
    "ayah": 64,
    "time": 1813299
  }
]