[
  {
    "ayah": 1,
    "time": 3348
  },
  {
    "ayah": 2,
    "time": 7976
  },
  {
    "ayah": 3,
    "time": 14291
  },
  {
    "ayah": 4,
    "time": 21099
  },
  {
    "ayah": 5,
    "time": 28728
  },
  {
    "ayah": 6,
    "time": 34040
  },
  {
    "ayah": 7,
    "time": 40288
  },
  {
    "ayah": 8,
    "time": 49037
  },
  {
    "ayah": 9,
    "time": 57791
  },
  {
    "ayah": 10,
    "time": 66541
  },
  {
    "ayah": 11,
    "time": 72350
  },
  {
    "ayah": 12,
    "time": 79039
  },
  {
    "ayah": 13,
    "time": 86792
  },
  {
    "ayah": 14,
    "time": 91478
  },
  {
    "ayah": 15,
    "time": 97475
  },
  {
    "ayah": 16,
    "time": 103292
  },
  {
    "ayah": 17,
    "time": 106666
  },
  {
    "ayah": 18,
    "time": 112853
  },
  {
    "ayah": 19,
    "time": 118229
  },
  {
    "ayah": 20,
    "time": 126104
  },
  {
    "ayah": 21,
    "time": 132916
  },
  {
    "ayah": 22,
    "time": 136354
  },
  {
    "ayah": 23,
    "time": 143543
  },
  {
    "ayah": 24,
    "time": 146543
  },
  {
    "ayah": 25,
    "time": 155794
  },
  {
    "ayah": 26,
    "time": 162105
  },
  {
    "ayah": 27,
    "time": 166480
  },
  {
    "ayah": 28,
    "time": 172792
  },
  {
    "ayah": 29,
    "time": 180669
  },
  {
    "ayah": 30,
    "time": 184795
  },
  {
    "ayah": 31,
    "time": 187980
  },
  {
    "ayah": 32,
    "time": 196795
  },
  {
    "ayah": 33,
    "time": 202605
  },
  {
    "ayah": 34,
    "time": 206357
  },
  {
    "ayah": 35,
    "time": 215042
  },
  {
    "ayah": 36,
    "time": 220608
  },
  {
    "ayah": 37,
    "time": 226609
  },
  {
    "ayah": 38,
    "time": 234796
  },
  {
    "ayah": 39,
    "time": 240357
  },
  {
    "ayah": 40,
    "time": 244160
  },
  {
    "ayah": 41,
    "time": 251971
  },
  {
    "ayah": 42,
    "time": 257348
  },
  {
    "ayah": 43,
    "time": 265286
  },
  {
    "ayah": 44,
    "time": 274838
  },
  {
    "ayah": 45,
    "time": 279865
  },
  {
    "ayah": 46,
    "time": 283864
  },
  {
    "ayah": 47,
    "time": 290613
  },
  {
    "ayah": 48,
    "time": 296115
  },
  {
    "ayah": 49,
    "time": 304428
  },
  {
    "ayah": 50,
    "time": 310177
  },
  {
    "ayah": 51,
    "time": 316367
  },
  {
    "ayah": 52,
    "time": 321615
  },
  {
    "ayah": 53,
    "time": 325804
  },
  {
    "ayah": 54,
    "time": 330739
  },
  {
    "ayah": 55,
    "time": 338240
  },
  {
    "ayah": 999,
    "time": 346593
  }
]