[
  {
    "ayah": 1,
    "time": 6241
  },
  {
    "ayah": 2,
    "time": 16682
  },
  {
    "ayah": 3,
    "time": 30371
  },
  {
    "ayah": 4,
    "time": 45681
  },
  {
    "ayah": 5,
    "time": 57245
  },
  {
    "ayah": 6,
    "time": 73873
  },
  {
    "ayah": 7,
    "time": 82061
  },
  {
    "ayah": 8,
    "time": 91495
  },
  {
    "ayah": 9,
    "time": 104012
  },
  {
    "ayah": 10,
    "time": 119327
  },
  {
    "ayah": 11,
    "time": 130013
  },
  {
    "ayah": 12,
    "time": 146265
  },
  {
    "ayah": 13,
    "time": 159701
  },
  {
    "ayah": 14,
    "time": 170141
  },
  {
    "ayah": 15,
    "time": 174888
  },
  {
    "ayah": 16,
    "time": 179890
  },
  {
    "ayah": 17,
    "time": 188263
  },
  {
    "ayah": 18,
    "time": 206720
  },
  {
    "ayah": 19,
    "time": 221782
  },
  {
    "ayah": 20,
    "time": 235907
  },
  {
    "ayah": 21,
    "time": 259660
  },
  {
    "ayah": 22,
    "time": 265535
  },
  {
    "ayah": 23,
    "time": 293657
  },
  {
    "ayah": 24,
    "time": 305282
  },
  {
    "ayah": 25,
    "time": 314844
  },
  {
    "ayah": 26,
    "time": 321409
  },
  {
    "ayah": 27,
    "time": 339911
  },
  {
    "ayah": 28,
    "time": 369597
  },
  {
    "ayah": 29,
    "time": 390912
  },
  {
    "ayah": 30,
    "time": 404536
  },
  {
    "ayah": 31,
    "time": 426847
  },
  {
    "ayah": 32,
    "time": 439598
  },
  {
    "ayah": 33,
    "time": 461103
  },
  {
    "ayah": 34,
    "time": 484852
  },
  {
    "ayah": 35,
    "time": 496095
  },
  {
    "ayah": 36,
    "time": 513796
  },
  {
    "ayah": 37,
    "time": 530481
  },
  {
    "ayah": 38,
    "time": 564422
  },
  {
    "ayah": 39,
    "time": 611922
  },
  {
    "ayah": 40,
    "time": 623674
  },
  {
    "ayah": 41,
    "time": 647864
  },
  {
    "ayah": 42,
    "time": 659676
  },
  {
    "ayah": 43,
    "time": 673363
  },
  {
    "ayah": 44,
    "time": 711179
  },
  {
    "ayah": 45,
    "time": 734430
  },
  {
    "ayah": 46,
    "time": 744302
  },
  {
    "ayah": 47,
    "time": 762867
  },
  {
    "ayah": 48,
    "time": 774991
  },
  {
    "ayah": 49,
    "time": 789741
  },
  {
    "ayah": 50,
    "time": 805057
  },
  {
    "ayah": 51,
    "time": 823682
  },
  {
    "ayah": 52,
    "time": 842243
  },
  {
    "ayah": 53,
    "time": 854400
  },
  {
    "ayah": 54,
    "time": 890497
  },
  {
    "ayah": 55,
    "time": 922685
  },
  {
    "ayah": 56,
    "time": 930874
  },
  {
    "ayah": 57,
    "time": 944437
  },
  {
    "ayah": 58,
    "time": 970500
  },
  {
    "ayah": 59,
    "time": 989561
  },
  {
    "ayah": 60,
    "time": 1004063
  },
  {
    "ayah": 61,
    "time": 1010811
  },
  {
    "ayah": 62,
    "time": 1019189
  },
  {
    "ayah": 63,
    "time": 1028190
  },
  {
    "ayah": 64,
    "time": 1044436
  },
  {
    "ayah": 65,
    "time": 1061439
  },
  {
    "ayah": 66,
    "time": 1073626
  },
  {
    "ayah": 67,
    "time": 1085313
  },
  {
    "ayah": 68,
    "time": 1093938
  },
  {
    "ayah": 69,
    "time": 1100816
  },
  {
    "ayah": 70,
    "time": 1126377
  },
  {
    "ayah": 71,
    "time": 1140879
  },
  {
    "ayah": 72,
    "time": 1170755
  },
  {
    "ayah": 73,
    "time": 1188630
  },
  {
    "ayah": 74,
    "time": 1217194
  },
  {
    "ayah": 75,
    "time": 1239570
  },
  {
    "ayah": 76,
    "time": 1262696
  },
  {
    "ayah": 77,
    "time": 1270821
  },
  {
    "ayah": 78,
    "time": 1282822
  },
  {
    "ayah": 79,
    "time": 1289697
  },
  {
    "ayah": 80,
    "time": 1306320
  },
  {
    "ayah": 81,
    "time": 1316197
  },
  {
    "ayah": 82,
    "time": 1327014
  },
  {
    "ayah": 83,
    "time": 1339259
  },
  {
    "ayah": 84,
    "time": 1346138
  },
  {
    "ayah": 85,
    "time": 1357948
  },
  {
    "ayah": 86,
    "time": 1394949
  },
  {
    "ayah": 87,
    "time": 1416199
  },
  {
    "ayah": 88,
    "time": 1435451
  },
  {
    "ayah": 89,
    "time": 1454578
  },
  {
    "ayah": 90,
    "time": 1487076
  },
  {
    "ayah": 91,
    "time": 1496514
  },
  {
    "ayah": 92,
    "time": 1502764
  },
  {
    "ayah": 93,
    "time": 1514266
  },
  {
    "ayah": 94,
    "time": 1534263
  },
  {
    "ayah": 95,
    "time": 1549078
  },
  {
    "ayah": 96,
    "time": 1571515
  },
  {
    "ayah": 97,
    "time": 1587708
  },
  {
    "ayah": 98,
    "time": 1597142
  },
  {
    "ayah": 99,
    "time": 1604892
  },
  {
    "ayah": 100,
    "time": 1614266
  },
  {
    "ayah": 101,
    "time": 1630829
  },
  {
    "ayah": 102,
    "time": 1654522
  },
  {
    "ayah": 103,
    "time": 1666107
  },
  {
    "ayah": 104,
    "time": 1680831
  },
  {
    "ayah": 105,
    "time": 1687396
  },
  {
    "ayah": 106,
    "time": 1702582
  },
  {
    "ayah": 107,
    "time": 1711210
  },
  {
    "ayah": 108,
    "time": 1716521
  },
  {
    "ayah": 109,
    "time": 1723645
  },
  {
    "ayah": 110,
    "time": 1730335
  },
  {
    "ayah": 111,
    "time": 1736895
  },
  {
    "ayah": 112,
    "time": 1744083
  },
  {
    "ayah": 113,
    "time": 1748210
  },
  {
    "ayah": 114,
    "time": 1758710
  },
  {
    "ayah": 115,
    "time": 1763961
  },
  {
    "ayah": 116,
    "time": 1771899
  },
  {
    "ayah": 117,
    "time": 1787200
  },
  {
    "ayah": 118,
    "time": 1795086
  },
  {
    "ayah": 119,
    "time": 1800149
  },
  {
    "ayah": 120,
    "time": 1804531
  },
  {
    "ayah": 121,
    "time": 1807200
  },
  {
    "ayah": 122,
    "time": 1810900
  },
  {
    "ayah": 123,
    "time": 1813612
  },
  {
    "ayah": 124,
    "time": 1828803
  },
  {
    "ayah": 125,
    "time": 1838301
  },
  {
    "ayah": 126,
    "time": 1843365
  },
  {
    "ayah": 127,
    "time": 1859362
  },
  {
    "ayah": 128,
    "time": 1879992
  },
  {
    "ayah": 129,
    "time": 1896553
  },
  {
    "ayah": 130,
    "time": 1919179
  },
  {
    "ayah": 131,
    "time": 1928555
  },
  {
    "ayah": 132,
    "time": 1949678
  },
  {
    "ayah": 133,
    "time": 1958306
  },
  {
    "ayah": 134,
    "time": 1975117
  },
  {
    "ayah": 135,
    "time": 1993930
  },
  {
    "ayah": 136,
    "time": 2002305
  },
  {
    "ayah": 137,
    "time": 2013868
  },
  {
    "ayah": 138,
    "time": 2043629
  },
  {
    "ayah": 139,
    "time": 2063854
  },
  {
    "ayah": 140,
    "time": 2073490
  },
  {
    "ayah": 141,
    "time": 2081805
  },
  {
    "ayah": 142,
    "time": 2105853
  },
  {
    "ayah": 143,
    "time": 2127457
  },
  {
    "ayah": 144,
    "time": 2167242
  },
  {
    "ayah": 145,
    "time": 2183494
  },
  {
    "ayah": 146,
    "time": 2201881
  },
  {
    "ayah": 147,
    "time": 2232246
  },
  {
    "ayah": 148,
    "time": 2245870
  },
  {
    "ayah": 149,
    "time": 2265198
  },
  {
    "ayah": 150,
    "time": 2287312
  },
  {
    "ayah": 151,
    "time": 2321310
  },
  {
    "ayah": 152,
    "time": 2331437
  },
  {
    "ayah": 153,
    "time": 2344312
  },
  {
    "ayah": 154,
    "time": 2357061
  },
  {
    "ayah": 155,
    "time": 2373251
  },
  {
    "ayah": 156,
    "time": 2413089
  },
  {
    "ayah": 157,
    "time": 2439754
  },
  {
    "ayah": 158,
    "time": 2491704
  },
  {
    "ayah": 159,
    "time": 2515195
  },
  {
    "ayah": 160,
    "time": 2522442
  },
  {
    "ayah": 161,
    "time": 2556005
  },
  {
    "ayah": 162,
    "time": 2574257
  },
  {
    "ayah": 163,
    "time": 2588947
  },
  {
    "ayah": 164,
    "time": 2614508
  },
  {
    "ayah": 165,
    "time": 2631885
  },
  {
    "ayah": 166,
    "time": 2649697
  },
  {
    "ayah": 167,
    "time": 2657903
  },
  {
    "ayah": 168,
    "time": 2675967
  },
  {
    "ayah": 169,
    "time": 2691090
  },
  {
    "ayah": 170,
    "time": 2724528
  },
  {
    "ayah": 171,
    "time": 2735717
  },
  {
    "ayah": 172,
    "time": 2753279
  },
  {
    "ayah": 173,
    "time": 2775407
  },
  {
    "ayah": 174,
    "time": 2789842
  },
  {
    "ayah": 175,
    "time": 2795592
  },
  {
    "ayah": 176,
    "time": 2806969
  },
  {
    "ayah": 177,
    "time": 2832845
  },
  {
    "ayah": 178,
    "time": 2842908
  },
  {
    "ayah": 179,
    "time": 2854533
  },
  {
    "ayah": 180,
    "time": 2880786
  },
  {
    "ayah": 181,
    "time": 2894723
  },
  {
    "ayah": 182,
    "time": 2901686
  },
  {
    "ayah": 183,
    "time": 2909350
  },
  {
    "ayah": 184,
    "time": 2913599
  },
  {
    "ayah": 185,
    "time": 2922537
  },
  {
    "ayah": 186,
    "time": 2941903
  },
  {
    "ayah": 187,
    "time": 2950123
  },
  {
    "ayah": 188,
    "time": 2983537
  },
  {
    "ayah": 189,
    "time": 3005291
  },
  {
    "ayah": 190,
    "time": 3030041
  },
  {
    "ayah": 191,
    "time": 3042541
  },
  {
    "ayah": 192,
    "time": 3047380
  },
  {
    "ayah": 193,
    "time": 3054289
  },
  {
    "ayah": 194,
    "time": 3065729
  },
  {
    "ayah": 195,
    "time": 3078102
  },
  {
    "ayah": 196,
    "time": 3102106
  },
  {
    "ayah": 197,
    "time": 3109732
  },
  {
    "ayah": 198,
    "time": 3118544
  },
  {
    "ayah": 199,
    "time": 3127669
  },
  {
    "ayah": 200,
    "time": 3133168
  },
  {
    "ayah": 201,
    "time": 3142857
  },
  {
    "ayah": 202,
    "time": 3153482
  },
  {
    "ayah": 203,
    "time": 3159482
  },
  {
    "ayah": 204,
    "time": 3178420
  },
  {
    "ayah": 205,
    "time": 3186106
  },
  {
    "ayah": 206,
    "time": 3199734
  },
  {
    "ayah": 999,
    "time": 3214485
  }
]