[
  {
    "ayah": 1,
    "time": 7065
  },
  {
    "ayah": 2,
    "time": 12399
  },
  {
    "ayah": 3,
    "time": 16857
  },
  {
    "ayah": 4,
    "time": 26324
  },
  {
    "ayah": 5,
    "time": 37005
  },
  {
    "ayah": 6,
    "time": 48522
  },
  {
    "ayah": 7,
    "time": 56510
  },
  {
    "ayah": 8,
    "time": 66919
  },
  {
    "ayah": 9,
    "time": 78537
  },
  {
    "ayah": 10,
    "time": 93337
  },
  {
    "ayah": 11,
    "time": 105272
  },
  {
    "ayah": 12,
    "time": 125348
  },
  {
    "ayah": 13,
    "time": 137919
  },
  {
    "ayah": 14,
    "time": 160953
  },
  {
    "ayah": 15,
    "time": 170473
  },
  {
    "ayah": 16,
    "time": 183398
  },
  {
    "ayah": 17,
    "time": 193833
  },
  {
    "ayah": 18,
    "time": 208926
  },
  {
    "ayah": 19,
    "time": 218460
  },
  {
    "ayah": 20,
    "time": 236843
  },
  {
    "ayah": 21,
    "time": 253090
  },
  {
    "ayah": 22,
    "time": 264886
  },
  {
    "ayah": 23,
    "time": 289002
  },
  {
    "ayah": 24,
    "time": 330427
  },
  {
    "ayah": 25,
    "time": 355086
  },
  {
    "ayah": 26,
    "time": 367146
  },
  {
    "ayah": 27,
    "time": 382657
  },
  {
    "ayah": 28,
    "time": 390506
  },
  {
    "ayah": 29,
    "time": 401140
  },
  {
    "ayah": 30,
    "time": 420227
  },
  {
    "ayah": 31,
    "time": 433509
  },
  {
    "ayah": 32,
    "time": 444808
  },
  {
    "ayah": 33,
    "time": 476891
  },
  {
    "ayah": 34,
    "time": 503880
  },
  {
    "ayah": 35,
    "time": 512975
  },
  {
    "ayah": 36,
    "time": 529375
  },
  {
    "ayah": 37,
    "time": 542471
  },
  {
    "ayah": 38,
    "time": 555289
  },
  {
    "ayah": 39,
    "time": 571078
  },
  {
    "ayah": 40,
    "time": 583324
  },
  {
    "ayah": 41,
    "time": 596667
  },
  {
    "ayah": 42,
    "time": 608230
  },
  {
    "ayah": 43,
    "time": 619787
  },
  {
    "ayah": 44,
    "time": 633958
  },
  {
    "ayah": 45,
    "time": 643106
  },
  {
    "ayah": 46,
    "time": 660647
  },
  {
    "ayah": 47,
    "time": 675800
  },
  {
    "ayah": 48,
    "time": 688850
  },
  {
    "ayah": 49,
    "time": 704872
  },
  {
    "ayah": 50,
    "time": 718743
  },
  {
    "ayah": 51,
    "time": 728695
  },
  {
    "ayah": 52,
    "time": 745878
  },
  {
    "ayah": 53,
    "time": 755809
  },
  {
    "ayah": 54,
    "time": 773324
  },
  {
    "ayah": 55,
    "time": 786281
  },
  {
    "ayah": 56,
    "time": 798945
  },
  {
    "ayah": 57,
    "time": 807264
  },
  {
    "ayah": 58,
    "time": 816513
  },
  {
    "ayah": 59,
    "time": 831142
  },
  {
    "ayah": 60,
    "time": 845306
  },
  {
    "ayah": 61,
    "time": 859749
  },
  {
    "ayah": 62,
    "time": 876421
  },
  {
    "ayah": 63,
    "time": 887752
  },
  {
    "ayah": 64,
    "time": 911854
  },
  {
    "ayah": 65,
    "time": 925693
  },
  {
    "ayah": 66,
    "time": 938557
  },
  {
    "ayah": 67,
    "time": 951932
  },
  {
    "ayah": 68,
    "time": 965028
  },
  {
    "ayah": 69,
    "time": 976406
  },
  {
    "ayah": 70,
    "time": 984115
  },
  {
    "ayah": 71,
    "time": 992753
  },
  {
    "ayah": 72,
    "time": 1016012
  },
  {
    "ayah": 73,
    "time": 1028558
  },
  {
    "ayah": 74,
    "time": 1038217
  },
  {
    "ayah": 75,
    "time": 1047259
  },
  {
    "ayah": 76,
    "time": 1054750
  },
  {
    "ayah": 77,
    "time": 1063095
  },
  {
    "ayah": 78,
    "time": 1075694
  },
  {
    "ayah": 79,
    "time": 1086175
  },
  {
    "ayah": 80,
    "time": 1096267
  },
  {
    "ayah": 81,
    "time": 1109874
  },
  {
    "ayah": 82,
    "time": 1119255
  },
  {
    "ayah": 83,
    "time": 1129286
  },
  {
    "ayah": 84,
    "time": 1139767
  },
  {
    "ayah": 85,
    "time": 1155524
  },
  {
    "ayah": 86,
    "time": 1174643
  },
  {
    "ayah": 87,
    "time": 1188543
  },
  {
    "ayah": 88,
    "time": 1203018
  },
  {
    "ayah": 89,
    "time": 1216314
  }
]