[
  {
    "ayah": 1,
    "time": 6022
  },
  {
    "ayah": 2,
    "time": 12160
  },
  {
    "ayah": 3,
    "time": 19590
  },
  {
    "ayah": 4,
    "time": 26742
  },
  {
    "ayah": 5,
    "time": 34172
  },
  {
    "ayah": 6,
    "time": 39891
  },
  {
    "ayah": 7,
    "time": 44403
  },
  {
    "ayah": 8,
    "time": 47097
  },
  {
    "ayah": 9,
    "time": 48894
  },
  {
    "ayah": 10,
    "time": 52005
  },
  {
    "ayah": 11,
    "time": 58228
  },
  {
    "ayah": 12,
    "time": 61107
  },
  {
    "ayah": 13,
    "time": 65751
  },
  {
    "ayah": 14,
    "time": 73646
  },
  {
    "ayah": 15,
    "time": 78987
  },
  {
    "ayah": 16,
    "time": 82423
  },
  {
    "ayah": 17,
    "time": 87485
  },
  {
    "ayah": 18,
    "time": 92779
  },
  {
    "ayah": 19,
    "time": 97563
  },
  {
    "ayah": 20,
    "time": 102392
  },
  {
    "ayah": 21,
    "time": 106440
  },
  {
    "ayah": 22,
    "time": 109173
  },
  {
    "ayah": 23,
    "time": 113909
  },
  {
    "ayah": 24,
    "time": 117021
  },
  {
    "ayah": 25,
    "time": 122315
  },
  {
    "ayah": 26,
    "time": 127981
  },
  {
    "ayah": 27,
    "time": 133461
  },
  {
    "ayah": 28,
    "time": 138848
  },
  {
    "ayah": 29,
    "time": 144760
  },
  {
    "ayah": 30,
    "time": 149668
  },
  {
    "ayah": 31,
    "time": 155752
  },
  {
    "ayah": 32,
    "time": 159096
  },
  {
    "ayah": 33,
    "time": 163229
  },
  {
    "ayah": 34,
    "time": 169498
  },
  {
    "ayah": 35,
    "time": 172145
  },
  {
    "ayah": 36,
    "time": 176139
  },
  {
    "ayah": 37,
    "time": 182455
  },
  {
    "ayah": 38,
    "time": 189328
  },
  {
    "ayah": 39,
    "time": 195504
  },
  {
    "ayah": 40,
    "time": 201588
  }
]