[
  {
    "ayah": 1,
    "time": 3822
  },
  {
    "ayah": 2,
    "time": 9730
  },
  {
    "ayah": 3,
    "time": 15885
  },
  {
    "ayah": 4,
    "time": 20189
  },
  {
    "ayah": 5,
    "time": 25750
  },
  {
    "ayah": 6,
    "time": 32006
  },
  {
    "ayah": 7,
    "time": 36760
  },
  {
    "ayah": 8,
    "time": 42320
  },
  {
    "ayah": 9,
    "time": 46977
  },
  {
    "ayah": 10,
    "time": 51383
  },
  {
    "ayah": 11,
    "time": 56340
  },
  {
    "ayah": 12,
    "time": 59946
  },
  {
    "ayah": 13,
    "time": 65152
  },
  {
    "ayah": 14,
    "time": 67651
  },
  {
    "ayah": 15,
    "time": 74872
  },
  {
    "ayah": 16,
    "time": 78920
  },
  {
    "ayah": 17,
    "time": 83579
  },
  {
    "ayah": 18,
    "time": 94792
  },
  {
    "ayah": 19,
    "time": 100650
  },
  {
    "ayah": 20,
    "time": 108661
  },
  {
    "ayah": 999,
    "time": 112964
  }
]