[
  {
    "ayah": 1,
    "time": 4119
  },
  {
    "ayah": 2,
    "time": 8425
  },
  {
    "ayah": 3,
    "time": 12731
  },
  {
    "ayah": 4,
    "time": 16288
  },
  {
    "ayah": 5,
    "time": 20041
  },
  {
    "ayah": 6,
    "time": 23946
  },
  {
    "ayah": 7,
    "time": 29003
  },
  {
    "ayah": 8,
    "time": 32356
  },
  {
    "ayah": 9,
    "time": 37915
  },
  {
    "ayah": 10,
    "time": 41474
  },
  {
    "ayah": 11,
    "time": 48979
  },
  {
    "ayah": 12,
    "time": 54737
  },
  {
    "ayah": 13,
    "time": 60797
  },
  {
    "ayah": 14,
    "time": 66704
  },
  {
    "ayah": 15,
    "time": 71057
  },
  {
    "ayah": 16,
    "time": 75464
  },
  {
    "ayah": 17,
    "time": 82526
  },
  {
    "ayah": 18,
    "time": 88882
  },
  {
    "ayah": 19,
    "time": 95245
  },
  {
    "ayah": 20,
    "time": 100348
  },
  {
    "ayah": 21,
    "time": 104656
  },
  {
    "ayah": 22,
    "time": 107816
  },
  {
    "ayah": 23,
    "time": 111668
  },
  {
    "ayah": 24,
    "time": 114970
  },
  {
    "ayah": 25,
    "time": 119473
  },
  {
    "ayah": 26,
    "time": 126035
  },
  {
    "ayah": 27,
    "time": 132995
  },
  {
    "ayah": 28,
    "time": 142357
  },
  {
    "ayah": 29,
    "time": 146761
  },
  {
    "ayah": 30,
    "time": 152423
  },
  {
    "ayah": 31,
    "time": 156978
  },
  {
    "ayah": 32,
    "time": 163487
  },
  {
    "ayah": 33,
    "time": 167141
  },
  {
    "ayah": 34,
    "time": 172145
  },
  {
    "ayah": 35,
    "time": 180662
  },
  {
    "ayah": 36,
    "time": 187118
  },
  {
    "ayah": 37,
    "time": 192275
  },
  {
    "ayah": 38,
    "time": 197333
  },
  {
    "ayah": 39,
    "time": 201638
  },
  {
    "ayah": 40,
    "time": 206846
  },
  {
    "ayah": 41,
    "time": 216529
  },
  {
    "ayah": 42,
    "time": 222036
  },
  {
    "ayah": 43,
    "time": 228644
  },
  {
    "ayah": 44,
    "time": 234149
  },
  {
    "ayah": 45,
    "time": 238809
  },
  {
    "ayah": 46,
    "time": 247771
  },
  {
    "ayah": 999,
    "time": 259136
  }
]