[
  {
    "ayah": 1,
    "time": 6575
  },
  {
    "ayah": 2,
    "time": 9997
  },
  {
    "ayah": 3,
    "time": 14497
  },
  {
    "ayah": 4,
    "time": 22502
  },
  {
    "ayah": 5,
    "time": 29187
  },
  {
    "ayah": 6,
    "time": 48236
  },
  {
    "ayah": 7,
    "time": 64335
  },
  {
    "ayah": 8,
    "time": 74396
  },
  {
    "ayah": 9,
    "time": 81644
  },
  {
    "ayah": 10,
    "time": 94271
  },
  {
    "ayah": 11,
    "time": 109958
  },
  {
    "ayah": 12,
    "time": 124647
  },
  {
    "ayah": 13,
    "time": 148360
  },
  {
    "ayah": 14,
    "time": 156649
  },
  {
    "ayah": 15,
    "time": 177463
  },
  {
    "ayah": 16,
    "time": 197078
  },
  {
    "ayah": 17,
    "time": 215277
  },
  {
    "ayah": 18,
    "time": 227650
  },
  {
    "ayah": 19,
    "time": 233025
  },
  {
    "ayah": 20,
    "time": 242087
  },
  {
    "ayah": 21,
    "time": 259740
  },
  {
    "ayah": 22,
    "time": 276837
  },
  {
    "ayah": 23,
    "time": 295841
  },
  {
    "ayah": 24,
    "time": 305963
  },
  {
    "ayah": 25,
    "time": 315716
  },
  {
    "ayah": 26,
    "time": 336153
  },
  {
    "ayah": 27,
    "time": 348154
  },
  {
    "ayah": 28,
    "time": 359033
  },
  {
    "ayah": 29,
    "time": 376546
  },
  {
    "ayah": 30,
    "time": 394000
  },
  {
    "ayah": 31,
    "time": 414296
  },
  {
    "ayah": 32,
    "time": 427386
  },
  {
    "ayah": 33,
    "time": 431611
  },
  {
    "ayah": 34,
    "time": 441921
  },
  {
    "ayah": 35,
    "time": 455612
  },
  {
    "ayah": 36,
    "time": 465051
  },
  {
    "ayah": 37,
    "time": 476423
  },
  {
    "ayah": 38,
    "time": 492424
  },
  {
    "ayah": 39,
    "time": 509600
  },
  {
    "ayah": 40,
    "time": 528052
  },
  {
    "ayah": 41,
    "time": 547553
  },
  {
    "ayah": 42,
    "time": 556551
  },
  {
    "ayah": 43,
    "time": 566113
  },
  {
    "ayah": 44,
    "time": 577490
  },
  {
    "ayah": 45,
    "time": 606742
  },
  {
    "ayah": 46,
    "time": 620744
  },
  {
    "ayah": 47,
    "time": 635330
  },
  {
    "ayah": 48,
    "time": 657433
  },
  {
    "ayah": 49,
    "time": 665494
  },
  {
    "ayah": 50,
    "time": 675436
  },
  {
    "ayah": 51,
    "time": 707718
  },
  {
    "ayah": 52,
    "time": 720618
  },
  {
    "ayah": 53,
    "time": 731935
  },
  {
    "ayah": 54,
    "time": 751621
  },
  {
    "ayah": 999,
    "time": 764120
  }
]