[
  {
    "ayah": 1,
    "time": 4276
  },
  {
    "ayah": 2,
    "time": 21547
  },
  {
    "ayah": 3,
    "time": 37321
  },
  {
    "ayah": 4,
    "time": 50991
  },
  {
    "ayah": 5,
    "time": 68962
  },
  {
    "ayah": 6,
    "time": 83844
  },
  {
    "ayah": 7,
    "time": 110280
  },
  {
    "ayah": 8,
    "time": 135562
  },
  {
    "ayah": 9,
    "time": 152100
  },
  {
    "ayah": 10,
    "time": 196557
  },
  {
    "ayah": 11,
    "time": 214882
  },
  {
    "ayah": 12,
    "time": 235261
  },
  {
    "ayah": 13,
    "time": 251685
  },
  {
    "ayah": 14,
    "time": 264601
  },
  {
    "ayah": 15,
    "time": 292238
  },
  {
    "ayah": 16,
    "time": 308159
  },
  {
    "ayah": 17,
    "time": 330909
  },
  {
    "ayah": 18,
    "time": 345678
  },
  {
    "ayah": 999,
    "time": 352738
  }
]