[
  {
    "ayah": 1,
    "time": 4193
  },
  {
    "ayah": 2,
    "time": 10541
  },
  {
    "ayah": 3,
    "time": 15410
  },
  {
    "ayah": 4,
    "time": 20054
  },
  {
    "ayah": 5,
    "time": 31121
  },
  {
    "ayah": 6,
    "time": 43374
  },
  {
    "ayah": 7,
    "time": 63676
  },
  {
    "ayah": 8,
    "time": 82530
  },
  {
    "ayah": 9,
    "time": 93451
  },
  {
    "ayah": 10,
    "time": 103228
  },
  {
    "ayah": 11,
    "time": 141030
  },
  {
    "ayah": 12,
    "time": 157052
  },
  {
    "ayah": 13,
    "time": 176518
  },
  {
    "ayah": 14,
    "time": 190914
  },
  {
    "ayah": 15,
    "time": 212362
  },
  {
    "ayah": 16,
    "time": 244320
  },
  {
    "ayah": 17,
    "time": 272416
  },
  {
    "ayah": 18,
    "time": 289359
  },
  {
    "ayah": 19,
    "time": 305760
  },
  {
    "ayah": 20,
    "time": 319495
  },
  {
    "ayah": 21,
    "time": 348670
  },
  {
    "ayah": 22,
    "time": 372322
  },
  {
    "ayah": 23,
    "time": 389259
  },
  {
    "ayah": 24,
    "time": 407317
  },
  {
    "ayah": 25,
    "time": 416783
  },
  {
    "ayah": 26,
    "time": 434623
  },
  {
    "ayah": 27,
    "time": 444111
  },
  {
    "ayah": 28,
    "time": 466669
  },
  {
    "ayah": 29,
    "time": 479958
  },
  {
    "ayah": 30,
    "time": 506883
  },
  {
    "ayah": 31,
    "time": 523055
  },
  {
    "ayah": 32,
    "time": 541956
  },
  {
    "ayah": 33,
    "time": 568741
  },
  {
    "ayah": 34,
    "time": 601785
  }
]