[
  {
    "ayah": 1,
    "time": 3821
  },
  {
    "ayah": 2,
    "time": 63012
  },
  {
    "ayah": 3,
    "time": 78690
  },
  {
    "ayah": 4,
    "time": 91951
  },
  {
    "ayah": 5,
    "time": 147177
  },
  {
    "ayah": 6,
    "time": 159055
  },
  {
    "ayah": 7,
    "time": 174454
  },
  {
    "ayah": 8,
    "time": 188581
  },
  {
    "ayah": 9,
    "time": 208080
  },
  {
    "ayah": 10,
    "time": 230021
  },
  {
    "ayah": 11,
    "time": 287458
  },
  {
    "ayah": 12,
    "time": 308021
  },
  {
    "ayah": 13,
    "time": 348210
  },
  {
    "ayah": 999,
    "time": 367663
  }
]