[
  {
    "ayah": 1,
    "time": 4140
  },
  {
    "ayah": 2,
    "time": 11524
  },
  {
    "ayah": 3,
    "time": 15836
  },
  {
    "ayah": 4,
    "time": 22716
  },
  {
    "ayah": 5,
    "time": 35201
  },
  {
    "ayah": 6,
    "time": 45721
  },
  {
    "ayah": 7,
    "time": 55960
  },
  {
    "ayah": 8,
    "time": 66144
  },
  {
    "ayah": 9,
    "time": 75593
  },
  {
    "ayah": 10,
    "time": 80712
  },
  {
    "ayah": 11,
    "time": 87539
  },
  {
    "ayah": 12,
    "time": 92036
  },
  {
    "ayah": 13,
    "time": 98591
  },
  {
    "ayah": 14,
    "time": 107269
  },
  {
    "ayah": 15,
    "time": 114581
  },
  {
    "ayah": 16,
    "time": 124366
  },
  {
    "ayah": 17,
    "time": 132493
  },
  {
    "ayah": 18,
    "time": 138808
  },
  {
    "ayah": 19,
    "time": 148289
  },
  {
    "ayah": 20,
    "time": 156491
  },
  {
    "ayah": 21,
    "time": 166401
  },
  {
    "ayah": 22,
    "time": 178615
  },
  {
    "ayah": 23,
    "time": 188778
  },
  {
    "ayah": 24,
    "time": 193986
  },
  {
    "ayah": 25,
    "time": 204335
  },
  {
    "ayah": 26,
    "time": 209365
  },
  {
    "ayah": 27,
    "time": 216749
  },
  {
    "ayah": 28,
    "time": 224021
  },
  {
    "ayah": 29,
    "time": 234338
  },
  {
    "ayah": 30,
    "time": 244090
  },
  {
    "ayah": 31,
    "time": 249059
  },
  {
    "ayah": 32,
    "time": 255064
  },
  {
    "ayah": 33,
    "time": 261134
  },
  {
    "ayah": 34,
    "time": 268982
  },
  {
    "ayah": 35,
    "time": 275848
  },
  {
    "ayah": 36,
    "time": 285050
  },
  {
    "ayah": 37,
    "time": 292998
  },
  {
    "ayah": 38,
    "time": 297650
  },
  {
    "ayah": 39,
    "time": 303812
  },
  {
    "ayah": 40,
    "time": 311064
  },
  {
    "ayah": 41,
    "time": 319051
  },
  {
    "ayah": 42,
    "time": 336638
  },
  {
    "ayah": 43,
    "time": 344157
  },
  {
    "ayah": 44,
    "time": 352442
  },
  {
    "ayah": 45,
    "time": 364284
  },
  {
    "ayah": 46,
    "time": 371861
  },
  {
    "ayah": 47,
    "time": 376258
  },
  {
    "ayah": 48,
    "time": 382249
  },
  {
    "ayah": 49,
    "time": 386064
  },
  {
    "ayah": 50,
    "time": 413464
  },
  {
    "ayah": 51,
    "time": 422691
  },
  {
    "ayah": 52,
    "time": 436898
  },
  {
    "ayah": 53,
    "time": 448990
  },
  {
    "ayah": 54,
    "time": 455585
  },
  {
    "ayah": 55,
    "time": 462636
  },
  {
    "ayah": 56,
    "time": 468488
  },
  {
    "ayah": 57,
    "time": 473557
  },
  {
    "ayah": 58,
    "time": 481019
  },
  {
    "ayah": 59,
    "time": 486646
  },
  {
    "ayah": 60,
    "time": 493333
  },
  {
    "ayah": 61,
    "time": 497566
  },
  {
    "ayah": 62,
    "time": 511577
  },
  {
    "ayah": 63,
    "time": 517993
  },
  {
    "ayah": 64,
    "time": 531414
  },
  {
    "ayah": 65,
    "time": 536522
  },
  {
    "ayah": 66,
    "time": 543302
  },
  {
    "ayah": 67,
    "time": 547946
  },
  {
    "ayah": 68,
    "time": 556816
  },
  {
    "ayah": 69,
    "time": 563818
  },
  {
    "ayah": 70,
    "time": 568473
  },
  {
    "ayah": 71,
    "time": 573488
  },
  {
    "ayah": 72,
    "time": 579890
  },
  {
    "ayah": 73,
    "time": 584402
  },
  {
    "ayah": 74,
    "time": 588906
  },
  {
    "ayah": 75,
    "time": 596337
  },
  {
    "ayah": 76,
    "time": 602992
  },
  {
    "ayah": 77,
    "time": 609286
  },
  {
    "ayah": 78,
    "time": 615749
  },
  {
    "ayah": 79,
    "time": 620300
  },
  {
    "ayah": 80,
    "time": 624704
  },
  {
    "ayah": 81,
    "time": 628466
  },
  {
    "ayah": 82,
    "time": 634332
  },
  {
    "ayah": 83,
    "time": 642862
  },
  {
    "ayah": 84,
    "time": 649557
  },
  {
    "ayah": 85,
    "time": 660981
  },
  {
    "ayah": 86,
    "time": 667661
  },
  {
    "ayah": 87,
    "time": 676871
  },
  {
    "ayah": 88,
    "time": 681786
  },
  {
    "ayah": 89,
    "time": 687770
  },
  {
    "ayah": 90,
    "time": 693721
  },
  {
    "ayah": 91,
    "time": 699248
  },
  {
    "ayah": 92,
    "time": 703892
  },
  {
    "ayah": 93,
    "time": 709725
  },
  {
    "ayah": 94,
    "time": 718102
  },
  {
    "ayah": 95,
    "time": 722932
  },
  {
    "ayah": 96,
    "time": 727112
  },
  {
    "ayah": 97,
    "time": 731763
  },
  {
    "ayah": 98,
    "time": 739314
  },
  {
    "ayah": 99,
    "time": 743969
  },
  {
    "ayah": 100,
    "time": 749253
  },
  {
    "ayah": 101,
    "time": 754086
  },
  {
    "ayah": 102,
    "time": 757305
  },
  {
    "ayah": 103,
    "time": 764642
  },
  {
    "ayah": 104,
    "time": 773505
  },
  {
    "ayah": 105,
    "time": 780182
  },
  {
    "ayah": 106,
    "time": 786172
  },
  {
    "ayah": 107,
    "time": 791617
  },
  {
    "ayah": 108,
    "time": 796575
  },
  {
    "ayah": 109,
    "time": 799651
  },
  {
    "ayah": 110,
    "time": 808242
  },
  {
    "ayah": 111,
    "time": 812197
  },
  {
    "ayah": 112,
    "time": 819195
  },
  {
    "ayah": 113,
    "time": 824450
  },
  {
    "ayah": 114,
    "time": 830865
  },
  {
    "ayah": 115,
    "time": 835470
  },
  {
    "ayah": 116,
    "time": 840061
  },
  {
    "ayah": 117,
    "time": 848691
  },
  {
    "ayah": 118,
    "time": 854178
  },
  {
    "ayah": 119,
    "time": 865092
  },
  {
    "ayah": 120,
    "time": 872143
  },
  {
    "ayah": 121,
    "time": 877716
  },
  {
    "ayah": 122,
    "time": 886161
  },
  {
    "ayah": 123,
    "time": 892723
  },
  {
    "ayah": 124,
    "time": 897521
  },
  {
    "ayah": 125,
    "time": 903072
  },
  {
    "ayah": 126,
    "time": 907291
  },
  {
    "ayah": 127,
    "time": 911167
  },
  {
    "ayah": 128,
    "time": 919977
  },
  {
    "ayah": 129,
    "time": 926207
  },
  {
    "ayah": 130,
    "time": 932244
  },
  {
    "ayah": 131,
    "time": 938124
  },
  {
    "ayah": 132,
    "time": 941246
  },
  {
    "ayah": 133,
    "time": 946819
  },
  {
    "ayah": 134,
    "time": 951934
  },
  {
    "ayah": 135,
    "time": 956107
  },
  {
    "ayah": 136,
    "time": 962662
  },
  {
    "ayah": 137,
    "time": 972886
  },
  {
    "ayah": 138,
    "time": 977801
  },
  {
    "ayah": 139,
    "time": 981463
  },
  {
    "ayah": 140,
    "time": 994102
  },
  {
    "ayah": 141,
    "time": 1000836
  },
  {
    "ayah": 142,
    "time": 1006019
  },
  {
    "ayah": 143,
    "time": 1011695
  },
  {
    "ayah": 144,
    "time": 1016068
  },
  {
    "ayah": 145,
    "time": 1019869
  },
  {
    "ayah": 146,
    "time": 1028746
  },
  {
    "ayah": 147,
    "time": 1033994
  },
  {
    "ayah": 148,
    "time": 1037934
  },
  {
    "ayah": 149,
    "time": 1043089
  },
  {
    "ayah": 150,
    "time": 1049079
  },
  {
    "ayah": 151,
    "time": 1052702
  },
  {
    "ayah": 152,
    "time": 1057214
  },
  {
    "ayah": 153,
    "time": 1063097
  },
  {
    "ayah": 154,
    "time": 1069374
  },
  {
    "ayah": 155,
    "time": 1080334
  },
  {
    "ayah": 156,
    "time": 1091526
  },
  {
    "ayah": 157,
    "time": 1101006
  },
  {
    "ayah": 158,
    "time": 1105597
  },
  {
    "ayah": 159,
    "time": 1116975
  },
  {
    "ayah": 160,
    "time": 1124048
  },
  {
    "ayah": 161,
    "time": 1129270
  },
  {
    "ayah": 162,
    "time": 1135186
  },
  {
    "ayah": 163,
    "time": 1139816
  },
  {
    "ayah": 164,
    "time": 1144042
  },
  {
    "ayah": 165,
    "time": 1153191
  },
  {
    "ayah": 166,
    "time": 1158331
  },
  {
    "ayah": 167,
    "time": 1169955
  },
  {
    "ayah": 168,
    "time": 1179611
  },
  {
    "ayah": 169,
    "time": 1186495
  },
  {
    "ayah": 170,
    "time": 1192500
  },
  {
    "ayah": 171,
    "time": 1197469
  },
  {
    "ayah": 172,
    "time": 1201913
  },
  {
    "ayah": 173,
    "time": 1206643
  },
  {
    "ayah": 174,
    "time": 1215667
  },
  {
    "ayah": 175,
    "time": 1224119
  },
  {
    "ayah": 176,
    "time": 1230374
  },
  {
    "ayah": 177,
    "time": 1235789
  },
  {
    "ayah": 178,
    "time": 1240783
  },
  {
    "ayah": 179,
    "time": 1245195
  },
  {
    "ayah": 180,
    "time": 1248857
  },
  {
    "ayah": 181,
    "time": 1258838
  },
  {
    "ayah": 182,
    "time": 1267851
  },
  {
    "ayah": 183,
    "time": 1272555
  },
  {
    "ayah": 184,
    "time": 1282301
  },
  {
    "ayah": 185,
    "time": 1288477
  },
  {
    "ayah": 186,
    "time": 1295457
  },
  {
    "ayah": 187,
    "time": 1306457
  },
  {
    "ayah": 188,
    "time": 1317270
  },
  {
    "ayah": 189,
    "time": 1322385
  },
  {
    "ayah": 190,
    "time": 1333670
  },
  {
    "ayah": 191,
    "time": 1342680
  },
  {
    "ayah": 192,
    "time": 1348842
  },
  {
    "ayah": 193,
    "time": 1355862
  },
  {
    "ayah": 194,
    "time": 1359716
  },
  {
    "ayah": 195,
    "time": 1365375
  },
  {
    "ayah": 196,
    "time": 1370204
  },
  {
    "ayah": 197,
    "time": 1375081
  },
  {
    "ayah": 198,
    "time": 1386791
  },
  {
    "ayah": 199,
    "time": 1392092
  },
  {
    "ayah": 200,
    "time": 1398493
  },
  {
    "ayah": 201,
    "time": 1404391
  },
  {
    "ayah": 202,
    "time": 1412379
  },
  {
    "ayah": 203,
    "time": 1419166
  },
  {
    "ayah": 204,
    "time": 1428447
  },
  {
    "ayah": 205,
    "time": 1432727
  },
  {
    "ayah": 206,
    "time": 1438439
  },
  {
    "ayah": 207,
    "time": 1446055
  },
  {
    "ayah": 208,
    "time": 1452171
  },
  {
    "ayah": 209,
    "time": 1460112
  },
  {
    "ayah": 210,
    "time": 1465553
  },
  {
    "ayah": 211,
    "time": 1470057
  },
  {
    "ayah": 212,
    "time": 1475816
  },
  {
    "ayah": 213,
    "time": 1481064
  },
  {
    "ayah": 214,
    "time": 1489523
  },
  {
    "ayah": 215,
    "time": 1494392
  },
  {
    "ayah": 216,
    "time": 1500675
  },
  {
    "ayah": 217,
    "time": 1510181
  },
  {
    "ayah": 218,
    "time": 1514832
  },
  {
    "ayah": 219,
    "time": 1518912
  },
  {
    "ayah": 220,
    "time": 1522759
  },
  {
    "ayah": 221,
    "time": 1528446
  },
  {
    "ayah": 222,
    "time": 1535248
  },
  {
    "ayah": 223,
    "time": 1541071
  },
  {
    "ayah": 224,
    "time": 1546458
  },
  {
    "ayah": 225,
    "time": 1552627
  },
  {
    "ayah": 226,
    "time": 1559586
  },
  {
    "ayah": 227,
    "time": 1565538
  }
]