[
  {
    "ayah": 1,
    "time": 3681
  },
  {
    "ayah": 2,
    "time": 9187
  },
  {
    "ayah": 3,
    "time": 14293
  },
  {
    "ayah": 4,
    "time": 18248
  },
  {
    "ayah": 5,
    "time": 22156
  },
  {
    "ayah": 6,
    "time": 28663
  },
  {
    "ayah": 7,
    "time": 37579
  },
  {
    "ayah": 8,
    "time": 43686
  },
  {
    "ayah": 9,
    "time": 51897
  },
  {
    "ayah": 10,
    "time": 57156
  },
  {
    "ayah": 11,
    "time": 62612
  },
  {
    "ayah": 12,
    "time": 66418
  },
  {
    "ayah": 13,
    "time": 70823
  },
  {
    "ayah": 14,
    "time": 76133
  },
  {
    "ayah": 15,
    "time": 81942
  },
  {
    "ayah": 16,
    "time": 86345
  },
  {
    "ayah": 17,
    "time": 92751
  },
  {
    "ayah": 18,
    "time": 98807
  },
  {
    "ayah": 19,
    "time": 106272
  },
  {
    "ayah": 999,
    "time": 117487
  }
]