[
  {
    "ayah": 1,
    "time": 6771
  },
  {
    "ayah": 2,
    "time": 10111
  },
  {
    "ayah": 3,
    "time": 13628
  },
  {
    "ayah": 4,
    "time": 16681
  },
  {
    "ayah": 5,
    "time": 20794
  },
  {
    "ayah": 6,
    "time": 25044
  },
  {
    "ayah": 7,
    "time": 35235
  },
  {
    "ayah": 8,
    "time": 41735
  },
  {
    "ayah": 9,
    "time": 52421
  },
  {
    "ayah": 10,
    "time": 64860
  },
  {
    "ayah": 11,
    "time": 74921
  },
  {
    "ayah": 12,
    "time": 88234
  },
  {
    "ayah": 13,
    "time": 101798
  },
  {
    "ayah": 14,
    "time": 111762
  },
  {
    "ayah": 15,
    "time": 125111
  },
  {
    "ayah": 16,
    "time": 139887
  },
  {
    "ayah": 17,
    "time": 147011
  },
  {
    "ayah": 18,
    "time": 151896
  },
  {
    "ayah": 19,
    "time": 167586
  },
  {
    "ayah": 20,
    "time": 179837
  },
  {
    "ayah": 21,
    "time": 190000
  },
  {
    "ayah": 22,
    "time": 196272
  },
  {
    "ayah": 23,
    "time": 203649
  },
  {
    "ayah": 24,
    "time": 217773
  },
  {
    "ayah": 25,
    "time": 223401
  },
  {
    "ayah": 26,
    "time": 228888
  },
  {
    "ayah": 27,
    "time": 235162
  },
  {
    "ayah": 28,
    "time": 240814
  },
  {
    "ayah": 29,
    "time": 260191
  },
  {
    "ayah": 30,
    "time": 267752
  },
  {
    "ayah": 31,
    "time": 280251
  },
  {
    "ayah": 32,
    "time": 289629
  },
  {
    "ayah": 33,
    "time": 296252
  },
  {
    "ayah": 34,
    "time": 309005
  },
  {
    "ayah": 35,
    "time": 320252
  },
  {
    "ayah": 36,
    "time": 328844
  },
  {
    "ayah": 37,
    "time": 343754
  },
  {
    "ayah": 38,
    "time": 352628
  },
  {
    "ayah": 39,
    "time": 362691
  },
  {
    "ayah": 40,
    "time": 370567
  },
  {
    "ayah": 41,
    "time": 387881
  },
  {
    "ayah": 42,
    "time": 395630
  },
  {
    "ayah": 43,
    "time": 401006
  },
  {
    "ayah": 44,
    "time": 408131
  },
  {
    "ayah": 45,
    "time": 413447
  },
  {
    "ayah": 46,
    "time": 422193
  },
  {
    "ayah": 47,
    "time": 431444
  },
  {
    "ayah": 48,
    "time": 455532
  },
  {
    "ayah": 49,
    "time": 461946
  },
  {
    "ayah": 50,
    "time": 470007
  },
  {
    "ayah": 51,
    "time": 476945
  },
  {
    "ayah": 52,
    "time": 485446
  },
  {
    "ayah": 53,
    "time": 496759
  },
  {
    "ayah": 54,
    "time": 505947
  },
  {
    "ayah": 55,
    "time": 514706
  },
  {
    "ayah": 56,
    "time": 520983
  },
  {
    "ayah": 57,
    "time": 527833
  },
  {
    "ayah": 58,
    "time": 533422
  },
  {
    "ayah": 59,
    "time": 538020
  },
  {
    "ayah": 60,
    "time": 543034
  },
  {
    "ayah": 61,
    "time": 554295
  },
  {
    "ayah": 62,
    "time": 559584
  },
  {
    "ayah": 63,
    "time": 567460
  },
  {
    "ayah": 64,
    "time": 573961
  },
  {
    "ayah": 65,
    "time": 580020
  },
  {
    "ayah": 66,
    "time": 593521
  },
  {
    "ayah": 67,
    "time": 603300
  },
  {
    "ayah": 68,
    "time": 613885
  },
  {
    "ayah": 69,
    "time": 621888
  },
  {
    "ayah": 70,
    "time": 632147
  },
  {
    "ayah": 71,
    "time": 642148
  },
  {
    "ayah": 72,
    "time": 652587
  },
  {
    "ayah": 73,
    "time": 659150
  },
  {
    "ayah": 74,
    "time": 665148
  },
  {
    "ayah": 75,
    "time": 671649
  },
  {
    "ayah": 76,
    "time": 677899
  },
  {
    "ayah": 77,
    "time": 686588
  },
  {
    "ayah": 78,
    "time": 696024
  },
  {
    "ayah": 79,
    "time": 703620
  },
  {
    "ayah": 80,
    "time": 713150
  },
  {
    "ayah": 81,
    "time": 723465
  },
  {
    "ayah": 82,
    "time": 736341
  },
  {
    "ayah": 83,
    "time": 745214
  },
  {
    "ayah": 999,
    "time": 755419
  }
]