[
  {
    "ayah": 1,
    "time": 3983
  },
  {
    "ayah": 2,
    "time": 13553
  },
  {
    "ayah": 3,
    "time": 26467
  },
  {
    "ayah": 4,
    "time": 37332
  },
  {
    "ayah": 5,
    "time": 76136
  },
  {
    "ayah": 6,
    "time": 86049
  },
  {
    "ayah": 7,
    "time": 100569
  },
  {
    "ayah": 8,
    "time": 124451
  },
  {
    "ayah": 9,
    "time": 143478
  },
  {
    "ayah": 10,
    "time": 166809
  },
  {
    "ayah": 11,
    "time": 215576
  },
  {
    "ayah": 12,
    "time": 230395
  },
  {
    "ayah": 13,
    "time": 263991
  },
  {
    "ayah": 14,
    "time": 308755
  },
  {
    "ayah": 15,
    "time": 340346
  },
  {
    "ayah": 16,
    "time": 361381
  },
  {
    "ayah": 17,
    "time": 400478
  },
  {
    "ayah": 18,
    "time": 418701
  },
  {
    "ayah": 19,
    "time": 435677
  },
  {
    "ayah": 20,
    "time": 469975
  },
  {
    "ayah": 21,
    "time": 528417
  },
  {
    "ayah": 22,
    "time": 564262
  },
  {
    "ayah": 23,
    "time": 590051
  },
  {
    "ayah": 24,
    "time": 608821
  },
  {
    "ayah": 25,
    "time": 625594
  },
  {
    "ayah": 26,
    "time": 667914
  },
  {
    "ayah": 27,
    "time": 691547
  },
  {
    "ayah": 28,
    "time": 750277
  },
  {
    "ayah": 29,
    "time": 777116
  },
  {
    "ayah": 999,
    "time": 802552
  }
]