[
  {
    "ayah": 1,
    "time": 4550
  },
  {
    "ayah": 2,
    "time": 12133
  },
  {
    "ayah": 3,
    "time": 15843
  },
  {
    "ayah": 4,
    "time": 22820
  },
  {
    "ayah": 5,
    "time": 46750
  },
  {
    "ayah": 6,
    "time": 56852
  },
  {
    "ayah": 7,
    "time": 67416
  },
  {
    "ayah": 8,
    "time": 86955
  },
  {
    "ayah": 9,
    "time": 101171
  },
  {
    "ayah": 10,
    "time": 116978
  },
  {
    "ayah": 11,
    "time": 129509
  },
  {
    "ayah": 12,
    "time": 137255
  },
  {
    "ayah": 13,
    "time": 150887
  },
  {
    "ayah": 14,
    "time": 165043
  },
  {
    "ayah": 15,
    "time": 175733
  },
  {
    "ayah": 16,
    "time": 205944
  },
  {
    "ayah": 17,
    "time": 215148
  },
  {
    "ayah": 18,
    "time": 224708
  },
  {
    "ayah": 19,
    "time": 239900
  },
  {
    "ayah": 20,
    "time": 264252
  },
  {
    "ayah": 21,
    "time": 280295
  },
  {
    "ayah": 22,
    "time": 292647
  },
  {
    "ayah": 23,
    "time": 303009
  },
  {
    "ayah": 24,
    "time": 327610
  },
  {
    "ayah": 25,
    "time": 338991
  },
  {
    "ayah": 26,
    "time": 362910
  },
  {
    "ayah": 27,
    "time": 371576
  },
  {
    "ayah": 28,
    "time": 395221
  },
  {
    "ayah": 29,
    "time": 409161
  },
  {
    "ayah": 30,
    "time": 431383
  },
  {
    "ayah": 31,
    "time": 446386
  },
  {
    "ayah": 32,
    "time": 465252
  },
  {
    "ayah": 33,
    "time": 486244
  },
  {
    "ayah": 34,
    "time": 493551
  },
  {
    "ayah": 35,
    "time": 505635
  },
  {
    "ayah": 36,
    "time": 523932
  },
  {
    "ayah": 37,
    "time": 540719
  },
  {
    "ayah": 38,
    "time": 554452
  },
  {
    "ayah": 39,
    "time": 578212
  },
  {
    "ayah": 40,
    "time": 586977
  },
  {
    "ayah": 41,
    "time": 596332
  },
  {
    "ayah": 42,
    "time": 604945
  },
  {
    "ayah": 43,
    "time": 614133
  },
  {
    "ayah": 44,
    "time": 629975
  },
  {
    "ayah": 45,
    "time": 639455
  },
  {
    "ayah": 46,
    "time": 656833
  },
  {
    "ayah": 47,
    "time": 674930
  },
  {
    "ayah": 48,
    "time": 690620
  },
  {
    "ayah": 49,
    "time": 711913
  },
  {
    "ayah": 50,
    "time": 721487
  },
  {
    "ayah": 51,
    "time": 745888
  },
  {
    "ayah": 52,
    "time": 752370
  },
  {
    "ayah": 53,
    "time": 759622
  },
  {
    "ayah": 54,
    "time": 772510
  },
  {
    "ayah": 55,
    "time": 788252
  },
  {
    "ayah": 56,
    "time": 802301
  },
  {
    "ayah": 57,
    "time": 814295
  },
  {
    "ayah": 58,
    "time": 838492
  },
  {
    "ayah": 59,
    "time": 854428
  },
  {
    "ayah": 60,
    "time": 873820
  },
  {
    "ayah": 61,
    "time": 887603
  },
  {
    "ayah": 62,
    "time": 901894
  },
  {
    "ayah": 63,
    "time": 911730
  },
  {
    "ayah": 64,
    "time": 930164
  },
  {
    "ayah": 65,
    "time": 942791
  },
  {
    "ayah": 66,
    "time": 948745
  },
  {
    "ayah": 67,
    "time": 957510
  },
  {
    "ayah": 68,
    "time": 966065
  },
  {
    "ayah": 69,
    "time": 981403
  },
  {
    "ayah": 70,
    "time": 987436
  },
  {
    "ayah": 71,
    "time": 1001309
  },
  {
    "ayah": 72,
    "time": 1019129
  },
  {
    "ayah": 73,
    "time": 1036675
  },
  {
    "ayah": 74,
    "time": 1049279
  },
  {
    "ayah": 75,
    "time": 1058428
  },
  {
    "ayah": 76,
    "time": 1075714
  },
  {
    "ayah": 77,
    "time": 1100059
  },
  {
    "ayah": 78,
    "time": 1120887
  },
  {
    "ayah": 79,
    "time": 1144241
  },
  {
    "ayah": 80,
    "time": 1159765
  },
  {
    "ayah": 81,
    "time": 1174841
  },
  {
    "ayah": 82,
    "time": 1188359
  },
  {
    "ayah": 83,
    "time": 1221860
  },
  {
    "ayah": 84,
    "time": 1234991
  },
  {
    "ayah": 85,
    "time": 1253468
  },
  {
    "ayah": 86,
    "time": 1272703
  },
  {
    "ayah": 87,
    "time": 1285374
  },
  {
    "ayah": 88,
    "time": 1298188
  }
]