[
  {
    "ayah": 1,
    "time": 7005
  },
  {
    "ayah": 2,
    "time": 12113
  },
  {
    "ayah": 3,
    "time": 17640
  },
  {
    "ayah": 4,
    "time": 25999
  },
  {
    "ayah": 5,
    "time": 32315
  },
  {
    "ayah": 6,
    "time": 38630
  },
  {
    "ayah": 7,
    "time": 48243
  },
  {
    "ayah": 8,
    "time": 67709
  },
  {
    "ayah": 9,
    "time": 73228
  },
  {
    "ayah": 10,
    "time": 83538
  },
  {
    "ayah": 11,
    "time": 90982
  },
  {
    "ayah": 12,
    "time": 100349
  },
  {
    "ayah": 13,
    "time": 111541
  },
  {
    "ayah": 14,
    "time": 118043
  },
  {
    "ayah": 15,
    "time": 126541
  },
  {
    "ayah": 16,
    "time": 131789
  },
  {
    "ayah": 17,
    "time": 140798
  },
  {
    "ayah": 18,
    "time": 155891
  },
  {
    "ayah": 19,
    "time": 164497
  },
  {
    "ayah": 20,
    "time": 176789
  },
  {
    "ayah": 21,
    "time": 184545
  },
  {
    "ayah": 22,
    "time": 188399
  },
  {
    "ayah": 23,
    "time": 192393
  },
  {
    "ayah": 24,
    "time": 195504
  },
  {
    "ayah": 25,
    "time": 207161
  },
  {
    "ayah": 26,
    "time": 219096
  },
  {
    "ayah": 27,
    "time": 222672
  },
  {
    "ayah": 28,
    "time": 227091
  },
  {
    "ayah": 29,
    "time": 233260
  },
  {
    "ayah": 30,
    "time": 237625
  },
  {
    "ayah": 31,
    "time": 242409
  },
  {
    "ayah": 32,
    "time": 248360
  },
  {
    "ayah": 33,
    "time": 259699
  },
  {
    "ayah": 34,
    "time": 267440
  },
  {
    "ayah": 35,
    "time": 274220
  },
  {
    "ayah": 36,
    "time": 281186
  },
  {
    "ayah": 37,
    "time": 287827
  },
  {
    "ayah": 38,
    "time": 295443
  },
  {
    "ayah": 39,
    "time": 302595
  },
  {
    "ayah": 40,
    "time": 307007
  },
  {
    "ayah": 41,
    "time": 314994
  },
  {
    "ayah": 42,
    "time": 323771
  },
  {
    "ayah": 43,
    "time": 332634
  },
  {
    "ayah": 44,
    "time": 340118
  },
  {
    "ayah": 45,
    "time": 347331
  },
  {
    "ayah": 46,
    "time": 352100
  },
  {
    "ayah": 47,
    "time": 358755
  },
  {
    "ayah": 48,
    "time": 367053
  },
  {
    "ayah": 49,
    "time": 374391
  },
  {
    "ayah": 50,
    "time": 383865
  },
  {
    "ayah": 51,
    "time": 391016
  },
  {
    "ayah": 52,
    "time": 397518
  }
]