[
  {
    "id": 1,
    "chapter_id": 1,
    "book_id": 1,
    "title": "ওহীর সূচনা অধ্যায়",
    "number": 1,
    "hadis_range": "১ - ৭",
    "book_name": "bukhari"
  },
  {
    "id": 5,
    "chapter_id": 2,
    "book_id": 1,
    "title": "ঈমান",
    "number": 2,
    "hadis_range": "৮ - ৫৮",
    "book_name": "bukhari"
  },
  {
    "id": 6,
    "chapter_id": 3,
    "book_id": 1,
    "title": "ইল্‌ম",
    "number": 3,
    "hadis_range": "৫৯ - ১৩৪",
    "book_name": "bukhari"
  },
  {
    "id": 7,
    "chapter_id": 4,
    "book_id": 1,
    "title": "ওজু",
    "number": 4,
    "hadis_range": "১৩৫ - ২৪৭",
    "book_name": "bukhari"
  },
  {
    "id": 8,
    "chapter_id": 5,
    "book_id": 1,
    "title": "গোসল",
    "number": 5,
    "hadis_range": "২৪৮ - ২৯৩",
    "book_name": "bukhari"
  },
  {
    "id": 9,
    "chapter_id": 6,
    "book_id": 1,
    "title": "হায়েজ",
    "number": 6,
    "hadis_range": "২৯৪ - ৩৩৩",
    "book_name": "bukhari"
  },
  {
    "id": 10,
    "chapter_id": 7,
    "book_id": 1,
    "title": "তায়াম্মুম",
    "number": 7,
    "hadis_range": "৩৩৪ - ৩৪৮",
    "book_name": "bukhari"
  },
  {
    "id": 11,
    "chapter_id": 8,
    "book_id": 1,
    "title": "সালাত",
    "number": 8,
    "hadis_range": "৩৪৯ - ৫২০",
    "book_name": "bukhari"
  },
  {
    "id": 12,
    "chapter_id": 9,
    "book_id": 1,
    "title": "সালাতের ওয়াক্তসমূহ",
    "number": 9,
    "hadis_range": "৫২১ - ৬০২",
    "book_name": "bukhari"
  },
  {
    "id": 13,
    "chapter_id": 10,
    "book_id": 1,
    "title": "আযান",
    "number": 10,
    "hadis_range": "৬০৩ - ৮৭৫",
    "book_name": "bukhari"
  },
  {
    "id": 14,
    "chapter_id": 11,
    "book_id": 1,
    "title": "জুমু'আ",
    "number": 11,
    "hadis_range": "৮৭৬ - ৯৪১",
    "book_name": "bukhari"
  },
  {
    "id": 15,
    "chapter_id": 12,
    "book_id": 1,
    "title": "খাওফ (ভয় ভীতির সালাত)",
    "number": 12,
    "hadis_range": "৯৪২ - ৯৪৭",
    "book_name": "bukhari"
  },
  {
    "id": 16,
    "chapter_id": 13,
    "book_id": 1,
    "title": "দুই ঈ’দ",
    "number": 13,
    "hadis_range": "৯৪৮ - ৯৮৯",
    "book_name": "bukhari"
  },
  {
    "id": 17,
    "chapter_id": 14,
    "book_id": 1,
    "title": "বিতর",
    "number": 14,
    "hadis_range": "৯৯০ - ১০০৪",
    "book_name": "bukhari"
  },
  {
    "id": 18,
    "chapter_id": 15,
    "book_id": 1,
    "title": "বৃষ্টির জন্য দোয়া",
    "number": 15,
    "hadis_range": "১০০৫ - ১০৩৯",
    "book_name": "bukhari"
  },
  {
    "id": 19,
    "chapter_id": 16,
    "book_id": 1,
    "title": "সূর্যগ্রহণ",
    "number": 16,
    "hadis_range": "১০৪০ - ১০৬৬",
    "book_name": "bukhari"
  },
  {
    "id": 20,
    "chapter_id": 17,
    "book_id": 1,
    "title": "কুরআন তিলাওয়াতের সিজ্‌দা",
    "number": 17,
    "hadis_range": "১০৬৭ - ১০৭৯",
    "book_name": "bukhari"
  },
  {
    "id": 21,
    "chapter_id": 18,
    "book_id": 1,
    "title": "সালাতে কসর করা",
    "number": 18,
    "hadis_range": "১০৮০ - ১১১৯",
    "book_name": "bukhari"
  },
  {
    "id": 22,
    "chapter_id": 19,
    "book_id": 1,
    "title": "তাহাজ্জুদ",
    "number": 19,
    "hadis_range": "১১২০ - ১১৮৭",
    "book_name": "bukhari"
  },
  {
    "id": 23,
    "chapter_id": 20,
    "book_id": 1,
    "title": "মক্কা ও মদীনার মসজিদে সালাতের মর্যাদা",
    "number": 20,
    "hadis_range": "১১৮৮ - ১১৯৭",
    "book_name": "bukhari"
  },
  {
    "id": 24,
    "chapter_id": 21,
    "book_id": 1,
    "title": "সালাতের সাথে সংশ্লিষ্ট কাজ",
    "number": 21,
    "hadis_range": "১১৯৮ - ১২২৩",
    "book_name": "bukhari"
  },
  {
    "id": 25,
    "chapter_id": 22,
    "book_id": 1,
    "title": "সাহু",
    "number": 22,
    "hadis_range": "১২২৪ - ১২৩৬",
    "book_name": "bukhari"
  },
  {
    "id": 26,
    "chapter_id": 23,
    "book_id": 1,
    "title": "জানাযা",
    "number": 23,
    "hadis_range": "১২৩৭ - ১৩৯৪",
    "book_name": "bukhari"
  },
  {
    "id": 27,
    "chapter_id": 24,
    "book_id": 1,
    "title": "যাকাত",
    "number": 24,
    "hadis_range": "১৩৯৫ - ১৫১২",
    "book_name": "bukhari"
  },
  {
    "id": 28,
    "chapter_id": 25,
    "book_id": 1,
    "title": "হজ্জ",
    "number": 25,
    "hadis_range": "১৫১৩ - ১৭৭২",
    "book_name": "bukhari"
  },
  {
    "id": 29,
    "chapter_id": 26,
    "book_id": 1,
    "title": "‘উমরাহ্‌",
    "number": 26,
    "hadis_range": "১৭৭৩ - ১৮০৫",
    "book_name": "bukhari"
  },
  {
    "id": 30,
    "chapter_id": 27,
    "book_id": 1,
    "title": "পথে আটকে পড়া ও ইহ্‌রাম অবস্থায় শিকারকারীর বিধান",
    "number": 27,
    "hadis_range": "১৮০৬ - ১৮২০",
    "book_name": "bukhari"
  },
  {
    "id": 31,
    "chapter_id": 28,
    "book_id": 1,
    "title": "ইহ্‌রাম অবস্থায় শিকার ও অনুরূপ কিছুর বদলা",
    "number": 28,
    "hadis_range": "১৮২১ - ১৮৬৬",
    "book_name": "bukhari"
  },
  {
    "id": 32,
    "chapter_id": 29,
    "book_id": 1,
    "title": "মদীনার ফযিলত",
    "number": 29,
    "hadis_range": "১৮৬৭ - ১৮৯০",
    "book_name": "bukhari"
  },
  {
    "id": 33,
    "chapter_id": 30,
    "book_id": 1,
    "title": "সাওম",
    "number": 30,
    "hadis_range": "১৮৯১ - ২০০৭",
    "book_name": "bukhari"
  },
  {
    "id": 34,
    "chapter_id": 31,
    "book_id": 1,
    "title": "তারাবীহ্‌র সালাত",
    "number": 31,
    "hadis_range": "২০০৮ - ২০১৩",
    "book_name": "bukhari"
  },
  {
    "id": 35,
    "chapter_id": 32,
    "book_id": 1,
    "title": "লাইলাতুল ক্বাদ্‌র এর ফযিলত",
    "number": 32,
    "hadis_range": "২০১৪ - ২০২৪",
    "book_name": "bukhari"
  },
  {
    "id": 36,
    "chapter_id": 33,
    "book_id": 1,
    "title": "ই’তিকাফ",
    "number": 33,
    "hadis_range": "২০২৫ - ২০৪৬",
    "book_name": "bukhari"
  },
  {
    "id": 37,
    "chapter_id": 34,
    "book_id": 1,
    "title": "ক্রয়-বিক্রয়",
    "number": 34,
    "hadis_range": "২০৪৭ - ২২৩৮",
    "book_name": "bukhari"
  },
  {
    "id": 38,
    "chapter_id": 35,
    "book_id": 1,
    "title": "সলম ( অগ্রিম ক্রয়-বিক্রয় )",
    "number": 35,
    "hadis_range": "২২৩৯ - ২২৫৬",
    "book_name": "bukhari"
  },
  {
    "id": 39,
    "chapter_id": 36,
    "book_id": 1,
    "title": "শুফ’আ",
    "number": 36,
    "hadis_range": "২২৫৭ - ২২৫৯",
    "book_name": "bukhari"
  },
  {
    "id": 40,
    "chapter_id": 37,
    "book_id": 1,
    "title": "ইজারা",
    "number": 37,
    "hadis_range": "২২৬০ - ২২৮৬",
    "book_name": "bukhari"
  },
  {
    "id": 41,
    "chapter_id": 38,
    "book_id": 1,
    "title": "হাওয়ালাত",
    "number": 38,
    "hadis_range": "২২৮৭ - ২২৮৯",
    "book_name": "bukhari"
  },
  {
    "id": 42,
    "chapter_id": 39,
    "book_id": 1,
    "title": "যামিন হওয়া",
    "number": 39,
    "hadis_range": "২২৯০ - ২২৯৮",
    "book_name": "bukhari"
  },
  {
    "id": 43,
    "chapter_id": 40,
    "book_id": 1,
    "title": "ওয়াকালাহ ( প্রতিনিধিত্ব)",
    "number": 40,
    "hadis_range": "২২৯৯ - ২৩১৯",
    "book_name": "bukhari"
  },
  {
    "id": 44,
    "chapter_id": 41,
    "book_id": 1,
    "title": "চাষাবাদ",
    "number": 41,
    "hadis_range": "২৩২০ - ২৩৫০",
    "book_name": "bukhari"
  },
  {
    "id": 45,
    "chapter_id": 42,
    "book_id": 1,
    "title": "পানি সেচ",
    "number": 42,
    "hadis_range": "২৩৫১ - ২৩৮৪",
    "book_name": "bukhari"
  },
  {
    "id": 46,
    "chapter_id": 43,
    "book_id": 1,
    "title": "ঋণ গ্রহণ, ঋণ পরিশোধ, নিষেধাজ্ঞা আরোপ ও দেউলিয়া ঘোষণা",
    "number": 43,
    "hadis_range": "২৩৮৫ - ২৪০৯",
    "book_name": "bukhari"
  },
  {
    "id": 47,
    "chapter_id": 44,
    "book_id": 1,
    "title": "ঝগড়া-বিবাদ মীমাংসা",
    "number": 44,
    "hadis_range": "২৪১০ - ২৪২৫",
    "book_name": "bukhari"
  },
  {
    "id": 48,
    "chapter_id": 45,
    "book_id": 1,
    "title": "পড়ে থাকা বস্তু উঠানো",
    "number": 45,
    "hadis_range": "২৪২৬ - ২৪৩৯",
    "book_name": "bukhari"
  },
  {
    "id": 49,
    "chapter_id": 46,
    "book_id": 1,
    "title": "যুল্‌ম ও ক্বিসাস",
    "number": 46,
    "hadis_range": "২৪৪০ - ২৪৮২",
    "book_name": "bukhari"
  },
  {
    "id": 50,
    "chapter_id": 47,
    "book_id": 1,
    "title": "অংশীদারিত্ব",
    "number": 47,
    "hadis_range": "২৪৮৩ - ২৫০৭",
    "book_name": "bukhari"
  },
  {
    "id": 51,
    "chapter_id": 48,
    "book_id": 1,
    "title": "বন্ধক",
    "number": 48,
    "hadis_range": "২৫০৮ - ২৫১৬",
    "book_name": "bukhari"
  },
  {
    "id": 52,
    "chapter_id": 49,
    "book_id": 1,
    "title": "ক্রীতদাস আযাদ করা",
    "number": 49,
    "hadis_range": "২৫১৭ - ২৫৫৯",
    "book_name": "bukhari"
  },
  {
    "id": 53,
    "chapter_id": 50,
    "book_id": 1,
    "title": "মুকাতাব (চুক্তিবদ্ধ দাসের বর্ণনা)",
    "number": 50,
    "hadis_range": "২৫৬০ - ২৫৬৫",
    "book_name": "bukhari"
  },
  {
    "id": 54,
    "chapter_id": 51,
    "book_id": 1,
    "title": "হিবা ও তার ফযীলত এবং এর প্রতি উৎসাহ প্রদান",
    "number": 51,
    "hadis_range": "২৫৬৬ - ২৬৩৬",
    "book_name": "bukhari"
  },
  {
    "id": 55,
    "chapter_id": 52,
    "book_id": 1,
    "title": "সাক্ষ্যদান",
    "number": 52,
    "hadis_range": "২৬৩৭ - ২৬৮৯",
    "book_name": "bukhari"
  },
  {
    "id": 56,
    "chapter_id": 53,
    "book_id": 1,
    "title": "বিবাদ মিমাংসা",
    "number": 53,
    "hadis_range": "২৬৯০ - ২৭১০",
    "book_name": "bukhari"
  },
  {
    "id": 57,
    "chapter_id": 54,
    "book_id": 1,
    "title": "শর্তাবলী",
    "number": 54,
    "hadis_range": "২৭১১ - ২৭৩৭",
    "book_name": "bukhari"
  },
  {
    "id": 58,
    "chapter_id": 55,
    "book_id": 1,
    "title": "অসীয়াত",
    "number": 55,
    "hadis_range": "২৭৩৮ - ২৭৮১",
    "book_name": "bukhari"
  },
  {
    "id": 59,
    "chapter_id": 56,
    "book_id": 1,
    "title": "জিহাদ",
    "number": 56,
    "hadis_range": "২৭৮২ - ৩০৯০",
    "book_name": "bukhari"
  },
  {
    "id": 60,
    "chapter_id": 57,
    "book_id": 1,
    "title": "খুমুস (এক পঞ্চমাংশ)",
    "number": 57,
    "hadis_range": "৩০৯১ - ৩১৫৫",
    "book_name": "bukhari"
  },
  {
    "id": 61,
    "chapter_id": 58,
    "book_id": 1,
    "title": "জিযিয়াহ্‌ কর ও সন্ধি স্থাপন",
    "number": 58,
    "hadis_range": "৩১৫৬ - ৩১৮৯",
    "book_name": "bukhari"
  },
  {
    "id": 62,
    "chapter_id": 59,
    "book_id": 1,
    "title": "সৃষ্টির সূচনা",
    "number": 59,
    "hadis_range": "৩১৯০ - ৩৩২৫",
    "book_name": "bukhari"
  },
  {
    "id": 63,
    "chapter_id": 60,
    "book_id": 1,
    "title": "আম্বিয়া কিরাম ('আঃ)",
    "number": 60,
    "hadis_range": "৩৩২৬ - ৩৪৮৮",
    "book_name": "bukhari"
  },
  {
    "id": 64,
    "chapter_id": 61,
    "book_id": 1,
    "title": "মর্যাদা ও বৈশিষ্ট্য",
    "number": 61,
    "hadis_range": "৩৪৮৯ - ৩৬৪৮",
    "book_name": "bukhari"
  },
  {
    "id": 65,
    "chapter_id": 62,
    "book_id": 1,
    "title": "সাহাবীগণের মর্যাদা",
    "number": 62,
    "hadis_range": "৩৬৪৯ - ৩৭৭৫",
    "book_name": "bukhari"
  },
  {
    "id": 66,
    "chapter_id": 63,
    "book_id": 1,
    "title": "আনসারগণের মর্যাদা",
    "number": 63,
    "hadis_range": "৩৭৭৬ - ৩৯৪৮",
    "book_name": "bukhari"
  },
  {
    "id": 67,
    "chapter_id": 64,
    "book_id": 1,
    "title": "মাগাযী",
    "number": 64,
    "hadis_range": "৩৯৪৯ - ৪৪৭৩",
    "book_name": "bukhari"
  },
  {
    "id": 68,
    "chapter_id": 65,
    "book_id": 1,
    "title": "তাফসীর",
    "number": 65,
    "hadis_range": "৪৪৭৪ - ৪৯৭৭",
    "book_name": "bukhari"
  },
  {
    "id": 69,
    "chapter_id": 66,
    "book_id": 1,
    "title": "ফাযায়িলুল কোরআন",
    "number": 66,
    "hadis_range": "৪৯৭৮ - ৫০৬২",
    "book_name": "bukhari"
  },
  {
    "id": 70,
    "chapter_id": 67,
    "book_id": 1,
    "title": "বিয়ে-শাদী",
    "number": 67,
    "hadis_range": "৫০৬৩ - ৫২৫০",
    "book_name": "bukhari"
  },
  {
    "id": 71,
    "chapter_id": 68,
    "book_id": 1,
    "title": "তালাক",
    "number": 68,
    "hadis_range": "৫২৫১ - ৫৩৫০",
    "book_name": "bukhari"
  },
  {
    "id": 72,
    "chapter_id": 69,
    "book_id": 1,
    "title": "ভরণ-পোষণ",
    "number": 69,
    "hadis_range": "৫৩৫১ - ৫৩৭২",
    "book_name": "bukhari"
  },
  {
    "id": 73,
    "chapter_id": 70,
    "book_id": 1,
    "title": "আহার সংক্রান্ত",
    "number": 70,
    "hadis_range": "৫৩৭৩ - ৫৪৬৬",
    "book_name": "bukhari"
  },
  {
    "id": 74,
    "chapter_id": 71,
    "book_id": 1,
    "title": "আকীকা",
    "number": 71,
    "hadis_range": "৫৪৬৭ - ৫৪৭৪",
    "book_name": "bukhari"
  },
  {
    "id": 75,
    "chapter_id": 72,
    "book_id": 1,
    "title": "যবেহ ও শিকার করা",
    "number": 72,
    "hadis_range": "৫৪৭৫ - ৫৫৪৪",
    "book_name": "bukhari"
  },
  {
    "id": 76,
    "chapter_id": 73,
    "book_id": 1,
    "title": "কুরবানী",
    "number": 73,
    "hadis_range": "৫৫৪৫ - ৫৫৭৪",
    "book_name": "bukhari"
  },
  {
    "id": 77,
    "chapter_id": 74,
    "book_id": 1,
    "title": "পানীয় দ্রব্যসমূহ",
    "number": 74,
    "hadis_range": "৫৫৭৫ - ৫৬৩৯",
    "book_name": "bukhari"
  },
  {
    "id": 78,
    "chapter_id": 75,
    "book_id": 1,
    "title": "রোগীদের বর্ণনা",
    "number": 75,
    "hadis_range": "৫৬৪০ - ৫৬৭৭",
    "book_name": "bukhari"
  },
  {
    "id": 79,
    "chapter_id": 76,
    "book_id": 1,
    "title": "চিকিৎসা",
    "number": 76,
    "hadis_range": "৫৬৭৮ - ৫৭৮২",
    "book_name": "bukhari"
  },
  {
    "id": 80,
    "chapter_id": 77,
    "book_id": 1,
    "title": "পোশাক-পরিচ্ছদ",
    "number": 77,
    "hadis_range": "৫৭৮৩ - ৫৯৬৯",
    "book_name": "bukhari"
  },
  {
    "id": 81,
    "chapter_id": 78,
    "book_id": 1,
    "title": "আচার-ব্যবহার",
    "number": 78,
    "hadis_range": "৫৯৭০ - ৬২২৬",
    "book_name": "bukhari"
  },
  {
    "id": 82,
    "chapter_id": 79,
    "book_id": 1,
    "title": "অনুমতি চাওয়া",
    "number": 79,
    "hadis_range": "৬২২৭ - ৬৩০৩",
    "book_name": "bukhari"
  },
  {
    "id": 83,
    "chapter_id": 80,
    "book_id": 1,
    "title": "দু’আ",
    "number": 80,
    "hadis_range": "৬৩০৪ - ৬৪১১",
    "book_name": "bukhari"
  },
  {
    "id": 84,
    "chapter_id": 81,
    "book_id": 1,
    "title": "কোমল হওয়া",
    "number": 81,
    "hadis_range": "৬৪১২ - ৬৫৯৩",
    "book_name": "bukhari"
  },
  {
    "id": 85,
    "chapter_id": 82,
    "book_id": 1,
    "title": "তাক্‌দীর",
    "number": 82,
    "hadis_range": "৬৫৯৪ - ৬৬২০",
    "book_name": "bukhari"
  },
  {
    "id": 86,
    "chapter_id": 83,
    "book_id": 1,
    "title": "শপথ ও মানত",
    "number": 83,
    "hadis_range": "৬৬২১ - ৬৭০৭",
    "book_name": "bukhari"
  },
  {
    "id": 87,
    "chapter_id": 84,
    "book_id": 1,
    "title": "শপথের কাফ্‌ফারা",
    "number": 84,
    "hadis_range": "৬৭০৮ - ৬৭২২",
    "book_name": "bukhari"
  },
  {
    "id": 88,
    "chapter_id": 85,
    "book_id": 1,
    "title": "উত্তরাধিকার",
    "number": 85,
    "hadis_range": "৬৭২৩ - ৬৭৭১",
    "book_name": "bukhari"
  },
  {
    "id": 89,
    "chapter_id": 86,
    "book_id": 1,
    "title": "শরীয়তের শাস্তি",
    "number": 86,
    "hadis_range": "৬৭৭২ - ৬৮৬০",
    "book_name": "bukhari"
  },
  {
    "id": 90,
    "chapter_id": 87,
    "book_id": 1,
    "title": "রক্তপণ",
    "number": 87,
    "hadis_range": "৬৮৬১ - ৬৯১৭",
    "book_name": "bukhari"
  },
  {
    "id": 91,
    "chapter_id": 88,
    "book_id": 1,
    "title": "আল্লাহ্‌দ্রোহী ও ধর্মত্যাগীদেরকে তাওবার প্রতি আহ্বান ও তাদের সাথে যুদ্ধ",
    "number": 88,
    "hadis_range": "৬৯১৮ - ৬৯৩৯",
    "book_name": "bukhari"
  },
  {
    "id": 92,
    "chapter_id": 89,
    "book_id": 1,
    "title": "বল প্রয়োগে বাধ্য করা",
    "number": 89,
    "hadis_range": "৬৯৪০ - ৬৯৫২",
    "book_name": "bukhari"
  },
  {
    "id": 93,
    "chapter_id": 90,
    "book_id": 1,
    "title": "কূটকৌশল",
    "number": 90,
    "hadis_range": "৬৯৫৩ - ৬৯৮১",
    "book_name": "bukhari"
  },
  {
    "id": 94,
    "chapter_id": 91,
    "book_id": 1,
    "title": "স্বপ্নের ব্যখ্যা প্রদান",
    "number": 91,
    "hadis_range": "৬৯৮২ - ৭০৪৭",
    "book_name": "bukhari"
  },
  {
    "id": 95,
    "chapter_id": 92,
    "book_id": 1,
    "title": "ফিত্‌না",
    "number": 92,
    "hadis_range": "৭০৪৮ - ৭১৩৬",
    "book_name": "bukhari"
  },
  {
    "id": 96,
    "chapter_id": 93,
    "book_id": 1,
    "title": "আহকাম",
    "number": 93,
    "hadis_range": "৭১৩৭ - ৭২২৫",
    "book_name": "bukhari"
  },
  {
    "id": 97,
    "chapter_id": 94,
    "book_id": 1,
    "title": "আকাঙ্ক্ষা",
    "number": 94,
    "hadis_range": "৭২২৬ - ৭২৪৫",
    "book_name": "bukhari"
  },
  {
    "id": 98,
    "chapter_id": 95,
    "book_id": 1,
    "title": "খবরে ওয়াহিদ",
    "number": 95,
    "hadis_range": "৭২৪৬ - ৭২৬৭",
    "book_name": "bukhari"
  },
  {
    "id": 99,
    "chapter_id": 96,
    "book_id": 1,
    "title": "কুরআন ও সুন্নাহ্‌কে দৃঢ়ভাবে ধারণ করা",
    "number": 96,
    "hadis_range": "৭২৬৮ - ৭৩৭০",
    "book_name": "bukhari"
  },
  {
    "id": 100,
    "chapter_id": 97,
    "book_id": 1,
    "title": "জাহ্‌মিয়াদের মতের খণ্ডন ও তাওহীদ প্রসঙ্গ",
    "number": 97,
    "hadis_range": "৭৩৭১ - ৭৫৬৩",
    "book_name": "bukhari"
  }
]