[
  {
    "id": 844,
    "book_id": 1,
    "book_name": "bukhari",
    "chapter_id": 31,
    "section_id": 1,
    "title": "কিয়ামে রমযান- এর (রমযানে তারাবীর সালাতের) গুরুত্ব।",
    "preface": "",
    "number": "৩১/১. অধ্যায়ঃ",
    "sort_order": 1,
    "hadiths": [
      {
        "id": 1444,
        "book_id": 1,
        "book_name": "সহিহ বুখারী",
        "chapter_id": 31,
        "section_id": 1,
        "hadith_key": "সহিহ বুখারী: ২০০৮",
        "hadith_id": 2008,
        "narrator": "আবূ হুরায়রা (রাঃ)",
        "bn": "তিনি বলেন, আমি আল্লাহর রসূল (সাল্লাল্লাহু ‘আলাইহি ওয়া সাল্লাম) - কে রমযান সম্পর্কে বলতে শুনেছি, যে ব্যক্তি রমযানে ঈমানের সাথে সওয়াব লাভের আশায় কিয়ামে রমযান অর্থাৎ তারাবীর সালাত আদায় করবে তার পূর্ববর্তী গোনাহসমূহ মাফ করে দেয়া হবে।",
        "ar": "حَدَّثَنَا يَحْيَى بْنُ بُكَيْرٍ، حَدَّثَنَا اللَّيْثُ، عَنْ عُقَيْلٍ، عَنِ ابْنِ شِهَابٍ، قَالَ أَخْبَرَنِي أَبُو سَلَمَةَ، أَنَّ أَبَا هُرَيْرَةَ ـ رضى الله عنه ـ قَالَ سَمِعْتُ رَسُولَ اللَّهِ صلى الله عليه وسلم يَقُولُ لِرَمَضَانَ ‏ \"‏ مَنْ قَامَهُ إِيمَانًا وَاحْتِسَابًا غُفِرَ لَهُ مَا تَقَدَّمَ مِنْ ذَنْبِهِ ‏\"‏‏.‏",
        "ar_diacless": "حدثنا يحيى بن بكير، حدثنا الليث، عن عقيل، عن ابن شهاب، قال أخبرني أبو سلمة، أن أبا هريرة ـ رضى الله عنه ـ قال سمعت رسول الله صلى الله عليه وسلم يقول لرمضان ‏ \"‏ من قامه إيمانا واحتسابا غفر له ما تقدم من ذنبه ‏\"‏‏.‏",
        "note": "",
        "grade_id": 2,
        "grade": "সহিহ হাদিস",
        "grade_color": "#46B891"
      },
      {
        "id": 1446,
        "book_id": 1,
        "book_name": "সহিহ বুখারী",
        "chapter_id": 31,
        "section_id": 1,
        "hadith_key": "সহিহ বুখারী: ২০০৯",
        "hadith_id": 2009,
        "narrator": "আবূ হুরায়রা (রাঃ)",
        "bn": "আল্লাহর রসূল (সাল্লাল্লাহু ‘আলাইহি ওয়া সাল্লাম) বলেছেন, যে ব্যক্তি রমযানে ঈমানের সাথে সওয়াব লাভের আশায় তারাবীর সালাতে দাঁড়াবে তার পূর্ববর্তী গোনাহসমূহ মাফ করে দেয়া হবে। হাদীসের রাবী ইব্‌নু শিহাব (রহঃ) বলেন, আল্লাহর রসূল (সাল্লাল্লাহু ‘আলাইহি ওয়া সাল্লাম) ইনতিকাল করেন এবং তারাবীর ব্যাপারটি এভাবেই চালু ছিল। এমনকি আবূ বকর (রাঃ)- এর খিলাফতকালে ও ‘উমর (রাঃ)- এর খিলাফতের প্রথমভাগে এরূপই ছিল।",
        "ar": "حَدَّثَنَا عَبْدُ اللَّهِ بْنُ يُوسُفَ، أَخْبَرَنَا مَالِكٌ، عَنِ ابْنِ شِهَابٍ، عَنْ حُمَيْدِ بْنِ عَبْدِ الرَّحْمَنِ، عَنْ أَبِي هُرَيْرَةَ ـ رضى الله عنه ـ أَنَّ رَسُولَ اللَّهِ صلى الله عليه وسلم قَالَ ‏ \"‏ مَنْ قَامَ رَمَضَانَ إِيمَانًا وَاحْتِسَابًا غُفِرَ لَهُ مَا تَقَدَّمَ مِنْ ذَنْبِهِ ‏\"‏‏.‏ قَالَ ابْنُ شِهَابٍ فَتُوُفِّيَ رَسُولُ اللَّهِ صلى الله عليه وسلم وَالأَمْرُ عَلَى ذَلِكَ، ثُمَّ كَانَ الأَمْرُ عَلَى ذَلِكَ فِي خِلاَفَةِ أَبِي بَكْرٍ وَصَدْرًا مِنْ خِلاَفَةِ عُمَرَ ـ رضى الله عنهما.‏",
        "ar_diacless": "حدثنا عبد الله بن يوسف، أخبرنا مالك، عن ابن شهاب، عن حميد بن عبد الرحمن، عن أبي هريرة ـ رضى الله عنه ـ أن رسول الله صلى الله عليه وسلم قال ‏ \"‏ من قام رمضان إيمانا واحتسابا غفر له ما تقدم من ذنبه ‏\"‏‏.‏ قال ابن شهاب فتوفي رسول الله صلى الله عليه وسلم والأمر على ذلك، ثم كان الأمر على ذلك في خلافة أبي بكر وصدرا من خلافة عمر ـ رضى الله عنهما.‏",
        "note": "",
        "grade_id": 2,
        "grade": "সহিহ হাদিস",
        "grade_color": "#46B891"
      },
      {
        "id": 1447,
        "book_id": 1,
        "book_name": "সহিহ বুখারী",
        "chapter_id": 31,
        "section_id": 1,
        "hadith_key": "সহিহ বুখারী: ২০১০",
        "hadith_id": 2010,
        "narrator": "‘আবদুর রাহমান ইবনু ‘আবদ আল-ক্বারী (রহঃ)",
        "bn": "তিনি বলেন, আমি রমযানের এক রাতে ‘উমর ইবনুল খাত্তাব (রাঃ)- এর সাথে মসজিদে নাবাবীতে গিয়ে দেখি যে, লোকেরা এলোমেলোভাবে জামা’আতে বিভক্ত। কেউ একাকী সালাত আদায় করছে আবার কোন ব্যক্তি সালাত আদায় করছে এবং ইকতেদা করে একদল লোক সালাত আদায় করছে। ‘উমর (রাঃ) বললেন, আমি মনে করি যে, এই লোকদের যদি আমি একজন ক্বারীর (ইমামের) পিছনে জমা করে দেই, তবে তা উত্তম হবে। এরপর তিনি ‘উবাই ইব্‌নু ‘কাব (রাঃ)- এর পিছনে সকলকে জমা করে দিলেন। পরে আর এক রাতে আমি তাঁর [‘উমর (রাঃ)] সাথে বের হই। তখন লোকেরা তাদের ইমামের সাথে সালাত আদায় করছিল। ‘উমর (রাঃ) বললেন, কত না সুন্দর এই নতুন ব্যবস্থা! তোমরা রাতের যে অংশে ঘুমিয়ে থাক তা রাতের ঐ অংশ অপেক্ষা উত্তম যে অংশে তোমরা সালাত আদায় কর, এর দ্বারা তিনি শেষ রাত বুঝিয়েছেন, কেননা তখন রাতের প্রথমভাগে লোকেরা সালাত আদায় করত।",
        "ar": "وَعَنِ ابْنِ شِهَابٍ، عَنْ عُرْوَةَ بْنِ الزُّبَيْرِ، عَنْ عَبْدِ الرَّحْمَنِ بْنِ عَبْدٍ الْقَارِيِّ، أَنَّهُ قَالَ خَرَجْتُ مَعَ عُمَرَ بْنِ الْخَطَّابِ ـ رضى الله عنه ـ لَيْلَةً فِي رَمَضَانَ، إِلَى الْمَسْجِدِ، فَإِذَا النَّاسُ أَوْزَاعٌ مُتَفَرِّقُونَ يُصَلِّي الرَّجُلُ لِنَفْسِهِ، وَيُصَلِّي الرَّجُلُ فَيُصَلِّي بِصَلاَتِهِ الرَّهْطُ فَقَالَ عُمَرُ إِنِّي أَرَى لَوْ جَمَعْتُ هَؤُلاَءِ عَلَى قَارِئٍ وَاحِدٍ لَكَانَ أَمْثَلَ‏.‏ ثُمَّ عَزَمَ فَجَمَعَهُمْ عَلَى أُبَىِّ بْنِ كَعْبٍ، ثُمَّ خَرَجْتُ مَعَهُ لَيْلَةً أُخْرَى، وَالنَّاسُ يُصَلُّونَ بِصَلاَةِ قَارِئِهِمْ، قَالَ عُمَرُ نِعْمَ الْبِدْعَةُ هَذِهِ، وَالَّتِي يَنَامُونَ عَنْهَا أَفْضَلُ مِنَ الَّتِي يَقُومُونَ‏.‏ يُرِيدُ آخِرَ اللَّيْلِ، وَكَانَ النَّاسُ يَقُومُونَ أَوَّلَهُ‏.‏",
        "ar_diacless": "وعن ابن شهاب، عن عروة بن الزبير، عن عبد الرحمن بن عبد القاري، أنه قال خرجت مع عمر بن الخطاب ـ رضى الله عنه ـ ليلة في رمضان، إلى المسجد، فإذا الناس أوزاع متفرقون يصلي الرجل لنفسه، ويصلي الرجل فيصلي بصلاته الرهط فقال عمر إني أرى لو جمعت هؤلاء على قارئ واحد لكان أمثل‏.‏ ثم عزم فجمعهم على أبى بن كعب، ثم خرجت معه ليلة أخرى، والناس يصلون بصلاة قارئهم، قال عمر نعم البدعة هذه، والتي ينامون عنها أفضل من التي يقومون‏.‏ يريد آخر الليل، وكان الناس يقومون أوله‏.‏",
        "note": "",
        "grade_id": 2,
        "grade": "সহিহ হাদিস",
        "grade_color": "#46B891"
      },
      {
        "id": 1445,
        "book_id": 1,
        "book_name": "সহিহ বুখারী",
        "chapter_id": 31,
        "section_id": 1,
        "hadith_key": "সহিহ বুখারী: ২০১১",
        "hadith_id": 2011,
        "narrator": "নবী-সহধর্মিণী ‘আয়িশা (রাঃ)",
        "bn": "আল্লাহর রসূল (সাল্লাল্লাহু ‘আলাইহি ওয়া সাল্লাম) সালাত আদায় করেন এবং তা ছিল রমযানে।",
        "ar": "حَدَّثَنَا إِسْمَاعِيلُ، قَالَ حَدَّثَنِي مَالِكٌ، عَنِ ابْنِ شِهَابٍ، عَنْ عُرْوَةَ بْنِ الزُّبَيْرِ، عَنْ عَائِشَةَ، رضى الله عنها زَوْجِ النَّبِيِّ صلى الله عليه وسلم أَنَّ رَسُولَ اللَّهِ صلى الله عليه وسلم صَلَّى وَذَلِكَ فِي رَمَضَانَ‏.‏",
        "ar_diacless": "حدثنا إسماعيل، قال حدثني مالك، عن ابن شهاب، عن عروة بن الزبير، عن عائشة، رضى الله عنها زوج النبي صلى الله عليه وسلم أن رسول الله صلى الله عليه وسلم صلى وذلك في رمضان‏.‏",
        "note": "",
        "grade_id": 2,
        "grade": "সহিহ হাদিস",
        "grade_color": "#46B891"
      },
      {
        "id": 1448,
        "book_id": 1,
        "book_name": "সহিহ বুখারী",
        "chapter_id": 31,
        "section_id": 1,
        "hadith_key": "সহিহ বুখারী: ২০১২",
        "hadith_id": 2012,
        "narrator": "‘আয়িশা (রাঃ)",
        "bn": "তিনি বলেন, আল্লাহর রসূল (সাল্লাল্লাহু ‘আলাইহি ওয়া সাল্লাম) গভীর রাতে বের হয়ে মসজিদে সালাত আদায় করেন, কিছু সংখ্যক পুরুষ তাঁর পিছনে সালাত আদায় করেন। সকালে লোকেরা এ সম্পর্কে আলোচনা করেন, ফলে লোকেরা অধিক সংখ্যায় সমবেত হন। তিনি সালাত আদায় করেন এবং লোকেরা তাঁর সঙ্গে সালাত আদায় করেন। সকালে তাঁরা এ বিষয়ে আলাপ-আলোচনা করেন। তৃতীয় রাতে মসজিদে মুসল্লীর সংখ্যা আরো বেড়ে যায়। এরপর আল্লাহর রসূল (সাল্লাল্লাহু ‘আলাইহি ওয়া সাল্লাম) বের হয়ে সালাত আদায় করেন ও লোকেরা তাঁর সঙ্গে সালাত আদায় করেন। চতুর্থ রাতে মসজিদে মুসল্লীর সংকুলান হল না, কিন্তু তিনি রাতে আর বের না হয়ে ফজরের সালাতে বেরিয়ে আসলেন এবং সালাত শেষে লোকদের দিকে ফিরে প্রথমে তাওহীদ ও রিসালতের সাক্ষ্য দেয়ার পর বললেনঃ শোন! তোমাদের (গতরাতের) অবস্থান আমার অজানা ছিল না, কিন্তু আমি এই সালাত তোমাদের উপর ফরয হয়ে যাবার আশংকা করছি (বিধায় বের হই নাই) কেননা তোমরা তা আদায় করায় অপারগ হয়ে পড়তে। আল্লাহর রসূল (সাল্লাল্লাহু ‘আলাইহি ওয়া সাল্লাম) -এর ওফাত হলো আর ব্যাপারটি এভাবেই থেকে যায়।",
        "ar": "حَدَّثَنَا يَحْيَى بْنُ بُكَيْرٍ، حَدَّثَنَا اللَّيْثُ، عَنْ عُقَيْلٍ، عَنِ ابْنِ شِهَابٍ، أَخْبَرَنِي عُرْوَةُ، أَنَّ عَائِشَةَ ـ رضى الله عنها ـ أَخْبَرَتْهُ أَنَّ رَسُولَ اللَّهِ صلى الله عليه وسلم خَرَجَ لَيْلَةً مِنْ جَوْفِ اللَّيْلِ، فَصَلَّى فِي الْمَسْجِدِ، وَصَلَّى رِجَالٌ بِصَلاَتِهِ، فَأَصْبَحَ النَّاسُ فَتَحَدَّثُوا، فَاجْتَمَعَ أَكْثَرُ مِنْهُمْ، فَصَلَّوْا مَعَهُ، فَأَصْبَحَ النَّاسُ فَتَحَدَّثُوا، فَكَثُرَ أَهْلُ الْمَسْجِدِ مِنَ اللَّيْلَةِ الثَّالِثَةِ، فَخَرَجَ رَسُولُ اللَّهِ صلى الله عليه وسلم فَصَلَّى، فَصَلَّوْا بِصَلاَتِهِ، فَلَمَّا كَانَتِ اللَّيْلَةُ الرَّابِعَةُ عَجَزَ الْمَسْجِدُ عَنْ أَهْلِهِ، حَتَّى خَرَجَ لِصَلاَةِ الصُّبْحِ، فَلَمَّا قَضَى الْفَجْرَ أَقْبَلَ عَلَى النَّاسِ، فَتَشَهَّدَ ثُمَّ قَالَ ‏ \"‏ أَمَّا بَعْدُ، فَإِنَّهُ لَمْ يَخْفَ عَلَىَّ مَكَانُكُمْ، وَلَكِنِّي خَشِيتُ أَنْ تُفْتَرَضَ عَلَيْكُمْ فَتَعْجِزُوا عَنْهَا ‏\"‏‏.‏ فَتُوُفِّيَ رَسُولُ اللَّهِ صلى الله عليه وسلم وَالأَمْرُ عَلَى ذَلِكَ",
        "ar_diacless": "حدثنا يحيى بن بكير، حدثنا الليث، عن عقيل، عن ابن شهاب، أخبرني عروة، أن عائشة ـ رضى الله عنها ـ أخبرته أن رسول الله صلى الله عليه وسلم خرج ليلة من جوف الليل، فصلى في المسجد، وصلى رجال بصلاته، فأصبح الناس فتحدثوا، فاجتمع أكثر منهم، فصلوا معه، فأصبح الناس فتحدثوا، فكثر أهل المسجد من الليلة الثالثة، فخرج رسول الله صلى الله عليه وسلم فصلى، فصلوا بصلاته، فلما كانت الليلة الرابعة عجز المسجد عن أهله، حتى خرج لصلاة الصبح، فلما قضى الفجر أقبل على الناس، فتشهد ثم قال ‏ \"‏ أما بعد، فإنه لم يخف على مكانكم، ولكني خشيت أن تفترض عليكم فتعجزوا عنها ‏\"‏‏.‏ فتوفي رسول الله صلى الله عليه وسلم والأمر على ذلك",
        "note": "",
        "grade_id": 2,
        "grade": "সহিহ হাদিস",
        "grade_color": "#46B891"
      },
      {
        "id": 1449,
        "book_id": 1,
        "book_name": "সহিহ বুখারী",
        "chapter_id": 31,
        "section_id": 1,
        "hadith_key": "সহিহ বুখারী: ২০১৩",
        "hadith_id": 2013,
        "narrator": "আবূ সালামা ইবনু ‘আবদুর রাহমান (রহঃ)",
        "bn": "তিনি ‘আয়িশা (রাঃ)-কে জিজ্ঞেস করেন যে, রমযানে আল্লাহর রসূল (সাল্লাল্লাহু ‘আলাইহি ওয়া সাল্লাম) –এর সালাত কিরূপ ছিল? তিনি বললেন, রমযান মাসে ও রমযানে ব্যতীত অন্য সময়ে (রাতে) তিনি এগার রাক’আত হতে বৃদ্ধি করতেন না। [২] তিনি চার রাক’আত সালাত আদায় করতেন, তুমি তার সৌন্দর্য ও দীর্ঘতা সম্পর্কে জিজ্ঞেস করো না। অতঃপর তিনি চার রাক’আত পড়েন। তুমি তার সৌন্দর্য ও দীর্ঘতা সম্পর্কে জিজ্ঞেস করো না। এরপর তিন রাক’আত সালাত আদায় করতেন। আমি (‘আয়িশা রাঃ) বললাম, হে আল্লাহর রসূল! আপনি বিতর আদায়ের আগে ঘুমিয়ে যাবেন? তিনি বললেনঃ হে ‘আয়িশা! আমার দু’চোখ ঘুমায় বটে কিন্তু আমার কাল্‌ব নিদ্রাভিভূত হয়না।",
        "ar": "حَدَّثَنَا إِسْمَاعِيلُ، قَالَ حَدَّثَنِي مَالِكٌ، عَنْ سَعِيدٍ الْمَقْبُرِيِّ، عَنْ أَبِي سَلَمَةَ بْنِ عَبْدِ الرَّحْمَنِ، أَنَّهُ سَأَلَ عَائِشَةَ ـ رضى الله عنها ـ كَيْفَ كَانَتْ صَلاَةُ رَسُولِ اللَّهِ صلى الله عليه وسلم فِي رَمَضَانَ فَقَالَتْ مَا كَانَ يَزِيدُ فِي رَمَضَانَ، وَلاَ فِي غَيْرِهَا عَلَى إِحْدَى عَشْرَةَ رَكْعَةً، يُصَلِّي أَرْبَعًا فَلاَ تَسَلْ عَنْ حُسْنِهِنَّ وَطُولِهِنَّ، ثُمَّ يُصَلِّي أَرْبَعًا فَلاَ تَسَلْ عَنْ حُسْنِهِنَّ وَطُولِهِنَّ، ثُمَّ يُصَلِّي ثَلاَثًا‏.‏ فَقُلْتُ يَا رَسُولَ اللَّهِ، أَتَنَامُ قَبْلَ أَنْ تُوتِرَ قَالَ ‏ \"‏ يَا عَائِشَةُ إِنَّ عَيْنَىَّ تَنَامَانِ وَلاَ يَنَامُ قَلْبِي ‏\"‏‏.‏",
        "ar_diacless": "حدثنا إسماعيل، قال حدثني مالك، عن سعيد المقبري، عن أبي سلمة بن عبد الرحمن، أنه سأل عائشة ـ رضى الله عنها ـ كيف كانت صلاة رسول الله صلى الله عليه وسلم في رمضان فقالت ما كان يزيد في رمضان، ولا في غيرها على إحدى عشرة ركعة، يصلي أربعا فلا تسل عن حسنهن وطولهن، ثم يصلي أربعا فلا تسل عن حسنهن وطولهن، ثم يصلي ثلاثا‏.‏ فقلت يا رسول الله، أتنام قبل أن توتر قال ‏ \"‏ يا عائشة إن عينى تنامان ولا ينام قلبي ‏\"‏‏.‏",
        "note": "",
        "grade_id": 2,
        "grade": "সহিহ হাদিস",
        "grade_color": "#46B891"
      }
    ]
  }
]