[
  {
    "id": 1229,
    "book_id": 1,
    "book_name": "bukhari",
    "chapter_id": 35,
    "section_id": 1,
    "title": "মাপ বা নির্দিষ্ট পরিমাপে অগ্রিম ক্রয়-বিক্রয়।",
    "preface": "",
    "number": "৩৫/১. অধ্যায়ঃ",
    "sort_order": 1,
    "hadiths": [
      {
        "id": 1816,
        "book_id": 1,
        "book_name": "সহিহ বুখারী",
        "chapter_id": 35,
        "section_id": 1,
        "hadith_key": "সহিহ বুখারী: ২২৩৯",
        "hadith_id": 2239,
        "narrator": "ইবনু ‘আব্বাস (রাঃ)",
        "bn": "তিনি বলেন, আল্লাহর রসূল (সাল্লাল্লাহু ‘আলাইহি ওয়া সাল্লাম) যখন মদীনায় আগমন করেন তখন লোকেরা এক বা দু’ বছরের বাকীতে [রাবী ইসমাঈল সন্দেহ করে বলেন, দু’ অথবা তিন বছরের (মেয়াদে) খেজুর সলম (পদ্ধতিতে) বেচা-কেনা করত। এতে তিনি বললেন,] যে ব্যক্তি খেজুরে সলম করতে চায় সে যেন নির্দিষ্ট মাপে এবং নির্দিষ্ট ওজনে সলম করে।\n\nমুহাম্মাদ (রহঃ) .... ইবনু আবূ নাজীহ (রহঃ) হতে নির্দিষ্ট মাপে এবং নির্দিষ্ট ওজনে (সলম করার কথা) বর্ণিত ‎রয়েছে। (২২৪০, ২২৪১, ২২৫৩, মুসলিম ২২/২৫, হাঃ ১৬০৪, আহমাদ ২৪৫৮) (আ.প্র. ২০৮১, ই.ফা. ২০৯৮) ‎",
        "ar": "حَدَّثَنَا عَمْرُو بْنُ زُرَارَةَ، أَخْبَرَنَا إِسْمَاعِيلُ ابْنُ عُلَيَّةَ، أَخْبَرَنَا ابْنُ أَبِي نَجِيحٍ، عَنْ عَبْدِ اللَّهِ بْنِ كَثِيرٍ، عَنْ أَبِي الْمِنْهَالِ، عَنِ ابْنِ عَبَّاسٍ ـ رضى الله عنهما ـ قَالَ قَدِمَ رَسُولُ اللَّهِ صلى الله عليه وسلم الْمَدِينَةَ، وَالنَّاسُ يُسْلِفُونَ فِي الثَّمَرِ الْعَامَ وَالْعَامَيْنِ ـ أَوْ قَالَ عَامَيْنِ أَوْ ثَلاَثَةً‏.‏ شَكَّ إِسْمَاعِيلُ ـ فَقَالَ ‏ \"‏ مَنْ سَلَّفَ فِي تَمْرٍ فَلْيُسْلِفْ فِي كَيْلٍ مَعْلُومٍ، وَوَزْنٍ مَعْلُومٍ ‏\"‏‏.‏",
        "ar_diacless": "حدثنا عمرو بن زرارة، أخبرنا إسماعيل ابن علية، أخبرنا ابن أبي نجيح، عن عبد الله بن كثير، عن أبي المنهال، عن ابن عباس ـ رضى الله عنهما ـ قال قدم رسول الله صلى الله عليه وسلم المدينة، والناس يسلفون في الثمر العام والعامين ـ أو قال عامين أو ثلاثة‏.‏ شك إسماعيل ـ فقال ‏ \"‏ من سلف في تمر فليسلف في كيل معلوم، ووزن معلوم ‏\"‏‏.‏",
        "note": "",
        "grade_id": 2,
        "grade": "সহিহ হাদিস",
        "grade_color": "#46B891"
      }
    ]
  },
  {
    "id": 1230,
    "book_id": 1,
    "book_name": "bukhari",
    "chapter_id": 35,
    "section_id": 2,
    "title": "নির্দিষ্ট ওজনে অগ্রিম বেচা-কেনা।",
    "preface": "",
    "number": "৩৫/২. অধ্যায়ঃ",
    "sort_order": 2,
    "hadiths": [
      {
        "id": 1818,
        "book_id": 1,
        "book_name": "সহিহ বুখারী",
        "chapter_id": 35,
        "section_id": 2,
        "hadith_key": "সহিহ বুখারী: ২২৪০",
        "hadith_id": 2240,
        "narrator": "ইবনু ‘আব্বাস (রাঃ)",
        "bn": "তিনি বলেন, আল্লাহর রসূল (সাল্লাল্লাহু ‘আলাইহি ওয়া সাল্লাম) যখন মদীনায় আসেন তখন মদীনাবাসী ফলে দু’ ও তিন বছরের মেয়াদে সলম করত। আল্লাহর রসূল (সাল্লাল্লাহু ‘আলাইহি ওয়া সাল্লাম) বললেন, কোন ব্যক্তি সলম করলে সে যেন নির্দিষ্ট মাপে এবং নির্দিষ্ট ওজনে নির্দিষ্ট মেয়াদে সলম করে।\n\n--------------\n\n২২৪০/১. আলী ইবনু ‘আবদুল্লাহ্‌ (রহঃ) ...... ইবনু আবূ নাজীহ (রহঃ) সূত্রে বর্ণিত, আল্লাহর রসূল (সাল্লাল্লাহু ‘আলাইহি ওয়া ‎সাল্লাম) বলেছেন, সে যেন নির্দিষ্ট মেয়াদে সলম করে। (আ.প্র. ২০৮৩, ই.ফা. ২১০০) ‎",
        "ar": "حَدَّثَنَا صَدَقَةُ، أَخْبَرَنَا ابْنُ عُيَيْنَةَ، أَخْبَرَنَا ابْنُ أَبِي نَجِيحٍ، عَنْ عَبْدِ اللَّهِ بْنِ كَثِيرٍ، عَنْ أَبِي الْمِنْهَالِ، عَنِ ابْنِ عَبَّاسٍ ـ رضى الله عنهما ـ قَالَ قَدِمَ النَّبِيُّ صلى الله عليه وسلم الْمَدِينَةَ، وَهُمْ يُسْلِفُونَ بِالتَّمْرِ السَّنَتَيْنِ وَالثَّلاَثَ، فَقَالَ ‏ \"‏ مَنْ أَسْلَفَ فِي شَىْءٍ فَفِي كَيْلٍ مَعْلُومٍ وَوَزْنٍ مَعْلُومٍ، إِلَى أَجَلٍ مَعْلُومٍ ‏\"‏‏.‏",
        "ar_diacless": "حدثنا صدقة، أخبرنا ابن عيينة، أخبرنا ابن أبي نجيح، عن عبد الله بن كثير، عن أبي المنهال، عن ابن عباس ـ رضى الله عنهما ـ قال قدم النبي صلى الله عليه وسلم المدينة، وهم يسلفون بالتمر السنتين والثلاث، فقال ‏ \"‏ من أسلف في شىء ففي كيل معلوم ووزن معلوم، إلى أجل معلوم ‏\"‏‏.‏",
        "note": "",
        "grade_id": 2,
        "grade": "সহিহ হাদিস",
        "grade_color": "#46B891"
      },
      {
        "id": 1820,
        "book_id": 1,
        "book_name": "সহিহ বুখারী",
        "chapter_id": 35,
        "section_id": 2,
        "hadith_key": "সহিহ বুখারী: ২২৪১",
        "hadith_id": 2241,
        "narrator": "ইবনু ‘আব্বাস (রাঃ)",
        "bn": "তিনি বলেন যে, নবী (সাল্লাল্লাহু ‘আলাইহি ওয়া সাল্লাম) (মদীনা) আসেন এবং বলেন, নির্দিষ্ট মাপে, নির্দিষ্ট ওজনে ও নির্দিষ্ট মেয়াদে (সলম) কর।",
        "ar": "حَدَّثَنَا قُتَيْبَةُ، حَدَّثَنَا سُفْيَانُ، عَنِ ابْنِ أَبِي نَجِيحٍ، عَنْ عَبْدِ اللَّهِ بْنِ كَثِيرٍ، عَنْ أَبِي الْمِنْهَالِ، قَالَ سَمِعْتُ ابْنَ عَبَّاسٍ ـ رضى الله عنهما ـ يَقُولُ قَدِمَ النَّبِيُّ صلى الله عليه وسلم وَقَالَ ‏ \"‏ فِي كَيْلٍ مَعْلُومٍ وَوَزْنٍ مَعْلُومٍ إِلَى أَجَلٍ مَعْلُومٍ ‏\"‏‏.‏",
        "ar_diacless": "حدثنا قتيبة، حدثنا سفيان، عن ابن أبي نجيح، عن عبد الله بن كثير، عن أبي المنهال، قال سمعت ابن عباس ـ رضى الله عنهما ـ يقول قدم النبي صلى الله عليه وسلم وقال ‏ \"‏ في كيل معلوم ووزن معلوم إلى أجل معلوم ‏\"‏‏.‏",
        "note": "",
        "grade_id": 2,
        "grade": "সহিহ হাদিস",
        "grade_color": "#46B891"
      },
      {
        "id": 1821,
        "book_id": 1,
        "book_name": "সহিহ বুখারী",
        "chapter_id": 35,
        "section_id": 2,
        "hadith_key": "সহিহ বুখারী: ২২৪২",
        "hadith_id": 2242,
        "narrator": "মুহাম্মাদ অথবা ‘আবদুল্লাহ্‌ ইবনু আবুল মুজালিদ (রহঃ)",
        "bn": "তিনি বলেন, ‘আবদুল্লাহ্‌ ইবনু শাদ্দাদ ইবনু হাদ ও আবূ বুরদা (রহঃ)- এর মাঝে সলম কেনা-বেচার ব্যাপারে মতভেদ দেখা দিলে তাঁরা আমাকে ইবনু আবূ ‘আওফা (রাঃ)- এর নিকট পাঠান। আমি এ বিষয়ে তাঁকে জিজ্ঞেস করলে তিনি বলেন, আল্লাহর রসূল (সাল্লাল্লাহু ‘আলাইহি ওয়া সাল্লাম), আবূ বক্‌র ও ‘উমর (রাঃ)- এর যুগে আমরা গম, যব, কিসমিস ও খেজুরে সলম করতাম। (তিনি আরো বলেন) এবং আমি ইবনু আবযা (রাঃ)- কে জিজ্ঞেস করলে তিনিও অনুরূপ বলেন।",
        "ar": "حَدَّثَنَا أَبُو الْوَلِيدِ، حَدَّثَنَا شُعْبَةُ، عَنِ ابْنِ أَبِي الْمُجَالِدِ،‏.‏ وَحَدَّثَنَا يَحْيَى، حَدَّثَنَا وَكِيعٌ، عَنْ شُعْبَةَ، عَنْ مُحَمَّدِ بْنِ أَبِي الْمُجَالِدِ، حَدَّثَنَا حَفْصُ بْنُ عُمَرَ، حَدَّثَنَا شُعْبَةُ، قَالَ أَخْبَرَنِي مُحَمَّدٌ،، أَوْ عَبْدُ اللَّهِ بْنُ أَبِي الْمُجَالِدِ قَالَ اخْتَلَفَ عَبْدُ اللَّهِ بْنُ شَدَّادِ بْنِ الْهَادِ وَأَبُو بُرْدَةَ فِي السَّلَفِ، فَبَعَثُونِي إِلَى ابْنِ أَبِي أَوْفَى ـ رضى الله عنه ـ فَسَأَلْتُهُ فَقَالَ إِنَّا كُنَّا نُسْلِفُ عَلَى عَهْدِ رَسُولِ اللَّهِ صلى الله عليه وسلم وَأَبِي بَكْرٍ وَعُمَرَ، فِي الْحِنْطَةِ، وَالشَّعِيرِ وَالزَّبِيبِ، وَالتَّمْرِ‏.‏ وَسَأَلْتُ ابْنَ أَبْزَى فَقَالَ مِثْلَ ذَلِكَ‏.‏",
        "ar_diacless": "حدثنا أبو الوليد، حدثنا شعبة، عن ابن أبي المجالد،‏.‏ وحدثنا يحيى، حدثنا وكيع، عن شعبة، عن محمد بن أبي المجالد، حدثنا حفص بن عمر، حدثنا شعبة، قال أخبرني محمد،، أو عبد الله بن أبي المجالد قال اختلف عبد الله بن شداد بن الهاد وأبو بردة في السلف، فبعثوني إلى ابن أبي أوفى ـ رضى الله عنه ـ فسألته فقال إنا كنا نسلف على عهد رسول الله صلى الله عليه وسلم وأبي بكر وعمر، في الحنطة، والشعير والزبيب، والتمر‏.‏ وسألت ابن أبزى فقال مثل ذلك‏.‏",
        "note": "",
        "grade_id": 2,
        "grade": "সহিহ হাদিস",
        "grade_color": "#46B891"
      },
      {
        "id": 1822,
        "book_id": 1,
        "book_name": "সহিহ বুখারী",
        "chapter_id": 35,
        "section_id": 2,
        "hadith_key": "সহিহ বুখারী: ২২৪৩",
        "hadith_id": 2243,
        "narrator": "মুহাম্মাদ অথবা ‘আবদুল্লাহ্‌ ইবনু আবুল মুজালিদ (রহঃ)",
        "bn": "তিনি বলেন, ‘আবদুল্লাহ্‌ ইবনু শাদ্দাদ ইবনু হাদ ও আবূ বুরদা (রহঃ)- এর মাঝে সলম কেনা-বেচার ব্যাপারে মতভেদ দেখা দিলে তাঁরা আমাকে ইবনু আবূ ‘আওফা (রাঃ)- এর নিকট পাঠান। আমি এ বিষয়ে তাঁকে জিজ্ঞেস করলে তিনি বলেন, আল্লাহর রসূল (সাল্লাল্লাহু ‘আলাইহি ওয়া সাল্লাম), আবূ বক্‌র ও ‘উমর (রাঃ)- এর যুগে আমরা গম, যব, কিসমিস ও খেজুরে সলম করতাম। (তিনি আরো বলেন) এবং আমি ইবনু আবযা (রাঃ)- কে জিজ্ঞেস করলে তিনিও অনুরূপ বলেন।",
        "ar": "حَدَّثَنَا أَبُو الْوَلِيدِ، حَدَّثَنَا شُعْبَةُ، عَنِ ابْنِ أَبِي الْمُجَالِدِ،‏.‏ وَحَدَّثَنَا يَحْيَى، حَدَّثَنَا وَكِيعٌ، عَنْ شُعْبَةَ، عَنْ مُحَمَّدِ بْنِ أَبِي الْمُجَالِدِ، حَدَّثَنَا حَفْصُ بْنُ عُمَرَ، حَدَّثَنَا شُعْبَةُ، قَالَ أَخْبَرَنِي مُحَمَّدٌ،، أَوْ عَبْدُ اللَّهِ بْنُ أَبِي الْمُجَالِدِ قَالَ اخْتَلَفَ عَبْدُ اللَّهِ بْنُ شَدَّادِ بْنِ الْهَادِ وَأَبُو بُرْدَةَ فِي السَّلَفِ، فَبَعَثُونِي إِلَى ابْنِ أَبِي أَوْفَى ـ رضى الله عنه ـ فَسَأَلْتُهُ فَقَالَ إِنَّا كُنَّا نُسْلِفُ عَلَى عَهْدِ رَسُولِ اللَّهِ صلى الله عليه وسلم وَأَبِي بَكْرٍ وَعُمَرَ، فِي الْحِنْطَةِ، وَالشَّعِيرِ وَالزَّبِيبِ، وَالتَّمْرِ‏.‏ وَسَأَلْتُ ابْنَ أَبْزَى فَقَالَ مِثْلَ ذَلِكَ‏.‏",
        "ar_diacless": "حدثنا أبو الوليد، حدثنا شعبة، عن ابن أبي المجالد،‏.‏ وحدثنا يحيى، حدثنا وكيع، عن شعبة، عن محمد بن أبي المجالد، حدثنا حفص بن عمر، حدثنا شعبة، قال أخبرني محمد،، أو عبد الله بن أبي المجالد قال اختلف عبد الله بن شداد بن الهاد وأبو بردة في السلف، فبعثوني إلى ابن أبي أوفى ـ رضى الله عنه ـ فسألته فقال إنا كنا نسلف على عهد رسول الله صلى الله عليه وسلم وأبي بكر وعمر، في الحنطة، والشعير والزبيب، والتمر‏.‏ وسألت ابن أبزى فقال مثل ذلك‏.‏",
        "note": "",
        "grade_id": 2,
        "grade": "সহিহ হাদিস",
        "grade_color": "#46B891"
      }
    ]
  },
  {
    "id": 1231,
    "book_id": 1,
    "book_name": "bukhari",
    "chapter_id": 35,
    "section_id": 3,
    "title": "এমন ব্যক্তির নিকটে আগাম মূল্য প্রদান করা যার কাছে মূল বস্তু নেই।",
    "preface": "",
    "number": "৩৫/৩. অধ্যায়ঃ",
    "sort_order": 3,
    "hadiths": [
      {
        "id": 1824,
        "book_id": 1,
        "book_name": "সহিহ বুখারী",
        "chapter_id": 35,
        "section_id": 3,
        "hadith_key": "সহিহ বুখারী: ২২৪৪",
        "hadith_id": 2244,
        "narrator": "মুহাম্মাদ ইবনু আবূ মুজালিদ (রহঃ)",
        "bn": "তিনি বলেন , ‘আবদুল্লাহ্‌ ইবনু শাদ্দাদ ও আবূ বুরদা (রহঃ) আমাকে ‘আবদুল্লাহ্‌ ইবনু আবূ ‘আওফা (রাঃ)- এর কাছে পাঠান। তাঁরা বললেন যে, (তুমি গিয়ে) তাঁকে জিজ্ঞেস কর, আল্লাহর রসুল (সাল্লাল্লাহু ‘আলাইহি ওয়া সাল্লাম)- এর যুগে সাহাবায়ে কিরাম গম বিক্রয়ে কি সলম (পদ্ধতি গ্রহণ) করতেন? ‘আবদুল্লাহ্‌ (রাঃ) বললেন, আমরা সিরিয়ার লোকদের সঙ্গে গম, যব ও কিসমিস নির্দিষ্ট মাপে ও নির্দিষ্ট মেয়াদে সলম করতাম। আমি বললাম, যার কাছে এসবের মূল বস্তু থাকত তাঁর সঙ্গে? তিনি বললেন, আমরা এ সম্পর্কে তাদের জিজ্ঞেস করিনি। তারপর তাঁরা দু’জনে আমাকে আবদুর রহমান ইবনু আবযা (রাঃ)- এর কাছে পাঠালেন এবং আমি তাঁকে (এ ব্যাপারে) জিজ্ঞেস করলাম। তিনি বলেন, নবী (সাল্লাল্লাহু ‘আলাইহি ওয়া সাল্লাম)- এর যুগে সাহাবীগন সলম করতেন, কিন্তু তাদেরকে জিজ্ঞেস করতেন না যে, তাঁদের কাছে মূল বস্তু মওজুদ আছে কি-না।",
        "ar": "حَدَّثَنَا مُوسَى بْنُ إِسْمَاعِيلَ، حَدَّثَنَا عَبْدُ الْوَاحِدِ، حَدَّثَنَا الشَّيْبَانِيُّ، حَدَّثَنَا مُحَمَّدُ بْنُ أَبِي الْمُجَالِدِ، قَالَ بَعَثَنِي عَبْدُ اللَّهِ بْنُ شَدَّادٍ وَأَبُو بُرْدَةَ إِلَى عَبْدِ اللَّهِ بْنِ أَبِي أَوْفَى ـ رضى الله عنهما ـ فَقَالاَ سَلْهُ هَلْ كَانَ أَصْحَابُ النَّبِيِّ صلى الله عليه وسلم فِي عَهْدِ النَّبِيِّ صلى الله عليه وسلم يُسْلِفُونَ فِي الْحِنْطَةِ قَالَ عَبْدُ اللَّهِ كُنَّا نُسْلِفُ نَبِيطَ أَهْلِ الشَّأْمِ فِي الْحِنْطَةِ، وَالشَّعِيرِ، وَالزَّيْتِ، فِي كَيْلٍ مَعْلُومٍ، إِلَى أَجَلٍ مَعْلُومٍ‏.‏ قُلْتُ إِلَى مَنْ كَانَ أَصْلُهُ عِنْدَهُ قَالَ مَا كُنَّا نَسْأَلُهُمْ عَنْ ذَلِكَ‏.‏ ثُمَّ بَعَثَانِي إِلَى عَبْدِ الرَّحْمَنِ بْنِ أَبْزَى فَسَأَلْتُهُ فَقَالَ كَانَ أَصْحَابُ النَّبِيِّ صلى الله عليه وسلم يُسْلِفُونَ عَلَى عَهْدِ النَّبِيِّ صلى الله عليه وسلم وَلَمْ نَسْأَلْهُمْ أَلَهُمْ حَرْثٌ أَمْ لاَ",
        "ar_diacless": "حدثنا موسى بن إسماعيل، حدثنا عبد الواحد، حدثنا الشيباني، حدثنا محمد بن أبي المجالد، قال بعثني عبد الله بن شداد وأبو بردة إلى عبد الله بن أبي أوفى ـ رضى الله عنهما ـ فقالا سله هل كان أصحاب النبي صلى الله عليه وسلم في عهد النبي صلى الله عليه وسلم يسلفون في الحنطة قال عبد الله كنا نسلف نبيط أهل الشأم في الحنطة، والشعير، والزيت، في كيل معلوم، إلى أجل معلوم‏.‏ قلت إلى من كان أصله عنده قال ما كنا نسألهم عن ذلك‏.‏ ثم بعثاني إلى عبد الرحمن بن أبزى فسألته فقال كان أصحاب النبي صلى الله عليه وسلم يسلفون على عهد النبي صلى الله عليه وسلم ولم نسألهم ألهم حرث أم لا",
        "note": "",
        "grade_id": 2,
        "grade": "সহিহ হাদিস",
        "grade_color": "#46B891"
      },
      {
        "id": 1823,
        "book_id": 1,
        "book_name": "সহিহ বুখারী",
        "chapter_id": 35,
        "section_id": 3,
        "hadith_key": "সহিহ বুখারী: ২২৪৫",
        "hadith_id": 2245,
        "narrator": "মুহাম্মাদ ইবনু আবূ মুজালিদ (রহঃ)",
        "bn": "হতে অনুরূপ বর্ণনা করেছেন এবং তিনি বলেছেন, আমরা তাঁদের সঙ্গে গম ও ‎যবে সলম করতাম। \n\nশায়বানী (রহঃ) হতে বর্ণিত যে, রাবী বলেন, গম, যব ও কিসমিসের (সলম করতেন)। ‘আবদুল্লাহ্‌ ইবনুল ওয়ালীদ ‎‎(রহঃ) সুফিয়ান (রহঃ) সূত্রে শায়বানী (রহঃ)- এর বর্ণনায় রয়েছে “এবং যায়তুনে”।",
        "ar": "حَدَّثَنَا إِسْحَاقُ، حَدَّثَنَا خَالِدُ بْنُ عَبْدِ اللَّهِ، عَنِ الشَّيْبَانِيِّ، عَنْ مُحَمَّدِ بْنِ أَبِي مُجَالِدٍ، بِهَذَا وَقَالَ فَنُسْلِفُهُمْ فِي الْحِنْطَةِ وَالشَّعِيرِ‏.‏ وَقَالَ عَبْدُ اللَّهِ بْنُ الْوَلِيدِ عَنْ سُفْيَانَ حَدَّثَنَا الشَّيْبَانِيُّ وَقَالَ وَالزَّيْتِ‏.‏ حَدَّثَنَا قُتَيْبَةُ حَدَّثَنَا جَرِيرٌ عَنِ الشَّيْبَانِيِّ وَقَالَ فِي الْحِنْطَةِ وَالشَّعِيرِ وَالزَّبِيبِ‏.‏",
        "ar_diacless": "حدثنا إسحاق، حدثنا خالد بن عبد الله، عن الشيباني، عن محمد بن أبي مجالد، بهذا وقال فنسلفهم في الحنطة والشعير‏.‏ وقال عبد الله بن الوليد عن سفيان حدثنا الشيباني وقال والزيت‏.‏ حدثنا قتيبة حدثنا جرير عن الشيباني وقال في الحنطة والشعير والزبيب‏.‏",
        "note": "",
        "grade_id": 2,
        "grade": "সহিহ হাদিস",
        "grade_color": "#46B891"
      },
      {
        "id": 1825,
        "book_id": 1,
        "book_name": "সহিহ বুখারী",
        "chapter_id": 35,
        "section_id": 3,
        "hadith_key": "সহিহ বুখারী: ২২৪৬",
        "hadith_id": 2246,
        "narrator": "আবুল বাখ্‌তারী তাঈ (রহঃ)",
        "bn": "তিনি বলেন, আমি ইবনু ‘আব্বাস (রাঃ)- কে খেজুরে ‘সলম’ করা সম্পর্কে জিজ্ঞেস করলাম। তিনি বললেন, নবী (সাল্লাল্লাহু ‘আলাইহি ওয়া সাল্লাম) খেজুর খাবার যোগ্য এবং ওজন করার যোগ্য হওয়ার আগে বিক্রি করা নিষেধ করেছেন। ঐ সময় এক ব্যক্তি বলল, কী ওজন করবে? তাঁর পাশের এক ব্যক্তি বলল, সংরক্ষিত হওয়া পর্যন্ত। মুআয (রহঃ) সূত্রে শু’বা (রহঃ) হতে আমর (রহঃ) হতে বর্ণিত, আবুল বাখ্‌তারী (রহঃ) বলেছেন, ইবনু ‘আব্বাস (রাঃ)- কে বলতে শুনেছি যে, নবী (সাল্লাল্লাহু ‘আলাইহি ওয়া সাল্লাম) এরূপ (করতে) নিষেধ করেছেন।",
        "ar": "حَدَّثَنَا آدَمُ، حَدَّثَنَا شُعْبَةُ، أَخْبَرَنَا عَمْرٌو، قَالَ سَمِعْتُ أَبَا الْبَخْتَرِيِّ الطَّائِيَّ، قَالَ سَأَلْتُ ابْنَ عَبَّاسٍ ـ رضى الله عنهما ـ عَنِ السَّلَمِ، فِي النَّخْلِ‏.‏ قَالَ نَهَى النَّبِيُّ صلى الله عليه وسلم عَنْ بَيْعِ النَّخْلِ، حَتَّى يُؤْكَلَ مِنْهُ وَحَتَّى يُوزَنَ‏.‏ فَقَالَ الرَّجُلُ وَأَىُّ شَىْءٍ يُوزَنُ قَالَ رَجُلٌ إِلَى جَانِبِهِ حَتَّى يُحْرَزَ‏.‏ وَقَالَ مُعَاذٌ حَدَّثَنَا شُعْبَةُ، عَنْ عَمْرٍو، قَالَ أَبُو الْبَخْتَرِيِّ سَمِعْتُ ابْنَ عَبَّاسٍ ـ رضى الله عنهما ـ نَهَى النَّبِيُّ صلى الله عليه وسلم مِثْلَهُ‏.‏",
        "ar_diacless": "حدثنا آدم، حدثنا شعبة، أخبرنا عمرو، قال سمعت أبا البختري الطائي، قال سألت ابن عباس ـ رضى الله عنهما ـ عن السلم، في النخل‏.‏ قال نهى النبي صلى الله عليه وسلم عن بيع النخل، حتى يؤكل منه وحتى يوزن‏.‏ فقال الرجل وأى شىء يوزن قال رجل إلى جانبه حتى يحرز‏.‏ وقال معاذ حدثنا شعبة، عن عمرو، قال أبو البختري سمعت ابن عباس ـ رضى الله عنهما ـ نهى النبي صلى الله عليه وسلم مثله‏.‏",
        "note": "",
        "grade_id": 2,
        "grade": "সহিহ হাদিস",
        "grade_color": "#46B891"
      }
    ]
  },
  {
    "id": 1232,
    "book_id": 1,
    "book_name": "bukhari",
    "chapter_id": 35,
    "section_id": 4,
    "title": "খেজুরে অগ্রিম বেচা-কেনা।",
    "preface": "",
    "number": "৩৫/৪. অধ্যায়ঃ",
    "sort_order": 4,
    "hadiths": [
      {
        "id": 1826,
        "book_id": 1,
        "book_name": "সহিহ বুখারী",
        "chapter_id": 35,
        "section_id": 4,
        "hadith_key": "সহিহ বুখারী: ২২৪৭",
        "hadith_id": 2247,
        "narrator": "আবুল বাখতারী (রহঃ)",
        "bn": "তিনি বলেন, আমি ইবনু ‘উমর (রাঃ)- কে খেজুর ‘সলম’ করা সম্পর্কে জিজ্ঞেস করলাম, তিনি বললেন, খেজুর আহারযোগ্য হওয়ার আগে তা বিক্রয় করা নিষেধ করা হয়েছে, আর নগদ রূপার বিনিময়ে বাকী রূপা বিক্রয় করতেও (নিষেধ করা হয়েছে)। আমি ইবনু ‘আব্বাস (রাঃ)- কে খেজুর ‘সলম’ করা সম্পর্কে জিজ্ঞেস করলাম, তিনি বললেন, নবী (সাল্লাল্লাহু ‘আলাইহি ওয়া সাল্লাম) খাওয়ার যোগ্য এবং ওজনের যোগ্য হবার পূর্বে খেজুর বিক্রয় করতে নিষেধ করেছেন।",
        "ar": "حَدَّثَنَا أَبُو الْوَلِيدِ، حَدَّثَنَا شُعْبَةُ، عَنْ عَمْرٍو، عَنْ أَبِي الْبَخْتَرِيِّ، قَالَ سَأَلْتُ ابْنَ عُمَرَ ـ رضى الله عنهما ـ عَنِ السَّلَمِ، فِي النَّخْلِ فَقَالَ نُهِيَ عَنْ بَيْعِ النَّخْلِ، حَتَّى يَصْلُحَ، وَعَنْ بَيْعِ الْوَرِقِ، نَسَاءً بِنَاجِزٍ‏.‏ وَسَأَلْتُ ابْنَ عَبَّاسٍ عَنِ السَّلَمِ، فِي النَّخْلِ، فَقَالَ نَهَى النَّبِيُّ صلى الله عليه وسلم عَنْ بَيْعِ النَّخْلِ حَتَّى يُؤْكَلَ مِنْهُ، أَوْ يَأْكُلَ مِنْهُ، وَحَتَّى يُوزَنَ‏",
        "ar_diacless": "حدثنا أبو الوليد، حدثنا شعبة، عن عمرو، عن أبي البختري، قال سألت ابن عمر ـ رضى الله عنهما ـ عن السلم، في النخل فقال نهي عن بيع النخل، حتى يصلح، وعن بيع الورق، نساء بناجز‏.‏ وسألت ابن عباس عن السلم، في النخل، فقال نهى النبي صلى الله عليه وسلم عن بيع النخل حتى يؤكل منه، أو يأكل منه، وحتى يوزن‏",
        "note": "",
        "grade_id": 2,
        "grade": "সহিহ হাদিস",
        "grade_color": "#46B891"
      },
      {
        "id": 1827,
        "book_id": 1,
        "book_name": "সহিহ বুখারী",
        "chapter_id": 35,
        "section_id": 4,
        "hadith_key": "সহিহ বুখারী: ২২৪৮",
        "hadith_id": 2248,
        "narrator": "আবুল বাখতারী (রহঃ)",
        "bn": "তিনি বলেন, আমি ইবনু ‘উমর (রাঃ)- কে খেজুর ‘সলম’ করা সম্পর্কে জিজ্ঞেস করলাম, তিনি বললেন, খেজুর আহারযোগ্য হওয়ার আগে তা বিক্রয় করা নিষেধ করা হয়েছে, আর নগদ রূপার বিনিময়ে বাকী রূপা বিক্রয় করতেও (নিষেধ করা হয়েছে)। আমি ইবনু ‘আব্বাস (রাঃ)- কে খেজুর ‘সলম’ করা সম্পর্কে জিজ্ঞেস করলাম, তিনি বললেন, নবী (সাল্লাল্লাহু ‘আলাইহি ওয়া সাল্লাম) খাওয়ার যোগ্য এবং ওজনের যোগ্য হবার পূর্বে খেজুর বিক্রয় করতে নিষেধ করেছেন।",
        "ar": "حَدَّثَنَا أَبُو الْوَلِيدِ، حَدَّثَنَا شُعْبَةُ، عَنْ عَمْرٍو، عَنْ أَبِي الْبَخْتَرِيِّ، قَالَ سَأَلْتُ ابْنَ عُمَرَ ـ رضى الله عنهما ـ عَنِ السَّلَمِ، فِي النَّخْلِ فَقَالَ نُهِيَ عَنْ بَيْعِ النَّخْلِ، حَتَّى يَصْلُحَ، وَعَنْ بَيْعِ الْوَرِقِ، نَسَاءً بِنَاجِزٍ‏.‏ وَسَأَلْتُ ابْنَ عَبَّاسٍ عَنِ السَّلَمِ، فِي النَّخْلِ، فَقَالَ نَهَى النَّبِيُّ صلى الله عليه وسلم عَنْ بَيْعِ النَّخْلِ حَتَّى يُؤْكَلَ مِنْهُ، أَوْ يَأْكُلَ مِنْهُ، وَحَتَّى يُوزَنَ‏",
        "ar_diacless": "حدثنا أبو الوليد، حدثنا شعبة، عن عمرو، عن أبي البختري، قال سألت ابن عمر ـ رضى الله عنهما ـ عن السلم، في النخل فقال نهي عن بيع النخل، حتى يصلح، وعن بيع الورق، نساء بناجز‏.‏ وسألت ابن عباس عن السلم، في النخل، فقال نهى النبي صلى الله عليه وسلم عن بيع النخل حتى يؤكل منه، أو يأكل منه، وحتى يوزن‏",
        "note": "",
        "grade_id": 2,
        "grade": "সহিহ হাদিস",
        "grade_color": "#46B891"
      },
      {
        "id": 1828,
        "book_id": 1,
        "book_name": "সহিহ বুখারী",
        "chapter_id": 35,
        "section_id": 4,
        "hadith_key": "সহিহ বুখারী: ২২৪৯",
        "hadith_id": 2249,
        "narrator": "আবুল বাখতারী (রহঃ)",
        "bn": "তিনি বলেন, আমি ইবনু ‘উমর (রাঃ)- কে খেজুর ‘সলম’ করা সম্পর্কে জিজ্ঞেস করলে তিনি বললেন, আহারযোগ্য হবার পূর্বে ফল বিক্রি করতে ‘উমর (রাঃ) নিষেধ করেছেন এবং তিনি নগদ সোনা বা রূপার বিনিময়ে বাকীতে সোনা বা রূপা বিক্রয় করতে নিষেধ করেছেন। আমি এ সম্পর্কে ইবনু ‘আব্বাস (রাঃ)- কে জিজ্ঞেস করলে তিনি বললেন, নবী (সাল্লাল্লাহু ‘আলাইহি ওয়া সাল্লাম) খাওয়ার এবং ওজন করার যোগ্য হবার পূর্বে খেজুর বিক্রয় করতে নিষেধ করেছেন। আমি বললাম, এর ওজন করা কী? তখন তার নিকটে বসা একজন বলে উঠল, (অর্থাৎ) সংরক্ষণের উপযোগী হওয়া পর্যন্ত।",
        "ar": "حَدَّثَنَا مُحَمَّدُ بْنُ بَشَّارٍ، حَدَّثَنَا غُنْدَرٌ، حَدَّثَنَا شُعْبَةُ، عَنْ عَمْرٍو، عَنْ أَبِي الْبَخْتَرِيِّ، سَأَلْتُ ابْنَ عُمَرَ ـ رضى الله عنهما ـ عَنِ السَّلَمِ، فِي النَّخْلِ فَقَالَ نَهَى النَّبِيُّ صلى الله عليه وسلم عَنْ بَيْعِ الثَّمَرِ حَتَّى يَصْلُحَ، وَنَهَى عَنِ الْوَرِقِ بِالذَّهَبِ نَسَاءً بِنَاجِزٍ‏.‏ وَسَأَلْتُ ابْنَ عَبَّاسٍ فَقَالَ نَهَى النَّبِيُّ صلى الله عليه وسلم عَنْ بَيْعِ النَّخْلِ حَتَّى يَأْكُلَ أَوْ يُؤْكَلَ، وَحَتَّى يُوزَنَ‏.‏ قُلْتُ وَمَا يُوزَنُ قَالَ رَجُلٌ عِنْدَهُ حَتَّى يُحْرَزَ‏.‏",
        "ar_diacless": "حدثنا محمد بن بشار، حدثنا غندر، حدثنا شعبة، عن عمرو، عن أبي البختري، سألت ابن عمر ـ رضى الله عنهما ـ عن السلم، في النخل فقال نهى النبي صلى الله عليه وسلم عن بيع الثمر حتى يصلح، ونهى عن الورق بالذهب نساء بناجز‏.‏ وسألت ابن عباس فقال نهى النبي صلى الله عليه وسلم عن بيع النخل حتى يأكل أو يؤكل، وحتى يوزن‏.‏ قلت وما يوزن قال رجل عنده حتى يحرز‏.‏",
        "note": "",
        "grade_id": 2,
        "grade": "সহিহ হাদিস",
        "grade_color": "#46B891"
      },
      {
        "id": 1829,
        "book_id": 1,
        "book_name": "সহিহ বুখারী",
        "chapter_id": 35,
        "section_id": 4,
        "hadith_key": "সহিহ বুখারী: ২২৫০",
        "hadith_id": 2250,
        "narrator": "আবুল বাখতারী (রহঃ)",
        "bn": "তিনি বলেন, আমি ইবনু ‘উমর (রাঃ)- কে খেজুর ‘সলম’ করা সম্পর্কে জিজ্ঞেস করলে তিনি বললেন, আহারযোগ্য হবার পূর্বে ফল বিক্রি করতে ‘উমর (রাঃ) নিষেধ করেছেন এবং তিনি নগদ সোনা বা রূপার বিনিময়ে বাকীতে সোনা বা রূপা বিক্রয় করতে নিষেধ করেছেন। আমি এ সম্পর্কে ইবনু ‘আব্বাস (রাঃ)- কে জিজ্ঞেস করলে তিনি বললেন, নবী (সাল্লাল্লাহু ‘আলাইহি ওয়া সাল্লাম) খাওয়ার এবং ওজন করার যোগ্য হবার পূর্বে খেজুর বিক্রয় করতে নিষেধ করেছেন। আমি বললাম, এর ওজন করা কী? তখন তার নিকটে বসা একজন বলে উঠল, (অর্থাৎ) সংরক্ষণের উপযোগী হওয়া পর্যন্ত।",
        "ar": "حَدَّثَنَا مُحَمَّدُ بْنُ بَشَّارٍ، حَدَّثَنَا غُنْدَرٌ، حَدَّثَنَا شُعْبَةُ، عَنْ عَمْرٍو، عَنْ أَبِي الْبَخْتَرِيِّ، سَأَلْتُ ابْنَ عُمَرَ ـ رضى الله عنهما ـ عَنِ السَّلَمِ، فِي النَّخْلِ فَقَالَ نَهَى النَّبِيُّ صلى الله عليه وسلم عَنْ بَيْعِ الثَّمَرِ حَتَّى يَصْلُحَ، وَنَهَى عَنِ الْوَرِقِ بِالذَّهَبِ نَسَاءً بِنَاجِزٍ‏.‏ وَسَأَلْتُ ابْنَ عَبَّاسٍ فَقَالَ نَهَى النَّبِيُّ صلى الله عليه وسلم عَنْ بَيْعِ النَّخْلِ حَتَّى يَأْكُلَ أَوْ يُؤْكَلَ، وَحَتَّى يُوزَنَ‏.‏ قُلْتُ وَمَا يُوزَنُ قَالَ رَجُلٌ عِنْدَهُ حَتَّى يُحْرَزَ‏.‏",
        "ar_diacless": "حدثنا محمد بن بشار، حدثنا غندر، حدثنا شعبة، عن عمرو، عن أبي البختري، سألت ابن عمر ـ رضى الله عنهما ـ عن السلم، في النخل فقال نهى النبي صلى الله عليه وسلم عن بيع الثمر حتى يصلح، ونهى عن الورق بالذهب نساء بناجز‏.‏ وسألت ابن عباس فقال نهى النبي صلى الله عليه وسلم عن بيع النخل حتى يأكل أو يؤكل، وحتى يوزن‏.‏ قلت وما يوزن قال رجل عنده حتى يحرز‏.‏",
        "note": "",
        "grade_id": 2,
        "grade": "সহিহ হাদিস",
        "grade_color": "#46B891"
      }
    ]
  },
  {
    "id": 1233,
    "book_id": 1,
    "book_name": "bukhari",
    "chapter_id": 35,
    "section_id": 5,
    "title": "আগাম বেচা-কেনায় জামিন নিযুক্ত করা।",
    "preface": "",
    "number": "৩৫/৫. অধ্যায়ঃ",
    "sort_order": 5,
    "hadiths": [
      {
        "id": 1830,
        "book_id": 1,
        "book_name": "সহিহ বুখারী",
        "chapter_id": 35,
        "section_id": 5,
        "hadith_key": "সহিহ বুখারী: ২২৫১",
        "hadith_id": 2251,
        "narrator": "‘আয়িশা (রাঃ)",
        "bn": "তিনি বলেন, আল্লাহ্‌র রসূল (সাল্লাল্লাহু ‘আলাইহি ওয়া সাল্লাম) জনৈক ইয়াহূদীর কাছ হতে বাকীতে খাদ্য খরিদ করে তাঁর লৌহ নির্মিত বর্ম ইয়াহূদীর কাছে বন্ধক রেখেছেন।",
        "ar": "حَدَّثَنَا مُحَمَّدٌ، حَدَّثَنَا يَعْلَى، حَدَّثَنَا الأَعْمَشُ، عَنْ إِبْرَاهِيمَ، عَنِ الأَسْوَدِ، عَنْ عَائِشَةَ ـ رضى الله عنها ـ قَالَتِ اشْتَرَى رَسُولُ اللَّهِ صلى الله عليه وسلم طَعَامًا مِنْ يَهُودِيٍّ بِنَسِيئَةٍ، وَرَهَنَهُ دِرْعًا لَهُ مِنْ حَدِيدٍ‏.‏",
        "ar_diacless": "حدثنا محمد، حدثنا يعلى، حدثنا الأعمش، عن إبراهيم، عن الأسود، عن عائشة ـ رضى الله عنها ـ قالت اشترى رسول الله صلى الله عليه وسلم طعاما من يهودي بنسيئة، ورهنه درعا له من حديد‏.‏",
        "note": "",
        "grade_id": 2,
        "grade": "সহিহ হাদিস",
        "grade_color": "#46B891"
      }
    ]
  },
  {
    "id": 1234,
    "book_id": 1,
    "book_name": "bukhari",
    "chapter_id": 35,
    "section_id": 6,
    "title": "অগ্রিম বেচা-কেনায় বন্ধক রাখা।",
    "preface": "",
    "number": "৩৫/৬. অধ্যায়ঃ",
    "sort_order": 6,
    "hadiths": [
      {
        "id": 1831,
        "book_id": 1,
        "book_name": "সহিহ বুখারী",
        "chapter_id": 35,
        "section_id": 6,
        "hadith_key": "সহিহ বুখারী: ২২৫২",
        "hadith_id": 2252,
        "narrator": "আ’মাশ (রহঃ)",
        "bn": "তিনি বলেন, আমরা সলম ক্রয় বিক্রয়ে বন্ধক রাখা সম্পর্কে ইবরাহীমকে জিজ্ঞেস করলে, তিনি বলেন, আমাকে আসওয়াদ (রহঃ) ‘আয়িশা (রাঃ) হতে বর্ণনা করেছেন যে,  নবী (সাল্লাল্লাহু ‘আলাইহি ওয়া সাল্লাম) জনৈক ইয়াহূদীর নিকট হতে নির্দিষ্ট মেয়াদে বাকীতে খাদ্য খরিদ করে তার নিকট নিজের লৌহ নির্মিত বর্ম বন্ধক রেখেছেন।",
        "ar": "حَدَّثَنِي مُحَمَّدُ بْنُ مَحْبُوبٍ، حَدَّثَنَا عَبْدُ الْوَاحِدِ، حَدَّثَنَا الأَعْمَشُ، قَالَ تَذَاكَرْنَا عِنْدَ إِبْرَاهِيمَ الرَّهْنَ فِي السَّلَفِ فَقَالَ حَدَّثَنِي الأَسْوَدُ عَنْ عَائِشَةَ ـ رضى الله عنها ـ أَنَّ النَّبِيَّ صلى الله عليه وسلم اشْتَرَى مِنْ يَهُودِيٍّ طَعَامًا إِلَى أَجَلٍ مَعْلُومٍ، وَارْتَهَنَ مِنْهُ دِرْعًا مِنْ حَدِيدٍ‏.‏",
        "ar_diacless": "حدثني محمد بن محبوب، حدثنا عبد الواحد، حدثنا الأعمش، قال تذاكرنا عند إبراهيم الرهن في السلف فقال حدثني الأسود عن عائشة ـ رضى الله عنها ـ أن النبي صلى الله عليه وسلم اشترى من يهودي طعاما إلى أجل معلوم، وارتهن منه درعا من حديد‏.‏",
        "note": "",
        "grade_id": 2,
        "grade": "সহিহ হাদিস",
        "grade_color": "#46B891"
      }
    ]
  },
  {
    "id": 1235,
    "book_id": 1,
    "book_name": "bukhari",
    "chapter_id": 35,
    "section_id": 7,
    "title": "নির্দিষ্ট মেয়াদে অগ্রিম বেচা-কেনা।",
    "preface": "ইবনু ‘আব্বাস ও সাঈদ (রাঃ) এবং আসওয়াদ ও হাসান (বাসরী) (রহঃ) এ অভিমত ব্যক্ত করেছেন। ইবনু ‘উমর (রাঃ) বলেন, নির্দিষ্ট মেয়াদে ও নির্দিষ্ট দামের ভিত্তিতে খাদ্য (বাকীতে) বিক্রয় করায় দোষ নেই। অবশ্য যদি তা এমন ফসলে না হয় যা আহারযোগ্য হয়নি।",
    "number": "৩৫/৭. অধ্যায়ঃ",
    "sort_order": 7,
    "hadiths": [
      {
        "id": 1832,
        "book_id": 1,
        "book_name": "সহিহ বুখারী",
        "chapter_id": 35,
        "section_id": 7,
        "hadith_key": "সহিহ বুখারী: ২২৫৩",
        "hadith_id": 2253,
        "narrator": "ইবনু ‘আব্বাস (রাঃ)",
        "bn": "তিনি বলেন, নবী (সাল্লাল্লাহু ‘আলাইহি ওয়া সাল্লাম) যখন মদীনায় আগমন করেন, তখন তারা (মদীনাবাসী) দু’ ও তিন বছরের মেয়াদে ফলের বিক্রয়ে সলম করত। তিনি বলেন, তোমরা নির্দিষ্ট মাপে ও নির্দিষ্ট মেয়াদে সলম করবে। \n\n‘আবদুল্লাহ্‌ ইবনু ওয়ালীদ (রহঃ) ...... ইবনু আবূ নাজীহ (রহঃ) সূত্রে বর্ণিত, আর তিনি বলেন, নির্দিষ্ট মাপে ও নির্দিষ্ট ওজনে।",
        "ar": "حَدَّثَنَا أَبُو نُعَيْمٍ، حَدَّثَنَا سُفْيَانُ، عَنِ ابْنِ أَبِي نَجِيحٍ، عَنْ عَبْدِ اللَّهِ بْنِ كَثِيرٍ، عَنْ أَبِي الْمِنْهَالِ، عَنِ ابْنِ عَبَّاسٍ ـ رضى الله عنهما ـ قَالَ قَدِمَ النَّبِيُّ صلى الله عليه وسلم الْمَدِينَةَ وَهُمْ يُسْلِفُونَ فِي الثِّمَارِ السَّنَتَيْنِ وَالثَّلاَثَ، فَقَالَ ‏\"‏ أَسْلِفُوا فِي الثِّمَارِ فِي كَيْلٍ مَعْلُومٍ إِلَى أَجَلٍ مَعْلُومٍ ‏\"‏‏.‏ وَقَالَ عَبْدُ اللَّهِ بْنُ الْوَلِيدِ حَدَّثَنَا سُفْيَانُ، حَدَّثَنَا ابْنُ أَبِي نَجِيحٍ، وَقَالَ، ‏\"‏ فِي كَيْلٍ مَعْلُومٍ وَوَزْنٍ مَعْلُومٍ ‏\"‏‏.‏",
        "ar_diacless": "حدثنا أبو نعيم، حدثنا سفيان، عن ابن أبي نجيح، عن عبد الله بن كثير، عن أبي المنهال، عن ابن عباس ـ رضى الله عنهما ـ قال قدم النبي صلى الله عليه وسلم المدينة وهم يسلفون في الثمار السنتين والثلاث، فقال ‏\"‏ أسلفوا في الثمار في كيل معلوم إلى أجل معلوم ‏\"‏‏.‏ وقال عبد الله بن الوليد حدثنا سفيان، حدثنا ابن أبي نجيح، وقال، ‏\"‏ في كيل معلوم ووزن معلوم ‏\"‏‏.‏",
        "note": "",
        "grade_id": 2,
        "grade": "সহিহ হাদিস",
        "grade_color": "#46B891"
      },
      {
        "id": 1833,
        "book_id": 1,
        "book_name": "সহিহ বুখারী",
        "chapter_id": 35,
        "section_id": 7,
        "hadith_key": "সহিহ বুখারী: ২২৫৪",
        "hadith_id": 2254,
        "narrator": "মুহাম্মাদ ইবনু আবূ মুজালিদ (রহঃ)",
        "bn": "তিনি বলেন, আবূ বুরদা ও ‘আবদুল্লাহ্‌ ইবনু শাদ্দাদ (রহঃ) আমাকে আবদুর রহমান ইবনু আবযা ও ‘আবদুল্লাহ্‌ ইবনু আবূ আওফা (রাঃ)- এর নিকট পাঠালেন। আমি ‘সলম’ পদ্ধতিতে ক্রয়-বিক্রয় সম্পর্কে তাদের জিজ্ঞেস করলে তাঁরা উভয়ে বললেন, আল্লাহ্‌র রসূল (সাল্লাল্লাহু ‘আলাইহি ওয়া সাল্লাম)- এর সঙ্গে (জিহাদে) আমরা মালে গনীমত লাভ করতাম, আমাদের কাছে সিরিয়া  হতে কৃষকগণ আসলে আমরা তাদের সঙ্গে গম, যব, ও যায়তুনে নির্দিষ্ট মেয়াদে সলম করতাম। তিনি [মুহাম্মাদ ইবনু আবূ মুজালিদ (রহঃ)] বলেন, আমি জিজ্ঞেস করলাম, তাদের নিকট সে সময় ফসল মওজুদ থাকত, কি থাকত না? তাঁরা উভয়ে বললেন, আমরা এ বিষয়ে তাদেরকে জিজ্ঞেস করিনি।",
        "ar": "حَدَّثَنَا مُحَمَّدُ بْنُ مُقَاتِلٍ، أَخْبَرَنَا عَبْدُ اللَّهِ، أَخْبَرَنَا سُفْيَانُ، عَنْ سُلَيْمَانَ الشَّيْبَانِيِّ، عَنْ مُحَمَّدِ بْنِ أَبِي مُجَالِدٍ، قَالَ أَرْسَلَنِي أَبُو بُرْدَةَ وَعَبْدُ اللَّهِ بْنُ شَدَّادٍ إِلَى عَبْدِ الرَّحْمَنِ بْنِ أَبْزَى وَعَبْدِ اللَّهِ بْنِ أَبِي أَوْفَى فَسَأَلْتُهُمَا عَنِ السَّلَفِ،‏.‏ فَقَالاَ كُنَّا نُصِيبُ الْمَغَانِمَ مَعَ رَسُولِ اللَّهِ صلى الله عليه وسلم فَكَانَ يَأْتِينَا أَنْبَاطٌ مِنْ أَنْبَاطِ الشَّأْمِ فَنُسْلِفُهُمْ فِي الْحِنْطَةِ وَالشَّعِيرِ وَالزَّبِيبِ إِلَى أَجَلٍ مُسَمًّى‏.‏ قَالَ قُلْتُ أَكَانَ لَهُمْ زَرْعٌ، أَوْ لَمْ يَكُنْ لَهُمْ زَرْعٌ قَالاَ مَا كُنَّا نَسْأَلُهُمْ عَنْ ذَلِكَ‏.‏",
        "ar_diacless": "حدثنا محمد بن مقاتل، أخبرنا عبد الله، أخبرنا سفيان، عن سليمان الشيباني، عن محمد بن أبي مجالد، قال أرسلني أبو بردة وعبد الله بن شداد إلى عبد الرحمن بن أبزى وعبد الله بن أبي أوفى فسألتهما عن السلف،‏.‏ فقالا كنا نصيب المغانم مع رسول الله صلى الله عليه وسلم فكان يأتينا أنباط من أنباط الشأم فنسلفهم في الحنطة والشعير والزبيب إلى أجل مسمى‏.‏ قال قلت أكان لهم زرع، أو لم يكن لهم زرع قالا ما كنا نسألهم عن ذلك‏.‏",
        "note": "",
        "grade_id": 2,
        "grade": "সহিহ হাদিস",
        "grade_color": "#46B891"
      },
      {
        "id": 1834,
        "book_id": 1,
        "book_name": "সহিহ বুখারী",
        "chapter_id": 35,
        "section_id": 7,
        "hadith_key": "সহিহ বুখারী: ২২৫৫",
        "hadith_id": 2255,
        "narrator": "মুহাম্মাদ ইবনু আবূ মুজালিদ (রহঃ)",
        "bn": "তিনি বলেন, আবূ বুরদা ও ‘আবদুল্লাহ্‌ ইবনু শাদ্দাদ (রহঃ) আমাকে আবদুর রহমান ইবনু আবযা ও ‘আবদুল্লাহ্‌ ইবনু আবূ আওফা (রাঃ)- এর নিকট পাঠালেন। আমি ‘সলম’ পদ্ধতিতে ক্রয়-বিক্রয় সম্পর্কে তাদের জিজ্ঞেস করলে তাঁরা উভয়ে বললেন, আল্লাহ্‌র রসূল (সাল্লাল্লাহু ‘আলাইহি ওয়া সাল্লাম)- এর সঙ্গে (জিহাদে) আমরা মালে গনীমত লাভ করতাম, আমাদের কাছে সিরিয়া  হতে কৃষকগণ আসলে আমরা তাদের সঙ্গে গম, যব, ও যায়তুনে নির্দিষ্ট মেয়াদে সলম করতাম। তিনি [মুহাম্মাদ ইবনু আবূ মুজালিদ (রহঃ)] বলেন, আমি জিজ্ঞেস করলাম, তাদের নিকট সে সময় ফসল মওজুদ থাকত, কি থাকত না? তাঁরা উভয়ে বললেন, আমরা এ বিষয়ে তাদেরকে জিজ্ঞেস করিনি।",
        "ar": "حَدَّثَنَا مُحَمَّدُ بْنُ مُقَاتِلٍ، أَخْبَرَنَا عَبْدُ اللَّهِ، أَخْبَرَنَا سُفْيَانُ، عَنْ سُلَيْمَانَ الشَّيْبَانِيِّ، عَنْ مُحَمَّدِ بْنِ أَبِي مُجَالِدٍ، قَالَ أَرْسَلَنِي أَبُو بُرْدَةَ وَعَبْدُ اللَّهِ بْنُ شَدَّادٍ إِلَى عَبْدِ الرَّحْمَنِ بْنِ أَبْزَى وَعَبْدِ اللَّهِ بْنِ أَبِي أَوْفَى فَسَأَلْتُهُمَا عَنِ السَّلَفِ،‏.‏ فَقَالاَ كُنَّا نُصِيبُ الْمَغَانِمَ مَعَ رَسُولِ اللَّهِ صلى الله عليه وسلم فَكَانَ يَأْتِينَا أَنْبَاطٌ مِنْ أَنْبَاطِ الشَّأْمِ فَنُسْلِفُهُمْ فِي الْحِنْطَةِ وَالشَّعِيرِ وَالزَّبِيبِ إِلَى أَجَلٍ مُسَمًّى‏.‏ قَالَ قُلْتُ أَكَانَ لَهُمْ زَرْعٌ، أَوْ لَمْ يَكُنْ لَهُمْ زَرْعٌ قَالاَ مَا كُنَّا نَسْأَلُهُمْ عَنْ ذَلِكَ‏.‏",
        "ar_diacless": "حدثنا محمد بن مقاتل، أخبرنا عبد الله، أخبرنا سفيان، عن سليمان الشيباني، عن محمد بن أبي مجالد، قال أرسلني أبو بردة وعبد الله بن شداد إلى عبد الرحمن بن أبزى وعبد الله بن أبي أوفى فسألتهما عن السلف،‏.‏ فقالا كنا نصيب المغانم مع رسول الله صلى الله عليه وسلم فكان يأتينا أنباط من أنباط الشأم فنسلفهم في الحنطة والشعير والزبيب إلى أجل مسمى‏.‏ قال قلت أكان لهم زرع، أو لم يكن لهم زرع قالا ما كنا نسألهم عن ذلك‏.‏",
        "note": "",
        "grade_id": 2,
        "grade": "সহিহ হাদিস",
        "grade_color": "#46B891"
      }
    ]
  },
  {
    "id": 1236,
    "book_id": 1,
    "book_name": "bukhari",
    "chapter_id": 35,
    "section_id": 8,
    "title": "উটনীর বাচ্চা প্রসবের মেয়াদে অগ্রিম বেচা-কেনা।",
    "preface": "",
    "number": "৩৫/৮. অধ্যায়ঃ",
    "sort_order": 8,
    "hadiths": [
      {
        "id": 1835,
        "book_id": 1,
        "book_name": "সহিহ বুখারী",
        "chapter_id": 35,
        "section_id": 8,
        "hadith_key": "সহিহ বুখারী: ২২৫৬",
        "hadith_id": 2256,
        "narrator": "‘আবদুল্লাহ্‌ [ইবনু ‘উমর (রাঃ)]",
        "bn": "তিনি বলেন, লোকেরা (মুশরিকরা) গর্ভবতী উটনীর বাচ্চার বাচ্চা প্রসব করার মেয়াদে ক্রয়-বিক্রয় করত। নবী (সাল্লাল্লাহু ‘আলাইহি ওয়া সাল্লাম) এ হতে নিষেধ করলেন। (রাবী) নাফী‘ (রহঃ)- এর ব্যাখ্যা করেছেন, উটনী তার পেটের বাচ্চা প্রসব করবে।",
        "ar": "حَدَّثَنَا مُوسَى بْنُ إِسْمَاعِيلَ، أَخْبَرَنَا جُوَيْرِيَةُ، عَنْ نَافِعٍ، عَنْ عَبْدِ اللَّهِ ـ رضى الله عنه ـ قَالَ كَانُوا يَتَبَايَعُونَ الْجَزُورَ إِلَى حَبَلِ الْحَبَلَةِ، فَنَهَى النَّبِيُّ صلى الله عليه وسلم عَنْهُ‏.‏ فَسَّرَهُ نَافِعٌ أَنْ تُنْتَجَ النَّاقَةُ مَا فِي بَطْنِهَا‏.‏",
        "ar_diacless": "حدثنا موسى بن إسماعيل، أخبرنا جويرية، عن نافع، عن عبد الله ـ رضى الله عنه ـ قال كانوا يتبايعون الجزور إلى حبل الحبلة، فنهى النبي صلى الله عليه وسلم عنه‏.‏ فسره نافع أن تنتج الناقة ما في بطنها‏.‏",
        "note": "",
        "grade_id": 2,
        "grade": "সহিহ হাদিস",
        "grade_color": "#46B891"
      }
    ]
  }
]