[
  {
    "id": 1305,
    "book_id": 1,
    "book_name": "bukhari",
    "chapter_id": 48,
    "section_id": 1,
    "title": "স্থায়ী বাসস্থানে থাকা অবস্থায় বন্ধক রাখা।",
    "preface": "মহান আল্লাহর বাণীঃ যদি তোমরা সফরে থাক এবং কোন লেখক না পাও, তবে বন্ধক রাখা বৈধ। (আল-বাকারা : ২৮৩)",
    "number": "৪৮/১. অধ্যায়ঃ",
    "sort_order": 1,
    "hadiths": [
      {
        "id": 2351,
        "book_id": 1,
        "book_name": "সহিহ বুখারী",
        "chapter_id": 48,
        "section_id": 1,
        "hadith_key": "সহিহ বুখারী: ২৫০৮",
        "hadith_id": 2508,
        "narrator": "আনাস (রাঃ)",
        "bn": "তিনি বলেন, নবী (সাল্লাল্লাহু ‘আলাইহি ওয়া সাল্লাম) যবের বিনিময়ে তাঁর বর্ম বন্ধক রেখেছিলেন। আমি একবার নবী (সাল্লাল্লাহু ‘আলাইহি ওয়া সাল্লাম)-এর খিদমতে যবের রুটি এবং দুর্গন্ধ যুক্ত চর্বি নিয়ে গেলাম, তখন তাঁকে বলতে শুনলাম, মুহাম্মাদ (সাল্লাল্লাহু ‘আলাইহি ওয়া সাল্লাম)-এর পরিবার পরিজনের কাছে কোন সকাল বা সন্ধ্যায় এক সা‘ এর অতিরিক্ত (কোন খাদ্য) দ্রব্য থাকে না। [আনাস (রাঃ) বলেন] সে সময়ে তারা মোট নয় ঘর (নয় পরিবার) ছিলেন।",
        "ar": "حَدَّثَنَا مُسْلِمُ بْنُ إِبْرَاهِيمَ، حَدَّثَنَا هِشَامٌ، حَدَّثَنَا قَتَادَةُ، عَنْ أَنَسٍ ـ رضى الله عنه ـ قَالَ وَلَقَدْ رَهَنَ النَّبِيُّ صلى الله عليه وسلم دِرْعَهُ بِشَعِيرٍ، وَمَشَيْتُ إِلَى النَّبِيِّ صلى الله عليه وسلم بِخُبْزِ شَعِيرٍ وَإِهَالَةٍ سَنِخَةٍ، وَلَقَدْ سَمِعْتُهُ يَقُولُ ‏ \"‏ مَا أَصْبَحَ لآلِ مُحَمَّدٍ صلى الله عليه وسلم إِلاَّ صَاعٌ، وَلاَ أَمْسَى ‏\"‏‏.‏ وَإِنَّهُمْ لَتِسْعَةُ أَبْيَاتٍ‏.‏",
        "ar_diacless": "حدثنا مسلم بن إبراهيم، حدثنا هشام، حدثنا قتادة، عن أنس ـ رضى الله عنه ـ قال ولقد رهن النبي صلى الله عليه وسلم درعه بشعير، ومشيت إلى النبي صلى الله عليه وسلم بخبز شعير وإهالة سنخة، ولقد سمعته يقول ‏ \"‏ ما أصبح لآل محمد صلى الله عليه وسلم إلا صاع، ولا أمسى ‏\"‏‏.‏ وإنهم لتسعة أبيات‏.‏",
        "note": "",
        "grade_id": 2,
        "grade": "সহিহ হাদিস",
        "grade_color": "#46B891"
      }
    ]
  },
  {
    "id": 1306,
    "book_id": 1,
    "book_name": "bukhari",
    "chapter_id": 48,
    "section_id": 2,
    "title": "যে ব্যক্তি নিজ বর্ম বন্ধক রাখে।",
    "preface": "",
    "number": "৪৮/২. অধ্যায়ঃ",
    "sort_order": 2,
    "hadiths": [
      {
        "id": 2352,
        "book_id": 1,
        "book_name": "সহিহ বুখারী",
        "chapter_id": 48,
        "section_id": 2,
        "hadith_key": "সহিহ বুখারী: ২৫০৯",
        "hadith_id": 2509,
        "narrator": "‘আয়িশা (রাঃ)",
        "bn": "তিনি বলেন, নবী (সাল্লাল্লাহু ‘আলাইহি ওয়া সাল্লাম) জনৈক ইয়াহূদীর কাছ হতে নির্দিষ্ট মেয়াদে খাদ্য শস্য খরিদ করেন এবং নিজের বর্ম তার কাছে বন্ধক রাখেন।",
        "ar": "حَدَّثَنَا مُسَدَّدٌ، حَدَّثَنَا عَبْدُ الْوَاحِدِ، حَدَّثَنَا الأَعْمَشُ، قَالَ تَذَاكَرْنَا عِنْدَ إِبْرَاهِيمَ الرَّهْنَ، وَالْقَبِيلَ فِي السَّلَفِ، فَقَالَ إِبْرَاهِيمُ حَدَّثَنَا الأَسْوَدُ عَنْ عَائِشَةَ ـ رضى الله عنها ـ أَنَّ النَّبِيَّ صلى الله عليه وسلم اشْتَرَى مِنْ يَهُودِيٍّ طَعَامًا إِلَى أَجَلٍ وَرَهَنَهُ دِرْعَهُ‏.‏",
        "ar_diacless": "حدثنا مسدد، حدثنا عبد الواحد، حدثنا الأعمش، قال تذاكرنا عند إبراهيم الرهن، والقبيل في السلف، فقال إبراهيم حدثنا الأسود عن عائشة ـ رضى الله عنها ـ أن النبي صلى الله عليه وسلم اشترى من يهودي طعاما إلى أجل ورهنه درعه‏.‏",
        "note": "",
        "grade_id": 2,
        "grade": "সহিহ হাদিস",
        "grade_color": "#46B891"
      }
    ]
  },
  {
    "id": 1307,
    "book_id": 1,
    "book_name": "bukhari",
    "chapter_id": 48,
    "section_id": 3,
    "title": "অস্ত্র বন্ধক রাখা।",
    "preface": "",
    "number": "৪৮/৩. অধ্যায়ঃ",
    "sort_order": 3,
    "hadiths": [
      {
        "id": 2353,
        "book_id": 1,
        "book_name": "সহিহ বুখারী",
        "chapter_id": 48,
        "section_id": 3,
        "hadith_key": "সহিহ বুখারী: ২৫১০",
        "hadith_id": 2510,
        "narrator": "জাবির ইবনু ‘আবদুল্লাহ্‌ (রাঃ)",
        "bn": "তিনি বলেন, রসূলুল্লাহ্‌ (সাল্লাল্লাহু ‘আলাইহি ওয়া সাল্লাম) বললেন, কা‘ব ইবনু আশরাফকে হত্যা করার দায়িত্ব কে নিতে পারবে? আল্লাহ্‌ ও তাঁর রসূলকে সে তো কষ্ট দিয়েছে। মুহাম্মাদ ইবনু মাসলামাহ (রাঃ) তখন বললেন, আমি। পরে তিনি তার কাছে গিয়ে বললেন, আমরা তোমার কাছে এক ওয়াসাক অথবা বলেছেন, দু’ওয়াসাক (খাদ্য) ধার চাচ্ছি। সে বলল, তোমাদের মহিলাদেরকে আমার কাছে বন্ধক রাখ। তিনি বললেন, তুমি হলে আরবের সেরা সুন্দর ব্যক্তি। তোমার কাছে কিভাবে মহিলাদেরকে বন্ধক রাখতে পারি? সে বলল, তাহলে তোমাদের সন্তানদের আমার কাছে বন্ধক রাখ। তিনি বললেন, কিভাবে সন্তানদেরকে তোমার কাছে বন্ধক রাখি। পরে এই বলে তাদের নিন্দা করা হবে যে, দু’ এক ওয়াসাকের জন্য তারা বন্ধক ছিল, এটা আমাদের জন্য হবে বিরাট কলঙ্ক। তার চেয়ে বরং আমরা তোমার কাছে আমাদের অস্ত্র বন্ধক রাখতে পারি। রাবী সুফিয়ান (রহঃ) (আরবী) শব্দের অর্থ করেছেন অস্ত্র। তারপর তিনি তাকে পরে আসার প্রতিশ্রুতি দিলেন এবং (পরে এসে) তাঁরা তাকে হত্যা করলেন এবং নবী (সাল্লাল্লাহু ‘আলাইহি ওয়া সাল্লাম)-এর কাছে এসে সে সম্পর্কে তাঁকে অবহিত করলেন।",
        "ar": "حَدَّثَنَا عَلِيُّ بْنُ عَبْدِ اللَّهِ، حَدَّثَنَا سُفْيَانُ، قَالَ عَمْرٌو سَمِعْتُ جَابِرَ بْنَ عَبْدِ اللَّهِ ـ رضى الله عنهما ـ يَقُولُ قَالَ رَسُولُ اللَّهِ صلى الله عليه وسلم ‏ \"‏ مَنْ لِكَعْبِ بْنِ الأَشْرَفِ فَإِنَّهُ آذَى اللَّهَ وَرَسُولَهُ صلى الله عليه وسلم ‏\"‏‏.‏ فَقَالَ مُحَمَّدُ بْنُ مَسْلَمَةَ أَنَا‏.‏ فَأَتَاهُ فَقَالَ أَرَدْنَا أَنْ تُسْلِفَنَا وَسْقًا أَوْ وَسْقَيْنِ‏.‏ فَقَالَ ارْهَنُونِي نِسَاءَكُمْ‏.‏ قَالُوا كَيْفَ نَرْهَنُكَ نِسَاءَنَا، وَأَنْتَ أَجْمَلُ الْعَرَبِ قَالَ فَارْهَنُونِي أَبْنَاءَكُمْ‏.‏ قَالُوا كَيْفَ نَرْهَنُ أَبْنَاءَنَا فَيُسَبُّ أَحَدُهُمْ، فَيُقَالُ رُهِنَ بِوَسْقٍ أَوْ وَسْقَيْنِ هَذَا عَارٌ عَلَيْنَا وَلَكِنَّا نَرْهَنُكَ اللأْمَةَ ـ قَالَ سُفْيَانُ يَعْنِي السِّلاَحَ ـ فَوَعَدَهُ أَنْ يَأْتِيَهُ فَقَتَلُوهُ، ثُمَّ أَتَوُا النَّبِيَّ صلى الله عليه وسلم فَأَخْبَرُوهُ‏.‏",
        "ar_diacless": "حدثنا علي بن عبد الله، حدثنا سفيان، قال عمرو سمعت جابر بن عبد الله ـ رضى الله عنهما ـ يقول قال رسول الله صلى الله عليه وسلم ‏ \"‏ من لكعب بن الأشرف فإنه آذى الله ورسوله صلى الله عليه وسلم ‏\"‏‏.‏ فقال محمد بن مسلمة أنا‏.‏ فأتاه فقال أردنا أن تسلفنا وسقا أو وسقين‏.‏ فقال ارهنوني نساءكم‏.‏ قالوا كيف نرهنك نساءنا، وأنت أجمل العرب قال فارهنوني أبناءكم‏.‏ قالوا كيف نرهن أبناءنا فيسب أحدهم، فيقال رهن بوسق أو وسقين هذا عار علينا ولكنا نرهنك اللأمة ـ قال سفيان يعني السلاح ـ فوعده أن يأتيه فقتلوه، ثم أتوا النبي صلى الله عليه وسلم فأخبروه‏.‏",
        "note": "",
        "grade_id": 2,
        "grade": "সহিহ হাদিস",
        "grade_color": "#46B891"
      }
    ]
  },
  {
    "id": 1308,
    "book_id": 1,
    "book_name": "bukhari",
    "chapter_id": 48,
    "section_id": 4,
    "title": "বন্ধক রাখা জন্তুর উপর চড়া যায় এবং দুধ দোহন করা যায়।",
    "preface": "মুগীরা (রহঃ) ইবরাহীম (রহঃ) হতে বর্ণনা করেছেন, হারিয়ে যাওয়া প্রাণী যে পাবে সে তার ঘাসের (ও অন্যান্য প্রয়োজনীয়) খরচ পরিমাণ আরোহণ করতে পারবে এবং ঘাসের খরচ পরিমাণ দুধ দোহন করতে পারবে। বন্ধক প্রাণীর ব্যাপারটিও অনুরূপ।",
    "number": "৪৮/৪. অধ্যায়ঃ",
    "sort_order": 4,
    "hadiths": [
      {
        "id": 2354,
        "book_id": 1,
        "book_name": "সহিহ বুখারী",
        "chapter_id": 48,
        "section_id": 4,
        "hadith_key": "সহিহ বুখারী: ২৫১১",
        "hadith_id": 2511,
        "narrator": "আবূ হুরায়রা (রাঃ)",
        "bn": "নবী (সাল্লাল্লাহু ‘আলাইহি ওয়া সাল্লাম) বলেছেন, বন্ধকী প্রাণীর উপর তার খরচ পরিমাণ আরোহণ করা যাবে। তদ্রূপ দুধেল প্রাণী বন্ধক থকলে (খরচ পরমাণ) তার দুধ পান করা যাবে।",
        "ar": "حَدَّثَنَا أَبُو نُعَيْمٍ، حَدَّثَنَا زَكَرِيَّاءُ، عَنْ عَامِرٍ، عَنْ أَبِي هُرَيْرَةَ ـ رضى الله عنه ـ عَنِ النَّبِيِّ صلى الله عليه وسلم أَنَّهُ كَانَ يَقُولُ ‏ \"‏ الرَّهْنُ يُرْكَبُ بِنَفَقَتِهِ، وَيُشْرَبُ لَبَنُ الدَّرِّ إِذَا كَانَ مَرْهُونًا ‏\"‏‏.‏",
        "ar_diacless": "حدثنا أبو نعيم، حدثنا زكرياء، عن عامر، عن أبي هريرة ـ رضى الله عنه ـ عن النبي صلى الله عليه وسلم أنه كان يقول ‏ \"‏ الرهن يركب بنفقته، ويشرب لبن الدر إذا كان مرهونا ‏\"‏‏.‏",
        "note": "",
        "grade_id": 2,
        "grade": "সহিহ হাদিস",
        "grade_color": "#46B891"
      },
      {
        "id": 2355,
        "book_id": 1,
        "book_name": "সহিহ বুখারী",
        "chapter_id": 48,
        "section_id": 4,
        "hadith_key": "সহিহ বুখারী: ২৫১২",
        "hadith_id": 2512,
        "narrator": "আবূ হুরায়রা (রাঃ)",
        "bn": "রসূলুল্লাহ্‌ (সাল্লাল্লাহু ‘আলাইহি ওয়া সাল্লাম) বলেছেন, বাহনের পশু বন্ধক থাকলে তার খরচের পরিমাণে তাতে আরোহণ করা যাবে। তদ্রূপ দুধেল প্রাণী বন্ধক থাকলে তার খরচের পরিমাণে দুধ পান করা যাবে। (মোট কথা) আরোহণকারী এবং দুধ পানকারীকেই খরচ বহন করতে হবে।",
        "ar": "حَدَّثَنَا مُحَمَّدُ بْنُ مُقَاتِلٍ، أَخْبَرَنَا عَبْدُ اللَّهِ، أَخْبَرَنَا زَكَرِيَّاءُ، عَنِ الشَّعْبِيِّ، عَنْ أَبِي هُرَيْرَةَ ـ رضى الله عنه ـ قَالَ قَالَ رَسُولُ اللَّهِ صلى الله عليه وسلم‏.‏ ‏ \"‏ الرَّهْنُ يُرْكَبُ بِنَفَقَتِهِ إِذَا كَانَ مَرْهُونًا، وَلَبَنُ الدَّرِّ يُشْرَبُ بِنَفَقَتِهِ إِذَا كَانَ مَرْهُونًا، وَعَلَى الَّذِي يَرْكَبُ وَيَشْرَبُ النَّفَقَةُ ‏\"‏‏.‏",
        "ar_diacless": "حدثنا محمد بن مقاتل، أخبرنا عبد الله، أخبرنا زكرياء، عن الشعبي، عن أبي هريرة ـ رضى الله عنه ـ قال قال رسول الله صلى الله عليه وسلم‏.‏ ‏ \"‏ الرهن يركب بنفقته إذا كان مرهونا، ولبن الدر يشرب بنفقته إذا كان مرهونا، وعلى الذي يركب ويشرب النفقة ‏\"‏‏.‏",
        "note": "",
        "grade_id": 2,
        "grade": "সহিহ হাদিস",
        "grade_color": "#46B891"
      }
    ]
  },
  {
    "id": 1309,
    "book_id": 1,
    "book_name": "bukhari",
    "chapter_id": 48,
    "section_id": 5,
    "title": "ইয়াহূদী ও অন্যান্যদের (অমুসলিমের) নিকট বন্ধক রাখা।",
    "preface": "",
    "number": "৪৮/৫. অধ্যায়ঃ",
    "sort_order": 5,
    "hadiths": [
      {
        "id": 2356,
        "book_id": 1,
        "book_name": "সহিহ বুখারী",
        "chapter_id": 48,
        "section_id": 5,
        "hadith_key": "সহিহ বুখারী: ২৫১৩",
        "hadith_id": 2513,
        "narrator": "‘আয়িশা (রাঃ)",
        "bn": "তিনি বলেন, রসূলুল্লাহ্‌ (সাল্লাল্লাহু ‘আলাইহি ওয়া সাল্লাম) জনৈক ইয়াহুদী হতে কিছু খাদ্যদ্রব্য কিনেছিলেন এবং তার কাছে নিজের বর্ম বন্ধক রেখেছিলেন।",
        "ar": "حَدَّثَنَا قُتَيْبَةُ، حَدَّثَنَا جَرِيرٌ، عَنِ الأَعْمَشِ، عَنْ إِبْرَاهِيمَ، عَنِ الأَسْوَدِ، عَنْ عَائِشَةَ ـ رضى الله عنها ـ قَالَتِ اشْتَرَى رَسُولُ اللَّهِ صلى الله عليه وسلم مِنْ يَهُودِيٍّ طَعَامًا وَرَهَنَهُ دِرْعَهُ‏.‏",
        "ar_diacless": "حدثنا قتيبة، حدثنا جرير، عن الأعمش، عن إبراهيم، عن الأسود، عن عائشة ـ رضى الله عنها ـ قالت اشترى رسول الله صلى الله عليه وسلم من يهودي طعاما ورهنه درعه‏.‏",
        "note": "",
        "grade_id": 2,
        "grade": "সহিহ হাদিস",
        "grade_color": "#46B891"
      }
    ]
  },
  {
    "id": 1310,
    "book_id": 1,
    "book_name": "bukhari",
    "chapter_id": 48,
    "section_id": 6,
    "title": "বন্ধকদাতা ও বন্ধক গ্রহীতার মাঝে বিরোধ দেখা দিলে বা অনুরূপ কোন কিছু হলে বাদীর দায়িত্ব সাক্ষী পেশ করা আর বিবাদীর দায়িত্ব শপথ করা।",
    "preface": "",
    "number": "৪৮/৬. অধ্যায়ঃ",
    "sort_order": 6,
    "hadiths": [
      {
        "id": 2357,
        "book_id": 1,
        "book_name": "সহিহ বুখারী",
        "chapter_id": 48,
        "section_id": 6,
        "hadith_key": "সহিহ বুখারী: ২৫১৪",
        "hadith_id": 2514,
        "narrator": "ইবনু আবূ মুলাইকা",
        "bn": "তিনি বলেন, ইবনু ‘আব্বাস (রাঃ)-এর নিকট আমি (একবার বাদী বিবাদীর মতবিরোধ সম্পর্কে) লিখে পাঠালাম। তার জবাবে তিনি আমাকে লিখলেন, নবী (সাল্লাল্লাহু ‘আলাইহি ওয়া সাল্লাম) এই ফায়সালা দিয়েছেন যে, (বাদী সাক্ষী পেশ করতে ব্যর্থ হলে) কসম করা বিবাদীর কর্তব্য।",
        "ar": "حَدَّثَنَا خَلاَّدُ بْنُ يَحْيَى، حَدَّثَنَا نَافِعُ بْنُ عُمَرَ، عَنِ ابْنِ أَبِي مُلَيْكَةَ، قَالَ كَتَبْتُ إِلَى ابْنِ عَبَّاسٍ فَكَتَبَ إِلَىَّ أَنَّ النَّبِيَّ صلى الله عليه وسلم قَضَى أَنَّ الْيَمِينَ عَلَى الْمُدَّعَى عَلَيْهِ‏.‏",
        "ar_diacless": "حدثنا خلاد بن يحيى، حدثنا نافع بن عمر، عن ابن أبي مليكة، قال كتبت إلى ابن عباس فكتب إلى أن النبي صلى الله عليه وسلم قضى أن اليمين على المدعى عليه‏.‏",
        "note": "",
        "grade_id": 2,
        "grade": "সহিহ হাদিস",
        "grade_color": "#46B891"
      },
      {
        "id": 2358,
        "book_id": 1,
        "book_name": "সহিহ বুখারী",
        "chapter_id": 48,
        "section_id": 6,
        "hadith_key": "সহিহ বুখারী: ২৫১৫",
        "hadith_id": 2515,
        "narrator": "‘আবদুল্লাহ্‌ (ইবনু মাসঊদ) (রাঃ)",
        "bn": "তিনি বলেন, মিথ্যা কসম করে যে ব্যক্তি অর্থ-সম্পদ হস্তগত করে সে (কিয়ামতের দিন) আল্লাহর সাথে সাক্ষাৎ করবে এ অবস্থায় যে, আল্লাহ তার প্রতি রাগান্বিত থাকবেন। তারপর আল্লাহ তা‘আলা [নবী (সাল্লাল্লাহু ‘আলাইহি ওয়া সাল্লাম)-এর] উক্ত বাণী সমর্থন করে আয়াত নাযিল করলেন : “নিশ্চয়ই যারা আল্লাহর সাথে কৃত প্রতিশ্রুতি এবং নিজেদের প্রতিশ্রুতি তুচ্ছ মূল্যে বিক্রয় করে, তারা পরকালে কোন অংশ পাবে না আর কিয়ামত দিবসে আল্লাহ তাদের সাথে কথাও বলবেন না এবং তাদের প্রতি দৃষ্টিপাতও করবেন না এবং তাদেরকে পবিত্রও করবেন না, আর তাদের জন্য মর্মন্তুদ শাস্তি রয়েছে”- (আল ইমরান ৭৭)। (রাবী বলেন) পরে আশ‘আস ইবনু কায়স (রাঃ) আমাদের কাছে এসে জিজ্ঞেস করলেন, আবূ আবদুর রহমান (ইবনু মাসঊদ) তোমাদের কী হাদীস শুনালেন (রাবী বলেন), আমরা তাকে হাদীসটি শুনালে তিনি বললেন, তিনি নির্ভুল হাদীস শুনিয়েছেন। আমাকে কেন্দ্র করেই তো আয়াতটি নাযিল হয়েছিল। কুয়া (এর মালিকানা) নিয়ে আমার সাথে এক লোকের ঝগড়া চলছিল। পরে আমরা রসূলুল্লাহ্‌ (সাল্লাল্লাহু ‘আলাইহি ওয়া সাল্লাম)-এর খিদমতে বিরোধটি উত্থাপন করলাম। তখন রসূলুল্লাহ্‌ (সাল্লাল্লাহু ‘আলাইহি ওয়া সাল্লাম) (আমাকে) বললেন, তুমি দু’জন সাক্ষী উপস্থিত করবে, নতুবা সে হলফ করবে। আমি বললাম, তবে তো সে নির্দ্বিধায় হলফ করে বসবে। তখন রসূলুলাহ (সাল্লাল্লাহু ‘আলাইহি ওয়া সাল্লাম) বললেন, যে ব্যক্তি মিথ্যা হলফ করে অর্থ-সম্পদ হস্তগত করবে, সে (কিয়ামতের দিন) আল্লাহ্‌র সাথে সাক্ষাৎ করবে এ অবস্থায় যে, আল্লাহ তার প্রতি রাগান্বিত থাকবেন। তিনি (আশ‘আস) বলেন, তখন আল্লাহ তা‘আলা এর সমর্থনে আয়াত নাযিল করলেন। অতঃপর তিনি (আশ‘আস) এই আয়াত : (আরবী) তিলাওয়াত করলেন।",
        "ar": "حَدَّثَنَا قُتَيْبَةُ بْنُ سَعِيدٍ، حَدَّثَنَا جَرِيرٌ، عَنْ مَنْصُورٍ، عَنْ أَبِي وَائِلٍ، قَالَ قَالَ عَبْدُ اللَّهِ ـ رضى الله عنه مَنْ حَلَفَ عَلَى يَمِينٍ، يَسْتَحِقُّ بِهَا مَالاً وَهْوَ فِيهَا فَاجِرٌ، لَقِيَ اللَّهَ وَهْوَ عَلَيْهِ غَضْبَانُ، فَأَنْزَلَ اللَّهُ تَصْدِيقَ ذَلِكَ ‏{‏إِنَّ الَّذِينَ يَشْتَرُونَ بِعَهْدِ اللَّهِ وَأَيْمَانِهِمْ ثَمَنًا قَلِيلاً‏}‏ فَقَرَأَ إِلَى ‏{‏عَذَابٌ أَلِيمٌ‏}‏‏.‏ثُمَّ إِنَّ الأَشْعَثَ بْنَ قَيْسٍ خَرَجَ إِلَيْنَا فَقَالَ مَا يُحَدِّثُكُمْ أَبُو عَبْدِ الرَّحْمَنِ قَالَ فَحَدَّثْنَاهُ قَالَ فَقَالَ صَدَقَ لَفِيَّ وَاللَّهِ أُنْزِلَتْ، كَانَتْ بَيْنِي وَبَيْنَ رَجُلٍ خُصُومَةٌ فِي بِئْرٍ فَاخْتَصَمْنَا إِلَى رَسُولِ اللَّهِ صلى الله عليه وسلم فَقَالَ رَسُولُ اللَّهِ صلى الله عليه وسلم ‏\"‏ شَاهِدُكَ أَوْ يَمِينُهُ ‏\"‏‏.‏ قُلْتُ إِنَّهُ إِذًا يَحْلِفُ وَلاَ يُبَالِي‏.‏ فَقَالَ رَسُولُ اللَّهِ صلى الله عليه وسلم ‏\"‏ مَنْ حَلَفَ عَلَى يَمِينٍ يَسْتَحِقُّ بِهَا مَالاً هُوَ فِيهَا فَاجِرٌ، لَقِيَ اللَّهَ وَهْوَ عَلَيْهِ غَضْبَانُ ‏\"‏‏.‏ فَأَنْزَلَ اللَّهُ تَصْدِيقَ ذَلِكَ، ثُمَّ اقْتَرَأَ هَذِهِ الآيَةَ ‏{‏إِنَّ الَّذِينَ يَشْتَرُونَ بِعَهْدِ اللَّهِ وَأَيْمَانِهِمْ ثَمَنًا قَلِيلاً‏}‏ إِلَى ‏{‏وَلَهُمْ عَذَابٌ أَلِيمٌ‏}‏‏.‏",
        "ar_diacless": "حدثنا قتيبة بن سعيد، حدثنا جرير، عن منصور، عن أبي وائل، قال قال عبد الله ـ رضى الله عنه من حلف على يمين، يستحق بها مالا وهو فيها فاجر، لقي الله وهو عليه غضبان، فأنزل الله تصديق ذلك ‏{‏إن الذين يشترون بعهد الله وأيمانهم ثمنا قليلا‏}‏ فقرأ إلى ‏{‏عذاب أليم‏}‏‏.‏ثم إن الأشعث بن قيس خرج إلينا فقال ما يحدثكم أبو عبد الرحمن قال فحدثناه قال فقال صدق لفي والله أنزلت، كانت بيني وبين رجل خصومة في بئر فاختصمنا إلى رسول الله صلى الله عليه وسلم فقال رسول الله صلى الله عليه وسلم ‏\"‏ شاهدك أو يمينه ‏\"‏‏.‏ قلت إنه إذا يحلف ولا يبالي‏.‏ فقال رسول الله صلى الله عليه وسلم ‏\"‏ من حلف على يمين يستحق بها مالا هو فيها فاجر، لقي الله وهو عليه غضبان ‏\"‏‏.‏ فأنزل الله تصديق ذلك، ثم اقترأ هذه الآية ‏{‏إن الذين يشترون بعهد الله وأيمانهم ثمنا قليلا‏}‏ إلى ‏{‏ولهم عذاب أليم‏}‏‏.‏",
        "note": "",
        "grade_id": 2,
        "grade": "সহিহ হাদিস",
        "grade_color": "#46B891"
      },
      {
        "id": 28638,
        "book_id": 1,
        "book_name": "সহিহ বুখারী",
        "chapter_id": 48,
        "section_id": 6,
        "hadith_key": "সহিহ বুখারী: ২৫১৬",
        "hadith_id": 2516,
        "narrator": "‘আবদুল্লাহ্‌ ইবনু মাসঊদ (রাঃ)",
        "bn": "তিনি বলেন, মিথ্যা কসম করে যে ব্যক্তি অর্থ-সম্পদ হস্তগত করে সে (কিয়ামতের দিন) আল্লাহর সাথে সাক্ষাৎ করবে এ অবস্থায় যে, আল্লাহ তার প্রতি রাগান্বিত থাকবেন। তারপর আল্লাহ তা‘আলা [নবী (সাল্লাল্লাহু ‘আলাইহি ওয়া সাল্লাম)-এর] উক্ত বাণী সমর্থন করে আয়াত নাযিল করলেন : “নিশ্চয়ই যারা আল্লাহর সাথে কৃত প্রতিশ্রুতি এবং নিজেদের প্রতিশ্রুতি তুচ্ছ মূল্যে বিক্রয় করে, তারা পরকালে কোন অংশ পাবে না আর কিয়ামত দিবসে আল্লাহ তাদের সাথে কথাও বলবেন না এবং তাদের প্রতি দৃষ্টিপাতও করবেন না এবং তাদেরকে পবিত্রও করবেন না, আর তাদের জন্য মর্মন্তুদ শাস্তি রয়েছে”- (আল ইমরান ৭৭)। (রাবী বলেন) পরে আশ‘আস ইবনু কায়স (রাঃ) আমাদের কাছে এসে জিজ্ঞেস করলেন, আবূ আবদুর রহমান (ইবনু মাসঊদ) তোমাদের কী হাদীস শুনালেন (রাবী বলেন), আমরা তাকে হাদীসটি শুনালে তিনি বললেন, তিনি নির্ভুল হাদীস শুনিয়েছেন। আমাকে কেন্দ্র করেই তো আয়াতটি নাযিল হয়েছিল। কুয়া (এর মালিকানা) নিয়ে আমার সাথে এক লোকের ঝগড়া চলছিল। পরে আমরা রসূলুল্লাহ্‌ (সাল্লাল্লাহু ‘আলাইহি ওয়া সাল্লাম)-এর খিদমতে বিরোধটি উত্থাপন করলাম। তখন রসূলুল্লাহ্‌ (সাল্লাল্লাহু ‘আলাইহি ওয়া সাল্লাম) (আমাকে) বললেন, তুমি দু’জন সাক্ষী উপস্থিত করবে, নতুবা সে হলফ করবে। আমি বললাম, তবে তো সে নির্দ্বিধায় হলফ করে বসবে। তখন রসূলুলাহ (সাল্লাল্লাহু ‘আলাইহি ওয়া সাল্লাম) বললেন, যে ব্যক্তি মিথ্যা হলফ করে অর্থ-সম্পদ হস্তগত করবে, সে (কিয়ামতের দিন) আল্লাহ্‌র সাথে সাক্ষাৎ করবে এ অবস্থায় যে, আল্লাহ তার প্রতি রাগান্বিত থাকবেন। তিনি (আশ‘আস) বলেন, তখন আল্লাহ তা‘আলা এর সমর্থনে আয়াত নাযিল করলেন। অতঃপর তিনি (আশ‘আস) এই আয়াত : (আরবী) তিলাওয়াত করলেন।",
        "ar": "حَدَّثَنَا قُتَيْبَةُ بْنُ سَعِيدٍ حَدَّثَنَا جَرِيرٌ عَنْ مَنْصُورٍ عَنْ أَبِي وَائِلٍ قَالَ قَالَ عَبْدُ اللهِ مَنْ حَلَفَ عَلَى يَمِينٍ يَسْتَحِقُّ بِهَا مَالاً وَهُوَ فِيهَا فَاجِرٌ لَقِيَ اللهَ وَهُوَ عَلَيْهِ غَضْبَانُ فَأَنْزَلَ اللهُ تَصْدِيقَ ذَلِكَ {إِنَّ الَّذِينَ يَشْتَرُونَ بِعَهْدِ اللهِ وَأَيْمَانِهِمْ ثَمَنًا قَلِيلاً فَقَرَأَ إِلَى عَذَابٌ أَلِيمٌ} ثُمَّ إِنَّ الأَشْعَثَ بْنَ قَيْسٍ خَرَجَ إِلَيْنَا فَقَالَ مَا يُحَدِّثُكُمْ أَبُو عَبْدِ الرَّحْمٰنِ قَالَ فَحَدَّثْنَاهُ قَالَ فَقَالَ صَدَقَ لَفِيَّ وَاللهِ أُنْزِلَتْ كَانَتْ بَيْنِي وَبَيْنَ رَجُلٍ خُصُومَةٌ فِي بِئْرٍ فَاخْتَصَمْنَا إِلَى رَسُولِ اللهِ فَقَالَ رَسُولُ اللهِ صلى الله عليه وسلم شَاهِدَاكَ أَوْ يَمِينُهُ قُلْتُ إِنَّهُ إِذًا يَحْلِفُ وَلاَ يُبَالِي فَقَالَ رَسُولُ اللهِ صلى الله عليه وسلم مَنْ حَلَفَ عَلَى يَمِينٍ يَسْتَحِقُّ بِهَا مَالاً وَهُوَ فِيهَا فَاجِرٌ لَقِيَ اللهَ وَهُوَ عَلَيْهِ غَضْبَانُ فَأَنْزَلَ اللهُ تَصْدِيقَ ذَلِكَ ثُمَّ اقْتَرَأَ هَذِهِ الآيَةَ {إِنَّ الَّذِينَ يَشْتَرُونَ بِعَهْدِ اللهِ وَأَيْمَانِهِمْ ثَمَنًا قَلِيلاً} إِلَى {وَلَهُمْ عَذَابٌ أَلِيمٌ}",
        "ar_diacless": "حدثنا قتيبة بن سعيد حدثنا جرير عن منصور عن أبي وائل قال قال عبد الله من حلف على يمين يستحق بها مالا وهو فيها فاجر لقي الله وهو عليه غضبان فأنزل الله تصديق ذلك {إن الذين يشترون بعهد الله وأيمانهم ثمنا قليلا فقرأ إلى عذاب أليم} ثم إن الأشعث بن قيس خرج إلينا فقال ما يحدثكم أبو عبد الرحمٰن قال فحدثناه قال فقال صدق لفي والله أنزلت كانت بيني وبين رجل خصومة في بئر فاختصمنا إلى رسول الله فقال رسول الله صلى الله عليه وسلم شاهداك أو يمينه قلت إنه إذا يحلف ولا يبالي فقال رسول الله صلى الله عليه وسلم من حلف على يمين يستحق بها مالا وهو فيها فاجر لقي الله وهو عليه غضبان فأنزل الله تصديق ذلك ثم اقترأ هذه الآية {إن الذين يشترون بعهد الله وأيمانهم ثمنا قليلا} إلى {ولهم عذاب أليم}",
        "note": "",
        "grade_id": 2,
        "grade": "সহিহ হাদিস",
        "grade_color": "#46B891"
      }
    ]
  }
]