[
  {
    "id": 640,
    "book_id": 1,
    "book_name": "bukhari",
    "chapter_id": 22,
    "section_id": 1,
    "title": "ফর্‌জ সালাতে দু’রাক‘আতের পর দাঁড়িয়ে গেলে সিজদা‌য়ে সাহ্উ প্রসঙ্গে।",
    "preface": "",
    "number": "২২/১. অধ্যায়ঃ",
    "sort_order": 1,
    "hadiths": [
      {
        "id": 1307,
        "book_id": 1,
        "book_name": "সহিহ বুখারী",
        "chapter_id": 22,
        "section_id": 1,
        "hadith_key": "সহিহ বুখারী: ১২২৪",
        "hadith_id": 1224,
        "narrator": "‘আবদুল্লাহ্‌‌ ইব্‌নু বুহায়নাহ্‌ (রাঃ)",
        "bn": "তিনি বলেন, কোন এক সালাতে আল্লাহ্‌র রাসূল (সাল্লাল্লাহু ‘আলাইহি ওয়া সাল্লাম) দু’রাক‘আত আদায় করে না বসে দাঁড়িয়ে গেলেন। মুসল্লীগণ তাঁর সঙ্গে দাঁড়িয়ে গেলেন। যখন তাঁর সালাত সমাপ্ত করার সময় হলো এবং আমরা তাঁর সালাম ফিরানোর অপেক্ষা করছিলাম, তখন তিনি সালাম ফিরানোর পূর্বে তাক্‌বীর বলে বসে বসেই দু’টি সিজদা‌ করলেন। অতঃপর সালাম ফিরালেন।",
        "ar": "حَدَّثَنَا عَبْدُ اللَّهِ بْنُ يُوسُفَ، أَخْبَرَنَا مَالِكُ بْنُ أَنَسٍ، عَنِ ابْنِ شِهَابٍ، عَنْ عَبْدِ الرَّحْمَنِ الأَعْرَجِ، عَنْ عَبْدِ اللَّهِ ابْنِ بُحَيْنَةَ ـ رضى الله عنه ـ أَنَّهُ قَالَ صَلَّى لَنَا رَسُولُ اللَّهِ صلى الله عليه وسلم رَكْعَتَيْنِ مِنْ بَعْضِ الصَّلَوَاتِ ثُمَّ قَامَ فَلَمْ يَجْلِسْ، فَقَامَ النَّاسُ مَعَهُ، فَلَمَّا قَضَى صَلاَتَهُ وَنَظَرْنَا تَسْلِيمَهُ كَبَّرَ قَبْلَ التَّسْلِيمِ فَسَجَدَ سَجْدَتَيْنِ وَهُوَ جَالِسٌ ثُمَّ سَلَّمَ",
        "ar_diacless": "حدثنا عبد الله بن يوسف، أخبرنا مالك بن أنس، عن ابن شهاب، عن عبد الرحمن الأعرج، عن عبد الله ابن بحينة ـ رضى الله عنه ـ أنه قال صلى لنا رسول الله صلى الله عليه وسلم ركعتين من بعض الصلوات ثم قام فلم يجلس، فقام الناس معه، فلما قضى صلاته ونظرنا تسليمه كبر قبل التسليم فسجد سجدتين وهو جالس ثم سلم",
        "note": "",
        "grade_id": 2,
        "grade": "সহিহ হাদিস",
        "grade_color": "#46B891"
      },
      {
        "id": 1306,
        "book_id": 1,
        "book_name": "সহিহ বুখারী",
        "chapter_id": 22,
        "section_id": 1,
        "hadith_key": "সহিহ বুখারী: ১২২৫",
        "hadith_id": 1225,
        "narrator": "আবদুল্লাহ্‌‌ ইব্‌নু বুহাইনাহ (রাঃ)",
        "bn": "তিনি বলেন, আল্লাহ্‌র রাসূল (সাল্লাল্লাহু ‘আলাইহি ওয়া সাল্লাম) যুহ্‌রের দু’রাক‘আত আদায় করে দাঁড়িয়ে গেলেন। দু’রাক‘আতের পর তিনি বসলেন না। সালাত শেষ হয়ে গেলে তিনি দু’টি সিজদা করলেন এবং অতঃপর সালাম ফিরালেন।",
        "ar": "حَدَّثَنَا عَبْدُ اللَّهِ بْنُ يُوسُفَ، أَخْبَرَنَا مَالِكٌ، عَنْ يَحْيَى بْنِ سَعِيدٍ، عَنْ عَبْدِ الرَّحْمَنِ الأَعْرَجِ، عَنْ عَبْدِ اللَّهِ ابْنِ بُحَيْنَةَ ـ رضى الله عنه ـ أَنَّهُ قَالَ إِنَّ رَسُولَ اللَّهِ صلى الله عليه وسلم قَامَ مِنِ اثْنَتَيْنِ مِنَ الظُّهْرِ لَمْ يَجْلِسْ بَيْنَهُمَا، فَلَمَّا قَضَى صَلاَتَهُ سَجَدَ سَجْدَتَيْنِ ثُمَّ سَلَّمَ بَعْدَ ذَلِكَ‏.‏",
        "ar_diacless": "حدثنا عبد الله بن يوسف، أخبرنا مالك، عن يحيى بن سعيد، عن عبد الرحمن الأعرج، عن عبد الله ابن بحينة ـ رضى الله عنه ـ أنه قال إن رسول الله صلى الله عليه وسلم قام من اثنتين من الظهر لم يجلس بينهما، فلما قضى صلاته سجد سجدتين ثم سلم بعد ذلك‏.‏",
        "note": "",
        "grade_id": 2,
        "grade": "সহিহ হাদিস",
        "grade_color": "#46B891"
      }
    ]
  },
  {
    "id": 641,
    "book_id": 1,
    "book_name": "bukhari",
    "chapter_id": 22,
    "section_id": 2,
    "title": "ভুল বশতঃ সালাত পাঁচ রাক‘আত আদায় করলে।",
    "preface": "",
    "number": "২২/২. অধ্যায়ঃ",
    "sort_order": 2,
    "hadiths": [
      {
        "id": 1308,
        "book_id": 1,
        "book_name": "সহিহ বুখারী",
        "chapter_id": 22,
        "section_id": 2,
        "hadith_key": "সহিহ বুখারী: ১২২৬",
        "hadith_id": 1226,
        "narrator": "‘আবদুল্লাহ্‌‌ (রাঃ)",
        "bn": "আল্লাহ্‌র রাসূল (সাল্লাল্লাহু ‘আলাইহি ওয়া সাল্লাম) যুহ্‌রের সালাত পাঁচ রাক‘আত আদায় করলেন। তাঁকে জিজ্ঞেস করা হল, সালাত কি বৃদ্ধি করা হয়েছে? তিনি বললেন, এ প্রশ্ন কেন? (প্রশ্নকারী) বললেন, আপনি তো পাঁচ রাক‘আত সালাত আদায় করেছেন। অতএব তিনি সালাম ফিরানোর পর দু’টি সিজদা‌ করলেন।",
        "ar": "حَدَّثَنَا أَبُو الْوَلِيدِ، حَدَّثَنَا شُعْبَةُ، عَنِ الْحَكَمِ، عَنْ إِبْرَاهِيمَ، عَنْ عَلْقَمَةَ، عَنْ عَبْدِ اللَّهِ ـ رضى الله عنه ـ أَنَّ رَسُولَ اللَّهِ صلى الله عليه وسلم صَلَّى الظُّهْرَ خَمْسًا فَقِيلَ لَهُ أَزِيدَ فِي الصَّلاَةِ فَقَالَ ‏ \"‏ وَمَا ذَاكَ ‏\"‏‏.‏ قَالَ صَلَّيْتَ خَمْسًا‏.‏ فَسَجَدَ سَجْدَتَيْنِ بَعْدَ مَا سَلَّمَ‏.‏",
        "ar_diacless": "حدثنا أبو الوليد، حدثنا شعبة، عن الحكم، عن إبراهيم، عن علقمة، عن عبد الله ـ رضى الله عنه ـ أن رسول الله صلى الله عليه وسلم صلى الظهر خمسا فقيل له أزيد في الصلاة فقال ‏ \"‏ وما ذاك ‏\"‏‏.‏ قال صليت خمسا‏.‏ فسجد سجدتين بعد ما سلم‏.‏",
        "note": "",
        "grade_id": 2,
        "grade": "সহিহ হাদিস",
        "grade_color": "#46B891"
      }
    ]
  },
  {
    "id": 642,
    "book_id": 1,
    "book_name": "bukhari",
    "chapter_id": 22,
    "section_id": 3,
    "title": "দ্বিতীয় বা তৃতীয় রাক‘আতে সালাম ফিরিয়ে নিলে সালাতের সিজদা‌র মত বা তার চেয়ে দীর্ঘ দু’টি সিজদা করা।",
    "preface": "",
    "number": "২২/৩. অধ্যায়ঃ",
    "sort_order": 3,
    "hadiths": [
      {
        "id": 1309,
        "book_id": 1,
        "book_name": "সহিহ বুখারী",
        "chapter_id": 22,
        "section_id": 3,
        "hadith_key": "সহিহ বুখারী: ১২২৭",
        "hadith_id": 1227,
        "narrator": "আবূ  হুরায়রা (রাঃ)",
        "bn": "তিনি বলেন, নবী (সাল্লাল্লাহু ‘আলাইহি ওয়া সাল্লাম) আমাদের নিয়ে যুহর বা আসরের সালাত আদায় করলেন এবং সালাম ফিরালেন। তখন যুল-ইয়াদাইন (রাঃ) তাঁকে জিজ্ঞেস করলেন, ইয়া আল্লাহ্‌র রাসূল! সালাত কি কম হয়ে গেল? নবী (সাল্লাল্লাহু ‘আলাইহি ওয়া সাল্লাম) তাঁর সাহাবীগণকে জিজ্ঞেস করলেন, সে যা বলছে, তা কি ঠিক? তাঁরা বললেন,‌ হাঁ। তখন তিনি আরও দু’রাক‘আত সালাত আদায় করলেন। পরে দু’টি সিজদা‌  করলেন। সা‘দ (রহঃ) বলেন, আমি ‘উরওয়াহ ইব্‌নু যুবায়র (রহঃ)-কে দেখেছি, তিনি মাগরিবের দু’রাক‘আত সালাত আদায় করে সালাম ফিরালেন এবং কথা বললেন। পরে অবশিষ্ট সালাত আদায় করে দু’টি সিজদা করলেন এবং বললেন, নবী (সাল্লাল্লাহু ‘আলাইহি ওয়া সাল্লাম) এ রকম করেছেন।",
        "ar": "حَدَّثَنَا آدَمُ، حَدَّثَنَا شُعْبَةُ، عَنْ سَعْدِ بْنِ إِبْرَاهِيمَ، عَنْ أَبِي سَلَمَةَ، عَنْ أَبِي هُرَيْرَةَ ـ رضى الله عنه ـ قَالَ صَلَّى بِنَا النَّبِيُّ صلى الله عليه وسلم الظُّهْرَ أَوِ الْعَصْرَ فَسَلَّمَ، فَقَالَ لَهُ ذُو الْيَدَيْنِ الصَّلاَةُ يَا رَسُولَ اللَّهَ أَنَقَصَتْ فَقَالَ النَّبِيُّ صلى الله عليه وسلم لأَصْحَابِهِ ‏ \"‏ أَحَقٌّ مَا يَقُولُ ‏\"‏‏.‏ قَالُوا نَعَمْ‏.‏ فَصَلَّى رَكْعَتَيْنِ أُخْرَيَيْنِ ثُمَّ سَجَدَ سَجْدَتَيْنِ‏.‏ قَالَ سَعْدٌ وَرَأَيْتُ عُرْوَةَ بْنَ الزُّبَيْرِ صَلَّى مِنَ الْمَغْرِبِ رَكْعَتَيْنِ فَسَلَّمَ وَتَكَلَّمَ ثُمَّ صَلَّى مَا بَقِيَ وَسَجَدَ سَجْدَتَيْنِ وَقَالَ هَكَذَا فَعَلَ النَّبِيُّ صلى الله عليه وسلم‏.‏",
        "ar_diacless": "حدثنا آدم، حدثنا شعبة، عن سعد بن إبراهيم، عن أبي سلمة، عن أبي هريرة ـ رضى الله عنه ـ قال صلى بنا النبي صلى الله عليه وسلم الظهر أو العصر فسلم، فقال له ذو اليدين الصلاة يا رسول الله أنقصت فقال النبي صلى الله عليه وسلم لأصحابه ‏ \"‏ أحق ما يقول ‏\"‏‏.‏ قالوا نعم‏.‏ فصلى ركعتين أخريين ثم سجد سجدتين‏.‏ قال سعد ورأيت عروة بن الزبير صلى من المغرب ركعتين فسلم وتكلم ثم صلى ما بقي وسجد سجدتين وقال هكذا فعل النبي صلى الله عليه وسلم‏.‏",
        "note": "",
        "grade_id": 2,
        "grade": "সহিহ হাদিস",
        "grade_color": "#46B891"
      }
    ]
  },
  {
    "id": 643,
    "book_id": 1,
    "book_name": "bukhari",
    "chapter_id": 22,
    "section_id": 4,
    "title": "সিজদা সাহ্উর পর তাশাহ্‌হুদ না পড়লে।",
    "preface": "আনাস (রাঃ) ও হাসান (বাসরী) (রহঃ) সালাম ফিরিয়েছেন। কিন্তু তাশাহ্হুদ পড়েননি। কাতাদা্ (রহঃ) বলেছেন, তাশাহ্‌হুদ পড়বে না।",
    "number": "২২/৪. অধ্যায়ঃ",
    "sort_order": 4,
    "hadiths": [
      {
        "id": 1311,
        "book_id": 1,
        "book_name": "সহিহ বুখারী",
        "chapter_id": 22,
        "section_id": 4,
        "hadith_key": "সহিহ বুখারী: ১২২৮",
        "hadith_id": 1228,
        "narrator": "আবূ হুরায়রা (রাঃ)",
        "bn": "আল্লাহ্‌র রাসূল (সাল্লাল্লাহু ‘আলাইহি ওয়া সাল্লাম) দু’রাক‘আত আদায় করে সালাত শেষ করলেন। যুল-ইয়াদাইন (রাঃ) তাঁকে জিজ্ঞেস করলেন, হে আল্লাহ্‌র রাসূল! সালাত কি কম করে দেয়া হয়েছে, না কি আপনি ভুলে গেছেন? আল্লাহ্‌র রাসূল (সাল্লাল্লাহু ‘আলাইহি ওয়া সাল্লাম) জিজ্ঞেস করলেন, যুল-ইয়াদাইন কি সত্য বলেছে? মুসল্লীগণ বললেন, হাঁ। তখন আল্লাহ্‌র রাসূল (সাল্লাল্লাহু ‘আলাইহি ওয়া সাল্লাম) দাঁড়িয়ে আরও দু’রাক‘আত সালাত আদায় করলেন। অতঃপর তিনি সালাম ফিরালেন এবং তাক্‌বীর বললেন, পরে সিজদা করলেন, স্বাভাবিক সিজদা মতো বা তার চেয়ে দীর্ঘ। অতঃপর তিনি মাথা তুললেন। (৪৮২) (আ.প্র. ১১৪৮, ই.ফা. ১১৫৫)\n\n-----------------------\n\n১২২৮/১. সালামা ইব্‌নু ‘আলক্বামাহ (রহঃ) হতে বর্ণিত। তিনি বলেন, আমি মুহাম্মাদ (ইব্‌নু সীরীন) (রহঃ)-কে জিজ্ঞেস করলাম, সিজদা সাহ্উর পর তাশাহুদ আছে কি? তিনি  বললেন, আবূ  হুরায়রা (রাঃ)-এর হাদীসে তা নেই। (আ.প্র. ১১৪৯, ই.ফা. ১১৫৬)",
        "ar": "حَدَّثَنَا عَبْدُ اللَّهِ بْنُ يُوسُفَ، أَخْبَرَنَا مَالِكُ بْنُ أَنَسٍ، عَنْ أَيُّوبَ بْنِ أَبِي تَمِيمَةَ السَّخْتِيَانِيِّ، عَنْ مُحَمَّدِ بْنِ سِيرِينَ، عَنْ أَبِي هُرَيْرَةَ ـ رضى الله عنه ـ‏.‏ أَنَّ رَسُولَ اللَّهِ صلى الله عليه وسلم انْصَرَفَ مِنِ اثْنَتَيْنِ فَقَالَ لَهُ ذُو الْيَدَيْنِ أَقُصِرَتِ الصَّلاَةُ أَمْ نَسِيتَ يَا رَسُولَ اللَّهِ فَقَالَ رَسُولُ اللَّهِ صلى الله عليه وسلم ‏ \"‏ أَصَدَقَ ذُو الْيَدَيْنِ ‏\"‏‏.‏ فَقَالَ النَّاسُ نَعَمْ‏.‏ فَقَامَ رَسُولُ اللَّهِ صلى الله عليه وسلم فَصَلَّى اثْنَتَيْنِ أُخْرَيَيْنِ ثُمَّ سَلَّمَ ثُمَّ كَبَّرَ فَسَجَدَ مِثْلَ سُجُودِهِ أَوْ أَطْوَلَ ثُمَّ رَفَعَ‏.‏",
        "ar_diacless": "حدثنا عبد الله بن يوسف، أخبرنا مالك بن أنس، عن أيوب بن أبي تميمة السختياني، عن محمد بن سيرين، عن أبي هريرة ـ رضى الله عنه ـ‏.‏ أن رسول الله صلى الله عليه وسلم انصرف من اثنتين فقال له ذو اليدين أقصرت الصلاة أم نسيت يا رسول الله فقال رسول الله صلى الله عليه وسلم ‏ \"‏ أصدق ذو اليدين ‏\"‏‏.‏ فقال الناس نعم‏.‏ فقام رسول الله صلى الله عليه وسلم فصلى اثنتين أخريين ثم سلم ثم كبر فسجد مثل سجوده أو أطول ثم رفع‏.‏",
        "note": "",
        "grade_id": 2,
        "grade": "সহিহ হাদিস",
        "grade_color": "#46B891"
      }
    ]
  },
  {
    "id": 644,
    "book_id": 1,
    "book_name": "bukhari",
    "chapter_id": 22,
    "section_id": 5,
    "title": "সিজদায়ে সাহ্উতে তাক্‌বীর বলা।",
    "preface": "",
    "number": "২২/৫. অধ্যায়ঃ",
    "sort_order": 5,
    "hadiths": [
      {
        "id": 1313,
        "book_id": 1,
        "book_name": "সহিহ বুখারী",
        "chapter_id": 22,
        "section_id": 5,
        "hadith_key": "সহিহ বুখারী: ১২২৯",
        "hadith_id": 1229,
        "narrator": "আবূ  হুরায়রা (রাঃ)",
        "bn": "তিনি বলেন, নবী (সাল্লাল্লাহু ‘আলাইহি ওয়া সাল্লাম) বিকালের কোন এক সালাত দু’রাক‘আত আদায় করে সালাম ফিরালেন। মুহাম্মাদ (রহঃ) বলেন, আমার প্রবল ধারণা, তা ছিল আসরের সালাত। অতপর মসজিদের একটি কাষ্ঠ খণ্ডের নিকট গিয়ে দাঁড়ালেন এবং তার উপর হাত রাখলেন। মুসল্লীগণের ভিতরে সামনের দিকে আবূ বকর (রাঃ) ও ‘উমর (রাঃ) ও ছিলেন। তাঁরা উভয়ে তাঁর সাথে কথা বলতে ভয় পাচ্ছিলেন। তাড়াহুড়াকারী মুসল্লীগণ বেরিয়ে পড়লেন। তাঁরা বলাবলি করেত লাগলেন, সালাত কি কমিয়ে দেয়া হয়েছে? কিন্তু এক ব্যক্তি, যাঁকে নবী (সাল্লাল্লাহু ‘আলাইহি ওয়া সাল্লাম) যূল-ইয়াদাইন বলে ডাকতেন, জিজ্ঞেস করল আপনি কি ভুলে গেছেন, না কি সালাত কমিয়ে দেয়া হয়েছে? তিনি বললেনঃ আমি ভুলিনি আর সালাতও কম করা হয়নি। তখন তাকে বলা হল যে, আপনি ভুলে গেছেন। তখন তিনি দু’রাক‘আত সালাত আদায় করে সালাম ফিরালেন। অতঃপর তাক্‌বীর বলে সিজদা করলেন, স্বাভাবিক সিজদার ন্যায় বা তার চেয়ে দীর্ঘ। অতঃপর মাথা উঠিয়ে আবার তাক্‌বীর বলে মাথা রাখলেন অর্থাৎ তাক্‌বীর বলে সিজদায় গিয়ে স্বাভাবিক সিজদার মত অথবা তার চেয়ে দীর্ঘ সিজদা করলেন। অতঃপর মাথা উঠিয়ে তাক্‌বীর বললেন।",
        "ar": "حَدَّثَنَا حَفْصُ بْنُ عُمَرَ، حَدَّثَنَا يَزِيدُ بْنُ إِبْرَاهِيمَ، عَنْ مُحَمَّدٍ، عَنْ أَبِي هُرَيْرَةَ ـ رضى الله عنه ـ قَالَ صَلَّى النَّبِيُّ صلى الله عليه وسلم إِحْدَى صَلاَتَىِ الْعَشِيِّ ـ قَالَ مُحَمَّدٌ وَأَكْثَرُ ظَنِّي الْعَصْرَ ـ رَكْعَتَيْنِ ثُمَّ سَلَّمَ ثُمَّ قَامَ إِلَى خَشَبَةٍ فِي مُقَدَّمِ الْمَسْجِدِ فَوَضَعَ يَدَهُ عَلَيْهَا وَفِيهِمْ أَبُو بَكْرٍ وَعُمَرُ ـ رضى الله عنهما ـ فَهَابَا أَنْ يُكَلِّمَاهُ وَخَرَجَ سَرَعَانُ النَّاسِ فَقَالُوا أَقَصُرَتِ الصَّلاَةُ وَرَجُلٌ يَدْعُوهُ النَّبِيُّ صلى الله عليه وسلم ذُو الْيَدَيْنِ فَقَالَ أَنَسِيتَ أَمْ قَصُرَتْ فَقَالَ ‏ \"‏ لَمْ أَنْسَ وَلَمْ تُقْصَرْ ‏\"‏‏.‏ قَالَ بَلَى قَدْ نَسِيتَ‏.‏ فَصَلَّى رَكْعَتَيْنِ ثُمَّ سَلَّمَ ثُمَّ كَبَّرَ فَسَجَدَ مِثْلَ سُجُودِهِ أَوْ أَطْوَلَ، ثُمَّ رَفَعَ رَأْسَهُ فَكَبَّرَ، ثُمَّ وَضَعَ رَأْسَهُ فَكَبَّرَ فَسَجَدَ مِثْلَ سُجُودِهِ أَوْ أَطْوَلَ، ثُمَّ رَفَعَ رَأْسَهُ وَكَبَّرَ‏.‏",
        "ar_diacless": "حدثنا حفص بن عمر، حدثنا يزيد بن إبراهيم، عن محمد، عن أبي هريرة ـ رضى الله عنه ـ قال صلى النبي صلى الله عليه وسلم إحدى صلاتى العشي ـ قال محمد وأكثر ظني العصر ـ ركعتين ثم سلم ثم قام إلى خشبة في مقدم المسجد فوضع يده عليها وفيهم أبو بكر وعمر ـ رضى الله عنهما ـ فهابا أن يكلماه وخرج سرعان الناس فقالوا أقصرت الصلاة ورجل يدعوه النبي صلى الله عليه وسلم ذو اليدين فقال أنسيت أم قصرت فقال ‏ \"‏ لم أنس ولم تقصر ‏\"‏‏.‏ قال بلى قد نسيت‏.‏ فصلى ركعتين ثم سلم ثم كبر فسجد مثل سجوده أو أطول، ثم رفع رأسه فكبر، ثم وضع رأسه فكبر فسجد مثل سجوده أو أطول، ثم رفع رأسه وكبر‏.‏",
        "note": "",
        "grade_id": 2,
        "grade": "সহিহ হাদিস",
        "grade_color": "#46B891"
      },
      {
        "id": 1312,
        "book_id": 1,
        "book_name": "সহিহ বুখারী",
        "chapter_id": 22,
        "section_id": 5,
        "hadith_key": "সহিহ বুখারী: ১২৩০",
        "hadith_id": 1230,
        "narrator": "‘আবদুল্লাহ্‌‌ ইব্‌নু বুহাইনাহ আসাদী (রাঃ)",
        "bn": "যিনি বানূ ‘আবদুল মুত্তালিবের সঙ্গে মৈত্রী চুক্তিবদ্ধ ছিলেন তাঁর হতে বর্ণিত। আল্লাহ্‌র রাসূল (সাল্লাল্লাহু ‘আলাইহি ওয়া সাল্লাম) যুহ্‌রের সালাতে (দু’রাক‘আত আদায় করার পর) না বসে দাঁড়িয়ে গেলেন। সালাত পূর্ণ করার পর সালাম ফিরাবার পূর্বে তিনি বসা অবস্থায় ভুলে যাওয়া বৈঠকের স্থলে দু’টি সিজদা সম্পূর্ণ করলেন, প্রতি সিজদায় তাক্‌বীর বললেন।  মুসল্লীগণও তাঁর সঙ্গে এ দু’টি সিজদা করল।\n\nইব্‌নু শিহাব (রহঃ) হতে তাক্‌বীরের কথা বর্ণনায় ইব্‌নু জুরাইজ (রহঃ) লায়স (রহঃ)-এর অনুসরণ করেছেন।",
        "ar": "حَدَّثَنَا قُتَيْبَةُ بْنُ سَعِيدٍ، حَدَّثَنَا لَيْثٌ، عَنِ ابْنِ شِهَابٍ، عَنِ الأَعْرَجِ، عَنْ عَبْدِ اللَّهِ ابْنِ بُحَيْنَةَ الأَسْدِيِّ، حَلِيفِ بَنِي عَبْدِ الْمُطَّلِبِ أَنَّ رَسُولَ اللَّهِ صلى الله عليه وسلم قَامَ فِي صَلاَةِ الظُّهْرِ وَعَلَيْهِ جُلُوسٌ، فَلَمَّا أَتَمَّ صَلاَتَهُ سَجَدَ سَجْدَتَيْنِ فَكَبَّرَ فِي كُلِّ سَجْدَةٍ وَهُوَ جَالِسٌ قَبْلَ أَنْ يُسَلِّمَ، وَسَجَدَهُمَا النَّاسُ مَعَهُ مَكَانَ مَا نَسِيَ مِنَ الْجُلُوسِ‏.‏ تَابَعَهُ ابْنُ جُرَيْجٍ عَنِ ابْنِ شِهَابٍ فِي التَّكْبِيرِ‏.‏",
        "ar_diacless": "حدثنا قتيبة بن سعيد، حدثنا ليث، عن ابن شهاب، عن الأعرج، عن عبد الله ابن بحينة الأسدي، حليف بني عبد المطلب أن رسول الله صلى الله عليه وسلم قام في صلاة الظهر وعليه جلوس، فلما أتم صلاته سجد سجدتين فكبر في كل سجدة وهو جالس قبل أن يسلم، وسجدهما الناس معه مكان ما نسي من الجلوس‏.‏ تابعه ابن جريج عن ابن شهاب في التكبير‏.‏",
        "note": "",
        "grade_id": 2,
        "grade": "সহিহ হাদিস",
        "grade_color": "#46B891"
      }
    ]
  },
  {
    "id": 645,
    "book_id": 1,
    "book_name": "bukhari",
    "chapter_id": 22,
    "section_id": 6,
    "title": "সালাত তিন রাক‘আত আদায় করা হল নাকি চার রাক‘আত, তা মনে করতে না পারলে বসা অবস্থায় দু’টি সিজদা করা।",
    "preface": "",
    "number": "২২/৬. অধ্যায়ঃ",
    "sort_order": 6,
    "hadiths": [
      {
        "id": 1314,
        "book_id": 1,
        "book_name": "সহিহ বুখারী",
        "chapter_id": 22,
        "section_id": 6,
        "hadith_key": "সহিহ বুখারী: ১২৩১",
        "hadith_id": 1231,
        "narrator": "আবূ হুরায়রা (রাঃ)",
        "bn": "তিনি বলেন, আল্লাহ্‌র রাসূল (সাল্লাল্লাহু ‘আলাইহি ওয়া সাল্লাম) বলেছেনঃ যখন সালাতের জন্য আযান দেওয়া হয়, তখন শয়তান পিঠ ফিরিয়ে পালায় যাতে আযান শুনতে না পায় আর তার পশ্চাদ-বায়ু সশব্দে নির্গত হতে থাকে। আযান শেষ হয়ে গেলে সে এগিয়ে আসে। আবার সালাতের জন্য ইক্বামাত দেওয়া হলে সে পিঠ ফিরিয়ে পালায়। ইক্বামাত শেষ হয়ে গেলে আবার ফিরে আসে। এমনকি সে সালাত আদায়রত ব্যক্তির মনে ওয়াস্‌ওয়াসা সৃষ্টি করে এবং বলতে থাকে, অমুক অমুক বিষয় স্মরন কর, যা তার স্মরণে ছিলনা। এভাবে সে ব্যক্তি কত রাক‘আত সালাত আদায় করেছে তা স্মরন করতে পারে না। তাই তোমাদের কেউ তিন রাক‘আত বা চার রাক‘আত সালাত আদায় করেছে, তা মনে রাখতে না পারলে বসা অবস্থায় দু’টি সিজদা করবে।",
        "ar": "حَدَّثَنَا مُعَاذُ بْنُ فَضَالَةَ، حَدَّثَنَا هِشَامُ بْنُ أَبِي عَبْدِ اللَّهِ الدَّسْتَوَائِيُّ، عَنْ يَحْيَى بْنِ أَبِي كَثِيرٍ، عَنْ أَبِي سَلَمَةَ، عَنْ أَبِي هُرَيْرَةَ ـ رضى الله عنه ـ قَالَ قَالَ رَسُولُ اللَّهِ صلى الله عليه وسلم ‏ \"‏ إِذَا نُودِيَ بِالصَّلاَةِ أَدْبَرَ الشَّيْطَانُ وَلَهُ ضُرَاطٌ حَتَّى لاَ يَسْمَعَ الأَذَانَ، فَإِذَا قُضِيَ الأَذَانُ أَقْبَلَ، فَإِذَا ثُوِّبَ بِهَا أَدْبَرَ فَإِذَا قُضِيَ التَّثْوِيبُ أَقْبَلَ حَتَّى يَخْطِرَ بَيْنَ الْمَرْءِ وَنَفْسِهِ يَقُولُ اذْكُرْ كَذَا وَكَذَا مَا لَمْ يَكُنْ يَذْكُرُ حَتَّى يَظَلَّ الرَّجُلُ إِنْ يَدْرِي كَمْ صَلَّى، فَإِذَا لَمْ يَدْرِ أَحَدُكُمْ كَمْ صَلَّى ثَلاَثًا أَوْ أَرْبَعًا فَلْيَسْجُدْ سَجْدَتَيْنِ وَهْوَ جَالِسٌ ‏\"‏‏.‏",
        "ar_diacless": "حدثنا معاذ بن فضالة، حدثنا هشام بن أبي عبد الله الدستوائي، عن يحيى بن أبي كثير، عن أبي سلمة، عن أبي هريرة ـ رضى الله عنه ـ قال قال رسول الله صلى الله عليه وسلم ‏ \"‏ إذا نودي بالصلاة أدبر الشيطان وله ضراط حتى لا يسمع الأذان، فإذا قضي الأذان أقبل، فإذا ثوب بها أدبر فإذا قضي التثويب أقبل حتى يخطر بين المرء ونفسه يقول اذكر كذا وكذا ما لم يكن يذكر حتى يظل الرجل إن يدري كم صلى، فإذا لم يدر أحدكم كم صلى ثلاثا أو أربعا فليسجد سجدتين وهو جالس ‏\"‏‏.‏",
        "note": "",
        "grade_id": 2,
        "grade": "সহিহ হাদিস",
        "grade_color": "#46B891"
      }
    ]
  },
  {
    "id": 646,
    "book_id": 1,
    "book_name": "bukhari",
    "chapter_id": 22,
    "section_id": 7,
    "title": "ফর্‌জ ও নফ্‌ল সালাতে ভুল হলে।",
    "preface": "ইব্‌নু ‘আব্বাস (রাঃ) বিত্‌রের পর দু’টি সিজদা (সাহ্উ) করেছেন।",
    "number": "২২/৭. অধ্যায়ঃ",
    "sort_order": 7,
    "hadiths": [
      {
        "id": 1315,
        "book_id": 1,
        "book_name": "সহিহ বুখারী",
        "chapter_id": 22,
        "section_id": 7,
        "hadith_key": "সহিহ বুখারী: ১২৩২",
        "hadith_id": 1232,
        "narrator": "আবূ হুরায়রা (রাঃ)",
        "bn": "আল্লাহ্‌র রাসূল (সাল্লাল্লাহু ‘আলাইহি ওয়া সাল্লাম) বলেছেনঃ তোমাদের কেউ সালাতে দাঁড়ালে শয়তান এসে তাকে সন্দেহে ফেলে, এমনকি সে বুঝতে পারে না যে, কত রাক‘আত সালাত আদায় করেছে। তোমাদের কারো এ অবস্থা হলে সে যেন বসা অবস্থায় দু’টি সিজদা করে।",
        "ar": "حَدَّثَنَا عَبْدُ اللَّهِ بْنُ يُوسُفَ، أَخْبَرَنَا مَالِكٌ، عَنِ ابْنِ شِهَابٍ، عَنْ أَبِي سَلَمَةَ بْنِ عَبْدِ الرَّحْمَنِ، عَنْ أَبِي هُرَيْرَةَ ـ رضى الله عنه ـ أَنَّ رَسُولَ اللَّهِ صلى الله عليه وسلم قَالَ ‏ \"‏ إِنَّ أَحَدَكُمْ إِذَا قَامَ يُصَلِّي جَاءَ الشَّيْطَانُ فَلَبَسَ عَلَيْهِ حَتَّى لاَ يَدْرِيَ كَمْ صَلَّى، فَإِذَا وَجَدَ ذَلِكَ أَحَدُكُمْ فَلْيَسْجُدْ سَجْدَتَيْنِ وَهُوَ جَالِسٌ ‏\"‏‏.‏",
        "ar_diacless": "حدثنا عبد الله بن يوسف، أخبرنا مالك، عن ابن شهاب، عن أبي سلمة بن عبد الرحمن، عن أبي هريرة ـ رضى الله عنه ـ أن رسول الله صلى الله عليه وسلم قال ‏ \"‏ إن أحدكم إذا قام يصلي جاء الشيطان فلبس عليه حتى لا يدري كم صلى، فإذا وجد ذلك أحدكم فليسجد سجدتين وهو جالس ‏\"‏‏.‏",
        "note": "",
        "grade_id": 2,
        "grade": "সহিহ হাদিস",
        "grade_color": "#46B891"
      }
    ]
  },
  {
    "id": 647,
    "book_id": 1,
    "book_name": "bukhari",
    "chapter_id": 22,
    "section_id": 8,
    "title": "সালাতে থাকা অবস্থায় কেউ তার সঙ্গে কথা বললে এবং তা শুনে যদি সে হাত দিয়ে ইশারা করে।",
    "preface": "",
    "number": "২২/৮. অধ্যায়ঃ",
    "sort_order": 8,
    "hadiths": [
      {
        "id": 1316,
        "book_id": 1,
        "book_name": "সহিহ বুখারী",
        "chapter_id": 22,
        "section_id": 8,
        "hadith_key": "সহিহ বুখারী: ১২৩৩",
        "hadith_id": 1233,
        "narrator": "কুরায়ব (রহঃ)",
        "bn": "ইব্‌নু ‘আব্বাস, মিসওয়ার ইব্‌নু মাখরামাহ এবং ‘আবদুর রহমান ইব্‌নু আযহার (রাঃ) তাঁকে ‘আয়িশা (রাঃ)-এর নিকট পাঠালেন এবং বলে দিলেন, তাঁকে আমাদের সকলের তরফ হতে সালাম পৌঁছিয়ে আসরের পরের দু’রাক‘আত সালাত সম্পর্কে জিজ্ঞেস করবে। তাঁকে একথাও বলবে যে, আমরা খবর পেয়েছি যে, আপনি সে দু’রাক‘আত আদায় করেন, অথচ আমাদের নিকট পৌঁছেছে যে, নবী (সাল্লাল্লাহু ‘আলাইহি ওয়া সাল্লাম) সে দু’রাক‘আত আদায় করতে নিষেধ করেছেন। ইব্‌নু ‘আব্বাস (রাঃ) সংবাদে আরও বললেন যে, আমি ‘উমর ইব্‌নু খাত্তাব (রাঃ)-এর সাথে এ সালাতের কারণে লোকদের মারধোর করতাম। কুরায়ব (রহঃ) বলেন, আমি ‘আয়িশা (রাঃ)-এর নিকট গিয়ে তাঁকে তাঁদের পয়গাম পৌঁছিয়ে দিলাম। তিনি বললেন, উম্মু সালামা্‌ (রাঃ)-কে জিজ্ঞেস কর। [কুরায়ব (রহঃ) বলেন] আমি সেখান হতে বের হয়ে তাঁদের নিকট গেলাম এবং তাঁদেরকে ‘আয়িশা (রাঃ)-এর কথা জানালাম। তখন তাঁরা আমাকে ‘আয়িশা (রাঃ)-এর নিকট যে বিষয় নিয়ে পাঠিয়েছিলেন, তা নিয়ে পুনরায় উম্মু সালামা (রাঃ)-এর নিকট পাঠালেন। উম্মু সালামা (রাঃ) বললেন, আমিও নবী করিম (সাল্লাল্লাহু ‘আলাইহি ওয়া সাল্লাম) -কে তা নিষেধ করতে শুনেছি। অথচ অতঃপর তাঁকে আসরের সালাতের পর তা আদায় করতেও দেখেছি। একদা তিনি ‘আসরের সালাতের পর আমার ঘরে আসলেন। তখন আমার নিকট বনূ হারাম গোত্রের আনসারী কয়েকজন মহিলা উপস্থিত ছিলেন। আমি বাঁদীকে এ বলে তাঁর নিকট পাঠালাম যে, তাঁর পাশে গিয়ে দাঁড়িয়ে তাঁকে বলবে, উম্মে সালামা (রাঃ) আপনার নিকট জানতে চেয়েছেন, আপনাকে (‘আসরের পর সালাতের) দু’রাক‘আত নিষেধ করতে শুনেছি; অথচ দেখছি, আপনি তা আদায় করছেন? যদি তিনি হাত দিয়ে ইঙ্গিত করেন, তাহলে পিছনে সরে থাকবে, বাঁদী তা-ই করল। তিনি ইঙ্গিত করলেন, সে পিছনে সরে থাকল। সালাত শেষ করে তিনি বললেন, হে আবূ উমায়্যার কন্যা! ‘আসরের পরের দু’রাক‘আত সালাত সম্পর্কে তুমি আমাকে জিজ্ঞেস করেছ। আবদুল কায়স গোত্রের কিছু লোক আমার নিকট এসেছিল। তাদের কারণে যুহ্‌রের পরের দু’রাক‘আত আদায় করতে না পেরে (তাদেরকে নিয়ে) ব্যস্ত হয়ে পড়েছিলাম। এ দু’রাক‘আত সে দু’রাক‘আত। [১]",
        "ar": "حَدَّثَنَا يَحْيَى بْنُ سُلَيْمَانَ، قَالَ حَدَّثَنِي ابْنُ وَهْبٍ، قَالَ أَخْبَرَنِي عَمْرٌو، عَنْ بُكَيْرٍ، عَنْ كُرَيْبٍ، أَنَّ ابْنَ عَبَّاسٍ، وَالْمِسْوَرَ بْنَ مَخْرَمَةَ، وَعَبْدَ الرَّحْمَنِ بْنَ أَزْهَرَ ـ رضى الله عنهم ـ أَرْسَلُوهُ إِلَى عَائِشَةَ ـ رضى الله عنها ـ فَقَالُوا اقْرَأْ عَلَيْهَا السَّلاَمَ مِنَّا جَمِيعًا وَسَلْهَا عَنِ الرَّكْعَتَيْنِ بَعْدَ صَلاَةِ الْعَصْرِ وَقُلْ لَهَا إِنَّا أُخْبِرْنَا أَنَّكِ تُصَلِّينَهُمَا وَقَدْ بَلَغَنَا أَنَّ النَّبِيَّ صلى الله عليه وسلم نَهَى عَنْهَا‏.‏ وَقَالَ ابْنُ عَبَّاسٍ وَكُنْتُ أَضْرِبُ النَّاسَ مَعَ عُمَرَ بْنِ الْخَطَّابِ عَنْهُمَا‏.‏ فَقَالَ كُرَيْبٌ فَدَخَلْتُ عَلَى عَائِشَةَ ـ رضى الله عنها ـ فَبَلَّغْتُهَا مَا أَرْسَلُونِي‏.‏ فَقَالَتْ سَلْ أُمَّ سَلَمَةَ‏.‏ فَخَرَجْتُ إِلَيْهِمْ فَأَخْبَرْتُهُمْ بِقَوْلِهَا فَرَدُّونِي إِلَى أُمِّ سَلَمَةَ بِمِثْلِ مَا أَرْسَلُونِي بِهِ إِلَى عَائِشَةَ‏.‏ فَقَالَتْ أُمُّ سَلَمَةَ ـ رضى الله عنها ـ سَمِعْتُ النَّبِيَّ صلى الله عليه وسلم يَنْهَى عَنْهَا ثُمَّ رَأَيْتُهُ يُصَلِّيهِمَا حِينَ صَلَّى الْعَصْرَ، ثُمَّ دَخَلَ عَلَىَّ وَعِنْدِي نِسْوَةٌ مِنْ بَنِي حَرَامٍ مِنَ الأَنْصَارِ فَأَرْسَلْتُ إِلَيْهِ الْجَارِيَةَ فَقُلْتُ قُومِي بِجَنْبِهِ قُولِي لَهُ تَقُولُ لَكَ أُمُّ سَلَمَةَ يَا رَسُولَ اللَّهِ سَمِعْتُكَ تَنْهَى عَنْ هَاتَيْنِ وَأَرَاكَ تُصَلِّيهِمَا‏.‏ فَإِنْ أَشَارَ بِيَدِهِ فَاسْتَأْخِرِي عَنْهُ‏.‏ فَفَعَلَتِ الْجَارِيَةُ فَأَشَارَ بِيَدِهِ فَاسْتَأْخَرَتْ عَنْهُ فَلَمَّا انْصَرَفَ قَالَ ‏ \"‏ يَا بِنْتَ أَبِي أُمَيَّةَ سَأَلْتِ عَنِ الرَّكْعَتَيْنِ بَعْدَ الْعَصْرِ وَإِنَّهُ أَتَانِي نَاسٌ مِنْ عَبْدِ الْقَيْسِ فَشَغَلُونِي عَنِ الرَّكْعَتَيْنِ اللَّتَيْنِ بَعْدَ الظُّهْرِ فَهُمَا هَاتَانِ ‏\"‏‏.‏",
        "ar_diacless": "حدثنا يحيى بن سليمان، قال حدثني ابن وهب، قال أخبرني عمرو، عن بكير، عن كريب، أن ابن عباس، والمسور بن مخرمة، وعبد الرحمن بن أزهر ـ رضى الله عنهم ـ أرسلوه إلى عائشة ـ رضى الله عنها ـ فقالوا اقرأ عليها السلام منا جميعا وسلها عن الركعتين بعد صلاة العصر وقل لها إنا أخبرنا أنك تصلينهما وقد بلغنا أن النبي صلى الله عليه وسلم نهى عنها‏.‏ وقال ابن عباس وكنت أضرب الناس مع عمر بن الخطاب عنهما‏.‏ فقال كريب فدخلت على عائشة ـ رضى الله عنها ـ فبلغتها ما أرسلوني‏.‏ فقالت سل أم سلمة‏.‏ فخرجت إليهم فأخبرتهم بقولها فردوني إلى أم سلمة بمثل ما أرسلوني به إلى عائشة‏.‏ فقالت أم سلمة ـ رضى الله عنها ـ سمعت النبي صلى الله عليه وسلم ينهى عنها ثم رأيته يصليهما حين صلى العصر، ثم دخل على وعندي نسوة من بني حرام من الأنصار فأرسلت إليه الجارية فقلت قومي بجنبه قولي له تقول لك أم سلمة يا رسول الله سمعتك تنهى عن هاتين وأراك تصليهما‏.‏ فإن أشار بيده فاستأخري عنه‏.‏ ففعلت الجارية فأشار بيده فاستأخرت عنه فلما انصرف قال ‏ \"‏ يا بنت أبي أمية سألت عن الركعتين بعد العصر وإنه أتاني ناس من عبد القيس فشغلوني عن الركعتين اللتين بعد الظهر فهما هاتان ‏\"‏‏.‏",
        "note": "[১] ঘটনাটি একবারের হলেও নবী (সাল্লাল্লাহু ‘আলাইহি ওয়া সাল্লাম) -এর বৈশিষ্ট্যের কারনে তা নিয়মিত সালাতে পরিণত হয়। কারণ, নবী (সাল্লাল্লাহু ‘আলাইহি ওয়া সাল্লাম) কোন ‘আমাল একবার শুরু করলে তা নিয়মিত করতেন।",
        "grade_id": 2,
        "grade": "সহিহ হাদিস",
        "grade_color": "#46B891"
      }
    ]
  },
  {
    "id": 648,
    "book_id": 1,
    "book_name": "bukhari",
    "chapter_id": 22,
    "section_id": 9,
    "title": "সালাতের মধ্যে ইঙ্গিত করা।",
    "preface": "কুরাইব (রহঃ) উম্মু সালামা (রাঃ) সূত্রে নবী (সাল্লাল্লাহু ‘আলাইহি ওয়া সাল্লাম) হতে এ সম্পর্কে বর্ণনা করেছেন।",
    "number": "২২/৯. অধ্যায়ঃ",
    "sort_order": 9,
    "hadiths": [
      {
        "id": 1319,
        "book_id": 1,
        "book_name": "সহিহ বুখারী",
        "chapter_id": 22,
        "section_id": 9,
        "hadith_key": "সহিহ বুখারী: ১২৩৪",
        "hadith_id": 1234,
        "narrator": "সাহ্‌ল ইব্‌নু সা‘দ সা‘ঈদী (রাঃ)",
        "bn": "নবী (সাল্লাল্লাহু ‘আলাইহি ওয়া সাল্লাম) এর নিকট সংবাদ পৌঁছে যে, বানূ আমর ইব্‌নু আওফ-এ কিছু ঘটেছে। তাদের মধ্যে আপোষ করে দেয়ার উদ্দেশে তিনি কয়েকজন সাহাবীসহ বেরিয়ে গেলেন। আল্লাহ্‌র রাসূল (সাল্লাল্লাহু ‘আলাইহি ওয়া সাল্লাম) সেখানে কর্মব্যস্ত হয়ে পড়েন। ইতোমধ্যে সালাতের সময় হয়ে গেল। বিলাল (রাঃ) আবূ বকর (রাঃ)-এর নিকট এসে বললেন, হে আবূ বক্‌র! আল্লাহ্‌র রাসূল (সাল্লাল্লাহু ‘আলাইহি ওয়া সাল্লাম) কর্মব্যস্ত হয়ে পড়েছেন। এদিকে সালাতের সময় হয়ে গেছে, আপনি কি সালাতে লোকদের ইমামাত করতে প্রস্তুত আছেন? তিনি বললেন, হাঁ, যদি তুমি চাও। তখন বিলাল (রাঃ) ইক্বামাত বললেন এবং আবূ বকর (রাঃ) সামনে এগিয়ে গিয়ে লোকদের জন্য তাক্‌বীর বললেন। এদিকে আল্লাহ্‌র রাসূল (সাল্লাল্লাহু ‘আলাইহি ওয়া সাল্লাম) আসলেন এবং কাতারের ভিতর দিয়ে হেঁটে (প্রথম) কাতারে এসে দাঁড়িয়ে গেলেন। মুসল্লীগণ তখন হাততালি দিতে লাগলেন। আবূ বকর (রাঃ)-এর অভ্যাস ছিল যে, সালাতে এদিক সেদিক তাকাতেন না। মুসল্লীগণ যখন অধিক পরিমানে হাতাতালি দিতে লাগলেন, তখন তিনি সেদিকে তাকালেন এবং আল্লাহ্‌র রাসূল (সাল্লাল্লাহু ‘আলাইহি ওয়া সাল্লাম) -কে দেখতে পেলেন। আল্লাহ্‌র রাসূল (সাল্লাল্লাহু ‘আলাইহি ওয়া সাল্লাম) তাঁকে ইঙ্গিত করে সালাত আদায় করতে থাকার নির্দেশ দিলেন। আবূ বকর (রাঃ) দু’হাত তুলে আল্লাহ্‌র হাম্‌দ বর্ণনা করলেন এবং পিছনের দিকে সরে গিয়ে কাতারে দাঁড়ালেন। আল্লাহ্‌র রাসূল (সাল্লাল্লাহু ‘আলাইহি ওয়া সাল্লাম) সামনে এগিয়ে লোকদের নিয়ে সালাত আদায় করলেন। সালাত শেষ করে মুসল্লীগণের প্রতি লক্ষ্য করে বললেন, হে লোক  সকল! তোমাদের কি হয়েছে, সালাতে কোন ব্যাপার ঘটলে তোমরা হাততালি দিতে থাক কেন? হাততালি তো মেয়েদের জন্য। কারো সালাতের মধ্যে কোন সমস্যা দেখা দিলে সে যেন ‘সুবহানাল্লাহ্‌’ বলে। কারণ, কেউ অন্যকে সুবহানাল্লাহ্‌ বলতে শুনলে অবশ্যই সেদিকে লক্ষ্য করবে। অতঃপর তিনি বললেন, হে আবূ বক্‌র! তোমাকে আমি ইঙ্গিত করা সত্ত্বেও কিসে তোমাকে লোকদের নিয়ে সালাত আদায় করতে বাধা দিল? আবূ বকর (রাঃ) বললেন, কুহাফার ছেলের জন্য এ সমীচীন নয় যে, সে আল্লাহ্‌র রাসূল (সাল্লাল্লাহু ‘আলাইহি ওয়া সাল্লাম) -এর সম্মুখে দণ্ডায়মান হয়ে সালাত আদায় করবে।",
        "ar": "حَدَّثَنَا قُتَيْبَةُ بْنُ سَعِيدٍ، حَدَّثَنَا يَعْقُوبُ بْنُ عَبْدِ الرَّحْمَنِ، عَنْ أَبِي حَازِمٍ، عَنْ سَهْلِ بْنِ سَعْدٍ السَّاعِدِيِّ ـ رضى الله عنه ـ أَنَّ رَسُولَ اللَّهِ صلى الله عليه وسلم بَلَغَهُ أَنَّ بَنِي عَمْرِو بْنِ عَوْفٍ كَانَ بَيْنَهُمْ شَىْءٌ فَخَرَجَ رَسُولُ اللَّهِ صلى الله عليه وسلم يُصْلِحُ بَيْنَهُمْ فِي أُنَاسٍ مَعَهُ، فَحُبِسَ رَسُولُ اللَّهِ صلى الله عليه وسلم وَحَانَتِ الصَّلاَةُ فَجَاءَ بِلاَلٌ إِلَى أَبِي بَكْرٍ ـ رضى الله عنه ـ فَقَالَ يَا أَبَا بَكْرٍ إِنَّ رَسُولَ اللَّهِ صلى الله عليه وسلم قَدْ حُبِسَ وَقَدْ حَانَتِ الصَّلاَةُ فَهَلْ لَكَ أَنْ تَؤُمَّ النَّاسَ قَالَ نَعَمْ إِنْ شِئْتَ‏.‏ فَأَقَامَ بِلاَلٌ وَتَقَدَّمَ أَبُو بَكْرٍ ـ رضى الله عنه ـ فَكَبَّرَ لِلنَّاسِ وَجَاءَ رَسُولُ اللَّهِ صلى الله عليه وسلم يَمْشِي فِي الصُّفُوفِ حَتَّى قَامَ فِي الصَّفِّ، فَأَخَذَ النَّاسُ فِي التَّصْفِيقِ، وَكَانَ أَبُو بَكْرٍ ـ رضى الله عنه ـ لاَ يَلْتَفِتُ فِي صَلاَتِهِ، فَلَمَّا أَكْثَرَ النَّاسُ الْتَفَتَ فَإِذَا رَسُولُ اللَّهِ صلى الله عليه وسلم فَأَشَارَ إِلَيْهِ رَسُولُ اللَّهِ صلى الله عليه وسلم يَأْمُرُهُ أَنْ يُصَلِّيَ، فَرَفَعَ أَبُو بَكْرٍ ـ رضى الله عنه ـ يَدَيْهِ فَحَمِدَ اللَّهَ وَرَجَعَ الْقَهْقَرَى وَرَاءَهُ حَتَّى قَامَ فِي الصَّفِّ، فَتَقَدَّمَ رَسُولُ اللَّهِ صلى الله عليه وسلم فَصَلَّى لِلنَّاسِ فَلَمَّا فَرَغَ أَقْبَلَ عَلَى النَّاسِ فَقَالَ ‏ \"‏ يَا أَيُّهَا النَّاسُ مَا لَكُمْ حِينَ نَابَكُمْ شَىْءٌ فِي الصَّلاَةِ أَخَذْتُمْ فِي التَّصْفِيقِ، إِنَّمَا التَّصْفِيقُ لِلنِّسَاءِ، مَنْ نَابَهُ شَىْءٌ فِي صَلاَتِهِ فَلْيَقُلْ سُبْحَانَ اللَّهِ‏.‏ فَإِنَّهُ لاَ يَسْمَعُهُ أَحَدٌ حِينَ يَقُولُ سُبْحَانَ اللَّهِ إِلاَّ الْتَفَتَ، يَا أَبَا بَكْرٍ مَا مَنَعَكَ أَنْ تُصَلِّيَ لِلنَّاسِ حِينَ أَشَرْتُ إِلَيْكَ ‏\"‏‏.‏ فَقَالَ أَبُو بَكْرٍ ـ رضى الله عنه ـ مَا كَانَ يَنْبَغِي لاِبْنِ أَبِي قُحَافَةَ أَنْ يُصَلِّيَ بَيْنَ يَدَىْ رَسُولِ اللَّهِ صلى الله عليه وسلم‏.‏",
        "ar_diacless": "حدثنا قتيبة بن سعيد، حدثنا يعقوب بن عبد الرحمن، عن أبي حازم، عن سهل بن سعد الساعدي ـ رضى الله عنه ـ أن رسول الله صلى الله عليه وسلم بلغه أن بني عمرو بن عوف كان بينهم شىء فخرج رسول الله صلى الله عليه وسلم يصلح بينهم في أناس معه، فحبس رسول الله صلى الله عليه وسلم وحانت الصلاة فجاء بلال إلى أبي بكر ـ رضى الله عنه ـ فقال يا أبا بكر إن رسول الله صلى الله عليه وسلم قد حبس وقد حانت الصلاة فهل لك أن تؤم الناس قال نعم إن شئت‏.‏ فأقام بلال وتقدم أبو بكر ـ رضى الله عنه ـ فكبر للناس وجاء رسول الله صلى الله عليه وسلم يمشي في الصفوف حتى قام في الصف، فأخذ الناس في التصفيق، وكان أبو بكر ـ رضى الله عنه ـ لا يلتفت في صلاته، فلما أكثر الناس التفت فإذا رسول الله صلى الله عليه وسلم فأشار إليه رسول الله صلى الله عليه وسلم يأمره أن يصلي، فرفع أبو بكر ـ رضى الله عنه ـ يديه فحمد الله ورجع القهقرى وراءه حتى قام في الصف، فتقدم رسول الله صلى الله عليه وسلم فصلى للناس فلما فرغ أقبل على الناس فقال ‏ \"‏ يا أيها الناس ما لكم حين نابكم شىء في الصلاة أخذتم في التصفيق، إنما التصفيق للنساء، من نابه شىء في صلاته فليقل سبحان الله‏.‏ فإنه لا يسمعه أحد حين يقول سبحان الله إلا التفت، يا أبا بكر ما منعك أن تصلي للناس حين أشرت إليك ‏\"‏‏.‏ فقال أبو بكر ـ رضى الله عنه ـ ما كان ينبغي لابن أبي قحافة أن يصلي بين يدى رسول الله صلى الله عليه وسلم‏.‏",
        "note": "",
        "grade_id": 2,
        "grade": "সহিহ হাদিস",
        "grade_color": "#46B891"
      },
      {
        "id": 1318,
        "book_id": 1,
        "book_name": "সহিহ বুখারী",
        "chapter_id": 22,
        "section_id": 9,
        "hadith_key": "সহিহ বুখারী: ১২৩৫",
        "hadith_id": 1235,
        "narrator": "আসমা (রাঃ)",
        "bn": "তিনি বলেন, আমি ‘আয়িশা (রাঃ)-এর নিকট গেলাম, তখন তিনি দাঁড়িয়ে সালাত আদায় করছিলেন, আর লোকেরাও সালাতে দাঁড়ানো ছিল। আমি জিজ্ঞেস করলাম, লোকদের অবস্থা কী? তখন তিনি তাঁর মাথা দ্বারা আকাশের দিকে ইঙ্গিত করলেন। আমি বললাম, এটা কি নিদর্শন? তিনি আবার তাঁর মাথার ইঙ্গিতে বললেন, হাঁ।",
        "ar": "حَدَّثَنَا يَحْيَى بْنُ سُلَيْمَانَ، قَالَ حَدَّثَنِي ابْنُ وَهْبٍ، حَدَّثَنَا الثَّوْرِيُّ، عَنْ هِشَامٍ، عَنْ فَاطِمَةَ، عَنْ أَسْمَاءَ، قَالَتْ دَخَلْتُ عَلَى عَائِشَةَ ـ رضى الله عنها ـ وَهِيَ تُصَلِّي قَائِمَةً وَالنَّاسُ قِيَامٌ فَقُلْتُ مَا شَأْنُ النَّاسِ فَأَشَارَتْ بِرَأْسِهَا إِلَى السَّمَاءِ‏.‏ فَقُلْتُ آيَةٌ‏.‏ فَقَالَتْ بِرَأْسِهَا أَىْ نَعَمْ‏.‏",
        "ar_diacless": "حدثنا يحيى بن سليمان، قال حدثني ابن وهب، حدثنا الثوري، عن هشام، عن فاطمة، عن أسماء، قالت دخلت على عائشة ـ رضى الله عنها ـ وهي تصلي قائمة والناس قيام فقلت ما شأن الناس فأشارت برأسها إلى السماء‏.‏ فقلت آية‏.‏ فقالت برأسها أى نعم‏.‏",
        "note": "",
        "grade_id": 2,
        "grade": "সহিহ হাদিস",
        "grade_color": "#46B891"
      },
      {
        "id": 1317,
        "book_id": 1,
        "book_name": "সহিহ বুখারী",
        "chapter_id": 22,
        "section_id": 9,
        "hadith_key": "সহিহ বুখারী: ১২৩৬",
        "hadith_id": 1236,
        "narrator": "নবী (সাল্লাল্লাহু ‘আলাইহি ওয়া সাল্লাম) -এর সহধর্মিণী ‘আয়িশা (রাঃ)",
        "bn": "তিনি বলেন, আল্লাহ্‌র রাসূল (সাল্লাল্লাহু ‘আলাইহি ওয়া সাল্লাম) তাঁর অসুস্থ অবস্থায় তাঁর ঘরে বসে সালাত আদায় করছিলেন। একদল সাহাবী তাঁর পিছনে দাঁড়িয়ে সালাত আদায় করতে লাগলেন। তিনি তাঁদের প্রতি ইঙ্গিত করলেন, বসে যাও। সালাত শেষ করে তিনি বললেন, ইমাম নির্ধারণ করা হয়েছে তাকে অনুসরণ করার জন্য। কাজেই তিনি রুকূ’ করলে তোমরা রুকূ’ করবে; আর তিনি মাথা উঠালে তোমরাও মাথা উঠাবে।",
        "ar": "حَدَّثَنَا إِسْمَاعِيلُ، قَالَ حَدَّثَنِي مَالِكٌ، عَنْ هِشَامٍ، عَنْ أَبِيهِ، عَنْ عَائِشَةَ ـ رضى الله عنها ـ زَوْجِ النَّبِيِّ صلى الله عليه وسلم أَنَّهَا قَالَتْ صَلَّى رَسُولُ اللَّهِ صلى الله عليه وسلم فِي بَيْتِهِ وَهُوَ شَاكٍ جَالِسًا، وَصَلَّى وَرَاءَهُ قَوْمٌ قِيَامًا فَأَشَارَ إِلَيْهِمْ أَنِ اجْلِسُوا فَلَمَّا انْصَرَفَ قَالَ ‏ \"‏ إِنَّمَا جُعِلَ الإِمَامُ لِيُؤْتَمَّ بِهِ، فَإِذَا رَكَعَ فَارْكَعُوا وَإِذَا رَفَعَ فَارْفَعُوا ‏\"‏‏.‏",
        "ar_diacless": "حدثنا إسماعيل، قال حدثني مالك، عن هشام، عن أبيه، عن عائشة ـ رضى الله عنها ـ زوج النبي صلى الله عليه وسلم أنها قالت صلى رسول الله صلى الله عليه وسلم في بيته وهو شاك جالسا، وصلى وراءه قوم قياما فأشار إليهم أن اجلسوا فلما انصرف قال ‏ \"‏ إنما جعل الإمام ليؤتم به، فإذا ركع فاركعوا وإذا رفع فارفعوا ‏\"‏‏.‏",
        "note": "",
        "grade_id": 2,
        "grade": "সহিহ হাদিস",
        "grade_color": "#46B891"
      }
    ]
  }
]