[
  {
    "id": 1627,
    "book_id": 1,
    "book_name": "bukhari",
    "chapter_id": 89,
    "section_id": 1,
    "title": "আল্লাহর বাণীঃ তবে তার জন্য নয়  (যাকে সত্য অস্বীকার করতে) বাধ্য করা হয়।",
    "preface": "কিন্তু তার অন্তর বিশ্বাসে অবিচলিত। আর যে সত্য অস্বীকারে অন্তর উন্মুক্ত রাখল তার উপর পতিত হবে আল্লাহ্‌র গযব ... ... (সূরা নাহল ১৬/১০৬)। আল্লাহ্ বলেন : তবে যদি তোমরা তাদের কাছ থেকে কোন ভয়ের আশংকা কর আর (আরবী) একই অর্থ (সূরা আল ‘ইমরান ৩/২৮)। আল্লাহ্ আরো বলেনঃ যারা নিজেদের উপর  জুল্ম করে, তাদের প্রাণ নেয়ার সময় ফেরেশতাগণ বলে, তোমরা কী অবস্থায় ছিলে। তারা বলে, দুনিয়ায় আমরা দুর্বল ছিলাম। তারা বলে, তোমরা নিজ দেশ ত্যাগ করে অন্য দেশে বসবাস করতে পারতে আল্লাহ্‌র দুনিয়া কি এমন প্রশস্ত ছিল না? ... ... আল্লাহ্ পাপ মোচনকারী ও ক্ষমাশীল- (সূরা আন্-নিসা ৪/৯৭-৯৯)। আল্লাহ্ বলেনঃ এবং অসহায় নর-নারী ও শিশুদের জন্য? যারা বলে ... সহায়-পর্যন্ত (সূরা আন্-নিসা ৪/৭৫)।\n\nআবূ ‘আবদুল্লাহ্ (ইমাম বুখারী) (রহঃ) বলেন : আল্লাহ্ দুর্বলদেরকে ক্ষমার যোগ্য বলে চিহ্নিত করেছেন যারা আল্লাহ্‌র নির্দেশসমূহ ত্যাগ করা থেকে বিরত থাকতে পারে না। আর বল প্রয়োগকৃত ব্যক্তি এমনই দুর্বল হয় যে, সে ঐ কাজ থেকে বিরত থাকতে পারে না, যার নির্দেশ তাকে দেয়া হয়েছে। হাসান (রহঃ) বলেন : তকিয়া কেয়ামত পর্যন্ত অবধারিত। ইব্‌নু ‘আব্বাস (রাঃ) ঐ ব্যক্তি সম্পর্কে বলেন, যাকে জালিমরা বাধ্য করার কারণে সে তালাক প্রদান করে ফেলে তা কিছুই নয়। ইব্‌নু ‘উমর (রাঃ), ইব্‌নু যুবায়র (রাঃ) শা’বী (রহঃ) এবং হাসান (রহঃ)-ও এ মত পোষণ করেন। আর নবী (সাল্লাল্লাহু ‘আলাইহি ওয়া সাল্লাম) বলেছেনঃ সকল কাজই নিয়তের সঙ্গে সম্পর্কিত।",
    "number": "৮৯/১.  অধ্যায়ঃ",
    "sort_order": 1,
    "hadiths": [
      {
        "id": 4886,
        "book_id": 1,
        "book_name": "সহিহ বুখারী",
        "chapter_id": 89,
        "section_id": 1,
        "hadith_key": "সহিহ বুখারী: ৬৯৪০",
        "hadith_id": 6940,
        "narrator": "আবূ হুরায়রা (রাঃ)",
        "bn": "যে, নবী (সাল্লাল্লাহু ‘আলাইহি ওয়া সাল্লাম) সালাতে দু‘আ করতেন। হে আল্লাহ্! আইয়াশ ইব্‌নু আবূ রাবী‘আ, সালামা ইব্‌নু হিশাম, ওয়ালীদ ইব্‌নু ওয়ালীদকে মুক্তি দাও। হে আল্লাহ্! দুর্বল মু’মিনদেরকে মুক্তি দাও। হে আল্লাহ্! মুযার গোত্রের উপর তোমার পাঞ্জা কঠোর করে দাও এবং তাদের ওপর ইউসুফের দুর্ভিক্ষের বছরগুলোর মত বছর পাঠিয়ে দাও। (আধুনিক প্রকাশনী- ৬৪৫৮, ইসলামিক ফাউন্ডেশন- ৬৪৭১)",
        "ar": "يَحْيَى بْنُ بُكَيْرٍ حَدَّثَنَا اللَّيْثُ عَنْ خَالِدِ بْنِ يَزِيدَ عَنْ سَعِيدِ بْنِ أَبِي هِلاَلٍ عَنْ هِلاَلِ بْنِ أُسَامَةَ أَنَّ أَبَا سَلَمَةَ بْنَ عَبْدِ الرَّحْمٰنِ أَخْبَرَهُ عَنْ أَبِي هُرَيْرَةَ أَنَّ النَّبِيَّ صلى الله عليه وسلم كَانَ يَدْعُو فِي الصَّلاَةِ اللهُمَّ أَنْجِ عَيَّاشَ بْنَ أَبِي رَبِيعَةَ وَسَلَمَةَ بْنَ هِشَامٍ وَالْوَلِيدَ بْنَ الْوَلِيدِ اللهُمَّ أَنْجِ الْمُسْتَضْعَفِينَ مِنْ الْمُؤْمِنِينَ اللهُمَّ اشْدُدْ وَطْأَتَكَ عَلَى مُضَرَ وَابْعَثْ عَلَيْهِمْ سِنِينَ كَسِنِي يُوسُفَ",
        "ar_diacless": "يحيى بن بكير حدثنا الليث عن خالد بن يزيد عن سعيد بن أبي هلال عن هلال بن أسامة أن أبا سلمة بن عبد الرحمٰن أخبره عن أبي هريرة أن النبي صلى الله عليه وسلم كان يدعو في الصلاة اللهم أنج عياش بن أبي ربيعة وسلمة بن هشام والوليد بن الوليد اللهم أنج المستضعفين من المؤمنين اللهم اشدد وطأتك على مضر وابعث عليهم سنين كسني يوسف",
        "note": "",
        "grade_id": 2,
        "grade": "সহিহ হাদিস",
        "grade_color": "#46B891"
      }
    ]
  },
  {
    "id": 1628,
    "book_id": 1,
    "book_name": "bukhari",
    "chapter_id": 89,
    "section_id": 2,
    "title": "যে ব্যক্তি কুফরী গ্রহণ করার বদলে দৈহিক নির্যাতন, নিহত ও লাঞ্ছিত হওয়াকে বেছে নেয়।",
    "preface": "",
    "number": "৮৯/২. অধ্যায়ঃ",
    "sort_order": 2,
    "hadiths": [
      {
        "id": 4887,
        "book_id": 1,
        "book_name": "সহিহ বুখারী",
        "chapter_id": 89,
        "section_id": 2,
        "hadith_key": "সহিহ বুখারী: ৬৯৪১",
        "hadith_id": 6941,
        "narrator": "আনাস ইব্‌নু মালিক (রাঃ)",
        "bn": "তিনি বলেন, রসূলুল্লাহ্ (সাল্লাল্লাহু ‘আলাইহি ওয়া সাল্লাম) বলেছেনঃ তিনটি জিনিস এমন যার মধ্যে সেগুলো পাওয়া যাবে, সে ঈমানের স্বাদ পাবে। ১. আল্লাহ্ ও তাঁর রসূল তার কাছে আর সবকিছুর চেয়ে প্রিয় হওয়া। ২. কাউকে কেবল আল্লাহ্‌র জন্য ভালবাসা। ৩. জাহান্নামে নিক্ষিপ্ত হওয়াকে যেভাবে অপছন্দ করে, তেমনি পুনরায় কুফরীর দিকে ফিরে যাওয়াকে অপছন্দ করে। (আধুনিক প্রকাশনী- ৬৪৫৯, ইসলামিক ফাউন্ডেশন- ৬৪৭২)",
        "ar": "مُحَمَّدُ بْنُ عَبْدِ اللهِ بْنِ حَوْشَبٍ الطَّائِفِيُّ حَدَّثَنَا عَبْدُ الْوَهَّابِ حَدَّثَنَا أَيُّوبُ عَنْ أَبِي قِلاَبَةَ عَنْ أَنَسٍ قَالَ قَالَ رَسُولُ اللهِ صلى الله عليه وسلم ثَلاَثٌ مَنْ كُنَّ فِيهِ وَجَدَ حَلاَوَةَ الإِيمَانِ أَنْ يَكُونَ اللهُ وَرَسُولُهُ أَحَبَّ إِلَيْهِ مِمَّا سِوَاهُمَا وَأَنْ يُحِبَّ الْمَرْءَ لاَ يُحِبُّهُ إِلاَّ لِلَّهِ وَأَنْ يَكْرَهَ أَنْ يَعُودَ فِي الْكُفْرِ كَمَا يَكْرَهُ أَنْ يُقْذَفَ فِي النَّارِ",
        "ar_diacless": "محمد بن عبد الله بن حوشب الطائفي حدثنا عبد الوهاب حدثنا أيوب عن أبي قلابة عن أنس قال قال رسول الله صلى الله عليه وسلم ثلاث من كن فيه وجد حلاوة الإيمان أن يكون الله ورسوله أحب إليه مما سواهما وأن يحب المرء لا يحبه إلا لله وأن يكره أن يعود في الكفر كما يكره أن يقذف في النار",
        "note": "",
        "grade_id": 2,
        "grade": "সহিহ হাদিস",
        "grade_color": "#46B891"
      },
      {
        "id": 4888,
        "book_id": 1,
        "book_name": "সহিহ বুখারী",
        "chapter_id": 89,
        "section_id": 2,
        "hadith_key": "সহিহ বুখারী: ৬৯৪২",
        "hadith_id": 6942,
        "narrator": "কায়স (রহঃ)",
        "bn": "তিনি বলেন, আমি সা‘ঈদ ইব্‌নু যায়দ (রাঃ)-কে বলতে শুনেছি যে, আমি মনে করি ‘উমর (রাঃ)-এর কঠোরতা আমাকে ইসলামের উপর সুদৃঢ় করে দিয়েছে। তোমরা ‘উসমান (রাঃ)-এর সঙ্গে যা করেছ তাতে যদি উহুদ পর্বত ফেটে যেত তা হলে ফেটে যাওয়া ন্যায়সঙ্গতই হত। (আধুনিক প্রকাশনী- ৬৪৬০, ইসলামিক ফাউন্ডেশন- ৬৪৭৩)",
        "ar": "سَعِيدُ بْنُ سُلَيْمَانَ حَدَّثَنَا عَبَّادٌ عَنْ إِسْمَاعِيلَ سَمِعْتُ قَيْسًا سَمِعْتُ سَعِيدَ بْنَ زَيْدٍ يَقُولُ لَقَدْ رَأَيْتُنِي وَإِنَّ عُمَرَ مُوثِقِي عَلَى الإِسْلاَمِ وَلَوْ انْقَضَّ أُحُدٌ مِمَّا فَعَلْتُمْ بِعُثْمَانَ كَانَ مَحْقُوقًا أَنْ يَنْقَضَّ",
        "ar_diacless": "سعيد بن سليمان حدثنا عباد عن إسماعيل سمعت قيسا سمعت سعيد بن زيد يقول لقد رأيتني وإن عمر موثقي على الإسلام ولو انقض أحد مما فعلتم بعثمان كان محقوقا أن ينقض",
        "note": "মুসলমানদের একটি দল চরম অন্যায়ভাবে ইসলামের মহান খলীফা ওসমান (রাঃ)-কে শহীদ করেছিল। মুসলমানদের মধ্যে সেই যে হত্যার সূত্রপাত হল, তা আর থামেনি, আজও চলছে।",
        "grade_id": 2,
        "grade": "সহিহ হাদিস",
        "grade_color": "#46B891"
      },
      {
        "id": 4889,
        "book_id": 1,
        "book_name": "সহিহ বুখারী",
        "chapter_id": 89,
        "section_id": 2,
        "hadith_key": "সহিহ বুখারী: ৬৯৪৩",
        "hadith_id": 6943,
        "narrator": "খাব্বাব ইব্‌নু আরাত্ (রাঃ)",
        "bn": "তিনি বলেন, আমরা রসূলুল্লাহ্ (সাল্লাল্লাহু ‘আলাইহি ওয়া সাল্লাম)-এর কাছে কোন বিষয়ে অভিযোগ পেশ করলাম। তখন তিনি কা‘বা ঘরের ছায়ায় তাঁর চাদরকে বালিশ বানিয়ে বিশ্রাম নিচ্ছিলেন। আমরা বললাম, (আমাদের জন্য কি) সাহায্য চাইবেন না? আমাদের জন্য কি দু‘আ করবেন না? তিনি বললেনঃ তোমাদের আগের লোকদের মাঝে এমন ব্যক্তিও ছিল, যাকে ধরে নিয়ে তার জন্য যমীনে গর্ত করা হত। তারপর করাত এনে মাথায় আঘাত হেনে দু’টুক্‌রা করে ফেলা হত। লোহার শলাকা দিয়ে তার গোশত ও হাড্ডি খসানো হত। তা সত্বেও তাকে তার দ্বীন থেকে ফিরিয়ে রাখতে পারত না। আল্লাহ্‌র কসম! এ দ্বীন অবশ্যই পূর্ণতা লাভ করবে। এমন হবে যে সান‘আ থেকে হায্‌রামাওত পর্যন্ত ভ্রমণকারী ভ্রমণ করবে। অথচ সে আল্লাহ্ ছাড়া কাউকে ভয় করবে না এবং নিজের মেষ পালের জন্য বাঘের ভয় থাকবে, কিন্তু তোমরা তাড়াহুড়ো করছ।(আধুনিক প্রকাশনী- ৬৪৬১, ইসলামিক ফাউন্ডেশন- ৬৪৭৪)",
        "ar": "مُسَدَّدٌ حَدَّثَنَا يَحْيَى عَنْ إِسْمَاعِيلَ حَدَّثَنَا قَيْسٌ عَنْ خَبَّابِ بْنِ الأَرَتِّ قَالَ شَكَوْنَا إِلَى رَسُولِ اللهِ صلى الله عليه وسلم وَهُوَ مُتَوَسِّدٌ بُرْدَةً لَهُ فِي ظِلِّ الْكَعْبَةِ فَقُلْنَا أَلاَ تَسْتَنْصِرُ لَنَا أَلاَ تَدْعُو لَنَا فَقَالَ قَدْ كَانَ مَنْ قَبْلَكُمْ يُؤْخَذُ الرَّجُلُ فَيُحْفَرُ لَهُ فِي الأَرْضِ فَيُجْعَلُ فِيهَا فَيُجَاءُ بِالْمِنْشَارِ فَيُوضَعُ عَلَى رَأْسِهِ فَيُجْعَلُ نِصْفَيْنِ وَيُمْشَطُ بِأَمْشَاطِ الْحَدِيدِ مَا دُونَ لَحْمِهِ وَعَظْمِهِ فَمَا يَصُدُّهُ ذَلِكَ عَنْ دِينِهِ وَاللهِ لَيَتِمَّنَّ هَذَا الأَمْرُ حَتَّى يَسِيرَ الرَّاكِبُ مِنْ صَنْعَاءَ إِلَى حَضْرَمَوْتَ لاَ يَخَافُ إِلاَّ اللهَ وَالذِّئْبَ عَلَى غَنَمِهِ وَلَكِنَّكُمْ تَسْتَعْجِلُونَ",
        "ar_diacless": "مسدد حدثنا يحيى عن إسماعيل حدثنا قيس عن خباب بن الأرت قال شكونا إلى رسول الله صلى الله عليه وسلم وهو متوسد بردة له في ظل الكعبة فقلنا ألا تستنصر لنا ألا تدعو لنا فقال قد كان من قبلكم يؤخذ الرجل فيحفر له في الأرض فيجعل فيها فيجاء بالمنشار فيوضع على رأسه فيجعل نصفين ويمشط بأمشاط الحديد ما دون لحمه وعظمه فما يصده ذلك عن دينه والله ليتمن هذا الأمر حتى يسير الراكب من صنعاء إلى حضرموت لا يخاف إلا الله والذئب على غنمه ولكنكم تستعجلون",
        "note": "",
        "grade_id": 2,
        "grade": "সহিহ হাদিস",
        "grade_color": "#46B891"
      }
    ]
  },
  {
    "id": 1629,
    "book_id": 1,
    "book_name": "bukhari",
    "chapter_id": 89,
    "section_id": 3,
    "title": "জোর করে কাউকে দিয়ে তার নিজের সম্পদ বা অপরের সম্পদ বিক্রয় করানো।",
    "preface": "",
    "number": "৮৯/৩. অধ্যায়ঃ",
    "sort_order": 3,
    "hadiths": [
      {
        "id": 4890,
        "book_id": 1,
        "book_name": "সহিহ বুখারী",
        "chapter_id": 89,
        "section_id": 3,
        "hadith_key": "সহিহ বুখারী: ৬৯৪৪",
        "hadith_id": 6944,
        "narrator": "আবূ হুরায়রা (রাঃ)",
        "bn": "তিনি বলেন, একবার আমরা মসজিদে ছিলাম। হঠাৎ রসূলুল্লাহ্ (সাল্লাল্লাহু ‘আলাইহি ওয়া সাল্লাম) আমাদের নিকট বেরিয়ে এসে বললেনঃ তোমরা ইয়াহূদীদের কাছে চল। আমি তাঁর সঙ্গে বের হয়ে গেলাম এবং বায়তুল-মিদ্‌রাস নামক শিক্ষাকেন্দ্রে গিয়ে পৌঁছলাম। তখন নবী (সাল্লাল্লাহু ‘আলাইহি ওয়া সাল্লাম) দাঁড়িয়ে তাদেরকে উদ্দেশ্য করে বললেনঃ হে ইয়াহূদী সম্প্রদায়! তোমরা মুসলিম হয়ে যাও, নিরাপদ থাকবে। তারা বলল, হে আবুল কাসিম! আপনি (আপনার দায়িত্ব) পৌঁছে দিয়েছেন। তিনি বললেনঃ এটাই আমি চাই। তারপর দ্বিতীয়বার কথাটি বললেন। তারা বলল, হে আবুল কাসিম! আপনি পৌঁছে দিয়েছেন। এরপর তিনি তৃতীয়বার তা আবার বললেন। আর বললেনঃ তোমরা জেনে রেখো যে, যমীন কেবল আল্লাহ্ ও তাঁর রাসূলের। আমি তোমাদেরকে দেশান্তর করতে মনস্থ করেছি। তাই তোমাদের যার অস্থাবর সম্পত্তি রয়েছে, তা যেন সে বিক্রি করে ফেলে। তা না হলে জেনে রেখো, যমীন কেবল আল্লাহ্ ও তাঁর রসূলের। [১৩৪] [৩১৬৭; মুসলিম ৩২/২০, হাঃ ১৭৬৫, আহমাদ ৯৮৩৩] (আধুনিক প্রকাশনী- ৬৪৬২, ইসলামিক ফাউন্ডেশন- ৬৪৭৫)",
        "ar": "عَبْدُ الْعَزِيزِ بْنُ عَبْدِ اللهِ حَدَّثَنَا اللَّيْثُ عَنْ سَعِيدٍ الْمَقْبُرِيِّ عَنْ أَبِيهِ عَنْ أَبِي هُرَيْرَةَ قَالَ بَيْنَمَا نَحْنُ فِي الْمَسْجِدِ إِذْ خَرَجَ عَلَيْنَا رَسُولُ اللهِ صلى الله عليه وسلم فَقَالَ انْطَلِقُوا إِلَى يَهُودَ فَخَرَجْنَا مَعَهُ حَتَّى جِئْنَا بَيْتَ الْمِدْرَاسِ فَقَامَ النَّبِيُّ صلى الله عليه وسلم فَنَادَاهُمْ يَا مَعْشَرَ يَهُودَ أَسْلِمُوا تَسْلَمُوا فَقَالُوا قَدْ بَلَّغْتَ يَا أَبَا الْقَاسِمِ فَقَالَ ذَلِكَ أُرِيدُ ثُمَّ قَالَهَا الثَّانِيَةَ فَقَالُوا قَدْ بَلَّغْتَ يَا أَبَا الْقَاسِمِ ثُمَّ قَالَ الثَّالِثَةَ فَقَالَ اعْلَمُوا أَنَّ الأَرْضَ لِلَّهِ وَرَسُولِهِ وَإِنِّي أُرِيدُ أَنْ أُجْلِيَكُمْ فَمَنْ وَجَدَ مِنْكُمْ بِمَالِهِ شَيْئًا فَلْيَبِعْهُ وَإِلاَّ فَاعْلَمُوا أَنَّمَا الأَرْضُ لِلَّهِ وَرَسُولِهِ",
        "ar_diacless": "عبد العزيز بن عبد الله حدثنا الليث عن سعيد المقبري عن أبيه عن أبي هريرة قال بينما نحن في المسجد إذ خرج علينا رسول الله صلى الله عليه وسلم فقال انطلقوا إلى يهود فخرجنا معه حتى جئنا بيت المدراس فقام النبي صلى الله عليه وسلم فناداهم يا معشر يهود أسلموا تسلموا فقالوا قد بلغت يا أبا القاسم فقال ذلك أريد ثم قالها الثانية فقالوا قد بلغت يا أبا القاسم ثم قال الثالثة فقال اعلموا أن الأرض لله ورسوله وإني أريد أن أجليكم فمن وجد منكم بماله شيئا فليبعه وإلا فاعلموا أنما الأرض لله ورسوله",
        "note": "[১৩৪] মদীনা সনদ- তথা মুসলমান ও ইয়াহূদী সবাই মিলে একত্রিত শান্তিতে বসবাস করার চুক্তিতে স্বাক্ষর করার পরও ইয়াহূদীরা চুক্তি লঙ্ঘন করে মুসলমানদের বিরুদ্ধে নানামুখী ষড়যন্ত্রে লিপ্ত হয়ে পড়েছিল। সেই প্রেক্ষাপটে রসূল (সাল্লাল্লাহু ‘আলাইহি ওয়া সাল্লাম) তাদের কাছে গিয়েছিলেন।",
        "grade_id": 2,
        "grade": "সহিহ হাদিস",
        "grade_color": "#46B891"
      }
    ]
  },
  {
    "id": 1630,
    "book_id": 1,
    "book_name": "bukhari",
    "chapter_id": 89,
    "section_id": 4,
    "title": "যার উপর বল প্রয়োগ করা হয়েছে এমন ব্যক্তির বিয়ে জায়েয হয় না।",
    "preface": "আল্লাহ্ বলেন : তোমরা দাসীগণকে ব্যভিচারে বাধ্য করো না .... .... (সূরা আন্-নূর ২৪/৩৩)",
    "number": "৮৯/৪. অধ্যায়ঃ",
    "sort_order": 3,
    "hadiths": [
      {
        "id": 4891,
        "book_id": 1,
        "book_name": "সহিহ বুখারী",
        "chapter_id": 89,
        "section_id": 4,
        "hadith_key": "সহিহ বুখারী: ৬৯৪৫",
        "hadith_id": 6945,
        "narrator": "খান্‌সা বিন্‌ত খিযাম আনসারী (রাঃ)",
        "bn": "যে, তাকে তার পিতা (অনুমতি ছাড়া) বিয়ে দিলেন। আর সে ছিল বিধবা। এ বিয়ে সে অপছন্দ করল। তাই সে নবী (সাল্লাল্লাহু ‘আলাইহি ওয়া সাল্লাম)-এর কাছে এসে জানাল। ফলে তিনি তার এ বিয়ে বাতিল করে দিলেন। [১৩৫](আধুনিক প্রকাশনী- ৬৪৬৩, ইসলামিক ফাউন্ডেশন- ৬৪৭৬)",
        "ar": "يَحْيَى بْنُ قَزَعَةَ حَدَّثَنَا مَالِكٌ عَنْ عَبْدِ الرَّحْمٰنِ بْنِ الْقَاسِمِ عَنْ أَبِيهِ عَنْ عَبْدِ الرَّحْمٰنِ وَمُجَمِّعٍ ابْنَيْ يَزِيدَ بْنِ جَارِيَةَ الأَنْصَارِيِّ عَنْ خَنْسَاءَ بِنْتِ خِذَامٍ الأَنْصَارِيَّةِ أَنَّ أَبَاهَا زَوَّجَهَا وَهِيَ ثَيِّبٌ فَكَرِهَتْ ذَلِكَ فَأَتَتْ النَّبِيَّ صلى الله عليه وسلم فَرَدَّ نِكَاحَهَا",
        "ar_diacless": "يحيى بن قزعة حدثنا مالك عن عبد الرحمٰن بن القاسم عن أبيه عن عبد الرحمٰن ومجمع ابني يزيد بن جارية الأنصاري عن خنساء بنت خذام الأنصارية أن أباها زوجها وهي ثيب فكرهت ذلك فأتت النبي صلى الله عليه وسلم فرد نكاحها",
        "note": "[১৩৫] যে বিয়ে পুত্র কন্যার অসম্মতিতে হয়েছে তা বাতিলযোগ্য।",
        "grade_id": 2,
        "grade": "সহিহ হাদিস",
        "grade_color": "#46B891"
      },
      {
        "id": 4892,
        "book_id": 1,
        "book_name": "সহিহ বুখারী",
        "chapter_id": 89,
        "section_id": 4,
        "hadith_key": "সহিহ বুখারী: ৬৯৪৬",
        "hadith_id": 6946,
        "narrator": "আয়িশা (রাঃ)",
        "bn": "তিনি বলেন, আমি বললাম, হে আল্লাহ্‌র রাসূল! মহিলাদের বিয়ে দেয়ার ক্ষেত্রে তাদের অনুমতি নিতে হবে কি? তিনি বললেন, হ্যাঁ। আমি বললাম, কুমারীর কাছে অনুমতি চাইলে তো লজ্জাবোধ করে; ফলে সে নীরব। তিনি বললেনঃ তার নীরবতাই তার অনুমতি।[৫১৩৭; মুসলিম ১৬/৮, হাঃ ১৪২০, আহমাদ ২৪২৪০] (আধুনিক প্রকাশনী- ৬৪৬৪, ইসলামিক ফাউন্ডেশন- ৬৪৭৭)",
        "ar": "مُحَمَّدُ بْنُ يُوسُفَ حَدَّثَنَا سُفْيَانُ عَنْ ابْنِ جُرَيْجٍ عَنْ ابْنِ أَبِي مُلَيْكَةَ عَنْ أَبِي عَمْرٍو هُوَ ذَكْوَانُ عَنْ عَائِشَةَ قَالَتْ قُلْتُ يَا رَسُولَ اللهِ يُسْتَأْمَرُ النِّسَاءُ فِي أَبْضَاعِهِنَّ قَالَ نَعَمْ قُلْتُ فَإِنَّ الْبِكْرَ تُسْتَأْمَرُ فَتَسْتَحْيِي فَتَسْكُتُ قَالَ سُكَاتُهَا إِذْنُهَا",
        "ar_diacless": "محمد بن يوسف حدثنا سفيان عن ابن جريج عن ابن أبي مليكة عن أبي عمرو هو ذكوان عن عائشة قالت قلت يا رسول الله يستأمر النساء في أبضاعهن قال نعم قلت فإن البكر تستأمر فتستحيي فتسكت قال سكاتها إذنها",
        "note": "",
        "grade_id": 2,
        "grade": "সহিহ হাদিস",
        "grade_color": "#46B891"
      }
    ]
  },
  {
    "id": 1631,
    "book_id": 1,
    "book_name": "bukhari",
    "chapter_id": 89,
    "section_id": 5,
    "title": "কাউকে যদি বাধ্য করা হয়, যার কারণে সে গোলাম দান করে ফেলে অথবা বিক্রি করে দেয় তবে তা কার্যকর হবে না।",
    "preface": "কেউ কেউ সে রকমই রায় পোষণ করেন। অন্য পক্ষে তার মতে ক্রেতা যদি এতে কিছু মানত করে তাহলে তা কার্যকর হবে। তদ্রুপ তাকে যদি মুদাব্বার বানিয়ে নেয় তাহলে তা কার্যকর হবে।",
    "number": "৮৯/৫. অধ্যায়ঃ",
    "sort_order": 5,
    "hadiths": [
      {
        "id": 4893,
        "book_id": 1,
        "book_name": "সহিহ বুখারী",
        "chapter_id": 89,
        "section_id": 5,
        "hadith_key": "সহিহ বুখারী: ৬৯৪৭",
        "hadith_id": 6947,
        "narrator": "জাবির (রাঃ)",
        "bn": "এক আনসারী লোক তার এক গোলাম মুদাব্বার বানিয়ে দেয়। অথচ তার এছাড়া অন্য কোন মাল ছিল না। এ সংবাদ নবী (সাল্লাল্লাহু ‘আলাইহি ওয়া সাল্লাম)-এর নিকট পৌঁছলে তিনি বললেনঃ কে আমার নিকট হতে এ গোলাম কিনে নিবে? নু‘আয়ম ইব্‌নু নাহ্হাম (রাঃ) আটশ’ দিরহামে তাকে ক্রয় করলেন। রাবী বলেন, আমি জাবির (রাঃ)-কে বলতে শুনেছি, ঐ গোলামটি কিব্তী গোলাম ছিল এবং (ক্রয়ের) প্রথম বছরই মারা যায়।(আধুনিক প্রকাশনী- ৬৪৬৫, ইসলামিক ফাউন্ডেশন- ৬৪৭৮)",
        "ar": "أَبُو النُّعْمَانِ حَدَّثَنَا حَمَّادُ بْنُ زَيْدٍ عَنْ عَمْرِو بْنِ دِينَارٍ عَنْ جَابِرٍ أَنَّ رَجُلاً مِنْ الأَنْصَارِ دَبَّرَ مَمْلُوكًا وَلَمْ يَكُنْ لَهُ مَالٌ غَيْرُهُ فَبَلَغَ ذَلِكَ رَسُولَ اللهِ صلى الله عليه وسلم فَقَالَ مَنْ يَشْتَرِيهِ مِنِّي فَاشْتَرَاهُ نُعَيْمُ بْنُ النَّحَّامِ بِثَمَانِ مِائَةِ دِرْهَمٍ قَالَ فَسَمِعْتُ جَابِرًا يَقُولُ عَبْدًا قِبْطِيًّا مَاتَ عَامَ أَوَّلَ",
        "ar_diacless": "أبو النعمان حدثنا حماد بن زيد عن عمرو بن دينار عن جابر أن رجلا من الأنصار دبر مملوكا ولم يكن له مال غيره فبلغ ذلك رسول الله صلى الله عليه وسلم فقال من يشتريه مني فاشتراه نعيم بن النحام بثمان مائة درهم قال فسمعت جابرا يقول عبدا قبطيا مات عام أول",
        "note": "",
        "grade_id": 2,
        "grade": "সহিহ হাদিস",
        "grade_color": "#46B891"
      }
    ]
  },
  {
    "id": 1632,
    "book_id": 1,
    "book_name": "bukhari",
    "chapter_id": 89,
    "section_id": 6,
    "title": "‘ইকরাহ্’ (বাধ্য করা) শব্দ থেকে কারহান ও কুরহান নির্গত, দু’টি অর্থ একই।",
    "preface": "",
    "number": "৮৯/৬. অধ্যায়ঃ",
    "sort_order": 6,
    "hadiths": [
      {
        "id": 4894,
        "book_id": 1,
        "book_name": "সহিহ বুখারী",
        "chapter_id": 89,
        "section_id": 6,
        "hadith_key": "সহিহ বুখারী: ৬৯৪৮",
        "hadith_id": 6948,
        "narrator": "ইব্‌নু ‘আব্বাস (রাঃ)",
        "bn": "তিনি এ আয়াতঃ “হে মু’মিনগণ! নারীদেরকে জোরপূর্বক তোমাদের উত্তরাধিকার মনে করা তোমাদের জন্য বৈধ নয়.....”- (সূরা আন্-নিসা ৪/১৯)। এর ব্যাখ্যায় বলেন, তাদের নিয়ম ছিল, যখন কোন লোক মারা যেত তখন তার অভিভাবকগণই তার স্ত্রীর ব্যাপারে অধিক হক্দার বলে মনে করত। ইচ্ছা করলে তাদের মধ্যে কেউ তাকে বিয়ে করত, ইচ্ছা করলে তাকে (অন্যত্র) বিয়ে দিত, আর ইচ্ছা করলে তাকে বিয়ে দিত না। স্ত্রীর অভিভাবকদের তুলনায় নিজেদেরকে অধিক হক্দার তারাই মনে করত। এ সম্পর্কেই উক্ত আয়াত অবতীর্ণ হয়। (আধুনিক প্রকাশনী- ৬৪৬৬, ইসলামিক ফাউন্ডেশন- ৬৪৭৯)",
        "ar": "حُسَيْنُ بْنُ مَنْصُورٍ حَدَّثَنَا أَسْبَاطُ بْنُ مُحَمَّدٍ حَدَّثَنَا الشَّيْبَانِيُّ سُلَيْمَانُ بْنُ فَيْرُوزٍ عَنْ عِكْرِمَةَ عَنْ ابْنِ عَبَّاسٍ قَالَ الشَّيْبَانِيُّ وَحَدَّثَنِي عَطَاءٌ أَبُو الحَسَنِ السُّوَائِيُّ وَلاَ أَظُنُّهُ إِلاَّ ذَكَرَهُ عَنْ ابْنِ عَبَّاسٍ {يَا أَيُّهَا الَّذِينَ اٰمَنُوا لاَ يَحِلُّ لَكُمْ أَنْ تَرِثُوا النِّسَاءَ كَرْهًا} الْآيَةَ قَالَ كَانُوا إِذَا مَاتَ الرَّجُلُ كَانَ أَوْلِيَاؤُهُ أَحَقَّ بِامْرَأَتِهِ إِنْ شَاءَ بَعْضُهُمْ تَزَوَّجَهَا وَإِنْ شَاءُوا زَوَّجَهَا وَإِنْ شَاءُوا لَمْ يُزَوِّجْهَا فَهُمْ أَحَقُّ بِهَا مِنْ أَهْلِهَا فَنَزَلَتْ هَذِهِ الْآيَةُ فِي ذَلِكَ",
        "ar_diacless": "حسين بن منصور حدثنا أسباط بن محمد حدثنا الشيباني سليمان بن فيروز عن عكرمة عن ابن عباس قال الشيباني وحدثني عطاء أبو الحسن السوائي ولا أظنه إلا ذكره عن ابن عباس {يا أيها الذين اٰمنوا لا يحل لكم أن ترثوا النساء كرها} الآية قال كانوا إذا مات الرجل كان أولياؤه أحق بامرأته إن شاء بعضهم تزوجها وإن شاءوا زوجها وإن شاءوا لم يزوجها فهم أحق بها من أهلها فنزلت هذه الآية في ذلك",
        "note": "",
        "grade_id": 2,
        "grade": "সহিহ হাদিস",
        "grade_color": "#46B891"
      }
    ]
  },
  {
    "id": 1633,
    "book_id": 1,
    "book_name": "bukhari",
    "chapter_id": 89,
    "section_id": 7,
    "title": "যখন কোন মহিলাকে ব্যভিচারে বাধ্য করা হয় তখন তার উপর কোন ‘হদ’ আসে না। কেননা, আল্লাহ্‌ বলেনঃ তবে কেউ যদি তাদেরকে বাধ্য করে সে ক্ষেত্রে জবরদস্তির পর আল্লাহ্‌ তো তাদের প্রতি ক্ষমাশীল ও পরম দয়ালু। (সূরা আন্‌-নূর ২৪/৩৩)",
    "preface": "",
    "number": "৮৯/৭. অধ্যায়ঃ",
    "sort_order": 7,
    "hadiths": [
      {
        "id": 4896,
        "book_id": 1,
        "book_name": "সহিহ বুখারী",
        "chapter_id": 89,
        "section_id": 7,
        "hadith_key": "সহিহ বুখারী: ৬৯৪৯",
        "hadith_id": 6949,
        "narrator": "লায়স (রহঃ) নাফি‘ (রহঃ)",
        "bn": "লায়স (রহঃ) নাফি‘ (রহঃ)-এর সূত্রে বর্ণনা করেন যে, সুফীয়্যাহ বিন্‌ত আবূ ‘উবায়দ তাকে সংবাদ দিয়েছেন যে, সরকারী মালিকানাধীন এক গোলাম গনীমতের পঞ্চমাংশে পাওয়া এক দাসীর সঙ্গে জবরদস্তি করে যিনা করে। তাতে তার কুমারীত্ব মুছে যায়। ‘উমর (রাঃ) উক্ত গোলামকে কশাঘাত করলেন ও নির্বাসন দিলেন। কিন্তু দাসীটিকে সে বাধ্য করেছিল বলে কশাঘাত করলেন না। যুহরী (রহঃ) কুমারী দাসীর ব্যাপারে বলেন, যার কুমারীত্ব কোন আযাদ ব্যক্তি ছিন্ন করে ফেলল, বিচারক ঐ কুমারী দাসীর মূল্য অনুপাতে তার জন্য ঐ আযাদ ব্যক্তির নিকট হতে কুমারীত্ব মুছে ফেলার দিয়াত গ্রহণ করবেন এবং ওকে কশাঘাত করবেন। আর বিবাহিতা দাসীর ক্ষেত্রে ইমামদের সিদ্ধান্ত অনুযায়ী কোন জারিমানা নেই। কিন্তু তার উপর ‘হদ’ জারি হবে। [১৩৬](আধুনিক প্রকাশনী- অনুচ্ছেদ, ইসলামিক ফাউন্ডেশন- অনুচ্ছেদ)",
        "ar": "وَقَالَ اللَّيْثُ حَدَّثَنِي نَافِعٌ أَنَّ صَفِيَّةَ بِنْتَ أَبِي عُبَيْدٍ أَخْبَرَتْهُ أَنَّ عَبْدًا مِنْ رَقِيقِ الإِمَارَةِ وَقَعَ عَلَى وَلِيدَةٍ مِنْ الْخُمُسِ فَاسْتَكْرَهَهَا حَتَّى اقْتَضَّهَا فَجَلَدَهُ عُمَرُ الْحَدَّ وَنَفَاهُ وَلَمْ يَجْلِدْ الْوَلِيدَةَ مِنْ أَجْلِ أَنَّهُ اسْتَكْرَهَهَا قَالَ الزُّهْرِيُّ فِي الأَمَةِ الْبِكْرِ يَفْتَرِعُهَا الْحُرُّ يُقِيمُ ذَلِكَ الْحَكَمُ مِنْ الأَمَةِ الْعَذْرَاءِ بِقَدْرِ قِيمَتِهَا وَيُجْلَدُ وَلَيْسَ فِي الأَمَةِ الثَّيِّبِ فِي قَضَاءِ الأَئِمَّةِ غُرْمٌ وَلَكِنْ عَلَيْهِ الْحَدُّ",
        "ar_diacless": "وقال الليث حدثني نافع أن صفية بنت أبي عبيد أخبرته أن عبدا من رقيق الإمارة وقع على وليدة من الخمس فاستكرهها حتى اقتضها فجلده عمر الحد ونفاه ولم يجلد الوليدة من أجل أنه استكرهها قال الزهري في الأمة البكر يفترعها الحر يقيم ذلك الحكم من الأمة العذراء بقدر قيمتها ويجلد وليس في الأمة الثيب في قضاء الأئمة غرم ولكن عليه الحد",
        "note": "[১৩৬] জোর জবরদস্তি করে যে সকল মহিলাকে ধর্ষণ করা হয় তাদের উপর হাদ্দ জারী না করার প্রতি হাদীসটিতে ইঙ্গিত বহন করছে। সুতরাং ধর্ষিতা নারীকে হেয় প্রতিপন্ন করা বা অসম্মানের দৃষ্টিতে না দেখাই ইসলামের শিক্ষা।",
        "grade_id": 2,
        "grade": "সহিহ হাদিস",
        "grade_color": "#46B891"
      },
      {
        "id": 4895,
        "book_id": 1,
        "book_name": "সহিহ বুখারী",
        "chapter_id": 89,
        "section_id": 7,
        "hadith_key": "সহিহ বুখারী: ৬৯৫০",
        "hadith_id": 6950,
        "narrator": "আবূ হুরায়রা (রাঃ)",
        "bn": "তিনি বলেন, রসূলুল্লাহ্ (সাল্লাল্লাহু ‘আলাইহি ওয়া সাল্লাম) বলেছেনঃ ইব্রাহীম (‘আলাইহি ওয়া সাল্লাম) ‘সারা’ (‘আলাইহি ওয়া সাল্লাম)-কে নিয়ে হিজরত করে এমন এক জনপদে আসলেন, যেখানে একজন স্বৈরাচারী বাদশাহ্ ছিল। সে তাঁকে বলে পাঠাল যে, যেন তিনি ‘সারা’ কে তার নিকট পাঠিয়ে দেন। তিনি তাকে পাঠিয়ে দিলেন। সে ‘সারার’ দিকে অগ্রসর হতে লাগল। অপর দিকে ‘সারা’ ওযূ করে সালাত আদায় করতে লাগলেন। আর বললেন, হে আল্লাহ্! আমি যদি তোমার ও তোমার রাসূলের প্রতি ঈমান এনে থাকি তাহলে আমার উপর ঐ কাফিরকে ক্ষমতা দিও না। ফলে সে শ্বাসরুদ্ধ হয়ে (মাটিতে পড়ে) গোড়ালি দিয়ে ঘর্ষণ করতে লাগল। (আধুনিক প্রকাশনী- ৬৪৬৭, ইসলামিক ফাউন্ডেশন- ৬৪৮০)",
        "ar": "أَبُو الْيَمَانِ حَدَّثَنَا شُعَيْبٌ حَدَّثَنَا أَبُو الزِّنَادِ عَنْ الأَعْرَجِ عَنْ أَبِي هُرَيْرَةَ قَالَ قَالَ رَسُولُ اللهِ صلى الله عليه وسلم هَاجَرَ إِبْرَاهِيمُ بِسَارَةَ دَخَلَ بِهَا قَرْيَةً فِيهَا مَلِكٌ مِنْ الْمُلُوكِ أَوْ جَبَّارٌ مِنْ الْجَبَابِرَةِ فَأَرْسَلَ إِلَيْهِ أَنْ أَرْسِلْ إِلَيَّ بِهَا فَأَرْسَلَ بِهَا فَقَامَ إِلَيْهَا فَقَامَتْ تَوَضَّأُ وَتُصَلِّي فَقَالَتْ اللهُمَّ إِنْ كُنْتُ آمَنْتُ بِكَ وَبِرَسُولِكَ فَلاَ تُسَلِّطْ عَلَيَّ الْكَافِرَ فَغُطَّ حَتَّى رَكَضَ بِرِجْلِهِ",
        "ar_diacless": "أبو اليمان حدثنا شعيب حدثنا أبو الزناد عن الأعرج عن أبي هريرة قال قال رسول الله صلى الله عليه وسلم هاجر إبراهيم بسارة دخل بها قرية فيها ملك من الملوك أو جبار من الجبابرة فأرسل إليه أن أرسل إلي بها فأرسل بها فقام إليها فقامت توضأ وتصلي فقالت اللهم إن كنت آمنت بك وبرسولك فلا تسلط علي الكافر فغط حتى ركض برجله",
        "note": "",
        "grade_id": 2,
        "grade": "সহিহ হাদিস",
        "grade_color": "#46B891"
      }
    ]
  },
  {
    "id": 1634,
    "book_id": 1,
    "book_name": "bukhari",
    "chapter_id": 89,
    "section_id": 8,
    "title": "যখন কোন লোক তার সঙ্গীর ব্যাপারে নিহত হওয়া বা তদ্রুপ কিছুর আশঙ্কা করে তখন (তার কল্যাণে) কসম করা যে, সে তার ভাই।",
    "preface": "তদ্রুপ যে কোন বল প্রয়োগকৃত লোকের ব্যাপারে যখন কোন প্রকার আশঙ্কা দেখা দেয়। কেননা, এক মুসলিম অন্য মুসলিমকে জালিমের হাত থেকে রক্ষা করবে। তার জন্য লড়াই করবে, তাকে লাঞ্ছিত করবে না। যদি সে মজলুমের জন্যে লড়াই করে তাহলে তার উপর কোন ‘হদ’ বা কিসাস নেই। যদি কাউকে বলা হয় তোমাকে অবশ্যই মদ পান করতে হবে, অথবা মৃতের গোশ্‌ত খেতে হবে, অথবা তোমার দাসকে বিক্রি করতে হবে অথবা তোমাকে ঋণ স্বীকার করতে হবে অথবা কিছু দান করতে হবে বা তদ্রুপ যে কোন চুক্তির কথা বলা হয়, নইলে আমরা তোমার পিতাকে অথবা মুসলিম ভাইকে হত্যা করে ফেলব। তখন তার জন্য ঐসব কাজ করার অনুমতি আছে। কেননা, নবী (সাল্লাল্লাহু ‘আলাইহি ওয়া সাল্লাম) বলেছেনঃ এক মুসলিম অপর মুসলিমের ভাই। কেউ কেউ বলেন, যদি বলা হয়, তোমাকে অবশ্যই মদ পান করতে হবে, অথবা মৃতের গোশ্‌ত খেতে হবে, অন্যথায় আমরা তোমার পুত্রকে বা তোমার পিতাকে বা তোমার কোন নিকট আত্মীয়কে হত্যা করে ফেলব, তখন তার জন্য এসব কাজ করার অনুমতি নেই। কেননা সে নিরুপায় নয়। কেউ কেউ এর বিপরীত রায় ব্যক্ত করে বলেন, যদি তাকে বলা হয়, আমরা অবশ্যই তোমার পিতাকে বা তোমার পুত্রকে হত্যা করে ফেলব, না হয় তোমাকে ঐ গোলামটি বিক্রি করতে হবে, অথবা তোমাকে ঋণ স্বীকার করতে হবে, অথবা হেবা স্বীকার করতে হবে, তাহলে কিয়াসের দৃষ্টিতে তার জন্য তা জরুরী হয়ে যায়। তবে ইস্‌তিহ্‌সানের প্রেক্ষিতে আমরা বলি যে, এ ক্ষেত্রে বিক্রি, দান বা যে কোন চুক্তি বাতিল বলে গণ্য হবে। কাজেই তারা কিতাব (কুরআন), সুন্নাহ্‌ ছাড়াই নিকটাত্মীয় ও আত্মীয়দের মধ্যে প্রভেদ করে নিল। নবী (সাল্লাল্লাহু ‘আলাইহি ওয়া সাল্লাম) বলেনঃ ইবরাহীম (‘আলাইহি ওয়া সাল্লাম) তাঁর স্ত্রী সম্পর্কে বলেছেন, ইনি আমার বোন। আর তা ছিল আল্লাহ্‌র ব্যাপারে (দ্বীনের ভিত্তিতে)। নাখই (রহঃ) বলেন, যে ব্যক্তি হলফ্‌ করায়, সে যদি অত্যাচারী হয় তাহলে হলফকারীর নিয়তই গ্রহণীয় হবে। আর যদি সে মজলুম হয় তাহলে তার নিয়তই গ্রহণীয় হবে।",
    "number": "৮৯/৮. অধ্যায়ঃ",
    "sort_order": 8,
    "hadiths": [
      {
        "id": 4897,
        "book_id": 1,
        "book_name": "সহিহ বুখারী",
        "chapter_id": 89,
        "section_id": 8,
        "hadith_key": "সহিহ বুখারী: ৬৯৫১",
        "hadith_id": 6951,
        "narrator": "আবদুল্লাহ্ ইব্‌নু ‘উমর (রাঃ)",
        "bn": "রাসূলুল্লাহ্ (সাল্লাল্লাহু ‘আলাইহি ওয়া সাল্লাম) বলেছেনঃ এক মুসলিম অন্য মুসলিমের ভাই, না সে তার প্রতি জুলুম করবে, না তাকে অন্যের হাওলা করবে। যে কেউ তার ভাইয়ের প্রয়োজন পূরণ করবে আল্লাহ্ তার প্রয়োজন পূরণ করবেন। (আধুনিক প্রকাশনী- ৬৪৬৮, ইসলামিক ফাউন্ডেশন- ৬৪৮১)",
        "ar": "يَحْيَى بْنُ بُكَيْرٍ حَدَّثَنَا اللَّيْثُ عَنْ عُقَيْلٍ عَنْ ابْنِ شِهَابٍ أَنَّ سَالِمًا أَخْبَرَهُ أَنَّ عَبْدَ اللهِ بْنَ عُمَرَ أَخْبَرَهُ أَنَّ رَسُولَ اللهِ صلى الله عليه وسلم قَالَ الْمُسْلِمُ أَخُو الْمُسْلِمِ لاَ يَظْلِمُهُ وَلاَ يُسْلِمُهُ وَمَنْ كَانَ فِي حَاجَةِ أَخِيهِ كَانَ اللهُ فِي حَاجَتِهِ",
        "ar_diacless": "يحيى بن بكير حدثنا الليث عن عقيل عن ابن شهاب أن سالما أخبره أن عبد الله بن عمر أخبره أن رسول الله صلى الله عليه وسلم قال المسلم أخو المسلم لا يظلمه ولا يسلمه ومن كان في حاجة أخيه كان الله في حاجته",
        "note": "",
        "grade_id": 2,
        "grade": "সহিহ হাদিস",
        "grade_color": "#46B891"
      },
      {
        "id": 4898,
        "book_id": 1,
        "book_name": "সহিহ বুখারী",
        "chapter_id": 89,
        "section_id": 8,
        "hadith_key": "সহিহ বুখারী: ৬৯৫২",
        "hadith_id": 6952,
        "narrator": "আনাস (রাঃ)",
        "bn": "তিনি বলেন, রসূলুল্লাহ্ (সাল্লাল্লাহু ‘আলাইহি ওয়া সাল্লাম) বলেছেনঃ তোমার ভাইকে সাহায্য কর। সে জালিম হোক অথবা মজলুম হোক। এক লোক বলল, হে আল্লাহ্‌র রসূল! মজলুম হলে তাকে সাহায্য করব তা তো বুঝলাম। কিন্তু জালিম হলে তাকে কিভাবে সাহায্য করব? তিনি বললেনঃ তাকে অত্যাচার থেকে বিরত রাখবে। আর এটাই হল তার সাহায্য।(আধুনিক প্রকাশনী- ৬৪৬৯, ইসলামিক ফাউন্ডেশন- ৬৪৮২)",
        "ar": "مُحَمَّدُ بْنُ عَبْدِ الرَّحِيمِ حَدَّثَنَا سَعِيدُ بْنُ سُلَيْمَانَ حَدَّثَنَا هُشَيْمٌ أَخْبَرَنَا عُبَيْدُ اللهِ بْنُ أَبِي بَكْرِ بْنِ أَنَسٍ عَنْ أَنَسٍ قَالَ قَالَ رَسُولُ اللهِ صلى الله عليه وسلم انْصُرْ أَخَاكَ ظَالِمًا أَوْ مَظْلُومًا فَقَالَ رَجُلٌ يَا رَسُولَ اللهِ أَنْصُرُهُ إِذَا كَانَ مَظْلُومًا أَفَرَأَيْتَ إِذَا كَانَ ظَالِمًا كَيْفَ أَنْصُرُهُ قَالَ تَحْجُزُهُ أَوْ تَمْنَعُهُ مِنْ الظُّلْمِ فَإِنَّ ذَلِكَ نَصْرُهُ",
        "ar_diacless": "محمد بن عبد الرحيم حدثنا سعيد بن سليمان حدثنا هشيم أخبرنا عبيد الله بن أبي بكر بن أنس عن أنس قال قال رسول الله صلى الله عليه وسلم انصر أخاك ظالما أو مظلوما فقال رجل يا رسول الله أنصره إذا كان مظلوما أفرأيت إذا كان ظالما كيف أنصره قال تحجزه أو تمنعه من الظلم فإن ذلك نصره",
        "note": "",
        "grade_id": 2,
        "grade": "সহিহ হাদিস",
        "grade_color": "#46B891"
      }
    ]
  }
]