[
  {
    "id": 299,
    "chapter_id": 1,
    "book_id": 8,
    "title": "বিবিধ",
    "number": 1,
    "hadis_range": "১ - ৬৮৫",
    "book_name": "riyadus-salihin"
  },
  {
    "id": 371,
    "chapter_id": 2,
    "book_id": 8,
    "title": "শিষ্টাচার",
    "number": 2,
    "hadis_range": "৬৮৬ - ৭৩১",
    "book_name": "riyadus-salihin"
  },
  {
    "id": 372,
    "chapter_id": 3,
    "book_id": 8,
    "title": "পানাহারের আদব-কায়দা",
    "number": 3,
    "hadis_range": "৭৩২ - ৭৮২",
    "book_name": "riyadus-salihin"
  },
  {
    "id": 373,
    "chapter_id": 4,
    "book_id": 8,
    "title": "পোষাক-পরিচছদ",
    "number": 4,
    "hadis_range": "৭৮৩ - ৮১৭",
    "book_name": "riyadus-salihin"
  },
  {
    "id": 374,
    "chapter_id": 5,
    "book_id": 8,
    "title": "নিদ্রার আদব",
    "number": 5,
    "hadis_range": "৮১৮ - ৮৪৮",
    "book_name": "riyadus-salihin"
  },
  {
    "id": 375,
    "chapter_id": 6,
    "book_id": 8,
    "title": "সালামের আদব",
    "number": 6,
    "hadis_range": "৮৪৯ - ৮৯৮",
    "book_name": "riyadus-salihin"
  },
  {
    "id": 376,
    "chapter_id": 7,
    "book_id": 8,
    "title": "রোগীদর্শন ও জানাযায় অংশগ্রহণ",
    "number": 7,
    "hadis_range": "৮৯৯ - ৯৬২",
    "book_name": "riyadus-salihin"
  },
  {
    "id": 377,
    "chapter_id": 8,
    "book_id": 8,
    "title": "সফরের আদব-কায়দা",
    "number": 8,
    "hadis_range": "৯৬৩ - ৯৯৭",
    "book_name": "riyadus-salihin"
  },
  {
    "id": 378,
    "chapter_id": 9,
    "book_id": 8,
    "title": "বিভিন্ন নেক আমলের ফযীলত প্রসঙ্গে",
    "number": 9,
    "hadis_range": "৯৯৮ - ১২৭৫",
    "book_name": "riyadus-salihin"
  },
  {
    "id": 379,
    "chapter_id": 10,
    "book_id": 8,
    "title": "ই‘তিকাফ (ইবাদত-উপাসনার জন্য একান্তে অবস্থান করা)",
    "number": 10,
    "hadis_range": "১২৭৬ - ১২৭৮",
    "book_name": "riyadus-salihin"
  },
  {
    "id": 380,
    "chapter_id": 11,
    "book_id": 8,
    "title": "(কা‘বাগৃহের) হজ্জ পালন",
    "number": 11,
    "hadis_range": "১২৭৯ - ১২৯২",
    "book_name": "riyadus-salihin"
  },
  {
    "id": 381,
    "chapter_id": 12,
    "book_id": 8,
    "title": "(আল্লাহর পথে) জিহাদ",
    "number": 12,
    "hadis_range": "১২৯৩ - ১৩৮৩",
    "book_name": "riyadus-salihin"
  },
  {
    "id": 382,
    "chapter_id": 13,
    "book_id": 8,
    "title": "ইলম (জ্ঞান ও শিক্ষা) বিষয়ক অধ্যায়",
    "number": 13,
    "hadis_range": "১৩৮৪ - ১৪০০",
    "book_name": "riyadus-salihin"
  },
  {
    "id": 383,
    "chapter_id": 14,
    "book_id": 8,
    "title": "মহান আল্লাহর প্রশংসা ও তাঁর কৃতজ্ঞতা স্বীকার",
    "number": 14,
    "hadis_range": "১৪০১ - ১৪০৪",
    "book_name": "riyadus-salihin"
  },
  {
    "id": 384,
    "chapter_id": 15,
    "book_id": 8,
    "title": "রাসূলুল্লাহ সাল্লাল্লাহু আলাইহি ওয়াসাল্লাম-এর উপর দরূদ ও সালাম প্রসঙ্গে",
    "number": 15,
    "hadis_range": "১৪০৫ - ১৪১৫",
    "book_name": "riyadus-salihin"
  },
  {
    "id": 385,
    "chapter_id": 16,
    "book_id": 8,
    "title": "যিকির-আযকার প্রসঙ্গে",
    "number": 16,
    "hadis_range": "১৪১৬ - ১৪৭২",
    "book_name": "riyadus-salihin"
  },
  {
    "id": 386,
    "chapter_id": 17,
    "book_id": 8,
    "title": "(প্রার্থনামূলক) দো‘আসমূহ",
    "number": 17,
    "hadis_range": "১৪৭৩ - ১৫১৮",
    "book_name": "riyadus-salihin"
  },
  {
    "id": 387,
    "chapter_id": 18,
    "book_id": 8,
    "title": "নিষিদ্ধ বিষয়াবলী",
    "number": 18,
    "hadis_range": "১৫১৯ - ১৮১৬",
    "book_name": "riyadus-salihin"
  },
  {
    "id": 388,
    "chapter_id": 19,
    "book_id": 8,
    "title": "বিবিধ চিত্তকর্ষী হাদিসসমূহ",
    "number": 19,
    "hadis_range": "১৮১৭ - ১৮৭৭",
    "book_name": "riyadus-salihin"
  },
  {
    "id": 389,
    "chapter_id": 20,
    "book_id": 8,
    "title": "ক্ষমাপ্রার্থনামূলক নির্দেশাবলী",
    "number": 20,
    "hadis_range": "১৮৭৮ - ১৯০৫",
    "book_name": "riyadus-salihin"
  }
]