[
  {
    "id": 12332,
    "book_id": 8,
    "book_name": "riyadus-salihin",
    "chapter_id": 10,
    "section_id": 1,
    "title": "রমযান মাসে ই‘তিকাফ সম্পর্কে",
    "preface": "",
    "number": "পরিচ্ছেদ - ২৩২",
    "sort_order": 1,
    "hadiths": [
      {
        "id": 34401,
        "book_id": 8,
        "book_name": "রিয়াদুস সলেহিন",
        "chapter_id": 10,
        "section_id": 1,
        "hadith_key": "রিয়াদুস সলেহিন: ১২৭৬",
        "hadith_id": 1276,
        "narrator": "আব্দুল্লাহ ইবনে উমার (রাঃ)",
        "bn": "তিনি বলেন, ‘নবী (সাল্লাল্লাহু ‘আলাইহি ওয়া সাল্লাম) রমযানের শেষ দশকে ই‘তিকাফ করতেন।’",
        "ar": "عَنِ ابنِ عُمَرَ رَضِيَ اللهُ عَنهُمَا، قَالَ: كَانَ رَسُولُ اللهِ صلى الله عليه وسلم صلى الله عليه وسلم يَعْتَكِفُ العَشْرَ الأَوَاخِرَ مِنْ رَمَضَانَ . متفقٌ عَلَيْهِ",
        "ar_diacless": "عن ابن عمر رضي الله عنهما، قال: كان رسول الله صلى الله عليه وسلم صلى الله عليه وسلم يعتكف العشر الأواخر من رمضان . متفق عليه",
        "note": "(সহীহুল বুখারী ২০২৫, মুসলিম ১১৭১, আবূ দাউদ ২৪৬৫, ইবনু মাজাহ ১৭৭৩, আহমাদ ৬১৩৭)",
        "grade_id": 2,
        "grade": "সহিহ হাদিস",
        "grade_color": "#46B891"
      },
      {
        "id": 34402,
        "book_id": 8,
        "book_name": "রিয়াদুস সলেহিন",
        "chapter_id": 10,
        "section_id": 1,
        "hadith_key": "রিয়াদুস সলেহিন: ১২৭৭",
        "hadith_id": 1277,
        "narrator": "আয়েশা (রাঃ)",
        "bn": "‘নবী (সাল্লাল্লাহু ‘আলাইহি ওয়া সাল্লাম) রমযানের শেষ দশকে মহান আল্লাহ তাঁকে মৃত্যুদান করা পর্যন্ত ই‘তিকাফ করেছেন। তাঁর (তিরোধানের) পর তাঁর স্ত্রীগণ ই‘তিকাফ করেছেন।’",
        "ar": "وَعَنْ عَائِشَة رَضِيَ اللهُ عَنهَا: أَنَّ النَّبِيَّ صلى الله عليه وسلم كَانَ يَعْتَكِفُ العَشْرَ الأوَاخِرَ مِنْ رَمَضَانَ، حَتَّى تَوَفَّاهُ اللهُ تَعَالَى، ثُمَّ اعْتَكَفَ أَزْوَاجُهُ مِنْ بَعْدِهِ . متفقٌ عَلَيْهِ",
        "ar_diacless": "وعن عائشة رضي الله عنها: أن النبي صلى الله عليه وسلم كان يعتكف العشر الأواخر من رمضان، حتى توفاه الله تعالى، ثم اعتكف أزواجه من بعده . متفق عليه",
        "note": "(সহীহুল বুখারী ২০২৬, মুসলিম ১০৭২, তিরমিযী ৭৯০, আবূ দাউদ ২৪৬২, আহমাদ ২৩৬১১, ২৩৭১৩, ২৪০২৩, ২৪০৯২, মলে ৬৯৯)",
        "grade_id": 2,
        "grade": "সহিহ হাদিস",
        "grade_color": "#46B891"
      },
      {
        "id": 34403,
        "book_id": 8,
        "book_name": "রিয়াদুস সলেহিন",
        "chapter_id": 10,
        "section_id": 1,
        "hadith_key": "রিয়াদুস সলেহিন: ১২৭৮",
        "hadith_id": 1278,
        "narrator": "আবূ হুরাইরা (রাঃ)",
        "bn": "তিনি বলেন, ‘নবী (সাল্লাল্লাহু ‘আলাইহি ওয়া সাল্লাম) প্রত্যেক রমযান মাসের (শেষ) দশদিন ই‘তিকাফ করতেন। তারপর যে বছরে তিনি দেহত্যাগ করেন, সে বছরে বিশ দিন ই‘তিকাফ করেছিলেন।’",
        "ar": "وَعَنْ أَبِي هُرَيرَةَ رضي الله عنه، قَالَ: كَانَ النَّبِيُّ صلى الله عليه وسلم يَعْتَكِفُ فِي كُلِّ رَمَضَانَ عَشْرَةَ أَيَّامٍ، فَلَمَّا كَانَ العَامُ الَّذِي قُبِضَ فِيهِ اعْتَكَفَ عِشْرِينَ يَوْماً . رواه البخاري",
        "ar_diacless": "وعن أبي هريرة رضي الله عنه، قال: كان النبي صلى الله عليه وسلم يعتكف في كل رمضان عشرة أيام، فلما كان العام الذي قبض فيه اعتكف عشرين يوما . رواه البخاري",
        "note": "(সহীহুল বুখারী ২০৪৪, ৪৯৯৮, তিরমিযী ৭৯০, আবূ দাউদ ২৪৬৬, ইবনু মাজাহ ১৭৬৯, আহমাদ ৭৭২৬, ৮২৩০, ৮৪৪৮, ৮৯৫৯, দারেমী ১৭৭৯)",
        "grade_id": 2,
        "grade": "সহিহ হাদিস",
        "grade_color": "#46B891"
      }
    ]
  }
]