[
  {
    "id": 12471,
    "book_id": 8,
    "book_name": "riyadus-salihin",
    "chapter_id": 20,
    "section_id": 1,
    "title": "ক্ষমা প্রার্থনা করার আদেশ ও তার মাহাত্ম্য",
    "preface": "",
    "number": "পরিচ্ছেদ - ৩৭১",
    "sort_order": 1,
    "hadiths": [
      {
        "id": 35016,
        "book_id": 8,
        "book_name": "রিয়াদুস সলেহিন",
        "chapter_id": 20,
        "section_id": 1,
        "hadith_key": "রিয়াদুস সলেহিন: ১৮৭৮",
        "hadith_id": 1878,
        "narrator": "আগার্র মুযানী (রাঃ)",
        "bn": "রাসূলুল্লাহ (সাল্লাল্লাহু ‘আলাইহি ওয়া সাল্লাম) বলেছেন, ‘‘আমার অন্তর আল্লাহর স্মরণ থেকে নিমেষভর বাধাপ্রাপ্ত হয়। সেহেতু আমি দিনে একশত বার আল্লাহর নিকট ক্ষমা ভিক্ষা চাই।’’",
        "ar": "وَعَنْ الأَغَرِّ المُزَنِيِّ رضي الله عنه : أَنَّ رَسُولَ اللهِ صلى الله عليه وسلم قَالَ: «إِنَّهُ لَيُغَانُ عَلَى قَلْبِي، وَإِنِّي لأَسْتَغفِرُ اللهَ فِي اليَوْمِ مِئَةَ مَرَّةٍ» . رواه مسلم",
        "ar_diacless": "وعن الأغر المزني رضي الله عنه : أن رسول الله صلى الله عليه وسلم قال: «إنه ليغان على قلبي، وإني لأستغفر الله في اليوم مئة مرة» . رواه مسلم",
        "note": "(মুসলিম ২৭০২, আবূ দাউদ ১৫১৫, আহমাদ ১৭৩৯১, ১৭৮২৭)",
        "grade_id": 2,
        "grade": "সহিহ হাদিস",
        "grade_color": "#46B891"
      },
      {
        "id": 35018,
        "book_id": 8,
        "book_name": "রিয়াদুস সলেহিন",
        "chapter_id": 20,
        "section_id": 1,
        "hadith_key": "রিয়াদুস সলেহিন: ১৮৭৯",
        "hadith_id": 1879,
        "narrator": "আবূ হুরাইরা (রাঃ)",
        "bn": "আমি রাসূলুল্লাহ (সাল্লাল্লাহু আলাইহি ওয়া সাল্লাম)-কে বলতে শুনেছি যে, ‘‘আল্লাহর শপথ! আমি প্রত্যহ আল্লাহর কাছে সত্তর বারেরও বেশি ইস্তিগফার  [ক্ষমাপ্রার্থনা] ও তাওবাহ করে থাকি।’’",
        "ar": "وَعَنْ أَبِي هُرَيرَةَ رضي الله عنه قَالَ: سَمِعْتُ رَسُولَ اللهِ صلى الله عليه وسلم، يَقُولُ : «وَاللهِ إِنِّي لأَسْتَغْفِرُ اللهَ وَأتُوبُ إِلَيْهِ فِي اليَومِ أَكْثَرَ مِنْ سَبْعِينَ مَرَّةً». رواه البخاري",
        "ar_diacless": "وعن أبي هريرة رضي الله عنه قال: سمعت رسول الله صلى الله عليه وسلم، يقول : «والله إني لأستغفر الله وأتوب إليه في اليوم أكثر من سبعين مرة». رواه البخاري",
        "note": "(সহীহুল বুখারী ৬৩০৭, তিরমিযী ৩২৫৯, ইবনু মাজাহ ৩৮৬১, আহমাদ ৭৭৩৪, ৮২৮৮, ৯৫১৫)",
        "grade_id": 2,
        "grade": "সহিহ হাদিস",
        "grade_color": "#46B891"
      },
      {
        "id": 35017,
        "book_id": 8,
        "book_name": "রিয়াদুস সলেহিন",
        "chapter_id": 20,
        "section_id": 1,
        "hadith_key": "রিয়াদুস সলেহিন: ১৮৮০",
        "hadith_id": 1880,
        "narrator": "উক্ত রাবী (রাঃ)",
        "bn": "তিনি বলেন, রাসূলুল্লাহ (সাল্লাল্লাহু ‘আলাইহি ওয়া সাল্লাম) বলেছেন, ‘‘সেই মহান সত্তার কসম, যার হাতে আমার জীবন আছে! যদি তোমরা পাপ না কর, তাহলে আল্লাহ তা‘আলা তোমাদেরকে নিশ্চিহ্ন করে দিয়ে [তোমাদের পরিবর্তে] এমন এক জাতি আনয়ন করবেন, যারা পাপ করবে এবং আল্লাহ তা'আলার কাছে ক্ষমা প্রার্থনাও করবে। আর আল্লাহ তাদেরকে ক্ষমা করে দেবেন।’’",
        "ar": "وَعَنْه رضي الله عنه قَالَ: قَالَ رَسُولُ اللهِ صلى الله عليه وسلم: «وَالَّذِي نَفْسِي بِيَدِهِ لَوْ لَمْ تُذْنِبُوا، لَذَهَبَ اللهُ تَعَالَى بِكُمْ، وَلَجَاءَ بِقَومٍ يُذْنِبُونَ، فَيَسْتَغْفِرُونَ اللهَ تَعَالَى، فَيَغْفِرُ لَهُمْ». رواه مسلم",
        "ar_diacless": "وعنه رضي الله عنه قال: قال رسول الله صلى الله عليه وسلم: «والذي نفسي بيده لو لم تذنبوا، لذهب الله تعالى بكم، ولجاء بقوم يذنبون، فيستغفرون الله تعالى، فيغفر لهم». رواه مسلم",
        "note": "(মুসলিম ২৭৪৯, তিরমিযী ২৫২৬, আহমাদ ৭৯৮৩, ৮০২১)",
        "grade_id": 2,
        "grade": "সহিহ হাদিস",
        "grade_color": "#46B891"
      },
      {
        "id": 35019,
        "book_id": 8,
        "book_name": "রিয়াদুস সলেহিন",
        "chapter_id": 20,
        "section_id": 1,
        "hadith_key": "রিয়াদুস সলেহিন: ১৮৮১",
        "hadith_id": 1881,
        "narrator": "ইবনে উমার (রাঃ)",
        "bn": "তিনি বলেন, একই মজলিসে বসে নবী (সাল্লাল্লাহু ‘আলাইহি ওয়া সাল্লাম)-এর [এই ইস্তিগফারটি] পাঠ করা অবস্থায় একশো বার পর্যন্ত গুনতাম,\n‘রাব্বিগ্ফির লী অতুব আলাইয়্যা, ইন্নাকা আন্তাত তাউওয়াবুর রাহীম।’\nঅর্থাৎ হে আমার প্রতিপালক! আমাকে ক্ষমা কর, আমার তওবা কবুল কর, নিশ্চয় তুমি অতিশয় তওবাহ কবূলকারী দয়াবান। [আবূ দাঊদ, তিরমিযী, হাসান সহীহ গারীব]",
        "ar": "وَعَنِ ابنِ عُمَرَ رَضِيَ اللهُ عَنْهُمَا، قَالَ: كُنَّا نَعُدُّ لِرَسُولِ اللهِ صلى الله عليه وسلم فِي المَجْلِسِ الوَاحِدِ مِئَةَ مَرَّةٍ : «رَبِّ اغْفِرْ لِي وَتُبْ عَلَيَّ إِنَّكَ أَنْتَ التَّوَّابُ الرَّحِيمُ» . رواه أبو داود والترمذي، وقال :[حديث حسن صحيح غريب ]",
        "ar_diacless": "وعن ابن عمر رضي الله عنهما، قال: كنا نعد لرسول الله صلى الله عليه وسلم في المجلس الواحد مئة مرة : «رب اغفر لي وتب علي إنك أنت التواب الرحيم» . رواه أبو داود والترمذي، وقال :[حديث حسن صحيح غريب ]",
        "note": "(আবূ দাউদ ১৫১৬, তিরমিযী ৩৪৩৪, ইবনু মাজাহ ৩৮১৪)",
        "grade_id": 2,
        "grade": "সহিহ হাদিস",
        "grade_color": "#46B891"
      },
      {
        "id": 35020,
        "book_id": 8,
        "book_name": "রিয়াদুস সলেহিন",
        "chapter_id": 20,
        "section_id": 1,
        "hadith_key": "রিয়াদুস সলেহিন: ১৮৮২",
        "hadith_id": 1882,
        "narrator": "আবদুল্লাহ ইবনু আব্বাস (রাঃ)",
        "bn": "তিনি বলেন, রাসূলুল্লাহ (সাল্লাল্লাহু ‘আলাইহি ওয়া সাল্লাম) বলেছেন: যে লোক সবসময় গুনাহ মাফ চাইতে থাকে [আস্তাগফিরুল্লাহ পড়তে থাকে] আল্লাহ তাকে প্রতিটি সংকীর্ণতা অথবা কষ্টকর অবস্থা থেকে বেরিয়ে আসার সুযোগ করে দেন, প্রতিটি দুশ্চিন্তা থেকে তাকে মুক্ত করেন এবং তিনি তাকে এমন সব উৎস থেকে রিযক দেন যা সে কল্পনাও করতে পারে না। [আবূ দাঊদ] (আমি [আলবানী) বলছি: কিন্তু হাদীসটির সনদে মাজহূল (অপরিচিত) বর্ণনাকারী রয়েছেন যেমনটি আমি ‘‘য‘ঈফা’’ গ্রন্থে (৭০৬) আলোচনা করেছি। তিনি হচ্ছেন বর্ণনাকারী হাকাম ইবনু মুস‘য়াব মাজহূল (অপরিচিত) বর্ণনাকারী। তাকে আবূ হাতিম মাজহূল আখ্যা দিয়েছেন। ইবনু হিব্বানও তাকে দুর্বলদের অন্তর্ভুক্ত উল্লেখ করেছেন।",
        "ar": "وعنِ ابْنِ عَبَّاسٍ رضِي اللهُ عنْهُما قَال : قالَ رَسُول اللهِ صلى الله عليه وسلم: «منْ لَزِم الاسْتِغْفَار، جعل اللَّه لَهُ مِنْ كُلِّ ضِيقٍ مخْرجاً، ومنْ كُلِّ هَمٍّ فَرجاً، وَرَزَقَهُ مِنْ حيْثُ لا يَحْتَسِبُ» رواه أبو داود",
        "ar_diacless": "وعن ابن عباس رضي الله عنهما قال : قال رسول الله صلى الله عليه وسلم: «من لزم الاستغفار، جعل الله له من كل ضيق مخرجا، ومن كل هم فرجا، ورزقه من حيث لا يحتسب» رواه أبو داود",
        "note": "[বিস্তারিত জানতে দেখুন ‘‘সহীহ্ আবী দাঊদ-আলউম্মু’’ (২৬৮)] )",
        "grade_id": 4,
        "grade": "দুর্বল হাদিস",
        "grade_color": "#F85B24"
      },
      {
        "id": 35021,
        "book_id": 8,
        "book_name": "রিয়াদুস সলেহিন",
        "chapter_id": 20,
        "section_id": 1,
        "hadith_key": "রিয়াদুস সলেহিন: ১৮৮৩",
        "hadith_id": 1883,
        "narrator": "ইবনে মাসঊদ (রাঃ)",
        "bn": "তিনি বলেন, রাসূলুল্লাহ (সাল্লাল্লাহু ‘আলাইহি ওয়া সাল্লাম) বলেছেন, ‘‘যে ব্যক্তি এ দো‘আ পড়বে,\n‘আস্তাগ্‌ফিরুল্লা-হাল্লাযী লা ইলা-হা ইল্লা হুওয়াল হাইয়্যুল ক্বাইয়্যূমু অ আতূবু ইলাইহ্।’\nঅর্থাৎ, আমি সেই আল্লাহর নিকট ক্ষমা প্রার্থনা করছি যিনি ছাড়া কোন সত্য উপাস্য নেই। যিনি চিরঞ্জীব, অবিনশ্বর। এবং আমি তাঁর কাছে তওবা করছি।",
        "ar": "وَعَنِ ابنِ مَسعُود رَضِيَ اللهُ عَنْهُ قَالَ: قَالَ رَسُولُ اللهِ صلى الله عليه وسلم: «مَنْ قَالَ: أَسْتَغْفِرُ اللهَ الَّذِي لاَ إِلٰهَ إِلاَّ هُوَ الحَيُّ القَيُومُ وَأتُوبُ إِلَيهِ، غُفِرَتْ ذُنُوبُهُ، وَإِنْ كانَ قَدْ فَرَّ مِنَ الزَّحْفِ» . رواه أبو داود والترمذي والحاكم، وقال :[ حديث صحيح على شرط البخاري ومسلم ]",
        "ar_diacless": "وعن ابن مسعود رضي الله عنه قال: قال رسول الله صلى الله عليه وسلم: «من قال: أستغفر الله الذي لا إلٰه إلا هو الحي القيوم وأتوب إليه، غفرت ذنوبه، وإن كان قد فر من الزحف» . رواه أبو داود والترمذي والحاكم، وقال :[ حديث صحيح على شرط البخاري ومسلم ]",
        "note": "সে ব্যক্তির পাপরাশি মার্জনা করা হবে; যদিও সে রণক্ষেত্র ছেড়ে পালিয়ে [যাওয়ার পাপ করে] থাকে।’’ [আবূ দাঊদ, তিরমিযী, হাকেম; ইনি বলেন, হাদিসটি বুখারী-মুসলিমের শর্তাধীনে বিশুদ্ধ] (আবূ দাউদ ১৫১৭, তিরমিযী ৩৫৭৭)",
        "grade_id": 2,
        "grade": "সহিহ হাদিস",
        "grade_color": "#46B891"
      },
      {
        "id": 35023,
        "book_id": 8,
        "book_name": "রিয়াদুস সলেহিন",
        "chapter_id": 20,
        "section_id": 1,
        "hadith_key": "রিয়াদুস সলেহিন: ১৮৮৪",
        "hadith_id": 1884,
        "narrator": "শাদ্দাদ ইবনে আউস (রাঃ)",
        "bn": "নবী (সাল্লাল্লাহু ‘আলাইহি ওয়া সাল্লাম) বলেছেন, ‘‘সায়্যিদুল ইস্তিগফার [শ্রেষ্ঠতম ক্ষমা প্রার্থনার দো‘আ] হল বান্দার এই বলা যে,\n‘আল্লা-হুম্মা আন্তা রাব্বী লা ইলা-হা ইল্লা আন্তা খালাক্বতানী, অ আনা আব্দুকা অ আনা আলা আহদিকা অ অ’দিকা মাসতাত্বা’তু, আঊযুবিকা মিন শার্রি মা স্বানা‘তু, আবূউ লাকা বিনি’মাতিকা আলাইয়্যা অ আবূউ বিযামবী ফাগফিরলী ফাইন্নাহু লা ইয়্যাগফিরুয যুনূবা ইল্লা আন্ত্।’\n   অর্থ- হে আল্লাহ! তুমিই আমার প্রতিপালক। তুমি ছাড়া কোনো সত্য উপাস্য নেই। তুমিই আমাকে সৃষ্টি করেছ, আমি তোমার দাস। আমি তোমার প্রতিশ্রুতি ও অঙ্গীকারের উপর যথাসাধ্য প্রতিষ্ঠিত আছি। আমি যা করেছি তার মন্দ থেকে তোমার নিকট আশ্রয় চাচ্ছি। আমার উপর তোমার যে সম্পদ রয়েছে তা আমি স্বীকার করছি এবং আমার অপরাধও আমি স্বীকার করছি। সুতরাং  তুমি আমাকে মার্জনা করে দাও, যেহেতু তুমি ছাড়া আর কেউ পাপ মার্জনা করতে পারে না।\nযে ব্যক্তি দিনে [সকাল] বেলায় দৃঢ় বিশ্বাসের সাথে এ দুআটি পড়বে অতঃপর সে সেই দিনে সন্ধ্যা হওয়ার আগেই মারা যাবে, সে জান্নাতিদের অন্তর্ভুক্ত হবে। আর যে ব্যক্তি রাতে [সন্ধ্যায়] এ দুআটি দৃঢ় বিশ্বাসের সাথে পড়বে অতঃপর সে সেই রাতে ভোর হওয়ার পূর্বেই মারা যাবে, তাহলে সে জান্নাতিদের অন্তর্ভুক্ত হবে।’’",
        "ar": "وَعَنْ شَدَّادِ بْنِ أَوسٍ رضي الله عنه عَنِ النَّبِيِّ صلى الله عليه وسلم، قَالَ: «سَيِّدُ الاِسْتِغْفَارِ أَنْ يَقُولَ العَبْدُ : اَللهم أَنْتَ رَبِّي لاَ إِلٰهَ إلاَّ أَنْتَ خَلَقْتَنِي وَأَنَا عَبْدُكَ، وَأنَا عَلَى عَهْدِكَ وَوَعْدِكَ مَا اسْتَطَعْتُ، أَعُوذُ بِكَ مِنْ شَرِّ مَا صَنَعْتُ، أَبُوءُ لَكَ بِنِعْمَتِكَ عَلَيَّ، وَأبُوءُ بِذَنْبِي، فَاغْفِرْ لِي، فَإِنَّهُ لاَ يَغْفِرُ الذُّنُوبَ إِلاَّ أَنْتَ . مَنْ قَالَهَا مِنَ النَّهَارِ مُوقِناً بِهَا، فَمَاتَ مِنْ يَوْمِهِ قَبْلَ أَنْ يُمْسِي، فَهُوَ مِنْ أَهْلِ الجَنَّةِ، وَمَنْ قَالَهَا مِنَ اللَّيْلِ، وَهُوَ مُوقِنٌ بِهَا، فَمَاتَ قَبْلَ أَنْ يُصْبِحَ، فَهُوَ مِنْ أَهْلِ الجَنَّةِ» . رواه البخاري",
        "ar_diacless": "وعن شداد بن أوس رضي الله عنه عن النبي صلى الله عليه وسلم، قال: «سيد الاستغفار أن يقول العبد : اللهم أنت ربي لا إلٰه إلا أنت خلقتني وأنا عبدك، وأنا على عهدك ووعدك ما استطعت، أعوذ بك من شر ما صنعت، أبوء لك بنعمتك علي، وأبوء بذنبي، فاغفر لي، فإنه لا يغفر الذنوب إلا أنت . من قالها من النهار موقنا بها، فمات من يومه قبل أن يمسي، فهو من أهل الجنة، ومن قالها من الليل، وهو موقن بها، فمات قبل أن يصبح، فهو من أهل الجنة» . رواه البخاري",
        "note": "(সহীহুল বুখারী ৬৩০৬, ৬৩২৩, তিরমিযী ৩৩৯৩, নাসায়ী ৫৫২২, আহমাদ ১৬৬৬২, ১৬৬৮১)",
        "grade_id": 2,
        "grade": "সহিহ হাদিস",
        "grade_color": "#46B891"
      },
      {
        "id": 35022,
        "book_id": 8,
        "book_name": "রিয়াদুস সলেহিন",
        "chapter_id": 20,
        "section_id": 1,
        "hadith_key": "রিয়াদুস সলেহিন: ১৮৮৫",
        "hadith_id": 1885,
        "narrator": "সাওবান (রাঃ)",
        "bn": "তিনি বলেন, নবী (সাল্লাল্লাহু ‘আলাইহি ওয়া সাল্লাম) নামাযান্তে সালাম ফিরে তিনবার ইস্তিগফার করে এই দো‘আ পড়তেন, ‘আল্লা-হুম্মা আন্তাস সালা-মু অমিন্কাস সালা-ম, তাবা-রাকতা ইয়া যাল জালা-লি অল ইকরা-ম।’\nঅর্থাৎ, হে আল্লাহ! তুমি শান্তি [সকল ত্রুটি থেকে পবিত্র] এবং তোমার নিকট থেকেই শান্তি। তুমি বরকতময় হে মহিমময়, মহানুভব!\nএ হাদিসের অন্যতম বর্ণনাকারী ইমাম আওযায়ীকে প্রশ্ন করা হল, ইস্তিগফার কিভাবে হবে? তিনি বললেন, ‘বলবে, আস্তাগফিরুল্লাহ, আস্তাগফিরুল্লাহ।’ [আমি আল্লাহর কাছে ক্ষমা চাচ্ছি।]",
        "ar": "وَعَنْ ثَوبَانَ رضي الله عنه قَالَ: كَانَ رَسُول اللهِ صلى الله عليه وسلم إِذَا انْصَرَفَ مِنْ صَلاَتِهِ، اسْتَغْفَرَ اللهَ ثَلاَثاً وَقَالَ: «اَللهم أَنْتَ السَّلاَمُ، وَمِنْكَ السَّلاَمُ، تَبَارَكْتَ يَاذَا الجَلاَلِ وَالإِكْرَامِ» قِيلَ لِلأَوْزَاعِيِّ ـ وَهُوَ أَحَدُ رُوَاتِهِ - : كَيفَ الاِسْتِغْفَارُ ؟ قَالَ: يَقُولُ : أَسْتَغْفِرُ اللهَ، أَسْتَغْفِرُ اللهَ . رواه مسلم",
        "ar_diacless": "وعن ثوبان رضي الله عنه قال: كان رسول الله صلى الله عليه وسلم إذا انصرف من صلاته، استغفر الله ثلاثا وقال: «اللهم أنت السلام، ومنك السلام، تباركت ياذا الجلال والإكرام» قيل للأوزاعي ـ وهو أحد رواته - : كيف الاستغفار ؟ قال: يقول : أستغفر الله، أستغفر الله . رواه مسلم",
        "note": "(মুসলিম ৫৯১, তিরমিযী ৩০০, আবূ দাউদ ১৫১২, ইবনু মাজাহ ৯২৮, আহমাদ ২১৯০২, দারেমী ১৩৪৮)",
        "grade_id": 2,
        "grade": "সহিহ হাদিস",
        "grade_color": "#46B891"
      },
      {
        "id": 35024,
        "book_id": 8,
        "book_name": "রিয়াদুস সলেহিন",
        "chapter_id": 20,
        "section_id": 1,
        "hadith_key": "রিয়াদুস সলেহিন: ১৮৮৬",
        "hadith_id": 1886,
        "narrator": "আয়েশা (রাঃ)",
        "bn": "তিনি বলেন, রাসূলুল্লাহ (সাল্লাল্লাহু ‘আলাইহি ওয়া সাল্লাম) মৃত্যুর আগে এই দুআটি অধিকমাত্রায় পড়তেন,\n‘সুবহানাল্লাহি অবিহামদিহী, আস্তাগফিরুল্লাহা অআতূবু ইলাইহ্।’\nঅর্থাৎ, আল্লাহর প্রশংসাসহ তাঁর পবিত্রতা ঘোষণা করছি। আল্লাহর কাছে ক্ষমা প্রার্থনা করছি ও তাঁর নিকট তওবাহ করছি।",
        "ar": "وَعَنْ عَائِشَةَ رَضِيَ اللهُ عَنْهَا، قَالَتْ : كَانَ رَسُول اللهِ صلى الله عليه وسلم يُكْثِرُ أَنْ يَقُولَ قَبْلَ مَوْتِهِ : «سُبْحَانَ اللهِ وَبِحَمْدِهِ، أَسْتَغفِرُ اللهَ، وَأَتُوبُ إِلَيْهِ». متفق عليه",
        "ar_diacless": "وعن عائشة رضي الله عنها، قالت : كان رسول الله صلى الله عليه وسلم يكثر أن يقول قبل موته : «سبحان الله وبحمده، أستغفر الله، وأتوب إليه». متفق عليه",
        "note": "(মুসলিম)",
        "grade_id": 2,
        "grade": "সহিহ হাদিস",
        "grade_color": "#46B891"
      },
      {
        "id": 35025,
        "book_id": 8,
        "book_name": "রিয়াদুস সলেহিন",
        "chapter_id": 20,
        "section_id": 1,
        "hadith_key": "রিয়াদুস সলেহিন: ১৮৮৭",
        "hadith_id": 1887,
        "narrator": "আনাস (রাঃ)",
        "bn": "তিনি বলেন, আমি রাসূলুল্লাহ (সাল্লাল্লাহু আলাইহি ওয়া সাল্লাম)-কে বলতে শুনেছি যে, আল্লাহ তা‘আলা বলেন, ‘‘হে আদম সন্তান! যখন তুমি আমাকে ডাকবে ও আমার ক্ষমার আশা রাখবে, আমি তোমাকে ক্ষমা করব, তোমার অবস্থা যাই হোক না কেন; আমি কোন পরোয়া করি না। হে আদম সন্তান! তোমার গোনাহ যদি আকাশ পর্যন্ত পৌঁছে যায়, অতঃপর তুমি আমার নিকট ক্ষমা চাও, তবুও আমি তোমাকে ক্ষমা করব; আমি কোন পরোয়া করি না। হে আদম সন্তান! তুমি যদি পৃথিবী পরিমাণ পাপ নিয়ে আমার সঙ্গে সাক্ষাৎ কর; কিন্তু আমার সঙ্গে কাউকে শরীক না করে থাক, তাহলে পৃথিবী পরিমাণ ক্ষমা নিয়ে আমি তোমার নিকট উপস্থিত হব।’’ (তিরমিযী হাসান সূত্রে)",
        "ar": "وَعَنْ أَنَسٍ رَضِيَ اللهُ عَنْهُ قَالَ: سَمِعْتُ رَسُولَ اللهِ صلى الله عليه وسلم يَقُولُ : «قَالَ اللهُ تَعَالَى: يَا ابْنَ آدَمَ، إِنَّكَ مَا دَعَوْتَنِي وَرَجَوْتَنِي غَفَرْتُ لَكَ عَلَى مَا كَانَ مِنْكَ وَلاَ أُبَالِي، يَا ابْنَ آدَمَ، لَوْ بَلَغَتْ ذُنُوبُكَ عَنَانَ السَّمَاءِ، ثُمَّ اسْتَغْفَرْتَنِي، غَفَرْتُ لَكَ وَلاَ أُبَالِي، يَا ابْنَ آدَمَ، إِنَّكَ لَوْ أَتَيْتَنِي بِقُرَابِ الأَرْضِ خَطَايَا، ثُمَّ لَقِيتَنِي لاَ تُشْرِكُ بِي شَيْئاً، لأَتَيْتُكَ بِقُرابِهَا مَغْفِرَةً» . رواه الترمذي، وقال :[حديث حسن]",
        "ar_diacless": "وعن أنس رضي الله عنه قال: سمعت رسول الله صلى الله عليه وسلم يقول : «قال الله تعالى: يا ابن آدم، إنك ما دعوتني ورجوتني غفرت لك على ما كان منك ولا أبالي، يا ابن آدم، لو بلغت ذنوبك عنان السماء، ثم استغفرتني، غفرت لك ولا أبالي، يا ابن آدم، إنك لو أتيتني بقراب الأرض خطايا، ثم لقيتني لا تشرك بي شيئا، لأتيتك بقرابها مغفرة» . رواه الترمذي، وقال :[حديث حسن]",
        "note": "(তিরমিযী ৩৫৪০)",
        "grade_id": 3,
        "grade": "হাসান হাদিস",
        "grade_color": "#46B891"
      },
      {
        "id": 35026,
        "book_id": 8,
        "book_name": "রিয়াদুস সলেহিন",
        "chapter_id": 20,
        "section_id": 1,
        "hadith_key": "রিয়াদুস সলেহিন: ১৮৮৮",
        "hadith_id": 1888,
        "narrator": "ইবনে উমার (রাঃ)",
        "bn": "একদা নবী (সাল্লাল্লাহু ‘আলাইহি ওয়া সাল্লাম) [মহিলাদেরকে সম্বোধন করে] বললেন, ‘‘হে মহিলা সকল! তোমরা সাদকাহ-খয়রাত করতে থাক ও অধিকমাত্রায় ইস্তিগফার কর। কারণ আমি তোমাদেরকে জাহান্নামের অধিকাংশ অধিবাসীরূপে দেখলাম।’’ একজন মহিলা নিবেদন করল, ‘আমাদের অধিকাংশ জাহান্নামী হওয়ার কারণ কী? হে আল্লাহর রসূল!’ তিনি বললেন, ‘‘তোমরা অভিশাপ বেশি কর এবং নিজ স্বামীর অকৃতজ্ঞতা কর। বুদ্ধি ও ধর্মে অপূর্ণ হওয়া সত্ত্বেও বিচক্ষণ ব্যক্তির উপর তোমাদের চাইতে আর কাউকে বেশি প্রভাব খাটাতে দেখিনি।’’ মহিলাটি আবার নিবেদন করল, ‘বুদ্ধি ও ধর্মের ক্ষেত্রে অপূর্ণতা কি?’ তিনি বললেন, ‘‘দু’জন নারীর সাক্ষ্য একজন পুরুষের সাক্ষ্য সমতুল্য। আর [প্রসবোত্তর খুন ও মাসিক আসার] দিনগুলিতে মহিলা নামায পড়া বন্ধ রাখে।’’",
        "ar": "وَعَنِ ابنِ عُمَرَ رَضِيَ اللهُ عَنْهُمَا : أَنَّ النَّبِيَّ صلى الله عليه وسلم، قَالَ: «يَا مَعْشَرَ النِّسَاءِ تَصَدَّقْنَ، وَأَكْثِرْنَ مِنَ الاِسْتِغْفَارِ ؛ فَإِنِّي رَأَيْتُكُنَّ أَكْثَرَ أَهْلِ النَّارِ». قَالَتِ امْرَأَةٌ مِنْهُنَّ : مَا لَنَا أَكْثَرَ أَهْلِ النَّارِ ؟ قَالَ: «تُكْثِرْنَ اللَّعْنَ، وَتَكْفُرْنَ العَشِيرَ، مَا رَأَيْتُ مِنْ نَاقِصَاتِ عَقْلٍ وَدِينٍ أَغْلَبَ لِذِيْ لُبٍّ مِنْكُنَّ». قَالَتْ: مَا نُقْصَانُ العَقْلِ وَالدِّينِ ؟ قَالَ: «شَهَادَةُ امْرَأتَيْنِ بِشَهَادَةِ رَجُلٍ، وَتَمْكُثُ الأَيَّامَ لاَ تُصَلِّي». رواه مسلم",
        "ar_diacless": "وعن ابن عمر رضي الله عنهما : أن النبي صلى الله عليه وسلم، قال: «يا معشر النساء تصدقن، وأكثرن من الاستغفار ؛ فإني رأيتكن أكثر أهل النار». قالت امرأة منهن : ما لنا أكثر أهل النار ؟ قال: «تكثرن اللعن، وتكفرن العشير، ما رأيت من ناقصات عقل ودين أغلب لذي لب منكن». قالت: ما نقصان العقل والدين ؟ قال: «شهادة امرأتين بشهادة رجل، وتمكث الأيام لا تصلي». رواه مسلم",
        "note": "(সহীহুল বুখারী ৩০৪, ১৪৬২, মুসলিম ৭৯, ৮০, নাসায়ী ১৫৭৬, ১৫৭৯, আবূ দাউদ ৪৬৭৯, ইবনু মাজাহ ১২৮৮, ৪০০৩, আহমাদ ৫৩২১, ১০৯২২, ১০৯৮৮, ১১১১৫)",
        "grade_id": 2,
        "grade": "সহিহ হাদিস",
        "grade_color": "#46B891"
      }
    ]
  },
  {
    "id": 12472,
    "book_id": 8,
    "book_name": "riyadus-salihin",
    "chapter_id": 20,
    "section_id": 2,
    "title": "আল্লাহ তা‘আলা মুমিনদের জন্য জান্নাতের মধ্যে যা প্রস্তুত রেখেছেন",
    "preface": "",
    "number": "পরিচ্ছেদ - ৩৭২",
    "sort_order": 2,
    "hadiths": [
      {
        "id": 35027,
        "book_id": 8,
        "book_name": "রিয়াদুস সলেহিন",
        "chapter_id": 20,
        "section_id": 2,
        "hadith_key": "রিয়াদুস সলেহিন: ১৮৮৯",
        "hadith_id": 1889,
        "narrator": "জাবের (রাঃ)",
        "bn": "তিনি বলেন, রাসূলুল্লাহ (সাল্লাল্লাহু ‘আলাইহি ওয়া সাল্লাম) বলেছেন, ‘‘জান্নাতবাসীরা জান্নাতের মধ্যে পানাহার করবে; কিন্তু পেশাব-পায়খানা করবে না, তারা নাক ঝাড়বে না, পেশাবও করবে না। বরং তাদের ঐ খাবার ঢেকুর ও কস্তুরীবৎ সুগন্ধময় ঘাম [হয়ে দেহ থেকে বের হয়ে যাবে]। তাদের মধ্যে তাসবীহ ও তাকবীর পড়ার স্বয়ংক্রিয় শক্তি প্রক্ষিপ্ত হবে, যেমন শ্বাসক্রিয়ার শক্তি স্বয়ংক্রিয় করা হয়েছে।’’",
        "ar": "وَعَنْ جَابِرٍ رَضِيَ اللهُ عَنْهُ قَالَ: قَالَ رَسُولُ اللهِ صلى الله عليه وسلم: «يَأْكُلُ أَهْلُ الجَنَّةِ فِيهَا، وَيَشْرَبُونَ، وَلاَ يَتَغَوَّطُونَ، وَلاَ يَمْتَخِطُونَ، وَلاَ يَبُولُونَ، وَلكِنْ طَعَامُهُمْ ذَلِكَ جُشَاءٌ كَرَشْحِ المِسْكِ، يُلْهَمُونَ التَّسْبِيحَ وَالتَّكْبِيرَ، كَمَا يُلْهَمُونَ النَّفَسَ» . رواه مسلم",
        "ar_diacless": "وعن جابر رضي الله عنه قال: قال رسول الله صلى الله عليه وسلم: «يأكل أهل الجنة فيها، ويشربون، ولا يتغوطون، ولا يمتخطون، ولا يبولون، ولكن طعامهم ذلك جشاء كرشح المسك، يلهمون التسبيح والتكبير، كما يلهمون النفس» . رواه مسلم",
        "note": "(মুসলিম ২৮৩৫, আবূ দাউদ ৪৭৪১, আহমাদ ১৩৯৯২, ১৪৩৫৫, ১৪৪০১, ১৪৫০৫, ১৪৬৯৭, দারেমী ২৮২৮৭)",
        "grade_id": 2,
        "grade": "সহিহ হাদিস",
        "grade_color": "#46B891"
      },
      {
        "id": 35028,
        "book_id": 8,
        "book_name": "রিয়াদুস সলেহিন",
        "chapter_id": 20,
        "section_id": 2,
        "hadith_key": "রিয়াদুস সলেহিন: ১৮৯০",
        "hadith_id": 1890,
        "narrator": "আবূ হুরাইরা",
        "bn": "তিনি বলেন, রাসূলুল্লাহ (সাল্লাল্লাহু ‘আলাইহি ওয়া সাল্লাম) বলেন, ‘‘মহান আল্লাহ বলেছেন, ‘আমি আমার পুণ্যবান বান্দাদের জন্য এমন জিনিস প্রস্তুত রেখেছি, যা কোন চক্ষু দর্শন করেনি, কোন কর্ণ শ্রবণ করেনি এবং যার সম্পর্কে কোন মানুষের মনে ধারণাও জন্মেনি।’ তোমরা চাইলে এ আয়াতটি পাঠ করতে পার; যার অর্থ, ‘‘কেউই জানে না তার জন্য তার কৃতকর্মের বিনিময় স্বরূপ নয়ন-প্রীতিকর কী পুরস্কার লুকিয়ে রাখা হয়েছে।’’ (সূরা সাজদাহ ১৭ আয়াত, বুখারী-মুসলিম)",
        "ar": "وَعَنْ أَبي هُرَيرَةَ رَضِيَ اللهُ عَنْهُ قَالَ: قَالَ رَسُولُ اللهِ صلى الله عليه وسلم: «قَالَ اللهُ تَعَالَى : أَعْدَدْتُ لِعِبَادِي الصَّالِحِينَ مَا لاَ عَيْنٌ رَأَتْ، وَلاَ أُذُنٌ سَمِعَتْ، وَلاَ خَطَرَ عَلَى قَلْبِ بَشَرٍ، وَاقْرَؤُوا إِنْ شِئْتُمْ : ﴿ فلا تعلم نفس ما أخفي لهم من قرة أعين جزاء بما كانوا يعملون١٧ ﴾ [السجدة: ١٧] . متفق عَلَيْهِ",
        "ar_diacless": "وعن أبي هريرة رضي الله عنه قال: قال رسول الله صلى الله عليه وسلم: «قال الله تعالى : أعددت لعبادي الصالحين ما لا عين رأت، ولا أذن سمعت، ولا خطر على قلب بشر، واقرؤوا إن شئتم : ﴿ فلا تعلم نفس ما أخفي لهم من قرة أعين جزاء بما كانوا يعملون١٧ ﴾ [السجدة: ١٧] . متفق عليه",
        "note": "(সহীহুল বুখারী ৩২৪৪, ৪৭৭৯, ৪৭৮০, ৪৭৯৮, মুসলিম ২৮২৮৪, তিরমিযী ৩১৯৭, ইবনু মাজাহ ৪৩২৮, আহমাদ ২৭৩৬০, ৮৬০৯, ৯০২৬, ৯১২৫, ৯৩৬৫, ৯৬৪১, ৯৬৮৮, ১০০৫১, ১০১৯৯, দারেমী ২৮২৮)",
        "grade_id": 2,
        "grade": "সহিহ হাদিস",
        "grade_color": "#46B891"
      },
      {
        "id": 35029,
        "book_id": 8,
        "book_name": "রিয়াদুস সলেহিন",
        "chapter_id": 20,
        "section_id": 2,
        "hadith_key": "রিয়াদুস সলেহিন: ১৮৯১",
        "hadith_id": 1891,
        "narrator": "উক্ত রাবী (রাঃ)",
        "bn": "তিনি বলেন, রাসূলুল্লাহ (সাল্লাল্লাহু ‘আলাইহি ওয়া সাল্লাম) বলেছেন, ‘‘জান্নাতে প্রথম প্রবেশকারী দলটির আকৃতি পূর্ণিমা রাতের চাঁদের মত হবে। অতঃপর তাদের পরবর্তী দলটি আকাশের সবচেয়ে উজ্জ্বল নক্ষত্রের ন্যায় জ্যোতির্ময় হবে। তারা [জান্নাতে] পেশাব করবে না, পায়খানা করবে না, থুথু ফেলবে না, নাক ঝাড়বে না। তাদের চিরুনি হবে স্বর্ণের। তাদের ঘাম হবে কস্তুরীর ন্যায় সুগন্ধময়। তাদের ধুনুচিতে থাকবে সুগন্ধ কাঠ। তাদের স্ত্রী হবে আয়তলোচনা হুরগণ। তারা সকলেই একটি মানব কাঠামো, আদি পিতা আদমের আকৃতিতে হবে [যাদের উচ্চতা হবে] ষাট হাত পর্যন্ত।’’",
        "ar": "وَعَنْه، قَالَ: قَالَ رَسُولُ اللهِ صلى الله عليه وسلم: «أَوَّلُ زُمْرَةٍ يَدْخُلُونَ الجَنَّةَ عَلَى صُورَةِ القَمَرِ لَيْلَةَ البَدْرِ، ثُمَّ الَّذِينَ يَلُونَهُمْ عَلَى أَشَدِّ كَوْكَبٍ دُرِّيٍّ فِي السَّمَاءِ إِضَاءَةً، لاَ يَبُولُونَ، وَلاَ يَتَغَوَّطُونَ، وَلاَ يَتْفُلُونَ، وَلاَ يَمْتَخِطُونَ . أَمْشَاطُهُمُ الذَّهَبُ، وَرَشْحُهُمُ المِسْكُ، وَمَجَامِرُهُمُ الأُلُوَّةُ - عُودُ الطِّيبِ - أَزْوَاجُهُمُ الحُورُ العِيْنُ، عَلَى خَلْقِ رَجُلٍ وَاحِدٍ، عَلَى صُورَةِ أَبِيهِمْ آدَمَ سِتُّونَ ذِرَاعاً فِي السَّمَاءِ». متفق عَلَيْهِ .\nوَفِي رِوَايَةِ البُخَارِي وَمُسلِمٍ : «آنِيَتُهُمْ فِيهَا الذَّهَبُ، وَرَشْحُهُمُ المِسْكُ . وَلِكُلِّ وَاحِدٍ مِنْهُمْ زَوْجَتَانِ يُرَى مُخُّ سَاقِهِمَا مِنْ وَرَاءِ اللَّحْمِ مِنَ الحُسْنِ، لاَ اخْتِلاَفَ بَيْنَهُمْ، وَلاَ تَبَاغُضَ، قُلُوبُهُمْ قَلْبُ وَاحِدٍ، يُسَبِّحُونَ اللهَ بُكْرَةً وَعَشِياً» .",
        "ar_diacless": "وعنه، قال: قال رسول الله صلى الله عليه وسلم: «أول زمرة يدخلون الجنة على صورة القمر ليلة البدر، ثم الذين يلونهم على أشد كوكب دري في السماء إضاءة، لا يبولون، ولا يتغوطون، ولا يتفلون، ولا يمتخطون . أمشاطهم الذهب، ورشحهم المسك، ومجامرهم الألوة - عود الطيب - أزواجهم الحور العين، على خلق رجل واحد، على صورة أبيهم آدم ستون ذراعا في السماء». متفق عليه .\nوفي رواية البخاري ومسلم : «آنيتهم فيها الذهب، ورشحهم المسك . ولكل واحد منهم زوجتان يرى مخ ساقهما من وراء اللحم من الحسن، لا اختلاف بينهم، ولا تباغض، قلوبهم قلب واحد، يسبحون الله بكرة وعشيا» .",
        "note": "(সহীহুল বুখারী ৩২৪৫, ৩২৪৬, ৩২৫৪, ৩৩২৭, মুসলিম ১৬২৫, ২৮৩৪, তিরমিযী ২৪৩৭, ইবনু মাজাহ ৪৩৩৩, আহমাদ ৭১১২, ৭১২৫, ৭৩২৮, ৭৩৮৭, ৭৪৩৭, ৮৩৩৭, ৮৯৪৯, ৫১৬৬, ৯৭৭২, ১০১০৪৬, ১০১৭০, ১০২১৫, ২৭৪১৫, দারেমী ২৮২৩)",
        "grade_id": 2,
        "grade": "সহিহ হাদিস",
        "grade_color": "#46B891"
      },
      {
        "id": 35030,
        "book_id": 8,
        "book_name": "রিয়াদুস সলেহিন",
        "chapter_id": 20,
        "section_id": 2,
        "hadith_key": "রিয়াদুস সলেহিন: ১৮৯২",
        "hadith_id": 1892,
        "narrator": "মুগীরা ইবনে শু‘বা (রাঃ)",
        "bn": "রাসূলুল্লাহ (সাল্লাল্লাহু ‘আলাইহি ওয়া সাল্লাম) বলেছেন, ‘‘মুসা (আঃ) স্বীয় প্রভুকে জিজ্ঞাসা করলেন, ‘জান্নাতীদের মধ্যে সবচেয়ে নিম্নমানের জান্নাতি কে হবে?’ আল্লাহ তা‘আলা উত্তর দিলেন, সে হবে এমন একটি লোক, যে সমস্ত জান্নাতিগণ জান্নাতে প্রবেশ করার পর [সর্বশেষে] আসবে। তখন তাকে বলা হবে, ‘তুমি জান্নাতে প্রবেশ কর।’ সে বলবে, ‘হে প্রভু! আমি কিভাবে [কোথায়] প্রবেশ করব? অথচ সমস্ত লোক নিজ নিজ জায়গা দখল করেছে এবং নিজ নিজ অংশ নিয়ে ফেলেছে।’ তখন তাকে বলা হবে, ‘তুমি কি এতে সন্তুষ্ট যে, পৃথিবীর রাজাদের মধ্যে কোন রাজার মত তোমার রাজত্ব হবে?’ সে বলবে, ‘প্রভু! আমি এতেই সন্তুষ্ট।’ তারপর আল্লাহ বলবেন, ‘তোমার জন্য তাই দেওয়া হল। আর ওর সমতুল্য, ওর সমতুল্য, ওর সমতুল্য, ওর সমতুল্য [অর্থাৎ ওর চার গুণ রাজত্ব দেওয়া হল]।’ সে পঞ্চমবারে বলবে, ‘হে আমার প্রভু! আমি [ওতেই] সন্তুষ্ট।’ তখন আল্লাহ বলবেন, ‘তোমার জন্য এটা এবং এর দশগুণ [রাজত্ব তোমাকে দেওয়া হল]। এ ছাড়াও তোমার জন্য রইল সে সব বস্তু, যা তোমার অন্তর কামনা করবে এবং তোমার চক্ষু তৃপ্তি উপভোগ করবে।’ তখন সে বলবে, ‘আমি ওতেই সন্তুষ্ট, হে প্রভু!’\n[মুসা (আঃ)] বললেন, ‘হে আমার প্রতিপালক! আর সর্বোচ্চ স্তরের জান্নাতি কারা হবে?’ আল্লাহ তা‘আলা বললেন, ‘তারা হবে সেই সব বান্দা, যাদেরকে আমি চাই। আমি স্বহস্তে যাদের জন্য সম্মান-বৃক্ষ রোপণ করেছি এবং তার উপর সীল-মোহর অংকিত করে দিয়েছি [যাতে তারা ব্যতিরেকে অন্য কেউ তা দেখতে না পায়] । সুতরাং কোন চক্ষু তা দর্শন করেনি, কোন কর্ণ তা শ্রবণ করেনি এবং কোন মানুষের মনে তা কল্পিতও হয়নি।’’",
        "ar": "وَعَنِ المُغِيرَةِ بنِ شُعبَةَ رضي الله عنه عَن رَسُولِ اللهِ صلى الله عليه وسلم، قَالَ: «سَأَلَ مُوسَى عليه السلام رَبَّهُ : مَا أَدْنَى أَهْلِ الجَنَّةِ مَنْزِلَةً ؟ قَالَ: هُوَ رَجُلٌ يَجِيءُ بَعْدَ مَا أُدْخِلَ أَهْلُ الجَنَّةِ الجَنَّةَ، فَيُقَالُ لَهُ : اُدْخُلِ الجَنَّةَ . فَيَقُولُ: أَيْ رَبِّ، كَيْفَ وَقَدْ نَزَلَ النَّاسُ مَنَازِلَهُمْ، وَأَخَذُوا أَخَذَاتِهِمْ ؟ فَيُقَالُ لَهُ : أَتَرْضَى أَنْ يَكُونَ لَكَ مِثْلُ مُلْكِ مَلِكٍ مِنْ مُلُوكِ الدُّنْيَا ؟ فَيقُولُ : رَضِيْتُ رَبِّ، فَيقُولُ : لَكَ ذَلِكَ وَمِثْلُهُ وَمِثْلُهُ وَمِثْلُهُ وَمِثْلُهُ، فَيقُولُ فِي الخَامِسَةِ . رَضِيْتُ رَبِّ، فَيقُولُ : هَذَا لَكَ وَعَشَرَةُ أَمْثَالِهِ، وَلَكَ مَا اشْتَهَتْ نَفْسُكَ، وَلَذَّتْ عَيْنُكَ . فَيقُولُ : رَضِيتُ رَبِّ . قَالَ: رَبِّ فَأَعْلاَهُمْ مَنْزِلَةً ؟ قالَ : أُولَئِكَ الَّذِينَ أَرَدْتُ ؛ غَرَسْتُ كَرَامَتَهُمْ بِيَدِي، وَخَتَمْتُ عَلَيْهَا، فَلَمْ تَرَ عَيْنٌ، وَلَمْ تَسْمَعْ أُذُنٌ، وَلَمْ يَخْطُرْ عَلَى قَلْبِ بَشَرٍ» . رواه مسلم",
        "ar_diacless": "وعن المغيرة بن شعبة رضي الله عنه عن رسول الله صلى الله عليه وسلم، قال: «سأل موسى عليه السلام ربه : ما أدنى أهل الجنة منزلة ؟ قال: هو رجل يجيء بعد ما أدخل أهل الجنة الجنة، فيقال له : ادخل الجنة . فيقول: أي رب، كيف وقد نزل الناس منازلهم، وأخذوا أخذاتهم ؟ فيقال له : أترضى أن يكون لك مثل ملك ملك من ملوك الدنيا ؟ فيقول : رضيت رب، فيقول : لك ذلك ومثله ومثله ومثله ومثله، فيقول في الخامسة . رضيت رب، فيقول : هذا لك وعشرة أمثاله، ولك ما اشتهت نفسك، ولذت عينك . فيقول : رضيت رب . قال: رب فأعلاهم منزلة ؟ قال : أولئك الذين أردت ؛ غرست كرامتهم بيدي، وختمت عليها، فلم تر عين، ولم تسمع أذن، ولم يخطر على قلب بشر» . رواه مسلم",
        "note": "(মুসলিম ১৮৯, তিরমিযী ৩১৯৮)",
        "grade_id": 2,
        "grade": "সহিহ হাদিস",
        "grade_color": "#46B891"
      },
      {
        "id": 35031,
        "book_id": 8,
        "book_name": "রিয়াদুস সলেহিন",
        "chapter_id": 20,
        "section_id": 2,
        "hadith_key": "রিয়াদুস সলেহিন: ১৮৯৩",
        "hadith_id": 1893,
        "narrator": "ইবনে মাসঊদ (রাঃ)",
        "bn": "তিনি বলেন, একদা রাসূলুল্লাহ (সাল্লাল্লাহু ‘আলাইহি ওয়া সাল্লাম) বললেন, ‘‘সর্বশেষে যে ব্যক্তি জাহান্নাম থেকে বের হয়ে জান্নাতে প্রবেশ করবে, তার সম্পর্কে অবশ্যই আমার জানা আছে। এক ব্যক্তি হামাগুড়ি দিয়ে [বা বুকে ভর দিয়ে] চলে জাহান্নাম থেকে বের হবে। তখন আল্লাহ আয্যা অজাল্ল্ বলবেন, ‘যাও জান্নাতে প্রবেশ কর।’ সুতরাং সে জান্নাতের কাছে এলে তার ধারণা হবে যে, জান্নাত পরিপূর্ণ হয়ে গেছে। ফলে সে ফিরে এসে বলবে, ‘হে প্রভু! জান্নাত তো পরিপূর্ণ দেখলাম।’ আল্লাহ আয্যা অজাল্ল্ বলবেন, ‘যাও, জান্নাতে প্রবেশ কর।’ তখন সে জান্নাতের কাছে এলে তার ধারণা হবে যে, জান্নাত তো ভরে গেছে। তাই সে আবার ফিরে এসে বলবে, ‘হে প্রভু! জান্নাত তো ভরতি দেখলাম।’ তখন আল্লাহ আয্যা অজাল্ল্ বলবেন, ‘যাও জান্নাতে প্রবেশ কর। তোমার জন্য থাকল পৃথিবীর সমতুল্য এবং তার দশগুণ [পরিমাণ বিশাল জান্নাত]! অথবা তোমার জন্য পৃথিবীর দশগুণ [পরিমাণ বিশাল জান্নাত রইল]!’ তখন সে বলবে, ‘হে প্রভু! তুমি কি আমার সাথে ঠাট্টা করছ? অথবা আমার সাথে হাসি-মজাক করছ অথচ তুমি বাদশাহ [হাসি-ঠাট্টা তোমাকে শোভা দেয় না]।’’ বর্ণনাকারী বলেন, তখন আমি রাসূলুল্লাহ (সাল্লাল্লাহু ‘আলাইহি ওয়া সাল্লাম)-কে এমনভাবে হাসতে দেখলাম যে, তাঁর চোয়ালের দাঁতগুলি প্রকাশিত হয়ে গেল। তিনি বললেন, ‘‘এ হল সর্বনিম্ন মানের জান্নাতি।’’",
        "ar": "وَعَنِ ابنِ مَسعُود رَضِيَ اللهُ عَنْهُ قَالَ: قَالَ رَسُولُ اللهِ صلى الله عليه وسلم: «إِنِّي لأَعْلَمُ آخِرَ أَهْلِ النَّارِ خُرُوجاً مِنْهَا، وَآخِرَ أَهْلِ الجَنَّةِ دُخُولاً الجَنَّةَ . رَجُلٌ يَخْرُجُ مِنَ النَّارِ حَبْواً، فَيقُولُ اللهُ - عَزَّ وَجَلَّ - لَهُ : اذْهَبْ فادْخُلِ الجَنَّةَ، فَيَأتِيهَا، فَيُخَيَّلُ إِلَيْهِ أَنَّهَا مَلأَى، فَيَرْجِعُ، فَيقُولُ : يَا رَبِّ وَجَدْتُهَا مَلأَى ‍! فَيَقُولُ اللهُ ـ عَزَّ وَجَلَّ ـ لَهُ: اذْهَبْ فَادْخُلِ الجَنَّةَ، فَيَأتِيهَا، فَيُخيَّلُ إِلَيهِ أنَّها مَلأَى، فيَرْجِعُ . فَيَقُوْلُ : يَا رَبِّ وَجَدْتُهَا مَلأَى، فَيَقُولُ اللهُ ـ عَزَّ وَجَلَّ ـ لَهُ : اذْهَبْ فَادْخُلِ الجَنَّةَ . فَإِنَّ لَكَ مِثْلَ الدُّنْيَا وَعَشرَةَ أَمْثَالِهَا ؛ أَوْ إِنَّ لَكَ مِثْلَ عَشرَةِ أَمْثَالِ الدُّنْيَا، فَيقُولُ : أَتَسْخَرُ بِي، أَوْ تَضْحَكُ بِي وَأنْتَ المَلِكُ ؟» قَالَ: فَلَقَدْ رَأَيْتُ رَسُولَ اللهِ صلى الله عليه وسلم ضَحِكَ حَتَّى بَدَتْ نَوَاجِذُهُ فَكَانَ يَقُوْلُ : «ذَلِكَ أَدْنَى أَهْلِ الجَنَّةِ مَنْزِلَةً». متفق عليه",
        "ar_diacless": "وعن ابن مسعود رضي الله عنه قال: قال رسول الله صلى الله عليه وسلم: «إني لأعلم آخر أهل النار خروجا منها، وآخر أهل الجنة دخولا الجنة . رجل يخرج من النار حبوا، فيقول الله - عز وجل - له : اذهب فادخل الجنة، فيأتيها، فيخيل إليه أنها ملأى، فيرجع، فيقول : يا رب وجدتها ملأى ‍! فيقول الله ـ عز وجل ـ له: اذهب فادخل الجنة، فيأتيها، فيخيل إليه أنها ملأى، فيرجع . فيقول : يا رب وجدتها ملأى، فيقول الله ـ عز وجل ـ له : اذهب فادخل الجنة . فإن لك مثل الدنيا وعشرة أمثالها ؛ أو إن لك مثل عشرة أمثال الدنيا، فيقول : أتسخر بي، أو تضحك بي وأنت الملك ؟» قال: فلقد رأيت رسول الله صلى الله عليه وسلم ضحك حتى بدت نواجذه فكان يقول : «ذلك أدنى أهل الجنة منزلة». متفق عليه",
        "note": "(সহীহুল বুখারী ৬৫৭১, ৭৫১১, মুসলিম ১৮৬, তিরমিযী ২৫৯৫, ইবনু মাজাহ ৪৩৩৯, আহমাদ ৩৫৮৪, ৩৭০৬, ৩৮৮৯, ৪৩৭৭ )",
        "grade_id": 2,
        "grade": "সহিহ হাদিস",
        "grade_color": "#46B891"
      },
      {
        "id": 35036,
        "book_id": 8,
        "book_name": "রিয়াদুস সলেহিন",
        "chapter_id": 20,
        "section_id": 2,
        "hadith_key": "রিয়াদুস সলেহিন: ১৮৯৪",
        "hadith_id": 1894,
        "narrator": "আবূ মূসা আশআরী (রাঃ)",
        "bn": "নবী (সাল্লাল্লাহু ‘আলাইহি ওয়া সাল্লাম) বলেছেন, ‘‘নিশ্চয় জান্নাতে মু’মিনদের জন্য একটি শূন্যগর্ভ মোতির তাঁবু থাকবে, যার দৈর্ঘ্য হবে ষাট মাইল। এর মধ্যে মু’মিনদের জন্য একাধিক স্ত্রী থাকবে। যাদের সকলের সাথে মু’মিন সহবাস করবে। কিন্তু তাদের কেউ কাউকে দেখতে পাবে না।’’",
        "ar": "وَعَنْ أَبِي مُوسَى رضي الله عنه : أَنَّ النَّبِيَّ صلى الله عليه وسلم قَالَ: «إِنَّ لِلمُؤْمِنِ فِي الجَنَّةِ لَخَيْمَةً مِنْ لُؤْلُؤَةٍ وَاحِدَةٍ مُجَوَّفَةٍ طُولُهَا فِي السَّمَاءِ سِتُّونَ مِيلاً . لِلمُؤْمِنِ فِيهَا أَهْلُونَ يَطُوفُ عَلَيْهِمُ المُؤْمِنُ فَلاَ يَرَى بَعْضُهُمْ بَعْضاً». متفق عليه",
        "ar_diacless": "وعن أبي موسى رضي الله عنه : أن النبي صلى الله عليه وسلم قال: «إن للمؤمن في الجنة لخيمة من لؤلؤة واحدة مجوفة طولها في السماء ستون ميلا . للمؤمن فيها أهلون يطوف عليهم المؤمن فلا يرى بعضهم بعضا». متفق عليه",
        "note": "(সহীহুল বুখারী ৩২৪৩, ৪৮৭৮, ৪৮৮০, ৭৪৪৪, মুসলিম ১৮০, ২৮৩৮, আহমাদ ১৯০৭৯, ১৯১৮২, ১৯২৩২, ১৯২৬২, দারেমী ২৮২২, ২৮৩৩)",
        "grade_id": 2,
        "grade": "সহিহ হাদিস",
        "grade_color": "#46B891"
      },
      {
        "id": 35032,
        "book_id": 8,
        "book_name": "রিয়াদুস সলেহিন",
        "chapter_id": 20,
        "section_id": 2,
        "hadith_key": "রিয়াদুস সলেহিন: ১৮৯৫",
        "hadith_id": 1895,
        "narrator": "আবূ সাঈদ খুদরী (রাঃ)",
        "bn": "নবী (সাল্লাল্লাহু ‘আলাইহি ওয়া সাল্লাম) বলেছেন, ‘‘জান্নাতের মধ্যে এমন একটি বৃক্ষ আছে, যার ছায়ায় কোন আরোহী উৎকৃষ্ট, বিশেষভাবে প্রতিপালিত হালকা দেহের দ্রুতগামী ঘোড়ায় চড়ে একশো বছর চললেও তা অতিক্রম করতে সক্ষম হবে না।’’",
        "ar": "وَعَنْ أَبِي سَعِيدٍ الخُدرِيِّ رضي الله عنه عَنِ النَّبِيِّ صلى الله عليه وسلم، قَالَ: إِنَّ فِي الجَنَّةِ شَجَرَةً يَسِيرُ الرَّاكِبُ الجَوَادَ المُضَمَّرَ السَّريعَ مِئَةَ سَنَةٍ مَا يَقْطَعُها. متفق عليه\nوَرَوَيَاهُ فِي الصَّحِيحَينِ أَيضاً مِن رِوَايَةِ أَبِي هُرَيرَةَ رَضِيَ اللهُ عَنْهُ قَالَ: يَسيرُ الرَّاكِبُ فِي ظِلِّها مِئَةَ سَنَةٍ مَا يَقْطَعُها",
        "ar_diacless": "وعن أبي سعيد الخدري رضي الله عنه عن النبي صلى الله عليه وسلم، قال: إن في الجنة شجرة يسير الراكب الجواد المضمر السريع مئة سنة ما يقطعها. متفق عليه\nوروياه في الصحيحين أيضا من رواية أبي هريرة رضي الله عنه قال: يسير الراكب في ظلها مئة سنة ما يقطعها",
        "note": "(সহীহুল বুখারী ৬৫৫৩, মুসলিম ২৮২৮)\n\nএটিকেই আবূ হুরাইরা (রাঃ) হতে বুখারী-মুসলিম সহীহায়নে বর্ণনা করেছেন যে, ‘‘একটি সওয়ার [অশ্বারোহী] তার ছায়ায় একশো বছর ব্যাপী চললেও তা অতিক্রম করতে পারবে না।’’",
        "grade_id": 2,
        "grade": "সহিহ হাদিস",
        "grade_color": "#46B891"
      },
      {
        "id": 35033,
        "book_id": 8,
        "book_name": "রিয়াদুস সলেহিন",
        "chapter_id": 20,
        "section_id": 2,
        "hadith_key": "রিয়াদুস সলেহিন: ১৮৯৬",
        "hadith_id": 1896,
        "narrator": "উক্ত রাবী [আবূ সাঈদ খুদরী (রাঃ) ]",
        "bn": "নবী (সাল্লাল্লাহু ‘আলাইহি ওয়া সাল্লাম) বলেছেন, ‘‘অবশ্যই জান্নাতিগণ তাদের উপরের বালাখানার অধিবাসীদের এমনভাবে দেখতে পাবে, যেমন তোমরা আকাশের পূর্ব অথবা পশ্চিম দিগন্তে উজ্জ্বল অস্তগামী তারকা গভীর দৃষ্টিতে দেখতে পাও। এটি হবে তাদের মর্যাদার ব্যবধানের জন্য।’’ [সাহাবীগণ] বললেন, ‘হে আল্লাহর রসূল! এ তো নবীগণের স্থান; তাঁরা ছাড়া অন্যরা সেখানে পৌঁছতে পারবে না।’ তিনি বললেন, ‘‘অবশ্যই, সেই সত্তার শপথ, যাঁর হাতে আমার প্রাণ আছে! সেই লোকরাও [পৌঁছতে পারবে] যারা আল্লাহর প্রতি ঈমান রেখে রসূলগণকে সত্য বলে বিশ্বাস করেছে।’’",
        "ar": "وَعَنْه عَنِ النَّبِيِّ صلى الله عليه وسلم قَالَ: «إِنَّ أَهْلَ الجَنَّةِ لَيَتَرَاءَوْنَ أَهْلَ الغُرَفِ مِن فَوْقِهِمْ كَمَا تَرَاءَوْنَ الكَوْكَبَ الدُّرِّيَّ الغَابِرَ فِي الأُفُق مِنَ المَشْرِقِ أَوِ المَغْرِبِ لِتَفَاضُلِ مَا بَيْنَهُمْ» قَالُوا : يَا رَسُولَ اللهِ ؛ تِلْكَ مَنَازِلُ الأَنبِيَاءِ لاَ يَبْلُغُها غَيْرُهُمْ قَالَ: «بَلَى وَالَّذِي نَفْسِي بِيَدِهِ، رِجَالٌ آمَنُوا بِاللهِ وَصَدَّقُوا المُرْسَلِينَ» . متفق عليه",
        "ar_diacless": "وعنه عن النبي صلى الله عليه وسلم قال: «إن أهل الجنة ليتراءون أهل الغرف من فوقهم كما تراءون الكوكب الدري الغابر في الأفق من المشرق أو المغرب لتفاضل ما بينهم» قالوا : يا رسول الله ؛ تلك منازل الأنبياء لا يبلغها غيرهم قال: «بلى والذي نفسي بيده، رجال آمنوا بالله وصدقوا المرسلين» . متفق عليه",
        "note": "(সহীহুল বুখারী ৩২৫৬, ৬৫৫৬, মুসলিম ২৮৩০, ২৮৩১, আহমাদ ১২৩৬৯, দারেমী ২৮৩০)",
        "grade_id": 2,
        "grade": "সহিহ হাদিস",
        "grade_color": "#46B891"
      },
      {
        "id": 35034,
        "book_id": 8,
        "book_name": "রিয়াদুস সলেহিন",
        "chapter_id": 20,
        "section_id": 2,
        "hadith_key": "রিয়াদুস সলেহিন: ১৮৯৭",
        "hadith_id": 1897,
        "narrator": "আবু হুরাইরা (রাঃ)",
        "bn": "রাসূলুল্লাহ (সাল্লাল্লাহু ‘আলাইহি ওয়া সাল্লাম) বলেছেন, ‘‘জান্নাতে ধনুক পরিমাণ স্থান [দুনিয়ার] যেসব বস্তুর উপর সূর্য উদিত কিংবা অস্তমিত হচ্ছে সেসব বস্তু চেয়েও উত্তম।’’",
        "ar": "وَعَنْ أَبِي هُرَيرَةَ رضي الله عنه: أَنَّ رَسُولَ اللهِ صلى الله عليه وسلم قَالَ: «لَقَابُ قَوْسٍ فِي الجَنَّةِ خَيْرٌ مِمَّا تَطْلُعُ عَلَيْهِ الشَّمْسُ أَو تَغْرُبُ». متفق عليه",
        "ar_diacless": "وعن أبي هريرة رضي الله عنه: أن رسول الله صلى الله عليه وسلم قال: «لقاب قوس في الجنة خير مما تطلع عليه الشمس أو تغرب». متفق عليه",
        "note": "(সহীহুল বুখারী ২৭৯৩, ৩২৫৩, ৪৮৮১, মুসলিম ১৮৮২, ২৮২৬, তিরমিযী ১৬৪৯, ২৫২৩, ৩২৯২, ইবনু মাজাহ ৪৩৩৫, আহমাদ ৯৩৬৫, ৯৫২২, ৯৫৬০, ৯৯০০, ২৭৩৮৪, ২৭৬১৬, ২৭২৭৮৮, দারেমী ২৮৩৮, ২৮৩৯)",
        "grade_id": 2,
        "grade": "সহিহ হাদিস",
        "grade_color": "#46B891"
      },
      {
        "id": 35035,
        "book_id": 8,
        "book_name": "রিয়াদুস সলেহিন",
        "chapter_id": 20,
        "section_id": 2,
        "hadith_key": "রিয়াদুস সলেহিন: ১৮৯৮",
        "hadith_id": 1898,
        "narrator": "আনাস (রাঃ)",
        "bn": "রাসূলুল্লাহ (সাল্লাল্লাহু ‘আলাইহি ওয়া সাল্লাম) বলেছেন, ‘‘জান্নাতে একটি বাজার হবে, যেখানে জান্নাতিগণ প্রত্যেক শুক্রবার আসবে। তখন উত্তর দিক থেকে বায়ু প্রবাহিত হবে, যা তাদের চেহারায় ও কাপড়ে সুগন্ধ ছড়িয়ে দেবে। ফলে তাদের শোভা-সৌন্দর্য আরও বেড়ে যাবে। অতঃপর তারা রূপ-সৌন্দর্যের বৃদ্ধি নিয়ে তাদের স্ত্রীগণের কাছে ফিরবে। তখন তারা তাদেরকে দেখে বলবে, ‘আল্লাহর কসম! আপনাদের রূপ-সৌন্দর্য বেড়ে গেছে!’ তারাও বলে উঠবে, ‘আল্লাহর শপথ! আমাদের যাবার পর তোমাদেরও রূপ-সৌন্দর্য বেড়ে গেছে!’’",
        "ar": "وَعَنْ أَنَسٍ رَضِيَ اللهُ عنه:أَنَّ رَسُولَ اللهِ صلى الله عليه وسلم قَالَ: «إِنَّ فِي الجَنَّةِ سُوْقاً يَأتُونَهَا كُلَّ جُمُعَةٍ . فَتَهُبُّ رِيحُ الشَّمَالِ، فَتَحْثُو في وُجُوهِهِم وَثِيَابِهِمْ، فَيَزدَادُونَ حُسناً وَجَمَالاً فَيَرْجِعُونَ إلَى أَهْلِيهِمْ، وَقَد ازْدَادُوا حُسْناً وَجَمَالاً، فَيقُولُ لَهُمْ أَهْلُوهُمْ : وَاللهِ لقدِ ازْدَدْتُمْ حُسْناً وَجَمَالاً ! فَيقُولُونَ : وَأنْتُمْ وَاللهِ لَقَدِ ازْدَدْتُمْ بَعْدَنَا حُسْناً وَجَمالاً !» . رواه مسلم",
        "ar_diacless": "وعن أنس رضي الله عنه:أن رسول الله صلى الله عليه وسلم قال: «إن في الجنة سوقا يأتونها كل جمعة . فتهب ريح الشمال، فتحثو في وجوههم وثيابهم، فيزدادون حسنا وجمالا فيرجعون إلى أهليهم، وقد ازدادوا حسنا وجمالا، فيقول لهم أهلوهم : والله لقد ازددتم حسنا وجمالا ! فيقولون : وأنتم والله لقد ازددتم بعدنا حسنا وجمالا !» . رواه مسلم",
        "note": "(মুসলিম ২৮৩৩, আহমাদ ১৩৬২১, দারেমী ২৮৪১)",
        "grade_id": 2,
        "grade": "সহিহ হাদিস",
        "grade_color": "#46B891"
      },
      {
        "id": 35037,
        "book_id": 8,
        "book_name": "রিয়াদুস সলেহিন",
        "chapter_id": 20,
        "section_id": 2,
        "hadith_key": "রিয়াদুস সলেহিন: ১৮৯৯",
        "hadith_id": 1899,
        "narrator": "সাহ্ল ইবনে সা’দ (রাঃ)",
        "bn": "রাসূলুল্লাহ (সাল্লাল্লাহু ‘আলাইহি ওয়া সাল্লাম) বলেছেন, ‘‘জান্নাতিগণ জান্নাতের বালাখানাগুলিকে এমন গভীরভাবে দেখবে, যেভাবে তোমরা আকাশের তারকা দেখে থাক।’’",
        "ar": "وَعَنْ سَهْلِ بنِ سَعدٍ رضي الله عنه : أَنَّ رَسُولَ اللهِ صلى الله عليه وسلم قَالَ: «إِنَّ أَهْلَ الجَنَّةِ لَيَتَرَاءَوْنَ الغُرَفَ فِي الجَنَّةِ كَمَا تَتَرَاءَوْنَ الكَوكَبَ فِي السَّمَاءِ». متفق عليه",
        "ar_diacless": "وعن سهل بن سعد رضي الله عنه : أن رسول الله صلى الله عليه وسلم قال: «إن أهل الجنة ليتراءون الغرف في الجنة كما تتراءون الكوكب في السماء». متفق عليه",
        "note": "(সহীহুল বুখারী ৩২৫৬, ৬৫৫৬, মুসলিম ২৮৩০, ২৮৩১, আহমাদ ১২৩৬৯, দারেমী ২৮৩০)",
        "grade_id": 2,
        "grade": "সহিহ হাদিস",
        "grade_color": "#46B891"
      },
      {
        "id": 35038,
        "book_id": 8,
        "book_name": "রিয়াদুস সলেহিন",
        "chapter_id": 20,
        "section_id": 2,
        "hadith_key": "রিয়াদুস সলেহিন: ১৯০০",
        "hadith_id": 1900,
        "narrator": "উক্ত রাবী (রাঃ)",
        "bn": "তিনি বলেন, আমি নবী (সাল্লাল্লাহু ‘আলাইহি ওয়া সাল্লাম)-এর এমন এক মজলিসে উপস্থিত ছিলাম, যেখানে তিনি জান্নাত সম্পর্কে আলোচনা করছিলেন। শেষ পর্যন্ত তিনি তা সমাপ্ত করলেন এবং আলোচনার শেষে বললেন, ‘‘জান্নাতে এমন নিয়ামত [সুখ-সামগ্রী] বিদ্যমান আছে যা কোন চক্ষু দর্শন করেনি, কোন কর্ণ শ্রবণ করেনি এবং কোন মানুষের মনে তার ধারণার উদ্রেকও হয়নি. তারপর তিনি এই আয়াত পাঠ করলেন, যার অর্থ হল, ‘তারা শয্যাত্যাগ করে আকাঙ্ক্ষা ও আশংকার সাথে তাদের প্রতিপালককে ডাকে এবং আমি তাদেরকে যে রুযী প্রদান করেছি তা হতে তারা দান করে। কেউই জানে না তার জন্য তার কৃতকর্মের বিনিময় স্বরূপ নয়ন-প্রীতিকর কি পুরস্কার লুকিয়ে রাখা হয়েছে।’’",
        "ar": "وَعَنْه رضي الله عنه قَالَ: شَهِدْتُ مِنَ النَّبِيِّ صلى الله عليه وسلم مَجْلِساً وَصَفَ فِيهِ الجَنَّةَ حَتَّى انْتَهَى، ثُمَّ قَالَ فِي آخِرِ حَدِيثِهِ : «فيهَا مَا لاَ عَينٌ رَأَتْ، وَلاَ أُذُنٌ سَمِعَتْ، وَلاَ خَطَرَ عَلى قَلْبِ بَشَرٍ» ثُمَّ قَرَأَ : ﴿{‏تتجافى جنوبهم عن المضاجع‏‏ إلى قوله تعالى‏:‏ ‏‏فلا تعلم نفس ما أخفي لهم من قرة أعين‏﴾ [السجدة: ١٦، ١٧] . رواه البخاري",
        "ar_diacless": "وعنه رضي الله عنه قال: شهدت من النبي صلى الله عليه وسلم مجلسا وصف فيه الجنة حتى انتهى، ثم قال في آخر حديثه : «فيها ما لا عين رأت، ولا أذن سمعت، ولا خطر على قلب بشر» ثم قرأ : ﴿{‏تتجافى جنوبهم عن المضاجع‏‏ إلى قوله تعالى‏:‏ ‏‏فلا تعلم نفس ما أخفي لهم من قرة أعين‏﴾ [السجدة: ١٦، ١٧] . رواه البخاري",
        "note": "(সূরা সাজদাহ ১৬-১৭ আয়াত, বুখারী) (মুসলিম ২৮২৫, আহমাদ ২১৯ )",
        "grade_id": 2,
        "grade": "সহিহ হাদিস",
        "grade_color": "#46B891"
      },
      {
        "id": 35039,
        "book_id": 8,
        "book_name": "রিয়াদুস সলেহিন",
        "chapter_id": 20,
        "section_id": 2,
        "hadith_key": "রিয়াদুস সলেহিন: ১৯০১",
        "hadith_id": 1901,
        "narrator": "আবূ সাঈদ খুদরী (রাঃ) ও আবূ হুরাইরা (রাঃ)",
        "bn": "রাসূলুল্লাহ (সাল্লাল্লাহু ‘আলাইহি ওয়া সাল্লাম) বলেছেন, ‘‘জান্নাতীরা যখন জান্নাতে প্রবেশ করে যাবে, তখন একজন ঘোষণাকারী ঘোষণা করবে যে, তোমাদের জন্য এখন অনন্ত জীবন; তোমরা আর কখনো মরবে না। তোমাদের জন্য এখন চির সুস্বাস্থ্য; তোমরা আর কখনো অসুস্থ হবে না। তোমাদের জন্য এখন চির যৌবন; তোমরা আর কখনো বৃদ্ধ হবে না। তোমাদের জন্য এখন চির সুখ ও পরমানন্দ; তোমরা আর কখনো দুঃখ-কষ্ট পাবে না।’’",
        "ar": "وَعَنْ أَبِي سَعِيدٍ وَأَبِي هُرَيرَةَ رَضِيَ اللهُ عَنْهُمَا : أَنَّ رَسُولَ اللهِ صلى الله عليه وسلم قَالَ: «إِذَا دَخَلَ أَهْلُ الجَنَّةِ الجَنَّةَ يُنَادِي مُنَادٍ : إِنَّ لَكُمْ أَنْ تَحْيَوْا، فَلاَ تَمُوتُوا أَبَداً، وَإِنَّ لَكُمْ أَنْ تَصِحُّوا، فَلاَ تَسْقَمُوا أَبَداً، وَإِنَّ لَكمْ أَنْ تَشِبُّوا فَلاَ تَهْرَمُوا أَبَداً، وَإِنَّ لَكُمْ أَنْ تَنْعَمُوا، فَلاَ تَبْأسُوا أَبَداً» . رواه مسلم",
        "ar_diacless": "وعن أبي سعيد وأبي هريرة رضي الله عنهما : أن رسول الله صلى الله عليه وسلم قال: «إذا دخل أهل الجنة الجنة ينادي مناد : إن لكم أن تحيوا، فلا تموتوا أبدا، وإن لكم أن تصحوا، فلا تسقموا أبدا، وإن لكم أن تشبوا فلا تهرموا أبدا، وإن لكم أن تنعموا، فلا تبأسوا أبدا» . رواه مسلم",
        "note": "(মুসলিম ২৮৩৬, ২৮৩৭, তিরমিযী ২৫২৫, ২৫২৬, ৩২৪৬, আহমাদ ৮৬০৯, ৯০২৬, ৯১২৫, ৯৬৪১, ১০৯৩৯, ১১৪৯৫, দারেমী ২৮২১, ২৮২৪)",
        "grade_id": 2,
        "grade": "সহিহ হাদিস",
        "grade_color": "#46B891"
      },
      {
        "id": 35040,
        "book_id": 8,
        "book_name": "রিয়াদুস সলেহিন",
        "chapter_id": 20,
        "section_id": 2,
        "hadith_key": "রিয়াদুস সলেহিন: ১৯০২",
        "hadith_id": 1902,
        "narrator": "আবূ হুরাইরা (রাঃ)",
        "bn": "নবী (সাল্লাল্লাহু ‘আলাইহি ওয়া সাল্লাম) বলেছেন, ‘‘তোমাদের মধ্যে নিম্নতম জান্নাতীর মর্যাদা এই হবে যে, তাকে আল্লাহ তা‘আলা বলবেন, ‘তুমি কামনা-আকাঙ্ক্ষা প্রকাশ কর [আমি অমুক জিনিস চাই, অমুক বস্তু চাই ইত্যাদি]।’ সুতরাং সে কামনা করবে আর কামনা করতেই থাকবে। তিনি বলবেন, ‘তুমি কামনা করলে কি?’ সে উত্তর দেবে, ‘হ্যাঁ।’ তিনি তাকে বলবেন, ‘তোমার জন্য সেই পরিমাণ রইল, যে পরিমাণ তুমি কামনা করেছ এবং তার সাথে সাথে তার সমতুল্য আরও কিছু রইল।’’",
        "ar": "وَعَنْ أَبِي هُرَيرَةَ رضي الله عنه: أَنَّ رَسُولَ اللهِ صلى الله عليه وسلم قَالَ: «إِنَّ أَدْنَى مَقْعَدِ أَحَدِكُمْ مِنَ الجَنَّةِ أَنْ يَقُولَ لَهُ : تَمَنَّ، فَيَتَمَنَّى وَيَتَمَنَّى فَيقُولُ لَهُ : هَلْ تَمَنَّيتَ ؟ فَيَقُولُ : نَعَمْ، فَيَقُولُ لَهُ : فَإِنَّ لَكَ مَا تَمَنَّيتَ وَمِثْلَهُ مَعَهُ» . رواه مسلم",
        "ar_diacless": "وعن أبي هريرة رضي الله عنه: أن رسول الله صلى الله عليه وسلم قال: «إن أدنى مقعد أحدكم من الجنة أن يقول له : تمن، فيتمنى ويتمنى فيقول له : هل تمنيت ؟ فيقول : نعم، فيقول له : فإن لك ما تمنيت ومثله معه» . رواه مسلم",
        "note": "(সহীহুল বুখারী ৮০৬, ৪৫৮১, ৬৫৭৪, ৭৪৩৮, মুসলিম ১৮২, ২৯৬৮, তিরমিযী ২৫৪৯, ২৫৫৪, ২৫৫৫, ২৫৫৭, নাসায়ী ১১৪০, আবূ দাউদ ৪৭৩০, ইবনু মাজাহ ১৭৮, ৭৬৬০, ৭৮৬৮, ৮৮১৫, ১০৫২৩, ১০৬৯৩, ১০৭৬৭, ১০৮১৬, ১১৩৩৭, দারেমী ২৮০১, ২৮০৩, ২৮২৯)",
        "grade_id": 2,
        "grade": "সহিহ হাদিস",
        "grade_color": "#46B891"
      },
      {
        "id": 35043,
        "book_id": 8,
        "book_name": "রিয়াদুস সলেহিন",
        "chapter_id": 20,
        "section_id": 2,
        "hadith_key": "রিয়াদুস সলেহিন: ১৯০৩",
        "hadith_id": 1903,
        "narrator": "আবূ সাঈদ খুদরী (রাঃ)",
        "bn": "রাসূলুল্লাহ (সাল্লাল্লাহু ‘আলাইহি ওয়া সাল্লাম) বলেছেন, ‘‘মহান প্রভু জান্নাতীদেরকে সম্বোধন করে বলবেন, ‘হে জান্নাতের অধিবাসীগণ!’ তারা উত্তরে বলবে, ‘হে আমাদের প্রতিপালক! আমরা হাযির আছি, যাবতীয় সুখ ও কল্যাণ তোমার হাতে আছে।’ তখন আল্লাহ তা‘আলা বললেন, ‘তোমরা কি সন্তুষ্ট হয়েছ?’ তারা বলবে, ‘আমাদের কী হয়েছে যে, সন্তুষ্ট হব না? হে আমাদের প্রতিপালক! তুমি তো আমাদেরকে সেই জিনিস দান করেছ, যা তোমার কোন সৃষ্টিকে দান করনি।’ তখন তিনি বলবেন, ‘এর চেয়েও উত্তম কিছু তোমাদেরকে দান করব না কি?’ তারা বলবে, ‘এর চেয়েও উত্তম বস্তু আর কি হতে পারে?’ মহান প্রভু জবাবে বলবেন, ‘তোমাদের উপর আমার সন্তুষ্টি অনিবার্য করব। অতঃপর আমি তোমাদের প্রতি কখনো অসন্তুষ্ট হব না।’’",
        "ar": "وَعَنْ أَبِي سَعِيدٍ الخُدرِيِّ رضي الله عنه:أَنَّ رَسُولَ اللهِ صلى الله عليه وسلم قَالَ: «إِنَّ اللهَ ـ عَزَّ وَجَلَّ ـ يَقُولُ لأَهْلِ الجَنَّةِ : يَا أَهْلَ الجَنَّةِ، فَيَقُولُونَ : لَبَّيكَ رَبَّنَا وَسَعْدَيْكَ، وَالخَيْرُ فِي يَديْكَ، فَيقُولُ : هَلْ رَضِيتُم ؟ فَيقُولُونَ : وَمَا لَنَا لاَ نَرْضَى يَا رَبَّنَا وَقَدْ أَعْطَيْتَنَا مَا لَمْ تُعْطِ أَحداً مِنْ خَلْقِكَ، فَيَقُولُ : أَلاَ أُعْطِيكُمْ أَفْضَلَ مِنْ ذَلِكَ ؟ فَيقُولُونَ : وَأَيُّ شَيءٍ أَفْضَلُ مِنْ ذَلِكَ ؟ فَيقُولُ : أُحِلُّ عَلَيكُمْ رِضْوَانِي فَلاَ أَسْخَطُ عَلَيْكُمْ بَعْدَهُ أَبَداً» . متفق عليه",
        "ar_diacless": "وعن أبي سعيد الخدري رضي الله عنه:أن رسول الله صلى الله عليه وسلم قال: «إن الله ـ عز وجل ـ يقول لأهل الجنة : يا أهل الجنة، فيقولون : لبيك ربنا وسعديك، والخير في يديك، فيقول : هل رضيتم ؟ فيقولون : وما لنا لا نرضى يا ربنا وقد أعطيتنا ما لم تعط أحدا من خلقك، فيقول : ألا أعطيكم أفضل من ذلك ؟ فيقولون : وأي شيء أفضل من ذلك ؟ فيقول : أحل عليكم رضواني فلا أسخط عليكم بعده أبدا» . متفق عليه",
        "note": "(সহীহুল বুখারী ৬৫৪৯, ৭৫১৮, মুসলিম ১৮৩, ২৮২৯, তিরমিযী ২৫৫৪, আহমাদ ১১৪২৫)",
        "grade_id": 2,
        "grade": "সহিহ হাদিস",
        "grade_color": "#46B891"
      },
      {
        "id": 35041,
        "book_id": 8,
        "book_name": "রিয়াদুস সলেহিন",
        "chapter_id": 20,
        "section_id": 2,
        "hadith_key": "রিয়াদুস সলেহিন: ১৯০৪",
        "hadith_id": 1904,
        "narrator": "জারীর ইবনে আব্দুল্লাহ (রাঃ)",
        "bn": "তিনি বলেন, এক রাতে আমরা রাসূলুল্লাহ (সাল্লাল্লাহু ‘আলাইহি ওয়া সাল্লাম)-এর কাছে ছিলাম। হঠাৎ তিনি পূর্ণিমার রাতের চাঁদের দিকে তাকিয়ে বললেন, ‘‘শোন! নিশ্চয় তোমরা তোমাদের প্রতিপালককে তেমনি স্পষ্ট দেখতে পাবে, যেমন স্পষ্ট ঐ চাঁদকে দেখতে পাচ্ছ। তাঁকে দেখতে তোমরা কোন ভিড়ের সম্মুখীন হবে না।’’",
        "ar": "وَعَنْ جَرِيرِ بنِ عَبدِ اللهِ رضي الله عنه قَالَ: كُنَّا عِندَ رَسُولِ اللهِ صلى الله عليه وسلم فَنَظَرَ إِلَى القَمَرِ لَيْلَةَ البَدْرِ، وَقَالَ: «إنَّكُمْ سَتَرَوْنَ رَبَّكُمْ عَيَاناً كَمَا تَرَوْنَ هَذَا القَمَرَ، لاَ تُضَامُونَ فِي رُؤْيَتِهِ». متفق عليه",
        "ar_diacless": "وعن جرير بن عبد الله رضي الله عنه قال: كنا عند رسول الله صلى الله عليه وسلم فنظر إلى القمر ليلة البدر، وقال: «إنكم سترون ربكم عيانا كما ترون هذا القمر، لا تضامون في رؤيته». متفق عليه",
        "note": "(সহীহুল বুখারী ৫৫৪, ৫৭৩, ৪৮৫১, ৭৪৩৪, ৭৪৩৫, ৭৪৩৬, মুসলিম ৬৩৩, তিরমিযী ২৫৫১, আবূ দাউদ ৪৭২৯, ইবনু মাজাহ ১৭৭, আহমাদ ১৮৭০৮, ১৮৭২৩, ১৮৭৬৬)",
        "grade_id": 2,
        "grade": "সহিহ হাদিস",
        "grade_color": "#46B891"
      },
      {
        "id": 35042,
        "book_id": 8,
        "book_name": "রিয়াদুস সলেহিন",
        "chapter_id": 20,
        "section_id": 2,
        "hadith_key": "রিয়াদুস সলেহিন: ১৯০৫",
        "hadith_id": 1905,
        "narrator": "সুহাইব (রাঃ)",
        "bn": "রাসূলুল্লাহ (সাল্লাল্লাহু ‘আলাইহি ওয়া সাল্লাম) বলেছেন, ‘‘জান্নাতীরা যখন জান্নাতে প্রবেশ করে যাবে, তখন মহান বরকতময় আল্লাহ বলবেন, ‘তোমরা কি চাও যে, আমি তোমাদের জন্য আরও কিছু বেশি দিই?’ তারা বলবে, ‘তুমি কি আমাদের মুখমণ্ডল উজ্জ্বল করে দাওনি? আমাদেরকে তুমি জান্নাতে প্রবিষ্ট করনি এবং জাহান্নাম থেকে মুক্তি দাওনি?’ অতঃপর আল্লাহ [হঠাৎ] পর্দা সরিয়ে দেবেন [এবং তারা তাঁর চেহারা দর্শন লাভ করবে]। সুতরাং জান্নাতের লব্ধ যাবতীয় সুখ-সামগ্রীর মধ্যে জান্নাতিদের নিকট তাদের প্রভুর দর্শন [দীদার]ই হবে সবচেয়ে বেশী প্রিয়।’’",
        "ar": "وَعَنْ صُهَيبٍ رضي الله عنه : أَنَّ رَسُولَ اللهِ صلى الله عليه وسلم قَالَ: «إِذَا دَخَلَ أَهْلُ الجَنَّةِ الجَنَّةَ يَقُولُ اللهُ تَبَارَكَ وَتَعَالَى: تُريدُونَ شَيئاً أَزِيدُكُمْ ؟ فَيَقُولُونَ : أَلَمْ تُبَيِّضْ وُجُوهَنَا ؟ أَلَمْ تُدْخِلْنَا الجَنَّةَ وَتُنَجِّنَا مِنَ النَّارِ ؟ فَيَكْشِفُ الحِجَابَ، فَمَا أُعْطُوا شَيْئاً أَحَبَّ إلَيْهِمْ مِنَ النَّظَرِ إلَى رَبِّهِمْ».رواه مسلم .",
        "ar_diacless": "وعن صهيب رضي الله عنه : أن رسول الله صلى الله عليه وسلم قال: «إذا دخل أهل الجنة الجنة يقول الله تبارك وتعالى: تريدون شيئا أزيدكم ؟ فيقولون : ألم تبيض وجوهنا ؟ ألم تدخلنا الجنة وتنجنا من النار ؟ فيكشف الحجاب، فما أعطوا شيئا أحب إليهم من النظر إلى ربهم».رواه مسلم .",
        "note": "(মুসলিম ১৮১, তিরমিযী ২৫৫২, ১৮৭, আহমাদ ১৮৫৫৬, ১৮৪৬২, ২৩৪০৭)",
        "grade_id": 2,
        "grade": "সহিহ হাদিস",
        "grade_color": "#46B891"
      }
    ]
  }
]