[
  {
    "id": 12225,
    "book_id": 8,
    "book_name": "riyadus-salihin",
    "chapter_id": 5,
    "section_id": 1,
    "title": "ঘুমানো, শোয়া, বসা, বৈঠক, সাথী এবং স্বপ্ন সংক্রান্ত আদব কায়দা - শয়নকালে যা বলতে হয়",
    "preface": "",
    "number": "পরিচ্ছদঃ ১২৭",
    "sort_order": 1,
    "hadiths": [
      {
        "id": 33939,
        "book_id": 8,
        "book_name": "রিয়াদুস সলেহিন",
        "chapter_id": 5,
        "section_id": 1,
        "hadith_key": "রিয়াদুস সলেহিন: ৮১৮",
        "hadith_id": 818,
        "narrator": "বারা’ ইবনে ‘আযেব (রাঃ)",
        "bn": "তিনি বলেন, রাসূলুল্লাহ সাল্লাল্লাহু আলাইহি ওয়াসাল্লাম যখন শয্যাগ্রহণ করতেন, তখন ডান পার্শ্বে শয়ন করতেন এবং এই দো‘আ পড়তেনঃ-\n‘আল্লা-হুম্মা আসলামতু নাফসী ইলাইকা অ অজ্জাহতু অজহিয়া ইলাইক, অফাউওয়াদ্বতু আমরী ইলাইক, অ আলজা’তু যাহরী ইলাইক, রাগ্‌বাতাঁঊ অরাহবাতান্ ইলাইক্, লা মাল্জাআ অলা মান্‌জা মিনকা ইল্লা ইলাইক, আ-মানতু বিকিতা-বিকাল্লাযী আনযালতা অ নাবিয়্যিকাল্লাযী আরসাল্ত্‌।’\nঅর্থ - হে আল্লাহ! আমি আমার প্রাণ তোমার প্রতি সমর্পণ করেছি, আমার মুখমন্ডল তোমার প্রতি ফিরিয়েছি, আমার সকল কর্মের দায়িত্ব তোমাকে সোপর্দ করেছি, আমার পিঠকে তোমার দিকে লাগিয়েছি (তোমার উপরেই সকল ভরসা রেখেছি), এসব কিছু তোমার সওয়াবের আশায় ও তোমার আযাবের ভয়ে করেছি। তোমার নিকট ছাড়া তোমার আযাব থেকে বাঁচতে কোন আশ্রয়স্থল নেই। তুমি যে কিতাব অবতীর্ণ করেছ তার উপর এবং তুমি যে নবী প্রেরণ করেছ তার উপর ঈমান এনেছি। (বুখারী এই শব্দমালায়, আদব অধ্যায়)",
        "ar": "عَنِ البَراءِ بنِ عَازِبٍ رَضِيَ اللهُ عَنهُمَا، قَالَ: كَانَ رَسُولُ اللهِ صلى الله عليه وسلم صلى الله عليه وسلم إِذَا أَوَى إِلَى فِرَاشِهِ نَامَ عَلَى شِقِّهِ الأَيْمَنِ، ثُمَّ قَالَ: اَللهم أسْلَمْتُ نَفسِي إلَيْكَ، وَوَجَّهْتُ وَجْهِي إلَيْكَ، وَفَوَّضْتُ أمْرِي إلَيْكَ، وَألْجَأتُ ظَهْرِي إلَيْك، رَغْبَةً وَرَهْبَةً إلَيْكَ، لاَ مَلْجَأ وَلاَ مَنْجا مِنْكَ إِلاَّ إلَيكَ، آمَنْتُ بِكِتَابِكَ الَّذِي أنْزَلْتَ، وَنَبِيِّكَ الَّذِي أرْسَلْتَ. رواه البخاري بهذا اللفظ في كتاب الأدب من صحيحه",
        "ar_diacless": "عن البراء بن عازب رضي الله عنهما، قال: كان رسول الله صلى الله عليه وسلم صلى الله عليه وسلم إذا أوى إلى فراشه نام على شقه الأيمن، ثم قال: اللهم أسلمت نفسي إليك، ووجهت وجهي إليك، وفوضت أمري إليك، وألجأت ظهري إليك، رغبة ورهبة إليك، لا ملجأ ولا منجا منك إلا إليك، آمنت بكتابك الذي أنزلت، ونبيك الذي أرسلت. رواه البخاري بهذا اللفظ في كتاب الأدب من صحيحه",
        "note": "(সহীহুল বুখারী  ২৪৭, ৬৩১১, ৬৩১৩, ৬৩২৫, ৭৪৮৮, মুসলিম ২৭১০ ,তিরমিযী ২৩৯৪, ৩৫৭৪, আবূ দাউদ ৫০৪৬, ইবনু মাজাহ ৩৮৭৬, আহমাদ ১৮০৪৪, ১৮০৮৯, ১৮১১৪, ১৮১৪৩, ১৮১৭৭, ১৮২০৫, দারেমী ২৬৮৩)",
        "grade_id": 2,
        "grade": "সহিহ হাদিস",
        "grade_color": "#46B891"
      },
      {
        "id": 33937,
        "book_id": 8,
        "book_name": "রিয়াদুস সলেহিন",
        "chapter_id": 5,
        "section_id": 1,
        "hadith_key": "রিয়াদুস সলেহিন: ৮১৯",
        "hadith_id": 819,
        "narrator": "উক্ত রাবী",
        "bn": "তিনি বলেন রাসূলুল্লাহ সাল্লাল্লাহু আলাইহি ওয়াসাল্লাম আমাকে বললেন, ‘‘তুমি যখন তোমার বিছানায় (ঘুমাবার জন্য) আসবে, তখন তুমি নামাযের ওযূর মত ওযূ কর। অতঃপর ডান পার্শ্বে শুয়ে (পূর্বোক্ত দুআটি) দো‘আ পাঠ কর....।’’ অতঃপর বর্ণনাকারী ঐ দো‘আটি উল্লেখ করলেন। আর এ বর্ণনায় আছে যে, ‘‘ওই দো‘আটিকেই  সবশেষে পাঠ কর।’’",
        "ar": "وَعَنْهُ، قَالَ: قَالَ لِي رَسُولُ اللهِ صلى الله عليه وسلم صلى الله عليه وسلم: « إِذَا أتَيْتَ مَضْجَعَكَ فَتَوَضَّأ وُضُوءَكَ لِلْصَّلاَةِ، ثُمَّ اضْطَجِعْ عَلَى شِقِّكَ الأَيْمَنِ، وَقُلْ ...» وذَكَرَ نَحْوَهُ، وفيه: «وَاجْعَلْهُنَّ آخِرَ مَا تَقُولُ». متفقٌ عَلَيْهِ",
        "ar_diacless": "وعنه، قال: قال لي رسول الله صلى الله عليه وسلم صلى الله عليه وسلم: « إذا أتيت مضجعك فتوضأ وضوءك للصلاة، ثم اضطجع على شقك الأيمن، وقل ...» وذكر نحوه، وفيه: «واجعلهن آخر ما تقول». متفق عليه",
        "note": "(সহীহুল বুখারী  ২৪৭, ৬৩১১, ৬৩১৩, ৬৩২৫, ৭৪৮৮, মুসলিম ২৭১০ ,তিরমিযী ২৩৯৪, ৩৫৭৪, আবূ দাউদ ৫০৪৬, ইবনু মাজাহ ৩৮৭৬, আহমাদ ১৮০৪৪, ১৮০৮৯, ১৮১১৪, ১৮১৪৩, ১৮১৭৭, ১৮২০৫, দারেমী ২৬৮৩)",
        "grade_id": 2,
        "grade": "সহিহ হাদিস",
        "grade_color": "#46B891"
      },
      {
        "id": 33940,
        "book_id": 8,
        "book_name": "রিয়াদুস সলেহিন",
        "chapter_id": 5,
        "section_id": 1,
        "hadith_key": "রিয়াদুস সলেহিন: ৮২০",
        "hadith_id": 820,
        "narrator": "আয়েশা রাদিয়াল্লাহু আনহা",
        "bn": "তিনি বলেন, ‘নবী সাল্লাল্লাহু আলাইহি ওয়াসাল্লাম রাতে এগারো রাকআত নামায পড়তেন। যখন ফজর উদয় হত, তখন তিনি দু’রাকআত সংক্ষিপ্ত নামায পড়তেন, তারপর তাঁর ডান পার্শ্বে শয়ন করতেন; শেষ পর্যন্ত মুআয্‌যিন এসে তাঁকে (জামাআতের সময় হওয়ার) খবর জানাত।’",
        "ar": "وَعَنْ عَائِشَةَ رَضِيَ اللهُ عَنهَا، قَالَتْ: كَانَ النَّبِيُّ صلى الله عليه وسلم يُصَلِّي مِنَ اللَّيْلِ إحْدَى عَشرَةَ رَكْعَةً، فَإِذَا طَلَعَ الفَجْرُ صَلَّى رَكْعَتَيْنِ خَفِيفَتَيْنِ، ثُمَّ اضْطَجَعَ عَلَى شِقِّهِ الأَيْمَنِ حَتَّى يَجِيءَ الْمُؤَذِّنُ فَيُؤْذِنَهُ . متفقٌ عَلَيْهِ",
        "ar_diacless": "وعن عائشة رضي الله عنها، قالت: كان النبي صلى الله عليه وسلم يصلي من الليل إحدى عشرة ركعة، فإذا طلع الفجر صلى ركعتين خفيفتين، ثم اضطجع على شقه الأيمن حتى يجيء المؤذن فيؤذنه . متفق عليه",
        "note": "(সহীহুল বুখারী ৬২৬, ৯৯৪, ১১২৩, ১১৩৯, ১১৪০, ১১৬০, ১১৬৫, মুসলিম ৭২৪, ৭৩৬, ৭৩৭, ৭৩৮, তিরমিযী ৪৩৯, ৪৪০, নাসায়ী ৬৮৫, ১৬৯৬, ১৭৪৯, ১৭৬২, আবূ দাউদ ১২৫৪, ১২৫৫, ১২৬২, ১৩৩৪, ১৩৩৮, ১৩৩৯, ১৩৪০, ইবনু মাজাহ ১১৯৮, ১৩৫৮, আহমাদ ২৩৫৩৭, ২৩৫৫৩, ২৩৫৯৬, ২৩৬৬৮, ২৩৬৯৭, ২৩৭০৫, ২৩৯২৫, ২৩৯৪০, মুওয়াত্তা মালিক ২৪৩, ২৬৪, দারেমী ১৪৪৭, ১৪৭৩, ১৪৭৪,১৫৮৫)",
        "grade_id": 2,
        "grade": "সহিহ হাদিস",
        "grade_color": "#46B891"
      },
      {
        "id": 33941,
        "book_id": 8,
        "book_name": "রিয়াদুস সলেহিন",
        "chapter_id": 5,
        "section_id": 1,
        "hadith_key": "রিয়াদুস সলেহিন: ৮২১",
        "hadith_id": 821,
        "narrator": "হুযাইফা (রাঃ)",
        "bn": "তিনি বলেন, নবী সাল্লাল্লাহু আলাইহি ওয়াসাল্লাম রাত্রিতে যখন শয্যাগ্রহণ করতেন, তখন তিনি গালের নীচে হাত রেখে এই দো‘আ পড়তেনঃ ‘আল্লাহুম্মা বিসমিকা আমূতু অ আহয়্যা।’ অর্থাৎ হে আল্লাহ! আমি তোমার নামে মরি ও বাঁচি।\nআর যখন জাগতেন তখন বলতেনঃ ‘আলহামদু লিল্লা-হিল্লাযী আহয়্যা-না বা’দা মা আমা-তানা অ ইলাইহিন নুশূর।’ অর্থাৎ সেই আল্লাহর সমস্ত প্রশংসা যিনি আমাদেরকে মৃত্যু (নিদ্রা) দেওয়ার পর জীবিত করলেন এবং তাঁরই দিকে আমাদের পুনর্জীবন।",
        "ar": "وَعَنْ حُذَيْفَةَ رضي الله عنه، قَالَ: كَانَ النَّبيُّ صلى الله عليه وسلم إِذَا أخَذَ مَضْجَعَهُ مِنَ اللَّيْلِ وَضَعَ يَدَهُ تَحْتَ خَدِّهِ، ثُمَّ يَقُولُ: « اَللهم بِاسْمِكَ أمُوتُ وَأحْيَا » وَإِذَا اسْتَيْقَظَ قَالَ: « الْحَمْدُ للهِ الَّذِي أحْيَانَا بَعْدَ مَا أمَاتَنَا وَإِلَيْهِ النُشُورُ ». رواه البخاري",
        "ar_diacless": "وعن حذيفة رضي الله عنه، قال: كان النبي صلى الله عليه وسلم إذا أخذ مضجعه من الليل وضع يده تحت خده، ثم يقول: « اللهم باسمك أموت وأحيا » وإذا استيقظ قال: « الحمد لله الذي أحيانا بعد ما أماتنا وإليه النشور ». رواه البخاري",
        "note": "(সহীহুল বুখারী ৬৩১২, ৬৩১৪, ৬৩২৪, ৭৩৯৪, তিরমিযী ৩৪১৭, আবূ দাউদ ৫০৪৯, ইবনু মাজাহ ৩৮৮০, আহমাদ ২২৭৩৩, ২২৭৬০, ২২৭৭৫, ২২৮৬০, ২২৮৮২, ২২৯৪৯, দারেমী ২৬৮৬)",
        "grade_id": 2,
        "grade": "সহিহ হাদিস",
        "grade_color": "#46B891"
      },
      {
        "id": 33938,
        "book_id": 8,
        "book_name": "রিয়াদুস সলেহিন",
        "chapter_id": 5,
        "section_id": 1,
        "hadith_key": "রিয়াদুস সলেহিন: ৮২২",
        "hadith_id": 822,
        "narrator": "য়্যা‘ঈশ ইবনে ত্বিখফাহ্ গিফারী (রাঃ)",
        "bn": "তিনি বলেন, আমার পিতা বলেন, একদা আমি মসজিদে উপুড় হয়ে শুয়ে ছিলাম, এমতাবস্থায় একটি লোক আমাকে পা দিয়ে নড়িয়ে বলল, ‘‘এ ধরনের শোয়াকে আল্লাহ অপছন্দ করেন।’’ তিনি বলেন, ‘আমি তাকিয়ে দেখলাম তো তিনি রাসূলুল্লাহ সাল্লাল্লাহু আলাইহি ওয়াসাল্লাম ছিলেন।’",
        "ar": "وَعَنْ يَعِيشَ بنِ طِخْفَةَ الغِفَارِيِّ رَضِيَ اللهُ عَنهُمَا، قَالَ: قَالَ أَبي: بَينَمَا أَنَا مُضْطَجِعٌ فِي الْمَسْجِدِ عَلَى بَطْنِي إِذَا رَجُلٌ يُحَرِّكُنِي بِرِجلِهِ، فَقَالَ: « إنَّ هَذِهِ ضِجْعَةٌ يُبْغِضُهَا اللهُ »، قَالَ: فَنظَرْتُ، فَإِذَا رَسُولُ اللهِ صلى الله عليه وسلم صلى الله عليه وسلم . رواه أَبُو داود بإسنادٍ صحيح",
        "ar_diacless": "وعن يعيش بن طخفة الغفاري رضي الله عنهما، قال: قال أبي: بينما أنا مضطجع في المسجد على بطني إذا رجل يحركني برجله، فقال: « إن هذه ضجعة يبغضها الله »، قال: فنظرت، فإذا رسول الله صلى الله عليه وسلم صلى الله عليه وسلم . رواه أبو داود بإسناد صحيح",
        "note": "(আবূ দাউদ, সহীহ সনদ) (আবূ দাউদ ৫০৪০, আহমাদ ১৫১১৫, ১৫১১৭, (মু‘আয বিন হিশাম)",
        "grade_id": 2,
        "grade": "সহিহ হাদিস",
        "grade_color": "#46B891"
      },
      {
        "id": 33942,
        "book_id": 8,
        "book_name": "রিয়াদুস সলেহিন",
        "chapter_id": 5,
        "section_id": 1,
        "hadith_key": "রিয়াদুস সলেহিন: ৮২৩",
        "hadith_id": 823,
        "narrator": "আবূ হুরাইরা (রাঃ)",
        "bn": "রাসূলুল্লাহ সাল্লাল্লাহু আলাইহি ওয়াসাল্লাম বলেছেন, ‘‘যে ব্যক্তি এমন মজলিসে বসে, যেখানে সে আল্লাহর যিকর করে না, (এর জন্য) আল্লাহর তরফ থেকে তার উপর পরিতাপ ও কমি আসবে। আর যে ব্যক্তি এমন জায়গায় শয়ন করে, যেখানে সে আল্লাহর যিকির করে না, (এর জন্য) আল্লাহর তরফ থেকে তার উপর পরিতাপ ও কমি আসবে।’’ (আবু দাঊদ, হাসান)",
        "ar": "وَعَنْ أَبِي هُرَيرَةَ رضي الله عنه، عَن رَسُولِ اللهِ صلى الله عليه وسلم، قَالَ: «مَنْ قَعَدَ مَقْعَدَاً لَمْ يَذْكُرِ الله تَعَالَى فِيهِ، كَانَتْ عَلَيْهِ مِنَ اللهِ تَعَالَى تِرَةٌ، وَمَنِ اضْطَجَعَ مَضجَعاً لاَ يَذْكُرُ اللهَ تَعَالَى فِيهِ، كَانَتْ عَلَيْهِ مِنَ اللهِ تِرَةٌ ». رواه أَبُو داود بإسنادٍ حسن",
        "ar_diacless": "وعن أبي هريرة رضي الله عنه، عن رسول الله صلى الله عليه وسلم، قال: «من قعد مقعدا لم يذكر الله تعالى فيه، كانت عليه من الله تعالى ترة، ومن اضطجع مضجعا لا يذكر الله تعالى فيه، كانت عليه من الله ترة ». رواه أبو داود بإسناد حسن",
        "note": "(আবূ দাউদ ৪৮৫৫, ৪৮৫৬,তি ৩৩৮০, আহমাদ ৯৩০০, ৯৪৭২, ৯৮৮৪, ৯৯০৭, ১০০৫০, ১০৪৪৪)",
        "grade_id": 3,
        "grade": "হাসান হাদিস",
        "grade_color": "#46B891"
      }
    ]
  },
  {
    "id": 12226,
    "book_id": 8,
    "book_name": "riyadus-salihin",
    "chapter_id": 5,
    "section_id": 2,
    "title": "গুপ্তাঙ্গ খুলে যাওয়ার আশংকা না থাকলে একটি পায়ের উপর অন্য পা চাপিয়ে চিৎ হয়ে শোয়া বৈধ এবং দুই পা গুটিয়ে (বাবু হয়ে) বসা ও হাঁটু দু’টিকে বুকে লাগিয়ে কাপড় বা কোন কিছু দিয়ে পিঠের সাথে বেঁধে বসা বৈধ",
    "preface": "",
    "number": "পরিচ্ছদঃ ১২৮",
    "sort_order": 2,
    "hadiths": [
      {
        "id": 33944,
        "book_id": 8,
        "book_name": "রিয়াদুস সলেহিন",
        "chapter_id": 5,
        "section_id": 2,
        "hadith_key": "রিয়াদুস সলেহিন: ৮২৪",
        "hadith_id": 824,
        "narrator": "আব্দুল্লাহ ইবনে য়্যাযীদ (রাঃ)",
        "bn": "রাসূলুল্লাহ সাল্লাল্লাহু আলাইহি ওয়াসাল্লামকে মসজিদে এমনভাবে চিৎ হয়ে শোয়া অবস্থায় প্রত্যক্ষ করেছেন যে, তিনি একটি পা অন্য পায়ের উপর চাপিয়ে রেখেছিলেন।",
        "ar": "عَن عَبدِ اللهِ بنِ زَيدٍ رَضِيَ اللهُ عَنهُمَا: أنَّه رَأَى رَسُولُ اللهِ صلى الله عليه وسلم صلى الله عليه وسلم مُسْتَلْقِياً في الْمَسْجِدِ، وَاضِعاً إحْدَى رِجْلَيْهِ عَلَى الأُخْرَى . متفقٌ عَلَيْهِ",
        "ar_diacless": "عن عبد الله بن زيد رضي الله عنهما: أنه رأى رسول الله صلى الله عليه وسلم صلى الله عليه وسلم مستلقيا في المسجد، واضعا إحدى رجليه على الأخرى . متفق عليه",
        "note": "(সহীহুল বুখারী ৪৭৫, ৫৯৬৯, ৬২৮৭, মুসলিম ২১০০, তিরমিযী ২৭৬৫, নাসায়ী ৭২১, আবূ দাউদ ৪৮৬৬, আহমাদ ১৫৯৯৫, ১৬০০৯, মুওয়াত্তা মালিক ৪১৮, দারেমী ২৬৫৬)",
        "grade_id": 2,
        "grade": "সহিহ হাদিস",
        "grade_color": "#46B891"
      },
      {
        "id": 33943,
        "book_id": 8,
        "book_name": "রিয়াদুস সলেহিন",
        "chapter_id": 5,
        "section_id": 2,
        "hadith_key": "রিয়াদুস সলেহিন: ৮২৫",
        "hadith_id": 825,
        "narrator": "জাবের ইবনে সামুরাহ (রাঃ)",
        "bn": "তিনি বলেন, ‘নবী সাল্লাল্লাহু আলাইহি ওয়াসাল্লাম যখন ফজরের নামায সমাপ্ত করতেন তখন ভালোভাবে সূর্যোদয় না হওয়া অবধি নামায পড়ার জায়গাতেই দুই পা গুটিয়ে (বাবু হয়ে) বসে থাকতেন।’ (সহীহ হাদীস, এটি আবূ দাউদ প্রমুখ বিশুদ্ধ সানাদে বর্ণনা করেছেন)",
        "ar": "وَعَنْ جَابِرِ بنِ سَمُرَةَ رضي الله عنه، قَالَ: كَانَ النَّبِيُّ صلى الله عليه وسلم إِذَا صَلَّى الفَجْرَ تَرَبَّعَ فِي مَجْلِسِهِ حَتَّى تَطْلُعَ الشَّمْسُ حَسْنَاءَ . حديث صحيح، رواه أَبُو داود وغيره بأسانيد صحيحة",
        "ar_diacless": "وعن جابر بن سمرة رضي الله عنه، قال: كان النبي صلى الله عليه وسلم إذا صلى الفجر تربع في مجلسه حتى تطلع الشمس حسناء . حديث صحيح، رواه أبو داود وغيره بأسانيد صحيحة",
        "note": "(আবূ দাউদ ৪৮৫০, মুসলিম ৬৭০, আহমাদ ২০৪৪০)",
        "grade_id": 2,
        "grade": "সহিহ হাদিস",
        "grade_color": "#46B891"
      },
      {
        "id": 33945,
        "book_id": 8,
        "book_name": "রিয়াদুস সলেহিন",
        "chapter_id": 5,
        "section_id": 2,
        "hadith_key": "রিয়াদুস সলেহিন: ৮২৬",
        "hadith_id": 826,
        "narrator": "ইবনে উমার (রাঃ)",
        "bn": "তিনি বলেন, ‘আমি রাসূলুল্লাহ সাল্লাল্লাহু আলাইহি ওয়াসাল্লামকে কা‘বা প্রাঙ্গনে বুকে হাঁটু লাগিয়ে হাত দিয়ে ধরে এভাবে বসে থাকতে দেখেছি।’ আর তিনি নিজের হাত দুখানা ধরে উক্ত (ইহতিবা) বসার ধরন বর্ণনা করলেন। ওটাকেই আরবীতে ‘কুরফুসা’ও বলা হয়।",
        "ar": "وَعَنْ ابنِ عُمَرَ رَضِيَ اللهُ عَنهُمَا، قَالَ: رَأَيتُ رَسُولَ اللهِ صلى الله عليه وسلم صلى الله عليه وسلم بِفِنَاءِ الكَعْبَةِ مُحْتَبِياً بِيَدَيْهِ هَكَذَا، وَوَصَفَ بِيَدَيْهِ الاِحْتِبَاءَ، وَهُوَ القُرْفُصَاءُ . رواه البخاري",
        "ar_diacless": "وعن ابن عمر رضي الله عنهما، قال: رأيت رسول الله صلى الله عليه وسلم صلى الله عليه وسلم بفناء الكعبة محتبيا بيديه هكذا، ووصف بيديه الاحتباء، وهو القرفصاء . رواه البخاري",
        "note": "(সহীহুল বুখারী ৬২৭২)",
        "grade_id": 2,
        "grade": "সহিহ হাদিস",
        "grade_color": "#46B891"
      },
      {
        "id": 33946,
        "book_id": 8,
        "book_name": "রিয়াদুস সলেহিন",
        "chapter_id": 5,
        "section_id": 2,
        "hadith_key": "রিয়াদুস সলেহিন: ৮২৭",
        "hadith_id": 827,
        "narrator": "ক্বাইলা বিনতে মাখরামাহ রাদিয়াল্লাহু আনহা",
        "bn": "তিনি বলেন, ‘আমি রাসূলুল্লাহ সাল্লাল্লাহু আলাইহি ওয়াসাল্লামকে বুকে হাঁটু লাগিয়ে হাত দিয়ে দুটোকে জড়িয়ে উঁচু হয়ে বসে থাকতে দেখেছি। যখন তাকে বিনীতভাবে বসে থাকতে দেখলাম, তখন ভয়ে আমি কাঁপতে লাগলাম।’",
        "ar": "وَعَنْ قَيْلَةَ بِنْتِ مَخْرَمَةَ رَضِيَ اللهُ عَنهَا، قَالَتْ: رَأَيتُ النَّبِيَّ صلى الله عليه وسلم وَهُوَ قَاعِدٌ القُرْفُصَاءَ، فَلَمَّا رَأَيْتُ رَسُولَ اللهِ صلى الله عليه وسلم المُتَخَشِّعَ فِي الجِلْسَةِ أُرْعِدْتُ مِنَ الفَرَقِ. رواه أَبُو داود والترمذي",
        "ar_diacless": "وعن قيلة بنت مخرمة رضي الله عنها، قالت: رأيت النبي صلى الله عليه وسلم وهو قاعد القرفصاء، فلما رأيت رسول الله صلى الله عليه وسلم المتخشع في الجلسة أرعدت من الفرق. رواه أبو داود والترمذي",
        "note": "(আবূ দাউদ ৪৮৪৭)",
        "grade_id": 2,
        "grade": "সহিহ হাদিস",
        "grade_color": "#46B891"
      },
      {
        "id": 33947,
        "book_id": 8,
        "book_name": "রিয়াদুস সলেহিন",
        "chapter_id": 5,
        "section_id": 2,
        "hadith_key": "রিয়াদুস সলেহিন: ৮২৮",
        "hadith_id": 828,
        "narrator": "শারীদ ইবনে সুয়াইদ (রাঃ)",
        "bn": "তিনি বলেন, ‘রাসূলুল্লাহ সাল্লাল্লাহু আলাইহি ওয়াসাল্লাম (একবার) আমার নিকট দিয়ে অতিক্রম করছিলেন। আর আমি এভাবে অর্থাৎ বাঁম হাতটিকে পিঠের পিছনে রেখে হাতের চেটোতে ভর দিয়ে বসেছিলাম। তা দেখে তিনি বললেন, ‘‘তুমি কি অভিশপ্ত (ইয়াহুদী)দের বসার মত বসছ?’’",
        "ar": "وَعَنْ الشَّريدِ بنِ سُوَيْدٍ رضي الله عنه، قَالَ: مَرَّ بِي رَسُولُ اللهِ صلى الله عليه وسلم صلى الله عليه وسلم وَأَنَا جَالِسٌ هَكَذَا، وَقَدْ وَضَعْتُ يَدِيَ اليُسْرَى خَلْفَ ظَهْرِي، وَاتَّكَأتُ عَلَى أَليَةِ يَدِي، فَقَالَ: « أَتَقْعُدُ قِعْدَةَ المَغْضُوبِ عَلَيْهِمْ ؟! » رواه أَبُو داود بإسنادٍ صحيح",
        "ar_diacless": "وعن الشريد بن سويد رضي الله عنه، قال: مر بي رسول الله صلى الله عليه وسلم صلى الله عليه وسلم وأنا جالس هكذا، وقد وضعت يدي اليسرى خلف ظهري، واتكأت على ألية يدي، فقال: « أتقعد قعدة المغضوب عليهم ؟! » رواه أبو داود بإسناد صحيح",
        "note": "(আবূ দাঊদ সহীহ সানাদ)(আবূ দাউদ ৪৮৪৮, আহমাদ ১৮৯৬০)",
        "grade_id": 3,
        "grade": "হাসান হাদিস",
        "grade_color": "#46B891"
      }
    ]
  },
  {
    "id": 12227,
    "book_id": 8,
    "book_name": "riyadus-salihin",
    "chapter_id": 5,
    "section_id": 3,
    "title": "মজলিস ও বসার সাথীর নানা আদব-কায়দা",
    "preface": "",
    "number": "পরিচ্ছদঃ ১২৯",
    "sort_order": 3,
    "hadiths": [
      {
        "id": 33949,
        "book_id": 8,
        "book_name": "রিয়াদুস সলেহিন",
        "chapter_id": 5,
        "section_id": 3,
        "hadith_key": "রিয়াদুস সলেহিন: ৮২৯",
        "hadith_id": 829,
        "narrator": "ইবনে উমার (রাঃ)",
        "bn": "তিনি বলেন, রাসূলুল্লাহ সাল্লাল্লাহু আলাইহি ওয়াসাল্লাম বলেছেন, ‘‘কোন ব্যক্তি অন্য কাউকে তার জায়গা থেকে উঠিয়ে দিয়ে সেখানে যেন অবশ্যই না বসে। বরং তোমরা জায়গা প্রশস্ত করে ও নড়ে-সরে জায়গা করে বসো।’’ ইবনে উমারের জন্য মজলিস থেকে কেউ উঠে গেলে সেখানে তিনি বসতেন না।",
        "ar": "عَنِ ابنِ عُمَرَ رَضِيَ اللهُ عَنهُمَا، قَالَ: قَالَ رَسُولُ اللهِ صلى الله عليه وسلم صلى الله عليه وسلم: « لاَ يُقِيمَنَّ أحَدُكُمْ رَجُلاً مِنْ مَجْلِسِهِ ثُمَّ يَجْلِسُ فِيهِ، وَلَكِنْ تَوَسَّعُوا وَتَفَسَّحُوا ». وكَانَ ابْنُ عُمَرَ إِذَا قَامَ لَهُ رَجُلٌ مِنْ مَجْلِسِهِ لَمْ يَجْلِسْ فِيهِ . متفقٌ عَلَيْهِ",
        "ar_diacless": "عن ابن عمر رضي الله عنهما، قال: قال رسول الله صلى الله عليه وسلم صلى الله عليه وسلم: « لا يقيمن أحدكم رجلا من مجلسه ثم يجلس فيه، ولكن توسعوا وتفسحوا ». وكان ابن عمر إذا قام له رجل من مجلسه لم يجلس فيه . متفق عليه",
        "note": "(সহীহুল বুখারী ৯১১, ৬২৬৯, ৬২৭০, মুসলিম ২১৭৭, তিরমিযী ২৭৪৯, ২৭৫০, আবূ দাউদ ৪৮২৮, আহমাদ ৪৬৪৫, ৪৬৫০, ৪৭২১, ৪৮৫৬, ৫০২৬, ৫৫৪২, ৫৫৯৩, ৫৭৫১, ৫৯৮৮ , ৬০২৬, ৬০৪৯, ৬৩৩৫, দারেমী ২৬৫৩)",
        "grade_id": 2,
        "grade": "সহিহ হাদিস",
        "grade_color": "#46B891"
      },
      {
        "id": 33948,
        "book_id": 8,
        "book_name": "রিয়াদুস সলেহিন",
        "chapter_id": 5,
        "section_id": 3,
        "hadith_key": "রিয়াদুস সলেহিন: ৮৩০",
        "hadith_id": 830,
        "narrator": "আবূ হুরাইরা (রাঃ)",
        "bn": "রাসূলুল্লাহ সাল্লাল্লাহু আলাইহি ওয়াসাল্লাম বলেছেন, ‘‘মজলিস থেকে কেউ উঠে গিয়ে আবার সেখানে ফিরে এলে সেই ঐ জায়গার বেশি হকদার।’’",
        "ar": "وَعَنْ أَبِي هُرَيرَةَ رضي الله عنه: أنَّ رَسُولَ اللهِ صلى الله عليه وسلم صلى الله عليه وسلم، قَالَ: « إِذَا قَامَ أَحَدُكُمْ مِنْ مَجْلِسٍ، ثُمَّ رَجَعَ إِلَيْهِ، فَهُوَ أَحَقُّ بِهِ ». رواه مسلم",
        "ar_diacless": "وعن أبي هريرة رضي الله عنه: أن رسول الله صلى الله عليه وسلم صلى الله عليه وسلم، قال: « إذا قام أحدكم من مجلس، ثم رجع إليه، فهو أحق به ». رواه مسلم",
        "note": "(মুসলিম ২১৭৯, আবূ দাউদ ৪৮৫৩, মায ৩৭১৭, আহমাদ ৭৫১৪, ৭৭৫১, ৮৩০৪, ৮৮১০, ৯৪৬৩, ৯৪৮২, ৯৮৯৪, ১০৪৪২, ১০৫৫৯, দারেমী ২৬৫৪)",
        "grade_id": 2,
        "grade": "সহিহ হাদিস",
        "grade_color": "#46B891"
      },
      {
        "id": 33950,
        "book_id": 8,
        "book_name": "রিয়াদুস সলেহিন",
        "chapter_id": 5,
        "section_id": 3,
        "hadith_key": "রিয়াদুস সলেহিন: ৮৩১",
        "hadith_id": 831,
        "narrator": "জাবের ইবনে সামুরাহ (রাঃ)",
        "bn": "তিনি বলেন, ‘আমরা যখন নবী সাল্লাল্লাহু আলাইহি ওয়াসাল্লাম এর দরবারে আসতাম, তখন যেখানে মজলিস শেষ হত সেখানে বসে যেতাম।’",
        "ar": "وَعَنْ جَابِرِ بنِ سَمُرَةَ رَضِيَ اللهُ عَنهُمَا، قَالَ: كُنَّا إِذَا أَتَيْنَا النَّبِيَّ صلى الله عليه وسلم، جلَسَ أحَدُنَا حَيْثُ يَنْتَهِي. رواه أَبُو داود والترمذي، وقال: حديث حسن",
        "ar_diacless": "وعن جابر بن سمرة رضي الله عنهما، قال: كنا إذا أتينا النبي صلى الله عليه وسلم، جلس أحدنا حيث ينتهي. رواه أبو داود والترمذي، وقال: حديث حسن",
        "note": "(আবূ দাঊদ, তিরমিযী, হাসান) (আবূ দাউদ ৪৮২৫, তিরমিযী ২৭২৫, আহমাদ ২০৪২৩, ২০৫৩৫)",
        "grade_id": 3,
        "grade": "হাসান হাদিস",
        "grade_color": "#46B891"
      },
      {
        "id": 33951,
        "book_id": 8,
        "book_name": "রিয়াদুস সলেহিন",
        "chapter_id": 5,
        "section_id": 3,
        "hadith_key": "রিয়াদুস সলেহিন: ৮৩২",
        "hadith_id": 832,
        "narrator": "আবূ আব্দুল্লাহ সালমান ফারেসী (রাঃ)",
        "bn": "রাসূলুল্লাহ সাল্লাল্লাহু আলাইহি ওয়াসাল্লাম বলেছেন, ‘‘যে ব্যক্তি জুমআর দিনে গোসল করে, যথাসম্ভব পবিত্রতা অর্জন করে, তেল ব্যবহার করে অথবা ঘরের সুগন্ধি নিয়ে লাগায়। অতঃপর জুমআর উদ্দেশ্যে বাড়ি থেকে বের হয়ে মসজিদে প্রবেশ করে দু’জনের মধ্যে পৃথক করে না। তারপর তার ভাগ্যে যতটা লেখা হয়েছে, ততটা নামায আদায় করে, তারপর যখন ইমাম খুৎবা দেয় তখন সে চুপ থাকে, তাহলে তার জন্য এক জুমআহ থেকে অন্য জুমআহ পর্যন্ত কৃত পাপরাশি ক্ষমা করে দেওয়া হয়।’’",
        "ar": "وَعَنْ أَبي عَبدِ اللهِ سَلْمَانَ الفَارِسِي رضي الله عنه، قَالَ: قَالَ رَسُولُ اللهِ صلى الله عليه وسلم صلى الله عليه وسلم: « لاَ يَغْتَسِلُ رَجُلٌ يَوْمَ الْجُمُعَةِ، وَيَتَطهَّرُ مَا اسْتَطَاعَ مِنْ طُهْرٍ، وَيَدَّهِنُ مِنْ دُهْنِهِ، أَوْ يَمَسُّ مِنْ طِيبِ بَيْتِهِ، ثُمَّ يَخْرُجُ فَلاَ يُفَرِّقُ بَيْنَ اثْنَينِ، ثُمَّ يُصَلِّي مَا كُتِبَ لَهُ، ثُمَّ يُنْصِتُ إِذَا تَكَلَّمَ الإمَامُ، إِلاَّ غُفِرَ لَهُ مَا بَيْنَهُ وَبَيْنَ الجُمُعَةِ الأُخْرَى ». رواه البخاري",
        "ar_diacless": "وعن أبي عبد الله سلمان الفارسي رضي الله عنه، قال: قال رسول الله صلى الله عليه وسلم صلى الله عليه وسلم: « لا يغتسل رجل يوم الجمعة، ويتطهر ما استطاع من طهر، ويدهن من دهنه، أو يمس من طيب بيته، ثم يخرج فلا يفرق بين اثنين، ثم يصلي ما كتب له، ثم ينصت إذا تكلم الإمام، إلا غفر له ما بينه وبين الجمعة الأخرى ». رواه البخاري",
        "note": "(সহীহুল বুখারী ৮৮৩, ৯১০, নাসায়ী ১৪০৩, আহমাদ ২৩১৯৮, ২৩২০৬, ২৩২১৩, দারেমী ১৫৪১)",
        "grade_id": 2,
        "grade": "সহিহ হাদিস",
        "grade_color": "#46B891"
      },
      {
        "id": 33952,
        "book_id": 8,
        "book_name": "রিয়াদুস সলেহিন",
        "chapter_id": 5,
        "section_id": 3,
        "hadith_key": "রিয়াদুস সলেহিন: ৮৩৩",
        "hadith_id": 833,
        "narrator": "আমর ইবনে শুয়াইব রাদিয়াল্লাহু স্বীয় পিতা থেকে তিনি স্বীয় দাদা",
        "bn": "রাসূলুল্লাহ সাল্লাল্লাহু আলাইহি ওয়াসাল্লাম বলেছেন, ‘‘কোন ব্যক্তির জন্য এটা বৈধ নয় যে, সে দু’জনের মধ্যে তাদের বিনা অনুমতিতে তফাৎ সৃষ্টি করবে।",
        "ar": "وَعَنْ عَمرِو بنِ شُعَيْبٍ، عَن أَبِيهِ، عَن جَدِّهِ رضي الله عنه: أَنَّ رَسُولَ اللهِ صلى الله عليه وسلم صلى الله عليه وسلم، قَالَ: لاَ يَحِلُّ لِرَجُلٍ أَنْ يُفَرِّقَ بَيْنَ اثْنَيْنِ إِلاَّ بِإِذْنِهِمَا . رواه أَبُو داود والترمذي، وقال: حديث حسن \nوفي رواية لأبي داود: لاَ يُجْلسُ بَيْنَ رَجُلَيْنِ إِلاَّ بِإذْنِهِمَا",
        "ar_diacless": "وعن عمرو بن شعيب، عن أبيه، عن جده رضي الله عنه: أن رسول الله صلى الله عليه وسلم صلى الله عليه وسلم، قال: لا يحل لرجل أن يفرق بين اثنين إلا بإذنهما . رواه أبو داود والترمذي، وقال: حديث حسن \nوفي رواية لأبي داود: لا يجلس بين رجلين إلا بإذنهما",
        "note": "(আবূ দাউদ ৪৮৪৪, ৪৮৪৫, তিরমিযী ২৭৫২, আহমাদ ৬৯৬০)",
        "grade_id": 3,
        "grade": "হাসান হাদিস",
        "grade_color": "#46B891"
      },
      {
        "id": 33953,
        "book_id": 8,
        "book_name": "রিয়াদুস সলেহিন",
        "chapter_id": 5,
        "section_id": 3,
        "hadith_key": "রিয়াদুস সলেহিন: ৮৩৪",
        "hadith_id": 834,
        "narrator": "হুযাইফাহ ইবনুল ইয়ামান (রাঃ)",
        "bn": "এমন লোককে রাসূলুল্লাহ সাল্লাল্লাহু আলাইহি ওয়াসাল্লাম অভিশাপ দিয়েছেন, যে লোক মাজলিশের মধ্যখানে গিয়ে বসে পড়ে। হাদীসটি আবূ দাউদ উত্তম সনদে বর্ণনা করেছেন। ইমাম তিরমিযী আবূ মিজলায (রাহঃ) হতে বর্ণনা করেছেন, এক মাজলিসের মাঝখানে বসে পড়লে হুযাইফাহ (রাঃ) বললেন, রাসূলুল্লাহ সাল্লাল্লাহু আলাইহি ওয়াসাল্লাম (এ কাজটির উপর) অভিশাপ বর্ষণ করেছেন অথবা সেই ব্যক্তির উপর আল্লাহ তা‘আলা রাসূলুল্লাহ সাল্লাল্লাহু আলাইহি ওয়াসাল্লাম এর মুখ দিয়ে অভিশাপ বর্ষণ করেন যে মাজলিসের মাঝখানে বসে পড়ে। তিরমিযী বলেন, হাদীসটি হাসান সহীহ।",
        "ar": "وعن حذيفة بن اليمان رضي الله عنه أنَّ رَسولَ اللهِ صلى الله عليه وسلملَعَنَ مَنْ جَلَسَ وَسَطَ الحَلْقَةَ . رواه أبو داود بإسناد حسن. وروى الترمذي عن أبي مِجْلزٍ أن رَجُلاً قَعَدَ وَسَطَ حَلقْة فقال حُذَيْفَةُ: مُلْعُونٌ عَلٰى لِسَانِ مُحَمَّدٍ صلى الله عليه وسلم أوْ لَعَنَ الله عَلٰى لِسَانِ محُمَدٍ صلى الله عليه وسلم مَنْ جَلَسَ وَسَطَ الْحَلْقةِ. قال الترمذي: حديث حسن صحيح .",
        "ar_diacless": "وعن حذيفة بن اليمان رضي الله عنه أن رسول الله صلى الله عليه وسلملعن من جلس وسط الحلقة . رواه أبو داود بإسناد حسن. وروى الترمذي عن أبي مجلز أن رجلا قعد وسط حلقة فقال حذيفة: ملعون علٰى لسان محمد صلى الله عليه وسلم أو لعن الله علٰى لسان محمد صلى الله عليه وسلم من جلس وسط الحلقة. قال الترمذي: حديث حسن صحيح .",
        "note": "( আমি (আলবানী) বলছিঃ আবূ মিজলায হচ্ছেন লাহেক ইবনু হুমায়েদ। তিনি হুযাইফাহ্ হতে শুনেননি। যেমনটি ইবনু মা‘ঈন প্রমুখ বলেছেন। এছাড়া অন্য সমস্যাও রয়েছে। বিস্তারিত জানতে দেখুন ‘‘য‘ঈফা’’ (৬৩৮)।  আবূ দাউদ ৪৮২৬, তিরমিযী ২৭৫৩)",
        "grade_id": 4,
        "grade": "দুর্বল হাদিস",
        "grade_color": "#F85B24"
      },
      {
        "id": 33954,
        "book_id": 8,
        "book_name": "রিয়াদুস সলেহিন",
        "chapter_id": 5,
        "section_id": 3,
        "hadith_key": "রিয়াদুস সলেহিন: ৮৩৫",
        "hadith_id": 835,
        "narrator": "আবূ সা‘ঈদ খুদরী (রাঃ)",
        "bn": "তিনি বলেন, আমি রাসূলুল্লাহ সাল্লাল্লাহু আলাইহি ওয়াসাল্লামকে বলতে শুনেছি যে, ‘‘যে সভা সবচেয়ে বেশি প্রশস্ত সেটা সবচেয়ে উত্তম সভা।’’",
        "ar": "وَعَنْ أَبي سَعِيدٍ الخُدرِيِّ رضي الله عنه، قَالَ: سَمِعْتُ رَسُولَ اللهِ صلى الله عليه وسلم صلى الله عليه وسلم، يَقُولُ: « خَيْرُ المَجَالِسِ أوْسَعُهَا». رواه أَبُو داود بإسنادٍ صحيح عَلَى شرط البخاري",
        "ar_diacless": "وعن أبي سعيد الخدري رضي الله عنه، قال: سمعت رسول الله صلى الله عليه وسلم صلى الله عليه وسلم، يقول: « خير المجالس أوسعها». رواه أبو داود بإسناد صحيح على شرط البخاري",
        "note": "(আবূ দাউদ ৪৮২০, আহমাদ ১০৭৫৩, ১১২৬৬)",
        "grade_id": 2,
        "grade": "সহিহ হাদিস",
        "grade_color": "#46B891"
      },
      {
        "id": 33955,
        "book_id": 8,
        "book_name": "রিয়াদুস সলেহিন",
        "chapter_id": 5,
        "section_id": 3,
        "hadith_key": "রিয়াদুস সলেহিন: ৮৩৬",
        "hadith_id": 836,
        "narrator": "আবূ হুরাইরা (রাঃ)",
        "bn": "রাসূলুল্লাহ সাল্লাল্লাহু আলাইহি ওয়াসাল্লাম বলেছেন, ‘‘যে ব্যক্তি এমন সভায় বসে, যাতে খুব বেশি হৈ-হল্লা হয়, অতঃপর যদি উক্ত সভা ত্যাগ করে চলে যাওয়ার আগে এই দো‘আ পড়ে, ‘‘সুবহা-নাকাল্লা-হুম্মা অবিহামদিকা আশহাদু আল্লা ইলা-হা ইল্লা আন্তা আস্তাগফিরুকা অ আতূবু ইলাইক্।’’ (অর্থাৎ তোমার পবিত্রতা বর্ণনা করি হে আল্লাহ! তোমার প্রশংসার সাথে। আমি সাক্ষি দিচ্ছি যে, তুমি ছাড়া কোন সত্য উপাস্য নেই। আমি তোমার নিকট ক্ষমা প্রার্থনা করছি এবং তোমার দিকে তওবা (প্রত্যাবর্তন) করছি।) তাহলে উক্ত মজলিসে কৃত অপরাধ তার জন্য ক্ষমা করে দেওয়া হয়।",
        "ar": "وَعَنْ أَبِي هُرَيرَةَ رضي الله عنه، قَالَ: قَالَ رَسُولُ اللهِ صلى الله عليه وسلم صلى الله عليه وسلم: « مَنْ جَلَسَ فِي مَجْلِسٍ، فَكَثُرَ فِيهِ لَغَطُهُ فَقَالَ قَبْلَ أَنْ يَقُومَ مِنْ مَجْلِسِهِ ذَلِكَ: سُبْحَانَكَ اَللهم وَبِحَمْدِكَ، أَشْهَدُ أنْ لاَ إِلٰهَ إِلاَّ أنْتَ، أَسْتَغْفِرُكَ وَأَتُوبُ إلَيْكَ، إِلاَّ غُفِرَ لَهُ مَا كَانَ فِي مَجْلِسِهِ ذَلِكَ». رواه الترمذي، وقال:حديث حسن صحيح",
        "ar_diacless": "وعن أبي هريرة رضي الله عنه، قال: قال رسول الله صلى الله عليه وسلم صلى الله عليه وسلم: « من جلس في مجلس، فكثر فيه لغطه فقال قبل أن يقوم من مجلسه ذلك: سبحانك اللهم وبحمدك، أشهد أن لا إلٰه إلا أنت، أستغفرك وأتوب إليك، إلا غفر له ما كان في مجلسه ذلك». رواه الترمذي، وقال:حديث حسن صحيح",
        "note": "(তিরমিযী ৩৪৩৩, আহমাদ ১০০৪৩)",
        "grade_id": 3,
        "grade": "হাসান হাদিস",
        "grade_color": "#46B891"
      },
      {
        "id": 33956,
        "book_id": 8,
        "book_name": "রিয়াদুস সলেহিন",
        "chapter_id": 5,
        "section_id": 3,
        "hadith_key": "রিয়াদুস সলেহিন: ৮৩৭",
        "hadith_id": 837,
        "narrator": "আবূ বার্যাহ (রাঃ)",
        "bn": "রাসূলুল্লাহ সাল্লাল্লাহু আলাইহি ওয়াসাল্লাম যখন কোন সভা থেকে উঠে চলে যাবার ইচ্ছা করতেন, তখন শেষের বেলায় এই দো‘আ পড়তেন ‘‘সুবহা-নাকাল্লা-হুম্মা অবিহামদিকা, আশহাদু আল্লা ইলা-হা ইল্লা আন্তা, আস্তাগফিরুকা অআতূবু ইলাইক।’’ অর্থাৎ তোমার পবিত্রতা বর্ণনা করি হে আল্লাহ! তোমার প্রশংসার সাথে। আমি সাক্ষ্য দিচ্ছি যে, তুমি ছাড়া কোন সত্য উপাস্য নেই। আমি তোমার নিকট ক্ষমা প্রার্থনা করছি এবং তোমার দিকে তওবা (প্রত্যাবর্তন) করছি।\nএকটি লোক নিবেদন করল, ‘হে আল্লাহর রসূল! আপনি যে দো‘আ পড়লেন অতীতে তো তা পড়তেন না।’ তিনি বললেন, ‘‘এই দো‘আটি মজলিসে (সংঘটিত ভুল-ত্রুটি)র কাফ্‌ফারাস্বরূপ।’’ (আবূ দাঊদ, আবূ আব্দুল্লাহ হাকেম আয়েশা রাযি্‌বয়াল্লাহ আনহা হতে তাঁর ‘মুস্তাদরাক’ নামক গ্রন্থে এই হাদীসটি বিশুদ্ধ সূত্রে বর্ণনা করেছেন।)",
        "ar": "وَعَنْ أَبي بَرْزَةَ رضي الله عنه، قَالَ: كَانَ رَسُولُ اللهِ صلى الله عليه وسلم صلى الله عليه وسلم يَقُولُ بِأَخَرَةٍ إِذَا أرَادَ أنْ يَقُومَ مِنَ الْمَجْلِسِ: سُبْحَانَكَ اَللهم وَبِحَمْدِكَ، أَشْهَدُ أَنْ لاَ إِلٰهَ إِلاَّ أَنتَ أسْتَغْفِرُكَ وَأَتُوبُ إِلَيكَ . فَقَالَ رَجُلٌ: يَا رَسُولَ اللهِ صلى الله عليه وسلم، إنَّكَ لَتَقُولُ قَوْلاً مَا كُنْتَ تَقُولُهُ فِيمَا مَضَى ؟ قَالَ: « ذَلِكَ كَفَّارَةٌ لِمَا يَكُونُ في المَجْلِسِ ». رواه أَبُو داود، ورواه الحاكم أَبُو عبد الله في \" المستدرك \" من رواية عائشة رَضِيَ اللهُ عَنهَا وقال: «صحيح الإسناد",
        "ar_diacless": "وعن أبي برزة رضي الله عنه، قال: كان رسول الله صلى الله عليه وسلم صلى الله عليه وسلم يقول بأخرة إذا أراد أن يقوم من المجلس: سبحانك اللهم وبحمدك، أشهد أن لا إلٰه إلا أنت أستغفرك وأتوب إليك . فقال رجل: يا رسول الله صلى الله عليه وسلم، إنك لتقول قولا ما كنت تقوله فيما مضى ؟ قال: « ذلك كفارة لما يكون في المجلس ». رواه أبو داود، ورواه الحاكم أبو عبد الله في \" المستدرك \" من رواية عائشة رضي الله عنها وقال: «صحيح الإسناد",
        "note": "(আবূ দাউদ ৪৮৫৯, দারেমী ২৬৫৮)",
        "grade_id": 2,
        "grade": "সহিহ হাদিস",
        "grade_color": "#46B891"
      },
      {
        "id": 35061,
        "book_id": 8,
        "book_name": "রিয়াদুস সলেহিন",
        "chapter_id": 5,
        "section_id": 3,
        "hadith_key": "রিয়াদুস সলেহিন: ৮৩৮",
        "hadith_id": 838,
        "narrator": "বনে উমার (রাঃ)",
        "bn": "তিনি বলেন, খুব কম মজলিসই এমন হতো, যেখান থেকে নবী সাল্লাল্লাহু আলাইহি ওয়াসাল্লাম এই দো‘আ না পড়ে উঠতেন, (অর্থাৎ অধিকাংশ মজলিস থেকে উঠার আগে এই দো‘আ পড়তেন,)\n\n‘‘আল্লা-হুম্মাক্বসিম লানা মিন খাশয়্যাতিকা মা তাহূলু বিহী বাইনানা অবাইনা মা‘আ-স্বীক, অমিন ত্বা-‘আতিকা মা তুবাল্লিগুনা বিহী জান্নাতাক, অমিনাল য়্যাক্বীনি মা তুহাউবিনু বিহী আলাইনা মাস্বা-ইবাদ দুন্য়্যা। আল্লাহুম্মা মাত্তি‘না বিআসমা-‘ইনা অ আবস্বা-রিনা অ ক্বুউওয়াতিনা মা আহয়্যাইতানা, অজ্‘আলহুল ওয়া-রিসা মিন্না। অজ‘আল সা’রানা আলা মান যালামানা, অনস্বুরনা ‘আলা মান ‘আ-দা-না, অলা তাজ‘আল মুস্বীবাতানা ফী দ্বীনিনা। অলা তাজ‘আলিদ্দুন্য়্যা আকবারা হাম্মিনা অলা মাবলাগা ‘ইলমিনা, অলা তুসাল্লিত্ব ‘আলাইনা মাল লা য়্যারহামুনা।’’\n\nঅর্থাৎ আল্লাহ গো! আমাদের জন্য তোমার ভীতি বিতরণ কর, যার দ্বারা তুমি আমাদের ও তোমার অবাধ্যাচরণের মাঝে অন্তরাল সৃষ্টি কর। তোমার আনুগত্য বিতরণ কর, যার দ্বারা তুমি আমাদেরকে তোমার জান্নাতে পৌঁছাও। আমাদের জন্য এমন একীন (প্রত্যয়) বিতরণ কর, যার দ্বারা তুমি আমাদের উপর দুনিয়ার বিপদসমূহকে সহজ করে দাও। হে আল্লাহ! তুমি আমাদের কর্ণ, চক্ষু ও শক্তি দবারা যতদিন আমাদেরকে জীবিত রাখ, ততদিন আমাদেরকে উপকৃত কর এবং তা আমাদের মৃত্যু পর্যন্ত অবশিষ্ট রাখ। যারা আমাদের উপর অত্যাচার করেছে, তাদের নিকট আমাদের প্রতিশোধ নাও। যারা আমাদের সাথে শত্রুতা করেছে তাদের বিরুদ্ধে আমাদেরকে সাহায্য কর। আমাদের দ্বীনে আমাদেরকে বিপদগ্রস্ত করো না। দুনিয়াকে আমাদের বৃহত্তম চিন্তার বিষয় এবং আমাদের জ্ঞানের শেষ সীমা করো না, আর যারা আমাদের উপর রহম করে না, তাদেরকে আমাদের উপর ক্ষমতাসীন করো না।",
        "ar": "وَعَنْ ابنِ عُمَرَ رَضِيَ اللهُ عَنهُمَا، قَالَ: قَلَّمَا كَانَ رَسُولُ اللهِ صلى الله عليه وسلم صلى الله عليه وسلم يَقُومُ مِنْ مَجْلِسٍ حَتَّى يَدْعُوَ بِهَؤُلاَءِ الدَّعَواتِ: « اَللهم اقْسِمْ لَنَا مِنْ خَشْيَتِكَ مَا تَحُولُ بِهِ بَيْنَنَا وَبَيْنَ مَعَاصِيكَ، وَمِنْ طَاعَتِكَ مَا تُبَلِّغُنَا بِهِ جَنَّتَكَ، وَمِنَ الْيَقِينِ مَا تُهَوِّنُ عَلَيْنَا مَصَائِبَ الدُّنْيَا، اَللهم مَتِّعْنَا بِأَسْمَاعِنَا، وَأَبْصَارِنَا، وَقُوَّتِنَا مَا أحْيَيْتَنَا، وَاجْعَلْهُ الوَارِثَ مِنَّا، وَاجْعَلْ ثَأرَنَا عَلَى مَنْ ظَلَمَنَا، وَانْصُرْنَا عَلَى مَنْ عَادَانَا، وَلاَ تَجْعَلْ مُصِيبَتَنَا فِي دِينِنَا، وَلاَ تَجْعَلِ الدُّنْيَا أَكْبَرَ هَمِّنَا، وَلاَ مَبْلَغَ عِلْمِنَا، وَلاَ تُسَلِّطْ عَلَيْنَا مَنْ لاَ يَرْحَمُنَا ». رواه الترمذي، وقال: حديث حسن",
        "ar_diacless": "وعن ابن عمر رضي الله عنهما، قال: قلما كان رسول الله صلى الله عليه وسلم صلى الله عليه وسلم يقوم من مجلس حتى يدعو بهؤلاء الدعوات: « اللهم اقسم لنا من خشيتك ما تحول به بيننا وبين معاصيك، ومن طاعتك ما تبلغنا به جنتك، ومن اليقين ما تهون علينا مصائب الدنيا، اللهم متعنا بأسماعنا، وأبصارنا، وقوتنا ما أحييتنا، واجعله الوارث منا، واجعل ثأرنا على من ظلمنا، وانصرنا على من عادانا، ولا تجعل مصيبتنا في ديننا، ولا تجعل الدنيا أكبر همنا، ولا مبلغ علمنا، ولا تسلط علينا من لا يرحمنا ». رواه الترمذي، وقال: حديث حسن",
        "note": "[১] তিরমিযী ৩৫০২",
        "grade_id": 3,
        "grade": "হাসান হাদিস",
        "grade_color": "#46B891"
      },
      {
        "id": 35058,
        "book_id": 8,
        "book_name": "রিয়াদুস সলেহিন",
        "chapter_id": 5,
        "section_id": 3,
        "hadith_key": "রিয়াদুস সলেহিন: ৮৩৯",
        "hadith_id": 839,
        "narrator": "আবূ হুরাইরা (রাঃ)",
        "bn": "তিনি বলেন, রাসূলুল্লাহ সাল্লাল্লাহু আলাইহি ওয়াসাল্লাম বলেছেন, ‘‘যে জনগোষ্ঠীই কোন সভা থেকে, তাতে আল্লাহর যিকির না করেই উঠে যায়, আসলে তারা যেন মরা গাধা থেকে উঠে যায়। (অর্থাৎ যেন মৃত গাধার গোশ্ত ভক্ষণান্তে উঠে চলে যায়।) আর তাদের জন্য অনুতাপ হবে।’’ (আবূ দাঊদ বিশুদ্ধ সূত্রে) [১]",
        "ar": "وَعَنْ أَبِي هُرَيرَةَ رضي الله عنه، قَالَ: قَالَ رَسُولُ اللهِ صلى الله عليه وسلم صلى الله عليه وسلم: «مَا مِنْ قَوْمٍ يَقُومُونَ مِنْ مَجْلِسٍ لاَ يَذْكُرُونَ الله تَعَالَى فِيهِ، إِلاَّ قَامُوا عَنْ مِثْل جِيفَةِ حِمَارٍ، وَكَانَ لَهُمْ حَسْرَةٌ ». رواه أَبُو داود بإسنادٍ صحيح",
        "ar_diacless": "وعن أبي هريرة رضي الله عنه، قال: قال رسول الله صلى الله عليه وسلم صلى الله عليه وسلم: «ما من قوم يقومون من مجلس لا يذكرون الله تعالى فيه، إلا قاموا عن مثل جيفة حمار، وكان لهم حسرة ». رواه أبو داود بإسناد صحيح",
        "note": "[১] আবূ দাউদ ৪৮৫৫, ৪৮৫৬, তিরমিযী ৩৩৮০, আহমাদ ৯৩০০, ৯৪৮২, ৯৮৮৪ , ৯৯০৭, ১০০৫০, ১০০৪৪",
        "grade_id": 2,
        "grade": "সহিহ হাদিস",
        "grade_color": "#46B891"
      },
      {
        "id": 35059,
        "book_id": 8,
        "book_name": "রিয়াদুস সলেহিন",
        "chapter_id": 5,
        "section_id": 3,
        "hadith_key": "রিয়াদুস সলেহিন: ৮৪০",
        "hadith_id": 840,
        "narrator": "উক্ত রাবী",
        "bn": "নবী সাল্লাল্লাহু আলাইহি ওয়াসাল্লাম বলেছেন, ‘‘যে কোন জনগোষ্ঠী কোন মজলিসে বসে তাতে আল্লাহর যিকির না করে এবং তাদের নবী সাল্লাল্লাহু আলাইহি ওয়াসাল্লাম এর উপর দরূদ পাঠ না করে, তাদেরই নোকসান (দুর্ভোগ) হবে; আল্লাহ যদি ইচ্ছা করেন তো তাদেরকে শাস্তি দেবেন এবং যদি চান তো তাদেরকে ক্ষমা করে দেবেন।",
        "ar": "وَعَنْهُ، عَنِ النَّبِيِّ صلى الله عليه وسلم، قَالَ: مَا جَلَسَ قَوْمٌ مَجْلِساً لَمْ يَذْكُرُوا اللهِ تَعَالَى فِيهِ، وَلَمْ يُصَلُّوا عَلَى نَبِيِّهِمْ فِيهِ، إِلاَّ كَانَ عَلَيْهِمْ تِرَةٌ ؛ فَإنْ شَاءَ عَذَّبَهُمْ، وَإنْ شَاءَ غَفَرَ لَهُمْ . رواه الترمذي، وقال: حديث حسن",
        "ar_diacless": "وعنه، عن النبي صلى الله عليه وسلم، قال: ما جلس قوم مجلسا لم يذكروا الله تعالى فيه، ولم يصلوا على نبيهم فيه، إلا كان عليهم ترة ؛ فإن شاء عذبهم، وإن شاء غفر لهم . رواه الترمذي، وقال: حديث حسن",
        "note": "তিরমিযী ৩৩৮০, আহমাদ ৯৩০০, ৯৪৭২, ৯৫৩৩, ৯৮৮৪, ৯৯০৭, ১০০৫০",
        "grade_id": 3,
        "grade": "হাসান হাদিস",
        "grade_color": "#46B891"
      },
      {
        "id": 35060,
        "book_id": 8,
        "book_name": "রিয়াদুস সলেহিন",
        "chapter_id": 5,
        "section_id": 3,
        "hadith_key": "রিয়াদুস সলেহিন: ৮৪১",
        "hadith_id": 841,
        "narrator": "উক্ত রাবী",
        "bn": "রাসূলুল্লাহ সাল্লাল্লাহু আলাইহি ওয়াসাল্লাম বলেছেন, ‘‘যে ব্যক্তি কোন বৈঠকে বসে তাতে আল্লাহর যিকির করল না, তাহলে আল্লাহর পক্ষ থেকে তার ক্ষতি হবে। আর যে ব্যক্তি কোন শয্যায় শয়ন করে তাতে আল্লাহর যিকির করে না, তাহলে আল্লাহর তরফ থেকে তার ক্ষতি হবে।’’",
        "ar": "وَعَنْهُ، عَن رَسُولِ اللهِ صلى الله عليه وسلم، قَالَ: « مَنْ قَعَدَ مَقْعَداً لَمْ يَذْكُرِ الله تَعَالَى فِيهِ كَانَتْ عَلَيْهِ مِنَ اللهِ تِرَةٌ، وَمَنِ اضْطَجَعَ مَضْجَعَاً لاَ يَذْكُرُ اللهَ تَعَالَى فِيهِ كَانَتْ عَلَيْهِ مِنَ اللهِ تِرَةٌ ». رواه أَبُو داود",
        "ar_diacless": "وعنه، عن رسول الله صلى الله عليه وسلم، قال: « من قعد مقعدا لم يذكر الله تعالى فيه كانت عليه من الله ترة، ومن اضطجع مضجعا لا يذكر الله تعالى فيه كانت عليه من الله ترة ». رواه أبو داود",
        "note": "[১] ৮৩৯ এর মত",
        "grade_id": 2,
        "grade": "সহিহ হাদিস",
        "grade_color": "#46B891"
      }
    ]
  },
  {
    "id": 12228,
    "book_id": 8,
    "book_name": "riyadus-salihin",
    "chapter_id": 5,
    "section_id": 4,
    "title": "স্বপ্ন ও তার আনুষঙ্গিক বিবরণ",
    "preface": "",
    "number": "পরিচ্ছদঃ ১৩০",
    "sort_order": 4,
    "hadiths": [
      {
        "id": 33962,
        "book_id": 8,
        "book_name": "রিয়াদুস সলেহিন",
        "chapter_id": 5,
        "section_id": 4,
        "hadith_key": "রিয়াদুস সলেহিন: ৮৪২",
        "hadith_id": 842,
        "narrator": "আবূ হুরাইরা (রাঃ)",
        "bn": "তিনি বলেন, আমি রসূল সাল্লাল্লাহু আলাইহি ওয়াসাল্লামকে বলতে শুনেছি যে, ‘‘সুসংবাদ ছাড়া নবুঅতের কিছু বাকি থাকবে না।’’ লোকেরা প্রশ্ন করল, ‘সুসংবাদ কী?’ তিনি বললেন, ‘‘সুস্বপ্ন।’’",
        "ar": "وَعَنْ أَبِي هُرَيرَةَ رضي الله عنه، قَالَ: سَمِعْتُ رَسُولَ اللهِ صلى الله عليه وسلم صلى الله عليه وسلم، يَقُولُ: « لَمْ يَبْقَ مِنَ النُّبوَّةِ إِلاَّ المُبَشِّرَاتِ» قَالُوا: وَمَا المُبَشِّرَاتُ ؟ قَالَ: « الرُّؤْيَا الصَّالِحَةُ ». رواه البخاري",
        "ar_diacless": "وعن أبي هريرة رضي الله عنه، قال: سمعت رسول الله صلى الله عليه وسلم صلى الله عليه وسلم، يقول: « لم يبق من النبوة إلا المبشرات» قالوا: وما المبشرات ؟ قال: « الرؤيا الصالحة ». رواه البخاري",
        "note": "(সহীহুল বুখারী ৬৯৮৩, তিরমিযী ২২৭২, ২২৬৪, ইবনু মাজাহ ৩৮৯৩)",
        "grade_id": 2,
        "grade": "সহিহ হাদিস",
        "grade_color": "#46B891"
      },
      {
        "id": 33963,
        "book_id": 8,
        "book_name": "রিয়াদুস সলেহিন",
        "chapter_id": 5,
        "section_id": 4,
        "hadith_key": "রিয়াদুস সলেহিন: ৮৪৩",
        "hadith_id": 843,
        "narrator": "উক্ত রাবী",
        "bn": "নবী সাল্লাল্লাহু আলাইহি ওয়াসাল্লাম বলেন, ‘‘(কিয়ামতের) নিকটবর্তী যুগে মু’মিনের স্বপ্ন মিথ্যা হবে না। আর মু’মিনের স্বপ্ন নবুঅতের ছেচল্লিশ ভাগের এক ভাগ।’’ (অর্থাৎ মু’মিন স্বপ্ন যোগে ভবিষ্যতের খবর জানতে পারে। যেমন, অহীর দ্বারা নবীদেরকে ভবিষ্যৎ সম্পর্কে অবহিত করা হত।)",
        "ar": "وَعَنْهُ: أَنَّ النَّبِيَّ صلى الله عليه وسلم، قَالَ: « إِذَا اقْتَرَبَ الزَّمَانُ لَمْ تَكَدْ رُؤيَا المُؤْمِنِ تَكْذِبُ، وَرُؤْيَا الْمُؤْمِنِ جُزْءٌ مِنْ سِتَّةٍ وَأرْبَعِينَ جُزْءاً مِنَ النُّبُوَّةِ متفقٌ عَلَيْهِ\nوفي رواية: أصْدَقُكُمْ رُؤْيَا، أصْدَقُكُمْ حَدِيثاً",
        "ar_diacless": "وعنه: أن النبي صلى الله عليه وسلم، قال: « إذا اقترب الزمان لم تكد رؤيا المؤمن تكذب، ورؤيا المؤمن جزء من ستة وأربعين جزءا من النبوة متفق عليه\nوفي رواية: أصدقكم رؤيا، أصدقكم حديثا",
        "note": "(সহীহুল বুখারী ৭০১৭, ৬৯৮৮, মুসলিম ২২৬৩, তিরমিযী ২২৭০,২২৯১, মায ২৮৯৪, ৩৯১৭, আহমাদ ৭১২৮, ৭১৪৩, ৭৫৮৬, ৮৩০১, ৮৬০১, ১০২১২, ২৭২১৩, ২৭৩১৩, ২৭৩৭৮, মুওয়াত্তা মালিক ১৭৮১)",
        "grade_id": 2,
        "grade": "সহিহ হাদিস",
        "grade_color": "#46B891"
      },
      {
        "id": 33961,
        "book_id": 8,
        "book_name": "রিয়াদুস সলেহিন",
        "chapter_id": 5,
        "section_id": 4,
        "hadith_key": "রিয়াদুস সলেহিন: ৮৪৪",
        "hadith_id": 844,
        "narrator": "উক্ত রাবী (রাঃ)",
        "bn": "তিনি বলেন, রাসূলুল্লাহ সাল্লাল্লাহু আলাইহি ওয়াসাল্লাম বলেছেন, ‘‘যে ব্যক্তি আমাকে স্বপ্নে দর্শন করল, সে আমাকে জাগ্রত অবস্থায় দর্শন করবে অথবা সে যেন আমাকে জাগ্রত অবস্থায় দেখল। কেননা, শয়তান আমার রূপ ধারণ করতে পারে না।’’",
        "ar": "وَعَنْهُ، قَالَ: قَالَ رَسُولُ اللهِ صلى الله عليه وسلم صلى الله عليه وسلم: « مَنْ رَآنِي فِي المَنَامِ فَسَيَرَانِي فِي اليَقَظَةِ - أَوْ كَأنَّما رَآنِي في اليَقَظَةِ- لاَ يَتَمَثَّلُ الشَّيْطَانُ بِي». متفقٌ عَلَيْهِ",
        "ar_diacless": "وعنه، قال: قال رسول الله صلى الله عليه وسلم صلى الله عليه وسلم: « من رآني في المنام فسيراني في اليقظة - أو كأنما رآني في اليقظة- لا يتمثل الشيطان بي». متفق عليه",
        "note": "(সহীহুল বুখারী ১১০, ৬১৯৭, মুসলিম ২২৬৬, তিরমিযী ২২৮০, আবূ দাউদ ৫০২৩, ইবনু মাজাহ  ৩৯০১, আহমাদ ৩৭৮৮, ৭১২৮, ৭৫০০, ৮৩০৩, ৯০৬১, ৯০৬৯, ৯২০৪, ৯৬৫০, ৯৭১৩, ৯৭৫৯, ২২১০০)",
        "grade_id": 2,
        "grade": "সহিহ হাদিস",
        "grade_color": "#46B891"
      },
      {
        "id": 33964,
        "book_id": 8,
        "book_name": "রিয়াদুস সলেহিন",
        "chapter_id": 5,
        "section_id": 4,
        "hadith_key": "রিয়াদুস সলেহিন: ৮৪৫",
        "hadith_id": 845,
        "narrator": "আবূ সা‘ঈদ খুদরী রাদিয়াল্লাহু ‘",
        "bn": "তিনি নবী সাল্লাল্লাহু আলাইহি ওয়াসাল্লামকে বলতে শুনেছেন যে, ‘‘যখন তোমাদের মধ্যে কোন ব্যক্তি এমন স্বপ্ন দর্শন করে যা তার কাছে প্রীতিকর, তখন তা নিঃসন্দেহে মহান আল্লাহর পক্ষ থেকে (দেখানো) হয়। সুতরাং সে যেন তার জন্য আল্লাহর প্রশংসা করে এবং সে তা (স্বপ্ন) ব্যক্ত করে।’’ অন্য বর্ণনায় আছে যে, ‘‘সে যেন তা তার প্রিয়জন ছাড়া অন্য কারো কাছে ব্যক্ত না করে। আর যখন তাছাড়া কোন অপ্রীতিকর স্বপ্ন দর্শন করে, তখন তা নিঃসন্দেহে শয়তানের পক্ষ থেকে (দেখানো) হয়। সুতরাং সে যেন তার অনিষ্ট থেকে (আল্লাহর নিকট) আশ্রয় প্রার্থনা করে এবং কাউকে তা ব্যক্ত না করে। কেননা, (তাহলে) তা তার কোন ক্ষতি করতে পারবে না।’’",
        "ar": "وَعَنْ أَبي سَعِيدٍ الخُدرِيِّ رضي الله عنه: أنَّه سَمِعَ النَّبِيَّ صلى الله عليه وسلم، يَقُولُ: « إِذَا رَأَى أحَدُكُمْ رُؤيَا يُحِبُّهَا، فَإنَّمَا هِيَ مِنَ اللهِ تَعَالَى، فَلْيَحْمَدِ اللهَ عَلَيْهَا، وَلْيُحَدِّثْ بِهَا ـ وَفِي رِوَايَةٍ: فَلاَ يُحَدِّثْ بِهَا إِلاَّ مَنْ يُحِبُّ ـ وَإِذَا رَأَى غَيْرَ ذَلِكَ مِمَّا يَكْرَهُ، فإنَّمَا هِيَ مِنَ الشَّيْطَانِ، فَلْيَسْتَعِذْ مِنْ شَرِّهَا، وَلاَ يَذْكُرْهَا لأَحَدٍ ؛ فَإنَّهَا لا تَضُرُّهُ ». متفقٌ عَلَيْهِ",
        "ar_diacless": "وعن أبي سعيد الخدري رضي الله عنه: أنه سمع النبي صلى الله عليه وسلم، يقول: « إذا رأى أحدكم رؤيا يحبها، فإنما هي من الله تعالى، فليحمد الله عليها، وليحدث بها ـ وفي رواية: فلا يحدث بها إلا من يحب ـ وإذا رأى غير ذلك مما يكره، فإنما هي من الشيطان، فليستعذ من شرها، ولا يذكرها لأحد ؛ فإنها لا تضره ». متفق عليه",
        "note": "(সহীহুল বুখারী ৬৯৮৫, ৭০৪৫, তিরমিযী ৩৪৫৩, আহমাদ ১০৬৭০)",
        "grade_id": 2,
        "grade": "সহিহ হাদিস",
        "grade_color": "#46B891"
      },
      {
        "id": 33965,
        "book_id": 8,
        "book_name": "রিয়াদুস সলেহিন",
        "chapter_id": 5,
        "section_id": 4,
        "hadith_key": "রিয়াদুস সলেহিন: ৮৪৬",
        "hadith_id": 846,
        "narrator": "আবূ কাতাদাহ (রাঃ)",
        "bn": "তিনি বলেন নবী সাল্লাল্লাহু আলাইহি ওয়াসাল্লাম বলেছেন, ‘‘সুস্বপ্ন (অন্য এক বর্ণনায় আছে) সুন্দর স্বপ্ন আল্লাহর পক্ষ থেকে এবং কুস্বপ্ন শয়তানের পক্ষ থেকে (দেখানো) হয়। অতএব যে অপ্রীতিকর কিছু দেখবে, সে যেন তার বাম দিকে তিনবার হাল্কাভাবে থুতু মারে ও শয়তান থেকে আশ্রয় প্রার্থনা করে। তাহলে তা তার কোন ক্ষতি করতে পারবে না।’’",
        "ar": "وَعَنْ أَبي قَتَادَة رضي الله عنه، قَالَ: قَالَ النَّبِيُّ صلى الله عليه وسلم: الرُّؤْيَا الصَّالِحَةُ ـ وفي رواية: الرُّؤْيَا الحَسَنَةُ ـ مِنَ اللهِ، وَالحُلُمُ مِنَ الشَّيْطَانِ، فَمَنْ رَأَى شَيْئاً يَكْرَهُهُ فَلْيَنْفُثْ عَن شِمَالِهِ ثَلاَثاً، وَلْيَتَعَوَّذْ مِنَ الشَّيْطَانِ ؛ فإنَّهَا لاَ تَضُرُّهُ . متفقٌ عَلَيْهِ",
        "ar_diacless": "وعن أبي قتادة رضي الله عنه، قال: قال النبي صلى الله عليه وسلم: الرؤيا الصالحة ـ وفي رواية: الرؤيا الحسنة ـ من الله، والحلم من الشيطان، فمن رأى شيئا يكرهه فلينفث عن شماله ثلاثا، وليتعوذ من الشيطان ؛ فإنها لا تضره . متفق عليه",
        "note": "(সহীহুল বুখারী ২৩৯২, ৫৭৪৭, ৬৯৮৪, ৬৯৮৬, ৬৯৯৫, ৬৯৯৬, ৭০০৫, ৭০৪৪, মুসলিম ২২৬১, তিরমিযী ২২৭৭, আবূ দাউদ ৫০২১, মায ৩৯০৯, আহমাদ ২২০১৯, ২২০৫৮, ২২০৭৭, ২২০৭৮, ২২০৯২, ২২১২৯, ২২১৩৮, মুওয়াত্তা মালিক ১৭৮৪, দারেমী ২১৪১, ২১৪২)",
        "grade_id": 2,
        "grade": "সহিহ হাদিস",
        "grade_color": "#46B891"
      },
      {
        "id": 33966,
        "book_id": 8,
        "book_name": "রিয়াদুস সলেহিন",
        "chapter_id": 5,
        "section_id": 4,
        "hadith_key": "রিয়াদুস সলেহিন: ৮৪৭",
        "hadith_id": 847,
        "narrator": "জাবের (রাঃ)",
        "bn": "রাসূলুল্লাহ সাল্লাল্লাহু আলাইহি ওয়াসাল্লাম বলেছেন, ‘‘যখন তোমাদের কেউ তার অপছন্দনীয় কোন স্বপ্ন দেখবে, তখন সে যেন তার বাম দিকে তিনবার থুতু মারে এবং শয়তান থেকে তিনবার আশ্রয় প্রার্থনা করে। আর যে পার্শ্বে সে শুয়ে থাকে, সে পার্শ্ব যেন বদল করে নেয়।’’",
        "ar": "وَعَنْ جَابِرٍ رضي الله عنه، عَن رَسُولِ اللهِ صلى الله عليه وسلم، قَالَ: إِذَا رَأَى أحَدُكُمْ الرُّؤْيَا يَكْرَهُهَا، فَلْيَبْصُقْ عَنْ يَسَارِهِ ثَلاثَاً، وَلْيَسْتَعِذْ بِاللهِ مِنَ الشَّيْطَانِ ثَلاَثاً، وَلْيَتَحَوَّلْ عَنْ جَنْبِهِ الَّذِي كَانَ عَلَيْهِ . رواه مسلم",
        "ar_diacless": "وعن جابر رضي الله عنه، عن رسول الله صلى الله عليه وسلم، قال: إذا رأى أحدكم الرؤيا يكرهها، فليبصق عن يساره ثلاثا، وليستعذ بالله من الشيطان ثلاثا، وليتحول عن جنبه الذي كان عليه . رواه مسلم",
        "note": "(মুসলিম ২২৬২, আবূ দাউদ ৫০২২, মায ৩৯০৮, আহমাদ ১৪৩৬৫)",
        "grade_id": 2,
        "grade": "সহিহ হাদিস",
        "grade_color": "#46B891"
      },
      {
        "id": 33967,
        "book_id": 8,
        "book_name": "রিয়াদুস সলেহিন",
        "chapter_id": 5,
        "section_id": 4,
        "hadith_key": "রিয়াদুস সলেহিন: ৮৪৮",
        "hadith_id": 848,
        "narrator": "আবুল আসক্বা‘ ওয়াসিলাহ ইবনে আসক্বা‘",
        "bn": "তিনি বলেন, রাসূলুল্লাহ সাল্লাল্লাহু আলাইহি ওয়াসাল্লাম বলেছেন, ‘‘সবচেয়ে বড় মিথ্যারোপ হল সেই ব্যক্তির কাজ, যে অপরের বাপকে নিজ বাপ বলে দাবি করে অথবা তার চক্ষুকে তা দেখায় যা সে (বাস্তবে) দেখেনি। (অর্থাৎ স্বপ্ন দেখার মিথ্যা দাবি করে।) অথবা আল্লাহর রসূল সাল্লাল্লাহু আলাইহি ওয়াসাল্লাম যা বলেননি তা তাঁর প্রতি মিথ্যাভাবে আরোপ করে।’’",
        "ar": "وَعَنْ أَبي الأسقَعِ وَاثِلةَ بنِ الأَسقَعِ رضي الله عنه، قَالَ: قَالَ رَسُولُ اللهِ صلى الله عليه وسلم صلى الله عليه وسلم: « إنَّ مِنْ أعْظَمِ الفِرَى أَنْ يَدَّعِيَ الرَّجُلُ إِلَى غَيرِ أَبِيهِ، أَوْ يُرِيَ عَيْنَهُ مَا لَمْ تَرَ، أَوْ يَقُولَ عَلَى رَسُولِ اللهِ صلى الله عليه وسلم مَا لَمْ يَقُلْ ». رواه البخاري",
        "ar_diacless": "وعن أبي الأسقع واثلة بن الأسقع رضي الله عنه، قال: قال رسول الله صلى الله عليه وسلم صلى الله عليه وسلم: « إن من أعظم الفرى أن يدعي الرجل إلى غير أبيه، أو يري عينه ما لم تر، أو يقول على رسول الله صلى الله عليه وسلم ما لم يقل ». رواه البخاري",
        "note": "(সহীহুল বুখারী ৩৫০৯, আহমাদ ১৫৫৭৮, ১৫৫৮৫, ১৬৫৩২, ১৬৫৩৫)",
        "grade_id": 2,
        "grade": "সহিহ হাদিস",
        "grade_color": "#46B891"
      }
    ]
  }
]