[
  {
    "id": 1,
    "link": "https://download.quranicaudio.com/quran/mishaari_raashid_al_3afaasee/001.mp3"
  },
  {
    "id": 2,
    "link": "https://download.quranicaudio.com/quran/mishaari_raashid_al_3afaasee/002.mp3"
  },
  {
    "id": 3,
    "link": "https://download.quranicaudio.com/quran/mishaari_raashid_al_3afaasee/003.mp3"
  },
  {
    "id": 4,
    "link": "https://download.quranicaudio.com/quran/mishaari_raashid_al_3afaasee/004.mp3"
  },
  {
    "id": 5,
    "link": "https://download.quranicaudio.com/quran/mishaari_raashid_al_3afaasee/005.mp3"
  },
  {
    "id": 6,
    "link": "https://download.quranicaudio.com/quran/mishaari_raashid_al_3afaasee/006.mp3"
  },
  {
    "id": 7,
    "link": "https://download.quranicaudio.com/quran/mishaari_raashid_al_3afaasee/007.mp3"
  },
  {
    "id": 8,
    "link": "https://download.quranicaudio.com/quran/mishaari_raashid_al_3afaasee/008.mp3"
  },
  {
    "id": 9,
    "link": "https://download.quranicaudio.com/quran/mishaari_raashid_al_3afaasee/009.mp3"
  },
  {
    "id": 10,
    "link": "https://download.quranicaudio.com/quran/mishaari_raashid_al_3afaasee/010.mp3"
  },
  {
    "id": 11,
    "link": "https://download.quranicaudio.com/quran/mishaari_raashid_al_3afaasee/011.mp3"
  },
  {
    "id": 12,
    "link": "https://download.quranicaudio.com/quran/mishaari_raashid_al_3afaasee/012.mp3"
  },
  {
    "id": 13,
    "link": "https://download.quranicaudio.com/quran/mishaari_raashid_al_3afaasee/013.mp3"
  },
  {
    "id": 14,
    "link": "https://download.quranicaudio.com/quran/mishaari_raashid_al_3afaasee/014.mp3"
  },
  {
    "id": 15,
    "link": "https://download.quranicaudio.com/quran/mishaari_raashid_al_3afaasee/015.mp3"
  },
  {
    "id": 16,
    "link": "https://download.quranicaudio.com/quran/mishaari_raashid_al_3afaasee/016.mp3"
  },
  {
    "id": 17,
    "link": "https://download.quranicaudio.com/quran/mishaari_raashid_al_3afaasee/017.mp3"
  },
  {
    "id": 18,
    "link": "https://download.quranicaudio.com/quran/mishaari_raashid_al_3afaasee/018.mp3"
  },
  {
    "id": 19,
    "link": "https://download.quranicaudio.com/quran/mishaari_raashid_al_3afaasee/019.mp3"
  },
  {
    "id": 20,
    "link": "https://download.quranicaudio.com/quran/mishaari_raashid_al_3afaasee/020.mp3"
  },
  {
    "id": 21,
    "link": "https://download.quranicaudio.com/quran/mishaari_raashid_al_3afaasee/021.mp3"
  },
  {
    "id": 22,
    "link": "https://download.quranicaudio.com/quran/mishaari_raashid_al_3afaasee/022.mp3"
  },
  {
    "id": 23,
    "link": "https://download.quranicaudio.com/quran/mishaari_raashid_al_3afaasee/023.mp3"
  },
  {
    "id": 24,
    "link": "https://download.quranicaudio.com/quran/mishaari_raashid_al_3afaasee/024.mp3"
  },
  {
    "id": 25,
    "link": "https://download.quranicaudio.com/quran/mishaari_raashid_al_3afaasee/025.mp3"
  },
  {
    "id": 26,
    "link": "https://download.quranicaudio.com/quran/mishaari_raashid_al_3afaasee/026.mp3"
  },
  {
    "id": 27,
    "link": "https://download.quranicaudio.com/quran/mishaari_raashid_al_3afaasee/027.mp3"
  },
  {
    "id": 28,
    "link": "https://download.quranicaudio.com/quran/mishaari_raashid_al_3afaasee/028.mp3"
  },
  {
    "id": 29,
    "link": "https://download.quranicaudio.com/quran/mishaari_raashid_al_3afaasee/029.mp3"
  },
  {
    "id": 30,
    "link": "https://download.quranicaudio.com/quran/mishaari_raashid_al_3afaasee/030.mp3"
  },
  {
    "id": 31,
    "link": "https://download.quranicaudio.com/quran/mishaari_raashid_al_3afaasee/031.mp3"
  },
  {
    "id": 32,
    "link": "https://download.quranicaudio.com/quran/mishaari_raashid_al_3afaasee/032.mp3"
  },
  {
    "id": 33,
    "link": "https://download.quranicaudio.com/quran/mishaari_raashid_al_3afaasee/033.mp3"
  },
  {
    "id": 34,
    "link": "https://download.quranicaudio.com/quran/mishaari_raashid_al_3afaasee/034.mp3"
  },
  {
    "id": 35,
    "link": "https://download.quranicaudio.com/quran/mishaari_raashid_al_3afaasee/035.mp3"
  },
  {
    "id": 36,
    "link": "https://download.quranicaudio.com/quran/mishaari_raashid_al_3afaasee/036.mp3"
  },
  {
    "id": 37,
    "link": "https://download.quranicaudio.com/quran/mishaari_raashid_al_3afaasee/037.mp3"
  },
  {
    "id": 38,
    "link": "https://download.quranicaudio.com/quran/mishaari_raashid_al_3afaasee/038.mp3"
  },
  {
    "id": 39,
    "link": "https://download.quranicaudio.com/quran/mishaari_raashid_al_3afaasee/039.mp3"
  },
  {
    "id": 40,
    "link": "https://download.quranicaudio.com/quran/mishaari_raashid_al_3afaasee/040.mp3"
  },
  {
    "id": 41,
    "link": "https://download.quranicaudio.com/quran/mishaari_raashid_al_3afaasee/041.mp3"
  },
  {
    "id": 42,
    "link": "https://download.quranicaudio.com/quran/mishaari_raashid_al_3afaasee/042.mp3"
  },
  {
    "id": 43,
    "link": "https://download.quranicaudio.com/quran/mishaari_raashid_al_3afaasee/043.mp3"
  },
  {
    "id": 44,
    "link": "https://download.quranicaudio.com/quran/mishaari_raashid_al_3afaasee/044.mp3"
  },
  {
    "id": 45,
    "link": "https://download.quranicaudio.com/quran/mishaari_raashid_al_3afaasee/045.mp3"
  },
  {
    "id": 46,
    "link": "https://download.quranicaudio.com/quran/mishaari_raashid_al_3afaasee/046.mp3"
  },
  {
    "id": 47,
    "link": "https://download.quranicaudio.com/quran/mishaari_raashid_al_3afaasee/047.mp3"
  },
  {
    "id": 48,
    "link": "https://download.quranicaudio.com/quran/mishaari_raashid_al_3afaasee/048.mp3"
  },
  {
    "id": 49,
    "link": "https://download.quranicaudio.com/quran/mishaari_raashid_al_3afaasee/049.mp3"
  },
  {
    "id": 50,
    "link": "https://download.quranicaudio.com/quran/mishaari_raashid_al_3afaasee/050.mp3"
  },
  {
    "id": 51,
    "link": "https://download.quranicaudio.com/quran/mishaari_raashid_al_3afaasee/051.mp3"
  },
  {
    "id": 52,
    "link": "https://download.quranicaudio.com/quran/mishaari_raashid_al_3afaasee/052.mp3"
  },
  {
    "id": 53,
    "link": "https://download.quranicaudio.com/quran/mishaari_raashid_al_3afaasee/053.mp3"
  },
  {
    "id": 54,
    "link": "https://download.quranicaudio.com/quran/mishaari_raashid_al_3afaasee/054.mp3"
  },
  {
    "id": 55,
    "link": "https://download.quranicaudio.com/quran/mishaari_raashid_al_3afaasee/055.mp3"
  },
  {
    "id": 56,
    "link": "https://download.quranicaudio.com/quran/mishaari_raashid_al_3afaasee/056.mp3"
  },
  {
    "id": 57,
    "link": "https://download.quranicaudio.com/quran/mishaari_raashid_al_3afaasee/057.mp3"
  },
  {
    "id": 58,
    "link": "https://download.quranicaudio.com/quran/mishaari_raashid_al_3afaasee/058.mp3"
  },
  {
    "id": 59,
    "link": "https://download.quranicaudio.com/quran/mishaari_raashid_al_3afaasee/059.mp3"
  },
  {
    "id": 60,
    "link": "https://download.quranicaudio.com/quran/mishaari_raashid_al_3afaasee/060.mp3"
  },
  {
    "id": 61,
    "link": "https://download.quranicaudio.com/quran/mishaari_raashid_al_3afaasee/061.mp3"
  },
  {
    "id": 62,
    "link": "https://download.quranicaudio.com/quran/mishaari_raashid_al_3afaasee/062.mp3"
  },
  {
    "id": 63,
    "link": "https://download.quranicaudio.com/quran/mishaari_raashid_al_3afaasee/063.mp3"
  },
  {
    "id": 64,
    "link": "https://download.quranicaudio.com/quran/mishaari_raashid_al_3afaasee/064.mp3"
  },
  {
    "id": 65,
    "link": "https://download.quranicaudio.com/quran/mishaari_raashid_al_3afaasee/065.mp3"
  },
  {
    "id": 66,
    "link": "https://download.quranicaudio.com/quran/mishaari_raashid_al_3afaasee/066.mp3"
  },
  {
    "id": 67,
    "link": "https://download.quranicaudio.com/quran/mishaari_raashid_al_3afaasee/067.mp3"
  },
  {
    "id": 68,
    "link": "https://download.quranicaudio.com/quran/mishaari_raashid_al_3afaasee/068.mp3"
  },
  {
    "id": 69,
    "link": "https://download.quranicaudio.com/quran/mishaari_raashid_al_3afaasee/069.mp3"
  },
  {
    "id": 70,
    "link": "https://download.quranicaudio.com/quran/mishaari_raashid_al_3afaasee/070.mp3"
  },
  {
    "id": 71,
    "link": "https://download.quranicaudio.com/quran/mishaari_raashid_al_3afaasee/071.mp3"
  },
  {
    "id": 72,
    "link": "https://download.quranicaudio.com/quran/mishaari_raashid_al_3afaasee/072.mp3"
  },
  {
    "id": 73,
    "link": "https://download.quranicaudio.com/quran/mishaari_raashid_al_3afaasee/073.mp3"
  },
  {
    "id": 74,
    "link": "https://download.quranicaudio.com/quran/mishaari_raashid_al_3afaasee/074.mp3"
  },
  {
    "id": 75,
    "link": "https://download.quranicaudio.com/quran/mishaari_raashid_al_3afaasee/075.mp3"
  },
  {
    "id": 76,
    "link": "https://download.quranicaudio.com/quran/mishaari_raashid_al_3afaasee/076.mp3"
  },
  {
    "id": 77,
    "link": "https://download.quranicaudio.com/quran/mishaari_raashid_al_3afaasee/077.mp3"
  },
  {
    "id": 78,
    "link": "https://download.quranicaudio.com/quran/mishaari_raashid_al_3afaasee/078.mp3"
  },
  {
    "id": 79,
    "link": "https://download.quranicaudio.com/quran/mishaari_raashid_al_3afaasee/079.mp3"
  },
  {
    "id": 80,
    "link": "https://download.quranicaudio.com/quran/mishaari_raashid_al_3afaasee/080.mp3"
  },
  {
    "id": 81,
    "link": "https://download.quranicaudio.com/quran/mishaari_raashid_al_3afaasee/081.mp3"
  },
  {
    "id": 82,
    "link": "https://download.quranicaudio.com/quran/mishaari_raashid_al_3afaasee/082.mp3"
  },
  {
    "id": 83,
    "link": "https://download.quranicaudio.com/quran/mishaari_raashid_al_3afaasee/083.mp3"
  },
  {
    "id": 84,
    "link": "https://download.quranicaudio.com/quran/mishaari_raashid_al_3afaasee/084.mp3"
  },
  {
    "id": 85,
    "link": "https://download.quranicaudio.com/quran/mishaari_raashid_al_3afaasee/085.mp3"
  },
  {
    "id": 86,
    "link": "https://download.quranicaudio.com/quran/mishaari_raashid_al_3afaasee/086.mp3"
  },
  {
    "id": 87,
    "link": "https://download.quranicaudio.com/quran/mishaari_raashid_al_3afaasee/087.mp3"
  },
  {
    "id": 88,
    "link": "https://download.quranicaudio.com/quran/mishaari_raashid_al_3afaasee/088.mp3"
  },
  {
    "id": 89,
    "link": "https://download.quranicaudio.com/quran/mishaari_raashid_al_3afaasee/089.mp3"
  },
  {
    "id": 90,
    "link": "https://download.quranicaudio.com/quran/mishaari_raashid_al_3afaasee/090.mp3"
  },
  {
    "id": 91,
    "link": "https://download.quranicaudio.com/quran/mishaari_raashid_al_3afaasee/091.mp3"
  },
  {
    "id": 92,
    "link": "https://download.quranicaudio.com/quran/mishaari_raashid_al_3afaasee/092.mp3"
  },
  {
    "id": 93,
    "link": "https://download.quranicaudio.com/quran/mishaari_raashid_al_3afaasee/093.mp3"
  },
  {
    "id": 94,
    "link": "https://download.quranicaudio.com/quran/mishaari_raashid_al_3afaasee/094.mp3"
  },
  {
    "id": 95,
    "link": "https://download.quranicaudio.com/quran/mishaari_raashid_al_3afaasee/095.mp3"
  },
  {
    "id": 96,
    "link": "https://download.quranicaudio.com/quran/mishaari_raashid_al_3afaasee/096.mp3"
  },
  {
    "id": 97,
    "link": "https://download.quranicaudio.com/quran/mishaari_raashid_al_3afaasee/097.mp3"
  },
  {
    "id": 98,
    "link": "https://download.quranicaudio.com/quran/mishaari_raashid_al_3afaasee/098.mp3"
  },
  {
    "id": 99,
    "link": "https://download.quranicaudio.com/quran/mishaari_raashid_al_3afaasee/099.mp3"
  },
  {
    "id": 100,
    "link": "https://download.quranicaudio.com/quran/mishaari_raashid_al_3afaasee/100.mp3"
  },
  {
    "id": 101,
    "link": "https://download.quranicaudio.com/quran/mishaari_raashid_al_3afaasee/101.mp3"
  },
  {
    "id": 102,
    "link": "https://download.quranicaudio.com/quran/mishaari_raashid_al_3afaasee/102.mp3"
  },
  {
    "id": 103,
    "link": "https://download.quranicaudio.com/quran/mishaari_raashid_al_3afaasee/103.mp3"
  },
  {
    "id": 104,
    "link": "https://download.quranicaudio.com/quran/mishaari_raashid_al_3afaasee/104.mp3"
  },
  {
    "id": 105,
    "link": "https://download.quranicaudio.com/quran/mishaari_raashid_al_3afaasee/105.mp3"
  },
  {
    "id": 106,
    "link": "https://download.quranicaudio.com/quran/mishaari_raashid_al_3afaasee/106.mp3"
  },
  {
    "id": 107,
    "link": "https://download.quranicaudio.com/quran/mishaari_raashid_al_3afaasee/107.mp3"
  },
  {
    "id": 108,
    "link": "https://download.quranicaudio.com/quran/mishaari_raashid_al_3afaasee/108.mp3"
  },
  {
    "id": 109,
    "link": "https://download.quranicaudio.com/quran/mishaari_raashid_al_3afaasee/109.mp3"
  },
  {
    "id": 110,
    "link": "https://download.quranicaudio.com/quran/mishaari_raashid_al_3afaasee/110.mp3"
  },
  {
    "id": 111,
    "link": "https://download.quranicaudio.com/quran/mishaari_raashid_al_3afaasee/111.mp3"
  },
  {
    "id": 112,
    "link": "https://download.quranicaudio.com/quran/mishaari_raashid_al_3afaasee/112.mp3"
  },
  {
    "id": 113,
    "link": "https://download.quranicaudio.com/quran/mishaari_raashid_al_3afaasee/113.mp3"
  },
  {
    "id": 114,
    "link": "https://download.quranicaudio.com/quran/mishaari_raashid_al_3afaasee/114.mp3"
  }
]