[
  {
    "ayah": 1,
    "time": 7562
  },
  {
    "ayah": 2,
    "time": 22509
  },
  {
    "ayah": 3,
    "time": 42671
  },
  {
    "ayah": 4,
    "time": 88282
  },
  {
    "ayah": 5,
    "time": 118607
  },
  {
    "ayah": 6,
    "time": 150915
  },
  {
    "ayah": 7,
    "time": 173924
  },
  {
    "ayah": 8,
    "time": 206132
  },
  {
    "ayah": 9,
    "time": 229459
  },
  {
    "ayah": 10,
    "time": 249653
  },
  {
    "ayah": 11,
    "time": 264979
  },
  {
    "ayah": 12,
    "time": 286898
  },
  {
    "ayah": 13,
    "time": 317781
  },
  {
    "ayah": 14,
    "time": 351264
  },
  {
    "ayah": 15,
    "time": 373137
  },
  {
    "ayah": 16,
    "time": 389530
  },
  {
    "ayah": 17,
    "time": 419020
  },
  {
    "ayah": 18,
    "time": 445630
  },
  {
    "ayah": 19,
    "time": 477852
  },
  {
    "ayah": 20,
    "time": 517240
  },
  {
    "ayah": 21,
    "time": 544825
  },
  {
    "ayah": 22,
    "time": 567295
  },
  {
    "ayah": 23,
    "time": 583292
  },
  {
    "ayah": 24,
    "time": 618208
  },
  {
    "ayah": 25,
    "time": 669113
  },
  {
    "ayah": 26,
    "time": 703014
  },
  {
    "ayah": 27,
    "time": 728813
  },
  {
    "ayah": 28,
    "time": 746110
  },
  {
    "ayah": 29,
    "time": 784377
  },
  {
    "ayah": 30,
    "time": 816792
  },
  {
    "ayah": 31,
    "time": 850414
  },
  {
    "ayah": 32,
    "time": 892242
  },
  {
    "ayah": 33,
    "time": 912312
  },
  {
    "ayah": 34,
    "time": 930834
  },
  {
    "ayah": 35,
    "time": 976631
  },
  {
    "ayah": 36,
    "time": 1000787
  },
  {
    "ayah": 37,
    "time": 1052706
  },
  {
    "ayah": 38,
    "time": 1097521
  },
  {
    "ayah": 39,
    "time": 1129597
  },
  {
    "ayah": 40,
    "time": 1152034
  },
  {
    "ayah": 41,
    "time": 1202011
  },
  {
    "ayah": 42,
    "time": 1226531
  },
  {
    "ayah": 43,
    "time": 1261911
  },
  {
    "ayah": 44,
    "time": 1277183
  },
  {
    "ayah": 45,
    "time": 1298745
  },
  {
    "ayah": 46,
    "time": 1317871
  },
  {
    "ayah": 47,
    "time": 1339187
  },
  {
    "ayah": 48,
    "time": 1362972
  },
  {
    "ayah": 49,
    "time": 1389528
  },
  {
    "ayah": 50,
    "time": 1410605
  },
  {
    "ayah": 51,
    "time": 1434939
  },
  {
    "ayah": 52,
    "time": 1453980
  },
  {
    "ayah": 53,
    "time": 1490110
  },
  {
    "ayah": 54,
    "time": 1508925
  },
  {
    "ayah": 55,
    "time": 1545513
  },
  {
    "ayah": 56,
    "time": 1570697
  },
  {
    "ayah": 57,
    "time": 1588887
  },
  {
    "ayah": 58,
    "time": 1602091
  },
  {
    "ayah": 59,
    "time": 1620049
  },
  {
    "ayah": 60,
    "time": 1650620
  },
  {
    "ayah": 61,
    "time": 1684832
  },
  {
    "ayah": 62,
    "time": 1716597
  },
  {
    "ayah": 63,
    "time": 1733594
  },
  {
    "ayah": 64,
    "time": 1757007
  },
  {
    "ayah": 65,
    "time": 1782403
  },
  {
    "ayah": 66,
    "time": 1804926
  },
  {
    "ayah": 67,
    "time": 1831350
  },
  {
    "ayah": 68,
    "time": 1860289
  },
  {
    "ayah": 69,
    "time": 1882866
  },
  {
    "ayah": 70,
    "time": 1932914
  },
  {
    "ayah": 71,
    "time": 1973456
  },
  {
    "ayah": 72,
    "time": 2012666
  },
  {
    "ayah": 73,
    "time": 2047203
  },
  {
    "ayah": 74,
    "time": 2067133
  },
  {
    "ayah": 75,
    "time": 2121335
  },
  {
    "ayah": 76,
    "time": 2142180
  },
  {
    "ayah": 77,
    "time": 2157312
  },
  {
    "ayah": 78,
    "time": 2184394
  },
  {
    "ayah": 79,
    "time": 2200887
  },
  {
    "ayah": 80,
    "time": 2229898
  },
  {
    "ayah": 81,
    "time": 2259680
  },
  {
    "ayah": 82,
    "time": 2296725
  },
  {
    "ayah": 83,
    "time": 2310896
  },
  {
    "ayah": 84,
    "time": 2348612
  },
  {
    "ayah": 85,
    "time": 2372529
  },
  {
    "ayah": 86,
    "time": 2399278
  },
  {
    "ayah": 87,
    "time": 2422119
  },
  {
    "ayah": 88,
    "time": 2435069
  },
  {
    "ayah": 89,
    "time": 2461075
  },
  {
    "ayah": 90,
    "time": 2478597
  },
  {
    "ayah": 91,
    "time": 2501099
  },
  {
    "ayah": 92,
    "time": 2532454
  },
  {
    "ayah": 93,
    "time": 2560364
  },
  {
    "ayah": 94,
    "time": 2584659
  },
  {
    "ayah": 95,
    "time": 2625008
  },
  {
    "ayah": 96,
    "time": 2651711
  },
  {
    "ayah": 97,
    "time": 2668755
  },
  {
    "ayah": 98,
    "time": 2690303
  },
  {
    "ayah": 99,
    "time": 2715209
  },
  {
    "ayah": 100,
    "time": 2751943
  },
  {
    "ayah": 101,
    "time": 2798972
  },
  {
    "ayah": 102,
    "time": 2830923
  },
  {
    "ayah": 103,
    "time": 2854064
  },
  {
    "ayah": 104,
    "time": 2875366
  },
  {
    "ayah": 105,
    "time": 2895428
  },
  {
    "ayah": 106,
    "time": 2919855
  },
  {
    "ayah": 107,
    "time": 2938478
  },
  {
    "ayah": 108,
    "time": 2980327
  },
  {
    "ayah": 109,
    "time": 3007827
  },
  {
    "ayah": 110,
    "time": 3036234
  },
  {
    "ayah": 111,
    "time": 3058168
  },
  {
    "ayah": 112,
    "time": 3111931
  },
  {
    "ayah": 113,
    "time": 3143371
  },
  {
    "ayah": 114,
    "time": 3171281
  },
  {
    "ayah": 115,
    "time": 3202442
  },
  {
    "ayah": 116,
    "time": 3223426
  },
  {
    "ayah": 117,
    "time": 3246421
  },
  {
    "ayah": 118,
    "time": 3283758
  },
  {
    "ayah": 119,
    "time": 3324547
  },
  {
    "ayah": 120,
    "time": 3336514
  },
  {
    "ayah": 121,
    "time": 3399394
  },
  {
    "ayah": 122,
    "time": 3425075
  },
  {
    "ayah": 123,
    "time": 3462288
  },
  {
    "ayah": 124,
    "time": 3485075
  },
  {
    "ayah": 125,
    "time": 3513775
  },
  {
    "ayah": 126,
    "time": 3529836
  },
  {
    "ayah": 127,
    "time": 3553435
  },
  {
    "ayah": 128,
    "time": 3581631
  },
  {
    "ayah": 129,
    "time": 3604705
  }
]