[
  {
    "ayah": 1,
    "time": 4367
  },
  {
    "ayah": 2,
    "time": 12401
  },
  {
    "ayah": 3,
    "time": 28518
  },
  {
    "ayah": 4,
    "time": 38579
  },
  {
    "ayah": 5,
    "time": 49616
  },
  {
    "ayah": 6,
    "time": 61235
  },
  {
    "ayah": 7,
    "time": 78557
  },
  {
    "ayah": 8,
    "time": 94229
  },
  {
    "ayah": 9,
    "time": 101388
  },
  {
    "ayah": 10,
    "time": 118864
  },
  {
    "ayah": 11,
    "time": 126423
  },
  {
    "ayah": 12,
    "time": 138940
  },
  {
    "ayah": 13,
    "time": 148007
  },
  {
    "ayah": 14,
    "time": 154061
  },
  {
    "ayah": 15,
    "time": 166027
  },
  {
    "ayah": 16,
    "time": 177641
  },
  {
    "ayah": 17,
    "time": 193265
  },
  {
    "ayah": 18,
    "time": 202928
  },
  {
    "ayah": 19,
    "time": 211539
  },
  {
    "ayah": 20,
    "time": 223404
  },
  {
    "ayah": 21,
    "time": 230064
  },
  {
    "ayah": 22,
    "time": 240830
  },
  {
    "ayah": 23,
    "time": 256301
  },
  {
    "ayah": 24,
    "time": 263407
  },
  {
    "ayah": 25,
    "time": 270819
  },
  {
    "ayah": 26,
    "time": 277732
  },
  {
    "ayah": 27,
    "time": 288846
  },
  {
    "ayah": 28,
    "time": 302261
  },
  {
    "ayah": 29,
    "time": 312275
  },
  {
    "ayah": 30,
    "time": 322089
  },
  {
    "ayah": 31,
    "time": 331803
  },
  {
    "ayah": 32,
    "time": 339413
  },
  {
    "ayah": 33,
    "time": 346723
  },
  {
    "ayah": 34,
    "time": 356685
  },
  {
    "ayah": 35,
    "time": 363695
  },
  {
    "ayah": 36,
    "time": 373109
  },
  {
    "ayah": 37,
    "time": 390833
  },
  {
    "ayah": 38,
    "time": 403554
  },
  {
    "ayah": 39,
    "time": 418972
  },
  {
    "ayah": 40,
    "time": 432438
  },
  {
    "ayah": 41,
    "time": 438901
  },
  {
    "ayah": 42,
    "time": 447912
  },
  {
    "ayah": 43,
    "time": 456872
  },
  {
    "ayah": 44,
    "time": 464635
  },
  {
    "ayah": 45,
    "time": 476000
  },
  {
    "ayah": 999,
    "time": 494824
  }
]