[
  {
    "ayah": 1,
    "time": 6322
  },
  {
    "ayah": 2,
    "time": 23027
  },
  {
    "ayah": 3,
    "time": 30596
  },
  {
    "ayah": 4,
    "time": 36308
  },
  {
    "ayah": 5,
    "time": 58600
  },
  {
    "ayah": 6,
    "time": 66030
  },
  {
    "ayah": 7,
    "time": 74157
  },
  {
    "ayah": 8,
    "time": 99792
  },
  {
    "ayah": 9,
    "time": 105179
  },
  {
    "ayah": 10,
    "time": 114653
  },
  {
    "ayah": 11,
    "time": 121851
  },
  {
    "ayah": 12,
    "time": 128631
  },
  {
    "ayah": 13,
    "time": 140891
  },
  {
    "ayah": 14,
    "time": 145767
  },
  {
    "ayah": 15,
    "time": 149011
  },
  {
    "ayah": 16,
    "time": 156356
  },
  {
    "ayah": 17,
    "time": 163740
  },
  {
    "ayah": 18,
    "time": 170009
  },
  {
    "ayah": 19,
    "time": 176278
  },
  {
    "ayah": 20,
    "time": 180783
  },
  {
    "ayah": 21,
    "time": 185613
  },
  {
    "ayah": 22,
    "time": 198662
  },
  {
    "ayah": 23,
    "time": 202935
  },
  {
    "ayah": 24,
    "time": 216356
  },
  {
    "ayah": 25,
    "time": 224529
  },
  {
    "ayah": 26,
    "time": 242734
  },
  {
    "ayah": 27,
    "time": 250396
  },
  {
    "ayah": 28,
    "time": 262749
  }
]