[
  {
    "ayah": 1,
    "time": 3662
  },
  {
    "ayah": 2,
    "time": 7351
  },
  {
    "ayah": 3,
    "time": 10374
  },
  {
    "ayah": 4,
    "time": 12839
  },
  {
    "ayah": 5,
    "time": 18011
  },
  {
    "ayah": 6,
    "time": 22903
  },
  {
    "ayah": 7,
    "time": 27464
  },
  {
    "ayah": 8,
    "time": 33897
  },
  {
    "ayah": 9,
    "time": 37942
  },
  {
    "ayah": 10,
    "time": 42000
  },
  {
    "ayah": 11,
    "time": 46462
  },
  {
    "ayah": 12,
    "time": 49963
  },
  {
    "ayah": 13,
    "time": 52295
  },
  {
    "ayah": 14,
    "time": 55504
  },
  {
    "ayah": 15,
    "time": 57912
  },
  {
    "ayah": 16,
    "time": 61486
  },
  {
    "ayah": 17,
    "time": 63798
  },
  {
    "ayah": 999,
    "time": 69809
  }
]