[
  {
    "ayah": 1,
    "time": 3943
  },
  {
    "ayah": 2,
    "time": 6342
  },
  {
    "ayah": 3,
    "time": 8997
  },
  {
    "ayah": 4,
    "time": 14353
  },
  {
    "ayah": 5,
    "time": 21207
  },
  {
    "ayah": 6,
    "time": 27824
  },
  {
    "ayah": 7,
    "time": 34277
  },
  {
    "ayah": 8,
    "time": 38482
  },
  {
    "ayah": 9,
    "time": 44093
  },
  {
    "ayah": 10,
    "time": 47744
  },
  {
    "ayah": 11,
    "time": 52352
  },
  {
    "ayah": 999,
    "time": 55106
  }
]