[
  {
    "ayah": 1,
    "time": 4027
  },
  {
    "ayah": 2,
    "time": 34870
  },
  {
    "ayah": 3,
    "time": 55198
  },
  {
    "ayah": 4,
    "time": 68864
  },
  {
    "ayah": 5,
    "time": 105506
  },
  {
    "ayah": 6,
    "time": 123930
  },
  {
    "ayah": 7,
    "time": 146162
  },
  {
    "ayah": 8,
    "time": 175159
  },
  {
    "ayah": 9,
    "time": 201899
  },
  {
    "ayah": 10,
    "time": 227286
  },
  {
    "ayah": 11,
    "time": 257423
  },
  {
    "ayah": 999,
    "time": 273749
  }
]