[
  {
    "ayah": 1,
    "time": 13799
  },
  {
    "ayah": 2,
    "time": 23505
  },
  {
    "ayah": 3,
    "time": 27778
  },
  {
    "ayah": 4,
    "time": 38630
  },
  {
    "ayah": 5,
    "time": 55688
  },
  {
    "ayah": 6,
    "time": 69759
  },
  {
    "ayah": 7,
    "time": 85085
  },
  {
    "ayah": 8,
    "time": 96880
  },
  {
    "ayah": 9,
    "time": 131014
  },
  {
    "ayah": 10,
    "time": 184320
  },
  {
    "ayah": 11,
    "time": 205961
  },
  {
    "ayah": 12,
    "time": 217485
  },
  {
    "ayah": 13,
    "time": 224915
  },
  {
    "ayah": 14,
    "time": 241866
  },
  {
    "ayah": 15,
    "time": 251339
  },
  {
    "ayah": 16,
    "time": 264661
  },
  {
    "ayah": 17,
    "time": 282408
  },
  {
    "ayah": 18,
    "time": 290388
  },
  {
    "ayah": 19,
    "time": 300937
  },
  {
    "ayah": 20,
    "time": 315552
  },
  {
    "ayah": 21,
    "time": 334328
  },
  {
    "ayah": 22,
    "time": 362742
  },
  {
    "ayah": 23,
    "time": 380714
  },
  {
    "ayah": 24,
    "time": 403198
  },
  {
    "ayah": 25,
    "time": 431712
  },
  {
    "ayah": 26,
    "time": 455303
  },
  {
    "ayah": 27,
    "time": 465335
  },
  {
    "ayah": 28,
    "time": 486790
  },
  {
    "ayah": 29,
    "time": 530390
  },
  {
    "ayah": 30,
    "time": 553988
  },
  {
    "ayah": 31,
    "time": 580134
  },
  {
    "ayah": 32,
    "time": 591698
  },
  {
    "ayah": 33,
    "time": 605351
  },
  {
    "ayah": 34,
    "time": 635583
  },
  {
    "ayah": 35,
    "time": 646775
  },
  {
    "ayah": 36,
    "time": 659128
  },
  {
    "ayah": 37,
    "time": 680391
  },
  {
    "ayah": 38,
    "time": 701017
  },
  {
    "ayah": 39,
    "time": 724880
  },
  {
    "ayah": 40,
    "time": 758185
  },
  {
    "ayah": 41,
    "time": 790871
  },
  {
    "ayah": 42,
    "time": 809501
  },
  {
    "ayah": 43,
    "time": 826026
  },
  {
    "ayah": 44,
    "time": 845392
  },
  {
    "ayah": 45,
    "time": 858030
  },
  {
    "ayah": 46,
    "time": 873030
  },
  {
    "ayah": 47,
    "time": 899826
  },
  {
    "ayah": 48,
    "time": 923318
  },
  {
    "ayah": 49,
    "time": 962706
  },
  {
    "ayah": 50,
    "time": 976034
  },
  {
    "ayah": 51,
    "time": 997529
  },
  {
    "ayah": 52,
    "time": 1010632
  },
  {
    "ayah": 53,
    "time": 1025121
  },
  {
    "ayah": 54,
    "time": 1046158
  },
  {
    "ayah": 55,
    "time": 1076987
  },
  {
    "ayah": 56,
    "time": 1090044
  },
  {
    "ayah": 57,
    "time": 1110989
  },
  {
    "ayah": 58,
    "time": 1122691
  },
  {
    "ayah": 59,
    "time": 1146787
  },
  {
    "ayah": 60,
    "time": 1155850
  }
]