[
  {
    "ayah": 1,
    "time": 4132
  },
  {
    "ayah": 2,
    "time": 11892
  },
  {
    "ayah": 3,
    "time": 31268
  },
  {
    "ayah": 4,
    "time": 37779
  },
  {
    "ayah": 5,
    "time": 66967
  },
  {
    "ayah": 6,
    "time": 95754
  },
  {
    "ayah": 7,
    "time": 136161
  },
  {
    "ayah": 8,
    "time": 147928
  },
  {
    "ayah": 9,
    "time": 159274
  },
  {
    "ayah": 10,
    "time": 174091
  },
  {
    "ayah": 11,
    "time": 207785
  },
  {
    "ayah": 12,
    "time": 252909
  },
  {
    "ayah": 13,
    "time": 287297
  },
  {
    "ayah": 14,
    "time": 301199
  },
  {
    "ayah": 15,
    "time": 322181
  },
  {
    "ayah": 16,
    "time": 365186
  },
  {
    "ayah": 17,
    "time": 403543
  },
  {
    "ayah": 18,
    "time": 436866
  },
  {
    "ayah": 19,
    "time": 460796
  },
  {
    "ayah": 20,
    "time": 472663
  },
  {
    "ayah": 21,
    "time": 505882
  },
  {
    "ayah": 22,
    "time": 521200
  },
  {
    "ayah": 23,
    "time": 536570
  },
  {
    "ayah": 24,
    "time": 550742
  },
  {
    "ayah": 25,
    "time": 574121
  },
  {
    "ayah": 26,
    "time": 630810
  },
  {
    "ayah": 27,
    "time": 673975
  },
  {
    "ayah": 28,
    "time": 711394
  },
  {
    "ayah": 29,
    "time": 728765
  },
  {
    "ayah": 999,
    "time": 805523
  }
]