[
  {
    "ayah": 1,
    "time": 3622
  },
  {
    "ayah": 2,
    "time": 6746
  },
  {
    "ayah": 3,
    "time": 9657
  },
  {
    "ayah": 4,
    "time": 12149
  },
  {
    "ayah": 5,
    "time": 14699
  },
  {
    "ayah": 6,
    "time": 18934
  },
  {
    "ayah": 7,
    "time": 24764
  },
  {
    "ayah": 8,
    "time": 28603
  },
  {
    "ayah": 9,
    "time": 33516
  },
  {
    "ayah": 10,
    "time": 36594
  },
  {
    "ayah": 11,
    "time": 39700
  },
  {
    "ayah": 12,
    "time": 41822
  },
  {
    "ayah": 13,
    "time": 44640
  },
  {
    "ayah": 14,
    "time": 48197
  },
  {
    "ayah": 15,
    "time": 51835
  },
  {
    "ayah": 16,
    "time": 54902
  },
  {
    "ayah": 17,
    "time": 59774
  },
  {
    "ayah": 18,
    "time": 62894
  },
  {
    "ayah": 19,
    "time": 66672
  },
  {
    "ayah": 999,
    "time": 75751
  }
]