[
  {
    "ayah": 1,
    "time": 3396
  },
  {
    "ayah": 2,
    "time": 7400
  },
  {
    "ayah": 3,
    "time": 10953
  },
  {
    "ayah": 4,
    "time": 26334
  },
  {
    "ayah": 5,
    "time": 31844
  },
  {
    "ayah": 6,
    "time": 42063
  },
  {
    "ayah": 7,
    "time": 51218
  },
  {
    "ayah": 8,
    "time": 64238
  },
  {
    "ayah": 9,
    "time": 79006
  },
  {
    "ayah": 10,
    "time": 84967
  },
  {
    "ayah": 11,
    "time": 93757
  },
  {
    "ayah": 12,
    "time": 100915
  },
  {
    "ayah": 13,
    "time": 109178
  },
  {
    "ayah": 14,
    "time": 119901
  },
  {
    "ayah": 15,
    "time": 128910
  },
  {
    "ayah": 16,
    "time": 140922
  },
  {
    "ayah": 17,
    "time": 151336
  },
  {
    "ayah": 18,
    "time": 164452
  },
  {
    "ayah": 19,
    "time": 177772
  },
  {
    "ayah": 20,
    "time": 192209
  },
  {
    "ayah": 21,
    "time": 202025
  },
  {
    "ayah": 22,
    "time": 207883
  },
  {
    "ayah": 23,
    "time": 219799
  },
  {
    "ayah": 24,
    "time": 228861
  },
  {
    "ayah": 25,
    "time": 238625
  },
  {
    "ayah": 26,
    "time": 246035
  },
  {
    "ayah": 27,
    "time": 252144
  },
  {
    "ayah": 28,
    "time": 258900
  },
  {
    "ayah": 29,
    "time": 266111
  },
  {
    "ayah": 30,
    "time": 277828
  },
  {
    "ayah": 31,
    "time": 289744
  },
  {
    "ayah": 32,
    "time": 300910
  },
  {
    "ayah": 33,
    "time": 308770
  },
  {
    "ayah": 34,
    "time": 319887
  },
  {
    "ayah": 35,
    "time": 327594
  },
  {
    "ayah": 36,
    "time": 337560
  },
  {
    "ayah": 37,
    "time": 348175
  },
  {
    "ayah": 38,
    "time": 366199
  },
  {
    "ayah": 39,
    "time": 376162
  },
  {
    "ayah": 40,
    "time": 388981
  },
  {
    "ayah": 41,
    "time": 396639
  },
  {
    "ayah": 42,
    "time": 408908
  },
  {
    "ayah": 43,
    "time": 419021
  },
  {
    "ayah": 44,
    "time": 424478
  },
  {
    "ayah": 45,
    "time": 427734
  },
  {
    "ayah": 46,
    "time": 432889
  },
  {
    "ayah": 47,
    "time": 436246
  },
  {
    "ayah": 48,
    "time": 444103
  },
  {
    "ayah": 49,
    "time": 452466
  },
  {
    "ayah": 50,
    "time": 459728
  },
  {
    "ayah": 51,
    "time": 468287
  },
  {
    "ayah": 52,
    "time": 475548
  },
  {
    "ayah": 53,
    "time": 481056
  },
  {
    "ayah": 54,
    "time": 492019
  },
  {
    "ayah": 55,
    "time": 500032
  },
  {
    "ayah": 56,
    "time": 507642
  },
  {
    "ayah": 57,
    "time": 520808
  },
  {
    "ayah": 58,
    "time": 529872
  },
  {
    "ayah": 59,
    "time": 540086
  },
  {
    "ayah": 999,
    "time": 546064
  }
]