[
  {
    "ayah": 1,
    "time": 5904
  },
  {
    "ayah": 2,
    "time": 13839
  },
  {
    "ayah": 3,
    "time": 18761
  },
  {
    "ayah": 4,
    "time": 26238
  },
  {
    "ayah": 5,
    "time": 40642
  },
  {
    "ayah": 6,
    "time": 53413
  },
  {
    "ayah": 7,
    "time": 64830
  },
  {
    "ayah": 8,
    "time": 75982
  },
  {
    "ayah": 9,
    "time": 85263
  },
  {
    "ayah": 10,
    "time": 92004
  },
  {
    "ayah": 11,
    "time": 100828
  },
  {
    "ayah": 12,
    "time": 107322
  },
  {
    "ayah": 13,
    "time": 116246
  },
  {
    "ayah": 14,
    "time": 125294
  },
  {
    "ayah": 15,
    "time": 134157
  },
  {
    "ayah": 16,
    "time": 145867
  },
  {
    "ayah": 17,
    "time": 156091
  },
  {
    "ayah": 18,
    "time": 165751
  },
  {
    "ayah": 19,
    "time": 175271
  },
  {
    "ayah": 20,
    "time": 183391
  },
  {
    "ayah": 21,
    "time": 195094
  },
  {
    "ayah": 22,
    "time": 207732
  },
  {
    "ayah": 23,
    "time": 221100
  },
  {
    "ayah": 24,
    "time": 226819
  },
  {
    "ayah": 25,
    "time": 239119
  },
  {
    "ayah": 26,
    "time": 246635
  },
  {
    "ayah": 27,
    "time": 255194
  },
  {
    "ayah": 28,
    "time": 264761
  },
  {
    "ayah": 29,
    "time": 276696
  },
  {
    "ayah": 30,
    "time": 286309
  },
  {
    "ayah": 31,
    "time": 292764
  },
  {
    "ayah": 32,
    "time": 301959
  },
  {
    "ayah": 33,
    "time": 309157
  },
  {
    "ayah": 34,
    "time": 318166
  },
  {
    "ayah": 35,
    "time": 327176
  },
  {
    "ayah": 36,
    "time": 337718
  },
  {
    "ayah": 37,
    "time": 347191
  },
  {
    "ayah": 38,
    "time": 353647
  },
  {
    "ayah": 39,
    "time": 360559
  },
  {
    "ayah": 40,
    "time": 368368
  },
  {
    "ayah": 41,
    "time": 376588
  },
  {
    "ayah": 42,
    "time": 390798
  },
  {
    "ayah": 43,
    "time": 398229
  },
  {
    "ayah": 44,
    "time": 409189
  },
  {
    "ayah": 45,
    "time": 420706
  },
  {
    "ayah": 46,
    "time": 429251
  },
  {
    "ayah": 47,
    "time": 433895
  },
  {
    "ayah": 48,
    "time": 441882
  },
  {
    "ayah": 49,
    "time": 445969
  },
  {
    "ayah": 50,
    "time": 474005
  },
  {
    "ayah": 51,
    "time": 486650
  },
  {
    "ayah": 52,
    "time": 503415
  },
  {
    "ayah": 53,
    "time": 517626
  },
  {
    "ayah": 54,
    "time": 525467
  },
  {
    "ayah": 55,
    "time": 535545
  },
  {
    "ayah": 56,
    "time": 542325
  },
  {
    "ayah": 57,
    "time": 547440
  },
  {
    "ayah": 58,
    "time": 555885
  },
  {
    "ayah": 59,
    "time": 562626
  },
  {
    "ayah": 60,
    "time": 571775
  },
  {
    "ayah": 61,
    "time": 576783
  },
  {
    "ayah": 62,
    "time": 589422
  },
  {
    "ayah": 63,
    "time": 597177
  },
  {
    "ayah": 64,
    "time": 613756
  },
  {
    "ayah": 65,
    "time": 619654
  },
  {
    "ayah": 66,
    "time": 628742
  },
  {
    "ayah": 67,
    "time": 633958
  },
  {
    "ayah": 68,
    "time": 644314
  },
  {
    "ayah": 69,
    "time": 651644
  },
  {
    "ayah": 70,
    "time": 656760
  },
  {
    "ayah": 71,
    "time": 662890
  },
  {
    "ayah": 72,
    "time": 670738
  },
  {
    "ayah": 73,
    "time": 676543
  },
  {
    "ayah": 74,
    "time": 682395
  },
  {
    "ayah": 75,
    "time": 691636
  },
  {
    "ayah": 76,
    "time": 699067
  },
  {
    "ayah": 77,
    "time": 706343
  },
  {
    "ayah": 78,
    "time": 715228
  },
  {
    "ayah": 79,
    "time": 720515
  },
  {
    "ayah": 80,
    "time": 725955
  },
  {
    "ayah": 81,
    "time": 730692
  },
  {
    "ayah": 82,
    "time": 736862
  },
  {
    "ayah": 83,
    "time": 747689
  },
  {
    "ayah": 84,
    "time": 755112
  },
  {
    "ayah": 85,
    "time": 761900
  },
  {
    "ayah": 86,
    "time": 770020
  },
  {
    "ayah": 87,
    "time": 781544
  },
  {
    "ayah": 88,
    "time": 786359
  },
  {
    "ayah": 89,
    "time": 793650
  },
  {
    "ayah": 90,
    "time": 800816
  },
  {
    "ayah": 91,
    "time": 806993
  },
  {
    "ayah": 92,
    "time": 812705
  },
  {
    "ayah": 93,
    "time": 819671
  },
  {
    "ayah": 94,
    "time": 829084
  },
  {
    "ayah": 95,
    "time": 834618
  },
  {
    "ayah": 96,
    "time": 839872
  },
  {
    "ayah": 97,
    "time": 844795
  },
  {
    "ayah": 98,
    "time": 853247
  },
  {
    "ayah": 99,
    "time": 859795
  },
  {
    "ayah": 100,
    "time": 867829
  },
  {
    "ayah": 101,
    "time": 873202
  },
  {
    "ayah": 102,
    "time": 877535
  },
  {
    "ayah": 103,
    "time": 885941
  },
  {
    "ayah": 104,
    "time": 896158
  },
  {
    "ayah": 105,
    "time": 904145
  },
  {
    "ayah": 106,
    "time": 909161
  },
  {
    "ayah": 107,
    "time": 916166
  },
  {
    "ayah": 108,
    "time": 921732
  },
  {
    "ayah": 109,
    "time": 926297
  },
  {
    "ayah": 110,
    "time": 937350
  },
  {
    "ayah": 111,
    "time": 941994
  },
  {
    "ayah": 112,
    "time": 949378
  },
  {
    "ayah": 113,
    "time": 955322
  },
  {
    "ayah": 114,
    "time": 962009
  },
  {
    "ayah": 115,
    "time": 968311
  },
  {
    "ayah": 116,
    "time": 973844
  },
  {
    "ayah": 117,
    "time": 983325
  },
  {
    "ayah": 118,
    "time": 989270
  },
  {
    "ayah": 119,
    "time": 999440
  },
  {
    "ayah": 120,
    "time": 1007792
  },
  {
    "ayah": 121,
    "time": 1013790
  },
  {
    "ayah": 122,
    "time": 1023774
  },
  {
    "ayah": 123,
    "time": 1031994
  },
  {
    "ayah": 124,
    "time": 1036127
  },
  {
    "ayah": 125,
    "time": 1042954
  },
  {
    "ayah": 126,
    "time": 1047970
  },
  {
    "ayah": 127,
    "time": 1052335
  },
  {
    "ayah": 128,
    "time": 1063009
  },
  {
    "ayah": 129,
    "time": 1070772
  },
  {
    "ayah": 130,
    "time": 1077227
  },
  {
    "ayah": 131,
    "time": 1083164
  },
  {
    "ayah": 132,
    "time": 1087344
  },
  {
    "ayah": 133,
    "time": 1095099
  },
  {
    "ayah": 134,
    "time": 1101701
  },
  {
    "ayah": 135,
    "time": 1106855
  },
  {
    "ayah": 136,
    "time": 1115307
  },
  {
    "ayah": 137,
    "time": 1127010
  },
  {
    "ayah": 138,
    "time": 1133465
  },
  {
    "ayah": 139,
    "time": 1137877
  },
  {
    "ayah": 140,
    "time": 1150602
  },
  {
    "ayah": 141,
    "time": 1158357
  },
  {
    "ayah": 142,
    "time": 1163141
  },
  {
    "ayah": 143,
    "time": 1170371
  },
  {
    "ayah": 144,
    "time": 1176469
  },
  {
    "ayah": 145,
    "time": 1181020
  },
  {
    "ayah": 146,
    "time": 1191794
  },
  {
    "ayah": 147,
    "time": 1199024
  },
  {
    "ayah": 148,
    "time": 1204604
  },
  {
    "ayah": 149,
    "time": 1211717
  },
  {
    "ayah": 150,
    "time": 1219240
  },
  {
    "ayah": 151,
    "time": 1224023
  },
  {
    "ayah": 152,
    "time": 1230100
  },
  {
    "ayah": 153,
    "time": 1237026
  },
  {
    "ayah": 154,
    "time": 1246129
  },
  {
    "ayah": 155,
    "time": 1259689
  },
  {
    "ayah": 156,
    "time": 1269256
  },
  {
    "ayah": 157,
    "time": 1279658
  },
  {
    "ayah": 158,
    "time": 1285224
  },
  {
    "ayah": 159,
    "time": 1299302
  },
  {
    "ayah": 160,
    "time": 1307522
  },
  {
    "ayah": 161,
    "time": 1313227
  },
  {
    "ayah": 162,
    "time": 1320154
  },
  {
    "ayah": 163,
    "time": 1325912
  },
  {
    "ayah": 164,
    "time": 1330556
  },
  {
    "ayah": 165,
    "time": 1342292
  },
  {
    "ayah": 166,
    "time": 1348343
  },
  {
    "ayah": 167,
    "time": 1360278
  },
  {
    "ayah": 168,
    "time": 1369938
  },
  {
    "ayah": 169,
    "time": 1376996
  },
  {
    "ayah": 170,
    "time": 1384148
  },
  {
    "ayah": 171,
    "time": 1390875
  },
  {
    "ayah": 172,
    "time": 1396780
  },
  {
    "ayah": 173,
    "time": 1402678
  },
  {
    "ayah": 174,
    "time": 1413173
  },
  {
    "ayah": 175,
    "time": 1422740
  },
  {
    "ayah": 176,
    "time": 1431006
  },
  {
    "ayah": 177,
    "time": 1436525
  },
  {
    "ayah": 178,
    "time": 1442709
  },
  {
    "ayah": 179,
    "time": 1448367
  },
  {
    "ayah": 180,
    "time": 1453390
  },
  {
    "ayah": 181,
    "time": 1464303
  },
  {
    "ayah": 182,
    "time": 1471223
  },
  {
    "ayah": 183,
    "time": 1476889
  },
  {
    "ayah": 184,
    "time": 1487848
  },
  {
    "ayah": 185,
    "time": 1495000
  },
  {
    "ayah": 186,
    "time": 1505071
  },
  {
    "ayah": 187,
    "time": 1517663
  },
  {
    "ayah": 188,
    "time": 1529444
  },
  {
    "ayah": 189,
    "time": 1536843
  },
  {
    "ayah": 190,
    "time": 1548778
  },
  {
    "ayah": 191,
    "time": 1559134
  },
  {
    "ayah": 192,
    "time": 1566657
  },
  {
    "ayah": 193,
    "time": 1574134
  },
  {
    "ayah": 194,
    "time": 1579103
  },
  {
    "ayah": 195,
    "time": 1585651
  },
  {
    "ayah": 196,
    "time": 1591595
  },
  {
    "ayah": 197,
    "time": 1597447
  },
  {
    "ayah": 198,
    "time": 1610110
  },
  {
    "ayah": 199,
    "time": 1616487
  },
  {
    "ayah": 200,
    "time": 1623817
  },
  {
    "ayah": 201,
    "time": 1629994
  },
  {
    "ayah": 202,
    "time": 1637664
  },
  {
    "ayah": 203,
    "time": 1644994
  },
  {
    "ayah": 204,
    "time": 1650945
  },
  {
    "ayah": 205,
    "time": 1655682
  },
  {
    "ayah": 206,
    "time": 1661752
  },
  {
    "ayah": 207,
    "time": 1669832
  },
  {
    "ayah": 208,
    "time": 1678438
  },
  {
    "ayah": 209,
    "time": 1688283
  },
  {
    "ayah": 210,
    "time": 1694042
  },
  {
    "ayah": 211,
    "time": 1699150
  },
  {
    "ayah": 212,
    "time": 1705744
  },
  {
    "ayah": 213,
    "time": 1711642
  },
  {
    "ayah": 214,
    "time": 1720373
  },
  {
    "ayah": 215,
    "time": 1726721
  },
  {
    "ayah": 216,
    "time": 1733694
  },
  {
    "ayah": 217,
    "time": 1743872
  },
  {
    "ayah": 218,
    "time": 1749677
  },
  {
    "ayah": 219,
    "time": 1754506
  },
  {
    "ayah": 220,
    "time": 1759011
  },
  {
    "ayah": 221,
    "time": 1764445
  },
  {
    "ayah": 222,
    "time": 1772339
  },
  {
    "ayah": 223,
    "time": 1778191
  },
  {
    "ayah": 224,
    "time": 1784460
  },
  {
    "ayah": 225,
    "time": 1792308
  },
  {
    "ayah": 226,
    "time": 1800157
  },
  {
    "ayah": 227,
    "time": 1806876
  }
]