[
  {
    "ayah": 1,
    "time": 4538
  },
  {
    "ayah": 2,
    "time": 18010
  },
  {
    "ayah": 3,
    "time": 34441
  },
  {
    "ayah": 4,
    "time": 74147
  },
  {
    "ayah": 5,
    "time": 104437
  },
  {
    "ayah": 6,
    "time": 135375
  },
  {
    "ayah": 7,
    "time": 156506
  },
  {
    "ayah": 8,
    "time": 192819
  },
  {
    "ayah": 9,
    "time": 215351
  },
  {
    "ayah": 10,
    "time": 232938
  },
  {
    "ayah": 11,
    "time": 246248
  },
  {
    "ayah": 12,
    "time": 264531
  },
  {
    "ayah": 13,
    "time": 300837
  },
  {
    "ayah": 14,
    "time": 329490
  },
  {
    "ayah": 15,
    "time": 344530
  },
  {
    "ayah": 16,
    "time": 359855
  },
  {
    "ayah": 17,
    "time": 394011
  },
  {
    "ayah": 18,
    "time": 418220
  },
  {
    "ayah": 19,
    "time": 453211
  },
  {
    "ayah": 20,
    "time": 482104
  },
  {
    "ayah": 21,
    "time": 504942
  },
  {
    "ayah": 22,
    "time": 521421
  },
  {
    "ayah": 23,
    "time": 534531
  },
  {
    "ayah": 24,
    "time": 564384
  },
  {
    "ayah": 25,
    "time": 613482
  },
  {
    "ayah": 26,
    "time": 639376
  },
  {
    "ayah": 27,
    "time": 662758
  },
  {
    "ayah": 28,
    "time": 678487
  },
  {
    "ayah": 29,
    "time": 715485
  },
  {
    "ayah": 30,
    "time": 748027
  },
  {
    "ayah": 31,
    "time": 779424
  },
  {
    "ayah": 32,
    "time": 812363
  },
  {
    "ayah": 33,
    "time": 830996
  },
  {
    "ayah": 34,
    "time": 846617
  },
  {
    "ayah": 35,
    "time": 885174
  },
  {
    "ayah": 36,
    "time": 907813
  },
  {
    "ayah": 37,
    "time": 960251
  },
  {
    "ayah": 38,
    "time": 1005831
  },
  {
    "ayah": 39,
    "time": 1037582
  },
  {
    "ayah": 40,
    "time": 1059565
  },
  {
    "ayah": 41,
    "time": 1111344
  },
  {
    "ayah": 42,
    "time": 1133390
  },
  {
    "ayah": 43,
    "time": 1164125
  },
  {
    "ayah": 44,
    "time": 1178544
  },
  {
    "ayah": 45,
    "time": 1198173
  },
  {
    "ayah": 46,
    "time": 1215166
  },
  {
    "ayah": 47,
    "time": 1232639
  },
  {
    "ayah": 48,
    "time": 1255970
  },
  {
    "ayah": 49,
    "time": 1272140
  },
  {
    "ayah": 50,
    "time": 1292819
  },
  {
    "ayah": 51,
    "time": 1314310
  },
  {
    "ayah": 52,
    "time": 1330589
  },
  {
    "ayah": 53,
    "time": 1362988
  },
  {
    "ayah": 54,
    "time": 1378454
  },
  {
    "ayah": 55,
    "time": 1411000
  },
  {
    "ayah": 56,
    "time": 1434533
  },
  {
    "ayah": 57,
    "time": 1450255
  },
  {
    "ayah": 58,
    "time": 1461219
  },
  {
    "ayah": 59,
    "time": 1477139
  },
  {
    "ayah": 60,
    "time": 1511636
  },
  {
    "ayah": 61,
    "time": 1545134
  },
  {
    "ayah": 62,
    "time": 1575077
  },
  {
    "ayah": 63,
    "time": 1591225
  },
  {
    "ayah": 64,
    "time": 1612456
  },
  {
    "ayah": 65,
    "time": 1635388
  },
  {
    "ayah": 66,
    "time": 1656262
  },
  {
    "ayah": 67,
    "time": 1681514
  },
  {
    "ayah": 68,
    "time": 1710103
  },
  {
    "ayah": 69,
    "time": 1731836
  },
  {
    "ayah": 70,
    "time": 1783467
  },
  {
    "ayah": 71,
    "time": 1818813
  },
  {
    "ayah": 72,
    "time": 1854964
  },
  {
    "ayah": 73,
    "time": 1885104
  },
  {
    "ayah": 74,
    "time": 1902530
  },
  {
    "ayah": 75,
    "time": 1954751
  },
  {
    "ayah": 76,
    "time": 1970585
  },
  {
    "ayah": 77,
    "time": 1983964
  },
  {
    "ayah": 78,
    "time": 2000780
  },
  {
    "ayah": 79,
    "time": 2015505
  },
  {
    "ayah": 80,
    "time": 2036328
  },
  {
    "ayah": 81,
    "time": 2064468
  },
  {
    "ayah": 82,
    "time": 2096414
  },
  {
    "ayah": 83,
    "time": 2109429
  },
  {
    "ayah": 84,
    "time": 2140434
  },
  {
    "ayah": 85,
    "time": 2161913
  },
  {
    "ayah": 86,
    "time": 2182290
  },
  {
    "ayah": 87,
    "time": 2201716
  },
  {
    "ayah": 88,
    "time": 2212685
  },
  {
    "ayah": 89,
    "time": 2233687
  },
  {
    "ayah": 90,
    "time": 2250050
  },
  {
    "ayah": 91,
    "time": 2270531
  },
  {
    "ayah": 92,
    "time": 2297478
  },
  {
    "ayah": 93,
    "time": 2321562
  },
  {
    "ayah": 94,
    "time": 2342939
  },
  {
    "ayah": 95,
    "time": 2384599
  },
  {
    "ayah": 96,
    "time": 2411694
  },
  {
    "ayah": 97,
    "time": 2427665
  },
  {
    "ayah": 98,
    "time": 2447339
  },
  {
    "ayah": 99,
    "time": 2469871
  },
  {
    "ayah": 100,
    "time": 2502947
  },
  {
    "ayah": 101,
    "time": 2541461
  },
  {
    "ayah": 102,
    "time": 2568848
  },
  {
    "ayah": 103,
    "time": 2589585
  },
  {
    "ayah": 104,
    "time": 2608911
  },
  {
    "ayah": 105,
    "time": 2626483
  },
  {
    "ayah": 106,
    "time": 2653521
  },
  {
    "ayah": 107,
    "time": 2669197
  },
  {
    "ayah": 108,
    "time": 2701037
  },
  {
    "ayah": 109,
    "time": 2727679
  },
  {
    "ayah": 110,
    "time": 2754369
  },
  {
    "ayah": 111,
    "time": 2773146
  },
  {
    "ayah": 112,
    "time": 2821776
  },
  {
    "ayah": 113,
    "time": 2849965
  },
  {
    "ayah": 114,
    "time": 2874704
  },
  {
    "ayah": 115,
    "time": 2904143
  },
  {
    "ayah": 116,
    "time": 2924633
  },
  {
    "ayah": 117,
    "time": 2943779
  },
  {
    "ayah": 118,
    "time": 2973020
  },
  {
    "ayah": 119,
    "time": 3008142
  },
  {
    "ayah": 120,
    "time": 3018399
  },
  {
    "ayah": 121,
    "time": 3079789
  },
  {
    "ayah": 122,
    "time": 3100983
  },
  {
    "ayah": 123,
    "time": 3132727
  },
  {
    "ayah": 124,
    "time": 3155114
  },
  {
    "ayah": 125,
    "time": 3183203
  },
  {
    "ayah": 126,
    "time": 3197523
  },
  {
    "ayah": 127,
    "time": 3215008
  },
  {
    "ayah": 128,
    "time": 3242096
  },
  {
    "ayah": 129,
    "time": 3260871
  },
  {
    "ayah": 999,
    "time": 3276454
  }
]