[
  {
    "ayah": 1,
    "time": 6037
  },
  {
    "ayah": 2,
    "time": 16439
  },
  {
    "ayah": 3,
    "time": 43474
  },
  {
    "ayah": 4,
    "time": 76725
  },
  {
    "ayah": 5,
    "time": 98645
  },
  {
    "ayah": 6,
    "time": 110434
  },
  {
    "ayah": 7,
    "time": 122980
  },
  {
    "ayah": 8,
    "time": 145224
  },
  {
    "ayah": 9,
    "time": 165333
  },
  {
    "ayah": 10,
    "time": 176896
  },
  {
    "ayah": 11,
    "time": 199838
  },
  {
    "ayah": 12,
    "time": 209126
  },
  {
    "ayah": 13,
    "time": 221107
  },
  {
    "ayah": 14,
    "time": 232903
  },
  {
    "ayah": 15,
    "time": 242469
  },
  {
    "ayah": 16,
    "time": 258763
  },
  {
    "ayah": 17,
    "time": 271812
  },
  {
    "ayah": 18,
    "time": 300194
  },
  {
    "ayah": 19,
    "time": 327640
  },
  {
    "ayah": 20,
    "time": 346448
  },
  {
    "ayah": 21,
    "time": 374034
  },
  {
    "ayah": 22,
    "time": 397718
  },
  {
    "ayah": 23,
    "time": 410396
  },
  {
    "ayah": 24,
    "time": 422981
  },
  {
    "ayah": 25,
    "time": 432316
  },
  {
    "ayah": 26,
    "time": 444576
  },
  {
    "ayah": 27,
    "time": 455954
  },
  {
    "ayah": 28,
    "time": 466078
  },
  {
    "ayah": 29,
    "time": 472804
  },
  {
    "ayah": 30,
    "time": 485629
  },
  {
    "ayah": 31,
    "time": 495328
  },
  {
    "ayah": 32,
    "time": 510149
  },
  {
    "ayah": 33,
    "time": 526303
  },
  {
    "ayah": 34,
    "time": 534762
  },
  {
    "ayah": 35,
    "time": 552349
  },
  {
    "ayah": 36,
    "time": 563230
  },
  {
    "ayah": 37,
    "time": 575490
  },
  {
    "ayah": 38,
    "time": 592301
  },
  {
    "ayah": 39,
    "time": 601961
  },
  {
    "ayah": 40,
    "time": 613013
  },
  {
    "ayah": 41,
    "time": 629825
  },
  {
    "ayah": 42,
    "time": 640552
  },
  {
    "ayah": 43,
    "time": 658664
  },
  {
    "ayah": 44,
    "time": 667580
  },
  {
    "ayah": 45,
    "time": 683323
  },
  {
    "ayah": 46,
    "time": 698184
  },
  {
    "ayah": 47,
    "time": 704546
  },
  {
    "ayah": 48,
    "time": 716203
  },
  {
    "ayah": 49,
    "time": 734129
  },
  {
    "ayah": 50,
    "time": 748014
  },
  {
    "ayah": 51,
    "time": 759664
  },
  {
    "ayah": 52,
    "time": 766637
  },
  {
    "ayah": 53,
    "time": 774949
  },
  {
    "ayah": 54,
    "time": 794640
  },
  {
    "ayah": 55,
    "time": 807032
  },
  {
    "ayah": 56,
    "time": 820553
  },
  {
    "ayah": 57,
    "time": 828209
  },
  {
    "ayah": 58,
    "time": 842380
  },
  {
    "ayah": 59,
    "time": 854455
  },
  {
    "ayah": 60,
    "time": 870848
  },
  {
    "ayah": 61,
    "time": 887891
  },
  {
    "ayah": 62,
    "time": 900569
  },
  {
    "ayah": 63,
    "time": 912272
  },
  {
    "ayah": 64,
    "time": 925368
  },
  {
    "ayah": 65,
    "time": 932752
  },
  {
    "ayah": 66,
    "time": 945988
  },
  {
    "ayah": 67,
    "time": 953597
  },
  {
    "ayah": 68,
    "time": 965492
  },
  {
    "ayah": 69,
    "time": 987180
  },
  {
    "ayah": 70,
    "time": 995214
  },
  {
    "ayah": 71,
    "time": 1019734
  },
  {
    "ayah": 72,
    "time": 1029904
  },
  {
    "ayah": 73,
    "time": 1039239
  },
  {
    "ayah": 74,
    "time": 1051220
  },
  {
    "ayah": 75,
    "time": 1067242
  },
  {
    "ayah": 76,
    "time": 1080092
  },
  {
    "ayah": 77,
    "time": 1087444
  }
]