[
  {
    "ayah": 1,
    "time": 3521
  },
  {
    "ayah": 2,
    "time": 5514
  },
  {
    "ayah": 3,
    "time": 8372
  },
  {
    "ayah": 4,
    "time": 11954
  },
  {
    "ayah": 5,
    "time": 15918
  },
  {
    "ayah": 6,
    "time": 18242
  },
  {
    "ayah": 7,
    "time": 20790
  },
  {
    "ayah": 8,
    "time": 23999
  },
  {
    "ayah": 9,
    "time": 28320
  },
  {
    "ayah": 10,
    "time": 29499
  },
  {
    "ayah": 11,
    "time": 32079
  },
  {
    "ayah": 12,
    "time": 35055
  },
  {
    "ayah": 13,
    "time": 38206
  },
  {
    "ayah": 14,
    "time": 41172
  },
  {
    "ayah": 15,
    "time": 44022
  },
  {
    "ayah": 16,
    "time": 45927
  },
  {
    "ayah": 17,
    "time": 48354
  },
  {
    "ayah": 18,
    "time": 51783
  },
  {
    "ayah": 19,
    "time": 54533
  },
  {
    "ayah": 20,
    "time": 58407
  },
  {
    "ayah": 21,
    "time": 61220
  },
  {
    "ayah": 22,
    "time": 64727
  },
  {
    "ayah": 23,
    "time": 69037
  },
  {
    "ayah": 24,
    "time": 72722
  },
  {
    "ayah": 25,
    "time": 76975
  },
  {
    "ayah": 26,
    "time": 81286
  },
  {
    "ayah": 27,
    "time": 85036
  },
  {
    "ayah": 28,
    "time": 88126
  },
  {
    "ayah": 29,
    "time": 90389
  },
  {
    "ayah": 30,
    "time": 93182
  },
  {
    "ayah": 31,
    "time": 95963
  },
  {
    "ayah": 32,
    "time": 98681
  },
  {
    "ayah": 33,
    "time": 102096
  },
  {
    "ayah": 34,
    "time": 109031
  },
  {
    "ayah": 35,
    "time": 113096
  },
  {
    "ayah": 36,
    "time": 115783
  },
  {
    "ayah": 37,
    "time": 118783
  },
  {
    "ayah": 38,
    "time": 125035
  },
  {
    "ayah": 39,
    "time": 128846
  },
  {
    "ayah": 40,
    "time": 131910
  },
  {
    "ayah": 41,
    "time": 137972
  },
  {
    "ayah": 42,
    "time": 141349
  },
  {
    "ayah": 999,
    "time": 147923
  }
]