[
  {
    "ayah": 1,
    "time": 14217
  },
  {
    "ayah": 2,
    "time": 44821
  },
  {
    "ayah": 3,
    "time": 127438
  },
  {
    "ayah": 4,
    "time": 201927
  },
  {
    "ayah": 5,
    "time": 243763
  },
  {
    "ayah": 6,
    "time": 307346
  },
  {
    "ayah": 7,
    "time": 421913
  },
  {
    "ayah": 8,
    "time": 444855
  },
  {
    "ayah": 9,
    "time": 480520
  },
  {
    "ayah": 10,
    "time": 493152
  },
  {
    "ayah": 11,
    "time": 505877
  },
  {
    "ayah": 12,
    "time": 539313
  },
  {
    "ayah": 13,
    "time": 615661
  },
  {
    "ayah": 14,
    "time": 654345
  },
  {
    "ayah": 15,
    "time": 688989
  },
  {
    "ayah": 16,
    "time": 740616
  },
  {
    "ayah": 17,
    "time": 763525
  },
  {
    "ayah": 18,
    "time": 806018
  },
  {
    "ayah": 19,
    "time": 849067
  },
  {
    "ayah": 20,
    "time": 890399
  },
  {
    "ayah": 21,
    "time": 922675
  },
  {
    "ayah": 22,
    "time": 941715
  },
  {
    "ayah": 23,
    "time": 968093
  },
  {
    "ayah": 24,
    "time": 995585
  },
  {
    "ayah": 25,
    "time": 1018666
  },
  {
    "ayah": 26,
    "time": 1033991
  },
  {
    "ayah": 27,
    "time": 1047437
  },
  {
    "ayah": 28,
    "time": 1074022
  },
  {
    "ayah": 29,
    "time": 1093899
  },
  {
    "ayah": 30,
    "time": 1115029
  },
  {
    "ayah": 31,
    "time": 1125292
  },
  {
    "ayah": 32,
    "time": 1152910
  },
  {
    "ayah": 33,
    "time": 1203636
  },
  {
    "ayah": 34,
    "time": 1243707
  },
  {
    "ayah": 35,
    "time": 1261454
  },
  {
    "ayah": 36,
    "time": 1280262
  },
  {
    "ayah": 37,
    "time": 1304782
  },
  {
    "ayah": 38,
    "time": 1319643
  },
  {
    "ayah": 39,
    "time": 1339241
  },
  {
    "ayah": 40,
    "time": 1356284
  },
  {
    "ayah": 41,
    "time": 1382594
  },
  {
    "ayah": 42,
    "time": 1457709
  },
  {
    "ayah": 43,
    "time": 1489335
  },
  {
    "ayah": 44,
    "time": 1509336
  },
  {
    "ayah": 45,
    "time": 1566982
  },
  {
    "ayah": 46,
    "time": 1608492
  },
  {
    "ayah": 47,
    "time": 1642772
  },
  {
    "ayah": 48,
    "time": 1665853
  },
  {
    "ayah": 49,
    "time": 1736806
  },
  {
    "ayah": 50,
    "time": 1784321
  },
  {
    "ayah": 51,
    "time": 1799460
  },
  {
    "ayah": 52,
    "time": 1831690
  },
  {
    "ayah": 53,
    "time": 1869956
  },
  {
    "ayah": 54,
    "time": 1893315
  },
  {
    "ayah": 55,
    "time": 1954887
  },
  {
    "ayah": 56,
    "time": 1971367
  },
  {
    "ayah": 57,
    "time": 1984702
  },
  {
    "ayah": 58,
    "time": 2020461
  },
  {
    "ayah": 59,
    "time": 2035979
  },
  {
    "ayah": 60,
    "time": 2069508
  },
  {
    "ayah": 61,
    "time": 2105778
  },
  {
    "ayah": 62,
    "time": 2123889
  },
  {
    "ayah": 63,
    "time": 2138411
  },
  {
    "ayah": 64,
    "time": 2153797
  },
  {
    "ayah": 65,
    "time": 2212775
  },
  {
    "ayah": 66,
    "time": 2233673
  },
  {
    "ayah": 67,
    "time": 2266739
  },
  {
    "ayah": 68,
    "time": 2292884
  },
  {
    "ayah": 69,
    "time": 2333380
  },
  {
    "ayah": 70,
    "time": 2357196
  },
  {
    "ayah": 71,
    "time": 2386043
  },
  {
    "ayah": 72,
    "time": 2413396
  },
  {
    "ayah": 73,
    "time": 2457421
  },
  {
    "ayah": 74,
    "time": 2485881
  },
  {
    "ayah": 75,
    "time": 2496941
  },
  {
    "ayah": 76,
    "time": 2529356
  },
  {
    "ayah": 77,
    "time": 2544489
  },
  {
    "ayah": 78,
    "time": 2572306
  },
  {
    "ayah": 79,
    "time": 2591579
  },
  {
    "ayah": 80,
    "time": 2605146
  },
  {
    "ayah": 81,
    "time": 2625301
  },
  {
    "ayah": 82,
    "time": 2649946
  },
  {
    "ayah": 83,
    "time": 2687802
  },
  {
    "ayah": 84,
    "time": 2713483
  },
  {
    "ayah": 85,
    "time": 2733878
  },
  {
    "ayah": 86,
    "time": 2752454
  },
  {
    "ayah": 87,
    "time": 2765178
  },
  {
    "ayah": 88,
    "time": 2784026
  },
  {
    "ayah": 89,
    "time": 2799776
  },
  {
    "ayah": 90,
    "time": 2853128
  },
  {
    "ayah": 91,
    "time": 2880628
  },
  {
    "ayah": 92,
    "time": 2908067
  },
  {
    "ayah": 93,
    "time": 2925382
  },
  {
    "ayah": 94,
    "time": 2951806
  },
  {
    "ayah": 95,
    "time": 2985907
  },
  {
    "ayah": 96,
    "time": 3043864
  },
  {
    "ayah": 97,
    "time": 3065830
  },
  {
    "ayah": 98,
    "time": 3096473
  },
  {
    "ayah": 99,
    "time": 3108601
  },
  {
    "ayah": 100,
    "time": 3121233
  },
  {
    "ayah": 101,
    "time": 3139980
  },
  {
    "ayah": 102,
    "time": 3166651
  },
  {
    "ayah": 103,
    "time": 3177286
  },
  {
    "ayah": 104,
    "time": 3201853
  },
  {
    "ayah": 105,
    "time": 3229106
  },
  {
    "ayah": 106,
    "time": 3254841
  },
  {
    "ayah": 107,
    "time": 3323804
  },
  {
    "ayah": 108,
    "time": 3371312
  },
  {
    "ayah": 109,
    "time": 3401219
  },
  {
    "ayah": 110,
    "time": 3419145
  },
  {
    "ayah": 111,
    "time": 3494656
  },
  {
    "ayah": 112,
    "time": 3515322
  },
  {
    "ayah": 113,
    "time": 3541235
  },
  {
    "ayah": 114,
    "time": 3562412
  },
  {
    "ayah": 115,
    "time": 3596870
  },
  {
    "ayah": 116,
    "time": 3627567
  },
  {
    "ayah": 117,
    "time": 3673071
  },
  {
    "ayah": 118,
    "time": 3707258
  },
  {
    "ayah": 119,
    "time": 3722948
  },
  {
    "ayah": 120,
    "time": 3752344
  }
]