[
  {
    "ayah": 1,
    "time": 4544
  },
  {
    "ayah": 2,
    "time": 12504
  },
  {
    "ayah": 3,
    "time": 18411
  },
  {
    "ayah": 4,
    "time": 30428
  },
  {
    "ayah": 5,
    "time": 60771
  },
  {
    "ayah": 6,
    "time": 79209
  },
  {
    "ayah": 7,
    "time": 96081
  },
  {
    "ayah": 8,
    "time": 131929
  },
  {
    "ayah": 9,
    "time": 155118
  },
  {
    "ayah": 10,
    "time": 181204
  },
  {
    "ayah": 11,
    "time": 204887
  },
  {
    "ayah": 12,
    "time": 218505
  },
  {
    "ayah": 13,
    "time": 252753
  },
  {
    "ayah": 14,
    "time": 278836
  },
  {
    "ayah": 15,
    "time": 298215
  },
  {
    "ayah": 16,
    "time": 359546
  },
  {
    "ayah": 17,
    "time": 376800
  },
  {
    "ayah": 18,
    "time": 389079
  },
  {
    "ayah": 19,
    "time": 414694
  },
  {
    "ayah": 20,
    "time": 458821
  },
  {
    "ayah": 21,
    "time": 499717
  },
  {
    "ayah": 22,
    "time": 515088
  },
  {
    "ayah": 23,
    "time": 534115
  },
  {
    "ayah": 24,
    "time": 574120
  },
  {
    "ayah": 25,
    "time": 595349
  },
  {
    "ayah": 26,
    "time": 635592
  },
  {
    "ayah": 27,
    "time": 652558
  },
  {
    "ayah": 28,
    "time": 696838
  },
  {
    "ayah": 29,
    "time": 717227
  },
  {
    "ayah": 30,
    "time": 763469
  },
  {
    "ayah": 31,
    "time": 790403
  },
  {
    "ayah": 32,
    "time": 822459
  },
  {
    "ayah": 33,
    "time": 856114
  },
  {
    "ayah": 34,
    "time": 868895
  },
  {
    "ayah": 35,
    "time": 891613
  },
  {
    "ayah": 36,
    "time": 916798
  },
  {
    "ayah": 37,
    "time": 954067
  },
  {
    "ayah": 38,
    "time": 981156
  },
  {
    "ayah": 39,
    "time": 1022151
  },
  {
    "ayah": 40,
    "time": 1039646
  },
  {
    "ayah": 41,
    "time": 1056989
  },
  {
    "ayah": 42,
    "time": 1072995
  },
  {
    "ayah": 43,
    "time": 1087372
  },
  {
    "ayah": 44,
    "time": 1116822
  },
  {
    "ayah": 45,
    "time": 1134248
  },
  {
    "ayah": 46,
    "time": 1166441
  },
  {
    "ayah": 47,
    "time": 1200387
  },
  {
    "ayah": 48,
    "time": 1234085
  },
  {
    "ayah": 49,
    "time": 1275786
  },
  {
    "ayah": 50,
    "time": 1294211
  },
  {
    "ayah": 51,
    "time": 1326209
  },
  {
    "ayah": 52,
    "time": 1335819
  },
  {
    "ayah": 53,
    "time": 1348285
  },
  {
    "ayah": 54,
    "time": 1379128
  },
  {
    "ayah": 55,
    "time": 1408367
  },
  {
    "ayah": 56,
    "time": 1430618
  },
  {
    "ayah": 57,
    "time": 1450202
  },
  {
    "ayah": 58,
    "time": 1485852
  },
  {
    "ayah": 59,
    "time": 1512638
  },
  {
    "ayah": 60,
    "time": 1542129
  },
  {
    "ayah": 61,
    "time": 1567565
  },
  {
    "ayah": 62,
    "time": 1601160
  },
  {
    "ayah": 63,
    "time": 1615080
  },
  {
    "ayah": 64,
    "time": 1646975
  },
  {
    "ayah": 65,
    "time": 1667600
  },
  {
    "ayah": 66,
    "time": 1678566
  },
  {
    "ayah": 67,
    "time": 1692083
  },
  {
    "ayah": 68,
    "time": 1708157
  },
  {
    "ayah": 69,
    "time": 1730034
  },
  {
    "ayah": 70,
    "time": 1740149
  },
  {
    "ayah": 71,
    "time": 1759674
  },
  {
    "ayah": 72,
    "time": 1785512
  },
  {
    "ayah": 73,
    "time": 1814400
  },
  {
    "ayah": 74,
    "time": 1833325
  },
  {
    "ayah": 75,
    "time": 1847298
  },
  {
    "ayah": 76,
    "time": 1879590
  },
  {
    "ayah": 77,
    "time": 1917893
  },
  {
    "ayah": 78,
    "time": 1953640
  },
  {
    "ayah": 79,
    "time": 1991493
  },
  {
    "ayah": 80,
    "time": 2017578
  },
  {
    "ayah": 81,
    "time": 2040159
  },
  {
    "ayah": 82,
    "time": 2062037
  },
  {
    "ayah": 83,
    "time": 2103695
  },
  {
    "ayah": 84,
    "time": 2124825
  },
  {
    "ayah": 85,
    "time": 2150560
  },
  {
    "ayah": 86,
    "time": 2178102
  },
  {
    "ayah": 87,
    "time": 2200977
  },
  {
    "ayah": 88,
    "time": 2224069
  },
  {
    "ayah": 999,
    "time": 2249053
  }
]