[
  {
    "ayah": 1,
    "time": 3676
  },
  {
    "ayah": 2,
    "time": 11986
  },
  {
    "ayah": 3,
    "time": 21610
  },
  {
    "ayah": 4,
    "time": 28609
  },
  {
    "ayah": 5,
    "time": 35674
  },
  {
    "ayah": 6,
    "time": 42862
  },
  {
    "ayah": 7,
    "time": 49298
  },
  {
    "ayah": 8,
    "time": 57303
  },
  {
    "ayah": 9,
    "time": 64302
  },
  {
    "ayah": 10,
    "time": 74300
  },
  {
    "ayah": 11,
    "time": 80677
  },
  {
    "ayah": 12,
    "time": 87675
  },
  {
    "ayah": 13,
    "time": 93053
  },
  {
    "ayah": 14,
    "time": 101676
  },
  {
    "ayah": 15,
    "time": 108739
  },
  {
    "ayah": 16,
    "time": 117300
  },
  {
    "ayah": 17,
    "time": 122305
  },
  {
    "ayah": 18,
    "time": 128302
  },
  {
    "ayah": 19,
    "time": 132741
  },
  {
    "ayah": 20,
    "time": 141990
  },
  {
    "ayah": 21,
    "time": 148364
  },
  {
    "ayah": 22,
    "time": 162179
  },
  {
    "ayah": 23,
    "time": 173240
  },
  {
    "ayah": 24,
    "time": 179367
  },
  {
    "ayah": 25,
    "time": 185616
  },
  {
    "ayah": 26,
    "time": 190057
  },
  {
    "ayah": 27,
    "time": 195993
  },
  {
    "ayah": 28,
    "time": 206866
  },
  {
    "ayah": 29,
    "time": 215928
  },
  {
    "ayah": 30,
    "time": 225056
  },
  {
    "ayah": 31,
    "time": 237458
  },
  {
    "ayah": 999,
    "time": 249680
  }
]