[
  {
    "ayah": 1,
    "time": 6433
  },
  {
    "ayah": 2,
    "time": 9923
  },
  {
    "ayah": 3,
    "time": 14607
  },
  {
    "ayah": 4,
    "time": 19862
  },
  {
    "ayah": 5,
    "time": 24273
  },
  {
    "ayah": 6,
    "time": 29342
  },
  {
    "ayah": 7,
    "time": 32393
  },
  {
    "ayah": 8,
    "time": 36355
  },
  {
    "ayah": 9,
    "time": 41603
  },
  {
    "ayah": 10,
    "time": 44514
  },
  {
    "ayah": 11,
    "time": 48383
  },
  {
    "ayah": 12,
    "time": 55713
  },
  {
    "ayah": 13,
    "time": 59661
  },
  {
    "ayah": 14,
    "time": 65705
  },
  {
    "ayah": 15,
    "time": 71735
  },
  {
    "ayah": 16,
    "time": 77686
  },
  {
    "ayah": 17,
    "time": 81852
  },
  {
    "ayah": 18,
    "time": 86781
  },
  {
    "ayah": 19,
    "time": 91936
  },
  {
    "ayah": 20,
    "time": 100235
  },
  {
    "ayah": 21,
    "time": 107083
  }
]