[
  {
    "ayah": 1,
    "time": 7894
  },
  {
    "ayah": 2,
    "time": 10205
  },
  {
    "ayah": 3,
    "time": 18810
  },
  {
    "ayah": 4,
    "time": 24166
  },
  {
    "ayah": 5,
    "time": 34380
  },
  {
    "ayah": 6,
    "time": 39637
  },
  {
    "ayah": 7,
    "time": 51057
  },
  {
    "ayah": 8,
    "time": 61164
  },
  {
    "ayah": 9,
    "time": 71084
  },
  {
    "ayah": 10,
    "time": 75887
  },
  {
    "ayah": 11,
    "time": 107027
  },
  {
    "ayah": 12,
    "time": 115390
  },
  {
    "ayah": 13,
    "time": 128256
  },
  {
    "ayah": 14,
    "time": 134517
  },
  {
    "ayah": 15,
    "time": 149654
  },
  {
    "ayah": 16,
    "time": 162920
  },
  {
    "ayah": 17,
    "time": 175037
  },
  {
    "ayah": 18,
    "time": 180693
  },
  {
    "ayah": 19,
    "time": 194714
  },
  {
    "ayah": 20,
    "time": 199171
  },
  {
    "ayah": 21,
    "time": 206632
  },
  {
    "ayah": 22,
    "time": 215693
  },
  {
    "ayah": 23,
    "time": 229512
  },
  {
    "ayah": 24,
    "time": 235068
  },
  {
    "ayah": 25,
    "time": 242028
  },
  {
    "ayah": 26,
    "time": 246735
  },
  {
    "ayah": 27,
    "time": 251641
  },
  {
    "ayah": 28,
    "time": 256949
  },
  {
    "ayah": 29,
    "time": 260253
  },
  {
    "ayah": 30,
    "time": 266162
  },
  {
    "ayah": 31,
    "time": 269015
  },
  {
    "ayah": 32,
    "time": 273522
  },
  {
    "ayah": 33,
    "time": 278428
  },
  {
    "ayah": 34,
    "time": 282489
  },
  {
    "ayah": 35,
    "time": 286539
  },
  {
    "ayah": 36,
    "time": 292748
  },
  {
    "ayah": 37,
    "time": 298906
  },
  {
    "ayah": 38,
    "time": 306414
  },
  {
    "ayah": 39,
    "time": 314928
  },
  {
    "ayah": 40,
    "time": 344150
  },
  {
    "ayah": 41,
    "time": 390513
  },
  {
    "ayah": 42,
    "time": 394521
  },
  {
    "ayah": 43,
    "time": 404380
  },
  {
    "ayah": 44,
    "time": 411793
  },
  {
    "ayah": 45,
    "time": 422207
  },
  {
    "ayah": 46,
    "time": 436476
  },
  {
    "ayah": 47,
    "time": 446989
  },
  {
    "ayah": 48,
    "time": 476681
  },
  {
    "ayah": 49,
    "time": 490600
  },
  {
    "ayah": 50,
    "time": 496459
  },
  {
    "ayah": 51,
    "time": 507774
  },
  {
    "ayah": 52,
    "time": 513779
  },
  {
    "ayah": 53,
    "time": 526549
  },
  {
    "ayah": 54,
    "time": 554186
  },
  {
    "ayah": 55,
    "time": 566905
  },
  {
    "ayah": 56,
    "time": 579519
  },
  {
    "ayah": 57,
    "time": 588885
  },
  {
    "ayah": 58,
    "time": 599096
  },
  {
    "ayah": 59,
    "time": 627537
  },
  {
    "ayah": 60,
    "time": 637699
  },
  {
    "ayah": 61,
    "time": 646460
  },
  {
    "ayah": 62,
    "time": 665038
  },
  {
    "ayah": 63,
    "time": 675201
  },
  {
    "ayah": 64,
    "time": 695878
  },
  {
    "ayah": 65,
    "time": 708995
  },
  {
    "ayah": 66,
    "time": 726471
  },
  {
    "ayah": 67,
    "time": 742343
  },
  {
    "ayah": 68,
    "time": 749603
  },
  {
    "ayah": 69,
    "time": 757914
  },
  {
    "ayah": 70,
    "time": 777040
  },
  {
    "ayah": 71,
    "time": 791110
  },
  {
    "ayah": 72,
    "time": 833624
  },
  {
    "ayah": 73,
    "time": 858952
  },
  {
    "ayah": 74,
    "time": 881682
  },
  {
    "ayah": 75,
    "time": 898560
  },
  {
    "ayah": 76,
    "time": 913977
  },
  {
    "ayah": 77,
    "time": 932953
  },
  {
    "ayah": 78,
    "time": 954880
  },
  {
    "ayah": 79,
    "time": 967149
  },
  {
    "ayah": 80,
    "time": 973706
  },
  {
    "ayah": 81,
    "time": 997992
  },
  {
    "ayah": 82,
    "time": 1018777
  },
  {
    "ayah": 83,
    "time": 1032449
  },
  {
    "ayah": 84,
    "time": 1040711
  },
  {
    "ayah": 85,
    "time": 1052274
  },
  {
    "ayah": 86,
    "time": 1065243
  },
  {
    "ayah": 87,
    "time": 1100690
  },
  {
    "ayah": 88,
    "time": 1128580
  },
  {
    "ayah": 89,
    "time": 1146504
  },
  {
    "ayah": 90,
    "time": 1161625
  },
  {
    "ayah": 91,
    "time": 1194468
  },
  {
    "ayah": 92,
    "time": 1206033
  },
  {
    "ayah": 93,
    "time": 1214697
  },
  {
    "ayah": 94,
    "time": 1221119
  },
  {
    "ayah": 95,
    "time": 1245353
  },
  {
    "ayah": 96,
    "time": 1251110
  },
  {
    "ayah": 97,
    "time": 1270034
  },
  {
    "ayah": 98,
    "time": 1306886
  },
  {
    "ayah": 99,
    "time": 1323208
  },
  {
    "ayah": 100,
    "time": 1340381
  },
  {
    "ayah": 101,
    "time": 1350443
  },
  {
    "ayah": 102,
    "time": 1359658
  },
  {
    "ayah": 103,
    "time": 1371022
  },
  {
    "ayah": 104,
    "time": 1379685
  },
  {
    "ayah": 105,
    "time": 1393804
  },
  {
    "ayah": 106,
    "time": 1403768
  },
  {
    "ayah": 107,
    "time": 1409877
  },
  {
    "ayah": 108,
    "time": 1417787
  },
  {
    "ayah": 109,
    "time": 1436162
  },
  {
    "ayah": 110,
    "time": 1450481
  },
  {
    "ayah": 111,
    "time": 1462148
  },
  {
    "ayah": 112,
    "time": 1472461
  },
  {
    "ayah": 113,
    "time": 1486981
  },
  {
    "ayah": 114,
    "time": 1512467
  },
  {
    "ayah": 115,
    "time": 1534646
  },
  {
    "ayah": 116,
    "time": 1548014
  },
  {
    "ayah": 117,
    "time": 1562984
  },
  {
    "ayah": 118,
    "time": 1583413
  },
  {
    "ayah": 119,
    "time": 1592273
  },
  {
    "ayah": 120,
    "time": 1600486
  },
  {
    "ayah": 121,
    "time": 1617659
  },
  {
    "ayah": 122,
    "time": 1640590
  },
  {
    "ayah": 123,
    "time": 1648951
  },
  {
    "ayah": 124,
    "time": 1675439
  },
  {
    "ayah": 125,
    "time": 1693110
  },
  {
    "ayah": 126,
    "time": 1703927
  },
  {
    "ayah": 127,
    "time": 1716545
  },
  {
    "ayah": 128,
    "time": 1734469
  },
  {
    "ayah": 129,
    "time": 1756396
  },
  {
    "ayah": 130,
    "time": 1771717
  },
  {
    "ayah": 131,
    "time": 1799207
  },
  {
    "ayah": 132,
    "time": 1826244
  },
  {
    "ayah": 133,
    "time": 1844374
  },
  {
    "ayah": 134,
    "time": 1862844
  },
  {
    "ayah": 135,
    "time": 1896746
  },
  {
    "ayah": 999,
    "time": 1913565
  }
]