[
  {
    "ayah": 1,
    "time": 4272
  },
  {
    "ayah": 2,
    "time": 10024
  },
  {
    "ayah": 3,
    "time": 14229
  },
  {
    "ayah": 4,
    "time": 20935
  },
  {
    "ayah": 5,
    "time": 27498
  },
  {
    "ayah": 6,
    "time": 35555
  },
  {
    "ayah": 7,
    "time": 45518
  },
  {
    "ayah": 8,
    "time": 53583
  },
  {
    "ayah": 9,
    "time": 60898
  },
  {
    "ayah": 10,
    "time": 73514
  },
  {
    "ayah": 11,
    "time": 82629
  },
  {
    "ayah": 12,
    "time": 92385
  },
  {
    "ayah": 13,
    "time": 101702
  },
  {
    "ayah": 14,
    "time": 109956
  },
  {
    "ayah": 15,
    "time": 121826
  },
  {
    "ayah": 16,
    "time": 142151
  },
  {
    "ayah": 17,
    "time": 152417
  },
  {
    "ayah": 18,
    "time": 164535
  },
  {
    "ayah": 19,
    "time": 176300
  },
  {
    "ayah": 20,
    "time": 190271
  },
  {
    "ayah": 999,
    "time": 297064
  }
]