[
  {
    "ayah": 1,
    "time": 4123
  },
  {
    "ayah": 2,
    "time": 7670
  },
  {
    "ayah": 3,
    "time": 12678
  },
  {
    "ayah": 4,
    "time": 16387
  },
  {
    "ayah": 5,
    "time": 20344
  },
  {
    "ayah": 6,
    "time": 24046
  },
  {
    "ayah": 7,
    "time": 27902
  },
  {
    "ayah": 8,
    "time": 32709
  },
  {
    "ayah": 9,
    "time": 36564
  },
  {
    "ayah": 10,
    "time": 41420
  },
  {
    "ayah": 11,
    "time": 44929
  },
  {
    "ayah": 12,
    "time": 49734
  },
  {
    "ayah": 13,
    "time": 53637
  },
  {
    "ayah": 14,
    "time": 58345
  },
  {
    "ayah": 15,
    "time": 64608
  },
  {
    "ayah": 16,
    "time": 70259
  },
  {
    "ayah": 17,
    "time": 74514
  },
  {
    "ayah": 18,
    "time": 78374
  },
  {
    "ayah": 19,
    "time": 82173
  },
  {
    "ayah": 20,
    "time": 88083
  },
  {
    "ayah": 21,
    "time": 94296
  },
  {
    "ayah": 22,
    "time": 98745
  },
  {
    "ayah": 23,
    "time": 103705
  },
  {
    "ayah": 24,
    "time": 108766
  },
  {
    "ayah": 25,
    "time": 113373
  },
  {
    "ayah": 26,
    "time": 118672
  },
  {
    "ayah": 27,
    "time": 121885
  },
  {
    "ayah": 28,
    "time": 127637
  },
  {
    "ayah": 29,
    "time": 135646
  },
  {
    "ayah": 999,
    "time": 148215
  }
]