[
  {
    "ayah": 1,
    "time": 3443
  },
  {
    "ayah": 2,
    "time": 8723
  },
  {
    "ayah": 3,
    "time": 16307
  },
  {
    "ayah": 4,
    "time": 27817
  },
  {
    "ayah": 5,
    "time": 41206
  },
  {
    "ayah": 6,
    "time": 52655
  },
  {
    "ayah": 7,
    "time": 68552
  },
  {
    "ayah": 8,
    "time": 83255
  },
  {
    "ayah": 9,
    "time": 96509
  },
  {
    "ayah": 10,
    "time": 109319
  },
  {
    "ayah": 11,
    "time": 123205
  },
  {
    "ayah": 12,
    "time": 134782
  },
  {
    "ayah": 13,
    "time": 142663
  },
  {
    "ayah": 14,
    "time": 164954
  },
  {
    "ayah": 15,
    "time": 185163
  },
  {
    "ayah": 16,
    "time": 194583
  },
  {
    "ayah": 17,
    "time": 213737
  },
  {
    "ayah": 18,
    "time": 235211
  },
  {
    "ayah": 19,
    "time": 242741
  },
  {
    "ayah": 20,
    "time": 266354
  },
  {
    "ayah": 21,
    "time": 297622
  },
  {
    "ayah": 22,
    "time": 311790
  },
  {
    "ayah": 23,
    "time": 340372
  },
  {
    "ayah": 24,
    "time": 363810
  },
  {
    "ayah": 25,
    "time": 382711
  },
  {
    "ayah": 26,
    "time": 428197
  },
  {
    "ayah": 27,
    "time": 468810
  },
  {
    "ayah": 28,
    "time": 490815
  },
  {
    "ayah": 29,
    "time": 510191
  },
  {
    "ayah": 30,
    "time": 530939
  },
  {
    "ayah": 31,
    "time": 560778
  },
  {
    "ayah": 32,
    "time": 580879
  },
  {
    "ayah": 33,
    "time": 594654
  },
  {
    "ayah": 34,
    "time": 626801
  },
  {
    "ayah": 35,
    "time": 641112
  },
  {
    "ayah": 36,
    "time": 660331
  },
  {
    "ayah": 37,
    "time": 682311
  },
  {
    "ayah": 38,
    "time": 696218
  },
  {
    "ayah": 39,
    "time": 717677
  },
  {
    "ayah": 40,
    "time": 732906
  },
  {
    "ayah": 41,
    "time": 751493
  },
  {
    "ayah": 42,
    "time": 774030
  },
  {
    "ayah": 43,
    "time": 784611
  },
  {
    "ayah": 44,
    "time": 793063
  },
  {
    "ayah": 45,
    "time": 809993
  },
  {
    "ayah": 46,
    "time": 821770
  },
  {
    "ayah": 47,
    "time": 835492
  },
  {
    "ayah": 48,
    "time": 850077
  },
  {
    "ayah": 49,
    "time": 868078
  },
  {
    "ayah": 50,
    "time": 891934
  },
  {
    "ayah": 51,
    "time": 906880
  },
  {
    "ayah": 52,
    "time": 921384
  },
  {
    "ayah": 53,
    "time": 931308
  },
  {
    "ayah": 54,
    "time": 940517
  },
  {
    "ayah": 55,
    "time": 976158
  },
  {
    "ayah": 56,
    "time": 991408
  },
  {
    "ayah": 57,
    "time": 1000093
  },
  {
    "ayah": 58,
    "time": 1023180
  },
  {
    "ayah": 59,
    "time": 1044993
  },
  {
    "ayah": 60,
    "time": 1065090
  },
  {
    "ayah": 61,
    "time": 1091658
  },
  {
    "ayah": 62,
    "time": 1160710
  },
  {
    "ayah": 63,
    "time": 1186084
  },
  {
    "ayah": 64,
    "time": 1202610
  },
  {
    "ayah": 65,
    "time": 1217331
  },
  {
    "ayah": 66,
    "time": 1229652
  },
  {
    "ayah": 67,
    "time": 1242119
  },
  {
    "ayah": 68,
    "time": 1262857
  },
  {
    "ayah": 69,
    "time": 1283462
  },
  {
    "ayah": 70,
    "time": 1302741
  },
  {
    "ayah": 71,
    "time": 1319320
  },
  {
    "ayah": 72,
    "time": 1345923
  },
  {
    "ayah": 73,
    "time": 1358880
  },
  {
    "ayah": 74,
    "time": 1375495
  },
  {
    "ayah": 75,
    "time": 1413911
  },
  {
    "ayah": 76,
    "time": 1436110
  },
  {
    "ayah": 77,
    "time": 1464531
  },
  {
    "ayah": 78,
    "time": 1474205
  },
  {
    "ayah": 79,
    "time": 1487972
  },
  {
    "ayah": 80,
    "time": 1517465
  },
  {
    "ayah": 81,
    "time": 1540871
  },
  {
    "ayah": 82,
    "time": 1558068
  },
  {
    "ayah": 83,
    "time": 1574654
  },
  {
    "ayah": 84,
    "time": 1616471
  },
  {
    "ayah": 85,
    "time": 1635762
  },
  {
    "ayah": 86,
    "time": 1696538
  },
  {
    "ayah": 87,
    "time": 1718314
  },
  {
    "ayah": 88,
    "time": 1752505
  },
  {
    "ayah": 89,
    "time": 1763850
  },
  {
    "ayah": 90,
    "time": 1791089
  },
  {
    "ayah": 91,
    "time": 1821429
  },
  {
    "ayah": 92,
    "time": 1855080
  },
  {
    "ayah": 93,
    "time": 1868797
  },
  {
    "ayah": 94,
    "time": 1899501
  },
  {
    "ayah": 95,
    "time": 1921885
  },
  {
    "ayah": 96,
    "time": 1933978
  },
  {
    "ayah": 97,
    "time": 1961327
  },
  {
    "ayah": 98,
    "time": 1980293
  },
  {
    "ayah": 99,
    "time": 1996554
  },
  {
    "ayah": 100,
    "time": 2008157
  },
  {
    "ayah": 101,
    "time": 2019727
  },
  {
    "ayah": 102,
    "time": 2043737
  },
  {
    "ayah": 103,
    "time": 2127096
  },
  {
    "ayah": 104,
    "time": 2146629
  },
  {
    "ayah": 105,
    "time": 2160651
  },
  {
    "ayah": 106,
    "time": 2184017
  },
  {
    "ayah": 107,
    "time": 2201850
  },
  {
    "ayah": 108,
    "time": 2215882
  },
  {
    "ayah": 109,
    "time": 2233797
  },
  {
    "ayah": 110,
    "time": 2268088
  },
  {
    "ayah": 111,
    "time": 2296177
  },
  {
    "ayah": 112,
    "time": 2315021
  },
  {
    "ayah": 113,
    "time": 2331228
  },
  {
    "ayah": 114,
    "time": 2362461
  },
  {
    "ayah": 115,
    "time": 2391479
  },
  {
    "ayah": 116,
    "time": 2407290
  },
  {
    "ayah": 117,
    "time": 2420875
  },
  {
    "ayah": 118,
    "time": 2433328
  },
  {
    "ayah": 119,
    "time": 2459660
  },
  {
    "ayah": 120,
    "time": 2472238
  },
  {
    "ayah": 121,
    "time": 2504560
  },
  {
    "ayah": 122,
    "time": 2524390
  },
  {
    "ayah": 123,
    "time": 2539697
  },
  {
    "ayah": 124,
    "time": 2559016
  },
  {
    "ayah": 125,
    "time": 2581929
  },
  {
    "ayah": 126,
    "time": 2613211
  },
  {
    "ayah": 127,
    "time": 2644848
  },
  {
    "ayah": 128,
    "time": 2660644
  },
  {
    "ayah": 129,
    "time": 2682407
  },
  {
    "ayah": 130,
    "time": 2707727
  },
  {
    "ayah": 131,
    "time": 2725985
  },
  {
    "ayah": 132,
    "time": 2734437
  },
  {
    "ayah": 133,
    "time": 2753485
  },
  {
    "ayah": 134,
    "time": 2785568
  },
  {
    "ayah": 135,
    "time": 2802593
  },
  {
    "ayah": 136,
    "time": 2817440
  },
  {
    "ayah": 137,
    "time": 2850755
  },
  {
    "ayah": 138,
    "time": 2871514
  },
  {
    "ayah": 139,
    "time": 2881095
  },
  {
    "ayah": 140,
    "time": 2897588
  },
  {
    "ayah": 141,
    "time": 2930546
  },
  {
    "ayah": 142,
    "time": 2947146
  },
  {
    "ayah": 143,
    "time": 2971095
  },
  {
    "ayah": 144,
    "time": 3024255
  },
  {
    "ayah": 145,
    "time": 3066697
  },
  {
    "ayah": 146,
    "time": 3107350
  },
  {
    "ayah": 147,
    "time": 3127730
  },
  {
    "ayah": 148,
    "time": 3136057
  },
  {
    "ayah": 149,
    "time": 3158880
  },
  {
    "ayah": 150,
    "time": 3177003
  },
  {
    "ayah": 151,
    "time": 3212258
  },
  {
    "ayah": 152,
    "time": 3234113
  },
  {
    "ayah": 153,
    "time": 3241879
  },
  {
    "ayah": 154,
    "time": 3254650
  },
  {
    "ayah": 155,
    "time": 3269597
  },
  {
    "ayah": 156,
    "time": 3287983
  },
  {
    "ayah": 157,
    "time": 3304952
  },
  {
    "ayah": 158,
    "time": 3318216
  },
  {
    "ayah": 159,
    "time": 3342575
  },
  {
    "ayah": 160,
    "time": 3367088
  },
  {
    "ayah": 161,
    "time": 3381792
  },
  {
    "ayah": 162,
    "time": 3399982
  },
  {
    "ayah": 163,
    "time": 3410370
  },
  {
    "ayah": 164,
    "time": 3422459
  },
  {
    "ayah": 165,
    "time": 3471246
  },
  {
    "ayah": 166,
    "time": 3507097
  },
  {
    "ayah": 167,
    "time": 3520565
  },
  {
    "ayah": 168,
    "time": 3552405
  },
  {
    "ayah": 169,
    "time": 3571277
  },
  {
    "ayah": 170,
    "time": 3584591
  },
  {
    "ayah": 171,
    "time": 3608118
  },
  {
    "ayah": 172,
    "time": 3629502
  },
  {
    "ayah": 173,
    "time": 3647771
  },
  {
    "ayah": 174,
    "time": 3672677
  },
  {
    "ayah": 175,
    "time": 3704374
  },
  {
    "ayah": 176,
    "time": 3719499
  },
  {
    "ayah": 177,
    "time": 3736128
  },
  {
    "ayah": 178,
    "time": 3802920
  },
  {
    "ayah": 179,
    "time": 3849027
  },
  {
    "ayah": 180,
    "time": 3858933
  },
  {
    "ayah": 181,
    "time": 3877641
  },
  {
    "ayah": 182,
    "time": 3892874
  },
  {
    "ayah": 183,
    "time": 3910728
  },
  {
    "ayah": 184,
    "time": 3931180
  },
  {
    "ayah": 185,
    "time": 3967417
  },
  {
    "ayah": 186,
    "time": 4015382
  },
  {
    "ayah": 187,
    "time": 4038091
  },
  {
    "ayah": 188,
    "time": 4111223
  },
  {
    "ayah": 189,
    "time": 4135126
  },
  {
    "ayah": 190,
    "time": 4171017
  },
  {
    "ayah": 191,
    "time": 4185320
  },
  {
    "ayah": 192,
    "time": 4217442
  },
  {
    "ayah": 193,
    "time": 4224323
  },
  {
    "ayah": 194,
    "time": 4241859
  },
  {
    "ayah": 195,
    "time": 4264254
  },
  {
    "ayah": 196,
    "time": 4279115
  },
  {
    "ayah": 197,
    "time": 4349525
  },
  {
    "ayah": 198,
    "time": 4381243
  },
  {
    "ayah": 199,
    "time": 4413315
  },
  {
    "ayah": 200,
    "time": 4426411
  },
  {
    "ayah": 201,
    "time": 4449835
  },
  {
    "ayah": 202,
    "time": 4464603
  },
  {
    "ayah": 203,
    "time": 4475073
  },
  {
    "ayah": 204,
    "time": 4506638
  },
  {
    "ayah": 205,
    "time": 4521492
  },
  {
    "ayah": 206,
    "time": 4535563
  },
  {
    "ayah": 207,
    "time": 4551810
  },
  {
    "ayah": 208,
    "time": 4565238
  },
  {
    "ayah": 209,
    "time": 4583767
  },
  {
    "ayah": 210,
    "time": 4598768
  },
  {
    "ayah": 211,
    "time": 4616768
  },
  {
    "ayah": 212,
    "time": 4639967
  },
  {
    "ayah": 213,
    "time": 4662862
  },
  {
    "ayah": 214,
    "time": 4715053
  },
  {
    "ayah": 215,
    "time": 4748111
  },
  {
    "ayah": 216,
    "time": 4775061
  },
  {
    "ayah": 217,
    "time": 4800895
  },
  {
    "ayah": 218,
    "time": 4868848
  },
  {
    "ayah": 219,
    "time": 4890624
  },
  {
    "ayah": 220,
    "time": 4921878
  },
  {
    "ayah": 221,
    "time": 4953754
  },
  {
    "ayah": 222,
    "time": 5003166
  },
  {
    "ayah": 223,
    "time": 5034970
  },
  {
    "ayah": 224,
    "time": 5056922
  },
  {
    "ayah": 225,
    "time": 5072587
  },
  {
    "ayah": 226,
    "time": 5089180
  },
  {
    "ayah": 227,
    "time": 5105095
  },
  {
    "ayah": 228,
    "time": 5112446
  },
  {
    "ayah": 229,
    "time": 5162855
  },
  {
    "ayah": 230,
    "time": 5216207
  },
  {
    "ayah": 231,
    "time": 5248594
  },
  {
    "ayah": 232,
    "time": 5300271
  },
  {
    "ayah": 233,
    "time": 5341574
  },
  {
    "ayah": 234,
    "time": 5413213
  },
  {
    "ayah": 235,
    "time": 5443827
  },
  {
    "ayah": 236,
    "time": 5497083
  },
  {
    "ayah": 237,
    "time": 5523247
  },
  {
    "ayah": 238,
    "time": 5561820
  },
  {
    "ayah": 239,
    "time": 5571280
  },
  {
    "ayah": 240,
    "time": 5586252
  },
  {
    "ayah": 241,
    "time": 5615644
  },
  {
    "ayah": 242,
    "time": 5624354
  },
  {
    "ayah": 243,
    "time": 5634067
  },
  {
    "ayah": 244,
    "time": 5662088
  },
  {
    "ayah": 245,
    "time": 5670972
  },
  {
    "ayah": 246,
    "time": 5688341
  },
  {
    "ayah": 247,
    "time": 5745948
  },
  {
    "ayah": 248,
    "time": 5786908
  },
  {
    "ayah": 249,
    "time": 5818419
  },
  {
    "ayah": 250,
    "time": 5889000
  },
  {
    "ayah": 251,
    "time": 5910170
  },
  {
    "ayah": 252,
    "time": 5944643
  },
  {
    "ayah": 253,
    "time": 5956978
  },
  {
    "ayah": 254,
    "time": 6013049
  },
  {
    "ayah": 255,
    "time": 6036594
  },
  {
    "ayah": 256,
    "time": 6088024
  },
  {
    "ayah": 257,
    "time": 6111494
  },
  {
    "ayah": 258,
    "time": 6141290
  },
  {
    "ayah": 259,
    "time": 6184022
  },
  {
    "ayah": 260,
    "time": 6253979
  },
  {
    "ayah": 261,
    "time": 6298497
  },
  {
    "ayah": 262,
    "time": 6325164
  },
  {
    "ayah": 263,
    "time": 6349824
  },
  {
    "ayah": 264,
    "time": 6366020
  },
  {
    "ayah": 265,
    "time": 6418337
  },
  {
    "ayah": 266,
    "time": 6451813
  },
  {
    "ayah": 267,
    "time": 6496370
  },
  {
    "ayah": 268,
    "time": 6527038
  },
  {
    "ayah": 269,
    "time": 6545575
  },
  {
    "ayah": 270,
    "time": 6565573
  },
  {
    "ayah": 271,
    "time": 6582673
  },
  {
    "ayah": 272,
    "time": 6606186
  },
  {
    "ayah": 273,
    "time": 6643870
  },
  {
    "ayah": 274,
    "time": 6678618
  },
  {
    "ayah": 275,
    "time": 6700373
  },
  {
    "ayah": 276,
    "time": 6745041
  },
  {
    "ayah": 277,
    "time": 6756837
  },
  {
    "ayah": 278,
    "time": 6776328
  },
  {
    "ayah": 279,
    "time": 6788609
  },
  {
    "ayah": 280,
    "time": 6806442
  },
  {
    "ayah": 281,
    "time": 6822664
  },
  {
    "ayah": 282,
    "time": 6845141
  },
  {
    "ayah": 283,
    "time": 6989755
  },
  {
    "ayah": 284,
    "time": 7028139
  },
  {
    "ayah": 285,
    "time": 7056582
  },
  {
    "ayah": 286,
    "time": 7089340
  }
]