[
  {
    "ayah": 1,
    "time": 4251
  },
  {
    "ayah": 2,
    "time": 11006
  },
  {
    "ayah": 3,
    "time": 15918
  },
  {
    "ayah": 4,
    "time": 25920
  },
  {
    "ayah": 5,
    "time": 51401
  },
  {
    "ayah": 6,
    "time": 66223
  },
  {
    "ayah": 7,
    "time": 79140
  },
  {
    "ayah": 8,
    "time": 105279
  },
  {
    "ayah": 9,
    "time": 125705
  },
  {
    "ayah": 10,
    "time": 144342
  },
  {
    "ayah": 11,
    "time": 161200
  },
  {
    "ayah": 12,
    "time": 173327
  },
  {
    "ayah": 13,
    "time": 193182
  },
  {
    "ayah": 14,
    "time": 214538
  },
  {
    "ayah": 15,
    "time": 231860
  },
  {
    "ayah": 16,
    "time": 273709
  },
  {
    "ayah": 17,
    "time": 286255
  },
  {
    "ayah": 18,
    "time": 295039
  },
  {
    "ayah": 19,
    "time": 315919
  },
  {
    "ayah": 20,
    "time": 348052
  },
  {
    "ayah": 21,
    "time": 368872
  },
  {
    "ayah": 22,
    "time": 381025
  },
  {
    "ayah": 23,
    "time": 396078
  },
  {
    "ayah": 24,
    "time": 426900
  },
  {
    "ayah": 25,
    "time": 449620
  },
  {
    "ayah": 26,
    "time": 478941
  },
  {
    "ayah": 27,
    "time": 490776
  },
  {
    "ayah": 28,
    "time": 526770
  },
  {
    "ayah": 29,
    "time": 541220
  },
  {
    "ayah": 30,
    "time": 573342
  },
  {
    "ayah": 31,
    "time": 597312
  },
  {
    "ayah": 32,
    "time": 622243
  },
  {
    "ayah": 33,
    "time": 649035
  },
  {
    "ayah": 34,
    "time": 660603
  },
  {
    "ayah": 35,
    "time": 677560
  },
  {
    "ayah": 36,
    "time": 696654
  },
  {
    "ayah": 37,
    "time": 719363
  },
  {
    "ayah": 38,
    "time": 742240
  },
  {
    "ayah": 39,
    "time": 770937
  },
  {
    "ayah": 40,
    "time": 784372
  },
  {
    "ayah": 41,
    "time": 797500
  },
  {
    "ayah": 42,
    "time": 810650
  },
  {
    "ayah": 43,
    "time": 823789
  },
  {
    "ayah": 44,
    "time": 843351
  },
  {
    "ayah": 45,
    "time": 855882
  },
  {
    "ayah": 46,
    "time": 879195
  },
  {
    "ayah": 47,
    "time": 902919
  },
  {
    "ayah": 48,
    "time": 925171
  },
  {
    "ayah": 49,
    "time": 956378
  },
  {
    "ayah": 50,
    "time": 978862
  },
  {
    "ayah": 51,
    "time": 1004208
  },
  {
    "ayah": 52,
    "time": 1012438
  },
  {
    "ayah": 53,
    "time": 1021487
  },
  {
    "ayah": 54,
    "time": 1038273
  },
  {
    "ayah": 55,
    "time": 1056549
  },
  {
    "ayah": 56,
    "time": 1073414
  },
  {
    "ayah": 57,
    "time": 1090307
  },
  {
    "ayah": 58,
    "time": 1118554
  },
  {
    "ayah": 59,
    "time": 1138787
  },
  {
    "ayah": 60,
    "time": 1162168
  },
  {
    "ayah": 61,
    "time": 1184498
  },
  {
    "ayah": 62,
    "time": 1205478
  },
  {
    "ayah": 63,
    "time": 1218964
  },
  {
    "ayah": 64,
    "time": 1242966
  },
  {
    "ayah": 65,
    "time": 1260288
  },
  {
    "ayah": 66,
    "time": 1268701
  },
  {
    "ayah": 67,
    "time": 1280490
  },
  {
    "ayah": 68,
    "time": 1293693
  },
  {
    "ayah": 69,
    "time": 1311054
  },
  {
    "ayah": 70,
    "time": 1318477
  },
  {
    "ayah": 71,
    "time": 1333970
  },
  {
    "ayah": 72,
    "time": 1354132
  },
  {
    "ayah": 73,
    "time": 1375824
  },
  {
    "ayah": 74,
    "time": 1390584
  },
  {
    "ayah": 75,
    "time": 1402448
  },
  {
    "ayah": 76,
    "time": 1424196
  },
  {
    "ayah": 77,
    "time": 1452875
  },
  {
    "ayah": 78,
    "time": 1478656
  },
  {
    "ayah": 79,
    "time": 1511760
  },
  {
    "ayah": 80,
    "time": 1532480
  },
  {
    "ayah": 81,
    "time": 1551977
  },
  {
    "ayah": 82,
    "time": 1569817
  },
  {
    "ayah": 83,
    "time": 1601343
  },
  {
    "ayah": 84,
    "time": 1624506
  },
  {
    "ayah": 85,
    "time": 1645250
  },
  {
    "ayah": 86,
    "time": 1665948
  },
  {
    "ayah": 87,
    "time": 1683038
  },
  {
    "ayah": 88,
    "time": 1701707
  }
]