[
  {
    "ayah": 1,
    "time": 5612
  },
  {
    "ayah": 2,
    "time": 8584
  },
  {
    "ayah": 3,
    "time": 11509
  },
  {
    "ayah": 4,
    "time": 14900
  },
  {
    "ayah": 5,
    "time": 17732
  },
  {
    "ayah": 6,
    "time": 20612
  },
  {
    "ayah": 7,
    "time": 23073
  },
  {
    "ayah": 8,
    "time": 27299
  },
  {
    "ayah": 9,
    "time": 30503
  },
  {
    "ayah": 10,
    "time": 34404
  },
  {
    "ayah": 11,
    "time": 37098
  },
  {
    "ayah": 12,
    "time": 39745
  },
  {
    "ayah": 13,
    "time": 42578
  },
  {
    "ayah": 14,
    "time": 44528
  },
  {
    "ayah": 15,
    "time": 49451
  },
  {
    "ayah": 16,
    "time": 55349
  },
  {
    "ayah": 17,
    "time": 59946
  },
  {
    "ayah": 18,
    "time": 65287
  },
  {
    "ayah": 19,
    "time": 70488
  },
  {
    "ayah": 20,
    "time": 76565
  },
  {
    "ayah": 21,
    "time": 85349
  },
  {
    "ayah": 22,
    "time": 91015
  },
  {
    "ayah": 23,
    "time": 96077
  },
  {
    "ayah": 24,
    "time": 100953
  },
  {
    "ayah": 25,
    "time": 106665
  },
  {
    "ayah": 26,
    "time": 110287
  },
  {
    "ayah": 27,
    "time": 115349
  },
  {
    "ayah": 28,
    "time": 126820
  },
  {
    "ayah": 29,
    "time": 132757
  },
  {
    "ayah": 30,
    "time": 144003
  },
  {
    "ayah": 31,
    "time": 152222
  },
  {
    "ayah": 32,
    "time": 157284
  },
  {
    "ayah": 33,
    "time": 162579
  },
  {
    "ayah": 34,
    "time": 167408
  },
  {
    "ayah": 35,
    "time": 174049
  },
  {
    "ayah": 36,
    "time": 179615
  },
  {
    "ayah": 37,
    "time": 185241
  },
  {
    "ayah": 38,
    "time": 191789
  },
  {
    "ayah": 39,
    "time": 198795
  },
  {
    "ayah": 40,
    "time": 206093
  },
  {
    "ayah": 41,
    "time": 212641
  },
  {
    "ayah": 42,
    "time": 220721
  },
  {
    "ayah": 43,
    "time": 226758
  },
  {
    "ayah": 44,
    "time": 236479
  },
  {
    "ayah": 45,
    "time": 242084
  },
  {
    "ayah": 46,
    "time": 248492
  },
  {
    "ayah": 47,
    "time": 256526
  },
  {
    "ayah": 48,
    "time": 262796
  },
  {
    "ayah": 49,
    "time": 269297
  },
  {
    "ayah": 50,
    "time": 276031
  }
]