[
  {
    "ayah": 1,
    "time": 4115
  },
  {
    "ayah": 2,
    "time": 15301
  },
  {
    "ayah": 3,
    "time": 26116
  },
  {
    "ayah": 4,
    "time": 35930
  },
  {
    "ayah": 5,
    "time": 52904
  },
  {
    "ayah": 6,
    "time": 82700
  },
  {
    "ayah": 7,
    "time": 128104
  },
  {
    "ayah": 8,
    "time": 146734
  },
  {
    "ayah": 9,
    "time": 161700
  },
  {
    "ayah": 10,
    "time": 179225
  },
  {
    "ayah": 11,
    "time": 197101
  },
  {
    "ayah": 12,
    "time": 219530
  },
  {
    "ayah": 13,
    "time": 244614
  },
  {
    "ayah": 14,
    "time": 259784
  },
  {
    "ayah": 999,
    "time": 315725
  }
]