[
  {
    "ayah": 1,
    "time": 4193
  },
  {
    "ayah": 2,
    "time": 18258
  },
  {
    "ayah": 3,
    "time": 28514
  },
  {
    "ayah": 4,
    "time": 56145
  },
  {
    "ayah": 5,
    "time": 63954
  },
  {
    "ayah": 6,
    "time": 85424
  },
  {
    "ayah": 7,
    "time": 106754
  },
  {
    "ayah": 8,
    "time": 140255
  },
  {
    "ayah": 9,
    "time": 164218
  },
  {
    "ayah": 10,
    "time": 178654
  },
  {
    "ayah": 11,
    "time": 196115
  },
  {
    "ayah": 12,
    "time": 210658
  },
  {
    "ayah": 13,
    "time": 241208
  },
  {
    "ayah": 14,
    "time": 260435
  },
  {
    "ayah": 15,
    "time": 278885
  },
  {
    "ayah": 16,
    "time": 294025
  },
  {
    "ayah": 17,
    "time": 309939
  },
  {
    "ayah": 18,
    "time": 350278
  },
  {
    "ayah": 19,
    "time": 373609
  },
  {
    "ayah": 20,
    "time": 387215
  },
  {
    "ayah": 21,
    "time": 410993
  },
  {
    "ayah": 22,
    "time": 422431
  },
  {
    "ayah": 23,
    "time": 429204
  },
  {
    "ayah": 24,
    "time": 450827
  },
  {
    "ayah": 25,
    "time": 467006
  },
  {
    "ayah": 26,
    "time": 476023
  },
  {
    "ayah": 27,
    "time": 485775
  },
  {
    "ayah": 28,
    "time": 512527
  },
  {
    "ayah": 29,
    "time": 536744
  },
  {
    "ayah": 30,
    "time": 559742
  },
  {
    "ayah": 31,
    "time": 570430
  },
  {
    "ayah": 32,
    "time": 600716
  },
  {
    "ayah": 33,
    "time": 615152
  },
  {
    "ayah": 34,
    "time": 627319
  },
  {
    "ayah": 35,
    "time": 644813
  },
  {
    "ayah": 36,
    "time": 659716
  },
  {
    "ayah": 37,
    "time": 675199
  },
  {
    "ayah": 38,
    "time": 687745
  },
  {
    "ayah": 39,
    "time": 706460
  },
  {
    "ayah": 40,
    "time": 718620
  },
  {
    "ayah": 41,
    "time": 745330
  },
  {
    "ayah": 42,
    "time": 760027
  },
  {
    "ayah": 43,
    "time": 782057
  },
  {
    "ayah": 44,
    "time": 802948
  },
  {
    "ayah": 45,
    "time": 824750
  },
  {
    "ayah": 46,
    "time": 840339
  },
  {
    "ayah": 47,
    "time": 860587
  },
  {
    "ayah": 48,
    "time": 876748
  },
  {
    "ayah": 49,
    "time": 899371
  },
  {
    "ayah": 50,
    "time": 921777
  },
  {
    "ayah": 51,
    "time": 936516
  },
  {
    "ayah": 52,
    "time": 948716
  },
  {
    "ayah": 53,
    "time": 976633
  },
  {
    "ayah": 54,
    "time": 991833
  },
  {
    "ayah": 55,
    "time": 1012213
  },
  {
    "ayah": 56,
    "time": 1020937
  },
  {
    "ayah": 57,
    "time": 1042299
  },
  {
    "ayah": 58,
    "time": 1063729
  },
  {
    "ayah": 59,
    "time": 1083345
  },
  {
    "ayah": 60,
    "time": 1096688
  },
  {
    "ayah": 61,
    "time": 1116128
  },
  {
    "ayah": 62,
    "time": 1147446
  },
  {
    "ayah": 63,
    "time": 1171734
  },
  {
    "ayah": 64,
    "time": 1194940
  },
  {
    "ayah": 65,
    "time": 1214931
  },
  {
    "ayah": 66,
    "time": 1227702
  },
  {
    "ayah": 67,
    "time": 1252068
  },
  {
    "ayah": 68,
    "time": 1260860
  },
  {
    "ayah": 69,
    "time": 1272502
  },
  {
    "ayah": 70,
    "time": 1290892
  },
  {
    "ayah": 71,
    "time": 1307664
  },
  {
    "ayah": 72,
    "time": 1322739
  },
  {
    "ayah": 73,
    "time": 1336953
  },
  {
    "ayah": 74,
    "time": 1353732
  },
  {
    "ayah": 75,
    "time": 1366596
  },
  {
    "ayah": 76,
    "time": 1373748
  },
  {
    "ayah": 77,
    "time": 1390513
  },
  {
    "ayah": 78,
    "time": 1406906
  },
  {
    "ayah": 79,
    "time": 1440057
  },
  {
    "ayah": 80,
    "time": 1451488
  },
  {
    "ayah": 81,
    "time": 1461101
  },
  {
    "ayah": 82,
    "time": 1491155
  },
  {
    "ayah": 83,
    "time": 1509074
  },
  {
    "ayah": 84,
    "time": 1518694
  },
  {
    "ayah": 85,
    "time": 1549291
  },
  {
    "ayah": 86,
    "time": 1564709
  },
  {
    "ayah": 87,
    "time": 1577062
  },
  {
    "ayah": 88,
    "time": 1600886
  },
  {
    "ayah": 89,
    "time": 1634322
  },
  {
    "ayah": 90,
    "time": 1655220
  },
  {
    "ayah": 91,
    "time": 1666916
  },
  {
    "ayah": 92,
    "time": 1688332
  },
  {
    "ayah": 93,
    "time": 1707326
  },
  {
    "ayah": 94,
    "time": 1728820
  },
  {
    "ayah": 95,
    "time": 1751583
  },
  {
    "ayah": 96,
    "time": 1761689
  },
  {
    "ayah": 97,
    "time": 1778611
  },
  {
    "ayah": 98,
    "time": 1789803
  },
  {
    "ayah": 99,
    "time": 1800802
  },
  {
    "ayah": 100,
    "time": 1811126
  },
  {
    "ayah": 101,
    "time": 1824594
  },
  {
    "ayah": 102,
    "time": 1849704
  },
  {
    "ayah": 103,
    "time": 1861996
  },
  {
    "ayah": 104,
    "time": 1880175
  },
  {
    "ayah": 105,
    "time": 1886777
  },
  {
    "ayah": 106,
    "time": 1897265
  },
  {
    "ayah": 107,
    "time": 1910747
  },
  {
    "ayah": 108,
    "time": 1926729
  },
  {
    "ayah": 109,
    "time": 1952939
  },
  {
    "ayah": 110,
    "time": 1976445
  },
  {
    "ayah": 111,
    "time": 1994564
  },
  {
    "ayah": 112,
    "time": 2008164
  },
  {
    "ayah": 113,
    "time": 2019727
  },
  {
    "ayah": 114,
    "time": 2036963
  },
  {
    "ayah": 115,
    "time": 2054736
  },
  {
    "ayah": 116,
    "time": 2061770
  },
  {
    "ayah": 117,
    "time": 2094642
  },
  {
    "ayah": 118,
    "time": 2103837
  },
  {
    "ayah": 119,
    "time": 2116190
  },
  {
    "ayah": 120,
    "time": 2134294
  },
  {
    "ayah": 121,
    "time": 2154510
  },
  {
    "ayah": 122,
    "time": 2164773
  },
  {
    "ayah": 123,
    "time": 2170836
  }
]