[
  {
    "ayah": 1,
    "time": 8830
  },
  {
    "ayah": 2,
    "time": 22602
  },
  {
    "ayah": 3,
    "time": 38273
  },
  {
    "ayah": 4,
    "time": 69517
  },
  {
    "ayah": 5,
    "time": 84836
  },
  {
    "ayah": 6,
    "time": 97603
  },
  {
    "ayah": 7,
    "time": 113275
  },
  {
    "ayah": 8,
    "time": 130196
  },
  {
    "ayah": 9,
    "time": 145867
  },
  {
    "ayah": 10,
    "time": 175059
  },
  {
    "ayah": 11,
    "time": 191180
  },
  {
    "ayah": 12,
    "time": 203998
  },
  {
    "ayah": 13,
    "time": 230284
  },
  {
    "ayah": 14,
    "time": 254670
  },
  {
    "ayah": 15,
    "time": 282603
  },
  {
    "ayah": 16,
    "time": 306037
  },
  {
    "ayah": 17,
    "time": 326817
  },
  {
    "ayah": 18,
    "time": 336981
  },
  {
    "ayah": 19,
    "time": 355856
  },
  {
    "ayah": 20,
    "time": 378436
  },
  {
    "ayah": 21,
    "time": 390513
  },
  {
    "ayah": 22,
    "time": 409841
  },
  {
    "ayah": 23,
    "time": 432658
  },
  {
    "ayah": 24,
    "time": 456042
  },
  {
    "ayah": 25,
    "time": 474117
  },
  {
    "ayah": 26,
    "time": 484479
  },
  {
    "ayah": 27,
    "time": 495093
  },
  {
    "ayah": 28,
    "time": 509314
  },
  {
    "ayah": 29,
    "time": 526787
  },
  {
    "ayah": 30,
    "time": 535101
  },
  {
    "ayah": 31,
    "time": 546013
  },
  {
    "ayah": 32,
    "time": 585218
  },
  {
    "ayah": 33,
    "time": 603946
  },
  {
    "ayah": 34,
    "time": 648154
  },
  {
    "ayah": 35,
    "time": 666480
  },
  {
    "ayah": 36,
    "time": 676290
  },
  {
    "ayah": 37,
    "time": 690613
  },
  {
    "ayah": 38,
    "time": 724061
  },
  {
    "ayah": 39,
    "time": 735774
  },
  {
    "ayah": 40,
    "time": 759961
  },
  {
    "ayah": 41,
    "time": 776076
  },
  {
    "ayah": 42,
    "time": 794254
  },
  {
    "ayah": 43,
    "time": 813979
  },
  {
    "ayah": 44,
    "time": 865655
  },
  {
    "ayah": 45,
    "time": 882223
  },
  {
    "ayah": 46,
    "time": 897544
  },
  {
    "ayah": 47,
    "time": 928685
  },
  {
    "ayah": 48,
    "time": 944557
  },
  {
    "ayah": 49,
    "time": 951968
  },
  {
    "ayah": 50,
    "time": 960181
  },
  {
    "ayah": 51,
    "time": 981606
  },
  {
    "ayah": 52,
    "time": 991674
  },
  {
    "ayah": 53,
    "time": 1003987
  },
  {
    "ayah": 54,
    "time": 1015554
  },
  {
    "ayah": 999,
    "time": 1031475
  }
]