[
  {
    "ayah": 1,
    "time": 3695
  },
  {
    "ayah": 2,
    "time": 6383
  },
  {
    "ayah": 3,
    "time": 9069
  },
  {
    "ayah": 4,
    "time": 12371
  },
  {
    "ayah": 5,
    "time": 15351
  },
  {
    "ayah": 6,
    "time": 18625
  },
  {
    "ayah": 7,
    "time": 25224
  },
  {
    "ayah": 8,
    "time": 30451
  },
  {
    "ayah": 9,
    "time": 36304
  },
  {
    "ayah": 10,
    "time": 42072
  },
  {
    "ayah": 11,
    "time": 46176
  },
  {
    "ayah": 999,
    "time": 55745
  }
]