[
  {
    "ayah": 1,
    "time": 6601
  },
  {
    "ayah": 2,
    "time": 10038
  },
  {
    "ayah": 3,
    "time": 13878
  },
  {
    "ayah": 4,
    "time": 16989
  },
  {
    "ayah": 5,
    "time": 20983
  },
  {
    "ayah": 6,
    "time": 24938
  },
  {
    "ayah": 7,
    "time": 32189
  },
  {
    "ayah": 8,
    "time": 37994
  },
  {
    "ayah": 9,
    "time": 45271
  },
  {
    "ayah": 10,
    "time": 53073
  },
  {
    "ayah": 11,
    "time": 58985
  },
  {
    "ayah": 12,
    "time": 65480
  },
  {
    "ayah": 13,
    "time": 72128
  },
  {
    "ayah": 14,
    "time": 78165
  },
  {
    "ayah": 15,
    "time": 84506
  },
  {
    "ayah": 16,
    "time": 88739
  },
  {
    "ayah": 17,
    "time": 95566
  },
  {
    "ayah": 18,
    "time": 103407
  },
  {
    "ayah": 19,
    "time": 113584
  },
  {
    "ayah": 20,
    "time": 121665
  },
  {
    "ayah": 21,
    "time": 129799
  },
  {
    "ayah": 22,
    "time": 138012
  },
  {
    "ayah": 23,
    "time": 142238
  },
  {
    "ayah": 24,
    "time": 148375
  },
  {
    "ayah": 25,
    "time": 157052
  },
  {
    "ayah": 26,
    "time": 164450
  },
  {
    "ayah": 27,
    "time": 170613
  },
  {
    "ayah": 28,
    "time": 179436
  },
  {
    "ayah": 29,
    "time": 184730
  },
  {
    "ayah": 30,
    "time": 190303
  },
  {
    "ayah": 31,
    "time": 195704
  },
  {
    "ayah": 32,
    "time": 202192
  },
  {
    "ayah": 33,
    "time": 206232
  },
  {
    "ayah": 34,
    "time": 211294
  },
  {
    "ayah": 35,
    "time": 214777
  },
  {
    "ayah": 36,
    "time": 225690
  },
  {
    "ayah": 37,
    "time": 230474
  },
  {
    "ayah": 38,
    "time": 233353
  },
  {
    "ayah": 39,
    "time": 237911
  },
  {
    "ayah": 40,
    "time": 243663
  },
  {
    "ayah": 41,
    "time": 249886
  },
  {
    "ayah": 42,
    "time": 258523
  },
  {
    "ayah": 43,
    "time": 264475
  },
  {
    "ayah": 44,
    "time": 270273
  },
  {
    "ayah": 45,
    "time": 276596
  },
  {
    "ayah": 46,
    "time": 284637
  },
  {
    "ayah": 47,
    "time": 292478
  },
  {
    "ayah": 48,
    "time": 307285
  },
  {
    "ayah": 49,
    "time": 313973
  },
  {
    "ayah": 50,
    "time": 321464
  },
  {
    "ayah": 51,
    "time": 330519
  },
  {
    "ayah": 52,
    "time": 342772
  },
  {
    "ayah": 53,
    "time": 352286
  },
  {
    "ayah": 54,
    "time": 357858
  },
  {
    "ayah": 55,
    "time": 364453
  },
  {
    "ayah": 56,
    "time": 370126
  },
  {
    "ayah": 57,
    "time": 376063
  },
  {
    "ayah": 58,
    "time": 383261
  },
  {
    "ayah": 59,
    "time": 389623
  },
  {
    "ayah": 60,
    "time": 399283
  },
  {
    "ayah": 61,
    "time": 408571
  },
  {
    "ayah": 62,
    "time": 421527
  },
  {
    "ayah": 63,
    "time": 431001
  },
  {
    "ayah": 64,
    "time": 437735
  },
  {
    "ayah": 65,
    "time": 447316
  },
  {
    "ayah": 66,
    "time": 458772
  },
  {
    "ayah": 67,
    "time": 464206
  },
  {
    "ayah": 68,
    "time": 469261
  },
  {
    "ayah": 69,
    "time": 478384
  },
  {
    "ayah": 70,
    "time": 489980
  },
  {
    "ayah": 71,
    "time": 500568
  },
  {
    "ayah": 72,
    "time": 508695
  },
  {
    "ayah": 73,
    "time": 521791
  },
  {
    "ayah": 74,
    "time": 531358
  },
  {
    "ayah": 75,
    "time": 537070
  },
  {
    "ayah": 76,
    "time": 545336
  },
  {
    "ayah": 77,
    "time": 553888
  },
  {
    "ayah": 78,
    "time": 561412
  },
  {
    "ayah": 79,
    "time": 566891
  },
  {
    "ayah": 80,
    "time": 574640
  },
  {
    "ayah": 81,
    "time": 582535
  },
  {
    "ayah": 82,
    "time": 590429
  },
  {
    "ayah": 83,
    "time": 598510
  },
  {
    "ayah": 84,
    "time": 605894
  },
  {
    "ayah": 85,
    "time": 615043
  },
  {
    "ayah": 86,
    "time": 624331
  },
  {
    "ayah": 87,
    "time": 633944
  },
  {
    "ayah": 88,
    "time": 643603
  },
  {
    "ayah": 89,
    "time": 653170
  },
  {
    "ayah": 90,
    "time": 662240
  },
  {
    "ayah": 91,
    "time": 672024
  },
  {
    "ayah": 92,
    "time": 678758
  },
  {
    "ayah": 93,
    "time": 692365
  },
  {
    "ayah": 94,
    "time": 697845
  },
  {
    "ayah": 95,
    "time": 702250
  },
  {
    "ayah": 96,
    "time": 709223
  }
]