[
  {
    "ayah": 1,
    "time": 6269
  },
  {
    "ayah": 2,
    "time": 11942
  },
  {
    "ayah": 3,
    "time": 21215
  },
  {
    "ayah": 4,
    "time": 32733
  },
  {
    "ayah": 5,
    "time": 43892
  },
  {
    "ayah": 6,
    "time": 51401
  },
  {
    "ayah": 7,
    "time": 59682
  },
  {
    "ayah": 8,
    "time": 71417
  },
  {
    "ayah": 9,
    "time": 81169
  },
  {
    "ayah": 10,
    "time": 92268
  },
  {
    "ayah": 11,
    "time": 101556
  },
  {
    "ayah": 12,
    "time": 113684
  },
  {
    "ayah": 13,
    "time": 126402
  },
  {
    "ayah": 14,
    "time": 132857
  },
  {
    "ayah": 15,
    "time": 141263
  },
  {
    "ayah": 16,
    "time": 150651
  },
  {
    "ayah": 17,
    "time": 154552
  },
  {
    "ayah": 18,
    "time": 162857
  },
  {
    "ayah": 19,
    "time": 169730
  },
  {
    "ayah": 20,
    "time": 182787
  },
  {
    "ayah": 21,
    "time": 192718
  },
  {
    "ayah": 22,
    "time": 196526
  },
  {
    "ayah": 23,
    "time": 204746
  },
  {
    "ayah": 24,
    "time": 208972
  },
  {
    "ayah": 25,
    "time": 226262
  },
  {
    "ayah": 26,
    "time": 234328
  },
  {
    "ayah": 27,
    "time": 240876
  },
  {
    "ayah": 28,
    "time": 249839
  },
  {
    "ayah": 29,
    "time": 262517
  },
  {
    "ayah": 30,
    "time": 267579
  },
  {
    "ayah": 31,
    "time": 271627
  },
  {
    "ayah": 32,
    "time": 285273
  },
  {
    "ayah": 33,
    "time": 293453
  },
  {
    "ayah": 34,
    "time": 299126
  },
  {
    "ayah": 35,
    "time": 314623
  },
  {
    "ayah": 36,
    "time": 323771
  },
  {
    "ayah": 37,
    "time": 332781
  },
  {
    "ayah": 38,
    "time": 345148
  },
  {
    "ayah": 39,
    "time": 352857
  },
  {
    "ayah": 40,
    "time": 356133
  },
  {
    "ayah": 41,
    "time": 364839
  },
  {
    "ayah": 42,
    "time": 371619
  },
  {
    "ayah": 43,
    "time": 381836
  },
  {
    "ayah": 44,
    "time": 395164
  },
  {
    "ayah": 45,
    "time": 401930
  },
  {
    "ayah": 46,
    "time": 406952
  },
  {
    "ayah": 47,
    "time": 413865
  },
  {
    "ayah": 48,
    "time": 421077
  },
  {
    "ayah": 49,
    "time": 429854
  },
  {
    "ayah": 50,
    "time": 435745
  },
  {
    "ayah": 51,
    "time": 446233
  },
  {
    "ayah": 52,
    "time": 454653
  },
  {
    "ayah": 53,
    "time": 459608
  },
  {
    "ayah": 54,
    "time": 466063
  },
  {
    "ayah": 55,
    "time": 473879
  }
]