[
  {
    "ayah": 1,
    "time": 3567
  },
  {
    "ayah": 2,
    "time": 4779
  },
  {
    "ayah": 3,
    "time": 6959
  },
  {
    "ayah": 4,
    "time": 10209
  },
  {
    "ayah": 5,
    "time": 14626
  },
  {
    "ayah": 6,
    "time": 18520
  },
  {
    "ayah": 7,
    "time": 22272
  },
  {
    "ayah": 8,
    "time": 27546
  },
  {
    "ayah": 9,
    "time": 32270
  },
  {
    "ayah": 10,
    "time": 35793
  },
  {
    "ayah": 11,
    "time": 40554
  },
  {
    "ayah": 999,
    "time": 45638
  }
]