[
  {
    "ayah": 1,
    "time": 5991
  },
  {
    "ayah": 2,
    "time": 15118
  },
  {
    "ayah": 3,
    "time": 35054
  },
  {
    "ayah": 4,
    "time": 45243
  },
  {
    "ayah": 5,
    "time": 55808
  },
  {
    "ayah": 6,
    "time": 127682
  },
  {
    "ayah": 7,
    "time": 139808
  },
  {
    "ayah": 8,
    "time": 154245
  },
  {
    "ayah": 9,
    "time": 163621
  },
  {
    "ayah": 10,
    "time": 176310
  },
  {
    "ayah": 11,
    "time": 184936
  },
  {
    "ayah": 12,
    "time": 206499
  },
  {
    "ayah": 13,
    "time": 216748
  },
  {
    "ayah": 14,
    "time": 225748
  },
  {
    "ayah": 15,
    "time": 240123
  },
  {
    "ayah": 16,
    "time": 261687
  },
  {
    "ayah": 17,
    "time": 272500
  },
  {
    "ayah": 18,
    "time": 292002
  },
  {
    "ayah": 19,
    "time": 326501
  },
  {
    "ayah": 20,
    "time": 341146
  },
  {
    "ayah": 21,
    "time": 346113
  },
  {
    "ayah": 22,
    "time": 350303
  },
  {
    "ayah": 23,
    "time": 361454
  },
  {
    "ayah": 24,
    "time": 382429
  },
  {
    "ayah": 25,
    "time": 391431
  },
  {
    "ayah": 26,
    "time": 417430
  },
  {
    "ayah": 27,
    "time": 434245
  },
  {
    "ayah": 28,
    "time": 445718
  },
  {
    "ayah": 29,
    "time": 464784
  },
  {
    "ayah": 30,
    "time": 474285
  },
  {
    "ayah": 31,
    "time": 494284
  },
  {
    "ayah": 32,
    "time": 513911
  },
  {
    "ayah": 33,
    "time": 524471
  },
  {
    "ayah": 34,
    "time": 537676
  },
  {
    "ayah": 35,
    "time": 556675
  },
  {
    "ayah": 36,
    "time": 571362
  },
  {
    "ayah": 37,
    "time": 597678
  },
  {
    "ayah": 38,
    "time": 615488
  },
  {
    "ayah": 39,
    "time": 629551
  },
  {
    "ayah": 40,
    "time": 638366
  },
  {
    "ayah": 41,
    "time": 670302
  },
  {
    "ayah": 42,
    "time": 685554
  },
  {
    "ayah": 43,
    "time": 693866
  },
  {
    "ayah": 44,
    "time": 697289
  },
  {
    "ayah": 45,
    "time": 708073
  },
  {
    "ayah": 46,
    "time": 723949
  },
  {
    "ayah": 47,
    "time": 745275
  },
  {
    "ayah": 48,
    "time": 757886
  },
  {
    "ayah": 49,
    "time": 767761
  },
  {
    "ayah": 50,
    "time": 774013
  },
  {
    "ayah": 51,
    "time": 781513
  },
  {
    "ayah": 52,
    "time": 790326
  },
  {
    "ayah": 53,
    "time": 811328
  },
  {
    "ayah": 54,
    "time": 826202
  },
  {
    "ayah": 55,
    "time": 844080
  },
  {
    "ayah": 56,
    "time": 859890
  },
  {
    "ayah": 57,
    "time": 871642
  },
  {
    "ayah": 58,
    "time": 882765
  },
  {
    "ayah": 59,
    "time": 897017
  },
  {
    "ayah": 60,
    "time": 905017
  },
  {
    "ayah": 61,
    "time": 918391
  },
  {
    "ayah": 62,
    "time": 929894
  },
  {
    "ayah": 63,
    "time": 943268
  },
  {
    "ayah": 64,
    "time": 956944
  },
  {
    "ayah": 65,
    "time": 967707
  },
  {
    "ayah": 66,
    "time": 987569
  },
  {
    "ayah": 67,
    "time": 996769
  },
  {
    "ayah": 68,
    "time": 1010707
  },
  {
    "ayah": 69,
    "time": 1016333
  },
  {
    "ayah": 70,
    "time": 1024022
  },
  {
    "ayah": 71,
    "time": 1036395
  },
  {
    "ayah": 72,
    "time": 1049021
  },
  {
    "ayah": 73,
    "time": 1081525
  },
  {
    "ayah": 74,
    "time": 1105899
  },
  {
    "ayah": 75,
    "time": 1112712
  },
  {
    "ayah": 76,
    "time": 1124024
  },
  {
    "ayah": 77,
    "time": 1131648
  },
  {
    "ayah": 78,
    "time": 1144151
  },
  {
    "ayah": 999,
    "time": 1187589
  }
]