[
  {
    "ayah": 1,
    "time": 4018
  },
  {
    "ayah": 2,
    "time": 9174
  },
  {
    "ayah": 3,
    "time": 13988
  },
  {
    "ayah": 4,
    "time": 17888
  },
  {
    "ayah": 5,
    "time": 21799
  },
  {
    "ayah": 6,
    "time": 27149
  },
  {
    "ayah": 7,
    "time": 35098
  },
  {
    "ayah": 8,
    "time": 38448
  },
  {
    "ayah": 9,
    "time": 43558
  },
  {
    "ayah": 10,
    "time": 47760
  },
  {
    "ayah": 11,
    "time": 51617
  },
  {
    "ayah": 12,
    "time": 57074
  },
  {
    "ayah": 13,
    "time": 60476
  },
  {
    "ayah": 14,
    "time": 66192
  },
  {
    "ayah": 15,
    "time": 72592
  },
  {
    "ayah": 16,
    "time": 82807
  },
  {
    "ayah": 17,
    "time": 88118
  },
  {
    "ayah": 18,
    "time": 91276
  },
  {
    "ayah": 19,
    "time": 94426
  },
  {
    "ayah": 999,
    "time": 100684
  }
]