[
  {
    "ayah": 1,
    "time": 4469
  },
  {
    "ayah": 2,
    "time": 18788
  },
  {
    "ayah": 3,
    "time": 39416
  },
  {
    "ayah": 4,
    "time": 43972
  },
  {
    "ayah": 5,
    "time": 51986
  },
  {
    "ayah": 6,
    "time": 75264
  },
  {
    "ayah": 7,
    "time": 89585
  },
  {
    "ayah": 8,
    "time": 103451
  },
  {
    "ayah": 9,
    "time": 113216
  },
  {
    "ayah": 10,
    "time": 125686
  },
  {
    "ayah": 11,
    "time": 144009
  },
  {
    "ayah": 12,
    "time": 153621
  },
  {
    "ayah": 13,
    "time": 167090
  },
  {
    "ayah": 14,
    "time": 184063
  },
  {
    "ayah": 15,
    "time": 207844
  },
  {
    "ayah": 16,
    "time": 236382
  },
  {
    "ayah": 17,
    "time": 261422
  },
  {
    "ayah": 18,
    "time": 299270
  },
  {
    "ayah": 19,
    "time": 332916
  },
  {
    "ayah": 20,
    "time": 400358
  },
  {
    "ayah": 21,
    "time": 418132
  },
  {
    "ayah": 22,
    "time": 468805
  },
  {
    "ayah": 23,
    "time": 518774
  },
  {
    "ayah": 24,
    "time": 530240
  },
  {
    "ayah": 25,
    "time": 553472
  },
  {
    "ayah": 26,
    "time": 564192
  },
  {
    "ayah": 27,
    "time": 593476
  },
  {
    "ayah": 28,
    "time": 611951
  },
  {
    "ayah": 29,
    "time": 650051
  },
  {
    "ayah": 30,
    "time": 694964
  },
  {
    "ayah": 31,
    "time": 709384
  },
  {
    "ayah": 32,
    "time": 760003
  },
  {
    "ayah": 33,
    "time": 781280
  },
  {
    "ayah": 34,
    "time": 798805
  },
  {
    "ayah": 35,
    "time": 816429
  },
  {
    "ayah": 36,
    "time": 833753
  },
  {
    "ayah": 37,
    "time": 854531
  },
  {
    "ayah": 38,
    "time": 878011
  },
  {
    "ayah": 39,
    "time": 890932
  },
  {
    "ayah": 40,
    "time": 915913
  },
  {
    "ayah": 41,
    "time": 940197
  },
  {
    "ayah": 42,
    "time": 951765
  },
  {
    "ayah": 43,
    "time": 981603
  },
  {
    "ayah": 44,
    "time": 996875
  },
  {
    "ayah": 45,
    "time": 1010394
  },
  {
    "ayah": 46,
    "time": 1046643
  },
  {
    "ayah": 47,
    "time": 1065417
  },
  {
    "ayah": 48,
    "time": 1080590
  },
  {
    "ayah": 49,
    "time": 1102069
  },
  {
    "ayah": 50,
    "time": 1154743
  },
  {
    "ayah": 51,
    "time": 1196797
  },
  {
    "ayah": 52,
    "time": 1215775
  },
  {
    "ayah": 53,
    "time": 1234297
  },
  {
    "ayah": 54,
    "time": 1251323
  },
  {
    "ayah": 55,
    "time": 1269447
  },
  {
    "ayah": 56,
    "time": 1301189
  },
  {
    "ayah": 57,
    "time": 1330129
  },
  {
    "ayah": 58,
    "time": 1372938
  },
  {
    "ayah": 59,
    "time": 1398072
  },
  {
    "ayah": 60,
    "time": 1412548
  },
  {
    "ayah": 61,
    "time": 1428122
  },
  {
    "ayah": 62,
    "time": 1442788
  },
  {
    "ayah": 63,
    "time": 1460110
  },
  {
    "ayah": 64,
    "time": 1487197
  },
  {
    "ayah": 65,
    "time": 1500668
  },
  {
    "ayah": 66,
    "time": 1520793
  },
  {
    "ayah": 67,
    "time": 1535964
  },
  {
    "ayah": 68,
    "time": 1544727
  },
  {
    "ayah": 69,
    "time": 1552438
  },
  {
    "ayah": 70,
    "time": 1566412
  },
  {
    "ayah": 71,
    "time": 1581176
  },
  {
    "ayah": 72,
    "time": 1601703
  },
  {
    "ayah": 73,
    "time": 1611268
  },
  {
    "ayah": 74,
    "time": 1622992
  },
  {
    "ayah": 75,
    "time": 1656038
  },
  {
    "ayah": 76,
    "time": 1666603
  },
  {
    "ayah": 77,
    "time": 1682825
  },
  {
    "ayah": 78,
    "time": 1724483
  },
  {
    "ayah": 79,
    "time": 1740002
  },
  {
    "ayah": 80,
    "time": 1764237
  },
  {
    "ayah": 81,
    "time": 1781510
  },
  {
    "ayah": 82,
    "time": 1796480
  },
  {
    "ayah": 83,
    "time": 1863371
  },
  {
    "ayah": 84,
    "time": 1875987
  },
  {
    "ayah": 85,
    "time": 1889505
  },
  {
    "ayah": 86,
    "time": 1892560
  },
  {
    "ayah": 87,
    "time": 1928210
  },
  {
    "ayah": 88,
    "time": 1946436
  },
  {
    "ayah": 89,
    "time": 1964960
  },
  {
    "ayah": 90,
    "time": 1969416
  },
  {
    "ayah": 91,
    "time": 1986739
  },
  {
    "ayah": 92,
    "time": 1993800
  },
  {
    "ayah": 93,
    "time": 1998104
  },
  {
    "ayah": 94,
    "time": 2014978
  },
  {
    "ayah": 95,
    "time": 2044018
  },
  {
    "ayah": 96,
    "time": 2061692
  },
  {
    "ayah": 97,
    "time": 2088027
  },
  {
    "ayah": 98,
    "time": 2099792
  },
  {
    "ayah": 99,
    "time": 2120373
  },
  {
    "ayah": 100,
    "time": 2135343
  },
  {
    "ayah": 101,
    "time": 2145303
  },
  {
    "ayah": 102,
    "time": 2161428
  },
  {
    "ayah": 103,
    "time": 2187564
  },
  {
    "ayah": 104,
    "time": 2196575
  },
  {
    "ayah": 105,
    "time": 2211794
  },
  {
    "ayah": 106,
    "time": 2232775
  },
  {
    "ayah": 107,
    "time": 2248748
  },
  {
    "ayah": 108,
    "time": 2264216
  },
  {
    "ayah": 109,
    "time": 2272133
  },
  {
    "ayah": 110,
    "time": 2294309
  },
  {
    "ayah": 999,
    "time": 2331536
  }
]