[
  {
    "ayah": 1,
    "time": 6122
  },
  {
    "ayah": 2,
    "time": 18183
  },
  {
    "ayah": 3,
    "time": 25070
  },
  {
    "ayah": 4,
    "time": 33801
  },
  {
    "ayah": 5,
    "time": 44542
  },
  {
    "ayah": 6,
    "time": 52330
  },
  {
    "ayah": 7,
    "time": 63104
  },
  {
    "ayah": 8,
    "time": 73175
  },
  {
    "ayah": 9,
    "time": 86478
  },
  {
    "ayah": 10,
    "time": 95187
  },
  {
    "ayah": 11,
    "time": 102439
  },
  {
    "ayah": 12,
    "time": 111495
  },
  {
    "ayah": 13,
    "time": 117671
  },
  {
    "ayah": 14,
    "time": 125287
  },
  {
    "ayah": 15,
    "time": 136844
  },
  {
    "ayah": 16,
    "time": 148786
  },
  {
    "ayah": 17,
    "time": 160396
  },
  {
    "ayah": 18,
    "time": 166890
  },
  {
    "ayah": 19,
    "time": 175303
  },
  {
    "ayah": 20,
    "time": 192221
  },
  {
    "ayah": 21,
    "time": 201263
  },
  {
    "ayah": 22,
    "time": 217470
  },
  {
    "ayah": 23,
    "time": 241294
  },
  {
    "ayah": 24,
    "time": 248817
  },
  {
    "ayah": 25,
    "time": 258848
  },
  {
    "ayah": 26,
    "time": 268647
  },
  {
    "ayah": 27,
    "time": 280118
  },
  {
    "ayah": 28,
    "time": 292378
  },
  {
    "ayah": 29,
    "time": 308493
  },
  {
    "ayah": 30,
    "time": 318013
  },
  {
    "ayah": 31,
    "time": 325304
  },
  {
    "ayah": 32,
    "time": 335335
  },
  {
    "ayah": 33,
    "time": 344762
  },
  {
    "ayah": 34,
    "time": 356790
  },
  {
    "ayah": 35,
    "time": 363431
  },
  {
    "ayah": 36,
    "time": 371279
  },
  {
    "ayah": 37,
    "time": 380196
  },
  {
    "ayah": 38,
    "time": 386512
  },
  {
    "ayah": 39,
    "time": 391574
  },
  {
    "ayah": 40,
    "time": 405306
  },
  {
    "ayah": 41,
    "time": 411171
  },
  {
    "ayah": 42,
    "time": 417580
  },
  {
    "ayah": 43,
    "time": 428819
  },
  {
    "ayah": 44,
    "time": 436295
  },
  {
    "ayah": 45,
    "time": 448648
  },
  {
    "ayah": 46,
    "time": 457147
  },
  {
    "ayah": 47,
    "time": 463284
  },
  {
    "ayah": 48,
    "time": 474662
  },
  {
    "ayah": 49,
    "time": 484739
  },
  {
    "ayah": 50,
    "time": 496103
  },
  {
    "ayah": 51,
    "time": 503726
  },
  {
    "ayah": 52,
    "time": 510646
  },
  {
    "ayah": 53,
    "time": 521838
  },
  {
    "ayah": 54,
    "time": 530615
  },
  {
    "ayah": 55,
    "time": 541575
  },
  {
    "ayah": 56,
    "time": 550398
  },
  {
    "ayah": 57,
    "time": 563680
  },
  {
    "ayah": 58,
    "time": 569996
  },
  {
    "ayah": 59,
    "time": 581552
  },
  {
    "ayah": 60,
    "time": 591080
  },
  {
    "ayah": 61,
    "time": 600700
  },
  {
    "ayah": 62,
    "time": 608773
  },
  {
    "ayah": 63,
    "time": 615971
  },
  {
    "ayah": 64,
    "time": 623773
  },
  {
    "ayah": 65,
    "time": 631204
  },
  {
    "ayah": 66,
    "time": 647133
  },
  {
    "ayah": 67,
    "time": 663712
  },
  {
    "ayah": 68,
    "time": 671188
  },
  {
    "ayah": 69,
    "time": 681219
  },
  {
    "ayah": 70,
    "time": 686281
  },
  {
    "ayah": 71,
    "time": 693665
  },
  {
    "ayah": 72,
    "time": 705647
  },
  {
    "ayah": 73,
    "time": 713031
  },
  {
    "ayah": 74,
    "time": 718464
  },
  {
    "ayah": 75,
    "time": 734950
  },
  {
    "ayah": 76,
    "time": 742567
  },
  {
    "ayah": 77,
    "time": 749161
  },
  {
    "ayah": 78,
    "time": 756731
  },
  {
    "ayah": 79,
    "time": 764347
  },
  {
    "ayah": 80,
    "time": 775028
  },
  {
    "ayah": 81,
    "time": 781822
  },
  {
    "ayah": 82,
    "time": 790135
  },
  {
    "ayah": 83,
    "time": 797830
  },
  {
    "ayah": 84,
    "time": 803078
  },
  {
    "ayah": 85,
    "time": 812234
  },
  {
    "ayah": 86,
    "time": 831545
  },
  {
    "ayah": 87,
    "time": 838093
  },
  {
    "ayah": 88,
    "time": 848450
  },
  {
    "ayah": 89,
    "time": 870183
  },
  {
    "ayah": 90,
    "time": 879193
  },
  {
    "ayah": 91,
    "time": 887831
  },
  {
    "ayah": 92,
    "time": 894100
  },
  {
    "ayah": 93,
    "time": 900555
  },
  {
    "ayah": 94,
    "time": 906081
  },
  {
    "ayah": 95,
    "time": 913387
  },
  {
    "ayah": 96,
    "time": 919688
  },
  {
    "ayah": 97,
    "time": 930509
  },
  {
    "ayah": 98,
    "time": 938736
  },
  {
    "ayah": 99,
    "time": 946716
  }
]