[
  {
    "ayah": 1,
    "time": 4443
  },
  {
    "ayah": 2,
    "time": 13673
  },
  {
    "ayah": 3,
    "time": 17107
  },
  {
    "ayah": 4,
    "time": 25603
  },
  {
    "ayah": 5,
    "time": 37649
  },
  {
    "ayah": 6,
    "time": 47331
  },
  {
    "ayah": 7,
    "time": 53176
  },
  {
    "ayah": 8,
    "time": 69138
  },
  {
    "ayah": 9,
    "time": 81853
  },
  {
    "ayah": 10,
    "time": 86839
  },
  {
    "ayah": 11,
    "time": 106442
  },
  {
    "ayah": 12,
    "time": 115584
  },
  {
    "ayah": 13,
    "time": 133428
  },
  {
    "ayah": 14,
    "time": 141618
  },
  {
    "ayah": 15,
    "time": 155423
  },
  {
    "ayah": 16,
    "time": 167815
  },
  {
    "ayah": 17,
    "time": 182980
  },
  {
    "ayah": 18,
    "time": 191532
  },
  {
    "ayah": 19,
    "time": 207584
  },
  {
    "ayah": 20,
    "time": 228209
  },
  {
    "ayah": 21,
    "time": 238224
  },
  {
    "ayah": 22,
    "time": 248176
  },
  {
    "ayah": 23,
    "time": 259574
  },
  {
    "ayah": 24,
    "time": 269231
  },
  {
    "ayah": 25,
    "time": 283587
  },
  {
    "ayah": 26,
    "time": 296213
  },
  {
    "ayah": 27,
    "time": 303752
  },
  {
    "ayah": 28,
    "time": 310357
  },
  {
    "ayah": 29,
    "time": 320890
  },
  {
    "ayah": 30,
    "time": 328011
  },
  {
    "ayah": 31,
    "time": 335875
  },
  {
    "ayah": 32,
    "time": 340535
  },
  {
    "ayah": 33,
    "time": 350567
  },
  {
    "ayah": 34,
    "time": 360148
  },
  {
    "ayah": 35,
    "time": 372476
  },
  {
    "ayah": 36,
    "time": 380918
  },
  {
    "ayah": 37,
    "time": 398061
  },
  {
    "ayah": 38,
    "time": 413442
  },
  {
    "ayah": 39,
    "time": 422006
  },
  {
    "ayah": 40,
    "time": 433450
  },
  {
    "ayah": 41,
    "time": 465653
  },
  {
    "ayah": 42,
    "time": 474691
  },
  {
    "ayah": 43,
    "time": 487490
  },
  {
    "ayah": 44,
    "time": 496497
  },
  {
    "ayah": 45,
    "time": 522882
  },
  {
    "ayah": 46,
    "time": 532685
  },
  {
    "ayah": 47,
    "time": 544142
  },
  {
    "ayah": 48,
    "time": 555253
  },
  {
    "ayah": 49,
    "time": 562174
  },
  {
    "ayah": 50,
    "time": 575901
  },
  {
    "ayah": 51,
    "time": 581936
  },
  {
    "ayah": 52,
    "time": 590519
  },
  {
    "ayah": 53,
    "time": 599873
  },
  {
    "ayah": 54,
    "time": 605260
  },
  {
    "ayah": 55,
    "time": 612903
  },
  {
    "ayah": 56,
    "time": 624208
  },
  {
    "ayah": 57,
    "time": 636466
  },
  {
    "ayah": 58,
    "time": 644251
  },
  {
    "ayah": 59,
    "time": 654255
  },
  {
    "ayah": 60,
    "time": 667654
  },
  {
    "ayah": 61,
    "time": 696607
  },
  {
    "ayah": 62,
    "time": 715691
  },
  {
    "ayah": 63,
    "time": 735219
  },
  {
    "ayah": 64,
    "time": 752983
  },
  {
    "ayah": 65,
    "time": 770977
  },
  {
    "ayah": 66,
    "time": 781765
  },
  {
    "ayah": 67,
    "time": 792435
  },
  {
    "ayah": 68,
    "time": 802451
  },
  {
    "ayah": 69,
    "time": 814013
  },
  {
    "ayah": 70,
    "time": 820750
  },
  {
    "ayah": 71,
    "time": 827857
  },
  {
    "ayah": 72,
    "time": 834076
  },
  {
    "ayah": 73,
    "time": 841151
  },
  {
    "ayah": 74,
    "time": 848771
  },
  {
    "ayah": 75,
    "time": 855255
  },
  {
    "ayah": 76,
    "time": 865632
  },
  {
    "ayah": 77,
    "time": 876022
  },
  {
    "ayah": 78,
    "time": 880671
  },
  {
    "ayah": 79,
    "time": 887610
  },
  {
    "ayah": 80,
    "time": 893068
  },
  {
    "ayah": 81,
    "time": 902230
  },
  {
    "ayah": 82,
    "time": 915694
  },
  {
    "ayah": 83,
    "time": 933856
  },
  {
    "ayah": 84,
    "time": 943682
  },
  {
    "ayah": 85,
    "time": 956557
  },
  {
    "ayah": 86,
    "time": 963042
  },
  {
    "ayah": 87,
    "time": 975723
  },
  {
    "ayah": 88,
    "time": 991034
  },
  {
    "ayah": 89,
    "time": 1006767
  },
  {
    "ayah": 90,
    "time": 1017601
  },
  {
    "ayah": 91,
    "time": 1031244
  },
  {
    "ayah": 92,
    "time": 1044736
  },
  {
    "ayah": 93,
    "time": 1057062
  }
]