[
  {
    "ayah": 1,
    "time": 6196
  },
  {
    "ayah": 2,
    "time": 14137
  },
  {
    "ayah": 3,
    "time": 29197
  },
  {
    "ayah": 4,
    "time": 31821
  },
  {
    "ayah": 5,
    "time": 36635
  },
  {
    "ayah": 6,
    "time": 49949
  },
  {
    "ayah": 7,
    "time": 58699
  },
  {
    "ayah": 8,
    "time": 67260
  },
  {
    "ayah": 9,
    "time": 73075
  },
  {
    "ayah": 10,
    "time": 81074
  },
  {
    "ayah": 11,
    "time": 92139
  },
  {
    "ayah": 12,
    "time": 97636
  },
  {
    "ayah": 13,
    "time": 105639
  },
  {
    "ayah": 14,
    "time": 117138
  },
  {
    "ayah": 15,
    "time": 132325
  },
  {
    "ayah": 16,
    "time": 149078
  },
  {
    "ayah": 17,
    "time": 165952
  },
  {
    "ayah": 18,
    "time": 190639
  },
  {
    "ayah": 19,
    "time": 212578
  },
  {
    "ayah": 20,
    "time": 250144
  },
  {
    "ayah": 21,
    "time": 264205
  },
  {
    "ayah": 22,
    "time": 291271
  },
  {
    "ayah": 23,
    "time": 325146
  },
  {
    "ayah": 24,
    "time": 330911
  },
  {
    "ayah": 25,
    "time": 343922
  },
  {
    "ayah": 26,
    "time": 350299
  },
  {
    "ayah": 27,
    "time": 368235
  },
  {
    "ayah": 28,
    "time": 379860
  },
  {
    "ayah": 29,
    "time": 402786
  },
  {
    "ayah": 30,
    "time": 437924
  },
  {
    "ayah": 31,
    "time": 447802
  },
  {
    "ayah": 32,
    "time": 476553
  },
  {
    "ayah": 33,
    "time": 489863
  },
  {
    "ayah": 34,
    "time": 499616
  },
  {
    "ayah": 35,
    "time": 510240
  },
  {
    "ayah": 36,
    "time": 519991
  },
  {
    "ayah": 37,
    "time": 531555
  },
  {
    "ayah": 38,
    "time": 544229
  },
  {
    "ayah": 39,
    "time": 551740
  },
  {
    "ayah": 40,
    "time": 564991
  },
  {
    "ayah": 41,
    "time": 578366
  },
  {
    "ayah": 42,
    "time": 585954
  },
  {
    "ayah": 43,
    "time": 604058
  },
  {
    "ayah": 44,
    "time": 612433
  },
  {
    "ayah": 45,
    "time": 624131
  },
  {
    "ayah": 46,
    "time": 644308
  },
  {
    "ayah": 47,
    "time": 656243
  },
  {
    "ayah": 48,
    "time": 665557
  },
  {
    "ayah": 49,
    "time": 678746
  },
  {
    "ayah": 50,
    "time": 703807
  },
  {
    "ayah": 51,
    "time": 727700
  },
  {
    "ayah": 52,
    "time": 742000
  },
  {
    "ayah": 53,
    "time": 754671
  },
  {
    "ayah": 54,
    "time": 764625
  },
  {
    "ayah": 55,
    "time": 775687
  },
  {
    "ayah": 56,
    "time": 793751
  },
  {
    "ayah": 57,
    "time": 811440
  },
  {
    "ayah": 58,
    "time": 835189
  },
  {
    "ayah": 59,
    "time": 852689
  },
  {
    "ayah": 60,
    "time": 862750
  },
  {
    "ayah": 61,
    "time": 871815
  },
  {
    "ayah": 62,
    "time": 880127
  },
  {
    "ayah": 63,
    "time": 891316
  },
  {
    "ayah": 64,
    "time": 906565
  },
  {
    "ayah": 65,
    "time": 914065
  },
  {
    "ayah": 66,
    "time": 924003
  },
  {
    "ayah": 67,
    "time": 932004
  },
  {
    "ayah": 68,
    "time": 936694
  },
  {
    "ayah": 69,
    "time": 941566
  },
  {
    "ayah": 70,
    "time": 950003
  },
  {
    "ayah": 71,
    "time": 958131
  },
  {
    "ayah": 72,
    "time": 970881
  },
  {
    "ayah": 73,
    "time": 976757
  },
  {
    "ayah": 74,
    "time": 983882
  },
  {
    "ayah": 75,
    "time": 997382
  },
  {
    "ayah": 76,
    "time": 1004506
  },
  {
    "ayah": 77,
    "time": 1014756
  },
  {
    "ayah": 78,
    "time": 1034820
  },
  {
    "ayah": 79,
    "time": 1045447
  },
  {
    "ayah": 80,
    "time": 1060696
  },
  {
    "ayah": 81,
    "time": 1070384
  },
  {
    "ayah": 82,
    "time": 1078571
  },
  {
    "ayah": 83,
    "time": 1111884
  },
  {
    "ayah": 84,
    "time": 1118511
  },
  {
    "ayah": 85,
    "time": 1126407
  },
  {
    "ayah": 86,
    "time": 1128717
  },
  {
    "ayah": 87,
    "time": 1147282
  },
  {
    "ayah": 88,
    "time": 1158283
  },
  {
    "ayah": 89,
    "time": 1170969
  },
  {
    "ayah": 90,
    "time": 1173595
  },
  {
    "ayah": 91,
    "time": 1184283
  },
  {
    "ayah": 92,
    "time": 1189156
  },
  {
    "ayah": 93,
    "time": 1191720
  },
  {
    "ayah": 94,
    "time": 1201031
  },
  {
    "ayah": 95,
    "time": 1215469
  },
  {
    "ayah": 96,
    "time": 1227408
  },
  {
    "ayah": 97,
    "time": 1244223
  },
  {
    "ayah": 98,
    "time": 1250721
  },
  {
    "ayah": 99,
    "time": 1269099
  },
  {
    "ayah": 100,
    "time": 1280348
  },
  {
    "ayah": 101,
    "time": 1286849
  },
  {
    "ayah": 102,
    "time": 1297285
  },
  {
    "ayah": 103,
    "time": 1312600
  },
  {
    "ayah": 104,
    "time": 1317100
  },
  {
    "ayah": 105,
    "time": 1328671
  },
  {
    "ayah": 106,
    "time": 1346858
  },
  {
    "ayah": 107,
    "time": 1356546
  },
  {
    "ayah": 108,
    "time": 1367171
  },
  {
    "ayah": 109,
    "time": 1372859
  },
  {
    "ayah": 110,
    "time": 1389823
  },
  {
    "ayah": 999,
    "time": 1420859
  }
]