[
  {
    "ayah": 1,
    "time": 3864
  },
  {
    "ayah": 2,
    "time": 32104
  },
  {
    "ayah": 3,
    "time": 51127
  },
  {
    "ayah": 4,
    "time": 77514
  },
  {
    "ayah": 5,
    "time": 90189
  },
  {
    "ayah": 6,
    "time": 110576
  },
  {
    "ayah": 7,
    "time": 126643
  },
  {
    "ayah": 8,
    "time": 143717
  },
  {
    "ayah": 9,
    "time": 173957
  },
  {
    "ayah": 10,
    "time": 199842
  },
  {
    "ayah": 11,
    "time": 227943
  },
  {
    "ayah": 12,
    "time": 267505
  },
  {
    "ayah": 13,
    "time": 304904
  },
  {
    "ayah": 14,
    "time": 336350
  },
  {
    "ayah": 15,
    "time": 356025
  },
  {
    "ayah": 16,
    "time": 370495
  },
  {
    "ayah": 17,
    "time": 378504
  },
  {
    "ayah": 18,
    "time": 382913
  },
  {
    "ayah": 19,
    "time": 421366
  },
  {
    "ayah": 20,
    "time": 425768
  },
  {
    "ayah": 21,
    "time": 430226
  },
  {
    "ayah": 22,
    "time": 433838
  },
  {
    "ayah": 23,
    "time": 454961
  },
  {
    "ayah": 24,
    "time": 459317
  },
  {
    "ayah": 25,
    "time": 475438
  },
  {
    "ayah": 26,
    "time": 499772
  },
  {
    "ayah": 27,
    "time": 508785
  },
  {
    "ayah": 28,
    "time": 540378
  },
  {
    "ayah": 29,
    "time": 563509
  },
  {
    "ayah": 30,
    "time": 590545
  },
  {
    "ayah": 31,
    "time": 603162
  },
  {
    "ayah": 32,
    "time": 622639
  },
  {
    "ayah": 33,
    "time": 648474
  },
  {
    "ayah": 34,
    "time": 665698
  },
  {
    "ayah": 35,
    "time": 679819
  },
  {
    "ayah": 36,
    "time": 699294
  },
  {
    "ayah": 37,
    "time": 717225
  },
  {
    "ayah": 38,
    "time": 748610
  },
  {
    "ayah": 39,
    "time": 762029
  },
  {
    "ayah": 40,
    "time": 789364
  },
  {
    "ayah": 41,
    "time": 828371
  },
  {
    "ayah": 42,
    "time": 852654
  },
  {
    "ayah": 43,
    "time": 875984
  },
  {
    "ayah": 44,
    "time": 908165
  },
  {
    "ayah": 45,
    "time": 939457
  },
  {
    "ayah": 999,
    "time": 971160
  }
]