[
  {
    "ayah": 1,
    "time": 3359
  },
  {
    "ayah": 2,
    "time": 7371
  },
  {
    "ayah": 3,
    "time": 10573
  },
  {
    "ayah": 4,
    "time": 14628
  },
  {
    "ayah": 5,
    "time": 18684
  },
  {
    "ayah": 6,
    "time": 22888
  },
  {
    "ayah": 7,
    "time": 32905
  },
  {
    "ayah": 8,
    "time": 41265
  },
  {
    "ayah": 9,
    "time": 52837
  },
  {
    "ayah": 10,
    "time": 66055
  },
  {
    "ayah": 11,
    "time": 76870
  },
  {
    "ayah": 12,
    "time": 92542
  },
  {
    "ayah": 13,
    "time": 109166
  },
  {
    "ayah": 14,
    "time": 119281
  },
  {
    "ayah": 15,
    "time": 135905
  },
  {
    "ayah": 16,
    "time": 152277
  },
  {
    "ayah": 17,
    "time": 160095
  },
  {
    "ayah": 18,
    "time": 165952
  },
  {
    "ayah": 19,
    "time": 183938
  },
  {
    "ayah": 20,
    "time": 198956
  },
  {
    "ayah": 21,
    "time": 209274
  },
  {
    "ayah": 22,
    "time": 217584
  },
  {
    "ayah": 23,
    "time": 225493
  },
  {
    "ayah": 24,
    "time": 242117
  },
  {
    "ayah": 25,
    "time": 249078
  },
  {
    "ayah": 26,
    "time": 256495
  },
  {
    "ayah": 27,
    "time": 264665
  },
  {
    "ayah": 28,
    "time": 270517
  },
  {
    "ayah": 29,
    "time": 286289
  },
  {
    "ayah": 30,
    "time": 296352
  },
  {
    "ayah": 31,
    "time": 307917
  },
  {
    "ayah": 32,
    "time": 318483
  },
  {
    "ayah": 33,
    "time": 326342
  },
  {
    "ayah": 34,
    "time": 337409
  },
  {
    "ayah": 35,
    "time": 350026
  },
  {
    "ayah": 36,
    "time": 359294
  },
  {
    "ayah": 37,
    "time": 373607
  },
  {
    "ayah": 38,
    "time": 382820
  },
  {
    "ayah": 39,
    "time": 391629
  },
  {
    "ayah": 40,
    "time": 399792
  },
  {
    "ayah": 41,
    "time": 416114
  },
  {
    "ayah": 42,
    "time": 424428
  },
  {
    "ayah": 43,
    "time": 431336
  },
  {
    "ayah": 44,
    "time": 440046
  },
  {
    "ayah": 45,
    "time": 447258
  },
  {
    "ayah": 46,
    "time": 457674
  },
  {
    "ayah": 47,
    "time": 468586
  },
  {
    "ayah": 48,
    "time": 505096
  },
  {
    "ayah": 49,
    "time": 513155
  },
  {
    "ayah": 50,
    "time": 524023
  },
  {
    "ayah": 51,
    "time": 533433
  },
  {
    "ayah": 52,
    "time": 542749
  },
  {
    "ayah": 53,
    "time": 556667
  },
  {
    "ayah": 54,
    "time": 567733
  },
  {
    "ayah": 55,
    "time": 578995
  },
  {
    "ayah": 56,
    "time": 588159
  },
  {
    "ayah": 57,
    "time": 596422
  },
  {
    "ayah": 58,
    "time": 604033
  },
  {
    "ayah": 59,
    "time": 609890
  },
  {
    "ayah": 60,
    "time": 614495
  },
  {
    "ayah": 61,
    "time": 628663
  },
  {
    "ayah": 62,
    "time": 635824
  },
  {
    "ayah": 63,
    "time": 646687
  },
  {
    "ayah": 64,
    "time": 654351
  },
  {
    "ayah": 65,
    "time": 660357
  },
  {
    "ayah": 66,
    "time": 674182
  },
  {
    "ayah": 67,
    "time": 686293
  },
  {
    "ayah": 68,
    "time": 698360
  },
  {
    "ayah": 69,
    "time": 707523
  },
  {
    "ayah": 70,
    "time": 719990
  },
  {
    "ayah": 71,
    "time": 728899
  },
  {
    "ayah": 72,
    "time": 742871
  },
  {
    "ayah": 73,
    "time": 750332
  },
  {
    "ayah": 74,
    "time": 758091
  },
  {
    "ayah": 75,
    "time": 766404
  },
  {
    "ayah": 76,
    "time": 774762
  },
  {
    "ayah": 77,
    "time": 785379
  },
  {
    "ayah": 78,
    "time": 797807
  },
  {
    "ayah": 79,
    "time": 807971
  },
  {
    "ayah": 80,
    "time": 820336
  },
  {
    "ayah": 81,
    "time": 833153
  },
  {
    "ayah": 82,
    "time": 848326
  },
  {
    "ayah": 83,
    "time": 861794
  },
  {
    "ayah": 999,
    "time": 870856
  }
]