[
  {
    "ayah": 1,
    "time": 4205
  },
  {
    "ayah": 2,
    "time": 14118
  },
  {
    "ayah": 3,
    "time": 27640
  },
  {
    "ayah": 4,
    "time": 50966
  },
  {
    "ayah": 5,
    "time": 62083
  },
  {
    "ayah": 6,
    "time": 81458
  },
  {
    "ayah": 7,
    "time": 94979
  },
  {
    "ayah": 8,
    "time": 115354
  },
  {
    "ayah": 9,
    "time": 127170
  },
  {
    "ayah": 10,
    "time": 141692
  },
  {
    "ayah": 11,
    "time": 155011
  },
  {
    "ayah": 12,
    "time": 170031
  },
  {
    "ayah": 13,
    "time": 181545
  },
  {
    "ayah": 14,
    "time": 195466
  },
  {
    "ayah": 15,
    "time": 204575
  },
  {
    "ayah": 16,
    "time": 215692
  },
  {
    "ayah": 17,
    "time": 225506
  },
  {
    "ayah": 18,
    "time": 242429
  },
  {
    "ayah": 19,
    "time": 258452
  },
  {
    "ayah": 20,
    "time": 276025
  },
  {
    "ayah": 21,
    "time": 283685
  },
  {
    "ayah": 22,
    "time": 293947
  },
  {
    "ayah": 23,
    "time": 310972
  },
  {
    "ayah": 24,
    "time": 317983
  },
  {
    "ayah": 25,
    "time": 345920
  },
  {
    "ayah": 26,
    "time": 366198
  },
  {
    "ayah": 27,
    "time": 378515
  },
  {
    "ayah": 28,
    "time": 387427
  },
  {
    "ayah": 29,
    "time": 404451
  },
  {
    "ayah": 30,
    "time": 425478
  },
  {
    "ayah": 31,
    "time": 451162
  },
  {
    "ayah": 32,
    "time": 467835
  },
  {
    "ayah": 33,
    "time": 481104
  },
  {
    "ayah": 34,
    "time": 495825
  },
  {
    "ayah": 35,
    "time": 508940
  },
  {
    "ayah": 36,
    "time": 526264
  },
  {
    "ayah": 37,
    "time": 548645
  },
  {
    "ayah": 38,
    "time": 561066
  },
  {
    "ayah": 39,
    "time": 570726
  },
  {
    "ayah": 40,
    "time": 589153
  },
  {
    "ayah": 41,
    "time": 604474
  },
  {
    "ayah": 42,
    "time": 620894
  },
  {
    "ayah": 43,
    "time": 638468
  },
  {
    "ayah": 44,
    "time": 658697
  },
  {
    "ayah": 45,
    "time": 685392
  },
  {
    "ayah": 46,
    "time": 703165
  },
  {
    "ayah": 47,
    "time": 721592
  },
  {
    "ayah": 48,
    "time": 748129
  },
  {
    "ayah": 49,
    "time": 761650
  },
  {
    "ayah": 50,
    "time": 773213
  },
  {
    "ayah": 51,
    "time": 786282
  },
  {
    "ayah": 52,
    "time": 799499
  },
  {
    "ayah": 53,
    "time": 813017
  },
  {
    "ayah": 54,
    "time": 823033
  },
  {
    "ayah": 55,
    "time": 835598
  },
  {
    "ayah": 56,
    "time": 845660
  },
  {
    "ayah": 57,
    "time": 861733
  },
  {
    "ayah": 58,
    "time": 874149
  },
  {
    "ayah": 59,
    "time": 885114
  },
  {
    "ayah": 60,
    "time": 897732
  },
  {
    "ayah": 61,
    "time": 908948
  },
  {
    "ayah": 62,
    "time": 920561
  },
  {
    "ayah": 63,
    "time": 932680
  },
  {
    "ayah": 64,
    "time": 945497
  },
  {
    "ayah": 65,
    "time": 960418
  },
  {
    "ayah": 66,
    "time": 974787
  },
  {
    "ayah": 67,
    "time": 989756
  },
  {
    "ayah": 68,
    "time": 1002175
  },
  {
    "ayah": 69,
    "time": 1016095
  },
  {
    "ayah": 70,
    "time": 1027860
  },
  {
    "ayah": 71,
    "time": 1037222
  },
  {
    "ayah": 72,
    "time": 1049739
  },
  {
    "ayah": 73,
    "time": 1064758
  },
  {
    "ayah": 74,
    "time": 1093500
  },
  {
    "ayah": 75,
    "time": 1119686
  },
  {
    "ayah": 76,
    "time": 1130650
  },
  {
    "ayah": 77,
    "time": 1147724
  },
  {
    "ayah": 78,
    "time": 1168650
  },
  {
    "ayah": 79,
    "time": 1187676
  },
  {
    "ayah": 80,
    "time": 1215065
  },
  {
    "ayah": 81,
    "time": 1231337
  },
  {
    "ayah": 82,
    "time": 1255570
  },
  {
    "ayah": 83,
    "time": 1274846
  },
  {
    "ayah": 84,
    "time": 1291367
  },
  {
    "ayah": 85,
    "time": 1331073
  },
  {
    "ayah": 86,
    "time": 1343089
  },
  {
    "ayah": 87,
    "time": 1355555
  },
  {
    "ayah": 88,
    "time": 1401371
  },
  {
    "ayah": 89,
    "time": 1416291
  },
  {
    "ayah": 90,
    "time": 1432864
  },
  {
    "ayah": 91,
    "time": 1463604
  },
  {
    "ayah": 92,
    "time": 1484682
  },
  {
    "ayah": 93,
    "time": 1502457
  },
  {
    "ayah": 94,
    "time": 1514972
  },
  {
    "ayah": 95,
    "time": 1534000
  },
  {
    "ayah": 96,
    "time": 1546919
  },
  {
    "ayah": 97,
    "time": 1563339
  },
  {
    "ayah": 98,
    "time": 1589776
  },
  {
    "ayah": 99,
    "time": 1607398
  },
  {
    "ayah": 100,
    "time": 1623623
  },
  {
    "ayah": 101,
    "time": 1634135
  },
  {
    "ayah": 102,
    "time": 1649908
  },
  {
    "ayah": 103,
    "time": 1663376
  },
  {
    "ayah": 104,
    "time": 1683253
  },
  {
    "ayah": 105,
    "time": 1711692
  },
  {
    "ayah": 106,
    "time": 1727764
  },
  {
    "ayah": 107,
    "time": 1737977
  },
  {
    "ayah": 108,
    "time": 1748191
  },
  {
    "ayah": 109,
    "time": 1768669
  },
  {
    "ayah": 110,
    "time": 1791750
  },
  {
    "ayah": 111,
    "time": 1803717
  },
  {
    "ayah": 112,
    "time": 1815283
  },
  {
    "ayah": 999,
    "time": 1830504
  }
]