[
  {
    "ayah": 1,
    "time": 3462
  },
  {
    "ayah": 2,
    "time": 15902
  },
  {
    "ayah": 3,
    "time": 21777
  },
  {
    "ayah": 4,
    "time": 26964
  },
  {
    "ayah": 5,
    "time": 45838
  },
  {
    "ayah": 6,
    "time": 52279
  },
  {
    "ayah": 7,
    "time": 58703
  },
  {
    "ayah": 8,
    "time": 78518
  },
  {
    "ayah": 9,
    "time": 83205
  },
  {
    "ayah": 10,
    "time": 91141
  },
  {
    "ayah": 11,
    "time": 98140
  },
  {
    "ayah": 12,
    "time": 104311
  },
  {
    "ayah": 13,
    "time": 116940
  },
  {
    "ayah": 14,
    "time": 122253
  },
  {
    "ayah": 15,
    "time": 125751
  },
  {
    "ayah": 16,
    "time": 133315
  },
  {
    "ayah": 17,
    "time": 141003
  },
  {
    "ayah": 18,
    "time": 146441
  },
  {
    "ayah": 19,
    "time": 152379
  },
  {
    "ayah": 20,
    "time": 157001
  },
  {
    "ayah": 21,
    "time": 163941
  },
  {
    "ayah": 22,
    "time": 174879
  },
  {
    "ayah": 23,
    "time": 178502
  },
  {
    "ayah": 24,
    "time": 190966
  },
  {
    "ayah": 25,
    "time": 199129
  },
  {
    "ayah": 26,
    "time": 214505
  },
  {
    "ayah": 27,
    "time": 223066
  },
  {
    "ayah": 28,
    "time": 234253
  },
  {
    "ayah": 999,
    "time": 253195
  }
]