[
  {
    "ayah": 0,
    "time": 1021
  },
  {
    "ayah": 1,
    "time": 13844
  },
  {
    "ayah": 2,
    "time": 27968
  },
  {
    "ayah": 3,
    "time": 43774
  },
  {
    "ayah": 4,
    "time": 67778
  },
  {
    "ayah": 5,
    "time": 84735
  },
  {
    "ayah": 6,
    "time": 112543
  },
  {
    "ayah": 7,
    "time": 124174
  },
  {
    "ayah": 8,
    "time": 137968
  },
  {
    "ayah": 9,
    "time": 153123
  },
  {
    "ayah": 10,
    "time": 173003
  },
  {
    "ayah": 11,
    "time": 188459
  },
  {
    "ayah": 12,
    "time": 215366
  },
  {
    "ayah": 13,
    "time": 233964
  },
  {
    "ayah": 14,
    "time": 248258
  },
  {
    "ayah": 15,
    "time": 258088
  },
  {
    "ayah": 16,
    "time": 266116
  },
  {
    "ayah": 17,
    "time": 278369
  },
  {
    "ayah": 18,
    "time": 301071
  },
  {
    "ayah": 19,
    "time": 319570
  },
  {
    "ayah": 20,
    "time": 342673
  },
  {
    "ayah": 21,
    "time": 370541
  },
  {
    "ayah": 22,
    "time": 381652
  },
  {
    "ayah": 23,
    "time": 430220
  },
  {
    "ayah": 24,
    "time": 448499
  },
  {
    "ayah": 25,
    "time": 463554
  },
  {
    "ayah": 26,
    "time": 475526
  },
  {
    "ayah": 27,
    "time": 503273
  },
  {
    "ayah": 28,
    "time": 548399
  },
  {
    "ayah": 29,
    "time": 580451
  },
  {
    "ayah": 30,
    "time": 601832
  },
  {
    "ayah": 31,
    "time": 631632
  },
  {
    "ayah": 32,
    "time": 651802
  },
  {
    "ayah": 33,
    "time": 682993
  },
  {
    "ayah": 34,
    "time": 715726
  },
  {
    "ayah": 35,
    "time": 732643
  },
  {
    "ayah": 36,
    "time": 756707
  },
  {
    "ayah": 37,
    "time": 776987
  },
  {
    "ayah": 38,
    "time": 834444
  },
  {
    "ayah": 39,
    "time": 898829
  },
  {
    "ayah": 40,
    "time": 919900
  },
  {
    "ayah": 41,
    "time": 954665
  },
  {
    "ayah": 42,
    "time": 970731
  },
  {
    "ayah": 43,
    "time": 1002512
  },
  {
    "ayah": 44,
    "time": 1053203
  },
  {
    "ayah": 45,
    "time": 1090120
  },
  {
    "ayah": 46,
    "time": 1105726
  },
  {
    "ayah": 47,
    "time": 1134464
  },
  {
    "ayah": 48,
    "time": 1156046
  },
  {
    "ayah": 49,
    "time": 1186536
  },
  {
    "ayah": 50,
    "time": 1211301
  },
  {
    "ayah": 51,
    "time": 1249109
  },
  {
    "ayah": 52,
    "time": 1277087
  },
  {
    "ayah": 53,
    "time": 1293623
  },
  {
    "ayah": 54,
    "time": 1343333
  },
  {
    "ayah": 55,
    "time": 1385796
  },
  {
    "ayah": 56,
    "time": 1397908
  },
  {
    "ayah": 57,
    "time": 1415505
  },
  {
    "ayah": 58,
    "time": 1458949
  },
  {
    "ayah": 59,
    "time": 1480000
  },
  {
    "ayah": 60,
    "time": 1509800
  },
  {
    "ayah": 61,
    "time": 1522612
  },
  {
    "ayah": 62,
    "time": 1535065
  },
  {
    "ayah": 63,
    "time": 1547177
  },
  {
    "ayah": 64,
    "time": 1569760
  },
  {
    "ayah": 65,
    "time": 1590721
  },
  {
    "ayah": 66,
    "time": 1607617
  },
  {
    "ayah": 67,
    "time": 1631701
  },
  {
    "ayah": 68,
    "time": 1644795
  },
  {
    "ayah": 69,
    "time": 1653123
  },
  {
    "ayah": 70,
    "time": 1691372
  },
  {
    "ayah": 71,
    "time": 1715906
  },
  {
    "ayah": 72,
    "time": 1764094
  },
  {
    "ayah": 73,
    "time": 1791221
  },
  {
    "ayah": 74,
    "time": 1838208
  },
  {
    "ayah": 75,
    "time": 1875605
  },
  {
    "ayah": 76,
    "time": 1909119
  },
  {
    "ayah": 77,
    "time": 1924474
  },
  {
    "ayah": 78,
    "time": 1950941
  },
  {
    "ayah": 79,
    "time": 1959899
  },
  {
    "ayah": 80,
    "time": 1981431
  },
  {
    "ayah": 81,
    "time": 1997887
  },
  {
    "ayah": 82,
    "time": 2016846
  },
  {
    "ayah": 83,
    "time": 2044214
  },
  {
    "ayah": 84,
    "time": 2056146
  },
  {
    "ayah": 85,
    "time": 2069479
  },
  {
    "ayah": 86,
    "time": 2113343
  },
  {
    "ayah": 87,
    "time": 2144534
  },
  {
    "ayah": 88,
    "time": 2172802
  },
  {
    "ayah": 89,
    "time": 2200930
  },
  {
    "ayah": 90,
    "time": 2247817
  },
  {
    "ayah": 91,
    "time": 2263033
  },
  {
    "ayah": 92,
    "time": 2272222
  },
  {
    "ayah": 93,
    "time": 2289119
  },
  {
    "ayah": 94,
    "time": 2310840
  },
  {
    "ayah": 95,
    "time": 2336236
  },
  {
    "ayah": 96,
    "time": 2365916
  },
  {
    "ayah": 97,
    "time": 2400099
  },
  {
    "ayah": 98,
    "time": 2415725
  },
  {
    "ayah": 99,
    "time": 2429299
  },
  {
    "ayah": 100,
    "time": 2442892
  },
  {
    "ayah": 101,
    "time": 2467357
  },
  {
    "ayah": 102,
    "time": 2497987
  },
  {
    "ayah": 103,
    "time": 2513663
  },
  {
    "ayah": 104,
    "time": 2536406
  },
  {
    "ayah": 105,
    "time": 2548458
  },
  {
    "ayah": 106,
    "time": 2573643
  },
  {
    "ayah": 107,
    "time": 2587797
  },
  {
    "ayah": 108,
    "time": 2596065
  },
  {
    "ayah": 109,
    "time": 2606256
  },
  {
    "ayah": 110,
    "time": 2616866
  },
  {
    "ayah": 111,
    "time": 2627447
  },
  {
    "ayah": 112,
    "time": 2638928
  },
  {
    "ayah": 113,
    "time": 2644974
  },
  {
    "ayah": 114,
    "time": 2667117
  },
  {
    "ayah": 115,
    "time": 2675285
  },
  {
    "ayah": 116,
    "time": 2693163
  },
  {
    "ayah": 117,
    "time": 2713723
  },
  {
    "ayah": 118,
    "time": 2730160
  },
  {
    "ayah": 119,
    "time": 2737787
  },
  {
    "ayah": 120,
    "time": 2746656
  },
  {
    "ayah": 121,
    "time": 2752652
  },
  {
    "ayah": 122,
    "time": 2761230
  },
  {
    "ayah": 123,
    "time": 2766336
  },
  {
    "ayah": 124,
    "time": 2792021
  },
  {
    "ayah": 125,
    "time": 2807477
  },
  {
    "ayah": 126,
    "time": 2820249
  },
  {
    "ayah": 127,
    "time": 2850520
  },
  {
    "ayah": 128,
    "time": 2879979
  },
  {
    "ayah": 129,
    "time": 2902652
  },
  {
    "ayah": 130,
    "time": 2930340
  },
  {
    "ayah": 131,
    "time": 2946456
  },
  {
    "ayah": 132,
    "time": 2981471
  },
  {
    "ayah": 133,
    "time": 2994684
  },
  {
    "ayah": 134,
    "time": 3017146
  },
  {
    "ayah": 135,
    "time": 3046336
  },
  {
    "ayah": 136,
    "time": 3061741
  },
  {
    "ayah": 137,
    "time": 3087236
  },
  {
    "ayah": 138,
    "time": 3127357
  },
  {
    "ayah": 139,
    "time": 3160710
  },
  {
    "ayah": 140,
    "time": 3176165
  },
  {
    "ayah": 141,
    "time": 3188578
  },
  {
    "ayah": 142,
    "time": 3224033
  },
  {
    "ayah": 143,
    "time": 3253623
  },
  {
    "ayah": 144,
    "time": 3309218
  },
  {
    "ayah": 145,
    "time": 3330420
  },
  {
    "ayah": 146,
    "time": 3357787
  },
  {
    "ayah": 147,
    "time": 3399148
  },
  {
    "ayah": 148,
    "time": 3419048
  },
  {
    "ayah": 149,
    "time": 3445695
  },
  {
    "ayah": 150,
    "time": 3469379
  },
  {
    "ayah": 151,
    "time": 3526315
  },
  {
    "ayah": 152,
    "time": 3540039
  },
  {
    "ayah": 153,
    "time": 3560039
  },
  {
    "ayah": 154,
    "time": 3579199
  },
  {
    "ayah": 155,
    "time": 3600249
  },
  {
    "ayah": 156,
    "time": 3657627
  },
  {
    "ayah": 157,
    "time": 3702161
  },
  {
    "ayah": 158,
    "time": 3784834
  },
  {
    "ayah": 159,
    "time": 3834243
  },
  {
    "ayah": 160,
    "time": 3848337
  },
  {
    "ayah": 161,
    "time": 3910640
  },
  {
    "ayah": 162,
    "time": 3938227
  },
  {
    "ayah": 163,
    "time": 3962291
  },
  {
    "ayah": 164,
    "time": 4000610
  },
  {
    "ayah": 165,
    "time": 4025534
  },
  {
    "ayah": 166,
    "time": 4063072
  },
  {
    "ayah": 167,
    "time": 4075885
  },
  {
    "ayah": 168,
    "time": 4105915
  },
  {
    "ayah": 169,
    "time": 4127256
  },
  {
    "ayah": 170,
    "time": 4185594
  },
  {
    "ayah": 171,
    "time": 4199568
  },
  {
    "ayah": 172,
    "time": 4233563
  },
  {
    "ayah": 173,
    "time": 4269819
  },
  {
    "ayah": 174,
    "time": 4294904
  },
  {
    "ayah": 175,
    "time": 4303432
  },
  {
    "ayah": 176,
    "time": 4325214
  },
  {
    "ayah": 177,
    "time": 4362081
  },
  {
    "ayah": 178,
    "time": 4377867
  },
  {
    "ayah": 179,
    "time": 4392221
  },
  {
    "ayah": 180,
    "time": 4429389
  },
  {
    "ayah": 181,
    "time": 4451821
  },
  {
    "ayah": 182,
    "time": 4465214
  },
  {
    "ayah": 183,
    "time": 4477106
  },
  {
    "ayah": 184,
    "time": 4484683
  },
  {
    "ayah": 185,
    "time": 4500750
  },
  {
    "ayah": 186,
    "time": 4529228
  },
  {
    "ayah": 187,
    "time": 4541510
  },
  {
    "ayah": 188,
    "time": 4588357
  },
  {
    "ayah": 189,
    "time": 4623973
  },
  {
    "ayah": 190,
    "time": 4663432
  },
  {
    "ayah": 191,
    "time": 4686275
  },
  {
    "ayah": 192,
    "time": 4695184
  },
  {
    "ayah": 193,
    "time": 4708077
  },
  {
    "ayah": 194,
    "time": 4726615
  },
  {
    "ayah": 195,
    "time": 4747316
  },
  {
    "ayah": 196,
    "time": 4781931
  },
  {
    "ayah": 197,
    "time": 4796445
  },
  {
    "ayah": 198,
    "time": 4813242
  },
  {
    "ayah": 199,
    "time": 4828497
  },
  {
    "ayah": 200,
    "time": 4837386
  },
  {
    "ayah": 201,
    "time": 4857426
  },
  {
    "ayah": 202,
    "time": 4877967
  },
  {
    "ayah": 203,
    "time": 4887957
  },
  {
    "ayah": 204,
    "time": 4921490
  },
  {
    "ayah": 205,
    "time": 4933502
  },
  {
    "ayah": 206,
    "time": 4952742
  }
]