[
  {
    "ayah": 1,
    "time": 5612
  },
  {
    "ayah": 2,
    "time": 16757
  },
  {
    "ayah": 3,
    "time": 37577
  },
  {
    "ayah": 4,
    "time": 40481
  },
  {
    "ayah": 5,
    "time": 46718
  },
  {
    "ayah": 6,
    "time": 64312
  },
  {
    "ayah": 7,
    "time": 76307
  },
  {
    "ayah": 8,
    "time": 86571
  },
  {
    "ayah": 9,
    "time": 94280
  },
  {
    "ayah": 10,
    "time": 103553
  },
  {
    "ayah": 11,
    "time": 127066
  },
  {
    "ayah": 12,
    "time": 134589
  },
  {
    "ayah": 13,
    "time": 144931
  },
  {
    "ayah": 14,
    "time": 157842
  },
  {
    "ayah": 15,
    "time": 186649
  },
  {
    "ayah": 16,
    "time": 211573
  },
  {
    "ayah": 17,
    "time": 235682
  },
  {
    "ayah": 18,
    "time": 268058
  },
  {
    "ayah": 19,
    "time": 297586
  },
  {
    "ayah": 20,
    "time": 352007
  },
  {
    "ayah": 21,
    "time": 367425
  },
  {
    "ayah": 22,
    "time": 410350
  },
  {
    "ayah": 23,
    "time": 454560
  },
  {
    "ayah": 24,
    "time": 463323
  },
  {
    "ayah": 25,
    "time": 483803
  },
  {
    "ayah": 26,
    "time": 492163
  },
  {
    "ayah": 27,
    "time": 516079
  },
  {
    "ayah": 28,
    "time": 531604
  },
  {
    "ayah": 29,
    "time": 560390
  },
  {
    "ayah": 30,
    "time": 601589
  },
  {
    "ayah": 31,
    "time": 613013
  },
  {
    "ayah": 32,
    "time": 658517
  },
  {
    "ayah": 33,
    "time": 675847
  },
  {
    "ayah": 34,
    "time": 688246
  },
  {
    "ayah": 35,
    "time": 702303
  },
  {
    "ayah": 36,
    "time": 717117
  },
  {
    "ayah": 37,
    "time": 735011
  },
  {
    "ayah": 38,
    "time": 756731
  },
  {
    "ayah": 39,
    "time": 766994
  },
  {
    "ayah": 40,
    "time": 788310
  },
  {
    "ayah": 41,
    "time": 811390
  },
  {
    "ayah": 42,
    "time": 820957
  },
  {
    "ayah": 43,
    "time": 844549
  },
  {
    "ayah": 44,
    "time": 856584
  },
  {
    "ayah": 45,
    "time": 867861
  },
  {
    "ayah": 46,
    "time": 898433
  },
  {
    "ayah": 47,
    "time": 914626
  },
  {
    "ayah": 48,
    "time": 928898
  },
  {
    "ayah": 49,
    "time": 945330
  },
  {
    "ayah": 50,
    "time": 978760
  },
  {
    "ayah": 51,
    "time": 1018141
  },
  {
    "ayah": 52,
    "time": 1033373
  },
  {
    "ayah": 53,
    "time": 1053775
  },
  {
    "ayah": 54,
    "time": 1068125
  },
  {
    "ayah": 55,
    "time": 1083250
  },
  {
    "ayah": 56,
    "time": 1107498
  },
  {
    "ayah": 57,
    "time": 1132801
  },
  {
    "ayah": 58,
    "time": 1168374
  },
  {
    "ayah": 59,
    "time": 1189086
  },
  {
    "ayah": 60,
    "time": 1203854
  },
  {
    "ayah": 61,
    "time": 1218065
  },
  {
    "ayah": 62,
    "time": 1230046
  },
  {
    "ayah": 63,
    "time": 1244582
  },
  {
    "ayah": 64,
    "time": 1272817
  },
  {
    "ayah": 65,
    "time": 1283606
  },
  {
    "ayah": 66,
    "time": 1299845
  },
  {
    "ayah": 67,
    "time": 1312120
  },
  {
    "ayah": 68,
    "time": 1318607
  },
  {
    "ayah": 69,
    "time": 1324784
  },
  {
    "ayah": 70,
    "time": 1338909
  },
  {
    "ayah": 71,
    "time": 1351594
  },
  {
    "ayah": 72,
    "time": 1368398
  },
  {
    "ayah": 73,
    "time": 1376286
  },
  {
    "ayah": 74,
    "time": 1385309
  },
  {
    "ayah": 75,
    "time": 1412834
  },
  {
    "ayah": 76,
    "time": 1421286
  },
  {
    "ayah": 77,
    "time": 1434846
  },
  {
    "ayah": 78,
    "time": 1473299
  },
  {
    "ayah": 79,
    "time": 1485155
  },
  {
    "ayah": 80,
    "time": 1508307
  },
  {
    "ayah": 81,
    "time": 1523189
  },
  {
    "ayah": 82,
    "time": 1535621
  },
  {
    "ayah": 83,
    "time": 1586533
  },
  {
    "ayah": 84,
    "time": 1596086
  },
  {
    "ayah": 85,
    "time": 1607417
  },
  {
    "ayah": 86,
    "time": 1609939
  },
  {
    "ayah": 87,
    "time": 1639010
  },
  {
    "ayah": 88,
    "time": 1654010
  },
  {
    "ayah": 89,
    "time": 1669003
  },
  {
    "ayah": 90,
    "time": 1672486
  },
  {
    "ayah": 91,
    "time": 1687029
  },
  {
    "ayah": 92,
    "time": 1692681
  },
  {
    "ayah": 93,
    "time": 1696257
  },
  {
    "ayah": 94,
    "time": 1710096
  },
  {
    "ayah": 95,
    "time": 1732540
  },
  {
    "ayah": 96,
    "time": 1745994
  },
  {
    "ayah": 97,
    "time": 1771489
  },
  {
    "ayah": 98,
    "time": 1780684
  },
  {
    "ayah": 99,
    "time": 1798239
  },
  {
    "ayah": 100,
    "time": 1809709
  },
  {
    "ayah": 101,
    "time": 1817418
  },
  {
    "ayah": 102,
    "time": 1830746
  },
  {
    "ayah": 103,
    "time": 1854617
  },
  {
    "ayah": 104,
    "time": 1861258
  },
  {
    "ayah": 105,
    "time": 1876676
  },
  {
    "ayah": 106,
    "time": 1898038
  },
  {
    "ayah": 107,
    "time": 1912992
  },
  {
    "ayah": 108,
    "time": 1924787
  },
  {
    "ayah": 109,
    "time": 1931071
  },
  {
    "ayah": 110,
    "time": 1955205
  }
]