[
  {
    "ayah": 1,
    "time": 13381
  },
  {
    "ayah": 2,
    "time": 54474
  },
  {
    "ayah": 3,
    "time": 77050
  },
  {
    "ayah": 4,
    "time": 115456
  },
  {
    "ayah": 5,
    "time": 136108
  },
  {
    "ayah": 6,
    "time": 157981
  },
  {
    "ayah": 7,
    "time": 210147
  },
  {
    "ayah": 8,
    "time": 247206
  },
  {
    "ayah": 9,
    "time": 262439
  },
  {
    "ayah": 10,
    "time": 283708
  },
  {
    "ayah": 11,
    "time": 306364
  },
  {
    "ayah": 12,
    "time": 395721
  },
  {
    "ayah": 13,
    "time": 497285
  },
  {
    "ayah": 14,
    "time": 520459
  },
  {
    "ayah": 15,
    "time": 539824
  },
  {
    "ayah": 16,
    "time": 576419
  },
  {
    "ayah": 17,
    "time": 595598
  },
  {
    "ayah": 18,
    "time": 624888
  },
  {
    "ayah": 19,
    "time": 659393
  },
  {
    "ayah": 20,
    "time": 715910
  },
  {
    "ayah": 21,
    "time": 739051
  },
  {
    "ayah": 22,
    "time": 752280
  },
  {
    "ayah": 23,
    "time": 775460
  },
  {
    "ayah": 24,
    "time": 857087
  },
  {
    "ayah": 25,
    "time": 908650
  },
  {
    "ayah": 26,
    "time": 989580
  },
  {
    "ayah": 27,
    "time": 1005742
  },
  {
    "ayah": 28,
    "time": 1020802
  },
  {
    "ayah": 29,
    "time": 1031562
  },
  {
    "ayah": 30,
    "time": 1062923
  },
  {
    "ayah": 31,
    "time": 1076098
  },
  {
    "ayah": 32,
    "time": 1097335
  },
  {
    "ayah": 33,
    "time": 1127243
  },
  {
    "ayah": 34,
    "time": 1151670
  },
  {
    "ayah": 35,
    "time": 1204047
  },
  {
    "ayah": 36,
    "time": 1235444
  },
  {
    "ayah": 37,
    "time": 1274178
  },
  {
    "ayah": 38,
    "time": 1293669
  },
  {
    "ayah": 39,
    "time": 1316346
  },
  {
    "ayah": 40,
    "time": 1333622
  },
  {
    "ayah": 41,
    "time": 1347739
  },
  {
    "ayah": 42,
    "time": 1362586
  },
  {
    "ayah": 43,
    "time": 1380990
  },
  {
    "ayah": 44,
    "time": 1456487
  },
  {
    "ayah": 45,
    "time": 1469955
  },
  {
    "ayah": 46,
    "time": 1481904
  },
  {
    "ayah": 47,
    "time": 1530712
  },
  {
    "ayah": 48,
    "time": 1565589
  },
  {
    "ayah": 49,
    "time": 1586533
  },
  {
    "ayah": 50,
    "time": 1600976
  },
  {
    "ayah": 51,
    "time": 1612307
  },
  {
    "ayah": 52,
    "time": 1636535
  },
  {
    "ayah": 53,
    "time": 1650574
  },
  {
    "ayah": 54,
    "time": 1659251
  },
  {
    "ayah": 55,
    "time": 1680713
  },
  {
    "ayah": 56,
    "time": 1692927
  },
  {
    "ayah": 57,
    "time": 1720312
  },
  {
    "ayah": 58,
    "time": 1753717
  },
  {
    "ayah": 59,
    "time": 1781706
  },
  {
    "ayah": 60,
    "time": 1813949
  },
  {
    "ayah": 61,
    "time": 1854492
  },
  {
    "ayah": 62,
    "time": 1870328
  },
  {
    "ayah": 63,
    "time": 1900467
  },
  {
    "ayah": 64,
    "time": 1922976
  },
  {
    "ayah": 65,
    "time": 1958703
  },
  {
    "ayah": 66,
    "time": 1982326
  },
  {
    "ayah": 67,
    "time": 2014416
  },
  {
    "ayah": 68,
    "time": 2022961
  },
  {
    "ayah": 69,
    "time": 2028534
  },
  {
    "ayah": 70,
    "time": 2062542
  },
  {
    "ayah": 71,
    "time": 2071630
  },
  {
    "ayah": 72,
    "time": 2090499
  },
  {
    "ayah": 73,
    "time": 2108379
  },
  {
    "ayah": 74,
    "time": 2134989
  },
  {
    "ayah": 75,
    "time": 2155315
  },
  {
    "ayah": 76,
    "time": 2195082
  },
  {
    "ayah": 77,
    "time": 2222839
  },
  {
    "ayah": 78,
    "time": 2279402
  },
  {
    "ayah": 79,
    "time": 2324463
  },
  {
    "ayah": 80,
    "time": 2349945
  },
  {
    "ayah": 81,
    "time": 2365238
  },
  {
    "ayah": 82,
    "time": 2395749
  },
  {
    "ayah": 83,
    "time": 2411260
  },
  {
    "ayah": 84,
    "time": 2444000
  },
  {
    "ayah": 85,
    "time": 2467405
  },
  {
    "ayah": 86,
    "time": 2491308
  },
  {
    "ayah": 87,
    "time": 2508737
  },
  {
    "ayah": 88,
    "time": 2527684
  },
  {
    "ayah": 89,
    "time": 2550008
  },
  {
    "ayah": 90,
    "time": 2582669
  },
  {
    "ayah": 91,
    "time": 2621540
  },
  {
    "ayah": 92,
    "time": 2661803
  },
  {
    "ayah": 93,
    "time": 2739729
  },
  {
    "ayah": 94,
    "time": 2773444
  },
  {
    "ayah": 95,
    "time": 2817562
  },
  {
    "ayah": 96,
    "time": 2852803
  },
  {
    "ayah": 97,
    "time": 2862656
  },
  {
    "ayah": 98,
    "time": 2899289
  },
  {
    "ayah": 99,
    "time": 2917873
  },
  {
    "ayah": 100,
    "time": 2927079
  },
  {
    "ayah": 101,
    "time": 2962873
  },
  {
    "ayah": 102,
    "time": 2986279
  },
  {
    "ayah": 103,
    "time": 3079669
  },
  {
    "ayah": 104,
    "time": 3104979
  },
  {
    "ayah": 105,
    "time": 3137580
  },
  {
    "ayah": 106,
    "time": 3160182
  },
  {
    "ayah": 107,
    "time": 3169609
  },
  {
    "ayah": 108,
    "time": 3184298
  },
  {
    "ayah": 109,
    "time": 3205646
  },
  {
    "ayah": 110,
    "time": 3227952
  },
  {
    "ayah": 111,
    "time": 3241698
  },
  {
    "ayah": 112,
    "time": 3254044
  },
  {
    "ayah": 113,
    "time": 3276985
  },
  {
    "ayah": 114,
    "time": 3316870
  },
  {
    "ayah": 115,
    "time": 3342612
  },
  {
    "ayah": 116,
    "time": 3369965
  },
  {
    "ayah": 117,
    "time": 3389602
  },
  {
    "ayah": 118,
    "time": 3408928
  },
  {
    "ayah": 119,
    "time": 3420027
  },
  {
    "ayah": 120,
    "time": 3455322
  },
  {
    "ayah": 121,
    "time": 3464331
  },
  {
    "ayah": 122,
    "time": 3473573
  },
  {
    "ayah": 123,
    "time": 3502133
  },
  {
    "ayah": 124,
    "time": 3525817
  },
  {
    "ayah": 125,
    "time": 3547776
  },
  {
    "ayah": 126,
    "time": 3566624
  },
  {
    "ayah": 127,
    "time": 3578341
  },
  {
    "ayah": 128,
    "time": 3630539
  },
  {
    "ayah": 129,
    "time": 3665494
  },
  {
    "ayah": 130,
    "time": 3691787
  },
  {
    "ayah": 131,
    "time": 3703443
  },
  {
    "ayah": 132,
    "time": 3732196
  },
  {
    "ayah": 133,
    "time": 3740448
  },
  {
    "ayah": 134,
    "time": 3753273
  },
  {
    "ayah": 135,
    "time": 3768559
  },
  {
    "ayah": 136,
    "time": 3819085
  },
  {
    "ayah": 137,
    "time": 3857956
  },
  {
    "ayah": 138,
    "time": 3877042
  },
  {
    "ayah": 139,
    "time": 3883962
  },
  {
    "ayah": 140,
    "time": 3904117
  },
  {
    "ayah": 141,
    "time": 3938018
  },
  {
    "ayah": 142,
    "time": 3981161
  },
  {
    "ayah": 143,
    "time": 4006363
  },
  {
    "ayah": 144,
    "time": 4030241
  },
  {
    "ayah": 145,
    "time": 4055140
  },
  {
    "ayah": 146,
    "time": 4066278
  },
  {
    "ayah": 147,
    "time": 4091448
  },
  {
    "ayah": 148,
    "time": 4105838
  },
  {
    "ayah": 149,
    "time": 4118762
  },
  {
    "ayah": 150,
    "time": 4133344
  },
  {
    "ayah": 151,
    "time": 4161998
  },
  {
    "ayah": 152,
    "time": 4172990
  },
  {
    "ayah": 153,
    "time": 4193902
  },
  {
    "ayah": 154,
    "time": 4237370
  },
  {
    "ayah": 155,
    "time": 4259475
  },
  {
    "ayah": 156,
    "time": 4290125
  },
  {
    "ayah": 157,
    "time": 4296852
  },
  {
    "ayah": 158,
    "time": 4330946
  },
  {
    "ayah": 159,
    "time": 4339477
  },
  {
    "ayah": 160,
    "time": 4353098
  },
  {
    "ayah": 161,
    "time": 4369245
  },
  {
    "ayah": 162,
    "time": 4384663
  },
  {
    "ayah": 163,
    "time": 4420018
  },
  {
    "ayah": 164,
    "time": 4462092
  },
  {
    "ayah": 165,
    "time": 4477418
  },
  {
    "ayah": 166,
    "time": 4494686
  },
  {
    "ayah": 167,
    "time": 4514987
  },
  {
    "ayah": 168,
    "time": 4526087
  },
  {
    "ayah": 169,
    "time": 4537032
  },
  {
    "ayah": 170,
    "time": 4548828
  },
  {
    "ayah": 171,
    "time": 4573827
  },
  {
    "ayah": 172,
    "time": 4628069
  },
  {
    "ayah": 173,
    "time": 4651335
  },
  {
    "ayah": 174,
    "time": 4684904
  },
  {
    "ayah": 175,
    "time": 4705763
  },
  {
    "ayah": 176,
    "time": 4729633
  }
]