[
  {
    "ayah": 1,
    "time": 5890
  },
  {
    "ayah": 2,
    "time": 16214
  },
  {
    "ayah": 3,
    "time": 29217
  },
  {
    "ayah": 4,
    "time": 49730
  },
  {
    "ayah": 5,
    "time": 60643
  },
  {
    "ayah": 6,
    "time": 80348
  },
  {
    "ayah": 7,
    "time": 92329
  },
  {
    "ayah": 8,
    "time": 111555
  },
  {
    "ayah": 9,
    "time": 121061
  },
  {
    "ayah": 10,
    "time": 133832
  },
  {
    "ayah": 11,
    "time": 145921
  },
  {
    "ayah": 12,
    "time": 158785
  },
  {
    "ayah": 13,
    "time": 170380
  },
  {
    "ayah": 14,
    "time": 186588
  },
  {
    "ayah": 15,
    "time": 195644
  },
  {
    "ayah": 16,
    "time": 205025
  },
  {
    "ayah": 17,
    "time": 213755
  },
  {
    "ayah": 18,
    "time": 228337
  },
  {
    "ayah": 19,
    "time": 241448
  },
  {
    "ayah": 20,
    "time": 255937
  },
  {
    "ayah": 21,
    "time": 262996
  },
  {
    "ayah": 22,
    "time": 272037
  },
  {
    "ayah": 23,
    "time": 287316
  },
  {
    "ayah": 24,
    "time": 294436
  },
  {
    "ayah": 25,
    "time": 318292
  },
  {
    "ayah": 26,
    "time": 336807
  },
  {
    "ayah": 27,
    "time": 347781
  },
  {
    "ayah": 28,
    "time": 356101
  },
  {
    "ayah": 29,
    "time": 369886
  },
  {
    "ayah": 30,
    "time": 387362
  },
  {
    "ayah": 31,
    "time": 410071
  },
  {
    "ayah": 32,
    "time": 424049
  },
  {
    "ayah": 33,
    "time": 435274
  },
  {
    "ayah": 34,
    "time": 448105
  },
  {
    "ayah": 35,
    "time": 459437
  },
  {
    "ayah": 36,
    "time": 477209
  },
  {
    "ayah": 37,
    "time": 499879
  },
  {
    "ayah": 38,
    "time": 510010
  },
  {
    "ayah": 39,
    "time": 518540
  },
  {
    "ayah": 40,
    "time": 546511
  },
  {
    "ayah": 41,
    "time": 560336
  },
  {
    "ayah": 42,
    "time": 574918
  },
  {
    "ayah": 43,
    "time": 592580
  },
  {
    "ayah": 44,
    "time": 610545
  },
  {
    "ayah": 45,
    "time": 635941
  },
  {
    "ayah": 46,
    "time": 653263
  },
  {
    "ayah": 47,
    "time": 675429
  },
  {
    "ayah": 48,
    "time": 698927
  },
  {
    "ayah": 49,
    "time": 711498
  },
  {
    "ayah": 50,
    "time": 721622
  },
  {
    "ayah": 51,
    "time": 734779
  },
  {
    "ayah": 52,
    "time": 746607
  },
  {
    "ayah": 53,
    "time": 759624
  },
  {
    "ayah": 54,
    "time": 768062
  },
  {
    "ayah": 55,
    "time": 779686
  },
  {
    "ayah": 56,
    "time": 788635
  },
  {
    "ayah": 57,
    "time": 802117
  },
  {
    "ayah": 58,
    "time": 812551
  },
  {
    "ayah": 59,
    "time": 822179
  },
  {
    "ayah": 60,
    "time": 833364
  },
  {
    "ayah": 61,
    "time": 843720
  },
  {
    "ayah": 62,
    "time": 853890
  },
  {
    "ayah": 63,
    "time": 865029
  },
  {
    "ayah": 64,
    "time": 875863
  },
  {
    "ayah": 65,
    "time": 889238
  },
  {
    "ayah": 66,
    "time": 901716
  },
  {
    "ayah": 67,
    "time": 913155
  },
  {
    "ayah": 68,
    "time": 925308
  },
  {
    "ayah": 69,
    "time": 937257
  },
  {
    "ayah": 70,
    "time": 948017
  },
  {
    "ayah": 71,
    "time": 955926
  },
  {
    "ayah": 72,
    "time": 965346
  },
  {
    "ayah": 73,
    "time": 977149
  },
  {
    "ayah": 74,
    "time": 1005152
  },
  {
    "ayah": 75,
    "time": 1026182
  },
  {
    "ayah": 76,
    "time": 1034874
  },
  {
    "ayah": 77,
    "time": 1047087
  },
  {
    "ayah": 78,
    "time": 1063281
  },
  {
    "ayah": 79,
    "time": 1082553
  },
  {
    "ayah": 80,
    "time": 1102862
  },
  {
    "ayah": 81,
    "time": 1116176
  },
  {
    "ayah": 82,
    "time": 1134580
  },
  {
    "ayah": 83,
    "time": 1149905
  },
  {
    "ayah": 84,
    "time": 1163451
  },
  {
    "ayah": 85,
    "time": 1189797
  },
  {
    "ayah": 86,
    "time": 1198481
  },
  {
    "ayah": 87,
    "time": 1207569
  },
  {
    "ayah": 88,
    "time": 1234087
  },
  {
    "ayah": 89,
    "time": 1245557
  },
  {
    "ayah": 90,
    "time": 1259828
  },
  {
    "ayah": 91,
    "time": 1282166
  },
  {
    "ayah": 92,
    "time": 1300728
  },
  {
    "ayah": 93,
    "time": 1314242
  },
  {
    "ayah": 94,
    "time": 1323955
  },
  {
    "ayah": 95,
    "time": 1339134
  },
  {
    "ayah": 96,
    "time": 1349783
  },
  {
    "ayah": 97,
    "time": 1363661
  },
  {
    "ayah": 98,
    "time": 1382244
  },
  {
    "ayah": 99,
    "time": 1395665
  },
  {
    "ayah": 100,
    "time": 1409504
  },
  {
    "ayah": 101,
    "time": 1416828
  },
  {
    "ayah": 102,
    "time": 1430852
  },
  {
    "ayah": 103,
    "time": 1440087
  },
  {
    "ayah": 104,
    "time": 1455605
  },
  {
    "ayah": 105,
    "time": 1478500
  },
  {
    "ayah": 106,
    "time": 1491053
  },
  {
    "ayah": 107,
    "time": 1498283
  },
  {
    "ayah": 108,
    "time": 1506510
  },
  {
    "ayah": 109,
    "time": 1523236
  },
  {
    "ayah": 110,
    "time": 1540458
  },
  {
    "ayah": 111,
    "time": 1549096
  },
  {
    "ayah": 112,
    "time": 1557355
  }
]