[
  {
    "ayah": 1,
    "time": 2961
  },
  {
    "ayah": 2,
    "time": 12399
  },
  {
    "ayah": 3,
    "time": 19179
  },
  {
    "ayah": 4,
    "time": 28089
  },
  {
    "ayah": 5,
    "time": 37026
  },
  {
    "ayah": 6,
    "time": 44396
  },
  {
    "ayah": 7,
    "time": 52848
  },
  {
    "ayah": 8,
    "time": 62097
  },
  {
    "ayah": 9,
    "time": 72517
  },
  {
    "ayah": 10,
    "time": 80255
  },
  {
    "ayah": 11,
    "time": 87360
  },
  {
    "ayah": 12,
    "time": 95673
  },
  {
    "ayah": 13,
    "time": 101524
  },
  {
    "ayah": 14,
    "time": 109401
  },
  {
    "ayah": 15,
    "time": 120618
  },
  {
    "ayah": 16,
    "time": 131903
  },
  {
    "ayah": 17,
    "time": 141509
  },
  {
    "ayah": 18,
    "time": 147121
  },
  {
    "ayah": 19,
    "time": 154652
  },
  {
    "ayah": 20,
    "time": 170952
  },
  {
    "ayah": 21,
    "time": 179358
  },
  {
    "ayah": 22,
    "time": 192532
  },
  {
    "ayah": 23,
    "time": 209065
  },
  {
    "ayah": 24,
    "time": 217145
  },
  {
    "ayah": 25,
    "time": 226401
  },
  {
    "ayah": 26,
    "time": 236054
  },
  {
    "ayah": 27,
    "time": 245381
  },
  {
    "ayah": 28,
    "time": 254360
  },
  {
    "ayah": 29,
    "time": 267921
  },
  {
    "ayah": 30,
    "time": 276737
  },
  {
    "ayah": 31,
    "time": 283060
  },
  {
    "ayah": 32,
    "time": 290026
  },
  {
    "ayah": 33,
    "time": 297550
  },
  {
    "ayah": 34,
    "time": 307945
  },
  {
    "ayah": 35,
    "time": 313086
  },
  {
    "ayah": 36,
    "time": 320484
  },
  {
    "ayah": 37,
    "time": 326839
  },
  {
    "ayah": 38,
    "time": 332040
  },
  {
    "ayah": 39,
    "time": 336073
  },
  {
    "ayah": 40,
    "time": 347823
  },
  {
    "ayah": 41,
    "time": 352506
  },
  {
    "ayah": 42,
    "time": 357729
  },
  {
    "ayah": 43,
    "time": 368781
  },
  {
    "ayah": 44,
    "time": 374958
  },
  {
    "ayah": 45,
    "time": 384006
  },
  {
    "ayah": 46,
    "time": 390662
  },
  {
    "ayah": 47,
    "time": 395659
  },
  {
    "ayah": 48,
    "time": 407234
  },
  {
    "ayah": 49,
    "time": 416775
  },
  {
    "ayah": 50,
    "time": 423720
  },
  {
    "ayah": 51,
    "time": 429007
  },
  {
    "ayah": 52,
    "time": 434947
  },
  {
    "ayah": 53,
    "time": 444278
  },
  {
    "ayah": 54,
    "time": 452269
  },
  {
    "ayah": 55,
    "time": 461940
  },
  {
    "ayah": 56,
    "time": 469974
  },
  {
    "ayah": 57,
    "time": 480351
  },
  {
    "ayah": 58,
    "time": 485863
  },
  {
    "ayah": 59,
    "time": 492869
  },
  {
    "ayah": 60,
    "time": 500206
  },
  {
    "ayah": 61,
    "time": 509430
  },
  {
    "ayah": 62,
    "time": 516321
  },
  {
    "ayah": 63,
    "time": 521004
  },
  {
    "ayah": 64,
    "time": 527359
  },
  {
    "ayah": 65,
    "time": 533729
  },
  {
    "ayah": 66,
    "time": 549068
  },
  {
    "ayah": 67,
    "time": 560585
  },
  {
    "ayah": 68,
    "time": 566383
  },
  {
    "ayah": 69,
    "time": 574424
  },
  {
    "ayah": 70,
    "time": 578822
  },
  {
    "ayah": 71,
    "time": 584177
  },
  {
    "ayah": 72,
    "time": 593279
  },
  {
    "ayah": 73,
    "time": 600052
  },
  {
    "ayah": 74,
    "time": 604896
  },
  {
    "ayah": 75,
    "time": 616406
  },
  {
    "ayah": 76,
    "time": 623511
  },
  {
    "ayah": 77,
    "time": 630088
  },
  {
    "ayah": 78,
    "time": 635771
  },
  {
    "ayah": 79,
    "time": 641623
  },
  {
    "ayah": 80,
    "time": 649928
  },
  {
    "ayah": 81,
    "time": 655680
  },
  {
    "ayah": 82,
    "time": 662917
  },
  {
    "ayah": 83,
    "time": 669680
  },
  {
    "ayah": 84,
    "time": 674177
  },
  {
    "ayah": 85,
    "time": 680347
  },
  {
    "ayah": 86,
    "time": 696329
  },
  {
    "ayah": 87,
    "time": 702798
  },
  {
    "ayah": 88,
    "time": 711654
  },
  {
    "ayah": 89,
    "time": 727462
  },
  {
    "ayah": 90,
    "time": 733381
  },
  {
    "ayah": 91,
    "time": 738482
  },
  {
    "ayah": 92,
    "time": 743001
  },
  {
    "ayah": 93,
    "time": 748335
  },
  {
    "ayah": 94,
    "time": 752761
  },
  {
    "ayah": 95,
    "time": 759069
  },
  {
    "ayah": 96,
    "time": 763978
  },
  {
    "ayah": 97,
    "time": 773087
  },
  {
    "ayah": 98,
    "time": 780750
  },
  {
    "ayah": 99,
    "time": 787483
  }
]