[
  {
    "ayah": 1,
    "time": 3585
  },
  {
    "ayah": 2,
    "time": 12086
  },
  {
    "ayah": 3,
    "time": 16710
  },
  {
    "ayah": 4,
    "time": 20586
  },
  {
    "ayah": 5,
    "time": 29399
  },
  {
    "ayah": 6,
    "time": 38586
  },
  {
    "ayah": 7,
    "time": 57899
  },
  {
    "ayah": 8,
    "time": 76425
  },
  {
    "ayah": 9,
    "time": 85401
  },
  {
    "ayah": 10,
    "time": 92336
  },
  {
    "ayah": 11,
    "time": 122402
  },
  {
    "ayah": 12,
    "time": 133339
  },
  {
    "ayah": 13,
    "time": 148902
  },
  {
    "ayah": 14,
    "time": 159539
  },
  {
    "ayah": 15,
    "time": 176093
  },
  {
    "ayah": 16,
    "time": 199279
  },
  {
    "ayah": 17,
    "time": 219605
  },
  {
    "ayah": 18,
    "time": 233280
  },
  {
    "ayah": 19,
    "time": 245405
  },
  {
    "ayah": 20,
    "time": 256844
  },
  {
    "ayah": 21,
    "time": 281969
  },
  {
    "ayah": 22,
    "time": 301857
  },
  {
    "ayah": 23,
    "time": 314594
  },
  {
    "ayah": 24,
    "time": 330719
  },
  {
    "ayah": 25,
    "time": 337874
  },
  {
    "ayah": 26,
    "time": 352126
  },
  {
    "ayah": 27,
    "time": 360063
  },
  {
    "ayah": 28,
    "time": 382188
  },
  {
    "ayah": 29,
    "time": 391963
  },
  {
    "ayah": 30,
    "time": 412440
  },
  {
    "ayah": 31,
    "time": 424440
  },
  {
    "ayah": 32,
    "time": 439567
  },
  {
    "ayah": 33,
    "time": 460066
  },
  {
    "ayah": 34,
    "time": 489882
  },
  {
    "ayah": 999,
    "time": 518398
  }
]