[
  {
    "ayah": 1,
    "time": 6533
  },
  {
    "ayah": 2,
    "time": 11309
  },
  {
    "ayah": 3,
    "time": 15914
  },
  {
    "ayah": 4,
    "time": 19358
  },
  {
    "ayah": 5,
    "time": 22794
  },
  {
    "ayah": 6,
    "time": 26317
  },
  {
    "ayah": 7,
    "time": 29853
  },
  {
    "ayah": 8,
    "time": 32965
  },
  {
    "ayah": 9,
    "time": 38723
  },
  {
    "ayah": 10,
    "time": 41921
  },
  {
    "ayah": 11,
    "time": 49537
  },
  {
    "ayah": 12,
    "time": 55806
  },
  {
    "ayah": 13,
    "time": 61736
  },
  {
    "ayah": 14,
    "time": 68073
  },
  {
    "ayah": 15,
    "time": 72617
  },
  {
    "ayah": 16,
    "time": 76743
  },
  {
    "ayah": 17,
    "time": 83238
  },
  {
    "ayah": 18,
    "time": 89329
  },
  {
    "ayah": 19,
    "time": 96162
  },
  {
    "ayah": 20,
    "time": 100913
  },
  {
    "ayah": 21,
    "time": 104761
  },
  {
    "ayah": 22,
    "time": 107215
  },
  {
    "ayah": 23,
    "time": 110844
  },
  {
    "ayah": 24,
    "time": 113384
  },
  {
    "ayah": 25,
    "time": 117525
  },
  {
    "ayah": 26,
    "time": 123801
  },
  {
    "ayah": 27,
    "time": 130992
  },
  {
    "ayah": 28,
    "time": 140194
  },
  {
    "ayah": 29,
    "time": 144267
  },
  {
    "ayah": 30,
    "time": 149336
  },
  {
    "ayah": 31,
    "time": 153801
  },
  {
    "ayah": 32,
    "time": 160528
  },
  {
    "ayah": 33,
    "time": 163693
  },
  {
    "ayah": 34,
    "time": 168137
  },
  {
    "ayah": 35,
    "time": 178029
  },
  {
    "ayah": 36,
    "time": 183748
  },
  {
    "ayah": 37,
    "time": 188856
  },
  {
    "ayah": 38,
    "time": 192750
  },
  {
    "ayah": 39,
    "time": 196744
  },
  {
    "ayah": 40,
    "time": 201588
  },
  {
    "ayah": 41,
    "time": 211419
  },
  {
    "ayah": 42,
    "time": 216960
  },
  {
    "ayah": 43,
    "time": 223401
  },
  {
    "ayah": 44,
    "time": 228616
  },
  {
    "ayah": 45,
    "time": 233160
  },
  {
    "ayah": 46,
    "time": 242527
  }
]