[
  {
    "ayah": 1,
    "time": 4080
  },
  {
    "ayah": 2,
    "time": 9483
  },
  {
    "ayah": 3,
    "time": 14998
  },
  {
    "ayah": 4,
    "time": 22901
  },
  {
    "ayah": 5,
    "time": 29613
  },
  {
    "ayah": 6,
    "time": 37072
  },
  {
    "ayah": 7,
    "time": 48086
  },
  {
    "ayah": 8,
    "time": 70717
  },
  {
    "ayah": 9,
    "time": 77375
  },
  {
    "ayah": 10,
    "time": 88644
  },
  {
    "ayah": 11,
    "time": 97706
  },
  {
    "ayah": 12,
    "time": 108319
  },
  {
    "ayah": 13,
    "time": 119885
  },
  {
    "ayah": 14,
    "time": 127644
  },
  {
    "ayah": 15,
    "time": 137658
  },
  {
    "ayah": 16,
    "time": 143666
  },
  {
    "ayah": 17,
    "time": 153378
  },
  {
    "ayah": 18,
    "time": 169152
  },
  {
    "ayah": 19,
    "time": 178363
  },
  {
    "ayah": 20,
    "time": 193333
  },
  {
    "ayah": 21,
    "time": 202045
  },
  {
    "ayah": 22,
    "time": 207002
  },
  {
    "ayah": 23,
    "time": 212058
  },
  {
    "ayah": 24,
    "time": 215915
  },
  {
    "ayah": 25,
    "time": 228531
  },
  {
    "ayah": 26,
    "time": 243251
  },
  {
    "ayah": 27,
    "time": 247760
  },
  {
    "ayah": 28,
    "time": 253114
  },
  {
    "ayah": 29,
    "time": 259325
  },
  {
    "ayah": 30,
    "time": 264734
  },
  {
    "ayah": 31,
    "time": 268537
  },
  {
    "ayah": 32,
    "time": 273399
  },
  {
    "ayah": 33,
    "time": 284407
  },
  {
    "ayah": 34,
    "time": 292170
  },
  {
    "ayah": 35,
    "time": 298228
  },
  {
    "ayah": 36,
    "time": 303986
  },
  {
    "ayah": 37,
    "time": 309446
  },
  {
    "ayah": 38,
    "time": 316003
  },
  {
    "ayah": 39,
    "time": 322365
  },
  {
    "ayah": 40,
    "time": 325913
  },
  {
    "ayah": 41,
    "time": 332428
  },
  {
    "ayah": 42,
    "time": 341386
  },
  {
    "ayah": 43,
    "time": 350005
  },
  {
    "ayah": 44,
    "time": 356808
  },
  {
    "ayah": 45,
    "time": 365017
  },
  {
    "ayah": 46,
    "time": 369726
  },
  {
    "ayah": 47,
    "time": 375589
  },
  {
    "ayah": 48,
    "time": 383946
  },
  {
    "ayah": 49,
    "time": 391455
  },
  {
    "ayah": 50,
    "time": 400728
  },
  {
    "ayah": 51,
    "time": 408280
  },
  {
    "ayah": 52,
    "time": 413836
  },
  {
    "ayah": 999,
    "time": 418942
  }
]