[
  {
    "ayah": 1,
    "time": 3662
  },
  {
    "ayah": 2,
    "time": 6914
  },
  {
    "ayah": 3,
    "time": 11217
  },
  {
    "ayah": 4,
    "time": 13700
  },
  {
    "ayah": 5,
    "time": 17702
  },
  {
    "ayah": 6,
    "time": 22248
  },
  {
    "ayah": 7,
    "time": 25936
  },
  {
    "ayah": 8,
    "time": 29685
  },
  {
    "ayah": 9,
    "time": 32336
  },
  {
    "ayah": 10,
    "time": 34772
  },
  {
    "ayah": 11,
    "time": 37967
  },
  {
    "ayah": 12,
    "time": 40270
  },
  {
    "ayah": 13,
    "time": 43190
  },
  {
    "ayah": 14,
    "time": 44615
  },
  {
    "ayah": 15,
    "time": 49470
  },
  {
    "ayah": 16,
    "time": 52197
  },
  {
    "ayah": 17,
    "time": 55465
  },
  {
    "ayah": 18,
    "time": 64150
  },
  {
    "ayah": 19,
    "time": 68401
  },
  {
    "ayah": 20,
    "time": 74964
  },
  {
    "ayah": 999,
    "time": 79522
  }
]