[
  {
    "ayah": 1,
    "time": 6030
  },
  {
    "ayah": 2,
    "time": 24527
  },
  {
    "ayah": 3,
    "time": 36448
  },
  {
    "ayah": 4,
    "time": 67577
  },
  {
    "ayah": 5,
    "time": 94419
  },
  {
    "ayah": 6,
    "time": 131650
  },
  {
    "ayah": 7,
    "time": 173135
  },
  {
    "ayah": 8,
    "time": 189699
  },
  {
    "ayah": 9,
    "time": 264057
  },
  {
    "ayah": 10,
    "time": 281232
  },
  {
    "ayah": 11,
    "time": 309468
  },
  {
    "ayah": 12,
    "time": 335381
  }
]