[
  {
    "ayah": 1,
    "time": 3555
  },
  {
    "ayah": 2,
    "time": 9433
  },
  {
    "ayah": 3,
    "time": 14481
  },
  {
    "ayah": 4,
    "time": 26994
  },
  {
    "ayah": 5,
    "time": 44308
  },
  {
    "ayah": 6,
    "time": 56683
  },
  {
    "ayah": 7,
    "time": 61482
  },
  {
    "ayah": 8,
    "time": 68787
  },
  {
    "ayah": 9,
    "time": 75664
  },
  {
    "ayah": 10,
    "time": 87228
  },
  {
    "ayah": 11,
    "time": 101040
  },
  {
    "ayah": 12,
    "time": 112479
  },
  {
    "ayah": 13,
    "time": 126227
  },
  {
    "ayah": 14,
    "time": 145291
  },
  {
    "ayah": 15,
    "time": 158480
  },
  {
    "ayah": 16,
    "time": 176356
  },
  {
    "ayah": 17,
    "time": 188605
  },
  {
    "ayah": 18,
    "time": 200292
  },
  {
    "ayah": 19,
    "time": 208917
  },
  {
    "ayah": 20,
    "time": 219858
  },
  {
    "ayah": 21,
    "time": 239484
  },
  {
    "ayah": 22,
    "time": 249107
  },
  {
    "ayah": 23,
    "time": 263293
  },
  {
    "ayah": 24,
    "time": 277109
  },
  {
    "ayah": 25,
    "time": 287168
  },
  {
    "ayah": 26,
    "time": 295796
  },
  {
    "ayah": 27,
    "time": 310736
  },
  {
    "ayah": 28,
    "time": 325673
  },
  {
    "ayah": 29,
    "time": 332359
  },
  {
    "ayah": 30,
    "time": 340296
  },
  {
    "ayah": 999,
    "time": 348985
  }
]