[
  {
    "ayah": 1,
    "time": 3771
  },
  {
    "ayah": 2,
    "time": 8222
  },
  {
    "ayah": 3,
    "time": 13289
  },
  {
    "ayah": 4,
    "time": 20724
  },
  {
    "ayah": 5,
    "time": 24725
  },
  {
    "ayah": 6,
    "time": 29040
  },
  {
    "ayah": 7,
    "time": 35327
  },
  {
    "ayah": 8,
    "time": 49688
  },
  {
    "ayah": 9,
    "time": 53808
  },
  {
    "ayah": 10,
    "time": 61634
  },
  {
    "ayah": 11,
    "time": 67258
  },
  {
    "ayah": 12,
    "time": 75034
  },
  {
    "ayah": 13,
    "time": 83758
  },
  {
    "ayah": 14,
    "time": 88200
  },
  {
    "ayah": 15,
    "time": 95135
  },
  {
    "ayah": 16,
    "time": 99714
  },
  {
    "ayah": 17,
    "time": 106301
  },
  {
    "ayah": 18,
    "time": 116403
  },
  {
    "ayah": 19,
    "time": 132123
  },
  {
    "ayah": 20,
    "time": 141230
  },
  {
    "ayah": 21,
    "time": 147125
  },
  {
    "ayah": 22,
    "time": 150387
  },
  {
    "ayah": 23,
    "time": 153413
  },
  {
    "ayah": 24,
    "time": 156036
  },
  {
    "ayah": 25,
    "time": 165014
  },
  {
    "ayah": 26,
    "time": 182515
  },
  {
    "ayah": 27,
    "time": 185977
  },
  {
    "ayah": 28,
    "time": 190513
  },
  {
    "ayah": 29,
    "time": 198902
  },
  {
    "ayah": 30,
    "time": 203000
  },
  {
    "ayah": 31,
    "time": 208854
  },
  {
    "ayah": 32,
    "time": 213090
  },
  {
    "ayah": 33,
    "time": 221840
  },
  {
    "ayah": 34,
    "time": 229402
  },
  {
    "ayah": 35,
    "time": 234654
  },
  {
    "ayah": 36,
    "time": 239267
  },
  {
    "ayah": 37,
    "time": 244081
  },
  {
    "ayah": 38,
    "time": 250768
  },
  {
    "ayah": 39,
    "time": 254477
  },
  {
    "ayah": 40,
    "time": 257215
  },
  {
    "ayah": 41,
    "time": 261690
  },
  {
    "ayah": 42,
    "time": 268342
  },
  {
    "ayah": 43,
    "time": 274780
  },
  {
    "ayah": 44,
    "time": 280255
  },
  {
    "ayah": 45,
    "time": 284315
  },
  {
    "ayah": 46,
    "time": 287492
  },
  {
    "ayah": 47,
    "time": 291100
  },
  {
    "ayah": 48,
    "time": 296904
  },
  {
    "ayah": 49,
    "time": 302291
  },
  {
    "ayah": 50,
    "time": 309493
  },
  {
    "ayah": 51,
    "time": 315081
  },
  {
    "ayah": 52,
    "time": 318900
  },
  {
    "ayah": 999,
    "time": 325400
  }
]