[
  {
    "ayah": 1,
    "time": 3333
  },
  {
    "ayah": 2,
    "time": 14145
  },
  {
    "ayah": 3,
    "time": 27082
  },
  {
    "ayah": 4,
    "time": 51708
  },
  {
    "ayah": 5,
    "time": 63086
  },
  {
    "ayah": 6,
    "time": 73651
  },
  {
    "ayah": 7,
    "time": 84209
  },
  {
    "ayah": 8,
    "time": 101084
  },
  {
    "ayah": 9,
    "time": 113148
  },
  {
    "ayah": 10,
    "time": 136277
  },
  {
    "ayah": 11,
    "time": 149024
  },
  {
    "ayah": 12,
    "time": 159276
  },
  {
    "ayah": 13,
    "time": 182277
  },
  {
    "ayah": 14,
    "time": 204031
  },
  {
    "ayah": 15,
    "time": 235036
  },
  {
    "ayah": 16,
    "time": 255179
  },
  {
    "ayah": 17,
    "time": 273891
  },
  {
    "ayah": 18,
    "time": 281860
  },
  {
    "ayah": 19,
    "time": 297796
  },
  {
    "ayah": 20,
    "time": 318422
  },
  {
    "ayah": 21,
    "time": 327359
  },
  {
    "ayah": 22,
    "time": 349724
  },
  {
    "ayah": 23,
    "time": 369925
  },
  {
    "ayah": 24,
    "time": 387925
  },
  {
    "ayah": 25,
    "time": 401114
  },
  {
    "ayah": 26,
    "time": 409363
  },
  {
    "ayah": 27,
    "time": 419303
  },
  {
    "ayah": 28,
    "time": 431427
  },
  {
    "ayah": 29,
    "time": 448988
  },
  {
    "ayah": 30,
    "time": 456365
  },
  {
    "ayah": 31,
    "time": 466802
  },
  {
    "ayah": 32,
    "time": 494927
  },
  {
    "ayah": 33,
    "time": 509364
  },
  {
    "ayah": 34,
    "time": 545606
  },
  {
    "ayah": 35,
    "time": 557808
  },
  {
    "ayah": 36,
    "time": 565369
  },
  {
    "ayah": 37,
    "time": 578681
  },
  {
    "ayah": 38,
    "time": 600246
  },
  {
    "ayah": 39,
    "time": 610119
  },
  {
    "ayah": 40,
    "time": 637436
  },
  {
    "ayah": 41,
    "time": 650560
  },
  {
    "ayah": 42,
    "time": 664432
  },
  {
    "ayah": 43,
    "time": 681813
  },
  {
    "ayah": 44,
    "time": 718311
  },
  {
    "ayah": 45,
    "time": 729647
  },
  {
    "ayah": 46,
    "time": 745000
  },
  {
    "ayah": 47,
    "time": 768440
  },
  {
    "ayah": 48,
    "time": 782312
  },
  {
    "ayah": 49,
    "time": 789688
  },
  {
    "ayah": 50,
    "time": 797624
  },
  {
    "ayah": 51,
    "time": 815189
  },
  {
    "ayah": 52,
    "time": 823942
  },
  {
    "ayah": 53,
    "time": 835067
  },
  {
    "ayah": 54,
    "time": 846252
  },
  {
    "ayah": 999,
    "time": 863815
  }
]