[
  {
    "ayah": 1,
    "time": 3390
  },
  {
    "ayah": 2,
    "time": 10888
  },
  {
    "ayah": 3,
    "time": 15389
  },
  {
    "ayah": 4,
    "time": 18575
  },
  {
    "ayah": 5,
    "time": 34327
  },
  {
    "ayah": 6,
    "time": 38577
  },
  {
    "ayah": 7,
    "time": 42438
  },
  {
    "ayah": 8,
    "time": 45798
  },
  {
    "ayah": 9,
    "time": 51863
  },
  {
    "ayah": 10,
    "time": 55676
  },
  {
    "ayah": 11,
    "time": 61299
  },
  {
    "ayah": 12,
    "time": 72237
  },
  {
    "ayah": 13,
    "time": 75989
  },
  {
    "ayah": 14,
    "time": 80303
  },
  {
    "ayah": 15,
    "time": 87802
  },
  {
    "ayah": 16,
    "time": 92664
  },
  {
    "ayah": 17,
    "time": 96000
  },
  {
    "ayah": 18,
    "time": 99845
  },
  {
    "ayah": 19,
    "time": 103334
  },
  {
    "ayah": 20,
    "time": 108581
  },
  {
    "ayah": 21,
    "time": 112395
  },
  {
    "ayah": 22,
    "time": 116769
  },
  {
    "ayah": 23,
    "time": 120028
  },
  {
    "ayah": 24,
    "time": 126875
  },
  {
    "ayah": 25,
    "time": 133689
  },
  {
    "ayah": 26,
    "time": 138515
  },
  {
    "ayah": 27,
    "time": 143517
  },
  {
    "ayah": 28,
    "time": 150900
  },
  {
    "ayah": 29,
    "time": 156247
  },
  {
    "ayah": 30,
    "time": 161746
  },
  {
    "ayah": 31,
    "time": 171809
  },
  {
    "ayah": 32,
    "time": 182992
  },
  {
    "ayah": 33,
    "time": 190430
  },
  {
    "ayah": 34,
    "time": 198871
  },
  {
    "ayah": 35,
    "time": 204618
  },
  {
    "ayah": 36,
    "time": 211119
  },
  {
    "ayah": 37,
    "time": 216833
  },
  {
    "ayah": 38,
    "time": 221497
  },
  {
    "ayah": 39,
    "time": 229995
  },
  {
    "ayah": 40,
    "time": 239297
  },
  {
    "ayah": 41,
    "time": 247870
  },
  {
    "ayah": 42,
    "time": 256060
  },
  {
    "ayah": 43,
    "time": 265374
  },
  {
    "ayah": 44,
    "time": 276560
  },
  {
    "ayah": 999,
    "time": 289900
  }
]