[
  {
    "ayah": 1,
    "time": 6030
  },
  {
    "ayah": 2,
    "time": 25409
  },
  {
    "ayah": 3,
    "time": 56610
  },
  {
    "ayah": 4,
    "time": 80573
  },
  {
    "ayah": 5,
    "time": 94683
  },
  {
    "ayah": 6,
    "time": 107826
  },
  {
    "ayah": 7,
    "time": 139094
  },
  {
    "ayah": 8,
    "time": 176093
  },
  {
    "ayah": 9,
    "time": 185906
  },
  {
    "ayah": 10,
    "time": 228384
  },
  {
    "ayah": 11,
    "time": 245860
  },
  {
    "ayah": 12,
    "time": 304638
  },
  {
    "ayah": 13,
    "time": 346727
  },
  {
    "ayah": 14,
    "time": 382332
  },
  {
    "ayah": 15,
    "time": 416619
  },
  {
    "ayah": 16,
    "time": 446605
  },
  {
    "ayah": 17,
    "time": 462859
  },
  {
    "ayah": 18,
    "time": 486325
  }
]