[
  {
    "ayah": 1,
    "time": 4193
  },
  {
    "ayah": 2,
    "time": 9380
  },
  {
    "ayah": 3,
    "time": 14867
  },
  {
    "ayah": 4,
    "time": 20208
  },
  {
    "ayah": 5,
    "time": 25270
  },
  {
    "ayah": 6,
    "time": 30550
  },
  {
    "ayah": 7,
    "time": 41106
  },
  {
    "ayah": 8,
    "time": 50447
  },
  {
    "ayah": 9,
    "time": 57313
  },
  {
    "ayah": 10,
    "time": 63483
  },
  {
    "ayah": 11,
    "time": 68134
  },
  {
    "ayah": 12,
    "time": 76293
  },
  {
    "ayah": 13,
    "time": 84627
  },
  {
    "ayah": 14,
    "time": 91718
  },
  {
    "ayah": 15,
    "time": 118236
  },
  {
    "ayah": 16,
    "time": 125248
  },
  {
    "ayah": 17,
    "time": 131850
  },
  {
    "ayah": 18,
    "time": 143824
  },
  {
    "ayah": 19,
    "time": 161703
  },
  {
    "ayah": 20,
    "time": 177997
  },
  {
    "ayah": 21,
    "time": 189396
  },
  {
    "ayah": 22,
    "time": 206896
  },
  {
    "ayah": 23,
    "time": 212662
  },
  {
    "ayah": 24,
    "time": 227555
  },
  {
    "ayah": 25,
    "time": 254955
  },
  {
    "ayah": 26,
    "time": 264018
  },
  {
    "ayah": 27,
    "time": 269172
  },
  {
    "ayah": 28,
    "time": 302604
  },
  {
    "ayah": 29,
    "time": 319191
  },
  {
    "ayah": 30,
    "time": 330715
  },
  {
    "ayah": 31,
    "time": 339299
  },
  {
    "ayah": 32,
    "time": 345886
  },
  {
    "ayah": 33,
    "time": 358225
  },
  {
    "ayah": 34,
    "time": 384796
  },
  {
    "ayah": 35,
    "time": 393441
  },
  {
    "ayah": 36,
    "time": 405451
  },
  {
    "ayah": 37,
    "time": 414260
  },
  {
    "ayah": 38,
    "time": 423898
  },
  {
    "ayah": 39,
    "time": 433340
  },
  {
    "ayah": 40,
    "time": 438873
  },
  {
    "ayah": 41,
    "time": 445768
  },
  {
    "ayah": 42,
    "time": 458703
  },
  {
    "ayah": 43,
    "time": 466777
  },
  {
    "ayah": 44,
    "time": 473982
  },
  {
    "ayah": 45,
    "time": 496545
  },
  {
    "ayah": 46,
    "time": 506483
  },
  {
    "ayah": 47,
    "time": 514331
  },
  {
    "ayah": 48,
    "time": 523094
  },
  {
    "ayah": 49,
    "time": 529453
  },
  {
    "ayah": 50,
    "time": 536901
  },
  {
    "ayah": 51,
    "time": 550568
  },
  {
    "ayah": 52,
    "time": 562621
  },
  {
    "ayah": 53,
    "time": 572838
  },
  {
    "ayah": 54,
    "time": 583752
  },
  {
    "ayah": 55,
    "time": 588767
  },
  {
    "ayah": 56,
    "time": 597698
  },
  {
    "ayah": 57,
    "time": 604650
  },
  {
    "ayah": 58,
    "time": 612730
  },
  {
    "ayah": 59,
    "time": 618914
  },
  {
    "ayah": 60,
    "time": 625130
  },
  {
    "ayah": 61,
    "time": 636840
  },
  {
    "ayah": 62,
    "time": 644641
  },
  {
    "ayah": 63,
    "time": 658788
  },
  {
    "ayah": 64,
    "time": 672180
  },
  {
    "ayah": 65,
    "time": 680779
  },
  {
    "ayah": 66,
    "time": 689874
  },
  {
    "ayah": 67,
    "time": 701837
  },
  {
    "ayah": 68,
    "time": 708603
  },
  {
    "ayah": 69,
    "time": 719363
  },
  {
    "ayah": 70,
    "time": 726887
  },
  {
    "ayah": 71,
    "time": 738822
  },
  {
    "ayah": 72,
    "time": 758126
  },
  {
    "ayah": 73,
    "time": 768815
  },
  {
    "ayah": 74,
    "time": 776299
  },
  {
    "ayah": 75,
    "time": 785926
  },
  {
    "ayah": 76,
    "time": 801423
  },
  {
    "ayah": 77,
    "time": 815569
  },
  {
    "ayah": 78,
    "time": 828861
  },
  {
    "ayah": 79,
    "time": 841447
  },
  {
    "ayah": 80,
    "time": 848838
  },
  {
    "ayah": 81,
    "time": 860859
  },
  {
    "ayah": 82,
    "time": 866253
  },
  {
    "ayah": 83,
    "time": 877445
  },
  {
    "ayah": 84,
    "time": 892002
  },
  {
    "ayah": 85,
    "time": 901965
  },
  {
    "ayah": 86,
    "time": 909528
  },
  {
    "ayah": 87,
    "time": 917197
  },
  {
    "ayah": 88,
    "time": 923831
  },
  {
    "ayah": 89,
    "time": 939063
  },
  {
    "ayah": 90,
    "time": 946276
  },
  {
    "ayah": 91,
    "time": 954078
  },
  {
    "ayah": 92,
    "time": 977834
  },
  {
    "ayah": 93,
    "time": 986493
  },
  {
    "ayah": 94,
    "time": 993637
  },
  {
    "ayah": 95,
    "time": 1000678
  },
  {
    "ayah": 96,
    "time": 1010170
  },
  {
    "ayah": 97,
    "time": 1019504
  },
  {
    "ayah": 98,
    "time": 1026106
  },
  {
    "ayah": 99,
    "time": 1032422
  },
  {
    "ayah": 100,
    "time": 1041253
  },
  {
    "ayah": 101,
    "time": 1064923
  },
  {
    "ayah": 102,
    "time": 1081980
  },
  {
    "ayah": 103,
    "time": 1091997
  },
  {
    "ayah": 104,
    "time": 1110416
  },
  {
    "ayah": 105,
    "time": 1119761
  },
  {
    "ayah": 106,
    "time": 1130728
  },
  {
    "ayah": 107,
    "time": 1145071
  },
  {
    "ayah": 108,
    "time": 1156370
  },
  {
    "ayah": 109,
    "time": 1161921
  },
  {
    "ayah": 110,
    "time": 1183066
  },
  {
    "ayah": 111,
    "time": 1198152
  },
  {
    "ayah": 112,
    "time": 1216113
  },
  {
    "ayah": 113,
    "time": 1222772
  },
  {
    "ayah": 114,
    "time": 1233439
  },
  {
    "ayah": 115,
    "time": 1244274
  },
  {
    "ayah": 116,
    "time": 1257370
  },
  {
    "ayah": 117,
    "time": 1271612
  },
  {
    "ayah": 118,
    "time": 1291403
  }
]