[
  {
    "ayah": 1,
    "time": 3620
  },
  {
    "ayah": 2,
    "time": 7370
  },
  {
    "ayah": 3,
    "time": 11484
  },
  {
    "ayah": 4,
    "time": 13986
  },
  {
    "ayah": 5,
    "time": 16328
  },
  {
    "ayah": 6,
    "time": 20153
  },
  {
    "ayah": 7,
    "time": 24693
  },
  {
    "ayah": 8,
    "time": 26955
  },
  {
    "ayah": 9,
    "time": 30302
  },
  {
    "ayah": 10,
    "time": 32885
  },
  {
    "ayah": 11,
    "time": 35358
  },
  {
    "ayah": 12,
    "time": 39078
  },
  {
    "ayah": 13,
    "time": 41307
  },
  {
    "ayah": 14,
    "time": 45185
  },
  {
    "ayah": 15,
    "time": 49676
  },
  {
    "ayah": 16,
    "time": 55492
  },
  {
    "ayah": 17,
    "time": 59487
  },
  {
    "ayah": 18,
    "time": 61655
  },
  {
    "ayah": 19,
    "time": 64107
  },
  {
    "ayah": 999,
    "time": 70263
  }
]