[
  {
    "ayah": 1,
    "time": 13846
  },
  {
    "ayah": 2,
    "time": 18661
  },
  {
    "ayah": 3,
    "time": 25767
  },
  {
    "ayah": 4,
    "time": 36773
  },
  {
    "ayah": 5,
    "time": 46618
  },
  {
    "ayah": 6,
    "time": 77408
  },
  {
    "ayah": 7,
    "time": 107594
  },
  {
    "ayah": 8,
    "time": 116835
  },
  {
    "ayah": 9,
    "time": 126541
  },
  {
    "ayah": 10,
    "time": 144467
  },
  {
    "ayah": 11,
    "time": 174149
  },
  {
    "ayah": 12,
    "time": 204514
  },
  {
    "ayah": 13,
    "time": 231256
  },
  {
    "ayah": 14,
    "time": 244406
  },
  {
    "ayah": 15,
    "time": 279389
  },
  {
    "ayah": 16,
    "time": 306542
  },
  {
    "ayah": 17,
    "time": 333988
  },
  {
    "ayah": 18,
    "time": 357765
  },
  {
    "ayah": 19,
    "time": 365521
  },
  {
    "ayah": 20,
    "time": 376334
  },
  {
    "ayah": 21,
    "time": 394453
  },
  {
    "ayah": 22,
    "time": 419670
  },
  {
    "ayah": 23,
    "time": 447594
  },
  {
    "ayah": 24,
    "time": 463184
  },
  {
    "ayah": 25,
    "time": 478509
  },
  {
    "ayah": 26,
    "time": 515336
  },
  {
    "ayah": 27,
    "time": 527689
  },
  {
    "ayah": 28,
    "time": 543757
  },
  {
    "ayah": 29,
    "time": 568849
  },
  {
    "ayah": 30,
    "time": 594423
  },
  {
    "ayah": 31,
    "time": 625552
  },
  {
    "ayah": 32,
    "time": 646211
  },
  {
    "ayah": 33,
    "time": 653123
  },
  {
    "ayah": 34,
    "time": 669438
  },
  {
    "ayah": 35,
    "time": 689128
  },
  {
    "ayah": 36,
    "time": 704779
  },
  {
    "ayah": 37,
    "time": 723294
  },
  {
    "ayah": 38,
    "time": 747118
  },
  {
    "ayah": 39,
    "time": 762629
  },
  {
    "ayah": 40,
    "time": 796290
  },
  {
    "ayah": 41,
    "time": 830663
  },
  {
    "ayah": 42,
    "time": 845942
  },
  {
    "ayah": 43,
    "time": 861128
  },
  {
    "ayah": 44,
    "time": 879486
  },
  {
    "ayah": 45,
    "time": 921885
  },
  {
    "ayah": 46,
    "time": 943526
  },
  {
    "ayah": 47,
    "time": 959441
  },
  {
    "ayah": 48,
    "time": 993496
  },
  {
    "ayah": 49,
    "time": 1008681
  },
  {
    "ayah": 50,
    "time": 1024603
  },
  {
    "ayah": 51,
    "time": 1075369
  },
  {
    "ayah": 52,
    "time": 1093613
  },
  {
    "ayah": 53,
    "time": 1111917
  },
  {
    "ayah": 54,
    "time": 1136702
  }
]