[
  {
    "ayah": 1,
    "time": 4523
  },
  {
    "ayah": 2,
    "time": 19743
  },
  {
    "ayah": 3,
    "time": 56343
  },
  {
    "ayah": 4,
    "time": 73567
  },
  {
    "ayah": 5,
    "time": 90489
  },
  {
    "ayah": 6,
    "time": 209751
  },
  {
    "ayah": 7,
    "time": 229329
  },
  {
    "ayah": 8,
    "time": 245351
  },
  {
    "ayah": 9,
    "time": 263075
  },
  {
    "ayah": 10,
    "time": 284105
  },
  {
    "ayah": 11,
    "time": 298224
  },
  {
    "ayah": 12,
    "time": 333771
  },
  {
    "ayah": 13,
    "time": 349793
  },
  {
    "ayah": 14,
    "time": 363912
  },
  {
    "ayah": 15,
    "time": 387747
  },
  {
    "ayah": 16,
    "time": 423994
  },
  {
    "ayah": 17,
    "time": 439364
  },
  {
    "ayah": 18,
    "time": 473963
  },
  {
    "ayah": 19,
    "time": 524932
  },
  {
    "ayah": 20,
    "time": 546911
  },
  {
    "ayah": 21,
    "time": 553738
  },
  {
    "ayah": 22,
    "time": 558793
  },
  {
    "ayah": 23,
    "time": 575268
  },
  {
    "ayah": 24,
    "time": 607162
  },
  {
    "ayah": 25,
    "time": 618278
  },
  {
    "ayah": 26,
    "time": 653375
  },
  {
    "ayah": 27,
    "time": 680911
  },
  {
    "ayah": 28,
    "time": 699188
  },
  {
    "ayah": 29,
    "time": 728625
  },
  {
    "ayah": 30,
    "time": 742645
  },
  {
    "ayah": 31,
    "time": 772336
  },
  {
    "ayah": 32,
    "time": 799123
  },
  {
    "ayah": 33,
    "time": 812943
  },
  {
    "ayah": 34,
    "time": 829715
  },
  {
    "ayah": 35,
    "time": 861906
  },
  {
    "ayah": 36,
    "time": 884940
  },
  {
    "ayah": 37,
    "time": 926397
  },
  {
    "ayah": 38,
    "time": 956238
  },
  {
    "ayah": 39,
    "time": 973761
  },
  {
    "ayah": 40,
    "time": 989230
  },
  {
    "ayah": 41,
    "time": 1041605
  },
  {
    "ayah": 42,
    "time": 1067091
  },
  {
    "ayah": 43,
    "time": 1080606
  },
  {
    "ayah": 44,
    "time": 1086265
  },
  {
    "ayah": 45,
    "time": 1102486
  },
  {
    "ayah": 46,
    "time": 1125919
  },
  {
    "ayah": 47,
    "time": 1157161
  },
  {
    "ayah": 48,
    "time": 1178989
  },
  {
    "ayah": 49,
    "time": 1195914
  },
  {
    "ayah": 50,
    "time": 1208380
  },
  {
    "ayah": 51,
    "time": 1221748
  },
  {
    "ayah": 52,
    "time": 1236069
  },
  {
    "ayah": 53,
    "time": 1281829
  },
  {
    "ayah": 54,
    "time": 1306518
  },
  {
    "ayah": 55,
    "time": 1335002
  },
  {
    "ayah": 56,
    "time": 1355782
  },
  {
    "ayah": 57,
    "time": 1375208
  },
  {
    "ayah": 58,
    "time": 1389578
  },
  {
    "ayah": 59,
    "time": 1414911
  },
  {
    "ayah": 60,
    "time": 1428982
  },
  {
    "ayah": 61,
    "time": 1451811
  },
  {
    "ayah": 62,
    "time": 1471589
  },
  {
    "ayah": 63,
    "time": 1492074
  },
  {
    "ayah": 64,
    "time": 1513497
  },
  {
    "ayah": 65,
    "time": 1527366
  },
  {
    "ayah": 66,
    "time": 1560311
  },
  {
    "ayah": 67,
    "time": 1577384
  },
  {
    "ayah": 68,
    "time": 1602518
  },
  {
    "ayah": 69,
    "time": 1612282
  },
  {
    "ayah": 70,
    "time": 1624996
  },
  {
    "ayah": 71,
    "time": 1647079
  },
  {
    "ayah": 72,
    "time": 1669113
  },
  {
    "ayah": 73,
    "time": 1715472
  },
  {
    "ayah": 74,
    "time": 1753734
  },
  {
    "ayah": 75,
    "time": 1764398
  },
  {
    "ayah": 76,
    "time": 1781172
  },
  {
    "ayah": 77,
    "time": 1792738
  },
  {
    "ayah": 78,
    "time": 1808860
  },
  {
    "ayah": 999,
    "time": 1869042
  }
]