[
  {
    "ayah": 1,
    "time": 13381
  },
  {
    "ayah": 2,
    "time": 26802
  },
  {
    "ayah": 3,
    "time": 56431
  },
  {
    "ayah": 4,
    "time": 69899
  },
  {
    "ayah": 5,
    "time": 83924
  },
  {
    "ayah": 6,
    "time": 197051
  },
  {
    "ayah": 7,
    "time": 212655
  },
  {
    "ayah": 8,
    "time": 226348
  },
  {
    "ayah": 9,
    "time": 241076
  },
  {
    "ayah": 10,
    "time": 259559
  },
  {
    "ayah": 11,
    "time": 270844
  },
  {
    "ayah": 12,
    "time": 297865
  },
  {
    "ayah": 13,
    "time": 312347
  },
  {
    "ayah": 14,
    "time": 326619
  },
  {
    "ayah": 15,
    "time": 347842
  },
  {
    "ayah": 16,
    "time": 380893
  },
  {
    "ayah": 17,
    "time": 395257
  },
  {
    "ayah": 18,
    "time": 422935
  },
  {
    "ayah": 19,
    "time": 470118
  },
  {
    "ayah": 20,
    "time": 491287
  },
  {
    "ayah": 21,
    "time": 498393
  },
  {
    "ayah": 22,
    "time": 504530
  },
  {
    "ayah": 23,
    "time": 524020
  },
  {
    "ayah": 24,
    "time": 559872
  },
  {
    "ayah": 25,
    "time": 574083
  },
  {
    "ayah": 26,
    "time": 614732
  },
  {
    "ayah": 27,
    "time": 638555
  },
  {
    "ayah": 28,
    "time": 655027
  },
  {
    "ayah": 29,
    "time": 686435
  },
  {
    "ayah": 30,
    "time": 697938
  },
  {
    "ayah": 31,
    "time": 722472
  },
  {
    "ayah": 32,
    "time": 751994
  },
  {
    "ayah": 33,
    "time": 765986
  },
  {
    "ayah": 34,
    "time": 783262
  },
  {
    "ayah": 35,
    "time": 813434
  },
  {
    "ayah": 36,
    "time": 840430
  },
  {
    "ayah": 37,
    "time": 878828
  },
  {
    "ayah": 38,
    "time": 904835
  },
  {
    "ayah": 39,
    "time": 920399
  },
  {
    "ayah": 40,
    "time": 934470
  },
  {
    "ayah": 41,
    "time": 983418
  },
  {
    "ayah": 42,
    "time": 1006592
  },
  {
    "ayah": 43,
    "time": 1018930
  },
  {
    "ayah": 44,
    "time": 1024796
  },
  {
    "ayah": 45,
    "time": 1040075
  },
  {
    "ayah": 46,
    "time": 1065603
  },
  {
    "ayah": 47,
    "time": 1092631
  },
  {
    "ayah": 48,
    "time": 1112878
  },
  {
    "ayah": 49,
    "time": 1132351
  },
  {
    "ayah": 50,
    "time": 1145261
  },
  {
    "ayah": 51,
    "time": 1157175
  },
  {
    "ayah": 52,
    "time": 1170464
  },
  {
    "ayah": 53,
    "time": 1212599
  },
  {
    "ayah": 54,
    "time": 1235076
  },
  {
    "ayah": 55,
    "time": 1261115
  },
  {
    "ayah": 56,
    "time": 1283188
  },
  {
    "ayah": 57,
    "time": 1299892
  },
  {
    "ayah": 58,
    "time": 1313452
  },
  {
    "ayah": 59,
    "time": 1340541
  },
  {
    "ayah": 60,
    "time": 1353762
  },
  {
    "ayah": 61,
    "time": 1375178
  },
  {
    "ayah": 62,
    "time": 1393429
  },
  {
    "ayah": 63,
    "time": 1419907
  },
  {
    "ayah": 64,
    "time": 1439026
  },
  {
    "ayah": 65,
    "time": 1450689
  },
  {
    "ayah": 66,
    "time": 1481625
  },
  {
    "ayah": 67,
    "time": 1497447
  },
  {
    "ayah": 68,
    "time": 1520031
  },
  {
    "ayah": 69,
    "time": 1528562
  },
  {
    "ayah": 70,
    "time": 1540465
  },
  {
    "ayah": 71,
    "time": 1560573
  },
  {
    "ayah": 72,
    "time": 1578942
  },
  {
    "ayah": 73,
    "time": 1617276
  },
  {
    "ayah": 74,
    "time": 1653267
  },
  {
    "ayah": 75,
    "time": 1663795
  },
  {
    "ayah": 76,
    "time": 1682046
  },
  {
    "ayah": 77,
    "time": 1692588
  },
  {
    "ayah": 78,
    "time": 1711549
  }
]