[
  {
    "ayah": 1,
    "time": 3685
  },
  {
    "ayah": 2,
    "time": 8795
  },
  {
    "ayah": 3,
    "time": 12501
  },
  {
    "ayah": 4,
    "time": 16607
  },
  {
    "ayah": 5,
    "time": 20612
  },
  {
    "ayah": 6,
    "time": 25065
  },
  {
    "ayah": 7,
    "time": 29024
  },
  {
    "ayah": 8,
    "time": 35583
  },
  {
    "ayah": 9,
    "time": 45696
  },
  {
    "ayah": 10,
    "time": 58413
  },
  {
    "ayah": 11,
    "time": 75587
  },
  {
    "ayah": 12,
    "time": 94559
  },
  {
    "ayah": 13,
    "time": 99526
  },
  {
    "ayah": 14,
    "time": 105230
  },
  {
    "ayah": 15,
    "time": 109083
  },
  {
    "ayah": 16,
    "time": 112334
  },
  {
    "ayah": 17,
    "time": 116092
  },
  {
    "ayah": 18,
    "time": 120695
  },
  {
    "ayah": 19,
    "time": 124151
  },
  {
    "ayah": 20,
    "time": 129163
  },
  {
    "ayah": 21,
    "time": 136118
  },
  {
    "ayah": 22,
    "time": 140876
  },
  {
    "ayah": 999,
    "time": 144531
  }
]