[
  {
    "ayah": 1,
    "time": 4184
  },
  {
    "ayah": 2,
    "time": 22458
  },
  {
    "ayah": 3,
    "time": 36281
  },
  {
    "ayah": 4,
    "time": 48554
  },
  {
    "ayah": 5,
    "time": 57777
  },
  {
    "ayah": 6,
    "time": 72244
  },
  {
    "ayah": 7,
    "time": 89219
  },
  {
    "ayah": 8,
    "time": 101434
  },
  {
    "ayah": 9,
    "time": 115254
  },
  {
    "ayah": 10,
    "time": 133132
  },
  {
    "ayah": 11,
    "time": 148202
  },
  {
    "ayah": 12,
    "time": 164126
  },
  {
    "ayah": 13,
    "time": 178688
  },
  {
    "ayah": 14,
    "time": 200121
  },
  {
    "ayah": 15,
    "time": 217765
  },
  {
    "ayah": 16,
    "time": 226776
  },
  {
    "ayah": 17,
    "time": 239093
  },
  {
    "ayah": 18,
    "time": 253864
  },
  {
    "ayah": 19,
    "time": 263829
  },
  {
    "ayah": 20,
    "time": 278297
  },
  {
    "ayah": 21,
    "time": 290965
  },
  {
    "ayah": 22,
    "time": 300935
  },
  {
    "ayah": 23,
    "time": 315355
  },
  {
    "ayah": 24,
    "time": 339892
  },
  {
    "ayah": 25,
    "time": 356314
  },
  {
    "ayah": 26,
    "time": 371185
  },
  {
    "ayah": 27,
    "time": 381899
  },
  {
    "ayah": 28,
    "time": 397469
  },
  {
    "ayah": 999,
    "time": 414293
  }
]