[
  {
    "ayah": 1,
    "time": 3509
  },
  {
    "ayah": 2,
    "time": 10758
  },
  {
    "ayah": 3,
    "time": 19571
  },
  {
    "ayah": 4,
    "time": 34071
  },
  {
    "ayah": 5,
    "time": 41883
  },
  {
    "ayah": 6,
    "time": 53695
  },
  {
    "ayah": 7,
    "time": 61132
  },
  {
    "ayah": 8,
    "time": 75760
  },
  {
    "ayah": 9,
    "time": 83260
  },
  {
    "ayah": 10,
    "time": 92636
  },
  {
    "ayah": 11,
    "time": 101598
  },
  {
    "ayah": 12,
    "time": 113635
  },
  {
    "ayah": 13,
    "time": 119636
  },
  {
    "ayah": 14,
    "time": 128448
  },
  {
    "ayah": 15,
    "time": 134761
  },
  {
    "ayah": 16,
    "time": 144564
  },
  {
    "ayah": 17,
    "time": 151825
  },
  {
    "ayah": 18,
    "time": 161199
  },
  {
    "ayah": 19,
    "time": 172202
  },
  {
    "ayah": 20,
    "time": 183887
  },
  {
    "ayah": 21,
    "time": 189202
  },
  {
    "ayah": 22,
    "time": 195575
  },
  {
    "ayah": 23,
    "time": 207892
  },
  {
    "ayah": 24,
    "time": 213326
  },
  {
    "ayah": 25,
    "time": 231703
  },
  {
    "ayah": 26,
    "time": 243739
  },
  {
    "ayah": 27,
    "time": 251000
  },
  {
    "ayah": 28,
    "time": 257303
  },
  {
    "ayah": 29,
    "time": 270015
  },
  {
    "ayah": 30,
    "time": 285578
  },
  {
    "ayah": 31,
    "time": 305332
  },
  {
    "ayah": 32,
    "time": 316082
  },
  {
    "ayah": 33,
    "time": 325269
  },
  {
    "ayah": 34,
    "time": 335206
  },
  {
    "ayah": 35,
    "time": 344894
  },
  {
    "ayah": 36,
    "time": 359393
  },
  {
    "ayah": 37,
    "time": 377269
  },
  {
    "ayah": 38,
    "time": 389335
  },
  {
    "ayah": 39,
    "time": 395206
  },
  {
    "ayah": 40,
    "time": 409585
  },
  {
    "ayah": 41,
    "time": 420334
  },
  {
    "ayah": 42,
    "time": 434648
  },
  {
    "ayah": 43,
    "time": 447524
  },
  {
    "ayah": 44,
    "time": 460458
  },
  {
    "ayah": 45,
    "time": 483120
  },
  {
    "ayah": 46,
    "time": 495648
  },
  {
    "ayah": 47,
    "time": 506960
  },
  {
    "ayah": 48,
    "time": 525836
  },
  {
    "ayah": 49,
    "time": 535275
  },
  {
    "ayah": 50,
    "time": 543526
  },
  {
    "ayah": 51,
    "time": 556840
  },
  {
    "ayah": 52,
    "time": 564463
  },
  {
    "ayah": 53,
    "time": 572150
  },
  {
    "ayah": 54,
    "time": 577401
  },
  {
    "ayah": 55,
    "time": 584403
  },
  {
    "ayah": 56,
    "time": 589340
  },
  {
    "ayah": 57,
    "time": 598464
  },
  {
    "ayah": 58,
    "time": 605092
  },
  {
    "ayah": 59,
    "time": 611339
  },
  {
    "ayah": 60,
    "time": 617714
  },
  {
    "ayah": 61,
    "time": 623716
  },
  {
    "ayah": 62,
    "time": 629529
  },
  {
    "ayah": 63,
    "time": 635465
  },
  {
    "ayah": 64,
    "time": 642267
  },
  {
    "ayah": 65,
    "time": 648904
  },
  {
    "ayah": 66,
    "time": 655781
  },
  {
    "ayah": 67,
    "time": 663655
  },
  {
    "ayah": 68,
    "time": 669965
  },
  {
    "ayah": 69,
    "time": 676432
  },
  {
    "ayah": 70,
    "time": 682178
  },
  {
    "ayah": 71,
    "time": 687342
  },
  {
    "ayah": 72,
    "time": 694717
  },
  {
    "ayah": 73,
    "time": 701604
  },
  {
    "ayah": 74,
    "time": 718657
  },
  {
    "ayah": 75,
    "time": 736597
  },
  {
    "ayah": 76,
    "time": 742971
  },
  {
    "ayah": 77,
    "time": 753412
  },
  {
    "ayah": 78,
    "time": 766222
  },
  {
    "ayah": 79,
    "time": 777410
  },
  {
    "ayah": 80,
    "time": 792161
  },
  {
    "ayah": 81,
    "time": 802165
  },
  {
    "ayah": 82,
    "time": 816164
  },
  {
    "ayah": 83,
    "time": 829352
  },
  {
    "ayah": 84,
    "time": 837915
  },
  {
    "ayah": 85,
    "time": 852039
  },
  {
    "ayah": 86,
    "time": 858226
  },
  {
    "ayah": 87,
    "time": 864540
  },
  {
    "ayah": 88,
    "time": 884479
  },
  {
    "ayah": 89,
    "time": 893727
  },
  {
    "ayah": 90,
    "time": 902479
  },
  {
    "ayah": 91,
    "time": 920669
  },
  {
    "ayah": 92,
    "time": 932165
  },
  {
    "ayah": 93,
    "time": 942105
  },
  {
    "ayah": 94,
    "time": 950730
  },
  {
    "ayah": 95,
    "time": 960630
  },
  {
    "ayah": 96,
    "time": 967604
  },
  {
    "ayah": 97,
    "time": 975980
  },
  {
    "ayah": 98,
    "time": 993168
  },
  {
    "ayah": 99,
    "time": 1004230
  },
  {
    "ayah": 100,
    "time": 1014356
  },
  {
    "ayah": 101,
    "time": 1020356
  },
  {
    "ayah": 102,
    "time": 1029233
  },
  {
    "ayah": 103,
    "time": 1037733
  },
  {
    "ayah": 104,
    "time": 1054062
  },
  {
    "ayah": 105,
    "time": 1069625
  },
  {
    "ayah": 106,
    "time": 1078936
  },
  {
    "ayah": 107,
    "time": 1084751
  },
  {
    "ayah": 108,
    "time": 1090437
  },
  {
    "ayah": 109,
    "time": 1102564
  },
  {
    "ayah": 110,
    "time": 1115938
  },
  {
    "ayah": 111,
    "time": 1122374
  },
  {
    "ayah": 112,
    "time": 1129126
  },
  {
    "ayah": 999,
    "time": 1143566
  }
]