[
  {
    "ayah": 1,
    "time": 5844
  },
  {
    "ayah": 2,
    "time": 12113
  },
  {
    "ayah": 3,
    "time": 28785
  },
  {
    "ayah": 4,
    "time": 34079
  },
  {
    "ayah": 5,
    "time": 58135
  },
  {
    "ayah": 6,
    "time": 84288
  },
  {
    "ayah": 7,
    "time": 121772
  },
  {
    "ayah": 8,
    "time": 130999
  },
  {
    "ayah": 9,
    "time": 141123
  },
  {
    "ayah": 10,
    "time": 153816
  },
  {
    "ayah": 11,
    "time": 180876
  },
  {
    "ayah": 12,
    "time": 217796
  },
  {
    "ayah": 13,
    "time": 247889
  },
  {
    "ayah": 14,
    "time": 260627
  },
  {
    "ayah": 15,
    "time": 280318
  },
  {
    "ayah": 16,
    "time": 316759
  },
  {
    "ayah": 17,
    "time": 351139
  },
  {
    "ayah": 18,
    "time": 383461
  },
  {
    "ayah": 19,
    "time": 407470
  },
  {
    "ayah": 20,
    "time": 417069
  },
  {
    "ayah": 21,
    "time": 443540
  },
  {
    "ayah": 22,
    "time": 456404
  },
  {
    "ayah": 23,
    "time": 469553
  },
  {
    "ayah": 24,
    "time": 482271
  },
  {
    "ayah": 25,
    "time": 501590
  },
  {
    "ayah": 26,
    "time": 556589
  },
  {
    "ayah": 27,
    "time": 591451
  },
  {
    "ayah": 28,
    "time": 628324
  },
  {
    "ayah": 29,
    "time": 643975
  }
]