[
  {
    "ayah": 2,
    "time": 37562
  },
  {
    "ayah": 3,
    "time": 53066
  },
  {
    "ayah": 4,
    "time": 64219
  },
  {
    "ayah": 5,
    "time": 89111
  },
  {
    "ayah": 6,
    "time": 122933
  },
  {
    "ayah": 7,
    "time": 139451
  },
  {
    "ayah": 8,
    "time": 176564
  },
  {
    "ayah": 9,
    "time": 191425
  },
  {
    "ayah": 10,
    "time": 212966
  },
  {
    "ayah": 11,
    "time": 223508
  },
  {
    "ayah": 12,
    "time": 236464
  },
  {
    "ayah": 13,
    "time": 271201
  },
  {
    "ayah": 14,
    "time": 289127
  },
  {
    "ayah": 15,
    "time": 296279
  },
  {
    "ayah": 16,
    "time": 320939
  },
  {
    "ayah": 17,
    "time": 342255
  },
  {
    "ayah": 18,
    "time": 357022
  },
  {
    "ayah": 19,
    "time": 394314
  },
  {
    "ayah": 20,
    "time": 409792
  },
  {
    "ayah": 21,
    "time": 432123
  },
  {
    "ayah": 22,
    "time": 447362
  },
  {
    "ayah": 23,
    "time": 456172
  },
  {
    "ayah": 24,
    "time": 495274
  },
  {
    "ayah": 25,
    "time": 506605
  },
  {
    "ayah": 26,
    "time": 520544
  },
  {
    "ayah": 27,
    "time": 530350
  },
  {
    "ayah": 28,
    "time": 542782
  },
  {
    "ayah": 29,
    "time": 560111
  },
  {
    "ayah": 30,
    "time": 573168
  },
  {
    "ayah": 31,
    "time": 588486
  },
  {
    "ayah": 32,
    "time": 604926
  },
  {
    "ayah": 33,
    "time": 615971
  },
  {
    "ayah": 34,
    "time": 640027
  },
  {
    "ayah": 35,
    "time": 656606
  },
  {
    "ayah": 36,
    "time": 670956
  },
  {
    "ayah": 37,
    "time": 686096
  },
  {
    "ayah": 38,
    "time": 698356
  },
  {
    "ayah": 39,
    "time": 706251
  },
  {
    "ayah": 40,
    "time": 727148
  },
  {
    "ayah": 41,
    "time": 743263
  },
  {
    "ayah": 42,
    "time": 754409
  },
  {
    "ayah": 43,
    "time": 767133
  },
  {
    "ayah": 44,
    "time": 776235
  },
  {
    "ayah": 45,
    "time": 801174
  },
  {
    "ayah": 46,
    "time": 814688
  },
  {
    "ayah": 47,
    "time": 837490
  },
  {
    "ayah": 48,
    "time": 861035
  },
  {
    "ayah": 49,
    "time": 873674
  },
  {
    "ayah": 50,
    "time": 887009
  },
  {
    "ayah": 51,
    "time": 891499
  },
  {
    "ayah": 52,
    "time": 919967
  },
  {
    "ayah": 53,
    "time": 931205
  },
  {
    "ayah": 54,
    "time": 950664
  },
  {
    "ayah": 55,
    "time": 965989
  },
  {
    "ayah": 56,
    "time": 983372
  },
  {
    "ayah": 57,
    "time": 996361
  },
  {
    "ayah": 58,
    "time": 1022413
  },
  {
    "ayah": 59,
    "time": 1041640
  },
  {
    "ayah": 60,
    "time": 1069457
  },
  {
    "ayah": 61,
    "time": 1101593
  },
  {
    "ayah": 62,
    "time": 1124549
  },
  {
    "ayah": 63,
    "time": 1144472
  },
  {
    "ayah": 64,
    "time": 1158854
  },
  {
    "ayah": 65,
    "time": 1182367
  },
  {
    "ayah": 66,
    "time": 1193134
  },
  {
    "ayah": 67,
    "time": 1206462
  },
  {
    "ayah": 68,
    "time": 1227306
  },
  {
    "ayah": 69,
    "time": 1246022
  },
  {
    "ayah": 70,
    "time": 1271842
  },
  {
    "ayah": 71,
    "time": 1297802
  },
  {
    "ayah": 72,
    "time": 1316192
  },
  {
    "ayah": 73,
    "time": 1327677
  },
  {
    "ayah": 74,
    "time": 1344063
  },
  {
    "ayah": 75,
    "time": 1355023
  },
  {
    "ayah": 76,
    "time": 1366222
  },
  {
    "ayah": 77,
    "time": 1380619
  },
  {
    "ayah": 78,
    "time": 1392818
  },
  {
    "ayah": 79,
    "time": 1406764
  },
  {
    "ayah": 80,
    "time": 1419985
  },
  {
    "ayah": 81,
    "time": 1436565
  },
  {
    "ayah": 82,
    "time": 1447292
  },
  {
    "ayah": 83,
    "time": 1463421
  },
  {
    "ayah": 84,
    "time": 1477571
  },
  {
    "ayah": 85,
    "time": 1488206
  },
  {
    "ayah": 86,
    "time": 1503731
  },
  {
    "ayah": 87,
    "time": 1520249
  },
  {
    "ayah": 88,
    "time": 1531813
  },
  {
    "ayah": 89,
    "time": 1552107
  },
  {
    "ayah": 90,
    "time": 1567525
  },
  {
    "ayah": 91,
    "time": 1576860
  },
  {
    "ayah": 92,
    "time": 1590156
  },
  {
    "ayah": 93,
    "time": 1604631
  },
  {
    "ayah": 94,
    "time": 1634491
  },
  {
    "ayah": 95,
    "time": 1659105
  },
  {
    "ayah": 96,
    "time": 1680188
  },
  {
    "ayah": 97,
    "time": 1694167
  },
  {
    "ayah": 98,
    "time": 1731179
  },
  {
    "ayah": 99,
    "time": 1755142
  },
  {
    "ayah": 100,
    "time": 1779338
  },
  {
    "ayah": 101,
    "time": 1801629
  },
  {
    "ayah": 102,
    "time": 1830282
  },
  {
    "ayah": 103,
    "time": 1852387
  },
  {
    "ayah": 104,
    "time": 1863129
  },
  {
    "ayah": 105,
    "time": 1880530
  },
  {
    "ayah": 106,
    "time": 1894337
  },
  {
    "ayah": 107,
    "time": 1906954
  },
  {
    "ayah": 108,
    "time": 1929896
  },
  {
    "ayah": 109,
    "time": 1940291
  },
  {
    "ayah": 110,
    "time": 1948379
  },
  {
    "ayah": 111,
    "time": 1970345
  }
]