[
  {
    "ayah": 1,
    "time": 5951
  },
  {
    "ayah": 2,
    "time": 66216
  },
  {
    "ayah": 3,
    "time": 85913
  },
  {
    "ayah": 4,
    "time": 102864
  },
  {
    "ayah": 5,
    "time": 163700
  },
  {
    "ayah": 6,
    "time": 179497
  },
  {
    "ayah": 7,
    "time": 197469
  },
  {
    "ayah": 8,
    "time": 215813
  },
  {
    "ayah": 9,
    "time": 239815
  },
  {
    "ayah": 10,
    "time": 267408
  },
  {
    "ayah": 11,
    "time": 348810
  },
  {
    "ayah": 12,
    "time": 375598
  },
  {
    "ayah": 13,
    "time": 426139
  }
]