[
  {
    "ayah": 1,
    "time": 9631
  },
  {
    "ayah": 2,
    "time": 17943
  },
  {
    "ayah": 3,
    "time": 21095
  },
  {
    "ayah": 4,
    "time": 31610
  },
  {
    "ayah": 5,
    "time": 47882
  },
  {
    "ayah": 6,
    "time": 62002
  },
  {
    "ayah": 7,
    "time": 76470
  },
  {
    "ayah": 8,
    "time": 88587
  },
  {
    "ayah": 9,
    "time": 124687
  },
  {
    "ayah": 10,
    "time": 184920
  },
  {
    "ayah": 11,
    "time": 205728
  },
  {
    "ayah": 12,
    "time": 217650
  },
  {
    "ayah": 13,
    "time": 224806
  },
  {
    "ayah": 14,
    "time": 240127
  },
  {
    "ayah": 15,
    "time": 249239
  },
  {
    "ayah": 16,
    "time": 261604
  },
  {
    "ayah": 17,
    "time": 279380
  },
  {
    "ayah": 18,
    "time": 287843
  },
  {
    "ayah": 19,
    "time": 298857
  },
  {
    "ayah": 20,
    "time": 316732
  },
  {
    "ayah": 21,
    "time": 336408
  },
  {
    "ayah": 22,
    "time": 366898
  },
  {
    "ayah": 23,
    "time": 388427
  },
  {
    "ayah": 24,
    "time": 412062
  },
  {
    "ayah": 25,
    "time": 442801
  },
  {
    "ayah": 26,
    "time": 467737
  },
  {
    "ayah": 27,
    "time": 478501
  },
  {
    "ayah": 28,
    "time": 500232
  },
  {
    "ayah": 29,
    "time": 547546
  },
  {
    "ayah": 30,
    "time": 569825
  },
  {
    "ayah": 31,
    "time": 599415
  },
  {
    "ayah": 32,
    "time": 611684
  },
  {
    "ayah": 33,
    "time": 626054
  },
  {
    "ayah": 34,
    "time": 651586
  },
  {
    "ayah": 35,
    "time": 663455
  },
  {
    "ayah": 36,
    "time": 677724
  },
  {
    "ayah": 37,
    "time": 699904
  },
  {
    "ayah": 38,
    "time": 721131
  },
  {
    "ayah": 39,
    "time": 743164
  },
  {
    "ayah": 40,
    "time": 774855
  },
  {
    "ayah": 41,
    "time": 809704
  },
  {
    "ayah": 42,
    "time": 827638
  },
  {
    "ayah": 43,
    "time": 844810
  },
  {
    "ayah": 44,
    "time": 864188
  },
  {
    "ayah": 45,
    "time": 878408
  },
  {
    "ayah": 46,
    "time": 894528
  },
  {
    "ayah": 47,
    "time": 927374
  },
  {
    "ayah": 48,
    "time": 955763
  },
  {
    "ayah": 49,
    "time": 995316
  },
  {
    "ayah": 50,
    "time": 1006533
  },
  {
    "ayah": 51,
    "time": 1027109
  },
  {
    "ayah": 52,
    "time": 1038778
  },
  {
    "ayah": 53,
    "time": 1051643
  },
  {
    "ayah": 54,
    "time": 1068615
  },
  {
    "ayah": 55,
    "time": 1097410
  },
  {
    "ayah": 56,
    "time": 1108728
  },
  {
    "ayah": 57,
    "time": 1127956
  },
  {
    "ayah": 58,
    "time": 1137667
  },
  {
    "ayah": 59,
    "time": 1158696
  },
  {
    "ayah": 60,
    "time": 1166421
  },
  {
    "ayah": 999,
    "time": 1177437
  }
]