[
  {
    "ayah": 1,
    "time": 3637
  },
  {
    "ayah": 2,
    "time": 5902
  },
  {
    "ayah": 3,
    "time": 8162
  },
  {
    "ayah": 4,
    "time": 10434
  },
  {
    "ayah": 5,
    "time": 13037
  },
  {
    "ayah": 6,
    "time": 15343
  },
  {
    "ayah": 7,
    "time": 17224
  },
  {
    "ayah": 8,
    "time": 20351
  },
  {
    "ayah": 9,
    "time": 23098
  },
  {
    "ayah": 10,
    "time": 26725
  },
  {
    "ayah": 11,
    "time": 29225
  },
  {
    "ayah": 12,
    "time": 31381
  },
  {
    "ayah": 13,
    "time": 33690
  },
  {
    "ayah": 14,
    "time": 35445
  },
  {
    "ayah": 15,
    "time": 39695
  },
  {
    "ayah": 16,
    "time": 43637
  },
  {
    "ayah": 17,
    "time": 46297
  },
  {
    "ayah": 18,
    "time": 49599
  },
  {
    "ayah": 19,
    "time": 52973
  },
  {
    "ayah": 20,
    "time": 57132
  },
  {
    "ayah": 21,
    "time": 62909
  },
  {
    "ayah": 22,
    "time": 66598
  },
  {
    "ayah": 23,
    "time": 69276
  },
  {
    "ayah": 24,
    "time": 72572
  },
  {
    "ayah": 25,
    "time": 79133
  },
  {
    "ayah": 26,
    "time": 82448
  },
  {
    "ayah": 27,
    "time": 86470
  },
  {
    "ayah": 28,
    "time": 95283
  },
  {
    "ayah": 29,
    "time": 99470
  },
  {
    "ayah": 30,
    "time": 105471
  },
  {
    "ayah": 31,
    "time": 110785
  },
  {
    "ayah": 32,
    "time": 114910
  },
  {
    "ayah": 33,
    "time": 118970
  },
  {
    "ayah": 34,
    "time": 122345
  },
  {
    "ayah": 35,
    "time": 126411
  },
  {
    "ayah": 36,
    "time": 130160
  },
  {
    "ayah": 37,
    "time": 134470
  },
  {
    "ayah": 38,
    "time": 138719
  },
  {
    "ayah": 39,
    "time": 144662
  },
  {
    "ayah": 40,
    "time": 149222
  },
  {
    "ayah": 41,
    "time": 153345
  },
  {
    "ayah": 42,
    "time": 158534
  },
  {
    "ayah": 43,
    "time": 162538
  },
  {
    "ayah": 44,
    "time": 170785
  },
  {
    "ayah": 45,
    "time": 175349
  },
  {
    "ayah": 46,
    "time": 179349
  },
  {
    "ayah": 47,
    "time": 185372
  },
  {
    "ayah": 48,
    "time": 189847
  },
  {
    "ayah": 49,
    "time": 194912
  },
  {
    "ayah": 50,
    "time": 199598
  },
  {
    "ayah": 999,
    "time": 207163
  }
]