[
  {
    "ayah": 1,
    "time": 3644
  },
  {
    "ayah": 2,
    "time": 13791
  },
  {
    "ayah": 3,
    "time": 32602
  },
  {
    "ayah": 4,
    "time": 39979
  },
  {
    "ayah": 5,
    "time": 46993
  },
  {
    "ayah": 6,
    "time": 56431
  },
  {
    "ayah": 7,
    "time": 63184
  },
  {
    "ayah": 8,
    "time": 75995
  },
  {
    "ayah": 9,
    "time": 86995
  },
  {
    "ayah": 10,
    "time": 100185
  },
  {
    "ayah": 11,
    "time": 113996
  },
  {
    "ayah": 12,
    "time": 129996
  },
  {
    "ayah": 13,
    "time": 146123
  },
  {
    "ayah": 14,
    "time": 156497
  },
  {
    "ayah": 15,
    "time": 175249
  },
  {
    "ayah": 16,
    "time": 184621
  },
  {
    "ayah": 17,
    "time": 190687
  },
  {
    "ayah": 18,
    "time": 198562
  },
  {
    "ayah": 19,
    "time": 211311
  },
  {
    "ayah": 20,
    "time": 216310
  },
  {
    "ayah": 21,
    "time": 223936
  },
  {
    "ayah": 22,
    "time": 231750
  },
  {
    "ayah": 23,
    "time": 243874
  },
  {
    "ayah": 24,
    "time": 254000
  },
  {
    "ayah": 25,
    "time": 261315
  },
  {
    "ayah": 26,
    "time": 275702
  },
  {
    "ayah": 27,
    "time": 291324
  },
  {
    "ayah": 28,
    "time": 319058
  },
  {
    "ayah": 29,
    "time": 338745
  },
  {
    "ayah": 30,
    "time": 352494
  },
  {
    "ayah": 31,
    "time": 370807
  },
  {
    "ayah": 32,
    "time": 386186
  },
  {
    "ayah": 33,
    "time": 399992
  },
  {
    "ayah": 34,
    "time": 420805
  },
  {
    "ayah": 35,
    "time": 431492
  },
  {
    "ayah": 36,
    "time": 459307
  },
  {
    "ayah": 37,
    "time": 479995
  },
  {
    "ayah": 38,
    "time": 490182
  },
  {
    "ayah": 39,
    "time": 505059
  },
  {
    "ayah": 40,
    "time": 515307
  },
  {
    "ayah": 41,
    "time": 524494
  },
  {
    "ayah": 42,
    "time": 541497
  },
  {
    "ayah": 43,
    "time": 549124
  },
  {
    "ayah": 44,
    "time": 560870
  },
  {
    "ayah": 45,
    "time": 573045
  },
  {
    "ayah": 46,
    "time": 587856
  },
  {
    "ayah": 47,
    "time": 593481
  },
  {
    "ayah": 48,
    "time": 600385
  },
  {
    "ayah": 49,
    "time": 615486
  },
  {
    "ayah": 50,
    "time": 632301
  },
  {
    "ayah": 51,
    "time": 641114
  },
  {
    "ayah": 52,
    "time": 651926
  },
  {
    "ayah": 53,
    "time": 661177
  },
  {
    "ayah": 54,
    "time": 671612
  },
  {
    "ayah": 55,
    "time": 680491
  },
  {
    "ayah": 56,
    "time": 690428
  },
  {
    "ayah": 57,
    "time": 702306
  },
  {
    "ayah": 58,
    "time": 708866
  },
  {
    "ayah": 59,
    "time": 716999
  },
  {
    "ayah": 60,
    "time": 732554
  },
  {
    "ayah": 61,
    "time": 742926
  },
  {
    "ayah": 62,
    "time": 767054
  },
  {
    "ayah": 63,
    "time": 781055
  },
  {
    "ayah": 64,
    "time": 794869
  },
  {
    "ayah": 65,
    "time": 812370
  },
  {
    "ayah": 66,
    "time": 827495
  },
  {
    "ayah": 67,
    "time": 844746
  },
  {
    "ayah": 68,
    "time": 859122
  },
  {
    "ayah": 69,
    "time": 869118
  },
  {
    "ayah": 70,
    "time": 894120
  },
  {
    "ayah": 71,
    "time": 911747
  },
  {
    "ayah": 72,
    "time": 934336
  },
  {
    "ayah": 73,
    "time": 955248
  },
  {
    "ayah": 74,
    "time": 968685
  },
  {
    "ayah": 75,
    "time": 982510
  },
  {
    "ayah": 76,
    "time": 1004367
  },
  {
    "ayah": 77,
    "time": 1025310
  },
  {
    "ayah": 78,
    "time": 1039559
  },
  {
    "ayah": 79,
    "time": 1053186
  },
  {
    "ayah": 80,
    "time": 1071246
  },
  {
    "ayah": 81,
    "time": 1095505
  },
  {
    "ayah": 82,
    "time": 1117633
  },
  {
    "ayah": 83,
    "time": 1123257
  },
  {
    "ayah": 84,
    "time": 1130886
  },
  {
    "ayah": 85,
    "time": 1141572
  },
  {
    "ayah": 86,
    "time": 1149195
  },
  {
    "ayah": 87,
    "time": 1169572
  },
  {
    "ayah": 88,
    "time": 1177362
  },
  {
    "ayah": 89,
    "time": 1195089
  },
  {
    "ayah": 90,
    "time": 1218090
  },
  {
    "ayah": 91,
    "time": 1234743
  },
  {
    "ayah": 92,
    "time": 1249781
  },
  {
    "ayah": 93,
    "time": 1283285
  },
  {
    "ayah": 94,
    "time": 1304220
  },
  {
    "ayah": 95,
    "time": 1320409
  },
  {
    "ayah": 96,
    "time": 1330910
  },
  {
    "ayah": 97,
    "time": 1345846
  },
  {
    "ayah": 98,
    "time": 1361097
  },
  {
    "ayah": 99,
    "time": 1367099
  },
  {
    "ayah": 100,
    "time": 1375289
  },
  {
    "ayah": 101,
    "time": 1383532
  },
  {
    "ayah": 102,
    "time": 1396625
  },
  {
    "ayah": 103,
    "time": 1410690
  },
  {
    "ayah": 104,
    "time": 1427367
  },
  {
    "ayah": 105,
    "time": 1436270
  },
  {
    "ayah": 106,
    "time": 1445579
  },
  {
    "ayah": 107,
    "time": 1464893
  },
  {
    "ayah": 108,
    "time": 1474771
  },
  {
    "ayah": 109,
    "time": 1486457
  },
  {
    "ayah": 110,
    "time": 1491707
  },
  {
    "ayah": 111,
    "time": 1508398
  },
  {
    "ayah": 112,
    "time": 1519084
  },
  {
    "ayah": 113,
    "time": 1540583
  },
  {
    "ayah": 114,
    "time": 1549707
  },
  {
    "ayah": 115,
    "time": 1560646
  },
  {
    "ayah": 116,
    "time": 1577522
  },
  {
    "ayah": 117,
    "time": 1594587
  },
  {
    "ayah": 118,
    "time": 1599710
  },
  {
    "ayah": 119,
    "time": 1612650
  },
  {
    "ayah": 120,
    "time": 1634148
  },
  {
    "ayah": 121,
    "time": 1643403
  },
  {
    "ayah": 122,
    "time": 1649588
  },
  {
    "ayah": 123,
    "time": 1656526
  },
  {
    "ayah": 124,
    "time": 1666089
  },
  {
    "ayah": 125,
    "time": 1678979
  },
  {
    "ayah": 126,
    "time": 1698104
  },
  {
    "ayah": 127,
    "time": 1708096
  },
  {
    "ayah": 128,
    "time": 1719031
  },
  {
    "ayah": 999,
    "time": 1728408
  }
]