[
  {
    "ayah": 1,
    "time": 3839
  },
  {
    "ayah": 2,
    "time": 45696
  },
  {
    "ayah": 3,
    "time": 70981
  },
  {
    "ayah": 4,
    "time": 103825
  },
  {
    "ayah": 5,
    "time": 125353
  },
  {
    "ayah": 6,
    "time": 145181
  },
  {
    "ayah": 7,
    "time": 205274
  },
  {
    "ayah": 8,
    "time": 233412
  },
  {
    "ayah": 9,
    "time": 250035
  },
  {
    "ayah": 10,
    "time": 269261
  },
  {
    "ayah": 11,
    "time": 287334
  },
  {
    "ayah": 12,
    "time": 384118
  },
  {
    "ayah": 13,
    "time": 495167
  },
  {
    "ayah": 14,
    "time": 519316
  },
  {
    "ayah": 15,
    "time": 536386
  },
  {
    "ayah": 16,
    "time": 570432
  },
  {
    "ayah": 17,
    "time": 591959
  },
  {
    "ayah": 18,
    "time": 620849
  },
  {
    "ayah": 19,
    "time": 650842
  },
  {
    "ayah": 20,
    "time": 704514
  },
  {
    "ayah": 21,
    "time": 730950
  },
  {
    "ayah": 22,
    "time": 746021
  },
  {
    "ayah": 23,
    "time": 771006
  },
  {
    "ayah": 24,
    "time": 875298
  },
  {
    "ayah": 25,
    "time": 932593
  },
  {
    "ayah": 26,
    "time": 1017110
  },
  {
    "ayah": 27,
    "time": 1034323
  },
  {
    "ayah": 28,
    "time": 1050596
  },
  {
    "ayah": 29,
    "time": 1062213
  },
  {
    "ayah": 30,
    "time": 1097758
  },
  {
    "ayah": 31,
    "time": 1113083
  },
  {
    "ayah": 32,
    "time": 1130053
  },
  {
    "ayah": 33,
    "time": 1164755
  },
  {
    "ayah": 34,
    "time": 1191537
  },
  {
    "ayah": 35,
    "time": 1247164
  },
  {
    "ayah": 36,
    "time": 1275002
  },
  {
    "ayah": 37,
    "time": 1317010
  },
  {
    "ayah": 38,
    "time": 1339791
  },
  {
    "ayah": 39,
    "time": 1365676
  },
  {
    "ayah": 40,
    "time": 1385002
  },
  {
    "ayah": 41,
    "time": 1402126
  },
  {
    "ayah": 42,
    "time": 1419748
  },
  {
    "ayah": 43,
    "time": 1435371
  },
  {
    "ayah": 44,
    "time": 1513628
  },
  {
    "ayah": 45,
    "time": 1529299
  },
  {
    "ayah": 46,
    "time": 1544170
  },
  {
    "ayah": 47,
    "time": 1592487
  },
  {
    "ayah": 48,
    "time": 1635995
  },
  {
    "ayah": 49,
    "time": 1659126
  },
  {
    "ayah": 50,
    "time": 1676510
  },
  {
    "ayah": 51,
    "time": 1689728
  },
  {
    "ayah": 52,
    "time": 1721472
  },
  {
    "ayah": 53,
    "time": 1736692
  },
  {
    "ayah": 54,
    "time": 1748359
  },
  {
    "ayah": 55,
    "time": 1773193
  },
  {
    "ayah": 56,
    "time": 1787311
  },
  {
    "ayah": 57,
    "time": 1815500
  },
  {
    "ayah": 58,
    "time": 1848422
  },
  {
    "ayah": 59,
    "time": 1882633
  },
  {
    "ayah": 60,
    "time": 1921483
  },
  {
    "ayah": 61,
    "time": 1970599
  },
  {
    "ayah": 62,
    "time": 1989976
  },
  {
    "ayah": 63,
    "time": 2024323
  },
  {
    "ayah": 64,
    "time": 2044800
  },
  {
    "ayah": 65,
    "time": 2076441
  },
  {
    "ayah": 66,
    "time": 2100377
  },
  {
    "ayah": 67,
    "time": 2132420
  },
  {
    "ayah": 68,
    "time": 2143484
  },
  {
    "ayah": 69,
    "time": 2150295
  },
  {
    "ayah": 70,
    "time": 2178831
  },
  {
    "ayah": 71,
    "time": 2187445
  },
  {
    "ayah": 72,
    "time": 2202100
  },
  {
    "ayah": 73,
    "time": 2224033
  },
  {
    "ayah": 74,
    "time": 2247111
  },
  {
    "ayah": 75,
    "time": 2271195
  },
  {
    "ayah": 76,
    "time": 2322615
  },
  {
    "ayah": 77,
    "time": 2350453
  },
  {
    "ayah": 78,
    "time": 2418989
  },
  {
    "ayah": 79,
    "time": 2469409
  },
  {
    "ayah": 80,
    "time": 2497452
  },
  {
    "ayah": 81,
    "time": 2512367
  },
  {
    "ayah": 82,
    "time": 2552024
  },
  {
    "ayah": 83,
    "time": 2567651
  },
  {
    "ayah": 84,
    "time": 2603642
  },
  {
    "ayah": 85,
    "time": 2629531
  },
  {
    "ayah": 86,
    "time": 2657769
  },
  {
    "ayah": 87,
    "time": 2678406
  },
  {
    "ayah": 88,
    "time": 2696579
  },
  {
    "ayah": 89,
    "time": 2722664
  },
  {
    "ayah": 90,
    "time": 2759866
  },
  {
    "ayah": 91,
    "time": 2805779
  },
  {
    "ayah": 92,
    "time": 2851292
  },
  {
    "ayah": 93,
    "time": 2932450
  },
  {
    "ayah": 94,
    "time": 2955732
  },
  {
    "ayah": 95,
    "time": 3015916
  },
  {
    "ayah": 96,
    "time": 3059826
  },
  {
    "ayah": 97,
    "time": 3072497
  },
  {
    "ayah": 98,
    "time": 3114972
  },
  {
    "ayah": 99,
    "time": 3133145
  },
  {
    "ayah": 100,
    "time": 3145514
  },
  {
    "ayah": 101,
    "time": 3179660
  },
  {
    "ayah": 102,
    "time": 3205747
  },
  {
    "ayah": 103,
    "time": 3299522
  },
  {
    "ayah": 104,
    "time": 3328313
  },
  {
    "ayah": 105,
    "time": 3354246
  },
  {
    "ayah": 106,
    "time": 3377007
  },
  {
    "ayah": 107,
    "time": 3386318
  },
  {
    "ayah": 108,
    "time": 3402742
  },
  {
    "ayah": 109,
    "time": 3424121
  },
  {
    "ayah": 110,
    "time": 3456916
  },
  {
    "ayah": 111,
    "time": 3472585
  },
  {
    "ayah": 112,
    "time": 3487055
  },
  {
    "ayah": 113,
    "time": 3506685
  },
  {
    "ayah": 114,
    "time": 3549642
  },
  {
    "ayah": 115,
    "time": 3579034
  },
  {
    "ayah": 116,
    "time": 3603965
  },
  {
    "ayah": 117,
    "time": 3627049
  },
  {
    "ayah": 118,
    "time": 3643771
  },
  {
    "ayah": 119,
    "time": 3656088
  },
  {
    "ayah": 120,
    "time": 3692736
  },
  {
    "ayah": 121,
    "time": 3703102
  },
  {
    "ayah": 122,
    "time": 3713964
  },
  {
    "ayah": 123,
    "time": 3742106
  },
  {
    "ayah": 124,
    "time": 3765738
  },
  {
    "ayah": 125,
    "time": 3788017
  },
  {
    "ayah": 126,
    "time": 3812351
  },
  {
    "ayah": 127,
    "time": 3826071
  },
  {
    "ayah": 128,
    "time": 3889607
  },
  {
    "ayah": 129,
    "time": 3929363
  },
  {
    "ayah": 130,
    "time": 3962914
  },
  {
    "ayah": 131,
    "time": 3980792
  },
  {
    "ayah": 132,
    "time": 4017491
  },
  {
    "ayah": 133,
    "time": 4029356
  },
  {
    "ayah": 134,
    "time": 4045730
  },
  {
    "ayah": 135,
    "time": 4065155
  },
  {
    "ayah": 136,
    "time": 4118277
  },
  {
    "ayah": 137,
    "time": 4161586
  },
  {
    "ayah": 138,
    "time": 4185220
  },
  {
    "ayah": 139,
    "time": 4194583
  },
  {
    "ayah": 140,
    "time": 4218665
  },
  {
    "ayah": 141,
    "time": 4257819
  },
  {
    "ayah": 142,
    "time": 4307086
  },
  {
    "ayah": 143,
    "time": 4332320
  },
  {
    "ayah": 144,
    "time": 4360758
  },
  {
    "ayah": 145,
    "time": 4388648
  },
  {
    "ayah": 146,
    "time": 4403367
  },
  {
    "ayah": 147,
    "time": 4428602
  },
  {
    "ayah": 148,
    "time": 4445576
  },
  {
    "ayah": 149,
    "time": 4463702
  },
  {
    "ayah": 150,
    "time": 4482477
  },
  {
    "ayah": 151,
    "time": 4513568
  },
  {
    "ayah": 152,
    "time": 4529439
  },
  {
    "ayah": 153,
    "time": 4553123
  },
  {
    "ayah": 154,
    "time": 4614405
  },
  {
    "ayah": 155,
    "time": 4638189
  },
  {
    "ayah": 156,
    "time": 4672034
  },
  {
    "ayah": 157,
    "time": 4681798
  },
  {
    "ayah": 158,
    "time": 4723655
  },
  {
    "ayah": 159,
    "time": 4734771
  },
  {
    "ayah": 160,
    "time": 4752345
  },
  {
    "ayah": 161,
    "time": 4772071
  },
  {
    "ayah": 162,
    "time": 4792798
  },
  {
    "ayah": 163,
    "time": 4835608
  },
  {
    "ayah": 164,
    "time": 4883875
  },
  {
    "ayah": 165,
    "time": 4903299
  },
  {
    "ayah": 166,
    "time": 4926632
  },
  {
    "ayah": 167,
    "time": 4949113
  },
  {
    "ayah": 168,
    "time": 4963234
  },
  {
    "ayah": 169,
    "time": 4977753
  },
  {
    "ayah": 170,
    "time": 4993377
  },
  {
    "ayah": 171,
    "time": 5024931
  },
  {
    "ayah": 172,
    "time": 5098383
  },
  {
    "ayah": 173,
    "time": 5127219
  },
  {
    "ayah": 174,
    "time": 5167426
  },
  {
    "ayah": 175,
    "time": 5188906
  },
  {
    "ayah": 176,
    "time": 5211636
  },
  {
    "ayah": 999,
    "time": 5282383
  }
]