[
  {
    "ayah": 1,
    "time": 13460
  },
  {
    "ayah": 2,
    "time": 33197
  },
  {
    "ayah": 3,
    "time": 55217
  },
  {
    "ayah": 4,
    "time": 67437
  },
  {
    "ayah": 5,
    "time": 79962
  },
  {
    "ayah": 6,
    "time": 99249
  },
  {
    "ayah": 7,
    "time": 142206
  },
  {
    "ayah": 8,
    "time": 166122
  },
  {
    "ayah": 9,
    "time": 183291
  },
  {
    "ayah": 10,
    "time": 196865
  },
  {
    "ayah": 11,
    "time": 215813
  },
  {
    "ayah": 12,
    "time": 227276
  },
  {
    "ayah": 13,
    "time": 256355
  },
  {
    "ayah": 14,
    "time": 267718
  },
  {
    "ayah": 15,
    "time": 294018
  },
  {
    "ayah": 16,
    "time": 305481
  },
  {
    "ayah": 17,
    "time": 317238
  },
  {
    "ayah": 18,
    "time": 338368
  },
  {
    "ayah": 19,
    "time": 346959
  },
  {
    "ayah": 20,
    "time": 396914
  },
  {
    "ayah": 21,
    "time": 418562
  },
  {
    "ayah": 22,
    "time": 434823
  },
  {
    "ayah": 23,
    "time": 459337
  },
  {
    "ayah": 24,
    "time": 475226
  },
  {
    "ayah": 25,
    "time": 489608
  },
  {
    "ayah": 26,
    "time": 538106
  },
  {
    "ayah": 27,
    "time": 553417
  },
  {
    "ayah": 28,
    "time": 573765
  },
  {
    "ayah": 29,
    "time": 591512
  },
  {
    "ayah": 30,
    "time": 602550
  },
  {
    "ayah": 31,
    "time": 624902
  },
  {
    "ayah": 32,
    "time": 664376
  },
  {
    "ayah": 33,
    "time": 686010
  },
  {
    "ayah": 34,
    "time": 706676
  },
  {
    "ayah": 35,
    "time": 735847
  },
  {
    "ayah": 36,
    "time": 770909
  },
  {
    "ayah": 37,
    "time": 787620
  },
  {
    "ayah": 38,
    "time": 812141
  },
  {
    "ayah": 39,
    "time": 846281
  },
  {
    "ayah": 40,
    "time": 869905
  },
  {
    "ayah": 41,
    "time": 891878
  },
  {
    "ayah": 42,
    "time": 906653
  },
  {
    "ayah": 43,
    "time": 931631
  },
  {
    "ayah": 44,
    "time": 955315
  },
  {
    "ayah": 45,
    "time": 987133
  },
  {
    "ayah": 46,
    "time": 1000137
  },
  {
    "ayah": 47,
    "time": 1025957
  },
  {
    "ayah": 48,
    "time": 1039936
  },
  {
    "ayah": 49,
    "time": 1059347
  },
  {
    "ayah": 50,
    "time": 1070625
  },
  {
    "ayah": 51,
    "time": 1106841
  },
  {
    "ayah": 52,
    "time": 1133683
  },
  {
    "ayah": 53,
    "time": 1163637
  },
  {
    "ayah": 54,
    "time": 1190387
  },
  {
    "ayah": 55,
    "time": 1229217
  },
  {
    "ayah": 56,
    "time": 1238684
  },
  {
    "ayah": 57,
    "time": 1265155
  },
  {
    "ayah": 58,
    "time": 1291547
  },
  {
    "ayah": 59,
    "time": 1308994
  },
  {
    "ayah": 60,
    "time": 1351672
  },
  {
    "ayah": 61,
    "time": 1391053
  },
  {
    "ayah": 62,
    "time": 1424365
  },
  {
    "ayah": 63,
    "time": 1439630
  },
  {
    "ayah": 64,
    "time": 1466618
  },
  {
    "ayah": 65,
    "time": 1481811
  },
  {
    "ayah": 66,
    "time": 1513848
  },
  {
    "ayah": 67,
    "time": 1524436
  },
  {
    "ayah": 68,
    "time": 1532888
  },
  {
    "ayah": 69,
    "time": 1562756
  },
  {
    "ayah": 70,
    "time": 1582532
  },
  {
    "ayah": 71,
    "time": 1653492
  },
  {
    "ayah": 72,
    "time": 1710699
  },
  {
    "ayah": 73,
    "time": 1723656
  },
  {
    "ayah": 74,
    "time": 1754506
  },
  {
    "ayah": 75,
    "time": 1772557
  },
  {
    "ayah": 76,
    "time": 1785575
  },
  {
    "ayah": 77,
    "time": 1805869
  },
  {
    "ayah": 78,
    "time": 1829739
  },
  {
    "ayah": 79,
    "time": 1855731
  },
  {
    "ayah": 80,
    "time": 1871349
  },
  {
    "ayah": 81,
    "time": 1914538
  },
  {
    "ayah": 82,
    "time": 1941227
  },
  {
    "ayah": 83,
    "time": 1958781
  },
  {
    "ayah": 84,
    "time": 1981823
  },
  {
    "ayah": 85,
    "time": 2012884
  },
  {
    "ayah": 86,
    "time": 2025044
  },
  {
    "ayah": 87,
    "time": 2037418
  },
  {
    "ayah": 88,
    "time": 2054462
  },
  {
    "ayah": 89,
    "time": 2072520
  },
  {
    "ayah": 90,
    "time": 2098287
  },
  {
    "ayah": 91,
    "time": 2121421
  },
  {
    "ayah": 92,
    "time": 2181925
  },
  {
    "ayah": 93,
    "time": 2215933
  },
  {
    "ayah": 94,
    "time": 2282739
  },
  {
    "ayah": 95,
    "time": 2325253
  },
  {
    "ayah": 96,
    "time": 2347808
  },
  {
    "ayah": 97,
    "time": 2362498
  },
  {
    "ayah": 98,
    "time": 2379759
  },
  {
    "ayah": 99,
    "time": 2401679
  },
  {
    "ayah": 100,
    "time": 2476972
  },
  {
    "ayah": 101,
    "time": 2498520
  },
  {
    "ayah": 102,
    "time": 2517871
  },
  {
    "ayah": 103,
    "time": 2538676
  },
  {
    "ayah": 104,
    "time": 2549125
  },
  {
    "ayah": 105,
    "time": 2570581
  },
  {
    "ayah": 106,
    "time": 2584002
  },
  {
    "ayah": 107,
    "time": 2599652
  },
  {
    "ayah": 108,
    "time": 2618700
  },
  {
    "ayah": 109,
    "time": 2654837
  },
  {
    "ayah": 110,
    "time": 2687013
  },
  {
    "ayah": 111,
    "time": 2704892
  },
  {
    "ayah": 112,
    "time": 2748553
  },
  {
    "ayah": 113,
    "time": 2780489
  },
  {
    "ayah": 114,
    "time": 2800272
  },
  {
    "ayah": 115,
    "time": 2832005
  },
  {
    "ayah": 116,
    "time": 2846355
  },
  {
    "ayah": 117,
    "time": 2867253
  },
  {
    "ayah": 118,
    "time": 2881231
  },
  {
    "ayah": 119,
    "time": 2894738
  },
  {
    "ayah": 120,
    "time": 2933058
  },
  {
    "ayah": 121,
    "time": 2949034
  },
  {
    "ayah": 122,
    "time": 2979213
  },
  {
    "ayah": 123,
    "time": 3010381
  },
  {
    "ayah": 124,
    "time": 3029135
  },
  {
    "ayah": 125,
    "time": 3072471
  },
  {
    "ayah": 126,
    "time": 3110598
  },
  {
    "ayah": 127,
    "time": 3124437
  },
  {
    "ayah": 128,
    "time": 3137719
  },
  {
    "ayah": 129,
    "time": 3192690
  },
  {
    "ayah": 130,
    "time": 3203942
  },
  {
    "ayah": 131,
    "time": 3257813
  },
  {
    "ayah": 132,
    "time": 3269594
  },
  {
    "ayah": 133,
    "time": 3285444
  },
  {
    "ayah": 134,
    "time": 3316956
  },
  {
    "ayah": 135,
    "time": 3332195
  },
  {
    "ayah": 136,
    "time": 3355754
  },
  {
    "ayah": 137,
    "time": 3394007
  },
  {
    "ayah": 138,
    "time": 3422753
  },
  {
    "ayah": 139,
    "time": 3460941
  },
  {
    "ayah": 140,
    "time": 3491313
  },
  {
    "ayah": 141,
    "time": 3520138
  },
  {
    "ayah": 142,
    "time": 3567753
  },
  {
    "ayah": 143,
    "time": 3591344
  },
  {
    "ayah": 144,
    "time": 3629271
  },
  {
    "ayah": 145,
    "time": 3682863
  },
  {
    "ayah": 146,
    "time": 3730146
  },
  {
    "ayah": 147,
    "time": 3770231
  },
  {
    "ayah": 148,
    "time": 3786624
  },
  {
    "ayah": 149,
    "time": 3836300
  },
  {
    "ayah": 150,
    "time": 3848793
  },
  {
    "ayah": 151,
    "time": 3886145
  },
  {
    "ayah": 152,
    "time": 3941269
  },
  {
    "ayah": 153,
    "time": 3978274
  },
  {
    "ayah": 154,
    "time": 4006363
  },
  {
    "ayah": 155,
    "time": 4036517
  },
  {
    "ayah": 156,
    "time": 4050867
  },
  {
    "ayah": 157,
    "time": 4075141
  },
  {
    "ayah": 158,
    "time": 4123074
  },
  {
    "ayah": 159,
    "time": 4171007
  },
  {
    "ayah": 160,
    "time": 4197517
  },
  {
    "ayah": 161,
    "time": 4222045
  },
  {
    "ayah": 162,
    "time": 4245668
  },
  {
    "ayah": 163,
    "time": 4258346
  },
  {
    "ayah": 164,
    "time": 4268152
  },
  {
    "ayah": 165,
    "time": 4304050
  }
]