[
  {
    "ayah": 1,
    "time": 5758
  },
  {
    "ayah": 2,
    "time": 15828
  },
  {
    "ayah": 3,
    "time": 25906
  },
  {
    "ayah": 4,
    "time": 35333
  },
  {
    "ayah": 5,
    "time": 50798
  },
  {
    "ayah": 6,
    "time": 75982
  },
  {
    "ayah": 7,
    "time": 114745
  },
  {
    "ayah": 8,
    "time": 132207
  },
  {
    "ayah": 9,
    "time": 144792
  },
  {
    "ayah": 10,
    "time": 160489
  },
  {
    "ayah": 11,
    "time": 176014
  },
  {
    "ayah": 12,
    "time": 194994
  },
  {
    "ayah": 13,
    "time": 215699
  },
  {
    "ayah": 14,
    "time": 230009
  }
]