[
  {
    "id": 4806,
    "book_id": 2,
    "book_name": "muslim",
    "chapter_id": 10,
    "section_id": 1,
    "title": "পানি প্রার্থনার দু‘আয় হাত উত্তোলন প্রসঙ্গে",
    "preface": "",
    "number": "১. অধ্যায়ঃ",
    "sort_order": 1,
    "hadiths": [
      {
        "id": 10504,
        "book_id": 2,
        "book_name": "সহিহ মুসলিম",
        "chapter_id": 10,
        "section_id": 1,
        "hadith_key": "সহিহ মুসলিম: ১৯৫৫",
        "hadith_id": 1955,
        "narrator": "আব্বাদ ইবনু তামীম (রহঃ)",
        "bn": "আবদুল্লাহ ইবনু যায়দ আল মাযিনী (রাঃ)-কে বলতে শুনেছি, রসূলুল্লাহ (সাল্লাল্লাহু ‘আলাইহি ওয়া সাল্লাম) সলাতের নির্ধারিত স্থানে চলে গেলেন এবং তথায় পৌঁছে ইস্‌তিস্‌ক্বার সলাত আদায় করলেন। যখন ক্বিবলামুখী হলেন, তিনি তাঁর চাদরটা উল্টিয়ে নিলেন। (ই.ফা. ১৯৪০, ই.সে. ১৯৪৭)",
        "ar": "وَحَدَّثَنَا يَحْيَى بْنُ يَحْيَى، قَالَ قَرَأْتُ عَلَى مَالِكٍ عَنْ عَبْدِ اللَّهِ بْنِ أَبِي بَكْرٍ، أَنَّهُ سَمِعَ عَبَّادَ بْنَ تَمِيمٍ، يَقُولُ سَمِعْتُ عَبْدَ اللَّهِ بْنَ زَيْدٍ الْمَازِنِيَّ، يَقُولُ خَرَجَ رَسُولُ اللَّهِ صلى الله عليه وسلم إِلَى الْمُصَلَّى فَاسْتَسْقَى وَحَوَّلَ رِدَاءَهُ حِينَ اسْتَقْبَلَ الْقِبْلَةَ ‏.‏",
        "ar_diacless": "وحدثنا يحيى بن يحيى، قال قرأت على مالك عن عبد الله بن أبي بكر، أنه سمع عباد بن تميم، يقول سمعت عبد الله بن زيد المازني، يقول خرج رسول الله صلى الله عليه وسلم إلى المصلى فاستسقى وحول رداءه حين استقبل القبلة ‏.‏",
        "note": "",
        "grade_id": 2,
        "grade": "সহিহ হাদিস",
        "grade_color": "#46B891"
      },
      {
        "id": 11460,
        "book_id": 2,
        "book_name": "সহিহ মুসলিম",
        "chapter_id": 10,
        "section_id": 1,
        "hadith_key": "সহিহ মুসলিম: ১৯৫৬",
        "hadith_id": 1956,
        "narrator": "‘আব্বাদ ইবনু তামীম (রাঃ) থেকে তাঁর চাচার সূত্রে",
        "bn": "তিনি বলেন, নবী (সাল্লাল্লাহু ‘আলাইহি ওয়া সাল্লাম) সলাতের নির্ধারিত স্থানে গিয়ে ইস্‌তিস্‌ক্বার দু‘আ করলেন এবং ক্বিবলামুখী হয়ে তাঁর চাদরটা উল্টিয়ে দিলেন। অতঃপর দু’ রাক‘আত সলাত আদায় করলেন। (ই.ফা. ১৯৪১, ই.সে. ১৯৪৮)",
        "ar": "وَحَدَّثَنَا يَحْيَى بْنُ يَحْيَى، أَخْبَرَنَا سُفْيَانُ بْنُ عُيَيْنَةَ، عَنْ عَبْدِ اللَّهِ بْنِ أَبِي بَكْرٍ، عَنْ عَبَّادِ بْنِ تَمِيمٍ، عَنْ عَمِّهِ، قَالَ خَرَجَ النَّبِيُّ صلى الله عليه وسلم إِلَى الْمُصَلَّى فَاسْتَسْقَى وَاسْتَقْبَلَ الْقِبْلَةَ وَقَلَبَ رِدَاءَهُ وَصَلَّى رَكْعَتَيْنِ ‏.‏",
        "ar_diacless": "وحدثنا يحيى بن يحيى، أخبرنا سفيان بن عيينة، عن عبد الله بن أبي بكر، عن عباد بن تميم، عن عمه، قال خرج النبي صلى الله عليه وسلم إلى المصلى فاستسقى واستقبل القبلة وقلب رداءه وصلى ركعتين ‏.‏",
        "note": "",
        "grade_id": 2,
        "grade": "সহিহ হাদিস",
        "grade_color": "#46B891"
      },
      {
        "id": 10502,
        "book_id": 2,
        "book_name": "সহিহ মুসলিম",
        "chapter_id": 10,
        "section_id": 1,
        "hadith_key": "সহিহ মুসলিম: ১৯৫৭",
        "hadith_id": 1957,
        "narrator": "আবদুল্লাহ ইবনু যায়দ আল আনসারী (রাঃ)",
        "bn": "রসূলুল্লাহ (সাল্লাল্লাহু ‘আলাইহি ওয়া সাল্লাম) ইস্‌তিস্‌ক্বার উদ্দেশ্যে মাঠের দিকে বের হয়ে গেলেন। যখন তিনি (সাল্লাল্লাহু ‘আলাইহি ওয়া সাল্লাম) দু‘আ করার ইচ্ছা করলেন, ক্বিবলামুখী হলেন এবং নিজের চাদর উল্টিয়ে দিলেন। (ই.ফা. ১৯৪২, ই.সে. ১৯৪৯)",
        "ar": "وَحَدَّثَنَا يَحْيَى بْنُ يَحْيَى، أَخْبَرَنَا سُلَيْمَانُ بْنُ بِلاَلٍ، عَنْ يَحْيَى بْنِ سَعِيدٍ، قَالَ أَخْبَرَنِي أَبُو بَكْرِ بْنُ مُحَمَّدِ بْنِ عَمْرٍو، أَنَّ عَبَّادَ بْنَ تَمِيمٍ، أَخْبَرَهُ أَنَّ عَبْدَ اللَّهِ بْنَ زَيْدٍ الأَنْصَارِيَّ أَخْبَرَهُ أَنَّ رَسُولَ اللَّهِ صلى الله عليه وسلم خَرَجَ إِلَى الْمُصَلَّى يَسْتَسْقِي وَأَنَّهُ لَمَّا أَرَادَ أَنْ يَدْعُوَ اسْتَقْبَلَ الْقِبْلَةَ وَحَوَّلَ رِدَاءَهُ ‏.‏",
        "ar_diacless": "وحدثنا يحيى بن يحيى، أخبرنا سليمان بن بلال، عن يحيى بن سعيد، قال أخبرني أبو بكر بن محمد بن عمرو، أن عباد بن تميم، أخبره أن عبد الله بن زيد الأنصاري أخبره أن رسول الله صلى الله عليه وسلم خرج إلى المصلى يستسقي وأنه لما أراد أن يدعو استقبل القبلة وحول رداءه ‏.‏",
        "note": "",
        "grade_id": 2,
        "grade": "সহিহ হাদিস",
        "grade_color": "#46B891"
      },
      {
        "id": 11459,
        "book_id": 2,
        "book_name": "সহিহ মুসলিম",
        "chapter_id": 10,
        "section_id": 1,
        "hadith_key": "সহিহ মুসলিম: ১৯৫৮",
        "hadith_id": 1958,
        "narrator": "‘আব্বাদ ইবনু তামীম আল মাযিনী (রহঃ) থেকে তাঁর চাচার সূত্রে",
        "bn": "যিনি রসূলুল্লাহ (সাল্লাল্লাহু ‘আলাইহি ওয়া সাল্লাম)-এর সাহাবীগণের অন্তর্ভুক্ত ছিলেন। তিনি বলেন, রসূলুল্লাহ (সাল্লাল্লাহু ‘আলাইহি ওয়া সাল্লাম) একদিন ইস্‌তিস্‌ক্বার উদ্দেশে বের হলেন। তিনি লোকদের দিকে পিঠ রেখে আল্লাহর নিকট দু‘আ করতে লাগলেন এবং ক্বিবলার দিকে মুখ করে তাঁর চাদরটা উল্টিয়ে দিলেন। অতঃপর তিনি দু’ রাক‘আত সলাত আদায় করলেন। (ই.ফা. ১৯৪৩, ই.সে. ১৯৫০)",
        "ar": "وَحَدَّثَنِي أَبُو الطَّاهِرِ، وَحَرْمَلَةُ، قَالاَ أَخْبَرَنَا ابْنُ وَهْبٍ، أَخْبَرَنِي يُونُسُ، عَنِ ابْنِ، شِهَابٍ قَالَ أَخْبَرَنِي عَبَّادُ بْنُ تَمِيمٍ الْمَازِنِيُّ، أَنَّهُ سَمِعَ عَمَّهُ، وَكَانَ، مِنْ أَصْحَابِ رَسُولِ اللَّهِ صلى الله عليه وسلم يَقُولُ خَرَجَ رَسُولُ اللَّهِ صلى الله عليه وسلم يَوْمًا يَسْتَسْقِي فَجَعَلَ إِلَى النَّاسِ ظَهْرَهُ يَدْعُو اللَّهَ وَاسْتَقْبَلَ الْقِبْلَةَ وَحَوَّلَ رِدَاءَهُ ثُمَّ صَلَّى رَكْعَتَيْنِ ‏.‏",
        "ar_diacless": "وحدثني أبو الطاهر، وحرملة، قالا أخبرنا ابن وهب، أخبرني يونس، عن ابن، شهاب قال أخبرني عباد بن تميم المازني، أنه سمع عمه، وكان، من أصحاب رسول الله صلى الله عليه وسلم يقول خرج رسول الله صلى الله عليه وسلم يوما يستسقي فجعل إلى الناس ظهره يدعو الله واستقبل القبلة وحول رداءه ثم صلى ركعتين ‏.‏",
        "note": "",
        "grade_id": 2,
        "grade": "সহিহ হাদিস",
        "grade_color": "#46B891"
      },
      {
        "id": 10503,
        "book_id": 2,
        "book_name": "সহিহ মুসলিম",
        "chapter_id": 10,
        "section_id": 1,
        "hadith_key": "সহিহ মুসলিম: ১৯৫৯",
        "hadith_id": 1959,
        "narrator": "আনাস (রাঃ)",
        "bn": "তিনি বলেন, রসূলুল্লাহ (সাল্লাল্লাহু ‘আলাইহি ওয়া সাল্লাম)-কে দু‘আ করার সময় উভয় হাত উপরে উঠাতে দেখেছি। এতে তাঁর বগলের শুভ্রতা পরিদৃষ্ট হচ্ছিল। (ই.ফা. ১৯৪৪, ই.সে. ১৯৫১)",
        "ar": "حَدَّثَنَا أَبُو بَكْرِ بْنُ أَبِي شَيْبَةَ، حَدَّثَنَا يَحْيَى بْنُ أَبِي بُكَيْرٍ، عَنْ شُعْبَةَ، عَنْ ثَابِتٍ، عَنْ أَنَسٍ، قَالَ رَأَيْتُ رَسُولَ اللَّهِ صلى الله عليه وسلم يَرْفَعُ يَدَيْهِ فِي الدُّعَاءِ حَتَّى يُرَى بَيَاضُ إِبْطَيْهِ ‏.‏",
        "ar_diacless": "حدثنا أبو بكر بن أبي شيبة، حدثنا يحيى بن أبي بكير، عن شعبة، عن ثابت، عن أنس، قال رأيت رسول الله صلى الله عليه وسلم يرفع يديه في الدعاء حتى يرى بياض إبطيه ‏.‏",
        "note": "",
        "grade_id": 2,
        "grade": "সহিহ হাদিস",
        "grade_color": "#46B891"
      },
      {
        "id": 10505,
        "book_id": 2,
        "book_name": "সহিহ মুসলিম",
        "chapter_id": 10,
        "section_id": 1,
        "hadith_key": "সহিহ মুসলিম: ১৯৬০",
        "hadith_id": 1960,
        "narrator": "আনাস ইবনু মালিক (রাঃ)",
        "bn": "নবী (সাল্লাল্লাহু ‘আলাইহি ওয়া সাল্লাম) ইস্‌তিস্‌ক্বার দু‘আ করেছেন এবং দু‘আর সময় তিনি উভয় হাতের পিঠ দ্বারা আকাশের দিকে ইশারা করেছেন। (ই.ফা. ১৯৪৭, ই.সে. ১৯৫৪)",
        "ar": "وَحَدَّثَنَا عَبْدُ بْنُ حُمَيْدٍ، حَدَّثَنَا الْحَسَنُ بْنُ مُوسَى، حَدَّثَنَا حَمَّادُ بْنُ سَلَمَةَ، عَنْ ثَابِتٍ، عَنْ أَنَسِ بْنِ مَالِكٍ، أَنَّ النَّبِيَّ صلى الله عليه وسلم اسْتَسْقَى فَأَشَارَ بِظَهْرِ كَفَّيْهِ إِلَى السَّمَاءِ",
        "ar_diacless": "وحدثنا عبد بن حميد، حدثنا الحسن بن موسى، حدثنا حماد بن سلمة، عن ثابت، عن أنس بن مالك، أن النبي صلى الله عليه وسلم استسقى فأشار بظهر كفيه إلى السماء",
        "note": "",
        "grade_id": 2,
        "grade": "সহিহ হাদিস",
        "grade_color": "#46B891"
      },
      {
        "id": 10506,
        "book_id": 2,
        "book_name": "সহিহ মুসলিম",
        "chapter_id": 10,
        "section_id": 1,
        "hadith_key": "সহিহ মুসলিম: ১৯৬১",
        "hadith_id": 1961,
        "narrator": "আনাস ইবনু মালিক (রাঃ)",
        "bn": "নবী (সাল্লাল্লাহু ‘আলাইহি ওয়া সাল্লাম) তাঁর কোন দু‘আয় হাত উঠাতেন না; কেবল ইস্তিস্ক্বার হাত উঠাতেন। এমনকি এতে তাঁর বগলের শুভ্রতা পরিদৃষ্ট হতো। তবে ‘আবদুল আ’লা তাঁর বর্ণনায় বলেছেন, বগলের শুভ্রতা বা উভয় বগলের শুভ্রতা। (ই.ফা. ১৯৪৫, ই.সে. ১৯৫২)",
        "ar": "حَدَّثَنَا مُحَمَّدُ بْنُ الْمُثَنَّى، حَدَّثَنَا ابْنُ أَبِي عَدِيٍّ، وَعَبْدُ الأَعْلَى، عَنْ سَعِيدٍ، عَنْ قَتَادَةَ، عَنْ أَنَسٍ، أَنَّ نَبِيَّ اللَّهِ صلى الله عليه وسلم كَانَ لاَ يَرْفَعُ يَدَيْهِ فِي شَىْءٍ مِنْ دُعَائِهِ إِلاَّ فِي الاِسْتِسْقَاءِ حَتَّى يُرَى بَيَاضُ إِبْطَيْهِ ‏.‏ غَيْرَ أَنَّ عَبْدَ الأَعْلَى قَالَ يُرَى بَيَاضُ إِبْطِهِ أَوْ بَيَاضُ إِبْطَيْهِ ‏.‏",
        "ar_diacless": "حدثنا محمد بن المثنى، حدثنا ابن أبي عدي، وعبد الأعلى، عن سعيد، عن قتادة، عن أنس، أن نبي الله صلى الله عليه وسلم كان لا يرفع يديه في شىء من دعائه إلا في الاستسقاء حتى يرى بياض إبطيه ‏.‏ غير أن عبد الأعلى قال يرى بياض إبطه أو بياض إبطيه ‏.‏",
        "note": "",
        "grade_id": 2,
        "grade": "সহিহ হাদিস",
        "grade_color": "#46B891"
      },
      {
        "id": 11458,
        "book_id": 2,
        "book_name": "সহিহ মুসলিম",
        "chapter_id": 10,
        "section_id": 1,
        "hadith_key": "সহিহ মুসলিম: ১৯৬২",
        "hadith_id": 1962,
        "narrator": "আনাস ইবনু মালিক (রাঃ) নাবী (সাল্লাল্লাহু ‘আলাইহি ওয়া সাল্লাম)",
        "bn": "অনুরূপ হাদীস বর্ণনা করে শুনিয়েছেন। (ই.ফা. ১৯৪৬, ই.সে. ১৯৫৩)",
        "ar": "وَحَدَّثَنَا ابْنُ الْمُثَنَّى، حَدَّثَنَا يَحْيَى بْنُ سَعِيدٍ، عَنِ ابْنِ أَبِي عَرُوبَةَ، عَنْ قَتَادَةَ، أَنَّحَدَّثَهُمْ عَنِ النَّبِيِّ صلى الله عليه وسلم نَحْوَهُ ‏.",
        "ar_diacless": "وحدثنا ابن المثنى، حدثنا يحيى بن سعيد، عن ابن أبي عروبة، عن قتادة، أنحدثهم عن النبي صلى الله عليه وسلم نحوه ‏.",
        "note": "",
        "grade_id": 2,
        "grade": "সহিহ হাদিস",
        "grade_color": "#46B891"
      }
    ]
  },
  {
    "id": 4807,
    "book_id": 2,
    "book_name": "muslim",
    "chapter_id": 10,
    "section_id": 2,
    "title": "পানি প্রার্থনায় দু‘আ প্রসঙ্গে",
    "preface": "",
    "number": "২. অধ্যায়ঃ",
    "sort_order": 2,
    "hadiths": [
      {
        "id": 10523,
        "book_id": 2,
        "book_name": "সহিহ মুসলিম",
        "chapter_id": 10,
        "section_id": 2,
        "hadith_key": "সহিহ মুসলিম: ১৯৬৩",
        "hadith_id": 1963,
        "narrator": "আনাস ইবনু মালিক (রাঃ)",
        "bn": "জনৈক ব্যক্তি জুমু‘আর দিন মাসজিদে নাবাবীতে দারুল ক্বাযার দিকে স্থাপিত দরজা দিয়ে প্রবেশ করল। এ সময় রসূলুল্লাহ (সাল্লাল্লাহু ‘আলাইহি ওয়া সাল্লাম) দাঁড়িয়ে খুত্‌বাহ্‌ দিচ্ছিলেন। সে রসূলুল্লাহ (সাল্লাল্লাহু ‘আলাইহি ওয়া সাল্লাম)-এর দিকে মুখ করে দাঁড়িয়ে বলল, হে আল্লাহর রসূল (সাল্লাল্লাহু ‘আলাইহি ওয়া সাল্লাম)! (অনাবৃষ্টির ফলে) মাল সম্পদ বিনষ্ট হয়ে যাচ্ছে। জীবিকার পথ রুদ্ধ হয়ে যাচ্ছে। অতএব আল্লাহ্‌র কাছে দু‘আ করুন যেন তিনি আমাদেরকে বৃষ্টি দান করেন। রসূলুল্লাহ (সাল্লাল্লাহু ‘আলাইহি ওয়া সাল্লাম) দু’হাত উঠিয়ে দু‘আ করলেন, “আল্ল-হুম্মা আগিস্‌না-, আল্ল-হুম্মা আগিস্‌না, আল্ল-হুম্মা আগিস্‌না-” (অর্থাৎ- হে আল্লাহ! আমাদের ওপর বৃষ্টি বর্ষণ করুন, আমাদেরকে বৃষ্টি দান করুন।)। [৩ বার]\nআনাস (রাঃ) বলেন, আল্লাহর শপথ! এ সময় আসমানে কোন মেঘ বা মেঘের চিহ্নও ছিল না। আর আমাদের ও সাল্‌’ই পাহাড়ের মাঝে কোন ঘর-বাড়ী কিছুই ছিল না। (ক্ষণিকের মধ্যে) তাঁর পেছন থেকে ঢালের ন্যায় অখণ্ড মেঘ উদিত হলো। একটু পর তা মাঝ আকাশে এলে চতুর্দিকে ছড়িয়ে পড়ল এবং বৃষ্টি শুরু হলো। বর্ণনাকারী বলেন, এরপর আল্লাহর শপথ! আমরা সপ্তাহকাল যাবৎ আর সূর্যের মুখ দেখিনি। অতঃপর পরবর্তী জুমু‘আয় আবার এক ব্যক্তি ঐ দরজা দিয়ে প্রবেশ করল। রসূলুল্লাহ (সাল্লাল্লাহু ‘আলাইহি ওয়া সাল্লাম) দাঁড়িয়ে খুত্‌বাহ্‌ দিচ্ছিলেন। সে রসূলুল্লাহ (সাল্লাল্লাহু ‘আলাইহি ওয়া সাল্লাম)-এর সামনে দাঁড়িয়ে বলল, হে আল্লাহর রসূল! মাল সম্পদ সব বিনষ্ট হয়ে যাচ্ছে, পথ রুদ্ধ হয়ে যাচ্ছে। অতএব, আল্লাহর কাছে দু‘আ করুন যেন বৃষ্টিপাত বন্ধ করে দেন। বর্ণনাকারী বলেন, তখন রসূলুল্লাহ (সাল্লাল্লাহু ‘আলাইহি ওয়া সাল্লাম) আবার হাত উঠিয়ে দু‘আ করলেন, আল্ল-হুম্মা হাওলানা- ওয়ালা- ‘আলায়না-, আল্ল-হুম্মা ‘আলাল আ-কা-মি ওয়ায্‌ যিরা-বি ওয়া বুতূনিল আওদিয়াতি ওয়া মানা-বিতিশ্‌ শাজার” (অর্থাৎ- হে আল্লাহ! আমাদের অবস্থা পাল্টে দাও আমাদের ওপর এ অবস্থা চাপিয়ে দিও না। হে আল্লাহ! পাহাড়ী এলাকায়, মালভূমিতে মাঠের অভ্যন্তরে ও গাছ-পালা গজানো স্থলে তা ফিরিয়ে নিয়ে যাও।)। এরপর বৃষ্টিপাত বন্ধ হয়ে গেল। আমরা বের হয়ে সূর্য তাপের মধ্যে চলাচল করতে লাগলাম। শারীক বলেন, আমি আনাস ইবনু মালিককে জিজ্ঞেস করলাম, এ ব্যক্তি কি প্রথম ব্যক্তি? আনাস বললেন, আমার জানা নেই। (ই.ফা. ১৯৪৮, ই.সে. ১৯৫৫)",
        "ar": "وَحَدَّثَنَا يَحْيَى بْنُ يَحْيَى، وَيَحْيَى بْنُ أَيُّوبَ، وَقُتَيْبَةُ، وَابْنُ، حُجْرٍ قَالَ يَحْيَى أَخْبَرَنَا وَقَالَ الآخَرُونَ، حَدَّثَنَا إِسْمَاعِيلُ بْنُ جَعْفَرٍ، عَنْ شَرِيكِ بْنِ أَبِي نَمِرٍ، عَنْ أَنَسِ بْنِ مَالِكٍ، أَنَّجُمُعَةٍ مِنْ بَابٍ كَانَ نَحْوَ دَارِ الْقَضَاءِ وَرَسُولُ اللَّهِ صلى الله عليه وسلم قَائِمٌ يَخْطُبُ فَاسْتَقْبَلَ رَسُولَ اللَّهِ صلى الله عليه وسلم قَائِمًا ثُمَّ قَالَ يَا رَسُولَ اللَّهِ هَلَكَتِ الأَمْوَالُ وَانْقَطَعَتِ السُّبُلُ فَادْعُ اللَّهِ يُغِثْنَا ‏.‏ قَالَ فَرَفَعَ رَسُولُ اللَّهِ صلى الله عليه وسلم يَدَيْهِ ثُمَّ قَالَ ‏\"‏ اللَّهُمَّ أَغِثْنَا اللَّهُمَّ أَغِثْنَا اللَّهُمَّ أَغِثْنَا ‏\"‏ ‏.‏ قَالَ أَنَسٌ وَلاَ وَاللَّهِ مَا نَرَى فِي السَّمَاءِ مِنْ سَحَابٍ وَلاَ قَزَعَةٍ وَمَا بَيْنَنَا وَبَيْنَ سَلْعٍ مِنْ بَيْتٍ وَلاَ دَارٍ - قَالَ - فَطَلَعَتْ مِنْ وَرَائِهِ سَحَابَةٌ مِثْلُ التُّرْسِ فَلَمَّا تَوَسَّطَتِ السَّمَاءَ انْتَشَرَتْ ثُمَّ أَمْطَرَتْ - قَالَ - فَلاَ وَاللَّهِ مَا رَأَيْنَا الشَّمْسَ سَبْتًا - قَالَ - ثُمَّ دَخَلَ رَجُلٌ مِنْ ذَلِكَ الْبَابِ فِي الْجُمُعَةِ الْمُقْبِلَةِ وَرَسُولُ اللَّهِ صلى الله عليه وسلم قَائِمٌ يَخْطُبُ فَاسْتَقْبَلَهُ قَائِمًا فَقَالَ يَا رَسُولَ اللَّهِ هَلَكَتِ الأَمْوَالُ وَانْقَطَعَتِ السُّبُلُ فَادْعُ اللَّهَ يُمْسِكْهَا عَنَّا - قَالَ - فَرَفَعَ رَسُولُ اللَّهِ صلى الله عليه وسلم يَدَيْهِ ثُمَّ قَالَ ‏\"‏ اللَّهُمَّ حَوْلَنَا وَلاَ عَلَيْنَا اللَّهُمَّ عَلَى الآكَامِ وَالظِّرَابِ وَبُطُونِ الأَوْدِيَةِ وَمَنَابِتِ الشَّجَرِ ‏\"‏ ‏.‏ فَانْقَلَعَتْ وَخَرَجْنَا نَمْشِي فِي الشَّمْسِ ‏.‏ قَالَ شَرِيكٌ فَسَأَلْتُ أَنَسَ بْنَ مَالِكٍ أَهُوَ الرَّجُلُ الأَوَّلُ قَالَ لاَ أَدْرِي ‏.",
        "ar_diacless": "وحدثنا يحيى بن يحيى، ويحيى بن أيوب، وقتيبة، وابن، حجر قال يحيى أخبرنا وقال الآخرون، حدثنا إسماعيل بن جعفر، عن شريك بن أبي نمر، عن أنس بن مالك، أنجمعة من باب كان نحو دار القضاء ورسول الله صلى الله عليه وسلم قائم يخطب فاستقبل رسول الله صلى الله عليه وسلم قائما ثم قال يا رسول الله هلكت الأموال وانقطعت السبل فادع الله يغثنا ‏.‏ قال فرفع رسول الله صلى الله عليه وسلم يديه ثم قال ‏\"‏ اللهم أغثنا اللهم أغثنا اللهم أغثنا ‏\"‏ ‏.‏ قال أنس ولا والله ما نرى في السماء من سحاب ولا قزعة وما بيننا وبين سلع من بيت ولا دار - قال - فطلعت من ورائه سحابة مثل الترس فلما توسطت السماء انتشرت ثم أمطرت - قال - فلا والله ما رأينا الشمس سبتا - قال - ثم دخل رجل من ذلك الباب في الجمعة المقبلة ورسول الله صلى الله عليه وسلم قائم يخطب فاستقبله قائما فقال يا رسول الله هلكت الأموال وانقطعت السبل فادع الله يمسكها عنا - قال - فرفع رسول الله صلى الله عليه وسلم يديه ثم قال ‏\"‏ اللهم حولنا ولا علينا اللهم على الآكام والظراب وبطون الأودية ومنابت الشجر ‏\"‏ ‏.‏ فانقلعت وخرجنا نمشي في الشمس ‏.‏ قال شريك فسألت أنس بن مالك أهو الرجل الأول قال لا أدري ‏.",
        "note": "",
        "grade_id": 2,
        "grade": "সহিহ হাদিস",
        "grade_color": "#46B891"
      },
      {
        "id": 10524,
        "book_id": 2,
        "book_name": "সহিহ মুসলিম",
        "chapter_id": 10,
        "section_id": 2,
        "hadith_key": "সহিহ মুসলিম: ১৯৬৪",
        "hadith_id": 1964,
        "narrator": "আনাস ইবনু মালিক (রাঃ)",
        "bn": "তিনি বলেন, রসূলুল্লাহ (সাল্লাল্লাহু ‘আলাইহি ওয়া সাল্লাম)-এর যামানায় মানুষ দুর্ভিক্ষের শিকার হল। ঐ সময় একদিন জুমু‘আর দিনে রসূলুল্লাহ (সাল্লাল্লাহু ‘আলাইহি ওয়া সাল্লাম) মিম্বারে উপবিষ্ট হয়ে লোকদের সামনে জুমু‘আর খুত্‌বাহ্‌ দিচ্ছিলেন। এক বিদূঈন দাঁড়িয়ে বলল, হে আল্লাহর রসূল! ধন-সম্পদ বরবাদ হয়ে গেল, সন্তান-সন্ততি ক্ষুধায় কাতর হয়ে পড়ছে। অবশিষ্ট হাদীস পূর্বোক্ত হাদীসের অনুরূপ বর্ণিত হয়েছে। এ বর্ণনায় আরো আছে: রসূলুল্লাহ (সাল্লাল্লাহু ‘আলাইহি ওয়া সাল্লাম) বলেছেন: হে আল্লাহ! আমাদের চতুস্পার্শ্বে, আমাদের উপরে নয়। বর্ণনাকারী বলেন, এরপর রসূলুল্লাহ (সাল্লাল্লাহু ‘আলাইহি ওয়া সাল্লাম) হাত দিয়ে যেদিকেই ইশারা করেছেন, সঙ্গে সঙ্গে সেদিকেই ফর্সা হয়ে গেছে। এমনকি আমি মাদীনাকে আয়নার ন্যায় পরিষ্কার দেখতে পেলাম। এদিকে ‘ক্বানাত’ নামক প্রান্তরে একমাস যাবৎ পানির ধারা বয়ে গেল। যে কোন প্রান্ত থেকে যে কেউই এসেছে সে-ই অতি বৃষ্টির সংবাদ দিয়েছেন। (ই.ফা. ১৯৪৯, ই.সে. ১৯৫৬)",
        "ar": "وَحَدَّثَنَا دَاوُدُ بْنُ رُشَيْدٍ، حَدَّثَنَا الْوَلِيدُ بْنُ مُسْلِمٍ، عَنِ الأَوْزَاعِيِّ، حَدَّثَنِي إِسْحَاقُ، بْنُ عَبْدِ اللَّهِ بْنِ أَبِي طَلْحَةَ عَنْ أَنَسِ بْنِ مَالِكٍ، قَالَ أَصَابَتِ النَّاسَ سَنَةٌ عَلَى عَهْدِ رَسُولِ اللَّهِ صلى الله عليه وسلم فَبَيْنَا رَسُولُ اللَّهِ صلى الله عليه وسلم يَخْطُبُ النَّاسَ عَلَى الْمِنْبَرِ يَوْمَ الْجُمُعَةِ إِذْ قَامَ أَعْرَابِيٌّ فَقَالَ يَا رَسُولَ اللَّهِ هَلَكَ الْمَالُ وَجَاعَ الْعِيَالُ ‏.‏ وَسَاقَ الْحَدِيثَ بِمَعْنَاهُ ‏.‏ وَفِيهِ قَالَ ‏ \"‏ اللَّهُمَّ حَوَالَيْنَا وَلاَ عَلَيْنَا ‏\"‏ ‏.‏ قَالَ فَمَا يُشِيرُ بِيَدِهِ إِلَى نَاحِيَةٍ إِلاَّ تَفَرَّجَتْ حَتَّى رَأَيْتُ الْمَدِينَةَ فِي مِثْلِ الْجَوْبَةِ وَسَالَ وَادِي قَنَاةَ شَهْرًا ‏.‏ وَلَمْ يَجِئْ أَحَدٌ مِنْ نَاحِيَةٍ إِلاَّ أَخْبَرَ بِجَوْدٍ ‏.",
        "ar_diacless": "وحدثنا داود بن رشيد، حدثنا الوليد بن مسلم، عن الأوزاعي، حدثني إسحاق، بن عبد الله بن أبي طلحة عن أنس بن مالك، قال أصابت الناس سنة على عهد رسول الله صلى الله عليه وسلم فبينا رسول الله صلى الله عليه وسلم يخطب الناس على المنبر يوم الجمعة إذ قام أعرابي فقال يا رسول الله هلك المال وجاع العيال ‏.‏ وساق الحديث بمعناه ‏.‏ وفيه قال ‏ \"‏ اللهم حوالينا ولا علينا ‏\"‏ ‏.‏ قال فما يشير بيده إلى ناحية إلا تفرجت حتى رأيت المدينة في مثل الجوبة وسال وادي قناة شهرا ‏.‏ ولم يجئ أحد من ناحية إلا أخبر بجود ‏.",
        "note": "",
        "grade_id": 2,
        "grade": "সহিহ হাদিস",
        "grade_color": "#46B891"
      },
      {
        "id": 10521,
        "book_id": 2,
        "book_name": "সহিহ মুসলিম",
        "chapter_id": 10,
        "section_id": 2,
        "hadith_key": "সহিহ মুসলিম: ১৯৬৫",
        "hadith_id": 1965,
        "narrator": "আনাস ইবনু মালিক (রাঃ)",
        "bn": "তিনি বলেন, নবী (সাল্লাল্লাহু ‘আলাইহি ওয়া সাল্লাম) জুমু‘আর দিন খুত্‌বাহ্‌ দিচ্ছিলেন, এমন সময় কিছু লোক দাঁড়িয়ে চিৎকার করে বলল, হে আল্লাহ্‌র নাবী! বৃষ্টিপাত বন্ধ হয়ে গেছে। গাছপালা লোহিত বর্ণ ধারণ করেছে। পশুরা মৃত্যুমুখে পতিত হয়েছে। এরপর অবশিষ্ট হাদীস বর্ণনা করেছেন, পশুরা মৃত্যুমুখে পতিত হয়েছে ‘মেঘ মাদীনাহ্‌ থেকে সরে গেছে।’ এরপর মাদীনার চতুষ্পার্শ্বে বৃষ্টিপাত হতে লাগল, মাদীনায় একবিন্দু বৃষ্টিও বর্ষিত হচ্ছে না। আমি মদীনার দিকে তাকিয়ে দেখলাম তা যেন পট্টির ন্যয় চতুর্দিকে পরিবেষ্টিত বা মুকুটের ন্যায় শোভা পাচ্ছে। (ই.ফা. ১৯৫০, ই.সে. ১৯৫৭)",
        "ar": "وحَدَّثَنِي عَبْدُ الْأَعْلَى بْنُ حَمَّادٍ، وَمُحَمَّدُ بْنُ أَبِي بَكْرٍ الْمُقَدَّمِيُّ، قَالَا: حَدَّثَنَا مُعْتَمِرٌ، حَدَّثَنَا عُبَيْدُ اللهِ، عَنْ ثَابِتٍ الْبُنَانِيِّ، عَنْ أَنَسِ بْنِ مَالِكٍ، قَالَ: كَانَ النَّبِيُّ صَلَّى اللهُ عَلَيْهِ وَسَلَّمَ يَخْطُبُ يَوْمَ الْجُمُعَةِ، فَقَامَ إِلَيْهِ النَّاسُ فَصَاحُوا، وَقَالُوا: يَا نَبِيَّ اللهِ قَحَطَ الْمَطَرُ، وَاحْمَرَّ الشَّجَرُ، وَهَلَكَتِ الْبَهَائِمُ، وَسَاقَ الْحَدِيثَ، وَفِيهِ مِنْ رِوَايَةِ عَبْدِ الْأَعْلَى: فَتَقَشَّعَتْ عَنِ الْمَدِينَةِ فَجَعَلَتْ تُمْطِرُ حَوَالَيْهَا، وَمَا تُمْطِرُ بِالْمَدِينَةِ قَطْرَةً، فَنَظَرْتُ إِلَى الْمَدِينَةِ وَإِنَّهَا لَفِي مِثْلِ الْإِكْلِيلِ",
        "ar_diacless": "وحدثني عبد الأعلى بن حماد، ومحمد بن أبي بكر المقدمي، قالا: حدثنا معتمر، حدثنا عبيد الله، عن ثابت البناني، عن أنس بن مالك، قال: كان النبي صلى الله عليه وسلم يخطب يوم الجمعة، فقام إليه الناس فصاحوا، وقالوا: يا نبي الله قحط المطر، واحمر الشجر، وهلكت البهائم، وساق الحديث، وفيه من رواية عبد الأعلى: فتقشعت عن المدينة فجعلت تمطر حواليها، وما تمطر بالمدينة قطرة، فنظرت إلى المدينة وإنها لفي مثل الإكليل",
        "note": "",
        "grade_id": 2,
        "grade": "সহিহ হাদিস",
        "grade_color": "#46B891"
      },
      {
        "id": 11461,
        "book_id": 2,
        "book_name": "সহিহ মুসলিম",
        "chapter_id": 10,
        "section_id": 2,
        "hadith_key": "সহিহ মুসলিম: ১৯৬৬",
        "hadith_id": 1966,
        "narrator": "আনাস (রাঃ)",
        "bn": "অনুরূপ বর্ণিত হয়েছে তবে এতে এ কথাও আছে যে, আল্লাহ তা‘আলা মেঘরাশিকে পুঞ্জীভূত করে দিয়েছেন আর তা আমাদেরকে প্লাবিত করে দিয়েছে। এমনকি দেখলাম বেশ শক্তিশালী ব্যক্তিও তার বাড়িতে ফিরে আসতে চিন্তায় পড়ে গেল। (ই.ফা. ১৯৫১, ই.সে. ১৯৫৮)",
        "ar": "وَحَدَّثَنَاهُ أَبُو كُرَيْبٍ، حَدَّثَنَا أَبُو أُسَامَةَ، عَنْ سُلَيْمَانَ بْنِ الْمُغِيرَةِ، عَنْ ثَابِتٍ، عَنْ أَنَسٍ، بِنَحْوِهِ وَزَادَ فَأَلَّفَ اللَّهُ بَيْنَ السَّحَابِ وَمَكَثْنَا حَتَّى رَأَيْتُ الرَّجُلَ الشَّدِيدَ تُهِمُّهُ نَفْسُهُ أَنْ يَأْتِيَ أَهْلَهُ ‏.‏",
        "ar_diacless": "وحدثناه أبو كريب، حدثنا أبو أسامة، عن سليمان بن المغيرة، عن ثابت، عن أنس، بنحوه وزاد فألف الله بين السحاب ومكثنا حتى رأيت الرجل الشديد تهمه نفسه أن يأتي أهله ‏.‏",
        "note": "",
        "grade_id": 2,
        "grade": "সহিহ হাদিস",
        "grade_color": "#46B891"
      },
      {
        "id": 10522,
        "book_id": 2,
        "book_name": "সহিহ মুসলিম",
        "chapter_id": 10,
        "section_id": 2,
        "hadith_key": "সহিহ মুসলিম: ১৯৬৭",
        "hadith_id": 1967,
        "narrator": "হাফ্‌সাহ্‌ ইবনু ‘উবায়দুল্লাহ ইবনু আনাস ইবনু মালিক (রাঃ)",
        "bn": "তিনি আনাস ইবনু মালিক (রাঃ)-কে বলতে শুনেছেন, রসূলুল্লাহ (সাল্লাল্লাহু ‘আলাইহি ওয়া সাল্লাম) জুমু‘আর দিন মিম্বারে উপবিষ্ট অবস্থায় তাঁর নিকট একজন বিদুঈন আসল ..... বাকী হাদীস পূর্ববৎ বর্ণনা করেন। তবে এ কথাটুকু বাড়িয়ে বলেছেন- আমি দেখলাম মেঘমালা ছড়িয়ে পড়েছে, যেন গোছানো চাদরকে প্রসারিত করা হয়েছে। (ই.ফা. ১৯৫২, ই.সে. ১৯৫৯)",
        "ar": "وَحَدَّثَنَا هَارُونُ بْنُ سَعِيدٍ الأَيْلِيُّ، حَدَّثَنَا ابْنُ وَهْبٍ، حَدَّثَنِي أُسَامَةُ، أَنَّ حَفْصَ بْنَ، عُبَيْدِ اللَّهِ بْنِ أَنَسِ بْنِ مَالِكٍ حَدَّثَهُ أَنَّهُ، سَمِعَ أَنَسَ بْنَ مَالِكٍ، يَقُولُ جَاءَ أَعْرَابِيٌّ إِلَى رَسُولِ اللَّهِ صلى الله عليه وسلم يَوْمَ الْجُمُعَةِ وَهُوَ عَلَى الْمِنْبَرِ ‏.‏ وَاقْتَصَّ الْحَدِيثَ وَزَادَ فَرَأَيْتُ السَّحَابَ يَتَمَزَّقُ كَأَنَّهُ الْمُلاَءُ حِينَ تُطْوَى ‏.",
        "ar_diacless": "وحدثنا هارون بن سعيد الأيلي، حدثنا ابن وهب، حدثني أسامة، أن حفص بن، عبيد الله بن أنس بن مالك حدثه أنه، سمع أنس بن مالك، يقول جاء أعرابي إلى رسول الله صلى الله عليه وسلم يوم الجمعة وهو على المنبر ‏.‏ واقتص الحديث وزاد فرأيت السحاب يتمزق كأنه الملاء حين تطوى ‏.",
        "note": "",
        "grade_id": 2,
        "grade": "সহিহ হাদিস",
        "grade_color": "#46B891"
      },
      {
        "id": 10525,
        "book_id": 2,
        "book_name": "সহিহ মুসলিম",
        "chapter_id": 10,
        "section_id": 2,
        "hadith_key": "সহিহ মুসলিম: ১৯৬৮",
        "hadith_id": 1968,
        "narrator": "আনাস (রাঃ)",
        "bn": "তিনি বলেন, আমরা রসূলুল্লাহ (সাল্লাল্লাহু ‘আলাইহি ওয়া সাল্লাম)-এর সঙ্গে ছিলাম এমন সময় বৃষ্টি নামল। তখন রসূলুল্লাহ (সাল্লাল্লাহু ‘আলাইহি ওয়া সাল্লাম) তাঁর কাপড় খুলে দিলেন। ফলে এতে বৃষ্টির পানি পৌঁছল। আমরা জিজ্ঞেস করলাম, হে আল্লাহর রসূল! এরূপ কেন করলেন? তিনি (সাল্লাল্লাহু ‘আলাইহি ওয়া সাল্লাম) বললেন, কেননা এটা মহান আল্লাহর নিকট থেকে আসার সময় খুবই অল্প। (ই.ফা. ১৯৫৩, ই.সে. ১৯৬০)",
        "ar": "وَحَدَّثَنَا يَحْيَى بْنُ يَحْيَى، أَخْبَرَنَا جَعْفَرُ بْنُ سُلَيْمَانَ، عَنْ ثَابِتٍ الْبُنَانِيِّ، عَنْ أَنَسٍ، قَالَ قَالَ أَنَسٌ أَصَابَنَا وَنَحْنُ مَعَ رَسُولِ اللَّهِ صلى الله عليه وسلم مَطَرٌ قَالَ فَحَسَرَ رَسُولُ اللَّهِ صَلَّى اللَّهُ عَلَيْهِ وَسَلَّمَ ثَوْبَهُ حَتَّى أَصَابَهُ مِنْ الْمَطَرِ فَقُلْنَا يَا رَسُولَ اللَّهِ لِمَ صَنَعْتَ هَذَا قَالَ لِأَنَّهُ حَدِيثُ عَهْدٍ بِرَبِّهِ تَعَالَى.",
        "ar_diacless": "وحدثنا يحيى بن يحيى، أخبرنا جعفر بن سليمان، عن ثابت البناني، عن أنس، قال قال أنس أصابنا ونحن مع رسول الله صلى الله عليه وسلم مطر قال فحسر رسول الله صلى الله عليه وسلم ثوبه حتى أصابه من المطر فقلنا يا رسول الله لم صنعت هذا قال لأنه حديث عهد بربه تعالى.",
        "note": "",
        "grade_id": 2,
        "grade": "সহিহ হাদিস",
        "grade_color": "#46B891"
      }
    ]
  },
  {
    "id": 4808,
    "book_id": 2,
    "book_name": "muslim",
    "chapter_id": 10,
    "section_id": 3,
    "title": "ঝঞ্ঝাবায়ু ও মেঘ দেখে আল্লাহর নিকট আশ্রয় প্রার্থনা আর বৃষ্টি বর্ষনে খুশি হওয়া",
    "preface": "",
    "number": "৩. অধ্যায়ঃ",
    "sort_order": 3,
    "hadiths": [
      {
        "id": 10532,
        "book_id": 2,
        "book_name": "সহিহ মুসলিম",
        "chapter_id": 10,
        "section_id": 3,
        "hadith_key": "সহিহ মুসলিম: ১৯৬৯",
        "hadith_id": 1969,
        "narrator": "আত্বা ইবনু আবূ রবাহ (রহঃ)",
        "bn": "তিনি নবী (সাল্লাল্লাহু ‘আলাইহি ওয়া সাল্লাম)-এর স্ত্রী ‘আয়িশা (রাঃ)-কে বলতে শুনেছেন, রসূলুল্লাহ (সাল্লাল্লাহু ‘আলাইহি ওয়া সাল্লাম)-এর অবস্থা এরূপ ছিল যে, যখন কোন সময় দমকা হাওয়া ও মেঘের ঘনঘটা দেখা দিত, তাঁর চেহারায় একটা আতঙ্কের ভাব ফুটে উঠত এবং তিনি আগে পিছনে উদ্বিগ্ন হয়ে চলাফেরা করতেন। এরপর যখন বৃষ্টি হতো খুশি হয়ে যেতেন, আর তাঁর থেকে এ অস্থিরতা দূর হয়ে যেত। ‘আয়িশা (রাঃ) বলেন, আমি এ বিষয়ে তাঁকে জিজ্ঞেস করলে তিনি বলেন, আমার আশঙ্কা হয় যে, আমার উম্মাতের ওপর কোন ‘আযাব এসে পতিত হয় নাকি। তিনি বৃষ্টি দেখলে বলতেন, এটা (আল্লাহর) রহমাত। (ই.ফা. ১৯৫৪, ই.সে. ১৯৬১)",
        "ar": "حَدَّثَنَا عَبْدُ اللَّهِ بْنُ مَسْلَمَةَ بْنِ قَعْنَبٍ، حَدَّثَنَا سُلَيْمَانُ، - يَعْنِي ابْنَ بِلاَلٍ - عَنْ جَعْفَرٍ، - وَهُوَ ابْنُ مُحَمَّدٍ - عَنْ عَطَاءِ بْنِ أَبِي رَبَاحٍ، أَنَّهُ سَمِعَ عَائِشَةَ، زَوْجَ النَّبِيِّ صلى الله عليه وسلم تَقُولُ كَانَ رَسُولُ اللَّهِ صلى الله عليه وسلم إِذَا كَانَ يَوْمُ الرِّيحِ وَالْغَيْمِ عُرِفَ ذَلِكَ فِي وَجْهِهِ أَقْبَلَ وَأَدْبَرَ فَإِذَا مَطَرَتْ سُرَّ بِهِ وَذَهَبَ عَنْهُ ذَلِكَ ‏.‏ قَالَتْ عَائِشَةُ فَسَأَلْتُهُ فَقَالَ ‏\"‏ إِنِّي خَشِيتُ أَنْ يَكُونَ عَذَابًا سُلِّطَ عَلَى أُمَّتِي ‏\"‏ ‏.‏ وَيَقُولُ إِذَا رَأَى الْمَطَرَ ‏\"‏ رَحْمَةٌ‏\"‏ ‏.",
        "ar_diacless": "حدثنا عبد الله بن مسلمة بن قعنب، حدثنا سليمان، - يعني ابن بلال - عن جعفر، - وهو ابن محمد - عن عطاء بن أبي رباح، أنه سمع عائشة، زوج النبي صلى الله عليه وسلم تقول كان رسول الله صلى الله عليه وسلم إذا كان يوم الريح والغيم عرف ذلك في وجهه أقبل وأدبر فإذا مطرت سر به وذهب عنه ذلك ‏.‏ قالت عائشة فسألته فقال ‏\"‏ إني خشيت أن يكون عذابا سلط على أمتي ‏\"‏ ‏.‏ ويقول إذا رأى المطر ‏\"‏ رحمة‏\"‏ ‏.",
        "note": "",
        "grade_id": 2,
        "grade": "সহিহ হাদিস",
        "grade_color": "#46B891"
      },
      {
        "id": 10530,
        "book_id": 2,
        "book_name": "সহিহ মুসলিম",
        "chapter_id": 10,
        "section_id": 3,
        "hadith_key": "সহিহ মুসলিম: ১৯৭০",
        "hadith_id": 1970,
        "narrator": "আয়িশাহ্‌ (রাঃ)",
        "bn": "যখন বাতাস প্রবল আকার ধারণ করত, তখন নবী (সাল্লাল্লাহু ‘আলাইহি ওয়া সাল্লাম) এভাবে দু‘আ করতেন : “আল্ল-হুম্মা ইন্নী আস্‌আলুকা খয়রাহা- ওয়া খয়রা মা- ফীহা- ওয়া খয়রা মা- উর্‌সিলাত বিহী, ওয়া আ’ঊযুবিকা মিন্‌ শার্‌রিহা- ওয়া শার্‌রি মা- ফীহা- ওয়া শার্‌রি মা- উর্‌সিলাত বিহী”- (অর্থাৎ- হে আল্লাহ! আমি তোমার কাছে মেঘের কল্যাণ কামনা করছি ও এর মধ্যে যে কল্যাণ নিহিত আছে এবং যে কল্যাণের সাথে প্রেরিত হয়েছে তাও এবং তোমার কাছে এর অকল্যাণ ও এর মধ্যে যে অকল্যাণ নিহিত আছে এবং যে অকল্যাণ নিয়ে এসেছে তা থেকে আশ্রয় চাই।) ‘আয়িশা (রাঃ) বলেন, যখন আসমানে মেঘ বিদ্যুৎ ছেয়ে যেত তাঁর চেহারা বিবর্ণ হয়ে যেত এবং তিনি ভিতরে বাইরে আগে পিছনে ইতস্ততঃ চলাফেরা শুরু করে দিতেন। এরপর যখন বৃষ্টি হতো তাঁর এ অবস্থা দূর হয়ে যেত। ‘আয়িশা (রাঃ) বলেনঃ এ অবস্থা বুঝতে পেরে আমি তাঁকে এর কারণ জিজ্ঞেস করলে তিনি বলতেন, হে ‘আয়িশাহ্‌ ! আমার আশঙ্কা এরূপ হয় নাকি যেরূপ ‘আদ সম্প্রদায় বলেছিল। যেমন কুরআনে উদ্ধৃত হয়েছে, “যখন তারা এটাকে তাদের প্রান্তর অভিমুখে মেঘের আকারে এগিয়ে আসতে দেখল, তারা বলল, এ মেঘ আমারে ওপর বৃষ্টি বর্ষাবে (পক্ষান্তরে তা ছিল আসমানী গজব)”- (সূরাহ্‌ আল আহ্‌ক্বা-ফ ৪৬:২৪)। (ই.ফা. ১৯৫৫, ই.সে. ১৯৬২)",
        "ar": "وَحَدَّثَنِي أَبُو الطَّاهِرِ، أَخْبَرَنَا ابْنُ وَهْبٍ، قَالَ سَمِعْتُ ابْنَ جُرَيْجٍ، يُحَدِّثُنَا عَنْ عَطَاءِ، بْنِ أَبِي رَبَاحٍ عَنْ عَائِشَةَ، زَوْجِ النَّبِيِّ صلى الله عليه وسلم أَنَّهَا قَالَتْ كَانَ النَّبِيُّ صلى الله عليه وسلم إِذَا عَصَفَتِ الرِّيحُ قَالَ ‏\"‏ اللَّهُمَّ إِنِّي أَسْأَلُكَ خَيْرَهَا وَخَيْرَ مَا فِيهَا وَخَيْرَ مَا أُرْسِلَتْ بِهِ وَأَعُوذُ بِكَ مِنْ شَرِّهَا وَشَرِّ مَا فِيهَا وَشَرِّ مَا أُرْسِلَتْ بِهِ ‏\"‏ ‏.‏ قَالَتْ وَإِذَا تَخَيَّلَتِ السَّمَاءُ تَغَيَّرَ لَوْنُهُ وَخَرَجَ وَدَخَلَ وَأَقْبَلَ وَأَدْبَرَ فَإِذَا مَطَرَتْ سُرِّيَ عَنْهُ فَعَرَفْتُ ذَلِكَ فِي وَجْهِهِ ‏.‏ قَالَتْ عَائِشَةُ فَسَأَلْتُهُ فَقَالَ ‏\"‏ لَعَلَّهُ يَا عَائِشَةُ كَمَا قَالَ قَوْمُ عَادٍ ‏{‏ فَلَمَّا رَأَوْهُ عَارِضًا مُسْتَقْبِلَ أَوْدِيَتِهِمْ قَالُوا هَذَا عَارِضٌ مُمْطِرُنَا‏}‏ ‏\"‏ ‏.‏",
        "ar_diacless": "وحدثني أبو الطاهر، أخبرنا ابن وهب، قال سمعت ابن جريج، يحدثنا عن عطاء، بن أبي رباح عن عائشة، زوج النبي صلى الله عليه وسلم أنها قالت كان النبي صلى الله عليه وسلم إذا عصفت الريح قال ‏\"‏ اللهم إني أسألك خيرها وخير ما فيها وخير ما أرسلت به وأعوذ بك من شرها وشر ما فيها وشر ما أرسلت به ‏\"‏ ‏.‏ قالت وإذا تخيلت السماء تغير لونه وخرج ودخل وأقبل وأدبر فإذا مطرت سري عنه فعرفت ذلك في وجهه ‏.‏ قالت عائشة فسألته فقال ‏\"‏ لعله يا عائشة كما قال قوم عاد ‏{‏ فلما رأوه عارضا مستقبل أوديتهم قالوا هذا عارض ممطرنا‏}‏ ‏\"‏ ‏.‏",
        "note": "",
        "grade_id": 2,
        "grade": "সহিহ হাদিস",
        "grade_color": "#46B891"
      },
      {
        "id": 10531,
        "book_id": 2,
        "book_name": "সহিহ মুসলিম",
        "chapter_id": 10,
        "section_id": 3,
        "hadith_key": "সহিহ মুসলিম: ১৯৭১",
        "hadith_id": 1971,
        "narrator": "আয়িশাহ্‌ (রাঃ)",
        "bn": "আমি কখনও নবী (সাল্লাল্লাহু ‘আলাইহি ওয়া সাল্লাম) কে এরূপ পুরোপুরি হাসতে দেখিনি যাতে কণ্ঠনালী দেখা যায়। বরং তিনি (সাল্লাল্লাহু ‘আলাইহি ওয়া সাল্লাম) মুচ্‌কী হাসতেন। ‘আয়িশা (রাঃ) বলেন, যখন কালোমেঘ বা দমকা হাওয়া দেখতেন, তাঁর চেহারায় অস্থির ভাব ফুটে উঠত। ‘আয়িশাহ (রাঃ) বললেন, হে আল্লাহ্‌র রাসূল! আমি দেখি লোকেরা মেঘ দেখে বেশ খুশী হয়ে যায় এ আশায় যে এতে বৃষ্টি হবে। আর আপনাকে দেখি, আপনি যখন মেঘ দেখেন, আপনার চেহারায় আশঙ্কার ছাপ পরিলক্ষিত হয়। উত্তরে তিনি বলেন, হে আয়িশাহ্‌! আমি এ কারণে নিরাপদ ও নিশ্চিন্তবোধ করি না যে, হতে পারে এর মধ্যে কোন ‘আযাব থাকতে পারে। এক সম্প্রদায়কে দমকা হাওয়ার মাধ্যমে ‘আযাব দেয়া হয়েছে। আরেক সম্প্রদায় আসমানী ‘আযাব দেখে বলেছিল- এই যে মেঘ তা আমাদের ওপর বর্ষিত হবে। (ই.ফা. ১৯৫৬, ই.সে. ১৯৬৩)",
        "ar": "وَحَدَّثَنِي هَارُونُ بْنُ مَعْرُوفٍ، حَدَّثَنَا ابْنُ وَهْبٍ، عَنْ عَمْرِو بْنِ الْحَارِثِ، ح وَحَدَّثَنِي أَبُو الطَّاهِرِ، أَخْبَرَنَا عَبْدُ اللَّهِ بْنُ وَهْبٍ، أَخْبَرَنَا عَمْرُو بْنُ الْحَارِثِ، أَنَّ أَبَا النَّضْرِ، حَدَّثَهُ عَنْ سُلَيْمَانَ بْنِ يَسَارٍ، عَنْ عَائِشَةَ، زَوْجِ النَّبِيِّ صلى الله عليه وسلم أَنَّهَا قَالَتْ مَا رَأَيْتُ رَسُولَ اللَّهِ صلى الله عليه وسلم مُسْتَجْمِعًا ضَاحِكًا حَتَّى أَرَى مِنْهُ لَهَوَاتِهِ إِنَّمَا كَانَ يَتَبَسَّمُ - قَالَتْ- وَكَانَ إِذَا رَأَى غَيْمًا أَوْ رِيحًا عُرِفَ ذَلِكَ فِي وَجْهِهِ ‏.‏ فَقَالَتْ يَا رَسُولَ اللَّهِ أَرَى النَّاسَ إذا رأوا الغيم فرحوا رجاء أن يكون فيه المطر وأراك إذا رأيته عرفت في وجهك الكراهية قالت فقال يا عائشة ما يؤمنني أن يكون فيه عذاب قد عذب قوم بالريح وقد رأى قوم العذاب فقالوا هذا عارض ممطرنا",
        "ar_diacless": "وحدثني هارون بن معروف، حدثنا ابن وهب، عن عمرو بن الحارث، ح وحدثني أبو الطاهر، أخبرنا عبد الله بن وهب، أخبرنا عمرو بن الحارث، أن أبا النضر، حدثه عن سليمان بن يسار، عن عائشة، زوج النبي صلى الله عليه وسلم أنها قالت ما رأيت رسول الله صلى الله عليه وسلم مستجمعا ضاحكا حتى أرى منه لهواته إنما كان يتبسم - قالت- وكان إذا رأى غيما أو ريحا عرف ذلك في وجهه ‏.‏ فقالت يا رسول الله أرى الناس إذا رأوا الغيم فرحوا رجاء أن يكون فيه المطر وأراك إذا رأيته عرفت في وجهك الكراهية قالت فقال يا عائشة ما يؤمنني أن يكون فيه عذاب قد عذب قوم بالريح وقد رأى قوم العذاب فقالوا هذا عارض ممطرنا",
        "note": "",
        "grade_id": 2,
        "grade": "সহিহ হাদিস",
        "grade_color": "#46B891"
      }
    ]
  },
  {
    "id": 4809,
    "book_id": 2,
    "book_name": "muslim",
    "chapter_id": 10,
    "section_id": 4,
    "title": "সকাল-সন্ধ্যায় প্রবাহিত বায়ু প্রসঙ্গে",
    "preface": "",
    "number": "৪. অধ্যায়ঃ",
    "sort_order": 4,
    "hadiths": [
      {
        "id": 10535,
        "book_id": 2,
        "book_name": "সহিহ মুসলিম",
        "chapter_id": 10,
        "section_id": 4,
        "hadith_key": "সহিহ মুসলিম: ১৯৭২",
        "hadith_id": 1972,
        "narrator": "ইবনু ‘আব্বাস (রাঃ)",
        "bn": "নবী (সাল্লাল্লাহু ‘আলাইহি ওয়া সাল্লাম) বলেছেনঃ আমাকে পূবালী হাওয়ার সাহায্যে বিজয়ী করা হয়েছে অথচ ‘আদ সম্প্রদায়কে পশ্চিমা বাতাসের মাধ্যমে ধ্বংস করা হয়েছে। (ই.ফা. ১৯৫৭, ই.সে. ১৯৬৪)",
        "ar": "وَحَدَّثَنَا أَبُو بَكْرِ بْنُ أَبِي شَيْبَةَ، حَدَّثَنَا غُنْدَرٌ، عَنْ شُعْبَةَ، ح وَحَدَّثَنَا مُحَمَّدُ بْنُ الْمُثَنَّى، وَابْنُ بَشَّارٍ قَالاَ حَدَّثَنَا مُحَمَّدُ بْنُ جَعْفَرٍ، حَدَّثَنَا شُعْبَةُ، عَنِ الْحَكَمِ، عَنْ مُجَاهِدٍ، عَنِ ابْنِ عَبَّاسٍ، عَنِ النَّبِيِّ صلى الله عليه وسلم أَنَّهُ قَالَ ‏ \"‏ نُصِرْتُ بِالصَّبَا وَأُهْلِكَتْ عَادٌ بِالدَّبُورِ ‏\"‏ ‏.",
        "ar_diacless": "وحدثنا أبو بكر بن أبي شيبة، حدثنا غندر، عن شعبة، ح وحدثنا محمد بن المثنى، وابن بشار قالا حدثنا محمد بن جعفر، حدثنا شعبة، عن الحكم، عن مجاهد، عن ابن عباس، عن النبي صلى الله عليه وسلم أنه قال ‏ \"‏ نصرت بالصبا وأهلكت عاد بالدبور ‏\"‏ ‏.",
        "note": "",
        "grade_id": 2,
        "grade": "সহিহ হাদিস",
        "grade_color": "#46B891"
      },
      {
        "id": 11462,
        "book_id": 2,
        "book_name": "সহিহ মুসলিম",
        "chapter_id": 10,
        "section_id": 4,
        "hadith_key": "সহিহ মুসলিম: ১৯৭৩",
        "hadith_id": 1973,
        "narrator": "ইবনু ‘আব্বাস (রাঃ) নাবী (সাল্লাল্লাহু ‘আলাইহি ওয়া সাল্লাম)",
        "bn": "অনুরূপ বর্ণনা করেছেন। (ই.ফা. ১৯৫৮, ই.সে. ১৯৬৫)",
        "ar": "وَحَدَّثَنَا أَبُو بَكْرِ بْنُ أَبِي شَيْبَةَ، وَأَبُو كُرَيْبٍ قَالاَ حَدَّثَنَا أَبُو مُعَاوِيَةَ، ح وَحَدَّثَنَا عَبْدُ اللَّهِ بْنُ عُمَرَ بْنِ مُحَمَّدِ بْنِ أَبَانٍ الْجُعْفِيُّ، حَدَّثَنَا عَبْدَةُ، - يَعْنِي ابْنَ سُلَيْمَانَ - كِلاَهُمَا عَنِ الأَعْمَشِ، عَنْ مَسْعُودِ بْنِ مَالِكٍ، عَنْ سَعِيدِ بْنِ جُبَيْرٍ، عَنِ ابْنِ عَبَّاسٍ، عَنِ النَّبِيِّ صلى الله عليه وسلم ‏.‏ بِمِثْلِهِ ‏.‏",
        "ar_diacless": "وحدثنا أبو بكر بن أبي شيبة، وأبو كريب قالا حدثنا أبو معاوية، ح وحدثنا عبد الله بن عمر بن محمد بن أبان الجعفي، حدثنا عبدة، - يعني ابن سليمان - كلاهما عن الأعمش، عن مسعود بن مالك، عن سعيد بن جبير، عن ابن عباس، عن النبي صلى الله عليه وسلم ‏.‏ بمثله ‏.‏",
        "note": "",
        "grade_id": 2,
        "grade": "সহিহ হাদিস",
        "grade_color": "#46B891"
      }
    ]
  }
]