[
  {
    "id": 4918,
    "book_id": 2,
    "book_name": "muslim",
    "chapter_id": 51,
    "section_id": 1,
    "title": "মুনাফিকদের বিবরণ সম্পর্কিত",
    "preface": "",
    "number": "১. অধ্যায়ঃ",
    "sort_order": 1,
    "hadiths": [
      {
        "id": 11326,
        "book_id": 2,
        "book_name": "সহিহ মুসলিম",
        "chapter_id": 51,
        "section_id": 1,
        "hadith_key": "সহিহ মুসলিম: ৬৯১৭",
        "hadith_id": 6917,
        "narrator": "যায়দ ইবনু আরকাম (রাঃ)",
        "bn": "তিনি বলেন, রসূলুল্লাহ (সাল্লাল্লাহু ‘আলাইহি ওয়া সাল্লাম)-এর সাথে কোন এক সফরে আমরা বের হলাম। এ সফরে মানুষজন অনেক কষ্টে পড়ে। সে সময় ‘আবদুল্লাহ্‌ ইবনু উবাই তার সাথীদেরকে বলল, রসূলুল্লাহ (সাল্লাল্লাহু ‘আলাইহি ওয়া সাল্লাম)-এর সাথীদের জন্যে তোমরা কিছু ব্যয় করো না, যাতে তারা তাঁর কাছ হতে দূরে চলে যায়।\nযুহায়র (রহঃ) বলেন, এ হলো ঐ লোকের তিলাওয়াত যে, (আবরী) শব্দের পরিবর্তে (আরবী) পড়ে শক্তিশালীগণ বেশি দুর্বলগণকে বহিষ্কার করে দিবে।\nআর সে এটাও বলল, আমরা মাদীনায় ফিরে আসলে সেখান থেকে নিশ্চয়ই বেশি দুর্বলকে বহিষ্কৃত করবে শক্তিশালী ব্যক্তি। এ কথা শুনে আমি রসূলুল্লাহ (সাল্লাল্লাহু ‘আলাইহি ওয়া সাল্লাম)-এর কাছে এসে তার এ কথাবার্তার ব্যাপারে তাঁকে জানালাম। তখন তিনি ‘আবদুল্লাহ ইবনু উবাইকে ডেকে পাঠালেন এবং তাকে এ ব্যাপারে প্রশ্ন করলেন। সে জোরদার শপথ করে বলল যে, সে এমন কর্ম করেনি। আর বলল, যায়দ রসূলুল্লাহ (সাল্লাল্লাহু ‘আলাইহি ওয়া সাল্লাম)-এর কাছে মিথ্যা কথা বলেছে। যায়দ (রাঃ) বলেন, তাদের এ কথায় আমি মনে কঠিন কষ্ট পেলাম। তখন আল্লাহ তা‘আলা আমার সততার পক্ষে অবতীর্ণ করেন, ... (আবরী) তখন রসূলুল্লাহ (সাল্লাল্লাহু ‘আলাইহি ওয়া সাল্লাম) তাদেরকে এজন্য আহ্বান করলো যে, তিনি তাদের জন্যে মার্জনা প্রার্থনা করবেন।\nতিনি বলেন, তখন তারা তাদের মাথা ঘুরিয়ে নিল। আল্লাহ তা‘আলা তাদের ব্যাপারে বলেছেন, (আরবী) তারা দেয়ালে ভর দেয়া কাঠের স্তম্ভ স্বরূপ। যায়দ (রাঃ) বলেন, বাহ্যিকভাবে তারা ছিল খুবই সুন্দর মানুষ। (ই.ফা. ৬৭৬৭, ই.সে. ৬৮২২)",
        "ar": "حَدَّثَنَا أَبُو بَكْرِ بْنُ أَبِي شَيْبَةَ، حَدَّثَنَا الْحَسَنُ بْنُ مُوسَى، حَدَّثَنَا زُهَيْرُ بْنُ مُعَاوِيَةَ، حَدَّثَنَا أَبُو إِسْحَاقَ، أَنَّهُ سَمِعَ زَيْدَ بْنَ أَرْقَمَ، يَقُولُ خَرَجْنَا مَعَ رَسُولِ اللَّهِ صلى الله عليه وسلم فِي سَفَرٍ أَصَابَ النَّاسَ فِيهِ شِدَّةٌ فَقَالَ عَبْدُ اللَّهِ بْنُ أُبَىٍّ لأَصْحَابِهِ لاَ تُنْفِقُوا عَلَى مَنْ عِنْدَ رَسُولِ اللَّهِ صلى الله عليه وسلم حَتَّى يَنْفَضُّوا مِنْ حَوْلِهِ ‏.‏ قَالَ زُهَيْرٌ وَهِيَ قِرَاءَةُ مَنْ خَفَضَ حَوْلَهُ ‏.‏ وَقَالَ لَئِنْ رَجَعْنَا إِلَى الْمَدِينَةِ لَيُخْرِجَنَّ الأَعَزُّ مِنْهَا الأَذَلَّ - قَالَ - فَأَتَيْتُ النَّبِيَّ صلى الله عليه وسلم فَأَخْبَرْتُهُ بِذَلِكَ فَأَرْسَلَ إِلَى عَبْدِ اللَّهِ بْنِ أُبَىٍّ فَسَأَلَهُ فَاجْتَهَدَ يَمِينَهُ مَا فَعَلَ فَقَالَ كَذَبَ زَيْدٌ رَسُولَ اللَّهِ صلى الله عليه وسلم - قَالَ - فَوَقَعَ فِي نَفْسِي مِمَّا قَالُوهُ شِدَّةٌ حَتَّى أَنْزَلَ اللَّهُ تَصْدِيقِي ‏{‏ إِذَا جَاءَكَ الْمُنَافِقُونَ‏}‏ قَالَ ثُمَّ دَعَاهُمُ النَّبِيُّ صلى الله عليه وسلم لِيَسْتَغْفِرَ لَهُمْ - قَالَ - فَلَوَّوْا رُءُوسَهُمْ ‏.‏ وَقَوْلُهُ ‏{‏ كَأَنَّهُمْ خُشُبٌ مُسَنَّدَةٌ‏}‏ وَقَالَ كَانُوا رِجَالاً أَجْمَلَ شَىْءٍ ‏",
        "ar_diacless": "حدثنا أبو بكر بن أبي شيبة، حدثنا الحسن بن موسى، حدثنا زهير بن معاوية، حدثنا أبو إسحاق، أنه سمع زيد بن أرقم، يقول خرجنا مع رسول الله صلى الله عليه وسلم في سفر أصاب الناس فيه شدة فقال عبد الله بن أبى لأصحابه لا تنفقوا على من عند رسول الله صلى الله عليه وسلم حتى ينفضوا من حوله ‏.‏ قال زهير وهي قراءة من خفض حوله ‏.‏ وقال لئن رجعنا إلى المدينة ليخرجن الأعز منها الأذل - قال - فأتيت النبي صلى الله عليه وسلم فأخبرته بذلك فأرسل إلى عبد الله بن أبى فسأله فاجتهد يمينه ما فعل فقال كذب زيد رسول الله صلى الله عليه وسلم - قال - فوقع في نفسي مما قالوه شدة حتى أنزل الله تصديقي ‏{‏ إذا جاءك المنافقون‏}‏ قال ثم دعاهم النبي صلى الله عليه وسلم ليستغفر لهم - قال - فلووا رءوسهم ‏.‏ وقوله ‏{‏ كأنهم خشب مسندة‏}‏ وقال كانوا رجالا أجمل شىء ‏",
        "note": "",
        "grade_id": 2,
        "grade": "সহিহ হাদিস",
        "grade_color": "#46B891"
      },
      {
        "id": 11322,
        "book_id": 2,
        "book_name": "সহিহ মুসলিম",
        "chapter_id": 51,
        "section_id": 1,
        "hadith_key": "সহিহ মুসলিম: ৬৯১৮",
        "hadith_id": 6918,
        "narrator": "জাবির (রাঃ)",
        "bn": "তিনি বলেন, নবী (সাল্লাল্লাহু ‘আলাইহি ওয়া সাল্লাম) ‘আবদুল্লাহ ইবনু উবাই এর কবরের কাছে আসলেন এবং তাকে তার কবর থেকে উঠিয়ে নিজ হাঁটুর উপর রাখলেন এবং তিনি তার উপর থুথু দিলেন এবং তাকে নিজ জামা পরিয়ে দিলেন। আল্লাহই এ ব্যাপারে পূর্ণ অবগত। (ই.ফা. ৬৭৬৮, ই.সে. ৬৮২৩)",
        "ar": "حَدَّثَنَا أَبُو بَكْرِ بْنُ أَبِي شَيْبَةَ، وَزُهَيْرُ بْنُ حَرْبٍ، وَأَحْمَدُ بْنُ عَبْدَةَ الضَّبِّيُّ، - وَاللَّفْظُ لاِبْنِ أَبِي شَيْبَةَ - قَالَ ابْنُ عَبْدَةَ أَخْبَرَنَا وَقَالَ الآخَرَانِ، حَدَّثَنَا سُفْيَانُ بْنُ عُيَيْنَةَ، عَنْ عَمْرٍو، أَنَّهُ سَمِعَ جَابِرًا، يَقُولُ أَتَى النَّبِيُّ صلى الله عليه وسلم قَبْرَ عَبْدِ اللَّهِ بْنِ أُبَىٍّ فَأَخْرَجَهُ مِنْ قَبْرِهِ فَوَضَعَهُ عَلَى رُكْبَتَيْهِ وَنَفَثَ عَلَيْهِ مِنْ رِيقِهِ وَأَلْبَسَهُ قَمِيصَهُ فَاللَّهُ أَعْلَمُ ‏.‏",
        "ar_diacless": "حدثنا أبو بكر بن أبي شيبة، وزهير بن حرب، وأحمد بن عبدة الضبي، - واللفظ لابن أبي شيبة - قال ابن عبدة أخبرنا وقال الآخران، حدثنا سفيان بن عيينة، عن عمرو، أنه سمع جابرا، يقول أتى النبي صلى الله عليه وسلم قبر عبد الله بن أبى فأخرجه من قبره فوضعه على ركبتيه ونفث عليه من ريقه وألبسه قميصه فالله أعلم ‏.‏",
        "note": "",
        "grade_id": 2,
        "grade": "সহিহ হাদিস",
        "grade_color": "#46B891"
      },
      {
        "id": 11325,
        "book_id": 2,
        "book_name": "সহিহ মুসলিম",
        "chapter_id": 51,
        "section_id": 1,
        "hadith_key": "সহিহ মুসলিম: ৬৯১৯",
        "hadith_id": 6919,
        "narrator": "জাবির ইবুন ‘আবদুল্লাহ (রাঃ)",
        "bn": "তিনি বলেন, ‘আবদুল্লাহ ইবনু ‘উবাইকে কবরে ঢুকানোর পর নবী (সাল্লাল্লাহু ‘আলাইহি ওয়া সাল্লাম) তার কাছে আসলেন। হাদীসের পরবর্তী অংশটুকু সুফ্‌ইয়ান-এর হুবহু বর্ণনা করেছেন। (ই.ফা. ৬৭৬৯, ই.সে. ৬৮২৪)",
        "ar": "حَدَّثَنِي أَحْمَدُ بْنُ يُوسُفَ الأَزْدِيُّ، حَدَّثَنَا عَبْدُ الرَّزَّاقِ، أَخْبَرَنَا ابْنُ جُرَيْجٍ، أَخْبَرَنِي عَمْرُو بْنُ دِينَارٍ، قَالَ سَمِعْتُ جَابِرَ بْنَ عَبْدِ اللَّهِ، يَقُولُ جَاءَ النَّبِيُّ صلى الله عليه وسلم إِلَى عَبْدِ اللَّهِ بْنِ أُبَىٍّ بَعْدَ مَا أُدْخِلَ حُفْرَتَهُ ‏.‏ فَذَكَرَ بِمِثْلِ حَدِيثِ سُفْيَانَ ‏.",
        "ar_diacless": "حدثني أحمد بن يوسف الأزدي، حدثنا عبد الرزاق، أخبرنا ابن جريج، أخبرني عمرو بن دينار، قال سمعت جابر بن عبد الله، يقول جاء النبي صلى الله عليه وسلم إلى عبد الله بن أبى بعد ما أدخل حفرته ‏.‏ فذكر بمثل حديث سفيان ‏.",
        "note": "",
        "grade_id": 2,
        "grade": "সহিহ হাদিস",
        "grade_color": "#46B891"
      },
      {
        "id": 11327,
        "book_id": 2,
        "book_name": "সহিহ মুসলিম",
        "chapter_id": 51,
        "section_id": 1,
        "hadith_key": "সহিহ মুসলিম: ৬৯২০",
        "hadith_id": 6920,
        "narrator": "ইবনু ‘উমার (রাঃ)",
        "bn": "তিনি বলেন, ‘আবদুল্লাহ ইবনু উবাই-এর মৃত্যুর পর তার সন্তান ‘আবদুল্লাহ ইবনু ‘আবদুল্লাহ (রাঃ) রসূলুল্লাহ (সাল্লাল্লাহু ‘আলাইহি ওয়া সাল্লাম)-এর কাছে আসলেন এবং তাঁর পিতার কাফনের জন্যে রসূলুল্লাহ (সাল্লাল্লাহু ‘আলাইহি ওয়া সাল্লাম)-এর জামাটি চাইলেন। তিনি তাঁকে জামাটি দিয়ে দিলেন। তারপর তিনি রসূলুল্লাহ (সাল্লাল্লাহু ‘আলাইহি ওয়া সাল্লাম)-কে তাঁর পিতার সলাতে জানাযা আদায়ের জন্যে অনুরোধ করলেন। রসূলুল্লাহ (সাল্লাল্লাহু ‘আলাইহি ওয়া সাল্লাম) তার জানাযার সলাত আদায়ের জন্য দাঁড়ালেন। এমতাবস্থায় ‘উমার (রাঃ) দাঁড়িয়ে রসূলুল্লাহ (সাল্লাল্লাহু ‘আলাইহি ওয়া সাল্লাম)-এর কাপড় টেনে ধরে বললেন, হে আল্লাহর রসূল! তার জানাযা কি আপনি আদায় করাবেন? আর আল্লাহ তা‘আলা তার সলাতে জানাযা আদায় করাতে আপনাকে বারণ করেছেন। এ কথা শুনে রসূলুল্লাহ (সাল্লাল্লাহু ‘আলাইহি ওয়া সাল্লাম) বললেন, এ ব্যাপারে তো আল্লাহ তা‘আলা আমাকে এ কথা বলে স্বাধীনতা দিয়েছেন যে, “আপনি তাদের জন্য ক্ষমা প্রার্থনা করুন অথবা তাদের জন্যে ক্ষমা প্রার্থনা না করুন- উভয়ই সমান, আপনি সত্তরবারও যদি তাদের জন্যে ক্ষমা প্রার্থনা করেন- সবই সমান। তখন রসূলুল্লাহ (সাল্লাল্লাহু ‘আলাইহি ওয়া সাল্লাম) বলেনঃ আমি সত্তরের উপরে বাড়িয়ে আল্লাহর কাছে ক্ষমা প্রার্থনা করব। ‘উমার (রাঃ) বললেন, হে আল্লাহর রসূল! সে তো কপট ছিল। এরপরও রসূলুল্লাহ (সাল্লাল্লাহু ‘আলাইহি ওয়া সাল্লাম) তার সলাতে জানাযা আদায় করলেন। তখন আল্লাহ তা‘আলা অবতীর্ণ করলেন- “তাদের মাঝে কারো মৃত্যু হলে আপনি কখনো তার জন্যে জানাযার সলাত আদায় করবেন না এবং তার কবরের পাশেও দণ্ডায়মান হবেন না”- (সূরাহ্‌ আত্‌ তাওবাহ্‌ ৯ : ৮৪)। (ই.ফা. ৬৭৭০, ই.সে. ৬৮২৫)",
        "ar": "حَدَّثَنَا أَبُو بَكْرِ بْنُ أَبِي شَيْبَةَ، حَدَّثَنَا أَبُو أُسَامَةَ، حَدَّثَنَا عُبَيْدُ اللَّهِ بْنُ عُمَرَ، عَنْ نَافِعٍ، عَنِ ابْنِ عُمَرَ، قَالَ لَمَّا تُوُفِّيَ عَبْدُ اللَّهِ بْنُ أُبَىٍّ ابْنُ سَلُولَ جَاءَ ابْنُهُ عَبْدُ اللَّهِ بْنُ عَبْدِ اللَّهِ إِلَى رَسُولِ اللَّهِ صلى الله عليه وسلم فَسَأَلَهُ أَنْ يُعْطِيَهُ قَمِيصَهُ يُكَفِّنُ فِيهِ أَبَاهُ فَأَعْطَاهُ ثُمَّ سَأَلَهُ أَنْ يُصَلِّيَ عَلَيْهِ فَقَامَ رَسُولُ اللَّهِ صلى الله عليه وسلم لِيُصَلِّيَ عَلَيْهِ فَقَامَ عُمَرُ فَأَخَذَ بِثَوْبِ رَسُولِ اللَّهِ صلى الله عليه وسلم فَقَالَ يَا رَسُولَ اللَّهِ أَتُصَلِّي عَلَيْهِ وَقَدْ نَهَاكَ اللَّهُ أَنْ تُصَلِّيَ عَلَيْهِ فَقَالَ رَسُولُ اللَّهِ صلى الله عليه وسلم ‏\"‏ إِنَّمَا خَيَّرَنِي اللَّهُ فَقَالَ اسْتَغْفِرْ لَهُمْ أَوْ لاَ تَسْتَغْفِرْ لَهُمْ إِنْ تَسْتَغْفِرْ لَهُمْ سَبْعِينَ مَرَّةً وَسَأَزِيدُهُ عَلَى سَبْعِينَ ‏\"‏ ‏.‏ قَالَ إِنَّهُ مُنَافِقٌ ‏.‏ فَصَلَّى عَلَيْهِ رَسُولُ اللَّهِ صلى الله عليه وسلم فَأَنْزَلَ اللَّهُ عَزَّ وَجَلَّ ‏{‏ وَلاَ تُصَلِّ عَلَى أَحَدٍ مِنْهُمْ مَاتَ أَبَدًا وَلاَ تَقُمْ عَلَى قَبْرِهِ‏}",
        "ar_diacless": "حدثنا أبو بكر بن أبي شيبة، حدثنا أبو أسامة، حدثنا عبيد الله بن عمر، عن نافع، عن ابن عمر، قال لما توفي عبد الله بن أبى ابن سلول جاء ابنه عبد الله بن عبد الله إلى رسول الله صلى الله عليه وسلم فسأله أن يعطيه قميصه يكفن فيه أباه فأعطاه ثم سأله أن يصلي عليه فقام رسول الله صلى الله عليه وسلم ليصلي عليه فقام عمر فأخذ بثوب رسول الله صلى الله عليه وسلم فقال يا رسول الله أتصلي عليه وقد نهاك الله أن تصلي عليه فقال رسول الله صلى الله عليه وسلم ‏\"‏ إنما خيرني الله فقال استغفر لهم أو لا تستغفر لهم إن تستغفر لهم سبعين مرة وسأزيده على سبعين ‏\"‏ ‏.‏ قال إنه منافق ‏.‏ فصلى عليه رسول الله صلى الله عليه وسلم فأنزل الله عز وجل ‏{‏ ولا تصل على أحد منهم مات أبدا ولا تقم على قبره‏}",
        "note": "",
        "grade_id": 2,
        "grade": "সহিহ হাদিস",
        "grade_color": "#46B891"
      },
      {
        "id": 12196,
        "book_id": 2,
        "book_name": "সহিহ মুসলিম",
        "chapter_id": 51,
        "section_id": 1,
        "hadith_key": "সহিহ মুসলিম: ৬৯২১",
        "hadith_id": 6921,
        "narrator": "‘উবাইদুল্লাহ (রহঃ) হতে উক্ত সূত্র",
        "bn": "অনুরূপ হাদীস বর্ণনা করেছেন। এতে বর্ধিত রয়েছে যে, তারপর হতে রসূলুল্লাহ (সাল্লাল্লাহু ‘আলাইহি ওয়া সাল্লাম) মুনাফিকদের সলাতে জানাযা আদায় করা পরিপূর্ণরূপে পরিত্যাগ করলেন। (ই.ফা. ৬৭৬৭১, ই.সে. ৬৮২৬)",
        "ar": "حَدَّثَنَا مُحَمَّدُ بْنُ الْمُثَنَّى، وَعُبَيْدُ اللَّهِ بْنُ سَعِيدٍ، قَالاَ حَدَّثَنَا يَحْيَى، - وَهُوَ الْقَطَّانُ - عَنْ عُبَيْدِ اللَّهِ، بِهَذَا الإِسْنَادِ نَحْوَهُ وَزَادَ قَالَ فَتَرَكَ الصَّلاَةَ عَلَيْهِمْ ‏.‏",
        "ar_diacless": "حدثنا محمد بن المثنى، وعبيد الله بن سعيد، قالا حدثنا يحيى، - وهو القطان - عن عبيد الله، بهذا الإسناد نحوه وزاد قال فترك الصلاة عليهم ‏.‏",
        "note": "",
        "grade_id": 2,
        "grade": "সহিহ হাদিস",
        "grade_color": "#46B891"
      },
      {
        "id": 11323,
        "book_id": 2,
        "book_name": "সহিহ মুসলিম",
        "chapter_id": 51,
        "section_id": 1,
        "hadith_key": "সহিহ মুসলিম: ৬৯২২",
        "hadith_id": 6922,
        "narrator": "ইবনু মাস‘ঊদ (রাঃ)",
        "bn": "তিনি বলেন, বাইতুল্লাহর কাছে তিন লোক একত্রিত হলো। এদের দু’জন কুরাইশী এবং একজন সাকাফী অথবা দু’জন সাকাফী এবং একজন কুরাইশী ছিল। তাদের অন্তরে সূক্ষজ্ঞান খুব কমই ছিল। তবে পেটে অনেক চর্বি ছিল। তাদের একজন বলল, আমরা যা বলি আল্লাহ সব শুনেন, এ কথা কি তোমরা মনে করো? তখন দ্বিতীয় ব্যক্তি বলল, আমরা উচ্চ আওয়াজে কথা বললে আল্লাহ তা শুনে থাকেন। তবে নিম্নস্বরে কথা বললে আল্লাহ তা শুনেন না। তখন তৃতীয় ব্যক্তি বলল, উচ্চ আওয়াজে কথা বললে যদি তিনি শুনে থাকেন তবে নিম্নস্বরে কথা বললেও তিনি তা শুনতে পাবেন। এ প্রেক্ষিতেই আল্লাহ তা‘আলা অবতীর্ণ করলেন, “তোমরা গোপন করতে পারবে না এজন্য যে, তোমাদের কান, চোখ এবং ত্বক তোমাদের বিপক্ষে সাক্ষ্য দিবে”- (সূরাহ্‌ ফুস্‌সিলাত ৪১ : ২২)। (ই.ফা. ৬৭৭২, ই.সে. ৬৮২৭)",
        "ar": "حَدَّثَنَا مُحَمَّدُ بْنُ أَبِي عُمَرَ الْمَكِّيُّ، حَدَّثَنَا سُفْيَانُ، عَنْ مَنْصُورٍ، عَنْ مُجَاهِدٍ، عَنْ أَبِي، مَعْمَرٍ عَنِ ابْنِ مَسْعُودٍ، قَالَ اجْتَمَعَ عِنْدَ الْبَيْتِ ثَلاَثَةُ نَفَرٍ قُرَشِيَّانِ وَثَقَفِيٌّ أَوْ ثَقَفِيَّانِ وَقُرَشِيٌّ قَلِيلٌ فِقْهُ قُلُوبِهِمْ كَثِيرٌ شَحْمُ بُطُونِهِمْ فَقَالَ أَحَدُهُمْ أَتَرَوْنَ اللَّهَ يَسْمَعُ مَا نَقُولُ وَقَالَ الآخَرُ يَسْمَعُ إِنْ جَهَرْنَا وَلاَ يَسْمَعُ إِنْ أَخْفَيْنَا وَقَالَ الآخَرُ إِنْ كَانَ يَسْمَعُ إِذَا جَهَرْنَا فَهُوَ يَسْمَعُ إِذَا أَخْفَيْنَا ‏.‏ فَأَنْزَلَ اللَّهُ عَزَّ وَجَلَّ ‏{‏ وَمَا كُنْتُمْ تَسْتَتِرُونَ أَنْ يَشْهَدَ عَلَيْكُمْ سَمْعُكُمْ وَلاَ أَبْصَارُكُمْ وَلاَ جُلُودُكُمْ‏}‏ الآيَةَ ‏.‏",
        "ar_diacless": "حدثنا محمد بن أبي عمر المكي، حدثنا سفيان، عن منصور، عن مجاهد، عن أبي، معمر عن ابن مسعود، قال اجتمع عند البيت ثلاثة نفر قرشيان وثقفي أو ثقفيان وقرشي قليل فقه قلوبهم كثير شحم بطونهم فقال أحدهم أترون الله يسمع ما نقول وقال الآخر يسمع إن جهرنا ولا يسمع إن أخفينا وقال الآخر إن كان يسمع إذا جهرنا فهو يسمع إذا أخفينا ‏.‏ فأنزل الله عز وجل ‏{‏ وما كنتم تستترون أن يشهد عليكم سمعكم ولا أبصاركم ولا جلودكم‏}‏ الآية ‏.‏",
        "note": "",
        "grade_id": 2,
        "grade": "সহিহ হাদিস",
        "grade_color": "#46B891"
      },
      {
        "id": 12197,
        "book_id": 2,
        "book_name": "সহিহ মুসলিম",
        "chapter_id": 51,
        "section_id": 1,
        "hadith_key": "সহিহ মুসলিম: ৬৯২৩",
        "hadith_id": 6923,
        "narrator": "‘আবদুল্লাহ (রাঃ)",
        "bn": "অবিকল বর্ণনা করেছেন। (ই.ফা. ৬৭৭৩, ই.সে. ৬৮২৮)",
        "ar": "وَحَدَّثَنِي أَبُو بَكْرِ بْنُ خَلاَّدٍ الْبَاهِلِيُّ، حَدَّثَنَا يَحْيَى، - يَعْنِي ابْنَ سَعِيدٍ - حَدَّثَنَا سُفْيَانُ، حَدَّثَنِي سُلَيْمَانُ، عَنْ عُمَارَةَ بْنِ عُمَيْرٍ، عَنْ وَهْبِ بْنِ رَبِيعَةَ، عَنْ عَبْدِ اللَّهِ، ح\n\nوَقَالَ حَدَّثَنَا يَحْيَى، حَدَّثَنَا سُفْيَانُ، حَدَّثَنِي مَنْصُورٌ، عَنْ مُجَاهِدٍ، عَنْ أَبِي مَعْمَرٍ، عَنْ عَبْدِ اللَّهِ، بِنَحْوِهِ ‏.‏",
        "ar_diacless": "وحدثني أبو بكر بن خلاد الباهلي، حدثنا يحيى، - يعني ابن سعيد - حدثنا سفيان، حدثني سليمان، عن عمارة بن عمير، عن وهب بن ربيعة، عن عبد الله، ح\n\nوقال حدثنا يحيى، حدثنا سفيان، حدثني منصور، عن مجاهد، عن أبي معمر، عن عبد الله، بنحوه ‏.‏",
        "note": "",
        "grade_id": 2,
        "grade": "সহিহ হাদিস",
        "grade_color": "#46B891"
      },
      {
        "id": 11324,
        "book_id": 2,
        "book_name": "সহিহ মুসলিম",
        "chapter_id": 51,
        "section_id": 1,
        "hadith_key": "সহিহ মুসলিম: ৬৯২৪",
        "hadith_id": 6924,
        "narrator": "যায়দ ইবনু সাবিত (রাঃ)",
        "bn": "তিনি বলেন, নবী (সাল্লাল্লাহু ‘আলাইহি ওয়া সাল্লাম) উহুদ যুদ্ধের জন্যে বের হলেন। এমন সময় কতক লোক রসূলুল্লাহ (সাল্লাল্লাহু ‘আলাইহি ওয়া সাল্লাম)-এর সফরসঙ্গী হয়েও ফিরে আসলো। তাদের সম্পর্কে নবী (সাল্লাল্লাহু ‘আলাইহি ওয়া সাল্লাম)-এর সহাবাগণ দু’দলে ভাগ হয়ে গেল। কেউ বলল, আমরা তাদেরকে হত্যা করে ফেলব; আর কেউ বলল, আমরা তাদের হত্যা করব না। তখন অবতীর্ণ হলো, “তোমাদের কি হলো যে, তোমরা মুনাফিকদের ব্যাপারে দু’দলে ভাগ হয়ে গেলে?” (সূরাহ আন্‌ নিসা ৪ : ৮৮) (ই.ফা. ৬৭৭৪, ই.সে. ৬৮২৯)",
        "ar": "حَدَّثَنَا عُبَيْدُ اللَّهِ بْنُ مُعَاذٍ الْعَنْبَرِيُّ، حَدَّثَنَا أَبِي، حَدَّثَنَا شُعْبَةُ، عَنْ عَدِيٍّ، - وَهُوَ ابْنُ ثَابِتٍ - قَالَ سَمِعْتُ عَبْدَ اللَّهِ بْنَ يَزِيدَ، يُحَدِّثُ عَنْ زَيْدِ بْنِ ثَابِتٍ، أَنَّ النَّبِيَّ صلى الله عليه وسلم خَرَجَ إِلَى أُحُدٍ فَرَجَعَ نَاسٌ مِمَّنْ كَانَ مَعَهُ فَكَانَ أَصْحَابُ النَّبِيِّ صلى الله عليه وسلم فِيهِمْ فِرْقَتَيْنِ قَالَ بَعْضُهُمْ نَقْتُلُهُمْ ‏.‏ وَقَالَ بَعْضُهُمْ لاَ ‏.‏ فَنَزَلَتْ ‏{‏ فَمَا لَكُمْ فِي الْمُنَافِقِينَ فِئَتَيْنِ‏}‏",
        "ar_diacless": "حدثنا عبيد الله بن معاذ العنبري، حدثنا أبي، حدثنا شعبة، عن عدي، - وهو ابن ثابت - قال سمعت عبد الله بن يزيد، يحدث عن زيد بن ثابت، أن النبي صلى الله عليه وسلم خرج إلى أحد فرجع ناس ممن كان معه فكان أصحاب النبي صلى الله عليه وسلم فيهم فرقتين قال بعضهم نقتلهم ‏.‏ وقال بعضهم لا ‏.‏ فنزلت ‏{‏ فما لكم في المنافقين فئتين‏}‏",
        "note": "",
        "grade_id": 2,
        "grade": "সহিহ হাদিস",
        "grade_color": "#46B891"
      },
      {
        "id": 12195,
        "book_id": 2,
        "book_name": "সহিহ মুসলিম",
        "chapter_id": 51,
        "section_id": 1,
        "hadith_key": "সহিহ মুসলিম: ৬৯২৫",
        "hadith_id": 6925,
        "narrator": "শু‘বাহ্ (রাঃ)",
        "bn": "এ সূত্রে অবিকল হাদীস বর্ণনা করেছেন। (ই.ফা. ৬৭৭৫, ই.সে. ৬৮৩০)",
        "ar": "وَحَدَّثَنِي زُهَيْرُ بْنُ حَرْبٍ، حَدَّثَنَا يَحْيَى بْنُ سَعِيدٍ، ح وَحَدَّثَنِي أَبُو بَكْرِ بْنُ نَافِعٍ، حَدَّثَنَا غُنْدَرٌ، كِلاَهُمَا عَنْ شُعْبَةَ، بِهَذَا الإِسْنَادِ نَحْوَهُ ‏.‏",
        "ar_diacless": "وحدثني زهير بن حرب، حدثنا يحيى بن سعيد، ح وحدثني أبو بكر بن نافع، حدثنا غندر، كلاهما عن شعبة، بهذا الإسناد نحوه ‏.‏",
        "note": "",
        "grade_id": 2,
        "grade": "সহিহ হাদিস",
        "grade_color": "#46B891"
      },
      {
        "id": 11328,
        "book_id": 2,
        "book_name": "সহিহ মুসলিম",
        "chapter_id": 51,
        "section_id": 1,
        "hadith_key": "সহিহ মুসলিম: ৬৯২৬",
        "hadith_id": 6926,
        "narrator": "আবূ সা‘ঈদ আল খুদরী (রাঃ)",
        "bn": "তিনি বলেন, রসূলুল্লাহ (সাল্লাল্লাহু ‘আলাইহি ওয়া সাল্লাম)-এর জীবিতাবস্থায় কতক মুনাফিক লোকের অভ্যাস এই ছিল যে, নবী (সাল্লাল্লাহু ‘আলাইহি ওয়া সাল্লাম) যখন যুদ্ধের জন্যে বের হতেন তখন তারা পিছনে গা ঢাকা দিয়ে থাকতো এবং রসূলুল্লাহ (সাল্লাল্লাহু ‘আলাইহি ওয়া সাল্লাম)-এর বিরূদ্ধে অবস্থান করাতেই তারা উচ্ছাস প্রকাশ করত। এরপর যখন রসূলুল্লাহ (সাল্লাল্লাহু ‘আলাইহি ওয়া সাল্লাম) ফিরে আসতেন তখন তারা রসূলুল্লাহ (সাল্লাল্লাহু ‘আলাইহি ওয়া সাল্লাম)-এর কাছে গিয়ে বিভিন্ন অজুহাত পেশ করত, কসম করত এবং প্রত্যাশা করত যেন তারা প্রশংসিত হয় এমন কার্যের উপর যা তারা করেনি। তখন অবতীর্ণ হলোঃ “যারা নিজেরা যা করেছে তাতে আনন্দোল্লাস করে এবং যা নিজেরা করেনি এমন কর্মের জন্য প্রশংসিত হতে পছন্দ করে, তারা ‘আযাব থেকে রেহাই পাবে- আপনি কক্ষনো এমন মনে করবেন না। তাদের জন্যে আছে কঠিন ‘আযাব”- (সূরাহ্‌ আ-লি ‘ইমরান ৩ : ১৮৮)। (ই.ফা. ৬৭৭৬, ই.সে. ৬৮৩১)",
        "ar": "حَدَّثَنَا الْحَسَنُ بْنُ عَلِيٍّ الْحُلْوَانِيُّ، وَمُحَمَّدُ بْنُ سَهْلٍ التَّمِيمِيُّ، قَالاَ حَدَّثَنَا ابْنُ أَبِي، مَرْيَمَ أَخْبَرَنَا مُحَمَّدُ بْنُ جَعْفَرٍ، أَخْبَرَنِي زَيْدُ بْنُ أَسْلَمَ، عَنْ عَطَاءِ بْنِ يَسَارٍ، عَنْ أَبِي سَعِيدٍ، الْخُدْرِيِّ أَنَّ رِجَالاً، مِنَ الْمُنَافِقِينَ فِي عَهْدِ رَسُولِ اللَّهِ صلى الله عليه وسلم كَانُوا إِذَا خَرَجَ النَّبِيُّ صلى الله عليه وسلم إِلَى الْغَزْوِ تَخَلَّفُوا عَنْهُ وَفَرِحُوا بِمَقْعَدِهِمْ خِلاَفَ رَسُولِ اللَّهِ صلى الله عليه وسلم فَإِذَا قَدِمَ النَّبِيُّ صلى الله عليه وسلم اعْتَذَرُوا إِلَيْهِ وَحَلَفُوا وَأَحَبُّوا أَنْ يُحْمَدُوا بِمَا لَمْ يَفْعَلُوا فَنَزَلَتْ ‏{‏ لاَ تَحْسَبَنَّ الَّذِينَ يَفْرَحُونَ بِمَا أَتَوْا وَيُحِبُّونَ أَنْ يُحْمَدُوا بِمَا لَمْ يَفْعَلُوا فَلاَ تَحْسَبَنَّهُمْ بِمَفَازَةٍ مِنَ الْعَذَابِ‏}",
        "ar_diacless": "حدثنا الحسن بن علي الحلواني، ومحمد بن سهل التميمي، قالا حدثنا ابن أبي، مريم أخبرنا محمد بن جعفر، أخبرني زيد بن أسلم، عن عطاء بن يسار، عن أبي سعيد، الخدري أن رجالا، من المنافقين في عهد رسول الله صلى الله عليه وسلم كانوا إذا خرج النبي صلى الله عليه وسلم إلى الغزو تخلفوا عنه وفرحوا بمقعدهم خلاف رسول الله صلى الله عليه وسلم فإذا قدم النبي صلى الله عليه وسلم اعتذروا إليه وحلفوا وأحبوا أن يحمدوا بما لم يفعلوا فنزلت ‏{‏ لا تحسبن الذين يفرحون بما أتوا ويحبون أن يحمدوا بما لم يفعلوا فلا تحسبنهم بمفازة من العذاب‏}",
        "note": "",
        "grade_id": 2,
        "grade": "সহিহ হাদিস",
        "grade_color": "#46B891"
      },
      {
        "id": 11329,
        "book_id": 2,
        "book_name": "সহিহ মুসলিম",
        "chapter_id": 51,
        "section_id": 1,
        "hadith_key": "সহিহ মুসলিম: ৬৯২৭",
        "hadith_id": 6927,
        "narrator": "হুমায়দ ইবনু ‘আবদুর রহ্‌মান ইবনু ‘আওফ (রাঃ)",
        "bn": "তিনি বলেন, একদা মারওয়ান তার দারোয়ান রাফি‘কে বললেন, তুমি ইবনু ‘আব্বাস (রাঃ)-এর কাছে যাও এবং বলো, নিজে যা করেছে তাতে খুশী হয় এবং যা করেনি তাতে প্রশংসিত হতে চেয়ে আমাদের মধ্যে কেউ যদি ‘আযাব পায় তবে আমরা সবাই ‘আযাবে পড়ব। ইবনু ‘আব্বাস (রাঃ) বললেন, এ আয়াতের সঙ্গে তোমাদের কি সম্পর্ক? এ আয়াত তো আহলে কিতাব সম্বন্ধে নাযিল হয়েছে। এরপর ইবনু ‘আব্বাস (রাঃ) এ আয়াত পাঠ করলেন- “স্মরণ করো, যাদেরকে কিতাব দেয়া হয়েছিল। আল্লাহ তাদের থেকে অঙ্গীকার নিয়েছিলেন- তোমরা মানুষের কাছে সুস্পষ্টভাবে প্রকাশ করবে এবং তা গোপন করবে না।” তারপর ইবনু ‘আব্বাস (রাঃ) পড়লেন, “যারা নিজেরা যা করেছে তাতে আনন্দ প্রকাশ করে এবং যা নিজেরা করেনি তার জন্য প্রশংসিত হতে ভালবাসে, তারা শাস্তি হতে মুক্তি পাবে, এরূপ আপনি কক্ষনো মনে করবেন না। তাদের জন্য রয়েছে মর্মন্তুদ ‘আযাব।” তারপর ইবনু ‘আব্বাস (রাঃ) বলেন, নবী (সাল্লাল্লাহু ‘আলাইহি ওয়া সাল্লাম) কিতাবীদের নিকট কোন ব্যাপারে জানতে চাইলে তারা তা গোপন করলো এবং তার উত্তরে ভিন্ন কথা বলে দিল। তারপর তারা এমন ভনিতা করে বের হলো যে, জিজ্ঞাসিত বিষয়ের যথাযথ জবাব তারা নবী (সাল্লাল্লাহু ‘আলাইহি ওয়া সাল্লাম)-কে দিয়েছে। তারা এতে নবী (সাল্লাল্লাহু ‘আলাইহি ওয়া সাল্লাম)-এর কাছে প্রশংসা কামনা করেছিল এবং জিজ্ঞাসিত বিষয়টি গোপন করার মাধ্যমে তারা খুবই আনন্দিত হয়েছিল। (ই.ফা. ৬৭৭৭, ই.সে. ৬৮৩২)",
        "ar": "حَدَّثَنَا زُهَيْرُ بْنُ حَرْبٍ، وَهَارُونُ بْنُ عَبْدِ اللَّهِ، - وَاللَّفْظُ لِزُهَيْرٍ - قَالاَ حَدَّثَنَا حَجَّاجُ، بْنُ مُحَمَّدٍ عَنِ ابْنِ جُرَيْجٍ، أَخْبَرَنِي ابْنُ أَبِي مُلَيْكَةَ، أَنَّ حُمَيْدَ بْنَ عَبْدِ الرَّحْمَنِ بْنِ عَوْفٍ، أَخْبَرَهُ أَنَّ مَرْوَانَ قَالَ اذْهَبْ يَا رَافِعُ - لِبَوَّابِهِ - إِلَى ابْنِ عَبَّاسٍ فَقُلْ لَئِنْ كَانَ كُلُّ امْرِئٍ مِنَّا فَرِحَ بِمَا أَتَى وَأَحَبَّ أَنْ يُحْمَدَ بِمَا لَمْ يَفْعَلْ مُعَذَّبًا لَنُعَذَّبَنَّ أَجْمَعُونَ ‏.‏ فَقَالَ ابْنُ عَبَّاسٍ مَا لَكُمْ وَلِهَذِهِ الآيَةِ إِنَّمَا أُنْزِلَتْ هَذِهِ الآيَةُ فِي أَهْلِ الْكِتَابِ ‏.‏ ثُمَّ تَلاَ ابْنُ عَبَّاسٍ ‏{‏ وَإِذْ أَخَذَ اللَّهُ مِيثَاقَ الَّذِينَ أُوتُوا الْكِتَابَ لَتُبَيِّنُنَّهُ لِلنَّاسِ وَلاَ تَكْتُمُونَهُ‏}‏ هَذِهِ الآيَةَ وَتَلاَ ابْنُ عَبَّاسٍ ‏{‏ لاَ تَحْسَبَنَّ الَّذِينَ يَفْرَحُونَ بِمَا أَتَوْا وَيُحِبُّونَ أَنْ يُحْمَدُوا بِمَا لَمْ يَفْعَلُوا‏}‏ وَقَالَ ابْنُ عَبَّاسٍ سَأَلَهُمُ النَّبِيُّ صلى الله عليه وسلم عَنْ شَىْءٍ فَكَتَمُوهُ إِيَّاهُ وَأَخْبَرُوهُ بِغَيْرِهِ فَخَرَجُوا قَدْ أَرَوْهُ أَنْ قَدْ أَخْبَرُوهُ بِمَا سَأَلَهُمْ عَنْهُ وَاسْتَحْمَدُوا بِذَلِكَ إِلَيْهِ وَفَرِحُوا بِمَا أَتَوْا مِنْ كِتْمَانِهِمْ إِيَّاهُ مَا سَأَلَهُمْ عَنْهُ ‏.",
        "ar_diacless": "حدثنا زهير بن حرب، وهارون بن عبد الله، - واللفظ لزهير - قالا حدثنا حجاج، بن محمد عن ابن جريج، أخبرني ابن أبي مليكة، أن حميد بن عبد الرحمن بن عوف، أخبره أن مروان قال اذهب يا رافع - لبوابه - إلى ابن عباس فقل لئن كان كل امرئ منا فرح بما أتى وأحب أن يحمد بما لم يفعل معذبا لنعذبن أجمعون ‏.‏ فقال ابن عباس ما لكم ولهذه الآية إنما أنزلت هذه الآية في أهل الكتاب ‏.‏ ثم تلا ابن عباس ‏{‏ وإذ أخذ الله ميثاق الذين أوتوا الكتاب لتبيننه للناس ولا تكتمونه‏}‏ هذه الآية وتلا ابن عباس ‏{‏ لا تحسبن الذين يفرحون بما أتوا ويحبون أن يحمدوا بما لم يفعلوا‏}‏ وقال ابن عباس سألهم النبي صلى الله عليه وسلم عن شىء فكتموه إياه وأخبروه بغيره فخرجوا قد أروه أن قد أخبروه بما سألهم عنه واستحمدوا بذلك إليه وفرحوا بما أتوا من كتمانهم إياه ما سألهم عنه ‏.",
        "note": "",
        "grade_id": 2,
        "grade": "সহিহ হাদিস",
        "grade_color": "#46B891"
      },
      {
        "id": 11330,
        "book_id": 2,
        "book_name": "সহিহ মুসলিম",
        "chapter_id": 51,
        "section_id": 1,
        "hadith_key": "সহিহ মুসলিম: ৬৯২৮",
        "hadith_id": 6928,
        "narrator": "কায়স (রাঃ)",
        "bn": "তিনি বলেন, আমি ‘আম্মার (রাঃ)-কে প্রশ্ন করলাম, তোমরা আমাকে সে সিদ্ধান্ত সম্পর্কে অবহিত করো যা তোমরা ‘আলী (রাঃ)-এর ব্যাপারে গ্রহণ করেছো। একি তোমাদের সিন্ধান্ত না এ সম্পর্কে রসূল (সাল্লাল্লাহু ‘আলাইহি ওয়া সাল্লাম) তোমাকে কোন আদেশ দিয়েছেন? তিনি বললেন, রসূলুল্লাহ (সাল্লাল্লাহু ‘আলাইহি ওয়া সাল্লাম) সর্বসাধারণকে যে কথা বলেননি, এমন কোন কথা তিনি আমাদেরকেও বলে যাননি। তবে হুযাইফাহ্‌ (রাঃ) আমাকে বলেছেন যে, নবী (সাল্লাল্লাহু ‘আলাইহি ওয়া সাল্লাম) বলেছেনঃ আমার সহাবাদের মাঝে বারোজন মুনাফিক লোক আছে। এদের আটজনের জান্নাতে প্রবেশ করা এমনিভাবে অসম্ভব যেমনিভাবে সূচের ছিদ্র দিয়ে উষ্ট্রের প্রবেশ করা অসম্ভব। ‘দুবাইলাহ্‌’ (এক প্রকার বড় ধরনের ফোড়া) আটজন লোককে শেষ করে দিবে। আসওয়াদ (রহঃ) বলেন, বাকী চার লোক সম্বন্ধে শু‘বাহ্‌ কি বলেছেন, আমার তা মনে নেই। (ই.ফা. ৬৭৭৮, ই.সে. ৬৮৩৩)",
        "ar": "حَدَّثَنَا أَبُو بَكْرِ بْنُ أَبِي شَيْبَةَ، حَدَّثَنَا أَسْوَدُ بْنُ عَامِرٍ، حَدَّثَنَا شُعْبَةُ بْنُ الْحَجَّاجِ، عَنْ قَتَادَةَ، عَنْ أَبِي نَضْرَةَ، عَنْ قَيْسٍ، قَالَ قُلْتُ لِعَمَّارٍ أَرَأَيْتُمْ صَنِيعَكُمْ هَذَا الَّذِي صَنَعْتُمْ فِي أَمْرِ عَلِيٍّ أَرَأْيًا رَأَيْتُمُوهُ أَوْ شَيْئًا عَهِدَهُ إِلَيْكُمْ رَسُولُ اللَّهِ صلى الله عليه وسلم فَقَالَ مَا عَهِدَ إِلَيْنَا رَسُولُ اللَّهِ صلى الله عليه وسلم شَيْئًا لَمْ يَعْهَدْهُ إِلَى النَّاسِ كَافَّةً وَلَكِنْ حُذَيْفَةُ أَخْبَرَنِي عَنِ النَّبِيِّ صلى الله عليه وسلم قَالَ قَالَ النَّبِيُّ صلى الله عليه وسلم ‏ \"‏ فِي أَصْحَابِي اثْنَا عَشَرَ مُنَافِقًا فِيهِمْ ثَمَانِيَةٌ لاَ يَدْخُلُونَ الْجَنَّةَ حَتَّى يَلِجَ الْجَمَلُ فِي سَمِّ الْخِيَاطِ ثَمَانِيَةٌ مِنْهُمْ تَكْفِيكَهُمُ الدُّبَيْلَةُ وَأَرْبَعَةٌ ‏\"‏ ‏.‏ لَمْ أَحْفَظْ مَا قَالَ شُعْبَةُ فِيهِمْ ‏.",
        "ar_diacless": "حدثنا أبو بكر بن أبي شيبة، حدثنا أسود بن عامر، حدثنا شعبة بن الحجاج، عن قتادة، عن أبي نضرة، عن قيس، قال قلت لعمار أرأيتم صنيعكم هذا الذي صنعتم في أمر علي أرأيا رأيتموه أو شيئا عهده إليكم رسول الله صلى الله عليه وسلم فقال ما عهد إلينا رسول الله صلى الله عليه وسلم شيئا لم يعهده إلى الناس كافة ولكن حذيفة أخبرني عن النبي صلى الله عليه وسلم قال قال النبي صلى الله عليه وسلم ‏ \"‏ في أصحابي اثنا عشر منافقا فيهم ثمانية لا يدخلون الجنة حتى يلج الجمل في سم الخياط ثمانية منهم تكفيكهم الدبيلة وأربعة ‏\"‏ ‏.‏ لم أحفظ ما قال شعبة فيهم ‏.",
        "note": "",
        "grade_id": 2,
        "grade": "সহিহ হাদিস",
        "grade_color": "#46B891"
      },
      {
        "id": 11331,
        "book_id": 2,
        "book_name": "সহিহ মুসলিম",
        "chapter_id": 51,
        "section_id": 1,
        "hadith_key": "সহিহ মুসলিম: ৬৯২৯",
        "hadith_id": 6929,
        "narrator": "কায়স ইবনু ‘উবাদ (রাঃ)",
        "bn": "তিনি বলেন, আমরা ‘আম্মার (রাঃ)-কে প্রশ্ন করলাম, আপনাদের এ সংগ্রামের ব্যাপারে বলুন তো, তা কি আপনাদের স্বীয় মতের ভিত্তিতে? যা ভুলও হতে পারে, সঠিকও হতে পারে। কিংবা রসূলুল্লাহ (সাল্লাল্লাহু ‘আলাইহি ওয়া সাল্লাম) এক্ষেত্রে বিশেষভাবে আপনাদের আদেশ দিয়েছেন? তিনি বললেন, রসূলুল্লাহ (সাল্লাল্লাহু ‘আলাইহি ওয়া সাল্লাম) সর্বসাধারণকে যে আদেশ দেননি, এমন কিছু তিনি বিশেষভাবে আমাদেরকেও বলেননি। তিনি বলেন, রসূলুল্লাহ (সাল্লাল্লাহু ‘আলাইহি ওয়া সাল্লাম) বলেছেনঃ আমার উম্মাতের মাঝে বর্ণনাকারী শু‘বাহ্‌ (রহঃ) বলেন, আমার মনে হয়, তিনি (সাল্লাল্লাহু ‘আলাইহি ওয়া সাল্লাম) বলেছেন, আমার উম্মাতের মাঝে বারোজন মুনাফিক হবে। তাদের জান্নাতে ঢুকা এবং জান্নাতের ঘ্রাণও পাওয়া তেমন অসম্ভব যেমন সূঁচের ছিদ্রপথে উষ্ট্রের ঢুকা অসম্ভব। তাদের মাঝে আটজনের (ধ্বংসের) জন্য ‘দুবাইলাহ্‌’ যথেষ্ট হবে। ‘দুবাইলাহ্‌’ হলো অগ্নিশিখা, যা কাঁধের মাঝে প্রকাশ পেয়ে অন্তঃকরণকে ছেয়ে ফেলবে। (ই.ফা. ৬৭৭৯, ই.সে. ৬৮৩৪)",
        "ar": "حَدَّثَنَا مُحَمَّدُ بْنُ الْمُثَنَّى، وَمُحَمَّدُ بْنُ بَشَّارٍ، - وَاللَّفْظُ لاِبْنِ الْمُثَنَّى - قَالاَ حَدَّثَنَا مُحَمَّدُ بْنُ جَعْفَرٍ، حَدَّثَنَا شُعْبَةُ، عَنْ قَتَادَةَ، عَنْ أَبِي نَضْرَةَ، عَنْ قَيْسِ بْنِ عُبَادٍ، قَالَ قُلْنَا لِعَمَّارٍ أَرَأَيْتَ قِتَالَكُمْ أَرَأْيًا رَأَيْتُمُوهُ فَإِنَّ الرَّأْىَ يُخْطِئُ وَيُصِيبُ أَوْ عَهْدًا عَهِدَهُ إِلَيْكُمْ رَسُولُ اللَّهِ صلى الله عليه وسلم فَقَالَ مَا عَهِدَ إِلَيْنَا رَسُولُ اللَّهِ صلى الله عليه وسلم شَيْئًا لَمْ يَعْهَدْهُ إِلَى النَّاسِ كَافَّةً ‏.‏ وَقَالَ إِنَّ رَسُولَ اللَّهِ صلى الله عليه وسلم قَالَ ‏\"‏ إِنَّ فِي أُمَّتِي ‏\"‏ ‏.‏ قَالَ شُعْبَةُ وَأَحْسِبُهُ قَالَ حَدَّثَنِي حُذَيْفَةُ ‏.‏ وَقَالَ غُنْدَرٌ أُرَاهُ قَالَ ‏\"‏ فِي أُمَّتِي اثْنَا عَشَرَ مُنَافِقًا لاَ يَدْخُلُونَ الْجَنَّةَ وَلاَ يَجِدُونَ رِيحَهَا حَتَّى يَلِجَ الْجَمَلُ فِي سَمِّ الْخِيَاطِ ثَمَانِيَةٌ مِنْهُمْ تَكْفِيكَهُمُ الدُّبَيْلَةُ سِرَاجٌ مِنَ النَّارِ يَظْهَرُ فِي أَكْتَافِهِمْ حَتَّى يَنْجُمَ مِنْ صُدُورِهِمْ ‏\"‏ ‏.‏",
        "ar_diacless": "حدثنا محمد بن المثنى، ومحمد بن بشار، - واللفظ لابن المثنى - قالا حدثنا محمد بن جعفر، حدثنا شعبة، عن قتادة، عن أبي نضرة، عن قيس بن عباد، قال قلنا لعمار أرأيت قتالكم أرأيا رأيتموه فإن الرأى يخطئ ويصيب أو عهدا عهده إليكم رسول الله صلى الله عليه وسلم فقال ما عهد إلينا رسول الله صلى الله عليه وسلم شيئا لم يعهده إلى الناس كافة ‏.‏ وقال إن رسول الله صلى الله عليه وسلم قال ‏\"‏ إن في أمتي ‏\"‏ ‏.‏ قال شعبة وأحسبه قال حدثني حذيفة ‏.‏ وقال غندر أراه قال ‏\"‏ في أمتي اثنا عشر منافقا لا يدخلون الجنة ولا يجدون ريحها حتى يلج الجمل في سم الخياط ثمانية منهم تكفيكهم الدبيلة سراج من النار يظهر في أكتافهم حتى ينجم من صدورهم ‏\"‏ ‏.‏",
        "note": "",
        "grade_id": 2,
        "grade": "সহিহ হাদিস",
        "grade_color": "#46B891"
      },
      {
        "id": 11332,
        "book_id": 2,
        "book_name": "সহিহ মুসলিম",
        "chapter_id": 51,
        "section_id": 1,
        "hadith_key": "সহিহ মুসলিম: ৬৯৩০",
        "hadith_id": 6930,
        "narrator": "আবূ তুফায়ল (রাঃ)",
        "bn": "তিনি বলেন, ‘আকাবায় উপস্থিত এক ব্যক্তির সাথে হুযাইফাহ্‌ (রাঃ)-এর মাঝে মানুষের মধ্যে যেমন মনোমালিন্য হয়ে থাকে তেমন কিছু ছিল। সে তাকে জিজ্ঞেস করল, তোমাকে আল্লাহর শপথ করে বলছি, বলো, ‘আকাবায় উপস্থিত লোকেদের সংখ্যা কত ছিল? হুযাইফাহ্‌ (রাঃ)-কে লোকেরা অনুরোধ করল, সে যেহেতু প্রশ্ন করেছে, তাই আপনি বলে দিন। তিনি বললেন, আমাদের অবহিত করা হয়েছে যে, তাদের সংখ্যা ছিল চৌদ্দ। আর যদি তুমিও তাদের মধ্যে হয়ে থাকো, তবে তাদের সংখ্যা হবে পনের। আমি আল্লাহর কসম করে বলছি যে, এদের বারোজন দুনিয়া এবং আখিরাতের জীবনে আল্লাহ এবং তাঁর রসূল (সাল্লাল্লাহু ‘আলাইহি ওয়া সাল্লাম)-এর শত্রু। বাকী তিনজন অজুহাত পেশ করে বলল, আমরা রসূলুল্লাহ (সাল্লাল্লাহু ‘আলাইহি ওয়া সাল্লাম)-এর ঘোষকের আওয়াজ শুনিনি এবং কওমের লোকেদের প্রয়াসও আমাদের জানা ছিল না। আল্লাহ ও তাঁর রসূলুল্লাহ (সাল্লাল্লাহু ‘আলাইহি ওয়া সাল্লাম) প্রস্তরময় মাঠে ছিলেন। অতঃপর তিনি সেখান থেকে এগিয়ে চললেন এবং বললেন, (আমাদের গন্তব্যস্থলের) পানি অতি সামান্য। কেউ আমার পূর্বে সেখানে যাবে না। কিন্তু তিনি সেখানে গিয়ে দেখলেন যে, কতক লোক তার আগমনের পূর্বেই চলে এসেছে। সেদিন তিনি তাদের প্রতি অভিশাপ দিয়েছেন। (ই.ফা. ৬৭৮০, ই.সে. ৬৮৩৫)",
        "ar": "حَدَّثَنَا زُهَيْرُ بْنُ حَرْبٍ، حَدَّثَنَا أَبُو أَحْمَدَ الْكُوفِيُّ، حَدَّثَنَا الْوَلِيدُ بْنُ جُمَيْعٍ، حَدَّثَنَا أَبُو الطُّفَيْلِ، قَالَ كَانَ بَيْنَ رَجُلٍ مِنْ أَهْلِ الْعَقَبَةِ وَبَيْنَ حُذَيْفَةَ بَعْضُ مَا يَكُونُ بَيْنَ النَّاسِ فَقَالَ أَنْشُدُكَ بِاللَّهِ كَمْ كَانَ أَصْحَابُ الْعَقَبَةِ قَالَ فَقَالَ لَهُ الْقَوْمُ أَخْبِرْهُ إِذْ سَأَلَكَ قَالَ كُنَّا نُخْبَرُ أَنَّهُمْ أَرْبَعَةَ عَشَرَ فَإِنْ كُنْتَ مِنْهُمْ فَقَدْ كَانَ الْقَوْمُ خَمْسَةَ عَشَرَ وَأَشْهَدُ بِاللَّهِ أَنَّ اثْنَىْ عَشَرَ مِنْهُمْ حَرْبٌ لِلَّهِ وَلِرَسُولِهِ فِي الْحَيَاةِ الدُّنْيَا وَيَوْمَ يَقُومُ الأَشْهَادُ وَعَذَرَ ثَلاَثَةً قَالُوا مَا سَمِعْنَا مُنَادِيَ رَسُولِ اللَّهِ صلى الله عليه وسلم وَلاَ عَلِمْنَا بِمَا أَرَادَ الْقَوْمُ ‏.‏ وَقَدْ كَانَ فِي حَرَّةٍ فَمَشَى فَقَالَ ‏ \"‏ إِنَّ الْمَاءَ قَلِيلٌ فَلاَ يَسْبِقُنِي إِلَيْهِ أَحَدٌ ‏\"‏ ‏.‏ فَوَجَدَ قَوْمًا قَدْ سَبَقُوهُ فَلَعَنَهُمْ يَوْمَئِذٍ ‏.‏",
        "ar_diacless": "حدثنا زهير بن حرب، حدثنا أبو أحمد الكوفي، حدثنا الوليد بن جميع، حدثنا أبو الطفيل، قال كان بين رجل من أهل العقبة وبين حذيفة بعض ما يكون بين الناس فقال أنشدك بالله كم كان أصحاب العقبة قال فقال له القوم أخبره إذ سألك قال كنا نخبر أنهم أربعة عشر فإن كنت منهم فقد كان القوم خمسة عشر وأشهد بالله أن اثنى عشر منهم حرب لله ولرسوله في الحياة الدنيا ويوم يقوم الأشهاد وعذر ثلاثة قالوا ما سمعنا منادي رسول الله صلى الله عليه وسلم ولا علمنا بما أراد القوم ‏.‏ وقد كان في حرة فمشى فقال ‏ \"‏ إن الماء قليل فلا يسبقني إليه أحد ‏\"‏ ‏.‏ فوجد قوما قد سبقوه فلعنهم يومئذ ‏.‏",
        "note": "",
        "grade_id": 2,
        "grade": "সহিহ হাদিস",
        "grade_color": "#46B891"
      },
      {
        "id": 11333,
        "book_id": 2,
        "book_name": "সহিহ মুসলিম",
        "chapter_id": 51,
        "section_id": 1,
        "hadith_key": "সহিহ মুসলিম: ৬৯৩১",
        "hadith_id": 6931,
        "narrator": "জাবির ইবনু ‘আবদুল্লাহ (রাঃ)",
        "bn": "তিনি বলেন, রসূলুল্লাহ (সাল্লাল্লাহু ‘আলাইহি ওয়া সাল্লাম) বলেছেনঃ মুরার টিলাতে কে আরোহণ করবে? যে আরোহণ করে, তার পাপসমূহ ক্ষমা করে দেয়া হবে, যেমনভাবে বানী ইসরাঈলকে ক্ষমা করে দেয়া হয়েছিল। \nজাবির (রাঃ) বলেন, প্রথমে ঐ টিলাতে আরোহণ করল আমাদের বানী খাযরাজের ঘোড়াগুলো। তারপর অন্য লোকেরা তাদের পিছনে আসল। তখন রসূলুল্লাহ (সাল্লাল্লাহু ‘আলাইহি ওয়া সাল্লাম) বললেনঃ তোমাদের সকলকেই ক্ষমা করে দেয়া হয়েছে, লাল উষ্ট্রের মালিক ছাড়া। তখন আমরা ঐ লোকটির নিকট গিয়ে বললাম, এসো, রসূলুল্লাহ (সাল্লাল্লাহু ‘আলাইহি ওয়া সাল্লাম) তোমার জন্য ক্ষমা কামনা করবেন। সে বলল, আমি যদি আমার হারানো উটটি পেয়ে যাই তবে তা অবশ্য আমার জন্য তোমাদের সঙ্গীর দু’আ থেকে উত্তম।\nজাবির (রাঃ) বলেন, এ লোকটি তার হারানো উষ্ট্রির সন্ধানে ছিল। (ই.ফা. ৬৭৮১, ই.সে. ৬৮৩৬)",
        "ar": "حَدَّثَنَا عُبَيْدُ اللَّهِ بْنُ مُعَاذٍ الْعَنْبَرِيُّ، حَدَّثَنَا أَبِي، حَدَّثَنَا قُرَّةُ بْنُ خَالِدٍ، عَنْ أَبِي الزُّبَيْرِ، عَنْ جَابِرِ بْنِ عَبْدِ اللَّهِ، قَالَ قَالَ رَسُولُ اللَّهِ صلى الله عليه وسلم ‏\"‏ مَنْ يَصْعَدُ الثَّنِيَّةَ ثَنِيَّةَ الْمُرَارِ فَإِنَّهُ يُحَطُّ عَنْهُ مَا حُطَّ عَنْ بَنِي إِسْرَائِيلَ ‏\"‏ ‏.‏ قَالَ فَكَانَ أَوَّلَ مَنْ صَعِدَهَا خَيْلُنَا خَيْلُ بَنِي الْخَزْرَجِ ثُمَّ تَتَامَّ النَّاسُ فَقَالَ رَسُولُ اللَّهِ صلى الله عليه وسلم ‏\"‏ وَكُلُّكُمْ مَغْفُورٌ لَهُ إِلاَّ صَاحِبَ الْجَمَلِ الأَحْمَرِ ‏\"‏ ‏.‏ فَأَتَيْنَاهُ فَقُلْنَا لَهُ تَعَالَ يَسْتَغْفِرْ لَكَ رَسُولُ اللَّهِ صلى الله عليه وسلم فَقَالَ وَاللَّهِ لأَنْ أَجِدَ ضَالَّتِي أَحَبُّ إِلَىَّ مِنْ أَنْ يَسْتَغْفِرَ لِي صَاحِبُكُمْ ‏.‏ قَالَ وَكَانَ رَجُلٌ يَنْشُدُ ضَالَّةً لَهُ ‏.‏",
        "ar_diacless": "حدثنا عبيد الله بن معاذ العنبري، حدثنا أبي، حدثنا قرة بن خالد، عن أبي الزبير، عن جابر بن عبد الله، قال قال رسول الله صلى الله عليه وسلم ‏\"‏ من يصعد الثنية ثنية المرار فإنه يحط عنه ما حط عن بني إسرائيل ‏\"‏ ‏.‏ قال فكان أول من صعدها خيلنا خيل بني الخزرج ثم تتام الناس فقال رسول الله صلى الله عليه وسلم ‏\"‏ وكلكم مغفور له إلا صاحب الجمل الأحمر ‏\"‏ ‏.‏ فأتيناه فقلنا له تعال يستغفر لك رسول الله صلى الله عليه وسلم فقال والله لأن أجد ضالتي أحب إلى من أن يستغفر لي صاحبكم ‏.‏ قال وكان رجل ينشد ضالة له ‏.‏",
        "note": "",
        "grade_id": 2,
        "grade": "সহিহ হাদিস",
        "grade_color": "#46B891"
      },
      {
        "id": 11334,
        "book_id": 2,
        "book_name": "সহিহ মুসলিম",
        "chapter_id": 51,
        "section_id": 1,
        "hadith_key": "সহিহ মুসলিম: ৬৯৩২",
        "hadith_id": 6932,
        "narrator": "জাবির ইবনু ‘আবদুল্লাহ (রাঃ)",
        "bn": "রসূলুল্লাহ (সাল্লাল্লাহু ‘আলাইহি ওয়া সাল্লাম) বললেনঃ কে আরোহণ করবে মুরার টিলাতে? পরবর্তী অংশটুকু মু‘আয-এর হাদীসের অনুরূপ। তবে এতে বর্ধিত রয়েছে যে, তখন তিনি এক বেদুঈনকে দেখলেন, সে তার হারানো উট সন্ধান করে আসছে। (ই.ফা. ৬৭৮২, ই.সে. ৬৮৩৭)",
        "ar": "وَحَدَّثَنَاهُ يَحْيَى بْنُ حَبِيبٍ الْحَارِثِيُّ، حَدَّثَنَا خَالِدُ بْنُ الْحَارِثِ، حَدَّثَنَا قُرَّةُ، حَدَّثَنَا أَبُو الزُّبَيْرِ، عَنْ جَابِرِ بْنِ عَبْدِ اللَّهِ، قَالَ قَالَ رَسُولُ اللَّهِ صلى الله عليه وسلم ‏ \"‏ مَنْ يَصْعَدُ ثَنِيَّةَ الْمُرَارِ أَوِ الْمَرَارِ ‏\"‏ ‏.‏ بِمِثْلِ حَدِيثِ مُعَاذٍ غَيْرَ أَنَّهُ قَالَ وَإِذَا هُوَ أَعْرَابِيٌّ جَاءَ يَنْشُدُ ضَالَّةً لَهُ ‏.‏",
        "ar_diacless": "وحدثناه يحيى بن حبيب الحارثي، حدثنا خالد بن الحارث، حدثنا قرة، حدثنا أبو الزبير، عن جابر بن عبد الله، قال قال رسول الله صلى الله عليه وسلم ‏ \"‏ من يصعد ثنية المرار أو المرار ‏\"‏ ‏.‏ بمثل حديث معاذ غير أنه قال وإذا هو أعرابي جاء ينشد ضالة له ‏.‏",
        "note": "",
        "grade_id": 2,
        "grade": "সহিহ হাদিস",
        "grade_color": "#46B891"
      },
      {
        "id": 11335,
        "book_id": 2,
        "book_name": "সহিহ মুসলিম",
        "chapter_id": 51,
        "section_id": 1,
        "hadith_key": "সহিহ মুসলিম: ৬৯৩৩",
        "hadith_id": 6933,
        "narrator": "আনাস ইবনু মালিক (রাঃ)",
        "bn": "তিনি বলেন, বানী নাজ্জার-এর এক লোক আমাদের সাথে ছিল। সে সূরাহ্ আল-বাকারাহ্‌ এবং সূরাহ আ-লি ‘ইমরান তিলাওয়াত করেছিল। সে রসূলুল্লাহ (সাল্লাল্লাহু ‘আলাইহি ওয়া সাল্লাম)-এর পক্ষ থেকে কাতিবে ওয়াহীর দায়িত্ব পালন করত। পরে পালিয়ে গিয়ে সে কিতাবীদের সাথে মিলে যায়। রাবী বলেন, তারা তাকে খুব সমাদর করল এবং বলল, এ ব্যক্তিটি মুহাম্মাদ (সাল্লাল্লাহু ‘আলাইহি ওয়া সাল্লাম)-এর কাতিব ছিল। এতে তারা খুবই আনন্দিত হলো। এরপর বেশি দেরী হয়নি, আল্লাহ তা‘আলা তাদের মাঝেই তাকে ধ্বংস করে দিলেন। তারপর তারা তার জন্য গর্ত করে তাকে ঢেকে দিলো। সকালে দেখা গেল যে, জমিন তার লাশ বের করে উপরে ফেলে দিয়েছে। তারপর আবার তারা গর্ত করে তাকে পুঁতে দিলো। সকালে দেখা গেল যে, জমিন তার লাশটি বের করে উপরে ফেলে দিয়েছে। তারপর পুনরায় তারা তার জন্য গর্ত করে তাকে তাতে পুঁতে রাখল। সকালে দেখা দেল, এবারও জমিন তার লাশ বের করে মাটির উপর ফেলে দিয়েছে। কাজেই তারা তাকে নিক্ষিপ্ত অবস্থায় পরিত্যাগ করলো। (ই.ফা. ৬৭৮৩, ই.সে. ৬৮৩৮)",
        "ar": "حَدَّثَنِي مُحَمَّدُ بْنُ رَافِعٍ، حَدَّثَنَا أَبُو النَّضْرِ، حَدَّثَنَا سُلَيْمَانُ، - وَهُوَ ابْنُ الْمُغِيرَةِ - عَنْ ثَابِتٍ، عَنْ أَنَسِ بْنِ مَالِكٍ، قَالَ كَانَ مِنَّا رَجُلٌ مِنْ بَنِي النَّجَّارِ قَدْ قَرَأَ الْبَقَرَةَ وَآلَ عِمْرَانَ وَكَانَ يَكْتُبُ لِرَسُولِ اللَّهِ صلى الله عليه وسلم فَانْطَلَقَ هَارِبًا حَتَّى لَحِقَ بِأَهْلِ الْكِتَابِ - قَالَ - فَرَفَعُوهُ قَالُوا هَذَا قَدْ كَانَ يَكْتُبُ لِمُحَمَّدٍ فَأُعْجِبُوا بِهِ فَمَا لَبِثَ أَنْ قَصَمَ اللَّهُ عُنُقَهُ فِيهِمْ فَحَفَرُوا لَهُ فَوَارَوْهُ فَأَصْبَحَتِ الأَرْضُ قَدْ نَبَذَتْهُ عَلَى وَجْهِهَا ثُمَّ عَادُوا فَحَفَرُوا لَهُ فَوَارَوْهُ فَأَصْبَحَتِ الأَرْضُ قَدْ نَبَذَتْهُ عَلَى وَجْهِهَا ثُمَّ عَادُوا فَحَفَرُوا لَهُ فَوَارَوْهُ فَأَصْبَحَتِ الأَرْضُ قَدْ نَبَذَتْهُ عَلَى وَجْهِهَا فَتَرَكُوهُ مَنْبُوذًا ‏.‏",
        "ar_diacless": "حدثني محمد بن رافع، حدثنا أبو النضر، حدثنا سليمان، - وهو ابن المغيرة - عن ثابت، عن أنس بن مالك، قال كان منا رجل من بني النجار قد قرأ البقرة وآل عمران وكان يكتب لرسول الله صلى الله عليه وسلم فانطلق هاربا حتى لحق بأهل الكتاب - قال - فرفعوه قالوا هذا قد كان يكتب لمحمد فأعجبوا به فما لبث أن قصم الله عنقه فيهم فحفروا له فواروه فأصبحت الأرض قد نبذته على وجهها ثم عادوا فحفروا له فواروه فأصبحت الأرض قد نبذته على وجهها ثم عادوا فحفروا له فواروه فأصبحت الأرض قد نبذته على وجهها فتركوه منبوذا ‏.‏",
        "note": "",
        "grade_id": 2,
        "grade": "সহিহ হাদিস",
        "grade_color": "#46B891"
      },
      {
        "id": 11336,
        "book_id": 2,
        "book_name": "সহিহ মুসলিম",
        "chapter_id": 51,
        "section_id": 1,
        "hadith_key": "সহিহ মুসলিম: ৬৯৩৪",
        "hadith_id": 6934,
        "narrator": "জাবির (রাঃ)",
        "bn": "(তিনি বলেন,) রসূলুল্লাহ (সাল্লাল্লাহু ‘আলাইহি ওয়া সাল্লাম) কোন এক ভ্রমণ থেকে প্রত্যাগমন করে মাদীনার সন্নিকটবর্তী স্থানে পৌঁছলে এমনভাবে প্রচণ্ডবেগে বায়ু প্রবাহিত হয় যে, মনে হচ্ছিল যেন আরোহীকে ধূলায় ঢেকে ফেলবে। রাবী বলেন, তখন রসূলুল্লাহ (সাল্লাল্লাহু ‘আলাইহি ওয়া সাল্লাম) বললেনঃ　কোন মুনাফিকের মৃত্যুর কারণে এ বায়ু প্রবাহিত হয়েছে। যখন তিনি মাদীনায় পৌঁছলেন, তখন দেখা গেল, একজন বড় মুনাফিকের মৃত্যু ঘটেছে। (ই.ফা. ৬৭৮৪, ই.সে. ৬৮৩৯)",
        "ar": "حَدَّثَنِي أَبُو كُرَيْبٍ، مُحَمَّدُ بْنُ الْعَلاَءِ حَدَّثَنَا حَفْصٌ، - يَعْنِي ابْنَ غِيَاثٍ - عَنِ الأَعْمَشِ، عَنْ أَبِي سُفْيَانَ، عَنْ جَابِرٍ، أَنَّ رَسُولَ اللَّهِ صلى الله عليه وسلم قَدِمَ مِنْ سَفَرٍ فَلَمَّا كَانَ قُرْبَ الْمَدِينَةِ هَاجَتْ رِيحٌ شَدِيدَةٌ تَكَادُ أَنْ تَدْفِنَ الرَّاكِبَ فَزَعَمَ أَنَّ رَسُولَ اللَّهِ صلى الله عليه وسلم قَالَ ‏ \"‏ بُعِثَتْ هَذِهِ الرِّيحُ لِمَوْتِ مُنَافِقٍ ‏\"‏ ‏.‏ فَلَمَّا قَدِمَ الْمَدِينَةَ فَإِذَا مُنَافِقٌ عَظِيمٌ مِنَ الْمُنَافِقِينَ قَدْ مَاتَ ‏.‏",
        "ar_diacless": "حدثني أبو كريب، محمد بن العلاء حدثنا حفص، - يعني ابن غياث - عن الأعمش، عن أبي سفيان، عن جابر، أن رسول الله صلى الله عليه وسلم قدم من سفر فلما كان قرب المدينة هاجت ريح شديدة تكاد أن تدفن الراكب فزعم أن رسول الله صلى الله عليه وسلم قال ‏ \"‏ بعثت هذه الريح لموت منافق ‏\"‏ ‏.‏ فلما قدم المدينة فإذا منافق عظيم من المنافقين قد مات ‏.‏",
        "note": "",
        "grade_id": 2,
        "grade": "সহিহ হাদিস",
        "grade_color": "#46B891"
      },
      {
        "id": 11338,
        "book_id": 2,
        "book_name": "সহিহ মুসলিম",
        "chapter_id": 51,
        "section_id": 1,
        "hadith_key": "সহিহ মুসলিম: ৬৯৩৫",
        "hadith_id": 6935,
        "narrator": "ইয়াস (রহঃ)",
        "bn": "আমার পিতা বর্ণনা করেছেন, আমরা রসূলুল্লাহ (সাল্লাল্লাহু ‘আলাইহি ওয়া সাল্লাম)-এর সাথে জ্বরে আক্রান্ত এক লোকের সেবা-শুশ্রূষা করতে গেলাম। আমি আমার হাত তার শরীরে রেখে বললাম, আল্লাহর শপথ! আজকের মতো এমন তাপে আক্রান্ত আর কোন লোক আমি দেখিনি। এ কথা শুনে নবী (সাল্লাল্লাহু ‘আলাইহি ওয়া সাল্লাম) বললেনঃ কিয়ামাতের দিন এর থেকেও অধিক তাপে আক্রান্ত লোকের খবর আমি কি তোমাদের দিব না? তারা ঐ দু’জন আরোহী যারা ঘাড় ফিরিয়ে চলে যাচ্ছে। এ কথা তিনি বললেন, সে সময়কার তাঁর সাথীদের মধ্য থেকে দু’জনের দিকে লক্ষ্য করে। (ই.ফা. ৬৭৮৫, ই.সে. ৬৮৪০)",
        "ar": "حَدَّثَنِي عَبَّاسُ بْنُ عَبْدِ الْعَظِيمِ الْعَنْبَرِيُّ، حَدَّثَنَا أَبُو مُحَمَّدٍ النَّضْرُ بْنُ مُحَمَّدِ بْنِ، مُوسَى الْيَمَامِيُّ حَدَّثَنَا عِكْرِمَةُ، حَدَّثَنَا إِيَاسٌ، حَدَّثَنِي أَبِي قَالَ، عُدْنَا مَعَ رَسُولِ اللَّهِ صلى الله عليه وسلم رَجُلاً مَوْعُوكًا - قَالَ - فَوَضَعْتُ يَدِي عَلَيْهِ فَقُلْتُ وَاللَّهِ مَا رَأَيْتُ كَالْيَوْمِ رَجُلاً أَشَدَّ حَرًّا ‏.‏ فَقَالَ نَبِيُّ اللَّهِ صلى الله عليه وسلم ‏ \"‏ أَلاَ أُخْبِرُكُمْ بِأَشَدَّ حَرًّا مِنْهُ يَوْمَ الْقِيَامَةِ هَذَيْنِكَ الرَّجُلَيْنِ الرَّاكِبَيْنِ الْمُقَفِّيَيْنِ ‏\"‏ ‏.‏ لِرَجُلَيْنِ حِينَئِذٍ مِنْ أَصْحَابِهِ ‏.",
        "ar_diacless": "حدثني عباس بن عبد العظيم العنبري، حدثنا أبو محمد النضر بن محمد بن، موسى اليمامي حدثنا عكرمة، حدثنا إياس، حدثني أبي قال، عدنا مع رسول الله صلى الله عليه وسلم رجلا موعوكا - قال - فوضعت يدي عليه فقلت والله ما رأيت كاليوم رجلا أشد حرا ‏.‏ فقال نبي الله صلى الله عليه وسلم ‏ \"‏ ألا أخبركم بأشد حرا منه يوم القيامة هذينك الرجلين الراكبين المقفيين ‏\"‏ ‏.‏ لرجلين حينئذ من أصحابه ‏.",
        "note": "",
        "grade_id": 2,
        "grade": "সহিহ হাদিস",
        "grade_color": "#46B891"
      },
      {
        "id": 12194,
        "book_id": 2,
        "book_name": "সহিহ মুসলিম",
        "chapter_id": 51,
        "section_id": 1,
        "hadith_key": "সহিহ মুসলিম: ৬৯৩৬",
        "hadith_id": 6936,
        "narrator": "ইবনু ‘উমার (রাঃ)-এর সূ্ত্রে নাবী (সাল্লাল্লাহু ‘আলাইহি ওয়া সাল্লাম)",
        "bn": "তিনি বলেন, মুনাফিকের দৃষ্টান্ত ঐ বকরীর মতো, যা দু’ পালের মধ্যে উদ্ভ্রান্তের মতো ঘুরপাক করে। একবার এদিকে আবার অন্যদিকে। (ই.ফা. ৬৭৮৬, ই.সে. ৬৮৪১)",
        "ar": "حَدَّثَنِي مُحَمَّدُ بْنُ عَبْدِ اللَّهِ بْنِ نُمَيْرٍ، حَدَّثَنَا أَبِي ح، وَحَدَّثَنَا أَبُو بَكْرِ بْنُ أَبِي شَيْبَةَ، حَدَّثَنَا أَبُو أُسَامَةَ، قَالاَ حَدَّثَنَا عُبَيْدُ اللَّهِ، ح وَحَدَّثَنَا مُحَمَّدُ بْنُ الْمُثَنَّى، - وَاللَّفْظُ لَهُ - أَخْبَرَنَا عَبْدُ الْوَهَّابِ، - يَعْنِي الثَّقَفِيَّ - حَدَّثَنَا عُبَيْدُ اللَّهِ، عَنْ نَافِعٍ، عَنِ ابْنِ عُمَرَ، عَنِ النَّبِيِّ صلى الله عليه وسلم قَالَ ‏ \"‏ مَثَلُ الْمُنَافِقِ كَمَثَلِ الشَّاةِ الْعَائِرَةِ بَيْنَ الْغَنَمَيْنِ تَعِيرُ إِلَى هَذِهِ مَرَّةً وَإِلَى هَذِهِ مَرَّةً ‏\"‏ ‏.",
        "ar_diacless": "حدثني محمد بن عبد الله بن نمير، حدثنا أبي ح، وحدثنا أبو بكر بن أبي شيبة، حدثنا أبو أسامة، قالا حدثنا عبيد الله، ح وحدثنا محمد بن المثنى، - واللفظ له - أخبرنا عبد الوهاب، - يعني الثقفي - حدثنا عبيد الله، عن نافع، عن ابن عمر، عن النبي صلى الله عليه وسلم قال ‏ \"‏ مثل المنافق كمثل الشاة العائرة بين الغنمين تعير إلى هذه مرة وإلى هذه مرة ‏\"‏ ‏.",
        "note": "",
        "grade_id": 2,
        "grade": "সহিহ হাদিস",
        "grade_color": "#46B891"
      },
      {
        "id": 11337,
        "book_id": 2,
        "book_name": "সহিহ মুসলিম",
        "chapter_id": 51,
        "section_id": 1,
        "hadith_key": "সহিহ মুসলিম: ৬৯৩৭",
        "hadith_id": 6937,
        "narrator": "ইবনু ‘উমার (রাঃ)",
        "bn": "তিনি নবী (সাল্লাল্লাহু ‘আলাইহি ওয়া সাল্লাম) হতে অবিকল হাদীস বর্ণনা করেছেন। কিন্তু এতে রয়েছে, একবার আসে এ পালে আবার যায় অন্য পালে। (ই.ফা. ৬৭৮৭, ই.সে. নেই)",
        "ar": "حَدَّثَنَا قُتَيْبَةُ بْنُ سَعِيدٍ، حَدَّثَنَا يَعْقُوبُ، - يَعْنِي ابْنَ عَبْدِ الرَّحْمَنِ الْقَارِيَّ - عَنْ مُوسَى بْنِ عُقْبَةَ، عَنْ نَافِعٍ، عَنِ ابْنِ عُمَرَ، عَنِ النَّبِيِّ صلى الله عليه وسلم بِمِثْلِهِ غَيْرَ أَنَّهُ قَالَ ‏ \"‏ تَكِرُّ فِي هَذِهِ مَرَّةً وَفِي هَذِهِ مَرَّةً ‏\"‏ ‏.‏",
        "ar_diacless": "حدثنا قتيبة بن سعيد، حدثنا يعقوب، - يعني ابن عبد الرحمن القاري - عن موسى بن عقبة، عن نافع، عن ابن عمر، عن النبي صلى الله عليه وسلم بمثله غير أنه قال ‏ \"‏ تكر في هذه مرة وفي هذه مرة ‏\"‏ ‏.‏",
        "note": "",
        "grade_id": 2,
        "grade": "সহিহ হাদিস",
        "grade_color": "#46B891"
      }
    ]
  }
]