[
  {
    "id": 3803,
    "book_id": 2,
    "book_name": "muslim",
    "chapter_id": 31,
    "section_id": 1,
    "title": "বিবাদীর উপর আল্লাহ্‌র নামে শপথ করা কর্তব্য",
    "preface": "",
    "number": "১.অধ্যায়ঃ",
    "sort_order": 1,
    "hadiths": [
      {
        "id": 8406,
        "book_id": 2,
        "book_name": "সহিহ মুসলিম",
        "chapter_id": 31,
        "section_id": 1,
        "hadith_key": "সহিহ মুসলিম: ৪৩৬২",
        "hadith_id": 4362,
        "narrator": "ইবনু ‘আব্বাস (রাঃ)",
        "bn": "নবী (সাল্লাল্লাহু ‘আলাইহি ওয়া সাল্লাম) বলেছেনঃ যদি লোকের দাবি অনুসারে তাদের দিয়ে দেয়া হতো তবে কোন কোন লোক অপর ব্যক্তির জান-মাল দাবি করে বসতো। তাই বিবাদীর জন্য শপথ নেয়ার বিধান রয়েছে। (ই. ফা. ৪৩২১, ই. সে. ৪৩২২)",
        "ar": "حَدَّثَنِي أَبُو الطَّاهِرِ، أَحْمَدُ بْنُ عَمْرِو بْنِ سَرْحٍ أَخْبَرَنَا ابْنُ وَهْبٍ، عَنِ ابْنِ جُرَيْجٍ، عَنِ ابْنِ أَبِي مُلَيْكَةَ، عَنِ ابْنِ عَبَّاسٍ، أَنَّ النَّبِيَّ صلى الله عليه وسلم قَالَ ‏ \"‏ لَوْ يُعْطَى النَّاسُ بِدَعْوَاهُمْ لاَدَّعَى نَاسٌ دِمَاءَ رِجَالٍ وَأَمْوَالَهُمْ وَلَكِنَّ الْيَمِينَ عَلَى الْمُدَّعَى عَلَيْهِ ‏\"‏ ‏.‏",
        "ar_diacless": "حدثني أبو الطاهر، أحمد بن عمرو بن سرح أخبرنا ابن وهب، عن ابن جريج، عن ابن أبي مليكة، عن ابن عباس، أن النبي صلى الله عليه وسلم قال ‏ \"‏ لو يعطى الناس بدعواهم لادعى ناس دماء رجال وأموالهم ولكن اليمين على المدعى عليه ‏\"‏ ‏.‏",
        "note": "",
        "grade_id": 2,
        "grade": "সহিহ হাদিস",
        "grade_color": "#46B891"
      },
      {
        "id": 8405,
        "book_id": 2,
        "book_name": "সহিহ মুসলিম",
        "chapter_id": 31,
        "section_id": 1,
        "hadith_key": "সহিহ মুসলিম: ৪৩৬৩",
        "hadith_id": 4363,
        "narrator": "ইবনু ‘আব্বাস (রাঃ)",
        "bn": "রসূলুল্লাহ (সাল্লাল্লাহু ‘আলাইহি ওয়া সাল্লাম) বিবাদী থেকে (আল্লাহ্‌র নামে) শপথ নেয়ার মাধ্যমে ফয়সালা দিয়েছেন। (ই. ফা. ৪৩২২, ই. সে. ৪৩২৩)",
        "ar": "وَحَدَّثَنَا أَبُو بَكْرِ بْنُ أَبِي شَيْبَةَ، حَدَّثَنَا مُحَمَّدُ بْنُ بِشْرٍ، عَنْ نَافِعِ بْنِ عُمَرَ، عَنِ ابْنِ، أَبِي مُلَيْكَةَ عَنِ ابْنِ عَبَّاسٍ، أَنَّ رَسُولَ اللَّهِ صلى الله عليه وسلم قَضَى بِالْيَمِينِ عَلَى الْمُدَّعَى عَلَيْهِ ‏.‏",
        "ar_diacless": "وحدثنا أبو بكر بن أبي شيبة، حدثنا محمد بن بشر، عن نافع بن عمر، عن ابن، أبي مليكة عن ابن عباس، أن رسول الله صلى الله عليه وسلم قضى باليمين على المدعى عليه ‏.‏",
        "note": "",
        "grade_id": 2,
        "grade": "সহিহ হাদিস",
        "grade_color": "#46B891"
      }
    ]
  },
  {
    "id": 3812,
    "book_id": 2,
    "book_name": "muslim",
    "chapter_id": 31,
    "section_id": 10,
    "title": "মুজতাহিদগণের মতবিরোধ সম্পর্কে",
    "preface": "",
    "number": "১০. অধ্যায়ঃ",
    "sort_order": 10,
    "hadiths": [
      {
        "id": 8401,
        "book_id": 2,
        "book_name": "সহিহ মুসলিম",
        "chapter_id": 31,
        "section_id": 10,
        "hadith_key": "সহিহ মুসলিম: ৪৩৮৭",
        "hadith_id": 4387,
        "narrator": "আবূ হুরাইরা্‌হ্‌ (রাঃ)",
        "bn": "তিনি বলেন, নবী (সাল্লাহু ‘আলাইহি ওয়া সাল্লাম) বলেছেনঃ একদা দু’জন মহিলা তাদের নিজ নিজ ছেলে নিয়ে যাচ্ছিল। এমন সময় এক বাঘ এসে তাদের একজনের ছেলেকে নিয়ে যায়। তখন তাদের একজন তার সঙ্গীনীকে বলল, তোমার ছেলেকে বাঘে নিয়েছে। আর দ্বিতীয়া জন বলল, বরং তোমার ছেলেকে বাঘে নিয়েছে। এ নিয়ে উভয়ে দাউদ (আঃ) –এর নিকট নালিশ নিয়ে গেল। তিনি বয়সে বড় মহিলার পক্ষে সন্তানের রায় দিলেন। তখন উভয়ে বেরিয়ে সুলাইমান ইবনু দাউদ (আঃ) –এর নিকট উপস্থিত হয়ে তাকে সে ঘটনা বলল। তিনি বললেন, তোমরা আমার কাছে একটি ছুরি নিয়ে এসো, আমি সন্তানটিকে কেটে উভয়ের মাঝে ভাগ করে দেবো। তখন বয়সে ছোট মহিলাটি বলল, না, আল্লাহ্‌ আপনার প্রতি রহম করুন। (আমি মেনে নিলাম)। ছেলেটি ঐ মহিলারই। তখন তিনি ছোট মহিলার পক্ষে ছেলে প্রদানের রায় দিলেন। বর্ণনাকারী বলেন, আবূ হুরায়রা্‌ (রাঃ) বললেন, আল্লাহ্‌র কসম! আমি ইতোপূর্বে (আরবী) ‘ছুরি’ শব্দটি সেদিন ব্যতীত আর কখনও শুনিনি। আমরা তাকে (আরবী) বলতাম। (ই. ফা. ৪৩৪৬, ই. সে. ৪৩৪৬)",
        "ar": "حَدَّثَنِي زُهَيْرُ بْنُ حَرْبٍ، حَدَّثَنِي شَبَابَةُ، حَدَّثَنِي وَرْقَاءُ، عَنْ أَبِي الزِّنَادِ، عَنِ الأَعْرَجِ، عَنْ أَبِي هُرَيْرَةَ، عَنِ النَّبِيِّ صلى الله عليه وسلم قَالَ ‏ \"‏ بَيْنَمَا امْرَأَتَانِ مَعَهُمَا ابْنَاهُمَا جَاءَ الذِّئْبُ فَذَهَبَ بِابْنِ إِحْدَاهُمَا ‏.‏ فَقَالَتْ هَذِهِ لِصَاحِبَتِهَا إِنَّمَا ذَهَبَ بِابْنِكِ أَنْتِ ‏.‏ وَقَالَتِ الأُخْرَى إِنَّمَا ذَهَبَ بِابْنِكِ ‏.‏ فَتَحَاكَمَتَا إِلَى دَاوُدَ فَقَضَى بِهِ لِلْكُبْرَى فَخَرَجَتَا عَلَى سُلَيْمَانَ بْنِ دَاوُدَ عَلَيْهِمَا السَّلاَمُ فَأَخْبَرَتَاهُ فَقَالَ ائْتُونِي بِالسِّكِّينِ أَشُقُّهُ بَيْنَكُمَا ‏.‏ فَقَالَتِ الصُّغْرَى لاَ يَرْحَمُكَ اللَّهُ هُوَ ابْنُهَا ‏.‏ فَقَضَى بِهِ لِلصُّغْرَى ‏\"‏ ‏.‏ قَالَ قَالَ أَبُو هُرَيْرَةَ وَاللَّهِ إِنْ سَمِعْتُ بِالسِّكِّينِ قَطُّ إِلاَّ يَوْمَئِذٍ مَا كُنَّا نَقُولُ إِلاَّ الْمُدْيَةَ ‏.‏",
        "ar_diacless": "حدثني زهير بن حرب، حدثني شبابة، حدثني ورقاء، عن أبي الزناد، عن الأعرج، عن أبي هريرة، عن النبي صلى الله عليه وسلم قال ‏ \"‏ بينما امرأتان معهما ابناهما جاء الذئب فذهب بابن إحداهما ‏.‏ فقالت هذه لصاحبتها إنما ذهب بابنك أنت ‏.‏ وقالت الأخرى إنما ذهب بابنك ‏.‏ فتحاكمتا إلى داود فقضى به للكبرى فخرجتا على سليمان بن داود عليهما السلام فأخبرتاه فقال ائتوني بالسكين أشقه بينكما ‏.‏ فقالت الصغرى لا يرحمك الله هو ابنها ‏.‏ فقضى به للصغرى ‏\"‏ ‏.‏ قال قال أبو هريرة والله إن سمعت بالسكين قط إلا يومئذ ما كنا نقول إلا المدية ‏.‏",
        "note": "",
        "grade_id": 2,
        "grade": "সহিহ হাদিস",
        "grade_color": "#46B891"
      },
      {
        "id": 13557,
        "book_id": 2,
        "book_name": "সহিহ মুসলিম",
        "chapter_id": 31,
        "section_id": 10,
        "hadith_key": "সহিহ মুসলিম: ৪৩৮৮",
        "hadith_id": 4388,
        "narrator": "আবূ যিনাদ (রহঃ) হতে এ সূত্র",
        "bn": "ওয়ারকার (রাঃ) –এর হাদীসের অনুরূপ বর্ণনা করেছেন। (ই. ফা. ৪৩৪৭, ই. সে. ৪৩৪৭)",
        "ar": "وَحَدَّثَنَا سُوَيْدُ بْنُ سَعِيدٍ، حَدَّثَنِي حَفْصٌ، - يَعْنِي ابْنَ مَيْسَرَةَ الصَّنْعَانِيَّ - عَنْ مُوسَى بْنِ عُقْبَةَ، ح وَحَدَّثَنَا أُمَيَّةُ بْنُ بِسْطَامَ، حَدَّثَنَا يَزِيدُ بْنُ زُرَيْعٍ، حَدَّثَنَا رَوْحٌ، - وَهُوَ ابْنُ الْقَاسِمِ - عَنْ مُحَمَّدِ بْنِ عَجْلاَنَ، جَمِيعًا عَنْ أَبِي الزِّنَادِ، بِهَذَا الإِسْنَادِ مِثْلَ مَعْنَى حَدِيثِ وَرْقَاءَ ‏.‏",
        "ar_diacless": "وحدثنا سويد بن سعيد، حدثني حفص، - يعني ابن ميسرة الصنعاني - عن موسى بن عقبة، ح وحدثنا أمية بن بسطام، حدثنا يزيد بن زريع، حدثنا روح، - وهو ابن القاسم - عن محمد بن عجلان، جميعا عن أبي الزناد، بهذا الإسناد مثل معنى حديث ورقاء ‏.‏",
        "note": "",
        "grade_id": 2,
        "grade": "সহিহ হাদিস",
        "grade_color": "#46B891"
      }
    ]
  },
  {
    "id": 3813,
    "book_id": 2,
    "book_name": "muslim",
    "chapter_id": 31,
    "section_id": 11,
    "title": "বিচারক কর্তৃক বিবাদমান দু’দলের মধ্যে মীমাংসা করে দেয়া উত্তম",
    "preface": "",
    "number": "১১. অধ্যায়ঃ",
    "sort_order": 11,
    "hadiths": [
      {
        "id": 13556,
        "book_id": 2,
        "book_name": "সহিহ মুসলিম",
        "chapter_id": 31,
        "section_id": 11,
        "hadith_key": "সহিহ মুসলিম: ৪৩৮৯",
        "hadith_id": 4389,
        "narrator": "মা‘মারের মাধ্যমে হাম্মাম ইবনু মুনাব্বিহ (রহঃ)",
        "bn": "তিনি বলেন, আবূ হুরায়রা্ (রাঃ) যে সকল হাদীস আমাদের বর্ণনা করেছেন তার মধ্যে একটি এই যে, রসূলুল্লাহ (সাল্লাল্লাহু ‘আলাইহি ওয়া সাল্লাম) বলেছেন: এক ব্যক্তি অপর এক ব্যক্তির নিকট থেকে এক খন্ড জমি ক্রয় করে। যে ব্যক্তি জমি ক্রয় করেছিল সে তার কেনা সম্পত্তিতে একটি কলসী পেল। তাতে স্বর্ণ ছিল। যে ব্যক্তি জমি ক্রয় করেছিল সে বিক্রেতাকে বলল, তুমি আমার কাছ থেকে তোমার স্বর্ণ বুঝে নাও। আমি তোমার কাছে থেকে জমি ক্রয় করেছি, স্বর্ণ ক্রয় করিনি। তখন যে ব্যক্তি সম্পত্তি বিক্রি করেছিল সে বলল, আমি তো তোমার কাছে জমি এবং জমির মধ্যে যা কিছু আছে সবই বিক্রি করেছি। তিনি বলেন, তারপর উভয়েই এক ব্যক্তির কাছে গিয়ে এর ফয়সালা চাইল। তখন সে বলল, তোমাদের কি কোন সন্তান আছে? তাদের একজন বলল যে, আমার একটি ছেলে আছে এবং অপর জন বলল, আমার একটি মেয়ে আছে। তখন তিনি বললেন, তোমার ছেলেটিকে (তার) মেয়েটির সঙ্গে বিয়ে দাও এবং এ উপলক্ষে তোমরা তোমাদের উপর তা ব্যয় কর এবং এ থেকে সদাকাহ্ও কর। (ই. ফা. ৪৩৪৮, ই. সে. ৪৩৪৮)",
        "ar": "حَدَّثَنَا مُحَمَّدُ بْنُ رَافِعٍ، حَدَّثَنَا عَبْدُ الرَّزَّاقِ، حَدَّثَنَا مَعْمَرٌ، عَنْ هَمَّامِ بْنِ مُنَبِّهٍ، قَالَ هَذَا مَا حَدَّثَنَا أَبُو هُرَيْرَةَ، عَنْ رَسُولِ اللَّهِ صلى الله عليه وسلم فَذَكَرَ أَحَادِيثَ مِنْهَا وَقَالَ رَسُولُ اللَّهِ صلى الله عليه وسلم ‏ \"‏ اشْتَرَى رَجُلٌ مِنْ رَجُلٍ عَقَارًا لَهُ فَوَجَدَ الرَّجُلُ الَّذِي اشْتَرَى الْعَقَارَ فِي عَقَارِهِ جَرَّةً فِيهَا ذَهَبٌ فَقَالَ لَهُ الَّذِي اشْتَرَى الْعَقَارَ خُذْ ذَهَبَكَ مِنِّي إِنَّمَا اشْتَرَيْتُ مِنْكَ الأَرْضَ وَلَمْ أَبْتَعْ مِنْكَ الذَّهَبَ ‏.‏ فَقَالَ الَّذِي شَرَى الأَرْضَ إِنَّمَا بِعْتُكَ الأَرْضَ وَمَا فِيهَا - قَالَ - فَتَحَاكَمَا إِلَى رَجُلٍ فَقَالَ الَّذِي تَحَاكَمَا إِلَيْهِ أَلَكُمَا وَلَدٌ فَقَالَ أَحَدُهُمَا لِي غُلاَمٌ وَقَالَ الآخَرُ لِي جَارِيَةٌ ‏.‏ قَالَ أَنْكِحُوا الْغُلاَمَ الْجَارِيَةَ وَأَنْفِقُوا عَلَى أَنْفُسِكُمَا مِنْهُ وَتَصَدَّقَا ‏\"‏ ‏.‏",
        "ar_diacless": "حدثنا محمد بن رافع، حدثنا عبد الرزاق، حدثنا معمر، عن همام بن منبه، قال هذا ما حدثنا أبو هريرة، عن رسول الله صلى الله عليه وسلم فذكر أحاديث منها وقال رسول الله صلى الله عليه وسلم ‏ \"‏ اشترى رجل من رجل عقارا له فوجد الرجل الذي اشترى العقار في عقاره جرة فيها ذهب فقال له الذي اشترى العقار خذ ذهبك مني إنما اشتريت منك الأرض ولم أبتع منك الذهب ‏.‏ فقال الذي شرى الأرض إنما بعتك الأرض وما فيها - قال - فتحاكما إلى رجل فقال الذي تحاكما إليه ألكما ولد فقال أحدهما لي غلام وقال الآخر لي جارية ‏.‏ قال أنكحوا الغلام الجارية وأنفقوا على أنفسكما منه وتصدقا ‏\"‏ ‏.‏",
        "note": "",
        "grade_id": 2,
        "grade": "সহিহ হাদিস",
        "grade_color": "#46B891"
      }
    ]
  },
  {
    "id": 3804,
    "book_id": 2,
    "book_name": "muslim",
    "chapter_id": 31,
    "section_id": 2,
    "title": "এক সাক্ষী ও এক শপথে বিচার করার বৈধতা",
    "preface": "",
    "number": "২.অধ্যায়ঃ",
    "sort_order": 2,
    "hadiths": [
      {
        "id": 8407,
        "book_id": 2,
        "book_name": "সহিহ মুসলিম",
        "chapter_id": 31,
        "section_id": 2,
        "hadith_key": "সহিহ মুসলিম: ৪৩৬৪",
        "hadith_id": 4364,
        "narrator": "ইবনু ‘আব্বাস (রাঃ)",
        "bn": "রসূলুল্লাহ (সাল্লাল্লাহু ‘আলাইহি ওয়া সাল্লাম) বিবাদী থেকে (কসম) শপথ গ্রহণ এবং একজন সাক্ষীর মাধ্যমে মুকদ্দমা নিষ্পত্তি করেছেন। (ই. ফা. ৪৩২৩, ই. সে. ৪৩২৪)",
        "ar": "وَحَدَّثَنَا أَبُو بَكْرِ بْنُ أَبِي شَيْبَةَ، وَمُحَمَّدُ بْنُ عَبْدِ اللَّهِ بْنِ نُمَيْرٍ، قَالاَ حَدَّثَنَا زَيْدٌ، - وَهُوَ ابْنُ حُبَابٍ - حَدَّثَنِي سَيْفُ بْنُ سُلَيْمَانَ، أَخْبَرَنِي قَيْسُ بْنُ سَعْدٍ، عَنْ عَمْرِو بْنِ دِينَارٍ، عَنِ ابْنِ عَبَّاسٍ، أَنَّ رَسُولَ اللَّهِ صلى الله عليه وسلم قَضَى بِيَمِينٍ وَشَاهِدٍ ‏.‏",
        "ar_diacless": "وحدثنا أبو بكر بن أبي شيبة، ومحمد بن عبد الله بن نمير، قالا حدثنا زيد، - وهو ابن حباب - حدثني سيف بن سليمان، أخبرني قيس بن سعد، عن عمرو بن دينار، عن ابن عباس، أن رسول الله صلى الله عليه وسلم قضى بيمين وشاهد ‏.‏",
        "note": "",
        "grade_id": 2,
        "grade": "সহিহ হাদিস",
        "grade_color": "#46B891"
      }
    ]
  },
  {
    "id": 3805,
    "book_id": 2,
    "book_name": "muslim",
    "chapter_id": 31,
    "section_id": 3,
    "title": "অন্যায় হক প্রতিষ্ঠিত হয় না বিচারকের সদৃশ ফায়সালায়",
    "preface": "",
    "number": "৩.অধ্যায়ঃ",
    "sort_order": 3,
    "hadiths": [
      {
        "id": 8411,
        "book_id": 2,
        "book_name": "সহিহ মুসলিম",
        "chapter_id": 31,
        "section_id": 3,
        "hadith_key": "সহিহ মুসলিম: ৪৩৬৫",
        "hadith_id": 4365,
        "narrator": "উম্মু সালামাহ্‌ (রাঃ)",
        "bn": "রসূলুল্লাহ (সাল্লাল্লাহু ‘আলাইহি ওয়া সাল্লাম) বলেছেনঃ তোমরা মুকাদ্দমা নিয়ে আমার কাছে আগমন করে থাক এবং তোমাদের একজন অপরজন অপেক্ষা অধিক বাকপটু হয়ে যুক্তি খাটিয়ে স্বীয় দাবি প্রতিষ্ঠার চেষ্টা কর। আমি কথা শুনে তাঁর অনুকূলে রায় প্রদান করি। সুতরাং এতে যদি তার ভাইয়ের হকের কিছু তাকে প্রদান করি (বাস্তবে হয়ত এতে তার কোন অধিকারই নেই) তখন তার কর্তব্য হবে তা গ্রহণ না করা। কেননা, এতে যেন আমি তাকে জাহান্নামের এক খণ্ড আগুন প্রদান করলাম। (ই. ফা. ৪৩২৪, ই. সে. ৪৩২৫)",
        "ar": "حَدَّثَنَا يَحْيَى بْنُ يَحْيَى التَّمِيمِيُّ، أَخْبَرَنَا أَبُو مُعَاوِيَةَ، عَنْ هِشَامِ بْنِ عُرْوَةَ، عَنْ أَبِيهِ، عَنْ زَيْنَبَ بِنْتِ أَبِي سَلَمَةَ، عَنْ أُمِّ سَلَمَةَ، قَالَتْ قَالَ رَسُولُ اللَّهِ صلى الله عليه وسلم ‏ \"‏ إِنَّكُمْ تَخْتَصِمُونَ إِلَىَّ وَلَعَلَّ بَعْضَكُمْ أَنْ يَكُونَ أَلْحَنَ بِحُجَّتِهِ مِنْ بَعْضٍ فَأَقْضِي لَهُ عَلَى نَحْوٍ مِمَّا أَسْمَعُ مِنْهُ فَمَنْ قَطَعْتُ لَهُ مِنْ حَقِّ أَخِيهِ شَيْئًا فَلاَ يَأْخُذْهُ فَإِنَّمَا أَقْطَعُ لَهُ بِهِ قِطْعَةً مِنَ النَّارِ ‏\"‏ ‏.‏",
        "ar_diacless": "حدثنا يحيى بن يحيى التميمي، أخبرنا أبو معاوية، عن هشام بن عروة، عن أبيه، عن زينب بنت أبي سلمة، عن أم سلمة، قالت قال رسول الله صلى الله عليه وسلم ‏ \"‏ إنكم تختصمون إلى ولعل بعضكم أن يكون ألحن بحجته من بعض فأقضي له على نحو مما أسمع منه فمن قطعت له من حق أخيه شيئا فلا يأخذه فإنما أقطع له به قطعة من النار ‏\"‏ ‏.‏",
        "note": "",
        "grade_id": 2,
        "grade": "সহিহ হাদিস",
        "grade_color": "#46B891"
      },
      {
        "id": 8409,
        "book_id": 2,
        "book_name": "সহিহ মুসলিম",
        "chapter_id": 31,
        "section_id": 3,
        "hadith_key": "সহিহ মুসলিম: ৪৩৬৬",
        "hadith_id": 4366,
        "narrator": "হিশাম (রহঃ)",
        "bn": "উক্ত সানদে অনুরূপ হাদিস বর্ণনা করেছেন। (ই. ফা. ৪৩২৫, ই. সে. ৪৩২৬)",
        "ar": "وَحَدَّثَنَاهُ أَبُو بَكْرِ بْنُ أَبِي شَيْبَةَ، حَدَّثَنَا وَكِيعٌ، ح وَحَدَّثَنَا أَبُو كُرَيْبٍ، حَدَّثَنَا ابْنُ، نُمَيْرٍ كِلاَهُمَا عَنْ هِشَامٍ، بِهَذَا الإِسْنَادِ مِثْلَهُ ‏.‏",
        "ar_diacless": "وحدثناه أبو بكر بن أبي شيبة، حدثنا وكيع، ح وحدثنا أبو كريب، حدثنا ابن، نمير كلاهما عن هشام، بهذا الإسناد مثله ‏.‏",
        "note": "",
        "grade_id": 2,
        "grade": "সহিহ হাদিস",
        "grade_color": "#46B891"
      },
      {
        "id": 8410,
        "book_id": 2,
        "book_name": "সহিহ মুসলিম",
        "chapter_id": 31,
        "section_id": 3,
        "hadith_key": "সহিহ মুসলিম: ৪৩৬৭",
        "hadith_id": 4367,
        "narrator": "নাবী (সাল্লাল্লাহু ‘আলাইহি ওয়া সাল্লাম)-এর সহধর্মিণী উম্মু সালামাহ্‌ (রাঃ)",
        "bn": "রসূলুল্লাহ (সাল্লাল্লাহু ‘আলাইহি ওয়া সাল্লাম) তাঁর হুজ্‌রার দ্বার প্রান্তে জনৈক ঝগড়াকারীর শোরগোল শুনতে পেলেন। তখন তিনি তাদের কাছে বেরিয়ে এলেন এবং বললেন, আমি তো একজন মানুষ আর আমার কাছে কোন মুকাদ্দমা দায়েরকারী আসে। তাদের একজনের চেয়ে অন্যজন খুব ভাল করে কথা বলতে জানে। আমি তখন মনে করি সেই সঠিক, তাতে আমি তার পক্ষে রায় প্রদান করি। আমি যার পক্ষে (অপর)মুসলিমদের হকের ব্যাপারে রায় দেই, তা বস্তুত জাহান্নামের একটি টুকরা। অতএব সে তা গ্রহন করুক কিংবা ছেড়ে দিক। (ই. ফা. ৪৩২৬, ই. সে. ৪৩২৭)",
        "ar": "وَحَدَّثَنِي حَرْمَلَةُ بْنُ يَحْيَى، أَخْبَرَنَا عَبْدُ اللَّهِ بْنُ وَهْبٍ، أَخْبَرَنِي يُونُسُ، عَنِ ابْنِ، شِهَابٍ أَخْبَرَنِي عُرْوَةُ بْنُ الزُّبَيْرِ، عَنْ زَيْنَبَ بِنْتِ أَبِي سَلَمَةَ، عَنْ أُمِّ سَلَمَةَ، زَوْجِ النَّبِيِّ صلى الله عليه وسلم أَنَّ رَسُولَ اللَّهِ صلى الله عليه وسلم سَمِعَ جَلَبَةَ خَصْمٍ بِبَابِ حُجْرَتِهِ فَخَرَجَ إِلَيْهِمْ فَقَالَ ‏ \"‏ إِنَّمَا أَنَا بَشَرٌ وَإِنَّهُ يَأْتِينِي الْخَصْمُ فَلَعَلَّ بَعْضَهُمْ أَنْ يَكُونَ أَبْلَغَ مِنْ بَعْضٍ فَأَحْسِبُ أَنَّهُ صَادِقٌ فَأَقْضِي لَهُ فَمَنْ قَضَيْتُ لَهُ بِحَقِّ مُسْلِمٍ فَإِنَّمَا هِيَ قِطْعَةٌ مِنَ النَّارِ فَلْيَحْمِلْهَا أَوْ يَذَرْهَا ‏\"‏ ‏.",
        "ar_diacless": "وحدثني حرملة بن يحيى، أخبرنا عبد الله بن وهب، أخبرني يونس، عن ابن، شهاب أخبرني عروة بن الزبير، عن زينب بنت أبي سلمة، عن أم سلمة، زوج النبي صلى الله عليه وسلم أن رسول الله صلى الله عليه وسلم سمع جلبة خصم بباب حجرته فخرج إليهم فقال ‏ \"‏ إنما أنا بشر وإنه يأتيني الخصم فلعل بعضهم أن يكون أبلغ من بعض فأحسب أنه صادق فأقضي له فمن قضيت له بحق مسلم فإنما هي قطعة من النار فليحملها أو يذرها ‏\"‏ ‏.",
        "note": "",
        "grade_id": 2,
        "grade": "সহিহ হাদিস",
        "grade_color": "#46B891"
      },
      {
        "id": 8408,
        "book_id": 2,
        "book_name": "সহিহ মুসলিম",
        "chapter_id": 31,
        "section_id": 3,
        "hadith_key": "সহিহ মুসলিম: ৪৩৬৮",
        "hadith_id": 4368,
        "narrator": "যুহরী (রহঃ)",
        "bn": "একই সূত্রে ইউনুস (রহঃ)-এর হাদীসের অনুরূপ হাদীস বর্ণনা করেছেন।\nআর মা’মার (রহঃ)-এর হাদীসে (আরবী) –এর পরিবর্তে (আরবী) উল্লেখ রয়েছে। নবী (সাল্লাল্লাহু ‘আলাইহি ওয়া সাল্লাম) জনৈক ঝগড়াকারীর শোরগোল উম্মু সালামার (হুজরার) দরজাতে শুনতে পেলেন। (ই. ফা. ৪৩২৭, ই. সে. ৪৩২৮)",
        "ar": "وَحَدَّثَنَا عَمْرٌو النَّاقِدُ، حَدَّثَنَا يَعْقُوبُ بْنُ إِبْرَاهِيمَ بْنِ سَعْدٍ، حَدَّثَنَا أَبِي، عَنْ صَالِحٍ، ح وَحَدَّثَنَا عَبْدُ بْنُ حُمَيْدٍ، أَخْبَرَنَا عَبْدُ الرَّزَّاقِ، أَخْبَرَنَا مَعْمَرٌ، كِلاَهُمَا عَنِ الزُّهْرِيِّ، بِهَذَا الإِسْنَادِ نَحْوَ حَدِيثِ يُونُسَ ‏.‏ وَفِي حَدِيثِ مَعْمَرٍ قَالَتْ سَمِعَ النَّبِيُّ صلى الله عليه وسلم لَجَبَةَ خَصْمٍ بِبَابِ أُمِّ سَلَمَةَ ‏.‏",
        "ar_diacless": "وحدثنا عمرو الناقد، حدثنا يعقوب بن إبراهيم بن سعد، حدثنا أبي، عن صالح، ح وحدثنا عبد بن حميد، أخبرنا عبد الرزاق، أخبرنا معمر، كلاهما عن الزهري، بهذا الإسناد نحو حديث يونس ‏.‏ وفي حديث معمر قالت سمع النبي صلى الله عليه وسلم لجبة خصم بباب أم سلمة ‏.‏",
        "note": "",
        "grade_id": 2,
        "grade": "সহিহ হাদিস",
        "grade_color": "#46B891"
      }
    ]
  },
  {
    "id": 3806,
    "book_id": 2,
    "book_name": "muslim",
    "chapter_id": 31,
    "section_id": 4,
    "title": "‘হিন্দার ঘটনা’",
    "preface": "",
    "number": "৪. অধ্যায়ঃ",
    "sort_order": 4,
    "hadiths": [
      {
        "id": 8412,
        "book_id": 2,
        "book_name": "সহিহ মুসলিম",
        "chapter_id": 31,
        "section_id": 4,
        "hadith_key": "সহিহ মুসলিম: ৪৩৬৯",
        "hadith_id": 4369,
        "narrator": "‘আয়িশাহ্‌ (রাঃ)",
        "bn": "হিন্দা বিন্‌ত উত্‌বা রসূলুল্লাহ (সাল্লাল্লাহু ‘আলাইহি ওয়া সাল্লাম)-এর দরবারে উপস্থিত হয়ে বললেন, হে আল্লাহ্‌র রসূল (সাল্লাল্লাহু ‘আলাইহি ওয়া সাল্লাম)! আবূ সুফ্‌ইয়ান একজন কৃপণ ব্যক্তি। তিনি আমার এবং আমার সন্তানদের জন্য প্রয়োজনীয় ব্যয় করেন না। তবে আমি তাকে না জানিয়েই তার সম্পদ থেকে প্রয়োজনীয় খরচাদি গ্রহন করে থাকি। এতে কি আমার কোন পাপ হবে? তখন রসূলুল্লাহ (সাল্লাল্লাহু ‘আলাইহি ওয়া সাল্লাম) বললেনঃ তুমি তাঁর সম্পদ থেকে ততটুকু গ্রহণ করতে পার, যা তোমার ও তোমার সন্তানদের জন্য যথেষ্ট হয়। (ই. ফা. ৪৩২৮, ই. সে. ৪৩২৯)",
        "ar": "حَدَّثَنِي عَلِيُّ بْنُ حُجْرٍ السَّعْدِيُّ، حَدَّثَنَا عَلِيُّ بْنُ مُسْهِرٍ، عَنْ هِشَامِ بْنِ عُرْوَةَ، عَنْ أَبِيهِ، عَنْ عَائِشَةَ، قَالَتْ دَخَلَتْ هِنْدٌ بِنْتُ عُتْبَةَ امْرَأَةُ أَبِي سُفْيَانَ عَلَى رَسُولِ اللَّهِ صلى الله عليه وسلم فَقَالَتْ يَا رَسُولَ اللَّهِ إِنَّ أَبَا سُفْيَانَ رَجُلٌ شَحِيحٌ لاَ يُعْطِينِي مِنَ النَّفَقَةِ مَا يَكْفِينِي وَيَكْفِي بَنِيَّ إِلاَّ مَا أَخَذْتُ مِنْ مَالِهِ بِغَيْرِ عِلْمِهِ ‏.‏ فَهَلْ عَلَىَّ فِي ذَلِكَ مِنْ جُنَاحٍ فَقَالَ رَسُولُ اللَّهِ صلى الله عليه وسلم ‏ \"‏ خُذِي مِنْ مَالِهِ بِالْمَعْرُوفِ مَا يَكْفِيكِ وَيَكْفِي بَنِيكِ ‏\"‏ ‏.‏",
        "ar_diacless": "حدثني علي بن حجر السعدي، حدثنا علي بن مسهر، عن هشام بن عروة، عن أبيه، عن عائشة، قالت دخلت هند بنت عتبة امرأة أبي سفيان على رسول الله صلى الله عليه وسلم فقالت يا رسول الله إن أبا سفيان رجل شحيح لا يعطيني من النفقة ما يكفيني ويكفي بني إلا ما أخذت من ماله بغير علمه ‏.‏ فهل على في ذلك من جناح فقال رسول الله صلى الله عليه وسلم ‏ \"‏ خذي من ماله بالمعروف ما يكفيك ويكفي بنيك ‏\"‏ ‏.‏",
        "note": "",
        "grade_id": 2,
        "grade": "সহিহ হাদিস",
        "grade_color": "#46B891"
      },
      {
        "id": 8413,
        "book_id": 2,
        "book_name": "সহিহ মুসলিম",
        "chapter_id": 31,
        "section_id": 4,
        "hadith_key": "সহিহ মুসলিম: ৪৩৭০",
        "hadith_id": 4370,
        "narrator": "মুহাম্মাদ ইবনু ‘আবদুল্লাহ ইবনু নুমায়র, আবূ কুরায়ব, ইয়াহ্‌ইয়া ইবনু ইয়াহ্‌ইয়া ও মুহাম্মাদ ইবনু রাফি’ (রহঃ) হিশাম (রহঃ)",
        "bn": "উক্ত সানাদে এ হাদীস বর্ণনা করেন। (ই. ফা. ৪৩২৯, ই. সে. ৪৩৩০)",
        "ar": "وَحَدَّثَنَاهُ مُحَمَّدُ بْنُ عَبْدِ اللَّهِ بْنِ نُمَيْرٍ، وَأَبُو كُرَيْبٍ كِلاَهُمَا عَنْ عَبْدِ اللَّهِ بْنِ نُمَيْرٍ، وَوَكِيعٍ ح وَحَدَّثَنَا يَحْيَى بْنُ يَحْيَى، أَخْبَرَنَا عَبْدُ الْعَزِيزِ بْنُ مُحَمَّدٍ، ح وَحَدَّثَنَا مُحَمَّدُ بْنُ رَافِعٍ، حَدَّثَنَا ابْنُ أَبِي فُدَيْكٍ، أَخْبَرَنَا الضَّحَّاكُ، - يَعْنِي ابْنَ عُثْمَانَ - كُلُّهُمْ عَنْ هِشَامٍ، بِهَذَا الإِسْنَادِ ‏.‏",
        "ar_diacless": "وحدثناه محمد بن عبد الله بن نمير، وأبو كريب كلاهما عن عبد الله بن نمير، ووكيع ح وحدثنا يحيى بن يحيى، أخبرنا عبد العزيز بن محمد، ح وحدثنا محمد بن رافع، حدثنا ابن أبي فديك، أخبرنا الضحاك، - يعني ابن عثمان - كلهم عن هشام، بهذا الإسناد ‏.‏",
        "note": "",
        "grade_id": 2,
        "grade": "সহিহ হাদিস",
        "grade_color": "#46B891"
      },
      {
        "id": 8340,
        "book_id": 2,
        "book_name": "সহিহ মুসলিম",
        "chapter_id": 31,
        "section_id": 4,
        "hadith_key": "সহিহ মুসলিম: ৪৩৭১",
        "hadith_id": 4371,
        "narrator": "‘আয়িশাহ্‌ (রাঃ)",
        "bn": "তিনি বলেন, হিন্দা নবী (সাল্লাল্লাহু ‘আলাইহি ওয়া সাল্লাম)-এর নিকট এসে বললেন, হে আল্লাহর রসূল (সাল্লাল্লাহু ‘আলাইহি ওয়া সাল্লাম)! আল্লাহর কসম, পৃথিবীর মধ্যে অন্য কোন পরিবার-পরিজনের চেয়ে আল্লাহ আপনার পরিবার-পরিজনকে লাঞ্চিত করুন- এর চেয়ে অধিক পছন্দনীয় আমার কাছে আর কিছুই ছিলনা। আর এখন পৃথিবীর মধ্যে অন্য কোন পরিবার-পরিজনের চেয়ে আল্লাহ আপনার পরিবার-পরিজনকে সম্মানিত করুন- এর চেয়ে অধিক পছন্দনীয় আমার কাছে আর কিছুই নেই। তখন রসূলুল্লাহ (সাল্লাল্লাহু ‘আলাইহি ওয়া সাল্লাম) বললেনঃ সে মহান আল্লাহর শপথ! যাঁর হাতে আমার প্রাণ, তা আরো বাড়বে। অতঃপর তিনি বললেন, হে আল্লাহর রসূল (সাল্লাল্লাহু ‘আলাইহি ওয়া সাল্লাম)! আবূ সুফ্‌ইয়ান একজন কৃপণ স্বভাবের লোক। তবে আমি যদি তার বিনা অনুমতিতে তার সন্তান-সন্ততির জন্য তার সম্পদ থেকে খরচ করি, এতে কি আমার কোন অন্যায় হবে? তখন নবী (সাল্লাল্লাহু ‘আলাইহি ওয়া সাল্লাম) বললেনঃ তাদের জন্য তুমি যথাবিধি খরচ করলে কোন দোষ হবেনা। (ই. ফা. ৪৩৩০, ই. সে. ৪৩৩১)",
        "ar": "وَحَدَّثَنَا عَبْدُ بْنُ حُمَيْدٍ، أَخْبَرَنَا عَبْدُ الرَّزَّاقِ، أَخْبَرَنَا مَعْمَرٌ، عَنِ الزُّهْرِيِّ، عَنْ عُرْوَةَ، عَنْ عَائِشَةَ، قَالَتْ جَاءَتْ هِنْدٌ إِلَى النَّبِيِّ صلى الله عليه وسلم فَقَالَتْ يَا رَسُولَ اللَّهِ وَاللَّهِ مَا كَانَ عَلَى ظَهْرِ الأَرْضِ أَهْلُ خِبَاءٍ أَحَبَّ إِلَىَّ مِنْ أَنْ يُذِلَّهُمُ اللَّهُ مِنْ أَهْلِ خِبَائِكَ وَمَا عَلَى ظَهْرِ الأَرْضِ أَهْلُ خِبَاءٍ أَحَبَّ إِلَىَّ مِنْ أَنْ يُعِزَّهُمُ اللَّهُ مِنْ أَهْلِ خِبَائِكَ ‏.‏ فَقَالَ النَّبِيُّ صلى الله عليه وسلم ‏\"‏ وَأَيْضًا وَالَّذِي نَفْسِي بِيَدِهِ ‏\"‏ ‏.‏ ثُمَّ قَالَتْ يَا رَسُولَ اللَّهِ إِنَّ أَبَا سُفْيَانَ رَجُلٌ مُمْسِكٌ فَهَلْ عَلَىَّ حَرَجٌ أَنْ أُنْفِقَ عَلَى عِيَالِهِ مِنْ مَالِهِ بِغَيْرِ إِذْنِهِ فَقَالَ النَّبِيُّ صلى الله عليه وسلم ‏\"‏ لاَ حَرَجَ عَلَيْكِ أَنْ تُنْفِقِي عَلَيْهِمْ بِالْمَعْرُوفِ ‏\"‏ ‏.‏",
        "ar_diacless": "وحدثنا عبد بن حميد، أخبرنا عبد الرزاق، أخبرنا معمر، عن الزهري، عن عروة، عن عائشة، قالت جاءت هند إلى النبي صلى الله عليه وسلم فقالت يا رسول الله والله ما كان على ظهر الأرض أهل خباء أحب إلى من أن يذلهم الله من أهل خبائك وما على ظهر الأرض أهل خباء أحب إلى من أن يعزهم الله من أهل خبائك ‏.‏ فقال النبي صلى الله عليه وسلم ‏\"‏ وأيضا والذي نفسي بيده ‏\"‏ ‏.‏ ثم قالت يا رسول الله إن أبا سفيان رجل ممسك فهل على حرج أن أنفق على عياله من ماله بغير إذنه فقال النبي صلى الله عليه وسلم ‏\"‏ لا حرج عليك أن تنفقي عليهم بالمعروف ‏\"‏ ‏.‏",
        "note": "",
        "grade_id": 2,
        "grade": "সহিহ হাদিস",
        "grade_color": "#46B891"
      },
      {
        "id": 8341,
        "book_id": 2,
        "book_name": "সহিহ মুসলিম",
        "chapter_id": 31,
        "section_id": 4,
        "hadith_key": "সহিহ মুসলিম: ৪৩৭২",
        "hadith_id": 4372,
        "narrator": "‘আয়িশাহ্‌ (রাঃ)",
        "bn": "তিনি বলেন, হিন্দা বিন্‌ত উত্‌বা ইনু রবী’য়াহ্‌, এসে বললেন, হে আল্লাহর রসূল (সাল্লাল্লাহু ‘আলাইহি ওয়া সাল্লাম)! (মুসলিম হওয়ার পূর্বে) পৃথিবীর মধ্যে অন্য কোন পরিবার-পরিজনের চেয়ে আল্লাহ আপনার পরিবার-পরিজনকে লাঞ্চিত করুন- এর চেয়ে অধিক পছন্দনীয় আমার কাছে আর কিছুই ছিলনা। আর আজ (মুসলিম হওয়ার পর) পৃথিবীর মধ্যে অন্য কোন পরিবার-পরিজনের চেয়ে আল্লাহ আপনার পরিবার-পরিজনকে সম্মানিত করুন- এর চেয়ে অধিক পছন্দনীয় আমার কাছে আর কিছুই নেই। তখন রসূলুল্লাহ (সাল্লাল্লাহু ‘আলাইহি ওয়া সাল্লাম) বললেনঃ সে মহান আল্লাহর কসম যাঁর হাতে আমার জীবন, তা আরো বৃদ্ধি পাবে। তারপর হিন্দা বললেনঃ হে আল্লাহর রসূল (সাল্লাল্লাহু ‘আলাইহি ওয়া সাল্লাম)! আবূ সুফ্‌ইয়ান একজন বড় কৃপণ স্বভাবের লোক। এমতাবস্থায় আমি যদি আমাদের সন্তানাদির খাবার (তারই অজান্তে) তার সম্পদ থেকে প্রদান করি তবে কি এতে আমার কোন দোষ হবে? তিনি বললেনঃ না। তবে তা যথাবিধি হতে হবে।  (ই. ফা. ৪৩৩১, ই. সে. ৪৩৩২)",
        "ar": "حَدَّثَنَا زُهَيْرُ بْنُ حَرْبٍ، حَدَّثَنَا يَعْقُوبُ بْنُ إِبْرَاهِيمَ، حَدَّثَنَا ابْنُ أَخِي الزُّهْرِيِّ، عَنْ عَمِّهِ، أَخْبَرَنِي عُرْوَةُ بْنُ الزُّبَيْرِ، أَنَّ عَائِشَةَ، قَالَتْ جَاءَتْ هِنْدٌ بِنْتُ عُتْبَةَ بْنِ رَبِيعَةَ فَقَالَتْ يَا رَسُولَ اللَّهِ وَاللَّهِ مَا كَانَ عَلَى ظَهْرِ الأَرْضِ خِبَاءٌ أَحَبَّ إِلَىَّ مِنْ أَنْ يَذِلُّوا مِنْ أَهْلِ خِبَائِكَ وَمَا أَصْبَحَ الْيَوْمَ عَلَى ظَهْرِ الأَرْضِ خِبَاءٌ أَحَبَّ إِلَىَّ مِنْ أَنْ يَعِزُّوا مِنْ أَهْلِ خِبَائِكَ ‏.‏ فَقَالَ رَسُولُ اللَّهِ صلى الله عليه وسلم ‏\"‏ وَأَيْضًا وَالَّذِي نَفْسِي بِيَدِهِ ‏\"‏ ‏.‏ ثُمَّ قَالَتْ يَا رَسُولَ اللَّهِ إِنَّ أَبَا سُفْيَانَ رَجُلٌ مِسِّيكٌ فَهَلْ عَلَىَّ حَرَجٌ مِنْ أَنْ أُطْعِمَ مِنَ الَّذِي لَهُ عِيَالَنَا فَقَالَ لَهَا ‏\"‏ لاَ إِلاَّ بِالْمَعْرُوفِ ‏\"‏ ‏.‏",
        "ar_diacless": "حدثنا زهير بن حرب، حدثنا يعقوب بن إبراهيم، حدثنا ابن أخي الزهري، عن عمه، أخبرني عروة بن الزبير، أن عائشة، قالت جاءت هند بنت عتبة بن ربيعة فقالت يا رسول الله والله ما كان على ظهر الأرض خباء أحب إلى من أن يذلوا من أهل خبائك وما أصبح اليوم على ظهر الأرض خباء أحب إلى من أن يعزوا من أهل خبائك ‏.‏ فقال رسول الله صلى الله عليه وسلم ‏\"‏ وأيضا والذي نفسي بيده ‏\"‏ ‏.‏ ثم قالت يا رسول الله إن أبا سفيان رجل مسيك فهل على حرج من أن أطعم من الذي له عيالنا فقال لها ‏\"‏ لا إلا بالمعروف ‏\"‏ ‏.‏",
        "note": "",
        "grade_id": 2,
        "grade": "সহিহ হাদিস",
        "grade_color": "#46B891"
      }
    ]
  },
  {
    "id": 3807,
    "book_id": 2,
    "book_name": "muslim",
    "chapter_id": 31,
    "section_id": 5,
    "title": "বিনা প্রয়োজনে অধিক প্রশ্ন করা,  প্রাপ্য হক না দেয়া এবং অন্যায় কিছু চাওয়া নিষিদ্ধ",
    "preface": "",
    "number": "৫. অধ্যায়ঃ",
    "sort_order": 5,
    "hadiths": [
      {
        "id": 8342,
        "book_id": 2,
        "book_name": "সহিহ মুসলিম",
        "chapter_id": 31,
        "section_id": 5,
        "hadith_key": "সহিহ মুসলিম: ৪৩৭৩",
        "hadith_id": 4373,
        "narrator": "আবূ হুরাইরাহ্‌ (রাঃ)",
        "bn": "তিনি বলেন, রসূলুল্লাহ (সাল্লাল্লাহু ‘আলাইহি ওয়া সাল্লাম) বলেছেন, আল্লাহ তা’আলা তিনটি কাজ পছন্দ করেন এবং তিনটি কাজ অপছন্দ করেন। তোমাদের জন্য তিনি যা পছন্দ করেন, তা হলঃ ১. তোমরা তাঁরই ‘ইবাদাত করবে, ২. তাঁর সঙ্গে কিছুই শারীক করবেনা এবং ৩. তোমরা সম্মিলিতভাবে আল্লাহর রজ্জু মজবুতভাবে ধারণ করবে ও পরস্পর বিচ্ছিন্ন হবে না। আর যে সকল বিষয় তিনি তোমাদের জন্য অপছন্দ করেনঃ ১. নিরর্থক কথাবার্তা বলা, ২. অধিক প্রশ্ন করা এবং ৩. সম্পদ বিনষ্ট করা। (ই. ফা. ৪৩৩২, ই. সে. ৪৩৩৩)",
        "ar": "حَدَّثَنِي زُهَيْرُ بْنُ حَرْبٍ، حَدَّثَنَا جَرِيرٌ، عَنْ سُهَيْلٍ، عَنْ أَبِيهِ، عَنْ أَبِي هُرَيْرَةَ، قَالَ قَالَ رَسُولُ اللَّهِ صلى الله عليه وسلم ‏ \"‏ إِنَّ اللَّهَ يَرْضَى لَكُمْ ثَلاَثًا وَيَكْرَهُ لَكُمْ ثَلاَثًا فَيَرْضَى لَكُمْ أَنْ تَعْبُدُوهُ وَلاَ تُشْرِكُوا بِهِ شَيْئًا وَأَنْ تَعْتَصِمُوا بِحَبْلِ اللَّهِ جَمِيعًا وَلاَ تَفَرَّقُوا وَيَكْرَهُ لَكُمْ قِيلَ وَقَالَ وَكَثْرَةَ السُّؤَالِ وَإِضَاعَةَ الْمَالِ ‏\"‏ ‏.‏",
        "ar_diacless": "حدثني زهير بن حرب، حدثنا جرير، عن سهيل، عن أبيه، عن أبي هريرة، قال قال رسول الله صلى الله عليه وسلم ‏ \"‏ إن الله يرضى لكم ثلاثا ويكره لكم ثلاثا فيرضى لكم أن تعبدوه ولا تشركوا به شيئا وأن تعتصموا بحبل الله جميعا ولا تفرقوا ويكره لكم قيل وقال وكثرة السؤال وإضاعة المال ‏\"‏ ‏.‏",
        "note": "",
        "grade_id": 2,
        "grade": "সহিহ হাদিস",
        "grade_color": "#46B891"
      },
      {
        "id": 13563,
        "book_id": 2,
        "book_name": "সহিহ মুসলিম",
        "chapter_id": 31,
        "section_id": 5,
        "hadith_key": "সহিহ মুসলিম: ৪৩৭৪",
        "hadith_id": 4374,
        "narrator": "সুহায়ল (রহঃ)",
        "bn": "উক্ত সানাদে অনুরূপ হাদীস বর্ণনা করেছেন। কিন্তু তিনি বলেছেনঃ “এবং তিনি তোমাদের তিনটি কাজে রাগাম্বিত হন”। “এবং তোমরা পরস্পর বিচ্ছিন্ন হয়ো না” বাক্যটি তিনি উল্লেখ করেন নি। (ই. ফা. ৪৩৩৩, ই. সে. ৪৩৩৪)",
        "ar": "وَحَدَّثَنَا شَيْبَانُ بْنُ فَرُّوخَ، أَخْبَرَنَا أَبُو عَوَانَةَ، عَنْ سُهَيْلٍ، بِهَذَا الإِسْنَادِ ‏.‏ مِثْلَهُ غَيْرَ أَنَّهُ قَالَ وَيَسْخَطُ لَكُمْ ثَلاَثًا ‏.‏ وَلَمْ يَذْكُرْ وَلاَ تَفَرَّقُوا ‏.‏",
        "ar_diacless": "وحدثنا شيبان بن فروخ، أخبرنا أبو عوانة، عن سهيل، بهذا الإسناد ‏.‏ مثله غير أنه قال ويسخط لكم ثلاثا ‏.‏ ولم يذكر ولا تفرقوا ‏.‏",
        "note": "",
        "grade_id": 2,
        "grade": "সহিহ হাদিস",
        "grade_color": "#46B891"
      },
      {
        "id": 13564,
        "book_id": 2,
        "book_name": "সহিহ মুসলিম",
        "chapter_id": 31,
        "section_id": 5,
        "hadith_key": "সহিহ মুসলিম: ৪৩৭৫",
        "hadith_id": 4375,
        "narrator": "মুগীরাহ্ ইবনু শু’বাহ",
        "bn": "রসূলুল্লাহ (সাল্লাল্লাহু ‘আলাইহি ওয়া সাল্লাম) বলেছেনঃ নিশ্চয়ই আল্লাহ তা’আলা তোমাদের উপর হারাম করেছেন মায়েদের অবাধ্য হওয়া, জীবন্ত কন্যা সন্তানকে মাটিতে পুঁতে ফেলা এবং অন্যের হক আদায় না করা এবং না-হক কোন বস্তু প্রার্থনা করা। আর তিনটি বিষয় তিনি তোমাদের জন্য অপছন্দ করেন। তা হলঃ ১. নিরর্থক কথা-বার্তা বলা, ২. অধিক প্রশ্ন করা এবং ৩. সম্পদ বিনষ্ট করা। (ই. ফা. ৪৩৩৪, ই. সে. ৪৩৩৫)",
        "ar": "وَحَدَّثَنَا إِسْحَاقُ بْنُ إِبْرَاهِيمَ الْحَنْظَلِيُّ، أَخْبَرَنَا جَرِيرٌ، عَنْ مَنْصُورٍ، عَنِ الشَّعْبِيِّ، عَنْ وَرَّادٍ، مَوْلَى الْمُغِيرَةِ بْنِ شُعْبَةَ عَنِ الْمُغِيرَةِ بْنِ شُعْبَةَ، عَنْ رَسُولِ اللَّهِ صلى الله عليه وسلم قَالَ ‏ \"‏ إِنَّ اللَّهَ عَزَّ وَجَلَّ حَرَّمَ عَلَيْكُمْ عُقُوقَ الأُمَّهَاتِ وَوَأْدَ الْبَنَاتِ وَمَنْعًا وَهَاتِ وَكَرِهَ لَكُمْ ثَلاَثًا قِيلَ وَقَالَ وَكَثْرَةَ السُّؤَالِ وَإِضَاعَةَ الْمَالِ ‏\"‏ ‏.‏",
        "ar_diacless": "وحدثنا إسحاق بن إبراهيم الحنظلي، أخبرنا جرير، عن منصور، عن الشعبي، عن وراد، مولى المغيرة بن شعبة عن المغيرة بن شعبة، عن رسول الله صلى الله عليه وسلم قال ‏ \"‏ إن الله عز وجل حرم عليكم عقوق الأمهات ووأد البنات ومنعا وهات وكره لكم ثلاثا قيل وقال وكثرة السؤال وإضاعة المال ‏\"‏ ‏.‏",
        "note": "",
        "grade_id": 2,
        "grade": "সহিহ হাদিস",
        "grade_color": "#46B891"
      },
      {
        "id": 13565,
        "book_id": 2,
        "book_name": "সহিহ মুসলিম",
        "chapter_id": 31,
        "section_id": 5,
        "hadith_key": "সহিহ মুসলিম: ৪৩৭৬",
        "hadith_id": 4376,
        "narrator": "মানসূর (রহঃ) হতে উক্ত সূত্র",
        "bn": "অনুরূপ হাদীস বর্ণনা করেছেন। কিন্ত তিনি “নিশ্চয় আল্লাহ তোমাদের উপর হারাম করেছেন” স্থলে বলেছেন “রসূলুল্লাহ (সাল্লাল্লাহু ‘আলাইহি ওয়া সাল্লাম) তোমাদের উপর হারাম করেছেন। (ই. ফা. ৪৩৩৫, ই. সে. ৪৩৩৬)",
        "ar": "وَحَدَّثَنِي الْقَاسِمُ بْنُ زَكَرِيَّاءَ، حَدَّثَنَا عُبَيْدُ اللَّهِ بْنُ مُوسَى، عَنْ شَيْبَانَ، عَنْ مَنْصُورٍ، بِهَذَا الإِسْنَادِ ‏.‏ مِثْلَهُ ‏.‏ غَيْرَ أَنَّهُ قَالَ وَحَرَّمَ عَلَيْكُمْ رَسُولُ اللَّهِ صلى الله عليه وسلم ‏.‏ وَلَمْ يَقُلْ إِنَّ اللَّهَ حَرَّمَ عَلَيْكُمْ ‏.‏",
        "ar_diacless": "وحدثني القاسم بن زكرياء، حدثنا عبيد الله بن موسى، عن شيبان، عن منصور، بهذا الإسناد ‏.‏ مثله ‏.‏ غير أنه قال وحرم عليكم رسول الله صلى الله عليه وسلم ‏.‏ ولم يقل إن الله حرم عليكم ‏.‏",
        "note": "",
        "grade_id": 2,
        "grade": "সহিহ হাদিস",
        "grade_color": "#46B891"
      },
      {
        "id": 8343,
        "book_id": 2,
        "book_name": "সহিহ মুসলিম",
        "chapter_id": 31,
        "section_id": 5,
        "hadith_key": "সহিহ মুসলিম: ৪৩৭৭",
        "hadith_id": 4377,
        "narrator": "শা’বি (রহঃ)",
        "bn": "তিনি বলেন, মুগীরাহ্‌ ইবনু শু’বাহ্‌ (রাঃ)-এর লেখক আমাকে বলেছেন যে, মু’আবিয়াহ্‌ (রাঃ) মুগীরাহ্‌ (রাঃ)-এর কাছে পত্র লিখলেন, আপনি রসূলুল্লাহ (সাল্লাল্লাহু ‘আলাইহি ওয়া সাল্লাম) থেকে শুনেছেন, এমন কিছু বিষয় আমাকে লিখে অবহিত করুন। তখন তিনি তাঁকে লিখলেন, আমি রসূলুল্লাহ (সাল্লাল্লাহু ‘আলাইহি ওয়া সাল্লাম)-কে বলতে শুনেছি যে, নিশ্চয়ই আল্লাহ তা’আলা তোমাদের জন্য তিনটি কাজ অপছন্দ করেনঃ ১. অনর্থক কথা-বার্তা বলা, ২. সম্পদ বিনষ্ট করা এবং ৩. বেশী বেশী প্রশ্ন করা। (ই. ফা. ৪৩৩৬, ই. সে. ৪৩৩৭)",
        "ar": "حَدَّثَنَا أَبُو بَكْرِ بْنُ أَبِي شَيْبَةَ، حَدَّثَنَا إِسْمَاعِيلُ ابْنُ عُلَيَّةَ، عَنْ خَالِدٍ الْحَذَّاءِ، حَدَّثَنِي ابْنُ أَشْوَعَ، عَنِ الشَّعْبِيِّ، حَدَّثَنِي كَاتِبُ الْمُغِيرَةِ بْنِ شُعْبَةَ، قَالَ كَتَبَ مُعَاوِيَةُ إِلَى الْمُغِيرَةِ اكْتُبْ إِلَىَّ بِشَىْءٍ سَمِعْتَهُ مِنْ رَسُولِ اللَّهِ صلى الله عليه وسلم ‏.‏ فَكَتَبَ إِلَيْهِ أَنِّي سَمِعْتُ رَسُولَ اللَّهِ صلى الله عليه وسلم يَقُولُ ‏ \"‏ إِنَّ اللَّهَ كَرِهَ لَكُمْ ثَلاَثًا قِيلَ وَقَالَ وَإِضَاعَةَ الْمَالِ وَكَثْرَةَ السُّؤَالِ ‏\"‏ ‏.‏",
        "ar_diacless": "حدثنا أبو بكر بن أبي شيبة، حدثنا إسماعيل ابن علية، عن خالد الحذاء، حدثني ابن أشوع، عن الشعبي، حدثني كاتب المغيرة بن شعبة، قال كتب معاوية إلى المغيرة اكتب إلى بشىء سمعته من رسول الله صلى الله عليه وسلم ‏.‏ فكتب إليه أني سمعت رسول الله صلى الله عليه وسلم يقول ‏ \"‏ إن الله كره لكم ثلاثا قيل وقال وإضاعة المال وكثرة السؤال ‏\"‏ ‏.‏",
        "note": "",
        "grade_id": 2,
        "grade": "সহিহ হাদিস",
        "grade_color": "#46B891"
      },
      {
        "id": 8344,
        "book_id": 2,
        "book_name": "সহিহ মুসলিম",
        "chapter_id": 31,
        "section_id": 5,
        "hadith_key": "সহিহ মুসলিম: ৪৩৭৮",
        "hadith_id": 4378,
        "narrator": "ওয়ার্‌রাদ (রহঃ)",
        "bn": "তিনি বলেন, মুগীরাহ্‌ (রাঃ) মু’আবিয়াহ্‌ (রাঃ)-এর নিকট পত্র লিখলেনঃ “আপনার উপর শান্তি বর্ষিত হোক। অতঃপর আমি রসূলুল্লাহ (সাল্লাল্লাহু ‘আলাইহি ওয়া সাল্লাম)-কে বলতে শুনেছি যে, নিশ্চয় আল্লাহ তা’আলা তিনটি বিষয় হারাম করেছেন এবং তিনটি কাজ নিষিদ্ধ করেছেন। তিনি হারাম করেছেনঃ পিতা-মাতার নাফরমানী, জীবন্ত কন্যা সন্তানকে মাটিতে পুঁতে রাখা এবং পাওনাদারের হক আদায় না করা। আর তিনি তিনটি কাজ নিষিদ্ধ করেছেন, তা হলোঃ ১. অনর্থক কথাবার্তা বলা, ২. অতিরিক্ত প্রশ্ন করা এবং ৩. ধন-সম্পদ বিনষ্ট করা। (ই. ফা. ৪৩৩৭, ই. সে. ৪৩৩৮)",
        "ar": "حَدَّثَنَا ابْنُ أَبِي عُمَرَ، حَدَّثَنَا مَرْوَانُ بْنُ مُعَاوِيَةَ الْفَزَارِيُّ، عَنْ مُحَمَّدِ بْنِ سُوقَةَ، أَخْبَرَنَا مُحَمَّدُ بْنُ عُبَيْدِ اللَّهِ الثَّقَفِيُّ، عَنْ وَرَّادٍ، قَالَ كَتَبَ الْمُغِيرَةُ إِلَى مُعَاوِيَةَ سَلاَمٌ عَلَيْكَ أَمَّا بَعْدُ فَإِنِّي سَمِعْتُ رَسُولَ اللَّهِ صلى الله عليه وسلم يَقُولُ ‏ \"‏ إِنَّ اللَّهَ حَرَّمَ ثَلاَثًا وَنَهَى عَنْ ثَلاَثٍ حَرَّمَ عُقُوقَ الْوَالِدِ وَوَأْدَ الْبَنَاتِ وَلاَ وَهَاتِ ‏.‏ وَنَهَى عَنْ ثَلاَثٍ قِيلٍ وَقَالٍ وَكَثْرَةِ السُّؤَالِ وَإِضَاعَةِ الْمَالِ ‏\"‏ ‏.‏",
        "ar_diacless": "حدثنا ابن أبي عمر، حدثنا مروان بن معاوية الفزاري، عن محمد بن سوقة، أخبرنا محمد بن عبيد الله الثقفي، عن وراد، قال كتب المغيرة إلى معاوية سلام عليك أما بعد فإني سمعت رسول الله صلى الله عليه وسلم يقول ‏ \"‏ إن الله حرم ثلاثا ونهى عن ثلاث حرم عقوق الوالد ووأد البنات ولا وهات ‏.‏ ونهى عن ثلاث قيل وقال وكثرة السؤال وإضاعة المال ‏\"‏ ‏.‏",
        "note": "",
        "grade_id": 2,
        "grade": "সহিহ হাদিস",
        "grade_color": "#46B891"
      }
    ]
  },
  {
    "id": 3808,
    "book_id": 2,
    "book_name": "muslim",
    "chapter_id": 31,
    "section_id": 6,
    "title": "বিচারকের প্রতিদান, প্রচেষ্টার পর সে যথাযথ সমাধানে পৌঁছুক বা ভুল করুক",
    "preface": "",
    "number": "৬. অধ্যায়ঃ",
    "sort_order": 6,
    "hadiths": [
      {
        "id": 13561,
        "book_id": 2,
        "book_name": "সহিহ মুসলিম",
        "chapter_id": 31,
        "section_id": 6,
        "hadith_key": "সহিহ মুসলিম: ৪৩৭৯",
        "hadith_id": 4379,
        "narrator": "‘আমর ইবনু ‘আস (রাঃ)",
        "bn": "তিনি রসূলুল্লাহ (সাল্লাল্লাহু ‘আলাইহি ওয়া সাল্লাম)-কে বলতে শুনেছেন, যদি কোন বিচারক যথাযথ চিন্তা-গবেষণার পর সমাধান প্রদান করেন, অতঃপর তিনি সঠিক সিদ্ধান্তে পৌঁছেন, তার জন্য রয়েছে দ্বিগুন পুরস্কার। আর যদি তিনি চিন্তা-গবেষণা করে রায় প্রদান করেন তারপরও তিনি ভুল করেন, তবুও তার জন্য রয়েছে একটি পুরস্কার। [২৯] (ই.ফা. ৪৩৩৮, ই.সে. ৪৩৩৯)",
        "ar": "حَدَّثَنَا يَحْيَى بْنُ يَحْيَى التَّمِيمِيُّ، أَخْبَرَنَا عَبْدُ الْعَزِيزِ بْنُ مُحَمَّدٍ، عَنْ يَزِيدَ بْنِ عَبْدِ، اللَّهِ بْنِ أُسَامَةَ بْنِ الْهَادِ عَنْ مُحَمَّدِ بْنِ إِبْرَاهِيمَ، عَنْ بُسْرِ بْنِ سَعِيدٍ، عَنْ أَبِي قَيْسٍ، مَوْلَى عَمْرِو بْنِ الْعَاصِ عَنْ عَمْرِو بْنِ الْعَاصِ، أَنَّهُ سَمِعَ رَسُولَ اللَّهِ صلى الله عليه وسلم قَالَ ‏ \"‏ إِذَا حَكَمَ الْحَاكِمُ فَاجْتَهَدَ ثُمَّ أَصَابَ فَلَهُ أَجْرَانِ ‏.‏ وَإِذَا حَكَمَ فَاجْتَهَدَ ثُمَّ أَخْطَأَ فَلَهُ أَجْرٌ ‏\"‏ ‏.‏",
        "ar_diacless": "حدثنا يحيى بن يحيى التميمي، أخبرنا عبد العزيز بن محمد، عن يزيد بن عبد، الله بن أسامة بن الهاد عن محمد بن إبراهيم، عن بسر بن سعيد، عن أبي قيس، مولى عمرو بن العاص عن عمرو بن العاص، أنه سمع رسول الله صلى الله عليه وسلم قال ‏ \"‏ إذا حكم الحاكم فاجتهد ثم أصاب فله أجران ‏.‏ وإذا حكم فاجتهد ثم أخطأ فله أجر ‏\"‏ ‏.‏",
        "note": "[২৯] মুজতাহিদ ভুল করলেও সাওয়াব পাবেন, কারণ হলো তারা আল্লাহ তা’আলাকে সন্তুষ্ট করার জন্যই আল্লাহর দ্বীনের শ্রম-সাধনা করে যান। (সহীহ মুসলিম- মুখতাসারুল শারহে নাবাবী, আল্লামা ওয়াহীদুজ্জামান, ৪র্থ খন্ড, ৩৪৮ পৃষ্ঠা)",
        "grade_id": 2,
        "grade": "সহিহ হাদিস",
        "grade_color": "#46B891"
      },
      {
        "id": 13560,
        "book_id": 2,
        "book_name": "সহিহ মুসলিম",
        "chapter_id": 31,
        "section_id": 6,
        "hadith_key": "সহিহ মুসলিম: ৪৩৮০",
        "hadith_id": 4380,
        "narrator": "ইসহাক্ ইবনু ইব্রাহীম ও মুহাম্মাদ ইবনু আবূ ‘উমার (রহঃ) ‘আবদুল ‘আযীয ইবনু মুহাম্মাদ (রহঃ)-এর সূত্র",
        "bn": "উক্ত সানাদে অনুরূপ হাদীস বর্ণনা করেছেন এবং হাদীসের শেষাংশে অতিরিক্ত উল্লেখ করেছেন, রাবী ইযাযীদ বলেন, আমি হাদীসটি আবূ বকর ইবনু ‘আম্‌র ইবনু হায্ম (রহঃ)-এর কাছে বর্ণনা করলে তিনি বললেন যে, আমার কাছে আবূ হুরায়রা্ (রাঃ) থেকে আবূ সালমাহ্ (রহঃ)-এরূপ বলেছেন। (ই. ফা. ৪৩৩৯, ই. সে. ৪৩৪০)",
        "ar": "وَحَدَّثَنِي إِسْحَاقُ بْنُ إِبْرَاهِيمَ، وَمُحَمَّدُ بْنُ أَبِي عُمَرَ، كِلاَهُمَا عَنْ عَبْدِ الْعَزِيزِ بْنِ، مُحَمَّدٍ بِهَذَا الإِسْنَادِ مِثْلَهُ وَزَادَ فِي عَقِبِ الْحَدِيثِ قَالَ يَزِيدُ فَحَدَّثْتُ هَذَا الْحَدِيثَ أَبَا بَكْرِ بْنَ مُحَمَّدِ بْنِ عَمْرِو بْنِ حَزْمٍ فَقَالَ هَكَذَا حَدَّثَنِي أَبُو سَلَمَةَ عَنْ أَبِي هُرَيْرَةَ ‏.‏",
        "ar_diacless": "وحدثني إسحاق بن إبراهيم، ومحمد بن أبي عمر، كلاهما عن عبد العزيز بن، محمد بهذا الإسناد مثله وزاد في عقب الحديث قال يزيد فحدثت هذا الحديث أبا بكر بن محمد بن عمرو بن حزم فقال هكذا حدثني أبو سلمة عن أبي هريرة ‏.‏",
        "note": "",
        "grade_id": 2,
        "grade": "সহিহ হাদিস",
        "grade_color": "#46B891"
      },
      {
        "id": 13562,
        "book_id": 2,
        "book_name": "সহিহ মুসলিম",
        "chapter_id": 31,
        "section_id": 6,
        "hadith_key": "সহিহ মুসলিম: ৪৩৮১",
        "hadith_id": 4381,
        "narrator": "ইয়াযীদ ইবনু ‘আবদুল্লাহ (রহঃ)-এর সূত্র",
        "bn": "হাদীসটি উভয় সূত্রে ‘আবদুল ‘আযীয ইবনু মুহাম্মাদ (রহঃ)-এর বর্ণিত রিওয়ায়াতের অনুরূপ হাদীস বর্ণনা করেছেন। (ই. ফা. ৪৩৪০, ই. সে. ৪৩৪০)",
        "ar": "وَحَدَّثَنِي عَبْدُ اللَّهِ بْنُ عَبْدِ الرَّحْمَنِ الدَّارِمِيُّ، أَخْبَرَنَا مَرْوَانُ، - يَعْنِي ابْنَ مُحَمَّدٍ الدِّمَشْقِيَّ - حَدَّثَنَا اللَّيْثُ بْنُ سَعْدٍ، حَدَّثَنِي يَزِيدُ بْنُ عَبْدِ اللَّهِ بْنِ أُسَامَةَ بْنِ الْهَادِ اللَّيْثِيُّ، بِهَذَا الْحَدِيثِ مِثْلَ رِوَايَةِ عَبْدِ الْعَزِيزِ بْنِ مُحَمَّدٍ بِالإِسْنَادَيْنِ جَمِيعًا ‏.‏",
        "ar_diacless": "وحدثني عبد الله بن عبد الرحمن الدارمي، أخبرنا مروان، - يعني ابن محمد الدمشقي - حدثنا الليث بن سعد، حدثني يزيد بن عبد الله بن أسامة بن الهاد الليثي، بهذا الحديث مثل رواية عبد العزيز بن محمد بالإسنادين جميعا ‏.‏",
        "note": "",
        "grade_id": 2,
        "grade": "সহিহ হাদিস",
        "grade_color": "#46B891"
      }
    ]
  },
  {
    "id": 3809,
    "book_id": 2,
    "book_name": "muslim",
    "chapter_id": 31,
    "section_id": 7,
    "title": "রাগাম্বিত অবস্থায় বিচারকের বিচার করা নিন্দনীয়",
    "preface": "",
    "number": "৭. অধ্যায়ঃ",
    "sort_order": 7,
    "hadiths": [
      {
        "id": 8345,
        "book_id": 2,
        "book_name": "সহিহ মুসলিম",
        "chapter_id": 31,
        "section_id": 7,
        "hadith_key": "সহিহ মুসলিম: ৪৩৮২",
        "hadith_id": 4382,
        "narrator": "‘আবদুর রহমান ইবনু আবূ বাক্‌রাহ্‌ (রহঃ)",
        "bn": "তিনি বলেছেন, আমার পিতা আমাকে একটি পত্র লেখালেন। তখন আমি সিজিস্তানের বিচারক ‘আবদুল্লাহ ইবনু আবূ বাক্‌রাহ্‌ (রহঃ)-কে লিখলাম যে, আপনি রাগাম্বিত অবস্থায় দু’জনের মধ্যে বিচার ফায়সালা দেবেন না। কেননা আমি রসূলুল্লাহ (সাল্লাল্লাহু ‘আলাইহি ওয়া সাল্লাম)-কে বলতে শুনেছি যে, কোন বিচারক যেন রাগাম্বিত অবস্থায় দু’জনের মধ্যে বিচার না করেন। (ই. ফা. ৪৩৪১, ই. সে. ৪৩৪১)",
        "ar": "حَدَّثَنَا قُتَيْبَةُ بْنُ سَعِيدٍ، حَدَّثَنَا أَبُو عَوَانَةَ، عَنْ عَبْدِ الْمَلِكِ بْنِ عُمَيْرٍ، عَنْ عَبْدِ الرَّحْمَنِ، بْنِ أَبِي بَكْرَةَ ‏.‏ قَالَ كَتَبَ أَبِي - وَكَتَبْتُ لَهُ - إِلَى عُبَيْدِ اللَّهِ بْنِ أَبِي بَكْرَةَ وَهُوَ قَاضٍ بِسِجِسْتَانَ أَنْ لاَ، تَحْكُمَ بَيْنَ اثْنَيْنِ وَأَنْتَ غَضْبَانُ فَإِنِّي سَمِعْتُ رَسُولَ اللَّهِ صلى الله عليه وسلم يَقُولُ ‏ \"‏ لاَ يَحْكُمْ أَحَدٌ بَيْنَ اثْنَيْنِ وَهُوَ غَضْبَانُ ‏\"‏ ‏.‏",
        "ar_diacless": "حدثنا قتيبة بن سعيد، حدثنا أبو عوانة، عن عبد الملك بن عمير، عن عبد الرحمن، بن أبي بكرة ‏.‏ قال كتب أبي - وكتبت له - إلى عبيد الله بن أبي بكرة وهو قاض بسجستان أن لا، تحكم بين اثنين وأنت غضبان فإني سمعت رسول الله صلى الله عليه وسلم يقول ‏ \"‏ لا يحكم أحد بين اثنين وهو غضبان ‏\"‏ ‏.‏",
        "note": "",
        "grade_id": 2,
        "grade": "সহিহ হাদিস",
        "grade_color": "#46B891"
      },
      {
        "id": 13559,
        "book_id": 2,
        "book_name": "সহিহ মুসলিম",
        "chapter_id": 31,
        "section_id": 7,
        "hadith_key": "সহিহ মুসলিম: ৪৩৮৩",
        "hadith_id": 4383,
        "narrator": "আবূ বাকরাহ (রাঃ)-এর সূত্র",
        "bn": "নবী (সাল্লাল্লাহু ‘আলাইহি ওয়া সাল্লাম) থেকে আবূ ‘আওয়ানাহ্ (রহঃ)-এর হাদীসের অনুরূপ হাদীস বর্ণনা করেন। (ই. ফা. ৪৩৪২, ই. সে. ৪৩৪২)",
        "ar": "وَحَدَّثَنَاهُ يَحْيَى بْنُ يَحْيَى، أَخْبَرَنَا هُشَيْمٌ، ح وَحَدَّثَنَا شَيْبَانُ بْنُ فَرُّوخَ، حَدَّثَنَا حَمَّادُ بْنُ سَلَمَةَ، ح وَحَدَّثَنَا أَبُو بَكْرِ بْنُ أَبِي شَيْبَةَ، حَدَّثَنَا وَكِيعٌ، عَنْ سُفْيَانَ، ح وَحَدَّثَنَا مُحَمَّدُ، بْنُ الْمُثَنَّى حَدَّثَنَا مُحَمَّدُ بْنُ جَعْفَرٍ، ح وَحَدَّثَنَا عُبَيْدُ اللَّهِ بْنُ مُعَاذٍ، حَدَّثَنَا أَبِي كِلاَهُمَا، عَنْ شُعْبَةَ، ح وَحَدَّثَنَا أَبُو كُرَيْبٍ، حَدَّثَنَا حُسَيْنُ بْنُ عَلِيٍّ، عَنْ زَائِدَةَ، كُلُّ هَؤُلاَءِ عَنْ عَبْدِ الْمَلِكِ، بْنِ عُمَيْرٍ عَنْ عَبْدِ الرَّحْمَنِ بْنِ أَبِي بَكْرَةَ، عَنْ أَبِيهِ، عَنِ النَّبِيِّ صلى الله عليه وسلم ‏.‏ بِمِثْلِ حَدِيثِ أَبِي عَوَانَةَ ‏.‏",
        "ar_diacless": "وحدثناه يحيى بن يحيى، أخبرنا هشيم، ح وحدثنا شيبان بن فروخ، حدثنا حماد بن سلمة، ح وحدثنا أبو بكر بن أبي شيبة، حدثنا وكيع، عن سفيان، ح وحدثنا محمد، بن المثنى حدثنا محمد بن جعفر، ح وحدثنا عبيد الله بن معاذ، حدثنا أبي كلاهما، عن شعبة، ح وحدثنا أبو كريب، حدثنا حسين بن علي، عن زائدة، كل هؤلاء عن عبد الملك، بن عمير عن عبد الرحمن بن أبي بكرة، عن أبيه، عن النبي صلى الله عليه وسلم ‏.‏ بمثل حديث أبي عوانة ‏.‏",
        "note": "",
        "grade_id": 2,
        "grade": "সহিহ হাদিস",
        "grade_color": "#46B891"
      }
    ]
  },
  {
    "id": 3810,
    "book_id": 2,
    "book_name": "muslim",
    "chapter_id": 31,
    "section_id": 8,
    "title": "বাতিল সিদ্ধান্ত খন্ডন ও বিদ’আতী কার্যকলাপ পরিত্যাগ",
    "preface": "",
    "number": "৮. অধ্যায়ঃ",
    "sort_order": 8,
    "hadiths": [
      {
        "id": 8346,
        "book_id": 2,
        "book_name": "সহিহ মুসলিম",
        "chapter_id": 31,
        "section_id": 8,
        "hadith_key": "সহিহ মুসলিম: ৪৩৮৪",
        "hadith_id": 4384,
        "narrator": "‘আয়িশাহ্‌ (রাঃ)",
        "bn": "তিনি বলেন, রসূলুল্লাহ (সাল্লাল্লাহু ‘আলাইহি ওয়া সাল্লাম) বলেছেনঃ যে ব্যক্তি আমাদের ধর্মীয় কাজের বিষয়ে এমন বিষয় উদ্ভাবন করে যা তাতে নেই (দলীলবিহীন), তা পরিত্যাজ্য। (ই. ফা. ৪৩৪৩, ই. সে. ৪৩৪৩)",
        "ar": "حَدَّثَنَا أَبُو جَعْفَرٍ، مُحَمَّدُ بْنُ الصَّبَّاحِ وَعَبْدُ اللَّهِ بْنُ عَوْنٍ الْهِلاَلِيُّ جَمِيعًا عَنْ إِبْرَاهِيمَ، بْنِ سَعْدٍ قَالَ ابْنُ الصَّبَّاحِ حَدَّثَنَا إِبْرَاهِيمُ بْنُ سَعْدِ بْنِ إِبْرَاهِيمَ بْنِ عَبْدِ الرَّحْمَنِ بْنِ عَوْفٍ، حَدَّثَنَا أَبِي، عَنِ الْقَاسِمِ بْنِ مُحَمَّدٍ، عَنْ عَائِشَةَ، قَالَتْ قَالَ رَسُولُ اللَّهِ صلى الله عليه وسلم ‏ \"‏ مَنْ أَحْدَثَ فِي أَمْرِنَا هَذَا مَا لَيْسَ مِنْهُ فَهُوَ رَدٌّ ‏\"‏ ‏.‏",
        "ar_diacless": "حدثنا أبو جعفر، محمد بن الصباح وعبد الله بن عون الهلالي جميعا عن إبراهيم، بن سعد قال ابن الصباح حدثنا إبراهيم بن سعد بن إبراهيم بن عبد الرحمن بن عوف، حدثنا أبي، عن القاسم بن محمد، عن عائشة، قالت قال رسول الله صلى الله عليه وسلم ‏ \"‏ من أحدث في أمرنا هذا ما ليس منه فهو رد ‏\"‏ ‏.‏",
        "note": "",
        "grade_id": 2,
        "grade": "সহিহ হাদিস",
        "grade_color": "#46B891"
      },
      {
        "id": 8347,
        "book_id": 2,
        "book_name": "সহিহ মুসলিম",
        "chapter_id": 31,
        "section_id": 8,
        "hadith_key": "সহিহ মুসলিম: ৪৩৮৫",
        "hadith_id": 4385,
        "narrator": "সা’দ ইবনু ইব্‌রাহীম (রহঃ)",
        "bn": "তিনি বলেন, আমি কাসিম ইবনু মুহাম্মাদ (রহঃ)-কে এক ব্যক্তি সম্পর্কে জিজ্ঞেস করলাম, যার তিনটি বাসস্থান ছিল। অতঃপর সে (মৃত্যুকালে) প্রত্যেক বাসস্থানের এক তৃতীয়াংশ দান করার ওয়াসিয়্যাত করে যায়। কাসিম বললেন, এ সকল অংশকে এক বাসস্থান একত্রিত করা হবে। এরপর তিনি বললেন, আমাকে ‘আয়িশা (রাঃ) বলেছেন যে, রসূলুল্লাহ (সাল্লাল্লাহু ‘আলাইহি ওয়া সাল্লাম) বলেছেনঃ যে ব্যক্তি এমন কোন কর্ম করলো যাতে আমাদের নির্দেশনা নেই, তা প্রত্যাখ্যাত হবে। (ই. ফা. ৪৩৪৪, ই. সে. ৪৩৪৪)",
        "ar": "وَحَدَّثَنَا إِسْحَاقُ بْنُ إِبْرَاهِيمَ، وَعَبْدُ بْنُ حُمَيْدٍ، جَمِيعًا عَنْ أَبِي عَامِرٍ، قَالَ عَبْدٌ حَدَّثَنَا عَبْدُ الْمَلِكِ بْنُ عَمْرٍو، حَدَّثَنَا عَبْدُ اللَّهِ بْنُ جَعْفَرٍ الزُّهْرِيُّ، عَنْ سَعْدِ بْنِ إِبْرَاهِيمَ، قَالَ سَأَلْتُ الْقَاسِمَ بْنَ مُحَمَّدٍ عَنْ رَجُلٍ، لَهُ ثَلاَثَةُ مَسَاكِنَ فَأَوْصَى بِثُلُثِ كُلِّ مَسْكَنٍ مِنْهَا قَالَ يُجْمَعُ ذَلِكَ كُلُّهُ فِي مَسْكَنٍ وَاحِدٍ ثُمَّ قَالَ أَخْبَرَتْنِي عَائِشَةُ أَنَّ رَسُولَ اللَّهِ صلى الله عليه وسلم قَالَ ‏ \"‏ مَنْ عَمِلَ عَمَلاً لَيْسَ عَلَيْهِ أَمْرُنَا فَهُوَ رَدٌّ ‏\"‏ ‏.‏",
        "ar_diacless": "وحدثنا إسحاق بن إبراهيم، وعبد بن حميد، جميعا عن أبي عامر، قال عبد حدثنا عبد الملك بن عمرو، حدثنا عبد الله بن جعفر الزهري، عن سعد بن إبراهيم، قال سألت القاسم بن محمد عن رجل، له ثلاثة مساكن فأوصى بثلث كل مسكن منها قال يجمع ذلك كله في مسكن واحد ثم قال أخبرتني عائشة أن رسول الله صلى الله عليه وسلم قال ‏ \"‏ من عمل عملا ليس عليه أمرنا فهو رد ‏\"‏ ‏.‏",
        "note": "",
        "grade_id": 2,
        "grade": "সহিহ হাদিস",
        "grade_color": "#46B891"
      }
    ]
  },
  {
    "id": 3811,
    "book_id": 2,
    "book_name": "muslim",
    "chapter_id": 31,
    "section_id": 9,
    "title": "সঠিক সাক্ষীগণের বর্ণনা",
    "preface": "",
    "number": "৯. অধ্যায়ঃ",
    "sort_order": 9,
    "hadiths": [
      {
        "id": 13558,
        "book_id": 2,
        "book_name": "সহিহ মুসলিম",
        "chapter_id": 31,
        "section_id": 9,
        "hadith_key": "সহিহ মুসলিম: ৪৩৮৬",
        "hadith_id": 4386,
        "narrator": "যায়দ ইবনু খালিদ জুহানী (রাঃ)",
        "bn": "নবী (সাল্লাল্লাহু ‘আলাইহি ওয়া সাল্লাম) বলেনঃ তোমাদের কি আমি উত্তম সাক্ষীদের সম্পর্কে জানাবো না? উত্তম সাক্ষী হল সে ব্যক্তি, যে সাক্ষ্য প্রদান করে, তাকে সাক্ষ্যের জন্য আহবানের আগেই। (ই. ফা. ৪৩৪৫, ই. সে. ৪৩৪৫)",
        "ar": "وَحَدَّثَنَا يَحْيَى بْنُ يَحْيَى، قَالَ قَرَأْتُ عَلَى مَالِكٍ عَنْ عَبْدِ اللَّهِ بْنِ أَبِي بَكْرٍ، عَنْ أَبِيهِ، عَنْ عَبْدِ اللَّهِ بْنِ عَمْرِو بْنِ عُثْمَانَ، عَنِ ابْنِ أَبِي عَمْرَةَ الأَنْصَارِيِّ، عَنْ زَيْدِ بْنِ خَالِدٍ، الْجُهَنِيِّ أَنَّ النَّبِيَّ صلى الله عليه وسلم قَالَ ‏ \"‏ أَلاَ أُخْبِرُكُمْ بِخَيْرِ الشُّهَدَاءِ الَّذِي يَأْتِي بِشَهَادَتِهِ قَبْلَ أَنْ يُسْأَلَهَا ‏\"‏ ‏.‏",
        "ar_diacless": "وحدثنا يحيى بن يحيى، قال قرأت على مالك عن عبد الله بن أبي بكر، عن أبيه، عن عبد الله بن عمرو بن عثمان، عن ابن أبي عمرة الأنصاري، عن زيد بن خالد، الجهني أن النبي صلى الله عليه وسلم قال ‏ \"‏ ألا أخبركم بخير الشهداء الذي يأتي بشهادته قبل أن يسألها ‏\"‏ ‏.‏",
        "note": "",
        "grade_id": 2,
        "grade": "সহিহ হাদিস",
        "grade_color": "#46B891"
      }
    ]
  }
]