[
  {
    "id": 4241,
    "book_id": 2,
    "book_name": "muslim",
    "chapter_id": 24,
    "section_id": 1,
    "title": "অংশীদারদের নির্ধারিত অংশ তাদেরকে দিয়ে দাও, তারপর যা থাকবে তা নিকটতম পুরুষদের (আসাবা)",
    "preface": "",
    "number": "১. অধায়ঃ",
    "sort_order": 1,
    "hadiths": [
      {
        "id": 9895,
        "book_id": 2,
        "book_name": "সহিহ মুসলিম",
        "chapter_id": 24,
        "section_id": 1,
        "hadith_key": "সহিহ মুসলিম: ৪০৩২",
        "hadith_id": 4032,
        "narrator": "উসামাহ্ ইবনু যায়দ (রাঃ)",
        "bn": "নবী (সাল্লাল্লাহু ‘আলাইহি ওয়া সাল্লাম) বলেছেনঃ মুসলিম ব্যক্তি কাফিরের ওয়ারিস হবে না এবং কাফিরও কোন মুসলিমের ওয়ারিস হবে না। (ই.ফা. ৫ম খণ্ড-৩৯৯৫, ই.সে. ৩৯৯৪)",
        "ar": "حَدَّثَنَا يَحْيَى بْنُ يَحْيَى، وَأَبُو بَكْرِ بْنُ أَبِي شَيْبَةَ وَإِسْحَاقُ بْنُ إِبْرَاهِيمَ - وَاللَّفْظُ لِيَحْيَى - قَالَ يَحْيَى أَخْبَرَنَا وَقَالَ الآخَرَانِ، حَدَّثَنَا ابْنُ عُيَيْنَةَ، عَنِ الزُّهْرِيِّ، عَنْ عَلِيِّ بْنِ، حُسَيْنٍ عَنْ عَمْرِو بْنِ عُثْمَانَ، عَنْ أُسَامَةَ بْنِ زَيْدٍ، أَنَّ النَّبِيَّ صلى الله عليه وسلم قَالَ ‏ \"‏ لاَ يَرِثُ الْمُسْلِمُ الْكَافِرَ وَلاَ يَرِثُ الْكَافِرُ الْمُسْلِمَ ‏\"‏ ‏.‏",
        "ar_diacless": "حدثنا يحيى بن يحيى، وأبو بكر بن أبي شيبة وإسحاق بن إبراهيم - واللفظ ليحيى - قال يحيى أخبرنا وقال الآخران، حدثنا ابن عيينة، عن الزهري، عن علي بن، حسين عن عمرو بن عثمان، عن أسامة بن زيد، أن النبي صلى الله عليه وسلم قال ‏ \"‏ لا يرث المسلم الكافر ولا يرث الكافر المسلم ‏\"‏ ‏.‏",
        "note": "",
        "grade_id": 2,
        "grade": "সহিহ হাদিস",
        "grade_color": "#46B891"
      },
      {
        "id": 9489,
        "book_id": 2,
        "book_name": "সহিহ মুসলিম",
        "chapter_id": 24,
        "section_id": 1,
        "hadith_key": "সহিহ মুসলিম: ৪০৩৩",
        "hadith_id": 4033,
        "narrator": "ইবনু ‘আব্বাস (রাঃ)",
        "bn": "তিনি বলেন, রসূলুল্লাহ (সাল্লাল্লাহু ‘আলাইহি ওয়া সাল্লাম) বলেছেনঃ অংশীদারদের নির্ধারিত প্রাপ্য অংশ দিয়ে দাও। অতঃপর যা অবশিষ্ট থাকে তা (আসাবা হিসেবে) নিকটতম পুরুষ লোকের প্রাপ্য। (ই.ফা. ৩৯৯৬, ই.সে. ৩৯৯৫)",
        "ar": "حَدَّثَنَا عَبْدُ الأَعْلَى بْنُ حَمَّادٍ، - وَهُوَ النَّرْسِيُّ - حَدَّثَنَا وُهَيْبٌ، عَنِ ابْنِ طَاوُسٍ، عَنْ أَبِيهِ، عَنِ ابْنِ عَبَّاسٍ، قَالَ قَالَ رَسُولُ اللَّهِ صلى الله عليه وسلم ‏ \"‏ أَلْحِقُوا الْفَرَائِضَ بِأَهْلِهَا فَمَا بَقِيَ فَهُوَ لأَوْلَى رَجُلٍ ذَكَرٍ ‏\"‏ ‏.‏",
        "ar_diacless": "حدثنا عبد الأعلى بن حماد، - وهو النرسي - حدثنا وهيب، عن ابن طاوس، عن أبيه، عن ابن عباس، قال قال رسول الله صلى الله عليه وسلم ‏ \"‏ ألحقوا الفرائض بأهلها فما بقي فهو لأولى رجل ذكر ‏\"‏ ‏.‏",
        "note": "",
        "grade_id": 2,
        "grade": "সহিহ হাদিস",
        "grade_color": "#46B891"
      },
      {
        "id": 9490,
        "book_id": 2,
        "book_name": "সহিহ মুসলিম",
        "chapter_id": 24,
        "section_id": 1,
        "hadith_key": "সহিহ মুসলিম: ৪০৩৪",
        "hadith_id": 4034,
        "narrator": "ইবনু ‘আব্বাস (রাঃ)",
        "bn": "রসূলুল্লাহ (সাল্লাল্লাহু ‘আলাইহি ওয়া সাল্লাম) বলেছেনঃ অংশীদারদের নির্ধারিত অংশ প্রদান কর। তাপর যে অংশ অবশিষ্ট থাকবে তা নিকটতম পুরুষের প্রাপ্য। (ই.ফা. ৩৯৯৭, ই.সে. ৩৯৯৬)",
        "ar": "حَدَّثَنَا أُمَيَّةُ بْنُ بِسْطَامَ الْعَيْشِيُّ، حَدَّثَنَا يَزِيدُ بْنُ زُرَيْعٍ، حَدَّثَنَا رَوْحُ بْنُ الْقَاسِمِ، عَنْ عَبْدِ اللَّهِ بْنِ طَاوُسٍ، عَنْ أَبِيهِ، عَنِ ابْنِ عَبَّاسٍ، عَنْ رَسُولِ اللَّهِ صلى الله عليه وسلم قَالَ ‏ \"‏ أَلْحِقُوا الْفَرَائِضَ بِأَهْلِهَا فَمَا تَرَكَتِ الْفَرَائِضُ فَلأَوْلَى رَجُلٍ ذَكَرٍ ‏\"‏ ‏.‏",
        "ar_diacless": "حدثنا أمية بن بسطام العيشي، حدثنا يزيد بن زريع، حدثنا روح بن القاسم، عن عبد الله بن طاوس، عن أبيه، عن ابن عباس، عن رسول الله صلى الله عليه وسلم قال ‏ \"‏ ألحقوا الفرائض بأهلها فما تركت الفرائض فلأولى رجل ذكر ‏\"‏ ‏.‏",
        "note": "",
        "grade_id": 2,
        "grade": "সহিহ হাদিস",
        "grade_color": "#46B891"
      },
      {
        "id": 9491,
        "book_id": 2,
        "book_name": "সহিহ মুসলিম",
        "chapter_id": 24,
        "section_id": 1,
        "hadith_key": "সহিহ মুসলিম: ৪০৩৫",
        "hadith_id": 4035,
        "narrator": "ইবনু ‘আব্বাস (রাঃ)",
        "bn": "তিনি বলেন, রসূলুল্লাহ (সাল্লাল্লাহু ‘আলাইহি ওয়া সাল্লাম) বলেছেনঃ সম্পদ অংশীদারদের মধ্যে আল্লাহর কিতাবের ফায়সালা অনুযায়ী বণ্টন কর। তারপর যে অংশ অবশিষ্ট থাকে তা নিকতম পুরুষের প্রাপ্য। (ই.ফা. ৩৯৯৮, ই.সে. ৩৯৯৭)",
        "ar": "حَدَّثَنَا إِسْحَاقُ بْنُ إِبْرَاهِيمَ، وَمُحَمَّدُ بْنُ رَافِعٍ، وَعَبْدُ بْنُ حُمَيْدٍ، - وَاللَّفْظُ لاِبْنِ رَافِعٍ - قَالَ إِسْحَاقُ حَدَّثَنَا وَقَالَ الآخَرَانِ، أَخْبَرَنَا عَبْدُ الرَّزَّاقِ، أَخْبَرَنَا مَعْمَرٌ، عَنِ ابْنِ طَاوُسٍ، عَنْ أَبِيهِ، عَنِ ابْنِ عَبَّاسٍ، قَالَ قَالَ رَسُولُ اللَّهِ صلى الله عليه وسلم ‏ \"‏ اقْسِمُوا الْمَالَ بَيْنَ أَهْلِ الْفَرَائِضِ عَلَى كِتَابِ اللَّهِ فَمَا تَرَكَتِ الْفَرَائِضُ فَلأَوْلَى رَجُلٍ ذَكَرٍ ‏\"‏ ‏.‏",
        "ar_diacless": "حدثنا إسحاق بن إبراهيم، ومحمد بن رافع، وعبد بن حميد، - واللفظ لابن رافع - قال إسحاق حدثنا وقال الآخران، أخبرنا عبد الرزاق، أخبرنا معمر، عن ابن طاوس، عن أبيه، عن ابن عباس، قال قال رسول الله صلى الله عليه وسلم ‏ \"‏ اقسموا المال بين أهل الفرائض على كتاب الله فما تركت الفرائض فلأولى رجل ذكر ‏\"‏ ‏.‏",
        "note": "",
        "grade_id": 2,
        "grade": "সহিহ হাদিস",
        "grade_color": "#46B891"
      },
      {
        "id": 9896,
        "book_id": 2,
        "book_name": "সহিহ মুসলিম",
        "chapter_id": 24,
        "section_id": 1,
        "hadith_key": "সহিহ মুসলিম: ৪০৩৬",
        "hadith_id": 4036,
        "narrator": "ইবনু তাউস (রহঃ)- এর সূত",
        "bn": "ইবনু তাউস (রহঃ)- এর সূত্রে উপর্যুক্ত হাদীস, ওয়াহয়ব ও রাওহ্ ইবনু কাসিমের হাদীসের অনুরূপ বর্ণনা করেন। (ই.ফা. ৩৯৯৯, ই.সে. ৩৯৯৮)",
        "ar": "وَحَدَّثَنِيهِ مُحَمَّدُ بْنُ الْعَلاَءِ أَبُو كُرَيْبٍ الْهَمْدَانِيُّ، حَدَّثَنَا زَيْدُ بْنُ حُبَابٍ، عَنْ يَحْيَى، بْنِ أَيُّوبَ عَنِ ابْنِ طَاوُسٍ، بِهَذَا الإِسْنَادِ ‏.‏ نَحْوَ حَدِيثِ وُهَيْبٍ وَرَوْحِ بْنِ الْقَاسِمِ ‏.‏",
        "ar_diacless": "وحدثنيه محمد بن العلاء أبو كريب الهمداني، حدثنا زيد بن حباب، عن يحيى، بن أيوب عن ابن طاوس، بهذا الإسناد ‏.‏ نحو حديث وهيب وروح بن القاسم ‏.‏",
        "note": "",
        "grade_id": 2,
        "grade": "সহিহ হাদিস",
        "grade_color": "#46B891"
      }
    ]
  },
  {
    "id": 4242,
    "book_id": 2,
    "book_name": "muslim",
    "chapter_id": 24,
    "section_id": 2,
    "title": "কালালার [২০] উত্তরাধিকার সংক্রান্ত",
    "preface": "[২০] সন্তান ও পিতৃমাতৃহীন অবস্থায় মারা গেলে তাকে ‘কালালাহ্‌’ বলা হয়।",
    "number": "২. অধ্যায়ঃ",
    "sort_order": 2,
    "hadiths": [
      {
        "id": 9493,
        "book_id": 2,
        "book_name": "সহিহ মুসলিম",
        "chapter_id": 24,
        "section_id": 2,
        "hadith_key": "সহিহ মুসলিম: ৪০৩৭",
        "hadith_id": 4037,
        "narrator": "জাবির ইবনু ‘আব্দুল্লাহ (রাঃ)",
        "bn": "তিনি বলেন, আমি একবার অসুস্থ হয়ে পড়ি। রসূলুল্লাহ (সাল্লাল্লাহু ‘আলাইহি ওয়া সাল্লাম) ও আবূ বকর (রাঃ) পায়ে হেঁটে আমাকে দেখতে আসেন। আমি অজ্ঞান হয়ে পড়ি। রসূলুল্লাহ (সাল্লাল্লাহু ‘আলাইহি ওয়া সাল্লাম) ওযূ করেন এবং ওযূর অবশিষ্ট পানি আমার উপর ছিটিয়ে দেন। আমি জ্ঞান ফিরে পেলাম, আর বললাম, হে আল্লাহর ‘রসূল! আমি আমার সম্পদ কিরূপে বণ্টন করবো? তিনি আমাকে কোন উত্তর দেননি, মীরাস সংক্রান্ত আয়াত (অর্থাৎ “লোকে আপনার নিকট ব্যবস্থা জানতে চায়, বলুন, পিতামাতাহীন নিঃসন্তান ব্যক্তি সম্বন্ধে তোমাদেরকে আল্লাহ জানাচ্ছেন...”-(সূরা আন্‌ নিসা ৪:১৭৬) নাযিল হওয়ার পূর্ব পর্যন্ত। (ই.ফা. ৪০০০, ই.সে. ৩৯৯৯)",
        "ar": "حَدَّثَنَا عَمْرُو بْنُ مُحَمَّدِ بْنِ بُكَيْرٍ النَّاقِدُ، حَدَّثَنَا سُفْيَانُ بْنُ عُيَيْنَةَ، عَنْ مُحَمَّدِ بْنِ، الْمُنْكَدِرِ سَمِعَ جَابِرَ بْنَ عَبْدِ اللَّهِ، قَالَ مَرِضْتُ فَأَتَانِي رَسُولُ اللَّهِ صلى الله عليه وسلم وَأَبُو بَكْرٍ يَعُودَانِي مَاشِيَيْنِ فَأُغْمِيَ عَلَىَّ فَتَوَضَّأَ ثُمَّ صَبَّ عَلَىَّ مِنْ وَضُوئِهِ فَأَفَقْتُ قُلْتُ يَا رَسُولَ اللَّهِ كَيْفَ أَقْضِي فِي مَالِي فَلَمْ يَرُدَّ عَلَىَّ شَيْئًا حَتَّى نَزَلَتْ آيَةُ الْمِيرَاثِ ‏{‏ يَسْتَفْتُونَكَ قُلِ اللَّهُ يُفْتِيكُمْ فِي الْكَلاَلَةِ‏}‏",
        "ar_diacless": "حدثنا عمرو بن محمد بن بكير الناقد، حدثنا سفيان بن عيينة، عن محمد بن، المنكدر سمع جابر بن عبد الله، قال مرضت فأتاني رسول الله صلى الله عليه وسلم وأبو بكر يعوداني ماشيين فأغمي على فتوضأ ثم صب على من وضوئه فأفقت قلت يا رسول الله كيف أقضي في مالي فلم يرد على شيئا حتى نزلت آية الميراث ‏{‏ يستفتونك قل الله يفتيكم في الكلالة‏}‏",
        "note": "",
        "grade_id": 2,
        "grade": "সহিহ হাদিস",
        "grade_color": "#46B891"
      },
      {
        "id": 9492,
        "book_id": 2,
        "book_name": "সহিহ মুসলিম",
        "chapter_id": 24,
        "section_id": 2,
        "hadith_key": "সহিহ মুসলিম: ৪০৩৮",
        "hadith_id": 4038,
        "narrator": "জাবির ইবনু ‘আবদুল্লাহ (রাঃ)",
        "bn": "তিনি বলেন, নবী (সাল্লাল্লাহু ‘আলাইহি ওয়া সাল্লাম)  ও আবু বকর (রাঃ) পায়ে হেঁটে বানু সালামায় আমাকে দেখতে আসেন। তারা আমাকে অজ্ঞান অবস্থায় পান। রাসুল্লাহ (সাল্লাল্লাহু ‘আলাইহি ওয়া সাল্লাম) পানি আনতে বলেন। এরপর তিনি ওযূ করেন, তারপর তা থেকে কিছু পানি আমার উপর ছিটিয়ে দেন। আমি জ্ঞান ফিরে পেলাম, আর বললাম, হে আল্লাহ্‌র রসুল ! আমি আমার সম্পদ কিভাবে বন্টন করবো? তখন এ আয়াত নাযিল হয় – “ আল্লাহ তোমাদের সন্তানাদি সম্বন্ধে নির্দেশ দিচ্ছেন, এক পুত্রের অংশ দু’কন্যার অংশের সমান...............“- ( সূরা আন নিসা ৪:১১)। ( ই.ফা ৪০০১, ই.সে ৪০০০ )",
        "ar": "حَدَّثَنِي مُحَمَّدُ بْنُ حَاتِمِ بْنِ مَيْمُونٍ، حَدَّثَنَا حَجَّاجُ بْنُ مُحَمَّدٍ، حَدَّثَنَا ابْنُ جُرَيْجٍ، قَالَ أَخْبَرَنِي ابْنُ الْمُنْكَدِرِ، عَنْ جَابِرِ بْنِ عَبْدِ اللَّهِ، قَالَ عَادَنِي النَّبِيُّ صلى الله عليه وسلم وَأَبُو بَكْرٍ فِي بَنِي سَلَمَةَ يَمْشِيَانِ فَوَجَدَنِي لاَ أَعْقِلُ فَدَعَا بِمَاءٍ فَتَوَضَّأَ ثُمَّ رَشَّ عَلَىَّ مِنْهُ فَأَفَقْتُ فَقُلْتُ كَيْفَ أَصْنَعُ فِي مَالِي يَا رَسُولَ اللَّهِ فَنَزَلَتْ ‏{‏يُوصِيكُمُ اللَّهُ فِي أَوْلاَدِكُمْ لِلذَّكَرِ مِثْلُ حَظِّ الأُنْثَيَيْنِ‏}‏",
        "ar_diacless": "حدثني محمد بن حاتم بن ميمون، حدثنا حجاج بن محمد، حدثنا ابن جريج، قال أخبرني ابن المنكدر، عن جابر بن عبد الله، قال عادني النبي صلى الله عليه وسلم وأبو بكر في بني سلمة يمشيان فوجدني لا أعقل فدعا بماء فتوضأ ثم رش على منه فأفقت فقلت كيف أصنع في مالي يا رسول الله فنزلت ‏{‏يوصيكم الله في أولادكم للذكر مثل حظ الأنثيين‏}‏",
        "note": "",
        "grade_id": 2,
        "grade": "সহিহ হাদিস",
        "grade_color": "#46B891"
      },
      {
        "id": 9494,
        "book_id": 2,
        "book_name": "সহিহ মুসলিম",
        "chapter_id": 24,
        "section_id": 2,
        "hadith_key": "সহিহ মুসলিম: ৪০৩৯",
        "hadith_id": 4039,
        "narrator": "জাবির ইবনু ‘আব্দুল্লাহ (রাঃ)",
        "bn": "তিনি বলেন, আমাকে রসূলুল্লাহ (সাল্লাল্লাহু ‘আলাইহি ওয়া সাল্লাম) দেখতে আসেন। আমি রোগাক্রান্ত ছিলাম। তাঁর সঙ্গে ছিলেন আবূ বকর (রাঃ)। তাঁরা উভয়েই পায়ে হেঁটে আসেন। তিনি এসে আমাকে অজ্ঞান অবস্থায় দেখতে পান। এরপর রসূলুল্লাহ (সাল্লাল্লাহু ‘আলাইহি ওয়া সাল্লাম) ওযূ করেন এবং অবশিষ্ট পানির কিছু আমার উপর ছিটেয়ে দেন। আমি জ্ঞান ফিরে পেয়ে রসূলুল্লাহ (সাল্লাল্লাহু ‘আলাইহি ওয়া সাল্লাম)- কে দেখতে পেলাম। আমি বললাম, হে আল্লাহর রসূল (সাল্লাল্লাহু ‘আলাইহি ওয়া সাল্লাম)! আমি আমার সম্পদ কিভাবে বণ্টন করবো? আমাকে তিনি কোন উত্তর দিলেন না, যতক্ষণ না মীরাসের আয়াত নাযিল হয়। (ই.ফা. ৪০০২, ই.সে. ৪০০১)",
        "ar": "حَدَّثَنَا عُبَيْدُ اللَّهِ بْنُ عُمَرَ الْقَوَارِيرِيُّ، حَدَّثَنَا عَبْدُ الرَّحْمَنِ، - يَعْنِي ابْنَ مَهْدِيٍّ - حَدَّثَنَا سُفْيَانُ، قَالَ سَمِعْتُ مُحَمَّدَ بْنَ الْمُنْكَدِرِ، قَالَ سَمِعْتُ جَابِرَ بْنَ عَبْدِ اللَّهِ، يَقُولُ عَادَنِي رَسُولُ اللَّهِ صلى الله عليه وسلم وَأَنَا مَرِيضٌ وَمَعَهُ أَبُو بَكْرٍ مَاشِيَيْنِ فَوَجَدَنِي قَدْ أُغْمِيَ عَلَىَّ فَتَوَضَّأَ رَسُولُ اللَّهِ صلى الله عليه وسلم ثُمَّ صَبَّ عَلَىَّ مِنْ وَضُوئِهِ فَأَفَقْتُ فَإِذَا رَسُولُ اللَّهِ صلى الله عليه وسلم فَقُلْتُ يَا رَسُولَ اللَّهِ كَيْفَ أَصْنَعُ فِي مَالِي فَلَمْ يَرُدَّ عَلَىَّ شَيْئًا حَتَّى نَزَلَتْ آيَةُ الْمِيرَاثِ ‏.‏",
        "ar_diacless": "حدثنا عبيد الله بن عمر القواريري، حدثنا عبد الرحمن، - يعني ابن مهدي - حدثنا سفيان، قال سمعت محمد بن المنكدر، قال سمعت جابر بن عبد الله، يقول عادني رسول الله صلى الله عليه وسلم وأنا مريض ومعه أبو بكر ماشيين فوجدني قد أغمي على فتوضأ رسول الله صلى الله عليه وسلم ثم صب على من وضوئه فأفقت فإذا رسول الله صلى الله عليه وسلم فقلت يا رسول الله كيف أصنع في مالي فلم يرد على شيئا حتى نزلت آية الميراث ‏.‏",
        "note": "",
        "grade_id": 2,
        "grade": "সহিহ হাদিস",
        "grade_color": "#46B891"
      },
      {
        "id": 9496,
        "book_id": 2,
        "book_name": "সহিহ মুসলিম",
        "chapter_id": 24,
        "section_id": 2,
        "hadith_key": "সহিহ মুসলিম: ৪০৪০",
        "hadith_id": 4040,
        "narrator": "জাবির ইবনু ‘আব্দুল্লাহ (রাঃ)",
        "bn": "তিনি বলেন, রসূলুল্লাহ (সাল্লাল্লাহু ‘আলাইহি ওয়া সাল্লাম) আমার কাছে আগমন করেন। আমি তখন রোগে জ্ঞানহারা হয়ে পড়ি। তারপর তিনি ওযূ করেন। তাঁর ওযূর কিছু অংশ লোকেরা আমার উপর ছিটিয়ে দেন। আমি জ্ঞান ফিরে পেয়ে বললাম, হে আল্লাহর রসূল! কালালাহ্‌ অবস্থায় আমার মীরাস বণ্টন হবে। অতঃপর মীরাসের আয়াত অবতীর্ণ হয়।\nআমি মুহাম্মাদ ইবনু মুনকাদিরকে বললাম (আরবী) তিনি বললেন, এমনটিই অবতীর্ণ হয়েছে। (ই.ফা. ৪০০৩, ই.সে. ৪০০২)",
        "ar": "حَدَّثَنِي مُحَمَّدُ بْنُ حَاتِمٍ، حَدَّثَنَا بَهْزٌ، حَدَّثَنَا شُعْبَةُ، أَخْبَرَنِي مُحَمَّدُ بْنُ الْمُنْكَدِرِ، قَالَ سَمِعْتُ جَابِرَ بْنَ عَبْدِ اللَّهِ، يَقُولُ دَخَلَ عَلَىَّ رَسُولُ اللَّهِ صلى الله عليه وسلم وَأَنَا مَرِيضٌ لاَ أَعْقِلُ فَتَوَضَّأَ فَصَبُّوا عَلَىَّ مِنْ وَضُوئِهِ فَعَقَلْتُ فَقُلْتُ يَا رَسُولَ اللَّهِ إِنَّمَا يَرِثُنِي كَلاَلَةٌ ‏.‏ فَنَزَلَتْ آيَةُ الْمِيرَاثِ ‏.‏ فَقُلْتُ لِمُحَمَّدِ بْنِ الْمُنْكَدِرِ ‏{‏ يَسْتَفْتُونَكَ قُلِ اللَّهُ يُفْتِيكُمْ فِي الْكَلاَلَةِ‏}‏ قَالَ هَكَذَا أُنْزِلَتْ.",
        "ar_diacless": "حدثني محمد بن حاتم، حدثنا بهز، حدثنا شعبة، أخبرني محمد بن المنكدر، قال سمعت جابر بن عبد الله، يقول دخل على رسول الله صلى الله عليه وسلم وأنا مريض لا أعقل فتوضأ فصبوا على من وضوئه فعقلت فقلت يا رسول الله إنما يرثني كلالة ‏.‏ فنزلت آية الميراث ‏.‏ فقلت لمحمد بن المنكدر ‏{‏ يستفتونك قل الله يفتيكم في الكلالة‏}‏ قال هكذا أنزلت.",
        "note": "",
        "grade_id": 2,
        "grade": "সহিহ হাদিস",
        "grade_color": "#46B891"
      },
      {
        "id": 9904,
        "book_id": 2,
        "book_name": "সহিহ মুসলিম",
        "chapter_id": 24,
        "section_id": 2,
        "hadith_key": "সহিহ মুসলিম: ৪০৪১",
        "hadith_id": 4041,
        "narrator": "ইসহাক্ ইবনু ইবরাহীম (রহঃ) নায্র ইবনু শুমায়ল ও আবূ ‘আমির ‘আকাদী (রহঃ) হতে এবং মুহাম্মাদ ইবনু মুসান্না (রহঃ) ওয়াহ্ব ইবনু জারীর (রহঃ) হতে এবং তারা সকলেই শু’বাহ্ (রহঃ)",
        "bn": "উক্ত হাদীস বর্ণনা করেন।\nওয়াহ্ব ইবনু জারীর- এর হাদীস আছে ‘ফারায়িয’- এর আয়াত নাযিল হলো। আর নায্র ও ‘আকীদার বর্ণনায় আছে ‘ফারয-এর আয়াত নাযিল হলো’। কিন্ত তাদের কারও বর্ণনায় এ কথা নেই যে, শু‘বাহ্ ইবনু মুনকাদির বলছেন। (ই.ফা. ৪০০৪, ই.সে. ৪০০৩)",
        "ar": "حَدَّثَنَا إِسْحَاقُ بْنُ إِبْرَاهِيمَ، أَخْبَرَنَا النَّضْرُ بْنُ شُمَيْلٍ، وَأَبُو عَامِرٍ الْعَقَدِيُّ ح وَحَدَّثَنَا مُحَمَّدُ بْنُ الْمُثَنَّى، حَدَّثَنَا وَهْبُ بْنُ جَرِيرٍ، كُلُّهُمْ عَنْ شُعْبَةَ، بِهَذَا الإِسْنَادِ ‏.‏ فِي حَدِيثِ وَهْبِ بْنِ جَرِيرٍ فَنَزَلَتْ آيَةُ الْفَرَائِضِ ‏.‏ وَفِي حَدِيثِ النَّضْرِ وَالْعَقَدِيِّ فَنَزَلَتْ آيَةُ الْفَرْضِ ‏.‏ وَلَيْسَ فِي رِوَايَةِ أَحَدٍ مِنْهُمْ قَوْلُ شُعْبَةَ لاِبْنِ الْمُنْكَدِرِ ‏.‏",
        "ar_diacless": "حدثنا إسحاق بن إبراهيم، أخبرنا النضر بن شميل، وأبو عامر العقدي ح وحدثنا محمد بن المثنى، حدثنا وهب بن جرير، كلهم عن شعبة، بهذا الإسناد ‏.‏ في حديث وهب بن جرير فنزلت آية الفرائض ‏.‏ وفي حديث النضر والعقدي فنزلت آية الفرض ‏.‏ وليس في رواية أحد منهم قول شعبة لابن المنكدر ‏.‏",
        "note": "",
        "grade_id": 2,
        "grade": "সহিহ হাদিস",
        "grade_color": "#46B891"
      },
      {
        "id": 9495,
        "book_id": 2,
        "book_name": "সহিহ মুসলিম",
        "chapter_id": 24,
        "section_id": 2,
        "hadith_key": "সহিহ মুসলিম: ৪০৪২",
        "hadith_id": 4042,
        "narrator": "মা’দান ইবনু তালহাহ্‌ (রাঃ)",
        "bn": "উমার বিন খাত্তাব (রাঃ) এক জুমু’আর দিনে খুত্‌বাহ্‌ প্রদান করেন। তিনি নবী (সাল্লাল্লাহু ‘আলাইহি ওয়া সাল্লাম) ও আবূ বকর (রাঃ)- এর কথা বললেন। তারপর তিনি বললেন, আমি আমার পরে এমন কোন বিষয় রেখে যাব না, যা আমার নিকট ‘কালালা’র চেয়ে বেশী জটিল। আমি রসূলুল্লাহ (সাল্লাল্লাহু ‘আলাইহি ওয়া সাল্লাম)-এর নিকট বারবার কোন বিষয় নিয়ে জিজ্ঞেস করিনি, যেমনটি বারবার জিজ্ঞেস করেছি ’কালালাহ্‌’ সম্পর্কে। আর তিনিও অন্য কোন বিষয়ে এমন কঠোরতা আমাকে দেখাননি যেরূপ কঠোরতা দেখিয়েছেন এ বিষয়ে। এমনকি তিনি তাঁর আঙ্গুল আমার বুকের উপর চেপে ধরে বলেছেন, হে ‘উমার! গ্রীষ্মকালে অবতীর্ণ সূরা নিসার শেষের আয়াত কি তোমার জন্য যথেষ্ট নয়? আর আমি যদি জীবিত থাকি তবে এ ব্যাপারে এমন ফায়সালা করবো যা দেখে কুরআন পাঠকারী আর যে কুরান পড়ে না উভয়েই ফায়সালা করবে। (ই.ফা. ৪০০৫, ই.সে. ৪০০৪)",
        "ar": "حَدَّثَنَا مُحَمَّدُ بْنُ أَبِي بَكْرٍ الْمُقَدَّمِيُّ، وَمُحَمَّدُ بْنُ الْمُثَنَّى، - وَاللَّفْظُ لاِبْنِ الْمُثَنَّى - قَالاَ حَدَّثَنَا يَحْيَى بْنُ سَعِيدٍ، حَدَّثَنَا هِشَامٌ، حَدَّثَنَا قَتَادَةُ، عَنْ سَالِمِ بْنِ أَبِي الْجَعْدِ، عَنْ مَعْدَانَ بْنِ، أَبِي طَلْحَةَ أَنَّ عُمَرَ بْنَ الْخَطَّابِ، خَطَبَ يَوْمَ جُمُعَةٍ فَذَكَرَ نَبِيَّ اللَّهِ صلى الله عليه وسلم وَذَكَرَ أَبَا بَكْرٍ ثُمَّ قَالَ إِنِّي لاَ أَدَعُ بَعْدِي شَيْئًا أَهَمَّ عِنْدِي مِنَ الْكَلاَلَةِ مَا رَاجَعْتُ رَسُولَ اللَّهِ صلى الله عليه وسلم فِي شَىْءٍ مَا رَاجَعْتُهُ فِي الْكَلاَلَةِ وَمَا أَغْلَظَ لِي فِي شَىْءٍ مَا أَغْلَظَ لِي فِيهِ حَتَّى طَعَنَ بِإِصْبَعِهِ فِي صَدْرِي وَقَالَ ‏ \"‏ يَا عُمَرُ أَلاَ تَكْفِيكَ آيَةُ الصَّيْفِ الَّتِي فِي آخِرِ سُورَةِ النِّسَاءِ ‏\"‏ ‏.‏ وَإِنِّي إِنْ أَعِشْ أَقْضِ فِيهَا بِقَضِيَّةٍ يَقْضِي بِهَا مَنْ يَقْرَأُ الْقُرْآنَ وَمَنْ لاَ يَقْرَأُ الْقُرْآنَ ‏.‏",
        "ar_diacless": "حدثنا محمد بن أبي بكر المقدمي، ومحمد بن المثنى، - واللفظ لابن المثنى - قالا حدثنا يحيى بن سعيد، حدثنا هشام، حدثنا قتادة، عن سالم بن أبي الجعد، عن معدان بن، أبي طلحة أن عمر بن الخطاب، خطب يوم جمعة فذكر نبي الله صلى الله عليه وسلم وذكر أبا بكر ثم قال إني لا أدع بعدي شيئا أهم عندي من الكلالة ما راجعت رسول الله صلى الله عليه وسلم في شىء ما راجعته في الكلالة وما أغلظ لي في شىء ما أغلظ لي فيه حتى طعن بإصبعه في صدري وقال ‏ \"‏ يا عمر ألا تكفيك آية الصيف التي في آخر سورة النساء ‏\"‏ ‏.‏ وإني إن أعش أقض فيها بقضية يقضي بها من يقرأ القرآن ومن لا يقرأ القرآن ‏.‏",
        "note": "",
        "grade_id": 2,
        "grade": "সহিহ হাদিস",
        "grade_color": "#46B891"
      },
      {
        "id": 9905,
        "book_id": 2,
        "book_name": "সহিহ মুসলিম",
        "chapter_id": 24,
        "section_id": 2,
        "hadith_key": "সহিহ মুসলিম: ৪০৪৩",
        "hadith_id": 4043,
        "narrator": "কাতাদার সূত্রে",
        "bn": "কাতাদার সূত্রে এ সানাদে অনুরূপ বর্ণনা করেন। (ই.ফা. ৪০০৬, ই.সে. ৪০০৫)",
        "ar": "وَحَدَّثَنَا أَبُو بَكْرِ بْنُ أَبِي شَيْبَةَ، حَدَّثَنَا إِسْمَاعِيلُ ابْنُ عُلَيَّةَ، عَنْ سَعِيدِ بْنِ أَبِي عَرُوبَةَ، ح وَحَدَّثَنَا زُهَيْرُ بْنُ حَرْبٍ، وَإِسْحَاقُ بْنُ إِبْرَاهِيمَ، وَابْنُ، رَافِعٍ عَنْ شَبَابَةَ بْنِ سَوَّارٍ، عَنْ شُعْبَةَ، كِلاَهُمَا عَنْ قَتَادَةَ، بِهَذَا الإِسْنَادِ نَحْوَهُ ‏.‏",
        "ar_diacless": "وحدثنا أبو بكر بن أبي شيبة، حدثنا إسماعيل ابن علية، عن سعيد بن أبي عروبة، ح وحدثنا زهير بن حرب، وإسحاق بن إبراهيم، وابن، رافع عن شبابة بن سوار، عن شعبة، كلاهما عن قتادة، بهذا الإسناد نحوه ‏.‏",
        "note": "",
        "grade_id": 2,
        "grade": "সহিহ হাদিস",
        "grade_color": "#46B891"
      }
    ]
  },
  {
    "id": 4243,
    "book_id": 2,
    "book_name": "muslim",
    "chapter_id": 24,
    "section_id": 3,
    "title": "কালালাহ্‌ সম্পর্কিত আয়াতই সর্বশেষ নাযিলকৃত আয়াত",
    "preface": "",
    "number": "৩. অধ্যায়ঃ",
    "sort_order": 3,
    "hadiths": [
      {
        "id": 9497,
        "book_id": 2,
        "book_name": "সহিহ মুসলিম",
        "chapter_id": 24,
        "section_id": 3,
        "hadith_key": "সহিহ মুসলিম: ৪০৪৪",
        "hadith_id": 4044,
        "narrator": "বারা (রাঃ)",
        "bn": "তিনি বলেন, কুরআনের সর্বশেষ যে আয়াত নাযিল হয় তা হলোঃ (আরবী) তারা আপনার কাছে জানতে চায়, আপনি বলুন, আল্লাহ তা’আলা কালালার ব্যাপারে সমাধান দিচ্ছেন। (ই.ফা. ৪০০৭, ই.সে. ৪০০৬)",
        "ar": "حَدَّثَنَا عَلِيُّ بْنُ خَشْرَمٍ، أَخْبَرَنَا وَكِيعٌ، عَنِ ابْنِ أَبِي خَالِدٍ، عَنْ أَبِي إِسْحَاقَ، عَنِ الْبَرَاءِ، قَالَ آخِرُ آيَةٍ أُنْزِلَتْ مِنَ الْقُرْآنِ ‏{‏ يَسْتَفْتُونَكَ قُلِ اللَّهُ يُفْتِيكُمْ فِي الْكَلاَلَةِ‏}‏",
        "ar_diacless": "حدثنا علي بن خشرم، أخبرنا وكيع، عن ابن أبي خالد، عن أبي إسحاق، عن البراء، قال آخر آية أنزلت من القرآن ‏{‏ يستفتونك قل الله يفتيكم في الكلالة‏}‏",
        "note": "",
        "grade_id": 2,
        "grade": "সহিহ হাদিস",
        "grade_color": "#46B891"
      },
      {
        "id": 9498,
        "book_id": 2,
        "book_name": "সহিহ মুসলিম",
        "chapter_id": 24,
        "section_id": 3,
        "hadith_key": "সহিহ মুসলিম: ৪০৪৫",
        "hadith_id": 4045,
        "narrator": "আবূ ইসহাক্‌ (রহঃ)",
        "bn": "তিনি বলেন, আমি বারা ইবনু ’আযিব (রাঃ)- কে শুনেছি যে, সর্বশেষ নাযিলকৃত আয়াত ‘কালালা’র আয়াত এবং সর্বশেষ নাযিলকৃত ‘সূরা বারাআত। (ই.ফা. ৪০০৮, ই.সে. ৪০০৭)",
        "ar": "حَدَّثَنَا مُحَمَّدُ بْنُ الْمُثَنَّى، وَابْنُ، بَشَّارٍ قَالاَ حَدَّثَنَا مُحَمَّدُ بْنُ جَعْفَرٍ، حَدَّثَنَا شُعْبَةُ، عَنْ أَبِي إِسْحَاقَ، قَالَ سَمِعْتُ الْبَرَاءَ بْنَ عَازِبٍ، يَقُولُ آخِرُ آيَةٍ أُنْزِلَتْ آيَةُ الْكَلاَلَةِ وَآخِرُ سُورَةٍ أُنْزِلَتْ بَرَاءَةُ ‏.‏",
        "ar_diacless": "حدثنا محمد بن المثنى، وابن، بشار قالا حدثنا محمد بن جعفر، حدثنا شعبة، عن أبي إسحاق، قال سمعت البراء بن عازب، يقول آخر آية أنزلت آية الكلالة وآخر سورة أنزلت براءة ‏.‏",
        "note": "",
        "grade_id": 2,
        "grade": "সহিহ হাদিস",
        "grade_color": "#46B891"
      },
      {
        "id": 9500,
        "book_id": 2,
        "book_name": "সহিহ মুসলিম",
        "chapter_id": 24,
        "section_id": 3,
        "hadith_key": "সহিহ মুসলিম: ৪০৪৬",
        "hadith_id": 4046,
        "narrator": "বারা (রহঃ)",
        "bn": "সর্বশেষ অবতীর্ণ পূর্ণাঙ্গ সূরা, সূরা তাওবাহ্‌ আর সর্বশেষ অবতীর্ণ আয়াত ’কালালাহ্‌’ আয়াত। (ই.ফা. ৪০০৯, ই.সে. ৪০০৮)",
        "ar": "حَدَّثَنَا إِسْحَاقُ بْنُ إِبْرَاهِيمَ الْحَنْظَلِيُّ، أَخْبَرَنَا عِيسَى، - وَهُوَ ابْنُ يُونُسَ - حَدَّثَنَا زَكَرِيَّاءُ، عَنْ أَبِي إِسْحَاقَ، عَنِ الْبَرَاءِ، أَنَّ آخِرَ، سُورَةٍ أُنْزِلَتْ تَامَّةً سُورَةُ التَّوْبَةِ وَأَنَّ آخِرَ آيَةٍ أُنْزِلَتْ آيَةُ الْكَلاَلَةِ ‏.‏",
        "ar_diacless": "حدثنا إسحاق بن إبراهيم الحنظلي، أخبرنا عيسى، - وهو ابن يونس - حدثنا زكرياء، عن أبي إسحاق، عن البراء، أن آخر، سورة أنزلت تامة سورة التوبة وأن آخر آية أنزلت آية الكلالة ‏.‏",
        "note": "",
        "grade_id": 2,
        "grade": "সহিহ হাদিস",
        "grade_color": "#46B891"
      },
      {
        "id": 9906,
        "book_id": 2,
        "book_name": "সহিহ মুসলিম",
        "chapter_id": 24,
        "section_id": 3,
        "hadith_key": "সহিহ মুসলিম: ৪০৪৭",
        "hadith_id": 4047,
        "narrator": "বারা (রাঃ)",
        "bn": "বারা (রাঃ) থেকে অনুরূপ বর্ণনা করেন। তবে অতিরিক্ত এ কথাটি বলেন যে, ‘সর্বশেষ অবতীর্ণ পূর্ণাঙ্গ সূরা’। (ই.ফা. ৪০১০, ই.সে. ৪০০৯)",
        "ar": "حَدَّثَنَا أَبُو كُرَيْبٍ، حَدَّثَنَا يَحْيَى، - يَعْنِي ابْنَ آدَمَ - حَدَّثَنَا عَمَّارٌ، - وَهُوَ ابْنُ رُزَيْقٍ - عَنْ أَبِي إِسْحَاقَ، عَنِ الْبَرَاءِ، بِمِثْلِهِ غَيْرَ أَنَّهُ قَالَ آخِرُ سُورَةٍ أُنْزِلَتْ كَامِلَةً ‏.‏",
        "ar_diacless": "حدثنا أبو كريب، حدثنا يحيى، - يعني ابن آدم - حدثنا عمار، - وهو ابن رزيق - عن أبي إسحاق، عن البراء، بمثله غير أنه قال آخر سورة أنزلت كاملة ‏.‏",
        "note": "",
        "grade_id": 2,
        "grade": "সহিহ হাদিস",
        "grade_color": "#46B891"
      },
      {
        "id": 9499,
        "book_id": 2,
        "book_name": "সহিহ মুসলিম",
        "chapter_id": 24,
        "section_id": 3,
        "hadith_key": "সহিহ মুসলিম: ৪০৪৮",
        "hadith_id": 4048,
        "narrator": "বারা (রাঃ)",
        "bn": "তিনি বলেন, সর্বশেষ অবতীর্ণ আয়াত (আরবী)। (ই.ফা. ৪০১১, ই.সে. ৪০১০)",
        "ar": "حَدَّثَنَا عَمْرٌو النَّاقِدُ، حَدَّثَنَا أَبُو أَحْمَدَ الزُّبَيْرِيُّ، حَدَّثَنَا مَالِكُ بْنُ مِغْوَلٍ، عَنْ أَبِي، السَّفَرِ عَنِ الْبَرَاءِ، قَالَ آخِرُ آيَةٍ أُنْزِلَتْ يَسْتَفْتُونَكَ ‏.‏",
        "ar_diacless": "حدثنا عمرو الناقد، حدثنا أبو أحمد الزبيري، حدثنا مالك بن مغول، عن أبي، السفر عن البراء، قال آخر آية أنزلت يستفتونك ‏.‏",
        "note": "",
        "grade_id": 2,
        "grade": "সহিহ হাদিস",
        "grade_color": "#46B891"
      }
    ]
  },
  {
    "id": 4244,
    "book_id": 2,
    "book_name": "muslim",
    "chapter_id": 24,
    "section_id": 4,
    "title": "যে ব্যক্তি সম্পদ রেখে যাবে তা তার ওয়ারিসগণ পাবে",
    "preface": "",
    "number": "৪. অধ্যায়ঃ",
    "sort_order": 4,
    "hadiths": [
      {
        "id": 9502,
        "book_id": 2,
        "book_name": "সহিহ মুসলিম",
        "chapter_id": 24,
        "section_id": 4,
        "hadith_key": "সহিহ মুসলিম: ৪০৪৯",
        "hadith_id": 4049,
        "narrator": "আবূ হুরাইরাহ্‌ (রাঃ)",
        "bn": "রসূলুল্লাহ (সাল্লাল্লাহু ‘আলাইহি ওয়া সাল্লাম)- এর নিকট যদি এমনও মৃত দেহ (জানাযার জন্যে) আসতো যার উপর ঋণ থাকতো, তবে তিনি জিজ্ঞেস করতেন, সে কি তার ঋণ পরিশোধের জন্যে ঐ পরিমাণ সম্পদ রেখে গেছে, যা দ্বারা ঋণ পরিশোধ হতে পারে? যদি জানান হতো যে, সে ঋণ পূর্ণ করার পরিমাণ সম্পদ রেখে গেছে, তবে তিনি তার জানাযাহ পড়তেন। অন্যথায় বলতেন, তোমরা তোমাদের সাথীর জানাযাহ্‌ পড়ো। যখন আল্লাহ্‌ তাঁর জন্য সম্পদের সমৃদ্ধির পথ খুলে দেন, তখন তিনি বলেন যে, আমি মুমিনদের জন্যে তাদের নিজেদের অপেক্ষাও বেশি নিকটবর্তী। সুতরাং যে ব্যক্তি ঋণগ্রস্ত অবস্থায় মারা যাবে, তার সে ঋণ পরিশোধের দায়িত্ব আমার উপর। আর যে লোক সম্পদ রেখে যাবে, তা তার উত্তরাধিকারীদের প্রাপ্য। (ই.ফা. ৪০১২, ই.সে. ৪০১১)",
        "ar": "وَحَدَّثَنِي زُهَيْرُ بْنُ حَرْبٍ، حَدَّثَنَا أَبُو صَفْوَانَ الأُمَوِيُّ، عَنْ يُونُسَ الأَيْلِيِّ، ح وَحَدَّثَنِي حَرْمَلَةُ بْنُ يَحْيَى، - وَاللَّفْظُ لَهُ - قَالَ أَخْبَرَنَا عَبْدُ اللَّهِ بْنُ وَهْبٍ، أَخْبَرَنِي يُونُسُ، عَنِ ابْنِ، شِهَابٍ عَنْ أَبِي سَلَمَةَ بْنِ عَبْدِ الرَّحْمَنِ، عَنْ أَبِي هُرَيْرَةَ، أَنَّ رَسُولَ اللَّهِ صلى الله عليه وسلم كَانَ يُؤْتَى بِالرَّجُلِ الْمَيِّتِ عَلَيْهِ الدَّيْنُ فَيَسْأَلُ ‏\"‏ هَلْ تَرَكَ لِدَيْنِهِ مِنْ قَضَاءٍ ‏\"‏ ‏.‏ فَإِنْ حُدِّثَ أَنَّهُ تَرَكَ وَفَاءً صَلَّى عَلَيْهِ وَإِلاَّ قَالَ ‏\"‏ صَلُّوا عَلَى صَاحِبِكُمْ ‏\"‏ ‏.‏ فَلَمَّا فَتَحَ اللَّهُ عَلَيْهِ الْفُتُوحَ قَالَ ‏\"‏ أَنَا أَوْلَى بِالْمُؤْمِنِينَ مِنْ أَنْفُسِهِمْ فَمَنْ تُوُفِّيَ وَعَلَيْهِ دَيْنٌ فَعَلَىَّ قَضَاؤُهُ وَمَنْ تَرَكَ مَالاً فَهُوَ لِوَرَثَتِهِ ‏\"‏ ‏.‏",
        "ar_diacless": "وحدثني زهير بن حرب، حدثنا أبو صفوان الأموي، عن يونس الأيلي، ح وحدثني حرملة بن يحيى، - واللفظ له - قال أخبرنا عبد الله بن وهب، أخبرني يونس، عن ابن، شهاب عن أبي سلمة بن عبد الرحمن، عن أبي هريرة، أن رسول الله صلى الله عليه وسلم كان يؤتى بالرجل الميت عليه الدين فيسأل ‏\"‏ هل ترك لدينه من قضاء ‏\"‏ ‏.‏ فإن حدث أنه ترك وفاء صلى عليه وإلا قال ‏\"‏ صلوا على صاحبكم ‏\"‏ ‏.‏ فلما فتح الله عليه الفتوح قال ‏\"‏ أنا أولى بالمؤمنين من أنفسهم فمن توفي وعليه دين فعلى قضاؤه ومن ترك مالا فهو لورثته ‏\"‏ ‏.‏",
        "note": "",
        "grade_id": 2,
        "grade": "সহিহ হাদিস",
        "grade_color": "#46B891"
      },
      {
        "id": 9910,
        "book_id": 2,
        "book_name": "সহিহ মুসলিম",
        "chapter_id": 24,
        "section_id": 4,
        "hadith_key": "সহিহ মুসলিম: ৪০৫০",
        "hadith_id": 4050,
        "narrator": "যুহরী (রহঃ)",
        "bn": "যুহরী (রহঃ)- এর সূত্রে উক্ত সানাদে হাদীসটি বর্ণনা করেন। (ই.ফা. ৪০১৩, ই.সে. ৪০১২)",
        "ar": "حَدَّثَنَا عَبْدُ الْمَلِكِ بْنُ شُعَيْبِ بْنِ اللَّيْثِ، حَدَّثَنِي أَبِي، عَنْ جَدِّي، حَدَّثَنِي عُقَيْلٌ، ح وَحَدَّثَنِي زُهَيْرُ بْنُ حَرْبٍ، حَدَّثَنَا يَعْقُوبُ بْنُ إِبْرَاهِيمَ، حَدَّثَنَا ابْنُ أَخِي ابْنِ شِهَابٍ، ح وَحَدَّثَنَا ابْنُ نُمَيْرٍ، حَدَّثَنَا أَبِي، حَدَّثَنَا ابْنُ أَبِي ذِئْبٍ، كُلُّهُمْ عَنِ الزُّهْرِيِّ، بِهَذَا الإِسْنَادِ هَذَا الْحَدِيثَ ‏.‏",
        "ar_diacless": "حدثنا عبد الملك بن شعيب بن الليث، حدثني أبي، عن جدي، حدثني عقيل، ح وحدثني زهير بن حرب، حدثنا يعقوب بن إبراهيم، حدثنا ابن أخي ابن شهاب، ح وحدثنا ابن نمير، حدثنا أبي، حدثنا ابن أبي ذئب، كلهم عن الزهري، بهذا الإسناد هذا الحديث ‏.‏",
        "note": "",
        "grade_id": 2,
        "grade": "সহিহ হাদিস",
        "grade_color": "#46B891"
      },
      {
        "id": 9911,
        "book_id": 2,
        "book_name": "সহিহ মুসলিম",
        "chapter_id": 24,
        "section_id": 4,
        "hadith_key": "সহিহ মুসলিম: ৪০৫১",
        "hadith_id": 4051,
        "narrator": "ইবনু হুরাইরাহ্ (রাঃ)- এর সূত্রে নাবী (সাল্লাল্লাহু ‘আলাইহি ওয়া সাল্লাম)",
        "bn": "তিনি বলেন, ঐ সত্তার শপথ যাঁর হাতে মুহাম্মাদের প্রাণ! পৃথিবীর উপর এমন কোন মু’মিন নেই, যার সবচেয়ে নিকটতম (অধিকতর আপন) লোক আমি নই। সুতরাং যে লোক ঋণ অথবা সন্তান রেখে যাবে, আমি হবো তার অভিভাবক। আর তোমাদের কেউ যদি সম্পদ রেখে যায় তবে সে মাল পাবে তার নিকটজনেরা; সে যেই হোক না কেন। (ই.ফা. ৪০১৪, ই.সে. ৪০১৩)",
        "ar": "حَدَّثَنِي مُحَمَّدُ بْنُ رَافِعٍ، حَدَّثَنَا شَبَابَةُ، قَالَ حَدَّثَنِي وَرْقَاءُ، عَنْ أَبِي الزِّنَادِ، عَنِ الأَعْرَجِ، عَنْ أَبِي هُرَيْرَةَ، عَنِ النَّبِيِّ صلى الله عليه وسلم قَالَ ‏ \"‏ وَالَّذِي نَفْسُ مُحَمَّدٍ بِيَدِهِ إِنْ عَلَى الأَرْضِ مِنْ مُؤْمِنٍ إِلاَّ أَنَا أَوْلَى النَّاسِ بِهِ فَأَيُّكُمْ مَا تَرَكَ دَيْنًا أَوْ ضَيَاعًا فَأَنَا مَوْلاَهُ وَأَيُّكُمْ تَرَكَ مَالاً فَإِلَى الْعَصَبَةِ مَنْ كَانَ ‏\"‏ ‏.‏",
        "ar_diacless": "حدثني محمد بن رافع، حدثنا شبابة، قال حدثني ورقاء، عن أبي الزناد، عن الأعرج، عن أبي هريرة، عن النبي صلى الله عليه وسلم قال ‏ \"‏ والذي نفس محمد بيده إن على الأرض من مؤمن إلا أنا أولى الناس به فأيكم ما ترك دينا أو ضياعا فأنا مولاه وأيكم ترك مالا فإلى العصبة من كان ‏\"‏ ‏.‏",
        "note": "",
        "grade_id": 2,
        "grade": "সহিহ হাদিস",
        "grade_color": "#46B891"
      },
      {
        "id": 9913,
        "book_id": 2,
        "book_name": "সহিহ মুসলিম",
        "chapter_id": 24,
        "section_id": 4,
        "hadith_key": "সহিহ মুসলিম: ৪০৫২",
        "hadith_id": 4052,
        "narrator": "হাম্মাম ইবনু মুনাব্বিহ (রহঃ)- এর সূত্রে",
        "bn": "তিনি বলেন, এগুলো আবূ হুরায়রা্ (রাঃ) রসূলুল্লাহ (সাল্লাল্লাহু ‘আলাইহি ওয়া সাল্লাম) থেকে আমাদের কাছে বর্ণনা করেছেন। অতঃপর তিনি কতগুলো হাদীস বর্ণনা করেন। তার মধ্যে একটি এই যে, রসূলুল্লাহ (সাল্লাল্লাহু ‘আলাইহি ওয়া সাল্লাম) বলেছেন, আল্লাহর কিতাব মুতাবিক অন্য সব লোক অপেক্ষা আমি মু’মিনদের সবচেয়ে নিকটবর্তী। সুতরাং তোমাদের মধ্যে যে ব্যক্তি ঋণ অথবা নিঃসম্বল পরিজন রেখে যায়, তখন আমাকে ডাকিও, আমি তার অভিভাবক। আর তোমাদের মধ্যে যে সম্পদ রেখে যায়, তার সম্পদের অধিকারী হবে তার ঘনিষ্ঠ আত্মীয় যেই থাকুক। (ই.ফা. ৪০১৫, ই.সে. ৪০১৪)",
        "ar": "حَدَّثَنَا مُحَمَّدُ بْنُ رَافِعٍ، حَدَّثَنَا عَبْدُ الرَّزَّاقِ، أَخْبَرَنَا مَعْمَرٌ، عَنْ هَمَّامِ بْنِ مُنَبِّهٍ، قَالَ هَذَا مَا حَدَّثَنَا أَبُو هُرَيْرَةَ، عَنْ رَسُولِ اللَّهِ صلى الله عليه وسلم فَذَكَرَ أَحَادِيثَ مِنْهَا وَقَالَ رَسُولُ اللَّهِ صلى الله عليه وسلم ‏ \"‏ أَنَا أَوْلَى النَّاسِ بِالْمُؤْمِنِينَ فِي كِتَابِ اللَّهِ عَزَّ وَجَلَّ فَأَيُّكُمْ مَا تَرَكَ دَيْنًا أَوْ ضَيْعَةً فَادْعُونِي فَأَنَا وَلِيُّهُ وَأَيُّكُمْ مَا تَرَكَ مَالاً فَلْيُؤْثَرْ بِمَالِهِ عَصَبَتُهُ مَنْ كَانَ ‏\"‏ ‏.‏",
        "ar_diacless": "حدثنا محمد بن رافع، حدثنا عبد الرزاق، أخبرنا معمر، عن همام بن منبه، قال هذا ما حدثنا أبو هريرة، عن رسول الله صلى الله عليه وسلم فذكر أحاديث منها وقال رسول الله صلى الله عليه وسلم ‏ \"‏ أنا أولى الناس بالمؤمنين في كتاب الله عز وجل فأيكم ما ترك دينا أو ضيعة فادعوني فأنا وليه وأيكم ما ترك مالا فليؤثر بماله عصبته من كان ‏\"‏ ‏.‏",
        "note": "",
        "grade_id": 2,
        "grade": "সহিহ হাদিস",
        "grade_color": "#46B891"
      },
      {
        "id": 9501,
        "book_id": 2,
        "book_name": "সহিহ মুসলিম",
        "chapter_id": 24,
        "section_id": 4,
        "hadith_key": "সহিহ মুসলিম: ৪০৫৩",
        "hadith_id": 4053,
        "narrator": "আবূ হুরাইরাহ্‌ (রাঃ)",
        "bn": "নবী (সাল্লাল্লাহু ‘আলাইহি ওয়া সাল্লাম) বলেছেন, যে ব্যক্তি সম্পদ ছেড়ে যায়, তা তার উত্তরাধিকারীদের প্রাপ্য। আর যে নিঃসম্বল পরিজন রেখে যায়, তার দায়িত্ব আমাদের। (ই.ফা. ৪০১৬, ই.সে. ৪০১৫)",
        "ar": "حَدَّثَنَا عُبَيْدُ اللَّهِ بْنُ مُعَاذٍ الْعَنْبَرِيُّ، حَدَّثَنَا أَبِي، حَدَّثَنَا شُعْبَةُ، عَنْ عَدِيٍّ، أَنَّهُ سَمِعَ أَبَا حَازِمٍ، عَنْ أَبِي هُرَيْرَةَ، عَنِ النَّبِيِّ صلى الله عليه وسلم أَنَّهُ قَالَ ‏ \"‏ مَنْ تَرَكَ مَالاً فَلِلْوَرَثَةِ وَمَنْ تَرَكَ كَلاًّ فَإِلَيْنَا ‏\"‏ ‏.‏",
        "ar_diacless": "حدثنا عبيد الله بن معاذ العنبري، حدثنا أبي، حدثنا شعبة، عن عدي، أنه سمع أبا حازم، عن أبي هريرة، عن النبي صلى الله عليه وسلم أنه قال ‏ \"‏ من ترك مالا فللورثة ومن ترك كلا فإلينا ‏\"‏ ‏.‏",
        "note": "",
        "grade_id": 2,
        "grade": "সহিহ হাদিস",
        "grade_color": "#46B891"
      },
      {
        "id": 9912,
        "book_id": 2,
        "book_name": "সহিহ মুসলিম",
        "chapter_id": 24,
        "section_id": 4,
        "hadith_key": "সহিহ মুসলিম: ৪০৫৪",
        "hadith_id": 4054,
        "narrator": "আবূ বাকর ইবনু নাফি‘ (রহঃ) গুনদার থেকে এবং যুহায়র ইবনু হার্ব (রহঃ) ‘আবদুর রহমান ইবনু মাহদী (রহঃ) হতে উভয়ে শু‘বাহ (রহঃ)",
        "bn": "উপরিউক্ত সানাদে বর্ণনা করেন। অবশ্য গুনদার বর্ণিত হাদীসে আছে, আর যে ব্যক্তি নিঃসম্বল পরিজন রেখে যায়, আমি তাদের অভিভাবক হবো। (ই.ফা. ৪০১৭, ই.সে. ৪০১৬)",
        "ar": "وَحَدَّثَنِيهِ أَبُو بَكْرِ بْنُ نَافِعٍ، حَدَّثَنَا غُنْدَرٌ، ح وَحَدَّثَنِي زُهَيْرُ بْنُ حَرْبٍ، حَدَّثَنَا عَبْدُ، الرَّحْمَنِ - يَعْنِي ابْنَ مَهْدِيٍّ - قَالاَ حَدَّثَنَا شُعْبَةُ، بِهَذَا الإِسْنَادِ ‏.‏ غَيْرَ أَنَّ فِي، حَدِيثِ غُنْدَرٍ ‏ \"‏ وَمَنْ تَرَكَ كَلاًّ وَلِيتُهُ ‏\"‏ ‏.‏",
        "ar_diacless": "وحدثنيه أبو بكر بن نافع، حدثنا غندر، ح وحدثني زهير بن حرب، حدثنا عبد، الرحمن - يعني ابن مهدي - قالا حدثنا شعبة، بهذا الإسناد ‏.‏ غير أن في، حديث غندر ‏ \"‏ ومن ترك كلا وليته ‏\"‏ ‏.‏",
        "note": "",
        "grade_id": 2,
        "grade": "সহিহ হাদিস",
        "grade_color": "#46B891"
      }
    ]
  }
]