[
  {
    "id": 3627,
    "book_id": 2,
    "book_name": "muslim",
    "chapter_id": 42,
    "section_id": 1,
    "title": "কবিতা সম্পর্কিত",
    "preface": "",
    "number": "১. অধ্যায়ঃ",
    "sort_order": 1,
    "hadiths": [
      {
        "id": 8640,
        "book_id": 2,
        "book_name": "সহিহ মুসলিম",
        "chapter_id": 42,
        "section_id": 1,
        "hadith_key": "সহিহ মুসলিম: ৫৭৭৮",
        "hadith_id": 5778,
        "narrator": "‘আম্‌র ইবনু শারীদ (রহঃ)",
        "bn": "তিনি বলেন, একদিন আমি রসূলুল্লাহ (সাল্লাল্লাহু ‘আলাইহি ওয়া সাল্লাম) এর (বাহনে) সফরসঙ্গী হলাম। তিনি বললেন, তোমার স্মৃতিতে (কবি) উমাইয়াহ্‌ ইবনু আবুস্‌ সাল্‌ত-এর কবিতার কোন কিছু আছে কি? আমি বললাম, হ্যাঁ, তিনি বললেন, পড়ো। আমি তখন তাঁকে একটি লাইন আবৃতি করে শুনালাম। তিনি বললেন, বলতে থাকো, তখন আমি তাঁকে আরও একটি শ্লোক পাঠ করে শুনালাম। তিনি আবার বললেন, বলতে থাকো। শেষ অবধি আমি তাঁকে একশ’টি ছন্দ আবৃত্তি করে শুনালাম। (ই.ফা. ৫৬৮৯, ই.সে. ৫৭২০)",
        "ar": "حَدَّثَنَا عَمْرٌو النَّاقِدُ، وَابْنُ أَبِي عُمَرَ، كِلاَهُمَا عَنِ ابْنِ عُيَيْنَةَ، قَالَ ابْنُ أَبِي عُمَرَ حَدَّثَنَا سُفْيَانُ، عَنْ إِبْرَاهِيمَ بْنِ مَيْسَرَةَ، عَنْ عَمْرِو بْنِ الشَّرِيدِ، عَنْ أَبِيهِ، قَالَ رَدِفْتُ رَسُولَ اللَّهِ صلى الله عليه وسلم يَوْمًا فَقَالَ ‏\"‏ هَلْ مَعَكَ مِنْ شِعْرِ أُمَيَّةَ بْنِ أَبِي الصَّلْتِ شَيْئًا ‏\"‏ ‏.‏ قُلْتُ نَعَمْ قَالَ ‏\"‏ هِيهِ ‏\"‏ ‏.‏ فَأَنْشَدْتُهُ بَيْتًا فَقَالَ ‏\"‏ هِيهِ ‏\"‏ ‏.‏ ثُمَّ أَنْشَدْتُهُ بَيْتًا فَقَالَ ‏\"‏ هِيهِ ‏\"‏ ‏.‏ حَتَّى أَنْشَدْتُهُ مِائَةَ بَيْتٍ ‏.‏",
        "ar_diacless": "حدثنا عمرو الناقد، وابن أبي عمر، كلاهما عن ابن عيينة، قال ابن أبي عمر حدثنا سفيان، عن إبراهيم بن ميسرة، عن عمرو بن الشريد، عن أبيه، قال ردفت رسول الله صلى الله عليه وسلم يوما فقال ‏\"‏ هل معك من شعر أمية بن أبي الصلت شيئا ‏\"‏ ‏.‏ قلت نعم قال ‏\"‏ هيه ‏\"‏ ‏.‏ فأنشدته بيتا فقال ‏\"‏ هيه ‏\"‏ ‏.‏ ثم أنشدته بيتا فقال ‏\"‏ هيه ‏\"‏ ‏.‏ حتى أنشدته مائة بيت ‏.‏",
        "note": "",
        "grade_id": 2,
        "grade": "সহিহ হাদিস",
        "grade_color": "#46B891"
      },
      {
        "id": 8641,
        "book_id": 2,
        "book_name": "সহিহ মুসলিম",
        "chapter_id": 42,
        "section_id": 1,
        "hadith_key": "সহিহ মুসলিম: ৫৭৭৯",
        "hadith_id": 5779,
        "narrator": "শারীদ (রাঃ",
        "bn": "তিনি বলেন, রসূলুল্লাহ (সাল্লাল্লাহু ‘আলাইহি ওয়া সাল্লাম) আমাকে তাঁর (বাহনে) পশ্চাতে সহ-আরোহী বানালেন। ... তারপর তারা পূর্বোল্লিখিত হাদীসের হুবহু উল্লেখ করেন। (ই.ফা. ৫৬৮৯, ই.সে. ৫৭২১)",
        "ar": "وَحَدَّثَنِيهِ زُهَيْرُ بْنُ حَرْبٍ، وَأَحْمَدُ بْنُ عَبْدَةَ، جَمِيعًا عَنِ ابْنِ عُيَيْنَةَ، عَنْ إِبْرَاهِيمَ، بْنِ مَيْسَرَةَ عَنْ عَمْرِو بْنِ الشَّرِيدِ، أَوْ يَعْقُوبَ بْنِ عَاصِمٍ عَنِ الشَّرِيدِ، قَالَ أَرْدَفَنِي رَسُولُ اللَّهِ صلى الله عليه وسلم خَلْفَهُ ‏.‏ فَذَكَرَ بِمِثْلِهِ ‏.‏",
        "ar_diacless": "وحدثنيه زهير بن حرب، وأحمد بن عبدة، جميعا عن ابن عيينة، عن إبراهيم، بن ميسرة عن عمرو بن الشريد، أو يعقوب بن عاصم عن الشريد، قال أردفني رسول الله صلى الله عليه وسلم خلفه ‏.‏ فذكر بمثله ‏.‏",
        "note": "",
        "grade_id": 2,
        "grade": "সহিহ হাদিস",
        "grade_color": "#46B891"
      },
      {
        "id": 8642,
        "book_id": 2,
        "book_name": "সহিহ মুসলিম",
        "chapter_id": 42,
        "section_id": 1,
        "hadith_key": "সহিহ মুসলিম: ৫৭৮০",
        "hadith_id": 5780,
        "narrator": "‘আম্‌র ইবনু শারীদ তাঁর পিতা শারীদ (রাঃ)",
        "bn": "তিনি বলেন রসূলুল্লাহ (সাল্লাল্লাহু ‘আলাইহি ওয়া সাল্লাম) আমাকে কবিতা আবৃত্তি করে শুনাতে বললেন, তারপর (উপরোক্ত) বর্ণনাকারী ইব্‌রাহীম ইবনু মাইসারাহ্‌ (রহ;) বর্ণিত হাদীসের অবিকল হাদীস বর্ণনা করেছেন। আর এছাড়াও তিনি বর্ধিত বলেছেন, তিনি (সাল্লাল্লাহু ‘আলাইহি ওয়া সাল্লাম) বললেনঃ ‘সে তো মুসলিম হয়ে গিয়েছিল প্রায়’। আর (অন্য সানাদের) বর্ণনাকারী ইবনু মাহ্‌দী (রহঃ) বর্ণিত হাদীসে আছে, তিনি বললেন, সে তো তার কবিতায় মুসলিম হওয়ার নিকটবর্তী হয়ে গিয়েছিল। (ই.ফা. ৫৬৯০, ই.সে. ৫৭২২)",
        "ar": "وَحَدَّثَنَا يَحْيَى بْنُ يَحْيَى، أَخْبَرَنَا الْمُعْتَمِرُ بْنُ سُلَيْمَانَ، ح وَحَدَّثَنَا زُهَيْرُ بْنُ حَرْبٍ، حَدَّثَنَا عَبْدُ الرَّحْمَنِ بْنُ مَهْدِيٍّ، كِلاَهُمَا عَنْ عَبْدِ اللَّهِ بْنِ عَبْدِ الرَّحْمَنِ الطَّائِفِيِّ، عَنْ عَمْرِو، بْنِ الشَّرِيدِ عَنْ أَبِيهِ، قَالَ اسْتَنْشَدَنِي رَسُولُ اللَّهِ صلى الله عليه وسلم ‏.‏ بِمِثْلِ حَدِيثِ إِبْرَاهِيمَ بْنِ مَيْسَرَةَ وَزَادَ قَالَ ‏\"‏ إِنْ كَادَ لَيُسْلِمُ ‏\"‏ ‏.‏ وَفِي حَدِيثِ ابْنِ مَهْدِيٍّ قَالَ ‏\"‏ فَلَقَدْ كَادَ يُسْلِمُ فِي شِعْرِهِ ‏\"‏ ‏.‏",
        "ar_diacless": "وحدثنا يحيى بن يحيى، أخبرنا المعتمر بن سليمان، ح وحدثنا زهير بن حرب، حدثنا عبد الرحمن بن مهدي، كلاهما عن عبد الله بن عبد الرحمن الطائفي، عن عمرو، بن الشريد عن أبيه، قال استنشدني رسول الله صلى الله عليه وسلم ‏.‏ بمثل حديث إبراهيم بن ميسرة وزاد قال ‏\"‏ إن كاد ليسلم ‏\"‏ ‏.‏ وفي حديث ابن مهدي قال ‏\"‏ فلقد كاد يسلم في شعره ‏\"‏ ‏.‏",
        "note": "",
        "grade_id": 2,
        "grade": "সহিহ হাদিস",
        "grade_color": "#46B891"
      },
      {
        "id": 8643,
        "book_id": 2,
        "book_name": "সহিহ মুসলিম",
        "chapter_id": 42,
        "section_id": 1,
        "hadith_key": "সহিহ মুসলিম: ৫৭৮১",
        "hadith_id": 5781,
        "narrator": "আবূ হুরাইরাহ্‌ (রাঃ)",
        "bn": "তিনি বলেন, আরবদের কবিতামালার মধ্যে সবচেয়ে বেশী কাব্যময় বাণী হচ্ছে লাবীদের এ উক্তি। যেমন- (আরবী) “জেনে রেখ, আল্লাহ ছাড়া যা কিছু রয়েছে সব বাতিল।“ (ই.ফা. ৫৬৯১, ই.সে. ৫৭২৩)",
        "ar": "حَدَّثَنِي أَبُو جَعْفَرٍ، مُحَمَّدُ بْنُ الصَّبَّاحِ وَعَلِيُّ بْنُ حُجْرٍ السَّعْدِيُّ جَمِيعًا عَنْ شَرِيكٍ، قَالَ ابْنُ حُجْرٍ أَخْبَرَنَا شَرِيكٌ، عَنْ عَبْدِ الْمَلِكِ بْنِ عُمَيْرٍ، عَنْ أَبِي سَلَمَةَ، عَنْ أَبِي هُرَيْرَةَ، عَنِ النَّبِيِّ صلى الله عليه وسلم قَالَ ‏ \"‏ أَشْعَرُ كَلِمَةٍ تَكَلَّمَتْ بِهَا الْعَرَبُ كَلِمَةُ لَبِيدٍ أَلاَ كُلُّ شَىْءٍ مَا خَلاَ اللَّهَ بَاطِلٌ ‏\"‏ ‏.‏",
        "ar_diacless": "حدثني أبو جعفر، محمد بن الصباح وعلي بن حجر السعدي جميعا عن شريك، قال ابن حجر أخبرنا شريك، عن عبد الملك بن عمير، عن أبي سلمة، عن أبي هريرة، عن النبي صلى الله عليه وسلم قال ‏ \"‏ أشعر كلمة تكلمت بها العرب كلمة لبيد ألا كل شىء ما خلا الله باطل ‏\"‏ ‏.‏",
        "note": "",
        "grade_id": 2,
        "grade": "সহিহ হাদিস",
        "grade_color": "#46B891"
      },
      {
        "id": 8644,
        "book_id": 2,
        "book_name": "সহিহ মুসলিম",
        "chapter_id": 42,
        "section_id": 1,
        "hadith_key": "সহিহ মুসলিম: ৫৭৮২",
        "hadith_id": 5782,
        "narrator": "আবূ হুরাইরাহ্‌ (রাঃ)",
        "bn": "তিনি বলেন, রসূলুল্লাহ (সাল্লাল্লাহু ‘আলাইহি ওয়া সাল্লাম) বলেছেনঃ কবির কবিতার মাঝে সর্বাধিক সত্য বাণী লাবীদের কথা- (আরবী) ‘আল্লাহ ব্যতীত যা রয়েছে সব বাতিল।‘\nআর উমাইয়াহ্‌ ইবনু আবুস্‌ সাল্‌ত তো প্রায় মুসলিম হয়েই গিয়েছিলেন। (ই.ফা. ৫৬৯২, ই.সে. ৫৭২৪)",
        "ar": "وَحَدَّثَنِي مُحَمَّدُ بْنُ حَاتِمِ بْنِ مَيْمُونٍ، حَدَّثَنَا ابْنُ مَهْدِيٍّ، عَنْ سُفْيَانَ، عَنْ عَبْدِ الْمَلِكِ، بْنِ عُمَيْرٍ حَدَّثَنَا أَبُو سَلَمَةَ، عَنْ أَبِي هُرَيْرَةَ، قَالَ قَالَ رَسُولُ اللَّهِ صلى الله عليه وسلم ‏ \"‏ أَصْدَقُ كَلِمَةٍ قَالَهَا شَاعِرٌ كَلِمَةُ لَبِيدٍ أَلاَ كُلُّ شَىْءٍ مَا خَلاَ اللَّهَ بَاطِلٌ وَكَادَ أُمَيَّةُ بْنُ أَبِي الصَّلْتِ أَنْ يُسْلِمَ ‏\"‏ ‏.‏",
        "ar_diacless": "وحدثني محمد بن حاتم بن ميمون، حدثنا ابن مهدي، عن سفيان، عن عبد الملك، بن عمير حدثنا أبو سلمة، عن أبي هريرة، قال قال رسول الله صلى الله عليه وسلم ‏ \"‏ أصدق كلمة قالها شاعر كلمة لبيد ألا كل شىء ما خلا الله باطل وكاد أمية بن أبي الصلت أن يسلم ‏\"‏ ‏.‏",
        "note": "",
        "grade_id": 2,
        "grade": "সহিহ হাদিস",
        "grade_color": "#46B891"
      },
      {
        "id": 8645,
        "book_id": 2,
        "book_name": "সহিহ মুসলিম",
        "chapter_id": 42,
        "section_id": 1,
        "hadith_key": "সহিহ মুসলিম: ৫৭৮৩",
        "hadith_id": 5783,
        "narrator": "আবূ হুরাইয়াহ্‌ (রাঃ)",
        "bn": "রসূলুল্লাহ (সাল্লাল্লাহু ‘আলাইহি ওয়া সাল্লাম) বলেছেনঃ সবচেয়ে বেশী সত্য শ্লোক যা কোন কবি বলেছেন (তা হলো) (আরবী) ‘আল্লাহ ব্যতীত যা কিছু আছে, সব ব্যর্থ ও বাতিল।‘ \nআর ইবনু আবুস্‌ সাল্‌ত তো প্রায় মুসলিম হয়ে গিয়েছিল। (ই.ফা. ৫৬৯৩, ই.সে. ৫৭২৫)",
        "ar": "وَحَدَّثَنِي ابْنُ أَبِي عُمَرَ، حَدَّثَنَا سُفْيَانُ، عَنْ زَائِدَةَ، عَنْ عَبْدِ الْمَلِكِ بْنِ عُمَيْرٍ، عَنْ أَبِي سَلَمَةَ بْنِ عَبْدِ الرَّحْمَنِ، عَنْ أَبِي هُرَيْرَةَ، أَنَّ رَسُولَ اللَّهِ صلى الله عليه وسلم قَالَ ‏ \"‏ أَصْدَقُ بَيْتٍ قَالَهُ الشَّاعِرُ أَلاَ كُلُّ شَىْءٍ مَا خَلاَ اللَّهَ بَاطِلٌ وَكَادَ ابْنُ أَبِي الصَّلْتِ أَنْ يُسْلِمَ ‏\"‏ ‏.‏",
        "ar_diacless": "وحدثني ابن أبي عمر، حدثنا سفيان، عن زائدة، عن عبد الملك بن عمير، عن أبي سلمة بن عبد الرحمن، عن أبي هريرة، أن رسول الله صلى الله عليه وسلم قال ‏ \"‏ أصدق بيت قاله الشاعر ألا كل شىء ما خلا الله باطل وكاد ابن أبي الصلت أن يسلم ‏\"‏ ‏.‏",
        "note": "",
        "grade_id": 2,
        "grade": "সহিহ হাদিস",
        "grade_color": "#46B891"
      },
      {
        "id": 8646,
        "book_id": 2,
        "book_name": "সহিহ মুসলিম",
        "chapter_id": 42,
        "section_id": 1,
        "hadith_key": "সহিহ মুসলিম: ৫৭৮৪",
        "hadith_id": 5784,
        "narrator": "আবূ হুরাইরাহ্‌ (রাঃ)",
        "bn": "তিনি বলেন, কবিগণ যা বলেছেন, তার মধ্যে সবচেয়ে বেশী সত্য পংক্তি হলো- (আরবী) “জেনে রেখ, আল্লাহ ছাড়া আর যা কিছু আছে সব বাতিল ও ধ্বংসপ্রাপ্ত”। (ই.ফা. ৫৬৯৪, ই.সে. ৫৭২৬)",
        "ar": "وَحَدَّثَنَا مُحَمَّدُ بْنُ الْمُثَنَّى، حَدَّثَنَا مُحَمَّدُ بْنُ جَعْفَرٍ، حَدَّثَنَا شُعْبَةُ، عَنْ عَبْدِ الْمَلِكِ بْنِ، عُمَيْرٍ عَنْ أَبِي سَلَمَةَ، عَنْ أَبِي هُرَيْرَةَ، عَنِ النَّبِيِّ صلى الله عليه وسلم قَالَ ‏ \"‏ أَصْدَقُ بَيْتٍ قَالَتْهُ الشُّعَرَاءُ أَلاَ كُلُّ شَىْءٍ مَا خَلاَ اللَّهَ بَاطِلٌ ‏\"‏ ‏.‏",
        "ar_diacless": "وحدثنا محمد بن المثنى، حدثنا محمد بن جعفر، حدثنا شعبة، عن عبد الملك بن، عمير عن أبي سلمة، عن أبي هريرة، عن النبي صلى الله عليه وسلم قال ‏ \"‏ أصدق بيت قالته الشعراء ألا كل شىء ما خلا الله باطل ‏\"‏ ‏.‏",
        "note": "",
        "grade_id": 2,
        "grade": "সহিহ হাদিস",
        "grade_color": "#46B891"
      },
      {
        "id": 8647,
        "book_id": 2,
        "book_name": "সহিহ মুসলিম",
        "chapter_id": 42,
        "section_id": 1,
        "hadith_key": "সহিহ মুসলিম: ৫৭৮৫",
        "hadith_id": 5785,
        "narrator": "আবূ হুরাইরাহ্‌ (রাঃ)",
        "bn": "তিনি বলেন, আমি রসূলুল্লাহ (স.)-কে বলতে শুনেছি কোন কবি যা বলে তার মধ্যে অধিকতর সত্য কথা হলো লাবীদ-এর কথা (আরবী) “জেনে রেখ! আল্লাহ ব্যতীত যা কিছু আছে, তা বাতিল।“ \nএ রাবী এর বেশি বলেননি। (ই.ফা. ৫৬৯৫, ই.সে. ৫৭২৭)",
        "ar": "وَحَدَّثَنَا يَحْيَى بْنُ يَحْيَى، أَخْبَرَنَا يَحْيَى بْنُ زَكَرِيَّاءَ، عَنْ إِسْرَائِيلَ، عَنْ عَبْدِ الْمَلِكِ، بْنِ عُمَيْرٍ عَنْ أَبِي سَلَمَةَ بْنِ عَبْدِ الرَّحْمَنِ، قَالَ سَمِعْتُ أَبَا هُرَيْرَةَ، يَقُولُ سَمِعْتُ رَسُولَ اللَّهِ صلى الله عليه وسلم يَقُولُ ‏ \"‏ إِنَّ أَصْدَقَ كَلِمَةٍ قَالَهَا شَاعِرٌ كَلِمَةُ لَبِيدٍ أَلاَ كُلُّ شَىْءٍ مَا خَلاَ اللَّهَ بَاطِلٌ ‏\"‏ ‏.‏ مَا زَادَ عَلَى ذَلِكَ ‏.‏",
        "ar_diacless": "وحدثنا يحيى بن يحيى، أخبرنا يحيى بن زكرياء، عن إسرائيل، عن عبد الملك، بن عمير عن أبي سلمة بن عبد الرحمن، قال سمعت أبا هريرة، يقول سمعت رسول الله صلى الله عليه وسلم يقول ‏ \"‏ إن أصدق كلمة قالها شاعر كلمة لبيد ألا كل شىء ما خلا الله باطل ‏\"‏ ‏.‏ ما زاد على ذلك ‏.‏",
        "note": "",
        "grade_id": 2,
        "grade": "সহিহ হাদিস",
        "grade_color": "#46B891"
      },
      {
        "id": 8648,
        "book_id": 2,
        "book_name": "সহিহ মুসলিম",
        "chapter_id": 42,
        "section_id": 1,
        "hadith_key": "সহিহ মুসলিম: ৫৭৮৬",
        "hadith_id": 5786,
        "narrator": "আবূ হুরাইরাহ্‌ (রাঃ)",
        "bn": "তিনি বলেন, রসূলুল্লাহ (সাল্লাল্লাহু ‘আলাইহি ওয়া সাল্লাম) বলেছেনঃ কোন লোকের পেট পুঁজ দিয়ে ভর্তি হয়ে যাওয়া যা তার পেট পঁচিয়ে বিনষ্ট করে দেয়, তা (পেট) কবিতায় ভর্তি হওয়ার চাইতে উত্তম। \nবর্ণনাকারী আবূ বাক্‌র (রহঃ) বলেন, তবে (আমার উস্তায বর্ণনাকারী) হাফ্‌স (রহঃ) এর বর্ণনাতে (আরবী) তথা ‘পঁচিয়ে বিনষ্ট করে দেয়’ কথাটি বলেননি। (ই.ফা. ৫৬৯৬, ই.সে. ৫৭২৮)",
        "ar": "حَدَّثَنَا أَبُو بَكْرِ بْنُ أَبِي شَيْبَةَ، حَدَّثَنَا حَفْصٌ، وَأَبُو مُعَاوِيَةَ ح وَحَدَّثَنَا أَبُو كُرَيْبٍ، حَدَّثَنَا أَبُو مُعَاوِيَةَ، كِلاَهُمَا عَنِ الأَعْمَشِ، ح وَحَدَّثَنَا أَبُو سَعِيدٍ الأَشَجُّ، حَدَّثَنَا وَكِيعٌ، حَدَّثَنَا الأَعْمَشُ، عَنْ أَبِي صَالِحٍ، عَنْ أَبِي هُرَيْرَةَ، قَالَ قَالَ رَسُولُ اللَّهِ صلى الله عليه وسلم ‏\"‏ لأَنْ يَمْتَلِئَ جَوْفُ الرَّجُلِ قَيْحًا يَرِيهِ خَيْرٌ مِنْ أَنْ يَمْتَلِئَ شِعْرًا ‏\"‏ ‏.‏ قَالَ أَبُو بَكْرٍ إِلاَّ أَنَّ حَفْصًا لَمْ يَقُلْ ‏\"‏ يَرِيهِ ‏\"‏ ‏.‏",
        "ar_diacless": "حدثنا أبو بكر بن أبي شيبة، حدثنا حفص، وأبو معاوية ح وحدثنا أبو كريب، حدثنا أبو معاوية، كلاهما عن الأعمش، ح وحدثنا أبو سعيد الأشج، حدثنا وكيع، حدثنا الأعمش، عن أبي صالح، عن أبي هريرة، قال قال رسول الله صلى الله عليه وسلم ‏\"‏ لأن يمتلئ جوف الرجل قيحا يريه خير من أن يمتلئ شعرا ‏\"‏ ‏.‏ قال أبو بكر إلا أن حفصا لم يقل ‏\"‏ يريه ‏\"‏ ‏.‏",
        "note": "",
        "grade_id": 2,
        "grade": "সহিহ হাদিস",
        "grade_color": "#46B891"
      },
      {
        "id": 8649,
        "book_id": 2,
        "book_name": "সহিহ মুসলিম",
        "chapter_id": 42,
        "section_id": 1,
        "hadith_key": "সহিহ মুসলিম: ৫৭৮৭",
        "hadith_id": 5787,
        "narrator": "সা’দ (রাঃ)",
        "bn": "তিনি বলেন, কোন লোকের পেট পুঁজ দিয়ে ভরাট হয়ে যাওয়া যা তার পেটকে পঁচিয়ে বিনষ্ট করে দেয়, তা কবিতায় ভর্তি হওয়ার চেয়ে উত্তম। (ই.ফা. ৫৬৯৭, ই.সে. ৫৭২৯)",
        "ar": "حَدَّثَنَا مُحَمَّدُ بْنُ الْمُثَنَّى، وَمُحَمَّدُ بْنُ بَشَّارٍ، قَالاَ حَدَّثَنَا مُحَمَّدُ بْنُ جَعْفَرٍ، حَدَّثَنَا شُعْبَةُ، عَنْ قَتَادَةَ، عَنْ يُونُسَ بْنِ جُبَيْرٍ، عَنْ مُحَمَّدِ بْنِ سَعْدٍ، عَنْ سَعْدٍ، عَنِ النَّبِيِّ صلى الله عليه وسلم قَالَ ‏ \"‏ لأَنْ يَمْتَلِئَ جَوْفُ أَحَدِكُمْ قَيْحًا يَرِيهِ خَيْرٌ مِنْ أَنْ يَمْتَلِئَ شِعْرًا ‏\"‏ ‏.‏",
        "ar_diacless": "حدثنا محمد بن المثنى، ومحمد بن بشار، قالا حدثنا محمد بن جعفر، حدثنا شعبة، عن قتادة، عن يونس بن جبير، عن محمد بن سعد، عن سعد، عن النبي صلى الله عليه وسلم قال ‏ \"‏ لأن يمتلئ جوف أحدكم قيحا يريه خير من أن يمتلئ شعرا ‏\"‏ ‏.‏",
        "note": "",
        "grade_id": 2,
        "grade": "সহিহ হাদিস",
        "grade_color": "#46B891"
      },
      {
        "id": 8650,
        "book_id": 2,
        "book_name": "সহিহ মুসলিম",
        "chapter_id": 42,
        "section_id": 1,
        "hadith_key": "সহিহ মুসলিম: ৫৭৮৮",
        "hadith_id": 5788,
        "narrator": "আবূ সা’ঈদ খুদরী (রাঃ)",
        "bn": "তিনি বলেন, আমরা রসূলুল্লাহ (সাল্লাল্লাহু ‘আলাইহি ওয়া সাল্লাম) এর সঙ্গে ‘আর্‌জ অঞ্চলে ভ্রমণ করছিলাম। সে সময় এক কবি কবিতা আবৃত্তি করতে করতে আসতে লাগল। তখন রসূলুল্লাহ (সাল্লাল্লাহু ‘আলাইহি ওয়া সাল্লাম) বললেনঃ শাইতানটাকে ধরে ফেল, অথবা (বর্ণনায় সংশয় তিনি বললেন) শাইতানটাকে বাধা দাও। কোন ব্যক্তির পেট পুঁজ ভর্তি হয়ে যাওয়া কবিতায় ভর্তি হওয়া হতে উত্তম। (ই.ফা. ৫৬৯৮, ই.সে. ৫৭৩০)",
        "ar": "حَدَّثَنَا قُتَيْبَةُ بْنُ سَعِيدٍ الثَّقَفِيُّ، حَدَّثَنَا لَيْثٌ، عَنِ ابْنِ الْهَادِ، عَنْ يُحَنِّسَ، مَوْلَى مُصْعَبِ بْنِ الزُّبَيْرِ عَنْ أَبِي سَعِيدٍ الْخُدْرِيِّ، قَالَ بَيْنَا نَحْنُ نَسِيرُ مَعَ رَسُولِ اللَّهِ صلى الله عليه وسلم بِالْعَرْجِ إِذْ عَرَضَ شَاعِرٌ يُنْشِدُ فَقَالَ رَسُولُ اللَّهِ صلى الله عليه وسلم ‏ \"‏ خُذُوا الشَّيْطَانَ أَوْ أَمْسِكُوا الشَّيْطَانَ لأَنْ يَمْتَلِئَ جَوْفُ رَجُلٍ قَيْحًا خَيْرٌ لَهُ مِنْ أَنْ يَمْتَلِئَ شِعْرًا ‏\"‏ ‏.‏",
        "ar_diacless": "حدثنا قتيبة بن سعيد الثقفي، حدثنا ليث، عن ابن الهاد، عن يحنس، مولى مصعب بن الزبير عن أبي سعيد الخدري، قال بينا نحن نسير مع رسول الله صلى الله عليه وسلم بالعرج إذ عرض شاعر ينشد فقال رسول الله صلى الله عليه وسلم ‏ \"‏ خذوا الشيطان أو أمسكوا الشيطان لأن يمتلئ جوف رجل قيحا خير له من أن يمتلئ شعرا ‏\"‏ ‏.‏",
        "note": "",
        "grade_id": 2,
        "grade": "সহিহ হাদিস",
        "grade_color": "#46B891"
      }
    ]
  },
  {
    "id": 4917,
    "book_id": 2,
    "book_name": "muslim",
    "chapter_id": 42,
    "section_id": 2,
    "title": "পাশা খেলা হারাম হওয়া প্রসঙ্গ",
    "preface": "",
    "number": "২. অধ্যায়ঃ",
    "sort_order": 2,
    "hadiths": [
      {
        "id": 9442,
        "book_id": 2,
        "book_name": "সহিহ মুসলিম",
        "chapter_id": 42,
        "section_id": 2,
        "hadith_key": "সহিহ মুসলিম: ৫৭৮৯",
        "hadith_id": 5789,
        "narrator": "বুরাইদাহ্‌ (রাঃ)",
        "bn": "নবী (সাল্লাল্লাহু ‘আলাইহি ওয়া সাল্লাম) বলেছেনঃ যে লোক পাশা খেলা খেলল, সে যেন তার হাত শুকরের গোশত ও রক্তে রঙ্গিন করে তুলল। (ই.ফা. ৫৬৯৯, ই.সে. ৫৭৩১)",
        "ar": "حَدَّثَنِي زُهَيْرُ بْنُ حَرْبٍ، حَدَّثَنَا عَبْدُ الرَّحْمَنِ بْنُ مَهْدِيٍّ، عَنْ سُفْيَانَ، عَنْ عَلْقَمَةَ بْنِ، مَرْثَدٍ عَنْ سُلَيْمَانَ بْنِ بُرَيْدَةَ، عَنْ أَبِيهِ، أَنَّ النَّبِيَّ صلى الله عليه وسلم قَالَ ‏ \"‏ مَنْ لَعِبَ بِالنَّرْدَشِيرِ فَكَأَنَّمَا صَبَغَ يَدَهُ فِي لَحْمِ خِنْزِيرٍ وَدَمِهِ ‏\"‏ ‏.‏",
        "ar_diacless": "حدثني زهير بن حرب، حدثنا عبد الرحمن بن مهدي، عن سفيان، عن علقمة بن، مرثد عن سليمان بن بريدة، عن أبيه، أن النبي صلى الله عليه وسلم قال ‏ \"‏ من لعب بالنردشير فكأنما صبغ يده في لحم خنزير ودمه ‏\"‏ ‏.‏",
        "note": "",
        "grade_id": 2,
        "grade": "সহিহ হাদিস",
        "grade_color": "#46B891"
      }
    ]
  }
]