[
  {
    "id": 4129,
    "book_id": 2,
    "book_name": "muslim",
    "chapter_id": 48,
    "section_id": 1,
    "title": "কুরআনের অস্পষ্ট আয়াতের অনুকরণ নিষিদ্ধ হওয়া ও এর অনুসারীদের হতে সতর্কতা অবলম্বন এবং কুরআনে বর্ণিত বিষয়ে মতভেদ নিষিদ্ধকরণ",
    "preface": "",
    "number": "১. অধ্যায়ঃ",
    "sort_order": 1,
    "hadiths": [
      {
        "id": 9428,
        "book_id": 2,
        "book_name": "সহিহ মুসলিম",
        "chapter_id": 48,
        "section_id": 1,
        "hadith_key": "সহিহ মুসলিম: ৬৬৬৮",
        "hadith_id": 6668,
        "narrator": "‘আয়িশাহ্ (রাঃ)",
        "bn": "তিনি বলেন, রসূলুল্লাহ (সাল্লাল্লাহু ‘আলাইহি ওয়া সাল্লাম) তিলাওয়াত করলেনঃ “তিনিই তোমার প্রতি এ কিতাবকে অবতীর্ণ করেছেন, যার কতক আয়াত সুস্পষ্ট মজবুত সাংবিধানিক; এগুলো কিতাবের মূলনীতি আর অন্যগুলো অস্পষ্ট। যাদের হৃদয়ে বক্রতা রয়েছে, শুধু তারাই ফিতনাহ্ এবং ভুল ব্যাখ্যার জন্য যা অস্পষ্ট তার অনুকরণ করে। মূলতঃ আল্লাহ ভিন্ন অন্য কেউ এর ব্যাখ্যা জানে না; আর যারা ‘ইল্‌মে সুগভীর তারা বলে, আমরা এতে বিশ্বাস করি, সবই আমাদের রবের নিকট থেকে সত্য এবং বুদ্ধিমান ছাড়া আর কেউ উপদেশ গ্রহণ করে না” – (সূরাহ্ আ-লি ‘ইমরান ৩ : ৭)। তিনি (‘আয়িশাহ্) বলেন, রসূলুল্লাহ (সাল্লাল্লাহু ‘আলাইহি ওয়া সাল্লাম) বলেছেনঃ তোমরা সেসব লোকদের দেখতে পাবে যারা অস্পষ্ট আয়াতের অর্থের অনুসরণ করে, এরাই সেসব ব্যক্তি, যাদের কথা আল্লাহ আলোচনা করেছেন, সুতরাং তোমরা তাদের থেকে সতর্ক থাক। (ই. ফা. ৬৫৩৩, ই. সে. ৬৫৮৫)",
        "ar": "حَدَّثَنَا عَبْدُ اللَّهِ بْنُ مَسْلَمَةَ بْنِ قَعْنَبٍ، حَدَّثَنَا يَزِيدُ بْنُ إِبْرَاهِيمَ التُّسْتَرِيُّ، عَنْ عَبْدِ، اللَّهِ بْنِ أَبِي مُلَيْكَةَ عَنِ الْقَاسِمِ بْنِ مُحَمَّدٍ، عَنْ عَائِشَةَ، قَالَتْ تَلاَ رَسُولُ اللَّهِ صلى الله عليه وسلم ‏{‏ هُوَ الَّذِي أَنْزَلَ عَلَيْكَ الْكِتَابَ مِنْهُ آيَاتٌ مُحْكَمَاتٌ هُنَّ أُمُّ الْكِتَابِ وَأُخَرُ مُتَشَابِهَاتٌ فَأَمَّا الَّذِينَ فِي قُلُوبِهِمْ زَيْغٌ فَيَتَّبِعُونَ مَا تَشَابَهَ مِنْهُ ابْتِغَاءَ الْفِتْنَةِ وَابْتِغَاءَ تَأْوِيلِهِ وَمَا يَعْلَمُ تَأْوِيلَهُ إِلاَّ اللَّهُ وَالرَّاسِخُونَ فِي الْعِلْمِ يَقُولُونَ آمَنَّا بِهِ كُلٌّ مِنْ عِنْدِ رَبِّنَا وَمَا يَذَّكَّرُ إِلاَّ أُولُو الأَلْبَابِ‏}‏ قَالَتْ قَالَ رَسُولُ اللَّهِ صلى الله عليه وسلم ‏\"‏ إِذَا رَأَيْتُمُ الَّذِينَ يَتَّبِعُونَ مَا تَشَابَهَ مِنْهُ فَأُولَئِكَ الَّذِينَ سَمَّى اللَّهُ فَاحْذَرُوهُمْ ‏\"‏ ‏.‏",
        "ar_diacless": "حدثنا عبد الله بن مسلمة بن قعنب، حدثنا يزيد بن إبراهيم التستري، عن عبد، الله بن أبي مليكة عن القاسم بن محمد، عن عائشة، قالت تلا رسول الله صلى الله عليه وسلم ‏{‏ هو الذي أنزل عليك الكتاب منه آيات محكمات هن أم الكتاب وأخر متشابهات فأما الذين في قلوبهم زيغ فيتبعون ما تشابه منه ابتغاء الفتنة وابتغاء تأويله وما يعلم تأويله إلا الله والراسخون في العلم يقولون آمنا به كل من عند ربنا وما يذكر إلا أولو الألباب‏}‏ قالت قال رسول الله صلى الله عليه وسلم ‏\"‏ إذا رأيتم الذين يتبعون ما تشابه منه فأولئك الذين سمى الله فاحذروهم ‏\"‏ ‏.‏",
        "note": "",
        "grade_id": 2,
        "grade": "সহিহ হাদিস",
        "grade_color": "#46B891"
      },
      {
        "id": 9425,
        "book_id": 2,
        "book_name": "সহিহ মুসলিম",
        "chapter_id": 48,
        "section_id": 1,
        "hadith_key": "সহিহ মুসলিম: ৬৬৬৯",
        "hadith_id": 6669,
        "narrator": "‘আবদুল্লাহ ইবনু ‘ আম্‌র (রাঃ)",
        "bn": "তিনি বলেন, কোন একদিন ভোরে আমি রসূলুল্লাহ (সাল্লাল্লাহু ‘আলাইহি ওয়া সাল্লাম)-এর নিকট আসলাম। তিনি বলেন, একদা তিনি কুরআনের একটি আয়াতের ব্যাপারে দু’ লোকের মতপার্থক্যের আওয়াজ শুনতে পেয়ে রসূলুল্লাহ (সাল্লাল্লাহু ‘আলাইহি ওয়া সাল্লাম) আমাদের মাঝে আসলেন, এ অবস্থায় তাঁর চেহারায় রাগের বহিঃপ্রকাশ হচ্ছিল। তিনি বললেন, তোমাদের পূর্ববর্তীরা একমাত্র আল্লাহর কিতাবে দ্বিমত করার কারণে ক্ষতিগ্রস্ত হয়ে গেছে। (ই. ফা. ৬৫৩৪, ই. সে. ৬৫৮৬)",
        "ar": "حَدَّثَنَا أَبُو كَامِلٍ، فُضَيْلُ بْنُ حُسَيْنٍ الْجَحْدَرِيُّ حَدَّثَنَا حَمَّادُ بْنُ زَيْدٍ، حَدَّثَنَا أَبُو عِمْرَانَ الْجَوْنِيُّ قَالَ كَتَبَ إِلَىَّ عَبْدُ اللَّهِ بْنُ رَبَاحٍ الأَنْصَارِيُّ أَنَّ عَبْدَ اللَّهِ بْنَ عَمْرٍو قَالَ هَجَّرْتُ إِلَى رَسُولِ اللَّهِ صلى الله عليه وسلم يَوْمًا - قَالَ - فَسَمِعَ أَصْوَاتَ رَجُلَيْنِ اخْتَلَفَا فِي آيَةٍ فَخَرَجَ عَلَيْنَا رَسُولُ اللَّهِ صلى الله عليه وسلم يُعْرَفُ فِي وَجْهِهِ الْغَضَبُ فَقَالَ ‏ \"‏ إِنَّمَا هَلَكَ مَنْ كَانَ قَبْلَكُمْ بِاخْتِلاَفِهِمْ فِي الْكِتَابِ ‏\"‏ ‏.‏",
        "ar_diacless": "حدثنا أبو كامل، فضيل بن حسين الجحدري حدثنا حماد بن زيد، حدثنا أبو عمران الجوني قال كتب إلى عبد الله بن رباح الأنصاري أن عبد الله بن عمرو قال هجرت إلى رسول الله صلى الله عليه وسلم يوما - قال - فسمع أصوات رجلين اختلفا في آية فخرج علينا رسول الله صلى الله عليه وسلم يعرف في وجهه الغضب فقال ‏ \"‏ إنما هلك من كان قبلكم باختلافهم في الكتاب ‏\"‏ ‏.‏",
        "note": "",
        "grade_id": 2,
        "grade": "সহিহ হাদিস",
        "grade_color": "#46B891"
      },
      {
        "id": 9427,
        "book_id": 2,
        "book_name": "সহিহ মুসলিম",
        "chapter_id": 48,
        "section_id": 1,
        "hadith_key": "সহিহ মুসলিম: ৬৬৭০",
        "hadith_id": 6670,
        "narrator": "জুনদুব ইবনু ‘আবদুল্লাহ (রাঃ)",
        "bn": "তিনি বলেন, রসূলুল্লাহ (সাল্লাল্লাহু ‘আলাইহি ওয়া সাল্লাম) বলেছেনঃ তোমরা কুরআন পাঠ করতে থাকো যতক্ষণ পর্যন্ত তোমাদের হৃদয়ে তার প্রতি আকর্ষণ থাকে। আর যখন তোমরা তাতে মতভেদ করবে তখন উঠে যাবে। (ই. ফা. ৬৫৩৫, ই. সে. ৬৫৮৭)",
        "ar": "حَدَّثَنَا يَحْيَى بْنُ يَحْيَى، أَخْبَرَنَا أَبُو قُدَامَةَ الْحَارِثُ بْنُ عُبَيْدٍ، عَنْ أَبِي عِمْرَانَ، عَنْ جُنْدُبِ بْنِ عَبْدِ اللَّهِ الْبَجَلِيِّ، قَالَ قَالَ رَسُولُ اللَّهِ صلى الله عليه وسلم ‏ \"‏ اقْرَءُوا الْقُرْآنَ مَا ائْتَلَفَتْ عَلَيْهِ قُلُوبُكُمْ فَإِذَا اخْتَلَفْتُمْ فِيهِ فَقُومُوا ‏\"‏ ‏.‏",
        "ar_diacless": "حدثنا يحيى بن يحيى، أخبرنا أبو قدامة الحارث بن عبيد، عن أبي عمران، عن جندب بن عبد الله البجلي، قال قال رسول الله صلى الله عليه وسلم ‏ \"‏ اقرءوا القرآن ما ائتلفت عليه قلوبكم فإذا اختلفتم فيه فقوموا ‏\"‏ ‏.‏",
        "note": "",
        "grade_id": 2,
        "grade": "সহিহ হাদিস",
        "grade_color": "#46B891"
      },
      {
        "id": 9424,
        "book_id": 2,
        "book_name": "সহিহ মুসলিম",
        "chapter_id": 48,
        "section_id": 1,
        "hadith_key": "সহিহ মুসলিম: ৬৬৭১",
        "hadith_id": 6671,
        "narrator": "জুনদুব ইবনু ‘আবদুল্লাহ (রাঃ)",
        "bn": "রসূলুল্লাহ (সাল্লাল্লাহু ‘আলাইহি ওয়া সাল্লাম) বলেছেনঃ যতক্ষণ পর্যন্ত তোমাদের মনের মধ্যে আকর্ষণ থাকে ততক্ষণ কুরআন পাঠ করো। আর যখন (মন) বিকর্ষিত হয়ে পড়ে তখন উঠে যাবে। (ই. ফা. ৬৫৩৬, ই. সে. ৬৫৮৮)",
        "ar": "حَدَّثَنِي إِسْحَاقُ بْنُ مَنْصُورٍ، أَخْبَرَنَا عَبْدُ الصَّمَدِ، حَدَّثَنَا هَمَّامٌ، حَدَّثَنَا أَبُو عِمْرَانَ، الْجَوْنِيُّ عَنْ جُنْدَبٍ، - يَعْنِي ابْنَ عَبْدِ اللَّهِ - أَنَّ رَسُولَ اللَّهِ صلى الله عليه وسلم قَالَ ‏ \"‏ اقْرَءُوا الْقُرْآنَ مَا ائْتَلَفَتْ عَلَيْهِ قُلُوبُكُمْ فَإِذَا اخْتَلَفْتُمْ فَقُومُوا ‏\"‏ ‏.‏",
        "ar_diacless": "حدثني إسحاق بن منصور، أخبرنا عبد الصمد، حدثنا همام، حدثنا أبو عمران، الجوني عن جندب، - يعني ابن عبد الله - أن رسول الله صلى الله عليه وسلم قال ‏ \"‏ اقرءوا القرآن ما ائتلفت عليه قلوبكم فإذا اختلفتم فقوموا ‏\"‏ ‏.‏",
        "note": "",
        "grade_id": 2,
        "grade": "সহিহ হাদিস",
        "grade_color": "#46B891"
      },
      {
        "id": 9426,
        "book_id": 2,
        "book_name": "সহিহ মুসলিম",
        "chapter_id": 48,
        "section_id": 1,
        "hadith_key": "সহিহ মুসলিম: ৬৬৭২",
        "hadith_id": 6672,
        "narrator": "আবূ ‘ইমরান (রাঃ)",
        "bn": "তিনি বলেন, ছোটবেলা আমরা কূফাতে ছিলাম। তখন জুনদুব (রাঃ) বলেন যে, রসূলুল্লাহ (সাল্লাল্লাহু ‘আলাইহি ওয়া সাল্লাম) বলেছেনঃ তোমরা কুরআন পাঠ করতে থাকো...... তাঁদের দু‘জনের হাদীসের ন্যায়। (ই. ফা. ৬৫৩৭, ই. সে. ৬৫৮৯)",
        "ar": "حَدَّثَنِي أَحْمَدُ بْنُ سَعِيدِ بْنِ صَخْرٍ الدَّارِمِيُّ، حَدَّثَنَا حَبَّانُ، حَدَّثَنَا أَبَانُ، حَدَّثَنَا أَبُو عِمْرَانَ قَالَ قَالَ لَنَا جُنْدَبٌ وَنَحْنُ غِلْمَانٌ بِالْكُوفَةِ قَالَ رَسُولُ اللَّهِ صلى الله عليه وسلم ‏ \"‏ اقْرَءُوا الْقُرْآنَ ‏\"‏ ‏.‏ بِمِثْلِ حَدِيثِهِمَا ‏.‏",
        "ar_diacless": "حدثني أحمد بن سعيد بن صخر الدارمي، حدثنا حبان، حدثنا أبان، حدثنا أبو عمران قال قال لنا جندب ونحن غلمان بالكوفة قال رسول الله صلى الله عليه وسلم ‏ \"‏ اقرءوا القرآن ‏\"‏ ‏.‏ بمثل حديثهما ‏.‏",
        "note": "",
        "grade_id": 2,
        "grade": "সহিহ হাদিস",
        "grade_color": "#46B891"
      }
    ]
  },
  {
    "id": 4130,
    "book_id": 2,
    "book_name": "muslim",
    "chapter_id": 48,
    "section_id": 2,
    "title": "সর্বাপেক্ষা বাক-বিতণ্ডা  প্রসঙ্গে",
    "preface": "",
    "number": "২. অধ্যায়ঃ",
    "sort_order": 2,
    "hadiths": [
      {
        "id": 9429,
        "book_id": 2,
        "book_name": "সহিহ মুসলিম",
        "chapter_id": 48,
        "section_id": 2,
        "hadith_key": "সহিহ মুসলিম: ৬৬৭৩",
        "hadith_id": 6673,
        "narrator": "‘আয়িশাহ্ (রাঃ)",
        "bn": "রসূলুল্লাহ (সাল্লাল্লাহু ‘আলাইহি ওয়া সাল্লাম) বলেছেনঃ আল্লাহর নিকট সর্বাপেক্ষা মন্দ সে লোক, যে সর্বাপেক্ষা বাক-বিতণ্ডাকারী। (ই.ফা. ৬৫৩৮, ই. সে. ৬৫৯০)",
        "ar": "حَدَّثَنَا أَبُو بَكْرِ بْنُ أَبِي شَيْبَةَ، حَدَّثَنَا وَكِيعٌ، عَنِ ابْنِ جُرَيْجٍ، عَنِ ابْنِ أَبِي مُلَيْكَةَ، عَنْ عَائِشَةَ، قَالَتْ قَالَ رَسُولُ اللَّهِ صلى الله عليه وسلم ‏ \"‏ إِنَّ أَبْغَضَ الرِّجَالِ إِلَى اللَّهِ الأَلَدُّ الْخَصِمُ ‏\"‏ ‏.‏",
        "ar_diacless": "حدثنا أبو بكر بن أبي شيبة، حدثنا وكيع، عن ابن جريج، عن ابن أبي مليكة، عن عائشة، قالت قال رسول الله صلى الله عليه وسلم ‏ \"‏ إن أبغض الرجال إلى الله الألد الخصم ‏\"‏ ‏.‏",
        "note": "",
        "grade_id": 2,
        "grade": "সহিহ হাদিস",
        "grade_color": "#46B891"
      }
    ]
  },
  {
    "id": 4131,
    "book_id": 2,
    "book_name": "muslim",
    "chapter_id": 48,
    "section_id": 3,
    "title": "ইয়াহূদী-খ্রিস্টানদের আদর্শ অনুকরণ",
    "preface": "",
    "number": "৩. অধ্যায়ঃ",
    "sort_order": 3,
    "hadiths": [
      {
        "id": 9430,
        "book_id": 2,
        "book_name": "সহিহ মুসলিম",
        "chapter_id": 48,
        "section_id": 3,
        "hadith_key": "সহিহ মুসলিম: ৬৬৭৪",
        "hadith_id": 6674,
        "narrator": "আবূ সাঈদ আল খুদরী (রাঃ)",
        "bn": "তিনি বলেন, রসূলুল্লাহ (সাল্লাল্লাহু ‘আলাইহি ওয়া সাল্লাম) বলেছেনঃ তোমরা তোমাদের আগের লোকের নীতি-আদর্শ পুরোপুরিভাবে অনুকরণ করবে, এক বিঘত এক বিঘতের সঙ্গে ও হাত হাতের সঙ্গে, এমনকি তারা যদি গোসর্পের গর্তে ঢুকে থাকে তবুও তোমরা তাদের অনুকরণ করবে। আমরা আবেদন করলাম, হে আল্লাহ্‌র রসূল (সাল্লাল্লাহু ‘আলাইহি ওয়া সাল্লাম)! তারা কি ইয়াহূদী ও নাসারা? তিনি বলেন, তবে আর কারা? (ই.ফা. ৬৫৩৯, ই. সে. ৬৫৯১)",
        "ar": "حَدَّثَنِي سُوَيْدُ بْنُ سَعِيدٍ، حَدَّثَنَا حَفْصُ بْنُ مَيْسَرَةَ، حَدَّثَنِي زَيْدُ بْنُ أَسْلَمَ، عَنْ عَطَاءِ، بْنِ يَسَارٍ عَنْ أَبِي سَعِيدٍ الْخُدْرِيِّ، قَالَ قَالَ رَسُولُ اللَّهِ صلى الله عليه وسلم ‏\"‏ لَتَتَّبِعُنَّ سَنَنَ الَّذِينَ مِنْ قَبْلِكُمْ شِبْرًا بِشِبْرٍ وَذِرَاعًا بِذِرَاعٍ حَتَّى لَوْ دَخَلُوا فِي جُحْرِ ضَبٍّ لاَتَّبَعْتُمُوهُمْ ‏\"‏ ‏.‏ قُلْنَا يَا رَسُولَ اللَّهِ آلْيَهُودَ وَالنَّصَارَى قَالَ ‏\"‏ فَمَنْ ‏\"‏ ‏.‏",
        "ar_diacless": "حدثني سويد بن سعيد، حدثنا حفص بن ميسرة، حدثني زيد بن أسلم، عن عطاء، بن يسار عن أبي سعيد الخدري، قال قال رسول الله صلى الله عليه وسلم ‏\"‏ لتتبعن سنن الذين من قبلكم شبرا بشبر وذراعا بذراع حتى لو دخلوا في جحر ضب لاتبعتموهم ‏\"‏ ‏.‏ قلنا يا رسول الله آليهود والنصارى قال ‏\"‏ فمن ‏\"‏ ‏.‏",
        "note": "",
        "grade_id": 2,
        "grade": "সহিহ হাদিস",
        "grade_color": "#46B891"
      },
      {
        "id": 11636,
        "book_id": 2,
        "book_name": "সহিহ মুসলিম",
        "chapter_id": 48,
        "section_id": 3,
        "hadith_key": "সহিহ মুসলিম: ৬৬৭৫",
        "hadith_id": 6675,
        "narrator": "যায়দ ইবনু আসলাম (রহঃ)",
        "bn": "যায়দ ইবনু আসলাম (রহঃ) হতে আমাদের কিছু সংখ্যক সহাবা (রাঃ) এ সূত্রে তার হুবহু হাদীস বর্ণনা করেছেন। (ই. ফা. ৬৫৩৯, ই. সে. ৬৫৯২)",
        "ar": "وَحَدَّثَنَا عِدَّةٌ، مِنْ أَصْحَابِنَا عَنْ سَعِيدِ بْنِ أَبِي مَرْيَمَ، أَخْبَرَنَا أَبُو غَسَّانَ، - وَهُوَ مُحَمَّدُ بْنُ مُطَرِّفٍ - عَنْ زَيْدِ بْنِ أَسْلَمَ، بِهَذَا الإِسْنَادِ نَحْوَهُ ‏.‏",
        "ar_diacless": "وحدثنا عدة، من أصحابنا عن سعيد بن أبي مريم، أخبرنا أبو غسان، - وهو محمد بن مطرف - عن زيد بن أسلم، بهذا الإسناد نحوه ‏.‏",
        "note": "",
        "grade_id": 2,
        "grade": "সহিহ হাদিস",
        "grade_color": "#46B891"
      },
      {
        "id": 11637,
        "book_id": 2,
        "book_name": "সহিহ মুসলিম",
        "chapter_id": 48,
        "section_id": 3,
        "hadith_key": "সহিহ মুসলিম: ৬৬৭৬",
        "hadith_id": 6676,
        "narrator": "‘আতা ইবনু ইয়াসার (রহঃ)",
        "bn": "‘আতা ইবনু ইয়াসার (রহঃ)-এর সানাদে যায়দ ইবনু আসলাম (রহঃ) তাঁর হুবহু হাদীস উল্লেখ করেছেন। (ই. ফা. ৬৫৩৯, ই. সে. ৬৫৯৩)",
        "ar": "قَالَ أَبُو إِسْحَاقَ إِبْرَاهِيمُ بْنُ مُحَمَّدٍ حَدَّثَنَا مُحَمَّدُ بْنُ يَحْيَى، حَدَّثَنَا ابْنُ أَبِي مَرْيَمَ، حَدَّثَنَا أَبُو غَسَّانَ، حَدَّثَنَا زَيْدُ بْنُ أَسْلَمَ، عَنْ عَطَاءِ بْنِ يَسَارٍ، ‏.‏ وَذَكَرَ الْحَدِيثَ نَحْوَهُ ‏.‏",
        "ar_diacless": "قال أبو إسحاق إبراهيم بن محمد حدثنا محمد بن يحيى، حدثنا ابن أبي مريم، حدثنا أبو غسان، حدثنا زيد بن أسلم، عن عطاء بن يسار، ‏.‏ وذكر الحديث نحوه ‏.‏",
        "note": "",
        "grade_id": 2,
        "grade": "সহিহ হাদিস",
        "grade_color": "#46B891"
      }
    ]
  },
  {
    "id": 4132,
    "book_id": 2,
    "book_name": "muslim",
    "chapter_id": 48,
    "section_id": 4,
    "title": "মাত্রাতিরিক্ত চাটুকারিতা ধ্বংস হয়েছে",
    "preface": "",
    "number": "৪. অধ্যায়ঃ",
    "sort_order": 4,
    "hadiths": [
      {
        "id": 9431,
        "book_id": 2,
        "book_name": "সহিহ মুসলিম",
        "chapter_id": 48,
        "section_id": 4,
        "hadith_key": "সহিহ মুসলিম: ৬৬৭৭",
        "hadith_id": 6677,
        "narrator": "‘আবদুল্লাহ ইবনু মাস‘উদ (রাঃ)",
        "bn": "তিনি বলেন, রসূলুল্লাহ (সাল্লাল্লাহু ‘আলাইহি ওয়া সাল্লাম) বলেছেনঃ অতিরিক্ত চাটুকারীরা ধ্বংসপ্রাপ্ত হয়ে গেছে। তিনি এ কথাটি তিনবার বলেছেন। (ই. ফা. ৬৫৪০, ই. সে. ৬৫৯৪)",
        "ar": "حَدَّثَنَا أَبُو بَكْرِ بْنُ أَبِي شَيْبَةَ، حَدَّثَنَا حَفْصُ بْنُ غِيَاثٍ، وَيَحْيَى بْنُ سَعِيدٍ، عَنِ ابْنِ، جُرَيْجٍ عَنْ سُلَيْمَانَ بْنِ عَتِيقٍ، عَنْ طَلْقِ بْنِ حَبِيبٍ، عَنِ الأَحْنَفِ بْنِ قَيْسٍ، عَنْ عَبْدِ اللَّهِ، قَالَ قَالَ رَسُولُ اللَّهِ صلى الله عليه وسلم ‏ \"‏ هَلَكَ الْمُتَنَطِّعُونَ ‏\"‏ ‏.‏ قَالَهَا ثَلاَثًا ‏.‏",
        "ar_diacless": "حدثنا أبو بكر بن أبي شيبة، حدثنا حفص بن غياث، ويحيى بن سعيد، عن ابن، جريج عن سليمان بن عتيق، عن طلق بن حبيب، عن الأحنف بن قيس، عن عبد الله، قال قال رسول الله صلى الله عليه وسلم ‏ \"‏ هلك المتنطعون ‏\"‏ ‏.‏ قالها ثلاثا ‏.‏",
        "note": "",
        "grade_id": 2,
        "grade": "সহিহ হাদিস",
        "grade_color": "#46B891"
      }
    ]
  },
  {
    "id": 4133,
    "book_id": 2,
    "book_name": "muslim",
    "chapter_id": 48,
    "section_id": 5,
    "title": "শেষ যামানায় ‘ইল্‌ম উঠে যাওয়া, অজ্ঞতা ও ফিতনা প্রকাশ পাওয়া প্রসঙ্গে",
    "preface": "",
    "number": "৫. অধ্যায়ঃ",
    "sort_order": 5,
    "hadiths": [
      {
        "id": 9432,
        "book_id": 2,
        "book_name": "সহিহ মুসলিম",
        "chapter_id": 48,
        "section_id": 5,
        "hadith_key": "সহিহ মুসলিম: ৬৬৭৮",
        "hadith_id": 6678,
        "narrator": "আনাস ইবনু মালিক (রাঃ)",
        "bn": "তিনি বলেন, রসূলুল্লাহ (সাল্লাল্লাহু ‘আলাইহি ওয়া সাল্লাম) বলেছেনঃ কিয়ামাতের নিদর্শনসমূহের অন্যতম নিদর্শন হলো ‘ইলম উঠে যাওয়া, অজ্ঞতা সাব্যস্ত হওয়া, মদ্যপান ও যিনার প্রসার ঘটা। (ই. ফা. ৬৫৪১, ই. সে. ৬৫৯৫)",
        "ar": "حَدَّثَنَا شَيْبَانُ بْنُ فَرُّوخَ، حَدَّثَنَا عَبْدُ الْوَارِثِ، حَدَّثَنَا أَبُو التَّيَّاحِ، حَدَّثَنِي أَنَسُ بْنُ، مَالِكٍ قَالَ قَالَ رَسُولُ اللَّهِ صلى الله عليه وسلم ‏ \"‏ مِنْ أَشْرَاطِ السَّاعَةِ أَنْ يُرْفَعَ الْعِلْمُ وَيَثْبُتَ الْجَهْلُ وَيُشْرَبَ الْخَمْرُ وَيَظْهَرَ الزِّنَا ‏\"‏ ‏.‏",
        "ar_diacless": "حدثنا شيبان بن فروخ، حدثنا عبد الوارث، حدثنا أبو التياح، حدثني أنس بن، مالك قال قال رسول الله صلى الله عليه وسلم ‏ \"‏ من أشراط الساعة أن يرفع العلم ويثبت الجهل ويشرب الخمر ويظهر الزنا ‏\"‏ ‏.‏",
        "note": "",
        "grade_id": 2,
        "grade": "সহিহ হাদিস",
        "grade_color": "#46B891"
      },
      {
        "id": 9437,
        "book_id": 2,
        "book_name": "সহিহ মুসলিম",
        "chapter_id": 48,
        "section_id": 5,
        "hadith_key": "সহিহ মুসলিম: ৬৬৭৯",
        "hadith_id": 6679,
        "narrator": "আনাস ইবনু মালিক (রাঃ)",
        "bn": "তিনি বলেন, আমি কি তোমাদের নিকট এমন একটি হাদীস আলোচনা করব, যা আমি রসূলুল্লাহ(সাল্লাল্লাহু ‘আলাইহি ওয়া সাল্লাম)-কে বলতে শুনেছি এবং আমার পরে এমন কেউ তা তোমাদের নিকট উল্লেখ করবে না যিনি সরাসরি তার কাছ থেকে তা শুনতে পেয়েছে? আমি তাঁর নিকট শুনেছি যে, কিয়ামাতের নিদর্শনসমূহের অন্যতম হচ্ছে ‘ইলম উঠিয়ে দেয়া, অজ্ঞতার বহিঃপ্রকাশ, ব্যভিচার প্রসার হবে, মদ্যপান প্রচলিত হবে, পুরুষ (-এর সংখ্যা) হ্রাস পাবে, নারীরা অবশিষ্ট থাকবে, এমনকি পঞ্চাশজন নারী একজন পুরুষের তত্ত্বাবধানে থাকবে। (ই.ফা. ৬৫৪২, ই. সে. ৬৫৯৬)",
        "ar": "حَدَّثَنَا مُحَمَّدُ بْنُ الْمُثَنَّى، وَابْنُ، بَشَّارٍ قَالاَ حَدَّثَنَا مُحَمَّدُ بْنُ جَعْفَرٍ، حَدَّثَنَا شُعْبَةُ، سَمِعْتُ قَتَادَةَ، يُحَدِّثُ عَنْ أَنَسِ بْنِ مَالِكٍ، قَالَ أَلاَ أُحَدِّثُكُمْ حَدِيثًا سَمِعْتُهُ مِنْ، رَسُولِ اللَّهِ صلى الله عليه وسلم لاَ يُحَدِّثُكُمْ أَحَدٌ بَعْدِي سَمِعَهُ مِنْهُ ‏ \"‏ إِنَّ مِنْ أَشْرَاطِ السَّاعَةِ أَنْ يُرْفَعَ الْعِلْمُ وَيَظْهَرَ الْجَهْلُ وَيَفْشُوَ الزِّنَا وَيُشْرَبَ الْخَمْرُ وَيَذْهَبَ الرِّجَالُ وَتَبْقَى النِّسَاءُ حَتَّى يَكُونَ لِخَمْسِينَ امْرَأَةً قَيِّمٌ وَاحِدٌ ‏\"‏ ‏.‏",
        "ar_diacless": "حدثنا محمد بن المثنى، وابن، بشار قالا حدثنا محمد بن جعفر، حدثنا شعبة، سمعت قتادة، يحدث عن أنس بن مالك، قال ألا أحدثكم حديثا سمعته من، رسول الله صلى الله عليه وسلم لا يحدثكم أحد بعدي سمعه منه ‏ \"‏ إن من أشراط الساعة أن يرفع العلم ويظهر الجهل ويفشو الزنا ويشرب الخمر ويذهب الرجال وتبقى النساء حتى يكون لخمسين امرأة قيم واحد ‏\"‏ ‏.‏",
        "note": "",
        "grade_id": 2,
        "grade": "সহিহ হাদিস",
        "grade_color": "#46B891"
      },
      {
        "id": 11651,
        "book_id": 2,
        "book_name": "সহিহ মুসলিম",
        "chapter_id": 48,
        "section_id": 5,
        "hadith_key": "সহিহ মুসলিম: ৬৬৮০",
        "hadith_id": 6680,
        "narrator": "আনাস (রাঃ)-এর সানাদে নাবী (সাল্লাল্লাহু ‘আলাইহি ওয়া সাল্লাম)",
        "bn": "আনাস (রাঃ)-এর সানাদে নবী (সাল্লাল্লাহু ‘আলাইহি ওয়া সাল্লাম) থেকে হুবহু হাদীস রিওয়ায়াত করেছেন। ইবনু বিশ্র ও ‘আব্দাহ্ (রহঃ)-এর বর্ণিত হাদীসে রয়েছে, ‘তা তোমাদের নিকট আমার পরে কেউ উল্লেখ করবে না।’ আমি রসূলুল্লাহ (সাল্লাল্লাহু ‘আলাইহি ওয়া সাল্লাম)-কে বলতে শুনেছি যে, ......এরপর তিনি (‘আবদাহ্) তার হুবহু হাদীস উল্লেখ করেছেন। (ই. ফা. ৬৫৪৩, ই. সে. ৬৫৯৭)",
        "ar": "حَدَّثَنَا أَبُو بَكْرِ بْنُ أَبِي شَيْبَةَ، حَدَّثَنَا مُحَمَّدُ بْنُ بِشْرٍ، ح وَحَدَّثَنَا أَبُو كُرَيْبٍ، حَدَّثَنَا عَبْدَةُ، وَأَبُو أُسَامَةَ كُلُّهُمْ عَنْ سَعِيدِ بْنِ أَبِي عَرُوبَةَ، عَنْ قَتَادَةَ، عَنْ أَنَسِ بْنِ مَالِكٍ، عَنِ النَّبِيِّ صلى الله عليه وسلم ‏.‏ وَفِي حَدِيثِ ابْنِ بِشْرٍ وَعَبْدَةَ لاَ يُحَدِّثُكُمُوهُ أَحَدٌ بَعْدِي سَمِعْتُ رَسُولَ اللَّهِ صلى الله عليه وسلم يَقُولُ فَذَكَرَ بِمِثْلِهِ ‏.‏",
        "ar_diacless": "حدثنا أبو بكر بن أبي شيبة، حدثنا محمد بن بشر، ح وحدثنا أبو كريب، حدثنا عبدة، وأبو أسامة كلهم عن سعيد بن أبي عروبة، عن قتادة، عن أنس بن مالك، عن النبي صلى الله عليه وسلم ‏.‏ وفي حديث ابن بشر وعبدة لا يحدثكموه أحد بعدي سمعت رسول الله صلى الله عليه وسلم يقول فذكر بمثله ‏.‏",
        "note": "",
        "grade_id": 2,
        "grade": "সহিহ হাদিস",
        "grade_color": "#46B891"
      },
      {
        "id": 9436,
        "book_id": 2,
        "book_name": "সহিহ মুসলিম",
        "chapter_id": 48,
        "section_id": 5,
        "hadith_key": "সহিহ মুসলিম: ৬৬৮১",
        "hadith_id": 6681,
        "narrator": "আবূ ওয়ায়িল (রাঃ)",
        "bn": "তিনি বলেন, আমি ‘আবদুল্লাহ ও আবূ মূসা আশ‘আরী (রাঃ)-এর সাথে বসে ছিলাম। তাঁরা উভয়ে বললেন, রসূলুল্লাহ (সাল্লাল্লাহু ‘আলাইহি ওয়া সাল্লাম) বলেছেনঃ কিয়ামাতের সন্নিকটকালে এমন কিছু সময় আসবে যখন ‘ইল্‌ম তুলে নেয়া হবে। সে সময় অজ্ঞতা নেমে আসবে এবং ‘হার্জ’ বৃদ্ধি পাবে। ‘হার্জ’ মানে হত্যা। (ই. ফা. ৬৫৪৪, ই. সে. ৬৫৯৮)",
        "ar": "حَدَّثَنَا مُحَمَّدُ بْنُ عَبْدِ اللَّهِ بْنِ نُمَيْرٍ، حَدَّثَنَا وَكِيعٌ، وَأَبِي، قَالاَ حَدَّثَنَا الأَعْمَشُ، ح وَحَدَّثَنِي أَبُو سَعِيدٍ الأَشَجُّ، - وَاللَّفْظُ لَهُ - حَدَّثَنَا وَكِيعٌ، حَدَّثَنَا الأَعْمَشُ، عَنْ أَبِي وَائِلٍ، قَالَ كُنْتُ جَالِسًا مَعَ عَبْدِ اللَّهِ وَأَبِي مُوسَى فَقَالاَ قَالَ رَسُولُ اللَّهِ صلى الله عليه وسلم ‏ \"‏ إِنَّ بَيْنَ يَدَىِ السَّاعَةِ أَيَّامًا يُرْفَعُ فِيهَا الْعِلْمُ وَيَنْزِلُ فِيهَا الْجَهْلُ وَيَكْثُرُ فِيهَا الْهَرْجُ وَالْهَرْجُ الْقَتْلُ ‏\"‏ ‏.‏",
        "ar_diacless": "حدثنا محمد بن عبد الله بن نمير، حدثنا وكيع، وأبي، قالا حدثنا الأعمش، ح وحدثني أبو سعيد الأشج، - واللفظ له - حدثنا وكيع، حدثنا الأعمش، عن أبي وائل، قال كنت جالسا مع عبد الله وأبي موسى فقالا قال رسول الله صلى الله عليه وسلم ‏ \"‏ إن بين يدى الساعة أياما يرفع فيها العلم وينزل فيها الجهل ويكثر فيها الهرج والهرج القتل ‏\"‏ ‏.‏",
        "note": "",
        "grade_id": 2,
        "grade": "সহিহ হাদিস",
        "grade_color": "#46B891"
      },
      {
        "id": 11653,
        "book_id": 2,
        "book_name": "সহিহ মুসলিম",
        "chapter_id": 48,
        "section_id": 5,
        "hadith_key": "সহিহ মুসলিম: ৬৬৮২",
        "hadith_id": 6682,
        "narrator": "‘আবদুল্লাহ ও আবূ মূসা আল আশ‘আরী (রাঃ)",
        "bn": "উভয়ে বলেন, রসূলুল্লাহ (সাল্লাল্লাহু ‘আলাইহি ওয়া সাল্লাম) এমনই বলেছেন।\nকাসিম ইবনু যাকারিয়্যা (রহঃ)...... শাকীক (রহঃ) থেকে বর্ণিত। তিনি বলেন, আমি ‘আবদুল্লাহ (রাঃ) ও আবূ মূসা আশ‘আরী (রাঃ)-এর সাথে বসে ছিলাম। এহেন মুহূর্তে হাদীস বর্ণনা করছিলেন। তাঁরা উভয়ে বললেন, রসূলুল্লাহ (সাল্লাল্লাহু ‘আলাইহি ওয়া সাল্লাম) বলেছেনঃ ...... এরপর তারা  ওয়াকী‘ ও ইবনু নুমায়র (রাঃ)-এর হাদীসের হুবহু হাদীস বর্ণনা করেন। (ই. ফা. ৬৫৪৫, ই. সে. ৬৫৯৯)",
        "ar": "حَدَّثَنَا أَبُو بَكْرِ بْنُ النَّضْرِ بْنِ أَبِي النَّضْرِ، حَدَّثَنَا أَبُو النَّضْرِ، حَدَّثَنَا عُبَيْدُ اللَّهِ الأَشْجَعِيُّ، عَنْ سُفْيَانَ، عَنِ الأَعْمَشِ، عَنْ أَبِي وَائِلٍ، عَنْ عَبْدِ اللَّهِ، وَأَبِي، مُوسَى الأَشْعَرِيِّ قَالاَ قَالَ رَسُولُ اللَّهِ صلى الله عليه وسلم ح\n\nوَحَدَّثَنِي الْقَاسِمُ بْنُ زَكَرِيَّاءَ، حَدَّثَنَا حُسَيْنٌ الْجُعْفِيُّ، عَنْ زَائِدَةَ، عَنْ سُلَيْمَانَ، عَنْ شَقِيقٍ، قَالَ كُنْتُ جَالِسًا مَعَ عَبْدِ اللَّهِ وَأَبِي مُوسَى وَهُمَا يَتَحَدَّثَانِ فَقَالاَ قَالَ رَسُولُ اللَّهِ صلى الله عليه وسلم بِمِثْلِ حَدِيثِ وَكِيعٍ وَابْنِ نُمَيْرٍ ‏.‏",
        "ar_diacless": "حدثنا أبو بكر بن النضر بن أبي النضر، حدثنا أبو النضر، حدثنا عبيد الله الأشجعي، عن سفيان، عن الأعمش، عن أبي وائل، عن عبد الله، وأبي، موسى الأشعري قالا قال رسول الله صلى الله عليه وسلم ح\n\nوحدثني القاسم بن زكرياء، حدثنا حسين الجعفي، عن زائدة، عن سليمان، عن شقيق، قال كنت جالسا مع عبد الله وأبي موسى وهما يتحدثان فقالا قال رسول الله صلى الله عليه وسلم بمثل حديث وكيع وابن نمير ‏.‏",
        "note": "",
        "grade_id": 2,
        "grade": "সহিহ হাদিস",
        "grade_color": "#46B891"
      },
      {
        "id": 11654,
        "book_id": 2,
        "book_name": "সহিহ মুসলিম",
        "chapter_id": 48,
        "section_id": 5,
        "hadith_key": "সহিহ মুসলিম: ৬৬৮৩",
        "hadith_id": 6683,
        "narrator": "আবূ মূসা (রাঃ)-এর সানাদে নাবী (সাল্লাল্লাহু ‘আলাইহি ওয়া সাল্লাম)",
        "bn": "আবূ মূসা (রাঃ)-এর সানাদে নবী (সাল্লাল্লাহু ‘আলাইহি ওয়া সাল্লাম) হতে হুবহু হাদীস বর্ণনা করেছেন। (ই.ফা. ৬৫৪৬, ই. সে. ৬৬০০)",
        "ar": "حَدَّثَنَا أَبُو بَكْرِ بْنُ أَبِي شَيْبَةَ، وَأَبُو كُرَيْبٍ وَابْنُ نُمَيْرٍ وَإِسْحَاقُ الْحَنْظَلِيُّ جَمِيعًا عَنْ أَبِي مُعَاوِيَةَ، عَنِ الأَعْمَشِ، عَنْ شَقِيقٍ، عَنْ أَبِي مُوسَى، عَنِ النَّبِيِّ صلى الله عليه وسلم بِمِثْلِهِ ‏.‏",
        "ar_diacless": "حدثنا أبو بكر بن أبي شيبة، وأبو كريب وابن نمير وإسحاق الحنظلي جميعا عن أبي معاوية، عن الأعمش، عن شقيق، عن أبي موسى، عن النبي صلى الله عليه وسلم بمثله ‏.‏",
        "note": "",
        "grade_id": 2,
        "grade": "সহিহ হাদিস",
        "grade_color": "#46B891"
      },
      {
        "id": 9433,
        "book_id": 2,
        "book_name": "সহিহ মুসলিম",
        "chapter_id": 48,
        "section_id": 5,
        "hadith_key": "সহিহ মুসলিম: ৬৬৮৪",
        "hadith_id": 6684,
        "narrator": "আবূ ওয়ায়িল (রাঃ)",
        "bn": "তিনি বলেন, আমি ‘আবদুল্লাহ (রাঃ) ও আবূ মূসা (রাঃ)-এর সাথে বসে ছিলাম। এমন সময় তাঁরা হাদীস বর্ণনা করছিলেন। তখন আবূ মূসা (রাঃ) বললেন, রসূলুল্লাহ (সাল্লাল্লাহু ‘আলাইহি ওয়া সাল্লাম) তার হুবহু হাদীস বলেছেন। (ই. ফা. ৬৫৪৭, ই. সে. ৬৬০১)",
        "ar": "حَدَّثَنَا إِسْحَاقُ بْنُ إِبْرَاهِيمَ، أَخْبَرَنَا جَرِيرٌ، عَنِ الأَعْمَشِ، عَنْ أَبِي وَائِلٍ، قَالَ إِنِّي لَجَالِسٌ مَعَ عَبْدِ اللَّهِ وَأَبِي مُوسَى وَهُمَا يَتَحَدَّثَانِ فَقَالَ أَبُو مُوسَى قَالَ رَسُولُ اللَّهِ صلى الله عليه وسلم بِمِثْلِهِ ‏.‏",
        "ar_diacless": "حدثنا إسحاق بن إبراهيم، أخبرنا جرير، عن الأعمش، عن أبي وائل، قال إني لجالس مع عبد الله وأبي موسى وهما يتحدثان فقال أبو موسى قال رسول الله صلى الله عليه وسلم بمثله ‏.‏",
        "note": "",
        "grade_id": 2,
        "grade": "সহিহ হাদিস",
        "grade_color": "#46B891"
      },
      {
        "id": 9434,
        "book_id": 2,
        "book_name": "সহিহ মুসলিম",
        "chapter_id": 48,
        "section_id": 5,
        "hadith_key": "সহিহ মুসলিম: ৬৬৮৫",
        "hadith_id": 6685,
        "narrator": "আবূ হুরাইরাহ্ (রাঃ)",
        "bn": "তিনি বলেন, রসূলুল্লাহ (সাল্লাল্লাহু ‘আলাইহি ওয়া সাল্লাম) বলেছেনঃ কিয়ামাত সন্নিকটবর্তী হলে ‘ইল্‌ম উঠিয়ে নেয়া হবে, ফিতনা প্রসার হবে, কৃপণতা বেড়ে যাবে এবং ‘হার্জ’ বৃদ্ধি পাবে। লোকেরা বলল, ‘হার্জ’ কি? তিনি বললেন, কত্ল (হত্যা)। (ই. ফা. ৬৫৪৮, ই. সে. ৬৬০২)",
        "ar": "حَدَّثَنِي حَرْمَلَةُ بْنُ يَحْيَى، أَخْبَرَنَا ابْنُ وَهْبٍ، أَخْبَرَنِي يُونُسُ، عَنِ ابْنِ شِهَابٍ، حَدَّثَنِي حُمَيْدُ بْنُ عَبْدِ الرَّحْمَنِ بْنِ عَوْفٍ، أَنَّ أَبَا هُرَيْرَةَ، قَالَ قَالَ رَسُولُ اللَّهِ صلى الله عليه وسلم ‏\"‏ يَتَقَارَبُ الزَّمَانُ وَيُقْبَضُ الْعِلْمُ وَتَظْهَرُ الْفِتَنُ وَيُلْقَى الشُّحُّ وَيَكْثُرُ الْهَرْجُ ‏\"‏ ‏.‏ قَالُوا وَمَا الْهَرْجُ قَالَ ‏\"‏ الْقَتْلُ ‏\"‏ ‏.‏",
        "ar_diacless": "حدثني حرملة بن يحيى، أخبرنا ابن وهب، أخبرني يونس، عن ابن شهاب، حدثني حميد بن عبد الرحمن بن عوف، أن أبا هريرة، قال قال رسول الله صلى الله عليه وسلم ‏\"‏ يتقارب الزمان ويقبض العلم وتظهر الفتن ويلقى الشح ويكثر الهرج ‏\"‏ ‏.‏ قالوا وما الهرج قال ‏\"‏ القتل ‏\"‏ ‏.‏",
        "note": "",
        "grade_id": 2,
        "grade": "সহিহ হাদিস",
        "grade_color": "#46B891"
      },
      {
        "id": 9435,
        "book_id": 2,
        "book_name": "সহিহ মুসলিম",
        "chapter_id": 48,
        "section_id": 5,
        "hadith_key": "সহিহ মুসলিম: ৬৬৮৬",
        "hadith_id": 6686,
        "narrator": "আবূ হুরাইরাহ্ (রাঃ)",
        "bn": "তিনি বলেন, রসূলুল্লাহ (সাল্লাল্লাহু ‘আলাইহি ওয়া সাল্লাম) বলেছেনঃ যামানা সন্নিকটবর্তী হবে, ‘ইলম্‌ উঠিয়ে নেয়া হবে। তারপর তার হুবহু হাদীস উল্লেখ করেন। (ই. ফা. ৬৫৪৯, ই. সে. ৬৬০৩)",
        "ar": "حَدَّثَنَا عَبْدُ اللَّهِ بْنُ عَبْدِ الرَّحْمَنِ الدَّارِمِيُّ، أَخْبَرَنَا أَبُو الْيَمَانِ، أَخْبَرَنَا شُعَيْبٌ، عَنِ الزُّهْرِيِّ، حَدَّثَنِي حُمَيْدُ بْنُ عَبْدِ الرَّحْمَنِ الزُّهْرِيُّ، أَنَّ أَبَا هُرَيْرَةَ، قَالَ قَالَ رَسُولُ اللَّهِ صلى الله عليه وسلم ‏ \"‏ يَتَقَارَبُ الزَّمَانُ وَيُقْبَضُ الْعِلْمُ ‏\"‏ ‏.‏ ثُمَّ ذَكَرَ مِثْلَهُ ‏.‏",
        "ar_diacless": "حدثنا عبد الله بن عبد الرحمن الدارمي، أخبرنا أبو اليمان، أخبرنا شعيب، عن الزهري، حدثني حميد بن عبد الرحمن الزهري، أن أبا هريرة، قال قال رسول الله صلى الله عليه وسلم ‏ \"‏ يتقارب الزمان ويقبض العلم ‏\"‏ ‏.‏ ثم ذكر مثله ‏.‏",
        "note": "",
        "grade_id": 2,
        "grade": "সহিহ হাদিস",
        "grade_color": "#46B891"
      },
      {
        "id": 9438,
        "book_id": 2,
        "book_name": "সহিহ মুসলিম",
        "chapter_id": 48,
        "section_id": 5,
        "hadith_key": "সহিহ মুসলিম: ৬৬৮৭",
        "hadith_id": 6687,
        "narrator": "আবূ হুরাইরাহ্",
        "bn": "নবী (সাল্লাল্লাহু ‘আলাইহি ওয়া সাল্লাম) বলেছেন: যামান সন্নিকটবর্তী হলে ‘ইল্‌ম তুলে নেয়া হবে। তারপর মা‘মার (রহঃ) তাঁদের [ইউনুস ও শু‘আয়ব (রহঃ)-এর] হাদীসের হুবহু বর্ণনা করেন। (ই.ফা. ৬৫৫০, ই.সে. ৬৬০৪)",
        "ar": "حَدَّثَنَا أَبُو بَكْرِ بْنُ أَبِي شَيْبَةَ، حَدَّثَنَا عَبْدُ الأَعْلَى، عَنْ مَعْمَرٍ، عَنِ الزُّهْرِيِّ، عَنْ سَعِيدٍ، عَنْ أَبِي هُرَيْرَةَ، عَنِ النَّبِيِّ صلى الله عليه وسلم قَالَ ‏ \"‏ يَتَقَارَبُ الزَّمَانُ وَيَنْقُصُ الْعِلْمُ ‏\"‏ ‏.‏ ثُمَّ ذَكَرَ مِثْلَ حَدِيثِهِمَا ‏.‏",
        "ar_diacless": "حدثنا أبو بكر بن أبي شيبة، حدثنا عبد الأعلى، عن معمر، عن الزهري، عن سعيد، عن أبي هريرة، عن النبي صلى الله عليه وسلم قال ‏ \"‏ يتقارب الزمان وينقص العلم ‏\"‏ ‏.‏ ثم ذكر مثل حديثهما ‏.‏",
        "note": "",
        "grade_id": 2,
        "grade": "সহিহ হাদিস",
        "grade_color": "#46B891"
      },
      {
        "id": 9439,
        "book_id": 2,
        "book_name": "সহিহ মুসলিম",
        "chapter_id": 48,
        "section_id": 5,
        "hadith_key": "সহিহ মুসলিম: ৬৬৮৮",
        "hadith_id": 6688,
        "narrator": "আবূ হুরাইরাহ্ (রাঃ)",
        "bn": "তিনি নবী (সাল্লাল্লাহু ‘আলাইহি ওয়া সাল্লাম) হতে বর্ণনা করেন, যুহরী হুমায়দ হতে আবূ হুরায়রা্ (রাঃ)-এর সানাদে বর্ণিত হাদীসের অবিকল। তবে সালিম, হাম্মাম ও আবূ ইউনুস (রহঃ) (আরবী) (কৃপণতা বিস্তৃত হয়ে পড়বে) কথাটি উল্লখ করেননি। (ই.ফা. ৬৫৫১, ই.সে. ৬৬০৫)",
        "ar": "حَدَّثَنَا يَحْيَى بْنُ أَيُّوبَ، وَقُتَيْبَةُ، وَابْنُ، حُجْرٍ قَالُوا حَدَّثَنَا إِسْمَاعِيلُ، - يَعْنُونَ ابْنَ جَعْفَرٍ - عَنِ الْعَلاَءِ، عَنْ أَبِيهِ، عَنْ أَبِي هُرَيْرَةَ، ح\n\nوَحَدَّثَنَا ابْنُ نُمَيْرٍ، وَأَبُو كُرَيْبٍ وَعَمْرٌو النَّاقِدُ قَالُوا حَدَّثَنَا إِسْحَاقُ بْنُ سُلَيْمَانَ، عَنْ حَنْظَلَةَ، عَنْ سَالِمٍ، عَنْ أَبِي هُرَيْرَةَ، ح\n\nوَحَدَّثَنَا مُحَمَّدُ بْنُ رَافِعٍ، حَدَّثَنَا عَبْدُ الرَّزَّاقِ، حَدَّثَنَا مَعْمَرٌ، عَنْ هَمَّامِ بْنِ مُنَبِّهٍ، عَنْ أَبِي هُرَيْرَةَ، ح\n\nوَحَدَّثَنِي أَبُو الطَّاهِرِ، أَخْبَرَنَا ابْنُ وَهْبٍ، عَنْ عَمْرِو بْنِ الْحَارِثِ، عَنْ أَبِي يُونُسَ، عَنْ أَبِي هُرَيْرَةَ، كُلُّهُمْ قَالَ عَنِ النَّبِيِّ صلى الله عليه وسلم ‏.‏ بِمِثْلِ حَدِيثِ الزُّهْرِيِّ عَنْ حُمَيْدٍ عَنْ أَبِي هُرَيْرَةَ غَيْرَ أَنَّهُمْ لَمْ يَذْكُرُوا ‏ \"‏ وَيُلْقَى الشُّحُّ ‏\"‏ ‏.‏",
        "ar_diacless": "حدثنا يحيى بن أيوب، وقتيبة، وابن، حجر قالوا حدثنا إسماعيل، - يعنون ابن جعفر - عن العلاء، عن أبيه، عن أبي هريرة، ح\n\nوحدثنا ابن نمير، وأبو كريب وعمرو الناقد قالوا حدثنا إسحاق بن سليمان، عن حنظلة، عن سالم، عن أبي هريرة، ح\n\nوحدثنا محمد بن رافع، حدثنا عبد الرزاق، حدثنا معمر، عن همام بن منبه، عن أبي هريرة، ح\n\nوحدثني أبو الطاهر، أخبرنا ابن وهب، عن عمرو بن الحارث، عن أبي يونس، عن أبي هريرة، كلهم قال عن النبي صلى الله عليه وسلم ‏.‏ بمثل حديث الزهري عن حميد عن أبي هريرة غير أنهم لم يذكروا ‏ \"‏ ويلقى الشح ‏\"‏ ‏.‏",
        "note": "",
        "grade_id": 2,
        "grade": "সহিহ হাদিস",
        "grade_color": "#46B891"
      },
      {
        "id": 9440,
        "book_id": 2,
        "book_name": "সহিহ মুসলিম",
        "chapter_id": 48,
        "section_id": 5,
        "hadith_key": "সহিহ মুসলিম: ৬৬৮৯",
        "hadith_id": 6689,
        "narrator": "‘উরওয়াহ্ (রহঃ)",
        "bn": "তিনি বলেন, আমি ‘আবদুল্লাহ ইবনু ‘আম্‌র ইবনুল ‘আস (রাঃ)-কে বলতে শুনেছি। তিনি বলেন যে, আমি রসূলুল্লাহ (সাল্লাল্লাহু ‘আলাইহি ওয়া সাল্লাম)-কে বলতে শুনেছি। তিনি বলেছেন, নিশ্চয় আল্লাহ তা‘আলা মানুষের হতে ‘ইল্‌ম ছিনিয়ে নেবেন না। তবে তিনি ‘আলিম সম্প্রদায়কে কব্য করে ‘ইল্‌ম উঠিয়ে নিবেন। এমনকি যখন একজন ‘আলিমও থাকবে না তখন মানুষেরা মূর্খ মানুষদেরকে নেতা বানিয়ে নিবে। মানুষ তাদের নিকট সামাধান চাইবে, এরপর তারা না জেনে ফাতাওয়া প্রদান করবে। ফলে তারা নিজেরাও গোমরাহ হবে এবং মানুষদেরও গুমরাহ করবে। (ই.ফা. ৬৫৫২, ই.সে. ৬৬০৬)",
        "ar": "حَدَّثَنَا قُتَيْبَةُ بْنُ سَعِيدٍ، حَدَّثَنَا جَرِيرٌ، عَنْ هِشَامِ بْنِ عُرْوَةَ، عَنْ أَبِيهِ، سَمِعْتُ عَبْدَ، اللَّهِ بْنَ عَمْرِو بْنِ الْعَاصِ يَقُولُ سَمِعْتُ رَسُولَ اللَّهِ صلى الله عليه وسلم يَقُولُ ‏ \"‏ إِنَّ اللَّهَ لاَ يَقْبِضُ الْعِلْمَ انْتِزَاعًا يَنْتَزِعُهُ مِنَ النَّاسِ وَلَكِنْ يَقْبِضُ الْعِلْمَ بِقَبْضِ الْعُلَمَاءِ حَتَّى إِذَا لَمْ يَتْرُكْ عَالِمًا اتَّخَذَ النَّاسُ رُءُوسًا جُهَّالاً فَسُئِلُوا فَأَفْتَوْا بِغَيْرِ عِلْمٍ فَضَلُّوا وَأَضَلُّوا ‏\"‏ ‏.‏",
        "ar_diacless": "حدثنا قتيبة بن سعيد، حدثنا جرير، عن هشام بن عروة، عن أبيه، سمعت عبد، الله بن عمرو بن العاص يقول سمعت رسول الله صلى الله عليه وسلم يقول ‏ \"‏ إن الله لا يقبض العلم انتزاعا ينتزعه من الناس ولكن يقبض العلم بقبض العلماء حتى إذا لم يترك عالما اتخذ الناس رءوسا جهالا فسئلوا فأفتوا بغير علم فضلوا وأضلوا ‏\"‏ ‏.‏",
        "note": "",
        "grade_id": 2,
        "grade": "সহিহ হাদিস",
        "grade_color": "#46B891"
      },
      {
        "id": 11652,
        "book_id": 2,
        "book_name": "সহিহ মুসলিম",
        "chapter_id": 48,
        "section_id": 5,
        "hadith_key": "সহিহ মুসলিম: ৬৬৯০",
        "hadith_id": 6690,
        "narrator": "‘আবদুল্লাহ ইবনু ‘আমর (রাঃ)-এর সানাদে নাবী (সাল্লাল্লাহু ‘আলাইহি ওয়া সাল্লাম)",
        "bn": "জারীর-এর হাদীসের অবিকল বর্ণিত। হিশাম ইবনু ‘উরওয়াহ্ (রহঃ) ‘উমার ইবনু ‘আলী (রহঃ)-এর বর্ণিত হাদীসে এ অংশটুকু বর্ধিত বলেছেন- ‘এরপর আমি (ইবনু ‘উরওয়াহ্) এক বৎসরের মাথায় (পরে)’ ‘আবদুল্লাহ ইবনু ‘আম্‌র (রাঃ)-এর সাথে সাক্ষাৎ করলাম এবং তাঁকে প্রশ্ন করলাম; এরপর তিনি হাদীসটি যেমন বর্ণনা দিয়েছিলেন, আমাকে হুবহু হাদীসটি বর্ণনা করলেন। তিনি বললেন, আমি রসূলুল্লাহ (সাল্লাল্লাহু ‘আলাইহি ওয়া সাল্লাম)-কে বলতে শুনেছি। (ই.ফা. ৬৫৫৩, ই.সে. ৬৬০৭)",
        "ar": "حَدَّثَنَا أَبُو الرَّبِيعِ الْعَتَكِيُّ، حَدَّثَنَا حَمَّادٌ يَعْنِي ابْنَ زَيْدٍ، ح وَحَدَّثَنَا يَحْيَى بْنُ يَحْيَى، أَخْبَرَنَا عَبَّادُ بْنُ عَبَّادٍ، وَأَبُو مُعَاوِيَةَ ح وَحَدَّثَنَا أَبُو بَكْرِ بْنُ أَبِي شَيْبَةَ، وَزُهَيْرُ بْنُ حَرْبٍ، قَالاَ حَدَّثَنَا وَكِيعٌ، ح وَحَدَّثَنَا أَبُو كُرَيْبٍ، حَدَّثَنَا ابْنُ إِدْرِيسَ، وَأَبُو أُسَامَةَ وَابْنُ نُمَيْرٍ وَعَبْدَةُ ح وَحَدَّثَنَا ابْنُ أَبِي عُمَرَ، حَدَّثَنَا سُفْيَانُ، ح وَحَدَّثَنِي مُحَمَّدُ بْنُ حَاتِمٍ، حَدَّثَنَا يَحْيَى بْنُ سَعِيدٍ، ح وَحَدَّثَنِي أَبُو بَكْرِ بْنُ نَافِعٍ، قَالَ حَدَّثَنَا عُمَرُ بْنُ عَلِيٍّ، ح وَحَدَّثَنَا عَبْدُ بْنُ حُمَيْدٍ، حَدَّثَنَا يَزِيدُ بْنُ هَارُونَ، أَخْبَرَنَا شُعْبَةُ بْنُ الْحَجَّاجِ، كُلُّهُمْ عَنْ هِشَامِ بْنِ عُرْوَةَ، عَنْ أَبِيهِ، عَنْ عَبْدِ، اللَّهِ بْنِ عَمْرٍو عَنِ النَّبِيِّ صلى الله عليه وسلم ‏.‏ بِمِثْلِ حَدِيثِ جَرِيرٍ وَزَادَ فِي حَدِيثِ عُمَرَ بْنِ عَلِيٍّ ثُمَّ لَقِيتُ عَبْدَ اللَّهِ بْنَ عَمْرٍو عَلَى رَأْسِ الْحَوْلِ فَسَأَلْتُهُ فَرَدَّ عَلَيْنَا الْحَدِيثَ كَمَا حَدَّثَ قَالَ سَمِعْتُ رَسُولَ اللَّهِ صلى الله عليه وسلم يَقُولُ ‏.‏",
        "ar_diacless": "حدثنا أبو الربيع العتكي، حدثنا حماد يعني ابن زيد، ح وحدثنا يحيى بن يحيى، أخبرنا عباد بن عباد، وأبو معاوية ح وحدثنا أبو بكر بن أبي شيبة، وزهير بن حرب، قالا حدثنا وكيع، ح وحدثنا أبو كريب، حدثنا ابن إدريس، وأبو أسامة وابن نمير وعبدة ح وحدثنا ابن أبي عمر، حدثنا سفيان، ح وحدثني محمد بن حاتم، حدثنا يحيى بن سعيد، ح وحدثني أبو بكر بن نافع، قال حدثنا عمر بن علي، ح وحدثنا عبد بن حميد، حدثنا يزيد بن هارون، أخبرنا شعبة بن الحجاج، كلهم عن هشام بن عروة، عن أبيه، عن عبد، الله بن عمرو عن النبي صلى الله عليه وسلم ‏.‏ بمثل حديث جرير وزاد في حديث عمر بن علي ثم لقيت عبد الله بن عمرو على رأس الحول فسألته فرد علينا الحديث كما حدث قال سمعت رسول الله صلى الله عليه وسلم يقول ‏.‏",
        "note": "",
        "grade_id": 2,
        "grade": "সহিহ হাদিস",
        "grade_color": "#46B891"
      },
      {
        "id": 11655,
        "book_id": 2,
        "book_name": "সহিহ মুসলিম",
        "chapter_id": 48,
        "section_id": 5,
        "hadith_key": "সহিহ মুসলিম: ৬৬৯১",
        "hadith_id": 6691,
        "narrator": "‘আবদুল্লাহ ইবনু ‘আম্‌র ইবনুল ‘আস (রাঃ)",
        "bn": "হিশাম ইবনু ‘উরওয়াহ্ বর্ণিত হাদীসের অনুরূপ। (ই.ফা. ৬৫৫৪, ই.সে. ৬৬০৮)",
        "ar": "حَدَّثَنَا مُحَمَّدُ بْنُ الْمُثَنَّى، حَدَّثَنَا عَبْدُ اللَّهِ بْنُ حُمْرَانَ، عَنْ عَبْدِ الْحَمِيدِ بْنِ جَعْفَرٍ، أَخْبَرَنِي أَبِي جَعْفَرٌ، عَنْ عُمَرَ بْنِ الْحَكَمِ، عَنْ عَبْدِ اللَّهِ بْنِ عَمْرِو بْنِ الْعَاصِ، عَنِ النَّبِيِّ صلى الله عليه وسلم بِمِثْلِ حَدِيثِ هِشَامِ بْنِ عُرْوَةَ ‏.‏",
        "ar_diacless": "حدثنا محمد بن المثنى، حدثنا عبد الله بن حمران، عن عبد الحميد بن جعفر، أخبرني أبي جعفر، عن عمر بن الحكم، عن عبد الله بن عمرو بن العاص، عن النبي صلى الله عليه وسلم بمثل حديث هشام بن عروة ‏.‏",
        "note": "",
        "grade_id": 2,
        "grade": "সহিহ হাদিস",
        "grade_color": "#46B891"
      },
      {
        "id": 9441,
        "book_id": 2,
        "book_name": "সহিহ মুসলিম",
        "chapter_id": 48,
        "section_id": 5,
        "hadith_key": "সহিহ মুসলিম: ৬৬৯২",
        "hadith_id": 6692,
        "narrator": "‘উরওয়াহ্ ইবনু যুবায়র (রহঃ)",
        "bn": "তিনি বলেন, আমাকে ‘আয়িশা (রাঃ) বললেন, হে আমার বোনের ছেলে! আমার নিকট সংবাদ এসেছে যে, ‘আবদুল্লাহ ইবনু ‘আম্‌র (রাঃ) আমাদের সাথে হাজ্জব্রত পালনে এসেছেন। তাঁর সাথে তুমি দেখা করে প্রশ্ন করো। কেননা, নবী (সাল্লাল্লাহু ‘আলাইহি ওয়া সাল্লাম) থেকে তিনি বহু জ্ঞানার্জন করেছেন।\nতিনি (‘উরওয়াহ্) বলেন, এমন সময় আমি তাঁর সাথে দেখা করে এমন বহু ব্যাপারে প্রশ্ন করলাম, যা তিনি রসূলুল্লাহ (সাল্লাল্লাহু ‘আলাইহি ওয়া সাল্লাম) হতে উল্লেখ করেছেন। ‘উরওয়াহ্ (রহঃ) বলেন, যা তিনি আলোচনা করেছিলেন সে সকল বিষয়ের মধ্যে একটি ছিল এই যে, নবী (সাল্লাল্লাহু ‘আলাইহি ওয়া সাল্লাম) বলেছেনঃ আল্লাহ তা‘আলা মানুষের নিকট থেকে ইল্ম কেড়ে নিবেন না। তবে তিনি ‘আলিমদের উঠিয়ে নিয়ে যাবেন। সুতরাং তাদের সাথে ‘ইল্‌মও উঠে যাবে। আর মানুষের মধ্যে অবশিষ্ট থাকবে মূর্খ নেতাকর্মীরা। তারা না জেনে-শুনে মানুষদের ফাতাওয়া দিবে। ফলে তারা পথভ্রষ্ট হবে এবং তাদেরও পথভ্রষ্ট করবে।\n‘উরওয়াহ্ (রহঃ) বলেন, আমি যখন এ হাদীসটি ‘আয়িশা (রাঃ)-এর নিকট বর্ণনা করলাম তখন তিনি হাদীসটিকে গুরুত্বপূর্ণ মনে করলেন এবং বিরত্তিভাব প্রকাশ করে বললেন, তিনি [‘আবদুল্লাহ ইবনু ‘আম্‌র (রাযি] কি তোমার কাছে হাদীস বর্ণনা করেছেন যে, তিনি কি রসূলুল্লাহ (সাল্লাল্লাহু ‘আলাইহি ওয়া সাল্লাম)-কে এটি বলতে শুনেছেন?\n‘উরওয়াহ্ (রহঃ) বললেন, এমনকি পরবর্তী বৎসর হাজ্জের সময় এসে গেলো তখন তিনি তাকে [‘উরওয়াহ্ (রহঃ)-কে] বললেন, অবশ্যই ইবনু ‘আম্‌র (রাঃ) (হাজ্জে) গমন করেছেন। তার সাথে দেখা করো। তারপর তাকে তুমি সে হাদীসের ব্যাপারে প্রশ্ন করো ‘ইল্‌ম সম্পর্কে তিনি তোমার নিকট আলোচনা করেছেন। ‘উরওয়াহ্ (রহঃ) বললেন, তখন আমি তার সাথে সাক্ষাৎ করে তাঁকে প্রশ্ন করলাম। তখন তিনি তা আমার নিকটে আলোচনা করলেন, যেমন তিনি প্রথমবার আমার কাছে বর্ণনা করেছিলেন।\n‘উরওয়াহ্ বলেন, যখন আমি তাঁকে [‘আয়িশা (রাঃ)-কে] বিষয়টি অবহিত করলাম তখন তিনি বললেন, আমি ‘আবদুল্লাহ ইবনু ‘আম্‌র (রাঃ)-কে সত্য কথা বলে এমনটি মনে করি এবং তিনি এ হাদীসে বিন্দুমাত্র বেশি কিংবা কম করেননি। (ই.ফা. ৬৫৫৫, ই.সে. ৬৬০৯)",
        "ar": "حَدَّثَنَا حَرْمَلَةُ بْنُ يَحْيَى التُّجِيبِيُّ، أَخْبَرَنَا عَبْدُ اللَّهِ بْنُ وَهْبٍ، حَدَّثَنِي أَبُو شُرَيْحٍ، أَنَّ أَبَا الأَسْوَدِ، حَدَّثَهُ عَنْ عُرْوَةَ بْنِ الزُّبَيْرِ، قَالَ قَالَتْ لِي عَائِشَةُ يَا ابْنَ أُخْتِي بَلَغَنِي أَنَّحَمَلَ عَنِ النَّبِيِّ صلى الله عليه وسلم عِلْمًا كَثِيرًا - قَالَ - فَلَقِيتُهُ فَسَاءَلْتُهُ عَنْ أَشْيَاءَ يَذْكُرُهَا عَنْ رَسُولِ اللَّهِ صلى الله عليه وسلم ‏.‏ قَالَ عُرْوَةُ فَكَانَ فِيمَا ذَكَرَ أَنَّ النَّبِيَّ صلى الله عليه وسلم قَالَ ‏ \"‏ إِنَّ اللَّهَ لاَ يَنْتَزِعُ الْعِلْمَ مِنَ النَّاسِ انْتِزَاعًا وَلَكِنْ يَقْبِضُ الْعُلَمَاءَ فَيَرْفَعُ الْعِلْمَ مَعَهُمْ وَيُبْقِي فِي النَّاسِ رُءُوسًا جُهَّالاً يُفْتُونَهُمْ بِغَيْرِ عِلْمٍ فَيَضِلُّونَ وَيُضِلُّونَ ‏\"‏ ‏.‏ قَالَ عُرْوَةُ فَلَمَّا حَدَّثْتُ عَائِشَةَ بِذَلِكَ أَعْظَمَتْ ذَلِكَ وَأَنْكَرَتْهُ قَالَتْ أَحَدَّثَكَ أَنَّهُ سَمِعَ النَّبِيَّ صلى الله عليه وسلم يَقُولُ هَذَا قَالَ عُرْوَةُ حَتَّى إِذَا كَانَ قَابِلٌ قَالَتْ لَهُ إِنَّ ابْنَ عَمْرٍو قَدْ قَدِمَ فَالْقَهُ ثُمَّ فَاتِحْهُ حَتَّى تَسْأَلَهُ عَنِ الْحَدِيثِ الَّذِي ذَكَرَهُ لَكَ فِي الْعِلْمِ - قَالَ - فَلَقِيتُهُ فَسَاءَلْتُهُ فَذَكَرَهُ لِي نَحْوَ مَا حَدَّثَنِي بِهِ فِي مَرَّتِهِ الأُولَى ‏.‏ قَالَ عُرْوَةُ فَلَمَّا أَخْبَرْتُهَا بِذَلِكَ قَالَتْ مَا أَحْسِبُهُ إِلاَّ قَدْ صَدَقَ أَرَاهُ لَمْ يَزِدْ فِيهِ شَيْئًا وَلَمْ يَنْقُصْ ‏.‏",
        "ar_diacless": "حدثنا حرملة بن يحيى التجيبي، أخبرنا عبد الله بن وهب، حدثني أبو شريح، أن أبا الأسود، حدثه عن عروة بن الزبير، قال قالت لي عائشة يا ابن أختي بلغني أنحمل عن النبي صلى الله عليه وسلم علما كثيرا - قال - فلقيته فساءلته عن أشياء يذكرها عن رسول الله صلى الله عليه وسلم ‏.‏ قال عروة فكان فيما ذكر أن النبي صلى الله عليه وسلم قال ‏ \"‏ إن الله لا ينتزع العلم من الناس انتزاعا ولكن يقبض العلماء فيرفع العلم معهم ويبقي في الناس رءوسا جهالا يفتونهم بغير علم فيضلون ويضلون ‏\"‏ ‏.‏ قال عروة فلما حدثت عائشة بذلك أعظمت ذلك وأنكرته قالت أحدثك أنه سمع النبي صلى الله عليه وسلم يقول هذا قال عروة حتى إذا كان قابل قالت له إن ابن عمرو قد قدم فالقه ثم فاتحه حتى تسأله عن الحديث الذي ذكره لك في العلم - قال - فلقيته فساءلته فذكره لي نحو ما حدثني به في مرته الأولى ‏.‏ قال عروة فلما أخبرتها بذلك قالت ما أحسبه إلا قد صدق أراه لم يزد فيه شيئا ولم ينقص ‏.‏",
        "note": "",
        "grade_id": 2,
        "grade": "সহিহ হাদিস",
        "grade_color": "#46B891"
      }
    ]
  },
  {
    "id": 4134,
    "book_id": 2,
    "book_name": "muslim",
    "chapter_id": 48,
    "section_id": 6,
    "title": "যে লোক কোন সুন্দর নীতি অথবা মন্দ নীতি চালু করে এবং যে লোক সঠিক পথের দিকে ডাকে অথবা বিভ্রান্তের দিকে আহ্বান করে",
    "preface": "",
    "number": "৬. অধ্যায়ঃ",
    "sort_order": 6,
    "hadiths": [
      {
        "id": 9446,
        "book_id": 2,
        "book_name": "সহিহ মুসলিম",
        "chapter_id": 48,
        "section_id": 6,
        "hadith_key": "সহিহ মুসলিম: ৬৬৯৩",
        "hadith_id": 6693,
        "narrator": "জারীর ইবনু ‘আবদুল্লাহ (রাঃ)",
        "bn": "তিনি বলেন, কিছু সংখ্যক যাযাবর রসূলুল্লাহ (সাল্লাল্লাহু ‘আলাইহি ওয়া সাল্লাম)-এর নিকটে আসলো। তাদের পরনে পশমী পোশাক ছিল। তিনি তাদের নিকৃষ্ট অবস্থা দেখলেন। তাদের অভাবে আক্রমণ করেছে। তখন রসূলুল্লাহ (সাল্লাল্লাহু ‘আলাইহি ওয়া সাল্লাম) মানুষদের (তাদেরকে) দান-সদাকাহ্ করার জন্যে উৎসাহিত করলেন। মানুষেরা দান-সদাকাহ্ দিতে ইতস্তত করছিল। এমনকি এর প্রতিক্রিয়া তাঁর চেহারায় দেখা গেল।\nরাবী বলেন, তারপর একজন আনসারী লোক একটি রূপার (টাকার) ব্যাগ নিয়ে আসলেন। তারপর অন্যজন আসলেন। তারপর পর্যায়ক্রমে আসতে লাগলেন, পরিশেষে তাঁর মুখে আনন্দের চিহ্ন দেখা গেল। তারপর রসূলুল্লাহ (সাল্লাল্লাহু ‘আলাইহি ওয়া সাল্লাম) বললেন, যে লোক ইসলামে কোন সুন্নাত চালু করলো এবং পরবর্তীকালে সে অনুসারে ‘আমাল করা হলো তাহলে ‘আমালকারীর প্রতিদানের সমান প্রতিদান তার জন্য লিখিত হবে। এতে তাদের প্রতিদানে কোন ঘাটটি হবে না, আর যে লোক ইসলামে কোন অশুভ নীতি চালু করলো এবং তারপর সে অনুযায়ী ‘আমাল করা হলো তাহলে ঐ ‘আমালকারীর খারাপ প্রতিদানের সমান গুনাহ তার জন্য লিখিত হবে। এতে তাদের পাপ সামান্য ঘাটতি হবে না। (ই.ফা. ৬৫৫৬, ই.সে. ৬৬১০)",
        "ar": "حَدَّثَنِي زُهَيْرُ بْنُ حَرْبٍ، حَدَّثَنَا جَرِيرُ بْنُ عَبْدِ الْحَمِيدِ، عَنِ الأَعْمَشِ، عَنْ مُوسَى، بْنِ عَبْدِ اللَّهِ بْنِ يَزِيدَ وَأَبِي الضُّحَى عَنْ عَبْدِ الرَّحْمَنِ بْنِ هِلاَلٍ الْعَبْسِيِّ، عَنْ جَرِيرِ بْنِ عَبْدِ، اللَّهِ قَالَ جَاءَ نَاسٌ مِنَ الأَعْرَابِ إِلَى رَسُولِ اللَّهِ صلى الله عليه وسلم عَلَيْهِمُ الصُّوفُ فَرَأَى سُوءَ حَالِهِمْ قَدْ أَصَابَتْهُمْ حَاجَةٌ فَحَثَّ النَّاسَ عَلَى الصَّدَقَةِ فَأَبْطَئُوا عَنْهُ حَتَّى رُئِيَ ذَلِكَ فِي وَجْهِهِ - قَالَ - ثُمَّ إِنَّ رَجُلاً مِنَ الأَنْصَارِ جَاءَ بِصُرَّةٍ مِنْ وَرِقٍ ثُمَّ جَاءَ آخَرُ ثُمَّ تَتَابَعُوا حَتَّى عُرِفَ السُّرُورُ فِي وَجْهِهِ فَقَالَ رَسُولُ اللَّهِ صلى الله عليه وسلم ‏ \"‏ مَنْ سَنَّ فِي الإِسْلاَمِ سُنَّةً حَسَنَةً فَعُمِلَ بِهَا بَعْدَهُ كُتِبَ لَهُ مِثْلُ أَجْرِ مَنْ عَمِلَ بِهَا وَلاَ يَنْقُصُ مِنْ أُجُورِهِمْ شَىْءٌ وَمَنْ سَنَّ فِي الإِسْلاَمِ سُنَّةً سَيِّئَةً فَعُمِلَ بِهَا بَعْدَهُ كُتِبَ عَلَيْهِ مِثْلُ وِزْرِ مَنْ عَمِلَ بِهَا وَلاَ يَنْقُصُ مِنْ أَوْزَارِهِمْ شَىْءٌ ‏\"‏ ‏.‏",
        "ar_diacless": "حدثني زهير بن حرب، حدثنا جرير بن عبد الحميد، عن الأعمش، عن موسى، بن عبد الله بن يزيد وأبي الضحى عن عبد الرحمن بن هلال العبسي، عن جرير بن عبد، الله قال جاء ناس من الأعراب إلى رسول الله صلى الله عليه وسلم عليهم الصوف فرأى سوء حالهم قد أصابتهم حاجة فحث الناس على الصدقة فأبطئوا عنه حتى رئي ذلك في وجهه - قال - ثم إن رجلا من الأنصار جاء بصرة من ورق ثم جاء آخر ثم تتابعوا حتى عرف السرور في وجهه فقال رسول الله صلى الله عليه وسلم ‏ \"‏ من سن في الإسلام سنة حسنة فعمل بها بعده كتب له مثل أجر من عمل بها ولا ينقص من أجورهم شىء ومن سن في الإسلام سنة سيئة فعمل بها بعده كتب عليه مثل وزر من عمل بها ولا ينقص من أوزارهم شىء ‏\"‏ ‏.‏",
        "note": "",
        "grade_id": 2,
        "grade": "সহিহ হাদিস",
        "grade_color": "#46B891"
      },
      {
        "id": 9445,
        "book_id": 2,
        "book_name": "সহিহ মুসলিম",
        "chapter_id": 48,
        "section_id": 6,
        "hadith_key": "সহিহ মুসলিম: ৬৬৯৪",
        "hadith_id": 6694,
        "narrator": "জারীর (রাঃ)",
        "bn": "তিনি বলেন, একবার রসূলুল্লাহ (সাল্লাল্লাহু ‘আলাইহি ওয়া সাল্লাম) খুতবাহ্ দিলেন এবং মানুষদেরকে দান করার জন্য উৎসাহ প্রদান করলেন। এরপর জারীর বর্ণিত হাদীসের হুবহু বর্ণনানুযায়ী। (ই.ফা. ৬৫৫৭, ই.সে. ৬৬১১)",
        "ar": "حَدَّثَنَا يَحْيَى بْنُ يَحْيَى، وَأَبُو بَكْرِ بْنُ أَبِي شَيْبَةَ وَأَبُو كُرَيْبٍ جَمِيعًا عَنْ أَبِي مُعَاوِيَةَ، عَنِ الأَعْمَشِ، عَنْ مُسْلِمٍ، عَنْ عَبْدِ الرَّحْمَنِ بْنِ هِلاَلٍ، عَنْ جَرِيرٍ، قَالَ خَطَبَ رَسُولُ اللَّهِ صلى الله عليه وسلم فَحَثَّ عَلَى الصَّدَقَةِ ‏.‏ بِمَعْنَى حَدِيثِ جَرِيرٍ ‏.‏",
        "ar_diacless": "حدثنا يحيى بن يحيى، وأبو بكر بن أبي شيبة وأبو كريب جميعا عن أبي معاوية، عن الأعمش، عن مسلم، عن عبد الرحمن بن هلال، عن جرير، قال خطب رسول الله صلى الله عليه وسلم فحث على الصدقة ‏.‏ بمعنى حديث جرير ‏.‏",
        "note": "",
        "grade_id": 2,
        "grade": "সহিহ হাদিস",
        "grade_color": "#46B891"
      },
      {
        "id": 9443,
        "book_id": 2,
        "book_name": "সহিহ মুসলিম",
        "chapter_id": 48,
        "section_id": 6,
        "hadith_key": "সহিহ মুসলিম: ৬৬৯৫",
        "hadith_id": 6695,
        "narrator": "জারীর ইবনু ‘আবদুল্লাহ (রাঃ)",
        "bn": "রসূলুল্লাহ (সাল্লাল্লাহু ‘আলাইহি ওয়া সাল্লাম) বলেছেনঃ কোন লোক কোন ভাল কর্মের প্রবর্তন করে না, যা পরবর্তীকালে কাজে পরিণত করা হয়। তারপর তিনি সম্পূর্ণ হাদীসটি বর্ণনা করেন। (ই.ফা. ৬৫৫৮, ই.সে. ৬৬১২)",
        "ar": "حَدَّثَنَا مُحَمَّدُ بْنُ بَشَّارٍ، حَدَّثَنَا يَحْيَى، - يَعْنِي ابْنَ سَعِيدٍ - حَدَّثَنَا مُحَمَّدُ بْنُ أَبِي، إِسْمَاعِيلَ حَدَّثَنَا عَبْدُ الرَّحْمَنِ بْنُ هِلاَلٍ الْعَبْسِيُّ، قَالَ قَالَ جَرِيرُ بْنُ عَبْدِ اللَّهِ قَالَ رَسُولُ اللَّهِ صلى الله عليه وسلم ‏ \"‏ لاَ يَسُنُّ عَبْدٌ سُنَّةً صَالِحَةً يُعْمَلُ بِهَا بَعْدَهُ ‏\"‏ ‏.‏ ثُمَّ ذَكَرَ تَمَامَ الْحَدِيثِ ‏.‏",
        "ar_diacless": "حدثنا محمد بن بشار، حدثنا يحيى، - يعني ابن سعيد - حدثنا محمد بن أبي، إسماعيل حدثنا عبد الرحمن بن هلال العبسي، قال قال جرير بن عبد الله قال رسول الله صلى الله عليه وسلم ‏ \"‏ لا يسن عبد سنة صالحة يعمل بها بعده ‏\"‏ ‏.‏ ثم ذكر تمام الحديث ‏.‏",
        "note": "",
        "grade_id": 2,
        "grade": "সহিহ হাদিস",
        "grade_color": "#46B891"
      },
      {
        "id": 11668,
        "book_id": 2,
        "book_name": "সহিহ মুসলিম",
        "chapter_id": 48,
        "section_id": 6,
        "hadith_key": "সহিহ মুসলিম: ৬৬৯৬",
        "hadith_id": 6696,
        "narrator": "জারীর (রাঃ)-এর সানাদে নাবী (সাল্লাল্লাহু ‘আলাইহি ওয়া সাল্লাম)",
        "bn": "মুহাম্মাদ ইবনুল মুসান্না, আবূ বকর ইবনু আবূ শাইবাহ্ ও ‘উবাইদুল্লাহ ইবনু মু’আয (রহঃ) ..... জারীর (রাঃ)-এর সানাদে নবী (সাল্লাল্লাহু ‘আলাইহি ওয়া সাল্লাম) হতে এ হাদীসের অবিকল বর্ণনা করেছেন। (ই.ফা. ৬৫৫৯, ই.সে. ৬৬১৩)",
        "ar": "حَدَّثَنِي عُبَيْدُ اللَّهِ بْنُ عُمَرَ الْقَوَارِيرِيُّ، وَأَبُو كَامِلٍ وَمُحَمَّدُ بْنُ عَبْدِ الْمَلِكِ الأُمَوِيُّ قَالُوا حَدَّثَنَا أَبُو عَوَانَةَ، عَنْ عَبْدِ الْمَلِكِ بْنِ عُمَيْرٍ، عَنِ الْمُنْذِرِ بْنِ جَرِيرٍ، عَنْ أَبِيهِ، عَنِ النَّبِيِّ صلى الله عليه وسلم ح\n\nوَحَدَّثَنَا مُحَمَّدُ بْنُ الْمُثَنَّى، حَدَّثَنَا مُحَمَّدُ بْنُ جَعْفَرٍ، ح وَحَدَّثَنَا أَبُو بَكْرِ بْنُ أَبِي شَيْبَةَ، حَدَّثَنَا أَبُو أُسَامَةَ، ح وَحَدَّثَنَا عُبَيْدُ اللَّهِ بْنُ مُعَاذٍ، حَدَّثَنَا أَبِي قَالُوا، حَدَّثَنَا شُعْبَةُ، عَنْ عَوْنِ، بْنِ أَبِي جُحَيْفَةَ عَنِ الْمُنْذِرِ بْنِ جَرِيرٍ، عَنْ أَبِيهِ، عَنِ النَّبِيِّ صلى الله عليه وسلم بِهَذَا الْحَدِيثِ ‏.‏",
        "ar_diacless": "حدثني عبيد الله بن عمر القواريري، وأبو كامل ومحمد بن عبد الملك الأموي قالوا حدثنا أبو عوانة، عن عبد الملك بن عمير، عن المنذر بن جرير، عن أبيه، عن النبي صلى الله عليه وسلم ح\n\nوحدثنا محمد بن المثنى، حدثنا محمد بن جعفر، ح وحدثنا أبو بكر بن أبي شيبة، حدثنا أبو أسامة، ح وحدثنا عبيد الله بن معاذ، حدثنا أبي قالوا، حدثنا شعبة، عن عون، بن أبي جحيفة عن المنذر بن جرير، عن أبيه، عن النبي صلى الله عليه وسلم بهذا الحديث ‏.‏",
        "note": "",
        "grade_id": 2,
        "grade": "সহিহ হাদিস",
        "grade_color": "#46B891"
      },
      {
        "id": 9444,
        "book_id": 2,
        "book_name": "সহিহ মুসলিম",
        "chapter_id": 48,
        "section_id": 6,
        "hadith_key": "সহিহ মুসলিম: ৬৬৯৭",
        "hadith_id": 6697,
        "narrator": "আবূ হুরাইরাহ্ (রাঃ)",
        "bn": "তিনি বলেন, রসূলুল্লাহ (সাল্লাল্লাহু ‘আলাইহি ওয়া সাল্লাম) বলেছেনঃ যে লোক সঠিক পথের দিকে ডাকে তার জন্য সে পথের অনুসারীদের প্রতিদানের সমান প্রতিদান রয়েছে। এতে তাদের প্রতিদান হতে সামান্য ঘাটতি হবে না। আর যে লোক বিভ্রান্তির দিকে ডাকে তার উপর সে রাস্তার অনুসারীদের পাপের অনুরূপ পাপ বর্তাবে। এতে তাদের পাপরাশি সামান্য হালকা হবে না। (ই.ফা. ৬৫৬০, ই.সে. ৬৬১৪)",
        "ar": "حَدَّثَنَا يَحْيَى بْنُ أَيُّوبَ، وَقُتَيْبَةُ بْنُ سَعِيدٍ، وَابْنُ، حُجْرٍ قَالُوا حَدَّثَنَا إِسْمَاعِيلُ، - يَعْنُونَ ابْنَ جَعْفَرٍ - عَنِ الْعَلاَءِ، عَنْ أَبِيهِ، عَنْ أَبِي هُرَيْرَةَ، أَنَّ رَسُولَ اللَّهِ صلى الله عليه وسلم قَالَ ‏ \"‏ مَنْ دَعَا إِلَى هُدًى كَانَ لَهُ مِنَ الأَجْرِ مِثْلُ أُجُورِ مَنْ تَبِعَهُ لاَ يَنْقُصُ ذَلِكَ مِنْ أُجُورِهِمْ شَيْئًا وَمَنْ دَعَا إِلَى ضَلاَلَةٍ كَانَ عَلَيْهِ مِنَ الإِثْمِ مِثْلُ آثَامِ مَنْ تَبِعَهُ لاَ يَنْقُصُ ذَلِكَ مِنْ آثَامِهِمْ شَيْئًا ‏\"‏ ‏.‏",
        "ar_diacless": "حدثنا يحيى بن أيوب، وقتيبة بن سعيد، وابن، حجر قالوا حدثنا إسماعيل، - يعنون ابن جعفر - عن العلاء، عن أبيه، عن أبي هريرة، أن رسول الله صلى الله عليه وسلم قال ‏ \"‏ من دعا إلى هدى كان له من الأجر مثل أجور من تبعه لا ينقص ذلك من أجورهم شيئا ومن دعا إلى ضلالة كان عليه من الإثم مثل آثام من تبعه لا ينقص ذلك من آثامهم شيئا ‏\"‏ ‏.‏",
        "note": "",
        "grade_id": 2,
        "grade": "সহিহ হাদিস",
        "grade_color": "#46B891"
      }
    ]
  }
]