[
  {
    "id": 1,
    "link": "https://download.quranicaudio.com/quran/abdurrahmaan_as-sudays/001.mp3"
  },
  {
    "id": 2,
    "link": "https://download.quranicaudio.com/quran/abdurrahmaan_as-sudays/002.mp3"
  },
  {
    "id": 3,
    "link": "https://download.quranicaudio.com/quran/abdurrahmaan_as-sudays/003.mp3"
  },
  {
    "id": 4,
    "link": "https://download.quranicaudio.com/quran/abdurrahmaan_as-sudays/004.mp3"
  },
  {
    "id": 5,
    "link": "https://download.quranicaudio.com/quran/abdurrahmaan_as-sudays/005.mp3"
  },
  {
    "id": 6,
    "link": "https://download.quranicaudio.com/quran/abdurrahmaan_as-sudays/006.mp3"
  },
  {
    "id": 7,
    "link": "https://download.quranicaudio.com/quran/abdurrahmaan_as-sudays/007.mp3"
  },
  {
    "id": 8,
    "link": "https://download.quranicaudio.com/quran/abdurrahmaan_as-sudays/008.mp3"
  },
  {
    "id": 9,
    "link": "https://download.quranicaudio.com/quran/abdurrahmaan_as-sudays/009.mp3"
  },
  {
    "id": 10,
    "link": "https://download.quranicaudio.com/quran/abdurrahmaan_as-sudays/010.mp3"
  },
  {
    "id": 11,
    "link": "https://download.quranicaudio.com/quran/abdurrahmaan_as-sudays/011.mp3"
  },
  {
    "id": 12,
    "link": "https://download.quranicaudio.com/quran/abdurrahmaan_as-sudays/012.mp3"
  },
  {
    "id": 13,
    "link": "https://download.quranicaudio.com/quran/abdurrahmaan_as-sudays/013.mp3"
  },
  {
    "id": 14,
    "link": "https://download.quranicaudio.com/quran/abdurrahmaan_as-sudays/014.mp3"
  },
  {
    "id": 15,
    "link": "https://download.quranicaudio.com/quran/abdurrahmaan_as-sudays/015.mp3"
  },
  {
    "id": 16,
    "link": "https://download.quranicaudio.com/quran/abdurrahmaan_as-sudays/016.mp3"
  },
  {
    "id": 17,
    "link": "https://download.quranicaudio.com/quran/abdurrahmaan_as-sudays/017.mp3"
  },
  {
    "id": 18,
    "link": "https://download.quranicaudio.com/quran/abdurrahmaan_as-sudays/018.mp3"
  },
  {
    "id": 19,
    "link": "https://download.quranicaudio.com/quran/abdurrahmaan_as-sudays/019.mp3"
  },
  {
    "id": 20,
    "link": "https://download.quranicaudio.com/quran/abdurrahmaan_as-sudays/020.mp3"
  },
  {
    "id": 21,
    "link": "https://download.quranicaudio.com/quran/abdurrahmaan_as-sudays/021.mp3"
  },
  {
    "id": 22,
    "link": "https://download.quranicaudio.com/quran/abdurrahmaan_as-sudays/022.mp3"
  },
  {
    "id": 23,
    "link": "https://download.quranicaudio.com/quran/abdurrahmaan_as-sudays/023.mp3"
  },
  {
    "id": 24,
    "link": "https://download.quranicaudio.com/quran/abdurrahmaan_as-sudays/024.mp3"
  },
  {
    "id": 25,
    "link": "https://download.quranicaudio.com/quran/abdurrahmaan_as-sudays/025.mp3"
  },
  {
    "id": 26,
    "link": "https://download.quranicaudio.com/quran/abdurrahmaan_as-sudays/026.mp3"
  },
  {
    "id": 27,
    "link": "https://download.quranicaudio.com/quran/abdurrahmaan_as-sudays/027.mp3"
  },
  {
    "id": 28,
    "link": "https://download.quranicaudio.com/quran/abdurrahmaan_as-sudays/028.mp3"
  },
  {
    "id": 29,
    "link": "https://download.quranicaudio.com/quran/abdurrahmaan_as-sudays/029.mp3"
  },
  {
    "id": 30,
    "link": "https://download.quranicaudio.com/quran/abdurrahmaan_as-sudays/030.mp3"
  },
  {
    "id": 31,
    "link": "https://download.quranicaudio.com/quran/abdurrahmaan_as-sudays/031.mp3"
  },
  {
    "id": 32,
    "link": "https://download.quranicaudio.com/quran/abdurrahmaan_as-sudays/032.mp3"
  },
  {
    "id": 33,
    "link": "https://download.quranicaudio.com/quran/abdurrahmaan_as-sudays/033.mp3"
  },
  {
    "id": 34,
    "link": "https://download.quranicaudio.com/quran/abdurrahmaan_as-sudays/034.mp3"
  },
  {
    "id": 35,
    "link": "https://download.quranicaudio.com/quran/abdurrahmaan_as-sudays/035.mp3"
  },
  {
    "id": 36,
    "link": "https://download.quranicaudio.com/quran/abdurrahmaan_as-sudays/036.mp3"
  },
  {
    "id": 37,
    "link": "https://download.quranicaudio.com/quran/abdurrahmaan_as-sudays/037.mp3"
  },
  {
    "id": 38,
    "link": "https://download.quranicaudio.com/quran/abdurrahmaan_as-sudays/038.mp3"
  },
  {
    "id": 39,
    "link": "https://download.quranicaudio.com/quran/abdurrahmaan_as-sudays/039.mp3"
  },
  {
    "id": 40,
    "link": "https://download.quranicaudio.com/quran/abdurrahmaan_as-sudays/040.mp3"
  },
  {
    "id": 41,
    "link": "https://download.quranicaudio.com/quran/abdurrahmaan_as-sudays/041.mp3"
  },
  {
    "id": 42,
    "link": "https://download.quranicaudio.com/quran/abdurrahmaan_as-sudays/042.mp3"
  },
  {
    "id": 43,
    "link": "https://download.quranicaudio.com/quran/abdurrahmaan_as-sudays/043.mp3"
  },
  {
    "id": 44,
    "link": "https://download.quranicaudio.com/quran/abdurrahmaan_as-sudays/044.mp3"
  },
  {
    "id": 45,
    "link": "https://download.quranicaudio.com/quran/abdurrahmaan_as-sudays/045.mp3"
  },
  {
    "id": 46,
    "link": "https://download.quranicaudio.com/quran/abdurrahmaan_as-sudays/046.mp3"
  },
  {
    "id": 47,
    "link": "https://download.quranicaudio.com/quran/abdurrahmaan_as-sudays/047.mp3"
  },
  {
    "id": 48,
    "link": "https://download.quranicaudio.com/quran/abdurrahmaan_as-sudays/048.mp3"
  },
  {
    "id": 49,
    "link": "https://download.quranicaudio.com/quran/abdurrahmaan_as-sudays/049.mp3"
  },
  {
    "id": 50,
    "link": "https://download.quranicaudio.com/quran/abdurrahmaan_as-sudays/050.mp3"
  },
  {
    "id": 51,
    "link": "https://download.quranicaudio.com/quran/abdurrahmaan_as-sudays/051.mp3"
  },
  {
    "id": 52,
    "link": "https://download.quranicaudio.com/quran/abdurrahmaan_as-sudays/052.mp3"
  },
  {
    "id": 53,
    "link": "https://download.quranicaudio.com/quran/abdurrahmaan_as-sudays/053.mp3"
  },
  {
    "id": 54,
    "link": "https://download.quranicaudio.com/quran/abdurrahmaan_as-sudays/054.mp3"
  },
  {
    "id": 55,
    "link": "https://download.quranicaudio.com/quran/abdurrahmaan_as-sudays/055.mp3"
  },
  {
    "id": 56,
    "link": "https://download.quranicaudio.com/quran/abdurrahmaan_as-sudays/056.mp3"
  },
  {
    "id": 57,
    "link": "https://download.quranicaudio.com/quran/abdurrahmaan_as-sudays/057.mp3"
  },
  {
    "id": 58,
    "link": "https://download.quranicaudio.com/quran/abdurrahmaan_as-sudays/058.mp3"
  },
  {
    "id": 59,
    "link": "https://download.quranicaudio.com/quran/abdurrahmaan_as-sudays/059.mp3"
  },
  {
    "id": 60,
    "link": "https://download.quranicaudio.com/quran/abdurrahmaan_as-sudays/060.mp3"
  },
  {
    "id": 61,
    "link": "https://download.quranicaudio.com/quran/abdurrahmaan_as-sudays/061.mp3"
  },
  {
    "id": 62,
    "link": "https://download.quranicaudio.com/quran/abdurrahmaan_as-sudays/062.mp3"
  },
  {
    "id": 63,
    "link": "https://download.quranicaudio.com/quran/abdurrahmaan_as-sudays/063.mp3"
  },
  {
    "id": 64,
    "link": "https://download.quranicaudio.com/quran/abdurrahmaan_as-sudays/064.mp3"
  },
  {
    "id": 65,
    "link": "https://download.quranicaudio.com/quran/abdurrahmaan_as-sudays/065.mp3"
  },
  {
    "id": 66,
    "link": "https://download.quranicaudio.com/quran/abdurrahmaan_as-sudays/066.mp3"
  },
  {
    "id": 67,
    "link": "https://download.quranicaudio.com/quran/abdurrahmaan_as-sudays/067.mp3"
  },
  {
    "id": 68,
    "link": "https://download.quranicaudio.com/quran/abdurrahmaan_as-sudays/068.mp3"
  },
  {
    "id": 69,
    "link": "https://download.quranicaudio.com/quran/abdurrahmaan_as-sudays/069.mp3"
  },
  {
    "id": 70,
    "link": "https://download.quranicaudio.com/quran/abdurrahmaan_as-sudays/070.mp3"
  },
  {
    "id": 71,
    "link": "https://download.quranicaudio.com/quran/abdurrahmaan_as-sudays/071.mp3"
  },
  {
    "id": 72,
    "link": "https://download.quranicaudio.com/quran/abdurrahmaan_as-sudays/072.mp3"
  },
  {
    "id": 73,
    "link": "https://download.quranicaudio.com/quran/abdurrahmaan_as-sudays/073.mp3"
  },
  {
    "id": 74,
    "link": "https://download.quranicaudio.com/quran/abdurrahmaan_as-sudays/074.mp3"
  },
  {
    "id": 75,
    "link": "https://download.quranicaudio.com/quran/abdurrahmaan_as-sudays/075.mp3"
  },
  {
    "id": 76,
    "link": "https://download.quranicaudio.com/quran/abdurrahmaan_as-sudays/076.mp3"
  },
  {
    "id": 77,
    "link": "https://download.quranicaudio.com/quran/abdurrahmaan_as-sudays/077.mp3"
  },
  {
    "id": 78,
    "link": "https://download.quranicaudio.com/quran/abdurrahmaan_as-sudays/078.mp3"
  },
  {
    "id": 79,
    "link": "https://download.quranicaudio.com/quran/abdurrahmaan_as-sudays/079.mp3"
  },
  {
    "id": 80,
    "link": "https://download.quranicaudio.com/quran/abdurrahmaan_as-sudays/080.mp3"
  },
  {
    "id": 81,
    "link": "https://download.quranicaudio.com/quran/abdurrahmaan_as-sudays/081.mp3"
  },
  {
    "id": 82,
    "link": "https://download.quranicaudio.com/quran/abdurrahmaan_as-sudays/082.mp3"
  },
  {
    "id": 83,
    "link": "https://download.quranicaudio.com/quran/abdurrahmaan_as-sudays/083.mp3"
  },
  {
    "id": 84,
    "link": "https://download.quranicaudio.com/quran/abdurrahmaan_as-sudays/084.mp3"
  },
  {
    "id": 85,
    "link": "https://download.quranicaudio.com/quran/abdurrahmaan_as-sudays/085.mp3"
  },
  {
    "id": 86,
    "link": "https://download.quranicaudio.com/quran/abdurrahmaan_as-sudays/086.mp3"
  },
  {
    "id": 87,
    "link": "https://download.quranicaudio.com/quran/abdurrahmaan_as-sudays/087.mp3"
  },
  {
    "id": 88,
    "link": "https://download.quranicaudio.com/quran/abdurrahmaan_as-sudays/088.mp3"
  },
  {
    "id": 89,
    "link": "https://download.quranicaudio.com/quran/abdurrahmaan_as-sudays/089.mp3"
  },
  {
    "id": 90,
    "link": "https://download.quranicaudio.com/quran/abdurrahmaan_as-sudays/090.mp3"
  },
  {
    "id": 91,
    "link": "https://download.quranicaudio.com/quran/abdurrahmaan_as-sudays/091.mp3"
  },
  {
    "id": 92,
    "link": "https://download.quranicaudio.com/quran/abdurrahmaan_as-sudays/092.mp3"
  },
  {
    "id": 93,
    "link": "https://download.quranicaudio.com/quran/abdurrahmaan_as-sudays/093.mp3"
  },
  {
    "id": 94,
    "link": "https://download.quranicaudio.com/quran/abdurrahmaan_as-sudays/094.mp3"
  },
  {
    "id": 95,
    "link": "https://download.quranicaudio.com/quran/abdurrahmaan_as-sudays/095.mp3"
  },
  {
    "id": 96,
    "link": "https://download.quranicaudio.com/quran/abdurrahmaan_as-sudays/096.mp3"
  },
  {
    "id": 97,
    "link": "https://download.quranicaudio.com/quran/abdurrahmaan_as-sudays/097.mp3"
  },
  {
    "id": 98,
    "link": "https://download.quranicaudio.com/quran/abdurrahmaan_as-sudays/098.mp3"
  },
  {
    "id": 99,
    "link": "https://download.quranicaudio.com/quran/abdurrahmaan_as-sudays/099.mp3"
  },
  {
    "id": 100,
    "link": "https://download.quranicaudio.com/quran/abdurrahmaan_as-sudays/100.mp3"
  },
  {
    "id": 101,
    "link": "https://download.quranicaudio.com/quran/abdurrahmaan_as-sudays/101.mp3"
  },
  {
    "id": 102,
    "link": "https://download.quranicaudio.com/quran/abdurrahmaan_as-sudays/102.mp3"
  },
  {
    "id": 103,
    "link": "https://download.quranicaudio.com/quran/abdurrahmaan_as-sudays/103.mp3"
  },
  {
    "id": 104,
    "link": "https://download.quranicaudio.com/quran/abdurrahmaan_as-sudays/104.mp3"
  },
  {
    "id": 105,
    "link": "https://download.quranicaudio.com/quran/abdurrahmaan_as-sudays/105.mp3"
  },
  {
    "id": 106,
    "link": "https://download.quranicaudio.com/quran/abdurrahmaan_as-sudays/106.mp3"
  },
  {
    "id": 107,
    "link": "https://download.quranicaudio.com/quran/abdurrahmaan_as-sudays/107.mp3"
  },
  {
    "id": 108,
    "link": "https://download.quranicaudio.com/quran/abdurrahmaan_as-sudays/108.mp3"
  },
  {
    "id": 109,
    "link": "https://download.quranicaudio.com/quran/abdurrahmaan_as-sudays/109.mp3"
  },
  {
    "id": 110,
    "link": "https://download.quranicaudio.com/quran/abdurrahmaan_as-sudays/110.mp3"
  },
  {
    "id": 111,
    "link": "https://download.quranicaudio.com/quran/abdurrahmaan_as-sudays/111.mp3"
  },
  {
    "id": 112,
    "link": "https://download.quranicaudio.com/quran/abdurrahmaan_as-sudays/112.mp3"
  },
  {
    "id": 113,
    "link": "https://download.quranicaudio.com/quran/abdurrahmaan_as-sudays/113.mp3"
  },
  {
    "id": 114,
    "link": "https://download.quranicaudio.com/quran/abdurrahmaan_as-sudays/114.mp3"
  }
]