[
  {
    "id": 18786,
    "book_id": 7,
    "book_name": "muwatta-malik",
    "chapter_id": 61,
    "section_id": 1,
    "title": "নবী সাল্লাল্লাহু ‘আলাইহি ওয়া সাল্লাম-এর পবিত্র নামসমূহের বর্ণনা",
    "preface": "",
    "number": "পরিচ্ছেদ ১:",
    "sort_order": 1,
    "hadiths": [
      {
        "id": 50710,
        "book_id": 7,
        "book_name": "মুয়াত্তা ইমাম মালিক",
        "chapter_id": 61,
        "section_id": 1,
        "hadith_key": "মুয়াত্তা ইমাম মালিক: ১৮৩২",
        "hadith_id": 1832,
        "narrator": "মুহাম্মাদ ইবনু যুবাইর ইবনু মুত্ইম (রহঃ)",
        "bn": "নাবী (সাল্লাল্লাহু ‘আলাইহি ওয়া সাল্লাম) বলেছেন, আমার পাঁচটি নাম রয়েছে। আমি মুহাম্মাদ [১] আর আমি আহমাদ, [২] আমি মাহী-- আমার দ্বারা আল্লাহ্ কুফরকে বিলুপ্ত করবেন, আর আমি হাশির-- লোকের পুনরুত্থান অনুষ্ঠিত হবে আমার কদমের উপর [৩] আর আমি আকিব। [৪] (বুখারী ৩৫৩২, ইমাম মুসলিম মুত্তাসিল সনদে বর্ণনা করেন ২৩৫৪, তবে ইমাম মালিক কর্তৃক বর্ণিত হাদীসটি মুরসাল)",
        "ar": "حَدَّثَنِي مَالِك عَنْ ابْنِ شِهَابٍ عَنْ مُحَمَّدِ بْنِ جُبَيْرِ بْنِ مُطْعِمٍ\n\nأَنَّ النَّبِيَّ صَلَّى اللهُ عَلَيْهِ وَسَلَّمَ قَالَ لِي خَمْسَةُ أَسْمَاءٍ أَنَا مُحَمَّدٌ وَأَنَا أَحْمَدُ وَأَنَا الْمَاحِي الَّذِي يَمْحُو اللهُ بِيَ الْكُفْرَ وَأَنَا الْحَاشِرُ الَّذِي يُحْشَرُ النَّاسُ عَلَى قَدَمِي وَأَنَا الْعَاقِبُ.",
        "ar_diacless": "حدثني مالك عن ابن شهاب عن محمد بن جبير بن مطعم\n\nأن النبي صلى الله عليه وسلم قال لي خمسة أسماء أنا محمد وأنا أحمد وأنا الماحي الذي يمحو الله بي الكفر وأنا الحاشر الذي يحشر الناس على قدمي وأنا العاقب.",
        "note": "[১] যেহেতু নবী সল্লাল্লাহু আলাইহি ওয়াসাল্লাম-এর গুণাবলি অনেক, যেহেতু তাঁর প্রচুর প্রশংসা বারংবার করা হয়েছে, যেহেতু আল্লাহ্ তা’আলা স্বয়ং এবং নবীগণ, ফেরেশতাগণ ও আওলিয়াগণ তাঁর প্রচুর ও ভূয়সী প্রশংসা করেছেন তাই তাঁর নাম মুহাম্মাদ বা বহুল প্রশংসিত।\n\n[২] সর্বাপেক্ষা অধিক প্রশংসাকারী।\n\n[৩] আল্লাহ্ তা’আলা কিয়ামত দিবসে সর্বপ্রথম নবী সল্লাল্লাহু আলাইহি ওয়াসাল্লামকে তাঁর পবিত্র রওযা হতে উঠাবেন, অন্য সব লোকের পুনরুত্থান হবে তাঁর পর।\n\n[৪] আকিব -সবার পেছনে অর্থাৎ যাঁর পর কোন নবীর আগমন হবে না।",
        "grade_id": 1,
        "grade": "নির্ণীত নয়",
        "grade_color": "#F0AD4E"
      }
    ]
  }
]