[
  {
    "id": 18780,
    "book_id": 7,
    "book_name": "muwatta-malik",
    "chapter_id": 57,
    "section_id": 1,
    "title": "জাহান্নামের বিবরণ",
    "preface": "",
    "number": "পরিচ্ছেদ ১:",
    "sort_order": 1,
    "hadiths": [
      {
        "id": 50689,
        "book_id": 7,
        "book_name": "মুয়াত্তা ইমাম মালিক",
        "chapter_id": 57,
        "section_id": 1,
        "hadith_key": "মুয়াত্তা ইমাম মালিক: ১৮১৩",
        "hadith_id": 1813,
        "narrator": "আবূ হুরায়রা (রাঃ)",
        "bn": "রাসূলুল্লাহ্ (সাল্লাল্লাহু ‘আলাইহি ওয়া সাল্লাম) বলেছেন, আদম সন্তান যে আগুন প্রজ্বলিত করে (ব্যবহার করে) উহা জাহান্নামের আগুনের সত্তর ভাগের এক ভাগের সমান। সাহাবীগণ আরয করলেন, ইয়া রসূলাল্লাহ্! (জ্বালাবার জন্য তো) দুনিয়ার এই আগুনই যথেষ্ট। রসূলুল্লাহ্ সল্লাল্লাহু আলাইহি ওয়াসাল্লাম বললেন, (জাহান্নামের) সেই আগুন (ক্ষমতার দিক দিয়ে) দুনিয়ার এই আগুনের চাইতে আরও ঊনসত্তর গুণ অধিক ক্ষমতাসম্পন্ন। (বুখারী ৩২৬৫, মুসলিম ২৮৪৩)",
        "ar": "حَدَّثَنِي مَالِك عَنْ أَبِي الزِّنَادِ عَنْ الْأَعْرَجِ عَنْ أَبِي هُرَيْرَةَ\n\nأَنَّ رَسُولَ اللهِ صَلَّى اللهُ عَلَيْهِ وَسَلَّمَ قَالَ نَارُ بَنِي آدَمَ الَّتِي يُوقِدُونَ جُزْءٌ مِنْ سَبْعِينَ جُزْءًا مِنْ نَارِ جَهَنَّمَ فَقَالُوا يَا رَسُولَ اللهِ إِنْ كَانَتْ لَكَافِيَةً قَالَ إِنَّهَا فُضِّلَتْ عَلَيْهَا بِتِسْعَةٍ وَسِتِّينَ جُزْءًا",
        "ar_diacless": "حدثني مالك عن أبي الزناد عن الأعرج عن أبي هريرة\n\nأن رسول الله صلى الله عليه وسلم قال نار بني آدم التي يوقدون جزء من سبعين جزءا من نار جهنم فقالوا يا رسول الله إن كانت لكافية قال إنها فضلت عليها بتسعة وستين جزءا",
        "note": "",
        "grade_id": 2,
        "grade": "সহিহ হাদিস",
        "grade_color": "#46B891"
      },
      {
        "id": 50688,
        "book_id": 7,
        "book_name": "মুয়াত্তা ইমাম মালিক",
        "chapter_id": 57,
        "section_id": 1,
        "hadith_key": "মুয়াত্তা ইমাম মালিক: ১৮১৪",
        "hadith_id": 1814,
        "narrator": "আবূ হুরায়রা (রা)",
        "bn": "জাহান্নামের আগুনকে তোমরা দুনিয়ার এই আগুনের মতো লাল মনে করছ। অথচ উহা আলকাতরা হতেও অধিক কালো। (হাদীসটি ইমাম মালিক এককভাবে বর্ণনা করেছেন)",
        "ar": "و حَدَّثَنِي مَالِك عَنْ عَمِّهِ أَبِي سُهَيْلِ بْنِ مَالِكٍ عَنْ أَبِيهِ عَنْ أَبِي هُرَيْرَةَ أَنَّهُ قَالَ أَتُرَوْنَهَا حَمْرَاءَ كَنَارِكُمْ هَذِهِ لَهِيَ أَسْوَدُ مِنْ الْقَارِ وَالْقَارُ الزِّفْتُ",
        "ar_diacless": "و حدثني مالك عن عمه أبي سهيل بن مالك عن أبيه عن أبي هريرة أنه قال أترونها حمراء كناركم هذه لهي أسود من القار والقار الزفت",
        "note": "",
        "grade_id": 1,
        "grade": "নির্ণীত নয়",
        "grade_color": "#F0AD4E"
      }
    ]
  }
]