[
  {
    "id": 18767,
    "book_id": 7,
    "book_name": "muwatta-malik",
    "chapter_id": 55,
    "section_id": 1,
    "title": "বায়‘আত সম্পর্কিত বিবরণ",
    "preface": "",
    "number": "পরিচ্ছেদ ১:",
    "sort_order": 1,
    "hadiths": [
      {
        "id": 50426,
        "book_id": 7,
        "book_name": "মুয়াত্তা ইমাম মালিক",
        "chapter_id": 55,
        "section_id": 1,
        "hadith_key": "মুয়াত্তা ইমাম মালিক: ১৭৮২",
        "hadith_id": 1782,
        "narrator": "আবদুল্লাহ্ ইব্নু দীনার (রহঃ)",
        "bn": "আবদুল্লাহ্ ইব্নু উমার (রাঃ) বলেছেন, আমরা যখন রাসূলুল্লাহ্ (সাল্লাল্লাহু ‘আলাইহি ওয়া সাল্লাম)-এর নিকট তাঁর কথা শ্রবণ করব এবং মেনে চলব বলে বায়‘আত গ্রহণ করতাম তখন তিনি বলতেন, তোমরা যা পার (অর্থাৎ যতটুকু তোমাদের শক্তিতে কুলায় ততটুকু আমল করবে)। (বুখারী ৭২০২, মুসলিম ১৮৬৭)",
        "ar": "حَدَّثَنِي مَالِك عَنْ عَبْدِ اللهِ بْنِ دِينَارٍ أَنَّ عَبْدَ اللهِ بْنَ عُمَرَ قَالَ\n\nكُنَّا إِذَا بَايَعْنَا رَسُولَ اللهِ صَلَّى اللهُ عَلَيْهِ وَسَلَّمَ عَلَى السَّمْعِ وَالطَّاعَةِ يَقُولُ لَنَا رَسُولُ اللهِ صَلَّى اللهُ عَلَيْهِ وَسَلَّمَ فِيمَا اسْتَطَعْتُمْ",
        "ar_diacless": "حدثني مالك عن عبد الله بن دينار أن عبد الله بن عمر قال\n\nكنا إذا بايعنا رسول الله صلى الله عليه وسلم على السمع والطاعة يقول لنا رسول الله صلى الله عليه وسلم فيما استطعتم",
        "note": "",
        "grade_id": 2,
        "grade": "সহিহ হাদিস",
        "grade_color": "#46B891"
      },
      {
        "id": 50425,
        "book_id": 7,
        "book_name": "মুয়াত্তা ইমাম মালিক",
        "chapter_id": 55,
        "section_id": 1,
        "hadith_key": "মুয়াত্তা ইমাম মালিক: ১৭৮৩",
        "hadith_id": 1783,
        "narrator": "উমাইমাহ্ বিনত রুকাইকা (রাঃ)",
        "bn": "আমি অপরাপর মহিলার সহিত রাসূলুল্লাহ্ (সাল্লাল্লাহু ‘আলাইহি ওয়া সাল্লাম)-এর নিকট বায়‘আত গ্রহণের জন্য গমন করলাম। অতঃপর তারা (মহিলাগণ) আরয করল, ইয়া রাসূলুল্লাহ্! আমরা আপনার কাছে এই কথার বায়‘আত গ্রহণ করছি যে, আমরা আল্লাহ্‌র সাথে অপর কোন বস্তুকে শরীক করব না, চুরি করব না, যেনা (ব্যভিচার) করব না, আমাদের সন্তানদেরকে হত্যা করব না। আমরা নিজে কারো বিরুদ্ধে অপবাদ রটাব না এবং যেকোন ভাল কাজে আপনার নাফরমানী (বিরুদ্ধাচরণ) করব না। অতঃপর রাসূলুল্লাহ্ (সাল্লাল্লাহু ‘আলাইহি ওয়া সাল্লাম) বললেন, তোমাদের সাধ্যানুযায়ী করবে। অতঃপর তারা বলল, আল্লাহ্ ও তাঁর রসূল আমাদের প্রতি আমাদের নিজেদের চাইতেও অধিক দয়ালু। অতএব, ইয়া রাসূলুল্লাহ্! আসুন, আমরা আপনার সাথে হাত মিলাই। রাসূলুল্লাহ্ (সাল্লাল্লাহু ‘আলাইহি ওয়া সাল্লাম) বললেন, আমি স্ত্রীলোকদের সাথে হাত মিলাই না। আমার কথা এক শত মহিলার জন্য যেই রকম, একজনের জন্যও ঠিক সেই রকম। (সহীহ, তিরমিযী ১৫৯৭, নাসাঈ ৪১৮১, ইবনু মাজাহ ২৮৭৪, আলবানী হাদীসটি সহীহ বলেছেন [সিলসিলা সহীহা ৫২৯])",
        "ar": "و حَدَّثَنِي مَالِك عَنْ مُحَمَّدِ بْنِ الْمُنْكَدِرِ عَنْ أُمَيْمَةَ بِنْتِ رُقَيْقَةَ أَنَّهَا قَالَتْ أَتَيْتُ رَسُولَ اللهِ صَلَّى اللهُ عَلَيْهِ وَسَلَّمَ فِي نِسْوَةٍ بَايَعْنَهُ عَلَى الْإِسْلَامِ فَقُلْنَ يَا رَسُولَ اللهِ نُبَايِعُكَ عَلَى أَنْ لَا نُشْرِكَ بِاللهِ شَيْئًا وَلَا نَسْرِقَ وَلَا نَزْنِيَ وَلَا نَقْتُلَ أَوْلَادَنَا وَلَا نَأْتِيَ بِبُهْتَانٍ نَفْتَرِيهِ بَيْنَ أَيْدِينَا وَأَرْجُلِنَا وَلَا نَعْصِيَكَ فِي مَعْرُوفٍ فَقَالَ رَسُولُ اللهِ صَلَّى اللهُ عَلَيْهِ وَسَلَّمَ فِيمَا اسْتَطَعْتُنَّ وَأَطَقْتُنَّ قَالَتْ فَقُلْنَ اللهُ وَرَسُولُهُ أَرْحَمُ بِنَا مِنْ أَنْفُسِنَا هَلُمَّ نُبَايِعْكَ يَا رَسُولَ اللهِ فَقَالَ رَسُولُ اللهِ صَلَّى اللهُ عَلَيْهِ وَسَلَّمَ إِنِّي لَا أُصَافِحُ النِّسَاءَ إِنَّمَا قَوْلِي لِمِائَةِ امْرَأَةٍ كَقَوْلِي لِامْرَأَةٍ وَاحِدَةٍ أَوْ مِثْلِ قَوْلِي لِامْرَأَةٍ وَاحِدَةٍ",
        "ar_diacless": "و حدثني مالك عن محمد بن المنكدر عن أميمة بنت رقيقة أنها قالت أتيت رسول الله صلى الله عليه وسلم في نسوة بايعنه على الإسلام فقلن يا رسول الله نبايعك على أن لا نشرك بالله شيئا ولا نسرق ولا نزني ولا نقتل أولادنا ولا نأتي ببهتان نفتريه بين أيدينا وأرجلنا ولا نعصيك في معروف فقال رسول الله صلى الله عليه وسلم فيما استطعتن وأطقتن قالت فقلن الله ورسوله أرحم بنا من أنفسنا هلم نبايعك يا رسول الله فقال رسول الله صلى الله عليه وسلم إني لا أصافح النساء إنما قولي لمائة امرأة كقولي لامرأة واحدة أو مثل قولي لامرأة واحدة",
        "note": "",
        "grade_id": 2,
        "grade": "সহিহ হাদিস",
        "grade_color": "#46B891"
      },
      {
        "id": 50424,
        "book_id": 7,
        "book_name": "মুয়াত্তা ইমাম মালিক",
        "chapter_id": 55,
        "section_id": 1,
        "hadith_key": "মুয়াত্তা ইমাম মালিক: ১৭৮৪",
        "hadith_id": 1784,
        "narrator": "আবদুল্লাহ্ ইব্নু দীনার (রহঃ)",
        "bn": "আবদুল্লাহ্ ইব্নু উমার (রাঃ) আবদুল মালিক ইব্নু মারওয়ানের নিকট এই মর্মে একটি বায়‘আতনামা লিখলেন-- বিসমিল্লাহির রাহমানির রাহীম, আল্লাহ্‌র বান্দা আবদুল মালিকের নিকট, যিনি মুসলমানদের আমীর। আপনার উপর শান্তি বর্ষিত হোক, আমি সেই আল্লাহ্‌র প্রশংসা করছি, যিনি ব্যতীত অন্য কোন উপাস্য নেই। আমি এই কথার স্বীকারোক্তি দিচ্ছি যে, আমি আমার সাধ্যানুযায়ী আপনার কথা শ্রবণ করব এবং মানব যদি আল্লাহ্ ও তাঁর রাসূলের নির্দেশ মুতাবিক হয়। [১] (হাদীসটি ইমাম মালিক এককভাবে বর্ণনা করেছেন)",
        "ar": "و حَدَّثَنِي مَالِك عَنْ عَبْدِ اللهِ بْنِ دِينَارٍ أَنَّ عَبْدَ اللهِ بْنَ عُمَرَ\n\nكَتَبَ إِلَى عَبْدِ الْمَلِكِ بْنِ مَرْوَانَ يُبَايِعُهُ فَكَتَبَ إِلَيْهِ بِسْمِ اللهِ الرَّحْمَنِ الرَّحِيمِ أَمَّا بَعْدُ لِعَبْدِ اللهِ عَبْدِ الْمَلِكِ أَمِيرِ الْمُؤْمِنِينَ سَلَامٌ عَلَيْكَ فَإِنِّي أَحْمَدُ\n\nإِلَيْكَ اللهَ الَّذِي لَا إِلَهَ إِلَّا هُوَ وَأُقِرُّ لَكَ بِالسَّمْعِ وَالطَّاعَةِ عَلَى سُنَّةِ اللهِ وَسُنَّةِ رَسُولِهِ فِيمَا اسْتَطَعْتُ",
        "ar_diacless": "و حدثني مالك عن عبد الله بن دينار أن عبد الله بن عمر\n\nكتب إلى عبد الملك بن مروان يبايعه فكتب إليه بسم الله الرحمن الرحيم أما بعد لعبد الله عبد الملك أمير المؤمنين سلام عليك فإني أحمد\n\nإليك الله الذي لا إله إلا هو وأقر لك بالسمع والطاعة على سنة الله وسنة رسوله فيما استطعت",
        "note": "[১] এখানে বুঝা যাচ্ছে যে, ইসলামী রাষ্ট্রের রাষ্ট্রনায়ক যতক্ষণ আল্লাহ্ ও রাসূলের নির্দেশ মুতাবিক চলবেন এবং তাঁর আদেশ-নির্দেশ শরী‘আত মুতাবিক হবে, ততক্ষণ নাগরিকদের জন্য তাঁর আনুগত্য করা ওয়াজিব।",
        "grade_id": 1,
        "grade": "নির্ণীত নয়",
        "grade_color": "#F0AD4E"
      }
    ]
  }
]