[
  {
    "id": 18337,
    "book_id": 7,
    "book_name": "muwatta-malik",
    "chapter_id": 34,
    "section_id": 1,
    "title": "জমি (কেয়ারা) ভাড়া দেয়া",
    "preface": "",
    "number": "পরিচ্ছেদঃ ১",
    "sort_order": 1,
    "hadiths": [
      {
        "id": 49103,
        "book_id": 7,
        "book_name": "মুয়াত্তা ইমাম মালিক",
        "chapter_id": 34,
        "section_id": 1,
        "hadith_key": "মুয়াত্তা ইমাম মালিক: ১৩৮৮",
        "hadith_id": 1388,
        "narrator": "রাফি‘ ইব্নু খাদীজ (রা)",
        "bn": "রসূলুল্লাহ্ সল্লাল্লাহু আলাইহি ওয়াসাল্লাম শস্যক্ষেত্র ভাড়া দিতে নিষেধ করেছেন। হানযালা বলেন, আমি রাফি‘র নিকট জিজ্ঞেস করলাম, যদি স্বর্ণ বা চাঁদির পরিবর্তে নেয়া হয়? তিনি বললেন, “কোন ক্ষতি নেই।“ (সহীহ, বুখারী ২২৮৬)",
        "ar": "حَدَّثَنَا يَحْيَى عَنْ مَالِك عَنْ رَبِيعَةَ بْنِ أَبِي عَبْدِ الرَّحْمَنِ عَنْ حَنْظَلَةَ بْنِ قَيْسٍ الزُّرَقِيِّ عَنْ رَافِعِ بْنِ خَدِيجٍ أَنَّ رَسُولَ اللهِ صَلَّى اللهُ عَلَيْهِ وَسَلَّمَ نَهَى عَنْ كِرَاءِ الْمَزَارِعِ قَالَ حَنْظَلَةُ فَسَأَلْتُ رَافِعَ بْنَ خَدِيجٍ بِالذَّهَبِ وَالْوَرِقِ فَقَالَ أَمَّا بِالذَّهَبِ وَالْوَرِقِ فَلَا بَأْسَ بِهِ.",
        "ar_diacless": "حدثنا يحيى عن مالك عن ربيعة بن أبي عبد الرحمن عن حنظلة بن قيس الزرقي عن رافع بن خديج أن رسول الله صلى الله عليه وسلم نهى عن كراء المزارع قال حنظلة فسألت رافع بن خديج بالذهب والورق فقال أما بالذهب والورق فلا بأس به.",
        "note": "",
        "grade_id": 2,
        "grade": "সহিহ হাদিস",
        "grade_color": "#46B891"
      },
      {
        "id": 49104,
        "book_id": 7,
        "book_name": "মুয়াত্তা ইমাম মালিক",
        "chapter_id": 34,
        "section_id": 1,
        "hadith_key": "মুয়াত্তা ইমাম মালিক: ১৩৮৯",
        "hadith_id": 1389,
        "narrator": "বর্ণণাকারী",
        "bn": "যুহরী (র) সাঈদ ইব্নু মুসায়্যাব (র)-কে জিজ্ঞেস করলেন, স্বর্ণ ও চাঁদির পরিবর্তে জমি ভাড়া লওয়া বৈধ কি? তিনি বললেন, “হ্যাঁ, বৈধ, এতে কোন ক্ষতি নেই।“ (হাদীসটি ইমাম মালিক এককভাবে বর্ণনা করেছেন)",
        "ar": "و حَدَّثَنِي مَالِك عَنْ ابْنِ شِهَابٍ أَنَّهُ قَالَ سَأَلْتُ سَعِيدَ بْنَ الْمُسَيَّبِ عَنْ كِرَاءِ الْأَرْضِ بِالذَّهَبِ وَالْوَرِقِ فَقَالَ لَا بَأْسَ بِهِ.",
        "ar_diacless": "و حدثني مالك عن ابن شهاب أنه قال سألت سعيد بن المسيب عن كراء الأرض بالذهب والورق فقال لا بأس به.",
        "note": "",
        "grade_id": 1,
        "grade": "নির্ণীত নয়",
        "grade_color": "#F0AD4E"
      },
      {
        "id": 49106,
        "book_id": 7,
        "book_name": "মুয়াত্তা ইমাম মালিক",
        "chapter_id": 34,
        "section_id": 1,
        "hadith_key": "মুয়াত্তা ইমাম মালিক: ১৩৯০",
        "hadith_id": 1390,
        "narrator": "বর্ণণাকারী",
        "bn": "যুহরী (র) সালিম ইব্নু আবদুল্লাহ্ ইব্নু উমার (রা)-কে শস্যক্ষেত্র ভাড়া দেয়ার ব্যাপারে প্রশ্ন করলে তিনি বললেন, স্বর্ণ ও চাঁদির বিনিময়ে হলে কোন ক্ষতি নেই। যুহরী (র) বললেন, রাফি‘ ইব্নু খাদীজ (রা) হতে বর্ণিত হাদীস কি আপনার জানা আছে? উত্তরে সালিম (র) বললেন, তিনি অর্থাৎ রাফি‘ অনেক অস্পষ্ট কথা বলেছেন, যদি আমার নিকট শস্যক্ষেত্র হত তবে আমি ভাড়া দিতাম। (হাদীসটি ইমাম মালিক এককভাবে বর্ণনা করেছেন)",
        "ar": "و حَدَّثَنِي مَالِك عَنْ ابْنِ شِهَابٍ أَنَّهُ سَأَلَ سَالِمَ بْنَ عَبْدِ اللهِ بْنِ عُمَرَ عَنْ كِرَاءِ الْمَزَارِعِ فَقَالَ لَا بَأْسَ بِهَا بِالذَّهَبِ وَالْوَرِقِ قَالَ ابْنُ شِهَابٍ فَقُلْتُ لَهُ أَرَأَيْتَ الْحَدِيثَ الَّذِي يُذْكَرُ عَنْ رَافِعِ بْنِ خَدِيجٍ فَقَالَ أَكْثَرَ رَافِعٌ وَلَوْ كَانَ لِي مَزْرَعَةٌ أَكْرَيْتُهَا.",
        "ar_diacless": "و حدثني مالك عن ابن شهاب أنه سأل سالم بن عبد الله بن عمر عن كراء المزارع فقال لا بأس بها بالذهب والورق قال ابن شهاب فقلت له أرأيت الحديث الذي يذكر عن رافع بن خديج فقال أكثر رافع ولو كان لي مزرعة أكريتها.",
        "note": "",
        "grade_id": 1,
        "grade": "নির্ণীত নয়",
        "grade_color": "#F0AD4E"
      },
      {
        "id": 49107,
        "book_id": 7,
        "book_name": "মুয়াত্তা ইমাম মালিক",
        "chapter_id": 34,
        "section_id": 1,
        "hadith_key": "মুয়াত্তা ইমাম মালিক: ১৩৯১",
        "hadith_id": 1391,
        "narrator": "মালিক (র)",
        "bn": "তাঁর নিকট রেওয়ায়ত পৌঁছেছে যে, আবদুর রহমান ইব্নু আউফ (রা) ভাড়ায় একটি জমি নিয়েছিলেন, যা আমৃত্যু তাঁর নিকট ছিল। তাঁর পুত্র বললেন, আমরা এই জমি আমাদের নিজস্ব মনে করতাম, কেননা উহা অনেক দিন আমাদের নিকট ছিল। যখন আবদুর রহমান ইব্নু আউফ (রা)-এর অন্তিমকাল উপস্থিত হল, তিনি বললেন, এটা ভাড়ার জমি, ভাড়া যা বাকী ছিল তা সোনা চাঁদিতে আদায় করতে বললেন। (হাদীসটি ইমাম মালিক এককভাবে বর্ণনা করেছেন)",
        "ar": "و حَدَّثَنِي مَالِك أَنَّهُ بَلَغَهُ أَنَّ عَبْدَ الرَّحْمَنِ بْنَ عَوْفٍ تَكَارَى أَرْضًا فَلَمْ تَزَلْ فِي يَدَيْهِ بِكِرَاءٍ حَتَّى مَاتَ قَالَ ابْنُهُ فَمَا كُنْتُ أُرَاهَا إِلَّا لَنَا مِنْ طُولِ مَا مَكَثَتْ فِي يَدَيْهِ حَتَّى ذَكَرَهَا لَنَا عِنْدَ مَوْتِهِ فَأَمَرَنَا بِقَضَاءِ شَيْءٍ كَانَ عَلَيْهِ مِنْ كِرَائِهَا ذَهَبٍ أَوْ وَرِقٍ.",
        "ar_diacless": "و حدثني مالك أنه بلغه أن عبد الرحمن بن عوف تكارى أرضا فلم تزل في يديه بكراء حتى مات قال ابنه فما كنت أراها إلا لنا من طول ما مكثت في يديه حتى ذكرها لنا عند موته فأمرنا بقضاء شيء كان عليه من كرائها ذهب أو ورق.",
        "note": "",
        "grade_id": 1,
        "grade": "নির্ণীত নয়",
        "grade_color": "#F0AD4E"
      },
      {
        "id": 49105,
        "book_id": 7,
        "book_name": "মুয়াত্তা ইমাম মালিক",
        "chapter_id": 34,
        "section_id": 1,
        "hadith_key": "মুয়াত্তা ইমাম মালিক: ১৩৯২",
        "hadith_id": 1392,
        "narrator": "হিশাম ইব্নু উরওয়া (র) তার পিতা",
        "bn": "তাঁর পিতা যুবায়র নিজের জমি সোনা-চাঁদির বিনিময়ে ভাড়া দিতেন। (হাদীসটি ইমাম মালিক এককভাবে বর্ণনা করেছেন)\nমালিক (র)-এর নিকট প্রশ্ন করা হয়েছিল, যদি কোন ব্যক্তি স্বীয় জমি এই শর্তে ভাড়া দেয় যে, উৎপাদিত ফসলের এই পরিমাণ (যেমন একশত সা’) নিব এমতাবস্থায় মাসআলা কি? তিনি বললেন, “ইহা মাকরূহ।“",
        "ar": "و حَدَّثَنِي مَالِك عَنْ هِشَامِ بْنِ عُرْوَةَ عَنْ أَبِيهِ أَنَّهُ كَانَ يُكْرِي أَرْضَهُ بِالذَّهَبِ وَالْوَرِقِ ২৬২৯-و سُئِلَ مَالِك عَنْ رَجُلٍ أَكْرَى مَزْرَعَتَهُ بِمِائَةِ صَاعٍ مِنْ تَمْرٍ أَوْ مِمَّا يَخْرُجُ مِنْهَا مِنْ الْحِنْطَةِ أَوْ مِنْ غَيْرِ مَا يَخْرُجُ مِنْهَا فَكَرِهَ ذَلِكَ.",
        "ar_diacless": "و حدثني مالك عن هشام بن عروة عن أبيه أنه كان يكري أرضه بالذهب والورق ২৬২৯-و سئل مالك عن رجل أكرى مزرعته بمائة صاع من تمر أو مما يخرج منها من الحنطة أو من غير ما يخرج منها فكره ذلك.",
        "note": "",
        "grade_id": 1,
        "grade": "নির্ণীত নয়",
        "grade_color": "#F0AD4E"
      }
    ]
  }
]