[
  {
    "id": 18516,
    "book_id": 7,
    "book_name": "muwatta-malik",
    "chapter_id": 23,
    "section_id": 1,
    "title": "কি ধরনের পশু কুরবানী করা দুরস্ত নয়",
    "preface": "",
    "number": "পরিচ্ছেদ ১",
    "sort_order": 1,
    "hadiths": [
      {
        "id": 49782,
        "book_id": 7,
        "book_name": "মুয়াত্তা ইমাম মালিক",
        "chapter_id": 23,
        "section_id": 1,
        "hadith_key": "মুয়াত্তা ইমাম মালিক: ১০১৯",
        "hadith_id": 1019,
        "narrator": "বারা ইবনু আযিব (রা)",
        "bn": "রসূলুল্লাহ সল্লাল্লাহু আলাইহি ওয়াসাল্লামকে জিজ্ঞেস করা হয়েছিল : কি ধরনের পশু কুরবানী করা উচিত নয়। রসূলুল্লাহ সল্লাল্লাহু আলাইহি ওয়াসাল্লাম তখন অঙ্গুলি দ্বারা গুণে বললেন : চার ধরনের পশু হতে বিরত থাকা উচিত। বারা ইবনু আযিব (রা) রসূলুল্লাহ সল্লাল্লাহু আলাইহি ওয়াসাল্লাম-এর অনুকরণে অঙ্গুল গুণে এই হাদীস বর্ণনা করতেন। বলতেন : আমার হাত রসূলুল্লাহ সল্লাল্লাহু আলাইহি ওয়াসাল্লাম-এর হাত হতে ছোট। এমন খোঁড়া যা হাঁটতে অক্ষম। এমন কানা যা সকলেই ধরতে পারে। স্পষ্ট রোগা। এমন কৃশ যার হাড্ডির মগজ পর্যন্ত শুকিয়ে গিয়েছে। (সহীহ, আবূ দাঊদ ২৮০২, তিরমিযী ১৪৯৭, ইবনু মাজাহ ৩১৪৪, আলবানী হাদীসটি সহীহ বলেছেন [সহীহ আলজামে ৮৮৬])",
        "ar": "حَدَّثَنِي يَحْيَى عَنْ مَالِك عَنْ عَمْرِو بْنِ الْحَارِثِ عَنْ عُبَيْدِ بْنِ فَيْرُوزٍ عَنْ الْبَرَاءِ بْنِ عَازِبٍ أَنَّ رَسُولَ اللهِ صَلَّى اللهُ عَلَيْهِ وَسَلَّمَ سُئِلَ مَاذَا يُتَّقَى مِنْ الضَّحَايَا فَأَشَارَ بِيَدِهِ وَقَالَ أَرْبَعًا وَكَانَ الْبَرَاءُ يُشِيرُ بِيَدِهِ وَيَقُولُ يَدِي أَقْصَرُ مِنْ يَدِ رَسُولِ اللهِ صَلَّى اللهُ عَلَيْهِ وَسَلَّمَ الْعَرْجَاءُ الْبَيِّنُ ظَلْعُهَا وَالْعَوْرَاءُ الْبَيِّنُ عَوَرُهَا وَالْمَرِيضَةُ الْبَيِّنُ مَرَضُهَا وَالْعَجْفَاءُ الَّتِي لَا تُنْقِي.",
        "ar_diacless": "حدثني يحيى عن مالك عن عمرو بن الحارث عن عبيد بن فيروز عن البراء بن عازب أن رسول الله صلى الله عليه وسلم سئل ماذا يتقى من الضحايا فأشار بيده وقال أربعا وكان البراء يشير بيده ويقول يدي أقصر من يد رسول الله صلى الله عليه وسلم العرجاء البين ظلعها والعوراء البين عورها والمريضة البين مرضها والعجفاء التي لا تنقي.",
        "note": "",
        "grade_id": 2,
        "grade": "সহিহ হাদিস",
        "grade_color": "#46B891"
      },
      {
        "id": 49894,
        "book_id": 7,
        "book_name": "মুয়াত্তা ইমাম মালিক",
        "chapter_id": 23,
        "section_id": 1,
        "hadith_key": "মুয়াত্তা ইমাম মালিক: ১০২০",
        "hadith_id": 1020,
        "narrator": "নাফি’ (র)",
        "bn": "মুসিন্না [১] নয় বা অঙ্গহীন এমন পশুর কুরবানী করা হতে ‘আবদুল্লাহ ইবনু উমার (রা) বিরত থাকতেন। (হাদীসটি ইমাম মালিক এককভাবে বর্ণনা করেছেন)\nমালিক (র) বলেন: আমি যা শুনেছি তন্মধ্যে এই বিষয়টি আমার অধিক প্রিয়।",
        "ar": "و حَدَّثَنِي عَنْ مَالِك عَنْ نَافِعٍ أَنَّ عَبْدَ اللهِ بْنَ عُمَرَ كَانَ يَتَّقِي مِنْ الضَّحَايَا وَالْبُدْنِ الَّتِي لَمْ تُسِنَّ وَالَّتِي نَقَصَ مِنْ خَلْقِهَا قَالَ مَالِك وَهَذَا أَحَبُّ مَا سَمِعْتُ إِلَيَّ.",
        "ar_diacless": "و حدثني عن مالك عن نافع أن عبد الله بن عمر كان يتقي من الضحايا والبدن التي لم تسن والتي نقص من خلقها قال مالك وهذا أحب ما سمعت إلي.",
        "note": "[১] যে পশুর দুধ দাঁত পরে গিয়ে সামনে দু’টি দাঁত গজিয়েছে তাকে মুসিন্নাহ্ বলা হয়।",
        "grade_id": 6,
        "grade": "অন্যান্য",
        "grade_color": "#4A85CE"
      }
    ]
  },
  {
    "id": 18538,
    "book_id": 7,
    "book_name": "muwatta-malik",
    "chapter_id": 23,
    "section_id": 2,
    "title": "কি ধরনের পশু কুরবানী করা মুস্তাহাব",
    "preface": "",
    "number": "পরিচ্ছেদ ২",
    "sort_order": 2,
    "hadiths": [
      {
        "id": 49895,
        "book_id": 7,
        "book_name": "মুয়াত্তা ইমাম মালিক",
        "chapter_id": 23,
        "section_id": 2,
        "hadith_key": "মুয়াত্তা ইমাম মালিক: ১০২১",
        "hadith_id": 1021,
        "narrator": "নাফি’ (র)",
        "bn": "একবার আবদুল্লাহ ইবনু ‘উমার (রা) মদীনায় কুরবানী করেন। আমাকে বললেন : শিংওয়ালা একটি ছাগল খরিদ করে ঈদুল আযহার দিন ইদগাহে নিয়ে যবেহ কর। আমি তাই করলাম। যবেহকৃত ছাগলটি তাঁর নিকট পাঠিয়ে দেয়া হল। তিনি তখন তাঁর মাথার চুল কাটলেন। সে সময় তিনি অসুস্থ ছিলেন। ঈদের জামাতে হাজির হতে পারেননি। নাফি’ (র) বলেন : ‘আবদুল্লাহ ইবনু ‘উমার (রা) বলতেন কুরবানীদাতার উপর মাথা মুন্ডন ওয়াজিব নয়। তবে তিনি নিজে মাথা মুন্ডন করেছেন। (হাদীসটি ইমাম মালিক এককভাবে বর্ণনা করেছেন)",
        "ar": "حَدَّثَنِي يَحْيَى عَنْ مَالِك عَنْ نَافِعٍ أَنَّ عَبْدَ اللهِ بْنَ عُمَرَ ضَحَّى مَرَّةً بِالْمَدِينَةِ قَالَ نَافِعٌ فَأَمَرَنِي أَنْ أَشْتَرِيَ لَهُ كَبْشًا فَحِيلًا أَقْرَنَ ثُمَّ أَذْبَحَهُ يَوْمَ الْأَضْحَى فِي مُصَلَّى النَّاسِ قَالَ نَافِعٌ فَفَعَلْتُ ثُمَّ حُمِلَ إِلَى عَبْدِ اللهِ بْنِ عُمَرَ فَحَلَقَ رَأْسَهُ حِينَ ذُبِحَ الْكَبْشُ وَكَانَ مَرِيضًا لَمْ يَشْهَدْ الْعِيدَ مَعَ النَّاسِ قَالَ نَافِعٌ وَكَانَ عَبْدُ اللهِ بْنُ عُمَرَ يَقُولُ لَيْسَ حِلَاقُ الرَّأْسِ بِوَاجِبٍ عَلَى مَنْ ضَحَّى وَقَدْ فَعَلَهُ ابْنُ عُمَرَ.",
        "ar_diacless": "حدثني يحيى عن مالك عن نافع أن عبد الله بن عمر ضحى مرة بالمدينة قال نافع فأمرني أن أشتري له كبشا فحيلا أقرن ثم أذبحه يوم الأضحى في مصلى الناس قال نافع ففعلت ثم حمل إلى عبد الله بن عمر فحلق رأسه حين ذبح الكبش وكان مريضا لم يشهد العيد مع الناس قال نافع وكان عبد الله بن عمر يقول ليس حلاق الرأس بواجب على من ضحى وقد فعله ابن عمر.",
        "note": "",
        "grade_id": 6,
        "grade": "অন্যান্য",
        "grade_color": "#4A85CE"
      }
    ]
  },
  {
    "id": 18540,
    "book_id": 7,
    "book_name": "muwatta-malik",
    "chapter_id": 23,
    "section_id": 3,
    "title": "ঈদের জামাআত হতে ইমামের প্রত্যাবর্তনের পূর্বে কুরবানী করা দুরস্ত নয়",
    "preface": "",
    "number": "পরিচ্ছেদ ৩",
    "sort_order": 3,
    "hadiths": [
      {
        "id": 49896,
        "book_id": 7,
        "book_name": "মুয়াত্তা ইমাম মালিক",
        "chapter_id": 23,
        "section_id": 3,
        "hadith_key": "মুয়াত্তা ইমাম মালিক: ১০২২",
        "hadith_id": 1022,
        "narrator": "বুশাইর ইবনু ইয়াসার (র)",
        "bn": "রসূলুল্লাহ সল্লাল্লাহু আলাইহি ওয়াসাল্লাম-এর কুরবানী করবার আগেই কুরবানী করেছিলেন। রসূলুল্লাহ সল্লাল্লাহু আলাইহি ওয়াসাল্লাম তাঁকে পুনরায় কুরবানী করতে নির্দেশ দেন। আবূ বুরদা বললেন : আমার নিকট এক বৎসরের এক বকরী ব্যতীত আর কিছুই নেই। রসূলুল্লাহ সল্লাল্লাহু আলাইহি ওয়াসাল্লাম বললেন : এটিকেই কুরবানী দিয়ে দাও। (বুখারী ৯৫১, ৯৫৫, মুসলিম ১৯৬১)",
        "ar": "حَدَّثَنِي يَحْيَى عَنْ مَالِك عَنْ يَحْيَى بْنِ سَعِيدٍ عَنْ بُشَيْرِ بْنِ يَسَارٍ أَنَّ أَبَا بُرْدَةَ بْنَ نِيَارٍ ذَبَحَ ضَحِيَّتَهُ قَبْلَ أَنْ يَذْبَحَ رَسُولُ اللهِ صَلَّى اللهُ عَلَيْهِ وَسَلَّمَ يَوْمَ الْأَضْحَى فَزَعَمَ أَنَّ رَسُولَ اللهِ صَلَّى اللهُ عَلَيْهِ وَسَلَّمَ أَمَرَهُ أَنْ يَعُودَ بِضَحِيَّةٍ أُخْرَى قَالَ أَبُو بُرْدَةَ لَا أَجِدُ إِلَّا جَذَعًا يَا رَسُولَ اللهِ قَالَ وَإِنْ لَمْ تَجِدْ إِلَّا جَذَعًا فَاذْبَحْ.",
        "ar_diacless": "حدثني يحيى عن مالك عن يحيى بن سعيد عن بشير بن يسار أن أبا بردة بن نيار ذبح ضحيته قبل أن يذبح رسول الله صلى الله عليه وسلم يوم الأضحى فزعم أن رسول الله صلى الله عليه وسلم أمره أن يعود بضحية أخرى قال أبو بردة لا أجد إلا جذعا يا رسول الله قال وإن لم تجد إلا جذعا فاذبح.",
        "note": "",
        "grade_id": 2,
        "grade": "সহিহ হাদিস",
        "grade_color": "#46B891"
      },
      {
        "id": 49897,
        "book_id": 7,
        "book_name": "মুয়াত্তা ইমাম মালিক",
        "chapter_id": 23,
        "section_id": 3,
        "hadith_key": "মুয়াত্তা ইমাম মালিক: ১০২৩",
        "hadith_id": 1023,
        "narrator": "আব্বাদ ইবনু তামীম (র)",
        "bn": "উয়াইমির ইবনু আশকর (রা) ইয়াউমুল আযহাতে (যিলহজ্জ মাসের ১০ তারিখে) ঈদের নামাযের পূর্বে কুরবানী করেছিলেন। রসূলুল্লাহ সল্লাল্লাহু আলাইহি ওয়াসাল্লাম-এর নিকট এই কথা উল্লেখ করা হলে তিনি তাঁকে পুনরায় কুরবানী করতে নির্দেশ দেন। (সহীহ, ইবনু মাজাহ ৩১৫৩, আলবানী হাদীসটিকে সহীহ বলেছেন [সহীহ  ও যয়ীফ ইবনু মাজাহ])",
        "ar": "و حَدَّثَنِي عَنْ مَالِك عَنْ يَحْيَى بْنِ سَعِيدٍ عَنْ عَبَّادِ بْنِ تَمِيمٍ أَنَّ عُوَيْمِرَ بْنَ أَشْقَرَ ذَبَحَ ضَحِيَّتَهُ قَبْلَ أَنْ يَغْدُوَ يَوْمَ الْأَضْحَى وَأَنَّهُ ذَكَرَ ذَلِكَ لِرَسُولِ اللهِ صَلَّى اللهُ عَلَيْهِ وَسَلَّمَ فَأَمَرَهُ أَنْ يَعُودَ بِضَحِيَّةٍ أُخْرَى.",
        "ar_diacless": "و حدثني عن مالك عن يحيى بن سعيد عن عباد بن تميم أن عويمر بن أشقر ذبح ضحيته قبل أن يغدو يوم الأضحى وأنه ذكر ذلك لرسول الله صلى الله عليه وسلم فأمره أن يعود بضحية أخرى.",
        "note": "",
        "grade_id": 6,
        "grade": "অন্যান্য",
        "grade_color": "#4A85CE"
      }
    ]
  },
  {
    "id": 18541,
    "book_id": 7,
    "book_name": "muwatta-malik",
    "chapter_id": 23,
    "section_id": 4,
    "title": "কুরবানীর গোশত রেখে দেয়া",
    "preface": "",
    "number": "পরিচ্ছেদ ৪",
    "sort_order": 4,
    "hadiths": [
      {
        "id": 49898,
        "book_id": 7,
        "book_name": "মুয়াত্তা ইমাম মালিক",
        "chapter_id": 23,
        "section_id": 4,
        "hadith_key": "মুয়াত্তা ইমাম মালিক: ১০২৪",
        "hadith_id": 1024,
        "narrator": "জাবির ইবনু আবদুল্লাহ (রা)",
        "bn": "তিন দিনের বেশি কুরবানীর গোশত রাখতে রসূলুল্লাহ সল্লাল্লাহু আলাইহি ওয়াসাল্লাম নিষেধ করেছিলেন। পরে বললেন : তোমরা নিজেরা তা খাও, পাথেয় হিসেবে ব্যবহার কর এবং (ভবিষ্যতের জন্য) রেখে দাও। (সহীহ, মুসলিম ১৯৭২)",
        "ar": "حَدَّثَنِي يَحْيَى عَنْ مَالِك عَنْ أَبِي الزُّبَيْرِ الْمَكِّيِّ عَنْ جَابِرِ بْنِ عَبْدِ اللهِ أَنَّ رَسُولَ اللهِ صَلَّى اللهُ عَلَيْهِ وَسَلَّمَ نَهَى عَنْ أَكْلِ لُحُومِ الضَّحَايَا بَعْدَ ثَلَاثَةِ أَيَّامٍ ثُمَّ قَالَ بَعْدُ كُلُوا وَتَصَدَّقُوا وَتَزَوَّدُوا وَادَّخِرُوا.",
        "ar_diacless": "حدثني يحيى عن مالك عن أبي الزبير المكي عن جابر بن عبد الله أن رسول الله صلى الله عليه وسلم نهى عن أكل لحوم الضحايا بعد ثلاثة أيام ثم قال بعد كلوا وتصدقوا وتزودوا وادخروا.",
        "note": "",
        "grade_id": 2,
        "grade": "সহিহ হাদিস",
        "grade_color": "#46B891"
      },
      {
        "id": 49900,
        "book_id": 7,
        "book_name": "মুয়াত্তা ইমাম মালিক",
        "chapter_id": 23,
        "section_id": 4,
        "hadith_key": "মুয়াত্তা ইমাম মালিক: ১০২৫",
        "hadith_id": 1025,
        "narrator": "আবদুল্লাহ ইবনু ওয়াকিদ (র)",
        "bn": "তিন দিনের পর কুরবানীর গোশত খেতে রসূলুল্লাহ সল্লাল্লাহু আলাইহি ওয়াসাল্লাম নিষেধ করেছেন। আবদুল্লাহ ইবনু আবূ বাকর (র) বলেন : এই কথা আমি ‘আমরা বিন্ত আবদুর রহমানকে গিয়ে শুনালাম। তিনি বললেন : ‘আবদুল্লাহ সত্য বলেছেন। নাবী সল্লাল্লাহু আলাইহি ওয়াসাল্লাম-এর সহধর্মিণী আয়িশা (রা)-এর কাছে শুনেছি : রসূলুল্লাহ সল্লাল্লাহু আলাইহি ওয়াসাল্লাম-এর সময় একবার ঈদুল আযহার দিন কিছু সংখ্যক বেদুঈন আসেন। তখন রসূলুল্লাহ সল্লাল্লাহু আলাইহি ওয়াসাল্লাম বললেন : তিন দিনের মতো গোশত রেখে বাকীটা খয়রাত করে দাও। এর পর রসূলুল্লাহ সল্লাল্লাহু আলাইহি ওয়াসাল্লাম-এর কাছে বলা হল, পূর্বে লোকেরা কুরবানীর পশু দ্বারা ফায়দা লাভ করত। এর চর্বি রেখে দিত এবং চামড়া দ্বারা মশক বানিয়ে রাখত। রসূলুল্লাহ সল্লাল্লাহু আলাইহি ওয়াসাল্লাম বললেন : তোমরা কি বলতে চাও? বলা হল : আপনি তিন দিনের অতিরিক্ত কুরবানীর গোশত রাখতে নিষেধ করেছেন। রসূলুল্লাহ সল্লাল্লাহু আলাইহি ওয়াসাল্লাম বললেন : কিছু অভাবী লোক গ্রাম হতে এসে পড়েছিল, তাই তিন দিনের অতিরিক্ত গোশত রাখতে আমি নিষেধ করেছিলাম। এখন তোমরা তা খাও, খয়রাত কর এবং জমা করে রেখে দাও। (সহীহ, মুসলিম ১৯৭১)",
        "ar": "و حَدَّثَنِي عَنْ مَالِك عَنْ عَبْدِ اللهِ بْنِ أَبِي بَكْرٍ عَنْ عَبْدِ اللهِ بْنِ وَاقِدٍ أَنَّهُ قَالَ: نَهَى رَسُولُ اللهِ صَلَّى اللهُ عَلَيْهِ وَسَلَّمَ عَنْ أَكْلِ لُحُومِ الضَّحَايَا بَعْدَ ثَلَاثٍ. قَالَ عَبْدُ اللهِ بْنُ أَبِي بَكْرٍ فَذَكَرْتُ ذَلِكَ لِعَمْرَةَ بِنْتِ عَبْدِ الرَّحْمَنِ فَقَالَتْ صَدَقَ سَمِعْتُ عَائِشَةَ زَوْجَ النَّبِيِّ صَلَّى اللهُ عَلَيْهِ وَسَلَّمَ تَقُولُ دَفَّ نَاسٌ مِنْ أَهْلِ الْبَادِيَةِ حَضْرَةَ الْأَضْحَى فِي زَمَانِ رَسُولِ اللهِ صَلَّى اللهُ عَلَيْهِ وَسَلَّمَ فَقَالَ رَسُولُ اللهِ صَلَّى اللهُ عَلَيْهِ وَسَلَّمَ ادَّخِرُوا لِثَلَاثٍ وَتَصَدَّقُوا بِمَا بَقِيَ قَالَتْ فَلَمَّا كَانَ بَعْدَ ذَلِكَ قِيلَ لِرَسُولِ اللهِ صَلَّى اللهُ عَلَيْهِ وَسَلَّمَ لَقَدْ كَانَ النَّاسُ يَنْتَفِعُونَ بِضَحَايَاهُمْ وَيَجْمُلُونَ مِنْهَا الْوَدَكَ وَيَتَّخِذُونَ مِنْهَا الْأَسْقِيَةَ فَقَالَ رَسُولُ اللهِ صَلَّى اللهُ عَلَيْهِ وَسَلَّمَ وَمَا ذَلِكَ أَوْ كَمَا قَالَ قَالُوا نَهَيْتَ عَنْ لُحُومِ الضَّحَايَا بَعْدَ ثَلَاثٍ فَقَالَ رَسُولُ اللهِ صَلَّى اللهُ عَلَيْهِ وَسَلَّمَ إِنَّمَا نَهَيْتُكُمْ مِنْ أَجْلِ الدَّافَّةِ الَّتِي دَفَّتْ عَلَيْكُمْ فَكُلُوا وَتَصَدَّقُوا وَادَّخِرُوا يَعْنِي بِالدَّافَّةِ قَوْمًا مَسَاكِينَ قَدِمُوا الْمَدِيْنَةَ.",
        "ar_diacless": "و حدثني عن مالك عن عبد الله بن أبي بكر عن عبد الله بن واقد أنه قال: نهى رسول الله صلى الله عليه وسلم عن أكل لحوم الضحايا بعد ثلاث. قال عبد الله بن أبي بكر فذكرت ذلك لعمرة بنت عبد الرحمن فقالت صدق سمعت عائشة زوج النبي صلى الله عليه وسلم تقول دف ناس من أهل البادية حضرة الأضحى في زمان رسول الله صلى الله عليه وسلم فقال رسول الله صلى الله عليه وسلم ادخروا لثلاث وتصدقوا بما بقي قالت فلما كان بعد ذلك قيل لرسول الله صلى الله عليه وسلم لقد كان الناس ينتفعون بضحاياهم ويجملون منها الودك ويتخذون منها الأسقية فقال رسول الله صلى الله عليه وسلم وما ذلك أو كما قال قالوا نهيت عن لحوم الضحايا بعد ثلاث فقال رسول الله صلى الله عليه وسلم إنما نهيتكم من أجل الدافة التي دفت عليكم فكلوا وتصدقوا وادخروا يعني بالدافة قوما مساكين قدموا المدينة.",
        "note": "",
        "grade_id": 2,
        "grade": "সহিহ হাদিস",
        "grade_color": "#46B891"
      },
      {
        "id": 49899,
        "book_id": 7,
        "book_name": "মুয়াত্তা ইমাম মালিক",
        "chapter_id": 23,
        "section_id": 4,
        "hadith_key": "মুয়াত্তা ইমাম মালিক: ১০২৬",
        "hadith_id": 1026,
        "narrator": "আবূ সা’ঈদ খুদরী (রা)",
        "bn": "একবার সফর হতে ফিরবার পর পরিবারের লোকেরা তাঁর সামনে গোশত পেশ করেন। তিনি এটা দেখে বললেন : এটা কুরবানীর গোশত নয় তো? তাঁরা বললেন; হ্যাঁ কুরবানীর। আবূ সা’ঈদ (রা) বললেন : রসূলুল্লাহ সল্লাল্লাহু আলাইহি ওয়াসাল্লাম ইহা নিষেধ করেন নাই কি? তাঁরা বললেন : আপনি যাওয়ার পর এই বিষয়ে রসূলুল্লাহ সল্লাল্লাহু আলাইহি ওয়াসাল্লাম অন্য হুকুম প্রদান করেছেন। আবূ সা’ঈদ খুদরী (রা) এই বিষয়টি ভাল করে অনুসন্ধান করে দেখার উদ্দেশ্যে বের হয়ে পড়েন। তখন তিনি জানতে পারেন, রসূলুল্লাহ সল্লাল্লাহু আলাইহি ওয়াসাল্লাম বলেছেন : তিন দিন পর কুরবানীর গোশত খেতে আমি তোমাদেরকে নিষেধ করেছিলাম, এখন যে কোন পাত্রে ইচ্ছা তোমরা তা বানাতে পার, তবে (মনে রেখ) সকল নেশা সৃষ্টিকারী বস্তু হারাম। কবর যিয়ারত করতে তোমাদেরকে আমি নিষেধ করেছিলাম। এখন তোমরা কবর যিয়ারত করতে যেতে পারে, তবে মুখে যেন কোন মন্দ কথা উচ্চারিত না হয়। (সহীহ, বুখারী ৩৯৯৭)",
        "ar": "و حَدَّثَنِي عَنْ مَالِك عَنْ رَبِيعَةَ بْنِ أَبِي عَبْدِ الرَّحْمَنِ عَنْ أَبِي سَعِيدٍ الْخُدْرِيِّ أَنَّهُ قَدِمَ مِنْ سَفَرٍ فَقَدَّمَ إِلَيْهِ أَهْلُهُ لَحْمًا فَقَالَ انْظُرُوا أَنْ يَكُونَ هَذَا مِنْ لُحُومِ الْأَضْحَى فَقَالُوا هُوَ مِنْهَا فَقَالَ أَبُو سَعِيدٍ أَلَمْ يَكُنْ رَسُولُ اللهِ صَلَّى اللهُ عَلَيْهِ وَسَلَّمَ نَهَى عَنْهَا فَقَالُوا إِنَّهُ قَدْ كَانَ مِنْ رَسُولِ اللهِ صَلَّى اللهُ عَلَيْهِ وَسَلَّمَ بَعْدَكَ أَمْرٌ فَخَرَجَ أَبُو سَعِيدٍ فَسَأَلَ عَنْ ذَلِكَ فَأُخْبِرَ أَنَّ رَسُولَ اللهِ صَلَّى اللهُ عَلَيْهِ وَسَلَّمَ قَالَ نَهَيْتُكُمْ عَنْ لُحُومِ الْأَضْحَى بَعْدَ ثَلَاثٍ فَكُلُوا وَتَصَدَّقُوا وَادَّخِرُوا وَنَهَيْتُكُمْ عَنْ الِانْتِبَاذِ فَانْتَبِذُوا وَكُلُّ مُسْكِرٍ حَرَامٌ وَنَهَيْتُكُمْ عَنْ زِيَارَةِ الْقُبُورِ فَزُورُوهَا وَلَا تَقُولُوا هُجْرًا يَعْنِي لَا تَقُولُوا سُوْءًا.",
        "ar_diacless": "و حدثني عن مالك عن ربيعة بن أبي عبد الرحمن عن أبي سعيد الخدري أنه قدم من سفر فقدم إليه أهله لحما فقال انظروا أن يكون هذا من لحوم الأضحى فقالوا هو منها فقال أبو سعيد ألم يكن رسول الله صلى الله عليه وسلم نهى عنها فقالوا إنه قد كان من رسول الله صلى الله عليه وسلم بعدك أمر فخرج أبو سعيد فسأل عن ذلك فأخبر أن رسول الله صلى الله عليه وسلم قال نهيتكم عن لحوم الأضحى بعد ثلاث فكلوا وتصدقوا وادخروا ونهيتكم عن الانتباذ فانتبذوا وكل مسكر حرام ونهيتكم عن زيارة القبور فزوروها ولا تقولوا هجرا يعني لا تقولوا سوءا.",
        "note": "",
        "grade_id": 2,
        "grade": "সহিহ হাদিস",
        "grade_color": "#46B891"
      }
    ]
  },
  {
    "id": 18542,
    "book_id": 7,
    "book_name": "muwatta-malik",
    "chapter_id": 23,
    "section_id": 5,
    "title": "কুরবানীর মধ্যে শরীক লওয়া এবং গরু ও উট কত জনের পক্ষ হতে যবেহ করা যাবে",
    "preface": "",
    "number": "পরিচ্ছেদ ৫",
    "sort_order": 5,
    "hadiths": [
      {
        "id": 49901,
        "book_id": 7,
        "book_name": "মুয়াত্তা ইমাম মালিক",
        "chapter_id": 23,
        "section_id": 5,
        "hadith_key": "মুয়াত্তা ইমাম মালিক: ১০২৭",
        "hadith_id": 1027,
        "narrator": "জাবির ইবনু আবদুল্লাহ (রা)",
        "bn": "হুদায়বিয়ার বৎসর রসূলুল্লাহ সল্লাল্লাহু আলাইহি ওয়াসাল্লাম-এর সাথে প্রতিটি উট সাতজনের এবং প্রতিটি গরু সাতজনের পক্ষে যবেহ করেছি (কুরবানীর উদ্দেশ্যে)। (সহীহ, মুসলিম ১৩১৮)",
        "ar": "حَدَّثَنِي يَحْيَى عَنْ مَالِك عَنْ أَبِي الزُّبَيْرِ الْمَكِّيِّ عَنْ جَابِرِ بْنِ عَبْدِ اللهِ أَنَّهُ قَالَ: نَحَرْنَا مَعَ رَسُولِ اللهِ صَلَّى اللهُ عَلَيْهِ وَسَلَّمَ عَامَ الْحُدَيْبِيَةِ الْبَدَنَةَ عَنْ سَبْعَةٍ وَالْبَقَرَةَ عَنْ سَبْعَةٍ.",
        "ar_diacless": "حدثني يحيى عن مالك عن أبي الزبير المكي عن جابر بن عبد الله أنه قال: نحرنا مع رسول الله صلى الله عليه وسلم عام الحديبية البدنة عن سبعة والبقرة عن سبعة.",
        "note": "",
        "grade_id": 2,
        "grade": "সহিহ হাদিস",
        "grade_color": "#46B891"
      },
      {
        "id": 49903,
        "book_id": 7,
        "book_name": "মুয়াত্তা ইমাম মালিক",
        "chapter_id": 23,
        "section_id": 5,
        "hadith_key": "মুয়াত্তা ইমাম মালিক: ১০২৮",
        "hadith_id": 1028,
        "narrator": "উমারা ইবনু সাইয়্যাদ (র)",
        "bn": "আতা ইবনু ইয়াসার (র) তাঁর কাছে বর্ণনা করেছেন : আবূ আইয়ুব [১] আনসারী (রা) তাঁকে বলেছেন, আমরা এক এক পরিবারের তরফ হতে এক একটি বকরী কুরবানী করতাম। পরে লোকজন গর্ব ও অহংকারের বশবর্তী হয়ে পরিবারের প্রত্যেকের তরফ হতে এক একটি বকরী কুরবানী করা শুরু করে। (হাদীসটি ইমাম মালিক এককভাবে বর্ণনা করেছেন)\nমালিক (র) বলেন : এই বিষয়ে সবচাইতে ভাল বর্ণনা যা আমি শুনেছি, তা হল এক ব্যক্তি নিজের এবং পরিবারের অন্যদের তরফ হতে নিজস্ব একটি উট, গরু বা বকরী কুরবানী করতে পারবে এবং সওয়াবের মধ্যে অন্যদেরকেও শামিল করে নেবে। কিন্তু একটি উট, গরু বা বকরী খরিদ করে অন্য কাউকে এর কুরবানীতে শরীক করা অর্থাৎ শরীকদের নিকট হতে টাকা নিয়ে তদনুসারে তাদের গোশত দেয়া মাকরূহ। আমরা শুনেছি কুরবানীতে শরীক নেয়া যেতে পারে না বরং এক পরিবারের পক্ষ হতে এক একটি কুরবানী করতে হবে।",
        "ar": "و حَدَّثَنِي عَنْ مَالِك عَنْ عُمَارَةَ بْنِ صَيَّادٍ أَنَّ عَطَاءَ بْنَ يَسَارٍ أَخْبَرَهُ أَنَّ أَبَا أَيُّوبَ الْأَنْصَارِيَّ أَخْبَرَهُ قَالَ: كُنَّا نُضَحِّي بِالشَّاةِ الْوَاحِدَةِ يَذْبَحُهَا الرَّجُلُ عَنْهُ وَعَنْ أَهْلِ بَيْتِهِ ثُمَّ تَبَاهَى النَّاسُ بَعْدُ فَصَارَتْ مُبَاهَاةً. ১৭৭১-قَالَ مَالِك وَأَحْسَنُ مَا سَمِعْتُ فِي الْبَدَنَةِ وَالْبَقَرَةِ وَالشَّاةِ أَنَّ الرَّجُلَ يَنْحَرُ عَنْهُ وَعَنْ أَهْلِ بَيْتِهِ الْبَدَنَةَ وَيَذْبَحُ الْبَقَرَةَ وَالشَّاةَ الْوَاحِدَةَ هُوَ يَمْلِكُهَا وَيَذْبَحُهَا عَنْهُمْ وَيَشْرَكُهُمْ فِيهَا فَأَمَّا أَنْ يَشْتَرِيَ النَّفَرُ الْبَدَنَةَ أَوْ الْبَقَرَةَ أَوْ الشَّاةَ يَشْتَرِكُونَ فِيهَا فِي النُّسُكِ وَالضَّحَايَا فَيُخْرِجُ كُلُّ إِنْسَانٍ مِنْهُمْ حِصَّةً مِنْ ثَمَنِهَا وَيَكُونُ لَهُ حِصَّةٌ مِنْ لَحْمِهَا فَإِنَّ ذَلِكَ يُكْرَهُ وَإِنَّمَا سَمِعْنَا الْحَدِيثَ أَنَّهُ لَا يُشْتَرَكُ فِي النُّسُكِ وَإِنَّمَا يَكُونُ عَنْ أَهْلِ الْبَيْتِ الْوَاحِدِ.",
        "ar_diacless": "و حدثني عن مالك عن عمارة بن صياد أن عطاء بن يسار أخبره أن أبا أيوب الأنصاري أخبره قال: كنا نضحي بالشاة الواحدة يذبحها الرجل عنه وعن أهل بيته ثم تباهى الناس بعد فصارت مباهاة. ১৭৭১-قال مالك وأحسن ما سمعت في البدنة والبقرة والشاة أن الرجل ينحر عنه وعن أهل بيته البدنة ويذبح البقرة والشاة الواحدة هو يملكها ويذبحها عنهم ويشركهم فيها فأما أن يشتري النفر البدنة أو البقرة أو الشاة يشتركون فيها في النسك والضحايا فيخرج كل إنسان منهم حصة من ثمنها ويكون له حصة من لحمها فإن ذلك يكره وإنما سمعنا الحديث أنه لا يشترك في النسك وإنما يكون عن أهل البيت الواحد.",
        "note": "[১] আবূ আইয়ুব আনসারী (রা) প্রসিদ্ধ সাহাবী। তাঁর নাম খালিদ ইবনু যাইদ। -আওজায",
        "grade_id": 6,
        "grade": "অন্যান্য",
        "grade_color": "#4A85CE"
      },
      {
        "id": 49902,
        "book_id": 7,
        "book_name": "মুয়াত্তা ইমাম মালিক",
        "chapter_id": 23,
        "section_id": 5,
        "hadith_key": "মুয়াত্তা ইমাম মালিক: ১০২৯",
        "hadith_id": 1029,
        "narrator": "মালিক (র)",
        "bn": "রসূলুল্লাহ সল্লাল্লাহু আলাইহি ওয়াসাল্লাম স্বীয় পরিবারের পক্ষ হতে কখনো একটি উট বা গরুর অতিরিক্ত কিছু কুরবানী করেননি। (হাদীসটি ইমাম মালিক এককভাবে বর্ণনা করেছেন)\nমালিক (র) বলেন : ইবনু শিহাব (র) একটি উটের কথা উল্লেখ করেছিলেন কিংবা একটি গরুর কথা উল্লেখ করেছিলেন তা স্পষ্ট আমার স্মরণ নাই।",
        "ar": "و حَدَّثَنِي عَنْ مَالِك عَنْ ابْنِ شِهَابٍ أَنَّهُ قَالَ: مَا نَحَرَ رَسُولُ اللهِ صَلَّى اللهُ عَلَيْهِ وَسَلَّمَ عَنْهُ وَعَنْ أَهْلِ بَيْتِهِ إِلَّا بَدَنَةً وَاحِدَةً أَوْ بَقَرَةً وَاحِدَةً قَالَ مَالِك لَا أَدْرِي أَيَّتَهُمَا قَالَ ابْنُ شِهَابٍ.",
        "ar_diacless": "و حدثني عن مالك عن ابن شهاب أنه قال: ما نحر رسول الله صلى الله عليه وسلم عنه وعن أهل بيته إلا بدنة واحدة أو بقرة واحدة قال مالك لا أدري أيتهما قال ابن شهاب.",
        "note": "",
        "grade_id": 6,
        "grade": "অন্যান্য",
        "grade_color": "#4A85CE"
      }
    ]
  },
  {
    "id": 18543,
    "book_id": 7,
    "book_name": "muwatta-malik",
    "chapter_id": 23,
    "section_id": 6,
    "title": "গর্ভস্থ সন্তানের তরফ হতে কুরবানী",
    "preface": "",
    "number": "পরিচ্ছেদ ৬",
    "sort_order": 6,
    "hadiths": [
      {
        "id": 49905,
        "book_id": 7,
        "book_name": "মুয়াত্তা ইমাম মালিক",
        "chapter_id": 23,
        "section_id": 6,
        "hadith_key": "মুয়াত্তা ইমাম মালিক: ১০৩০",
        "hadith_id": 1030,
        "narrator": "নাফি’ (র)",
        "bn": "‘আবদুল্লাহ ইবনু ‘উমার (রা) বলেছেন : ঈদুল আযহা দিবসের পর মাত্র দুই দিন কুরবানী করা দুরস্ত রয়েছে। (হাদীসটি ইমাম মালিক এককভাবে বর্ণনা করেছেন)\nমালিক (র) বলেন : ‘আলী ইবনু আবূ তালিব (রা) হতেও তাঁর কাছে অনুরূপ রেওয়ায়ত পৌঁছেছে।",
        "ar": "و حَدَّثَنِي يَحْيَى عَنْ مَالِك عَنْ نَافِعٍ أَنَّ عَبْدَ اللهِ بْنَ عُمَرَ قَالَ: الْأَضْحَى يَوْمَانِ بَعْدَ يَوْمِ الْأَضْحَى ১৩و حَدَّثَنِي عَنْ مَالِك أَنَّهُ بَلَغَهُ عَنْ عَلِيِّ بْنِ أَبِي طَالِبٍ مِثْلُ ذَلِكَ.",
        "ar_diacless": "و حدثني يحيى عن مالك عن نافع أن عبد الله بن عمر قال: الأضحى يومان بعد يوم الأضحى ১৩و حدثني عن مالك أنه بلغه عن علي بن أبي طالب مثل ذلك.",
        "note": "",
        "grade_id": 6,
        "grade": "অন্যান্য",
        "grade_color": "#4A85CE"
      },
      {
        "id": 49904,
        "book_id": 7,
        "book_name": "মুয়াত্তা ইমাম মালিক",
        "chapter_id": 23,
        "section_id": 6,
        "hadith_key": "মুয়াত্তা ইমাম মালিক: ১০৩১",
        "hadith_id": 1031,
        "narrator": "নাফি’ (র)",
        "bn": "আবদুল্লাহ ইবনু উমার (রা) গর্ভস্থ সন্তানের পক্ষ হতে কুরবানী করতেন না। (হাদীসটি ইমাম মালিক এককভাবে বর্ণনা করেছেন)\nমালিক (র) বলেন : কুরবানী করা সুন্নাত (মুয়াক্কাদা)। ইহা ওয়াজিব নয়। যে কুরবানী ক্রয় করতে সামর্থ্য রাখে, তাঁর পক্ষে কুরবানী না করা আমি পছন্দ করি না।",
        "ar": "و حَدَّثَنِي عَنْ مَالِك عَنْ نَافِعٍ أَنَّ عَبْدَ اللهِ بْنَ عُمَرَ لَمْ يَكُنْ يُضَحِّي عَمَّا فِي بَطْنِ الْمَرْأَةِ ১৭৭৭-قَالَ مَالِك الضَّحِيَّةُ سُنَّةٌ وَلَيْسَتْ بِوَاجِبَةٍ وَلَا أُحِبُّ لِأَحَدٍ مِمَّنْ قَوِيَ عَلَى ثَمَنِهَا أَنْ يَتْرُكَهَا.",
        "ar_diacless": "و حدثني عن مالك عن نافع أن عبد الله بن عمر لم يكن يضحي عما في بطن المرأة ১৭৭৭-قال مالك الضحية سنة وليست بواجبة ولا أحب لأحد ممن قوي على ثمنها أن يتركها.",
        "note": "",
        "grade_id": 1,
        "grade": "নির্ণীত নয়",
        "grade_color": "#F0AD4E"
      }
    ]
  }
]