[
  {
    "id": 18528,
    "book_id": 7,
    "book_name": "muwatta-malik",
    "chapter_id": 25,
    "section_id": 1,
    "title": "কাঠ বা পাথর দ্বারা যে প্রাণী হত্যা করা হয়েছে তা খাওয়া জায়েয নয়",
    "preface": "",
    "number": "পরিচ্ছেদ ১",
    "sort_order": 1,
    "hadiths": [
      {
        "id": 49728,
        "book_id": 7,
        "book_name": "মুয়াত্তা ইমাম মালিক",
        "chapter_id": 25,
        "section_id": 1,
        "hadith_key": "মুয়াত্তা ইমাম মালিক: ১০৪১",
        "hadith_id": 1041,
        "narrator": "নাফি’ (র)",
        "bn": "‘জুরূফ’ নামক স্থানে পাথর দ্বারা দুইটি পাখি বধ  করেছিলাম, একটি তখনই মারা গিয়েছিল।  আবদুল্লাহ ইবনু উমার (রা) উহা ফেলে দেন এবং অপরটিকে যবেহ করতে দৌঁড়ে গেলেন। উহাও যবেহ করার পূর্বেই মারা যায়। উহাকেও তিনি ফেলে দিলেন। (হাদীসটি ইমাম মালিক এককভাবে বর্ণনা করেছেন)",
        "ar": "حَدَّثَنِي يَحْيَى عَنْ مَالِك عَنْ نَافِعٍ أَنَّهُ قَالَ رَمَيْتُ طَائِرَيْنِ بِحَجَرٍ وَأَنَا بِالْجُرْفِ فَأَصَبْتُهُمَا فَأَمَّا أَحَدُهُمَا فَمَاتَ فَطَرَحَهُ عَبْدُ اللهِ بْنُ عُمَرَ وَأَمَّا الْآخَرُ فَذَهَبَ عَبْدُ اللهِ بْنُ عُمَرَ يُذَكِّيهِ بِقَدُومٍ فَمَاتَ قَبْلَ أَنْ يُذَكِّيَهُ فَطَرَحَهُ عَبْدُ اللهِ أَيْضًا.",
        "ar_diacless": "حدثني يحيى عن مالك عن نافع أنه قال رميت طائرين بحجر وأنا بالجرف فأصبتهما فأما أحدهما فمات فطرحه عبد الله بن عمر وأما الآخر فذهب عبد الله بن عمر يذكيه بقدوم فمات قبل أن يذكيه فطرحه عبد الله أيضا.",
        "note": "",
        "grade_id": 6,
        "grade": "অন্যান্য",
        "grade_color": "#4A85CE"
      },
      {
        "id": 49729,
        "book_id": 7,
        "book_name": "মুয়াত্তা ইমাম মালিক",
        "chapter_id": 25,
        "section_id": 1,
        "hadith_key": "মুয়াত্তা ইমাম মালিক: ১০৪২",
        "hadith_id": 1042,
        "narrator": "মালিক (র)",
        "bn": "যে সমস্ত প্রাণী লাঠি বা গোলার আঘাতে হত্যা করা হয়েছে ঐগুলো আহার করা কাসিম ইবন মুহাম্মাদ (র) মাকরূহ বলে মনে করতেন। (হাদীসটি ইমাম মালিক এককভাবে বর্ণনা করেছেন)",
        "ar": "و حَدَّثَنِي عَنْ مَالِك أَنَّهُ بَلَغَهُ أَنَّ الْقَاسِمَ بْنَ مُحَمَّدٍ كَانَ يَكْرَهُ مَا قَتَلَ الْمِعْرَاضُ وَالْبُنْدُقَةُ.",
        "ar_diacless": "و حدثني عن مالك أنه بلغه أن القاسم بن محمد كان يكره ما قتل المعراض والبندقة.",
        "note": "",
        "grade_id": 6,
        "grade": "অন্যান্য",
        "grade_color": "#4A85CE"
      },
      {
        "id": 49731,
        "book_id": 7,
        "book_name": "মুয়াত্তা ইমাম মালিক",
        "chapter_id": 25,
        "section_id": 1,
        "hadith_key": "মুয়াত্তা ইমাম মালিক: ১০৪৩",
        "hadith_id": 1043,
        "narrator": "মালিক (র)",
        "bn": "তাঁহার নিকট রেওয়ায়ত পৌঁছেছে যে, সাঈদ ইবন মুসায়্যাব (র) বন্য প্রাণীর মত গৃহপালিত প্রাণীকে তীর ইত্যাদি দ্বারা হত্যা করা মাকরূহ বলে মনে করতেন। (হাদীসটি ইমাম মালিক এককভাবে বর্ণনা করেছেন)\nমালিক (র) বলেন : কোন লাঠির অগ্রভাগে ছুঁচালো কোন জিনিস লাগান থাকলে, আর ইহা শিকারকৃত প্রাণীকে যখমী করে দিলে উহা আহার করাতে আমি কোন দোষ মনে করি না।\nমালিক (র) বলেন : আল্লাহ তা’আলা ইরশাদ করেন-\nيَا أَيُّهَا الَّذِينَ آمَنُوا لَيَبْلُوَنَّكُمْ اللهُ بِشَيْءٍ مِنْ الصَّيْدِ تَنَالُهُ أَيْدِيكُمْ وَرِمَاحُكُمْ .\nঅর্থাৎ ‘হে মু’মিনগণ! তোমাদের হাত ও বর্শা, যা শিকার করে সে বিষয়ে আল্লাহ্ অবশ্য তোমাদেরকে পরীক্ষা করবেন। [১] \nমালিক (র) বলেন: ‘মানুষ তার বর্শা, হাত অথবা অস্ত্র দ্বারা বিদ্ধ করায় যা আহত হয় তাই শিকার, যেইরূপ উক্ত আয়াতে আল্লাহ তা’আলা ইরশাদ করেছেন।",
        "ar": "و حَدَّثَنِي عَنْ مَالِك أَنَّهُ بَلَغَهُ أَنَّ سَعِيدَ بْنَ الْمُسَيَّبِ كَانَ يَكْرَهُ أَنْ تُقْتَلَ الْإِنْسِيَّةُ بِمَا يُقْتَلُ بِهِ الصَّيْدُ مِنْ الرَّمْيِ وَأَشْبَاهِهِ ১৮قَالَ مَالِك وَلَا أَرَى بَأْسًا بِمَا أَصَابَ الْمِعْرَاضُ إِذَا خَسَقَ وَبَلَغَ الْمَقَاتِلَ أَنْ يُؤْكَلَ قَالَ اللهُ تَبَارَكَ وَتَعَالَى { يَا أَيُّهَا الَّذِينَ آمَنُوا لَيَبْلُوَنَّكُمْ اللهُ بِشَيْءٍ مِنْ الصَّيْدِ تَنَالُهُ أَيْدِيكُمْ وَرِمَاحُكُمْ } قَالَ فَكُلُّ شَيْءٍ نَالَهُ الْإِنْسَانُ بِيَدِهِ أَوْ رُمْحِهِ أَوْ بِشَيْءٍ مِنْ سِلَاحِهِ فَأَنْفَذَهُ وَبَلَغَ مَقَاتِلَهُ فَهُوَ صَيْدٌ كَمَا قَالَ اللهُ تَعَالَى.",
        "ar_diacless": "و حدثني عن مالك أنه بلغه أن سعيد بن المسيب كان يكره أن تقتل الإنسية بما يقتل به الصيد من الرمي وأشباهه ১৮قال مالك ولا أرى بأسا بما أصاب المعراض إذا خسق وبلغ المقاتل أن يؤكل قال الله تبارك وتعالى { يا أيها الذين آمنوا ليبلونكم الله بشيء من الصيد تناله أيديكم ورماحكم } قال فكل شيء ناله الإنسان بيده أو رمحه أو بشيء من سلاحه فأنفذه وبلغ مقاتله فهو صيد كما قال الله تعالى.",
        "note": "[১] সূরা: আল-মায়িদাহ, ৯৪",
        "grade_id": 6,
        "grade": "অন্যান্য",
        "grade_color": "#4A85CE"
      },
      {
        "id": 49730,
        "book_id": 7,
        "book_name": "মুয়াত্তা ইমাম মালিক",
        "chapter_id": 25,
        "section_id": 1,
        "hadith_key": "মুয়াত্তা ইমাম মালিক: ১০৪৪",
        "hadith_id": 1044,
        "narrator": "মালিক (র)",
        "bn": "বিজ্ঞ আলিমগণকে বলতে শুনেছি- কেউ কোন বন্য প্রাণী তীর ইত্যাদি দ্বারা আহত করবার পর উহা অন্য একভাবে যখ্মী হল, যেমন পানিতে পড়ে গেল বা শিকারের উদ্দেশ্যে প্রশিক্ষণ পায়নি এমন কোন কুকুর উহার উপর আক্রমণ চালাল, তবে ঐ ব্যক্তির আঘাতেই উহা মরিয়াছে বলে নিশ্চিত না হওয়া পর্যন্ত ঐ প্রাণীর গোশ্ত খাওয়া জায়েয হবে না।\nমালিক (র) বলেন : শিকারের প্রাণী আহত হয়ে ভেগে যাওয়ার পর উহা পাওয়া গেলে, উহাতে যদি প্রশিক্ষণপ্রাপ্ত কুকুরের আঘাতের চিহ্ন বা তীর আটকানো পাওয়া যায় তবে উহা খাওয়া জায়েয হবে। এক রাত্রি অতিবাহিত হওয়ার পর যদি পাওয়া যায় তবে উহা মাকরূহ হবে।",
        "ar": "و حَدَّثَنِي عَنْ مَالِك أَنَّهُ سَمِعَ أَهْلَ الْعِلْمِ يَقُولُونَ إِذَا أَصَابَ الرَّجُلُ الصَّيْدَ فَأَعَانَهُ عَلَيْهِ غَيْرُهُ مِنْ مَاءٍ أَوْ كَلْبٍ غَيْرِ مُعَلَّمٍ لَمْ يُؤْكَلْ ذَلِكَ الصَّيْدُ إِلَّا أَنْ يَكُونَ سَهْمُ الرَّامِي قَدْ قَتَلَهُ أَوْ بَلَغَ مَقَاتِلَ الصَّيْدِ حَتَّى لَا يَشُكَّ أَحَدٌ فِي أَنَّهُ هُوَ قَتَلَهُ وَأَنَّهُ لَا يَكُونُ لِلصَّيْدِ حَيَاةٌ بَعْدَهُ قَالَ و سَمِعْت مَالِك يَقُولُ لَا بَأْسَ بِأَكْلِ الصَّيْدِ وَإِنْ غَابَ عَنْكَ مَصْرَعُهُ إِذَا وَجَدْتَ بِهِ أَثَرًا مِنْ كَلْبِكَ أَوْ كَانَ بِهِ سَهْمُكَ مَا لَمْ يَبِتْ فَإِذَا بَاتَ فَإِنَّهُ يُكْرَهُ أَكْلُهُ.",
        "ar_diacless": "و حدثني عن مالك أنه سمع أهل العلم يقولون إذا أصاب الرجل الصيد فأعانه عليه غيره من ماء أو كلب غير معلم لم يؤكل ذلك الصيد إلا أن يكون سهم الرامي قد قتله أو بلغ مقاتل الصيد حتى لا يشك أحد في أنه هو قتله وأنه لا يكون للصيد حياة بعده قال و سمعت مالك يقول لا بأس بأكل الصيد وإن غاب عنك مصرعه إذا وجدت به أثرا من كلبك أو كان به سهمك ما لم يبت فإذا بات فإنه يكره أكله.",
        "note": "",
        "grade_id": 6,
        "grade": "অন্যান্য",
        "grade_color": "#4A85CE"
      }
    ]
  },
  {
    "id": 18529,
    "book_id": 7,
    "book_name": "muwatta-malik",
    "chapter_id": 25,
    "section_id": 2,
    "title": "প্রশিক্ষণ প্রাপ্ত প্রাণী দ্বারা শিকার",
    "preface": "",
    "number": "পরিচ্ছেদ ২",
    "sort_order": 2,
    "hadiths": [
      {
        "id": 49732,
        "book_id": 7,
        "book_name": "মুয়াত্তা ইমাম মালিক",
        "chapter_id": 25,
        "section_id": 2,
        "hadith_key": "মুয়াত্তা ইমাম মালিক: ১০৪৫",
        "hadith_id": 1045,
        "narrator": "নাফি’ (র)",
        "bn": "আবদুল্লাহ ইবনু উমার (রা) বলতেন : প্রশিক্ষণপ্রাপ্ত কুকুর যদি কোন প্রাণী শিকার করে তবে উহা মেরে ফেলুক বা জীবিত ধরুক সকল অবস্থায়ই উহা খাওয়া জায়েয। [১] (হাদীসটি ইমাম মালিক এককভাবে বর্ণনা করেছেন)",
        "ar": "حَدَّثَنِي يَحْيَى عَنْ مَالِك عَنْ نَافِعٍ عَنْ عَبْدِ اللهِ بْنِ عُمَرَ أَنَّهُ كَانَ يَقُولُ فِي الْكَلْبِ الْمُعَلَّمِ كُلْ مَا أَمْسَكَ عَلَيْكَ إِنْ قَتَلَ وَإِنْ لَمْ يَقْتُلْ.",
        "ar_diacless": "حدثني يحيى عن مالك عن نافع عن عبد الله بن عمر أنه كان يقول في الكلب المعلم كل ما أمسك عليك إن قتل وإن لم يقتل.",
        "note": "[১] প্রশিক্ষণপ্রাপ্ত কোন হিংস্র প্রাণী যেমন কুকুর, বাজপাখী ইত্যাদি যদি বিসমিল্লাহ বলে শিকারের উদ্দেশ্যে ছাড়া হয় এবং উহা কোন প্রাণী মেরে আনে তবে উহা খাওয়া জায়েয। (ক) হামলা করতে ইশারা করলে হামলা করে। (খ) থেমে যেতে ইশারা করলে থেমে যায় এবং (গ) শিকারকৃত প্রাণী হতে কিছু ভক্ষণ করে নাÑ এই তিনটি শর্ত পাওয়া গেলে উহাকে প্রশিক্ষণপ্রাপ্ত বলে গণ্য করা হয়।",
        "grade_id": 6,
        "grade": "অন্যান্য",
        "grade_color": "#4A85CE"
      },
      {
        "id": 49734,
        "book_id": 7,
        "book_name": "মুয়াত্তা ইমাম মালিক",
        "chapter_id": 25,
        "section_id": 2,
        "hadith_key": "মুয়াত্তা ইমাম মালিক: ১০৪৬",
        "hadith_id": 1046,
        "narrator": "নাফি’ (র)",
        "bn": "আবদুল্লাহ ইবনু উমার (রা) বলতেন :  প্রশিক্ষণপ্রাপ্ত কুকুর শিকারকৃত প্রাণীর কিছু ভক্ষণ করুক কিংবা না করুক তবুও উহার শিকার খাওয়া জায়েয হবে। (হাদীসটি ইমাম মালিক এককভাবে বর্ণনা করেছেন)",
        "ar": "و حَدَّثَنِي عَنْ مَالِك أَنَّهُ سَمِعَ نَافِعًا يَقُولُ قَالَ عَبْدُ اللهِ بْنُ عُمَرَ وَإِنْ أَكَلَ وَإِنْ لَمْ يَأْكُلْ.",
        "ar_diacless": "و حدثني عن مالك أنه سمع نافعا يقول قال عبد الله بن عمر وإن أكل وإن لم يأكل.",
        "note": "",
        "grade_id": 6,
        "grade": "অন্যান্য",
        "grade_color": "#4A85CE"
      },
      {
        "id": 49735,
        "book_id": 7,
        "book_name": "মুয়াত্তা ইমাম মালিক",
        "chapter_id": 25,
        "section_id": 2,
        "hadith_key": "মুয়াত্তা ইমাম মালিক: ১০৪৭",
        "hadith_id": 1047,
        "narrator": "মালিক (র)",
        "bn": "তাঁর নিকট রেওয়ায়ত পৌঁছেছে যে, সা’দ ইবনু আবী ওয়াক্কাস (রা)-কে জিজ্ঞেস করা হয়েছিল : প্রশিক্ষণপ্রাপ্ত কুকুর যদি কোন প্রাণী শিকার করে কিছু ভক্ষণ করে ফেলে তবে কি হবে ? তিনি বললেন : একটি টুকরাও যদি রাখে তবুও তা খেয়ে নিও। (হাদীসটি ইমাম মালিক এককভাবে বর্ণনা করেছেন)",
        "ar": "و حَدَّثَنِي عَنْ مَالِك أَنَّهُ بَلَغَهُ عَنْ سَعْدِ بْنِ أَبِي وَقَّاصٍ أَنَّهُ سُئِلَ عَنْ الْكَلْبِ الْمُعَلَّمِ إِذَا قَتَلَ الصَّيْدَ فَقَالَ سَعْدٌ كُلْ وَإِنْ لَمْ تَبْقَ إِلَّا بَضْعَةٌ وَاحِدَةٌ.",
        "ar_diacless": "و حدثني عن مالك أنه بلغه عن سعد بن أبي وقاص أنه سئل عن الكلب المعلم إذا قتل الصيد فقال سعد كل وإن لم تبق إلا بضعة واحدة.",
        "note": "",
        "grade_id": 6,
        "grade": "অন্যান্য",
        "grade_color": "#4A85CE"
      },
      {
        "id": 49736,
        "book_id": 7,
        "book_name": "মুয়াত্তা ইমাম মালিক",
        "chapter_id": 25,
        "section_id": 2,
        "hadith_key": "মুয়াত্তা ইমাম মালিক: ১০৪৮",
        "hadith_id": 1048,
        "narrator": "মালিক (র)",
        "bn": "তিনি কোন কোন আহলে ইল্মকে বলতে শুনেছেন, বাজ, গৃধ্র, ঈগল ইত্যাদি। শিকারী পাখী যদি প্রশিক্ষণ পায় এবং প্রশিক্ষণপ্রাপ্ত কুকুরের মত বুঝতে  পারে তবে বিসমিল্লাহ বলে ছেড়ে থাকলে ঐগুলির শিকার জায়েয বলে গণ্য হবে।\nমালিক (র) বলেন :  আমি এই বিষয়ে উত্তম যা শুনেছি তা হল, বাজপাখির পাঞ্জা বা কুকুরের মুখ হতে যদি শিকার ছুটে  যায় এবং পরে মারা যায় তবে উহা খাওয়া হালাল হবে না।\nমালিক (র) বলেন : অনুরূপ বাজপাখীর পাঞ্জায় বা কুকুরের মুখে যদি শিকারকৃত প্রাণীটি জীবিত পাওয়া যায় এবং শিকারী উহাকে যবেহ করবার পূর্বে উহা মারা যায় তবে উহা খাওয়া হালাল হবে না।\nমালিক (র) বলেন : তদ্ররূপ শিকারী যদি কোন প্রাণী শিকার করে, উহাকে জীবিত অবস্থায় পেয়েও যবেহ করতে বিলম্ব করে এবং শিকারটি মারা গেলে উহা খাওয়া হালাল হবে না।\nমালিক (র) বলেন : কোন মুসলমান ব্যক্তি যদি মজূসী (অমুসলিম) দ্বারা প্রশিক্ষণপ্রাপ্ত কুকুর শিকারের উদ্দেশ্যে ছাড়ে এবং উহা শিকার করে অথবা শিকারকৃত প্রাণীটিকে মেরে ফেলে তবুও উহা খাওয়া হালাল হবে। এতে কোন দোষ নেই, যদিও মুসলমান উহাকে যবেহ না করে থাকে। এর উদাহরণ হল- কোন মুসলিম ব্যক্তি কোন মজূসীর নিকট হতে ছুরি নিয়ে কোন প্রাণী যবেহ করল, কিংবা তীর-ধনুক নিয়ে কোন প্রাণী শিকার করল। ইহা খাওয়া যেমন হালাল উহাও তেমন হালাল হবে। ইহা আমাদের নিকট সর্বসম্মত।\nমালিক (র) বলেন : কোন মজূসী (অমুসলিম) যদি কোন মুসলমান কর্তৃক প্রশিক্ষণপ্রাপ্ত কুকুর শিকারের উদ্দেশ্যে ছাড়ে এবং শিকার করে তবে উহা খাওয়া হালাল হবে না। কিন্তু যদি মুসলমান উহাকে জীবিত অবস্থায় পায় এবং নিজে যবেহ করে তবে হালাল হবে। এর উদাহরণ হল- কোন মজূসী ব্যক্তি কোন মুসলমান হতে বর্শা ও তীর নিয়ে কোন প্রাণী শিকার করল এবং প্রাণীটি মারা গেল কিংবা মুসলমানের নিকট হতে ছুরি নিয়ে কোন মজূসী প্রাণীটি যবেহ করল, উভয় অবস্থায় কোনটিই হালাল হবে না।",
        "ar": "و حَدَّثَنِي عَنْ مَالِك أَنَّهُ سَمِعَ بَعْضَ أَهْلِ الْعِلْمِ يَقُولُونَ فِي الْبَازِي وَالْعُقَابِ وَالصَّقْرِ وَمَا أَشْبَهَ ذَلِكَ أَنَّهُ إِذَا كَانَ يَفْقَهُ كَمَا تَفْقَهُ الْكِلَابُ الْمُعَلَّمَةُ فَلَا بَأْسَ بِأَكْلِ مَا قَتَلَتْ مِمَّا صَادَتْ إِذَا ذُكِرَ اسْمُ اللهِ عَلَى إِرْسَالِهَا ১৮قَالَ مَالِك وَأَحْسَنُ مَا سَمِعْتُ فِي الَّذِي يَتَخَلَّصُ الصَّيْدَ مِنْ مَخَالِبِ الْبَازِي أَوْ مِنْ الْكَلْبِ ثُمَّ يَتَرَبَّصُ بِهِ فَيَمُوتُ أَنَّهُ لَا يَحِلُّ أَكْلُهُ ১৮১قَالَ مَالِك وَكَذَلِكَ كُلُّ مَا قُدِرَ عَلَى ذَبْحِهِ وَهُوَ فِي مَخَالِبِ الْبَازِي أَوْ فِي فِي الْكَلْبِ فَيَتْرُكُهُ صَاحِبُهُ وَهُوَ قَادِرٌ عَلَى ذَبْحِهِ حَتَّى يَقْتُلَهُ الْبَازِي أَوْ الْكَلْبُ فَإِنَّهُ لَا يَحِلُّ أَكْلُهُ.",
        "ar_diacless": "و حدثني عن مالك أنه سمع بعض أهل العلم يقولون في البازي والعقاب والصقر وما أشبه ذلك أنه إذا كان يفقه كما تفقه الكلاب المعلمة فلا بأس بأكل ما قتلت مما صادت إذا ذكر اسم الله على إرسالها ১৮قال مالك وأحسن ما سمعت في الذي يتخلص الصيد من مخالب البازي أو من الكلب ثم يتربص به فيموت أنه لا يحل أكله ১৮১قال مالك وكذلك كل ما قدر على ذبحه وهو في مخالب البازي أو في في الكلب فيتركه صاحبه وهو قادر على ذبحه حتى يقتله البازي أو الكلب فإنه لا يحل أكله.",
        "note": "",
        "grade_id": 6,
        "grade": "অন্যান্য",
        "grade_color": "#4A85CE"
      }
    ]
  },
  {
    "id": 18530,
    "book_id": 7,
    "book_name": "muwatta-malik",
    "chapter_id": 25,
    "section_id": 3,
    "title": "জলজ প্রাণী শিকার",
    "preface": "",
    "number": "পরিচ্ছেদ ৩",
    "sort_order": 3,
    "hadiths": [
      {
        "id": 49743,
        "book_id": 7,
        "book_name": "মুয়াত্তা ইমাম মালিক",
        "chapter_id": 25,
        "section_id": 3,
        "hadith_key": "মুয়াত্তা ইমাম মালিক: ১০৪৯",
        "hadith_id": 1049,
        "narrator": "আবদুর রহমান ইবনু আবূ হুরায়রা (রা)",
        "bn": "‘আবদুল্লাহ ইবনু উমার (রা)-এর নিকট জিজ্ঞেস করলে তিনি উহা খেতে নিষেধ করেন। (হাদীসটি ইমাম মালিক এককভাবে বর্ণনা করেছেন)\nনাফি’ (র) বলেন :  অতঃপর আবদুল্লাহ বাড়ী গিয়ে কুরআন শরীফ এনে নিম্নোক্ত আয়াতটি পড়ে শুনান, أُحِلَّ لَكُمْ صَيْدُ الْبَحْرِ وَطَعَامُهُ “তোমাদের জন্য সমুদ্রের শিকার ও উহা আহার করা হালাল করা হয়েছে।” [১]\nনাফি’ (র) বলেন, অতঃপর আবদুল্লাহ ইবনু উমার (রা) আমাকে আবদুর রহমান ইবনু আবূ হুরায়রা (রা)-এর নিকট এই কথা বলার জন্য পাঠান যে, তাঁর প্রশ্নোল্লিখিত প্রাণী আহার করতে কোন অসুবিধা নেই।",
        "ar": "و حَدَّثَنِي يَحْيَى عَنْ مَالِك عَنْ نَافِعٍ أَنَّ عَبْدَ الرَّحْمَنِ بْنَ أَبِي هُرَيْرَةَ سَأَلَ عَبْدَ اللهِ بْنَ عُمَرَ عَمَّا لَفَظَ الْبَحْرُ فَنَهَاهُ عَنْ أَكْلِهِ قَالَ نَافِعٌ ثُمَّ انْقَلَبَ عَبْدُ اللهِ فَدَعَا بِالْمُصْحَفِ فَقَرَأَ { أُحِلَّ لَكُمْ صَيْدُ الْبَحْرِ وَطَعَامُهُ } قَالَ نَافِعٌ فَأَرْسَلَنِي عَبْدُ اللهِ بْنُ عُمَرَ إِلَى عَبْدِ الرَّحْمَنِ بْنِ أَبِي هُرَيْرَةَ إِنَّهُ لَا بَأْسَ بِأَكْلِهِ.",
        "ar_diacless": "و حدثني يحيى عن مالك عن نافع أن عبد الرحمن بن أبي هريرة سأل عبد الله بن عمر عما لفظ البحر فنهاه عن أكله قال نافع ثم انقلب عبد الله فدعا بالمصحف فقرأ { أحل لكم صيد البحر وطعامه } قال نافع فأرسلني عبد الله بن عمر إلى عبد الرحمن بن أبي هريرة إنه لا بأس بأكله.",
        "note": "[১] সূরা: আন-নিসা, ৯৬।",
        "grade_id": 6,
        "grade": "অন্যান্য",
        "grade_color": "#4A85CE"
      },
      {
        "id": 49744,
        "book_id": 7,
        "book_name": "মুয়াত্তা ইমাম মালিক",
        "chapter_id": 25,
        "section_id": 3,
        "hadith_key": "মুয়াত্তা ইমাম মালিক: ১০৫০",
        "hadith_id": 1050,
        "narrator": "উমার ইবনু খাত্তাব (রা)",
        "bn": "এর আযাদকৃত গোলাম সা‘দুলজারী বর্ণনা করেন- যে সমস্ত মাছ পরস্পরকে হত্যা করে ফেলে বা শীতে মারা যায় সে ধরনের মাছ সম্পর্কে আমি আবদুল্লাহ ইবনু উমার (রা)-কে জিজ্ঞেস করেছিলাম। তিনি তখন বললেন : উহা খাওয়াতে কোন দোষ নেই। পরে আবদুল্লাহ ইবনু ‘আমর ইবনু আ’স (র)-কে এই সম্পর্কে জিজ্ঞেস করলে তিনিও অনুরূপ জবাব প্রদান করেছিলেন। (হাদীসটি ইমাম মালিক এককভাবে বর্ণনা করেছেন)",
        "ar": "و حَدَّثَنِي عَنْ مَالِك عَنْ زَيْدِ بْنِ أَسْلَمَ عَنْ سَعْدٍ الْجَارِيِّ مَوْلَى عُمَرَ بْنِ الْخَطَّابِ أَنَّهُ قَالَ سَأَلْتُ عَبْدَ اللهِ بْنَ عُمَرَ  عَنْ الْحِيتَانِ يَقْتُلُ بَعْضُهَا بَعْضًا أَوْ تَمُوتُ صَرَدًا فَقَالَ لَيْسَ بِهَا بَأْسٌ قَالَ سَعْدٌ ثُمَّ سَأَلْتُ عَبْدَ اللهِ بْنَ عَمْرِو بْنِ الْعَاصِ فَقَالَ مِثْلَ ذَلِكَ.",
        "ar_diacless": "و حدثني عن مالك عن زيد بن أسلم عن سعد الجاري مولى عمر بن الخطاب أنه قال سألت عبد الله بن عمر  عن الحيتان يقتل بعضها بعضا أو تموت صردا فقال ليس بها بأس قال سعد ثم سألت عبد الله بن عمرو بن العاص فقال مثل ذلك.",
        "note": "",
        "grade_id": 6,
        "grade": "অন্যান্য",
        "grade_color": "#4A85CE"
      },
      {
        "id": 49742,
        "book_id": 7,
        "book_name": "মুয়াত্তা ইমাম মালিক",
        "chapter_id": 25,
        "section_id": 3,
        "hadith_key": "মুয়াত্তা ইমাম মালিক: ১০৫১",
        "hadith_id": 1051,
        "narrator": "আবূ হুরায়রা (রা)",
        "bn": "যাইদ ইবনু সাবিত (রা) জায়েয বলে মনে করতেন। (হাদীসটি ইমাম মালিক এককভাবে বর্ণনা করেছেন)",
        "ar": "و حَدَّثَنِي عَنْ مَالِك عَنْ أَبِي الزِّنَادِ عَنْ أَبِي سَلَمَةَ بْنِ عَبْدِ الرَّحْمَنِ عَنْ أَبِي هُرَيْرَةَ وَزَيْدِ بْنِ ثَابِتٍ أَنَّهُمَا كَانَا لَا يَرَيَانِ بِمَا لَفَظَ الْبَحْرُ بَأْسًا.",
        "ar_diacless": "و حدثني عن مالك عن أبي الزناد عن أبي سلمة بن عبد الرحمن عن أبي هريرة وزيد بن ثابت أنهما كانا لا يريان بما لفظ البحر بأسا.",
        "note": "",
        "grade_id": 6,
        "grade": "অন্যান্য",
        "grade_color": "#4A85CE"
      },
      {
        "id": 49745,
        "book_id": 7,
        "book_name": "মুয়াত্তা ইমাম মালিক",
        "chapter_id": 25,
        "section_id": 3,
        "hadith_key": "মুয়াত্তা ইমাম মালিক: ১০৫২",
        "hadith_id": 1052,
        "narrator": "আবূ সালমা ইবনু আবদুর রহমান (র)",
        "bn": "মদীনার দিকে সমুদ্র তীরবর্তী গ্রাম জারের বাসিন্দাগণ মারওয়ান ইবনু হাকাম-এর নিকট এসে সমুদ্র-নিক্ষিপ্ত প্রাণী সম্পর্কে প্রশ্ন করল। মারওয়ান বললেন : উহা আহার করায় কোন দোষ নেই। যাইদ ইবনু সাবিত ও আবূ হুরায়রা (রা)-কেও এই সম্পর্কে জিজ্ঞেস করতে পার। তাঁরা কি বললেন আমাকে তা জানিয়ে যেও। তারা দুজনের নিকট এসে এতদসম্পর্কে জিজ্ঞেস করলে তাঁরাও বললেন : এতে কোন দোষ নেই। মারওয়ানের নিকট তাঁদের এই জবাব শুনালে তিনি বললেন :  আমি তো পূর্বেই তোমাদেরকে এই কথা বলে দিয়েছিলাম। (হাদীসটি ইমাম মালিক এককভাবে বর্ণনা করেছেন)\nমালিক (র) বলেন :  মজূসী (অমুসলিম) ব্যক্তি কর্তৃক শিকারকৃত মাছ আহার করা জায়েয। কারণ রসূলুল্লাহ সল্লাল্লাহু আলাইহি ওয়াসাল্লাম বলেছেন : সমুদ্রের পানি পাক এবং উহার মৃত প্রাণীও হালাল।\nমালিক (র) বলেন :  মৃত প্রাণীও যখন হালাল, তখন উহা শিকার করে যে-ই আনুক না কেন উহাতে ক্ষতি নেই।",
        "ar": "و حَدَّثَنِي عَنْ مَالِك عَنْ أَبِي الزِّنَادِ عَنْ أَبِي سَلَمَةَ بْنِ عَبْدِ الرَّحْمَنِ أَنَّ نَاسًا مِنْ أَهْلِ الْجَارِ قَدِمُوا فَسَأَلُوا مَرْوَانَ بْنَ الْحَكَمِ عَمَّا لَفَظَ الْبَحْرُ فَقَالَ لَيْسَ بِهِ بَأْسٌ وَقَالَ اذْهَبُوا إِلَى زَيْدِ بْنِ ثَابِتٍ وَأَبِي هُرَيْرَةَ فَاسْأَلُوهُمَا عَنْ ذَلِكَ ثُمَّ ائْتُونِي فَأَخْبِرُونِي مَاذَا يَقُولَانِ فَأَتَوْهُمَا فَسَأَلُوهُمَا فَقَالَا لَا بَأْسَ بِهِ فَأَتَوْا مَرْوَانَ فَأَخْبَرُوهُ فَقَالَ مَرْوَانُ قَدْ قُلْتُ لَكُمْ ১৮১৯-قَالَ مَالِك لَا بَأْسَ بِأَكْلِ الْحِيتَانِ يَصِيدُهَا الْمَجُوسِيُّ لِأَنَّ رَسُولَ اللهِ صَلَّى اللهُ عَلَيْهِ وَسَلَّمَ قَالَ فِي الْبَحْرِ هُوَ الطَّهُورُ مَاؤُهُ الْحِلُّ مَيْتَتُهُ قَالَ مَالِك وَإِذَا أُكِلَ ذَلِكَ مَيْتًا فَلَا يَضُرُّهُ مَنْ صَادَهُ.",
        "ar_diacless": "و حدثني عن مالك عن أبي الزناد عن أبي سلمة بن عبد الرحمن أن ناسا من أهل الجار قدموا فسألوا مروان بن الحكم عما لفظ البحر فقال ليس به بأس وقال اذهبوا إلى زيد بن ثابت وأبي هريرة فاسألوهما عن ذلك ثم ائتوني فأخبروني ماذا يقولان فأتوهما فسألوهما فقالا لا بأس به فأتوا مروان فأخبروه فقال مروان قد قلت لكم ১৮১৯-قال مالك لا بأس بأكل الحيتان يصيدها المجوسي لأن رسول الله صلى الله عليه وسلم قال في البحر هو الطهور ماؤه الحل ميتته قال مالك وإذا أكل ذلك ميتا فلا يضره من صاده.",
        "note": "",
        "grade_id": 6,
        "grade": "অন্যান্য",
        "grade_color": "#4A85CE"
      }
    ]
  },
  {
    "id": 18531,
    "book_id": 7,
    "book_name": "muwatta-malik",
    "chapter_id": 25,
    "section_id": 4,
    "title": "দন্তবিশিষ্ট হিংস্র প্রাণী আহার করা হারাম হওয়া সম্পর্কে",
    "preface": "",
    "number": "পরিচ্ছেদ ৪",
    "sort_order": 4,
    "hadiths": [
      {
        "id": 49746,
        "book_id": 7,
        "book_name": "মুয়াত্তা ইমাম মালিক",
        "chapter_id": 25,
        "section_id": 4,
        "hadith_key": "মুয়াত্তা ইমাম মালিক: ১০৫৩",
        "hadith_id": 1053,
        "narrator": "আবূ সা‘লাবা খোশানী (র)",
        "bn": "রসূলুল্লাহ সল্লাল্লাহু আলাইহি ওয়াসাল্লাম বলেছেন : দন্তবিশিষ্ট সকল হিংস্র প্রাণী আহার করা হারাম। আবূ হুরায়রা (রা) হতে বর্ণিত, রসূলুল্লাহ সল্লাল্লাহু আলাইহি ওয়াসাল্লাম বলেছেন : দন্তবিশিষ্ট সকল হিংস্র প্রাণী হারাম। (বুখারী ৫৫৩০, মুসলিম ১৯৩২, তবে ইমাম মুসলিম এই শব্দে বর্ণনা করেছেন =======)",
        "ar": "حَدَّثَنِي يَحْيَى عَنْ مَالِك عَنْ ابْنِ شِهَابٍ عَنْ أَبِي إِدْرِيسَ الْخَوْلَانِيِّ عَنْ أَبِي ثَعْلَبَةَ الْخُشَنِيِّ أَنَّ رَسُولَ اللهِ صَلَّى اللهُ عَلَيْهِ وَسَلَّمَ قَالَ أَكْلُ كُلِّ ذِي نَابٍ مِنْ السِّبَاعِ حَرَامٌ.",
        "ar_diacless": "حدثني يحيى عن مالك عن ابن شهاب عن أبي إدريس الخولاني عن أبي ثعلبة الخشني أن رسول الله صلى الله عليه وسلم قال أكل كل ذي ناب من السباع حرام.",
        "note": "",
        "grade_id": 6,
        "grade": "অন্যান্য",
        "grade_color": "#4A85CE"
      },
      {
        "id": 49747,
        "book_id": 7,
        "book_name": "মুয়াত্তা ইমাম মালিক",
        "chapter_id": 25,
        "section_id": 4,
        "hadith_key": "মুয়াত্তা ইমাম মালিক: ১০৫৪",
        "hadith_id": 1054,
        "narrator": "আবূ হুরাইরা (রাঃ)",
        "bn": "রসূলুল্লাহ সল্লাল্লাহু আলাইহি ওয়াসাল্লাম বলেছেন : দন্তবিশিষ্ট সকল হিংস্র প্রাণী হারাম। মালিক (র) বলেন, আমাদের নিকটও মাসআলা অনুরূপ।",
        "ar": "و حَدَّثَنِي عَنْ مَالِك عَنْ إِسْمَعِيلَ بْنِ أَبِي حَكِيمٍ عَنْ عَبِيدَةَ بْنِ سُفْيَانَ الْحَضْرَمِيِّ عَنْ أَبِي هُرَيْرَةَ أَنَّ رَسُولَ اللهِ صَلَّى اللهُ عَلَيْهِ وَسَلَّمَ قَالَ أَكْلُ كُلِّ ذِي نَابٍ مِنْ السِّبَاعِ حَرَامٌ قَالَ مَالِك وَهُوَ الْأَمْرُ عِنْدَنَا.",
        "ar_diacless": "و حدثني عن مالك عن إسمعيل بن أبي حكيم عن عبيدة بن سفيان الحضرمي عن أبي هريرة أن رسول الله صلى الله عليه وسلم قال أكل كل ذي ناب من السباع حرام قال مالك وهو الأمر عندنا.",
        "note": "",
        "grade_id": 6,
        "grade": "অন্যান্য",
        "grade_color": "#4A85CE"
      }
    ]
  },
  {
    "id": 18544,
    "book_id": 7,
    "book_name": "muwatta-malik",
    "chapter_id": 25,
    "section_id": 5,
    "title": "যে সকল প্রাণী খাওয়া মাকরূহ্",
    "preface": "",
    "number": "পরিচ্ছেদ ৫",
    "sort_order": 5,
    "hadiths": [
      {
        "id": 49906,
        "book_id": 7,
        "book_name": "মুয়াত্তা ইমাম মালিক",
        "chapter_id": 25,
        "section_id": 5,
        "hadith_key": "মুয়াত্তা ইমাম মালিক: ১০৫৫",
        "hadith_id": 1055,
        "narrator": "মালিক (র)",
        "bn": "ঘোড়া, খচ্চর এবং গাধার গোশ্ত আহার করা সম্পর্কে উত্তম যা  শুনেছি তা এই- উহা আহার করা যাবে না। কারণ আল্লাহ তা‘আলা ইরশাদ করেছেন : অশ্ব, অশ্বতর ও গর্দভ আমি আরোহণ এবং শোভার জন্য সৃষ্টি করেছি। (সহীহ, মুসলিম ১৯৩৩)\nআল্লাহ তা‘আলা আন‘আম সম্বন্ধে ইরশাদ করেন : যাতে তোমরা এগুলোর উপর আরোহণ কর এবং এগুলো আহার কর। আল্লাহ তা‘আলা আরো ইরশাদ করেন : আল্লাহ  তাদেরকে জীবনোপকরণস্বরূপ যেসব চতুষ্পদ আন’আম দান করেছেন সেই সব প্রাণী যবেহ কালে আল্লাহর নাম নেয়। তখন এগুলো হতে তোমরা আহার কর এবং প্রার্থীকে আহার করাও।\nমালিক (র) বলেন : আমি আহলে ইলমের নিকট শুনেছি উপরিউক্ত আয়াতে উল্লেখিত ‘বা-ইস’ শব্দের অর্থ ফকির এবং মু’তার শব্দের অর্থ আগন্তুক। \nমালিক (র) বলেন :  (এই আয়াতগুলো দ্বারা বুঝা গেল) আল্লাহ্ তা‘আলা ঘোড়া,  খচ্চর এবং গাধা আরোহণ করার জন্য সৃষ্টি করেছেন। আর আন’আম জন্তুসমূহ আহার এবং আরোহণ উভয় কাজের জন্যই সৃষ্টি করেছেন।\nমালিক (র) বলেন :  কানি’ ভিক্ষুককেও বলা হয়।",
        "ar": "حَدَّثَنِي يَحْيَى عَنْ مَالِك أَنَّ أَحْسَنَ مَا سَمِعَ فِي الْخَيْلِ وَالْبِغَالِ وَالْحَمِيرِ أَنَّهَا لَا تُؤْكَلُ لِأَنَّ اللهَ تَبَارَكَ وَتَعَالَى قَالَ { وَالْخَيْلَ وَالْبِغَالَ وَالْحَمِيرَ لِتَرْكَبُوهَا وَزِينَةً } وَقَالَ تَبَارَكَ وَتَعَالَى فِي الْأَنْعَامِ { لِتَرْكَبُوا مِنْهَا وَمِنْهَا تَأْكُلُونَ } وَقَالَ تَبَارَكَ وَتَعَالَى { لِيَذْكُرُوا اسْمَ اللهِ عَلَى مَا رَزَقَهُمْ مِنْ بَهِيمَةِ الْأَنْعَامِ } { فَكُلُوا مِنْهَا وَأَطْعِمُوا الْقَانِعَ وَالْمُعْتَرَّ } ১৮২৫-قَالَ مَالِك و سَمِعْت أَنَّ الْبَائِسَ هُوَ الْفَقِيرُ وَأَنَّ الْمُعْتَرَّ هُوَ الزَّائِرُ ১৮২৬-قَالَ مَالِك فَذَكَرَ اللهُ الْخَيْلَ وَالْبِغَالَ وَالْحَمِيرَ لِلرُّكُوبِ وَالزِّينَةِ وَذَكَرَ الْأَنْعَامَ لِلرُّكُوبِ وَالْأَكْلِ ১৮২৭-قَالَ مَالِك وَالْقَانِعُ هُوَ الْفَقِيرُ أَيْضًا.",
        "ar_diacless": "حدثني يحيى عن مالك أن أحسن ما سمع في الخيل والبغال والحمير أنها لا تؤكل لأن الله تبارك وتعالى قال { والخيل والبغال والحمير لتركبوها وزينة } وقال تبارك وتعالى في الأنعام { لتركبوا منها ومنها تأكلون } وقال تبارك وتعالى { ليذكروا اسم الله على ما رزقهم من بهيمة الأنعام } { فكلوا منها وأطعموا القانع والمعتر } ১৮২৫-قال مالك و سمعت أن البائس هو الفقير وأن المعتر هو الزائر ১৮২৬-قال مالك فذكر الله الخيل والبغال والحمير للركوب والزينة وذكر الأنعام للركوب والأكل ১৮২৭-قال مالك والقانع هو الفقير أيضا.",
        "note": "",
        "grade_id": 2,
        "grade": "সহিহ হাদিস",
        "grade_color": "#46B891"
      }
    ]
  },
  {
    "id": 18545,
    "book_id": 7,
    "book_name": "muwatta-malik",
    "chapter_id": 25,
    "section_id": 6,
    "title": "মৃত প্রাণীর চামড়া",
    "preface": "",
    "number": "পরিচ্ছেদ ৬",
    "sort_order": 6,
    "hadiths": [
      {
        "id": 49907,
        "book_id": 7,
        "book_name": "মুয়াত্তা ইমাম মালিক",
        "chapter_id": 25,
        "section_id": 6,
        "hadith_key": "মুয়াত্তা ইমাম মালিক: ১০৫৬",
        "hadith_id": 1056,
        "narrator": "আবদুল্লাহ ইবনু আব্বাস (রা)",
        "bn": "একবার রসূলুল্লাহ সল্লাল্লাহু আলাইহি ওয়াসাল্লাম একটি মৃত বকরীর পাশ দিয়ে যাচ্ছিলেন। উম্মুল মু’মিনীন মায়মুনা (রা)-এর জনৈক গোলামকে তিনি ইহা দিয়েছিলেন। তিনি তখন বললেন : তোমরা ইহার চামরা কোন কাজে লাগালে না কেন?  তারা বলল :  হে আল্লাহর রসূল ! ইহা তো মৃত। রসূলুল্লাহ সল্লাল্লাহু আলাইহি ওয়াসাল্লাম বললেনঃ  হ্যাঁ,  ইহা খাওয়া হারাম (কিন্তু চামড়া দ্বারা অন্য কোন উপকরণ লাভ করা জায়েয)। (বুখারী ১৪৯২, মুসলিম ৩৬৩)",
        "ar": "حَدَّثَنِي يَحْيَى عَنْ مَالِك عَنْ ابْنِ شِهَابٍ عَنْ عُبَيْدِ اللهِ بْنِ عَبْدِ اللهِ بْنِ عُتْبَةَ بْنِ مَسْعُودٍ عَنْ عَبْدِ اللهِ بْنِ عَبَّاسٍ أَنَّهُ قَالَ: مَرَّ رَسُولُ اللهِ صَلَّى اللهُ عَلَيْهِ وَسَلَّمَ بِشَاةٍ مَيِّتَةٍ كَانَ أَعْطَاهَا مَوْلَاةً لِمَيْمُونَةَ زَوْجِ النَّبِيِّ صَلَّى اللهُ عَلَيْهِ وَسَلَّمَ فَقَالَ أَفَلَا انْتَفَعْتُمْ بِجِلْدِهَا فَقَالُوا يَا رَسُولَ اللهِ إِنَّهَا مَيْتَةٌ فَقَالَ رَسُولُ اللهِ صَلَّى اللهُ عَلَيْهِ وَسَلَّمَ إِنَّمَا حُرِّمَ أَكْلُهَا.",
        "ar_diacless": "حدثني يحيى عن مالك عن ابن شهاب عن عبيد الله بن عبد الله بن عتبة بن مسعود عن عبد الله بن عباس أنه قال: مر رسول الله صلى الله عليه وسلم بشاة ميتة كان أعطاها مولاة لميمونة زوج النبي صلى الله عليه وسلم فقال أفلا انتفعتم بجلدها فقالوا يا رسول الله إنها ميتة فقال رسول الله صلى الله عليه وسلم إنما حرم أكلها.",
        "note": "",
        "grade_id": 2,
        "grade": "সহিহ হাদিস",
        "grade_color": "#46B891"
      },
      {
        "id": 49908,
        "book_id": 7,
        "book_name": "মুয়াত্তা ইমাম মালিক",
        "chapter_id": 25,
        "section_id": 6,
        "hadith_key": "মুয়াত্তা ইমাম মালিক: ১০৫৭",
        "hadith_id": 1057,
        "narrator": "আবদুল্লাহ ইবনু আব্বাস (রা)",
        "bn": "রসূলুল্লাহ সল্লাল্লাহু আলাইহি ওয়াসাল্লাম বলেছেন: দাবাগত [১] করার পর চামড়া পাক হয়ে যায়। (সহীহ, মুসলিম ৩৬৬)",
        "ar": "و حَدَّثَنِي مَالِك عَنْ زَيْدِ بْنِ أَسْلَمَ عَنْ ابْنِ وَعْلَةَ الْمِصْرِيِّ عَنْ عَبْدِ اللهِ بْنِ عَبَّاسٍ أَنَّ رَسُولَ اللهِ صَلَّى اللهُ عَلَيْهِ وَسَلَّمَ قَالَ إِذَا دُبِغَ الْإِهَابُ فَقَدْ طَهَرَ.",
        "ar_diacless": "و حدثني مالك عن زيد بن أسلم عن ابن وعلة المصري عن عبد الله بن عباس أن رسول الله صلى الله عليه وسلم قال إذا دبغ الإهاب فقد طهر.",
        "note": "[১] দাবাগত: কোন বস্তুর সাহায্যে চামড়ার পানি শুকিয়ে ফেলা।",
        "grade_id": 2,
        "grade": "সহিহ হাদিস",
        "grade_color": "#46B891"
      },
      {
        "id": 49909,
        "book_id": 7,
        "book_name": "মুয়াত্তা ইমাম মালিক",
        "chapter_id": 25,
        "section_id": 6,
        "hadith_key": "মুয়াত্তা ইমাম মালিক: ১০৫৮",
        "hadith_id": 1058,
        "narrator": "আয়িশা (রা)",
        "bn": "দাবাগত করার পর মৃত জন্তুর চামড়া ব্যবহার করতে রসূলুল্লাহ সল্লাল্লাহু আলাইহি ওয়াসাল্লাম নির্দেশ দিয়েছেন। (যয়ীফ, আবূ দাঊদ ৪১২৪, নাসাঈ ৪২৫২, ইবনু মাজাহ ৩৬১২, আলবানী হাদীসটি যয়ীফ বলেছেন [সহীহ ও যয়ীফ সুনান আবূ দাঊদ])",
        "ar": "و حَدَّثَنِي عَنْ مَالِك عَنْ يَزِيدَ بْنِ عَبْدِ اللهِ بْنِ قُسَيْطٍ عَنْ مُحَمَّدِ بْنِ عَبْدِ الرَّحْمَنِ بْنِ ثَوْبَانَ عَنْ أُمِّهِ عَنْ عَائِشَةَ زَوْجِ النَّبِيِّ صَلَّى اللهُ عَلَيْهِ وَسَلَّمَ أَنَّ رَسُولَ اللهِ صَلَّى اللهُ عَلَيْهِ وَسَلَّمَ أَمَرَ أَنْ يُسْتَمْتَعَ بِجُلُودِ الْمَيْتَةِ إِذَا دُبِغَتْ.",
        "ar_diacless": "و حدثني عن مالك عن يزيد بن عبد الله بن قسيط عن محمد بن عبد الرحمن بن ثوبان عن أمه عن عائشة زوج النبي صلى الله عليه وسلم أن رسول الله صلى الله عليه وسلم أمر أن يستمتع بجلود الميتة إذا دبغت.",
        "note": "",
        "grade_id": 6,
        "grade": "অন্যান্য",
        "grade_color": "#4A85CE"
      }
    ]
  },
  {
    "id": 18546,
    "book_id": 7,
    "book_name": "muwatta-malik",
    "chapter_id": 25,
    "section_id": 7,
    "title": "যে মৃত প্রাণী আহার করতে বাধ্য হয়",
    "preface": "",
    "number": "পরিচ্ছেদ ৭",
    "sort_order": 7,
    "hadiths": [
      {
        "id": 49910,
        "book_id": 7,
        "book_name": "মুয়াত্তা ইমাম মালিক",
        "chapter_id": 25,
        "section_id": 7,
        "hadith_key": "মুয়াত্তা ইমাম মালিক: ১০৫৯",
        "hadith_id": 1059,
        "narrator": "মালিক (র)",
        "bn": "মুয্তার বা খাদ্যের অভাবে ওষ্ঠাগতপ্রাণ ব্যক্তি মৃত জন্তুর গোশ্ত পেট ভরে আহার করতে পারে এবং উহা রাখতেও পারে। যখন হালাল খাদ্য পাবে তখন তা ফেলে দিবে।\nমালিক (র)-কে জিজ্ঞেস করা হয়েছিল, মুয্তার বা খাদ্যের অভাবে ওষ্ঠাগতপ্রাণ ব্যক্তি যদি মৃত জন্তু বা কারো বাগানের ফল বা ক্ষেতের শস্য বা বকরী খেয়ে ফেলে তবে কি হবে? মালিক (র) বললেন, বাগান, ক্ষেত বা বকরীর মালিক যদি ঐ ব্যক্তিকে মুয্তার হিসেবে সত্য বলে মনে করে এবং চোর মনে করে হাত না কাটে তবে মৃত জন্তু আহার করার তুলনায় এই সমস্ত জিনিস খাওয়াই উত্তম । কিন্তু উহা হতে বহন করে নিয়ে যাবে না। আর তা না হলে আমার মতে উক্ত ব্যক্তির জন্য মৃত পশু খাওয়া উত্তম। যে কোন অবস্থায়ই যদি অন্যের মাল খাওয়া জায়েজ হত তবে গুণ্ডা-বদমাশরা একে বাহানা করে অন্যের ধন-সম্পত্তি হাতিয়ে নিয়ে যেত।\nমালিক (র) বলেন, এই বিষয়ে আমি যা শুনেছি তন্মধ্যে ইহা আমার নিকট উত্তম।",
        "ar": "حَدَّثَنِي يَحْيَى عَنْ مَالِك أَنَّ أَحْسَنَ مَا سُمِعَ فِي الرَّجُلِ يُضْطَرُّ إِلَى الْمَيْتَةِ أَنَّهُ يَأْكُلُ مِنْهَا حَتَّى يَشْبَعَ وَيَتَزَوَّدُ مِنْهَا فَإِنْ وَجَدَ عَنْهَا غِنًى طَرَحَهَا ১৮৩৪-و سُئِلَ مَالِك عَنْ الرَّجُلِ يُضْطَرُّ إِلَى الْمَيْتَةِ أَيَأْكُلُ مِنْهَا وَهُوَ يَجِدُ ثَمَرَ الْقَوْمِ أَوْ زَرْعًا أَوْ غَنَمًا بِمَكَانِهِ ذَلِكَ قَالَ مَالِك إِنْ ظَنَّ أَنَّ أَهْلَ ذَلِكَ الثَّمَرِ أَوْ الزَّرْعِ أَوْ الْغَنَمِ يُصَدِّقُونَهُ بِضَرُورَتِهِ حَتَّى لَا يُعَدُّ سَارِقًا فَتُقْطَعَ يَدُهُ رَأَيْتُ أَنْ يَأْكُلَ مِنْ أَيِّ ذَلِكَ وَجَدَ مَا يَرُدُّ جُوعَهُ وَلَا يَحْمِلُ مِنْهُ شَيْئًا وَذَلِكَ أَحَبُّ إِلَيَّ مِنْ أَنْ يَأْكُلَ الْمَيْتَةَ وَإِنْ هُوَ خَشِيَ أَنْ لَا يُصَدِّقُوهُ وَأَنْ يُعَدَّ سَارِقًا بِمَا أَصَابَ مِنْ ذَلِكَ فَإِنَّ أَكْلَ الْمَيْتَةِ خَيْرٌ لَهُ عِنْدِي وَلَهُ فِي أَكْلِ الْمَيْتَةِ عَلَى هَذَا الْوَجْهِ سَعَةٌ مَعَ أَنِّي أَخَافُ أَنْ يَعْدُوَ عَادٍ مِمَّنْ لَمْ يُضْطَرَّ إِلَى الْمَيْتَةِ يُرِيدُ اسْتِجَازَةَ أَخْذِ أَمْوَالِ النَّاسِ وَزُرُوعِهِمْ وَثِمَارِهِمْ بِذَلِكَ بِدُونِ اضْطِرَارٍ قَالَ مَالِك وَهَذَا أَحْسَنُ مَا سَمِعْتُ.",
        "ar_diacless": "حدثني يحيى عن مالك أن أحسن ما سمع في الرجل يضطر إلى الميتة أنه يأكل منها حتى يشبع ويتزود منها فإن وجد عنها غنى طرحها ১৮৩৪-و سئل مالك عن الرجل يضطر إلى الميتة أيأكل منها وهو يجد ثمر القوم أو زرعا أو غنما بمكانه ذلك قال مالك إن ظن أن أهل ذلك الثمر أو الزرع أو الغنم يصدقونه بضرورته حتى لا يعد سارقا فتقطع يده رأيت أن يأكل من أي ذلك وجد ما يرد جوعه ولا يحمل منه شيئا وذلك أحب إلي من أن يأكل الميتة وإن هو خشي أن لا يصدقوه وأن يعد سارقا بما أصاب من ذلك فإن أكل الميتة خير له عندي وله في أكل الميتة على هذا الوجه سعة مع أني أخاف أن يعدو عاد ممن لم يضطر إلى الميتة يريد استجازة أخذ أموال الناس وزروعهم وثمارهم بذلك بدون اضطرار قال مالك وهذا أحسن ما سمعت.",
        "note": "",
        "grade_id": 6,
        "grade": "অন্যান্য",
        "grade_color": "#4A85CE"
      }
    ]
  }
]