[
  {
    "id": 18742,
    "book_id": 7,
    "book_name": "muwatta-malik",
    "chapter_id": 30,
    "section_id": 1,
    "title": "শিশুদের দুধ পান করানো",
    "preface": "",
    "number": "পরিচ্ছেদ ১",
    "sort_order": 1,
    "hadiths": [
      {
        "id": 50337,
        "book_id": 7,
        "book_name": "মুয়াত্তা ইমাম মালিক",
        "chapter_id": 30,
        "section_id": 1,
        "hadith_key": "মুয়াত্তা ইমাম মালিক: ১২৪৯",
        "hadith_id": 1249,
        "narrator": "আমর ইবনু আবদির রহমান (র)",
        "bn": "উম্মুল মু’মিনীন আয়িশা (রা) তার নিকট বর্ণনা  করেছেন যে, রসূলুল্লাহ সল্লাল্লাহু আলাইহি ওয়াসাল্লাম তার নিকট ছিলেন। (এমন সময়) তিনি জনৈক ব্যক্তির আওয়ায শুনলেন। সে ব্যক্তিটি হাফসা (রা)-এর গৃহে প্রবেশের অনুমতি প্রার্থনা করছিল। আয়িশা (রা) বললেন : আমি বললাম, ইয়া রসূলুল্লাহ! ইহা (অপরিচিত) ব্যক্তির আওয়ায, আপনার গৃহে অনুমতি চাচ্ছিলেন। রসূলুল্লাহ সল্লাল্লাহু আলাইহি ওয়াসাল্লাম বললেন : আমি মনে করি সে ব্যক্তি অমুক, হাফসা (রা)-এর দুধ চাচা হবে। আয়িশা (রা) বললেন : ইয়া রসূলুল্লাহ্! যদি অমুক তার দুধ চাচা জীবিত থাকতেন, তিনি আমার নিকট প্রবেশ করতে পারতেন। রসূলুল্লাহ সল্লাল্লাহু আলাইহি ওয়াসাল্লাম বললেন  হ্যাঁ জন্মসূত্রে আত্মীয়তার ফলে যেসব (সম্পর্ক ও বিবাহ) হারাম হয় দুগ্ধপান করার ফলেও সেসব হারাম হয়ে যায়। (বুখারী ২৬৪৬, মুসলিম ১৪৪৪)",
        "ar": "حَدَّثَنِي يَحْيَى عَنْ مَالِك عَنْ عَبْدِ اللهِ بْنِ أَبِي بَكْرٍ عَنْ عَمْرَةَ بِنْتِ عَبْدِ الرَّحْمَنِ أَنَّ عَائِشَةَ أُمَّ الْمُؤْمِنِينَ أَخْبَرَتْهَا أَنَّ رَسُولَ اللهِ صَلَّى اللهُ عَلَيْهِ وَسَلَّمَ كَانَ عِنْدَهَا وَأَنَّهَا سَمِعَتْ صَوْتَ رَجُلٍ يَسْتَأْذِنُ فِي بَيْتِ حَفْصَةَ قَالَتْ عَائِشَةُ فَقُلْتُ يَا رَسُولَ اللهِ هَذَا رَجُلٌ يَسْتَأْذِنُ فِي بَيْتِكَ.\nفَقَالَ رَسُولُ اللهِ صَلَّى اللهُ عَلَيْهِ وَسَلَّمَ أُرَاهُ فُلَانًا لِعَمٍّ لِحَفْصَةَ مِنْ الرَّضَاعَةِ فَقَالَتْ عَائِشَةُ يَا رَسُولَ اللهِ لَوْ كَانَ فُلَانٌ حَيًّا لِعَمِّهَا مِنْ الرَّضَاعَةِ دَخَلَ عَلَيَّ فَقَالَ رَسُولُ اللهِ صَلَّى اللهُ عَلَيْهِ وَسَلَّمَ نَعَمْ إِنَّ الرَّضَاعَةَ تُحَرِّمُ مَا تُحَرِّمُ الْوِلَادَةُ.",
        "ar_diacless": "حدثني يحيى عن مالك عن عبد الله بن أبي بكر عن عمرة بنت عبد الرحمن أن عائشة أم المؤمنين أخبرتها أن رسول الله صلى الله عليه وسلم كان عندها وأنها سمعت صوت رجل يستأذن في بيت حفصة قالت عائشة فقلت يا رسول الله هذا رجل يستأذن في بيتك.\nفقال رسول الله صلى الله عليه وسلم أراه فلانا لعم لحفصة من الرضاعة فقالت عائشة يا رسول الله لو كان فلان حيا لعمها من الرضاعة دخل علي فقال رسول الله صلى الله عليه وسلم نعم إن الرضاعة تحرم ما تحرم الولادة.",
        "note": "",
        "grade_id": 2,
        "grade": "সহিহ হাদিস",
        "grade_color": "#46B891"
      },
      {
        "id": 50336,
        "book_id": 7,
        "book_name": "মুয়াত্তা ইমাম মালিক",
        "chapter_id": 30,
        "section_id": 1,
        "hadith_key": "মুয়াত্তা ইমাম মালিক: ১২৫০",
        "hadith_id": 1250,
        "narrator": "উরওয়া ইবনু যুবাইর (র)",
        "bn": "আয়িশা উম্মুল মু’মিনীন (রা) বলেন : পর্দার হুকুম নাযিল হওয়ার পর আমার দুধ চাচা আবুল কু’আয়সের ভাই আফলাহ্ (রা) আমার নিকট প্রবেশের অনুমতি চাইলেন। আমি রসূলুল্লাহ সল্লাল্লাহু আলাইহি ওয়াসাল্লামকে জিজ্ঞেস না করা পর্যন্ত তাকে অনুমতি দিতে অস্বীকার করলাম। আয়িশা (রা) বলেন : তারপর রসূলুল্লাহ সল্লাল্লাহু আলাইহি ওয়াসাল্লাম তাশরীফ আনলেন এবং আমি এই বিষয়টি তাকে অভিহিত করলাম। রসূলুল্লাহ সল্লাল্লাহু আলাইহি ওয়াসাল্লাম তাকে আমার নিকট আসার অনুমতি দেওয়ার জন্য নির্দেশ দিলেন। \nআয়িশা (রা) বললেন : ইয়া রসূলাল্লাহ! আমাকে স্ত্রীলোক দুধ পান করিয়েছে, পুরুষ আমাকে পান করায়নি। রসূলুল্লাহ সল্লাল্লাহু আলাইহি ওয়াসাল্লাম বললেন : তিনি তোমার চাচা, তোমার নিকট সে প্রবেশ করতে পারবে, আয়িশা (রা) বলেন, এই ঘটনা পর্দার হুকুম নাযিল হওয়ার পরে সংঘটিত হয়েছে। [১] আয়িশা (রা) বলেছেন : জন্মের (সম্পর্কের) দ্বারা যা হারাম হয় দুধ পানের (সম্পর্কের) দ্বারাও তা হারাম হবে। (বুখারী ৫২৩৯, মুসলিম ১৪৪৫)",
        "ar": "و حَدَّثَنِي عَنْ مَالِك عَنْ هِشَامِ بْنِ عُرْوَةَ عَنْ أَبِيهِ عَنْ عَائِشَةَ أُمِّ الْمُؤْمِنِينَ أَنَّهَا قَالَتْ\nجَاءَ عَمِّي مِنْ الرَّضَاعَةِ يَسْتَأْذِنُ عَلَيَّ فَأَبَيْتُ أَنْ آذَنَ لَهُ عَلَيَّ حَتَّى أَسْأَلَ رَسُولَ اللهِ صَلَّى اللهُ عَلَيْهِ وَسَلَّمَ عَنْ ذَلِكَ فَجَاءَ رَسُولُ اللهِ صَلَّى اللهُ عَلَيْهِ وَسَلَّمَ فَسَأَلْتُهُ عَنْ ذَلِكَ فَقَالَ إِنَّهُ عَمُّكِ فَأْذَنِي لَهُ قَالَتْ فَقُلْتُ يَا رَسُولَ اللهِ إِنَّمَا أَرْضَعَتْنِي الْمَرْأَةُ وَلَمْ يُرْضِعْنِي الرَّجُلُ فَقَالَ إِنَّهُ عَمُّكِ فَلْيَلِجْ عَلَيْكِ قَالَتْ عَائِشَةُ وَذَلِكَ بَعْدَ مَا ضُرِبَ عَلَيْنَا الْحِجَابُ، وَقَالَتْ عَائِشَةُ يَحْرُمُ مِنْ الرَّضَاعَةِ مَا يَحْرُمُ مِنْ الْوِلَادَةِ.",
        "ar_diacless": "و حدثني عن مالك عن هشام بن عروة عن أبيه عن عائشة أم المؤمنين أنها قالت\nجاء عمي من الرضاعة يستأذن علي فأبيت أن آذن له علي حتى أسأل رسول الله صلى الله عليه وسلم عن ذلك فجاء رسول الله صلى الله عليه وسلم فسألته عن ذلك فقال إنه عمك فأذني له قالت فقلت يا رسول الله إنما أرضعتني المرأة ولم يرضعني الرجل فقال إنه عمك فليلج عليك قالت عائشة وذلك بعد ما ضرب علينا الحجاب، وقالت عائشة يحرم من الرضاعة ما يحرم من الولادة.",
        "note": "[১] হিজরী পঞ্চম সনের যিলকদ মাসে পর্দার বিধান অবতীর্ণ হয়।",
        "grade_id": 2,
        "grade": "সহিহ হাদিস",
        "grade_color": "#46B891"
      },
      {
        "id": 50332,
        "book_id": 7,
        "book_name": "মুয়াত্তা ইমাম মালিক",
        "chapter_id": 30,
        "section_id": 1,
        "hadith_key": "মুয়াত্তা ইমাম মালিক: ১২৫১",
        "hadith_id": 1251,
        "narrator": "উরওয়া ইবনু যুবাইর (র)",
        "bn": "উম্মুল মু’মিনীন আয়িশা (রা) তার নিকট বর্ণনা করেছেন যে, তার দুধ চাচা আবূ কু‘আয়স-এর ভাই আফলাহ্ (রা) পর্দার হুকুম আবর্তীণ হওয়ার পর তার কাছে প্রবেশের অনুমতি চাইলেন। আয়িশা (রা) বলেন : আমি আমার নিকট প্রবেশের অনুমতি দিতে অস্বীকার করিলাম। রসূলুল্লাহ সাল্লাল্লাহু আলায়াহি ওয়া সাল্লঅম তাশরীফ আনিলে পর আমি যাহা করিয়াছি উহা তাহাকে অবহিত করলাম। অতঃপর তাকে (দুধ চাচাকে) আমার নিকট প্রবেশের অনুমতি দেওয়ার জন্য রসূলুল্লাহ সল্লাল্লাহু আলাইহি ওয়াসাল্লাম আমাকে নির্দেশ দিলেন। (বুখারী ৫১০৩, মুসলিম ১৪৪৫)",
        "ar": "و حَدَّثَنِي عَنْ مَالِك عَنْ ابْنِ شِهَابٍ عَنْ عُرْوَةَ بْنِ الزُّبَيْرِ عَنْ عَائِشَةَ أُمِّ الْمُؤْمِنِيْنَ أَنَّهَا أَخْبَرَتْهُ أَنَّ أَفْلَحَ أَخَا أَبِي الْقُعَيْسِ جَاءَ يَسْتَأْذِنُ عَلَيْهَا وَهُوَ عَمُّهَا مِنْ الرَّضَاعَةِ بَعْدَ أَنْ أُنْزِلَ الْحِجَابُ قَالَتْ فَأَبَيْتُ أَنْ آذَنَ لَهُ عَلَيَّ فَلَمَّا جَاءَ رَسُولُ اللهِ صَلَّى اللهُ عَلَيْهِ وَسَلَّمَ أَخْبَرْتُهُ بِالَّذِي صَنَعْتُ فَأَمَرَنِي أَنْ آذَنَ لَهُ عَلَيَّ.",
        "ar_diacless": "و حدثني عن مالك عن ابن شهاب عن عروة بن الزبير عن عائشة أم المؤمنين أنها أخبرته أن أفلح أخا أبي القعيس جاء يستأذن عليها وهو عمها من الرضاعة بعد أن أنزل الحجاب قالت فأبيت أن آذن له علي فلما جاء رسول الله صلى الله عليه وسلم أخبرته بالذي صنعت فأمرني أن آذن له علي.",
        "note": "",
        "grade_id": 2,
        "grade": "সহিহ হাদিস",
        "grade_color": "#46B891"
      },
      {
        "id": 50334,
        "book_id": 7,
        "book_name": "মুয়াত্তা ইমাম মালিক",
        "chapter_id": 30,
        "section_id": 1,
        "hadith_key": "মুয়াত্তা ইমাম মালিক: ১২৫২",
        "hadith_id": 1252,
        "narrator": "সাওর ইবনু যায়দ দিলী (র)",
        "bn": "আবদুল্লাহ ইবনু আব্বাস (রা) বলতেন : দুই বৎসর সময়ের ভিতরে দুধ একবার চুষলেও উহা হারাম করবে। অর্থাৎ জন্মসূত্রে বিবাহ যেমন অবৈধ হয় তদ্রƒপ এতেও হয়। (হাদীসটি ইমাম মালিক এককভাবে বর্ণনা করেছেন)",
        "ar": "و حَدَّثَنِي عَنْ مَالِك عَنْ ثَوْرِ بْنِ زَيْدٍ الدِّيلِيِّ عَنْ عَبْدِ اللهِ بْنِ عَبَّاسٍ أَنَّهُ كَانَ يَقُولُ مَا كَانَ فِي الْحَوْلَيْنِ وَإِنْ كَانَ مَصَّةً وَاحِدَةً فَهُوَ يُحَرِّمُ.",
        "ar_diacless": "و حدثني عن مالك عن ثور بن زيد الديلي عن عبد الله بن عباس أنه كان يقول ما كان في الحولين وإن كان مصة واحدة فهو يحرم.",
        "note": "",
        "grade_id": 6,
        "grade": "অন্যান্য",
        "grade_color": "#4A85CE"
      },
      {
        "id": 50333,
        "book_id": 7,
        "book_name": "মুয়াত্তা ইমাম মালিক",
        "chapter_id": 30,
        "section_id": 1,
        "hadith_key": "মুয়াত্তা ইমাম মালিক: ১২৫৩",
        "hadith_id": 1253,
        "narrator": "আমর ইবনু শারীদ (র)",
        "bn": "আবদুল্লাহ ইবনু আব্বাস (রা)-এর নিকট প্রশ্ন করা হল এমন এক ব্যক্তি সম্বন্ধে, যার স্ত্রীর রয়েছে দুজন। তাদের মধ্যে এক স্ত্রী এক ছেলেকে, আর এক স্ত্রী এক কন্যাকে দুধ পান করিয়েছে। এই ছেলে সেই কন্যাকে বিবাহ করতে পারবে কি? তিনি বললেন : না কারণ (উভয়ে পিতার দিক দিয়ে) বীর্য এক। (সহীহ, তিরমিযী ১১৪৯, আলবানী হাদীসটি সহীহ বলেছেন [সহীহ ও যয়ীফ সুনানে তিরমিযী])",
        "ar": "و حَدَّثَنِي عَنْ مَالِك عَنْ ابْنِ شِهَابٍ عَنْ عَمْرِو بْنِ الشَّرِيدِ أَنَّ عَبْدَ اللهِ بْنَ عَبَّاسٍ سُئِلَ عَنْ رَجُلٍ كَانَتْ لَهُ امْرَأَتَانِ فَأَرْضَعَتْ إِحْدَاهُمَا غُلَامًا وَأَرْضَعَتْ الْأُخْرَى جَارِيَةً فَقِيلَ لَهُ هَلْ يَتَزَوَّجُ الْغُلَامُ الْجَارِيَةَ فَقَالَ لَا اللِّقَاحُ وَاحِدٌ.",
        "ar_diacless": "و حدثني عن مالك عن ابن شهاب عن عمرو بن الشريد أن عبد الله بن عباس سئل عن رجل كانت له امرأتان فأرضعت إحداهما غلاما وأرضعت الأخرى جارية فقيل له هل يتزوج الغلام الجارية فقال لا اللقاح واحد.",
        "note": "",
        "grade_id": 2,
        "grade": "সহিহ হাদিস",
        "grade_color": "#46B891"
      },
      {
        "id": 50335,
        "book_id": 7,
        "book_name": "মুয়াত্তা ইমাম মালিক",
        "chapter_id": 30,
        "section_id": 1,
        "hadith_key": "মুয়াত্তা ইমাম মালিক: ১২৫৪",
        "hadith_id": 1254,
        "narrator": "নাফি’ (রা)",
        "bn": "আবদুল্লাহ ইবনু উমার (রা) বলতেন : ছোট বেলায় যাকে দুধ খাওয়ান হয় উহাই গ্রহণযোগ্য, বড়দের দুধ পান করান ধর্তব্য নয়, অর্থাৎ উহাতে দুধ পান-এর ফলে যে হুকুম হয় তা হবে না। (হাদীসটি ইমাম মালিক এককভাবে বর্ণনা করেছেন)",
        "ar": "و حَدَّثَنِي عَنْ مَالِك عَنْ نَافِعٍ أَنَّ عَبْدَ اللهِ بْنَ عُمَرَ كَانَ يَقُوْلُ لَا رَضَاعَةَ إِلَّا لِمَنْ أُرْضِعَ فِي الصِّغَرِ وَلَا رَضَاعَةَ لِكَبِيْرٍ.",
        "ar_diacless": "و حدثني عن مالك عن نافع أن عبد الله بن عمر كان يقول لا رضاعة إلا لمن أرضع في الصغر ولا رضاعة لكبير.",
        "note": "",
        "grade_id": 6,
        "grade": "অন্যান্য",
        "grade_color": "#4A85CE"
      },
      {
        "id": 50338,
        "book_id": 7,
        "book_name": "মুয়াত্তা ইমাম মালিক",
        "chapter_id": 30,
        "section_id": 1,
        "hadith_key": "মুয়াত্তা ইমাম মালিক: ১২৫৫",
        "hadith_id": 1255,
        "narrator": "নাফি’ (র)",
        "bn": "সালিম ইবনু আবদিল্লাহ (র) তাঁর নিকট বর্ণনা করেছেন যে, তিনি যখন দুগ্ধপোষ্য ছিলেন, তখন আয়িশা উম্মুল মু’মিনীন (রা) তাকে পাঠালেন তার ভগ্নী উম্মে কুলসুম বিন্ত আবী বাকর (রা)-এর নিকট এবং বলে দিলেন একে (সালিমকে) দশবার দুধ চোষায়ে দিন, যেন সে আমার নিকট প্রবেশ করতে পারে। সালিম বলেন : উম্মে কুলসুম আমাকে তিনবার দুধ চোষায়েছেন। তারপর আমি পীড়িত হই, তাই আমাকে তিনবার ছাড়া আর দুধ পান করাননি, যেহেতু উম্মে কুলসুম আমাকে দশবার দুধ পান করাননি তাই আমি আয়িশা (রা)-এর নিকট প্রবেশ করতাম না। (হাদীসটি ইমাম মালিক এককভাবে বর্ণনা করেছেন)",
        "ar": "و حَدَّثَنِي عَنْ مَالِك عَنْ نَافِعٍ أَنَّ سَالِمَ بْنَ عَبْدِ اللهِ بْنِ عُمَرَ أَخْبَرَهُ أَنَّ عَائِشَةَ أُمَّ الْمُؤْمِنِيْنَ أَرْسَلَتْ بِهِ وَهُوَ يَرْضَعُ إِلَى أُخْتِهَا أُمِّ كُلْثُومٍ بِنْتِ أَبِي بَكْرٍ الصِّدِّيقِ فَقَالَتْ أَرْضِعِيهِ عَشْرَ رَضَعَاتٍ حَتَّى يَدْخُلَ عَلَيَّ قَالَ سَالِمٌ فَأَرْضَعَتْنِي أُمُّ كُلْثُومٍ ثَلَاثَ رَضَعَاتٍ ثُمَّ مَرِضَتْ فَلَمْ تُرْضِعْنِي غَيْرَ ثَلَاثِ رَضَعَاتٍ فَلَمْ أَكُنْ أَدْخُلُ عَلَى عَائِشَةَ مِنْ أَجْلِ أَنَّ أُمَّ كُلْثُومٍ لَمْ تُتِمَّ لِي عَشْرَ رَضَعَاتٍ.",
        "ar_diacless": "و حدثني عن مالك عن نافع أن سالم بن عبد الله بن عمر أخبره أن عائشة أم المؤمنين أرسلت به وهو يرضع إلى أختها أم كلثوم بنت أبي بكر الصديق فقالت أرضعيه عشر رضعات حتى يدخل علي قال سالم فأرضعتني أم كلثوم ثلاث رضعات ثم مرضت فلم ترضعني غير ثلاث رضعات فلم أكن أدخل على عائشة من أجل أن أم كلثوم لم تتم لي عشر رضعات.",
        "note": "",
        "grade_id": 6,
        "grade": "অন্যান্য",
        "grade_color": "#4A85CE"
      },
      {
        "id": 50339,
        "book_id": 7,
        "book_name": "মুয়াত্তা ইমাম মালিক",
        "chapter_id": 30,
        "section_id": 1,
        "hadith_key": "মুয়াত্তা ইমাম মালিক: ১২৫৬",
        "hadith_id": 1256,
        "narrator": "নাফি’ (র)",
        "bn": "সফিয়্যা বিন্ত আবী উবায়দ (র) তাঁর নিকট বর্ণনা করেছেন যে, উম্মুল মু’মিনীন হাফসা (রা) আসিম ইবনু ‘আবদিল্লাহ ইবনু সা’দ (র)-কে তার ভগ্নী ফাতিমা বিন্ত উমার ইবনু খাত্তাব (রা)-এর নিকট পাঠালেন। তখন আসিম ছোট এবং দুগ্ধপোষ্য (উদ্দেশ্য) যেন তিনি আসিমকে দশবার দুধ পান করিয়ে দেন যাতে সে হাফসা (রা)-এর নিকট প্রবেশ করতে পারে। তিনি (ফাতেমা) উহা করলেন, তাই আসিম তার [হাফসা (রা)-এর নিকট যাতায়াত করতেন]। (হাদীসটি ইমাম মালিক এককভাবে বর্ণনা করেছেন)",
        "ar": "و حَدَّثَنِي عَنْ مَالِك عَنْ نَافِعٍ أَنَّ صَفِيَّةَ بِنْتَ أَبِي عُبَيْدٍ أَخْبَرَتْهُ أَنَّ حَفْصَةَ أُمَّ الْمُؤْمِنِينَ\nأَرْسَلَتْ بِعَاصِمِ بْنِ عَبْدِ اللهِ بْنِ سَعْدٍ إِلَى أُخْتِهَا فَاطِمَةَ بِنْتِ عُمَرَ بْنِ الْخَطَّابِ تُرْضِعُهُ عَشْرَ رَضَعَاتٍ لِيَدْخُلَ عَلَيْهَا وَهُوَ صَغِيرٌ يَرْضَعُ فَفَعَلَتْ فَكَانَ يَدْخُلُ عَلَيْهَا.",
        "ar_diacless": "و حدثني عن مالك عن نافع أن صفية بنت أبي عبيد أخبرته أن حفصة أم المؤمنين\nأرسلت بعاصم بن عبد الله بن سعد إلى أختها فاطمة بنت عمر بن الخطاب ترضعه عشر رضعات ليدخل عليها وهو صغير يرضع ففعلت فكان يدخل عليها.",
        "note": "",
        "grade_id": 6,
        "grade": "অন্যান্য",
        "grade_color": "#4A85CE"
      },
      {
        "id": 50340,
        "book_id": 7,
        "book_name": "মুয়াত্তা ইমাম মালিক",
        "chapter_id": 30,
        "section_id": 1,
        "hadith_key": "মুয়াত্তা ইমাম মালিক: ১২৫৭",
        "hadith_id": 1257,
        "narrator": "আয়িশা (রা)",
        "bn": "ভগ্নীগণ অথবা তাঁর ভাতিজীগণ যাদেরকে দুধ পান করিয়েছেন তারা আয়িশা (রা)-এর নিকট প্রবেশ করতে পারতেন। আর যাদেরকে তাঁর ভাবীগণ দুধ পান করিয়েছেন [১] তাঁরা তাঁর নিকট প্রবেশ করতে পারতেন না। (হাদীসটি ইমাম মালিক এককভাবে বর্ণনা করেছেন)",
        "ar": "و حَدَّثَنِي عَنْ مَالِك عَنْ عَبْدِ الرَّحْمَنِ بْنِ الْقَاسِمِ عَنْ أَبِيهِ أَنَّهُ أَخْبَرَهُ أَنَّ عَائِشَةَ زَوْجَ النَّبِيِّ صَلَّى اللهُ عَلَيْهِ وَسَلَّمَ كَانَ يَدْخُلُ عَلَيْهَا مَنْ أَرْضَعَتْهُ أَخَوَاتُهَا وَبَنَاتُ أَخِيهَا وَلَا يَدْخُلُ عَلَيْهَا مَنْ أَرْضَعَهُ نِسَاءُ إِخْوَتِهَا.",
        "ar_diacless": "و حدثني عن مالك عن عبد الرحمن بن القاسم عن أبيه أنه أخبره أن عائشة زوج النبي صلى الله عليه وسلم كان يدخل عليها من أرضعته أخواتها وبنات أخيها ولا يدخل عليها من أرضعه نساء إخوتها.",
        "note": "[১] অর্থাৎ ভাইয়ের স্ত্রী হওয়ার পূর্বে যাদেরকে দুধ পান করিয়েছেন তাদেরকে তিনি প্রবেশের অনুমতি দিতেন না।",
        "grade_id": 6,
        "grade": "অন্যান্য",
        "grade_color": "#4A85CE"
      },
      {
        "id": 50342,
        "book_id": 7,
        "book_name": "মুয়াত্তা ইমাম মালিক",
        "chapter_id": 30,
        "section_id": 1,
        "hadith_key": "মুয়াত্তা ইমাম মালিক: ১২৫৮",
        "hadith_id": 1258,
        "narrator": "ইবরাহীম ইবনু উকরা (র)",
        "bn": "সাঈদ ইবনু মুসায়্যাব (র)-কে রাযা’আত [সন্তানকে দুগ্ধ পান করানো]। সম্পর্কে প্রশ্ন করলেন। সাঈদ বললেন : দুই বৎসরের মধ্যে পান করানো হলে যদিও এক ফোটা হয় উহা বিবাহ সম্পর্ক হারাম করবে, আর যা দুই বৎসরের পর বাহিরে হয় তা খাদ্যদ্রব্য বলে গণ্য হবে, যা আহার করেছে। উহাতে বিবাহ সম্পর্ক হারাম হবে না] (হাদীসটি ইমাম মালিক এককভাবে বর্ণনা করেছেন)\nইবরাহীম ইবনু ‘উকবা (র) বলে : অতঃপর আমি উরওয়াহ্ ইবনু যুবায়র (রা)-এর নিকট প্রশ্ন করি। তিনি সাঈদ ইবনু মুসায়্যাব-এর মতোই বললেন।",
        "ar": "و حَدَّثَنِي عَنْ مَالِك عَنْ إِبْرَاهِيمَ بْنِ عُقْبَةَ أَنَّهُ سَأَلَ سَعِيدَ بْنَ الْمُسَيَّبِ عَنْ الرَّضَاعَةِ فَقَالَ سَعِيدٌ كُلُّ مَا كَانَ فِي الْحَوْلَيْنِ وَإِنْ كَانَتْ قَطْرَةً وَاحِدَةً فَهُوَ يُحَرِّمُ وَمَا كَانَ بَعْدَ الْحَوْلَيْنِ فَإِنَّمَا هُوَ طَعَامٌ يَأْكُلُهُ. قَالَ إِبْرَاهِيمُ بْنُ عُقْبَةَ ثُمَّ سَأَلْتُ عُرْوَةَ بْنَ الزُّبَيْرِ فَقَالَ مِثْلَ مَا قَالَ سَعِيدُ بْنُ الْمُسَيَّبِ.",
        "ar_diacless": "و حدثني عن مالك عن إبراهيم بن عقبة أنه سأل سعيد بن المسيب عن الرضاعة فقال سعيد كل ما كان في الحولين وإن كانت قطرة واحدة فهو يحرم وما كان بعد الحولين فإنما هو طعام يأكله. قال إبراهيم بن عقبة ثم سألت عروة بن الزبير فقال مثل ما قال سعيد بن المسيب.",
        "note": "",
        "grade_id": 6,
        "grade": "অন্যান্য",
        "grade_color": "#4A85CE"
      },
      {
        "id": 50341,
        "book_id": 7,
        "book_name": "মুয়াত্তা ইমাম মালিক",
        "chapter_id": 30,
        "section_id": 1,
        "hadith_key": "মুয়াত্তা ইমাম মালিক: ১২৫৯",
        "hadith_id": 1259,
        "narrator": "ইয়াহইয়া ইবন সাঈদ (র)",
        "bn": "আমি সা’ঈদ ইবনু মুসায়্যাব (র)-কে বলতে শুনেছি স্ত্রীলোকদের সন্তানদের দুধ পান করানো তখন গ্রহণযোগ্য হবে যখন তারা দোলনাতে থাকে এবং যা গোশত ও রক্ত সৃষ্টি করে। (হাদীসটি ইমাম মালিক এককভাবে বর্ণনা করেছেন)\nইবনু শিহাব (র) বলতেন : রাযা’আত [দুধ পান করান] অল্প হোক বেশি হোক উহা হারাম করবে। আর রাযা’আত পুরুষের পক্ষের আত্মীয়তাও হারাম করবে। (হাদীসটি ইমাম মালিক এককভাবে বর্ণনা করেছেন)\nইয়াহ্ইয়া (র) বলেন : আমি মালিক (র)-কে বলতে শুনেছি সন্তানদের দুধ পান অল্প হোক বা বেশি হোক, যদি উহা দুই বৎসরের মধ্যে হয় তবে হারাম করবে। তিনি বলেন, দুই বৎসরের পরে হলে অল্প হোক বা বেশি হোক উহা কিছুই হারাম করবে না। উহা হচ্ছে খাদ্যদ্রব্যের মতো।",
        "ar": "و حَدَّثَنِي عَنْ مَالِك عَنْ يَحْيَى بْنِ سَعِيدٍ أَنَّهُ قَالَ سَمِعْتُ سَعِيدَ بْنَ الْمُسَيَّبِ يَقُولُ\nلَا رَضَاعَةَ إِلَّا مَا كَانَ فِي الْمَهْدِ وَإِلَّا مَا أَنْبَتَ اللَّحْمَ وَالدَّمَ১২و حَدَّثَنِي عَنْ مَالِك عَنْ ابْنِ شِهَابٍ أَنَّهُ كَانَ يَقُوْلُ: الرَّضَاعَةُ قَلِيلُهَا وَكَثِيرُهَا تُحَرِّمُ وَالرَّضَاعَةُ مِنْ قِبَلِ الرِّجَالِ تُحَرِّمُ.\n২২৪৫-قَالَ يَحْيَى و سَمِعْت مَالِكًا يَقُولُ الرَّضَاعَةُ قَلِيلُهَا وَكَثِيرُهَا إِذَا كَانَ فِي الْحَوْلَيْنِ تُحَرِّمُ فَأَمَّا مَا كَانَ بَعْدَ الْحَوْلَيْنِ فَإِنَّ قَلِيلَهُ وَكَثِيرَهُ لَا يُحَرِّمُ شَيْئًا وَإِنَّمَا هُوَ بِمَنْزِلَةِ الطَّعَامِ",
        "ar_diacless": "و حدثني عن مالك عن يحيى بن سعيد أنه قال سمعت سعيد بن المسيب يقول\nلا رضاعة إلا ما كان في المهد وإلا ما أنبت اللحم والدم১২و حدثني عن مالك عن ابن شهاب أنه كان يقول: الرضاعة قليلها وكثيرها تحرم والرضاعة من قبل الرجال تحرم.\n২২৪৫-قال يحيى و سمعت مالكا يقول الرضاعة قليلها وكثيرها إذا كان في الحولين تحرم فأما ما كان بعد الحولين فإن قليله وكثيره لا يحرم شيئا وإنما هو بمنزلة الطعام",
        "note": "",
        "grade_id": 6,
        "grade": "অন্যান্য",
        "grade_color": "#4A85CE"
      }
    ]
  },
  {
    "id": 18746,
    "book_id": 7,
    "book_name": "muwatta-malik",
    "chapter_id": 30,
    "section_id": 2,
    "title": "বয়স্ক হওয়ার পর দুধ পান করা",
    "preface": "",
    "number": "পরিচ্ছেদ ২",
    "sort_order": 2,
    "hadiths": [
      {
        "id": 50350,
        "book_id": 7,
        "book_name": "মুয়াত্তা ইমাম মালিক",
        "chapter_id": 30,
        "section_id": 2,
        "hadith_key": "মুয়াত্তা ইমাম মালিক: ১২৬০",
        "hadith_id": 1260,
        "narrator": "ইবন শিহাব (র)",
        "bn": "কে প্রশ্ন করা হল বয়স্কের দুধ পান করা সম্বন্ধে। তিনি (উত্তরে) বললেন : উরওয়াহ্ ইবন যুবায়র (র) আমাকে বলেছেন : আবূ হুযায়ফা ইবন উতবা ইবন রবি’আ (রা) রসূলুল্লাহ্ সল্লাল্লাহু আলাইহি ওয়াসাল্লাম-এর সাহাবীদের মধ্যে একজন সাহাবা ছিলেন। তিনি বদরের যুদ্ধে শহীদ হয়েছেন, তিনি সালিম (রা)-কে পালক পুত্র করেছিলেন যাকে বলা হত সালিম মাওলা আবূ হুযায়ফা। [সায়িবা নামক জনৈকা মহিলা তাকে আযাদ করেন, পরে আবূ হুযায়ফা তাকে লালন-পালন করেন এবং পুত্ররূপে গ্রহণ করেন। এইজন্য সালিমকে আবূ হুযায়ফার মাওলা বলা হয়েছে] যেমন রসূলুল্লাহ্ সল্লাল্লাহু আলাইহি ওয়াসাল্লাম যায়দ ইব্নু হারিসা (রা)-কে পুত্র সন্তান বানিয়েছিলেন এবং আবূ হুযায়ফা সালিমের নিকট তার ভাতিজী ফাতেমা বিনত ওয়ালিদ ইবন উতবা ইবন রবি’আকে বিবাহ দিলেন, তিনি সালিমকে নিজের পুত্র বলে মনে করতেন।\nফাতেমা ছিলেন প্রথম ভাগে হিজরতকারিণীদের মধ্যে একজন মহিলা এবং তিনি তখন কুরাইশদের অবিবাহিত মহিলাদের মধ্যেও ছিলেন অন্যতম । যখন আল্লাহ তাঁর কিতাবে যায়দ ইবন হারিসা সম্পর্কে এই আয়াত অবতীর্ণ করলেন-\nادْعُوهُمْ لِآبَائِهِمْ هُوَ أَقْسَطُ عِنْدَ اللهِ فَإِنْ لَمْ تَعْلَمُوا آبَاءَهُمْ فَإِخْوَانُكُمْ فِي الدِّينِ وَمَوَالِيكُمْ.\n(অর্থাৎ তোমরা তাদেরকে ডাক তাদের পিতৃপরিচয়ে। আল্লাহর নিকট এটাই ন্যায়সঙ্গত, যদি তোমরা তাদের পরিচয় না জান তবে তাদেরকে তোমাদের ধর্মীয় ভ্রাতা ও বন্ধুরূপে গণ্য করবে।) যাদেরকে পোষ্যপুত্র বানিয়েছে তাদেরকে তাদের পিতৃপরিচয়ের দিকে ফিরিয়ে দাও। আর যদি পিতার পরিচয় না জান তবে তার মাওলার (মনিব বা মিত্রতা সূত্রে স্থাপিত সম্পর্কের স্বজন) দিকে তাদেরকে ফিরিয়ে দাও। আর হুযায়ফার স্ত্রী সাহলা বিনত সুহায়ল যিনি ছিলেন আমির ইবন লুয়াই গোত্রের, রসূলুল্লাহ্ সল্লাল্লাহু আলাইহি ওয়াসাল্লাম-এর নিকট এলেন এবং বললেন, হে আল্লাহর রসূল! সালিমকে আমরা পুত্ররূপে গ্রহণ করেছিলাম। সে আমার কক্ষে প্রবেশ করে এই অবস্থায় যে, আমি তখন একটি কাপড় পরিধান করে থাকি। আর আমার গৃহও মাত্র একটি। এ ব্যাপারে আপনার অভিমত কি? তখন রসূলুল্লাহ্ সল্লাল্লাহু আলাইহি ওয়াসাল্লাম বললেন : এ বিষয়ে আমাদের কথা হলা তাকে পাঁচবার (স্তন হতে) দুধ পান করিয়ে দাও। তা হলে এই দুধের কারণে সে হারাম হয়ে যাবে। এবং সাহলা দুধ পান করানোর কারণে তাকে পুত্র বলে জানতেন। উম্মুল মু’মিনীন ‘আয়িশা (রা) রসূলুল্লাহ্ (সা)-এর এ অভিমত গ্রহণ করেছেন, অতএব সেই সকল পুরুষের তাঁর নিকট প্রবেশ করা তিনি পছন্দ করতেন। তিনি তাঁর ভগ্নী উম্মে কুলসুম বিনত আবি বাক্র সিদ্দীক (রা)-কে এবং তাঁর ভাতিজীদেরকে সেই সকল পুরুষকে দুধ পান করানোর নির্দেশ দিতেন। কিন্তু নবী করীম (সা)-এর অন্যান্য সহধর্মিণী এই প্রকার দুধ পানের দ্বারা কোন পুরুষের তাঁদের নিকট প্রবেশ করাতে অস্বীকৃতি জ্ঞাপন করেন। তাঁরা বলতেন, [‘আয়িশা সিদ্দিকা (রা)-কে উদ্দেশ্য করে] আল্লাহর কসম, আমরা মনে করি, রসূলুল্লাহ্ সল্লাল্লাহু আলাইহি ওয়াসাল্লাম সাহলা বিন্ত সুহাইলাকে যে হুকুম দিয়েছিলেন তা কেবলমাত্র সালিমের জন্য রসূলুল্লাহ্ সল্লাল্লাহু আলাইহি ওয়াসাল্লাম-এর পক্ষ হতে রুখ্সত (বিশেষ অনুমতি) স্বরূপ ছিল। কসম আল্লাহ্‌র! এই প্রকারের দুধ পান করানো দ্বারা আমাদের নিকট কোন লোক প্রবেশ করতে পারবে না। বয়স্কদের দুধ পান করানো সম্বন্ধে আর সকল নবী করীম সল্লাল্লাহু আলাইহি ওয়াসাল্লাম-এর সহধর্মিণী এই অভিমতের উপর অটল ছিলেন। (সহীহ, মুসলিম ১৪৫৩)",
        "ar": "حَدَّثَنِي يَحْيَى عَنْ مَالِك عَنْ ابْنِ شِهَابٍ أَنَّهُ سُئِلَ عَنْ رَضَاعَةِ الْكَبِيرِ فَقَالَ أَخْبَرَنِي عُرْوَةُ بْنُ الزُّبَيْرِ أَنَّ أَبَا حُذَيْفَةَ بْنَ عُتْبَةَ بْنِ رَبِيعَةَ وَكَانَ مِنْ أَصْحَابِ رَسُولِ اللهِ صَلَّى اللهُ عَلَيْهِ وَسَلَّمَ وَكَانَ قَدْ شَهِدَ بَدْرًا وَكَانَ تَبَنَّى سَالِمًا الَّذِي يُقَالُ لَهُ سَالِمٌ مَوْلَى أَبِي حُذَيْفَةَ كَمَا تَبَنَّى رَسُولُ اللهِ صَلَّى اللهُ عَلَيْهِ وَسَلَّمَ زَيْدَ بْنَ حَارِثَةَ وَأَنْكَحَ أَبُو حُذَيْفَةَ سَالِمًا وَهُوَ يَرَى أَنَّهُ ابْنُهُ أَنْكَحَهُ بِنْتَ أَخِيهِ فَاطِمَةَ بِنْتَ الْوَلِيدِ بْنِ عُتْبَةَ بْنِ رَبِيعَةَ وَهِيَ يَوْمَئِذٍ مِنْ الْمُهَاجِرَاتِ الْأُوَلِ وَهِيَ مِنْ أَفْضَلِ أَيَامَى قُرَيْشٍ فَلَمَّا أَنْزَلَ اللهُ تَعَالَى فِي كِتَابِهِ فِي زَيْدِ بْنِ حَارِثَةَ مَا أَنْزَلَ فَقَالَ: { ادْعُوهُمْ لِآبَائِهِمْ هُوَ أَقْسَطُ عِنْدَ اللهِ فَإِنْ لَمْ تَعْلَمُوا آبَاءَهُمْ فَإِخْوَانُكُمْ فِي الدِّينِ وَمَوَالِيكُمْ }\nرُدَّ كُلُّ وَاحِدٍ مِنْ أُولَئِكَ إِلَى أَبِيهِ فَإِنْ لَمْ يُعْلَمْ أَبُوهُ رُدَّ إِلَى مَوْلَاهُ فَجَاءَتْ سَهْلَةُ بِنْتُ سُهَيْلٍ وَهِيَ امْرَأَةُ أَبِي حُذَيْفَةَ وَهِيَ مِنْ بَنِي عَامِرِ بْنِ لُؤَيٍّ إِلَى رَسُولِ اللهِ صَلَّى اللهُ عَلَيْهِ وَسَلَّمَ فَقَالَتْ يَا\nرَسُولَ اللهِ كُنَّا نَرَى سَالِمًا وَلَدًا وَكَانَ يَدْخُلُ عَلَيَّ وَأَنَا فُضُلٌ وَلَيْسَ لَنَا إِلَّا بَيْتٌ وَاحِدٌ فَمَاذَا تَرَى فِي شَأْنِهِ فَقَالَ لَهَا رَسُولُ اللهِ صَلَّى اللهُ عَلَيْهِ وَسَلَّمَ أَرْضِعِيهِ خَمْسَ رَضَعَاتٍ فَيَحْرُمُ بِلَبَنِهَا وَكَانَتْ تَرَاهُ ابْنًا مِنْ الرَّضَاعَةِ فَأَخَذَتْ بِذَلِكَ عَائِشَةُ أُمُّ الْمُؤْمِنِينَ فِيمَنْ كَانَتْ تُحِبُّ أَنْ يَدْخُلَ عَلَيْهَا مِنْ الرِّجَالِ فَكَانَتْ تَأْمُرُ أُخْتَهَا أُمَّ كُلْثُومٍ بِنْتَ أَبِي بَكْرٍ الصِّدِّيقِ وَبَنَاتِ أَخِيهَا أَنْ يُرْضِعْنَ مَنْ أَحَبَّتْ أَنْ يَدْخُلَ عَلَيْهَا مِنْ الرِّجَالِ وَأَبَى سَائِرُ أَزْوَاجِ النَّبِيِّ صَلَّى اللهُ عَلَيْهِ وَسَلَّمَ أَنْ يَدْخُلَ عَلَيْهِنَّ بِتِلْكَ الرَّضَاعَةِ أَحَدٌ مِنْ النَّاسِ وَقُلْنَ لَا وَاللهِ مَا نَرَى الَّذِي أَمَرَ بِهِ رَسُولُ اللهِ صَلَّى اللهُ عَلَيْهِ وَسَلَّمَ سَهْلَةَ بِنْتَ سُهَيْلٍ إِلَّا رُخْصَةً مِنْ رَسُولِ اللهِ صَلَّى اللهُ عَلَيْهِ وَسَلَّمَ فِي رَضَاعَةِ سَالِمٍ وَحْدَهُ لَا وَاللهِ لَا يَدْخُلُ عَلَيْنَا بِهَذِهِ الرَّضَاعَةِ أَحَدٌ فَعَلَى هَذَا كَانَ أَزْوَاجُ النَّبِيِّ صَلَّى اللهُ عَلَيْهِ وَسَلَّمَ فِي رَضَاعَةِ الْكَبِيْرِ.",
        "ar_diacless": "حدثني يحيى عن مالك عن ابن شهاب أنه سئل عن رضاعة الكبير فقال أخبرني عروة بن الزبير أن أبا حذيفة بن عتبة بن ربيعة وكان من أصحاب رسول الله صلى الله عليه وسلم وكان قد شهد بدرا وكان تبنى سالما الذي يقال له سالم مولى أبي حذيفة كما تبنى رسول الله صلى الله عليه وسلم زيد بن حارثة وأنكح أبو حذيفة سالما وهو يرى أنه ابنه أنكحه بنت أخيه فاطمة بنت الوليد بن عتبة بن ربيعة وهي يومئذ من المهاجرات الأول وهي من أفضل أيامى قريش فلما أنزل الله تعالى في كتابه في زيد بن حارثة ما أنزل فقال: { ادعوهم لآبائهم هو أقسط عند الله فإن لم تعلموا آباءهم فإخوانكم في الدين ومواليكم }\nرد كل واحد من أولئك إلى أبيه فإن لم يعلم أبوه رد إلى مولاه فجاءت سهلة بنت سهيل وهي امرأة أبي حذيفة وهي من بني عامر بن لؤي إلى رسول الله صلى الله عليه وسلم فقالت يا\nرسول الله كنا نرى سالما ولدا وكان يدخل علي وأنا فضل وليس لنا إلا بيت واحد فماذا ترى في شأنه فقال لها رسول الله صلى الله عليه وسلم أرضعيه خمس رضعات فيحرم بلبنها وكانت تراه ابنا من الرضاعة فأخذت بذلك عائشة أم المؤمنين فيمن كانت تحب أن يدخل عليها من الرجال فكانت تأمر أختها أم كلثوم بنت أبي بكر الصديق وبنات أخيها أن يرضعن من أحبت أن يدخل عليها من الرجال وأبى سائر أزواج النبي صلى الله عليه وسلم أن يدخل عليهن بتلك الرضاعة أحد من الناس وقلن لا والله ما نرى الذي أمر به رسول الله صلى الله عليه وسلم سهلة بنت سهيل إلا رخصة من رسول الله صلى الله عليه وسلم في رضاعة سالم وحده لا والله لا يدخل علينا بهذه الرضاعة أحد فعلى هذا كان أزواج النبي صلى الله عليه وسلم في رضاعة الكبير.",
        "note": "",
        "grade_id": 2,
        "grade": "সহিহ হাদিস",
        "grade_color": "#46B891"
      },
      {
        "id": 50349,
        "book_id": 7,
        "book_name": "মুয়াত্তা ইমাম মালিক",
        "chapter_id": 30,
        "section_id": 2,
        "hadith_key": "মুয়াত্তা ইমাম মালিক: ১২৬১",
        "hadith_id": 1261,
        "narrator": "আবদুল্লাহ্ ইবন দীনার (র)",
        "bn": "তিনি বলেছেন :  বয়স্কদের দুধ পানের বিষয়ে প্রশ্ন করার জন্য “দারুল কাযা” বিচারালয় ইহা ছিল উমার ফারূক (রা)-এর ঘর, তাঁর শাহাদাতের পর তাঁর ঋণ পরিশোধ করার জন্য এই ঘর বিক্রি করা হয়, তাই একে দারুল কাযা বলা হয়)-এর নিকট এক ব্যক্তি আসল। আবদুল্লাহ্ ইবন উমার (রা)-এর কাছে তখন আমি উপস্থিত ছিলাম। আবদুল্লাহ্ ইব্নু ‘উমার (রা) বললেন : এক ব্যক্তি ‘উমার ইবন খাত্তাব (রা)-এর নিকট এসে বললেন, আমার এক দাসী ছিল। আমি তার সাথে সঙ্গম করতাম  আমার স্ত্রী ইচ্ছাপূর্বক তাকে দুধ খাওয়াইয়া দেয়, তারপর আমি সেই দাসীর নিকট (সঙ্গমের উদ্দেশ্যে) প্রবেশ করলাম। আমার স্ত্রী বলল থাম। উহার সাথে সংগত হইও না আল্লাহ্‌র কসম, আমি উহাকে দুধ পান করাইয়াছি। উমার (রা) বললেন, তোমার স্ত্রীকে শাস্তি দাও, তারপর দাসীর নিকট গমন কর, দুধ পান করানো ছোটদের বেলায় গ্রহণযোগ্য হয়ে থাকে। (হাদীসটি ইমাম মালিক এককভাবে বর্ণনা করেছেন)",
        "ar": "و حَدَّثَنِي عَنْ مَالِك عَنْ عَبْدِ اللهِ بْنِ دِينَارٍ أَنَّهُ قَالَ جَاءَ رَجُلٌ إِلَى عَبْدِ اللهِ بْنِ عُمَرَ وَأَنَا مَعَهُ عِنْدَ دَارِ الْقَضَاءِ يَسْأَلُهُ عَنْ رَضَاعَةِ الْكَبِيرِ فَقَالَ عَبْدُ اللهِ بْنُ عُمَرَ جَاءَ رَجُلٌ إِلَى عُمَرَ بْنِ الْخَطَّابِ فَقَالَ إِنِّي كَانَتْ لِي وَلِيدَةٌ وَكُنْتُ أَطَؤُهَا فَعَمَدَتْ امْرَأَتِي إِلَيْهَا فَأَرْضَعَتْهَا فَدَخَلْتُ عَلَيْهَا فَقَالَتْ دُونَكَ فَقَدْ وَاللهِ أَرْضَعْتُهَا فَقَالَ عُمَرُ أَوْجِعْهَا وَأْتِ جَارِيَتَكَ فَإِنَّمَا الرَّضَاعَةُ رَضَاعَةُ الصَّغِيْرِ.",
        "ar_diacless": "و حدثني عن مالك عن عبد الله بن دينار أنه قال جاء رجل إلى عبد الله بن عمر وأنا معه عند دار القضاء يسأله عن رضاعة الكبير فقال عبد الله بن عمر جاء رجل إلى عمر بن الخطاب فقال إني كانت لي وليدة وكنت أطؤها فعمدت امرأتي إليها فأرضعتها فدخلت عليها فقالت دونك فقد والله أرضعتها فقال عمر أوجعها وأت جاريتك فإنما الرضاعة رضاعة الصغير.",
        "note": "",
        "grade_id": 6,
        "grade": "অন্যান্য",
        "grade_color": "#4A85CE"
      },
      {
        "id": 50348,
        "book_id": 7,
        "book_name": "মুয়াত্তা ইমাম মালিক",
        "chapter_id": 30,
        "section_id": 2,
        "hadith_key": "মুয়াত্তা ইমাম মালিক: ১২৬২",
        "hadith_id": 1262,
        "narrator": "ইয়াহইয়া ইবন সা‘ঈদ (র)",
        "bn": "এক ব্যক্তি আবূ মূসা আশ’আরী (রা)-কে প্রশ্ন করলেন, আমি আমার স্ত্রীর স্তন চুষেছি, দুধ আমার ভিতরে প্রবেশ করেছে। আবূ মূসা আশ’আরী (রা) বললেন আমি মনে করি, তোমার স্ত্রী তোমার উপর হারাম হয়েছে। ‘আবদুল্লাহ্ ইবন মাস’ঊদ (রা) বললেন : ভেবে দেখুন এই ব্যক্তি কে, কি ফতোয়া দিচ্ছেন? আবূ মূসা বললেন : তবে আপনি কি বলেন? আবদুল্লাহ্ ইব্নু মাসঊদ (রা) বললেন : দুধ খাওয়া দুই বৎসরের ভিতরেই হয়, অতঃপর আবূ মূসা (রা) বললেন : এই ‘বিজ্ঞজন’ যতদিন তোমাদের মধ্যে আছেন তোমরা (কোন বিষয়ে) আমার কাছে ফতোয়া জিজ্ঞেস করো না। (হাদীসটি ইমাম মালিক এককভাবে বর্ণনা করেছেন)",
        "ar": "و حَدَّثَنِي عَنْ مَالِك عَنْ يَحْيَى بْنِ سَعِيدٍ أَنَّ رَجُلًا سَأَلَ أَبَا مُوسَى الْأَشْعَرِيَّ فَقَالَ: إِنِّي مَصِصْتُ عَنْ امْرَأَتِي مِنْ ثَدْيِهَا لَبَنًا فَذَهَبَ فِي بَطْنِي فَقَالَ أَبُو مُوسَى لَا أُرَاهَا إِلَّا قَدْ حَرُمَتْ عَلَيْكَ فَقَالَ عَبْدُ اللهِ بْنُ مَسْعُودٍ انْظُرْ مَاذَا تُفْتِي بِهِ الرَّجُلَ فَقَالَ أَبُو مُوسَى فَمَاذَا تَقُولُ أَنْتَ فَقَالَ عَبْدُ اللهِ بْنُ مَسْعُودٍ لَا رَضَاعَةَ إِلَّا مَا كَانَ فِي الْحَوْلَيْنِ فَقَالَ أَبُو مُوسَى لَا تَسْأَلُونِي عَنْ شَيْءٍ مَا كَانَ هَذَا الْحَبْرُ بَيْنَ أَظْهُرِكُمْ.",
        "ar_diacless": "و حدثني عن مالك عن يحيى بن سعيد أن رجلا سأل أبا موسى الأشعري فقال: إني مصصت عن امرأتي من ثديها لبنا فذهب في بطني فقال أبو موسى لا أراها إلا قد حرمت عليك فقال عبد الله بن مسعود انظر ماذا تفتي به الرجل فقال أبو موسى فماذا تقول أنت فقال عبد الله بن مسعود لا رضاعة إلا ما كان في الحولين فقال أبو موسى لا تسألوني عن شيء ما كان هذا الحبر بين أظهركم.",
        "note": "",
        "grade_id": 6,
        "grade": "অন্যান্য",
        "grade_color": "#4A85CE"
      }
    ]
  },
  {
    "id": 18749,
    "book_id": 7,
    "book_name": "muwatta-malik",
    "chapter_id": 30,
    "section_id": 3,
    "title": "দুধ পান করানোর বিবিধ বিষয়",
    "preface": "",
    "number": "পরিচ্ছেদ ৩",
    "sort_order": 3,
    "hadiths": [
      {
        "id": 50351,
        "book_id": 7,
        "book_name": "মুয়াত্তা ইমাম মালিক",
        "chapter_id": 30,
        "section_id": 3,
        "hadith_key": "মুয়াত্তা ইমাম মালিক: ১২৬৩",
        "hadith_id": 1263,
        "narrator": "উম্মুল মু’মিনীন ‘আয়িশা (রা)",
        "bn": "রসূলুল্লাহ্ সল্লাল্লাহু আলাইহি ওয়াসাল্লাম বলেছেন, হারাম হয়ে যায় দুধ পানের দ্বারা, যেমন হয় জন্মগত সম্পর্কের দ্বারা। (সহীহ, আবূ দাঊদ ২০৫৪, তিরমিযী ১১৪৭, নাসাঈ ৩৩০৩, আলবানী হাদীসটিকে সহীহ বলেছেন [সহীহ ওযায়ীফ সুনানে তিরমিযী])",
        "ar": "و حَدَّثَنِي يَحْيَى عَنْ مَالِك عَنْ عَبْدِ اللهِ بْنِ دِينَارٍ عَنْ سُلَيْمَانَ بْنِ يَسَارٍ وَعَنْ عُرْوَةَ بْنِ الزُّبَيْرِ عَنْ عَائِشَةَ أُمِّ الْمُؤْمِنِيْنَ أَنَّ رَسُولَ اللهِ صَلَّى اللهُ عَلَيْهِ وَسَلَّمَ قَالَ يَحْرُمُ مِنْ الرَّضَاعَةِ مَا يَحْرُمُ مِنْ الْوِلَادَةِ.",
        "ar_diacless": "و حدثني يحيى عن مالك عن عبد الله بن دينار عن سليمان بن يسار وعن عروة بن الزبير عن عائشة أم المؤمنين أن رسول الله صلى الله عليه وسلم قال يحرم من الرضاعة ما يحرم من الولادة.",
        "note": "",
        "grade_id": 6,
        "grade": "অন্যান্য",
        "grade_color": "#4A85CE"
      },
      {
        "id": 50352,
        "book_id": 7,
        "book_name": "মুয়াত্তা ইমাম মালিক",
        "chapter_id": 30,
        "section_id": 3,
        "hadith_key": "মুয়াত্তা ইমাম মালিক: ১২৬৪",
        "hadith_id": 1264,
        "narrator": "জদামা বিনতি ওয়াহাব আসদিয়া (রা)",
        "bn": "উম্মুল মু’মিনীন আয়িশা (রা)-কে খবর দিয়েছেন যে, তিনি রসূলুল্লাহ্ সল্লাল্লাহু আলাইহি ওয়াসাল্লামকে বলতে শুনেছেন, আমি সংকল্প করেছিলাম গীলা হতে বারণ করার, কিন্তু আমার নিকট উল্লেখ করা হয় যে, রোম ও পারস্যের লোকেরা এটা করে থাকে, তাদের সন্তানদের কোন ক্ষতি হয় না। (সহীহ, মুসলিম ১৪৪২)\nমালিক (রা) বলেন : গীলা হইতেছে শিশুকে দুধ পান করানোকালীন সময়ে স্ত্রীর সহিত স্বামীর সঙ্গম করা।",
        "ar": "و حَدَّثَنِي عَنْ مَالِك عَنْ مُحَمَّدِ بْنِ عَبْدِ الرَّحْمَنِ بْنِ نَوْفَلٍ أَنَّهُ قَالَ أَخْبَرَنِي عُرْوَةُ بْنُ الزُّبَيْرِ عَنْ عَائِشَةَ أُمِّ الْمُؤْمِنِينَ عَنْ جُدَامَةَ بِنْتِ وَهْبٍ الْأَسَدِيَّةِ أَنَّهَا أَخْبَرَتْهَا أَنَّهَا سَمِعَتْ رَسُولَ اللهِ صَلَّى اللهُ عَلَيْهِ وَسَلَّمَ يَقُولُ لَقَدْ هَمَمْتُ أَنْ أَنْهَى عَنْ الْغِيلَةِ حَتَّى ذَكَرْتُ أَنَّ الرُّومَ وَفَارِسَ يَصْنَعُونَ ذَلِكَ فَلَا يَضُرُّ أَوْلَادَهُمْ قَالَ مَالِك وَالْغِيلَةُ أَنْ يَمَسَّ الرَّجُلُ امْرَأَتَهُ وَهِيَ تُرْضِعُ.",
        "ar_diacless": "و حدثني عن مالك عن محمد بن عبد الرحمن بن نوفل أنه قال أخبرني عروة بن الزبير عن عائشة أم المؤمنين عن جدامة بنت وهب الأسدية أنها أخبرتها أنها سمعت رسول الله صلى الله عليه وسلم يقول لقد هممت أن أنهى عن الغيلة حتى ذكرت أن الروم وفارس يصنعون ذلك فلا يضر أولادهم قال مالك والغيلة أن يمس الرجل امرأته وهي ترضع.",
        "note": "",
        "grade_id": 6,
        "grade": "অন্যান্য",
        "grade_color": "#4A85CE"
      },
      {
        "id": 50353,
        "book_id": 7,
        "book_name": "মুয়াত্তা ইমাম মালিক",
        "chapter_id": 30,
        "section_id": 3,
        "hadith_key": "মুয়াত্তা ইমাম মালিক: ১২৬৫",
        "hadith_id": 1265,
        "narrator": "আমরা বিনত আবদির রহমান (র)",
        "bn": "নবী করীম (স)-এর পত্নী আয়িশা (রা) বলেছেন : কুরআনে যা অবতীর্ণ হয়েছিল তাতে দশবার দুধ চোষার কথা নির্ধারিত ছিল, যা হারাম করবে, তারপর উহা রহিত হইয়া যায় নির্ধারিত পাঁচবার দুগ্ধ চোষার (অবতীর্ণ হুকুমের) দ্বারা। অতঃপর রসূলুল্লাহ্ সল্লাল্লাহু আলাইহি ওয়াসাল্লাম-এর ওফাত হয় তখনও সেই পাঁচবার দুধ চোষার (হুকুমের অংশ) সম্মিলিত আয়াত তিলাওয়াত করা হত। [১] (সহীহ, মুসলিম ১৪৫২)\nমালিক (র) বলেন, এর উপর আমল নাই। অর্থাৎ পাঁচবারের উপর আমল নাই। দুগ্ধ পান অল্প হোক বা বেশি হোক বিবাহ সম্পর্ক হারাম করবে।",
        "ar": "و حَدَّثَنِي عَنْ مَالِك عَنْ عَبْدِ اللهِ بْنِ أَبِي بَكْرِ بْنِ حَزْمٍ عَنْ عَمْرَةَ بِنْتِ عَبْدِ الرَّحْمَنِ عَنْ عَائِشَةَ زَوْجِ النَّبِيِّ صَلَّى اللهُ عَلَيْهِ وَسَلَّمَ أَنَّهَا قَالَتْ كَانَ فِيمَا أُنْزِلَ مِنْ الْقُرْآنِ عَشْرُ رَضَعَاتٍ مَعْلُومَاتٍ يُحَرِّمْنَ ثُمَّ نُسِخْنَ بِخَمْسٍ مَعْلُومَاتٍ فَتُوُفِّيَ رَسُولُ اللهِ صَلَّى اللهُ عَلَيْهِ وَسَلَّمَ وَهُوَ فِيمَا يُقْرَأُ مِنْ الْقُرْآنِ قَالَ يَحْيَى قَالَ مَالِك وَلَيْسَ عَلَى هَذَا الْعَمَلُ.",
        "ar_diacless": "و حدثني عن مالك عن عبد الله بن أبي بكر بن حزم عن عمرة بنت عبد الرحمن عن عائشة زوج النبي صلى الله عليه وسلم أنها قالت كان فيما أنزل من القرآن عشر رضعات معلومات يحرمن ثم نسخن بخمس معلومات فتوفي رسول الله صلى الله عليه وسلم وهو فيما يقرأ من القرآن قال يحيى قال مالك وليس على هذا العمل.",
        "note": "[১] রসূলুল্লাহ সল্লাল্লাহু আলাইহি ওয়াসাল্লাম-এর শেষ যুগে পাঁচবারের অংশের আয়াত তিলাওয়াত রহিত হয়ে যায়, কিন্তু কেউ কেউ উহার সংবাদ অবহিত হয়নি।",
        "grade_id": 2,
        "grade": "সহিহ হাদিস",
        "grade_color": "#46B891"
      }
    ]
  }
]