[
  {
    "id": 18164,
    "book_id": 7,
    "book_name": "muwatta-malik",
    "chapter_id": 8,
    "section_id": 1,
    "title": "একা একা নামায আদায়ের তুলনায় জামা’আতে নামায আদায়ের ফযীলত",
    "preface": "",
    "number": "পরিচ্ছেদঃ ১",
    "sort_order": 1,
    "hadiths": [
      {
        "id": 49814,
        "book_id": 7,
        "book_name": "মুয়াত্তা ইমাম মালিক",
        "chapter_id": 8,
        "section_id": 1,
        "hadith_key": "মুয়াত্তা ইমাম মালিক: ২৮০",
        "hadith_id": 280,
        "narrator": "রসূলুল্লাহ সল্লাল্লাহু আলাইহি ওয়াসাল্লাম",
        "bn": "একা নামায আদায় অপেক্ষা জামা’আতে নামায আদায় করায় সাতাইশ গুণ ফযীলত বেশি। (বুখারী ৬৪৫, মুসলিম ৬৫০)",
        "ar": "حَدَّثَنِي يَحْيَى عَنْ مَالِك عَنْ نَافِعٍ عَنْ عَبْدِ اللهِ بْنِ عُمَرَ أَنَّ رَسُولَ اللهِ صَلَّى اللهُ عَلَيْهِ وَسَلَّمَ قَالَ صَلَاةُ الْجَمَاعَةِ تَفْضُلُ صَلَاةَ الْفَذِّ بِسَبْعٍ وَعِشْرِينَ دَرَجَةً.",
        "ar_diacless": "حدثني يحيى عن مالك عن نافع عن عبد الله بن عمر أن رسول الله صلى الله عليه وسلم قال صلاة الجماعة تفضل صلاة الفذ بسبع وعشرين درجة.",
        "note": "",
        "grade_id": 2,
        "grade": "সহিহ হাদিস",
        "grade_color": "#46B891"
      },
      {
        "id": 49815,
        "book_id": 7,
        "book_name": "মুয়াত্তা ইমাম মালিক",
        "chapter_id": 8,
        "section_id": 1,
        "hadith_key": "মুয়াত্তা ইমাম মালিক: ২৮১",
        "hadith_id": 281,
        "narrator": "রসূলুল্লাহ সল্লাল্লাহু আলাইহি ওয়াসাল্লাম",
        "bn": "তোমাদের একজনের একা একা নামায আদায় হতে জামা’আতে নামায আদায় করা পঁচিশ গুণ উত্তম। (বুখারী ৬৪৮, মুসলিম ৬৪৯)",
        "ar": "و حَدَّثَنِي عَنْ مَالِك عَنْ ابْنِ شِهَابٍ عَنْ سَعِيدِ بْنِ الْمُسَيَّبِ عَنْ أَبِي هُرَيْرَةَ أَنَّ رَسُولَ اللهِ صَلَّى اللهُ عَلَيْهِ وَسَلَّمَ قَالَ صَلَاةُ الْجَمَاعَةِ أَفْضَلُ مِنْ صَلَاةِ أَحَدِكُمْ وَحْدَهُ بِخَمْسَةٍ وَعِشْرِينَ جُزْءًا.",
        "ar_diacless": "و حدثني عن مالك عن ابن شهاب عن سعيد بن المسيب عن أبي هريرة أن رسول الله صلى الله عليه وسلم قال صلاة الجماعة أفضل من صلاة أحدكم وحده بخمسة وعشرين جزءا.",
        "note": "",
        "grade_id": 2,
        "grade": "সহিহ হাদিস",
        "grade_color": "#46B891"
      },
      {
        "id": 49817,
        "book_id": 7,
        "book_name": "মুয়াত্তা ইমাম মালিক",
        "chapter_id": 8,
        "section_id": 1,
        "hadith_key": "মুয়াত্তা ইমাম মালিক: ২৮২",
        "hadith_id": 282,
        "narrator": "রসূলুল্লাহ সল্লাল্লাহু আলাইহি ওয়াসাল্লাম",
        "bn": "আমি মনস্থ করেছি কিছু কাঠ যোগাড় করার নির্দেশ প্রদান করি। তারপর নামাযের জন্য আযান বলার হুকুম করি। তারপর নামাযের জন্য আযান দেওয়া হোক। পরে কোন একজনকে (নামাযে) ইমামতি করার জন্য ঠিক করে দেই। তারপর যেসব লোক নামাযের জন্য বের হয়নি তাদের কাছে যাই ও তাদের ঘরে আগুন ধরিয়ে দেই। আল্লাহর কসম, যাঁর হাতে আমার প্রাণ, যদি তাদের এক ব্যক্তি জানতে পারত যে, ভাল মোটা হাড্ডি জুটিবে অথবা দুটি ভাল ক্ষুর পাবে তবে সে অবশ্য ইশার নামাযে হাজির হত। (বুখারী ৬৪৪, মুসলিম ৬৫১)",
        "ar": "و حَدَّثَنِي عَنْ مَالِك عَنْ أَبِي الزِّنَادِ عَنْ الْأَعْرَجِ عَنْ أَبِي هُرَيْرَةَ أَنَّ رَسُولَ اللهِ صَلَّى اللهُ عَلَيْهِ وَسَلَّمَ قَالَ وَالَّذِي نَفْسِي بِيَدِهِ لَقَدْ هَمَمْتُ أَنْ آمُرَ بِحَطَبٍ فَيُحْطَبَ ثُمَّ آمُرَ بِالصَّلَاةِ فَيُؤَذَّنَ لَهَا ثُمَّ آمُرَ رَجُلًا فَيَؤُمَّ النَّاسَ ثُمَّ أُخَالِفَ إِلَى رِجَالٍ فَأُحَرِّقَ عَلَيْهِمْ بُيُوتَهُمْ وَالَّذِي نَفْسِي بِيَدِهِ لَوْ يَعْلَمُ أَحَدُهُمْ أَنَّهُ يَجِدُ عَظْمًا سَمِينًا أَوْ مِرْمَاتَيْنِ حَسَنَتَيْنِ لَشَهِدَ الْعِشَاءَ.",
        "ar_diacless": "و حدثني عن مالك عن أبي الزناد عن الأعرج عن أبي هريرة أن رسول الله صلى الله عليه وسلم قال والذي نفسي بيده لقد هممت أن آمر بحطب فيحطب ثم آمر بالصلاة فيؤذن لها ثم آمر رجلا فيؤم الناس ثم أخالف إلى رجال فأحرق عليهم بيوتهم والذي نفسي بيده لو يعلم أحدهم أنه يجد عظما سمينا أو مرماتين حسنتين لشهد العشاء.",
        "note": "",
        "grade_id": 2,
        "grade": "সহিহ হাদিস",
        "grade_color": "#46B891"
      },
      {
        "id": 49816,
        "book_id": 7,
        "book_name": "মুয়াত্তা ইমাম মালিক",
        "chapter_id": 8,
        "section_id": 1,
        "hadith_key": "মুয়াত্তা ইমাম মালিক: ২৮৩",
        "hadith_id": 283,
        "narrator": "যায়দ ইবনু সাবিত (রাঃ)",
        "bn": "নামাযের মধ্যে তোমাদের গৃহের নামাযই উত্তম, কেবল ফরয নামায ব্যতীত। (বুখারী ৭৩১, মুসলিম ৭৮১)",
        "ar": "و حَدَّثَنِي عَنْ مَالِك عَنْ أَبِي النَّضْرِ مَوْلَى عُمَرَ بْنِ عُبَيْدِ اللهِ عَنْ بُسْرِ بْنِ سَعِيدٍ أَنَّ زَيْدَ بْنَ ثَابِتٍ قَالَ أَفْضَلُ الصَّلَاةِ صَلَاتُكُمْ فِي بُيُوتِكُمْ إِلَّا صَلَاةَ الْمَكْتُوبَةِ.",
        "ar_diacless": "و حدثني عن مالك عن أبي النضر مولى عمر بن عبيد الله عن بسر بن سعيد أن زيد بن ثابت قال أفضل الصلاة صلاتكم في بيوتكم إلا صلاة المكتوبة.",
        "note": "",
        "grade_id": 2,
        "grade": "সহিহ হাদিস",
        "grade_color": "#46B891"
      }
    ]
  },
  {
    "id": 18173,
    "book_id": 7,
    "book_name": "muwatta-malik",
    "chapter_id": 8,
    "section_id": 10,
    "title": "মেয়েদের জন্য জামা ও ওড়না পরিধান করে নামায আদায়ের অনুমতি",
    "preface": "",
    "number": "পরিচ্ছেদঃ ১০",
    "sort_order": 10,
    "hadiths": [
      {
        "id": 49850,
        "book_id": 7,
        "book_name": "মুয়াত্তা ইমাম মালিক",
        "chapter_id": 8,
        "section_id": 10,
        "hadith_key": "মুয়াত্তা ইমাম মালিক: ৩১৪",
        "hadith_id": 314,
        "narrator": "মালিক (র)",
        "bn": "নাবী সল্লাল্লাহু আলাইহি ওয়াসাল্লাম-এর সহধর্মিণী আয়েশা (রাঃ) কামিজ ও সরবন্দ পরিধান করে নামায আদায় করতেন। (হাদীসটি ইমাম মালিক এককভাবে বর্ণনা করেছেন)",
        "ar": "حَدَّثَنِي يَحْيَى عَنْ مَالِك أَنَّهُ بَلَغَهُ أَنَّ عَائِشَةَ زَوْجَ النَّبِيِّ صَلَّى اللهُ عَلَيْهِ وَسَلَّمَ كَانَتْ تُصَلِّي فِي الدِّرْعِ وَالْخِمَارِ.",
        "ar_diacless": "حدثني يحيى عن مالك أنه بلغه أن عائشة زوج النبي صلى الله عليه وسلم كانت تصلي في الدرع والخمار.",
        "note": "",
        "grade_id": 1,
        "grade": "নির্ণীত নয়",
        "grade_color": "#F0AD4E"
      },
      {
        "id": 49853,
        "book_id": 7,
        "book_name": "মুয়াত্তা ইমাম মালিক",
        "chapter_id": 8,
        "section_id": 10,
        "hadith_key": "মুয়াত্তা ইমাম মালিক: ৩১৫",
        "hadith_id": 315,
        "narrator": "মুহাম্মাদ ইবনু যায়দের মাতা (র)",
        "bn": "নাবী সল্লাল্লাহু আলাইহি ওয়াসাল্লাম-এর সহধর্মিণী উম্মে সালমা (রাঃ)-এর কাছে প্রশ্ন করেন, মেয়েরা কি কি কাপড় পরিধান করে নামায আদায় করবে? তিনি বলেছেন, যা উভয় পায়ের উপরিভাগ আবৃত করে ফেলে, এইরূপ পূর্ণ জামা ও সরবন্দ পরিধান করে নামায আদায় করবে। (যঈফ, মারফু, ইমাম আবূ দাঊদ মারফু সনদে বর্ণনা করেন ৬৩৯, আল্লামা আলবানী হাদীসটিকে যঈফ বলেছেন সহীহ ও যঈফ সুনানে আবূ দাঊদ)",
        "ar": "و حَدَّثَنِي عَنْ مَالِك عَنْ مُحَمَّدِ بْنِ زَيْدِ بْنِ قُنْفُذٍ عَنْ أُمِّهِ أَنَّهَا سَأَلَتْ أُمَّ سَلَمَةَ زَوْجَ النَّبِيِّ صَلَّى اللهُ عَلَيْهِ وَسَلَّمَ مَاذَا تُصَلِّي فِيهِ الْمَرْأَةُ مِنْ الثِّيَابِ فَقَالَتْ تُصَلِّي فِي الْخِمَارِ وَالدِّرْعِ السَّابِغِ إِذَا غَيَّبَ ظُهُورَ قَدَمَيْهَا.",
        "ar_diacless": "و حدثني عن مالك عن محمد بن زيد بن قنفذ عن أمه أنها سألت أم سلمة زوج النبي صلى الله عليه وسلم ماذا تصلي فيه المرأة من الثياب فقالت تصلي في الخمار والدرع السابغ إذا غيب ظهور قدميها.",
        "note": "",
        "grade_id": 4,
        "grade": "দুর্বল হাদিস",
        "grade_color": "#F85B24"
      },
      {
        "id": 49851,
        "book_id": 7,
        "book_name": "মুয়াত্তা ইমাম মালিক",
        "chapter_id": 8,
        "section_id": 10,
        "hadith_key": "মুয়াত্তা ইমাম মালিক: ৩১৬",
        "hadith_id": 316,
        "narrator": "মায়মূনা (রাঃ)-এর পালক সন্তান উবায়দুল্লাহ খাওলানী (র)",
        "bn": "মায়মূনা (রাঃ) জামা ও সরবন্দ পরিধান করে নামায আদায় করতেন। অথচ তাঁর গায়ে ইযার থাকত না। (হাদীসটি ইমাম মালিক (রঃ) একক ভাবে বর্ণনা করেছেন)",
        "ar": "و حَدَّثَنِي عَنْ مَالِك عَنْ الثِّقَةِ عِنْدَهُ عَنْ بُكَيْرِ بْنِ عَبْدِ اللهِ بْنِ الْأَشَجِّ عَنْ بُسْرِ بْنِ سَعِيدٍ عَنْ عُبَيْدِ اللهِ بْنِ الْأَسْوَدِ الْخَوْلَانِيِّ وَكَانَ فِي حَجْرِ مَيْمُونَةَ زَوْجِ النَّبِيِّ صَلَّى اللهُ عَلَيْهِ وَسَلَّمَ أَنَّ مَيْمُونَةَ كَانَتْ تُصَلِّي فِي الدِّرْعِ وَالْخِمَارِ لَيْسَ عَلَيْهَا إِزَارٌ.",
        "ar_diacless": "و حدثني عن مالك عن الثقة عنده عن بكير بن عبد الله بن الأشج عن بسر بن سعيد عن عبيد الله بن الأسود الخولاني وكان في حجر ميمونة زوج النبي صلى الله عليه وسلم أن ميمونة كانت تصلي في الدرع والخمار ليس عليها إزار.",
        "note": "",
        "grade_id": 1,
        "grade": "নির্ণীত নয়",
        "grade_color": "#F0AD4E"
      },
      {
        "id": 49852,
        "book_id": 7,
        "book_name": "মুয়াত্তা ইমাম মালিক",
        "chapter_id": 8,
        "section_id": 10,
        "hadith_key": "মুয়াত্তা ইমাম মালিক: ৩১৭",
        "hadith_id": 317,
        "narrator": "হিশাম ইবনু উরওয়াহ (র)",
        "bn": "তাঁর নিকট জনৈক মহিলা এই মর্মে ফতওয়া জিজ্ঞেস করল  যদি কোমরবন্দ বাঁধতে অসুবিধা হয়, তবে আমি শুধু জামা ও সরবন্দ পরিধান করেও নামায আদায় করতে পারি কি? তিনি বললেন, হ্যাঁ, যদি জামা পূর্ণাঙ্গ হয় (অর্থাৎ পা ঢেকে যায়)। (হাদীসটি ইমাম মালিক (রঃ) একক ভাবে বর্ণনা করেছেন)",
        "ar": "و حَدَّثَنِي عَنْ مَالِك عَنْ هِشَامِ بْنِ عُرْوَةَ عَنْ أَبِيهِ أَنَّ امْرَأَةً اسْتَفْتَتْهُ فَقَالَتْ إِنَّ الْمِنْطَقَ يَشُقُّ عَلَيَّ أَفَأُصَلِّي فِي دِرْعٍ وَخِمَارٍ فَقَالَ نَعَمْ إِذَا كَانَ الدِّرْعُ سَابِغًا.",
        "ar_diacless": "و حدثني عن مالك عن هشام بن عروة عن أبيه أن امرأة استفتته فقالت إن المنطق يشق علي أفأصلي في درع وخمار فقال نعم إذا كان الدرع سابغا.",
        "note": "",
        "grade_id": 1,
        "grade": "নির্ণীত নয়",
        "grade_color": "#F0AD4E"
      }
    ]
  },
  {
    "id": 18165,
    "book_id": 7,
    "book_name": "muwatta-malik",
    "chapter_id": 8,
    "section_id": 2,
    "title": "ইশা ও ফজর-এর নামায",
    "preface": "",
    "number": "পরিচ্ছেদঃ ২",
    "sort_order": 2,
    "hadiths": [
      {
        "id": 49818,
        "book_id": 7,
        "book_name": "মুয়াত্তা ইমাম মালিক",
        "chapter_id": 8,
        "section_id": 2,
        "hadith_key": "মুয়াত্তা ইমাম মালিক: ২৮৪",
        "hadith_id": 284,
        "narrator": "সাঈদ ইবনু মুসায়্যাব (র)",
        "bn": "রসূলুল্লাহ সল্লাল্লাহু আলাইহি ওয়াসাল্লাম বলেছেন, আমাদের আর মুনাফিকদের মধ্যে পার্থক্য হল ইশা ও ফজরের নামাযে উপস্থিত হওয়া। তারা ঐ দুই নামাযে উপস্থিত হতে পারে না অথবা অনুরূপ কোন বাক্য বলেছেন। (হাদীসটি ইমাম মালিক (রঃ) একক ভাবে বর্ণনা করেছেন)",
        "ar": "حَدَّثَنِي يَحْيَى عَنْ مَالِك عَنْ عَبْدِ الرَّحْمَنِ بْنِ حَرْمَلَةَ الْأَسْلَمِيِّ عَنْ سَعِيدِ بْنِ الْمُسَيَّبِ\nأَنَّ رَسُولَ اللهِ صَلَّى اللهُ عَلَيْهِ وَسَلَّمَ قَالَ بَيْنَنَا وَبَيْنَ الْمُنَافِقِينَ شُهُودُ الْعِشَاءِ وَالصُّبْحِ لَا يَسْتَطِيعُونَهُمَا أَوْ نَحْوَ هَذَا.",
        "ar_diacless": "حدثني يحيى عن مالك عن عبد الرحمن بن حرملة الأسلمي عن سعيد بن المسيب\nأن رسول الله صلى الله عليه وسلم قال بيننا وبين المنافقين شهود العشاء والصبح لا يستطيعونهما أو نحو هذا.",
        "note": "",
        "grade_id": 1,
        "grade": "নির্ণীত নয়",
        "grade_color": "#F0AD4E"
      },
      {
        "id": 49819,
        "book_id": 7,
        "book_name": "মুয়াত্তা ইমাম মালিক",
        "chapter_id": 8,
        "section_id": 2,
        "hadith_key": "মুয়াত্তা ইমাম মালিক: ২৮৫",
        "hadith_id": 285,
        "narrator": "আবূ হুরাইরা (রাঃ)",
        "bn": "এক ব্যক্তি যখন কোন পথ দিয়ে যাচ্ছিল, তখন রাস্তায় কাঁটাযুক্ত (বৃক্ষের) শাখা দেখতে পেয়ে সে তা তুলে ফেলল। আল্লাহ তা’আলা তার এই কাজটি গ্রহণ করলেন এবং তার গুনাহ মাফ করে দিলেন। [রসূলুল্লাহ সল্লাল্লাহু আলাইহি ওয়াসাল্লাম] আরও বলেছেন, শহীদ পাঁচ প্রকার  (১) প্লেগাক্রান্ত (বা মহামারীতে মৃত), (২) পেটের পীড়ায় মৃত, (৩) যে পানিতে ডুবে মারা গিয়েছে, (৪) ভূমিকম্পে কিছু চাপা পড়ে যার মৃত্যু হয়েছে এবং (৫) আল্লাহর পথে যে ব্যক্তি শহীদ হয়েছেন। (বুখারী ৬৫২, মুসলিম ৪৩৭)",
        "ar": "و حَدَّثَنِي عَنْ مَالِك عَنْ سُمَيٍّ مَوْلَى أَبِي بَكْرِ بْنِ عَبْدِ الرَّحْمَنِ عَنْ أَبِي صَالِحٍ عَنْ أَبِي هُرَيْرَةَ أَنَّ رَسُولَ اللهِ صَلَّى اللهُ عَلَيْهِ وَسَلَّمَ قَالَ بَيْنَمَا رَجُلٌ يَمْشِي بِطَرِيقٍ إِذْ وَجَدَ غُصْنَ شَوْكٍ عَلَى الطَّرِيقِ فَأَخَّرَهُ فَشَكَرَ اللهُ لَهُ فَغَفَرَ لَهُ وَقَالَ الشُّهَدَاءُ خَمْسَةٌ الْمَطْعُونُ وَالْمَبْطُونُ وَالْغَرِقُ وَصَاحِبُ الْهَدْمِ وَالشَّهِيدُ فِي سَبِيلِ اللهِ. وَقَالَ : لَوْ يَعْلَمُ النَّاسُ مَا فِي النَّدَاءِ وَالصَّفِّ الأَوَّلِ ثُمَّ لَمْ يَجِدُوا إِلاَّ أَنْ يَسْتَهِمُوا عَلَيْهِ لاَسْتَهَمُوا, وَلَوْ يَعْلَمُونَ مَا فِي التَّهْجِيرِ لاَ سْتَبَقُوا إِلَيْهِ, وَلَوْ يَعْلَمُونَ مَا فِي الْعَتَمَةِ وَالصُّبْحِ لأَتَوْهُمَا وَلَوْ حَبْوًا .",
        "ar_diacless": "و حدثني عن مالك عن سمي مولى أبي بكر بن عبد الرحمن عن أبي صالح عن أبي هريرة أن رسول الله صلى الله عليه وسلم قال بينما رجل يمشي بطريق إذ وجد غصن شوك على الطريق فأخره فشكر الله له فغفر له وقال الشهداء خمسة المطعون والمبطون والغرق وصاحب الهدم والشهيد في سبيل الله. وقال : لو يعلم الناس ما في النداء والصف الأول ثم لم يجدوا إلا أن يستهموا عليه لاستهموا, ولو يعلمون ما في التهجير لا ستبقوا إليه, ولو يعلمون ما في العتمة والصبح لأتوهما ولو حبوا .",
        "note": "",
        "grade_id": 2,
        "grade": "সহিহ হাদিস",
        "grade_color": "#46B891"
      },
      {
        "id": 49820,
        "book_id": 7,
        "book_name": "মুয়াত্তা ইমাম মালিক",
        "chapter_id": 8,
        "section_id": 2,
        "hadith_key": "মুয়াত্তা ইমাম মালিক: ২৮৬",
        "hadith_id": 286,
        "narrator": "আবূ বাকর ইবনু সুলায়মান ইবনু আবি হাস্মা (র)",
        "bn": "উমার ইবনু খাত্তাব (রাঃ) একদিন ইবনু উবন আবি হাসমাকে ফজরের নামাযে উপস্থিত পাননি। উমার ইবনু খাত্তাব (রাঃ) বাজারের দিকে গেলেন। আর সুলায়মানের বাসগৃহ বাজার ও মসজিদের মাঝপথে অবস্থিত। তিনি সুলায়মানের মা ‘শিফা’-এর কাছে গেলেন। তারপর তাঁকে বললেন, আমি ফজরের নামাযে সুলায়মানকে দেখলাম না যে? তিনি (উত্তরে) বললেন, সে রাত্রে জেগে থেকে নামায আদায় করেছিল, পরে ঘুমিয়ে পড়েছে। (এটা শুনে) উমার (রাঃ) বললেন, ফজরের নামাযের জামা’আতে হাজির হওয়া আমার কাছে সারারাত (নফল) নামায আদায় হতে পছন্দনীয়। (হাদীসটি ইমাম মালিক (রঃ) একক ভাবে বর্ণনা করেছেন)\nআবদুর রহমান ইবনু আবি আমরাহ আনসারী (র) হতে বর্ণিত; উসমান ইবনু আফফান (রাঃ) একবার ইশার নামাযে এলেন এবং মসজিদে অল্প মুসল্লি দেখতে পেলেন। তারপর তিনি অধিক লোক আসার অপেক্ষায় মসজিদের শেষভাগে শুলেন। অতঃপর তাঁর নিকট ইবনু আবি আমরা এলেন এবং তাঁর কাছে বসলেন। তিনি জানতে চাইলেন  তুমি কে? তিনি পরিচয় দিলেন। আবার তিনি জিজ্ঞাসা করলেন  তুমি কি পরিমাণ কুরআন কণ্ঠস্থ করেছ? তিনি তা জানালেন। তারপর উসমান (রাঃ) বললেন, যে ব্যক্তি ইশার নামাযে উপস্থিত হয়, সে যেন অর্ধরাত্র নামায আদায় করল, আর যে ফজরের নামায আদায় করল সে যেন পূর্ণ রাত্রি নামায আদায় করল। (সহীহ, ইমাম মুসলিম মারফু সনদে বর্ণনা করেছেন ৬৫৬)",
        "ar": "و حَدَّثَنِي عَنْ مَالِك عَنْ ابْنِ شِهَابٍ عَنْ أَبِي بَكْرِ بْنِ سُلَيْمَانَ بْنِ أَبِي حَثْمَةَ أَنَّ عُمَرَ بْنَ الْخَطَّابِ فَقَدَ سُلَيْمَانَ بْنَ أَبِي حَثْمَةَ فِي صَلَاةِ الصُّبْحِ وَأَنَّ عُمَرَ بْنَ الْخَطَّابِ غَدَا إِلَى السُّوقِ وَمَسْكَنُ سُلَيْمَانَ بَيْنَ السُّوقِ وَالْمَسْجِدِ النَّبَوِيِّ فَمَرَّ عَلَى الشِّفَاءِ أُمِّ سُلَيْمَانَ فَقَالَ لَهَا لَمْ أَرَ سُلَيْمَانَ فِي الصُّبْحِ فَقَالَتْ إِنَّهُ بَاتَ يُصَلِّي فَغَلَبَتْهُ عَيْنَاهُ فَقَالَ عُمَرُ لَأَنْ أَشْهَدَ صَلَاةَ الصُّبْحِ فِي الْجَمَاعَةِ أَحَبُّ إِلَيَّ مِنْ أَنْ أَقُومَ لَيْلَةً و حَدَّثَنِي عَنْ مَالِك عَنْ يَحْيَى بْنِ سَعِيدٍ عَنْ مُحَمَّدِ بْنِ إِبْرَاهِيمَ عَنْ عَبْدِ الرَّحْمَنِ بْنِ أَبِي عَمْرَةَ الْأَنْصَارِيِّ أَنَّهُ قَالَ جَاءَ عُثْمَانُ بْنُ عَفَّانَ إِلَى صَلَاةِ الْعِشَاءِ فَرَأَى أَهْلَ الْمَسْجِدِ قَلِيلًا فَاضْطَجَعَ فِي مُؤَخَّرِ الْمَسْجِدِ يَنْتَظِرُ النَّاسَ أَنْ يَكْثُرُوا فَأَتَاهُ ابْنُ أَبِي عَمْرَةَ فَجَلَسَ إِلَيْهِ فَسَأَلَهُ مَنْ هُوَ فَأَخْبَرَهُ فَقَالَ مَا مَعَكَ مِنْ الْقُرْآنِ فَأَخْبَرَهُ فَقَالَ لَهُ عُثْمَانُ مَنْ شَهِدَ الْعِشَاءَ فَكَأَنَّمَا قَامَ نِصْفَ لَيْلَةٍ وَمَنْ شَهِدَ الصُّبْحَ فَكَأَنَّمَا قَامَ لَيْلَةً.",
        "ar_diacless": "و حدثني عن مالك عن ابن شهاب عن أبي بكر بن سليمان بن أبي حثمة أن عمر بن الخطاب فقد سليمان بن أبي حثمة في صلاة الصبح وأن عمر بن الخطاب غدا إلى السوق ومسكن سليمان بين السوق والمسجد النبوي فمر على الشفاء أم سليمان فقال لها لم أر سليمان في الصبح فقالت إنه بات يصلي فغلبته عيناه فقال عمر لأن أشهد صلاة الصبح في الجماعة أحب إلي من أن أقوم ليلة و حدثني عن مالك عن يحيى بن سعيد عن محمد بن إبراهيم عن عبد الرحمن بن أبي عمرة الأنصاري أنه قال جاء عثمان بن عفان إلى صلاة العشاء فرأى أهل المسجد قليلا فاضطجع في مؤخر المسجد ينتظر الناس أن يكثروا فأتاه ابن أبي عمرة فجلس إليه فسأله من هو فأخبره فقال ما معك من القرآن فأخبره فقال له عثمان من شهد العشاء فكأنما قام نصف ليلة ومن شهد الصبح فكأنما قام ليلة.",
        "note": "",
        "grade_id": 1,
        "grade": "নির্ণীত নয়",
        "grade_color": "#F0AD4E"
      }
    ]
  },
  {
    "id": 18166,
    "book_id": 7,
    "book_name": "muwatta-malik",
    "chapter_id": 8,
    "section_id": 3,
    "title": "ইমামের সাথে নামায পুনরায় আদায় করা",
    "preface": "",
    "number": "পরিচ্ছেদঃ ৩",
    "sort_order": 3,
    "hadiths": [
      {
        "id": 49825,
        "book_id": 7,
        "book_name": "মুয়াত্তা ইমাম মালিক",
        "chapter_id": 8,
        "section_id": 3,
        "hadith_key": "মুয়াত্তা ইমাম মালিক: ২৮৭",
        "hadith_id": 287,
        "narrator": "বুসর ইবনু মিহজান (র)",
        "bn": "তিনি রসূলুল্লাহ সল্লাল্লাহু আলাইহি ওয়াসাল্লাম-এর মজলিসে ছিলেন। তখন নামাযের আযান দেয়া হল। রসূলুল্লাহ সল্লাল্লাহু আলাইহি ওয়াসাল্লাম মজলিস হতে উঠলেন এবং নামায আদায় করলেন। (নামাযের পর) পুনরায় মজলিসে ফিরলেন। মিহজান (কিন্তু) তাঁর জায়গায় বসে রইলেন। রসূলুল্লাহ সল্লাল্লাহু আলাইহি ওয়াসাল্লাম তাঁকে প্রশ্ন করলেন  লোকের সাথে নামায আদায় করতে কোন জিনিস তোমাকে বারণ করল? তুমি কি মুসলিম নও? তিনি বললেন, হ্যাঁ, ইয়া রসূলাল্লাহ (আমি মুসলিম), তবে আমি আমার ঘরে নামায আদায় করে এসেছি। রসূলুল্লাহ সল্লাল্লাহু আলাইহি ওয়াসাল্লাম তাঁকে বললেন, তুমি নামায (ঘরে) আদায় করে থাকলেও যখন (মসজিদে) আস তখন লোকের সাথে নতুন করে নামায আদায় করবে। (সহীহ, নাসাঈ ৮৫৭, হাদীসটিকে আল্লামা আলবানী সহীহ বলেছেন আস সিলসিলা আস সহীহা, ১৩৩৭)",
        "ar": "حَدَّثَنِي يَحْيَى عَنْ مَالِك عَنْ زَيْدِ بْنِ أَسْلَمَ عَنْ رَجُلٍ مِنْ بَنِي الدِّيلِ يُقَالُ لَهُ بُسْرُ بْنُ مِحْجَنٍ عَنْ أَبِيهِ مِحْجَنٍ أَنَّهُ كَانَ فِي مَجْلِسٍ مَعَ رَسُولِ اللهِ صَلَّى اللهُ عَلَيْهِ وَسَلَّمَ فَأُذِّنَ بِالصَّلَاةِ فَقَامَ رَسُولُ اللهِ صَلَّى اللهُ عَلَيْهِ وَسَلَّمَ فَصَلَّى ثُمَّ رَجَعَ وَمِحْجَنٌ فِي مَجْلِسِهِ لَمْ يُصَلِّ مَعَهُ فَقَالَ لَهُ رَسُولُ اللهِ صَلَّى اللهُ عَلَيْهِ وَسَلَّمَ مَا مَنَعَكَ أَنْ تُصَلِّيَ مَعَ النَّاسِ أَلَسْتَ بِرَجُلٍ مُسْلِمٍ فَقَالَ بَلَى يَا رَسُولَ اللهِ وَلَكِنِّي قَدْ صَلَّيْتُ فِي أَهْلِي فَقَالَ لَهُ رَسُولُ اللهِ صَلَّى اللهُ عَلَيْهِ وَسَلَّمَ إِذَا جِئْتَ فَصَلِّ مَعَ النَّاسِ وَإِنْ كُنْتَ قَدْ صَلَّيْتَ.",
        "ar_diacless": "حدثني يحيى عن مالك عن زيد بن أسلم عن رجل من بني الديل يقال له بسر بن محجن عن أبيه محجن أنه كان في مجلس مع رسول الله صلى الله عليه وسلم فأذن بالصلاة فقام رسول الله صلى الله عليه وسلم فصلى ثم رجع ومحجن في مجلسه لم يصل معه فقال له رسول الله صلى الله عليه وسلم ما منعك أن تصلي مع الناس ألست برجل مسلم فقال بلى يا رسول الله ولكني قد صليت في أهلي فقال له رسول الله صلى الله عليه وسلم إذا جئت فصل مع الناس وإن كنت قد صليت.",
        "note": "",
        "grade_id": 2,
        "grade": "সহিহ হাদিস",
        "grade_color": "#46B891"
      },
      {
        "id": 49821,
        "book_id": 7,
        "book_name": "মুয়াত্তা ইমাম মালিক",
        "chapter_id": 8,
        "section_id": 3,
        "hadith_key": "মুয়াত্তা ইমাম মালিক: ২৮৮",
        "hadith_id": 288,
        "narrator": "নাফি’ (র)",
        "bn": "এক ব্যক্তি আবদুল্লাহ ইবনু উমার (রাঃ)-কে প্রশ্ন করল  আমি ঘরে নামায আদায় করি, যদি পরে ইমামের সাথে নামায পাই, তবে কি আমি পুনরায় তাঁর সাথে নামায আদায় করব? (জবাবে) আবদুল্লাহ ইবনু উমার (রাঃ) তাকে বললেন, হ্যাঁ। সে ব্যক্তি বলল, কোন নামাযকে আমি (ফরয) গণ্য করব? ইবনু উমার (রাঃ) বললেন, এটা কি আমার বলার বিষয়? সে হল আল্লাহর ব্যাপার, তিনি যে নামাযকে (ফরয) গণ্য করতে পারেন। (হাদীসটি ইমাম মালিক (রঃ) একক ভাবে বর্ণনা করেছেন)",
        "ar": "و حَدَّثَنِي عَنْ مَالِك عَنْ نَافِعٍ أَنَّ رَجُلًا سَأَلَ عَبْدَ اللهِ بْنَ عُمَرَ فَقَالَ إِنِّي أُصَلِّي فِي بَيْتِي ثُمَّ أُدْرِكُ الصَّلَاةَ مَعَ الْإِمَامِ أَفَأُصَلِّي مَعَهُ فَقَالَ لَهُ عَبْدُ اللهِ بْنُ عُمَرَ نَعَمْ فَقَالَ الرَّجُلُ أَيَّتَهُمَا أَجْعَلُ صَلَاتِي فَقَالَ لَهُ ابْنُ عُمَرَ أَوَ ذَلِكَ إِلَيْكَ إِنَّمَا ذَلِكَ إِلَى اللهِ يَجْعَلُ أَيَّتَهُمَا شَاءَ.",
        "ar_diacless": "و حدثني عن مالك عن نافع أن رجلا سأل عبد الله بن عمر فقال إني أصلي في بيتي ثم أدرك الصلاة مع الإمام أفأصلي معه فقال له عبد الله بن عمر نعم فقال الرجل أيتهما أجعل صلاتي فقال له ابن عمر أو ذلك إليك إنما ذلك إلى الله يجعل أيتهما شاء.",
        "note": "",
        "grade_id": 1,
        "grade": "নির্ণীত নয়",
        "grade_color": "#F0AD4E"
      },
      {
        "id": 49822,
        "book_id": 7,
        "book_name": "মুয়াত্তা ইমাম মালিক",
        "chapter_id": 8,
        "section_id": 3,
        "hadith_key": "মুয়াত্তা ইমাম মালিক: ২৮৯",
        "hadith_id": 289,
        "narrator": "ইয়াহইয়া ইবনু সাঈদ (র)",
        "bn": "জনৈক ব্যক্তি সাঈদ ইবনু মুসায়্যাব (র)-এর নিকট প্রশ্ন করলেন  আমি ঘরে নামায আদায় করি, পরে যদি মসজিদে এসে ইমামকে নামাযে পাই তবে আমি কি তাঁর সাথে নামায আদায় করব? সাঈদ (র) বললেন, হ্যাঁ। সে ব্যক্তি তাঁর নিকট জিজ্ঞেস করলেন  উভয় নামাযের কোনটিকে আমি (ফরয) নামায গণ্য করি? সাঈদ (র) তাঁকে বললেন, তা কি তুমি করবে? তা তো আল্লাহর কাজ। (হাদীসটি ইমাম মালিক (রঃ) একক ভাবে বর্ণনা করেছেন)",
        "ar": "و حَدَّثَنِي عَنْ مَالِك عَنْ يَحْيَى بْنِ سَعِيدٍ أَنَّ رَجُلًا سَأَلَ سَعِيدَ بْنَ الْمُسَيَّبِ فَقَالَ إِنِّي أُصَلِّي فِي بَيْتِي ثُمَّ آتِ الْمَسْجِدَ فَأَجِدُ الْإِمَامَ يُصَلِّي أَفَأُصَلِّي مَعَهُ فَقَالَ سَعِيدٌ نَعَمْ فَقَالَ الرَّجُلُ فَأَيُّهُمَا صَلَاتِي فَقَالَ سَعِيدٌ أَوَ أَنْتَ تَجْعَلُهُمَا إِنَّمَا ذَلِكَ إِلَى اللهِ.",
        "ar_diacless": "و حدثني عن مالك عن يحيى بن سعيد أن رجلا سأل سعيد بن المسيب فقال إني أصلي في بيتي ثم آت المسجد فأجد الإمام يصلي أفأصلي معه فقال سعيد نعم فقال الرجل فأيهما صلاتي فقال سعيد أو أنت تجعلهما إنما ذلك إلى الله.",
        "note": "",
        "grade_id": 1,
        "grade": "নির্ণীত নয়",
        "grade_color": "#F0AD4E"
      },
      {
        "id": 49824,
        "book_id": 7,
        "book_name": "মুয়াত্তা ইমাম মালিক",
        "chapter_id": 8,
        "section_id": 3,
        "hadith_key": "মুয়াত্তা ইমাম মালিক: ২৯০",
        "hadith_id": 290,
        "narrator": "আবূ আইয়ূব আনসারী (রাঃ)",
        "bn": "আমি আমার ঘরে নামায আদায় করি, তারপর মসজিদে আসি, তখন যদি ইমামকে নামাযে পাই তবে কি আমি তাঁর সাথে নামায আদায় করব? আবূ আইয়ূব (রাঃ) বললেন, তুমি তাঁর সাথে নামায আদায় কর, কেননা যে ব্যক্তি এইরূপ করবে সে জামা’আতের সওয়াব অথবা জামা’আতের তুল্য সওয়াব পাবে। (হাদীসটি ইমাম মালিক (রঃ) একক ভাবে বর্ণনা করেছেন)",
        "ar": "و حَدَّثَنِي عَنْ مَالِك عَنْ عَفِيفٍ السَّهْمِيِّ عَنْ رَجُلٍ مِنْ بَنِي أَسَدٍ أَنَّهُ سَأَلَ أَبَا أَيُّوبَ الْأَنْصَارِيَّ فَقَالَ إِنِّي أُصَلِّي فِي بَيْتِي ثُمَّ آتِ الْمَسْجِدَ فَأَجِدُ الْإِمَامَ يُصَلِّي أَفَأُصَلِّي مَعَهُ فَقَالَ أَبُو أَيُّوبَ نَعَمْ فَصَلِّ مَعَهُ فَإِنَّ مَنْ صَنَعَ ذَلِكَ فَإِنَّ لَهُ سَهْمَ جَمْعٍ أَوْ مِثْلَ سَهْمِ جَمْعٍ.",
        "ar_diacless": "و حدثني عن مالك عن عفيف السهمي عن رجل من بني أسد أنه سأل أبا أيوب الأنصاري فقال إني أصلي في بيتي ثم آت المسجد فأجد الإمام يصلي أفأصلي معه فقال أبو أيوب نعم فصل معه فإن من صنع ذلك فإن له سهم جمع أو مثل سهم جمع.",
        "note": "",
        "grade_id": 1,
        "grade": "নির্ণীত নয়",
        "grade_color": "#F0AD4E"
      },
      {
        "id": 49823,
        "book_id": 7,
        "book_name": "মুয়াত্তা ইমাম মালিক",
        "chapter_id": 8,
        "section_id": 3,
        "hadith_key": "মুয়াত্তা ইমাম মালিক: ২৯১",
        "hadith_id": 291,
        "narrator": "নাফি’ (র)",
        "bn": "আবদুল্লাহ ইবনু উমার (রাঃ) বলেছেন, যে ব্যক্তি মাগরিব এবং ফজরের নামায আদায় করে, অতঃপর ঐ নামাযদ্বয় ইমামের সাথে পায়, তবে সে নামায (ইমামের সাথে) পুনরায় তাকে আদায় করতে হবে না। (হাদীসটি ইমাম মালিক (রঃ) একক ভাবে বর্ণনা করেছেন)\nইয়াহইয়া (র) বলেন, মালিক (র) বলেছেন, যে ব্যক্তি নামায ঘরে আদায় করেছে, তার ইমামের সাথে (পুনরায়) নামায আদায় করাতে কোন ক্ষতি নেই্ তবে মাগরিবের নামায এর ব্যতিক্রম, কারণ মাগরিবের নামায পুনরায় আদায় করলে জোড় নামায হয়ে যাবে।",
        "ar": "و حَدَّثَنِي عَنْ مَالِك عَنْ نَافِعٍ أَنَّ عَبْدَ اللهِ بْنَ عُمَرَ كَانَ يَقُولُ، مَنْ صَلَّى الْمَغْرِبَ أَوْ الصُّبْحَ ثُمَّ أَدْرَكَهُمَا مَعَ الْإِمَامِ فَلَا يَعُدْ لَهُمَا ৪৪قَالَ مَالِك وَلَا أَرَى بَأْسًا أَنْ يُصَلِّيَ مَعَ الْإِمَامِ مَنْ كَانَ قَدْ صَلَّى فِي بَيْتِهِ إِلَّا صَلَاةَ الْمَغْرِبِ فَإِنَّهُ إِذَا أَعَادَهَا كَانَتْ شَفْعًا.",
        "ar_diacless": "و حدثني عن مالك عن نافع أن عبد الله بن عمر كان يقول، من صلى المغرب أو الصبح ثم أدركهما مع الإمام فلا يعد لهما ৪৪قال مالك ولا أرى بأسا أن يصلي مع الإمام من كان قد صلى في بيته إلا صلاة المغرب فإنه إذا أعادها كانت شفعا.",
        "note": "",
        "grade_id": 1,
        "grade": "নির্ণীত নয়",
        "grade_color": "#F0AD4E"
      }
    ]
  },
  {
    "id": 18167,
    "book_id": 7,
    "book_name": "muwatta-malik",
    "chapter_id": 8,
    "section_id": 4,
    "title": "জামা’আতের নামাযে পালনীয় বিধি",
    "preface": "",
    "number": "পরিচ্ছেদঃ ৪",
    "sort_order": 4,
    "hadiths": [
      {
        "id": 49826,
        "book_id": 7,
        "book_name": "মুয়াত্তা ইমাম মালিক",
        "chapter_id": 8,
        "section_id": 4,
        "hadith_key": "মুয়াত্তা ইমাম মালিক: ২৯২",
        "hadith_id": 292,
        "narrator": "আবূ হুরায়রা (রাঃ)",
        "bn": "রসূলুল্লাহ সল্লাল্লাহু আলাইহি ওয়াসাল্লাম বলেছেন, তোমাদের কেহ (ইমাম নিযুক্ত হয়ে) লোকদের নামায আদায় করালে, সে যেন নামায সংক্ষিপ্ত আদায় করে, কেননা তাদের মধ্যে আছে রুগ্ন, দুর্বল ও বৃদ্ধ ব্যক্তি। আর কোন ব্যক্তি একা নামায আদায় করলে সে যত ইচ্ছা লম্বা করতে পারবে। (বুখারী ৭০৩, মুসলিম ৪৬৭)",
        "ar": "حَدَّثَنِي يَحْيَى عَنْ مَالِك عَنْ أَبِي الزِّنَادِ عَنْ الْأَعْرَجِ عَنْ أَبِي هُرَيْرَةَ أَنَّ رَسُولَ اللهِ صَلَّى اللهُ عَلَيْهِ وَسَلَّمَ قَالَ إِذَا صَلَّى أَحَدُكُمْ بِالنَّاسِ فَلْيُخَفِّفْ فَإِنَّ فِيهِمْ الضَّعِيفَ وَالسَّقِيمَ وَالْكَبِيرَ وَإِذَا صَلَّى أَحَدُكُمْ لِنَفْسِهِ فَلْيُطَوِّلْ مَا شَاءَ.",
        "ar_diacless": "حدثني يحيى عن مالك عن أبي الزناد عن الأعرج عن أبي هريرة أن رسول الله صلى الله عليه وسلم قال إذا صلى أحدكم بالناس فليخفف فإن فيهم الضعيف والسقيم والكبير وإذا صلى أحدكم لنفسه فليطول ما شاء.",
        "note": "",
        "grade_id": 2,
        "grade": "সহিহ হাদিস",
        "grade_color": "#46B891"
      },
      {
        "id": 49827,
        "book_id": 7,
        "book_name": "মুয়াত্তা ইমাম মালিক",
        "chapter_id": 8,
        "section_id": 4,
        "hadith_key": "মুয়াত্তা ইমাম মালিক: ২৯৩",
        "hadith_id": 293,
        "narrator": "নাফি’ (র)",
        "bn": "আমি (পাঞ্জেগানা) নামাযসমূহের কোন এক নামাযে আবদুল্লাহ্ ইবনু উমার (রাঃ)-এর পেছনে দাঁড়িয়েছিলাম। তাঁর সাথে আমি ভিন্ন আর কেহ ছিল না। তখন আবদুল্লাহ ইবনু উমার (রাঃ) পেছনে হাত বাড়িয়ে আমাকে ধরে ডান পার্শ্বে তাঁর বরাবরে দাঁড় করিয়ে দিলেন। (হাদীসটি ইমাম মালিক (রঃ) একক ভাবে বর্ণনা করেছেন)",
        "ar": "و حَدَّثَنِي عَنْ مَالِك عَنْ نَافِعٍ أَنَّهُ قَالَ قُمْتُ وَرَاءَ عَبْدِ اللهِ بْنِ عُمَرَ فِي صَلَاةٍ مِنْ الصَّلَوَاتِ وَلَيْسَ مَعَهُ أَحَدٌ غَيْرِي فَخَالَفَ عَبْدُ اللهِ بِيَدِهِ فَجَعَلَنِي حِذَاءَهُ.",
        "ar_diacless": "و حدثني عن مالك عن نافع أنه قال قمت وراء عبد الله بن عمر في صلاة من الصلوات وليس معه أحد غيري فخالف عبد الله بيده فجعلني حذاءه.",
        "note": "",
        "grade_id": 1,
        "grade": "নির্ণীত নয়",
        "grade_color": "#F0AD4E"
      },
      {
        "id": 49828,
        "book_id": 7,
        "book_name": "মুয়াত্তা ইমাম মালিক",
        "chapter_id": 8,
        "section_id": 4,
        "hadith_key": "মুয়াত্তা ইমাম মালিক: ২৯৪",
        "hadith_id": 294,
        "narrator": "ইয়াহইয়া ইবনু সাঈদ (র)",
        "bn": "এক ব্যক্তি আকিক নামক স্থানে লোকের ইমামতি করত। উমার ইবনু আবদুল আযীয (র) লোক পাঠিয়ে তাকে ইমামতি করতে নিষেধ করলেন।\nমালিক (র) বললেন, তাকে তিনি নিষেধ করেন এই কারণে যে, তার পিতার পরিচয় ছিল না। (হাদীসটি ইমাম মালিক (রঃ) একক ভাবে বর্ণনা করেছেন)",
        "ar": "و حَدَّثَنِي عَنْ مَالِك عَنْ يَحْيَى بْنِ سَعِيدٍ أَنَّ رَجُلًا كَانَ يَؤُمُّ النَّاسَ بِالْعَقِيقِ فَأَرْسَلَ إِلَيْهِ عُمَرُ بْنُ عَبْدِ الْعَزِيزِ فَنَهَاهُ قَالَ مَالِك وَإِنَّمَا نَهَاهُ لِأَنَّهُ كَانَ لَا يُعْرَفُ أَبُوهُ.",
        "ar_diacless": "و حدثني عن مالك عن يحيى بن سعيد أن رجلا كان يؤم الناس بالعقيق فأرسل إليه عمر بن عبد العزيز فنهاه قال مالك وإنما نهاه لأنه كان لا يعرف أبوه.",
        "note": "",
        "grade_id": 1,
        "grade": "নির্ণীত নয়",
        "grade_color": "#F0AD4E"
      }
    ]
  },
  {
    "id": 18168,
    "book_id": 7,
    "book_name": "muwatta-malik",
    "chapter_id": 8,
    "section_id": 5,
    "title": "ইমামের বসে নামায আদায় করা",
    "preface": "",
    "number": "পরিচ্ছেদঃ ৫",
    "sort_order": 5,
    "hadiths": [
      {
        "id": 49831,
        "book_id": 7,
        "book_name": "মুয়াত্তা ইমাম মালিক",
        "chapter_id": 8,
        "section_id": 5,
        "hadith_key": "মুয়াত্তা ইমাম মালিক: ২৯৫",
        "hadith_id": 295,
        "narrator": "আনাস ইবনু মালিক (র)",
        "bn": "রসূলুল্লাহ সল্লাল্লাহু আলাইহি ওয়াসাল্লাম এক ঘোড়ায় আরোহণ করেছিলেন। অতঃপর ঘোড়া হতে পড়ে তাঁর ডান পার্শ্বের (কিছু অংশ) ছিড়ে গিয়েছিল। ফলে (পাঞ্জেগানা) নামাযসমূহের কোন এক নামায তিনি বসে আদায় করেছেন। আমরাও তাঁর পেছনে বসে নামায আদায় করছিলাম। নামায শেষে তিনি বললেন, অনুসরণের জন্যই ইমাম নিযুক্ত করা হয়েছে। কাজেই ইমাম দাঁড়িয়ে নামায আদায় করলে তোমরাও দাঁড়িয়ে নামায আদায় কর, ইমাম রুকূতে গেলে তোমরাও রুকূতে যাও, ইমাম মাথা উঠালে তোমরাও মাথা তোল। ইমাম যখন سَمِعَ اللهُ لِمَنْ حَمِدَهُ বলেন, তোমরা বল رَبَّنَا وَلَكَ الْحَمْدُ আর ইমাম বসে নামায আদায় করলে তোমরা সকলেই বসে নামায আদায় কর। (বুখারী ৬৮৯, মুসলিম ৪১১)",
        "ar": "حَدَّثَنِي يَحْيَى عَنْ مَالِك عَنْ ابْنِ شِهَابٍ عَنْ أَنَسِ بْنِ مَالِكٍ أَنَّ رَسُولَ اللهِ صَلَّى اللهُ عَلَيْهِ وَسَلَّمَ رَكِبَ فَرَسًا فَصُرِعَ فَجُحِشَ شِقُّهُ الْأَيْمَنُ فَصَلَّى صَلَاةً مِنْ الصَّلَوَاتِ وَهُوَ قَاعِدٌ وَصَلَّيْنَا وَرَاءَهُ قُعُودًا فَلَمَّا انْصَرَفَ قَالَ إِنَّمَا جُعِلَ الْإِمَامُ لِيُؤْتَمَّ بِهِ فَإِذَا صَلَّى قَائِمًا فَصَلُّوا قِيَامًا وَإِذَا رَكَعَ فَارْكَعُوا وَإِذَا رَفَعَ فَارْفَعُوا وَإِذَا قَالَ سَمِعَ اللهُ لِمَنْ حَمِدَهُ فَقُولُوا رَبَّنَا وَلَكَ الْحَمْدُ وَإِذَا صَلَّى جَالِسًا فَصَلُّوا جُلُوسًا أَجْمَعُونَ.",
        "ar_diacless": "حدثني يحيى عن مالك عن ابن شهاب عن أنس بن مالك أن رسول الله صلى الله عليه وسلم ركب فرسا فصرع فجحش شقه الأيمن فصلى صلاة من الصلوات وهو قاعد وصلينا وراءه قعودا فلما انصرف قال إنما جعل الإمام ليؤتم به فإذا صلى قائما فصلوا قياما وإذا ركع فاركعوا وإذا رفع فارفعوا وإذا قال سمع الله لمن حمده فقولوا ربنا ولك الحمد وإذا صلى جالسا فصلوا جلوسا أجمعون.",
        "note": "",
        "grade_id": 2,
        "grade": "সহিহ হাদিস",
        "grade_color": "#46B891"
      },
      {
        "id": 49829,
        "book_id": 7,
        "book_name": "মুয়াত্তা ইমাম মালিক",
        "chapter_id": 8,
        "section_id": 5,
        "hadith_key": "মুয়াত্তা ইমাম মালিক: ২৯৬",
        "hadith_id": 296,
        "narrator": "আয়েশা (রাঃ)",
        "bn": "রালুল্লাহ সল্লাল্লাহু আলাইহি ওয়াসাল্লাম (একবার) বসে নমায আদায় করছিলেন, তাঁর পেছনে কিছু লোক দাঁড়িয়ে নামায আদায় করলেন। তিনি তাঁদের বসে আদায়ের জন্য ইশারা করলেন। যখন (নামায শেষ করে) ফিরলেন তিনি বললেন, ইমাম অবশ্য অনুসরণ করার জন্যই নিযুক্ত করা হয়েছে। তাই ইমাম রুকূ করলে তোমরাও রুকূ কর, ইমাম উঠলে তোমরাও উঠ, আর ইমাম বসে নামায আদায় করলে তোমরাও সকলে বসে নামায আদায় কর। (বুখারী ৬৮৮, মুসলিম ৪১২)",
        "ar": "و حَدَّثَنِي عَنْ مَالِك عَنْ هِشَامِ بْنِ عُرْوَةَ عَنْ أَبِيهِ عَنْ عَائِشَةَ زَوْجِ النَّبِيِّ صَلَّى اللهُ عَلَيْهِ وَسَلَّمَ أَنَّهَا قَالَتْ صَلَّى رَسُولُ اللهِ صَلَّى اللهُ عَلَيْهِ وَسَلَّمَ وَهُوَ شَاكٍ فَصَلَّى جَالِسًا وَصَلَّى وَرَاءَهُ قَوْمٌ قِيَامًا فَأَشَارَ إِلَيْهِمْ أَنْ اجْلِسُوا فَلَمَّا انْصَرَفَ قَالَ إِنَّمَا جُعِلَ الْإِمَامُ لِيُؤْتَمَّ بِهِ فَإِذَا رَكَعَ فَارْكَعُوا وَإِذَا رَفَعَ فَارْفَعُوا وَإِذَا صَلَّى جَالِسًا فَصَلُّوا جُلُوسًا.",
        "ar_diacless": "و حدثني عن مالك عن هشام بن عروة عن أبيه عن عائشة زوج النبي صلى الله عليه وسلم أنها قالت صلى رسول الله صلى الله عليه وسلم وهو شاك فصلى جالسا وصلى وراءه قوم قياما فأشار إليهم أن اجلسوا فلما انصرف قال إنما جعل الإمام ليؤتم به فإذا ركع فاركعوا وإذا رفع فارفعوا وإذا صلى جالسا فصلوا جلوسا.",
        "note": "",
        "grade_id": 2,
        "grade": "সহিহ হাদিস",
        "grade_color": "#46B891"
      },
      {
        "id": 49830,
        "book_id": 7,
        "book_name": "মুয়াত্তা ইমাম মালিক",
        "chapter_id": 8,
        "section_id": 5,
        "hadith_key": "মুয়াত্তা ইমাম মালিক: ২৯৭",
        "hadith_id": 297,
        "narrator": "উরওয়া (র)",
        "bn": "রসূলুল্লাহ সল্লাল্লাহু আলাইহি ওয়াসাল্লাম তাঁর অসুস্থাবস্থায় ঘর হতে বের হলেন এবং মসজিদে আসলেন। আবূ বাকর (রাঃ)-কে লোকের ইমামতি করতে দেখলেন, রসূলুল্লাহ সল্লাল্লাহু আলাইহি ওয়াসাল্লামকে দেখে আবূ বাকর (রাঃ) পিছু হটতে চেষ্টা করলেন, রসূলুল্লাহ সল্লাল্লাহু আলাইহি ওয়াসাল্লাম তার প্রতি ইশারা করলেন তুমি যেভাবে আছ সেভাবে থাক। অতঃপর তিনি আবূ বাকর (রাঃ)-এর পার্শ্বে বসলেন। আবূ বাকর (রাঃ) রসূলুল্লাহ সল্লাল্লাহু আলাইহি ওয়াসাল্লাম-এর নামাযকে অনুসরণ করে নামায আদায় করতেছিলেন, আর অন্য মুসল্লিগণ নামায আদায় করছিলেন আবূ বাকর (রাঃ)-এর নামাযকে অনুসরণ করে। (বুখারী ৬৮৩, মুসলিম ৪১৮)",
        "ar": "و حَدَّثَنِي عَنْ مَالِك عَنْ هِشَامِ بْنِ عُرْوَةَ عَنْ أَبِيهِ أَنَّ رَسُولَ اللهِ صَلَّى اللهُ عَلَيْهِ وَسَلَّمَ خَرَجَ فِي مَرَضِهِ فَأَتَى فَوَجَدَ أَبَا بَكْرٍ وَهُوَ قَائِمٌ يُصَلِّي بِالنَّاسِ فَاسْتَأْخَرَ أَبُو بَكْرٍ فَأَشَارَ إِلَيْهِ رَسُولُ اللهِ صَلَّى اللهُ عَلَيْهِ وَسَلَّمَ أَنْ كَمَا أَنْتَ فَجَلَسَ رَسُولُ اللهِ صَلَّى اللهُ عَلَيْهِ وَسَلَّمَ إِلَى جَنْبِ أَبِي بَكْرٍ فَكَانَ أَبُو بَكْرٍ يُصَلِّي بِصَلَاةِ رَسُولِ اللهِ صَلَّى اللهُ عَلَيْهِ وَسَلَّمَ وَهُوَ جَالِسٌ وَكَانَ النَّاسُ يُصَلُّونَ بِصَلَاةِ أَبِي بَكْرٍ.",
        "ar_diacless": "و حدثني عن مالك عن هشام بن عروة عن أبيه أن رسول الله صلى الله عليه وسلم خرج في مرضه فأتى فوجد أبا بكر وهو قائم يصلي بالناس فاستأخر أبو بكر فأشار إليه رسول الله صلى الله عليه وسلم أن كما أنت فجلس رسول الله صلى الله عليه وسلم إلى جنب أبي بكر فكان أبو بكر يصلي بصلاة رسول الله صلى الله عليه وسلم وهو جالس وكان الناس يصلون بصلاة أبي بكر.",
        "note": "",
        "grade_id": 2,
        "grade": "সহিহ হাদিস",
        "grade_color": "#46B891"
      }
    ]
  },
  {
    "id": 18169,
    "book_id": 7,
    "book_name": "muwatta-malik",
    "chapter_id": 8,
    "section_id": 6,
    "title": "বসে নামায আদায়কারীর নামাযের তুলনায় দাঁড়িয়ে নামায আদায়কারীর নামাযের ফযীলত",
    "preface": "",
    "number": "পরিচ্ছেদঃ ৬",
    "sort_order": 6,
    "hadiths": [
      {
        "id": 49832,
        "book_id": 7,
        "book_name": "মুয়াত্তা ইমাম মালিক",
        "chapter_id": 8,
        "section_id": 6,
        "hadith_key": "মুয়াত্তা ইমাম মালিক: ২৯৮",
        "hadith_id": 298,
        "narrator": "‘আস (রাঃ)",
        "bn": "রসূলুল্লাহ সল্লাল্লাহু আলাইহি ওয়াসাল্লাম বলেছেন, তোমাদের কারো নামায যা সে বসা অবস্থায় আদায় করেছে (সওয়াবের বেলায়) তার দাঁড়িয়ে আদায় কৃত নামাযের অর্ধেকের সমতুল্য। (সহীহ, মুসলিম ৭১৮)",
        "ar": "حَدَّثَنِي يَحْيَى عَنْ مَالِك عَنْ إِسْمَعِيلَ بْنِ مُحَمَّدِ بْنِ سَعْدِ بْنِ أَبِي وَقَّاصٍ عَنْ مَوْلًى لِعَمْرِو بْنِ الْعَاصِ أَوْ لِعَبْدِ اللهِ بْنِ عَمْرِو بْنِ الْعَاصِ عَنْ عَبْدِ اللهِ بْنِ عَمْرِو بْنِ الْعَاصِ أَنَّ رَسُولَ اللهِ صَلَّى اللهُ عَلَيْهِ وَسَلَّمَ قَالَ صَلَاةُ أَحَدِكُمْ وَهُوَ قَاعِدٌ مِثْلُ نِصْفِ صَلَاتِهِ وَهُوَ قَائِمٌ.",
        "ar_diacless": "حدثني يحيى عن مالك عن إسمعيل بن محمد بن سعد بن أبي وقاص عن مولى لعمرو بن العاص أو لعبد الله بن عمرو بن العاص عن عبد الله بن عمرو بن العاص أن رسول الله صلى الله عليه وسلم قال صلاة أحدكم وهو قاعد مثل نصف صلاته وهو قائم.",
        "note": "",
        "grade_id": 2,
        "grade": "সহিহ হাদিস",
        "grade_color": "#46B891"
      },
      {
        "id": 49833,
        "book_id": 7,
        "book_name": "মুয়াত্তা ইমাম মালিক",
        "chapter_id": 8,
        "section_id": 6,
        "hadith_key": "মুয়াত্তা ইমাম মালিক: ২৯৯",
        "hadith_id": 299,
        "narrator": "‘আস (রাঃ)",
        "bn": "আমরা যখন মদীনায় এলাম তখন মদীনার মহামারীরূপী প্রচণ্ড জ্বর আমাদেরও আক্রমণ করে বসল। রসূলুল্লাহ সল্লাল্লাহু আলাইহি ওয়াসাল্লাম সাহাবীদের কাছে এলেন, তখন তাঁরা (সাহাবীগণ) তাঁদের নফল নামায বসে আদায় করতেছিলেন। (এটা দেখে) তিনি ইরশাদ করলেন  বসে নামায আদায়কারীর নামায (সওয়াবের বেলায়) দাঁড়িয়ে আদায়কারীর নামাযের অর্ধেকের সমতুল্য। (হাদীসটি ইমাম মালিক (রঃ) একক ভাবে বর্ণনা করেছেন)",
        "ar": "و حَدَّثَنِي عَنْ مَالِك عَنْ ابْنِ شِهَابٍ عَنْ عَبْدِ اللهِ بْنِ عَمْرِو بْنِ الْعَاصِ أَنَّهُ قَالَ لَمَّا قَدِمْنَا الْمَدِينَةَ نَالَنَا وَبَاءٌ مِنْ وَعْكِهَا شَدِيدٌ فَخَرَجَ رَسُولُ اللهِ صَلَّى اللهُ عَلَيْهِ وَسَلَّمَ عَلَى النَّاسِ وَهُمْ يُصَلُّونَ فِي سُبْحَتِهِمْ قُعُودًا فَقَالَ رَسُولُ اللهِ صَلَّى اللهُ عَلَيْهِ وَسَلَّمَ صَلَاةُ الْقَاعِدِ مِثْلُ نِصْفِ صَلَاةِ الْقَائِمِ.",
        "ar_diacless": "و حدثني عن مالك عن ابن شهاب عن عبد الله بن عمرو بن العاص أنه قال لما قدمنا المدينة نالنا وباء من وعكها شديد فخرج رسول الله صلى الله عليه وسلم على الناس وهم يصلون في سبحتهم قعودا فقال رسول الله صلى الله عليه وسلم صلاة القاعد مثل نصف صلاة القائم.",
        "note": "",
        "grade_id": 1,
        "grade": "নির্ণীত নয়",
        "grade_color": "#F0AD4E"
      }
    ]
  },
  {
    "id": 18170,
    "book_id": 7,
    "book_name": "muwatta-malik",
    "chapter_id": 8,
    "section_id": 7,
    "title": "বসে নামায আদায়",
    "preface": "",
    "number": "পরিচ্ছেদঃ ৭",
    "sort_order": 7,
    "hadiths": [
      {
        "id": 49836,
        "book_id": 7,
        "book_name": "মুয়াত্তা ইমাম মালিক",
        "chapter_id": 8,
        "section_id": 7,
        "hadith_key": "মুয়াত্তা ইমাম মালিক: ৩০০",
        "hadith_id": 300,
        "narrator": "হাফসা (রাঃ)",
        "bn": "আমি রসূলুল্লাহ সল্লাল্লাহু আলাইহি ওয়াসাল্লামকে কখনও নফল নামায বসে আদায় করতে দেখিনি। কিন্তু তাঁর ওফাতের মাত্র এক বৎসর পূর্ব হতে তিনি নফল নামায বসে আদায় করতেন এবং তরতীবের (স্পষ্টভাবে ধীরে ধীরে পাঠ করা) সাথে সূরা তিলাওয়াত করতেন। ফলে (পঠিত) সূরা অনেক বড় মনে হত সে সূরা হতে যে সূরা (প্রকৃতপক্ষে) এ সূরা হতে লম্বা। (সহীহ, মুসলিম ৭৩৩)",
        "ar": "حَدَّثَنِي يَحْيَى عَنْ مَالِك عَنْ ابْنِ شِهَابٍ عَنْ السَّائِبِ بْنِ يَزِيدَ عَنْ الْمُطَّلِبِ بْنِ أَبِي وَدَاعَةَ السَّهْمِيِّ عَنْ حَفْصَةَ زَوْجِ النَّبِيِّ صَلَّى اللهُ عَلَيْهِ وَسَلَّمَ أَنَّهَا قَالَتْ مَا رَأَيْتُ رَسُولَ اللهِ صَلَّى اللهُ عَلَيْهِ وَسَلَّمَ صَلَّى فِي سُبْحَتِهِ قَاعِدًا قَطُّ حَتَّى كَانَ قَبْلَ وَفَاتِهِ بِعَامٍ فَكَانَ يُصَلِّي فِي سُبْحَتِهِ قَاعِدًا وَيَقْرَأُ بِالسُّورَةِ فَيُرَتِّلُهَا حَتَّى تَكُونَ أَطْوَلَ مِنْ أَطْوَلَ مِنْهَا.",
        "ar_diacless": "حدثني يحيى عن مالك عن ابن شهاب عن السائب بن يزيد عن المطلب بن أبي وداعة السهمي عن حفصة زوج النبي صلى الله عليه وسلم أنها قالت ما رأيت رسول الله صلى الله عليه وسلم صلى في سبحته قاعدا قط حتى كان قبل وفاته بعام فكان يصلي في سبحته قاعدا ويقرأ بالسورة فيرتلها حتى تكون أطول من أطول منها.",
        "note": "",
        "grade_id": 2,
        "grade": "সহিহ হাদিস",
        "grade_color": "#46B891"
      },
      {
        "id": 49838,
        "book_id": 7,
        "book_name": "মুয়াত্তা ইমাম মালিক",
        "chapter_id": 8,
        "section_id": 7,
        "hadith_key": "মুয়াত্তা ইমাম মালিক: ৩০১",
        "hadith_id": 301,
        "narrator": "আয়েশা (রাঃ)",
        "bn": "; তিনি বলেছেন, বয়স বেশি না হওয়া পর্যন্ত তিনি রসূলুল্লাহ সল্লাল্লাহু আলাইহি ওয়াসাল্লামকে রাত্রের নামায (তাহাজ্জুদ) বসে আদায় করতে দেখেননি। (বয়ঃবৃদ্ধির পর) রসূলুল্লাহ সল্লাল্লাহু আলাইহি ওয়াসাল্লাম বসে নামায আদায় করতেন। তবে যখন রুকূ করতে মনস্থ করতেন, তখন দাঁড়িয়ে যেতেন এবং তারপর অন্তত ত্রিশ-চল্লিশ আয়াত তিলাওয়াত করতেন, তারপর রুকূ করতেন। (বুখারী ১১১৮, মুসলিম ৭৩১)",
        "ar": "و حَدَّثَنِي عَنْ مَالِك عَنْ هِشَامِ بْنِ عُرْوَةَ عَنْ أَبِيهِ عَنْ عَائِشَةَ زَوْجِ النَّبِيِّ صَلَّى اللهُ عَلَيْهِ وَسَلَّمَ أَنَّهَا أَخْبَرَتْهُ أَنَّهَا لَمْ تَرَ رَسُولَ اللهِ صَلَّى اللهُ عَلَيْهِ وَسَلَّمَ يُصَلِّي صَلَاةَ اللَّيْلِ قَاعِدًا قَطُّ حَتَّى أَسَنَّ فَكَانَ يَقْرَأُ قَاعِدًا حَتَّى إِذَا أَرَادَ أَنْ يَرْكَعَ قَامَ فَقَرَأَ نَحْوًا مِنْ ثَلَاثِينَ أَوْ أَرْبَعِينَ آيَةً ثُمَّ رَكَعَ.",
        "ar_diacless": "و حدثني عن مالك عن هشام بن عروة عن أبيه عن عائشة زوج النبي صلى الله عليه وسلم أنها أخبرته أنها لم تر رسول الله صلى الله عليه وسلم يصلي صلاة الليل قاعدا قط حتى أسن فكان يقرأ قاعدا حتى إذا أراد أن يركع قام فقرأ نحوا من ثلاثين أو أربعين آية ثم ركع.",
        "note": "",
        "grade_id": 2,
        "grade": "সহিহ হাদিস",
        "grade_color": "#46B891"
      },
      {
        "id": 49837,
        "book_id": 7,
        "book_name": "মুয়াত্তা ইমাম মালিক",
        "chapter_id": 8,
        "section_id": 7,
        "hadith_key": "মুয়াত্তা ইমাম মালিক: ৩০২",
        "hadith_id": 302,
        "narrator": "আয়েশা (রাঃ)",
        "bn": "রসূলুল্লাহ সল্লাল্লাহু আলাইহি ওয়াসাল্লাম বসে নামায আদায় করতেন। তিনি বসা অবস্থায়ই কিরা’আত (কুরআন পাঠ) করতেন। যখন তাঁর ত্রিশ-চল্লিশ আয়াতের মত পড়া অবশিষ্ট থাকত তখন তিনি দাঁড়িয়ে যেতেন, তারপর দাঁড়ানো অবস্থায়ই কিরা’আত পাঠ করতেন, অতঃপর রুকূ ও সিজদা করতেন। দ্বিতীয় রাক’আতেও তিনি অনুরূপ করতেন। (বুখারী ১১১৯, মুসলিম ৭৩১)",
        "ar": "و حَدَّثَنِي عَنْ مَالِك عَنْ عَبْدِ اللهِ بْنِ يَزِيدَ الْمَدَنِيِّ وَعَنْ أَبِي النَّضْرِ عَنْ أَبِي سَلَمَةَ بْنِ عَبْدِ الرَّحْمَنِ عَنْ عَائِشَةَ زَوْجِ النَّبِيِّ صَلَّى اللهُ عَلَيْهِ وَسَلَّمَ أَنَّ رَسُولَ اللهِ صَلَّى اللهُ عَلَيْهِ وَسَلَّمَ كَانَ يُصَلِّي جَالِسًا فَيَقْرَأُ وَهُوَ جَالِسٌ فَإِذَا بَقِيَ مِنْ قِرَاءَتِهِ قَدْرُ مَا يَكُونُ ثَلَاثِينَ أَوْ أَرْبَعِينَ آيَةً قَامَ فَقَرَأَ وَهُوَ قَائِمٌ ثُمَّ رَكَعَ وَسَجَدَ ثُمَّ صَنَعَ فِي الرَّكْعَةِ الثَّانِيَةِ مِثْلَ ذَلِكَ.",
        "ar_diacless": "و حدثني عن مالك عن عبد الله بن يزيد المدني وعن أبي النضر عن أبي سلمة بن عبد الرحمن عن عائشة زوج النبي صلى الله عليه وسلم أن رسول الله صلى الله عليه وسلم كان يصلي جالسا فيقرأ وهو جالس فإذا بقي من قراءته قدر ما يكون ثلاثين أو أربعين آية قام فقرأ وهو قائم ثم ركع وسجد ثم صنع في الركعة الثانية مثل ذلك.",
        "note": "",
        "grade_id": 2,
        "grade": "সহিহ হাদিস",
        "grade_color": "#46B891"
      },
      {
        "id": 49839,
        "book_id": 7,
        "book_name": "মুয়াত্তা ইমাম মালিক",
        "chapter_id": 8,
        "section_id": 7,
        "hadith_key": "মুয়াত্তা ইমাম মালিক: ৩০৩",
        "hadith_id": 303,
        "narrator": "মালিক (র)",
        "bn": "তাঁর নিকট রেওয়ায়ত পৌঁছেছে যে, উরওয়া ইবনু যুবায়র (রাঃ) ও সাঈদ্ ইবনু মুসায়্যাব (র) তাঁরা দু’জনেই নফল নামায বসে আদায় করতেন ইহতিবা-এর অবস্থায়। (ইহতিবা হল দুই হাঁটুকে পেটের সাথে লাগিয়ে হাত দিয়ে বেড়ি করে বসা।) (হাদীসটি ইমাম মালিক (রঃ) এককভাবে বর্ণনা করেছেন)",
        "ar": "و حَدَّثَنِي عَنْ مَالِك أَنَّهُ بَلَغَهُ أَنَّ عُرْوَةَ بْنَ الزُّبَيْرِ وَسَعِيدَ بْنَ الْمُسَيَّبِ كَانَا يُصَلِّيَانِ النَّافِلَةَ وَهُمَا مُحْتَبِيَانِ.",
        "ar_diacless": "و حدثني عن مالك أنه بلغه أن عروة بن الزبير وسعيد بن المسيب كانا يصليان النافلة وهما محتبيان.",
        "note": "",
        "grade_id": 1,
        "grade": "নির্ণীত নয়",
        "grade_color": "#F0AD4E"
      }
    ]
  },
  {
    "id": 18171,
    "book_id": 7,
    "book_name": "muwatta-malik",
    "chapter_id": 8,
    "section_id": 8,
    "title": "সালাতুল বুসতা",
    "preface": "",
    "number": "পরিচ্ছেদঃ ৮",
    "sort_order": 8,
    "hadiths": [
      {
        "id": 49843,
        "book_id": 7,
        "book_name": "মুয়াত্তা ইমাম মালিক",
        "chapter_id": 8,
        "section_id": 8,
        "hadith_key": "মুয়াত্তা ইমাম মালিক: ৩০৪",
        "hadith_id": 304,
        "narrator": "আয়েশা (রাঃ)",
        "bn": "আমাকে আয়েশা (রাঃ) তাঁর জন্য একটি মুসহাফ (কুরআন শরীফ) লেখার নির্দেশ দিলেন। এটাও বললেন, যখন তুমি [১]  حَافِظُوا عَلَى الصَّلَوَاتِ وَالصَّلَاةِ الْوُسْطَى وَقُومُوا لِلَّهِ قَانِتِينَ এই আয়াতে পৌঁছাবে, তখন আমাকে জানাবে। আমি যখন উক্ত আয়াতে পৌঁছালাম তাঁকে খবর দিলাম। তিনি তারপর এভাবে লিখালেন, حَافِظُوا عَلَى الصَّلَوَاتِ وَالصَّلَاةِ الْوُسْطَى وَصَلَاةِ الْعَصْرِ وَقُومُوا لِلَّهِ قَانِتِينَ অতঃপর তিনি বললেন, আমি এটা রসূলুল্লাহ সল্লাল্লাহু আলাইহি ওয়াসাল্লাম হতে শুনেছি। (সহীহ, মুসলিম ৬২৯)",
        "ar": "حَدَّثَنِي يَحْيَى عَنْ مَالِك عَنْ زَيْدِ بْنِ أَسْلَمَ عَنْ الْقَعْقَاعِ بْنِ حَكِيمٍ عَنْ أَبِي يُونُسَ مَوْلَى عَائِشَةَ أُمِّ الْمُؤْمِنِينَ أَنَّهُ قَالَ أَمَرَتْنِي عَائِشَةُ أَنْ أَكْتُبَ لَهَا مُصْحَفًا ثُمَّ قَالَتْ إِذَا بَلَغْتَ هَذِهِ الْآيَةَ فَآذِنِّي { حَافِظُوا عَلَى الصَّلَوَاتِ وَالصَّلَاةِ الْوُسْطَى وَقُومُوا لِلَّهِ قَانِتِينَ } فَلَمَّا بَلَغْتُهَا آذَنْتُهَا فَأَمْلَتْ عَلَيَّ حَافِظُوا عَلَى الصَّلَوَاتِ وَالصَّلَاةِ الْوُسْطَى وَصَلَاةِ الْعَصْرِ وَقُومُوا لِلَّهِ قَانِتِينَ قَالَتْ عَائِشَةُ سَمِعْتُهَا مِنْ رَسُولِ اللهِ صَلَّى اللهُ عَلَيْهِ وَسَلَّمَ.",
        "ar_diacless": "حدثني يحيى عن مالك عن زيد بن أسلم عن القعقاع بن حكيم عن أبي يونس مولى عائشة أم المؤمنين أنه قال أمرتني عائشة أن أكتب لها مصحفا ثم قالت إذا بلغت هذه الآية فآذني { حافظوا على الصلوات والصلاة الوسطى وقوموا لله قانتين } فلما بلغتها آذنتها فأملت علي حافظوا على الصلوات والصلاة الوسطى وصلاة العصر وقوموا لله قانتين قالت عائشة سمعتها من رسول الله صلى الله عليه وسلم.",
        "note": "[১] তোমরা সালাতের প্রতি যত্নবান হবে। বিশেষত মধ্যবর্তী সালাতের এবং আল্লাহর উদ্দেশ্যে তোমরা বিনীতভাবে দাঁড়াবে। (সূরা: আল-বাকারাহ, ২৩৮)",
        "grade_id": 2,
        "grade": "সহিহ হাদিস",
        "grade_color": "#46B891"
      },
      {
        "id": 49841,
        "book_id": 7,
        "book_name": "মুয়াত্তা ইমাম মালিক",
        "chapter_id": 8,
        "section_id": 8,
        "hadith_key": "মুয়াত্তা ইমাম মালিক: ৩০৫",
        "hadith_id": 305,
        "narrator": "নাফি’ (র)",
        "bn": "আমি হাফসা (রাঃ)-এর জন্য মুসহাফ (কুরআন) লিখতাম, তিনি আমাকে বললেন, যখন তুমি حَافِظُوا عَلَى الصَّلَوَاتِ وَالصَّلَاةِ الْوُسْطَى وَقُومُوا لِلَّهِ قَانِتِينَ এ আয়াতে পৌঁছাও, তখন আমাকে খবর দিও। আমি ঐ আয়াতে পৌঁছালে তাঁকে জানালাম; তখন তিনি আমার দ্বারা (এইরূপ) লিখালেন \nحَافِظُوا عَلَى الصَّلَوَاتِ وَالصَّلَاةِ الْوُسْطَى وَصَلَاةِ الْعَصْرِ وَقُومُوا لِلَّهِ قَانِتِينَ.\n(হাদীসটি ইমাম মালিক (রঃ) একক ভাবে বর্ণনা করেছেন)",
        "ar": "و حَدَّثَنِي عَنْ مَالِك عَنْ زَيْدِ بْنِ أَسْلَمَ عَنْ عَمْرِو بْنِ رَافِعٍ أَنَّهُ قَالَ كُنْتُ أَكْتُبُ مُصْحَفًا لِحَفْصَةَ أُمِّ الْمُؤْمِنِينَ فَقَالَتْ إِذَا بَلَغْتَ هَذِهِ الْآيَةَ فَآذِنِّي { حَافِظُوا عَلَى الصَّلَوَاتِ وَالصَّلَاةِ الْوُسْطَى وَقُومُوا لِلَّهِ قَانِتِينَ } فَلَمَّا بَلَغْتُهَا آذَنْتُهَا فَأَمْلَتْ عَلَيَّ حَافِظُوا عَلَى الصَّلَوَاتِ وَالصَّلَاةِ الْوُسْطَى وَصَلَاةِ الْعَصْرِ وَقُومُوا لِلَّهِ قَانِتِينَ.",
        "ar_diacless": "و حدثني عن مالك عن زيد بن أسلم عن عمرو بن رافع أنه قال كنت أكتب مصحفا لحفصة أم المؤمنين فقالت إذا بلغت هذه الآية فآذني { حافظوا على الصلوات والصلاة الوسطى وقوموا لله قانتين } فلما بلغتها آذنتها فأملت علي حافظوا على الصلوات والصلاة الوسطى وصلاة العصر وقوموا لله قانتين.",
        "note": "",
        "grade_id": 1,
        "grade": "নির্ণীত নয়",
        "grade_color": "#F0AD4E"
      },
      {
        "id": 49840,
        "book_id": 7,
        "book_name": "মুয়াত্তা ইমাম মালিক",
        "chapter_id": 8,
        "section_id": 8,
        "hadith_key": "মুয়াত্তা ইমাম মালিক: ৩০৬",
        "hadith_id": 306,
        "narrator": "ইবনু ইয়ারবু মাখযুমী (র)",
        "bn": "আমি যায়দ ইবনু সাবিত (রাঃ)-কে বলতে শুনেছি, সালাতুল বুস’তা (মধ্যবর্তী নামায) হল যোহরের নামায। (হাদীসটি ইমাম মালিক (রঃ) একক ভাবে বর্ণনা করেছেন)",
        "ar": "و حَدَّثَنِي عَنْ مَالِك عَنْ دَاوُدَ بْنِ الْحُصَيْنِ عَنْ ابْنِ يَرْبُوعٍ الْمَخْزُومِيِّ أَنَّهُ قَالَ سَمِعْتُ زَيْدَ بْنَ ثَابِتٍ يَقُولُ الصَّلَاةُ الْوُسْطَى صَلَاةُ الظُّهْرِ.",
        "ar_diacless": "و حدثني عن مالك عن داود بن الحصين عن ابن يربوع المخزومي أنه قال سمعت زيد بن ثابت يقول الصلاة الوسطى صلاة الظهر.",
        "note": "",
        "grade_id": 1,
        "grade": "নির্ণীত নয়",
        "grade_color": "#F0AD4E"
      },
      {
        "id": 49842,
        "book_id": 7,
        "book_name": "মুয়াত্তা ইমাম মালিক",
        "chapter_id": 8,
        "section_id": 8,
        "hadith_key": "মুয়াত্তা ইমাম মালিক: ৩০৭",
        "hadith_id": 307,
        "narrator": "মালিক (র)",
        "bn": "তাঁর নিকট রেওয়ায়ত পৌঁছেছে যে, আলী ইবনু আবি তালিব ও আবদুল্লাহ ইবনু আব্বাস (রাঃ) তাঁরা দু’জনে বলতেন, সালাতুল বুস'তা হল ফজরের নামায।\nইয়াহইয়া (র) বললেন, মালিক (র) বলেছেন, এ বিষয়ে অন্যান্য উক্তির  মধ্যে আমার নিকট আলী ইবনু আবি তালিব ও আবদুল্লাহ ইবনু আব্বাস (র)-এর উক্তিই পছন্দনীয়। (হাদীসটি ইমাম মালিক (রঃ) একক ভাবে বর্ণনা করেছেন)",
        "ar": "و حَدَّثَنِي عَنْ مَالِك أَنَّهُ بَلَغَهُ أَنَّ عَلِيَّ بْنَ أَبِي طَالِبٍ وَعَبْدَ اللهِ بْنَ عَبَّاسٍ كَانَا يَقُولَانِ الصَّلَاةُ الْوُسْطَى صَلَاةُ الصُّبْح قَالَ مَالِك وَقَوْلُ عَلِيٍّ وَابْنِ عَبَّاسٍ أَحَبُّ مَا سَمِعْتُ إِلَيَّ فِي ذَلِكَ.",
        "ar_diacless": "و حدثني عن مالك أنه بلغه أن علي بن أبي طالب وعبد الله بن عباس كانا يقولان الصلاة الوسطى صلاة الصبح قال مالك وقول علي وابن عباس أحب ما سمعت إلي في ذلك.",
        "note": "",
        "grade_id": 1,
        "grade": "নির্ণীত নয়",
        "grade_color": "#F0AD4E"
      }
    ]
  },
  {
    "id": 18172,
    "book_id": 7,
    "book_name": "muwatta-malik",
    "chapter_id": 8,
    "section_id": 9,
    "title": "এক কাপড়ে নামায আদায়ের অনুমতি",
    "preface": "",
    "number": "পরিচ্ছেদঃ ৯",
    "sort_order": 9,
    "hadiths": [
      {
        "id": 49849,
        "book_id": 7,
        "book_name": "মুয়াত্তা ইমাম মালিক",
        "chapter_id": 8,
        "section_id": 9,
        "hadith_key": "মুয়াত্তা ইমাম মালিক: ৩০৮",
        "hadith_id": 308,
        "narrator": "উমার ইবনু আবি সালমা (রাঃ)",
        "bn": "তিনি রসূলুল্লাহ সল্লাল্লাহু আলাইহি ওয়াসাল্লামকে উম্মু সালমা (রাঃ)-এর ঘরে এক কাপড় পরিধান করে নামায আদায় করতে দেখেছেন, তিনি তখন চাদরের বাম প্রান্তকে বাম বগলের নিচের দিক দিয়ে তুলে ডান কাঁধের উপর রাখতেন এবং চাদরের ডান প্রান্তকে ডান বগলের নিচের দিকে দিয়ে তুলে বাম কাঁধের উপর রাখতেন, তাতে চাদরের দুই প্রান্ত দুই কাঁধের উপর পড়ে থাকত। (বুখারী ৩৫৬, মুসলিম ৫১৭)",
        "ar": "حَدَّثَنِي يَحْيَى عَنْ مَالِك عَنْ هِشَامِ بْنِ عُرْوَةَ عَنْ أَبِيهِ عَنْ عُمَرَ بْنِ أَبِي سَلَمَةَ أَنَّهُ رَأَى رَسُولَ اللهِ صَلَّى اللهُ عَلَيْهِ وَسَلَّمَ يُصَلِّي فِي ثَوْبٍ وَاحِدٍ مُشْتَمِلًا بِهِ فِي بَيْتِ أُمِّ سَلَمَةَ وَاضِعًا طَرَفَيْهِ عَلَى عَاتِقَيْهِ.",
        "ar_diacless": "حدثني يحيى عن مالك عن هشام بن عروة عن أبيه عن عمر بن أبي سلمة أنه رأى رسول الله صلى الله عليه وسلم يصلي في ثوب واحد مشتملا به في بيت أم سلمة واضعا طرفيه على عاتقيه.",
        "note": "",
        "grade_id": 2,
        "grade": "সহিহ হাদিস",
        "grade_color": "#46B891"
      },
      {
        "id": 49848,
        "book_id": 7,
        "book_name": "মুয়াত্তা ইমাম মালিক",
        "chapter_id": 8,
        "section_id": 9,
        "hadith_key": "মুয়াত্তা ইমাম মালিক: ৩০৯",
        "hadith_id": 309,
        "narrator": "আবূ হুরায়রা (রাঃ)",
        "bn": "জনৈক প্রশ্নকারী এক কাপড় পরিধান করে নামায আদায় করা যায় কিনা সে সম্পর্কে রসূলুল্লাহ সল্লাল্লাহু আলাইহি ওয়াসাল্লামকে প্রশ্ন  করেছিল; রসূলুল্লাহ সল্লাল্লাহু আলাইহি ওয়াসাল্লাম উত্তরে বললেন, তোমাদের প্রত্যেকের কাছে কি দু’টি করে কাপড় আছে? (বুখারী, ৩৫৮, মুসলিম ৫১৫)",
        "ar": "و حَدَّثَنِي عَنْ مَالِك عَنْ ابْنِ شِهَابٍ عَنْ سَعِيدِ بْنِ الْمُسَيَّبِ عَنْ أَبِي هُرَيْرَةَ أَنَّ سَائِلًا سَأَلَ رَسُولَ اللهِ صَلَّى اللهُ عَلَيْهِ وَسَلَّمَ عَنْ الصَّلَاةِ فِي ثَوْبٍ وَاحِدٍ فَقَالَ رَسُولُ اللهِ صَلَّى اللهُ عَلَيْهِ وَسَلَّمَ أَوَ لِكُلِّكُمْ ثَوْبَانِ.",
        "ar_diacless": "و حدثني عن مالك عن ابن شهاب عن سعيد بن المسيب عن أبي هريرة أن سائلا سأل رسول الله صلى الله عليه وسلم عن الصلاة في ثوب واحد فقال رسول الله صلى الله عليه وسلم أو لكلكم ثوبان.",
        "note": "",
        "grade_id": 2,
        "grade": "সহিহ হাদিস",
        "grade_color": "#46B891"
      },
      {
        "id": 49847,
        "book_id": 7,
        "book_name": "মুয়াত্তা ইমাম মালিক",
        "chapter_id": 8,
        "section_id": 9,
        "hadith_key": "মুয়াত্তা ইমাম মালিক: ৩১০",
        "hadith_id": 310,
        "narrator": "সাঈদ ইবনু মুসায়্যাব (র)",
        "bn": "আবূ হুরায়রা (রাঃ)-কে প্রশ্ন করা হয়েছে  কোন ব্যক্তি এক কাপড়ে নামায আদায় করতে পারে কি? তিনি (উত্তরে) বললেন, হ্যাঁ। আবার তাঁকে প্রশ্ন করা হল  আপনি কি এটা করেন? তিনি বললেন, হ্যাঁ, আমি এক কাপড় পরিধান করে নামায আদায় করি, অথচ আমার অনেক কাপড় আলনায় রাখা থাকে। (হাদীসটি ইমাম মালিক (রঃ) একক ভাবে বর্ণনা করেছেন)",
        "ar": "و حَدَّثَنِي عَنْ مَالِك عَنْ ابْنِ شِهَابٍ عَنْ سَعِيدِ بْنِ الْمُسَيَّبِ أَنَّهُ قَالَ سُئِلَ أَبُو هُرَيْرَةَ هَلْ يُصَلِّي الرَّجُلُ فِي ثَوْبٍ وَاحِدٍ فَقَالَ نَعَم فَقِيلَ لَهُ هَلْ تَفْعَلُ أَنْتَ ذَلِكَ فَقَالَ نَعَمْ إِنِّي لَأُصَلِّي فِي ثَوْبٍ وَاحِدٍ وَإِنَّ ثِيَابِي لَعَلَى الْمِشْجَبِ.",
        "ar_diacless": "و حدثني عن مالك عن ابن شهاب عن سعيد بن المسيب أنه قال سئل أبو هريرة هل يصلي الرجل في ثوب واحد فقال نعم فقيل له هل تفعل أنت ذلك فقال نعم إني لأصلي في ثوب واحد وإن ثيابي لعلى المشجب.",
        "note": "",
        "grade_id": 1,
        "grade": "নির্ণীত নয়",
        "grade_color": "#F0AD4E"
      },
      {
        "id": 49844,
        "book_id": 7,
        "book_name": "মুয়াত্তা ইমাম মালিক",
        "chapter_id": 8,
        "section_id": 9,
        "hadith_key": "মুয়াত্তা ইমাম মালিক: ৩১১",
        "hadith_id": 311,
        "narrator": "মালিক (র)",
        "bn": "তাঁর নিকট রেওয়ায়ত পৌঁছেছে যে, জাবির ইবনু আবদুল্লাহ (রাঃ) এককাপড়ে নামায আদায় করতেন। (হাদীসটি ইমাম মালিক (রঃ) একক ভাবে বর্ণনা করেছেন, অত্র হাদীসের বক্তব্য অন্যান্য সহীহ হাদীস দ্বারা প্রমাণিত।)",
        "ar": "-و حَدَّثَنِي عَنْ مَالِك أَنَّهُ بَلَغَهُ أَنَّ جَابِرَ بْنَ عَبْدِ اللهِ كَانَ يُصَلِّي فِي الثَّوْبِ الْوَاحِدِْْْْ.",
        "ar_diacless": "-و حدثني عن مالك أنه بلغه أن جابر بن عبد الله كان يصلي في الثوب الواحد.",
        "note": "",
        "grade_id": 1,
        "grade": "নির্ণীত নয়",
        "grade_color": "#F0AD4E"
      },
      {
        "id": 49845,
        "book_id": 7,
        "book_name": "মুয়াত্তা ইমাম মালিক",
        "chapter_id": 8,
        "section_id": 9,
        "hadith_key": "মুয়াত্তা ইমাম মালিক: ৩১২",
        "hadith_id": 312,
        "narrator": "রবী’আ ইবনু আবি আবদুর রহমান (র)",
        "bn": "মুহাম্মাদ ইবনু ‘আমর ইবনু হাযম একটি মাত্র কোর্তা পরিধান করে নামায আদায় করতেন। (হাদীসটি ইমাম মালিক (রঃ) একক ভাবে বর্ণনা করেছেন)",
        "ar": "و حَدَّثَنِي عَنْ مَالِك عَنْ رَبِيعَةَ بْنِ أَبِي عَبْدِ الرَّحْمَنِ أَنَّ مُحَمَّدَ بْنَ عَمْرِو بْنِ حَزْمٍ كَانَ يُصَلِّي فِي الْقَمِيصِ الْوَاحِدِْْْْ.",
        "ar_diacless": "و حدثني عن مالك عن ربيعة بن أبي عبد الرحمن أن محمد بن عمرو بن حزم كان يصلي في القميص الواحد.",
        "note": "",
        "grade_id": 1,
        "grade": "নির্ণীত নয়",
        "grade_color": "#F0AD4E"
      },
      {
        "id": 49846,
        "book_id": 7,
        "book_name": "মুয়াত্তা ইমাম মালিক",
        "chapter_id": 8,
        "section_id": 9,
        "hadith_key": "মুয়াত্তা ইমাম মালিক: ৩১৩",
        "hadith_id": 313,
        "narrator": "জাবির ইবনু আবদুল্লাহ (রাঃ)",
        "bn": "রসূলুল্লাহ সল্লাল্লাহু আলাইহি ওয়াসাল্লাম বলেছেন, দুই কাপড় যার না থাকে সে এক কাপড় পরিধান করে নামায আদায় করবে এবং উপরে নিচে মুড়ি দিয়ে নিবে। আর কাপড় ছোট হলে লুঙ্গির মত পরিধান করবে। (সহীহ, বুখারী ৩৬১)\nইয়াহইয়া (র) বলেন, মালিক (র) বলেছেন, যে ব্যক্তি এক কোর্তা পরিধান করে নামায আদায় করে, তাঁর জন্য আমার মতে এটা ভাল যে, তার উভয় গর্দানে কোন কাপড় অথবা পাগড়ির কিছু অংশ রেখে দেবে।",
        "ar": "و حَدَّثَنِي عَنْ مَالِك أَنَّهُ بَلَغَهُ عَنْ جَابِرِ بْنِ عَبْدِ اللهِ أَنَّ رَسُولَ اللهِ صَلَّى اللهُ عَلَيْهِ وَسَلَّمَ قَالَ مَنْ لَمْ يَجِدْ ثَوْبَيْنِ فَلْيُصَلِّي فِي ثَوْبٍ وَاحِدٍ مُلْتَحِفًا بِهِ فَإِنْ كَانَ الثَّوْبُ قَصِيرًا فَلْيَتَّزِرْ بِه ৪৭-قَالَ مَالِك أَحَبُّ إِلَيَّ أَنْ يَجْعَلَ الَّذِي يُصَلِّي فِي الْقَمِيصِ الْوَاحِدِ عَلَى عَاتِقَيْهِ ثَوْبًا أَوْ عِمَامَةً.",
        "ar_diacless": "و حدثني عن مالك أنه بلغه عن جابر بن عبد الله أن رسول الله صلى الله عليه وسلم قال من لم يجد ثوبين فليصلي في ثوب واحد ملتحفا به فإن كان الثوب قصيرا فليتزر به ৪৭-قال مالك أحب إلي أن يجعل الذي يصلي في القميص الواحد على عاتقيه ثوبا أو عمامة.",
        "note": "",
        "grade_id": 2,
        "grade": "সহিহ হাদিস",
        "grade_color": "#46B891"
      }
    ]
  }
]