[
  {
    "id": 18283,
    "book_id": 7,
    "book_name": "muwatta-malik",
    "chapter_id": 13,
    "section_id": 1,
    "title": "বৃষ্টি প্রার্থনার নামায",
    "preface": "",
    "number": "পরিচ্ছেদ ০১.",
    "sort_order": 1,
    "hadiths": [
      {
        "id": 49873,
        "book_id": 7,
        "book_name": "মুয়াত্তা ইমাম মালিক",
        "chapter_id": 13,
        "section_id": 1,
        "hadith_key": "মুয়াত্তা ইমাম মালিক: ৪৩৪",
        "hadith_id": 434,
        "narrator": "আববাদ ইবনু তামীম (র)",
        "bn": "আবদুল্লাহ ইবনু যায়দুল মাযনী (র)-কে আমি বলতে শুনেছি, রসূলুল্লাহ্ সল্লাল্লাহু আলাইহি ওয়াসাল্লাম একবার মুসাল্লা-র (নামাযের স্থান ইদগাহ) দিকে বের হলেন, তারপর বৃষ্টি প্রার্থনা করলেন, আর কিবলামুখী হওয়ার সময় আপন চাদর ঘুরিয়ে দিলেন। (বুখারী ১০১২, মুসলিম ৮৯৪)\nইয়াহইয়া (র) বলেন, মালিক (র)-কে প্রশ্ন করা হল, ‘সালাতুল ইসতিসকা’ সম্পর্কে; উহা কত রাক’আত? তিনি (উত্তরে) বললেন, দু’ রাক’আত; কিন্তু ইমাম খুতবা পাঠের পূর্বে নামায আরম্ভ করবেন। অতঃপর দু’ রাক’আত আদায় করবেন, তারপর দাঁড়িয়ে খুতবা প্রদান করবেন, এবং দু’আ করবেন। আর কিবলার দিকে যখন মুখ করবেন, তখন আপন চাদর ঘুরাবেন। আর উভয় রাক’আতে কিরা’আত সরবে পড়িবেন, আর যখন চাদর ঘুরাবেন, তখন ডান কাঁধের চাদরকে বাম কাঁধে এবং বাঁ কাঁধের চাদরকে ডান কাঁধে করবেন। ইমাম যখন আপন চাদর ঘুরিয়ে নিবেন। লোকজনও তাঁদের স্ব-স্ব চাদর ঘুরাবেন, আর তাঁরা কিবলামুখী হয়ে বসবেন।",
        "ar": "حَدَّثَنِي يَحْيَى عَنْ مَالِك عَنْ عَبْدِ اللهِ بْنِ أَبِي بَكْرِ بْنِ عَمْرِو بْنِ حَزْمٍ أَنَّهُ سَمِعَ عَبَّادَ بْنَ تَمِيمٍ يَقُولُ سَمِعْتُ عَبْدَ اللهِ بْنَ زَيْدٍ الْمَازِنِيَّ يَقُولُ خَرَجَ رَسُولُ اللهِ صَلَّى اللهُ عَلَيْهِ وَسَلَّمَ إِلَى الْمُصَلَّى فَاسْتَسْقَى وَحَوَّلَ رِدَاءَهُ حِينَ اسْتَقْبَلَ الْقِبْلَةَ ৬৪৭-و سُئِلَ مَالِك عَنْ صَلَاةِ الْاسْتِسْقَاءِ كَمْ هِيَ فَقَالَ رَكْعَتَانِ وَلَكِنْ يَبْدَأُ الْإِمَامُ بِالصَّلَاةِ قَبْلَ الْخُطْبَةِ فَيُصَلِّي رَكْعَتَيْنِ ثُمَّ يَخْطُبُ قَائِمًا وَيَدْعُو وَيَسْتَقْبِلُ الْقِبْلَةَ وَيُحَوِّلُ رِدَاءَهُ حِينَ يَسْتَقْبِلُ الْقِبْلَةَ وَيَجْهَرُ فِي الرَّكْعَتَيْنِ بِالْقِرَاءَةِ وَإِذَا حَوَّلَ رِدَاءَهُ جَعَلَ الَّذِي عَلَى يَمِينِهِ عَلَى شِمَالِهِ وَالَّذِي عَلَى شِمَالِهِ عَلَى يَمِينِهِ وَيُحَوِّلُ النَّاسُ أَرْدِيَتَهُمْ إِذَا حَوَّلَ الْإِمَامُ رِدَاءَهُ وَيَسْتَقْبِلُونَ الْقِبْلَةَ وَهُمْ قُعُودٌ.",
        "ar_diacless": "حدثني يحيى عن مالك عن عبد الله بن أبي بكر بن عمرو بن حزم أنه سمع عباد بن تميم يقول سمعت عبد الله بن زيد المازني يقول خرج رسول الله صلى الله عليه وسلم إلى المصلى فاستسقى وحول رداءه حين استقبل القبلة ৬৪৭-و سئل مالك عن صلاة الاستسقاء كم هي فقال ركعتان ولكن يبدأ الإمام بالصلاة قبل الخطبة فيصلي ركعتين ثم يخطب قائما ويدعو ويستقبل القبلة ويحول رداءه حين يستقبل القبلة ويجهر في الركعتين بالقراءة وإذا حول رداءه جعل الذي على يمينه على شماله والذي على شماله على يمينه ويحول الناس أرديتهم إذا حول الإمام رداءه ويستقبلون القبلة وهم قعود.",
        "note": "",
        "grade_id": 2,
        "grade": "সহিহ হাদিস",
        "grade_color": "#46B891"
      }
    ]
  },
  {
    "id": 18284,
    "book_id": 7,
    "book_name": "muwatta-malik",
    "chapter_id": 13,
    "section_id": 2,
    "title": "বৃষ্টি প্রার্থনার বিবরণ",
    "preface": "",
    "number": "পরিচ্ছেদ ০২.",
    "sort_order": 2,
    "hadiths": [
      {
        "id": 49874,
        "book_id": 7,
        "book_name": "মুয়াত্তা ইমাম মালিক",
        "chapter_id": 13,
        "section_id": 2,
        "hadith_key": "মুয়াত্তা ইমাম মালিক: ৪৩৫",
        "hadith_id": 435,
        "narrator": "আমর ইবনু শুয়াইব (র)",
        "bn": "রসূলুল্লাহ্ সল্লাল্লাহু আলাইহি ওয়াসাল্লাম যখন বৃষ্টি প্রার্থনা করতেন, তখন বলতেন, \nاَللهُمَّ اسْقِ عِبَادَكَ وَبَهِيمَتَكَ وَانْشُرْ رَحْمَتَكَ وَاَحْىِ بلَدَكَ الْمَيَّتَ.\nহে আল্লাহ! আপনার বান্দা ও জীব-জন্তুর পিপাসা নিবারণ করুন এবং আপনার রহমত বিস্তার করুন; আর পানির অভাবে মৃতপ্রায় শহরকে পুনরুজ্জীবিত করুন।\n(হাসানঃ আবূ দাঊদ ১১৭৬, আলবানী হাদীসটি হাসান বলেছেন [সহীহুল জামে’ ৪৬৬৬] এবং ইমাম মালিক কর্তৃক হাদীসটি মুরসাল)",
        "ar": "حَدَّثَنِي يَحْيَى عَنْ مَالِك عَنْ يَحْيَى بْنِ سَعِيدٍ عَنْ عَمْرِو بْنِ شُعَيْبٍ أَنَّ رَسُولَ اللهِ صَلَّى اللهُ عَلَيْهِ وَسَلَّمَ كَانَ إِذَا اسْتَسْقَى قَالَ اللهُمَّ اسْقِ عِبَادَكَ وَبَهِيمَتَكَ وَانْشُرْ رَحْمَتَكَ وَأَحْيِ بَلَدَكَ الْمَيِّتَ.",
        "ar_diacless": "حدثني يحيى عن مالك عن يحيى بن سعيد عن عمرو بن شعيب أن رسول الله صلى الله عليه وسلم كان إذا استسقى قال اللهم اسق عبادك وبهيمتك وانشر رحمتك وأحي بلدك الميت.",
        "note": "",
        "grade_id": 1,
        "grade": "নির্ণীত নয়",
        "grade_color": "#F0AD4E"
      },
      {
        "id": 49875,
        "book_id": 7,
        "book_name": "মুয়াত্তা ইমাম মালিক",
        "chapter_id": 13,
        "section_id": 2,
        "hadith_key": "মুয়াত্তা ইমাম মালিক: ৪৩৬",
        "hadith_id": 436,
        "narrator": "আনাস ইবনু মালিক (র)",
        "bn": "তিনি বলেন, এক ব্যক্তি রসূলুল্লাহ্ সল্লাল্লাহু আলাইহি ওয়াসাল্লাম-এর খেদমতে হাযির হয়ে বলল, গৃহপালিত পশু ধ্বংস হয়েছে এবং পথঘাট বিনষ্ট হয়েছে, অতএব আপনি আল্লাহর নিকট দু’আ করুন। তখন রসূলুল্লাহ্ সল্লাল্লাহু আলাইহি ওয়াসাল্লাম দু’আ  করলেন, এতে জুম’আর দিন হতে আমাদের উপর বৃষ্টি হল। আনাস (রা) বলেন, অতঃপর এক ব্যক্তি রসূলুল্লাহ্ সল্লাল্লাহু আলাইহি ওয়াসাল্লাম-এর খেদমতে এসে বলল, ইয়া রসূলাল্লাহ! ঘরবাড়ি বিধ্বস্ত হয়েছে, পথ-ঘাট রুদ্ধ হয়েছে এবং গৃহপালিত পশু মারা যাচ্ছে। তারপর রসূলুল্লাহ্ সল্লাল্লাহু আলাইহি ওয়াসাল্লাম দু’আ করলেন  আল্লাহ! পাহাড় ও টিলার পৃষ্ঠদেশ, উপত্যকার মধ্যভাগে এবং বৃক্ষের গোড়ায় বৃষ্টি হোক। আব্বাস (রা) বলেন, (দু’আর পর) মদীনার আকাশ হতে মেঘ চতুর্দিকে সরে গেল; যেমন পুরাতন কাপড় ছিড়ে বিভক্ত হয়ে যায়। (বুখারী ৯৩২, মুসলিম ৮৯৭)\nইয়াহইয়া (র) বলেন, ইসতিসকার নামায যে ব্যক্তি পায়নি, অথচ সে খুতবায় শরীক হয়েছে, অতঃপর সে (ঈদগাহ হতে) প্রত্যাবর্তন করার পর তার গৃহে অথবা মসজিদে নামায আদায়ের ইচ্ছা করলে তার সম্পর্কে কি হুকুম? এইমর্মে আমি প্রশ্ন করলে পর মালিক (র) বলেন, তার ইখতিয়ার রয়েছে, ইচ্ছা করলে আদায় করতে পারে, ইচ্ছা করলে নাও আদায় করতে পারে।",
        "ar": "و حَدَّثَنِي عَنْ مَالِك عَنْ شَرِيكِ بْنِ عَبْدِ اللهِ بْنِ أَبِي نَمِرٍ عَنْ أَنَسِ بْنِ مَالِكٍ أَنَّهُ قَالَ، جَاءَ رَجُلٌ إِلَى رَسُولِ اللهِ صَلَّى اللهُ عَلَيْهِ وَسَلَّمَ فَقَالَ يَا رَسُولَ اللهِ هَلَكَتْ الْمَوَاشِي وَتَقَطَّعَتْ السُّبُلُ فَادْعُ اللهَ فَدَعَا رَسُولُ اللهِ صَلَّى اللهُ عَلَيْهِ وَسَلَّمَ فَمُطِرْنَا مِنْ الْجُمُعَةِ إِلَى الْجُمُعَةِ، قَالَ فَجَاءَ رَجُلٌ إِلَى رَسُولِ اللهِ صَلَّى اللهُ عَلَيْهِ وَسَلَّمَ فَقَالَ يَا رَسُولَ اللهِ تَهَدَّمَتْ الْبُيُوتُ وَانْقَطَعَتْ السُّبُلُ وَهَلَكَتْ الْمَوَاشِي فَقَالَ رَسُولُ اللهِ صَلَّى اللهُ عَلَيْهِ وَسَلَّمَ اللهُمَّ ظُهُورَ الْجِبَالِ وَالْآكَامِ وَبُطُونَ الْأَوْدِيَةِ وَمَنَابِتَ الشَّجَرِ قَالَ فَانْجَابَتْ عَنْ الْمَدِينَةِ انْجِيَابَ الثَّوْبِ، ৬৫১قَالَ مَالِك فِي رَجُلٍ فَاتَتْهُ صَلَاةُ الْاسْتِسْقَاءِ وَأَدْرَكَ الْخُطْبَةَ فَأَرَادَ أَنْ يُصَلِّيَهَا فِي الْمَسْجِدِ أَوْ فِي بَيْتِهِ إِذَا رَجَعَ قَالَ مَالِك هُوَ مِنْ ذَلِكَ فِي سَعَةٍ إِنْ شَاءَ فَعَلَ أَوْ تَرَكَ.",
        "ar_diacless": "و حدثني عن مالك عن شريك بن عبد الله بن أبي نمر عن أنس بن مالك أنه قال، جاء رجل إلى رسول الله صلى الله عليه وسلم فقال يا رسول الله هلكت المواشي وتقطعت السبل فادع الله فدعا رسول الله صلى الله عليه وسلم فمطرنا من الجمعة إلى الجمعة، قال فجاء رجل إلى رسول الله صلى الله عليه وسلم فقال يا رسول الله تهدمت البيوت وانقطعت السبل وهلكت المواشي فقال رسول الله صلى الله عليه وسلم اللهم ظهور الجبال والآكام وبطون الأودية ومنابت الشجر قال فانجابت عن المدينة انجياب الثوب، ৬৫১قال مالك في رجل فاتته صلاة الاستسقاء وأدرك الخطبة فأراد أن يصليها في المسجد أو في بيته إذا رجع قال مالك هو من ذلك في سعة إن شاء فعل أو ترك.",
        "note": "",
        "grade_id": 2,
        "grade": "সহিহ হাদিস",
        "grade_color": "#46B891"
      }
    ]
  },
  {
    "id": 18285,
    "book_id": 7,
    "book_name": "muwatta-malik",
    "chapter_id": 13,
    "section_id": 3,
    "title": "নক্ষত্রের সাহায্যে বৃষ্টি প্রার্থনা",
    "preface": "",
    "number": "পরিচ্ছেদ ০৩.",
    "sort_order": 3,
    "hadiths": [
      {
        "id": 49877,
        "book_id": 7,
        "book_name": "মুয়াত্তা ইমাম মালিক",
        "chapter_id": 13,
        "section_id": 3,
        "hadith_key": "মুয়াত্তা ইমাম মালিক: ৪৩৭",
        "hadith_id": 437,
        "narrator": "যায়দ ইবনু খালিদ জুহানী (র)",
        "bn": "হুদায়বিয়ায় রাত্রে বৃষ্টি হয়েছিল ও এর চিহ্ন সকালেও বিদ্যমান ছিল, সে অবস্থায় রসূলুল্লাহ্ সল্লাল্লাহু আলাইহি ওয়াসাল্লাম আমাদেরকে ফজরের নামায পড়ালেন। যখন নামায সমাপ্ত করলেন, তখন পবিত্র মুখমণ্ডল লোকের দিকে করলেন এবং বললেন, তোমরা অবগত আছ কি তোমাদের প্রভু কি বলেছেন? তাঁরা বললেন, আল্লাহ ও তাঁর রসূল অধিক অবগত। রসূলুল্লাহ্ সল্লাল্লাহু আলাইহি ওয়াসাল্লাম বললেন, (আল্লাহ) বলেছেন, আমার বান্দাদের মধ্য হতে কিছুসংখ্যক লোক প্রভাত করেছে আমার প্রতি ঈমান (বিশ্বাস) রেখে, আর (কিছুসংখ্যক) প্রভাত করেছে আমার সাথে কুফরী করে। যে বলেছে, আল্লাহর অনুগ্রহ ও রহমতে আমাদের প্রতি বৃষ্টি বর্ষিত হয়েছে, সে আমার প্রতি মু’মিন রয়েছে, আর নক্ষত্রের প্রতি অস্বীকারী হয়েছে। আর যে বলেছে, অমুক নক্ষত্রের দ্বারা বৃষ্টি বর্ষিত হয়েছে, সে আমার প্রতি অস্বীকারকারী হয়েছে এবং নক্ষত্রের প্রতি বিশ্বাসী হয়েছে। (বুখারী ৮৪৬, মুসলিম ৭১)",
        "ar": "حَدَّثَنِي يَحْيَى عَنْ مَالِك عَنْ صَالِحِ بْنِ كَيْسَانَ عَنْ عُبَيْدِ اللهِ بْنِ عَبْدِ اللهِ بْنِ عُتْبَةَ بْنِ مَسْعُودٍ عَنْ زَيْدِ بْنِ خَالِدٍ الْجُهَنِيِّ أَنَّهُ قَالَ، صَلَّى لَنَا رَسُولُ اللهِ صَلَّى اللهُ عَلَيْهِ وَسَلَّمَ صَلَاةَ الصُّبْحِ بِالْحُدَيْبِيَةِ عَلَى إِثْرِ سَمَاءٍ كَانَتْ مِنْ اللَّيْلِ فَلَمَّا انْصَرَفَ أَقْبَلَ عَلَى النَّاسِ فَقَالَ أَتَدْرُونَ مَاذَا قَالَ رَبُّكُمْ قَالُوا اللهُ وَرَسُولُهُ أَعْلَمُ قَالَ قَالَ أَصْبَحَ مِنْ عِبَادِي مُؤْمِنٌ بِي وَكَافِرٌ بِي فَأَمَّا مَنْ قَالَ مُطِرْنَا بِفَضْلِ اللهِ وَرَحْمَتِهِ فَذَلِكَ مُؤْمِنٌ بِي كَافِرٌ بِالْكَوْكَبِ وَأَمَّا مَنْ قَالَ مُطِرْنَا بِنَوْءِ كَذَا وَكَذَا فَذَلِكَ كَافِرٌ بِي مُؤْمِنٌ بِالْكَوْكَبِ.",
        "ar_diacless": "حدثني يحيى عن مالك عن صالح بن كيسان عن عبيد الله بن عبد الله بن عتبة بن مسعود عن زيد بن خالد الجهني أنه قال، صلى لنا رسول الله صلى الله عليه وسلم صلاة الصبح بالحديبية على إثر سماء كانت من الليل فلما انصرف أقبل على الناس فقال أتدرون ماذا قال ربكم قالوا الله ورسوله أعلم قال قال أصبح من عبادي مؤمن بي وكافر بي فأما من قال مطرنا بفضل الله ورحمته فذلك مؤمن بي كافر بالكوكب وأما من قال مطرنا بنوء كذا وكذا فذلك كافر بي مؤمن بالكوكب.",
        "note": "",
        "grade_id": 2,
        "grade": "সহিহ হাদিস",
        "grade_color": "#46B891"
      },
      {
        "id": 49876,
        "book_id": 7,
        "book_name": "মুয়াত্তা ইমাম মালিক",
        "chapter_id": 13,
        "section_id": 3,
        "hadith_key": "মুয়াত্তা ইমাম মালিক: ৪৩৮",
        "hadith_id": 438,
        "narrator": "মলিক (র)",
        "bn": "সমুদ্রের দিক হতে মেঘ উঠিয়া শাম অভিমুখে গমন করল, রসূলুল্লাহ্ সল্লাল্লাহু আলাইহি ওয়াসাল্লাম বলতেন عَيْنٌ غُدَيْقَة এটি ‘বর্ষণপূর্ণ প্রস্রবণ’। (হাদীসটি ইমাম মালিক (রঃ) একক ভাবে বর্ণনা করেছেন)",
        "ar": "و حَدَّثَنِي عَنْ مَالِك أَنَّهُ بَلَغَهُ أَنَّ رَسُولَ اللهِ صَلَّى اللهُ عَلَيْهِ وَسَلَّمَ كَانَ يَقُولُ إِذَا أَنْشَأَتْ بَحْرِيَّةً ثُمَّ تَشَاءَمَتْ فَتِلْكَ عَيْنٌ غُدَيْقَة.",
        "ar_diacless": "و حدثني عن مالك أنه بلغه أن رسول الله صلى الله عليه وسلم كان يقول إذا أنشأت بحرية ثم تشاءمت فتلك عين غديقة.",
        "note": "",
        "grade_id": 1,
        "grade": "নির্ণীত নয়",
        "grade_color": "#F0AD4E"
      },
      {
        "id": 50301,
        "book_id": 7,
        "book_name": "মুয়াত্তা ইমাম মালিক",
        "chapter_id": 13,
        "section_id": 3,
        "hadith_key": "মুয়াত্তা ইমাম মালিক: ৪৩৯",
        "hadith_id": 439,
        "narrator": "মালিক (র)",
        "bn": "মালিক (র) বলেন, তাঁর নিকট রেওয়ায়ত পৌঁছেছে যে, যখন ফজর হয়, আর লোকের প্রতি বৃষ্টি বর্ষিত হয়, তখন আবূ হুরায়রা (রা) বলতেন, আল্লাহর রহমতে আমাদের প্রতি বৃষ্টি বর্ষিত হল। অতঃপর এই আয়াতটি তিলাওয়াত করতেন-\n\nمَايَفْتَحِ اللهِ لِلنَّاسِ مِنْ رَحْمَةٍ فَلاَ مُمْسِكَ لَهَا.\n\nআল্লাহ মানুষের প্রতি কোন অনুগ্রহ অবারিত করলে কেহ নিবারণ করতে পারে না। (সূরা: আন-নজম, ২)\n\n(হাদীসটি ইমাম মালিক (রঃ) একক ভাবে বর্ণনা করেছেন)",
        "ar": "و حَدَّثَنِي عَنْ مَالِك أَنَّهُ بَلَغَهُ أَنَّ أَبَا هُرَيْرَةَ كَانَ يَقُولُ إِذَا أَصْبَحَ وَقَدْ مُطِرَ النَّاسُ مُطِرْنَا بِنَوْءِ الْفَتْحِ ثُمَّ يَتْلُو هَذِهِ الْآيَةَ { مَا يَفْتَحْ اللهُ لِلنَّاسِ مِنْ رَحْمَةٍ فَلَا مُمْسِكَ لَهَا وَمَا يُمْسِكْ فَلَا مُرْسِلَ لَهُ مِنْ بَعْدِهِ }.",
        "ar_diacless": "و حدثني عن مالك أنه بلغه أن أبا هريرة كان يقول إذا أصبح وقد مطر الناس مطرنا بنوء الفتح ثم يتلو هذه الآية { ما يفتح الله للناس من رحمة فلا ممسك لها وما يمسك فلا مرسل له من بعده }.",
        "note": "",
        "grade_id": 1,
        "grade": "নির্ণীত নয়",
        "grade_color": "#F0AD4E"
      }
    ]
  }
]