[
  {
    "id": 9487,
    "book_id": 4,
    "book_name": "abu-dawud",
    "chapter_id": 32,
    "section_id": 1,
    "title": "কুরআনের কিরাআত ও পাঠের নিয়ম",
    "preface": "",
    "number": "অনুচ্ছেদ-১",
    "sort_order": 1,
    "hadiths": [
      {
        "id": 24738,
        "book_id": 4,
        "book_name": "সুনানে আবু দাউদ",
        "chapter_id": 32,
        "section_id": 1,
        "hadith_key": "সুনানে আবু দাউদ: ৩৯৬৯",
        "hadith_id": 3969,
        "narrator": "জাবির (রাঃ)",
        "bn": "নবী (সাল্লাল্লাহু ‘আলাইহি ওয়া সাল্লাম) এ আয়াত (এভাবে) পড়েছেনঃ “তোমরা মাক্বামে ইবরাহীমকে সলাতের স্থান বানিয়ে নাও”। (সূরাহ আল-বাক্বারাহঃ ১২৫)।",
        "ar": "حَدَّثَنَا عَبْدُ اللَّهِ بْنُ مُحَمَّدٍ النُّفَيْلِيُّ، حَدَّثَنَا حَاتِمُ بْنُ إِسْمَاعِيلَ، ح وَحَدَّثَنَا نَصْرُ بْنُ عَاصِمٍ، حَدَّثَنَا يَحْيَى بْنُ سَعِيدٍ، عَنْ جَعْفَرِ بْنِ مُحَمَّدٍ، عَنْ أَبِيهِ، عَنْ جَابِرٍ، رضى الله عنه أَنَّ النَّبِيَّ صلى الله عليه وسلم قَرَأَ ‏{‏ وَاتَّخِذُوا مِنْ مَقَامِ إِبْرَاهِيمَ مُصَلًّى ‏}‏",
        "ar_diacless": "حدثنا عبد الله بن محمد النفيلي، حدثنا حاتم بن إسماعيل، ح وحدثنا نصر بن عاصم، حدثنا يحيى بن سعيد، عن جعفر بن محمد، عن أبيه، عن جابر، رضى الله عنه أن النبي صلى الله عليه وسلم قرأ ‏{‏ واتخذوا من مقام إبراهيم مصلى ‏}‏",
        "note": "",
        "grade_id": 2,
        "grade": "সহিহ হাদিস",
        "grade_color": "#46B891"
      },
      {
        "id": 24741,
        "book_id": 4,
        "book_name": "সুনানে আবু দাউদ",
        "chapter_id": 32,
        "section_id": 1,
        "hadith_key": "সুনানে আবু দাউদ: ৩৯৭০",
        "hadith_id": 3970,
        "narrator": "‘আয়িশাহ (রাঃ)",
        "bn": "একদা রাতে এক লোক উচ্চস্বরে কুরআন তিলাওয়াত করলো। সকালে রাসূলুল্লাহ (সাল্লাল্লাহু ‘আলাইহি ওয়া সাল্লাম) বললেনঃ আল্লাহ অমুক ব্যাক্তির উপর রহমাত বর্ষণ করুন। সে রাতে আমাকে এমন কিছু আয়াত স্মরণ করিয়ে দিয়েছে যা আমি প্রায় ভুলতে বসেছিলাম।",
        "ar": "حَدَّثَنَا مُوسَى، - يَعْنِي ابْنَ إِسْمَاعِيلَ - حَدَّثَنَا حَمَّادٌ، عَنْ هِشَامِ بْنِ عُرْوَةَ، عَنْ عُرْوَةَ، عَنْ عَائِشَةَ، رضى الله عنها أَنَّ رَجُلاً، قَامَ مِنَ اللَّيْلِ فَقَرَأَ فَرَفَعَ صَوْتَهُ بِالْقُرْآنِ فَلَمَّا أَصْبَحَ قَالَ رَسُولُ اللَّهِ صلى الله عليه وسلم ‏ \"‏ يَرْحَمُ اللَّهُ فُلاَنًا كَائِنٌ مِنْ آيَةٍ أَذْكَرَنِيهَا اللَّيْلَةَ كُنْتُ قَدْ أَسْقَطْتُهَا ‏\"‏ ‏.‏",
        "ar_diacless": "حدثنا موسى، - يعني ابن إسماعيل - حدثنا حماد، عن هشام بن عروة، عن عروة، عن عائشة، رضى الله عنها أن رجلا، قام من الليل فقرأ فرفع صوته بالقرآن فلما أصبح قال رسول الله صلى الله عليه وسلم ‏ \"‏ يرحم الله فلانا كائن من آية أذكرنيها الليلة كنت قد أسقطتها ‏\"‏ ‏.‏",
        "note": "",
        "grade_id": 2,
        "grade": "সহিহ হাদিস",
        "grade_color": "#46B891"
      },
      {
        "id": 24740,
        "book_id": 4,
        "book_name": "সুনানে আবু দাউদ",
        "chapter_id": 32,
        "section_id": 1,
        "hadith_key": "সুনানে আবু দাউদ: ৩৯৭১",
        "hadith_id": 3971,
        "narrator": "ইবনু ‘আব্বাস (রাঃ)",
        "bn": "তিনি বলেন, “আর নাবীর জন্য শোভনীয় নয় যে, তিনি খিয়ানাত করবেন।” - এই আয়াত বদরের যুদ্ধের সময় অবতীর্ণ হয়েছে। বদরের যুদ্ধের সময় একটা লাল চাঁদর হারিয়ে গেলে কতিপয় লোক বলাবলি করলো, সম্ভবত রাসূলুল্লাহ (সাল্লাল্লাহু ‘আলাইহি ওয়া সাল্লাম) তা নিয়েছেন। তখন আল্লাহ এ আয়াত অবতীর্ণ করেনঃ “আর নাবীর জন্য শোভনীয় নয় যে, তিনি খিয়ানাত করবেন। অথচ যে ব্যাক্তি খিয়ানাত করবে সে খিয়ানাতকৃত বস্তুসহ ক্বিয়ামাতের দিন উপস্থিত হবে। অতঃপর প্রত্যেকেই তার কৃতকর্মের পূর্ণ বিনিময় পাবে এবং তাদের প্রতি বিন্দুমাত্র যুলুম করা হবে না” (সূরাহ আল-‘ইমরানঃ ১৬১)। ইমাম আবূ দাঊদ (রহঃ) বলেন, ‘ইয়াগুলু’ শব্দের ইয়া-তে যবর হবে।",
        "ar": "حَدَّثَنَا قُتَيْبَةُ بْنُ سَعِيدٍ، حَدَّثَنَا عَبْدُ الْوَاحِدِ بْنُ زِيَادٍ، حَدَّثَنَا خُصَيْفٌ، حَدَّثَنَا مِقْسَمٌ، مَوْلَى ابْنِ عَبَّاسٍ قَالَ قَالَ ابْنُ عَبَّاسٍ رضى الله عنهما نَزَلَتْ هَذِهِ الآيَةُ ‏{‏ وَمَا كَانَ لِنَبِيٍّ أَنْ يَغُلَّ ‏}‏ فِي قَطِيفَةٍ حَمْرَاءَ فُقِدَتْ يَوْمَ بَدْرٍ فَقَالَ بَعْضُ النَّاسِ لَعَلَّ رَسُولَ اللَّهِ صلى الله عليه وسلم أَخَذَهَا فَأَنْزَلَ اللَّهُ عَزَّ وَجَلَّ ‏{‏ وَمَا كَانَ لِنَبِيٍّ أَنْ يَغُلَّ ‏}‏ إِلَى آخِرِ الآيَةِ ‏.‏ قَالَ أَبُو دَاوُدَ يَغُلَّ مَفْتُوحَةُ الْيَاءِ ‏.‏",
        "ar_diacless": "حدثنا قتيبة بن سعيد، حدثنا عبد الواحد بن زياد، حدثنا خصيف، حدثنا مقسم، مولى ابن عباس قال قال ابن عباس رضى الله عنهما نزلت هذه الآية ‏{‏ وما كان لنبي أن يغل ‏}‏ في قطيفة حمراء فقدت يوم بدر فقال بعض الناس لعل رسول الله صلى الله عليه وسلم أخذها فأنزل الله عز وجل ‏{‏ وما كان لنبي أن يغل ‏}‏ إلى آخر الآية ‏.‏ قال أبو داود يغل مفتوحة الياء ‏.‏",
        "note": "",
        "grade_id": 2,
        "grade": "সহিহ হাদিস",
        "grade_color": "#46B891"
      },
      {
        "id": 24739,
        "book_id": 4,
        "book_name": "সুনানে আবু দাউদ",
        "chapter_id": 32,
        "section_id": 1,
        "hadith_key": "সুনানে আবু দাউদ: ৩৯৭২",
        "hadith_id": 3972,
        "narrator": "আনাস ইবনু মালিক (রাঃ)",
        "bn": "তিনি বলেন, রাসূলুল্লাহ (সাল্লাল্লাহু ‘আলাইহি ওয়া সাল্লাম) বলেছেনঃ হে আল্লাহ! আমি আপনার নিকট কৃপণতা ও বার্ধক্য হতে আশ্রয় চাইছি।",
        "ar": "حَدَّثَنَا مُحَمَّدُ بْنُ عِيسَى، حَدَّثَنَا مُعْتَمِرٌ، قَالَ سَمِعْتُ أَبِي قَالَ، سَمِعْتُ أَنَسَ بْنَ مَالِكٍ، يَقُولُ قَالَ النَّبِيُّ صلى الله عليه وسلم ‏ \"‏ اللَّهُمَّ إِنِّي أَعُوذُ بِكَ مِنَ الْبُخْلِ وَالْهَرَمِ ‏\"‏ ‏.‏",
        "ar_diacless": "حدثنا محمد بن عيسى، حدثنا معتمر، قال سمعت أبي قال، سمعت أنس بن مالك، يقول قال النبي صلى الله عليه وسلم ‏ \"‏ اللهم إني أعوذ بك من البخل والهرم ‏\"‏ ‏.‏",
        "note": "",
        "grade_id": 2,
        "grade": "সহিহ হাদিস",
        "grade_color": "#46B891"
      },
      {
        "id": 24743,
        "book_id": 4,
        "book_name": "সুনানে আবু দাউদ",
        "chapter_id": 32,
        "section_id": 1,
        "hadith_key": "সুনানে আবু দাউদ: ৩৯৭৩",
        "hadith_id": 3973,
        "narrator": "লাক্বীত্ব ইবনু সাবিরাহ (রাঃ)",
        "bn": "তিনি বলেন, আমি বনী মুনতাফিকের প্রতিনিধি দলের সঙ্গে রাসূলুল্লাহ (সাল্লাল্লাহু ‘আলাইহি ওয়া সাল্লাম)-এর নিকট গিয়েছিলাম। অতঃপর তিনি হাদীস বর্ণনা করেন। তিনি অর্থাৎ নবী (সাল্লাল্লাহু ‘আলাইহি ওয়া সাল্লাম) সীন হরফে যের পড়েছেন সীনে যবর দিয়ে পড়েননি।",
        "ar": "حَدَّثَنَا قُتَيْبَةُ بْنُ سَعِيدٍ، حَدَّثَنَا يَحْيَى بْنُ سُلَيْمٍ، عَنْ إِسْمَاعِيلَ بْنِ كَثِيرٍ، عَنْ عَاصِمِ بْنِ لَقِيطِ بْنِ صَبِرَةَ، عَنْ أَبِيهِ، لَقِيطِ بْنِ صَبِرَةَ قَالَ كُنْتُ وَافِدَ بَنِي الْمُنْتَفِقِ - أَوْ فِي وَفْدِ بَنِي الْمُنْتَفِقِ - إِلَى رَسُولِ اللَّهِ صلى الله عليه وسلم فَذَكَرَ الْحَدِيثَ فَقَالَ - يَعْنِي النَّبِيَّ صلى الله عليه وسلم - ‏ \"‏ لاَ تَحْسِبَنَّ ‏\"‏ ‏.‏ وَلَمْ يَقُلْ لاَ تَحْسَبَنَّ ‏.‏",
        "ar_diacless": "حدثنا قتيبة بن سعيد، حدثنا يحيى بن سليم، عن إسماعيل بن كثير، عن عاصم بن لقيط بن صبرة، عن أبيه، لقيط بن صبرة قال كنت وافد بني المنتفق - أو في وفد بني المنتفق - إلى رسول الله صلى الله عليه وسلم فذكر الحديث فقال - يعني النبي صلى الله عليه وسلم - ‏ \"‏ لا تحسبن ‏\"‏ ‏.‏ ولم يقل لا تحسبن ‏.‏",
        "note": "",
        "grade_id": 2,
        "grade": "সহিহ হাদিস",
        "grade_color": "#46B891"
      },
      {
        "id": 24742,
        "book_id": 4,
        "book_name": "সুনানে আবু দাউদ",
        "chapter_id": 32,
        "section_id": 1,
        "hadith_key": "সুনানে আবু দাউদ: ৩৯৭৪",
        "hadith_id": 3974,
        "narrator": "ইবনু ‘আব্বাস (রাঃ)",
        "bn": "তিনি বলেন, এক অভিযানে মুসলিমগণ এক লোকের সাক্ষাত পেলো, যার কিছু বকরী ছিল। লোকটি বললো, আপনাদের উপর শান্তি বর্ষিত হোক। (অথচ) তারা তাকে হত্যা করে বকরীগুলো নিয়ে নিলো। তখন এ আয়াত অবতীর্ণ হয়ঃ “কেউ তোমাদের সালাম দিলে দুনিয়াবী সম্পদের লোভে তাকে বলো না যে, তুমি মু’মিন নও” (সূরাহ আন-নিসাঃ ৯৪)। অর্থাৎ সেই বকরীগুলো।",
        "ar": "حَدَّثَنَا مُحَمَّدُ بْنُ عِيسَى، حَدَّثَنَا سُفْيَانُ، حَدَّثَنَا عَمْرُو بْنُ دِينَارٍ، عَنْ عَطَاءٍ، عَنِ ابْنِ عَبَّاسٍ، قَالَ لَحِقَ الْمُسْلِمُونَ رَجُلاً فِي غُنَيْمَةٍ لَهُ فَقَالَ السَّلاَمُ عَلَيْكُمْ فَقَتَلُوهُ وَأَخَذُوا تِلْكَ الْغُنَيْمَةَ فَنَزَلَتْ ‏{‏ وَلاَ تَقُولُوا لِمَنْ أَلْقَى إِلَيْكُمُ السَّلاَمَ لَسْتَ مُؤْمِنًا تَبْتَغُونَ عَرَضَ الْحَيَاةِ الدُّنْيَا ‏}‏ تِلْكَ الْغُنَيْمَةَ ‏.‏",
        "ar_diacless": "حدثنا محمد بن عيسى، حدثنا سفيان، حدثنا عمرو بن دينار، عن عطاء، عن ابن عباس، قال لحق المسلمون رجلا في غنيمة له فقال السلام عليكم فقتلوه وأخذوا تلك الغنيمة فنزلت ‏{‏ ولا تقولوا لمن ألقى إليكم السلام لست مؤمنا تبتغون عرض الحياة الدنيا ‏}‏ تلك الغنيمة ‏.‏",
        "note": "",
        "grade_id": 2,
        "grade": "সহিহ হাদিস",
        "grade_color": "#46B891"
      },
      {
        "id": 24744,
        "book_id": 4,
        "book_name": "সুনানে আবু দাউদ",
        "chapter_id": 32,
        "section_id": 1,
        "hadith_key": "সুনানে আবু দাউদ: ৩৯৭৫",
        "hadith_id": 3975,
        "narrator": "খারিজাহ ইবনু যায়িদ ইবনু সাবিত (রহঃ) হতে তার পিতা",
        "bn": "নবী (সাল্লাল্লাহু ‘আলাইহি ওয়া সাল্লাম) কুরআনের এই আয়াত এভাবে (পেশ দিয়ে) পড়তেনঃ (আরবী)। [৩৯৭৫]",
        "ar": "حَدَّثَنَا سَعِيدُ بْنُ مَنْصُورٍ، حَدَّثَنَا ابْنُ أَبِي الزِّنَادِ، ح وَحَدَّثَنَا مُحَمَّدُ بْنُ سُلَيْمَانَ الأَنْبَارِيُّ، حَدَّثَنَا حَجَّاجُ بْنُ مُحَمَّدٍ، عَنِ ابْنِ أَبِي الزِّنَادِ، - وَهُوَ أَشْبَعُ - عَنْ أَبِيهِ، عَنْ خَارِجَةَ بْنِ زَيْدِ بْنِ ثَابِتٍ، عَنْ أَبِيهِ، أَنَّ النَّبِيَّ صلى الله عليه وسلم كَانَ يَقْرَأُ ‏{‏ غَيْرُ أُولِي الضَّرَرِ ‏}‏ وَلَمْ يَقُلْ سَعِيدٌ كَانَ يَقْرَأُ ‏.‏",
        "ar_diacless": "حدثنا سعيد بن منصور، حدثنا ابن أبي الزناد، ح وحدثنا محمد بن سليمان الأنباري، حدثنا حجاج بن محمد، عن ابن أبي الزناد، - وهو أشبع - عن أبيه، عن خارجة بن زيد بن ثابت، عن أبيه، أن النبي صلى الله عليه وسلم كان يقرأ ‏{‏ غير أولي الضرر ‏}‏ ولم يقل سعيد كان يقرأ ‏.‏",
        "note": "[৩৯৭৫] এর তাখরীজ গত হয়েছে হা/২৫০৫।।।",
        "grade_id": 12,
        "grade": "হাসান সহিহ",
        "grade_color": "#46B891"
      },
      {
        "id": 24745,
        "book_id": 4,
        "book_name": "সুনানে আবু দাউদ",
        "chapter_id": 32,
        "section_id": 1,
        "hadith_key": "সুনানে আবু দাউদ: ৩৯৭৬",
        "hadith_id": 3976,
        "narrator": "আনাস ইবনু মালিক (রাঃ)",
        "bn": "তিনি বলেন, রাসূলুল্লাহ (সাল্লাল্লাহু ‘আলাইহি ওয়া সাল্লাম) এ আয়াত (এভাবে) পড়তেনঃ (আরবী)। [৩৯৭৬]",
        "ar": "حَدَّثَنَا عُثْمَانُ بْنُ أَبِي شَيْبَةَ، وَمُحَمَّدُ بْنُ الْعَلاَءِ، قَالاَ حَدَّثَنَا عَبْدُ اللَّهِ بْنُ الْمُبَارَكِ، حَدَّثَنَا يُونُسُ بْنُ يَزِيدَ، عَنْ أَبِي عَلِيِّ بْنِ يَزِيدَ، عَنِ الزُّهْرِيِّ، عَنْ أَنَسِ بْنِ مَالِكٍ، قَالَ قَرَأَهَا رَسُولُ اللَّهِ صلى الله عليه وسلم ‏{‏ وَالْعَيْنُ بِالْعَيْنِ ‏}‏ ‏.‏",
        "ar_diacless": "حدثنا عثمان بن أبي شيبة، ومحمد بن العلاء، قالا حدثنا عبد الله بن المبارك، حدثنا يونس بن يزيد، عن أبي علي بن يزيد، عن الزهري، عن أنس بن مالك، قال قرأها رسول الله صلى الله عليه وسلم ‏{‏ والعين بالعين ‏}‏ ‏.‏",
        "note": "[৩৯৭৬] তিরমিযী, আহমাদ। ইমাম তিরমিযী বলেনঃ ‘হাসান গরীব।’ এর সানাদে ‘আলী ইবনু ইয়াযীদ আইলী আজ্ঞাত (মাজহুল) যেমনটি হাফিয বলেছেন আত-তাক্বরীব গ্রন্থে।",
        "grade_id": 4,
        "grade": "দুর্বল হাদিস",
        "grade_color": "#F85B24"
      },
      {
        "id": 24746,
        "book_id": 4,
        "book_name": "সুনানে আবু দাউদ",
        "chapter_id": 32,
        "section_id": 1,
        "hadith_key": "সুনানে আবু দাউদ: ৩৯৭৭",
        "hadith_id": 3977,
        "narrator": "আনাস ইবনু মালিক (রাঃ)",
        "bn": "নবী (সাল্লাল্লাহু ‘আলাইহি ওয়া সাল্লাম) এ আয়াত এভাবে পড়তেন। (আরবী)।",
        "ar": "حَدَّثَنَا نَصْرُ بْنُ عَلِيٍّ، حَدَّثَنَا أَبِي، حَدَّثَنَا عَبْدُ اللَّهِ بْنُ الْمُبَارَكِ، حَدَّثَنَا يُونُسُ بْنُ يَزِيدَ، عَنْ أَبِي عَلِيِّ بْنِ يَزِيدَ، عَنِ الزُّهْرِيِّ، عَنْ أَنَسِ بْنِ مَالِكٍ، رَضِيَ اللَّهُ عَنْهُ أَنَّ رَسُولَ اللَّهِ صلى الله عليه وسلم قَرَأَ ‏{‏ وَكَتَبْنَا عَلَيْهِمْ فِيهَا أَنَّ النَّفْسَ بِالنَّفْسِ وَالْعَيْنُ بِالْعَيْنِ ‏}‏ ‏.‏",
        "ar_diacless": "حدثنا نصر بن علي، حدثنا أبي، حدثنا عبد الله بن المبارك، حدثنا يونس بن يزيد، عن أبي علي بن يزيد، عن الزهري، عن أنس بن مالك، رضي الله عنه أن رسول الله صلى الله عليه وسلم قرأ ‏{‏ وكتبنا عليهم فيها أن النفس بالنفس والعين بالعين ‏}‏ ‏.‏",
        "note": "[৩৯৭৭] এর পূর্বেরটি দেখুন",
        "grade_id": 4,
        "grade": "দুর্বল হাদিস",
        "grade_color": "#F85B24"
      },
      {
        "id": 24747,
        "book_id": 4,
        "book_name": "সুনানে আবু দাউদ",
        "chapter_id": 32,
        "section_id": 1,
        "hadith_key": "সুনানে আবু দাউদ: ৩৯৭৮",
        "hadith_id": 3978,
        "narrator": "‘আত্বিয়্যাহ ইবনু সা’দ আল-‘আওফী (রাঃ)",
        "bn": "আমি ‘আবদুল্লাহ ইবনু ‘উমারের সামনে এই আয়াত (আরবী) - এভাবে পাঠ করলে তিনি বলেন (আরবী) পাঠ করো। বর্ণনাকারী বলেন, আমিও তোমার মত রসূলুল্লাহর (সাল্লাল্লাহু ‘আলাইহি ওয়া সাল্লাম) সামনে পড়েছিলাম। ফলে তিনি আমার ভুল ধরেছিলেন যেমন আমি তোমার ভুল ধরেছি। [৩৯৭৮]",
        "ar": "حَدَّثَنَا النُّفَيْلِيُّ، حَدَّثَنَا زُهَيْرٌ، حَدَّثَنَا فُضَيْلُ بْنُ مَرْزُوقٍ، عَنْ عَطِيَّةَ بْنِ سَعْدٍ الْعَوْفِيِّ، قَالَ قَرَأْتُ عَلَى عَبْدِ اللَّهِ بْنِ عُمَرَ ‏{‏ اللَّهُ الَّذِي خَلَقَكُمْ مِنْ ضَعْفٍ ‏}‏ فَقَالَ ‏{‏ مِنْ ضُعْفٍ ‏}‏ قَرَأْتُهَا عَلَى رَسُولِ اللَّهِ صلى الله عليه وسلم كَمَا قَرَأْتَهَا عَلَىَّ فَأَخَذَ عَلَىَّ كَمَا أَخَذْتُ عَلَيْكَ ‏.‏",
        "ar_diacless": "حدثنا النفيلي، حدثنا زهير، حدثنا فضيل بن مرزوق، عن عطية بن سعد العوفي، قال قرأت على عبد الله بن عمر ‏{‏ الله الذي خلقكم من ضعف ‏}‏ فقال ‏{‏ من ضعف ‏}‏ قرأتها على رسول الله صلى الله عليه وسلم كما قرأتها على فأخذ على كما أخذت عليك ‏.‏",
        "note": "[৩৯৭৮] তিরমিযী, আহমাদ। ইমাম তিরমিযী বলেনঃ ‘এই হাদীসটি হাসান গরীব।’ সানাদে ‘আত্বিয়্যাহ বিন সা’দ দুর্বল।",
        "grade_id": 3,
        "grade": "হাসান হাদিস",
        "grade_color": "#46B891"
      },
      {
        "id": 24748,
        "book_id": 4,
        "book_name": "সুনানে আবু দাউদ",
        "chapter_id": 32,
        "section_id": 1,
        "hadith_key": "সুনানে আবু দাউদ: ৩৯৭৯",
        "hadith_id": 3979,
        "narrator": "আবু সাঈদ (রাঃ)",
        "bn": "নবী (সাল্লাল্লাহু ‘আলাইহি ওয়া সাল্লাম) এভাবে পড়তেনঃ (আরবী)। [৩৯৭৯]",
        "ar": "حَدَّثَنَا مُحَمَّدُ بْنُ يَحْيَى الْقُطَعِيُّ، حَدَّثَنَا عُبَيْدٌ، - يَعْنِي ابْنَ عَقِيلٍ - عَنْ هَارُونَ، عَنْ عَبْدِ اللَّهِ بْنِ جَابِرٍ، عَنْ عَطِيَّةَ، عَنْ أَبِي سَعِيدٍ، عَنِ النَّبِيِّ صلى الله عليه وسلم ‏{‏ مِنْ ضُعْفٍ ‏}‏ ‏.‏",
        "ar_diacless": "حدثنا محمد بن يحيى القطعي، حدثنا عبيد، - يعني ابن عقيل - عن هارون، عن عبد الله بن جابر، عن عطية، عن أبي سعيد، عن النبي صلى الله عليه وسلم ‏{‏ من ضعف ‏}‏ ‏.‏",
        "note": "[৩৯৭৯] আবূ দাউদ এটি একক ভাবে বর্ণনা করেছেন।",
        "grade_id": 3,
        "grade": "হাসান হাদিস",
        "grade_color": "#46B891"
      },
      {
        "id": 24749,
        "book_id": 4,
        "book_name": "সুনানে আবু দাউদ",
        "chapter_id": 32,
        "section_id": 1,
        "hadith_key": "সুনানে আবু দাউদ: ৩৯৮০",
        "hadith_id": 3980,
        "narrator": "‘আবদুর রহমান ইবনু আবযা",
        "bn": "তিনি বলেন, উবাই ইবনু কা’ব (রাঃ) এই আয়াত এভাবে পড়তেনঃ (আরবী)। [৩৯৮০]",
        "ar": "حَدَّثَنَا مُحَمَّدُ بْنُ كَثِيرٍ، أَخْبَرَنَا سُفْيَانُ، عَنْ أَسْلَمَ الْمِنْقَرِيِّ، عَنْ عَبْدِ اللَّهِ، عَنْ أَبِيهِ عَبْدِ الرَّحْمَنِ بْنِ أَبْزَى، قَالَ قَالَ أُبَىُّ بْنُ كَعْبٍ ‏{‏ بِفَضْلِ اللَّهِ وَبِرَحْمَتِهِ فَبِذَلِكَ فَلْتَفْرَحُوا ‏}‏ ‏.‏ قَالَ أَبُو دَاوُدَ بِالتَّاءِ ‏.‏",
        "ar_diacless": "حدثنا محمد بن كثير، أخبرنا سفيان، عن أسلم المنقري، عن عبد الله، عن أبيه عبد الرحمن بن أبزى، قال قال أبى بن كعب ‏{‏ بفضل الله وبرحمته فبذلك فلتفرحوا ‏}‏ ‏.‏ قال أبو داود بالتاء ‏.‏",
        "note": "[৩৯৮০] আহমাদ।",
        "grade_id": 12,
        "grade": "হাসান সহিহ",
        "grade_color": "#46B891"
      },
      {
        "id": 24750,
        "book_id": 4,
        "book_name": "সুনানে আবু দাউদ",
        "chapter_id": 32,
        "section_id": 1,
        "hadith_key": "সুনানে আবু দাউদ: ৩৯৮১",
        "hadith_id": 3981,
        "narrator": "উবাহ ইবনু কা’ব (রাঃ)",
        "bn": "নবী (সাল্লাল্লাহু ‘আলাইহি ওয়া সাল্লাম) এই আয়াত এভাবে পড়তেনঃ (আরবী)। [৩৯৮১]",
        "ar": "حَدَّثَنَا مُحَمَّدُ بْنُ عَبْدِ اللَّهِ، حَدَّثَنَا الْمُغِيرَةُ بْنُ سَلَمَةَ، حَدَّثَنَا ابْنُ الْمُبَارَكِ، عَنِ الأَجْلَحِ، حَدَّثَنِي عَبْدُ اللَّهِ بْنُ عَبْدِ الرَّحْمَنِ بْنِ أَبْزَى، عَنْ أَبِيهِ، عَنْ أُبَىٍّ، أَنَّ النَّبِيَّ صلى الله عليه وسلم قَرَأَ ‏{‏ بِفَضْلِ اللَّهِ وَبِرَحْمَتِهِ فَبِذَلِكَ فَلْيَفْرَحُوا هُوَ خَيْرٌ مِمَّا تَجْمَعُونَ ‏}‏ ‏.‏",
        "ar_diacless": "حدثنا محمد بن عبد الله، حدثنا المغيرة بن سلمة، حدثنا ابن المبارك، عن الأجلح، حدثني عبد الله بن عبد الرحمن بن أبزى، عن أبيه، عن أبى، أن النبي صلى الله عليه وسلم قرأ ‏{‏ بفضل الله وبرحمته فبذلك فليفرحوا هو خير مما تجمعون ‏}‏ ‏.‏",
        "note": "[৩৯৮১] আহমাদ।",
        "grade_id": 12,
        "grade": "হাসান সহিহ",
        "grade_color": "#46B891"
      },
      {
        "id": 24751,
        "book_id": 4,
        "book_name": "সুনানে আবু দাউদ",
        "chapter_id": 32,
        "section_id": 1,
        "hadith_key": "সুনানে আবু দাউদ: ৩৯৮২",
        "hadith_id": 3982,
        "narrator": "আসমা বিনতু আবূ বাক্‌র (রাঃ)",
        "bn": "তিনি নবী (সাল্লাল্লাহু ‘আলাইহি ওয়া সাল্লাম)-কে এ আয়াত এভাবে পড়তে শুনেছেনঃ (আরবী)। [৩৯৮২]",
        "ar": "حَدَّثَنَا مُوسَى بْنُ إِسْمَاعِيلَ، حَدَّثَنَا حَمَّادٌ، أَخْبَرَنَا ثَابِتٌ، عَنْ شَهْرِ بْنِ حَوْشَبٍ، عَنْ أَسْمَاءَ بِنْتِ يَزِيدَ، أَنَّهَا سَمِعَتِ النَّبِيَّ صلى الله عليه وسلم يَقْرَأُ ‏{‏ إِنَّهُ عَمِلَ غَيْرَ صَالِحٍ ‏}‏ ‏.‏",
        "ar_diacless": "حدثنا موسى بن إسماعيل، حدثنا حماد، أخبرنا ثابت، عن شهر بن حوشب، عن أسماء بنت يزيد، أنها سمعت النبي صلى الله عليه وسلم يقرأ ‏{‏ إنه عمل غير صالح ‏}‏ ‏.‏",
        "note": "",
        "grade_id": 2,
        "grade": "সহিহ হাদিস",
        "grade_color": "#46B891"
      },
      {
        "id": 24752,
        "book_id": 4,
        "book_name": "সুনানে আবু দাউদ",
        "chapter_id": 32,
        "section_id": 1,
        "hadith_key": "সুনানে আবু দাউদ: ৩৯৮৩",
        "hadith_id": 3983,
        "narrator": "শাহর ইবনু হাওশাব (রাঃ)",
        "bn": "তিনি বলেন, আমি উম্মু সালামাহ (রাঃ)-কে জিজ্ঞেস করলাম, নবী (সাল্লাল্লাহু ‘আলাইহি ওয়া সাল্লাম) এই কিভাবে পড়তেনঃ (আরবী)? তিনি বলেনঃ তিনি এই আয়াত এভাবে পড়তেনঃ (আরবী)।",
        "ar": "حَدَّثَنَا أَبُو كَامِلٍ، حَدَّثَنَا عَبْدُ الْعَزِيزِ، - يَعْنِي ابْنَ الْمُخْتَارِ - حَدَّثَنَا ثَابِتٌ، عَنْ شَهْرِ بْنِ حَوْشَبٍ، قَالَ سَأَلْتُ أُمَّ سَلَمَةَ كَيْفَ كَانَ رَسُولُ اللَّهِ صلى الله عليه وسلم صلى الله عليه وسلم يَقْرَأُ هَذِهِ الآيَةَ ‏{‏ إِنَّهُ عَمَلٌ غَيْرُ صَالِحٍ ‏}‏ فَقَالَتْ قَرَأَهَا ‏{‏ إِنَّهُ عَمِلَ غَيْرَ صَالِحٍ ‏}‏ قَالَ أَبُو دَاوُدَ وَرَوَاهُ هَارُونُ النَّحْوِيُّ وَمُوسَى بْنُ خَلَفٍ عَنْ ثَابِتٍ كَمَا قَالَ عَبْدُ الْعَزِيزِ ‏.‏",
        "ar_diacless": "حدثنا أبو كامل، حدثنا عبد العزيز، - يعني ابن المختار - حدثنا ثابت، عن شهر بن حوشب، قال سألت أم سلمة كيف كان رسول الله صلى الله عليه وسلم صلى الله عليه وسلم يقرأ هذه الآية ‏{‏ إنه عمل غير صالح ‏}‏ فقالت قرأها ‏{‏ إنه عمل غير صالح ‏}‏ قال أبو داود ورواه هارون النحوي وموسى بن خلف عن ثابت كما قال عبد العزيز ‏.‏",
        "note": "",
        "grade_id": 2,
        "grade": "সহিহ হাদিস",
        "grade_color": "#46B891"
      },
      {
        "id": 24753,
        "book_id": 4,
        "book_name": "সুনানে আবু দাউদ",
        "chapter_id": 32,
        "section_id": 1,
        "hadith_key": "সুনানে আবু দাউদ: ৩৯৮৪",
        "hadith_id": 3984,
        "narrator": "উবাই ইবনু কা’ব (রাঃ)",
        "bn": "তিনি বলেন, রাসূলুল্লাহ (সাল্লাল্লাহু ‘আলাইহি ওয়া সাল্লাম) যখন দু’আ করতেন তখন প্রথমে নিজের জন্য দু’আ করতেন এবং বলতেনঃ আমাদের উপর এবং মূসার উপর আল্লাহর রহমাত। যদি তিনি ধৈর্য ধারণ করতেন, তাহলে তিনি তার সঙ্গী (খিযির) থেকে আশ্চর্যকর জিনিস দেখতে পেতেন। বরং তিনি ধৈর্য্য না ধরে বলেনঃ (আরবী)। ক্বারী হামযাহ শব্দটি দীর্ঘ করে পাঠ করেন। [৩৯৮৪]",
        "ar": "حَدَّثَنَا إِبْرَاهِيمُ بْنُ مُوسَى، أَخْبَرَنَا عِيسَى، عَنْ حَمْزَةَ الزَّيَّاتِ، عَنْ أَبِي إِسْحَاقَ، عَنْ سَعِيدِ بْنِ جُبَيْرٍ، عَنِ ابْنِ عَبَّاسٍ، عَنْ أُبَىِّ بْنِ كَعْبٍ، قَالَ كَانَ رَسُولُ اللَّهِ صلى الله عليه وسلم إِذَا دَعَا بَدَأَ بِنَفْسِهِ وَقَالَ ‏\"‏ رَحْمَةُ اللَّهِ عَلَيْنَا وَعَلَى مُوسَى لَوْ صَبَرَ لَرَأَى مِنْ صَاحِبِهِ الْعَجَبَ وَلَكِنَّهُ قَالَ ‏{‏ إِنْ سَأَلْتُكَ عَنْ شَىْءٍ بَعْدَهَا فَلاَ تُصَاحِبْنِي قَدْ بَلَغْتَ مِنْ لَدُنِي ‏}‏ ‏\"‏ ‏.‏ طَوَّلَهَا حَمْزَةُ ‏.‏",
        "ar_diacless": "حدثنا إبراهيم بن موسى، أخبرنا عيسى، عن حمزة الزيات، عن أبي إسحاق، عن سعيد بن جبير، عن ابن عباس، عن أبى بن كعب، قال كان رسول الله صلى الله عليه وسلم إذا دعا بدأ بنفسه وقال ‏\"‏ رحمة الله علينا وعلى موسى لو صبر لرأى من صاحبه العجب ولكنه قال ‏{‏ إن سألتك عن شىء بعدها فلا تصاحبني قد بلغت من لدني ‏}‏ ‏\"‏ ‏.‏ طولها حمزة ‏.‏",
        "note": "",
        "grade_id": 2,
        "grade": "সহিহ হাদিস",
        "grade_color": "#46B891"
      },
      {
        "id": 24754,
        "book_id": 4,
        "book_name": "সুনানে আবু দাউদ",
        "chapter_id": 32,
        "section_id": 1,
        "hadith_key": "সুনানে আবু দাউদ: ৩৯৮৫",
        "hadith_id": 3985,
        "narrator": "উবাই ইবনু কা’ব (রাঃ)",
        "bn": "নবী (সাল্লাল্লাহু ‘আলাইহি ওয়া সাল্লাম) এই আয়াতের (আরবী) লাদুন্নী শব্দের নূনকে তাশদীদ সহকারে পড়েছেন। [৩৯৮৫]",
        "ar": "حَدَّثَنَا مُحَمَّدُ بْنُ عَبْدِ الرَّحْمَنِ أَبُو عَبْدِ اللَّهِ الْعَنْبَرِيُّ، حَدَّثَنَا أُمَيَّةُ بْنُ خَالِدٍ، حَدَّثَنَا أَبُو الْجَارِيَةِ الْعَبْدِيُّ، عَنْ شُعْبَةَ، عَنْ أَبِي إِسْحَاقَ، عَنْ سَعِيدِ بْنِ جُبَيْرٍ، عَنِ ابْنِ عَبَّاسٍ، عَنْ أُبَىِّ بْنِ كَعْبٍ، عَنِ النَّبِيِّ صلى الله عليه وسلم أَنَّهُ قَرَأَهَا ‏{‏ قَدْ بَلَغْتَ مِنْ لَدُنِّي ‏}‏ وَثَقَّلَهَا ‏.‏",
        "ar_diacless": "حدثنا محمد بن عبد الرحمن أبو عبد الله العنبري، حدثنا أمية بن خالد، حدثنا أبو الجارية العبدي، عن شعبة، عن أبي إسحاق، عن سعيد بن جبير، عن ابن عباس، عن أبى بن كعب، عن النبي صلى الله عليه وسلم أنه قرأها ‏{‏ قد بلغت من لدني ‏}‏ وثقلها ‏.‏",
        "note": "[৩৯৮৫] তিরমিযী, আহমাদ। ইমাম তিরমিযী বলেনঃ হাদীসটি গরীব, এই সূত্র ছাড়া অন্য কোন সূত্রে আমরা এটি অবহিত নাই। সানাদে আবুল জারিয়্যাহ ‘আবদী অজ্ঞাত। আমি জানি না, সে কে এবং তার নামও তার জানা যায়নি।",
        "grade_id": 4,
        "grade": "দুর্বল হাদিস",
        "grade_color": "#F85B24"
      },
      {
        "id": 24763,
        "book_id": 4,
        "book_name": "সুনানে আবু দাউদ",
        "chapter_id": 32,
        "section_id": 1,
        "hadith_key": "সুনানে আবু দাউদ: ৩৯৮৬",
        "hadith_id": 3986,
        "narrator": "ইবনু ‘আব্বাস (রাঃ)",
        "bn": "তিনি বলেন, উবাই ইবনু কা’ব (রাঃ) আমাকে ঐভাবে পড়িয়েছেন যেভাবে রাসূলুল্লাহ (রাঃ) তাকে পড়িয়েছিলেন। যেমন (আরবী)। এখানে (আরবী) শব্দটি হালকাভাবে পড়েছেন। [৩৯৮৬]",
        "ar": "حَدَّثَنَا مُحَمَّدُ بْنُ مَسْعُودٍ الْمِصِّيصِيُّ، حَدَّثَنَا عَبْدُ الصَّمَدِ بْنُ عَبْدِ الْوَارِثِ، حَدَّثَنَا مُحَمَّدُ بْنُ دِينَارٍ، حَدَّثَنَا سَعْدُ بْنُ أَوْسٍ، عَنْ مِصْدَعٍ أَبِي يَحْيَى، قَالَ سَمِعْتُ ابْنَ عَبَّاسٍ، يَقُولُ أَقْرَأَنِي أُبَىُّ بْنُ كَعْبٍ كَمَا أَقْرَأَهُ رَسُولُ اللَّهِ صلى الله عليه وسلم ‏{‏ فِي عَيْنٍ حَمِئَةٍ ‏}‏ مُخَفَّفَةً ‏.‏",
        "ar_diacless": "حدثنا محمد بن مسعود المصيصي، حدثنا عبد الصمد بن عبد الوارث، حدثنا محمد بن دينار، حدثنا سعد بن أوس، عن مصدع أبي يحيى، قال سمعت ابن عباس، يقول أقرأني أبى بن كعب كما أقرأه رسول الله صلى الله عليه وسلم ‏{‏ في عين حمئة ‏}‏ مخففة ‏.‏",
        "note": "[৩৯৮৬] তিরমিযী। ইমাম তিরমিযী বলেনঃ হাদীসটি এই সূত্র ছাড়া অন্য কোন সূত্রে আমরা এটি অবহিত নই।",
        "grade_id": 1,
        "grade": "নির্ণীত নয়",
        "grade_color": "#F0AD4E"
      },
      {
        "id": 24762,
        "book_id": 4,
        "book_name": "সুনানে আবু দাউদ",
        "chapter_id": 32,
        "section_id": 1,
        "hadith_key": "সুনানে আবু দাউদ: ৩৯৮৭",
        "hadith_id": 3987,
        "narrator": "আবূ সাঈদ আল-খুদরী (রাঃ)",
        "bn": "তিনি বলেন, নবী (সাল্লাল্লাহু ‘আলাইহি ওয়া সাল্লাম) বলেছেনঃ ‘ইল্লীনের অধিবাসী এক ব্যাক্তি জান্নাতবাসীদের দিকে তাকাবে। ফলে জান্নাত তার দৃষ্টির কারণে মোতির মত উজ্জ্বল হয়ে যাবে।” বর্ণনাকারী বলেন, হাদীসে এভাবেই এসেছে। এখানে (আরবী) শব্দটি দালের উপর পেশ হবে যের বা যবর হবে না। অতঃপর নবী (সাল্লাল্লাহু ‘আলাইহি ওয়া সাল্লাম) বলেনঃ আবূ বাক্‌র এবং ‘উমার তাদের দলভুক্ত হবেন। বরং তারা ঐ মতির চাইতে উত্তম। [৩৯৮৭]",
        "ar": "حَدَّثَنَا يَحْيَى بْنُ الْفَضْلِ، حَدَّثَنَا وُهَيْبٌ، - يَعْنِي ابْنَ عَمْرٍو النَّمَرِيَّ - أَخْبَرَنَا هَارُونُ، أَخْبَرَنِي أَبَانُ بْنُ تَغْلِبَ، عَنْ عَطِيَّةَ الْعَوْفِيِّ، عَنْ أَبِي سَعِيدٍ الْخُدْرِيِّ، أَنَّ النَّبِيَّ صلى الله عليه وسلم قَالَ ‏\"‏ إِنَّ الرَّجُلَ مِنْ أَهْلِ عِلِّيِّينَ لَيُشْرِفُ عَلَى أَهْلِ الْجَنَّةِ فَتُضِيءُ الْجَنَّةُ لِوَجْهِهِ كَأَنَّهَا كَوْكَبٌ دُرِّيٌّ ‏\"‏ ‏.‏ قَالَ وَهَكَذَا جَاءَ الْحَدِيثُ ‏\"‏ دُرِّيٌّ ‏\"‏ ‏.‏ مَرْفُوعَةُ الدَّالِ لاَ تُهْمَزُ ‏\"‏ وَإِنَّ أَبَا بَكْرٍ وَعُمَرَ لَمِنْهُمْ وَأَنْعَمَا ‏\"‏ ‏.‏",
        "ar_diacless": "حدثنا يحيى بن الفضل، حدثنا وهيب، - يعني ابن عمرو النمري - أخبرنا هارون، أخبرني أبان بن تغلب، عن عطية العوفي، عن أبي سعيد الخدري، أن النبي صلى الله عليه وسلم قال ‏\"‏ إن الرجل من أهل عليين ليشرف على أهل الجنة فتضيء الجنة لوجهه كأنها كوكب دري ‏\"‏ ‏.‏ قال وهكذا جاء الحديث ‏\"‏ دري ‏\"‏ ‏.‏ مرفوعة الدال لا تهمز ‏\"‏ وإن أبا بكر وعمر لمنهم وأنعما ‏\"‏ ‏.‏",
        "note": "[৩৯৮৭] তিরমিযী, ইবনু মাজাহ। ইমাম তিরমিযী বলেনঃ ‘এই হাদীসটি হাসান।’ সানাদে ‘আত্বিয়্যাহ ‘আওফী দুর্বল।",
        "grade_id": 4,
        "grade": "দুর্বল হাদিস",
        "grade_color": "#F85B24"
      },
      {
        "id": 24765,
        "book_id": 4,
        "book_name": "সুনানে আবু দাউদ",
        "chapter_id": 32,
        "section_id": 1,
        "hadith_key": "সুনানে আবু দাউদ: ৩৯৮৮",
        "hadith_id": 3988,
        "narrator": "ফারওয়াহ ইবনু মুসাইক আল-গুতাইফী (রাঃ)",
        "bn": "তিনি বলেন, একদা আমি নবী (সাল্লাল্লাহু ‘আলাইহি ওয়া সাল্লাম)-এর নিকট আসলাম। অতঃপর হাদীস উল্লেখ করেন। এ সময় কওমের এক লোক জিজ্ঞেস করলো, হে আল্লাহর রাসূল! আপনি আমাদেরকে ‘সাবা’ সম্পর্কে সংবাদ দিন। সেটা কি কোন জায়গার নাম নাকি কোন মহিলার নাম? তিনি (সাল্লাল্লাহু ‘আলাইহি ওয়া সাল্লাম) বললেনঃ সেটা কোন জায়গা বা মহিলার নাম নয়। বরং তা আরবের একজন লোকের নাম। লোকটির দশজন পূত্র ছিল। যাদের ছয়জন ইয়ামানে এবং চারজন সিরিয়াতে বাস করে। [৩৯৮৮]",
        "ar": "حَدَّثَنَا عُثْمَانُ بْنُ أَبِي شَيْبَةَ، وَهَارُونُ بْنُ عَبْدِ اللَّهِ، قَالاَ حَدَّثَنَا أَبُو أُسَامَةَ، حَدَّثَنِي الْحَسَنُ بْنُ الْحَكَمِ النَّخَعِيُّ، حَدَّثَنَا أَبُو سَبْرَةَ النَّخَعِيُّ، عَنْ فَرْوَةَ بْنِ مُسَيْكٍ الْغُطَيْفِيِّ، قَالَ أَتَيْتُ النَّبِيَّ صلى الله عليه وسلم فَذَكَرَ الْحَدِيثَ فَقَالَ رَجُلٌ مِنَ الْقَوْمِ يَا رَسُولَ اللَّهِ أَخْبِرْنَا عَنْ سَبَإٍ مَا هُوَ أَرْضٌ أَمِ امْرَأَةٌ فَقَالَ ‏ \"‏ لَيْسَ بِأَرْضٍ وَلاَ امْرَأَةٍ وَلَكِنَّهُ رَجُلٌ وَلَدَ عَشَرَةً مِنَ الْعَرَبِ فَتَيَامَنَ سِتَّةٌ وَتَشَاءَمَ أَرْبَعَةٌ ‏\"‏ ‏.‏ قَالَ عُثْمَانُ الْغَطَفَانِيِّ مَكَانَ الْغُطَيْفِيِّ وَقَالَ حَدَّثَنَا الْحَسَنُ بْنُ الْحَكَمِ النَّخَعِيُّ ‏.‏",
        "ar_diacless": "حدثنا عثمان بن أبي شيبة، وهارون بن عبد الله، قالا حدثنا أبو أسامة، حدثني الحسن بن الحكم النخعي، حدثنا أبو سبرة النخعي، عن فروة بن مسيك الغطيفي، قال أتيت النبي صلى الله عليه وسلم فذكر الحديث فقال رجل من القوم يا رسول الله أخبرنا عن سبإ ما هو أرض أم امرأة فقال ‏ \"‏ ليس بأرض ولا امرأة ولكنه رجل ولد عشرة من العرب فتيامن ستة وتشاءم أربعة ‏\"‏ ‏.‏ قال عثمان الغطفاني مكان الغطيفي وقال حدثنا الحسن بن الحكم النخعي ‏.‏",
        "note": "[৩৯৮৮] তিরমিযী। ইমাম তিরমিযী বলেনঃ এই হাদীসটি হাসান গরীব।",
        "grade_id": 12,
        "grade": "হাসান সহিহ",
        "grade_color": "#46B891"
      },
      {
        "id": 24760,
        "book_id": 4,
        "book_name": "সুনানে আবু দাউদ",
        "chapter_id": 32,
        "section_id": 1,
        "hadith_key": "সুনানে আবু দাউদ: ৩৯৮৯",
        "hadith_id": 3989,
        "narrator": "আবূ হুরাইরাহ (রাঃ)",
        "bn": "নবী (সাল্লাল্লাহু ‘আলাইহি ওয়া সাল্লাম)-এর সূত্রে ওয়াহীর হাদীস বর্ণনা প্রসঙ্গে বলেনঃ নবী (সাল্লাল্লাহু ‘আলাইহি ওয়া সাল্লাম) তখন এই আয়াত পড়েছেনঃ (আরবী)।",
        "ar": "حَدَّثَنَا أَحْمَدُ بْنُ عَبْدَةَ، وَإِسْمَاعِيلُ بْنُ إِبْرَاهِيمَ أَبُو مَعْمَرٍ الْهُذَلِيُّ، عَنْ سُفْيَانَ، عَنْ عَمْرٍو، عَنْ عِكْرِمَةَ، قَالَ حَدَّثَنَا أَبُو هُرَيْرَةَ، عَنِ النَّبِيِّ صلى الله عليه وسلم - قَالَ إِسْمَاعِيلُ عَنْ أَبِي هُرَيْرَةَ رِوَايَةً - فَذَكَرَ حَدِيثَ الْوَحْىِ قَالَ فَذَلِكَ قَوْلُهُ تَعَالَى ‏{‏ حَتَّى إِذَا فُزِّعَ عَنْ قُلُوبِهِمْ ‏}‏ ‏.‏",
        "ar_diacless": "حدثنا أحمد بن عبدة، وإسماعيل بن إبراهيم أبو معمر الهذلي، عن سفيان، عن عمرو، عن عكرمة، قال حدثنا أبو هريرة، عن النبي صلى الله عليه وسلم - قال إسماعيل عن أبي هريرة رواية - فذكر حديث الوحى قال فذلك قوله تعالى ‏{‏ حتى إذا فزع عن قلوبهم ‏}‏ ‏.‏",
        "note": "",
        "grade_id": 2,
        "grade": "সহিহ হাদিস",
        "grade_color": "#46B891"
      },
      {
        "id": 24764,
        "book_id": 4,
        "book_name": "সুনানে আবু দাউদ",
        "chapter_id": 32,
        "section_id": 1,
        "hadith_key": "সুনানে আবু দাউদ: ৩৯৯০",
        "hadith_id": 3990,
        "narrator": "নাবী (সাল্লাল্লাহু ‘আলাইহি ওয়া সাল্লাম)-এর স্ত্রী উম্মু সালামাহ (রাঃ)",
        "bn": "তিনি বলেন, নবী (সাল্লাল্লাহু ‘আলাইহি ওয়া সাল্লাম) এই আয়াত এভাবে পড়েছেনঃ (আরবী)। ইমাম আবূ দাউদ বলেন, এই বর্ণনাটি মুরসাল। কারণ বর্ণনাকারী রবী‘ উম্মু সালামাহ্‌র সাক্ষাৎ পাননি। [৩৯৯০]",
        "ar": "حَدَّثَنَا مُحَمَّدُ بْنُ رَافِعٍ النَّيْسَابُورِيُّ، حَدَّثَنَا إِسْحَاقُ بْنُ سُلَيْمَانَ الرَّازِيُّ، سَمِعْتُ أَبَا جَعْفَرٍ، يَذْكُرُ عَنِ الرَّبِيعِ بْنِ أَنَسٍ، عَنْ أُمِّ سَلَمَةَ، زَوْجِ النَّبِيِّ صلى الله عليه وسلم قَالَتْ قِرَاءَةُ النَّبِيِّ صلى الله عليه وسلم ‏{‏ بَلَى قَدْ جَاءَتْكِ آيَاتِي فَكَذَّبْتِ بِهَا وَاسْتَكْبَرْتِ وَكُنْتِ مِنَ الْكَافِرِينَ ‏}‏ قَالَ أَبُو دَاوُدَ هَذَا مُرْسَلٌ الرَّبِيعُ لَمْ يُدْرِكْ أُمَّ سَلَمَةَ ‏.‏",
        "ar_diacless": "حدثنا محمد بن رافع النيسابوري، حدثنا إسحاق بن سليمان الرازي، سمعت أبا جعفر، يذكر عن الربيع بن أنس، عن أم سلمة، زوج النبي صلى الله عليه وسلم قالت قراءة النبي صلى الله عليه وسلم ‏{‏ بلى قد جاءتك آياتي فكذبت بها واستكبرت وكنت من الكافرين ‏}‏ قال أبو داود هذا مرسل الربيع لم يدرك أم سلمة ‏.‏",
        "note": "[৩৯৯০] আবূ দাউদ এটি এককভাবে বর্ণনা করেছেন। সানাদে বিচ্ছিন্নতা হয়েছে। রাবী’ উম্মু সালামাহকে পাননি।",
        "grade_id": 4,
        "grade": "দুর্বল হাদিস",
        "grade_color": "#F85B24"
      },
      {
        "id": 24761,
        "book_id": 4,
        "book_name": "সুনানে আবু দাউদ",
        "chapter_id": 32,
        "section_id": 1,
        "hadith_key": "সুনানে আবু দাউদ: ৩৯৯১",
        "hadith_id": 3991,
        "narrator": "‘আয়িশাহ (রাঃ)",
        "bn": "তিনি বলেন, আমি নবী (সাল্লাল্লাহু ‘আলাইহি ওয়া সাল্লাম)-কে এই আয়াত এভাবে পড়তে শুনেছিঃ (আরবী)। [৩৯৯১]",
        "ar": "حَدَّثَنَا مُسْلِمُ بْنُ إِبْرَاهِيمَ، حَدَّثَنَا هَارُونُ بْنُ مُوسَى النَّحْوِيُّ، عَنْ بُدَيْلِ بْنِ مَيْسَرَةَ، عَنْ عَبْدِ اللَّهِ بْنِ شَقِيقٍ، عَنْ عَائِشَةَ، - رضى الله تعالى عنها - قَالَتْ سَمِعْتُ النَّبِيَّ صلى الله عليه وسلم يَقْرَؤُهَا ‏{‏ فَرُوحٌ وَرَيْحَانٌ ‏}‏ ‏.‏",
        "ar_diacless": "حدثنا مسلم بن إبراهيم، حدثنا هارون بن موسى النحوي، عن بديل بن ميسرة، عن عبد الله بن شقيق، عن عائشة، - رضى الله تعالى عنها - قالت سمعت النبي صلى الله عليه وسلم يقرؤها ‏{‏ فروح وريحان ‏}‏ ‏.‏",
        "note": "",
        "grade_id": 2,
        "grade": "সহিহ হাদিস",
        "grade_color": "#46B891"
      },
      {
        "id": 24766,
        "book_id": 4,
        "book_name": "সুনানে আবু দাউদ",
        "chapter_id": 32,
        "section_id": 1,
        "hadith_key": "সুনানে আবু দাউদ: ৩৯৯২",
        "hadith_id": 3992,
        "narrator": "সাফওয়ান ইবনু ইয়া’লা তার পিতা",
        "bn": "তিনি বলেছেন, আমি নবী (সাল্লাল্লাহু ‘আলাইহি ওয়া সাল্লাম)-কে মিম্বারের উপর এই আয়াত এভাবে পড়তে শুনেছিঃ (আরবী)। এই আয়াত ‘ইয়া মা-লা’ পড়া হয়ে থাকে।",
        "ar": "حَدَّثَنَا أَحْمَدُ بْنُ حَنْبَلٍ، وَأَحْمَدُ بْنُ عَبْدَةَ، قَالاَ حَدَّثَنَا سُفْيَانُ، عَنْ عَمْرٍو، عَنْ عَطَاءٍ، - قَالَ ابْنُ حَنْبَلٍ لَمْ أَفْهَمْهُ جَيِّدًا - عَنْ صَفْوَانَ، - قَالَ ابْنُ عَبْدَةَ ابْنِ يَعْلَى - عَنْ أَبِيهِ، قَالَ سَمِعْتُ النَّبِيَّ صلى الله عليه وسلم عَلَى الْمِنْبَرِ يَقْرَأُ ‏{‏ وَنَادَوْا يَا مَالِكُ ‏}‏ ‏.‏ قَالَ أَبُو دَاوُدَ يَعْنِي بِلاَ تَرْخِيمٍ ‏.‏",
        "ar_diacless": "حدثنا أحمد بن حنبل، وأحمد بن عبدة، قالا حدثنا سفيان، عن عمرو، عن عطاء، - قال ابن حنبل لم أفهمه جيدا - عن صفوان، - قال ابن عبدة ابن يعلى - عن أبيه، قال سمعت النبي صلى الله عليه وسلم على المنبر يقرأ ‏{‏ ونادوا يا مالك ‏}‏ ‏.‏ قال أبو داود يعني بلا ترخيم ‏.‏",
        "note": "",
        "grade_id": 2,
        "grade": "সহিহ হাদিস",
        "grade_color": "#46B891"
      },
      {
        "id": 24767,
        "book_id": 4,
        "book_name": "সুনানে আবু দাউদ",
        "chapter_id": 32,
        "section_id": 1,
        "hadith_key": "সুনানে আবু দাউদ: ৩৯৯৩",
        "hadith_id": 3993,
        "narrator": "‘আবদুল্লাহ (রাঃ)",
        "bn": "তিনি বলেন, রাসূলুল্লাহ (সাল্লাল্লাহু ‘আলাইহি ওয়া সাল্লাম) আমাকে এই আয়াত এভাবে পড়িয়েছেনঃ (আরবী)।",
        "ar": "حَدَّثَنَا نَصْرُ بْنُ عَلِيٍّ، أَخْبَرَنَا أَبُو أَحْمَدَ، أَخْبَرَنَا إِسْرَائِيلُ، عَنْ أَبِي إِسْحَاقَ، عَنْ عَبْدِ الرَّحْمَنِ بْنِ يَزِيدَ، عَنْ عَبْدِ اللَّهِ، قَالَ أَقْرَأَنِي رَسُولُ اللَّهِ صلى الله عليه وسلم ‏{‏ إِنِّي أَنَا الرَّزَّاقُ ذُو الْقُوَّةِ الْمَتِينُ ‏}‏ ‏.‏",
        "ar_diacless": "حدثنا نصر بن علي، أخبرنا أبو أحمد، أخبرنا إسرائيل، عن أبي إسحاق، عن عبد الرحمن بن يزيد، عن عبد الله، قال أقرأني رسول الله صلى الله عليه وسلم ‏{‏ إني أنا الرزاق ذو القوة المتين ‏}‏ ‏.‏",
        "note": "",
        "grade_id": 2,
        "grade": "সহিহ হাদিস",
        "grade_color": "#46B891"
      },
      {
        "id": 24768,
        "book_id": 4,
        "book_name": "সুনানে আবু দাউদ",
        "chapter_id": 32,
        "section_id": 1,
        "hadith_key": "সুনানে আবু দাউদ: ৩৯৯৪",
        "hadith_id": 3994,
        "narrator": "‘আবদুল্লাহ (রাঃ)",
        "bn": "তিনি বলেন, নবী (সাল্লাল্লাহু ‘আলাইহি ওয়া সাল্লাম) এই আয়াত এভাবে পড়তেনঃ (আরবী)। ইমাম আবূ দাউদ বলেন, মীম অক্ষর পেশ, দাল অক্ষর যবর এবং কাফ অক্ষর যের বিশিষ্ট হবে।",
        "ar": "حَدَّثَنَا حَفْصُ بْنُ عُمَرَ، حَدَّثَنَا شُعْبَةُ، عَنْ أَبِي إِسْحَاقَ، عَنِ الأَسْوَدِ، عَنْ عَبْدِ اللَّهِ، أَنَّ النَّبِيَّ صلى الله عليه وسلم كَانَ يَقْرَؤُهَا ‏{‏ فَهَلْ مِنْ مُدَّكِرٍ ‏}‏ يَعْنِي مُثَقَّلاً ‏.‏ قَالَ أَبُو دَاوُدَ مَضْمُومَةَ الْمِيمِ مَفْتُوحَةَ الدَّالِ مَكْسُورَةَ الْكَافِ ‏.‏",
        "ar_diacless": "حدثنا حفص بن عمر، حدثنا شعبة، عن أبي إسحاق، عن الأسود، عن عبد الله، أن النبي صلى الله عليه وسلم كان يقرؤها ‏{‏ فهل من مدكر ‏}‏ يعني مثقلا ‏.‏ قال أبو داود مضمومة الميم مفتوحة الدال مكسورة الكاف ‏.‏",
        "note": "",
        "grade_id": 2,
        "grade": "সহিহ হাদিস",
        "grade_color": "#46B891"
      },
      {
        "id": 24769,
        "book_id": 4,
        "book_name": "সুনানে আবু দাউদ",
        "chapter_id": 32,
        "section_id": 1,
        "hadith_key": "সুনানে আবু দাউদ: ৩৯৯৫",
        "hadith_id": 3995,
        "narrator": "জাবির (রাঃ)",
        "bn": "তিনি বলেন, আমি নবী (সাল্লাল্লাহু ‘আলাইহি ওয়া সাল্লাম)-কে দেখছি এই আয়াত এভাবে পড়তেঃ (আরবী)। [৩৯৯৫]",
        "ar": "حَدَّثَنَا أَحْمَدُ بْنُ صَالِحٍ، حَدَّثَنَا عَبْدُ الْمَلِكِ بْنُ عَبْدِ الرَّحْمَنِ الذِّمَارِيُّ، حَدَّثَنَا سُفْيَانُ، حَدَّثَنِي مُحَمَّدُ بْنُ الْمُنْكَدِرِ، عَنْ جَابِرٍ، قَالَ رَأَيْتُ النَّبِيَّ صلى الله عليه وسلم يَقْرَأُ ‏{‏ يَحْسَبُ أَنَّ مَالَهُ أَخْلَدَهُ ‏}‏",
        "ar_diacless": "حدثنا أحمد بن صالح، حدثنا عبد الملك بن عبد الرحمن الذماري، حدثنا سفيان، حدثني محمد بن المنكدر، عن جابر، قال رأيت النبي صلى الله عليه وسلم يقرأ ‏{‏ يحسب أن ماله أخلده ‏}‏",
        "note": "[৩৯৯৫] হাকিম। ইমাম হাকিম বলেনঃ সানাদ সহীহ। ইমাম যাহাবী বলেনঃ সানাদে ‘আবদুল মালিক যাঈফ।",
        "grade_id": 4,
        "grade": "দুর্বল হাদিস",
        "grade_color": "#F85B24"
      },
      {
        "id": 24770,
        "book_id": 4,
        "book_name": "সুনানে আবু দাউদ",
        "chapter_id": 32,
        "section_id": 1,
        "hadith_key": "সুনানে আবু দাউদ: ৩৯৯৬",
        "hadith_id": 3996,
        "narrator": "আবূ ক্বিলাবাহ (রাঃ)",
        "bn": "আবূ ক্বিলাবাহ (রাঃ) তার থেকে শুনেছেন, যাকে রাসূলুল্লাহ (সাল্লাল্লাহু ‘আলাইহি ওয়া সাল্লাম) (এই আয়াত) এভাবে পড়িয়েছেনঃ (আরবী)। [৩৯৯৬]",
        "ar": "حَدَّثَنَا حَفْصُ بْنُ عُمَرَ، حَدَّثَنَا شُعْبَةُ، عَنْ خَالِدٍ، عَنْ أَبِي قِلاَبَةَ، عَمَّنْ أَقْرَأَهُ رَسُولُ اللَّهِ صلى الله عليه وسلم ‏{‏ فَيَوْمَئِذٍ لاَ يُعَذَّبُ عَذَابَهُ أَحَدٌ * وَلاَ يُوثَقُ وَثَاقَهُ أَحَدٌ ‏}‏ ‏.‏ قَالَ أَبُو دَاوُدَ بَعْضُهُمْ أَدْخَلَ بَيْنَ خَالِدٍ وَأَبِي قِلاَبَةَ رَجُلاً ‏.‏",
        "ar_diacless": "حدثنا حفص بن عمر، حدثنا شعبة، عن خالد، عن أبي قلابة، عمن أقرأه رسول الله صلى الله عليه وسلم ‏{‏ فيومئذ لا يعذب عذابه أحد * ولا يوثق وثاقه أحد ‏}‏ ‏.‏ قال أبو داود بعضهم أدخل بين خالد وأبي قلابة رجلا ‏.‏",
        "note": "[৩৯৯৬] হাকিম। ইমাম হাকিম বলেনঃ বুখারী ও মুসলিম শর্তে সহীহ। যাহাবী তার সাথে একমত পোষণ করেছেন।",
        "grade_id": 4,
        "grade": "দুর্বল হাদিস",
        "grade_color": "#F85B24"
      },
      {
        "id": 24771,
        "book_id": 4,
        "book_name": "সুনানে আবু দাউদ",
        "chapter_id": 32,
        "section_id": 1,
        "hadith_key": "সুনানে আবু দাউদ: ৩৯৯৭",
        "hadith_id": 3997,
        "narrator": "আবূ ক্বিলাবাহ (রাঃ)",
        "bn": "আমার কাছে ঐ ব্যাক্তি বর্ণনা করেছেন, যাকে রাসূলুল্লাহ (সাল্লাল্লাহু ‘আলাইহি ওয়া সাল্লাম) পড়িয়েছেনঃ (আরবী)। অর্থাৎ তিনি (আরবী)-এর যাল অক্ষরে যবর দিয়ে পড়তেন। [৩৯৯৭]",
        "ar": "حَدَّثَنَا مُحَمَّدُ بْنُ عُبَيْدٍ، حَدَّثَنَا حَمَّادٌ، عَنْ خَالِدٍ الْحَذَّاءِ، عَنْ أَبِي قِلاَبَةَ، قَالَ أَنْبَأَنِي مَنْ، أَقْرَأَهُ النَّبِيُّ صلى الله عليه وسلم أَوْ مَنْ أَقْرَأَهُ مَنْ أَقْرَأَهُ النَّبِيُّ صلى الله عليه وسلم ‏{‏ فَيَوْمَئِذٍ لاَ يُعَذَّبُ ‏}‏ ‏.‏ قَالَ أَبُو دَاوُدَ قَرَأَ عَاصِمٌ وَالأَعْمَشُ وَطَلْحَةُ بْنُ مُصَرِّفٍ وَأَبُو جَعْفَرٍ يَزِيدُ بْنُ الْقَعْقَاعِ وَشَيْبَةُ بْنُ نَصَّاحٍ وَنَافِعُ بْنُ عَبْدِ الرَّحْمَنِ وَعَبْدُ اللَّهِ بْنُ كَثِيرٍ الدَّارِيُّ وَأَبُو عَمْرِو بْنِ الْعَلاَءِ وَحَمْزَةُ الزَّيَّاتُ وَعَبْدُ الرَّحْمَنِ الأَعْرَجُ وَقَتَادَةُ وَالْحَسَنُ الْبَصْرِيُّ وَمُجَاهِدٌ وَحُمَيْدٌ الأَعْرَجُ وَعَبْدُ اللَّهِ بْنُ عَبَّاسٍ وَعَبْدُ الرَّحْمَنِ بْنُ أَبِي بَكْرٍ ‏{‏ لاَ يُعَذِّبُ ‏}‏ ‏{‏ وَلاَ يُوثِقُ ‏}‏ إِلاَّ الْحَدِيثَ الْمَرْفُوعَ فَإِنَّهُ ‏{‏ يُعَذَّبُ ‏}‏ بِالْفَتْحِ ‏.‏",
        "ar_diacless": "حدثنا محمد بن عبيد، حدثنا حماد، عن خالد الحذاء، عن أبي قلابة، قال أنبأني من، أقرأه النبي صلى الله عليه وسلم أو من أقرأه من أقرأه النبي صلى الله عليه وسلم ‏{‏ فيومئذ لا يعذب ‏}‏ ‏.‏ قال أبو داود قرأ عاصم والأعمش وطلحة بن مصرف وأبو جعفر يزيد بن القعقاع وشيبة بن نصاح ونافع بن عبد الرحمن وعبد الله بن كثير الداري وأبو عمرو بن العلاء وحمزة الزيات وعبد الرحمن الأعرج وقتادة والحسن البصري ومجاهد وحميد الأعرج وعبد الله بن عباس وعبد الرحمن بن أبي بكر ‏{‏ لا يعذب ‏}‏ ‏{‏ ولا يوثق ‏}‏ إلا الحديث المرفوع فإنه ‏{‏ يعذب ‏}‏ بالفتح ‏.‏",
        "note": "[৩৯৯৭] এর পূর্বেরটি দেখুন।",
        "grade_id": 4,
        "grade": "দুর্বল হাদিস",
        "grade_color": "#F85B24"
      },
      {
        "id": 24772,
        "book_id": 4,
        "book_name": "সুনানে আবু দাউদ",
        "chapter_id": 32,
        "section_id": 1,
        "hadith_key": "সুনানে আবু দাউদ: ৩৯৯৮",
        "hadith_id": 3998,
        "narrator": "আবূ সাঈদ আল-খুদরী (রাঃ)",
        "bn": "তিনি বলেন, একদা রাসূলুল্লাহ (সাল্লাল্লাহু ‘আলাইহি ওয়া সাল্লাম) একটি হাদীসে বর্ণনা করেনঃ (আরবী)। তিনি বলেনঃ (আরবী)। এতে কয়েক ধরনের কিরাআত আছে। [৩৯৯৮]",
        "ar": "حَدَّثَنَا عُثْمَانُ بْنُ أَبِي شَيْبَةَ، وَمُحَمَّدُ بْنُ الْعَلاَءِ، أَنَّ مُحَمَّدَ بْنَ أَبِي عُبَيْدَةَ، حَدَّثَهُمْ قَالَ حَدَّثَنَا أَبِي، عَنِ الأَعْمَشِ، عَنْ سَعْدٍ الطَّائِيِّ، عَنْ عَطِيَّةَ الْعَوْفِيِّ، عَنْ أَبِي سَعِيدٍ الْخُدْرِيِّ، قَالَ حَدَّثَ رَسُولُ اللَّهِ صلى الله عليه وسلم حَدِيثًا ذَكَرَ فِيهِ ‏ \"‏ جِبْرِيلَ وَمِيكَالَ ‏\"‏ ‏.‏ فَقَرَأَ ‏{‏ جِبْرَائِلَ وَمِيكَائِلَ ‏}‏ ‏.‏ قَالَ أَبُو دَاوُدَ قَالَ خَلَفٌ مُنْذُ أَرْبَعِينَ سَنَةً لَمْ أَرْفَعِ الْقَلَمَ عَنْ كِتَابَةِ الْحُرُوفِ مَا أَعْيَانِي شَىْءٌ مَا أَعْيَانِي جِبْرَائِلُ وَمِيكَائِلُ ‏.‏",
        "ar_diacless": "حدثنا عثمان بن أبي شيبة، ومحمد بن العلاء، أن محمد بن أبي عبيدة، حدثهم قال حدثنا أبي، عن الأعمش، عن سعد الطائي، عن عطية العوفي، عن أبي سعيد الخدري، قال حدث رسول الله صلى الله عليه وسلم حديثا ذكر فيه ‏ \"‏ جبريل وميكال ‏\"‏ ‏.‏ فقرأ ‏{‏ جبرائل وميكائل ‏}‏ ‏.‏ قال أبو داود قال خلف منذ أربعين سنة لم أرفع القلم عن كتابة الحروف ما أعياني شىء ما أعياني جبرائل وميكائل ‏.‏",
        "note": "[৩৯৯৮] আহমাদ, হাকিম। ইমাম হাকিম বলেনঃ সহীহ। ইমাম যাহাবী বলেনঃ এর সানাদে ‘আত্বিয়্যাহ ‘আওফী দুর্বল।",
        "grade_id": 4,
        "grade": "দুর্বল হাদিস",
        "grade_color": "#F85B24"
      },
      {
        "id": 24773,
        "book_id": 4,
        "book_name": "সুনানে আবু দাউদ",
        "chapter_id": 32,
        "section_id": 1,
        "hadith_key": "সুনানে আবু দাউদ: ৩৯৯৯",
        "hadith_id": 3999,
        "narrator": "মুহাম্মাদ ইবনু খাযিম (রহঃ)",
        "bn": "একদা আ’মাশ (রহঃ)-এর নিকট উল্লেখ করা হলো, জিবরাঈল ও মীকাঈল-এর কিরাআত কিরূপ? তখন আ’মাশ (রহঃ) আমাদেরকে হাদীস বর্ণনা করলেনঃ আবূ সাঈদ আল-খুদরী (রাঃ) সূত্রে বর্ণিত। তিনি বলেন, রাসূলুল্লাহ (সাল্লাল্লাহু ‘আলাইহি ওয়া সাল্লাম) শিংগাওয়ালা (ইসরাফীল) সম্পর্কে আলোচনা প্রসঙ্গে বলেনঃ তার ডানপাশে জিব্‌রাঈল ও তার বাম পাশে মীকাঈল থাকবেন। [৩৯৯৯]",
        "ar": "حَدَّثَنَا زَيْدُ بْنُ أَخْزَمَ، حَدَّثَنَا بِشْرٌ، - يَعْنِي ابْنَ عُمَرَ - حَدَّثَنَا مُحَمَّدُ بْنُ خَازِمٍ، قَالَ ذُكِرَ كَيْفَ قِرَاءَةُ جِبْرَائِلَ وَمِيكَائِلَ عِنْدَ الأَعْمَشِ فَحَدَّثَنَا الأَعْمَشُ عَنْ سَعْدٍ الطَّائِيِّ عَنْ عَطِيَّةَ الْعَوْفِيِّ عَنْ أَبِي سَعِيدٍ الْخُدْرِيِّ قَالَ ذَكَرَ رَسُولُ اللَّهِ صلى الله عليه وسلم صَاحِبَ الصُّورِ فَقَالَ ‏ \"‏ عَنْ يَمِينِهِ جِبْرَائِلُ وَعَنْ يَسَارِهِ مِيكَائِلُ ‏\"‏ ‏.‏",
        "ar_diacless": "حدثنا زيد بن أخزم، حدثنا بشر، - يعني ابن عمر - حدثنا محمد بن خازم، قال ذكر كيف قراءة جبرائل وميكائل عند الأعمش فحدثنا الأعمش عن سعد الطائي عن عطية العوفي عن أبي سعيد الخدري قال ذكر رسول الله صلى الله عليه وسلم صاحب الصور فقال ‏ \"‏ عن يمينه جبرائل وعن يساره ميكائل ‏\"‏ ‏.‏",
        "note": "[৩৯৯৯] এর পূর্বের হাদীস দেখুন।",
        "grade_id": 4,
        "grade": "দুর্বল হাদিস",
        "grade_color": "#F85B24"
      },
      {
        "id": 24774,
        "book_id": 4,
        "book_name": "সুনানে আবু দাউদ",
        "chapter_id": 32,
        "section_id": 1,
        "hadith_key": "সুনানে আবু দাউদ: ৪০০০",
        "hadith_id": 4000,
        "narrator": "ইবনুল মুসাইয়্যাব (রহঃ)",
        "bn": "নবী (সাল্লাল্লাহু ‘আলাইহি ওয়া সাল্লাম) আবূ বাক্‌র, ‘উমার ও ‘উসমান (রাঃ) এ আয়াত (আরবী) এই নিয়মে অর্থাৎ ‘মীম’-এর সাথে আলিফ-সহ পড়েন। মারওয়ান সর্বপ্রথম ‘আলিফ ছাড়া পড়েন। [৪০০০]",
        "ar": "حَدَّثَنَا أَحْمَدُ بْنُ حَنْبَلٍ، حَدَّثَنَا عَبْدُ الرَّزَّاقِ، أَخْبَرَنَا مَعْمَرٌ، عَنِ الزُّهْرِيِّ، قَالَ مَعْمَرٌ وَرُبَّمَا ذَكَرَ ابْنَ الْمُسَيَّبِ قَالَ كَانَ النَّبِيُّ صلى الله عليه وسلم وَأَبُو بَكْرٍ وَعُمَرُ وَعُثْمَانُ يَقْرَءُونَ ‏{‏ مَالِكِ يَوْمِ الدِّينِ ‏}‏ وَأَوَّلُ مَنْ قَرَأَهَا ‏{‏ مَلِكِ يَوْمِ الدِّينِ ‏}‏ مَرْوَانُ ‏.‏ قَالَ أَبُو دَاوُدَ هَذَا أَصَحُّ مِنْ حَدِيثِ الزُّهْرِيِّ عَنْ أَنَسٍ وَالزُّهْرِيِّ عَنْ سَالِمٍ عَنْ أَبِيهِ ‏.‏",
        "ar_diacless": "حدثنا أحمد بن حنبل، حدثنا عبد الرزاق، أخبرنا معمر، عن الزهري، قال معمر وربما ذكر ابن المسيب قال كان النبي صلى الله عليه وسلم وأبو بكر وعمر وعثمان يقرءون ‏{‏ مالك يوم الدين ‏}‏ وأول من قرأها ‏{‏ ملك يوم الدين ‏}‏ مروان ‏.‏ قال أبو داود هذا أصح من حديث الزهري عن أنس والزهري عن سالم عن أبيه ‏.‏",
        "note": "[৪০০০] তিরমিযী। ইমাম তিরমিযী বলেনঃ এই হাদীসটি হাসান গরীব। এই সানাদটি মুনকাতি। যুহরী হাদীসটি ইবনুল মুসায়্যিব থেকে শুনেননি।",
        "grade_id": 4,
        "grade": "দুর্বল হাদিস",
        "grade_color": "#F85B24"
      },
      {
        "id": 24784,
        "book_id": 4,
        "book_name": "সুনানে আবু দাউদ",
        "chapter_id": 32,
        "section_id": 1,
        "hadith_key": "সুনানে আবু দাউদ: ৪০০১",
        "hadith_id": 4001,
        "narrator": "উম্মু সালামাহ (রাঃ)",
        "bn": "তিনি রাসূলুল্লাহ (সাল্লাল্লাহু ‘আলাইহি ওয়া সাল্লাম)-এর কুরআন পাঠ বর্ণনা করেন অথবা অনুরূপ শব্দ প্রয়োগ করেন (আরবী)। তিনি প্রতিটি আয়াত বিরতি দিয়ে পাঠ করতেন। ইমাম আবূ দাঊদ (রহঃ) বলেন, আমি আহ্‌মাদ (রহঃ)-কে বলতে শুনেছি, প্রাচীন কিরাআত হলো (আরবী)।",
        "ar": "حَدَّثَنَا سَعِيدُ بْنُ يَحْيَى الأُمَوِيُّ، حَدَّثَنِي أَبِي، حَدَّثَنَا ابْنُ جُرَيْجٍ، عَنْ عَبْدِ اللَّهِ بْنِ أَبِي مُلَيْكَةَ، عَنْ أُمِّ سَلَمَةَ، أَنَّهَا ذَكَرَتْ - أَوْ كَلِمَةً غَيْرَهَا - قِرَاءَةَ رَسُولِ اللَّهِ صلى الله عليه وسلم ‏{‏ بِسْمِ اللَّهِ الرَّحْمَنِ الرَّحِيمِ * الْحَمْدُ لِلَّهِ رَبِّ الْعَالَمِينَ * الرَّحْمَنِ الرَّحِيمِ * مَلِكِ يَوْمِ الدِّينِ ‏}‏ يَقْطَعُ قِرَاءَتَهُ آيَةً آيَةً ‏.‏ قَالَ أَبُو دَاوُدَ سَمِعْتُ أَحْمَدَ يَقُولُ الْقِرَاءَةُ الْقَدِيمَةُ ‏{‏ مَالِكِ يَوْمِ الدِّينِ ‏}‏ ‏.‏",
        "ar_diacless": "حدثنا سعيد بن يحيى الأموي، حدثني أبي، حدثنا ابن جريج، عن عبد الله بن أبي مليكة، عن أم سلمة، أنها ذكرت - أو كلمة غيرها - قراءة رسول الله صلى الله عليه وسلم ‏{‏ بسم الله الرحمن الرحيم * الحمد لله رب العالمين * الرحمن الرحيم * ملك يوم الدين ‏}‏ يقطع قراءته آية آية ‏.‏ قال أبو داود سمعت أحمد يقول القراءة القديمة ‏{‏ مالك يوم الدين ‏}‏ ‏.‏",
        "note": "",
        "grade_id": 2,
        "grade": "সহিহ হাদিস",
        "grade_color": "#46B891"
      },
      {
        "id": 24787,
        "book_id": 4,
        "book_name": "সুনানে আবু দাউদ",
        "chapter_id": 32,
        "section_id": 1,
        "hadith_key": "সুনানে আবু দাউদ: ৪০০২",
        "hadith_id": 4002,
        "narrator": "আবূ যার (রাঃ)",
        "bn": "তিনি বলেন, আমি রাসূলুল্লাহ (সাল্লাল্লাহু ‘আলাইহি ওয়া সাল্লাম)-এর পিছনে একই গাধার পিঠে বসা ছিলাম, তখন সূর্য অস্ত যাচ্ছিল। তিনি আমাকে বললেনঃ তুমি কি জানো, এটা কোথায় অস্তমিত হয়? আমি বললাম, আল্লাহ এবং তাঁর রাসূলই ভালো জানেন। তিনি বলেনঃ “এটা উষ্ণ পানির এক ঝর্ণায় অস্তমিত হয়” (সূরাহ কাহ্‌ফঃ ৮৬)। [৪০০২]",
        "ar": "حَدَّثَنَا عُثْمَانُ بْنُ أَبِي شَيْبَةَ، وَعُبَيْدُ اللَّهِ بْنُ عُمَرَ بْنِ مَيْسَرَةَ، - الْمَعْنَى - قَالاَ حَدَّثَنَا يَزِيدُ بْنُ هَارُونَ، عَنْ سُفْيَانَ بْنِ حُسَيْنٍ، عَنِ الْحَكَمِ بْنِ عُتَيْبَةَ، عَنْ إِبْرَاهِيمَ التَّيْمِيِّ، عَنْ أَبِيهِ، عَنْ أَبِي ذَرٍّ، قَالَ كُنْتُ رَدِيفَ رَسُولِ اللَّهِ صلى الله عليه وسلم وَهُوَ عَلَى حِمَارٍ وَالشَّمْسُ عِنْدَ غُرُوبِهَا فَقَالَ ‏\"‏ هَلْ تَدْرِي أَيْنَ تَغْرُبُ هَذِهِ ‏\"‏ ‏.‏ قُلْتُ اللَّهُ وَرَسُولُهُ أَعْلَمُ ‏.‏ قَالَ ‏\"‏ فَإِنَّهَا تَغْرُبُ فِي عَيْنِ حَامِيَةٍ ‏\"‏ ‏.‏",
        "ar_diacless": "حدثنا عثمان بن أبي شيبة، وعبيد الله بن عمر بن ميسرة، - المعنى - قالا حدثنا يزيد بن هارون، عن سفيان بن حسين، عن الحكم بن عتيبة، عن إبراهيم التيمي، عن أبيه، عن أبي ذر، قال كنت رديف رسول الله صلى الله عليه وسلم وهو على حمار والشمس عند غروبها فقال ‏\"‏ هل تدري أين تغرب هذه ‏\"‏ ‏.‏ قلت الله ورسوله أعلم ‏.‏ قال ‏\"‏ فإنها تغرب في عين حامية ‏\"‏ ‏.‏",
        "note": "",
        "grade_id": 2,
        "grade": "সহিহ হাদিস",
        "grade_color": "#46B891"
      },
      {
        "id": 24788,
        "book_id": 4,
        "book_name": "সুনানে আবু দাউদ",
        "chapter_id": 32,
        "section_id": 1,
        "hadith_key": "সুনানে আবু দাউদ: ৪০০৩",
        "hadith_id": 4003,
        "narrator": "ইবনুল আস্‌কা’ (রাঃ) এর মুক্তদাস হতে ইবনুল আস্‌কা’র",
        "bn": "তিনি ইবনুল আস্‌কা’কে বলতে শুনেছেন, নবী (সাল্লাল্লাহু ‘আলাইহি ওয়া সাল্লাম) মুহাজিরদের আঙ্গিনায় তাদের নিকট আসলেন। তখন এক ব্যাক্তি তাঁকে প্রশ্ন করলো, কুরআনের কোন্‌ আয়াতটি সর্বাধিক মর্যাদাপূর্ণ? তিনি বলেনঃ (আরবী)। আয়াতুল কুরসী।",
        "ar": "حَدَّثَنَا مُحَمَّدُ بْنُ عِيسَى، حَدَّثَنَا حَجَّاجٌ، عَنِ ابْنِ جُرَيْجٍ، قَالَ أَخْبَرَنِي عُمَرُ بْنُ عَطَاءٍ، أَنَّ مَوْلًى، لاِبْنِ الأَسْقَعِ - رَجُلَ صِدْقٍ - أَخْبَرَهُ عَنِ ابْنِ الأَسْقَعِ أَنَّهُ سَمِعَهُ يَقُولُ إِنَّ النَّبِيَّ صلى الله عليه وسلم جَاءَهُمْ فِي صُفَّةِ الْمُهَاجِرِينَ فَسَأَلَهُ إِنْسَانٌ أَىُّ آيَةٍ فِي الْقُرْآنِ أَعْظَمُ قَالَ النَّبِيُّ صلى الله عليه وسلم ‏\"‏ ‏{‏ اللَّهُ لاَ إِلَهَ إِلاَّ هُوَ الْحَىُّ الْقَيُّومُ لاَ تَأْخُذُهُ سِنَةٌ وَلاَ نَوْمٌ ‏}‏ ‏\"‏ ‏.‏",
        "ar_diacless": "حدثنا محمد بن عيسى، حدثنا حجاج، عن ابن جريج، قال أخبرني عمر بن عطاء، أن مولى، لابن الأسقع - رجل صدق - أخبره عن ابن الأسقع أنه سمعه يقول إن النبي صلى الله عليه وسلم جاءهم في صفة المهاجرين فسأله إنسان أى آية في القرآن أعظم قال النبي صلى الله عليه وسلم ‏\"‏ ‏{‏ الله لا إله إلا هو الحى القيوم لا تأخذه سنة ولا نوم ‏}‏ ‏\"‏ ‏.‏",
        "note": "",
        "grade_id": 2,
        "grade": "সহিহ হাদিস",
        "grade_color": "#46B891"
      },
      {
        "id": 24789,
        "book_id": 4,
        "book_name": "সুনানে আবু দাউদ",
        "chapter_id": 32,
        "section_id": 1,
        "hadith_key": "সুনানে আবু দাউদ: ৪০০৪",
        "hadith_id": 4004,
        "narrator": "ইবনু মাস’ঊদ (রাঃ)",
        "bn": "তিনি এ আয়াত (আরবী) (‘তা’র উপর যবর দিয়ে) পড়েছেন। শাকীক (রহঃ) বললেন, আমরা তো এ আয়াত (আরবী) (‘হা’ তে যের ও ‘তা’র উপর পেশ দিয়ে) পড়ে থাকি। ইবনু মাস’ঊদ (রাঃ) বললেন, আমাকে যে রীতিতে পড়া শিখানো হয়েছে, আমি সেভাবেই পড়তে ভালোবাসি। [৪০০৪]",
        "ar": "حَدَّثَنَا أَبُو مَعْمَرٍ عَبْدُ اللَّهِ بْنُ عَمْرِو بْنِ أَبِي الْحَجَّاجِ الْمِنْقَرِيُّ، حَدَّثَنَا عَبْدُ الْوَارِثِ، حَدَّثَنَا شَيْبَانُ، عَنِ الأَعْمَشِ، عَنْ شَقِيقٍ، عَنِ ابْنِ مَسْعُودٍ، أَنَّهُ قَرَأَ ‏{‏ هَيْتَ لَكَ ‏}‏ فَقَالَ شَقِيقٌ إِنَّا نَقْرَؤُهَا ‏{‏ هِئْتُ لَكَ ‏}‏ يَعْنِي فَقَالَ ابْنُ مَسْعُودٍ أَقْرَؤُهَا كَمَا عُلِّمْتُ أَحَبُّ إِلَىَّ ‏.‏",
        "ar_diacless": "حدثنا أبو معمر عبد الله بن عمرو بن أبي الحجاج المنقري، حدثنا عبد الوارث، حدثنا شيبان، عن الأعمش، عن شقيق، عن ابن مسعود، أنه قرأ ‏{‏ هيت لك ‏}‏ فقال شقيق إنا نقرؤها ‏{‏ هئت لك ‏}‏ يعني فقال ابن مسعود أقرؤها كما علمت أحب إلى ‏.‏",
        "note": "",
        "grade_id": 2,
        "grade": "সহিহ হাদিস",
        "grade_color": "#46B891"
      },
      {
        "id": 24785,
        "book_id": 4,
        "book_name": "সুনানে আবু দাউদ",
        "chapter_id": 32,
        "section_id": 1,
        "hadith_key": "সুনানে আবু দাউদ: ৪০০৫",
        "hadith_id": 4005,
        "narrator": "শাকীক (রহঃ)",
        "bn": "তিনি বলেন, ‘আবদুল্লাহ ইবনু মাস’ঊদ (রাঃ)-কে বলা হলো, কিছু লোক এ আয়াত (আরবী) পড়ে (‘হা’র নীচে যের এবং ‘তা’র উপর পেশ দিয়ে)। তিনি বললেন, আমাকে যেভাবে শিখানো হয়েছে আমি সেভাবেই পড়া পছন্দ করি। এ বলে তিনি পাঠ করলেন (আরবী) (‘হা’র উপর ও ‘তা’র উপর যবর দিয়ে)। [৪০০৫]",
        "ar": "حَدَّثَنَا هَنَّادٌ، حَدَّثَنَا أَبُو مُعَاوِيَةَ، عَنِ الأَعْمَشِ، عَنْ شَقِيقٍ، قَالَ قِيلَ لِعَبْدِ اللَّهِ إِنَّ أُنَاسًا يَقْرَءُونَ هَذِهِ الآيَةَ ‏{‏ وَقَالَتْ هِيتَ لَكَ ‏}‏ فَقَالَ إِنِّي أَقْرَأُ كَمَا عُلِّمْتُ أَحَبُّ إِلَىَّ ‏{‏ وَقَالَتْ هَيْتَ لَكَ ‏}‏ ‏.‏",
        "ar_diacless": "حدثنا هناد، حدثنا أبو معاوية، عن الأعمش، عن شقيق، قال قيل لعبد الله إن أناسا يقرءون هذه الآية ‏{‏ وقالت هيت لك ‏}‏ فقال إني أقرأ كما علمت أحب إلى ‏{‏ وقالت هيت لك ‏}‏ ‏.‏",
        "note": "",
        "grade_id": 2,
        "grade": "সহিহ হাদিস",
        "grade_color": "#46B891"
      },
      {
        "id": 24786,
        "book_id": 4,
        "book_name": "সুনানে আবু দাউদ",
        "chapter_id": 32,
        "section_id": 1,
        "hadith_key": "সুনানে আবু দাউদ: ৪০০৬",
        "hadith_id": 4006,
        "narrator": "আবূ সাঈদ আল-খুদরী (রাঃ)",
        "bn": "তিনি বলেন, রাসূলুল্লাহ (সাল্লাল্লাহু ‘আলাইহি ওয়া সাল্লাম) বলেছেনঃ আল্লাহ বনী ইসরাঈলকে বলেনঃ (আরবী) “তোমার নতশিরে দরজা দিয়ে প্রবেশ করো আর বলতে থাকো, “ক্ষমা করুন”, তোমাদের অপরাধসমূহ ক্ষমা করা হবে” (সূরাহ আল-বাক্বারাহঃ ৫৮)। [৪০০৬]",
        "ar": "حَدَّثَنَا أَحْمَدُ بْنُ صَالِحٍ، قَالَ حَدَّثَنَا ح، وَحَدَّثَنَا سُلَيْمَانُ بْنُ دَاوُدَ الْمَهْرِيُّ، أَخْبَرَنَا ابْنُ وَهْبٍ، أَخْبَرَنَا هِشَامُ بْنُ سَعْدٍ، عَنْ زَيْدِ بْنِ أَسْلَمَ، عَنْ عَطَاءِ بْنِ يَسَارٍ، عَنْ أَبِي سَعِيدٍ الْخُدْرِيِّ، قَالَ قَالَ رَسُولُ اللَّهِ صلى الله عليه وسلم ‏\"‏ قَالَ اللَّهُ عَزَّ وَجَلَّ لِبَنِي إِسْرَائِيلَ ‏{‏ ادْخُلُوا الْبَابَ سُجَّدًا وَقُولُوا حِطَّةٌ تُغْفَرْ لَكُمْ خَطَايَاكُمْ ‏}‏ ‏\"‏ ‏.‏",
        "ar_diacless": "حدثنا أحمد بن صالح، قال حدثنا ح، وحدثنا سليمان بن داود المهري، أخبرنا ابن وهب، أخبرنا هشام بن سعد، عن زيد بن أسلم، عن عطاء بن يسار، عن أبي سعيد الخدري، قال قال رسول الله صلى الله عليه وسلم ‏\"‏ قال الله عز وجل لبني إسرائيل ‏{‏ ادخلوا الباب سجدا وقولوا حطة تغفر لكم خطاياكم ‏}‏ ‏\"‏ ‏.‏",
        "note": "[৪০০৬] এই সূত্রে আবূ দাউদ এটি এককভাবে বর্ণনা করেছেন। আর বুখারী ও মুসলিম এটি বর্ণনা করেছেন মা’মার হতে.......।",
        "grade_id": 12,
        "grade": "হাসান সহিহ",
        "grade_color": "#46B891"
      },
      {
        "id": 24790,
        "book_id": 4,
        "book_name": "সুনানে আবু দাউদ",
        "chapter_id": 32,
        "section_id": 1,
        "hadith_key": "সুনানে আবু দাউদ: ৪০০৭",
        "hadith_id": 4007,
        "narrator": "হিশাম ইবনু সা’দ (রহঃ)",
        "bn": "হিশাম ইবনু সা’দ (রহঃ) হতে তার সানাদে পূর্বোক্ত হাদীসের অনুরূপ বর্ণিত।",
        "ar": "حَدَّثَنَا جَعْفَرُ بْنُ مُسَافِرٍ، حَدَّثَنَا ابْنُ أَبِي فُدَيْكٍ، عَنْ هِشَامِ بْنِ سَعْدٍ، بِإِسْنَادِهِ مِثْلَهُ ‏.‏",
        "ar_diacless": "حدثنا جعفر بن مسافر، حدثنا ابن أبي فديك، عن هشام بن سعد، بإسناده مثله ‏.‏",
        "note": "এর পূর্বেরটি দেখুন।",
        "grade_id": 1,
        "grade": "নির্ণীত নয়",
        "grade_color": "#F0AD4E"
      },
      {
        "id": 24791,
        "book_id": 4,
        "book_name": "সুনানে আবু দাউদ",
        "chapter_id": 32,
        "section_id": 1,
        "hadith_key": "সুনানে আবু দাউদ: ৪০০৮",
        "hadith_id": 4008,
        "narrator": "‘আয়িশাহ (রাঃ)",
        "bn": "তিনি বলেন, রাসূলুল্লাহ (সাল্লাল্লাহু ‘আলাইহি ওয়া সাল্লাম)-এর উপর ওয়াহী অবতীর্ণ হয়েছে আর তিনি আমাদের নিকট তা পাঠ করেছেনঃ (আরবী) (সূরাহ আন-নূরঃ ১)। ইমাম আবূ দাঊদ (রহঃ) বলেন, অর্থাৎ হালকাভাবে নয়। অতঃপর তিনি সামনের দিকে পড়তে থাকেন। [৪০০৮]",
        "ar": "حَدَّثَنَا مُوسَى بْنُ إِسْمَاعِيلَ، حَدَّثَنَا حَمَّادٌ، حَدَّثَنَا هِشَامُ بْنُ عُرْوَةَ، عَنْ عُرْوَةَ، أَنَّ عَائِشَةَ، - رضى الله عنها - قَالَتْ نَزَلَ الْوَحْىُ عَلَى رَسُولِ اللَّهِ صلى الله عليه وسلم فَقَرَأَ عَلَيْنَا ‏{‏ سُورَةٌ أَنْزَلْنَاهَا وَفَرَضْنَاهَا ‏}‏ ‏.‏ قَالَ أَبُو دَاوُدَ يَعْنِي مُخَفَّفَةً حَتَّى أَتَى عَلَى هَذِهِ الآيَاتِ ‏.‏",
        "ar_diacless": "حدثنا موسى بن إسماعيل، حدثنا حماد، حدثنا هشام بن عروة، عن عروة، أن عائشة، - رضى الله عنها - قالت نزل الوحى على رسول الله صلى الله عليه وسلم فقرأ علينا ‏{‏ سورة أنزلناها وفرضناها ‏}‏ ‏.‏ قال أبو داود يعني مخففة حتى أتى على هذه الآيات ‏.‏",
        "note": "",
        "grade_id": 2,
        "grade": "সহিহ হাদিস",
        "grade_color": "#46B891"
      }
    ]
  }
]