[
  {
    "id": 9510,
    "book_id": 4,
    "book_name": "abu-dawud",
    "chapter_id": 38,
    "section_id": 1,
    "title": "ইমাম মাহ্‌দী প্রসঙ্গ",
    "preface": "",
    "number": "অনুচ্ছেদ-১",
    "sort_order": 1,
    "hadiths": [
      {
        "id": 24810,
        "book_id": 4,
        "book_name": "সুনানে আবু দাউদ",
        "chapter_id": 38,
        "section_id": 1,
        "hadith_key": "সুনানে আবু দাউদ: ৪২৭৯",
        "hadith_id": 4279,
        "narrator": "জাবির ইবনু সামুরাহ (রাঃ)",
        "bn": "তিনি বলেন, আমি রাসূলুল্লাহ (সাল্লাল্লাহু ‘আলাইহি ওয়া সাল্লাম)-কে বলতে শুনেছিঃ এ দ্বীন ততদিন প্রতিষ্ঠিত থাকবে, যতদিন তোমাদের শাসকরূপে বারজন প্রতিনিধির অবির্ভাব না হবে। তাদের প্রত্যেক উম্মাতকে তার পাশে একত্র করবে। অতঃপর আমি নবী (সাল্লাল্লাহু ‘আলাইহি ওয়া সাল্লাম)-এর আরেকটি কথা শুনলাম, তবে তা বুঝতে পারিনি। পরে আমার পিতাকে এ ব্যাপারে প্রশ্ন করায় তিনি বললেন, তিনি বলেছেনঃ তাদের সবাই কুরাইশ বংশোদ্ভূত হবে।",
        "ar": "حَدَّثَنَا عَمْرُو بْنُ عُثْمَانَ، حَدَّثَنَا مَرْوَانُ بْنُ مُعَاوِيَةَ، عَنْ إِسْمَاعِيلَ، - يَعْنِي ابْنَ أَبِي خَالِدٍ - عَنْ أَبِيهِ، عَنْ جَابِرِ بْنِ سَمُرَةَ، قَالَ سَمِعْتُ رَسُولَ اللَّهِ صلى الله عليه وسلم يَقُولُ ‏\"‏ لاَ يَزَالُ هَذَا الدِّينُ قَائِمًا حَتَّى يَكُونَ عَلَيْكُمُ اثْنَا عَشَرَ خَلِيفَةً كُلُّهُمْ تَجْتَمِعُ عَلَيْهِ الأُمَّةُ ‏\"‏ ‏.‏ فَسَمِعْتُ كَلاَمًا مِنَ النَّبِيِّ صلى الله عليه وسلم لَمْ أَفْهَمْهُ قُلْتُ لأَبِي مَا يَقُولُ قَالَ ‏\"‏ كُلُّهُمْ مِنْ قُرَيْشٍ ‏\"‏ ‏.",
        "ar_diacless": "حدثنا عمرو بن عثمان، حدثنا مروان بن معاوية، عن إسماعيل، - يعني ابن أبي خالد - عن أبيه، عن جابر بن سمرة، قال سمعت رسول الله صلى الله عليه وسلم يقول ‏\"‏ لا يزال هذا الدين قائما حتى يكون عليكم اثنا عشر خليفة كلهم تجتمع عليه الأمة ‏\"‏ ‏.‏ فسمعت كلاما من النبي صلى الله عليه وسلم لم أفهمه قلت لأبي ما يقول قال ‏\"‏ كلهم من قريش ‏\"‏ ‏.",
        "note": "",
        "grade_id": 2,
        "grade": "সহিহ হাদিস",
        "grade_color": "#46B891"
      },
      {
        "id": 24809,
        "book_id": 4,
        "book_name": "সুনানে আবু দাউদ",
        "chapter_id": 38,
        "section_id": 1,
        "hadith_key": "সুনানে আবু দাউদ: ৪২৮০",
        "hadith_id": 4280,
        "narrator": "জাবির ইবনু সামুরাহ (রাঃ)",
        "bn": "তিনি বলেন, আমি রাসূলুল্লাহ (সাল্লাল্লাহু ‘আলাইহি ওয়া সাল্লাম)-কে বলতে শুনেছিঃ এ দ্বীন (ইসলাম) বারজন প্রতিনিধি আবির্ভাবের পূর্ব পর্যন্ত অটুট অবস্থায় বিজয়ী থাকবে। তিনি বলেন, রাসূলুল্লাহ (সাল্লাল্লাহু ‘আলাইহি ওয়া সাল্লাম)-এর একথা শুনে উপস্থিত লোকেরা অবাক হয়ে ‘আল্লাহ আকবার’ ধ্বনি দিলো এবং চিৎকার করে উঠলো। অতঃপর তিনি নিম্নস্বরে একটি কথা বললেন। আমি আমার পিতাকে জিজ্ঞেস করলাম, তিনি (সাল্লাল্লাহু ‘আলাইহি ওয়া সাল্লাম) কি বলেছেন? তিনি বললেন যে, তিনি বলেছেনঃ তাদের সবাই কুরাইশ বংশোদ্ভূত হবে। [মুসলিম, আহমাদ]",
        "ar": "حَدَّثَنَا مُوسَى بْنُ إِسْمَاعِيلَ، حَدَّثَنَا وُهَيْبٌ، حَدَّثَنَا دَاوُدُ، عَنْ عَامِرٍ، عَنْ جَابِرِ بْنِ سَمُرَةَ، قَالَ سَمِعْتُ رَسُولَ اللَّهِ صلى الله عليه وسلم يَقُولُ ‏\"‏ لاَ يَزَالُ هَذَا الدِّينُ عَزِيزًا إِلَى اثْنَىْ عَشَرَ خَلِيفَةً ‏\"‏ ‏.‏ قَالَ فَكَبَّرَ النَّاسُ وَضَجُّوا ثُمَّ قَالَ كَلِمَةً خَفِيَّةً قُلْتُ لأَبِي يَا أَبَةِ مَا قَالَ قَالَ ‏\"‏ كُلُّهُمْ مِنْ قُرَيْشٍ ‏\"‏ ‏.‏",
        "ar_diacless": "حدثنا موسى بن إسماعيل، حدثنا وهيب، حدثنا داود، عن عامر، عن جابر بن سمرة، قال سمعت رسول الله صلى الله عليه وسلم يقول ‏\"‏ لا يزال هذا الدين عزيزا إلى اثنى عشر خليفة ‏\"‏ ‏.‏ قال فكبر الناس وضجوا ثم قال كلمة خفية قلت لأبي يا أبة ما قال قال ‏\"‏ كلهم من قريش ‏\"‏ ‏.‏",
        "note": "",
        "grade_id": 1,
        "grade": "নির্ণীত নয়",
        "grade_color": "#F0AD4E"
      },
      {
        "id": 24808,
        "book_id": 4,
        "book_name": "সুনানে আবু দাউদ",
        "chapter_id": 38,
        "section_id": 1,
        "hadith_key": "সুনানে আবু দাউদ: ৪২৮১",
        "hadith_id": 4281,
        "narrator": "জাবির ইবনু সামুরাহ (রাঃ)",
        "bn": "তবে এই বর্ণনায় আছেঃ পরে যখন তিনি তাঁর ঘরে ফিরে যান, কুরাইশদের কয়েকজন এসে তাঁকে প্রশ্ন করলো, তার পরে কি হবে? তিনি বললেনঃ অতঃপর বিপর্যয় সৃষ্টি হবে।\n\nসহীহ, তবে এ কথাটি বাদেঃ “পরে যখন তিনি তাঁর ঘরে ফিরে যান….।”",
        "ar": "حَدَّثَنَا ابْنُ نُفَيْلٍ، حَدَّثَنَا زُهَيْرٌ، حَدَّثَنَا زِيَادُ بْنُ خَيْثَمَةَ، حَدَّثَنَا الأَسْوَدُ بْنُ سَعِيدٍ الْهَمْدَانِيُّ، عَنْ جَابِرِ بْنِ سَمُرَةَ، بِهَذَا الْحَدِيثِ زَادَ فَلَمَّا رَجَعَ إِلَى مَنْزِلِهِ أَتَتْهُ قُرَيْشٌ فَقَالُوا ثُمَّ يَكُونُ مَاذَا قَالَ ‏ \"‏ ثُمَّ يَكُونُ الْهَرْجُ ‏\"‏ ‏.‏",
        "ar_diacless": "حدثنا ابن نفيل، حدثنا زهير، حدثنا زياد بن خيثمة، حدثنا الأسود بن سعيد الهمداني، عن جابر بن سمرة، بهذا الحديث زاد فلما رجع إلى منزله أتته قريش فقالوا ثم يكون ماذا قال ‏ \"‏ ثم يكون الهرج ‏\"‏ ‏.‏",
        "note": "",
        "grade_id": 6,
        "grade": "অন্যান্য",
        "grade_color": "#4A85CE"
      },
      {
        "id": 24811,
        "book_id": 4,
        "book_name": "সুনানে আবু দাউদ",
        "chapter_id": 38,
        "section_id": 1,
        "hadith_key": "সুনানে আবু দাউদ: ৪২৮২",
        "hadith_id": 4282,
        "narrator": "‘আবদুল্লাহ (রাঃ)",
        "bn": "নবী (সাল্লাল্লাহু ‘আলাইহি ওয়া সাল্লাম) বলেছেনঃ যদি দুনিয়ার মাত্র একদিনও অবশিষ্ট থাকে তবে আল্লাহ সেই দিনকে অত্যন্ত দীর্ঘায়িত করবেন এবং আমার হতে অথবা আমার পরিজন হতে একজন লোক আবির্ভূত করবেন, যার নাম ও তার পিতার নাম আমার ও আমার পিতার নামের সঙ্গে হুবহু মিল হবে। সে পৃথিবীকে ইনসাফে পরিপূর্ণ করবে যেরূপে তা যুলুমে পরিপূর্ণ ছিল। আর সুফিয়ান বর্ণিত হাদীসে বলেন, ততদিন দুনিয়া ধ্বংস হবে না, যতদিন পর্যন্ত আমার পরিবারের এক ব্যক্তি আরবে রাজত্ব না করবে, তার নাম হুবহু আমার নামই হবে। [৪২৮১]",
        "ar": "حَدَّثَنَا مُسَدَّدٌ، أَنَّ عُمَرَ بْنَ عُبَيْدٍ، حَدَّثَهُمْ ح، وَحَدَّثَنَا مُحَمَّدُ بْنُ الْعَلاَءِ، حَدَّثَنَا أَبُو بَكْرٍ، - يَعْنِي ابْنَ عَيَّاشٍ ح وَحَدَّثَنَا مُسَدَّدٌ، حَدَّثَنَا يَحْيَى، عَنْ سُفْيَانَ، ح وَحَدَّثَنَا أَحْمَدُ بْنُ إِبْرَاهِيمَ، حَدَّثَنَا عُبَيْدُ اللَّهِ بْنُ مُوسَى، أَخْبَرَنَا زَائِدَةُ، ح وَحَدَّثَنَا أَحْمَدُ بْنُ إِبْرَاهِيمَ، حَدَّثَنِي عُبَيْدُ اللَّهِ بْنُ مُوسَى، عَنْ فِطْرٍ، - الْمَعْنَى وَاحِدٌ - كُلُّهُمْ عَنْ عَاصِمٍ، عَنْ زِرٍّ، عَنْ عَبْدِ اللَّهِ، عَنِ النَّبِيِّ صلى الله عليه وسلم قَالَ ‏\"‏ لَوْ لَمْ يَبْقَ مِنَ الدُّنْيَا إِلاَّ يَوْمٌ ‏\"‏ ‏.‏ قَالَ زَائِدَةُ فِي حَدِيثِهِ ‏\"‏ لَطَوَّلَ اللَّهُ ذَلِكَ الْيَوْمَ ‏\"‏ ‏.‏ ثُمَّ اتَّفَقُوا ‏\"‏ حَتَّى يَبْعَثَ فِيهِ رَجُلاً مِنِّي ‏\"‏ ‏.‏ أَوْ ‏\"‏ مِنْ أَهْلِ بَيْتِي يُوَاطِئُ اسْمُهُ اسْمِي وَاسْمُ أَبِيهِ اسْمَ أَبِي ‏\"‏ ‏.‏ زَادَ فِي حَدِيثِ فِطْرٍ ‏\"‏ يَمْلأُ الأَرْضَ قِسْطًا وَعَدْلاً كَمَا مُلِئَتْ ظُلْمًا وَجَوْرًا ‏\"‏ ‏.‏ وَقَالَ فِي حَدِيثِ سُفْيَانَ ‏\"‏ لاَ تَذْهَبُ أَوْ لاَ تَنْقَضِي الدُّنْيَا حَتَّى يَمْلِكَ الْعَرَبَ رَجُلٌ مِنْ أَهْلِ بَيْتِي يُوَاطِئُ اسْمُهُ اسْمِي ‏\"‏ ‏.‏ قَالَ أَبُو دَاوُدَ لَفْظُ عُمَرَ وَأَبِي بَكْرٍ بِمَعْنَى سُفْيَانَ ‏.",
        "ar_diacless": "حدثنا مسدد، أن عمر بن عبيد، حدثهم ح، وحدثنا محمد بن العلاء، حدثنا أبو بكر، - يعني ابن عياش ح وحدثنا مسدد، حدثنا يحيى، عن سفيان، ح وحدثنا أحمد بن إبراهيم، حدثنا عبيد الله بن موسى، أخبرنا زائدة، ح وحدثنا أحمد بن إبراهيم، حدثني عبيد الله بن موسى، عن فطر، - المعنى واحد - كلهم عن عاصم، عن زر، عن عبد الله، عن النبي صلى الله عليه وسلم قال ‏\"‏ لو لم يبق من الدنيا إلا يوم ‏\"‏ ‏.‏ قال زائدة في حديثه ‏\"‏ لطول الله ذلك اليوم ‏\"‏ ‏.‏ ثم اتفقوا ‏\"‏ حتى يبعث فيه رجلا مني ‏\"‏ ‏.‏ أو ‏\"‏ من أهل بيتي يواطئ اسمه اسمي واسم أبيه اسم أبي ‏\"‏ ‏.‏ زاد في حديث فطر ‏\"‏ يملأ الأرض قسطا وعدلا كما ملئت ظلما وجورا ‏\"‏ ‏.‏ وقال في حديث سفيان ‏\"‏ لا تذهب أو لا تنقضي الدنيا حتى يملك العرب رجل من أهل بيتي يواطئ اسمه اسمي ‏\"‏ ‏.‏ قال أبو داود لفظ عمر وأبي بكر بمعنى سفيان ‏.",
        "note": "[৪২৮১] তিরমিযী, আহমাদ। ইমাম তিরমিযী বলেনঃ হাদীসটি হাসান সহীহ।",
        "grade_id": 12,
        "grade": "হাসান সহিহ",
        "grade_color": "#46B891"
      },
      {
        "id": 24812,
        "book_id": 4,
        "book_name": "সুনানে আবু দাউদ",
        "chapter_id": 38,
        "section_id": 1,
        "hadith_key": "সুনানে আবু দাউদ: ৪২৮৩",
        "hadith_id": 4283,
        "narrator": "‘আলী (রাঃ)",
        "bn": "নবী (সাল্লাল্লাহু ‘আলাইহি ওয়া সাল্লাম) বলেছেনঃ যদি দুনিয়ার একদিনও অবশিষ্ট থাকে তবুও আল্লাহ আমার পরিজন হতে অবশ্যই এক ব্যক্তিকে পাঠাবেন। তখনকার দুনিয়া যেরূপে অত্যাচারে ভরে যাবে, সে সেরূপেই তা ন্যায়-ইনসাফে ভরে দিবে।",
        "ar": "حَدَّثَنَا عُثْمَانُ بْنُ أَبِي شَيْبَةَ، حَدَّثَنَا الْفَضْلُ بْنُ دُكَيْنٍ، حَدَّثَنَا فِطْرٌ، عَنِ الْقَاسِمِ بْنِ أَبِي بَزَّةَ، عَنْ أَبِي الطُّفَيْلِ، عَنْ عَلِيٍّ، - رضى الله تعالى عنه - عَنِ النَّبِيِّ صلى الله عليه وسلم قَالَ ‏ \"‏ لَوْ لَمْ يَبْقَ مِنَ الدَّهْرِ إِلاَّ يَوْمٌ لَبَعَثَ اللَّهُ رَجُلاً مِنْ أَهْلِ بَيْتِي يَمْلأُهَا عَدْلاً كَمَا مُلِئَتْ جَوْرًا ‏\"‏ ‏.‏",
        "ar_diacless": "حدثنا عثمان بن أبي شيبة، حدثنا الفضل بن دكين، حدثنا فطر، عن القاسم بن أبي بزة، عن أبي الطفيل، عن علي، - رضى الله تعالى عنه - عن النبي صلى الله عليه وسلم قال ‏ \"‏ لو لم يبق من الدهر إلا يوم لبعث الله رجلا من أهل بيتي يملأها عدلا كما ملئت جورا ‏\"‏ ‏.‏",
        "note": "",
        "grade_id": 2,
        "grade": "সহিহ হাদিস",
        "grade_color": "#46B891"
      },
      {
        "id": 24813,
        "book_id": 4,
        "book_name": "সুনানে আবু দাউদ",
        "chapter_id": 38,
        "section_id": 1,
        "hadith_key": "সুনানে আবু দাউদ: ৪২৮৪",
        "hadith_id": 4284,
        "narrator": "উম্মু সালামাহ (রাঃ)",
        "bn": "তিনি বলেন, আমি রাসূলুল্লাহ (সাল্লাল্লাহু ‘আলাইহি ওয়া সাল্লাম)-কে বলতে শুনেছিঃ মাহ্দী আমার পরিজন হতে ফাত্বিমাহ্র সন্তানদের বংশ হতে আবির্ভূত হবে। ‘আবদুল্লাহ ইবনু জা’ফার (রাঃ) বলেন, আমি আবুল মালীহকে ‘আলী ইবনু নুফাইলের প্রশংসা করতে এবং তার গুণাবলী বর্ণনা করতে শুনেছি।",
        "ar": "حَدَّثَنَا أَحْمَدُ بْنُ إِبْرَاهِيمَ، حَدَّثَنَا عَبْدُ اللَّهِ بْنُ جَعْفَرٍ الرَّقِّيُّ، حَدَّثَنَا أَبُو الْمَلِيحِ الْحَسَنُ بْنُ عُمَرَ، عَنْ زِيَادِ بْنِ بَيَانٍ، عَنْ عَلِيِّ بْنِ نُفَيْلٍ، عَنْ سَعِيدِ بْنِ الْمُسَيَّبِ، عَنْ أُمِّ سَلَمَةَ، قَالَتْ سَمِعْتُ رَسُولَ اللَّهِ صلى الله عليه وسلم يَقُولُ ‏ \"‏ الْمَهْدِيُّ مِنْ عِتْرَتِي مِنْ وَلَدِ فَاطِمَةَ ‏\"‏ ‏.‏ قَالَ عَبْدُ اللَّهِ بْنُ جَعْفَرٍ وَسَمِعْتُ أَبَا الْمَلِيحِ يُثْنِي عَلَى عَلِيِّ بْنِ نُفَيْلٍ وَيَذْكُرُ مِنْهُ صَلاَحًا ‏.‏",
        "ar_diacless": "حدثنا أحمد بن إبراهيم، حدثنا عبد الله بن جعفر الرقي، حدثنا أبو المليح الحسن بن عمر، عن زياد بن بيان، عن علي بن نفيل، عن سعيد بن المسيب، عن أم سلمة، قالت سمعت رسول الله صلى الله عليه وسلم يقول ‏ \"‏ المهدي من عترتي من ولد فاطمة ‏\"‏ ‏.‏ قال عبد الله بن جعفر وسمعت أبا المليح يثني على علي بن نفيل ويذكر منه صلاحا ‏.‏",
        "note": "",
        "grade_id": 2,
        "grade": "সহিহ হাদিস",
        "grade_color": "#46B891"
      },
      {
        "id": 24814,
        "book_id": 4,
        "book_name": "সুনানে আবু দাউদ",
        "chapter_id": 38,
        "section_id": 1,
        "hadith_key": "সুনানে আবু দাউদ: ৪২৮৫",
        "hadith_id": 4285,
        "narrator": "আবূ সাঈদ আল-খুদরী (রাঃ)",
        "bn": "তিনি বলেন, রাসূলুল্লাহ (সাল্লাল্লাহু ‘আলাইহি ওয়া সাল্লাম) বলেছেনঃ আমার বংশ হতে মাহ্দীর আবির্ভাব হবে, সে হবে প্রশস্ত ললাট ও উন্নত নাকবিশিষ্ট। তখনকার দুনিয়া যেরূপে যুলুমে ভরে যবে, সে তার বিপরীতে তা ইনসাফে ভরে দিবে, আর সে সাত বছর রাজত্ব করবে। [৪২৮৪]",
        "ar": "حَدَّثَنَا سَهْلُ بْنُ تَمَّامِ بْنِ بَزِيعٍ، حَدَّثَنَا عِمْرَانُ الْقَطَّانُ، عَنْ قَتَادَةَ، عَنْ أَبِي نَضْرَةَ، عَنْ أَبِي سَعِيدٍ الْخُدْرِيِّ، قَالَ قَالَ رَسُولُ اللَّهِ صلى الله عليه وسلم ‏ \"‏ الْمَهْدِيُّ مِنِّي أَجْلَى الْجَبْهَةِ أَقْنَى الأَنْفِ يَمْلأُ الأَرْضَ قِسْطًا وَعَدْلاً كَمَا مُلِئَتْ جَوْرًا وَظُلْمًا يَمْلِكُ سَبْعَ سِنِينَ ‏\"‏ ‏.‏",
        "ar_diacless": "حدثنا سهل بن تمام بن بزيع، حدثنا عمران القطان، عن قتادة، عن أبي نضرة، عن أبي سعيد الخدري، قال قال رسول الله صلى الله عليه وسلم ‏ \"‏ المهدي مني أجلى الجبهة أقنى الأنف يملأ الأرض قسطا وعدلا كما ملئت جورا وظلما يملك سبع سنين ‏\"‏ ‏.‏",
        "note": "[৪২৮৪] আবূ দাউদ এটি এককভাবে বর্ণনা করেছেন।",
        "grade_id": 3,
        "grade": "হাসান হাদিস",
        "grade_color": "#46B891"
      },
      {
        "id": 24816,
        "book_id": 4,
        "book_name": "সুনানে আবু দাউদ",
        "chapter_id": 38,
        "section_id": 1,
        "hadith_key": "সুনানে আবু দাউদ: ৪২৮৬",
        "hadith_id": 4286,
        "narrator": "নাবী (সাল্লাল্লাহু ‘আলাইহি ওয়া সাল্লাম)-এর স্ত্রী উম্মু সালামাহ (রাঃ)",
        "bn": "নবী (সাল্লাল্লাহু ‘আলাইহি ওয়া সাল্লাম) বলেনঃ জনৈক খলীফাহ্র মৃত্যুকালে মতনৈক্য সৃষ্টি হবে। এ সময় মাদীনাহ্বাসী জনৈক ব্যক্তি পালিয়ে মাক্কাহ্য় চলে যাবে। মাক্কাহবাসীরা তার নিকট এসে তাকে তার ইচ্ছার বিরুদ্ধে নিয়ে আসবে এবং তারা রুকন ও মাকামে ইবরাহীমের মাঝখানে তার হাতে বাই’আত করবে। অতঃপর তার বিরুদ্ধে সিরিয়া হতে একটি সৈন্যবাহিনী পাঠানো হবে। এদেরকে মাক্কাহ ও মদীনার মধ্যবর্তী স্থানে দেখতে পাবে, তখন সিরিয়ার ধার্মিক ব্যক্তিগন ও ইরাকবাসীদের কয়েকটি দল তার নিকট এসে রুকন ও মাকামের মাঝখানে তার হাতে বাই’আত করবে। অতঃপর কুরাইশ বংশে জনৈক ব্যক্তির উদ্ভব হবে, কাল্ব গোত্র হবে তার মাতুল গোত্র। সে তাদের মুকাবিলায় একটি বাহিনী পাঠাবে। যুদ্ধে মাহ্দীর অনুসারীরা কাল্ব বাহিনীর উপর বিজয়ী হবে। এ সময় যারা কাল্বের গনীমাত নিতে উপস্থিত হবে না তাদের জন্য আফসোস। মাহ্দী গনীমাতের সম্পদ বন্টন করবেন এবং নবী (সাল্লাল্লাহু ‘আলাইহি ওয়া সাল্লাম)-এর সুন্নাত অনুযায়ী মানুষের মাঝে কার্য পরিচালনা করবেন, আর ইসলাম সারা পৃথিবীতে প্রসারিত হবে। অতঃপর তিনি সাত বছর অবস্থান করার পর মারা যাবেন। আর মুসলিমরা তার জানাযা সলাত পড়বে। ইমাম আবূ দাঊদ (রহঃ) বলেন, কেউ কেউ হিশাম হতে বর্ণনা করে বলেন, নয় বছর অবস্থান করবেন, আবার কেউ বলেন, সাত বছর। [৪২৮৫]",
        "ar": "حَدَّثَنَا مُحَمَّدُ بْنُ الْمُثَنَّى، حَدَّثَنَا مُعَاذُ بْنُ هِشَامٍ، حَدَّثَنِي أَبِي، عَنْ قَتَادَةَ، عَنْ صَالِحٍ أَبِي الْخَلِيلِ، عَنْ صَاحِبٍ، لَهُ عَنْ أُمِّ سَلَمَةَ، زَوْجِ النَّبِيِّ صلى الله عليه وسلم عَنِ النَّبِيِّ صلى الله عليه وسلم قَالَ ‏\"‏ يَكُونُ اخْتِلاَفٌ عِنْدَ مَوْتِ خَلِيفَةٍ فَيَخْرُجُ رَجُلٌ مِنْ أَهْلِ الْمَدِينَةِ هَارِبًا إِلَى مَكَّةَ فَيَأْتِيهِ نَاسٌ مِنْ أَهْلِ مَكَّةَ فَيُخْرِجُونَهُ وَهُوَ كَارِهٌ فَيُبَايِعُونَهُ بَيْنَ الرُّكْنِ وَالْمَقَامِ وَيُبْعَثُ إِلَيْهِ بَعْثٌ مِنَ الشَّامِ فَيُخْسَفُ بِهِمْ بِالْبَيْدَاءِ بَيْنَ مَكَّةَ وَالْمَدِينَةِ فَإِذَا رَأَى النَّاسُ ذَلِكَ أَتَاهُ أَبْدَالُ الشَّامِ وَعَصَائِبُ أَهْلِ الْعِرَاقِ فَيُبَايِعُونَهُ بَيْنَ الرُّكْنِ وَالْمَقَامِ ثُمَّ يَنْشَأُ رَجُلٌ مِنْ قُرَيْشٍ أَخْوَالُهُ كَلْبٌ فَيَبْعَثُ إِلَيْهِمْ بَعْثًا فَيَظْهَرُونَ عَلَيْهِمْ وَذَلِكَ بَعْثُ كَلْبٍ وَالْخَيْبَةُ لِمَنْ لَمْ يَشْهَدْ غَنِيمَةَ كَلْبٍ فَيَقْسِمُ الْمَالَ وَيَعْمَلُ فِي النَّاسِ بِسُنَّةِ نَبِيِّهِمْ صلى الله عليه وسلم وَيُلْقِي الإِسْلاَمُ بِجِرَانِهِ إِلَى الأَرْضِ فَيَلْبَثُ سَبْعَ سِنِينَ ثُمَّ يُتَوَفَّى وَيُصَلِّي عَلَيْهِ الْمُسْلِمُونَ ‏\"‏ ‏.‏ قَالَ أَبُو دَاوُدَ قَالَ بَعْضُهُمْ عَنْ هِشَامٍ ‏\"‏ تِسْعَ سِنِينَ ‏\"‏ ‏.‏ وَقَالَ بَعْضُهُمْ ‏\"‏ سَبْعَ سِنِينَ ‏\"‏ ‏.",
        "ar_diacless": "حدثنا محمد بن المثنى، حدثنا معاذ بن هشام، حدثني أبي، عن قتادة، عن صالح أبي الخليل، عن صاحب، له عن أم سلمة، زوج النبي صلى الله عليه وسلم عن النبي صلى الله عليه وسلم قال ‏\"‏ يكون اختلاف عند موت خليفة فيخرج رجل من أهل المدينة هاربا إلى مكة فيأتيه ناس من أهل مكة فيخرجونه وهو كاره فيبايعونه بين الركن والمقام ويبعث إليه بعث من الشام فيخسف بهم بالبيداء بين مكة والمدينة فإذا رأى الناس ذلك أتاه أبدال الشام وعصائب أهل العراق فيبايعونه بين الركن والمقام ثم ينشأ رجل من قريش أخواله كلب فيبعث إليهم بعثا فيظهرون عليهم وذلك بعث كلب والخيبة لمن لم يشهد غنيمة كلب فيقسم المال ويعمل في الناس بسنة نبيهم صلى الله عليه وسلم ويلقي الإسلام بجرانه إلى الأرض فيلبث سبع سنين ثم يتوفى ويصلي عليه المسلمون ‏\"‏ ‏.‏ قال أبو داود قال بعضهم عن هشام ‏\"‏ تسع سنين ‏\"‏ ‏.‏ وقال بعضهم ‏\"‏ سبع سنين ‏\"‏ ‏.",
        "note": "[৪২৮৫] আহমাদ। এর সানাদে নাম উল্লেখহীন জনৈক ব্যক্তি রয়েছেন।",
        "grade_id": 4,
        "grade": "দুর্বল হাদিস",
        "grade_color": "#F85B24"
      },
      {
        "id": 24815,
        "book_id": 4,
        "book_name": "সুনানে আবু দাউদ",
        "chapter_id": 38,
        "section_id": 1,
        "hadith_key": "সুনানে আবু দাউদ: ৪২৮৭",
        "hadith_id": 4287,
        "narrator": "ক্বাতাদাহ (রহঃ)",
        "bn": "উপরে বর্ণিত হাদীস প্রসঙ্গে বলেন, তিনি নয় বছর অবস্থান করবেন। ইমাম আবূ দাউদ (রহঃ) বলেন, মু’আয ছাড়া অন্যরা হিশাম হতে বর্ণনা করে বলেন, নয় বছর অবস্থান করবেন। [৮২৮৬]",
        "ar": "حَدَّثَنَا هَارُونُ بْنُ عَبْدِ اللَّهِ، حَدَّثَنَا عَبْدُ الصَّمَدِ، عَنْ هَمَّامٍ، عَنْ قَتَادَةَ، بِهَذَا الْحَدِيثِ وَقَالَ ‏\"‏ تِسْعَ سِنِينَ ‏\"‏ ‏.‏ قَالَ أَبُو دَاوُدَ وَقَالَ غَيْرُ مُعَاذٍ عَنْ هِشَامٍ ‏\"‏ تِسْعَ سِنِينَ ‏\"‏ ‏.‏",
        "ar_diacless": "حدثنا هارون بن عبد الله، حدثنا عبد الصمد، عن همام، عن قتادة، بهذا الحديث وقال ‏\"‏ تسع سنين ‏\"‏ ‏.‏ قال أبو داود وقال غير معاذ عن هشام ‏\"‏ تسع سنين ‏\"‏ ‏.‏",
        "note": "[৪২৮৬] এর পূর্বেরটি দেখুন।",
        "grade_id": 4,
        "grade": "দুর্বল হাদিস",
        "grade_color": "#F85B24"
      },
      {
        "id": 24817,
        "book_id": 4,
        "book_name": "সুনানে আবু দাউদ",
        "chapter_id": 38,
        "section_id": 1,
        "hadith_key": "সুনানে আবু দাউদ: ৪২৮৮",
        "hadith_id": 4288,
        "narrator": "উম্মু সালামাহ (রাঃ)",
        "bn": "নবী (সাল্লাল্লাহু ‘আলাইহি ওয়া সাল্লাম) হতে উপরে বর্ণিত হাদীসের অনুরূপ বর্ণনা করেন। আর মু’আযের হাদীসই পরিপূর্ণ। [৪২৮৭]",
        "ar": "حَدَّثَنَا ابْنُ الْمُثَنَّى، حَدَّثَنَا عَمْرُو بْنُ عَاصِمٍ، حَدَّثَنَا أَبُو الْعَوَّامِ، حَدَّثَنَا قَتَادَةُ، عَنْ أَبِي الْخَلِيلِ، عَنْ عَبْدِ اللَّهِ بْنِ الْحَارِثِ، عَنْ أُمِّ سَلَمَةَ، عَنِ النَّبِيِّ صلى الله عليه وسلم بِهَذَا الْحَدِيثِ وَحَدِيثُ مُعَاذٍ أَتَمُّ ‏.",
        "ar_diacless": "حدثنا ابن المثنى، حدثنا عمرو بن عاصم، حدثنا أبو العوام، حدثنا قتادة، عن أبي الخليل، عن عبد الله بن الحارث، عن أم سلمة، عن النبي صلى الله عليه وسلم بهذا الحديث وحديث معاذ أتم ‏.",
        "note": "[৪২৮৭] এর পূর্বেরটি দেখুন।",
        "grade_id": 4,
        "grade": "দুর্বল হাদিস",
        "grade_color": "#F85B24"
      },
      {
        "id": 24818,
        "book_id": 4,
        "book_name": "সুনানে আবু দাউদ",
        "chapter_id": 38,
        "section_id": 1,
        "hadith_key": "সুনানে আবু দাউদ: ৪২৮৯",
        "hadith_id": 4289,
        "narrator": "উম্মু সালামাহ (রাঃ)",
        "bn": "নবী (সাল্লাল্লাহু ‘আলাইহি ওয়া সাল্লাম) ধ্বসে যাওয়া সেই বাহিনীর ঘটনা প্রসঙ্গে বর্ণনা করলেন। তখন আমি বললাম, হে আল্লাহর রাসূল! যারা অনিচ্ছা সত্ত্বেও অংশগ্রহণ করতে বাধ্য হবে, তাদের কি হবে? তিনি বললেনঃ তাদেরও ধ্বসিয়ে দেয়া হবে; কিন্তু তারা তাদের নিয়ত অনুযায়ী ক্বিয়ামাতের দিন পুনরুত্থিত হবে।",
        "ar": "حَدَّثَنَا عُثْمَانُ بْنُ أَبِي شَيْبَةَ، حَدَّثَنَا جَرِيرٌ، عَنْ عَبْدِ الْعَزِيزِ بْنِ رُفَيْعٍ، عَنْ عُبَيْدِ اللَّهِ ابْنِ الْقِبْطِيَّةِ، عَنْ أُمِّ سَلَمَةَ، عَنِ النَّبِيِّ صلى الله عليه وسلم بِقِصَّةِ جَيْشِ الْخَسْفِ قُلْتُ يَا رَسُولَ اللَّهِ فَكَيْفَ بِمَنْ كَانَ كَارِهًا قَالَ ‏ \"‏ يُخْسَفُ بِهِمْ وَلَكِنْ يُبْعَثُ يَوْمَ الْقِيَامَةِ عَلَى نِيَّتِهِ ‏\"‏ ‏.",
        "ar_diacless": "حدثنا عثمان بن أبي شيبة، حدثنا جرير، عن عبد العزيز بن رفيع، عن عبيد الله ابن القبطية، عن أم سلمة، عن النبي صلى الله عليه وسلم بقصة جيش الخسف قلت يا رسول الله فكيف بمن كان كارها قال ‏ \"‏ يخسف بهم ولكن يبعث يوم القيامة على نيته ‏\"‏ ‏.",
        "note": "",
        "grade_id": 2,
        "grade": "সহিহ হাদিস",
        "grade_color": "#46B891"
      },
      {
        "id": 24819,
        "book_id": 4,
        "book_name": "সুনানে আবু দাউদ",
        "chapter_id": 38,
        "section_id": 1,
        "hadith_key": "সুনানে আবু দাউদ: ৪২৯০",
        "hadith_id": 4290,
        "narrator": "আবূ ইসহাক্ব (রহঃ)",
        "bn": "তিনি বলেন, ‘আলী (রাঃ) বলেছেন, আর তিনি তার ছেলে হাসানের প্রতি দৃষ্টিপাত করে বলেছেন, নিশ্চয়ই আমার এই ছেলেকে নবী (সাল্লাল্লাহু ‘আলাইহি ওয়া সাল্লাম) যেরূপ নেতা আখ্যায়িত করেছেন, অচিরেই তার বংশ হতে জনৈক ব্যক্তি আবির্ভূত হবে। তোমাদের নবী (সাল্লাল্লাহু ‘আলাইহি ওয়া সাল্লাম)-এর নামে তার নাম হবে, স্বভাব-চরিত্রে তাঁর মত হবে; কিন্তু গঠন আকৃতি অনুরূপ হবে না। অতঃপর ঘটনা বর্ণনা করে বলেন, সে পৃথিবীকে ন্যায়বিচারে ভরে দিবে। হারুণ (রাঃ) বলেন, ‘আমর ইবনু আবূ ক্বাইস পর্যায়ক্রমে মুতাররিফ ইবনু তরীফ, হাসান ও হিলাল ইবনু ‘আমর হতে বর্ননা করে বলেন, আমি ‘আলী (রাঃ)-কে বলতে শুনেছি, নবী (সাল্লাল্লাহু ‘আলাইহি ওয়া সাল্লাম) বলেছেনঃ নদীর পেছন দিক থেকে জনৈক ব্যক্তি আবির্ভূত হবে। তাকে হারিস ইবনুর হাররাস বলে ডাকা হবে, তার আগে জনৈক ব্যক্তি আসবেন, যার নাম হবে মানসূর। তিনি মুহাম্মাদ (সাল্লাল্লাহু ‘আলাইহি ওয়া সাল্লাম)-এর পরিজনকে আশ্রয় দিবেন, যেরূপ কুরাইশরা রাসূলুল্লাহ (সাল্লাল্লাহু ‘আলাইহি ওয়া সাল্লাম)-কে স্থান দিয়েছিল। সুতরাং প্রত্যেক মু’মিনের কর্তব্য হবে তার সাহায্যে এগিয়ে আসা, তার ডাকে সাড়া দেয়া। [৪২৮৯]",
        "ar": "الْمُغِيرَةِ، قَالَ حَدَّثَنَا عَمْرُو بْنُ أَبِي قَيْسٍ، عَنْ شُعَيْبِ بْنِ خَالِدٍ، عَنْ أَبِي إِسْحَاقَ، قَالَ قَالَ عَلِيٌّ - رضى الله عنه - وَنَظَرَ إِلَى ابْنِهِ الْحَسَنِ فَقَالَ إِنَّ ابْنِي هَذَا سَيِّدٌ كَمَا سَمَّاهُ النَّبِيُّ صلى الله عليه وسلم وَسَيَخْرُجُ مِنْ صُلْبِهِ رَجُلٌ يُسَمَّى بِاسْمِ نَبِيِّكُمْ يُشْبِهُهُ فِي الْخُلُقِ وَلاَ يُشْبِهُهُ فِي الْخَلْقِ ثُمَّ ذَكَرَ قِصَّةَ يَمْلأُ الأَرْضَ عَدْلاً ‏.",
        "ar_diacless": "المغيرة، قال حدثنا عمرو بن أبي قيس، عن شعيب بن خالد، عن أبي إسحاق، قال قال علي - رضى الله عنه - ونظر إلى ابنه الحسن فقال إن ابني هذا سيد كما سماه النبي صلى الله عليه وسلم وسيخرج من صلبه رجل يسمى باسم نبيكم يشبهه في الخلق ولا يشبهه في الخلق ثم ذكر قصة يملأ الأرض عدلا ‏.",
        "note": "[৪২৮৯] আবূ দাঊদ এটি একক ভাবে বর্ণনা করেছেন। তাবরীযী মিশকাত গ্রন্থে বলেনঃ এর সানাদ মুনকাতি।",
        "grade_id": 4,
        "grade": "দুর্বল হাদিস",
        "grade_color": "#F85B24"
      }
    ]
  }
]