[
  {
    "id": 5437,
    "book_id": 4,
    "book_name": "abu-dawud",
    "chapter_id": 17,
    "section_id": 1,
    "title": "শিকার ইত্যাদি উদ্দেশ্যে কুকুর প্রতিপালন করা",
    "preface": "",
    "number": "অনুচ্ছেদ-১",
    "sort_order": 1,
    "hadiths": [
      {
        "id": 13700,
        "book_id": 4,
        "book_name": "সুনানে আবু দাউদ",
        "chapter_id": 17,
        "section_id": 1,
        "hadith_key": "সুনানে আবু দাউদ: ২৮৪৪",
        "hadith_id": 2844,
        "narrator": "আবূ হুরায়রা (রাঃ)",
        "bn": "নবী (সাল্লাল্লাহু ‘আলাইহি ওয়া সাল্লাম) বলেনঃ যে ব্যক্তি পশুদের রক্ষণাবেক্ষন, শিকার কিংবা কৃষিক্ষেতের পাহারার উদ্দেশ্যে ছাড়া অন্য কোন উদ্দেশ্যে কুকুর পোষে, তার সাওয়াব থেকে প্রত্যহ এক ক্বীরাত করে বিয়োগ করা হবে।",
        "ar": "حَدَّثَنَا الْحَسَنُ بْنُ عَلِيٍّ، حَدَّثَنَا عَبْدُ الرَّزَّاقِ، أَخْبَرَنَا مَعْمَرٌ، عَنِ الزُّهْرِيِّ، عَنْ أَبِي سَلَمَةَ، عَنْ أَبِي هُرَيْرَةَ، عَنِ النَّبِيِّ صلى الله عليه وسلم قَالَ ‏ \"‏ مَنِ اتَّخَذَ كَلْبًا إِلاَّ كَلْبَ مَاشِيَةٍ أَوْ صَيْدٍ أَوْ زَرْعٍ انْتَقَصَ مِنْ أَجْرِهِ كُلَّ يَوْمٍ قِيرَاطٌ ‏\"‏ ‏.‏",
        "ar_diacless": "حدثنا الحسن بن علي، حدثنا عبد الرزاق، أخبرنا معمر، عن الزهري، عن أبي سلمة، عن أبي هريرة، عن النبي صلى الله عليه وسلم قال ‏ \"‏ من اتخذ كلبا إلا كلب ماشية أو صيد أو زرع انتقص من أجره كل يوم قيراط ‏\"‏ ‏.‏",
        "note": "",
        "grade_id": 2,
        "grade": "সহিহ হাদিস",
        "grade_color": "#46B891"
      },
      {
        "id": 13699,
        "book_id": 4,
        "book_name": "সুনানে আবু দাউদ",
        "chapter_id": 17,
        "section_id": 1,
        "hadith_key": "সুনানে আবু দাউদ: ২৮৪৫",
        "hadith_id": 2845,
        "narrator": "আবদুল্লাহ ইবনু মুগাফফাল (রাঃ)",
        "bn": "তিনি বলেন, রাসূলুল্লাহ (সাল্লাল্লাহু ‘আলাইহি ওয়া সাল্লাম) বলেছেনঃ আল্লাহ্‌র সৃষ্টজীবের মধ্যে কুকুর এক প্রকার জীব না হলে আমি এগুলোকে হত্যা করতে আদেশ দিতাম। সুতরাং তোমরা গাঢ় কালো রঙের কুকুরগুলো হত্যা করো।",
        "ar": "حَدَّثَنَا مُسَدَّدٌ، حَدَّثَنَا يَزِيدُ، حَدَّثَنَا يُونُسُ، عَنِ الْحَسَنِ، عَنْ عَبْدِ اللَّهِ بْنِ مُغَفَّلٍ، قَالَ قَالَ رَسُولُ اللَّهِ صلى الله عليه وسلم ‏ \"‏ لَوْلاَ أَنَّ الْكِلاَبَ أُمَّةٌ مِنَ الأُمَمِ لأَمَرْتُ بِقَتْلِهَا فَاقْتُلُوا مِنْهَا الأَسْوَدَ الْبَهِيمَ ‏\"‏ ‏.‏",
        "ar_diacless": "حدثنا مسدد، حدثنا يزيد، حدثنا يونس، عن الحسن، عن عبد الله بن مغفل، قال قال رسول الله صلى الله عليه وسلم ‏ \"‏ لولا أن الكلاب أمة من الأمم لأمرت بقتلها فاقتلوا منها الأسود البهيم ‏\"‏ ‏.‏",
        "note": "",
        "grade_id": 2,
        "grade": "সহিহ হাদিস",
        "grade_color": "#46B891"
      },
      {
        "id": 13701,
        "book_id": 4,
        "book_name": "সুনানে আবু দাউদ",
        "chapter_id": 17,
        "section_id": 1,
        "hadith_key": "সুনানে আবু দাউদ: ২৮৪৬",
        "hadith_id": 2846,
        "narrator": "জাবির (রাঃ)",
        "bn": "তিনি বলেন, আল্লাহর নবী (সাল্লাল্লাহু ‘আলাইহি ওয়া সাল্লাম) আমাদেরকে কুকুর হত্যার আদেশ দেন, এমনকি কোন মহিলাও যদি জঙ্গল থেকে তার কুকুরসহ আসতো সেটাও আমরা হত্যা করতাম। অতঃপর তিনি আমদেরকে কুকুর হত্যা নিষেধ করে বললেনঃ তোমরা শুধুমাত্র কালো কুকুর হত্যা করবে।",
        "ar": "حَدَّثَنَا يَحْيَى بْنُ خَلَفٍ، حَدَّثَنَا أَبُو عَاصِمٍ، عَنِ ابْنِ جُرَيْجٍ، قَالَ أَخْبَرَنِي أَبُو الزُّبَيْرِ، عَنْ جَابِرٍ، قَالَ أَمَرَ نَبِيُّ اللَّهِ صلى الله عليه وسلم بِقَتْلِ الْكِلاَبِ حَتَّى إِنْ كَانَتِ الْمَرْأَةُ تَقْدَمُ مِنَ الْبَادِيَةِ - يَعْنِي بِالْكَلْبِ - فَنَقْتُلُهُ ثُمَّ نَهَانَا عَنْ قَتْلِهَا وَقَالَ ‏ \"‏ عَلَيْكُمْ بِالأَسْوَدِ ‏\"‏ ‏.‏",
        "ar_diacless": "حدثنا يحيى بن خلف، حدثنا أبو عاصم، عن ابن جريج، قال أخبرني أبو الزبير، عن جابر، قال أمر نبي الله صلى الله عليه وسلم بقتل الكلاب حتى إن كانت المرأة تقدم من البادية - يعني بالكلب - فنقتله ثم نهانا عن قتلها وقال ‏ \"‏ عليكم بالأسود ‏\"‏ ‏.‏",
        "note": "",
        "grade_id": 2,
        "grade": "সহিহ হাদিস",
        "grade_color": "#46B891"
      }
    ]
  },
  {
    "id": 5438,
    "book_id": 4,
    "book_name": "abu-dawud",
    "chapter_id": 17,
    "section_id": 2,
    "title": "শিকারের বর্ণনা",
    "preface": "",
    "number": "অনুচ্ছেদ-২",
    "sort_order": 2,
    "hadiths": [
      {
        "id": 13710,
        "book_id": 4,
        "book_name": "সুনানে আবু দাউদ",
        "chapter_id": 17,
        "section_id": 2,
        "hadith_key": "সুনানে আবু দাউদ: ২৮৪৭",
        "hadith_id": 2847,
        "narrator": "আদী ইবনু হাতিম (রাঃ)",
        "bn": "তিনি বলেন, আমি নবী (সাল্লাল্লাহু ‘আলাইহি ওয়া সাল্লাম)-কে জিজ্ঞেস করি, আমি আমার প্রশিক্ষণপ্রাপ্ত কুকুর শিকারে পাঠালে তা আমার জন্য শিকার ধরে আনলে আমি কি তা খাবো? তিনি বললেনঃ তুমি তোমার প্রশিক্ষণপ্রাপ্ত কুকুরকে আল্লাহর নাম নিয়ে শিকারে পাঠালে তা তোমার জন্য যে শিকার ধরে আনবে তা খাবে। আমি জিজ্ঞেস করি, কুকুর যদি শিকারকে হত্যা করে? তিনি বললেনঃ কুকুর যদি শিকার হত্যা করে এবং তোমার কুকুরের সাথে অন্য কুকুর অংশগ্রহণ না করে তাহলে খেতে পারবে। আমি বলি, আমি পালকবিহীন ধাতুর পাত ছুঁড়ে কোন শিকার ধরলে তা খাব কি? তিনি বললেনঃ আল্লাহর নাম উচ্চারণ করে পালকবিহীন ধাতুর পাত ছোঁড়া হলে তা শিকারকে জখম করলে খেতে পারো। কিন্তু তীরের পার্শ্বের আঘাতে শিকার হয়ে থাকলে তা খেও না।",
        "ar": "حَدَّثَنَا مُحَمَّدُ بْنُ عِيسَى، حَدَّثَنَا جَرِيرٌ، عَنْ مَنْصُورٍ، عَنْ إِبْرَاهِيمَ، عَنْ هَمَّامٍ، عَنْ عَدِيِّ بْنِ حَاتِمٍ، قَالَ سَأَلْتُ النَّبِيَّ صلى الله عليه وسلم قُلْتُ إِنِّي أُرْسِلُ الْكِلاَبَ الْمُعَلَّمَةَ فَتُمْسِكُ عَلَىَّ أَفَآكُلُ قَالَ ‏\"‏ إِذَا أَرْسَلْتَ الْكِلاَبَ الْمُعَلَّمَةَ وَذَكَرْتَ اسْمَ اللَّهِ فَكُلْ مِمَّا أَمْسَكْنَ عَلَيْكَ ‏\"‏ ‏.‏ قُلْتُ وَإِنْ قَتَلْنَ قَالَ ‏\"‏ وَإِنْ قَتَلْنَ مَا لَمْ يَشْرَكْهَا كَلْبٌ لَيْسَ مِنْهَا ‏\"‏ ‏.‏ قُلْتُ أَرْمِي بِالْمِعْرَاضِ فَأُصِيبُ أَفَآكُلُ قَالَ ‏\"‏ إِذَا رَمَيْتَ بِالْمِعْرَاضِ وَذَكَرْتَ اسْمَ اللَّهِ فَأَصَابَ فَخَزَقَ فَكُلْ وَإِنْ أَصَابَ بِعَرْضِهِ فَلاَ تَأْكُلْ ‏\"‏ ‏.",
        "ar_diacless": "حدثنا محمد بن عيسى، حدثنا جرير، عن منصور، عن إبراهيم، عن همام، عن عدي بن حاتم، قال سألت النبي صلى الله عليه وسلم قلت إني أرسل الكلاب المعلمة فتمسك على أفآكل قال ‏\"‏ إذا أرسلت الكلاب المعلمة وذكرت اسم الله فكل مما أمسكن عليك ‏\"‏ ‏.‏ قلت وإن قتلن قال ‏\"‏ وإن قتلن ما لم يشركها كلب ليس منها ‏\"‏ ‏.‏ قلت أرمي بالمعراض فأصيب أفآكل قال ‏\"‏ إذا رميت بالمعراض وذكرت اسم الله فأصاب فخزق فكل وإن أصاب بعرضه فلا تأكل ‏\"‏ ‏.",
        "note": "",
        "grade_id": 2,
        "grade": "সহিহ হাদিস",
        "grade_color": "#46B891"
      },
      {
        "id": 13702,
        "book_id": 4,
        "book_name": "সুনানে আবু দাউদ",
        "chapter_id": 17,
        "section_id": 2,
        "hadith_key": "সুনানে আবু দাউদ: ২৮৪৮",
        "hadith_id": 2848,
        "narrator": "আদী ইবনু হাতিম (রাঃ)",
        "bn": "তিনি বলেন, আমি রাসূলুল্লাহ (সাল্লাল্লাহু ‘আলাইহি ওয়া সাল্লাম)-কে জিজ্ঞেস করি, আমরা এসব কুকুর দ্বারা শিকার করে থাকি। তিনি আমাকে বললেনঃ যখন তোমার প্রশিক্ষণপ্রাপ্ত কুকুরগুলো আল্লাহর নাম নিয়ে শিকারে পাঠাবে, সেগুলো তোমার জন্য যা ধরে আনবে তা খাও, এমনকি শিকার মেরে ফেললেও। কুকুর যদি তা থেকে না খেয়ে থাকে তাহলে খাও। আর যদি খেয়ে থাকে তবে খেও না। কেননা আমার আশংকা হচ্ছে, ঐ শিকার সে নিজের জন্য ধরেছে।",
        "ar": "حَدَّثَنَا هَنَّادُ بْنُ السَّرِيِّ، حَدَّثَنَا ابْنُ فُضَيْلٍ، عَنْ بَيَانٍ، عَنْ عَامِرٍ، عَنْ عَدِيِّ بْنِ حَاتِمٍ، قَالَ سَأَلْتُ النَّبِيَّ صلى الله عليه وسلم قُلْتُ إِنَّا نَصِيدُ بِهَذِهِ الْكِلاَبِ فَقَالَ لِي ‏ \"‏ إِذَا أَرْسَلْتَ كِلاَبَكَ الْمُعَلَّمَةَ وَذَكَرْتَ اسْمَ اللَّهِ عَلَيْهَا فَكُلْ مِمَّا أَمْسَكْنَ عَلَيْكَ وَإِنْ قَتَلَ إِلاَّ أَنْ يَأْكُلَ الْكَلْبُ فَإِنْ أَكَلَ الْكَلْبُ فَلاَ تَأْكُلْ فَإِنِّي أَخَافُ أَنْ يَكُونَ إِنَّمَا أَمْسَكَهُ عَلَى نَفْسِهِ ‏\"‏ ‏.‏",
        "ar_diacless": "حدثنا هناد بن السري، حدثنا ابن فضيل، عن بيان، عن عامر، عن عدي بن حاتم، قال سألت النبي صلى الله عليه وسلم قلت إنا نصيد بهذه الكلاب فقال لي ‏ \"‏ إذا أرسلت كلابك المعلمة وذكرت اسم الله عليها فكل مما أمسكن عليك وإن قتل إلا أن يأكل الكلب فإن أكل الكلب فلا تأكل فإني أخاف أن يكون إنما أمسكه على نفسه ‏\"‏ ‏.‏",
        "note": "",
        "grade_id": 2,
        "grade": "সহিহ হাদিস",
        "grade_color": "#46B891"
      },
      {
        "id": 13704,
        "book_id": 4,
        "book_name": "সুনানে আবু দাউদ",
        "chapter_id": 17,
        "section_id": 2,
        "hadith_key": "সুনানে আবু দাউদ: ২৮৪৯",
        "hadith_id": 2849,
        "narrator": "আদী ইবনু হাতিম (রাঃ)",
        "bn": "নবী (সাল্লাল্লাহু ‘আলাইহি ওয়া সাল্লাম) বলেনঃ তুমি যদি আল্লাহর নাম নিয়ে তোমার তীর ছুঁড়ো এবং ঐ শিকারকৃত পশু পরের দিন এমন অবস্থায় পাও যে, তা পানিতে পড়েনি এবং তাতে তোমার তীরের আঘাত ছাড়া অন্য কোন চিহ্নও নেই, তবে তা খাও। আর যদি তোমার প্রশিক্ষণপ্রাপ্ত কুকুরের সাথে অন্য কুকুর দেখো তাহলে শিকার খেও না। কেননা তুমি অবহিত নয় যে, হয়ত অন্য কোন কুকুর শিকার হত্যা করেছে।",
        "ar": "حَدَّثَنَا مُوسَى بْنُ إِسْمَاعِيلَ، حَدَّثَنَا حَمَّادٌ، عَنْ عَاصِمٍ الأَحْوَلِ، عَنِ الشَّعْبِيِّ، عَنْ عَدِيِّ بْنِ حَاتِمٍ، أَنَّ النَّبِيَّ صلى الله عليه وسلم قَالَ ‏ \"‏ إِذَا رَمَيْتَ بِسَهْمِكَ وَذَكَرْتَ اسْمَ اللَّهِ فَوَجَدْتَهُ مِنَ الْغَدِ وَلَمْ تَجِدْهُ فِي مَاءٍ وَلاَ فِيهِ أَثَرٌ غَيْرَ سَهْمِكَ فَكُلْ وَإِذَا اخْتَلَطَ بِكِلاَبِكَ كَلْبٌ مِنْ غَيْرِهَا فَلاَ تَأْكُلْ لاَ تَدْرِي لَعَلَّهُ قَتَلَهُ الَّذِي لَيْسَ مِنْهَا ‏\"‏ ‏.‏",
        "ar_diacless": "حدثنا موسى بن إسماعيل، حدثنا حماد، عن عاصم الأحول، عن الشعبي، عن عدي بن حاتم، أن النبي صلى الله عليه وسلم قال ‏ \"‏ إذا رميت بسهمك وذكرت اسم الله فوجدته من الغد ولم تجده في ماء ولا فيه أثر غير سهمك فكل وإذا اختلط بكلابك كلب من غيرها فلا تأكل لا تدري لعله قتله الذي ليس منها ‏\"‏ ‏.‏",
        "note": "",
        "grade_id": 2,
        "grade": "সহিহ হাদিস",
        "grade_color": "#46B891"
      },
      {
        "id": 13703,
        "book_id": 4,
        "book_name": "সুনানে আবু দাউদ",
        "chapter_id": 17,
        "section_id": 2,
        "hadith_key": "সুনানে আবু দাউদ: ২৮৫০",
        "hadith_id": 2850,
        "narrator": "আদী ইবনু হাতিম (রাঃ)",
        "bn": "নবী (সাল্লাল্লাহু ‘আলাইহি ওয়া সাল্লাম) বলেনঃ তোমার শিকার তীরসহ পানিতে পড়ে ডুবে মারা গেলে তাহলে তুমি তা খাবে না।",
        "ar": "حَدَّثَنَا مُحَمَّدُ بْنُ يَحْيَى بْنِ فَارِسٍ، حَدَّثَنَا أَحْمَدُ بْنُ حَنْبَلٍ، حَدَّثَنَا يَحْيَى بْنُ زَكَرِيَّا بْنِ أَبِي زَائِدَةَ، أَخْبَرَنِي عَاصِمٌ الأَحْوَلُ، عَنِ الشَّعْبِيِّ، عَنْ عَدِيِّ بْنِ حَاتِمٍ، أَنَّ النَّبِيَّ صلى الله عليه وسلم قَالَ ‏ \"‏ إِذَا وَقَعَتْ رَمِيَّتُكَ فِي مَاءٍ فَغَرِقَ فَمَاتَ فَلاَ تَأْكُلْ ‏\"‏ ‏.‏",
        "ar_diacless": "حدثنا محمد بن يحيى بن فارس، حدثنا أحمد بن حنبل، حدثنا يحيى بن زكريا بن أبي زائدة، أخبرني عاصم الأحول، عن الشعبي، عن عدي بن حاتم، أن النبي صلى الله عليه وسلم قال ‏ \"‏ إذا وقعت رميتك في ماء فغرق فمات فلا تأكل ‏\"‏ ‏.‏",
        "note": "",
        "grade_id": 2,
        "grade": "সহিহ হাদিস",
        "grade_color": "#46B891"
      },
      {
        "id": 13705,
        "book_id": 4,
        "book_name": "সুনানে আবু দাউদ",
        "chapter_id": 17,
        "section_id": 2,
        "hadith_key": "সুনানে আবু দাউদ: ২৮৫১",
        "hadith_id": 2851,
        "narrator": "আদী ইবনু হাতিম (রাঃ)",
        "bn": "নবী (সাল্লাল্লাহু ‘আলাইহি ওয়া সাল্লাম) বলেনঃ তুমি কোন কুকুর বা বাজ পাখি প্রশিক্ষণ দিয়ে শিকারে পাঠালে এবং আল্লাহর নাম স্মরণ করলে-সে তোমার জন্য যা ধরে আনবে তা খেতে পারো। আমি বলি, যদি সে তা মেরে ফেলে? তিনি বললেনঃ সে যদি শিকার হত্যা করে এর কোন অংশ না খায়, তবে সে তা তোমার জন্যই শিকার করেছে। \nআবূ দাঊদ (রহঃ) বলেন, বাজ পাখি শিকারের কিছু খেলে অসুবিধা নেই। কুকুর শিকার থেকে খেলে তা খাওয়া নিষেধ, তবে কেবল রক্ত পান করলে তা খাওয়া দূষণীয় নয়।\n\nসহীহঃ কিন্তু ‘অথবা বাজ পাখি’ কথাটির মুনকার। যঈফ আল-জামি‘উস সাগীর (৫১১১) এর প্রথম অংশ, মিশকাত (৪০৮৩)।",
        "ar": "ثَنَا عُثْمَانُ بْنُ أَبِي شَيْبَةَ، حَدَّثَنَا عَبْدُ اللَّهِ بْنُ نُمَيْرٍ، حَدَّثَنَا مُجَالِدٌ، عَنِ الشَّعْبِيِّ، عَنْ عَدِيِّ بْنِ حَاتِمٍ، أَنَّ النَّبِيَّ صلى الله عليه وسلم قَالَ ‏\"‏ مَا عَلَّمْتَ مِنْ كَلْبٍ أَوْ بَازٍ ثُمَّ أَرْسَلْتَهُ وَذَكَرْتَ اسْمَ اللَّهِ فَكُلْ مِمَّا أَمْسَكَ عَلَيْكَ ‏\"‏ ‏.‏ قُلْتُ وَإِنْ قَتَلَ قَالَ ‏\"‏ إِذَا قَتَلَهُ وَلَمْ يَأْكُلْ مِنْهُ شَيْئًا فَإِنَّمَا أَمْسَكَهُ عَلَيْكَ ‏\"‏ ‏.‏ قَالَ أَبُو دَاوُدَ الْبَازُ إِذَا أَكَلَ فَلاَ بَأْسَ بِهِ وَالْكَلْبُ إِذَا أَكَلَ كُرِهَ وَإِنْ شَرِبَ الدَّمَ فَلاَ بَأْسَ بِهِ ‏.‏",
        "ar_diacless": "ثنا عثمان بن أبي شيبة، حدثنا عبد الله بن نمير، حدثنا مجالد، عن الشعبي، عن عدي بن حاتم، أن النبي صلى الله عليه وسلم قال ‏\"‏ ما علمت من كلب أو باز ثم أرسلته وذكرت اسم الله فكل مما أمسك عليك ‏\"‏ ‏.‏ قلت وإن قتل قال ‏\"‏ إذا قتله ولم يأكل منه شيئا فإنما أمسكه عليك ‏\"‏ ‏.‏ قال أبو داود الباز إذا أكل فلا بأس به والكلب إذا أكل كره وإن شرب الدم فلا بأس به ‏.‏",
        "note": "",
        "grade_id": 2,
        "grade": "সহিহ হাদিস",
        "grade_color": "#46B891"
      },
      {
        "id": 13709,
        "book_id": 4,
        "book_name": "সুনানে আবু দাউদ",
        "chapter_id": 17,
        "section_id": 2,
        "hadith_key": "সুনানে আবু দাউদ: ২৮৫২",
        "hadith_id": 2852,
        "narrator": "আবূ সা‘লাবাহ আল-খুশানী (রাঃ)",
        "bn": "তিনি বলেন, নবী (সাল্লাল্লাহু ‘আলাইহি ওয়া সাল্লাম) কুকুরের শিকার সম্পর্কে বলেনঃ তুমি যখন তোমার কুকুর শিকারে পাঠাবে এবং তাতে মহান আল্লাহর নাম স্মরণ করবে, অতঃপর সে যা ধরে নিয়ে আসবে তা খেতে পারো। এমনকি তা থেকে কুকুর সামান্য খেলেও অসুবিধা নেই। আর তোমার ধনুক তোমাকে যা ফিরিয়ে দিবে তা খাও।",
        "ar": "حَدَّثَنَا مُحَمَّدُ بْنُ عِيسَى، حَدَّثَنَا هُشَيْمٌ، حَدَّثَنَا دَاوُدُ بْنُ عَمْرٍو، عَنْ بُسْرِ بْنِ عُبَيْدِ اللَّهِ، عَنْ أَبِي إِدْرِيسَ الْخَوْلاَنِيِّ، عَنْ أَبِي ثَعْلَبَةَ الْخُشَنِيِّ، قَالَ قَالَ رَسُولُ اللَّهِ صلى الله عليه وسلم فِي صَيْدِ الْكَلْبِ ‏ \"‏ إِذَا أَرْسَلْتَ كَلْبَكَ وَذَكَرْتَ اسْمَ اللَّهِ فَكُلْ وَإِنْ أَكَلَ مِنْهُ وَكُلْ مَا رَدَّتْ عَلَيْكَ يَدَاكَ ‏\"‏ ‏.‏",
        "ar_diacless": "حدثنا محمد بن عيسى، حدثنا هشيم، حدثنا داود بن عمرو، عن بسر بن عبيد الله، عن أبي إدريس الخولاني، عن أبي ثعلبة الخشني، قال قال رسول الله صلى الله عليه وسلم في صيد الكلب ‏ \"‏ إذا أرسلت كلبك وذكرت اسم الله فكل وإن أكل منه وكل ما ردت عليك يداك ‏\"‏ ‏.‏",
        "note": "",
        "grade_id": 21,
        "grade": "মুনকার",
        "grade_color": "#F85B24"
      },
      {
        "id": 13706,
        "book_id": 4,
        "book_name": "সুনানে আবু দাউদ",
        "chapter_id": 17,
        "section_id": 2,
        "hadith_key": "সুনানে আবু দাউদ: ২৮৫৩",
        "hadith_id": 2853,
        "narrator": "আদী ইবনু হাতিম (রাঃ)",
        "bn": "তিনি বললেন, হে আল্লাহর রাসূল! আমাদের কেউ যদি শিকারের প্রতি তীর নিক্ষেপ করে, অতঃপর দুই বা তিন দিন নিখোঁজ থাকার পর মৃত অবস্থায় শিকারটি পায় এবং তার শরীরে তীরবিদ্ধ থাকে। সে কি তা খাবে? তিনি বললেনঃ হাঁ, সে ইচ্ছা হলে খেতে পারে।",
        "ar": "حَدَّثَنَا الْحُسَيْنُ بْنُ مُعَاذِ بْنِ خُلَيْفٍ، حَدَّثَنَا عَبْدُ الأَعْلَى، حَدَّثَنَا دَاوُدُ، عَنْ عَامِرٍ، عَنْ عَدِيِّ بْنِ حَاتِمٍ، أَنَّهُ قَالَ يَا رَسُولَ اللَّهِ أَحَدُنَا يَرْمِي الصَّيْدَ فَيَقْتَفِي أَثَرَهُ الْيَوْمَيْنِ وَالثَّلاَثَةَ ثُمَّ يَجِدُهُ مَيِّتًا وَفِيهِ سَهْمُهُ أَيَأْكُلُ قَالَ ‏\"‏ نَعَمْ إِنْ شَاءَ ‏\"‏ ‏.‏ أَوْ قَالَ ‏\"‏ يَأْكُلُ إِنْ شَاءَ ‏\"‏ ‏.‏",
        "ar_diacless": "حدثنا الحسين بن معاذ بن خليف، حدثنا عبد الأعلى، حدثنا داود، عن عامر، عن عدي بن حاتم، أنه قال يا رسول الله أحدنا يرمي الصيد فيقتفي أثره اليومين والثلاثة ثم يجده ميتا وفيه سهمه أيأكل قال ‏\"‏ نعم إن شاء ‏\"‏ ‏.‏ أو قال ‏\"‏ يأكل إن شاء ‏\"‏ ‏.‏",
        "note": "",
        "grade_id": 2,
        "grade": "সহিহ হাদিস",
        "grade_color": "#46B891"
      },
      {
        "id": 18766,
        "book_id": 4,
        "book_name": "সুনানে আবু দাউদ",
        "chapter_id": 17,
        "section_id": 2,
        "hadith_key": "সুনানে আবু দাউদ: ২৮৫৪",
        "hadith_id": 2854,
        "narrator": "আদী ইবনু হাতিম (রাঃ)",
        "bn": "আমি নবী (সাল্লাল্লাহু ‘আলাইহি ওয়া সাল্লাম)-কে (পালাকহীন ও মধ্যবর্তী অংশ মোটা) তীর সম্পর্কে জিজ্ঞেস করলে তিনি বলেনঃ শিকার এর ধারালো দিকের আঘাতে মারা গেলে খাবে। আর প্রস্থের দিকের আঘাতে মারা গেলে খাবে না। কেননা তা আঘাতপ্রাপ্ত হয়ে মৃত প্রাণীর মতই (হারাম)। আমি বলি, আমি শিকার ধরার জন্য আমার কুকুর প্রেরণ করি। তিনি বললেনঃ আল্লাহর নাম নিয়ে ছেড়ে থাকলে খাও, অন্যথায় খেও না। তবে কুকুর শিকার থেকে খেয়ে থাকলে তা খেও না। কেননা সে তা নিজের জন্য ধরেছে। ‘আদী (রাঃ) বললেন, আমার শিকারের জন্য কুকুর প্রেরণ করি এবং এর সাথে অন্য কুকুরও দেখি। তিনি বললেনঃ তা খাবে না। কারণ তুমি তো কেবল তোমার কুকুরের উপর আল্লাহর নাম উচ্চারণ করেছো।",
        "ar": "حَدَّثَنَا مُحَمَّدُ بْنُ كَثِيرٍ، حَدَّثَنَا شُعْبَةُ، عَنْ عَبْدِ اللَّهِ بْنِ أَبِي السَّفَرِ، عَنِ الشَّعْبِيِّ، قَالَ قَالَ عَدِيُّ بْنُ حَاتِمٍ سَأَلْتُ النَّبِيَّ صلى الله عليه وسلم عَنِ الْمِعْرَاضِ فَقَالَ ‏\"‏ إِذَا أَصَابَ بِحَدِّهِ فَكُلْ وَإِذَا أَصَابَ بِعَرْضِهِ فَلاَ تَأْكُلْ فَإِنَّهُ وَقِيذٌ ‏\"‏ ‏.‏ قُلْتُ أُرْسِلُ كَلْبِي ‏.‏ قَالَ ‏\"‏ إِذَا سَمَّيْتَ فَكُلْ وَإِلاَّ فَلاَ تَأْكُلْ وَإِنْ أَكَلَ مِنْهُ فَلاَ تَأْكُلْ فَإِنَّمَا أَمْسَكَ لِنَفْسِهِ ‏\"‏ ‏.‏ فَقَالَ أُرْسِلُ كَلْبِي فَأَجِدُ عَلَيْهِ كَلْبًا آخَرَ فَقَالَ ‏\"‏ لاَ تَأْكُلْ لأَنَّكَ إِنَّمَا سَمَّيْتَ عَلَى كَلْبِكَ ‏\"‏ ‏.‏",
        "ar_diacless": "حدثنا محمد بن كثير، حدثنا شعبة، عن عبد الله بن أبي السفر، عن الشعبي، قال قال عدي بن حاتم سألت النبي صلى الله عليه وسلم عن المعراض فقال ‏\"‏ إذا أصاب بحده فكل وإذا أصاب بعرضه فلا تأكل فإنه وقيذ ‏\"‏ ‏.‏ قلت أرسل كلبي ‏.‏ قال ‏\"‏ إذا سميت فكل وإلا فلا تأكل وإن أكل منه فلا تأكل فإنما أمسك لنفسه ‏\"‏ ‏.‏ فقال أرسل كلبي فأجد عليه كلبا آخر فقال ‏\"‏ لا تأكل لأنك إنما سميت على كلبك ‏\"‏ ‏.‏",
        "note": "",
        "grade_id": 2,
        "grade": "সহিহ হাদিস",
        "grade_color": "#46B891"
      },
      {
        "id": 13707,
        "book_id": 4,
        "book_name": "সুনানে আবু দাউদ",
        "chapter_id": 17,
        "section_id": 2,
        "hadith_key": "সুনানে আবু দাউদ: ২৮৫৫",
        "hadith_id": 2855,
        "narrator": "আবূ সা‘লাবাহ আল-খুশানী (রাঃ)",
        "bn": "তিনি বলেন, একদা আমি বললাম, হে আল্লাহর রাসূল! আমি আমার প্রশিক্ষণপ্রাপ্ত এবং প্রশিক্ষণহীন উভর ধরণের কুকুর শিকারে প্রেরণ করি। তিনি বললেনঃ তোমার প্রশিক্ষণপ্রাপ্ত কুকুরকে আল্লাহর নাম নিয়ে ছেড়ে থাকলে তার শিকার খাও। আর তোমার প্রশিক্ষণহীন কুকুর শিকারে পাঠালে তার শিকার যাবাহ করার সুযোগ পেলে তা খাবে।",
        "ar": "حَدَّثَنَا هَنَّادُ بْنُ السَّرِيِّ، عَنِ ابْنِ الْمُبَارَكِ، عَنْ حَيْوَةَ بْنِ شُرَيْحٍ، قَالَ سَمِعْتُ رَبِيعَةَ بْنَ يَزِيدَ الدِّمَشْقِيَّ، يَقُولُ أَخْبَرَنِي أَبُو إِدْرِيسَ الْخَوْلاَنِيُّ، عَائِذُ اللَّهِ قَالَ سَمِعْتُ أَبَا ثَعْلَبَةَ الْخُشَنِيَّ، يَقُولُ قُلْتُ يَا رَسُولَ اللَّهِ إِنِّي أَصِيدُ بِكَلْبِي الْمُعَلَّمِ وَبِكَلْبِي الَّذِي لَيْسَ بِمُعَلَّمٍ قَالَ ‏ \"‏ مَا صِدْتَ بِكَلْبِكَ الْمُعَلَّمِ فَاذْكُرِ اسْمَ اللَّهِ وَكُلْ وَمَا اصَّدْتَ بِكَلْبِكَ الَّذِي لَيْسَ بِمُعَلَّمٍ فَأَدْرَكْتَ ذَكَاتَهُ فَكُلْ ‏\"‏ ‏.‏",
        "ar_diacless": "حدثنا هناد بن السري، عن ابن المبارك، عن حيوة بن شريح، قال سمعت ربيعة بن يزيد الدمشقي، يقول أخبرني أبو إدريس الخولاني، عائذ الله قال سمعت أبا ثعلبة الخشني، يقول قلت يا رسول الله إني أصيد بكلبي المعلم وبكلبي الذي ليس بمعلم قال ‏ \"‏ ما صدت بكلبك المعلم فاذكر اسم الله وكل وما اصدت بكلبك الذي ليس بمعلم فأدركت ذكاته فكل ‏\"‏ ‏.‏",
        "note": "",
        "grade_id": 2,
        "grade": "সহিহ হাদিস",
        "grade_color": "#46B891"
      },
      {
        "id": 13708,
        "book_id": 4,
        "book_name": "সুনানে আবু দাউদ",
        "chapter_id": 17,
        "section_id": 2,
        "hadith_key": "সুনানে আবু দাউদ: ২৮৫৬",
        "hadith_id": 2856,
        "narrator": "আবূ সা‘লাবাহ আল-খুশানী (রাঃ)",
        "bn": "তিনি বলেন, রাসূলুল্লাহ (সাল্লাল্লাহু ‘আলাইহি ওয়া সাল্লাম) আমাকে বললেনঃ হে আবূ সা‘লাবাহ! তোমার তীর ও কুকুর তোমাকে যে শিকার এনে দিলে তা ভক্ষণ করো। বর্ণনাকারী ইবনু হারবের বর্ণনায় ‘প্রশিক্ষণপ্রাপ্ত’ এবং ‘কাওসের’ স্থলে ‘ইয়াদ’ শব্দ উল্লেখ রয়েছে। তাতে এও আছে, হোক জীবিত বা মৃত তা খেতে পারবে।",
        "ar": "حَدَّثَنَا مُحَمَّدُ بْنُ الْمُصَفَّى، حَدَّثَنَا مُحَمَّدُ بْنُ حَرْبٍ، ح وَحَدَّثَنَا مُحَمَّدُ بْنُ الْمُصَفَّى، حَدَّثَنَا بَقِيَّةُ، عَنِ الزُّبَيْدِيِّ، حَدَّثَنَا يُونُسُ بْنُ سَيْفٍ، حَدَّثَنَا أَبُو إِدْرِيسَ الْخَوْلاَنِيُّ، حَدَّثَنِي أَبُو ثَعْلَبَةَ الْخُشَنِيُّ، قَالَ قَالَ لِي رَسُولُ اللَّهِ صلى الله عليه وسلم ‏\"‏ يَا أَبَا ثَعْلَبَةَ كُلْ مَا رَدَّتْ عَلَيْكَ قَوْسُكَ وَكَلْبُكَ ‏\"‏ ‏.‏ زَادَ عَنِ ابْنِ حَرْبٍ ‏\"‏ الْمُعَلَّمُ وَيَدُكَ فَكُلْ ذَكِيًّا وَغَيْرَ ذَكِيٍّ ‏\"‏ ‏.‏",
        "ar_diacless": "حدثنا محمد بن المصفى، حدثنا محمد بن حرب، ح وحدثنا محمد بن المصفى، حدثنا بقية، عن الزبيدي، حدثنا يونس بن سيف، حدثنا أبو إدريس الخولاني، حدثني أبو ثعلبة الخشني، قال قال لي رسول الله صلى الله عليه وسلم ‏\"‏ يا أبا ثعلبة كل ما ردت عليك قوسك وكلبك ‏\"‏ ‏.‏ زاد عن ابن حرب ‏\"‏ المعلم ويدك فكل ذكيا وغير ذكي ‏\"‏ ‏.‏",
        "note": "",
        "grade_id": 2,
        "grade": "সহিহ হাদিস",
        "grade_color": "#46B891"
      },
      {
        "id": 13711,
        "book_id": 4,
        "book_name": "সুনানে আবু দাউদ",
        "chapter_id": 17,
        "section_id": 2,
        "hadith_key": "সুনানে আবু দাউদ: ২৮৫৭",
        "hadith_id": 2857,
        "narrator": "আমর ইবনু শু‘আইব (রহঃ) হতে পর্যায়ক্রমে তার পিতা ও দাদার",
        "bn": "একদা আবূ সা‘লাবাহ (রাঃ) নামক এক বেদুঈন এসে বলেন, হে আল্লাহর রাসূল! আমার শিকারী কুকুর আছে। এর শিকার সম্পর্কে আমাকে অবহিত করুন। নবী (সাল্লাল্লাহু ‘আলাইহি ওয়া সাল্লাম) বললেনঃ তোমার শিকারী কুকুর তোমার জন্য যা ধরে নিয়ে আসে তা খাও। তিনি বলেন, তা যাবাহ করার সুযোগ না পেলে? তিনি বললেনঃ সে তা থেকে কিছু খেলেও তা খেতে পারবে। তিনি বলেন, হে আল্লাহর রাসূল! আমার তীর-ধনুক সম্পর্কে বলুন। তিনি বললেনঃ তোমার তীর তোমাকে যা ফেরত দেয় তা খাও। তা যাবাহ করার সুযোগ পাও অথবা না পাও। তিনি বলেন, শিকার যদি নিখোঁজ হয়। তিনি বললেনঃ যদি তাতে তোমার তীর ছাড়া অন্য কিছুর চিহ্ন না থাকে তবে খাবে। তিনি বলেন, অগ্নিপূজারীর রান্না ও পাত্র ব্যবহার সম্পর্কে ফাতাওয়াহ দিন; যদি ওগুলো ছাড়া আমাদের কোন উপায় না থাকে। তিনি বললেন, ওগুলো ধুয়ে নিবে, তারপর খাবে।\n\nহাসানঃ কিন্তু “সে তা থেকে কিছু খেলেও”-এ কথাটি মুনকার।",
        "ar": "حَدَّثَنَا مُحَمَّدُ بْنُ الْمِنْهَالِ الضَّرِيرِ، حَدَّثَنَا يَزِيدُ بْنُ زُرَيْعٍ، حَدَّثَنَا حَبِيبٌ الْمُعَلِّمُ، عَنْ عَمْرِو بْنِ شُعَيْبٍ، عَنْ أَبِيهِ، عَنْ جَدِّهِ، أَنَّ أَعْرَابِيًّا، يُقَالُ لَهُ أَبُو ثَعْلَبَةَ قَالَ يَا رَسُولَ اللَّهِ إِنَّ لِي كِلاَبًا مُكَلَّبَةً فَأَفْتِنِي فِي صَيْدِهَا ‏.‏ فَقَالَ النَّبِيُّ صلى الله عليه وسلم ‏\"‏ إِنْ كَانَ لَكَ كِلاَبٌ مُكَلَّبَةٌ فَكُلْ مِمَّا أَمْسَكْنَ عَلَيْكَ ‏\"‏ ‏.‏ قَالَ ذَكِيًّا أَوْ غَيْرَ ذَكِيٍّ قَالَ ‏\"‏ نَعَمْ ‏\"‏ ‏.‏ قَالَ فَإِنْ أَكَلَ مِنْهُ قَالَ ‏\"‏ وَإِنْ أَكَلَ مِنْهُ ‏\"‏ ‏.‏ فَقَالَ يَا رَسُولَ اللَّهِ أَفْتِنِي فِي قَوْسِي ‏.‏ قَالَ ‏\"‏ كُلْ مَا رَدَّتْ عَلَيْكَ قَوْسُكَ ‏\"‏ ‏.‏ قَالَ ‏\"‏ ذَكِيًّا أَوْ غَيْرَ ذَكِيٍّ ‏\"‏ ‏.‏ قَالَ وَإِنْ تَغَيَّبَ عَنِّي قَالَ ‏\"‏ وَإِنْ تَغَيَّبَ عَنْكَ مَا لَمْ يَصِلَّ أَوْ تَجِدَ فِيهِ أَثَرًا غَيْرَ سَهْمِكَ ‏\"‏ ‏.‏ قَالَ أَفْتِنِي فِي آنِيَةِ الْمَجُوسِ إِنِ اضْطُرِرْنَا إِلَيْهَا ‏.‏ قَالَ ‏\"‏ اغْسِلْهَا وَكُلْ فِيهَا ‏\"‏ ‏.‏",
        "ar_diacless": "حدثنا محمد بن المنهال الضرير، حدثنا يزيد بن زريع، حدثنا حبيب المعلم، عن عمرو بن شعيب، عن أبيه، عن جده، أن أعرابيا، يقال له أبو ثعلبة قال يا رسول الله إن لي كلابا مكلبة فأفتني في صيدها ‏.‏ فقال النبي صلى الله عليه وسلم ‏\"‏ إن كان لك كلاب مكلبة فكل مما أمسكن عليك ‏\"‏ ‏.‏ قال ذكيا أو غير ذكي قال ‏\"‏ نعم ‏\"‏ ‏.‏ قال فإن أكل منه قال ‏\"‏ وإن أكل منه ‏\"‏ ‏.‏ فقال يا رسول الله أفتني في قوسي ‏.‏ قال ‏\"‏ كل ما ردت عليك قوسك ‏\"‏ ‏.‏ قال ‏\"‏ ذكيا أو غير ذكي ‏\"‏ ‏.‏ قال وإن تغيب عني قال ‏\"‏ وإن تغيب عنك ما لم يصل أو تجد فيه أثرا غير سهمك ‏\"‏ ‏.‏ قال أفتني في آنية المجوس إن اضطررنا إليها ‏.‏ قال ‏\"‏ اغسلها وكل فيها ‏\"‏ ‏.‏",
        "note": "",
        "grade_id": 3,
        "grade": "হাসান হাদিস",
        "grade_color": "#46B891"
      }
    ]
  },
  {
    "id": 5439,
    "book_id": 4,
    "book_name": "abu-dawud",
    "chapter_id": 17,
    "section_id": 3,
    "title": "যদি জীবিত পশুর দেহের অংশবিশেষ কেটে বিচ্ছিন্ন হয়ে যায়",
    "preface": "",
    "number": "অনুচ্ছেদ-৩",
    "sort_order": 3,
    "hadiths": [
      {
        "id": 13712,
        "book_id": 4,
        "book_name": "সুনানে আবু দাউদ",
        "chapter_id": 17,
        "section_id": 3,
        "hadith_key": "সুনানে আবু দাউদ: ২৮৫৮",
        "hadith_id": 2858,
        "narrator": "আবূ ওয়াক্বিদ (রাঃ)",
        "bn": "নবী (সাল্লাল্লাহু ‘আলাইহি ওয়া সাল্লাম) বলেনঃ জীবিত পশুর দেহের অংশবিশেষ কেটে বিচ্ছিন্ন হলে ঐ অংশ মৃত বলে গণ্য (যা হারাম)।",
        "ar": "حَدَّثَنَا عُثْمَانُ بْنُ أَبِي شَيْبَةَ، حَدَّثَنَا هَاشِمُ بْنُ الْقَاسِمِ، حَدَّثَنَا عَبْدُ الرَّحْمَنِ بْنُ عَبْدِ اللَّهِ بْنِ دِينَارٍ، عَنْ زَيْدِ بْنِ أَسْلَمَ، عَنْ عَطَاءِ بْنِ يَسَارٍ، عَنْ أَبِي وَاقِدٍ، قَالَ قَالَ النَّبِيُّ صلى الله عليه وسلم ‏ \"‏ مَا قُطِعَ مِنَ الْبَهِيمَةِ وَهِيَ حَيَّةٌ فَهِيَ مَيْتَةٌ ‏\"‏ ‏.",
        "ar_diacless": "حدثنا عثمان بن أبي شيبة، حدثنا هاشم بن القاسم، حدثنا عبد الرحمن بن عبد الله بن دينار، عن زيد بن أسلم، عن عطاء بن يسار، عن أبي واقد، قال قال النبي صلى الله عليه وسلم ‏ \"‏ ما قطع من البهيمة وهي حية فهي ميتة ‏\"‏ ‏.",
        "note": "",
        "grade_id": 2,
        "grade": "সহিহ হাদিস",
        "grade_color": "#46B891"
      }
    ]
  },
  {
    "id": 5440,
    "book_id": 4,
    "book_name": "abu-dawud",
    "chapter_id": 17,
    "section_id": 4,
    "title": "শিকারের পিছু নেয়া",
    "preface": "",
    "number": "অনুচ্ছেদ-৪",
    "sort_order": 4,
    "hadiths": [
      {
        "id": 13713,
        "book_id": 4,
        "book_name": "সুনানে আবু দাউদ",
        "chapter_id": 17,
        "section_id": 4,
        "hadith_key": "সুনানে আবু দাউদ: ২৮৫৯",
        "hadith_id": 2859,
        "narrator": "ইবনু ‘আব্বাস (রাঃ)",
        "bn": "নবী (সাল্লাল্লাহু ‘আলাইহি ওয়া সাল্লাম) বলেনঃ জংগলে বসবাসকারীর অন্তর কঠিন হয়ে যায়। যে লোক শিকারের পিছনে ছুটে সে কর্মবিমুখ হয়। আর যে লোক রাজা-বাদশার নিকট আসা-যাওয়া করে সে বিপদগ্রস্থ হয়।",
        "ar": "حَدَّثَنَا مُسَدَّدٌ، حَدَّثَنَا يَحْيَى، عَنْ سُفْيَانَ، حَدَّثَنِي أَبُو مُوسَى، عَنْ وَهْبِ بْنِ مُنَبِّهٍ، عَنِ ابْنِ عَبَّاسٍ، عَنِ النَّبِيِّ صلى الله عليه وسلم - وَقَالَ مَرَّةً سُفْيَانُ وَلاَ أَعْلَمُهُ إِلاَّ عَنِ النَّبِيِّ صلى الله عليه وسلم - وَقَالَ ‏ \"‏ مَنْ سَكَنَ الْبَادِيَةَ جَفَا وَمَنِ اتَّبَعَ الصَّيْدَ غَفَلَ وَمَنْ أَتَى السُّلْطَانَ افْتُتِنَ ‏\"‏ ‏.‏",
        "ar_diacless": "حدثنا مسدد، حدثنا يحيى، عن سفيان، حدثني أبو موسى، عن وهب بن منبه، عن ابن عباس، عن النبي صلى الله عليه وسلم - وقال مرة سفيان ولا أعلمه إلا عن النبي صلى الله عليه وسلم - وقال ‏ \"‏ من سكن البادية جفا ومن اتبع الصيد غفل ومن أتى السلطان افتتن ‏\"‏ ‏.‏",
        "note": "",
        "grade_id": 2,
        "grade": "সহিহ হাদিস",
        "grade_color": "#46B891"
      },
      {
        "id": 18767,
        "book_id": 4,
        "book_name": "সুনানে আবু দাউদ",
        "chapter_id": 17,
        "section_id": 4,
        "hadith_key": "সুনানে আবু দাউদ: ২৮৬০",
        "hadith_id": 2860,
        "narrator": "আবূ হুরায়রা হতে নাবী (সাল্লাল্লাহু ‘আলাইহি ওয়া সাল্লাম) সূত্র",
        "bn": "পূর্বোক্ত হাদীসে অনুরুপ বর্ণিত। তিনি বলেনঃ রাজা-বাদশার সাথে নিরবিচ্ছিন্ন সম্পর্ক স্থাপনকারী বিপদগ্রস্থ হয়। আর যে বান্দা রাজার সাথে অধিক ঘনিষ্ঠ হয় সে আল্লাহ থেকে ততোই দুরে সরে যেতে থাকে।\n\nদুর্বলঃ মিশকাত (৩৭০১)।",
        "ar": "حَدَّثَنَا مُحَمَّدُ بْنُ عِيسَى، حَدَّثَنَا مُحَمَّدُ بْنُ عُبَيْدٍ، حَدَّثَنَا الْحَسَنُ بْنُ الْحَكَمِ النَّخَعِيُّ، عَنْ عَدِيِّ بْنِ ثَابِتٍ، عَنْ شَيْخٍ، مِنَ الأَنْصَارِ عَنْ أَبِي هُرَيْرَةَ، عَنِ النَّبِيِّ صلى الله عليه وسلم بِمَعْنَى مُسَدَّدٍ قَالَ ‏\"‏ وَمَنْ لَزِمَ السُّلْطَانَ افْتُتِنَ ‏\"‏ ‏.‏ زَادَ ‏\"‏ وَمَا ازْدَادَ عَبْدٌ مِنَ السُّلْطَانِ دُنُوًّا إِلاَّ ازْدَادَ مِنَ اللَّهِ بُعْدًا ‏\"‏ ‏.‏",
        "ar_diacless": "حدثنا محمد بن عيسى، حدثنا محمد بن عبيد، حدثنا الحسن بن الحكم النخعي، عن عدي بن ثابت، عن شيخ، من الأنصار عن أبي هريرة، عن النبي صلى الله عليه وسلم بمعنى مسدد قال ‏\"‏ ومن لزم السلطان افتتن ‏\"‏ ‏.‏ زاد ‏\"‏ وما ازداد عبد من السلطان دنوا إلا ازداد من الله بعدا ‏\"‏ ‏.‏",
        "note": "",
        "grade_id": 4,
        "grade": "দুর্বল হাদিস",
        "grade_color": "#F85B24"
      },
      {
        "id": 13714,
        "book_id": 4,
        "book_name": "সুনানে আবু দাউদ",
        "chapter_id": 17,
        "section_id": 4,
        "hadith_key": "সুনানে আবু দাউদ: ২৮৬১",
        "hadith_id": 2861,
        "narrator": "আবূ সা‘লাবাহ আল-খুশানী (রাঃ)",
        "bn": "নবী (সাল্লাল্লাহু ‘আলাইহি ওয়া সাল্লাম) বলেনঃ তুমি শিকারের প্রতি তীর নিক্ষেপের তিনদিন পর তা পেলে এবং তাতে তোমার তীর আটকে থাকলে তা খেতে পারবে, যদি তাতে দুর্গন্ধ না থাকে।",
        "ar": "حَدَّثَنَا يَحْيَى بْنُ مَعِينٍ، حَدَّثَنَا حَمَّادُ بْنُ خَالِدٍ الْخَيَّاطُ، عَنْ مُعَاوِيَةَ بْنِ صَالِحٍ، عَنْ عَبْدِ الرَّحْمَنِ بْنِ جُبَيْرِ بْنِ نُفَيْرٍ، عَنْ أَبِيهِ، عَنْ أَبِي ثَعْلَبَةَ الْخُشَنِيِّ، عَنِ النَّبِيِّ صلى الله عليه وسلم قَالَ ‏ \"‏ إِذَا رَمَيْتَ الصَّيْدَ فَأَدْرَكْتَهُ بَعْدَ ثَلاَثِ لَيَالٍ وَسَهْمُكَ فِيهِ فَكُلْهُ مَا لَمْ يُنْتِنْ ‏\"‏ ‏.‏",
        "ar_diacless": "حدثنا يحيى بن معين، حدثنا حماد بن خالد الخياط، عن معاوية بن صالح، عن عبد الرحمن بن جبير بن نفير، عن أبيه، عن أبي ثعلبة الخشني، عن النبي صلى الله عليه وسلم قال ‏ \"‏ إذا رميت الصيد فأدركته بعد ثلاث ليال وسهمك فيه فكله ما لم ينتن ‏\"‏ ‏.‏",
        "note": "",
        "grade_id": 2,
        "grade": "সহিহ হাদিস",
        "grade_color": "#46B891"
      }
    ]
  }
]