[
  {
    "id": 158,
    "chapter_id": 1,
    "book_id": 4,
    "title": "পবিত্রতা অর্জন",
    "number": 1,
    "hadis_range": "০১ – ৩৯০",
    "book_name": "abu-dawud"
  },
  {
    "id": 159,
    "chapter_id": 2,
    "book_id": 4,
    "title": "সালাত (নামায)",
    "number": 2,
    "hadis_range": "৩৯১ – ১১৬০",
    "book_name": "abu-dawud"
  },
  {
    "id": 160,
    "chapter_id": 3,
    "book_id": 4,
    "title": "সালাতুল ইসতিস্‌কা (বৃষ্টি প্রার্থনার সালাত)",
    "number": 3,
    "hadis_range": "১১৬১ – ১১৯৭",
    "book_name": "abu-dawud"
  },
  {
    "id": 161,
    "chapter_id": 4,
    "book_id": 4,
    "title": "সফরকালীন সালাত",
    "number": 4,
    "hadis_range": "১১৯৮ – ১২৪৯",
    "book_name": "abu-dawud"
  },
  {
    "id": 162,
    "chapter_id": 5,
    "book_id": 4,
    "title": "নফল সালাত",
    "number": 5,
    "hadis_range": "১২৫০ – ১৩৭০",
    "book_name": "abu-dawud"
  },
  {
    "id": 163,
    "chapter_id": 6,
    "book_id": 4,
    "title": "রমযান মাস",
    "number": 6,
    "hadis_range": "১৩৭১ – ১৪০০",
    "book_name": "abu-dawud"
  },
  {
    "id": 164,
    "chapter_id": 7,
    "book_id": 4,
    "title": "কুরআন তিলাওয়াতের সিজদাসমূহ",
    "number": 7,
    "hadis_range": "১৪০১ – ১৪১৫",
    "book_name": "abu-dawud"
  },
  {
    "id": 165,
    "chapter_id": 8,
    "book_id": 4,
    "title": "বিতর সালাত",
    "number": 8,
    "hadis_range": "১৪১৬ – ১৫৫৫",
    "book_name": "abu-dawud"
  },
  {
    "id": 166,
    "chapter_id": 9,
    "book_id": 4,
    "title": "যাকাত",
    "number": 9,
    "hadis_range": "১৫৫৬ – ১৭০০",
    "book_name": "abu-dawud"
  },
  {
    "id": 167,
    "chapter_id": 10,
    "book_id": 4,
    "title": "লুক্বতাহ (হারানো বস্তু প্রাপ্তি)",
    "number": 10,
    "hadis_range": "১৭০১ – ১৭২০",
    "book_name": "abu-dawud"
  },
  {
    "id": 168,
    "chapter_id": 11,
    "book_id": 4,
    "title": "হজ্জ",
    "number": 11,
    "hadis_range": "১৭২১ – ২০৪৫",
    "book_name": "abu-dawud"
  },
  {
    "id": 169,
    "chapter_id": 12,
    "book_id": 4,
    "title": "বিবাহ",
    "number": 12,
    "hadis_range": "২০৪৬ – ২১৭৪",
    "book_name": "abu-dawud"
  },
  {
    "id": 170,
    "chapter_id": 13,
    "book_id": 4,
    "title": "তালাক",
    "number": 13,
    "hadis_range": "২১৭৫ – ২৩১২",
    "book_name": "abu-dawud"
  },
  {
    "id": 171,
    "chapter_id": 14,
    "book_id": 4,
    "title": "সওম (রোজা)",
    "number": 14,
    "hadis_range": "২৩১৩ – ২৪৭৬",
    "book_name": "abu-dawud"
  },
  {
    "id": 172,
    "chapter_id": 15,
    "book_id": 4,
    "title": "জিহাদ",
    "number": 15,
    "hadis_range": "২৪৭৭ – ২৭৮৭",
    "book_name": "abu-dawud"
  },
  {
    "id": 173,
    "chapter_id": 16,
    "book_id": 4,
    "title": "কুরবানীর নিয়ম-কানুন",
    "number": 16,
    "hadis_range": "২৭৮৮ – ২৮৪৩",
    "book_name": "abu-dawud"
  },
  {
    "id": 174,
    "chapter_id": 17,
    "book_id": 4,
    "title": "শিকার প্রসঙ্গে",
    "number": 17,
    "hadis_range": "২৮৪৪ – ২৮৬১",
    "book_name": "abu-dawud"
  },
  {
    "id": 175,
    "chapter_id": 18,
    "book_id": 4,
    "title": "ওসিয়াত প্রসঙ্গে",
    "number": 18,
    "hadis_range": "২৮৬২ – ২৮৮৪",
    "book_name": "abu-dawud"
  },
  {
    "id": 176,
    "chapter_id": 19,
    "book_id": 4,
    "title": "ফারায়িয (ওয়ারিসী স্বত্ব)",
    "number": 19,
    "hadis_range": "২৮৮৫ – ২৯২৭",
    "book_name": "abu-dawud"
  },
  {
    "id": 177,
    "chapter_id": 20,
    "book_id": 4,
    "title": "কর, ফাই ও প্রশাসক",
    "number": 20,
    "hadis_range": "২৯২৮ – ৩০৮৮",
    "book_name": "abu-dawud"
  },
  {
    "id": 178,
    "chapter_id": 21,
    "book_id": 4,
    "title": "জানাযা",
    "number": 21,
    "hadis_range": "৩০৮৯ – ৩২৪১",
    "book_name": "abu-dawud"
  },
  {
    "id": 179,
    "chapter_id": 22,
    "book_id": 4,
    "title": "শপথ ও মানত",
    "number": 22,
    "hadis_range": "৩২৪২ – ৩৩২৫",
    "book_name": "abu-dawud"
  },
  {
    "id": 180,
    "chapter_id": 23,
    "book_id": 4,
    "title": "ব্যবসা-বাণিজ্য",
    "number": 23,
    "hadis_range": "৩৩২৬ – ৩৪১৫",
    "book_name": "abu-dawud"
  },
  {
    "id": 181,
    "chapter_id": 24,
    "book_id": 4,
    "title": "ইজারা (ভাড়া ও শ্রম বিক্রয়)",
    "number": 24,
    "hadis_range": "৩৪১৬ – ৩৫৭০",
    "book_name": "abu-dawud"
  },
  {
    "id": 182,
    "chapter_id": 25,
    "book_id": 4,
    "title": "বিচার ব্যবস্থা",
    "number": 25,
    "hadis_range": "৩৫৭১ – ৩৬৪০",
    "book_name": "abu-dawud"
  },
  {
    "id": 183,
    "chapter_id": 26,
    "book_id": 4,
    "title": "জ্ঞান",
    "number": 26,
    "hadis_range": "৩৬৪১ – ৩৬৬৮",
    "book_name": "abu-dawud"
  },
  {
    "id": 184,
    "chapter_id": 27,
    "book_id": 4,
    "title": "পানীয় দ্রব্য প্রসঙ্গে",
    "number": 27,
    "hadis_range": "৩৬৬৯ – ৩৭৩৫",
    "book_name": "abu-dawud"
  },
  {
    "id": 185,
    "chapter_id": 28,
    "book_id": 4,
    "title": "খাদ্যদ্রব্য",
    "number": 28,
    "hadis_range": "৩৭৩৬ – ৩৮৫৪",
    "book_name": "abu-dawud"
  },
  {
    "id": 186,
    "chapter_id": 29,
    "book_id": 4,
    "title": "চিকিৎসা",
    "number": 29,
    "hadis_range": "৩৮৫৫ – ৩৯০৩",
    "book_name": "abu-dawud"
  },
  {
    "id": 187,
    "chapter_id": 30,
    "book_id": 4,
    "title": "ভবিষ্যৎ কথন ও কুলক্ষন-সুলক্ষণ",
    "number": 30,
    "hadis_range": "৩৯০৪ – ৩৯২৫",
    "book_name": "abu-dawud"
  },
  {
    "id": 188,
    "chapter_id": 31,
    "book_id": 4,
    "title": "দাসত্বমুক্তি",
    "number": 31,
    "hadis_range": "৩৯২৬ – ৩৯৬৮",
    "book_name": "abu-dawud"
  },
  {
    "id": 189,
    "chapter_id": 32,
    "book_id": 4,
    "title": "কুরআনের কিরাআত ও পাঠের নিয়ম",
    "number": 32,
    "hadis_range": "৩৯৬৯ – ৪০০৮",
    "book_name": "abu-dawud"
  },
  {
    "id": 190,
    "chapter_id": 33,
    "book_id": 4,
    "title": "গণ-গোসলখানা",
    "number": 33,
    "hadis_range": "৪০০৯ – ৪০১৯",
    "book_name": "abu-dawud"
  },
  {
    "id": 191,
    "chapter_id": 34,
    "book_id": 4,
    "title": "পোশাক-পরিচ্ছেদ",
    "number": 34,
    "hadis_range": "৪০২০ – ৪১৫৮",
    "book_name": "abu-dawud"
  },
  {
    "id": 192,
    "chapter_id": 35,
    "book_id": 4,
    "title": "চুল আঁচড়ানো",
    "number": 35,
    "hadis_range": "৪১৫৯ – ৪২১৩",
    "book_name": "abu-dawud"
  },
  {
    "id": 193,
    "chapter_id": 36,
    "book_id": 4,
    "title": "আংটি",
    "number": 36,
    "hadis_range": "৪২১৪ – ৪২৩৯",
    "book_name": "abu-dawud"
  },
  {
    "id": 194,
    "chapter_id": 37,
    "book_id": 4,
    "title": "ফিতনাহ ও বিপর্যয়",
    "number": 37,
    "hadis_range": "৪২৪০ – ৪২৭৮",
    "book_name": "abu-dawud"
  },
  {
    "id": 195,
    "chapter_id": 38,
    "book_id": 4,
    "title": "ইমাম মাহ্‌দী প্রসঙ্গ",
    "number": 38,
    "hadis_range": "৪২৭৯ – ৪২৯০",
    "book_name": "abu-dawud"
  },
  {
    "id": 196,
    "chapter_id": 39,
    "book_id": 4,
    "title": "যুদ্ধ-সংঘর্ষ",
    "number": 39,
    "hadis_range": "৪২৯১ – ৪৩৫০",
    "book_name": "abu-dawud"
  },
  {
    "id": 197,
    "chapter_id": 40,
    "book_id": 4,
    "title": "অপরাধ ও তার শাস্তি",
    "number": 40,
    "hadis_range": "৪৩৫১ – ৪৪৯৩",
    "book_name": "abu-dawud"
  },
  {
    "id": 198,
    "chapter_id": 41,
    "book_id": 4,
    "title": "রক্তমূল্য",
    "number": 41,
    "hadis_range": "৪৪৯৪ – ৪৫৯৫",
    "book_name": "abu-dawud"
  },
  {
    "id": 199,
    "chapter_id": 42,
    "book_id": 4,
    "title": "সুন্নাহ",
    "number": 42,
    "hadis_range": "৪৫৯৬ – ৪৭৭২",
    "book_name": "abu-dawud"
  },
  {
    "id": 200,
    "chapter_id": 43,
    "book_id": 4,
    "title": "শিষ্টাচার",
    "number": 43,
    "hadis_range": "৪৭৭৩ – ৫২৭৪",
    "book_name": "abu-dawud"
  }
]