[
  {
    "id": 1,
    "ar": "ٱلَّذِينَ كَفَرُوا۟ وَصَدُّوا۟ عَن سَبِيلِ ٱللَّهِ أَضَلَّ أَعْمَٰلَهُمْ",
    "tr": "আল্লাযীনা কাফারূওয়াছাদ্দূ‘আন ছাবীলিল্লা-হি আদাল্লা আ‘মা-লাহুম।",
    "bn_haque": "যারা অবিশ্বাস পোষণ করে এবং আল্লাহ্‌র পথ থেকে ফিরিয়ে রাখে, তিনি তাদের ক্রিয়াকলাপ ব্যর্থ করে দেবেন।",
    "bn_muhi": "যারা কুফরী করে এবং আল্লাহর পথে বাধা সৃষ্টি করে, আল্লাহ তাদের সকল কর্ম ব্যর্থ করে দেন।",
    "en": "Those who disbelieve and avert [people] from the way of Allah - He will waste their deeds."
  },
  {
    "id": 2,
    "ar": "وَٱلَّذِينَ ءَامَنُوا۟ وَعَمِلُوا۟ ٱلصَّٰلِحَٰتِ وَءَامَنُوا۟ بِمَا نُزِّلَ عَلَىٰ مُحَمَّدٍ وَهُوَ ٱلْحَقُّ مِن رَّبِّهِمْ كَفَّرَ عَنْهُمْ سَيِّـَٔاتِهِمْ وَأَصْلَحَ بَالَهُمْ",
    "tr": "ওয়াল্লাযীনা আ-মানূওয়া ‘আমিলুসসা-লিহা-তি ওয়া মা-মানূবিমা-নুঝঝিলা ‘আলামুহাম্মাদিওঁ ওয়াহুওয়াল হাক্কুমির রাব্বিহিম কাফফারা ‘আনহুম ছাইয়িআ-তিহিম ওয়া আসলাহা বা-লাহুম।",
    "bn_haque": "আর যারা ঈমান এনেছে ও সৎকর্ম করছে, আর বিশ্বাস করছে তাতে যা মুহাম্মদের কাছে অবতীর্ণ হয়েছে -- আর সেটিই হচ্ছে তাদের প্রভুর কাছ থেকে আগত মহাসত্য -- তিনি তাদের মন্দ কার্যাবলী তাদের থেকে দূর করে দেবেন, আর ভাল করে দেবেন তাদের অবস্থা।",
    "bn_muhi": "আর যারা বিশ্বাস স্থাপন করে, সৎকর্ম সম্পাদন করে এবং তাদের পালনকর্তার পক্ষ থেকে মুহাম্মদের প্রতি অবতীর্ণ সত্যে বিশ্বাস করে, আল্লাহ তাদের মন্দ কর্মসমূহ মার্জনা করেন এবং তাদের অবস্থা ভাল করে দেন।",
    "en": "And those who believe and do righteous deeds and believe in what has been sent down upon Muhammad - and it is the truth from their Lord - He will remove from them their misdeeds and amend their condition."
  },
  {
    "id": 3,
    "ar": "ذَٰلِكَ بِأَنَّ ٱلَّذِينَ كَفَرُوا۟ ٱتَّبَعُوا۟ ٱلْبَٰطِلَ وَأَنَّ ٱلَّذِينَ ءَامَنُوا۟ ٱتَّبَعُوا۟ ٱلْحَقَّ مِن رَّبِّهِمْ كَذَٰلِكَ يَضْرِبُ ٱللَّهُ لِلنَّاسِ أَمْثَٰلَهُمْ",
    "tr": "যা-লিকা বিআন্নাল্লাযীনা কাফারুত্তাবা‘উল বা-তিলা ওয়া আন্নাল্লাযীনা আ-মানুত্তাবা‘উল হাক্কা মির রাব্বিহিম কাযা-লিকা ইয়াদরিবুল্লা-হু লিন্না-ছি আমছা-লাহুম।",
    "bn_haque": "এইটিই, কেননা নিঃসন্দেহ যারা অবিশ্বাস পোষণ করে তারা মিথ্যার অনুসরণ করে, আর যেহেতু যারা ঈমান এনেছে তারা তাদের প্রভুর কাছ থেকে আসা সত্যের অনুগমন করে। এইভাবে আল্লাহ্ লোকেদের জন্য তাদের দৃষ্টান্তগুলো স্থাপন করেন।",
    "bn_muhi": "এটা এ কারণে যে, যারা কাফের, তারা বাতিলের অনুসরণ করে এবং যারা বিশ্বাসী, তারা তাদের পালনকর্তার নিকট থেকে আগত সত্যের অনুসরণ করে। এমনিভাবে আল্লাহ মানুষের জন্যে তাদের দৃষ্টান্তসমূহ বর্ণনা করেন।",
    "en": "That is because those who disbelieve follow falsehood, and those who believe follow the truth from their Lord. Thus does Allah present to the people their comparisons."
  },
  {
    "id": 4,
    "ar": "فَإِذَا لَقِيتُمُ ٱلَّذِينَ كَفَرُوا۟ فَضَرْبَ ٱلرِّقَابِ حَتَّىٰٓ إِذَآ أَثْخَنتُمُوهُمْ فَشُدُّوا۟ ٱلْوَثَاقَ فَإِمَّا مَنًّۢا بَعْدُ وَإِمَّا فِدَآءً حَتَّىٰ تَضَعَ ٱلْحَرْبُ أَوْزَارَهَا ذَٰلِكَ وَلَوْ يَشَآءُ ٱللَّهُ لَٱنتَصَرَ مِنْهُمْ وَلَٰكِن لِّيَبْلُوَا۟ بَعْضَكُم بِبَعْضٍ وَٱلَّذِينَ قُتِلُوا۟ فِى سَبِيلِ ٱللَّهِ فَلَن يُضِلَّ أَعْمَٰلَهُمْ",
    "tr": "ফাইযা-লাকীতুমুল্লাযীনা কাফারূফাদারবার রিকা-ব হাত্তাইযা আছখানতুমূহুম ফাশুদ্দুল ওয়াছা-কা ফাইম্মা-মান্নাম বা‘দুওয়াইম্মা-ফিদাআন হাত্তা-তাদা‘আল হারবুআওঝা-রাহা-যা-লিকা ওয়ালাও ইয়াশাউল্লা-হু লানতাসারা মিনহুম ওয়ালা-কিল লিইয়াবলুওয়া বা‘দাকুম ব্বিা‘দিওঁ ওয়াল্লাযীনা কুতিলূফী ছাবীলিল্লা-হি ফালাইঁ ইউদিল্লা আ‘মা-লাহুম।",
    "bn_haque": "সেজন্য যারা অবিশ্বাস পোষণ করে তাদের সাথে যখন তোমরা মোকাবিলা কর তখন গর্দান মারা, পরিশেষে যখন তোমরা তাদের পরাজিত করবে তখন মজবুত করে বাঁধবে, তখন এরপরে হয় সদয়ভাবে মুক্তিদান, না হয় মুক্তিপণ গ্রহণ -- যতক্ষণ না যুদ্ধ তার অস্ত্রভার নামিয়ে দেয়, এমনটাই। আর আল্লাহ্ যদি চাইতেন তাহলে তিনিই তাদের থেকে প্রতিশোধ গ্রহণ করতে পারতেন, কিন্ত এইজন্য যে তোমাদের কারোকে যেন অপরের দ্বারা তিনি সুনিয়ন্ত্রিত করতে পারেন। আর যাদের আল্লাহ্‌র পথে শহীদ করা হয় তাদের ক্রিয়াকর্মকে তিনি কখনো লক্ষ্যহারা হতে দেবেন না।",
    "bn_muhi": "অতঃপর যখন তোমরা কাফেরদের সাথে যুদ্ধে অবতীর্ণ হও, তখন তাদের গর্দার মার, অবশেষে যখন তাদেরকে পূর্ণরূপে পরাভূত কর তখন তাদেরকে শক্ত করে বেধে ফেল। অতঃপর হয় তাদের প্রতি অনুগ্রহ কর, না হয় তাদের নিকট হতে মুক্তিপণ লও। তোমরা যুদ্ধ চালিয়ে যাবে যে পর্যন্ত না শত্রুপক্ষ অস্ত্র সমর্পণ করবে! একথা শুনলে। আল্লাহ ইচ্ছা করলে তাদের কাছ থেকে প্রতিশোধ নিতে পারতেন। কিন্তু তিনি তোমাদের কতককে কতকের দ্বারা পরীক্ষা করতে চান। যারা আল্লাহর পথে শহীদ হয়, আল্লাহ কখনই তাদের কর্ম বিনষ্ট করবেন না।",
    "en": "So when you meet those who disbelieve [in battle], strike [their] necks until, when you have inflicted slaughter upon them, then secure their bonds, and either [confer] favor afterwards or ransom [them] until the war lays down its burdens. That [is the command]. And if Allah had willed, He could have taken vengeance upon them [Himself], but [He ordered armed struggle] to test some of you by means of others. And those who are killed in the cause of Allah - never will He waste their deeds."
  },
  {
    "id": 5,
    "ar": "سَيَهْدِيهِمْ وَيُصْلِحُ بَالَهُمْ",
    "tr": "ছাইয়াহদীহিম ওয়া ইউসলিহুবা-লাহুম।",
    "bn_haque": "তিনি তাদের পথপ্রদর্শন করবেন এবং তাদের অবস্থা ভালো করবেন।",
    "bn_muhi": "তিনি তাদেরকে পথ প্রদর্শন করবেন এবং তাদের অবস্থা ভাল করবেন।",
    "en": "He will guide them and amend their condition"
  },
  {
    "id": 6,
    "ar": "وَيُدْخِلُهُمُ ٱلْجَنَّةَ عَرَّفَهَا لَهُمْ",
    "tr": "ওয়াইউদখিলুহুম জান্নাতা ‘আররাফাহা-লাহুম।",
    "bn_haque": "আর তাদের প্রবেশ করাবেন স্বর্গোদ্যানসমূহে, তিনি তাদের কাছে এটি পরিচয় করিয়ে দিয়েছেন।",
    "bn_muhi": "অতঃপর তিনি তাদেরকে জান্নাতে দাখিল করবেন, যা তাদেরকে জানিয়ে দিয়েছেন।",
    "en": "And admit them to Paradise, which He has made known to them."
  },
  {
    "id": 7,
    "ar": "يَٰٓأَيُّهَا ٱلَّذِينَ ءَامَنُوٓا۟ إِن تَنصُرُوا۟ ٱللَّهَ يَنصُرْكُمْ وَيُثَبِّتْ أَقْدَامَكُمْ",
    "tr": "ইয়াআইয়ুহাল্লাযীনা আ-মানূইন তানসরুল্লা-হা ইয়ানসুরকুম ওয়া ইউছাব্বিত আকদামাকুম।",
    "bn_haque": "ওহে যারা ঈমান এনেছ! যদি তোমরা আল্লাহকে সাহায্য কর তবে তিনিও তোমাদের সাহায্য করবেন, আর তিনি তোমাদের পদক্ষেপ সুদৃঢ় করবেন।",
    "bn_muhi": "হে বিশ্বাসীগণ! যদি তোমরা আল্লাহকে সাহায্য কর, আল্লাহ তোমাদেরকে সাহায্য করবেন এবং তোমাদের পা দৃঢ়প্রতিষ্ঠ করবেন।",
    "en": "O you who have believed, if you support Allah, He will support you and plant firmly your feet."
  },
  {
    "id": 8,
    "ar": "وَٱلَّذِينَ كَفَرُوا۟ فَتَعْسًا لَّهُمْ وَأَضَلَّ أَعْمَٰلَهُمْ",
    "tr": "ওয়াল্লাযীনা কাফারূফাতা‘ছাল্লাহুম ওয়া আদাল্লা আ‘মা-লাহুম।",
    "bn_haque": "আর যারা অবিশ্বাস পোষণ করে তাদের জন্য দুর্ভোগ রয়েছে, আর তাদের ক্রিয়া-কলাপকে তিনি ব্যর্থ করে দেবেন।",
    "bn_muhi": "আর যারা কাফের, তাদের জন্যে আছে দুর্গতি এবং তিনি তাদের কর্ম বিনষ্ট করে দিবেন।",
    "en": "But those who disbelieve - for them is misery, and He will waste their deeds."
  },
  {
    "id": 9,
    "ar": "ذَٰلِكَ بِأَنَّهُمْ كَرِهُوا۟ مَآ أَنزَلَ ٱللَّهُ فَأَحْبَطَ أَعْمَٰلَهُمْ",
    "tr": "যা-লিকা বিআন্নাহুম কারিহূমাআনঝালল্লা-হু ফাআহবাতা আ‘মা-লাহুম।",
    "bn_haque": "এমনটাই, কেননা আল্লাহ্ যা অবতারণ করেছেন তারা তা বিতৃষ্ণার সাথে প্রত্যাখ্যান করে, কাজেই তিনি তাদের ক্রিয়াকলাপ নিষ্ফল করে দিয়েছেন।",
    "bn_muhi": "এটা এজন্যে যে, আল্লাহ যা নাযিল করেছেন, তারা তা পছন্দ করে না। অতএব, আল্লাহ তাদের কর্ম ব্যর্থ করে দিবেন।",
    "en": "That is because they disliked what Allah revealed, so He rendered worthless their deeds."
  },
  {
    "id": 10,
    "ar": "أَفَلَمْ يَسِيرُوا۟ فِى ٱلْأَرْضِ فَيَنظُرُوا۟ كَيْفَ كَانَ عَٰقِبَةُ ٱلَّذِينَ مِن قَبْلِهِمْ دَمَّرَ ٱللَّهُ عَلَيْهِمْ وَلِلْكَٰفِرِينَ أَمْثَٰلُهَا",
    "tr": "আফালাম ইয়াছীরূফিল আরদিফাইয়ানজুরূকাইফা কা-না ‘আ-কিবাতুল্লাযীনা মিন কাবলিহিম দাম্মারাল্লা-হু ‘আলাইহিম ওয়া লিল কা-ফিরীনা আমছা-লুহা-।",
    "bn_haque": "তারা কি তবে পৃথিবীতে পরিভ্রমণ করে নি? তাহলে তারা দেখতে পেত কেমন হয়েছিল তাদের পরিণাম যারা এদের আগে ছিল। আল্লাহ্ তাদের ঘায়েল করেছিলেন, আর অবিশ্বাসীদের জন্য রয়েছে এর অনুরূপ।",
    "bn_muhi": "তারা কি পৃথিবীতে ভ্রমণ করেনি অতঃপর দেখেনি যে, তাদের পূর্ববর্তীদের পরিণাম কি হয়েছে? আল্লাহ তাদেরকে ধ্বংস করে দিয়েছেন এবং কাফেরদের অবস্থা এরূপই হবে।",
    "en": "Have they not traveled through the land and seen how was the end of those before them? Allah destroyed [everything] over them, and for the disbelievers is something comparable."
  },
  {
    "id": 11,
    "ar": "ذَٰلِكَ بِأَنَّ ٱللَّهَ مَوْلَى ٱلَّذِينَ ءَامَنُوا۟ وَأَنَّ ٱلْكَٰفِرِينَ لَا مَوْلَىٰ لَهُمْ",
    "tr": "যা-লিকা বিআন্নাল্লা-হা মাওলাল্লাযীনা আ-মানূওয়া আন্নাল কা-ফিরীনা লা-মাওলা-লাহুম।",
    "bn_haque": "এমনটাই, কেননা যারা ঈমান এনেছে তাদের অভিভাবক নিশ্চয়ই আল্লাহ্‌, আর অবিশ্বাসীদের ক্ষেত্রে তো -- তাদের জন্য কোনো মুরব্বী নেই।",
    "bn_muhi": "এটা এজন্যে যে, আল্লাহ মুমিনদের হিতৈষী বন্ধু এবং কাফেরদের কোন হিতৈষী বন্ধু নাই।",
    "en": "That is because Allah is the protector of those who have believed and because the disbelievers have no protector."
  },
  {
    "id": 12,
    "ar": "إِنَّ ٱللَّهَ يُدْخِلُ ٱلَّذِينَ ءَامَنُوا۟ وَعَمِلُوا۟ ٱلصَّٰلِحَٰتِ جَنَّٰتٍ تَجْرِى مِن تَحْتِهَا ٱلْأَنْهَٰرُ وَٱلَّذِينَ كَفَرُوا۟ يَتَمَتَّعُونَ وَيَأْكُلُونَ كَمَا تَأْكُلُ ٱلْأَنْعَٰمُ وَٱلنَّارُ مَثْوًى لَّهُمْ",
    "tr": "ইন্নাল্লা-হা ইউদখিলুল্লাযীনা আ-মানূওয়া ‘আমিলুসসা-লিহা-তি জান্না-তিন তাজরী মিন তাহতিহাল আনহা-রু ওয়াল্লাযীনা কাফারূইয়াতামাত্তা‘ঊনা ওয়া ইয়া’কুলূনা কামাতা’কুলুল আন‘আ-মুওয়ান্না-রু মাছওয়াল্লাহুম।",
    "bn_haque": "নিঃসন্দেহ যারা ঈমান এনেছে ও সৎকাজে করছে আল্লাহ্ তাদের প্রবেশ করাবেন স্বর্গোউদ্যানসমূহে যাদের নিচে দিয়ে বয়ে চলছে ঝরনারাজি। আর যারা অবিশ্বাস পোষণ করে তারা ভোগ-বিলাস করে ও খায়দায় যেমন জন্তু জানোয়াররা খেয়ে থাকে, আর আগুনই তাদের আবাসস্থল।",
    "bn_muhi": "যারা বিশ্বাস করে ও সৎকর্ম করে, আল্লাহ তাদেরকে জান্নাতে দাখিল করবেন, যার নিম্নদেশে নির্ঝরিণীসমূহ প্রবাহিত হয়। আর যারা কাফের, তারা ভোগ-বিলাসে মত্ত থাকে এবং চতুস্পদ জন্তুর মত আহার করে। তাদের বাসস্থান জাহান্নাম।",
    "en": "Indeed, Allah will admit those who have believed and done righteous deeds to gardens beneath which rivers flow, but those who disbelieve enjoy themselves and eat as grazing livestock eat, and the Fire will be a residence for them."
  },
  {
    "id": 13,
    "ar": "وَكَأَيِّن مِّن قَرْيَةٍ هِىَ أَشَدُّ قُوَّةً مِّن قَرْيَتِكَ ٱلَّتِىٓ أَخْرَجَتْكَ أَهْلَكْنَٰهُمْ فَلَا نَاصِرَ لَهُمْ",
    "tr": "ওয়া কাআইয়িম মিন কারইয়াতিন হিয়া আশাদ্দুকুওওয়াতাম মিন কারয়াতিকাল্লাতী আখরাজাতকা আহলাকনা-হুম ফালা-না-সিরা লাহুম।",
    "bn_haque": "আর জনপদগুলোর কতটা যে -- যা ছিল আরো বেশি শক্তিশালী তোমার জনবসতির চাইতে যেটি তোমাকে বহিস্কার করেছে -- আমরা তাদের ধ্বংস করে দিয়েছিলাম, আর তাদের জন্য কোনো সাহায্যকারী ছিল না।",
    "bn_muhi": "যে জনপদ আপনাকে বহিস্কার করেছে, তদপেক্ষা কত শক্তিশালী জনপদকে আমি ধ্বংস করেছি, অতঃপর তাদেরকে সাহায্য করার কেউ ছিল না।",
    "en": "And how many a city was stronger than your city [Makkah] which drove you out? We destroyed them; and there was no helper for them."
  },
  {
    "id": 14,
    "ar": "أَفَمَن كَانَ عَلَىٰ بَيِّنَةٍ مِّن رَّبِّهِۦ كَمَن زُيِّنَ لَهُۥ سُوٓءُ عَمَلِهِۦ وَٱتَّبَعُوٓا۟ أَهْوَآءَهُم",
    "tr": "আফামান কা-না ‘আলা-বাইয়িনাতিম মির রাব্বিহী কামান ঝুইয়িনা লাহূছূ উআ‘মালিহী ওয়াত্তাবা‘ঊআহওয়া-আহুম।",
    "bn_haque": "যে তার প্রভুর কাছ থেকে এক স্পষ্ট প্রমাণের উপরে রয়েছে সে কি তবে তার মতো যার কাছে তার মন্দ কার্যকলাপকে চিত্তাকর্ষক করা হয়েছে? ফলে তারা নিজেদের কামনা-বাসনারই অনুসরণ করে।",
    "bn_muhi": "যে ব্যক্তি তার পালনকর্তার পক্ষ থেকে আগত নিদর্শন অনুসরণ করে, সে কি তার সমান, যার কাছে তার মন্দ কর্ম শোভনীয় করা হয়েছে এবং যে তার খেয়াল-খুশীর অনুসরণ করে।",
    "en": "So is he who is on clear evidence from his Lord like him to whom the evil of his work has been made attractive and they follow their [own] desires?"
  },
  {
    "id": 15,
    "ar": "مَّثَلُ ٱلْجَنَّةِ ٱلَّتِى وُعِدَ ٱلْمُتَّقُونَ فِيهَآ أَنْهَٰرٌ مِّن مَّآءٍ غَيْرِ ءَاسِنٍ وَأَنْهَٰرٌ مِّن لَّبَنٍ لَّمْ يَتَغَيَّرْ طَعْمُهُۥ وَأَنْهَٰرٌ مِّنْ خَمْرٍ لَّذَّةٍ لِّلشَّٰرِبِينَ وَأَنْهَٰرٌ مِّنْ عَسَلٍ مُّصَفًّى وَلَهُمْ فِيهَا مِن كُلِّ ٱلثَّمَرَٰتِ وَمَغْفِرَةٌ مِّن رَّبِّهِمْ كَمَنْ هُوَ خَٰلِدٌ فِى ٱلنَّارِ وَسُقُوا۟ مَآءً حَمِيمًا فَقَطَّعَ أَمْعَآءَهُمْ",
    "tr": "মাছালুল জান্নাতিল্লাতী উ‘ইদাল মুত্তাকূনা ফীহাআনহা-রুম মিম্মাইন গাইরি আ-ছিনিও ওয়া আন হা-রুম মিল্লাবানিল লাম ইয়াতাগাইইয়ার তা‘মুহূ ওয়া আন হা-রুম মিন খামরিল লাযযাতিল লিশশা-রিবীনা ওয়া আন হা-রুম মিন ‘আছালিম মুসাফফাওঁ ওয়ালাহুম ফীহা-মিন কুলিছছামারা-তি ওয়া মাগফিরাতুমমির রাব্বিহিম কামান হুওয়া খা-লিদুন ফিন্না-রি ওয়া ছুকূমাআন হামীমান ফাকাত্তা‘আ আম‘আআহুম।",
    "bn_haque": "ধর্মভীরুদের জন্য যে জান্নাতের ওয়াদা করা হয়েছে তার উপমা হচ্ছে -- তাতে রয়েছে ঝরনারাজি এমন পানির যা পরিবর্তিত হয় না, আর দুধের নদীসমূহ যার স্বাদ বদলায় না, আর সুরার স্রোত যা পানকারীদের জন্য সুস্বাদু, আর ছাঁকা মধুর নদীগুলো। আর তাদের জন্য সে-সবে রয়েছে সব রকমের ফলফসল, আর তাদের প্রভুর কাছ থেকে রয়েছে পরিত্রাণ। তার মতো যে আগুনের মধ্যে অবস্থানকারী, অথবা যাদের পান করানো হবে ফুটন্ত পানি, ফলে তাদের নাড়িভুঁড়ি তা ছিড়ে ফেলবে?",
    "bn_muhi": "পরহেযগারদেরকে যে জান্নাতের ওয়াদা দেয়া হয়েছে, তার অবস্থা নিম্নরূপঃ তাতে আছে পানির নহর, নির্মল দুধের নহর যারা স্বাদ অপরিবর্তনীয়, পানকারীদের জন্যে সুস্বাদু শরাবের নহর এবং পরিশোধিত মধুর নহর। তথায় তাদের জন্যে আছে রকমারি ফল-মূল ও তাদের পালনকর্তার ক্ষমা। পরহেযগাররা কি তাদের সমান, যারা জাহান্নামে অনন্তকাল থাকবে এবং যাদেরকে পান করতে দেয়া হবে ফুটন্ত পানি অতঃপর তা তাদের নাড়িভূঁড়ি ছিন্ন বিচ্ছিন্ন করে দেবে?",
    "en": "Is the description of Paradise, which the righteous are promised, wherein are rivers of water unaltered, rivers of milk the taste of which never changes, rivers of wine delicious to those who drink, and rivers of purified honey, in which they will have from all [kinds of] fruits and forgiveness from their Lord, like [that of] those who abide eternally in the Fire and are given to drink scalding water that will sever their intestines?"
  },
  {
    "id": 16,
    "ar": "وَمِنْهُم مَّن يَسْتَمِعُ إِلَيْكَ حَتَّىٰٓ إِذَا خَرَجُوا۟ مِنْ عِندِكَ قَالُوا۟ لِلَّذِينَ أُوتُوا۟ ٱلْعِلْمَ مَاذَا قَالَ ءَانِفًا أُو۟لَٰٓئِكَ ٱلَّذِينَ طَبَعَ ٱللَّهُ عَلَىٰ قُلُوبِهِمْ وَٱتَّبَعُوٓا۟ أَهْوَآءَهُمْ",
    "tr": "ওয়া মিনহুম মাইঁ ইয়াছতামি‘উ ইলাইকা হাত্তা-ইযাখারাজূমিন ‘ইনদিকা কা-লূ লিল্লাযীনা ঊতুল ‘ইল মা মা-যা কা-লা আ-নিফান উলাইকাল্লাযীনা তাবা‘আল্লাহু ‘আলা-কুলূবিহিম ওয়াত্তাবা‘ঊআহওয়াআহুম।",
    "bn_haque": "আর তাদের মধ্যে কিছু লোক আছে যারা তোমার কথা শোনে, তারপর তারা যখন তোমার কাছ থেকে বেরিয়ে যায় তখন যাদের জ্ঞান দেওয়া হয়েছে তাদের বলে, \"সে এইমাত্র কী বললে!\" এরাই তারা যাদের হৃদয়ের উপরে আল্লাহ্ মোহর মেরে দিয়েছেন, আর তারা নিজেদের খেয়ালখুশিরই অনুসরণ করে।",
    "bn_muhi": "তাদের মধ্যে কতক আপনার দিকে কান পাতে, অতঃপর যখন আপনার কাছ থেকে বাইরে যায়, তখন যারা শিক্ষিত, তাদেরকে বলেঃ এইমাত্র তিনি কি বললেন ? এদের অন্তরে আল্লাহ মোহর মেরে দিয়েছেন এবং তারা নিজেদের খেয়াল-খুশীর অনুসরণ করে।",
    "en": "And among them, [O Muhammad], are those who listen to you, until when they depart from you, they say to those who were given knowledge, \"What has he said just now?\" Those are the ones of whom Allah has sealed over their hearts and who have followed their [own] desires."
  },
  {
    "id": 17,
    "ar": "وَٱلَّذِينَ ٱهْتَدَوْا۟ زَادَهُمْ هُدًى وَءَاتَىٰهُمْ تَقْوَىٰهُمْ",
    "tr": "ওয়াল্লাযিনাহতাদাও ঝা-দাহুম হুদাওঁ ওয়া আ-তা-হুম তাকওয়া-হুম।",
    "bn_haque": "আর যারা সৎপথে চলে, তিনি তাদের জন্য পথ প্রদর্শন করা বাড়িয়ে দেন, আর তাদের প্রদান করেন তাদের ধর্মনিষ্ঠা।",
    "bn_muhi": "যারা সৎপথপ্রাপ্ত হয়েছে, তাদের সৎপথপ্রাপ্তি আরও বেড়ে যায় এবং আল্লাহ তাদেরকে তাকওয়া দান করেন।",
    "en": "And those who are guided - He increases them in guidance and gives them their righteousness."
  },
  {
    "id": 18,
    "ar": "فَهَلْ يَنظُرُونَ إِلَّا ٱلسَّاعَةَ أَن تَأْتِيَهُم بَغْتَةً فَقَدْ جَآءَ أَشْرَاطُهَا فَأَنَّىٰ لَهُمْ إِذَا جَآءَتْهُمْ ذِكْرَىٰهُمْ",
    "tr": "ফাহাল ইয়ানজু রূনা ইল্লাছছা-‘আতা আন তা’তিয়াহুম বাগতাতান ফাকাদ জাআ আশরাতুহা-  ফাআন্না- লাহুম ইযা- জাআতহুম যিকরা-হুম।",
    "bn_haque": "তারা কি তবে তাকিয়ে রয়েছে শুধু ঘড়ির জন্য যাতে এটি তাদের উপরে এসে পড়ে অতর্কিতভাবে? তবে তো এর লক্ষণগুলো এসেই পড়েছে। সুতরাং কেমন হবে তাদের ব্যাপার যখন তাদের স্মরণ করিয়ে দেওয়া হবে?",
    "bn_muhi": "তারা শুধু এই অপেক্ষাই করছে যে, কেয়ামত অকস্মাৎ তাদের কাছে এসে পড়ুক। বস্তুতঃ কেয়ামতের লক্ষণসমূহ তো এসেই পড়েছে। সুতরাং কেয়ামত এসে পড়লে তারা উপদেশ গ্রহণ করবে কেমন করে ?",
    "en": "Then do they await except that the Hour should come upon them unexpectedly? But already there have come [some of] its indications. Then what good to them, when it has come, will be their remembrance?"
  },
  {
    "id": 19,
    "ar": "فَٱعْلَمْ أَنَّهُۥ لَآ إِلَٰهَ إِلَّا ٱللَّهُ وَٱسْتَغْفِرْ لِذَنۢبِكَ وَلِلْمُؤْمِنِينَ وَٱلْمُؤْمِنَٰتِ وَٱللَّهُ يَعْلَمُ مُتَقَلَّبَكُمْ وَمَثْوَىٰكُمْ",
    "tr": "ফা‘লাম আন্নাহূলাইলা-হা ইল্লাল্লা-হু ওয়াছতাগফির লিযামবিকা ওয়ালিলমু’মিনীনা ওয়ালমু’মিনা-তি ওয়াল্লা-হু ইয়া‘লামুমুতাকাল্লাবাকুম ওয়া মাছওয়া-কুম।",
    "bn_haque": "অতএব তুমি জেনে রাখ যে আল্লাহ্ ব্যতীত অন্য উপাস্য নেই, আর তোমার ভুল-ভ্রান্তির জন্যে তুমি পরিত্রাণ খোঁজো, আর মুমিন পুরুষ ও মুমিন নারীদের জন্যেও। আর আল্লাহ্ জানেন তোমাদের গতিবিধি এবং তোমাদের অবস্থান।",
    "bn_muhi": "জেনে রাখুন, আল্লাহ ব্যতীত কোন উপাস্য নেই। ক্ষমাপ্রার্থনা করুন, আপনার ক্রটির জন্যে এবং মুমিন পুরুষ ও নারীদের জন্যে। আল্লাহ, তোমাদের গতিবিধি ও অবস্থান সম্পর্কে জ্ঞাত।",
    "en": "So know, [O Muhammad], that there is no deity except Allah and ask forgiveness for your sin and for the believing men and believing women. And Allah knows of your movement and your resting place."
  },
  {
    "id": 20,
    "ar": "وَيَقُولُ ٱلَّذِينَ ءَامَنُوا۟ لَوْلَا نُزِّلَتْ سُورَةٌ فَإِذَآ أُنزِلَتْ سُورَةٌ مُّحْكَمَةٌ وَذُكِرَ فِيهَا ٱلْقِتَالُ رَأَيْتَ ٱلَّذِينَ فِى قُلُوبِهِم مَّرَضٌ يَنظُرُونَ إِلَيْكَ نَظَرَ ٱلْمَغْشِىِّ عَلَيْهِ مِنَ ٱلْمَوْتِ فَأَوْلَىٰ لَهُمْ",
    "tr": "ওয়া ইয়াকূলুল্লাযীনা আ-মানূলাওলা-নুঝঝিলাত ছূরাতুন ফাইযাউনঝিলাত ছূরাতুমমুহকামাতুওঁ ওয়া যুকিরা ফীহাল কিতা-লু রাআইতাল্লাযীনা ফী কুলূবিহিম মারাদুইঁ ইয়ানজু রূনা ইলাইকা নাজারাল মাগশিইয়ি ‘আলাইহি মিনাল মাওতি ফাআওলালাহুম।",
    "bn_haque": "আর যারা ঈমান এনেছে তারা বলে -- \"একটি সূরা কেন অবতীর্ণ হয় না?\" কিন্ত যখন একটি সিদ্ধান্তমূলক সূরা অবতীর্ণ হয় আর তাতে যুদ্ধের উল্লেখ থাকে তখন যাদের হৃদয়ে ব্যাধি রয়েছে তাদের তুমি দেখতে পাবে তোমার দিকে তাকাচ্ছে মৃত্যুর কারণে মুর্চ্ছিত লোকের দৃষ্টির ন্যায়। সুতরাং ধিক্ তাদের জন্য!",
    "bn_muhi": "যারা মুমিন, তারা বলেঃ একটি সূরা নাযিল হয় না কেন? অতঃপর যখন কোন দ্ব্যর্থহীন সূরা নাযিল হয় এবং তাতে জেহাদের উল্লেখ করা হয়, তখন যাদের অন্তরে রোগ আছে, আপনি তাদেরকে মৃত্যুভয়ে মূর্ছাপ্রাপ্ত মানুষের মত আপনার দিকে তাকিয়ে থাকতে দেখবেন। সুতরাং ধ্বংস তাদের জন্যে।",
    "en": "Those who believe say, \"Why has a surah not been sent down? But when a precise surah is revealed and fighting is mentioned therein, you see those in whose hearts is hypocrisy looking at you with a look of one overcome by death. And more appropriate for them [would have been]"
  },
  {
    "id": 21,
    "ar": "طَاعَةٌ وَقَوْلٌ مَّعْرُوفٌ فَإِذَا عَزَمَ ٱلْأَمْرُ فَلَوْ صَدَقُوا۟ ٱللَّهَ لَكَانَ خَيْرًا لَّهُمْ",
    "tr": "তা-‘আতুওঁ ওয়া কাওলুম মা‘রূফুন ফাইযা-‘আঝামাল আমরু ফালাও সাদাকুল্লা-হা লাকা-না খাইরাল্লাহুম।",
    "bn_haque": "আনুগত্য ও সদয়বাক্য! অতএব যখন ব্যাপারটি সন্বন্ধে সিদ্ধান্ত নেওয়া হয়ে যায় তখন তারা যদি আল্লাহ্‌র প্রতি সত্যনিষ্ঠ থাকে তাহলে সেটিই তো তাদের জন্য মঙ্গলজনক।",
    "bn_muhi": "তাদের আনুগত্য ও মিষ্ট বাক্য জানা আছে। অতএব, জেহাদের সিন্ধান্ত হলে যদি তারা আল্লাহর প্রতি পদত্ত অংগীকার পূর্ণ করে, তবে তাদের জন্যে তা মঙ্গলজনক হবে।",
    "en": "Obedience and good words. And when the matter [of fighting] was determined, if they had been true to Allah, it would have been better for them."
  },
  {
    "id": 22,
    "ar": "فَهَلْ عَسَيْتُمْ إِن تَوَلَّيْتُمْ أَن تُفْسِدُوا۟ فِى ٱلْأَرْضِ وَتُقَطِّعُوٓا۟ أَرْحَامَكُمْ",
    "tr": "ফাহাল ‘আছাইতুম ইন তাওয়াল্লাইতুম আন তুফছিদূফিল আরদি ওয়া তুকাত্তি‘ঊআরহামাকুম।",
    "bn_haque": "কিন্ত যদি তোমাদের শাসনভার দেওয়া যায় তাহলে তোমাদের থেকে তো আশা করা যাবে যে তোমরা অবশ্যই দেশে ফসাদ সৃষ্টি করবে এবং তোমাদের রক্ত-সম্পর্ক ছিন্ন করবে।",
    "bn_muhi": "ক্ষমতা লাভ করলে, সম্ভবতঃ তোমরা পৃথিবীতে অনর্থ সৃষ্টি করবে এবং আত্নীয়তা বন্ধন ছিন্ন করবে।",
    "en": "So would you perhaps, if you turned away, cause corruption on earth and sever your [ties of] relationship?"
  },
  {
    "id": 23,
    "ar": "أُو۟لَٰٓئِكَ ٱلَّذِينَ لَعَنَهُمُ ٱللَّهُ فَأَصَمَّهُمْ وَأَعْمَىٰٓ أَبْصَٰرَهُمْ",
    "tr": "উলাইকাল্লাযীনা লা‘আনাহুমুল্লা-হু ফাআসাম্মাহুম ওয়া আ‘মাআবসা-রাহুম।",
    "bn_haque": "এরাই তারা যাদের প্রতি আল্লাহ্ ধিক্কার দিয়েছেন, ফলে তিনি তাদের বধির বানিয়েছেন এবং তাদের দৃষ্টি অন্ধ করে দিয়েছেন।",
    "bn_muhi": "এদের প্রতিই আল্লাহ অভিসম্পাত করেন, অতঃপর তাদেরকে বধির ও দৃষ্টিশক্তিহীন করেন।",
    "en": "Those [who do so] are the ones that Allah has cursed, so He deafened them and blinded their vision."
  },
  {
    "id": 24,
    "ar": "أَفَلَا يَتَدَبَّرُونَ ٱلْقُرْءَانَ أَمْ عَلَىٰ قُلُوبٍ أَقْفَالُهَآ",
    "tr": "আফালা-ইয়াতাদাব্বারূনাল কুরআ-না আম ‘আলা-কুলূবিন আকফা-লুহা-।",
    "bn_haque": "কি! তারা কি তবে কুরআন সন্বন্ধে ভাববে না, না কি হৃদয়ের উপরে সেগুলোর তালা দেয়া রয়েছে?",
    "bn_muhi": "তারা কি কোরআন সম্পর্কে গভীর চিন্তা করে না? না তাদের অন্তর তালাবদ্ধ?",
    "en": "Then do they not reflect upon the Qur'an, or are there locks upon [their] hearts?"
  },
  {
    "id": 25,
    "ar": "إِنَّ ٱلَّذِينَ ٱرْتَدُّوا۟ عَلَىٰٓ أَدْبَٰرِهِم مِّنۢ بَعْدِ مَا تَبَيَّنَ لَهُمُ ٱلْهُدَى ٱلشَّيْطَٰنُ سَوَّلَ لَهُمْ وَأَمْلَىٰ لَهُمْ",
    "tr": "ইন্নাল্লাযীনারতাদ্দূ‘আলাআদবা-রিহিম মিম বা‘দি মা-তাবাইয়ানা লাহুমুল হুদাশশাইতা-নু ছাওওয়ালা লাহুম ওয়াআমলা-লাহুম।",
    "bn_haque": "নিঃসন্দেহ যারা তাদের পিঠ ফিরিয়ে ঘুরে যায় তাদের কাছে সৎপথ সুস্পষ্ট হবার পরেও, শয়তান তাদের জন্য হাল্কা করে দিয়েছে এবং তাদের জন্য সুদীর্ঘ করেছে।",
    "bn_muhi": "নিশ্চয় যারা সোজা পথ ব্যক্ত হওয়ার পর তৎপ্রতি পৃষ্ঠপ্রদর্শন করে, শয়তান তাদের জন্যে তাদের কাজকে সুন্দর করে দেখায় এবং তাদেরকে মিথ্যা আশা দেয়।",
    "en": "Indeed, those who reverted back [to disbelief] after guidance had become clear to them - Satan enticed them and prolonged hope for them."
  },
  {
    "id": 26,
    "ar": "ذَٰلِكَ بِأَنَّهُمْ قَالُوا۟ لِلَّذِينَ كَرِهُوا۟ مَا نَزَّلَ ٱللَّهُ سَنُطِيعُكُمْ فِى بَعْضِ ٱلْأَمْرِ وَٱللَّهُ يَعْلَمُ إِسْرَارَهُمْ",
    "tr": "যা-লিকা বিআন্নাহুম কা-লূলিল্লাযীনা কারিহূমা-নাঝঝাল্লা-হু ছানুতী‘উকুম ফী বা‘দিল আমরি ওয়াল্লা-হু ইয়া‘লামুইছরা-রাহুম।",
    "bn_haque": "এইটাই! কেননা আল্লাহ্ যা অবতারণ করেছেন তাতে যারা ঘৃণা করে তাদের কাছে তারা বলে, \"আমরা তোমাদের মেনে চলব কোনো-কোনো ব্যাপারে।\" আর আল্লাহ্ জানেন তাদের গোপনীয়তা।",
    "bn_muhi": "এটা এজন্য যে, তারা তাদেরকে বলে, যারা আল্লাহর অবতীর্ণ কিতাব অপছন্দ করেঃ আমরা কোন কোন ব্যাপারে তোমাদের কথা মান্য করব। আল্লাহ তাদের গোপন পরামর্শ অবগত আছেন।",
    "en": "That is because they said to those who disliked what Allah sent down, \"We will obey you in part of the matter.\" And Allah knows what they conceal."
  },
  {
    "id": 27,
    "ar": "فَكَيْفَ إِذَا تَوَفَّتْهُمُ ٱلْمَلَٰٓئِكَةُ يَضْرِبُونَ وُجُوهَهُمْ وَأَدْبَٰرَهُمْ",
    "tr": "ফাকাইফা ইযা-তাওয়াফফাতহুমুল মালাইকাতুইয়াদরিবূনা উজূহাহুম ওয়াআদবা-রাহুম।",
    "bn_haque": "কিন্ত কেমন হবে যখন ফিরিশ্‌তারা তাদের মুখে ও তাদের পিঠে আঘাত হানতে হানতে তাদের মৃত্যু ঘটাবে?",
    "bn_muhi": "ফেরেশতা যখন তাদের মুখমন্ডল ও পৃষ্ঠদেশে আঘাত করতে করতে প্রাণ হরণ করবে, তখন তাদের অবস্থা কেমন হবে?",
    "en": "Then how [will it be] when the angels take them in death, striking their faces and their backs?"
  },
  {
    "id": 28,
    "ar": "ذَٰلِكَ بِأَنَّهُمُ ٱتَّبَعُوا۟ مَآ أَسْخَطَ ٱللَّهَ وَكَرِهُوا۟ رِضْوَٰنَهُۥ فَأَحْبَطَ أَعْمَٰلَهُمْ",
    "tr": "যা-লিকা বিআন্নাহুমুত্তাবা‘ঊ মাআছখাতাল্লা-হা ওয়া কারিহূরিদওয়া-নাহূফাআহবাতা আ‘মা-লাহুম।",
    "bn_haque": "এইটিই! কেননা আল্লাহ্‌কে যা অসন্তষ্ট করে তারা তারই অনুসরণ করে আর তাঁর সন্তষ্টিলাভকে তারা অপছন্দ করে, সেজন্য তিনি তাদের ক্রিয়াকলাপ ব্যর্থ করে দেন।",
    "bn_muhi": "এটা এজন্যে যে, তারা সেই বিষয়ের অনুসরণ করে, যা আল্লাহর অসন্তোষ সৃষ্টি করে এবং আল্লাহর সন্তুষ্টিকে অপছন্দ করে। ফলে তিনি তাদের কর্মসমূহ ব্যর্থ করে দেন।",
    "en": "That is because they followed what angered Allah and disliked [what earns] His pleasure, so He rendered worthless their deeds."
  },
  {
    "id": 29,
    "ar": "أَمْ حَسِبَ ٱلَّذِينَ فِى قُلُوبِهِم مَّرَضٌ أَن لَّن يُخْرِجَ ٱللَّهُ أَضْغَٰنَهُمْ",
    "tr": "আম হাছিবাল্লাযীনা ফী কুলূবিহিম মারাদুন আল্লাইঁ ইউখরিজাল্লা-হু আদগা-নাহুম।",
    "bn_haque": "অথবা, যাদের অন্তরে ব্যাধি রয়েছে তারা কি ভাবে যে আল্লাহ্ কদাপি তাদের বিদ্বেষভাব প্রকাশ করবেন না?",
    "bn_muhi": "যাদের অন্তরে রোগ আছে, তারা কি মনে করে যে, আল্লাহ তাদের অন্তরের বিদ্বেষ প্রকাশ করে দেবেন না?",
    "en": "Or do those in whose hearts is disease think that Allah would never expose their [feelings of] hatred?"
  },
  {
    "id": 30,
    "ar": "وَلَوْ نَشَآءُ لَأَرَيْنَٰكَهُمْ فَلَعَرَفْتَهُم بِسِيمَٰهُمْ وَلَتَعْرِفَنَّهُمْ فِى لَحْنِ ٱلْقَوْلِ وَٱللَّهُ يَعْلَمُ أَعْمَٰلَكُمْ",
    "tr": "ওয়া লাও নাশাউ লাআরাইনা-কাহুম ফালা‘আরাফতাহুম বিছীমা-হুম ওয়া লাতা‘রিফান্নাহুম ফী লাহনিল কাওলি ওয়াল্লা-হু ইয়া‘লামুআ‘মা-লাকুম।",
    "bn_haque": "আর আমরা যদি চাইতাম তবে আমরা নিশ্চয়ই তোমাকে তাদের দেখাতাম, তখন তুমি আলবৎ তাদের চিনতে পারতে তাদের চেহারার দ্বারা। আর তুমি তো অবশ্যই তাদের চিনতে পারবে তাদের কথার ধরনে। আর আল্লাহ্ জানেন তোমাদের কাজকর্ম।",
    "bn_muhi": "আমি ইচ্ছা করলে আপনাকে তাদের সাথে পরিচিত করে দিতাম। তখন আপনি তাদের চেহারা দেখে তাদেরকে চিনতে পারতেন এবং আপনি অবশ্যই কথার ভঙ্গিতে তাদেরকে চিনতে পারবেন। আল্লাহ তোমাদের কর্মসমূহের খবর রাখেন।",
    "en": "And if We willed, We could show them to you, and you would know them by their mark; but you will surely know them by the tone of [their] speech. And Allah knows your deeds."
  },
  {
    "id": 31,
    "ar": "وَلَنَبْلُوَنَّكُمْ حَتَّىٰ نَعْلَمَ ٱلْمُجَٰهِدِينَ مِنكُمْ وَٱلصَّٰبِرِينَ وَنَبْلُوَا۟ أَخْبَارَكُمْ",
    "tr": "ওয়া লানাবলুওয়ান্নাকুম হাত্তা-না‘লামাল মুজা-হিদীনা মিনকুম ওয়াসসা-বিরীনা ওয়া নাবলুওয়া আখবা-রাকুম।",
    "bn_haque": "আর আমরা নিশ্চয়ই তোমাদের যাচাই করব যতক্ষণ না আমরা জানতে পারি তোমাদের মধ্যের কঠোর সংগ্রামশীলদের ও অধ্যবসায়ীদের, আর তোমাদের খবর আমরা পরীক্ষা করেছি।",
    "bn_muhi": "আমি অবশ্যই তোমাদেরকে পরীক্ষা করব যে পর্যন্ত না ফুটিয়ে তুলি তোমাদের জেহাদকারীদেরকে এবং সবরকারীদেরকে এবং যতক্ষণ না আমি তোমাদের অবস্থান সমূহ যাচাই করি।",
    "en": "And We will surely test you until We make evident those who strive among you [for the cause of Allah ] and the patient, and We will test your affairs."
  },
  {
    "id": 32,
    "ar": "إِنَّ ٱلَّذِينَ كَفَرُوا۟ وَصَدُّوا۟ عَن سَبِيلِ ٱللَّهِ وَشَآقُّوا۟ ٱلرَّسُولَ مِنۢ بَعْدِ مَا تَبَيَّنَ لَهُمُ ٱلْهُدَىٰ لَن يَضُرُّوا۟ ٱللَّهَ شَيْـًٔا وَسَيُحْبِطُ أَعْمَٰلَهُمْ",
    "tr": "ইন্নাল্লাযীনা কাফারূওয়াসাদ্দূ‘আন ছাবীলিল্লা-হি ওয়া শাক্কুর রাছূলা মিম বা‘দি মাতাবাইয়ানা লাহুমুল হুদা- লাইঁ ইয়াদুররুল্লা-হা শাইআওঁ ওয়া ছাইউহবিতুআ‘মালাহুম।",
    "bn_haque": "নিঃসন্দেহ যারা অবিশ্বাস পোষণ করে ও আল্লাহ্‌র পথ থেকে সরিয়ে রাখে এবং রসূলের বিরুদ্ধাচরণ করে তাদের কাছে সৎপথ সুস্পষ্ট হবার পরেও, তারা কখনো আল্লাহ্‌র কোনো ক্ষতি করতে পারবে না। আর অচিরেই তিনি তাদের ক্রিয়াকলাপ নিষ্ফল করে দেবেন।",
    "bn_muhi": "নিশ্চয় যারা কাফের এবং আল্লাহর পথ থেকে মানুষকে ফিরিয়ে রাখে এবং নিজেদের জন্যে সৎপথ ব্যক্ত হওয়ার পর রসূলের (সঃ) বিরোধিতা করে, তারা আল্লাহর কোনই ক্ষতি করতে পারবে না এবং তিনি ব্যর্থ করে দিবেন তাদের কর্মসমূহকে।",
    "en": "Indeed, those who disbelieved and averted [people] from the path of Allah and opposed the Messenger after guidance had become clear to them - never will they harm Allah at all, and He will render worthless their deeds."
  },
  {
    "id": 33,
    "ar": "يَٰٓأَيُّهَا ٱلَّذِينَ ءَامَنُوٓا۟ أَطِيعُوا۟ ٱللَّهَ وَأَطِيعُوا۟ ٱلرَّسُولَ وَلَا تُبْطِلُوٓا۟ أَعْمَٰلَكُمْ",
    "tr": "ইয়া আইয়ুহাল্লাযীনা আ-মানূ আতী‘উল্লা-হা ওয়া আতী‘উর রাছূলা ওয়ালাতুবতিলূআ‘মা-লাকুম।",
    "bn_haque": "ওহে যারা ঈমান এনেছ! আল্লাহ্‌কে মেনে চলো ও রসূলের আজ্ঞা পালন করো, আর তোমাদের ক্রিয়াকর্ম বিফল করো না।",
    "bn_muhi": "হে মুমিনগণ! তোমরা আল্লাহর আনুগত্য কর, রসূলের (সাঃ) আনুগত্য কর এবং নিজেদের কর্ম বিনষ্ট করো না।",
    "en": "O you who have believed, obey Allah and obey the Messenger and do not invalidate your deeds."
  },
  {
    "id": 34,
    "ar": "إِنَّ ٱلَّذِينَ كَفَرُوا۟ وَصَدُّوا۟ عَن سَبِيلِ ٱللَّهِ ثُمَّ مَاتُوا۟ وَهُمْ كُفَّارٌ فَلَن يَغْفِرَ ٱللَّهُ لَهُمْ",
    "tr": "ইন্নাল্লাযীনা কাফারূওয়াসাদ্দূ‘আন ছাবীলিল্লা-হি ছু ম্মা মা-তূওয়াহুম কুফফা-রুন ফালাইঁ ইয়াগফিরাল্লা-হু লাহুম।",
    "bn_haque": "নিঃসন্দেহ যারা অবিশ্বাস পোষণ করে ও আল্লাহ্‌র পথ থেকে সরিয়ে রাখে, তারপর মারা যায় অথচ তারা অবিশ্বাসী থাকে, সে- ক্ষেত্রে আল্লাহ্ কখনো তাদের পরিত্রাণ করবেন না।",
    "bn_muhi": "নিশ্চয় যারা কাফের এবং আল্লাহর পথ থেকে মানুষকে ফিরিয়ে রাখে, অতঃপর কাফের অবস্থায় মারা যায়, আল্লাহ কখনই তাদেরকে ক্ষমা করবেন না।",
    "en": "Indeed, those who disbelieved and averted [people] from the path of Allah and then died while they were disbelievers - never will Allah forgive them."
  },
  {
    "id": 35,
    "ar": "فَلَا تَهِنُوا۟ وَتَدْعُوٓا۟ إِلَى ٱلسَّلْمِ وَأَنتُمُ ٱلْأَعْلَوْنَ وَٱللَّهُ مَعَكُمْ وَلَن يَتِرَكُمْ أَعْمَٰلَكُمْ",
    "tr": "ফালা-তাহিনূওয়া তাদ‘ঊইলাছছালমি  ওয়া আনতুমুল আ‘লাওনা  ওয়াল্লা-হু মা‘আকুম ওয়ালাইঁ ইয়াতিরাকুম আ‘মা-লাকুম।",
    "bn_haque": "অতএব তোমরা ঢিলেমি করো না এবং শান্তির প্রতি আহ্বান করো, আর তোমরাই তো উপরহাত হবে, আর আল্লাহ্ তোমাদের সঙ্গে রয়েছেন, আর তিনি কখনো তোমাদের কার্যাবলী তোমাদের জন্য ব্যাহত করবেন না।",
    "bn_muhi": "অতএব, তোমরা হীনবল হয়ো না এবং সন্ধির আহবান জানিও না, তোমরাই হবে প্রবল। আল্লাহই তোমাদের সাথে আছেন। তিনি কখনও তোমাদের কর্ম হ্রাস করবেন না।",
    "en": "So do not weaken and call for peace while you are superior; and Allah is with you and will never deprive you of [the reward of] your deeds."
  },
  {
    "id": 36,
    "ar": "إِنَّمَا ٱلْحَيَوٰةُ ٱلدُّنْيَا لَعِبٌ وَلَهْوٌ وَإِن تُؤْمِنُوا۟ وَتَتَّقُوا۟ يُؤْتِكُمْ أُجُورَكُمْ وَلَا يَسْـَٔلْكُمْ أَمْوَٰلَكُمْ",
    "tr": "ইন্নামাল হায়া-তুদ্দুনইয়া-লা‘ইবুওঁ ওয়া লাহ উওঁ ওয়া ইন তু’মিনূওয়া তাত্তাকূইউ’তিকুম উজূরাকুম ওয়ালা-ইয়াছআলকুম আম ওয়া-লাকুম।",
    "bn_haque": "নিঃসন্দেহ এই দুনিয়ার জীবন শুধু খেলাধূলা ও আমোদ-প্রমোদ। আর যদি তোমরা ঈমান আনো ও ধর্মভীরুতা অবলন্বন কর তবে তিনি তোমাদের প্রদান করবেন তোমাদের পুরস্কার, আর তিনি তোমাদের থেকে তোমাদের ধনসম্পদ চাইবেন না।",
    "bn_muhi": "পার্থিব জীবন তো কেবল খেলাধুলা, যদি তোমরা বিশ্বাসী হও এবং সংযম অবলম্বন কর, আল্লাহ তোমাদেরকে তোমাদের প্রতিদান দেবেন এবং তিনি তোমাদের ধন-সম্পদ চাইবেন না।",
    "en": "[This] worldly life is only amusement and diversion. And if you believe and fear Allah, He will give you your rewards and not ask you for your properties."
  },
  {
    "id": 37,
    "ar": "إِن يَسْـَٔلْكُمُوهَا فَيُحْفِكُمْ تَبْخَلُوا۟ وَيُخْرِجْ أَضْغَٰنَكُمْ",
    "tr": "ইয়ঁইয়াছআলকুমূহা-ফাইউহফিকুম তাবখালূওয়া ইউখরিজ আদগা-নাকুম।",
    "bn_haque": "যদি তিনি তোমাদের কাছ থেকে তা চাইতেন এবং তোমাদের চাপ দিতেন, তাহলে তোমরা কার্পণ্য করবে, আর তিনি প্রকাশ করে দিচ্ছেন তোমাদের বিদ্বেষ।",
    "bn_muhi": "তিনি তোমাদের কাছে ধন-সম্পদ চাইলে অতঃপর তোমাদেরকে অতিষ্ঠ করলে তোমরা কার্পণ্য করবে এবং তিনি তোমাদের মনের সংকীর্ণতা প্রকাশ করে দেবেন।",
    "en": "If He should ask you for them and press you, you would withhold, and He would expose your unwillingness."
  },
  {
    "id": 38,
    "ar": "هَٰٓأَنتُمْ هَٰٓؤُلَآءِ تُدْعَوْنَ لِتُنفِقُوا۟ فِى سَبِيلِ ٱللَّهِ فَمِنكُم مَّن يَبْخَلُ وَمَن يَبْخَلْ فَإِنَّمَا يَبْخَلُ عَن نَّفْسِهِۦ وَٱللَّهُ ٱلْغَنِىُّ وَأَنتُمُ ٱلْفُقَرَآءُ وَإِن تَتَوَلَّوْا۟ يَسْتَبْدِلْ قَوْمًا غَيْرَكُمْ ثُمَّ لَا يَكُونُوٓا۟ أَمْثَٰلَكُم",
    "tr": "হাআনতুমহাউলাই তুদ‘আওনা লিতুনফিকূফী ছাবীলিল্লা-হি ফামিনকুম মাইঁ ইয়াব খালু ওয়া মাইঁ ইয়াবখাল ফাইন্নামা-ইয়াব খালু‘আন নাফছিহী ওয়াল্লা-হুল গানিইয়ুওয়া আনতুমুল ফুকারাউ ওয়া ইন তাতাওয়াল্লাও ইয়াছতাবদিল কাওমান গাইরাকুম ছু ম্মা লা-ইয়াকূনূআমছা-লাকুম।",
    "bn_haque": "দেখো, তোমরাই তো তারা যাদের আহ্বান করা হচ্ছে যেন তোমরা আল্লাহ্‌র পথে ব্যয় কর, কিন্ত তোমাদের মধ্যে রয়েছে তারা যারা কৃপণতা করছে, বস্তুতঃ যে কার্পণ্য করে সে তো বখিলি করছে তার নিজেরই বিরুদ্ধে। আর আল্লাহ্ ধনবান, এবং তোমরা অভাবগ্রস্ত। আর তোমরা যদি ফিরে যাও তবে তিনি তোমাদের স্থলে অন্য লোকদের বদলে আনবেন, তখন তারা তোমাদের মতন হবে না।",
    "bn_muhi": "শুন, তোমরাই তো তারা, যাদেরকে আল্লাহর পথে ব্যয় করার আহবান জানানো হচ্ছে, অতঃপর তোমাদের কেউ কেউ কৃপণতা করছে। যারা কৃপণতা করছে, তারা নিজেদের প্রতিই কৃপণতা করছে। আল্লাহ অভাবমুক্ত এবং তোমরা অভাবগ্রস্থ। যদি তোমরা মুখ ফিরিয়ে নাও, তবে তিনি তোমাদের পরিবর্তে অন্য জাতিকে প্রতিষ্ঠিত করবেন, এরপর তারা তোমাদের মত হবে না।",
    "en": "Here you are - those invited to spend in the cause of Allah - but among you are those who withhold [out of greed]. And whoever withholds only withholds [benefit] from himself; and Allah is the Free of need, while you are the needy. And if you turn away, He will replace you with another people; then they will not be the likes of you."
  }
]