[
  {
    "id": 1,
    "ar": "يُسَبِّحُ لِلَّهِ مَا فِى ٱلسَّمَٰوَٰتِ وَمَا فِى ٱلْأَرْضِ لَهُ ٱلْمُلْكُ وَلَهُ ٱلْحَمْدُ وَهُوَ عَلَىٰ كُلِّ شَىْءٍ قَدِيرٌ",
    "tr": "ইউছাব্বিহু লিল্লা-হি মা-ফিছ ছামা-ওয়া-তি ওয়ামা-ফিল আরদি লাহুল মুলকুওয়া লাহুল হামদু ওয়া হুওয়া ‘আলা-কুল্লি শাইয়িন কাদীর।",
    "bn_haque": "আল্লাহ্‌রই জপতপ করছে যা-কিছু আছে মহাকাশমন্ডলে ও যা-কিছু আছে পৃথিবীতে, তাঁরই হচ্ছে সার্বভৌমত্ব ও তাঁরই সকল প্রশংসা, আর তিনি সব-কিছুর উপরে সর্বশক্তিমান।",
    "bn_muhi": "নভোমন্ডল ও ভূমন্ডলে যা কিছু আছে, সবই আল্লাহর পবিত্রতা ঘোষণা করে। রাজত্ব তাঁরই এবং প্রশংসা তাঁরই। তিনি সর্ববিষয়ে সর্বশক্তিমান।",
    "en": "Whatever is in the heavens and whatever is on the earth is exalting Allah . To Him belongs dominion, and to Him belongs [all] praise, and He is over all things competent."
  },
  {
    "id": 2,
    "ar": "هُوَ ٱلَّذِى خَلَقَكُمْ فَمِنكُمْ كَافِرٌ وَمِنكُم مُّؤْمِنٌ وَٱللَّهُ بِمَا تَعْمَلُونَ بَصِيرٌ",
    "tr": "হুওয়াল্লাযী খালাকাকুম ফামিনকুম কা-ফিরুওঁ ওয়া মিনকুম মু’মিনুন ওয়াল্লা-হু বিমাতা‘মালূনা বাসীর।",
    "bn_haque": "তিনিই সেইজন যিনি তোমাদের সৃষ্টি করেছেন, তারপর তোমাদের কেউ-কেউ অবিশ্বাসী ও তোমাদের কেউ-কেউ বিশ্বাসী। আর তোমরা যা কর আল্লাহ্ তার সম্যক দ্রষ্টা।",
    "bn_muhi": "তিনিই তোমাদেরকে সৃষ্টি করেছেন, অতঃপর তোমাদের মধ্যে কেউ কাফের এবং কেউ মুমিন। তোমরা যা কর, আল্লাহ তা দেখেন।",
    "en": "It is He who created you, and among you is the disbeliever, and among you is the believer. And Allah, of what you do, is Seeing."
  },
  {
    "id": 3,
    "ar": "خَلَقَ ٱلسَّمَٰوَٰتِ وَٱلْأَرْضَ بِٱلْحَقِّ وَصَوَّرَكُمْ فَأَحْسَنَ صُوَرَكُمْ وَإِلَيْهِ ٱلْمَصِيرُ",
    "tr": "খালাকাছছামা-ওয়া-তি ওয়াল আরদা বিলহাক্কিওয়া সাওওয়ারাকুম ফাআহছানা সুওয়ারাকুম ওয়া ইলাইহিল মাসীর।",
    "bn_haque": "তিনি মহাকাশমন্ডল ও পৃথিবীকে সৃষ্টি করেছেন যথাযথভাবে, আর তিনি তোমাদের আকৃতি দিয়েছেন, তারপর তোমাদের আকৃতিকে কত সুন্দর করেছেন! আর তাঁরই কাছে শেষ-প্রত্যাবর্তন।",
    "bn_muhi": "তিনি নভোমন্ডল ও ভূমন্ডলকে যথাযথভাবে সৃষ্টি করেছেন এবং তোমাদেরকে আকৃতি দান করেছেন, অতঃপর সুন্দর করেছেন তোমাদের আকৃতি। তাঁরই কাছে প্রত্যাবর্তন।",
    "en": "He created the heavens and earth in truth and formed you and perfected your forms; and to Him is the [final] destination."
  },
  {
    "id": 4,
    "ar": "يَعْلَمُ مَا فِى ٱلسَّمَٰوَٰتِ وَٱلْأَرْضِ وَيَعْلَمُ مَا تُسِرُّونَ وَمَا تُعْلِنُونَ وَٱللَّهُ عَلِيمٌۢ بِذَاتِ ٱلصُّدُورِ",
    "tr": "ইয়া‘লামুমা-ফিছ ছামা-ওয়া-তি ওয়াল আরদিওয়া ইয়া‘লামুমা-তুছিররূনা ওয়ামাতু‘লিনূনা ওয়াল্লা-হু ‘আলীমুম বিযা-তিসসুদূ র।",
    "bn_haque": "মহাকাশমন্ডলীতে ও পৃথিবীতে যা-কিছু আছে তা তিনি জানেন, আর তিনি জানেন যা তোমরা লুকোও ও যা তোমরা প্রকাশ কর। আর অন্তরের ভেতরে যা আছে সে-সন্বন্ধেও তিনি সর্বজ্ঞাতা।",
    "bn_muhi": "নভোমন্ডল ও ভূমন্ডলে যা আছে, তিনি তা জানেন। তিনি আরও জানেন তোমরা যা গোপনে কর এবং যা প্রকাশ্যে কর। আল্লাহ অন্তরের বিষয়াদি সম্পর্কে সম্যক জ্ঞাত।",
    "en": "He knows what is within the heavens and earth and knows what you conceal and what you declare. And Allah is Knowing of that within the breasts."
  },
  {
    "id": 5,
    "ar": "أَلَمْ يَأْتِكُمْ نَبَؤُا۟ ٱلَّذِينَ كَفَرُوا۟ مِن قَبْلُ فَذَاقُوا۟ وَبَالَ أَمْرِهِمْ وَلَهُمْ عَذَابٌ أَلِيمٌ",
    "tr": "আলাম ইয়া’তিকুম নাবাউল্লাযীনা কাফারূমিন কাবলু ফাযা-কূওয়া বা-লা আমরিহিম ওয়ালাহুম ‘আযা-বুন আলীম।",
    "bn_haque": "তোমাদের কাছে কি তাদের সংবাদ পেছেনি যাঁরা ইতিপূর্বে অবিশ্বাস পোষণ করেছিল, তারপর তাদের কাজের শাস্তি আস্বাদন করেছিল? আর তাদের জন্য রয়েছে মর্মন্তুদ শাস্তি।",
    "bn_muhi": "তোমাদের পুর্বে যারা কাফের ছিল, তাদের বৃত্তান্ত কি তোমাদের কাছে পৌছেনি? তারা তাদের কর্মের শাস্তি আস্বাদন করেছে, এবং তাদের জন্যে রয়েছে যন্ত্রণাদায়ক শাস্তি।",
    "en": "Has there not come to you the news of those who disbelieved before? So they tasted the bad consequence of their affair, and they will have a painful punishment."
  },
  {
    "id": 6,
    "ar": "ذَٰلِكَ بِأَنَّهُۥ كَانَت تَّأْتِيهِمْ رُسُلُهُم بِٱلْبَيِّنَٰتِ فَقَالُوٓا۟ أَبَشَرٌ يَهْدُونَنَا فَكَفَرُوا۟ وَتَوَلَّوا۟ وَّٱسْتَغْنَى ٱللَّهُ وَٱللَّهُ غَنِىٌّ حَمِيدٌ",
    "tr": "যা-লিকা বিআন্নাহূকা-নাত তা’তীহিম রুছুলুহুম বিলবাইয়িনা-তি ফাকা-লূ আবাশারুইঁ ইয়াহদূ নানা- ফাকাফারূ ওয়াতাওল্লাও ওয়াছতাগনাল্লাহু ওয়াল্লাহু গানিইয়ুন হামিদ।",
    "bn_haque": "এটি এইজন্য যে তাদের কাছে তাদের রসুলগণ আসতেছিলেন সুস্পষ্ট প্রমাণাবলী নিয়ে, কিন্ত তারা বলত -- \"মানুষই বুঝি আমাদের পথ দেখাবে?\" সুতরাং তারা অবিশ্বাস করল ও ফিরে গেল, অথচ আল্লাহ্ বেপরোয়া রয়েছেন। আর আল্লাহ্ স্বয়ংসমৃদ্ধ প্রশংসার্হ।",
    "bn_muhi": "এটা এ কারণে যে, তাদের কাছে তাদের রসূলগণ প্রকাশ্য নিদর্শনাবলীসহ আগমন করলে তারা বলতঃ মানুষই কি আমাদেরকে পথপ্রদর্শন করবে? অতঃপর তারা কাফের হয়ে গেল এবং মুখ ফিরিয়ে নিল। এতে আল্লাহর কিছু আসে যায় না। আল্লাহ অমুখাপেক্ষী প্রশংসিত।",
    "en": "That is because their messengers used to come to them with clear evidences, but they said, \"Shall human beings guide us?\" and disbelieved and turned away. And Allah dispensed [with them]; and Allah is Free of need and Praiseworthy."
  },
  {
    "id": 7,
    "ar": "زَعَمَ ٱلَّذِينَ كَفَرُوٓا۟ أَن لَّن يُبْعَثُوا۟ قُلْ بَلَىٰ وَرَبِّى لَتُبْعَثُنَّ ثُمَّ لَتُنَبَّؤُنَّ بِمَا عَمِلْتُمْ وَذَٰلِكَ عَلَى ٱللَّهِ يَسِيرٌ",
    "tr": "ঝা‘আমাল্লাযীনা কাফারূ আল্লাইঁ ইউব‘আছূ কুল বালা-ওয়া রাববী লাতুব‘আছুন্না ছু ম্মা লাতুনাব্বাউন্না বিমা-‘আমিলতুম ওয়া যা-লিকা ‘আলাল্লা-হি ইয়াছীর।",
    "bn_haque": "যারা অবিশ্বাস পোষণ করে তারা ধরে নিয়েছে যে তাদের কখনো তোলা হবে না। বলো -- \"হাঁ, আমার প্রভুর কসম, অতি-অবশ্য তোমাদের তোলা হবে, তারপর তোমাদের অবশ্যই জানানো হবে যা তোমরা করেছিলে।\" আর এইটি আল্লাহ্‌র পক্ষে সহজ।",
    "bn_muhi": "কাফেররা দাবী করে যে, তারা কখনও পুনরুত্থিত হবে না। বলুন, অবশ্যই হবে, আমার পালনকর্তার কসম, তোমরা নিশ্চয় পুরুত্থিত হবে। অতঃপর তোমাদেরকে অবহিত করা হবে যা তোমরা করতে। এটা আল্লাহর পক্ষে সহজ।",
    "en": "Those who disbelieve have claimed that they will never be resurrected. Say, \"Yes, by my Lord, you will surely be resurrected; then you will surely be informed of what you did. And that, for Allah, is easy.\""
  },
  {
    "id": 8,
    "ar": "فَـَٔامِنُوا۟ بِٱللَّهِ وَرَسُولِهِۦ وَٱلنُّورِ ٱلَّذِىٓ أَنزَلْنَا وَٱللَّهُ بِمَا تَعْمَلُونَ خَبِيرٌ",
    "tr": "ফাআ-মিনূবিল্লা-হি ওয়া রাছূলিহী ওয়ান্নূরিল্লাযীআনঝালনা- ওয়াল্লা-হু বিমাতা‘মালূনা খাবীর।",
    "bn_haque": "অতএব তোমরা আল্লাহ্‌তে বিশ্বাস করো, আর তাঁর রসূলে ও সেই আলোকে যা আমরা অবতারণ করেছি। আর তোমরা যা করছ সে-সম্পর্কে আল্লাহ্ পূর্ণ-ওয়াকিফহাল।",
    "bn_muhi": "অতএব তোমরা আল্লাহ তাঁর রসূল এবং অবতীর্ন নূরের প্রতি বিশ্বাস স্থাপন কর। তোমরা যা কর, সে বিষয়ে আল্লাহ সম্যক অবগত।",
    "en": "So believe in Allah and His Messenger and the Qur'an which We have sent down. And Allah is Acquainted with what you do."
  },
  {
    "id": 9,
    "ar": "يَوْمَ يَجْمَعُكُمْ لِيَوْمِ ٱلْجَمْعِ ذَٰلِكَ يَوْمُ ٱلتَّغَابُنِ وَمَن يُؤْمِنۢ بِٱللَّهِ وَيَعْمَلْ صَٰلِحًا يُكَفِّرْ عَنْهُ سَيِّـَٔاتِهِۦ وَيُدْخِلْهُ جَنَّٰتٍ تَجْرِى مِن تَحْتِهَا ٱلْأَنْهَٰرُ خَٰلِدِينَ فِيهَآ أَبَدًا ذَٰلِكَ ٱلْفَوْزُ ٱلْعَظِيمُ",
    "tr": "ইয়াওমা ইয়াজমা‘উকুম লিইয়াওমিল জাম‘ই যা-লিকা ইয়াওমুত্তাগা-বুন ওয়া মাইঁ ইউ’মিম বিল্লা-হি ওয়া ইয়া‘মাল সা-লিহাইঁ ইউকাফফির ‘আনহু ছাইয়িআ-তিহী ওয়া ইউদখিলহু জান্না-তিন তাজরী মিন তাহতিহাল আনহা-রু খা-লিদীনা ফীহা-আবাদা- যা-লিকাল ফাওঝুল ‘আজীম।",
    "bn_haque": "সেইদিন তিনি তোমাদের সমবেত করবেন জমায়েৎ করার দিনের জন্যে -- এইটিই মোহ-অপসারণের দিন। আর যে কেউ আল্লাহ্‌তে বিশ্বাস করে এবং সৎকর্ম সম্পাদন করে, তিনি তার থেকে তার সব পাপ মোচন করে দেবেন এবং তাকে প্রবেশ করাবেন স্বর্গোউদ্যানসমূহে যাদের নিচে দিয়ে বয়ে চলেছে ঝরনারাজি, সেখানে তারা অবস্থান করবে চিরকাল। এইটি এক বিরাট সাফল্য।",
    "bn_muhi": "সেদিন অর্থাৎ, সমাবেশের দিন আল্লাহ তোমাদেরকে সমবেত করবেন। এ দিন হার-জিতের দিন। যে ব্যক্তি আল্লাহর প্রতি বিশ্বাস স্থাপন করে এবং সৎকর্ম সম্পাদন করে, আল্লাহ তার পাপসমূহ মোচন করবেন এবং তাকে জান্নাতে দাখিল করবেন। যার তলদেশে নির্ঝরিনীসমূহ প্রবাহিত হবে, তারা তথায় চিরকাল বসবাস করবে। এটাই মহাসাফল্য।",
    "en": "The Day He will assemble you for the Day of Assembly - that is the Day of Deprivation. And whoever believes in Allah and does righteousness - He will remove from him his misdeeds and admit him to gardens beneath which rivers flow, wherein they will abide forever. That is the great attainment."
  },
  {
    "id": 10,
    "ar": "وَٱلَّذِينَ كَفَرُوا۟ وَكَذَّبُوا۟ بِـَٔايَٰتِنَآ أُو۟لَٰٓئِكَ أَصْحَٰبُ ٱلنَّارِ خَٰلِدِينَ فِيهَا وَبِئْسَ ٱلْمَصِيرُ",
    "tr": "ওয়াল্লাযীনা কাফারূওয়া কাযযাবূবিআ-য়া-তিনা উলাইকা আসহা-বুন্না-রি খা-লিদীনা ফীহা- ওয়া বি’ছাল মাসীর।",
    "bn_haque": "আর যারা অবিশ্বাস পোষণ করে এবং আমাদের নির্দেশাবলী প্রত্যাখ্যান করে, তারাই হচ্ছে আগুনের বাসিন্দা -- তারা সেখানেই অবস্থান করবে। আর কত মন্দ সেই গন্তব্যস্থান!",
    "bn_muhi": "আর যারা কাফের এবং আমার আয়াতসমূহকে মিথ্যা বলে, তারাই জাহান্নামের অধিবাসী, তারা তথায় অনন্তকাল থাকবে। কতই না মন্দ প্রত্যাবর্তনস্থল এটা।",
    "en": "But the ones who disbelieved and denied Our verses - those are the companions of the Fire, abiding eternally therein; and wretched is the destination."
  },
  {
    "id": 11,
    "ar": "مَآ أَصَابَ مِن مُّصِيبَةٍ إِلَّا بِإِذْنِ ٱللَّهِ وَمَن يُؤْمِنۢ بِٱللَّهِ يَهْدِ قَلْبَهُۥ وَٱللَّهُ بِكُلِّ شَىْءٍ عَلِيمٌ",
    "tr": "মাআসা-বা মিমমুসীবাতিন ইল্লা-বিইযনিল্লা -হি ওয়া মাইঁ ইউ’মিম বিল্লা-হি ইয়াহদি কালবাহূ ওয়াল্লা-হু বিকুল্লি শাইয়িন ‘আলীম।",
    "bn_haque": "কোনো বিপদ আপতিত হয় না আল্লাহ্‌র অনুমতি ব্যতীত। আর যে কেউ আল্লাহ্‌তে বিশ্বাস করে তিনি তার হৃদয়কে সুপথে চালিত করেন। আর আল্লাহ্ সব-কিছু সন্বন্ধে সর্বজ্ঞাতা।",
    "bn_muhi": "আল্লাহর নির্দেশ ব্যতিরেকে কোন বিপদ আসে না এবং যে আল্লাহর প্রতি বিশ্বাস করে, তিনি তার অন্তরকে সৎপথ প্রদর্শন করেন। আল্লাহ সর্ববিষয়ে সম্যক পরিজ্ঞাত।",
    "en": "No disaster strikes except by permission of Allah . And whoever believes in Allah - He will guide his heart. And Allah is Knowing of all things."
  },
  {
    "id": 12,
    "ar": "وَأَطِيعُوا۟ ٱللَّهَ وَأَطِيعُوا۟ ٱلرَّسُولَ فَإِن تَوَلَّيْتُمْ فَإِنَّمَا عَلَىٰ رَسُولِنَا ٱلْبَلَٰغُ ٱلْمُبِينُ",
    "tr": "ওয়া আতী‘উল্লা-হা ওয়া আতী‘উর রাছূলা ফাইন তাওয়াল্লাইতুম ফাইন্নামা-‘আলারাছূলিনাল বালা-গুল মুবীন।",
    "bn_haque": "আর আল্লাহ্‌র আজ্ঞাপালন করো ও রসূলকে মেনে চলো; কিন্ত যদি তোমরা ফিরে যাও তাহলে আমাদের রসূলের উপরে কেবল সুস্পষ্টভাবে পৌঁছে দেওয়া।",
    "bn_muhi": "তোমরা আল্লাহর আনুগত্য কর এবং রসূলুল্লাহর আনুগত্য কর। যদি তোমরা মুখ ফিরিয়ে নাও, তবে আমার রসূলের দায়িত্ব কেবল খোলাখুলি পৌছে দেয়া।",
    "en": "And obey Allah and obey the Messenger; but if you turn away - then upon Our Messenger is only [the duty of] clear notification."
  },
  {
    "id": 13,
    "ar": "ٱللَّهُ لَآ إِلَٰهَ إِلَّا هُوَ وَعَلَى ٱللَّهِ فَلْيَتَوَكَّلِ ٱلْمُؤْمِنُونَ",
    "tr": "আল্লা-হু লা ইলা-হা ইল্লা-হুওয়া ওয়া ‘আলাল্লা-হি ফালইয়াতাওয়াক্কালিল মু’মিনূন।",
    "bn_haque": "আল্লাহ্ -- তিনি ব্যতীত অন্য উপাস্য নেই। সুতরাং আল্লাহ্‌র উপরেই তবে মুমিনরা নির্ভর করুক।",
    "bn_muhi": "আল্লাহ তিনি ব্যতীত কোন মাবুদ নেই। অতএব মুমিনগণ আল্লাহর উপর ভরসা করুক।",
    "en": "Allah - there is no deity except Him. And upon Allah let the believers rely."
  },
  {
    "id": 14,
    "ar": "يَٰٓأَيُّهَا ٱلَّذِينَ ءَامَنُوٓا۟ إِنَّ مِنْ أَزْوَٰجِكُمْ وَأَوْلَٰدِكُمْ عَدُوًّا لَّكُمْ فَٱحْذَرُوهُمْ وَإِن تَعْفُوا۟ وَتَصْفَحُوا۟ وَتَغْفِرُوا۟ فَإِنَّ ٱللَّهَ غَفُورٌ رَّحِيمٌ",
    "tr": "ইয়াআইয়ুহাল্লাযীনা আ-মানূ ইন্না মিন আঝওয়া-জিকুম ওয়া আওলা-দিকুম ‘আদুওওয়াল লাকুম ফাহযারূহুম ওয়া ইন তা‘ফূওয়া তাসফাহূওয়া তাগফিরূফাইন্নাল্লা-হা গাফূরুর রাহীম।",
    "bn_haque": "ওহে যারা ঈমান এনেছ! নিশ্চয় তোমাদের কোনো-কোনো স্ত্রীরা ও তোমাদের ছেলেমেয়েরা তোমাদের শত্রু, অতএর তাদের ক্ষেত্রে হুশিয়াঁর হও। কিন্ত যদি তোমরা মাফ করে দাও ও উপেক্ষা কর ও উদ্ধার কর, তাহলে আল্লাহ্ পরিত্রাণকারী, অফুরন্ত ফলদাতা।",
    "bn_muhi": "হে মুমিনগণ, তোমাদের কোন কোন স্ত্রী ও সন্তান-সন্ততি তোমাদের দুশমন। অতএব তাদের ব্যাপারে সতর্ক থাক। যদি মার্জনা কর, উপেক্ষা কর, এবং ক্ষমা কর, তবে আল্লাহ ক্ষমাশীল, করুনাময়।",
    "en": "O you who have believed, indeed, among your wives and your children are enemies to you, so beware of them. But if you pardon and overlook and forgive - then indeed, Allah is Forgiving and Merciful."
  },
  {
    "id": 15,
    "ar": "إِنَّمَآ أَمْوَٰلُكُمْ وَأَوْلَٰدُكُمْ فِتْنَةٌ وَٱللَّهُ عِندَهُۥٓ أَجْرٌ عَظِيمٌ",
    "tr": "ইন্নামা আমওয়া-লুকুম ওয়া আওলা-দুকুম ফিতনাতুওঁ ওয়াল্লা-হু ‘ইনদাহূ আজরুন ‘আজীম।",
    "bn_haque": "নিঃসন্দেহ তোমাদের ধনদৌলত ও তোমাদের সন্তানসন্ততি তো এক পরীক্ষা। আর আল্লাহ্‌, তাঁরই কাছে রয়েছে বিরাট প্রতিদান।",
    "bn_muhi": "তোমাদের ধন-সম্পদ ও সন্তান-সন্ততি তো কেবল পরীক্ষাস্বরূপ। আর আল্লাহর কাছে রয়েছে মহাপুরস্কার।",
    "en": "Your wealth and your children are but a trial, and Allah has with Him a great reward."
  },
  {
    "id": 16,
    "ar": "فَٱتَّقُوا۟ ٱللَّهَ مَا ٱسْتَطَعْتُمْ وَٱسْمَعُوا۟ وَأَطِيعُوا۟ وَأَنفِقُوا۟ خَيْرًا لِّأَنفُسِكُمْ وَمَن يُوقَ شُحَّ نَفْسِهِۦ فَأُو۟لَٰٓئِكَ هُمُ ٱلْمُفْلِحُونَ",
    "tr": "ফাত্তাকুল্লা-হা মাছতাতা‘তুম ওয়াছমা‘উ ওয়া আতী‘ঊ ওয়া আনফিকূখাইরাল লিআনফুছিকুম ওয়া মাইঁ ইঊকা শুহহা নাফছিহী ফাউলাইকা হুমুল মুফলিহূন।",
    "bn_haque": "অতএব আল্লাহ্‌কে ভয়ভক্তি করো যতটা তোমরা সক্ষম হও, আর শোনো, আর আজ্ঞাপালন করো, আর ব্যয় করো, -- এ তোমাদের নিজেদের জন্য কল্যাণময়। আর যে কেউ তার অন্তরের লোভ-লালসা থেকে সংযত রাখে তারাই তবে খোদ সফলকাম হয়।",
    "bn_muhi": "অতএব তোমরা যথাসাধ্য আল্লাহকে ভয় কর, শুন, আনুগত্য কর এবং ব্যয় কর। এটা তোমাদের জন্যে কল্যাণকর। যারা মনের কার্পন্য থেকে মুক্ত, তারাই সফলকাম।",
    "en": "So fear Allah as much as you are able and listen and obey and spend [in the way of Allah ]; it is better for your selves. And whoever is protected from the stinginess of his soul - it is those who will be the successful."
  },
  {
    "id": 17,
    "ar": "إِن تُقْرِضُوا۟ ٱللَّهَ قَرْضًا حَسَنًا يُضَٰعِفْهُ لَكُمْ وَيَغْفِرْ لَكُمْ وَٱللَّهُ شَكُورٌ حَلِيمٌ",
    "tr": "ইন তুকরিদুল্লা-হা কারদান হাছানাইঁ ইউদা-‘ইফহু লাকুম ওয়া ইয়াগফিরলাকুম ওয়াল্লা-হু শাকূরুন হালীম।",
    "bn_haque": "যদি তোমরা আল্লাহ্‌কে কর্জ দাও এক উত্তম কর্জ, তিনি সেটি তোমাদের জন্য বহু-গুণিত করে দেবেন, আর তিনি তোমাদের পরিত্রাণ করবেন। আর আল্লাহ্ গুণগ্রাহী, অতি অমায়িক।",
    "bn_muhi": "যদি তোমরা আল্লাহকে উত্তম ঋণ দান কর, তিনি তোমাদের জন্যে তা দ্বিগুণ করে দেবেন এবং তোমাদেরকে ক্ষমা করবেন। আল্লাহ গুণগ্রাহী, সহনশীল।",
    "en": "If you loan Allah a goodly loan, He will multiply it for you and forgive you. And Allah is Most Appreciative and Forbearing."
  },
  {
    "id": 18,
    "ar": "عَٰلِمُ ٱلْغَيْبِ وَٱلشَّهَٰدَةِ ٱلْعَزِيزُ ٱلْحَكِيمُ",
    "tr": "‘আ-লিমুল গাইবি ওয়াশশাহা-দাতিল ‘আঝীঝুল হাকীম।",
    "bn_haque": "তিনি অদৃশ্য ও দৃশ্যের পরিজ্ঞাতা, মহাশক্তিশালী, পরমজ্ঞানী।",
    "bn_muhi": "তিনি দৃশ্য ও অদৃশ্যের জ্ঞানী, পরাক্রান্ত, প্রজ্ঞাময়।",
    "en": "Knower of the unseen and the witnessed, the Exalted in Might, the Wise."
  }
]