[
  {
    "id": 1,
    "ar": "ٱقْتَرَبَتِ ٱلسَّاعَةُ وَٱنشَقَّ ٱلْقَمَرُ",
    "tr": "ইকতারাবাতিছছা-‘আতুওয়ানশাক্কাল কামার।",
    "bn_haque": "ঘড়িঘন্টা সমাগত, আর চন্দ্র দ্বিখন্ডিত হয়েছে।",
    "bn_muhi": "কেয়ামত আসন্ন, চন্দ্র বিদীর্ণ হয়েছে।",
    "en": "The Hour has come near, and the moon has split [in two]."
  },
  {
    "id": 2,
    "ar": "وَإِن يَرَوْا۟ ءَايَةً يُعْرِضُوا۟ وَيَقُولُوا۟ سِحْرٌ مُّسْتَمِرٌّ",
    "tr": "ওয়া ইয়ঁইয়ারাও আ-য়াতাইঁ ইউ‘রিদূ ওয়া ইয়াকূলূছিহরুম মুছতামির।",
    "bn_haque": "আর যদি তারা কোনো নিদর্শন দেখে, তারা ফিরে যায় ও বলে -- \"এক জবরদস্ত জাদু।\"",
    "bn_muhi": "তারা যদি কোন নিদর্শন দেখে তবে মুখ ফিরিয়ে নেয় এবং বলে, এটা তো চিরাগত জাদু।",
    "en": "And if they see a miracle, they turn away and say, \"Passing magic.\""
  },
  {
    "id": 3,
    "ar": "وَكَذَّبُوا۟ وَٱتَّبَعُوٓا۟ أَهْوَآءَهُمْ وَكُلُّ أَمْرٍ مُّسْتَقِرٌّ",
    "tr": "ওয়াকাযযাবূওয়াত্তাবা‘ঊআহওয়াআহুম ওয়াকুল্লুআমরিম মুছতাকির।",
    "bn_haque": "আর তারা প্রত্যাখ্যান করে এবং তারা তাদের খেয়ালখুশির অনুসরণ করে, অথচ প্রত্যেক বিষয়েরই নিস্পত্তি হয়েই গেছে।",
    "bn_muhi": "তারা মিথ্যারোপ করছে এবং নিজেদের খেয়াল-খুশীর অনুসরণ করছে। প্রত্যেক কাজ যথাসময়ে স্থিরীকৃত হয়।",
    "en": "And they denied and followed their inclinations. But for every matter is a [time of] settlement."
  },
  {
    "id": 4,
    "ar": "وَلَقَدْ جَآءَهُم مِّنَ ٱلْأَنۢبَآءِ مَا فِيهِ مُزْدَجَرٌ",
    "tr": "ওয়া লাকাদ জাআহুম মিনাল আমবাই মা-ফীহি মুঝদাজার।",
    "bn_haque": "আর তাদের কাছে অবশ্য কিছুটা সংবাদ এসেই গেছে যাতে রয়েছে প্রতিষেধক --",
    "bn_muhi": "তাদের কাছে এমন সংবাদ এসে গেছে, যাতে সাবধানবাণী রয়েছে।",
    "en": "And there has already come to them of information that in which there is deterrence -"
  },
  {
    "id": 5,
    "ar": "حِكْمَةٌۢ بَٰلِغَةٌ فَمَا تُغْنِ ٱلنُّذُرُ",
    "tr": "হিকমাতুম বা-লিগাতুন ফামা-তুগনিন নুযুর।",
    "bn_haque": "এক সুপরিণত জ্ঞান, কিন্তু এ সতর্কীকরণ কোনো কাজে আসে না।",
    "bn_muhi": "এটা পরিপূর্ণ জ্ঞান, তবে সতর্ককারীগণ তাদের কোন উপকারে আসে না।",
    "en": "Extensive wisdom - but warning does not avail [them]."
  },
  {
    "id": 6,
    "ar": "فَتَوَلَّ عَنْهُمْ يَوْمَ يَدْعُ ٱلدَّاعِ إِلَىٰ شَىْءٍ نُّكُرٍ",
    "tr": "ফাতাওয়াল্লা ‘আনহুম । ইয়াওমা ইয়াদ‘উদ্দা-‘ই ইলা-শাইয়িন নুকুর।",
    "bn_haque": "কাজেই তাদের থেকে ফিরে এস। একদিন আহ্বানকারী আহ্বান করবেন এক অপ্রীতিকর ব্যাপারের প্রতি --",
    "bn_muhi": "অতএব, আপনি তাদের থেকে মুখ ফিরিয়ে নিন। যেদিন আহবানকারী আহবান করবে এক অপ্রিয় পরিণামের দিকে,",
    "en": "So leave them, [O Muhammad]. The Day the Caller calls to something forbidding,"
  },
  {
    "id": 7,
    "ar": "خُشَّعًا أَبْصَٰرُهُمْ يَخْرُجُونَ مِنَ ٱلْأَجْدَاثِ كَأَنَّهُمْ جَرَادٌ مُّنتَشِرٌ",
    "tr": "খুশশা‘আন আবসা-রুহুম ইয়াখরুজূনা মিনাল আজদা-ছিকাআন্নাহুম জারা-দুম মুনতাশির।",
    "bn_haque": "তাদের চোখ অবনত অবস্থায়, তারা বেরিয়ে আসতে থাকবে কবর থেকে যেন তারা ছড়িয়ে পড়া পঙ্গপাল --",
    "bn_muhi": "তারা তখন অবনমিত নেত্রে কবর থেকে বের হবে বিক্ষিপ্ত পংগপাল সদৃশ।",
    "en": "Their eyes humbled, they will emerge from the graves as if they were locusts spreading,"
  },
  {
    "id": 8,
    "ar": "مُّهْطِعِينَ إِلَى ٱلدَّاعِ يَقُولُ ٱلْكَٰفِرُونَ هَٰذَا يَوْمٌ عَسِرٌ",
    "tr": "মুহতি‘ঈনা ইলাদ্দা-‘ই ইয়াকূলুল কা-ফিরূনা হা-যা-ইয়াওমুন ‘আছির।",
    "bn_haque": "ওরা আহবায়কের প্রতি ছুটে আসবে। অবিশ্বাসীরা বলবে -- \"এইটি বড় কঠিন দিন!\"",
    "bn_muhi": "তারা আহবানকারীর দিকে দৌড়াতে থাকবে। কাফেরা বলবেঃ এটা কঠিন দিন।",
    "en": "Racing ahead toward the Caller. The disbelievers will say, \"This is a difficult Day.\""
  },
  {
    "id": 9,
    "ar": "كَذَّبَتْ قَبْلَهُمْ قَوْمُ نُوحٍ فَكَذَّبُوا۟ عَبْدَنَا وَقَالُوا۟ مَجْنُونٌ وَٱزْدُجِرَ",
    "tr": "কাযযাবাত কাবলাহুম কাওমু নূহিন ফাকাযযাবূ ‘আবদানা-ওয়াকা-লূ মাজনূনুওঁ ওয়াঝদুজির।",
    "bn_haque": "এদের আগে নূহ-এর লোকদল সত্যপ্রত্যাখ্যান করেছিল, ফলে তারা আমাদের বান্দাকে প্রত্যাখ্যান করল ও বললে -- \"এক টি পাগল\"! আর তাঁকে অবজ্ঞা করা হয়েছিল।",
    "bn_muhi": "তাদের পূর্বে নূহের সম্প্রদায়ও মিথ্যারোপ করেছিল। তারা মিথ্যারোপ করেছিল আমার বান্দা নূহের প্রতি এবং বলেছিলঃ এ তো উম্মাদ। তাঁরা তাকে হুমকি প্রদর্শন করেছিল।",
    "en": "The people of Noah denied before them, and they denied Our servant and said, \"A madman,\" and he was repelled."
  },
  {
    "id": 10,
    "ar": "فَدَعَا رَبَّهُۥٓ أَنِّى مَغْلُوبٌ فَٱنتَصِرْ",
    "tr": "ফাদা‘আ-রাব্বাহূআন্নী মাগলূবুন ফানতাসির ।",
    "bn_haque": "সেজন্য তিনি তাঁর প্রভুকে ডেকে বললেন -- \"আমি তো পরাভূত হয়ে পড়েছি, অতএব তুমি সাহায্য করো।\"",
    "bn_muhi": "অতঃপর সে তার পালনকর্তাকে ডেকে বললঃ আমি অক্ষম, অতএব, তুমি প্রতিবিধান কর।",
    "en": "So he invoked his Lord, \"Indeed, I am overpowered, so help.\""
  },
  {
    "id": 11,
    "ar": "فَفَتَحْنَآ أَبْوَٰبَ ٱلسَّمَآءِ بِمَآءٍ مُّنْهَمِرٍ",
    "tr": "ফাফাতাহনাআবওয়া-বাছ ছামাই বিমাইম মুনহামির।",
    "bn_haque": "তখন আমরা আসমানের দরজাগুলো খুলে দিলাম বর্ষণশীল পানির দ্বারা,",
    "bn_muhi": "তখন আমি খুলে দিলাম আকাশের দ্বার প্রবল বারিবর্ষণের মাধ্যমে।",
    "en": "Then We opened the gates of the heaven with rain pouring down"
  },
  {
    "id": 12,
    "ar": "وَفَجَّرْنَا ٱلْأَرْضَ عُيُونًا فَٱلْتَقَى ٱلْمَآءُ عَلَىٰٓ أَمْرٍ قَدْ قُدِرَ",
    "tr": "ওয়া ফাজ্জারনাল আরদা ‘উইঊনান ফালতাকাল মাউ ‘আলাআমরিন কাদ কুদির।",
    "bn_haque": "আর জমিনকে উৎক্ষেপ করতে দিলাম ঝরনাধারায়, ফলে পানি মিলিত হয়ে গেল এক পূর্বনির্ধারিত ব্যাপারে,",
    "bn_muhi": "এবং ভুমি থেকে প্রবাহিত করলাম প্রস্রবণ। অতঃপর সব পানি মিলিত হল এক পরিকম্পিত কাজে।",
    "en": "And caused the earth to burst with springs, and the waters met for a matter already predestined."
  },
  {
    "id": 13,
    "ar": "وَحَمَلْنَٰهُ عَلَىٰ ذَاتِ أَلْوَٰحٍ وَدُسُرٍ",
    "tr": "ওয়া হামালনা-হু ‘আলা-যা-তি আলওয়া-হিওঁ ওয়াদুছুর।",
    "bn_haque": "আর আমরা তাঁকে বহন করলাম তাতে যা ছিল তক্তা ও পেরেক সন্বলিত, --",
    "bn_muhi": "আমি নূহকে আরোহণ করালাম এক কাষ্ঠ ও পেরেক নির্মিত জলযানে।",
    "en": "And We carried him on a [construction of] planks and nails,"
  },
  {
    "id": 14,
    "ar": "تَجْرِى بِأَعْيُنِنَا جَزَآءً لِّمَن كَانَ كُفِرَ",
    "tr": "তাজরী বিআ‘ইউনিনা- জাঝাআল লিমান কা-না কুফির।",
    "bn_haque": "তা ভেসে চলেছিল আমাদের চোখের সামনে, -- এক প্রতিদান তাঁর জন্য যাঁকে প্রত্যাখ্যান করা হয়েছিল।",
    "bn_muhi": "যা চলত আমার দৃষ্টি সামনে। এটা তার পক্ষ থেকে প্রতিশোধ ছিল, যাকে প্রত্যখ্যান করা হয়েছিল।",
    "en": "Sailing under Our observation as reward for he who had been denied."
  },
  {
    "id": 15,
    "ar": "وَلَقَد تَّرَكْنَٰهَآ ءَايَةً فَهَلْ مِن مُّدَّكِرٍ",
    "tr": "ওয়া লাকাদ তারাকনা-হাআ-য়াতান ফাহাল মিম মুদ্দাকির।",
    "bn_haque": "আর আমরা অবশ্য এটিকে রেখে দিয়েছি এক নিদর্শনরূপে। কিন্তু কেউ কি রয়েছে উপদেশপ্রাপ্তদের অন্তর্ভুক্ত?",
    "bn_muhi": "আমি একে এক নিদর্শনরূপে রেখে দিয়েছি। অতএব, কোন চিন্তাশীল আছে কি?",
    "en": "And We left it as a sign, so is there any who will remember?"
  },
  {
    "id": 16,
    "ar": "فَكَيْفَ كَانَ عَذَابِى وَنُذُرِ",
    "tr": "ফাকাইফা কা-না ‘আযা-বী ওয়া নুযুর।",
    "bn_haque": "সুতরাং কেমন হয়েছিল আমার শাস্তি ও আমার সতর্কীকরণ!",
    "bn_muhi": "কেমন কঠোর ছিল আমার শাস্তি ও সতর্কবাণী।",
    "en": "And how [severe] were My punishment and warning."
  },
  {
    "id": 17,
    "ar": "وَلَقَدْ يَسَّرْنَا ٱلْقُرْءَانَ لِلذِّكْرِ فَهَلْ مِن مُّدَّكِرٍ",
    "tr": "ওয়ালাকাদ ইয়াছছারনাল কুরআ-না লিযযি করি ফাহাল মিম মুদ্দাকির।",
    "bn_haque": "আর আমরা তো অবশ্যই কুরআনকে উপদেশগ্রহণের জন্য সহজবোধ্য করে দিয়েছি, কিন্তু কেউ কি আছে যে উপদেশপ্রাপ্তদের মধ্যেকার?",
    "bn_muhi": "আমি কোরআনকে সহজ করে দিয়েছি বোঝার জন্যে। অতএব, কোন চিন্তাশীল আছে কি?",
    "en": "And We have certainly made the Qur'an easy for remembrance, so is there any who will remember?"
  },
  {
    "id": 18,
    "ar": "كَذَّبَتْ عَادٌ فَكَيْفَ كَانَ عَذَابِى وَنُذُرِ",
    "tr": "কাযযাবাত ‘আ-দুন ফাকাইফা কা-না ‘আযা-বী ওয়া নুযুর।",
    "bn_haque": "আর 'আদ-জাতি সত্যপ্রত্যাখ্যান করেছিল, কাজেই কেমন হয়েছিল আমার শাস্তি ও আমার সতর্কীকরণ!",
    "bn_muhi": "আদ সম্প্রদায় মিথ্যারোপ করেছিল, অতঃপর কেমন কঠোর হয়েছিল আমার শাস্তি ও সতর্কবাণী।",
    "en": "Aad denied; and how [severe] were My punishment and warning."
  },
  {
    "id": 19,
    "ar": "إِنَّآ أَرْسَلْنَا عَلَيْهِمْ رِيحًا صَرْصَرًا فِى يَوْمِ نَحْسٍ مُّسْتَمِرٍّ",
    "tr": "ইন্নাআরছালনা-‘আলাইহিম রীহান সারসারান ফী ইয়াওমি নাহছিম মুছতামির।",
    "bn_haque": "নিঃসন্দেহ আমরা তাদের উপরে এক চরম দুর্ভাগ্যের দিনে পাঠিয়েছিলাম এক প্রচন্ড ঝড়-তোফান,",
    "bn_muhi": "আমি তাদের উপর প্রেরণ করেছিলাম ঝঞ্জাবায়ু এক চিরাচরিত অশুভ দিনে।",
    "en": "Indeed, We sent upon them a screaming wind on a day of continuous misfortune,"
  },
  {
    "id": 20,
    "ar": "تَنزِعُ ٱلنَّاسَ كَأَنَّهُمْ أَعْجَازُ نَخْلٍ مُّنقَعِرٍ",
    "tr": "তানঝি‘উন্না-ছা কাআন্নাহুম আ‘জা-ঝুনাখলিম মুনকা‘ইর।",
    "bn_haque": "যা মানুষকে উড়িয়ে নিয়েছিল, যেন তারা ছিল উৎপাটিত খেজুরগাছের গুঁড়ি।",
    "bn_muhi": "তা মানুষকে উৎখাত করছিল, যেন তারা উৎপাটিত খর্জুর বৃক্ষের কান্ড।",
    "en": "Extracting the people as if they were trunks of palm trees uprooted."
  },
  {
    "id": 21,
    "ar": "فَكَيْفَ كَانَ عَذَابِى وَنُذُرِ",
    "tr": "ফাকাইফা কা-না ‘আযা-বী ওয়া নুযুর।",
    "bn_haque": "সুতরাং কেমন হয়েছিল আমার শাস্তি ও আমার সতর্কীকরণ?",
    "bn_muhi": "অতঃপর কেমন কঠোর ছিল আমার শাস্তি ও সতর্কবাণী।",
    "en": "And how [severe] were My punishment and warning."
  },
  {
    "id": 22,
    "ar": "وَلَقَدْ يَسَّرْنَا ٱلْقُرْءَانَ لِلذِّكْرِ فَهَلْ مِن مُّدَّكِرٍ",
    "tr": "ওয়া লাকাদ ইয়াছছারনাল কুরআ-না লিযযি করি ফাহাল মিম মুদ্দাকির।",
    "bn_haque": "কাজেই আমরা আলবৎ কুরআনকে উপদেশ গ্রহণের জন্য সহজবোধ্য করে দিয়েছি, কিন্তু কেউ কি হবে উপদেশপ্রাপ্তদের অন্তর্ভুক্ত?",
    "bn_muhi": "আমি কোরআনকে বোঝার জন্যে সহজ করে দিয়েছি। অতএব, কোন চিন্তাশীল আছে কি?",
    "en": "And We have certainly made the Qur'an easy for remembrance, so is there any who will remember?"
  },
  {
    "id": 23,
    "ar": "كَذَّبَتْ ثَمُودُ بِٱلنُّذُرِ",
    "tr": "কাযযাবাত ছামূদুবিন্নুযুর।",
    "bn_haque": "ছামুদ-জাতিও সতর্কীকরণ প্রত্যাখ্যান করেছিল।",
    "bn_muhi": "সামুদ সম্প্রদায় সতর্ককারীদের প্রতি মিথ্যারোপ করেছিল।",
    "en": "Thamud denied the warning"
  },
  {
    "id": 24,
    "ar": "فَقَالُوٓا۟ أَبَشَرًا مِّنَّا وَٰحِدًا نَّتَّبِعُهُۥٓ إِنَّآ إِذًا لَّفِى ضَلَٰلٍ وَسُعُرٍ",
    "tr": "ফাকা-লূআবাশারাম মিন্না-ওয়া-হিদান নাত্তাবি‘উহূ ইন্নাইযাল্লাফী দালা-লিওঁ ওয়াছু‘উর।",
    "bn_haque": "কাজেই তারা বলেছিল -- \"কী! আমাদের মধ্যেকার মানুষই একজন, তাকেই কি আমরা অনুসরণ করব? সেক্ষেত্রে আমরা তো নিশ্চয়ই বিপথগামী হব ও পাগলামিতে পড়ব।",
    "bn_muhi": "তারা বলেছিলঃ আমরা কি আমাদেরই একজনের অনুসরণ করব? তবে তো আমরা বিপথগামী ও বিকার গ্রস্থরূপে গণ্য হব।",
    "en": "And said, \"Is it one human being among us that we should follow? Indeed, we would then be in error and madness."
  },
  {
    "id": 25,
    "ar": "أَءُلْقِىَ ٱلذِّكْرُ عَلَيْهِ مِنۢ بَيْنِنَا بَلْ هُوَ كَذَّابٌ أَشِرٌ",
    "tr": "আ উলকিয়াযযিকরু ‘আলাইহি মিম বাইনিনা-বাল হুওয়া কাযযা-বুন আশির।",
    "bn_haque": "আমাদের মধ্যে থেকে স্মারক কি তার উপরেই পতিত হল? বস্তুত সে একজন ডাহা মিথ্যাবাদী, দাম্ভিক।",
    "bn_muhi": "আমাদের মধ্যে কি তারই প্রতি উপদেশ নাযিল করা হয়েছে? বরং সে একজন মিথ্যাবাদী, দাম্ভিক।",
    "en": "Has the message been sent down upon him from among us? Rather, he is an insolent liar.\""
  },
  {
    "id": 26,
    "ar": "سَيَعْلَمُونَ غَدًا مَّنِ ٱلْكَذَّابُ ٱلْأَشِرُ",
    "tr": "ছাইয়া‘লামূনা গাদাম মানিল কাযযা-বুল আশির।",
    "bn_haque": "কালকেই তারা ত্বরায় জানতে পারবে কে মিথ্যুক, কে দাম্ভিক।",
    "bn_muhi": "এখন আগামীকল্যই তারা জানতে পারবে কে মিথ্যাবাদী, দাম্ভিক।",
    "en": "They will know tomorrow who is the insolent liar."
  },
  {
    "id": 27,
    "ar": "إِنَّا مُرْسِلُوا۟ ٱلنَّاقَةِ فِتْنَةً لَّهُمْ فَٱرْتَقِبْهُمْ وَٱصْطَبِرْ",
    "tr": "ইন্না-মুরছিলুন্না-কাতি ফিতনাতাল্লাহুম ফারতাকিবহুম ওয়াসতাবির।",
    "bn_haque": "নিঃসন্দেহ আমরা একটি উষ্ট্রিকে পাঠাতে যাচ্ছি তাদের জন্য পরীক্ষাস্বরূপ, সেজন্য তাদের প্রতি লক্ষ্য রাখো এবং ধৈর্যধারণ করো।",
    "bn_muhi": "আমি তাদের পরীক্ষার জন্য এক উষ্ট্রী প্রেরণ করব, অতএব, তাদের প্রতি লক্ষ্য রাখ এবং সবর কর।",
    "en": "Indeed, We are sending the she-camel as trial for them, so watch them and be patient."
  },
  {
    "id": 28,
    "ar": "وَنَبِّئْهُمْ أَنَّ ٱلْمَآءَ قِسْمَةٌۢ بَيْنَهُمْ كُلُّ شِرْبٍ مُّحْتَضَرٌ",
    "tr": "ওয়া নাব্বি’হুম আন্নাল মাআ কিছমাতুম বাইনাহুম কুল্লুশিরবিম মুহতাদার।",
    "bn_haque": "আর তাদের জানিয়ে দাও যে পানির ক্ষেত্রে তাদের মধ্যে ভাগাভাগি রয়েছে, প্রত্যেক জলপানে হাজিরা থাকবে।",
    "bn_muhi": "এবং তাদেরকে জানিয়ে দাও যে, তাদের মধ্যে পানির পালা নির্ধারিত হয়েছে এবং পালাক্রমে উপস্থিত হতে হবে।",
    "en": "And inform them that the water is shared between them, each [day of] drink attended [by turn]."
  },
  {
    "id": 29,
    "ar": "فَنَادَوْا۟ صَاحِبَهُمْ فَتَعَاطَىٰ فَعَقَرَ",
    "tr": "ফানা-দাও সা-হিবাহুম ফাত‘আ-তা-ফা‘আকার।",
    "bn_haque": "কিন্তু তারা তাদের সেঙাৎকে ডাক দিল, তখন সে ধরল ও কেটে ফেলল।",
    "bn_muhi": "অতঃপর তারা তাদের সঙ্গীকে ডাকল। সে তাকে ধরল এবং বধ করল।",
    "en": "But they called their companion, and he dared and hamstrung [her]."
  },
  {
    "id": 30,
    "ar": "فَكَيْفَ كَانَ عَذَابِى وَنُذُرِ",
    "tr": "ফাকাইফা কা-না ‘আযা-বী ওয়ানুযুর।",
    "bn_haque": "পরিণামে কেমন হয়েছিল আমার শাস্তি ও আমার সতর্কীকরণ!",
    "bn_muhi": "অতঃপর কেমন কঠোর ছিল আমার শাস্তি ও সতর্কবাণী।",
    "en": "And how [severe] were My punishment and warning."
  },
  {
    "id": 31,
    "ar": "إِنَّآ أَرْسَلْنَا عَلَيْهِمْ صَيْحَةً وَٰحِدَةً فَكَانُوا۟ كَهَشِيمِ ٱلْمُحْتَظِرِ",
    "tr": "ইন্নাআরছালনা-‘আলাইহিম সাইহাতাওঁ ওয়া হিদাতান ফাকা-নূকাহাশীমিল মুহতাজির।",
    "bn_haque": "আমরা অবশ্যই তাদের উপরে পাঠিয়েছিলাম একটিমাত্র মহাগর্জন, ফলে তারা হয়ে গেল খোঁয়াড়-প্রস্তুতকারীর শুকনো-ভাঙ্গা ডালপালার ন্যায়।",
    "bn_muhi": "আমি তাদের প্রতি একটিমাত্র নিনাদ প্রেরণ করেছিলাম। এতেই তারা হয়ে গেল শুষ্ক শাখাপল্লব নির্মিত দলিত খোয়াড়ের ন্যায়।",
    "en": "Indeed, We sent upon them one blast from the sky, and they became like the dry twig fragments of an [animal] pen."
  },
  {
    "id": 32,
    "ar": "وَلَقَدْ يَسَّرْنَا ٱلْقُرْءَانَ لِلذِّكْرِ فَهَلْ مِن مُّدَّكِرٍ",
    "tr": "ওয়া লাকাদ ইয়াছছারনাল কুরআ-না লিযযি করি ফাহাল মিম মুদ্দাকির।",
    "bn_haque": "আর আমরা নিশ্চয়ই কুরআনকে উপদেশ-গ্রহণের জন্য সহজবোধ্য করে দিয়েছি, কিন্তু কেউ কি রয়েছে উপদেশপ্রাপ্তদের অন্যতম?",
    "bn_muhi": "আমি কোরআনকে বোঝার জন্যে সহজ করে দিয়েছি। অতএব, কোন চিন্তাশীল আছে কি?",
    "en": "And We have certainly made the Qur'an easy for remembrance, so is there any who will remember?"
  },
  {
    "id": 33,
    "ar": "كَذَّبَتْ قَوْمُ لُوطٍۭ بِٱلنُّذُرِ",
    "tr": "কাযযাবাত কাওমুলূতিম বিননুযুর।",
    "bn_haque": "লুত-এর লোকদলও সতর্কীকরণ প্রত্যাখ্যান করেছিল।",
    "bn_muhi": "লূত-সম্প্রদায় সতর্ককারীদের প্রতি মিথ্যারোপ করেছিল।",
    "en": "The people of Lot denied the warning."
  },
  {
    "id": 34,
    "ar": "إِنَّآ أَرْسَلْنَا عَلَيْهِمْ حَاصِبًا إِلَّآ ءَالَ لُوطٍ نَّجَّيْنَٰهُم بِسَحَرٍ",
    "tr": "ইন্নাআরছালনা-‘আলাইহিম হা-সিবান ইল্লাআ-লা লূতিন নাজ্জাইনা-হুম বিছাহার।",
    "bn_haque": "নিঃসন্দেহ আমরা তাদের উপরে পাঠিয়েছিলাম এক পাথর বর্ষণকারী ঝড়, -- লুত-এর পরিজনদের ব্যতীত, আমরা তাদের উদ্ধার করেছিলাম শেষরাতে --",
    "bn_muhi": "আমি তাদের প্রতি প্রেরণ করেছিলাম প্রস্তর বর্ষণকারী প্রচন্ড ঘূর্ণিবায়ু; কিন্তু লূত পরিবারের উপর নয়। আমি তাদেরকে রাতের শেষপ্রহরে উদ্ধার করেছিলাম।",
    "en": "Indeed, We sent upon them a storm of stones, except the family of Lot - We saved them before dawn"
  },
  {
    "id": 35,
    "ar": "نِّعْمَةً مِّنْ عِندِنَا كَذَٰلِكَ نَجْزِى مَن شَكَرَ",
    "tr": "নি‘মাতাম মিন ‘ইনদিনা- কাযা-লিকা নাজঝী মান শাকার।",
    "bn_haque": "আমাদের তরফ থেকে এক অনুগ্রহ। এইভাবেই আমরা পুরস্কার দিই যে কৃতজ্ঞতা দেখায় তাকে।",
    "bn_muhi": "আমার পক্ষ থেকে অনুগ্রহ স্বরূপ। যারা কৃতজ্ঞতা স্বীকার করে, আমি তাদেরকে এভাবে পুরস্কৃত করে থকি।",
    "en": "As favor from us. Thus do We reward he who is grateful."
  },
  {
    "id": 36,
    "ar": "وَلَقَدْ أَنذَرَهُم بَطْشَتَنَا فَتَمَارَوْا۟ بِٱلنُّذُرِ",
    "tr": "ওয়ালা-কাদ আনযারাহুম বাতশাতানা-ফাতামা-রাও বিননুযুর।",
    "bn_haque": "আর তিনি তো ইতিপূর্বেই তাদের সতর্ক করে দিয়েছিলেন আমাদের ভীষণভাবে পাকড়ানো সম্পর্কে, কিন্তু তারা আমার সতর্কীকরণ সন্বন্ধে কথা-কাটাকাটি করছিল।",
    "bn_muhi": "লূত (আঃ) তাদেরকে আমার প্রচন্ড পাকড়াও সম্পর্কে সতর্ক করেছিল। অতঃপর তারা সতর্কবাণী সম্পর্কে বাকবিতন্ডা করেছিল।",
    "en": "And he had already warned them of Our assault, but they disputed the warning."
  },
  {
    "id": 37,
    "ar": "وَلَقَدْ رَٰوَدُوهُ عَن ضَيْفِهِۦ فَطَمَسْنَآ أَعْيُنَهُمْ فَذُوقُوا۟ عَذَابِى وَنُذُرِ",
    "tr": "ওয়া লাকাদ রা-ওয়াদূহু‘আনদাইফিহী ফাতামাছনাআ‘ইউনাহুম ফাযূকূ‘আযা-বী ওয়া নুযুর।",
    "bn_haque": "আর তারা অবশ্য তাঁর কাছ থেকে তাঁর অতিথিদের চেয়েছিল, তখন আমরা তাদের চোখগুলোকে শেষ করে দিয়েছিলাম, \"অতএব আমার শাস্তি আস্বাদন কর আমার সতর্কীকরণের পরে।\"",
    "bn_muhi": "তারা লূতের (আঃ) কাছে তার মেহমানদেরকে দাবী করেছিল। তখন আমি তাদের চক্ষু লোপ করে দিলাম। অতএব, আস্বাদন কর আমার শাস্তি ও সতর্কবাণী।",
    "en": "And they had demanded from him his guests, but We obliterated their eyes, [saying], \"Taste My punishment and warning.\""
  },
  {
    "id": 38,
    "ar": "وَلَقَدْ صَبَّحَهُم بُكْرَةً عَذَابٌ مُّسْتَقِرٌّ",
    "tr": "ওয়া লাকাদ সাব্বাহাহুম বুকরাতান ‘আযা-বুমমুছতাকির।",
    "bn_haque": "আর অবশ্য নির্ধারিত শাস্তি ভোরবেলাতে তাদের উপরে পড়েছিল।",
    "bn_muhi": "তাদেরকে প্রত্যুষে নির্ধারিত শাস্তি আঘাত হেনেছিল।",
    "en": "And there came upon them by morning an abiding punishment."
  },
  {
    "id": 39,
    "ar": "فَذُوقُوا۟ عَذَابِى وَنُذُرِ",
    "tr": "ফাযূকূ‘আযা-বী ওয়ানুযুর।",
    "bn_haque": "আমার শাস্তি এখন আস্বাদন কর আমার সতর্কীকরণের পরে?",
    "bn_muhi": "অতএব, আমার শাস্তি ও সতর্কবাণী আস্বাদন কর।",
    "en": "So taste My punishment and warning."
  },
  {
    "id": 40,
    "ar": "وَلَقَدْ يَسَّرْنَا ٱلْقُرْءَانَ لِلذِّكْرِ فَهَلْ مِن مُّدَّكِرٍ",
    "tr": "ওয়ালাকাদ ইয়াছছারনাল কুরআ-না লিযযি করি ফাহাল মিমমুদ্দাকির।",
    "bn_haque": "আর আমরা তো নিশ্চয়ই কুরআনকে উপদেশ গ্রহণের জন্য সহজবোধ্য করে দিয়েইছি, কিন্তু কে আছে যে উপদেশপ্রাপ্তদের মধ্যেকার?",
    "bn_muhi": "আমি কোরআনকে বোঝবার জন্যে সহজ করে দিয়েছি। অতএব, কোন চিন্তাশীল আছে কি?",
    "en": "And We have certainly made the Qur'an easy for remembrance, so is there any who will remember?"
  },
  {
    "id": 41,
    "ar": "وَلَقَدْ جَآءَ ءَالَ فِرْعَوْنَ ٱلنُّذُرُ",
    "tr": "ওয়া লাকাদ জাআ আ-লা ফির‘আওনাননুযুর।",
    "bn_haque": "আর অবশ্য ফিরআউনের লোকদের কাছে সতর্কীকরণ এসেছিল।",
    "bn_muhi": "ফেরাউন সম্প্রদায়ের কাছেও সতর্ককারীগণ আগমন করেছিল।",
    "en": "And there certainly came to the people of Pharaoh warning."
  },
  {
    "id": 42,
    "ar": "كَذَّبُوا۟ بِـَٔايَٰتِنَا كُلِّهَا فَأَخَذْنَٰهُمْ أَخْذَ عَزِيزٍ مُّقْتَدِرٍ",
    "tr": "কাযযাবূবিআ-য়া-তিনা-কুল্লিহা-ফাআখযনা -হুম আখযা ‘আঝীঝিমমুকতাদির।",
    "bn_haque": "তারা আমাদের নিদর্শনসমূহ -- তাদের সবক’টি, প্রত্যাখ্যান করেছিল, সেজন্য আমরা তাদের পাকড়াও করেছিলাম মহাশক্তিশালী পরমক্ষমতাবানের পাকড়ানোর দ্বারা।",
    "bn_muhi": "তারা আমার সকল নিদর্শনের প্রতি মিথ্যারোপ করেছিল। অতঃপর আমি পরাভূতকারী, পরাক্রমশালীর ন্যায় তাদেরকে পাকড়াও করলাম।",
    "en": "They denied Our signs, all of them, so We seized them with a seizure of one Exalted in Might and Perfect in Ability."
  },
  {
    "id": 43,
    "ar": "أَكُفَّارُكُمْ خَيْرٌ مِّنْ أُو۟لَٰٓئِكُمْ أَمْ لَكُم بَرَآءَةٌ فِى ٱلزُّبُرِ",
    "tr": "আকুফফা-রুকুম খাইরুম মিন উলাইকুম আম লাকুম বারাআতুন ফিঝঝুবুর।",
    "bn_haque": "তোমাদের অবিশ্বাসীরা কি এদের চাইতে ভাল, না তোমাদের জন্য অব্যাহতি রয়েছে ধর্মগ্রন্থের মধ্যে?",
    "bn_muhi": "তোমাদের মধ্যকার কাফেররা কি তাদের চাইতে শ্রেষ্ঠ ? না তোমাদের মুক্তির সনদপত্র রয়েছে কিতাবসমূহে?",
    "en": "Are your disbelievers better than those [former ones], or have you immunity in the scripture?"
  },
  {
    "id": 44,
    "ar": "أَمْ يَقُولُونَ نَحْنُ جَمِيعٌ مُّنتَصِرٌ",
    "tr": "আম ইয়াকূলূনা নাহনুজামী‘উমমুনতাসির।",
    "bn_haque": "অথবা তারা কি বলে -- \"আমরা পরস্পরের সাহায্যকারী আস্ত একটা দল\"?",
    "bn_muhi": "না তারা বলে যে, আমারা এক অপরাজেয় দল?",
    "en": "Or do they say, \"We are an assembly supporting [each other]\"?"
  },
  {
    "id": 45,
    "ar": "سَيُهْزَمُ ٱلْجَمْعُ وَيُوَلُّونَ ٱلدُّبُرَ",
    "tr": "ছাইউহঝামুল জাম‘উ ওয়া ইউওয়াললূনাদ্দুবুর।",
    "bn_haque": "শীঘ্রই এ লোকদল বিধবস্ত হবে এবং পৃস্প্রদর্শন করে ফিরে যাবে।",
    "bn_muhi": "এ দল তো সত্ত্বরই পরাজিত হবে এবং পৃষ্ঠপ্রদর্শন করবে।",
    "en": "[Their] assembly will be defeated, and they will turn their backs [in retreat]."
  },
  {
    "id": 46,
    "ar": "بَلِ ٱلسَّاعَةُ مَوْعِدُهُمْ وَٱلسَّاعَةُ أَدْهَىٰ وَأَمَرُّ",
    "tr": "বালিছ ছা-‘আতুমাও‘ইদুহুম ওয়াছছা-‘আতুআদহা-ওয়া আমার।",
    "bn_haque": "বস্তুত ঘড়িঘন্টাই তাদের নির্ধারিত স্থানকাল, আর সেই ঘড়িঘন্টা হবে অতি কঠোর ও বড় তিক্ত।",
    "bn_muhi": "বরং কেয়ামত তাদের প্রতিশ্রুত সময় এবং কেয়ামত ঘোরতর বিপদ ও তিক্ততর।",
    "en": "But the Hour is their appointment [for due punishment], and the Hour is more disastrous and more bitter."
  },
  {
    "id": 47,
    "ar": "إِنَّ ٱلْمُجْرِمِينَ فِى ضَلَٰلٍ وَسُعُرٍ",
    "tr": "ইন্নাল মুজরিমীনা ফী দালা-লিওঁ ওয়াছু‘উর।",
    "bn_haque": "নিঃসন্দেহ অপরাধীরা বিভ্রান্ত ও বিকারগ্রস্ত হবে।",
    "bn_muhi": "নিশ্চয় অপরাধীরা পথভ্রষ্ট ও বিকারগ্রস্ত।",
    "en": "Indeed, the criminals are in error and madness."
  },
  {
    "id": 48,
    "ar": "يَوْمَ يُسْحَبُونَ فِى ٱلنَّارِ عَلَىٰ وُجُوهِهِمْ ذُوقُوا۟ مَسَّ سَقَرَ",
    "tr": "ইয়াওমা ইউছহাবূনা ফিন্না-রি ‘আলা-উজূহিহিম যূকূমাছছা ছাকার।",
    "bn_haque": "সেই দিন তাদের মুখ হেচঁড়ে তাদের টেনে নিয়ে যাওয়া হবে আগুনের মধ্যে -- \"জ্বালাময় আগুনের স্পর্শ আস্বাদন করো!\"",
    "bn_muhi": "যেদিন তাদেরকে মুখ হিঁচড়ে টেনে নেয়া হবে জাহান্নামে, বলা হবেঃ অগ্নির খাদ্য আস্বাদন কর।",
    "en": "The Day they are dragged into the Fire on their faces [it will be said], \"Taste the touch of Saqar.\""
  },
  {
    "id": 49,
    "ar": "إِنَّا كُلَّ شَىْءٍ خَلَقْنَٰهُ بِقَدَرٍ",
    "tr": "ইন্না-কুল্লা শাইয়িন খালাকনা-হু বিকাদার।",
    "bn_haque": "নিঃসন্দেহ প্রত্যেকটি জিনিস -- আমরা এটি সৃষ্টি করেছি পরিমাপ অনুসারে।",
    "bn_muhi": "আমি প্রত্যেক বস্তুকে পরিমিতরূপে সৃষ্টি করেছি।",
    "en": "Indeed, all things We created with predestination."
  },
  {
    "id": 50,
    "ar": "وَمَآ أَمْرُنَآ إِلَّا وَٰحِدَةٌ كَلَمْحٍۭ بِٱلْبَصَرِ",
    "tr": "ওয়ামাআমরুনাইল্লা-ওয়া-হিদাতুন কালাম হিম বিলবাসার।",
    "bn_haque": "আর আমাদের আদেশ একবার বৈ তো নয়, চোখের পলকের ন্যায়।",
    "bn_muhi": "আমার কাজ তো এক মুহূর্তে চোখের পলকের মত।",
    "en": "And Our command is but one, like a glance of the eye."
  },
  {
    "id": 51,
    "ar": "وَلَقَدْ أَهْلَكْنَآ أَشْيَاعَكُمْ فَهَلْ مِن مُّدَّكِرٍ",
    "tr": "ওয়া লাকাদ আহলাকনাআশইয়া-‘আকুম ফাহাল মিমমুদ্দাকির।",
    "bn_haque": "আর আমরা তো তোমাদের সেঙাৎদের ধ্বংস করে দিয়েছিলাম, কিন্তু কেউ কি রয়েছে উপদেশপ্রাপ্তদের মধ্যেকার?",
    "bn_muhi": "আমি তোমাদের সমমনা লোকদেরকে ধ্বংস করেছি, অতএব, কোন চিন্তাশীল আছে কি?",
    "en": "And We have already destroyed your kinds, so is there any who will remember?"
  },
  {
    "id": 52,
    "ar": "وَكُلُّ شَىْءٍ فَعَلُوهُ فِى ٱلزُّبُرِ",
    "tr": "ওয়া কুল্লুশাইয়িন ফা‘আলূহু ফিঝ ঝুবুর।",
    "bn_haque": "আর তারা যা করেছে তার সব-কিছুই নথিপত্রে রয়েছে।",
    "bn_muhi": "তারা যা কিছু করেছে, সবই আমলনামায় লিপিবদ্ধ আছে।",
    "en": "And everything they did is in written records."
  },
  {
    "id": 53,
    "ar": "وَكُلُّ صَغِيرٍ وَكَبِيرٍ مُّسْتَطَرٌ",
    "tr": "ওয়া কুল্লুসাগীরিওঁ ওয়া কাবীরিমমুছতাতার।",
    "bn_haque": "আর ছোট ও বড় প্রত্যেকটি বিষয় লিপিবদ্ধ আছে।",
    "bn_muhi": "ছোট ও বড় সবই লিপিবদ্ধ।",
    "en": "And every small and great [thing] is inscribed."
  },
  {
    "id": 54,
    "ar": "إِنَّ ٱلْمُتَّقِينَ فِى جَنَّٰتٍ وَنَهَرٍ",
    "tr": "ইন্নাল মুত্তাকীনা ফী জান্না-তিওঁ ওয়া নাহার।",
    "bn_haque": "ধর্মভীরুরা অবশ্যই থাকবে ঝরনাবেষ্টিত জান্নাতে --",
    "bn_muhi": "খোদাভীরুরা থাকবে জান্নাতে ও নির্ঝরিণীতে।",
    "en": "Indeed, the righteous will be among gardens and rivers,"
  },
  {
    "id": 55,
    "ar": "فِى مَقْعَدِ صِدْقٍ عِندَ مَلِيكٍ مُّقْتَدِرٍۭ",
    "tr": "ফী মাক‘আদি সিদকিন ‘ইনদা মালীকিমমুকতাদির।",
    "bn_haque": "সত্যের আসনে সর্বশক্তিমান রাজাধিরাজের সমক্ষে!",
    "bn_muhi": "যোগ্য আসনে, সর্বাধিপতি সম্রাটের সান্নিধ্যে।",
    "en": "In a seat of honor near a Sovereign, Perfect in Ability."
  }
]