[
  {
    "id": 1,
    "ar": "إِنَّآ أَعْطَيْنَٰكَ ٱلْكَوْثَرَ",
    "tr": "ইন্নাআ‘তাইনা-কাল কাওছার।",
    "bn_haque": "নিঃসন্দেহ আমরা তোমাকে প্রাচুর্য দিয়েছি।",
    "bn_muhi": "নিশ্চয় আমি আপনাকে কাওসার দান করেছি।",
    "en": "Indeed, We have granted you, [O Muhammad], al-Kawthar."
  },
  {
    "id": 2,
    "ar": "فَصَلِّ لِرَبِّكَ وَٱنْحَرْ",
    "tr": "ফাসালিল লিরাব্বিকা ওয়ানহার।",
    "bn_haque": "সুতরাং তোমার প্রভুর উদ্দেশ্যে নামায আদায় করো এবং কুরবানি করো।",
    "bn_muhi": "অতএব আপনার পালনকর্তার উদ্দেশ্যে নামায পড়ুন এবং কোরবানী করুন।",
    "en": "So pray to your Lord and sacrifice [to Him alone]."
  },
  {
    "id": 3,
    "ar": "إِنَّ شَانِئَكَ هُوَ ٱلْأَبْتَرُ",
    "tr": "ইন্না শা-নিআকা হুওয়াল আবতার।",
    "bn_haque": "তোমার বিদ্বেষকারীই তো স্বয়ং বঞ্চিত।",
    "bn_muhi": "যে আপনার শত্রু, সেই তো লেজকাটা, নির্বংশ।",
    "en": "Indeed, your enemy is the one cut off."
  }
]