[
  {
    "id": 1,
    "ar": "لَآ أُقْسِمُ بِيَوْمِ ٱلْقِيَٰمَةِ",
    "tr": "লাউকছিমুবিইয়াওমিল কিয়া-মাহ ।",
    "bn_haque": "না, আমি শপথ করছি কিয়ামতের দিনের।",
    "bn_muhi": "আমি শপথ করি কেয়ামত দিবসের,",
    "en": "I swear by the Day of Resurrection"
  },
  {
    "id": 2,
    "ar": "وَلَآ أُقْسِمُ بِٱلنَّفْسِ ٱللَّوَّامَةِ",
    "tr": "ওয়ালাউকছিমুবিন্নাফছিল লাওওয়া-মাহ।",
    "bn_haque": "আর না, আমি শপথ করছি আ‌ত্মসমালোচনাপরায়ণ আ‌ত্মার।",
    "bn_muhi": "আরও শপথ করি সেই মনের, যে নিজেকে ধিক্কার দেয়-",
    "en": "And I swear by the reproaching soul [to the certainty of resurrection]."
  },
  {
    "id": 3,
    "ar": "أَيَحْسَبُ ٱلْإِنسَٰنُ أَلَّن نَّجْمَعَ عِظَامَهُۥ",
    "tr": "আ ইয়াহছাবুল ইনছা-নুআল্লান নাজমা‘আ ‘ইজা-মাহ।",
    "bn_haque": "মানুষ কি মনে করে যে আমরা কখনো তার হাড়গোড় একত্রিত করব না?",
    "bn_muhi": "মানুষ কি মনে করে যে আমি তার অস্থিসমূহ একত্রিত করব না?",
    "en": "Does man think that We will not assemble his bones?"
  },
  {
    "id": 4,
    "ar": "بَلَىٰ قَٰدِرِينَ عَلَىٰٓ أَن نُّسَوِّىَ بَنَانَهُۥ",
    "tr": "বালা-কা-দিরীনা ‘আলাআন নুছাওবিয়া বানা-নাহ।",
    "bn_haque": "হাঁ, আমরা তার আঙুলগুলো পর্যন্ত পুনর্বিন্যস্ত করতে সক্ষম।",
    "bn_muhi": "পরন্ত আমি তার অংগুলিগুলো পর্যন্ত সঠিকভাবে সন্নিবেশিত করতে সক্ষম।",
    "en": "Yes. [We are] Able [even] to proportion his fingertips."
  },
  {
    "id": 5,
    "ar": "بَلْ يُرِيدُ ٱلْإِنسَٰنُ لِيَفْجُرَ أَمَامَهُۥ",
    "tr": "বাল ইউরীদুল ইনছা-নুলিইয়াফজুরা আমা-মাহ।",
    "bn_haque": "তবুও মানুষ চায় যা তার সামনে রয়েছে তা অস্বীকার করতে।",
    "bn_muhi": "বরং মানুষ তার ভবিষ্যত জীবনেও ধৃষ্টতা করতে চায়",
    "en": "But man desires to continue in sin."
  },
  {
    "id": 6,
    "ar": "يَسْـَٔلُ أَيَّانَ يَوْمُ ٱلْقِيَٰمَةِ",
    "tr": "ইয়াছআলুআইইয়া-না ইয়াওমুল কিয়া-মাহ।",
    "bn_haque": "সে প্রশ্ন করে -- \"কখন কিয়ামতের দিন আসবে?\"",
    "bn_muhi": "সে প্রশ্ন করে-কেয়ামত দিবস কবে?",
    "en": "He asks, \"When is the Day of Resurrection?\""
  },
  {
    "id": 7,
    "ar": "فَإِذَا بَرِقَ ٱلْبَصَرُ",
    "tr": "ফাইযা-বারিকাল বাসার।",
    "bn_haque": "কিন্ত যখন দৃষ্টি দিশাহারা হয়ে যাবে,",
    "bn_muhi": "যখন দৃষ্টি চমকে যাবে,",
    "en": "So when vision is dazzled"
  },
  {
    "id": 8,
    "ar": "وَخَسَفَ ٱلْقَمَرُ",
    "tr": "ওয়া খাছাফাল কামার।",
    "bn_haque": "আর চন্দ্র হবে অন্ধকারাচ্ছন্ন,",
    "bn_muhi": "চন্দ্র জ্যোতিহীন হয়ে যাবে।",
    "en": "And the moon darkens"
  },
  {
    "id": 9,
    "ar": "وَجُمِعَ ٱلشَّمْسُ وَٱلْقَمَرُ",
    "tr": "ওয়া জুমি‘আশশামছুওয়াল কামার।",
    "bn_haque": "আর সূর্য ও চন্দ্রকে একত্রিত করা হবে,",
    "bn_muhi": "এবং সূর্য ও চন্দ্রকে একত্রিত করা হবে-",
    "en": "And the sun and the moon are joined,"
  },
  {
    "id": 10,
    "ar": "يَقُولُ ٱلْإِنسَٰنُ يَوْمَئِذٍ أَيْنَ ٱلْمَفَرُّ",
    "tr": "ইয়াকূ লুল ইনছা-নুইয়াওমাইযিন আইনাল মাফার।",
    "bn_haque": "মানুষ সেইদিন বলবে -- \"কোথায় পালানোর স্থান?\"",
    "bn_muhi": "সে দিন মানুষ বলবেঃ পলায়নের জায়গা কোথায় ?",
    "en": "Man will say on that Day, \"Where is the [place of] escape?\""
  },
  {
    "id": 11,
    "ar": "كَلَّا لَا وَزَرَ",
    "tr": "কাল্লা-লা- ওয়াঝার।",
    "bn_haque": "কিছুতেই না, কোনো আশ্রয়স্থল নেই।",
    "bn_muhi": "না কোথাও আশ্রয়স্থল নেই।",
    "en": "No! There is no refuge."
  },
  {
    "id": 12,
    "ar": "إِلَىٰ رَبِّكَ يَوْمَئِذٍ ٱلْمُسْتَقَرُّ",
    "tr": "ইলা-রাব্বিকা ইয়াওমাইযিনিল মুছতাকার।",
    "bn_haque": "সেদিন ঠাই হবে কেবল তোমার প্রভুর নিকটেই।",
    "bn_muhi": "আপনার পালনকর্তার কাছেই সেদিন ঠাঁই হবে।",
    "en": "To your Lord, that Day, is the [place of] permanence."
  },
  {
    "id": 13,
    "ar": "يُنَبَّؤُا۟ ٱلْإِنسَٰنُ يَوْمَئِذٍۭ بِمَا قَدَّمَ وَأَخَّرَ",
    "tr": "ইউনাব্বাউল ইনছা-নুইয়াওমাইযিম বিমা-কাদ্দামা ওয়া আখখার।",
    "bn_haque": "মানুষকে সেইদিন জানানো হবে কী সে আগবাড়িয়েছে এবং সে ফেলে রেখেছে।",
    "bn_muhi": "সেদিন মানুষকে অবহিত করা হবে সে যা সামনে প্রেরণ করেছে ও পশ্চাতে ছেড়ে দিয়েছে।",
    "en": "Man will be informed that Day of what he sent ahead and kept back."
  },
  {
    "id": 14,
    "ar": "بَلِ ٱلْإِنسَٰنُ عَلَىٰ نَفْسِهِۦ بَصِيرَةٌ",
    "tr": "বালিল ইনছা-নু‘আলা- নাফছিহী বাসীরাহ।",
    "bn_haque": "বস্তুত মানুষ তার নিজের সত্ত্বা সন্বন্ধে চক্ষুষ্মান,",
    "bn_muhi": "বরং মানুষ নিজেই তার নিজের সম্পর্কে চক্ষুমান।",
    "en": "Rather, man, against himself, will be a witness,"
  },
  {
    "id": 15,
    "ar": "وَلَوْ أَلْقَىٰ مَعَاذِيرَهُۥ",
    "tr": "ওয়া লাও আলকা- মা‘আ-যীরাহ।",
    "bn_haque": "যদিও সে তার অজুহাত দেখায়।",
    "bn_muhi": "যদিও সে তার অজুহাত পেশ করতে চাইবে।",
    "en": "Even if he presents his excuses."
  },
  {
    "id": 16,
    "ar": "لَا تُحَرِّكْ بِهِۦ لِسَانَكَ لِتَعْجَلَ بِهِۦٓ",
    "tr": "লা-তুহাররিক বিহী লিছা-নাকা লিতা‘জালা বিহ।",
    "bn_haque": "এর দ্বারা তোমার জিহবা নাড়াচাড়া করো না একে ত্বরান্বিত করতে।",
    "bn_muhi": "তাড়াতাড়ি শিখে নেয়ার জন্যে আপনি দ্রুত ওহী আবৃত্তি করবেন না।",
    "en": "Move not your tongue with it, [O Muhammad], to hasten with recitation of the Qur'an."
  },
  {
    "id": 17,
    "ar": "إِنَّ عَلَيْنَا جَمْعَهُۥ وَقُرْءَانَهُۥ",
    "tr": "ইন্না ‘আলাইনা-জাম‘আহূওয়া কুরআ-নাহ ।",
    "bn_haque": "নিঃসন্দেহ আমাদের উপরেই রয়েছে এর সংগ্রহের ও এর পাঠ করানোর দায়িত্ব।",
    "bn_muhi": "এর সংরক্ষণ ও পাঠ আমারই দায়িত্ব।",
    "en": "Indeed, upon Us is its collection [in your heart] and [to make possible] its recitation."
  },
  {
    "id": 18,
    "ar": "فَإِذَا قَرَأْنَٰهُ فَٱتَّبِعْ قُرْءَانَهُۥ",
    "tr": "ফাইযা- কারা’না-হু ফাত্তাবি‘ কুরআ-নাহ।",
    "bn_haque": "সুতরাং যখন আমরা তা পাঠ করি তখন তুমি তার পঠন অনুসরণ করো,",
    "bn_muhi": "অতঃপর আমি যখন তা পাঠ করি, তখন আপনি সেই পাঠের অনুসরণ করুন।",
    "en": "So when We have recited it [through Gabriel], then follow its recitation."
  },
  {
    "id": 19,
    "ar": "ثُمَّ إِنَّ عَلَيْنَا بَيَانَهُۥ",
    "tr": "ছু ম্মা ইন্না ‘আলাইনা-বায়া-নাহ।",
    "bn_haque": "তারপর নিশ্চয় আমাদেরই উপরে রয়েছে এর ব্যাখ্যাকরণ।",
    "bn_muhi": "এরপর বিশদ বর্ণনা আমারই দায়িত্ব।",
    "en": "Then upon Us is its clarification [to you]."
  },
  {
    "id": 20,
    "ar": "كَلَّا بَلْ تُحِبُّونَ ٱلْعَاجِلَةَ",
    "tr": "কাল্লা-বাল তুহিববূনাল ‘আ-জিলাহ।",
    "bn_haque": "না, তোমরা কিন্তু ভালবাস ক্ষণস্থায়ী,",
    "bn_muhi": "কখনও না, বরং তোমরা পার্থিব জীবনকে ভালবাস",
    "en": "No! But you love the immediate"
  },
  {
    "id": 21,
    "ar": "وَتَذَرُونَ ٱلْءَاخِرَةَ",
    "tr": "ওয়া তাযারূনাল আ-খিরাহ।",
    "bn_haque": "আর অবহেলা কর পরকালকে।",
    "bn_muhi": "এবং পরকালকে উপেক্ষা কর।",
    "en": "And leave the Hereafter."
  },
  {
    "id": 22,
    "ar": "وُجُوهٌ يَوْمَئِذٍ نَّاضِرَةٌ",
    "tr": "উজূহুইঁ ইয়াওমাইযিন না- দিরাহ।",
    "bn_haque": "সেদিন কতকগুলো মুখ হবে উজ্জ্বল, --",
    "bn_muhi": "সেদিন অনেক মুখমন্ডল উজ্জ্বল হবে।",
    "en": "[Some] faces, that Day, will be radiant,"
  },
  {
    "id": 23,
    "ar": "إِلَىٰ رَبِّهَا نَاظِرَةٌ",
    "tr": "ইলা-রাব্বিহা-না-জিরাহ।",
    "bn_haque": "তাদের প্রভুর দিকে চেয়ে থাকবে,",
    "bn_muhi": "তারা তার পালনকর্তার দিকে তাকিয়ে থাকবে।",
    "en": "Looking at their Lord."
  },
  {
    "id": 24,
    "ar": "وَوُجُوهٌ يَوْمَئِذٍۭ بَاسِرَةٌ",
    "tr": "ওয়া উজূহুইঁ ইয়াওমাইযিম বা-ছিরাহ।",
    "bn_haque": "আর কতকগুলো মুখ সেইদিন বিবর্ণ হয়ে যাবে, --",
    "bn_muhi": "আর অনেক মুখমন্ডল সেদিন উদাস হয়ে পড়বে।",
    "en": "And [some] faces, that Day, will be contorted,"
  },
  {
    "id": 25,
    "ar": "تَظُنُّ أَن يُفْعَلَ بِهَا فَاقِرَةٌ",
    "tr": "তাজুন্নুআইঁ ইউফ‘আলা বিহা-ফা-কিরাহ।",
    "bn_haque": "এই ভেবে যে কোনো বিধ্বংসী বিপর্যয় তাদের উপরে পড়তে যাচ্ছে।",
    "bn_muhi": "তারা ধারণা করবে যে, তাদের সাথে কোমর-ভাঙ্গা আচরণ করা হবে।",
    "en": "Expecting that there will be done to them [something] backbreaking."
  },
  {
    "id": 26,
    "ar": "كَلَّآ إِذَا بَلَغَتِ ٱلتَّرَاقِىَ",
    "tr": "কাল্লাইযা-বালাগাতিত্তারা-কী।",
    "bn_haque": "না, যখন এটি গলায় এসে পৌঁছুবে,",
    "bn_muhi": "কখনও না, যখন প্রাণ কন্ঠাগত হবে।",
    "en": "No! When the soul has reached the collar bones"
  },
  {
    "id": 27,
    "ar": "وَقِيلَ مَنْ رَاقٍ",
    "tr": "ওয়া কীলা মান রা-ক।",
    "bn_haque": "এবং বলা হবে -- \"কে সেই জাদুকর?\"",
    "bn_muhi": "এবং বলা হবে, কে ঝাড়বে",
    "en": "And it is said, \"Who will cure [him]?\""
  },
  {
    "id": 28,
    "ar": "وَظَنَّ أَنَّهُ ٱلْفِرَاقُ",
    "tr": "ওয়া জান্না আন্নাহুল ফিরা-ক।",
    "bn_haque": "আর সে বুঝতে পারে যে, এ হচ্ছে বিদায় বেলা,",
    "bn_muhi": "এবং সে মনে করবে যে, বিদায়ের ক্ষণ এসে গেছে।",
    "en": "And the dying one is certain that it is the [time of] separation"
  },
  {
    "id": 29,
    "ar": "وَٱلْتَفَّتِ ٱلسَّاقُ بِٱلسَّاقِ",
    "tr": "ওয়াল তাফফাতিছছা-কুবিছছা-ক।",
    "bn_haque": "এবং এক পায়ের হাড় অন্য পায়ের হাড়ে ঠোকর খেতে থাকবে,",
    "bn_muhi": "এবং গোছা গোছার সাথে জড়িত হয়ে যাবে।",
    "en": "And the leg is wound about the leg,"
  },
  {
    "id": 30,
    "ar": "إِلَىٰ رَبِّكَ يَوْمَئِذٍ ٱلْمَسَاقُ",
    "tr": "ইলা-রাব্বিকা ইয়াওমাইযিনিল মাছা-ক।",
    "bn_haque": "তোমার প্রভুর দিকেই সেইদিন হবে চালিয়ে নেওয়া।",
    "bn_muhi": "সেদিন, আপনার পালনকর্তার নিকট সবকিছু নীত হবে।",
    "en": "To your Lord, that Day, will be the procession."
  },
  {
    "id": 31,
    "ar": "فَلَا صَدَّقَ وَلَا صَلَّىٰ",
    "tr": "ফালা- সাদ্দাকা ওয়ালা- সাল্লা- ।",
    "bn_haque": "সে তো সত্যনিষ্ঠ ছিল না, আর নামাযও পড়ে নি,",
    "bn_muhi": "সে বিশ্বাস করেনি এবং নামায পড়েনি;",
    "en": "And the disbeliever had not believed, nor had he prayed."
  },
  {
    "id": 32,
    "ar": "وَلَٰكِن كَذَّبَ وَتَوَلَّىٰ",
    "tr": "ওয়া লা- কিন কাযযাবা ওয়া তাওয়াল্লা- ।",
    "bn_haque": "বরং সে সত্যপ্রত্যাখ্যান করেছিল এবং ফিরে এসেছিল,",
    "bn_muhi": "পরন্ত মিথ্যারোপ করেছে ও পৃষ্ঠ প্রদর্শন করেছে।",
    "en": "But [instead], he denied and turned away."
  },
  {
    "id": 33,
    "ar": "ثُمَّ ذَهَبَ إِلَىٰٓ أَهْلِهِۦ يَتَمَطَّىٰٓ",
    "tr": "ছু ম্মা যাহাবা ইলাআহলিহী ইয়াতামাত্তা- ।",
    "bn_haque": "তারপর সে তার স্বজনগণের কাছে গিয়েছিল গর্ব করতে করতে।",
    "bn_muhi": "অতঃপর সে দম্ভভরে পরিবার-পরিজনের নিকট ফিরে গিয়েছে।",
    "en": "And then he went to his people, swaggering [in pride]."
  },
  {
    "id": 34,
    "ar": "أَوْلَىٰ لَكَ فَأَوْلَىٰ",
    "tr": "আওলা-লাকা ফাআওলা- ।",
    "bn_haque": "\"তুমি নিপাত যাও! তবে নিপাত যাও!",
    "bn_muhi": "তোমার দুর্ভোগের উপর দুর্ভোগ।",
    "en": "Woe to you, and woe!"
  },
  {
    "id": 35,
    "ar": "ثُمَّ أَوْلَىٰ لَكَ فَأَوْلَىٰٓ",
    "tr": "ছু ম্মা আওলা- লাকা ফাআওলা- ।",
    "bn_haque": "আবার তুমি নিপাত যাও, ফলে নিপাত যাও!",
    "bn_muhi": "অতঃপর, তোমার দুর্ভোগের উপর দূর্ভোগ।",
    "en": "Then woe to you, and woe!"
  },
  {
    "id": 36,
    "ar": "أَيَحْسَبُ ٱلْإِنسَٰنُ أَن يُتْرَكَ سُدًى",
    "tr": "আ ইয়াহছাবুল ইনছা-নুআইঁ ইউতরাকা ছুদা- ।",
    "bn_haque": "মানুষ কি ভাবে যে তাকে ছেড়ে দেয়া হবে বাঁধনছাড়াভাবে?",
    "bn_muhi": "মানুষ কি মনে করে যে, তাকে এমনি ছেড়ে দেয়া হবে?",
    "en": "Does man think that he will be left neglected?"
  },
  {
    "id": 37,
    "ar": "أَلَمْ يَكُ نُطْفَةً مِّن مَّنِىٍّ يُمْنَىٰ",
    "tr": "আলাম ইয়াকুনুতফাতাম মিম মানিইয়িইঁ ইউমনা- ।",
    "bn_haque": "সে কি ছিল না এক শুক্রকীট এক সবেগে নির্গত স্খলনের মধ্যেকার?",
    "bn_muhi": "সে কি স্খলিত বীর্য ছিল না?",
    "en": "Had he not been a sperm from semen emitted?"
  },
  {
    "id": 38,
    "ar": "ثُمَّ كَانَ عَلَقَةً فَخَلَقَ فَسَوَّىٰ",
    "tr": "ছু ম্মা কা-না ‘আলাকাতান ফাখালাকা ফাছাওয়া-।",
    "bn_haque": "তারপর সে হলো একটি রক্তপিন্ড, তারপর তিনি আকৃতি দান করলেন ও পূর্ণাঙ্গ করলেন।",
    "bn_muhi": "অতঃপর সে ছিল রক্তপিন্ড, অতঃপর আল্লাহ তাকে সৃষ্টি করেছেন এবং সুবিন্যস্ত করেছেন।",
    "en": "Then he was a clinging clot, and [ Allah ] created [his form] and proportioned [him]"
  },
  {
    "id": 39,
    "ar": "فَجَعَلَ مِنْهُ ٱلزَّوْجَيْنِ ٱلذَّكَرَ وَٱلْأُنثَىٰٓ",
    "tr": "ফাজা‘আলা মিনহুঝঝাওজাইনিযযাকারা ওয়াল উনছা- ।",
    "bn_haque": "তারপর তিনি তা হতে সৃষ্টি করলেন তার যুগল -- পুরুষ ও নারী।",
    "bn_muhi": "অতঃপর তা থেকে সৃষ্টি করেছেন যুগল নর ও নারী।",
    "en": "And made of him two mates, the male and the female."
  },
  {
    "id": 40,
    "ar": "أَلَيْسَ ذَٰلِكَ بِقَٰدِرٍ عَلَىٰٓ أَن يُحْۦِىَ ٱلْمَوْتَىٰ",
    "tr": "আলাইছা যা- লিকা বিকা-দিরিন ‘আলাআইঁ ইউ হইয়াল মাওতা- ।",
    "bn_haque": "তবুও কি তিনি ক্ষমতাবান নন মৃতকে পুনর্জীবিত করতে?",
    "bn_muhi": "তবুও কি সেই আল্লাহ মৃতদেরকে জীবিত করতে সক্ষম নন?",
    "en": "Is not that [Creator] Able to give life to the dead?"
  }
]