[
  {
    "id": 1,
    "ar": "يَٰٓأَيُّهَا ٱلْمُدَّثِّرُ",
    "tr": "ইয়াআইয়ুহাল মুদ্দাছছির।",
    "bn_haque": "হে প্রিয় পোশাক-পরিহিত!",
    "bn_muhi": "হে চাদরাবৃত!",
    "en": "O you who covers himself [with a garment],"
  },
  {
    "id": 2,
    "ar": "قُمْ فَأَنذِرْ",
    "tr": "কুম ফাআনযির।",
    "bn_haque": "ওঠো এবং সতর্ক করো,",
    "bn_muhi": "উঠুন, সতর্ক করুন,",
    "en": "Arise and warn"
  },
  {
    "id": 3,
    "ar": "وَرَبَّكَ فَكَبِّرْ",
    "tr": "ওয়া রাব্বাকা ফাকাব্বির।",
    "bn_haque": "আর তোমার প্রভু -- মাহা‌ত্ম্য ঘোষণা করো,",
    "bn_muhi": "আপন পালনকর্তার মাহাত্ম্য ঘোষনা করুন,",
    "en": "And your Lord glorify"
  },
  {
    "id": 4,
    "ar": "وَثِيَابَكَ فَطَهِّرْ",
    "tr": "ওয়া ছিইয়া-বাকা ফাতাহহির।",
    "bn_haque": "আর তোমার পোশাক -- তবে পবিত্র করো,",
    "bn_muhi": "আপন পোশাক পবিত্র করুন",
    "en": "And your clothing purify"
  },
  {
    "id": 5,
    "ar": "وَٱلرُّجْزَ فَٱهْجُرْ",
    "tr": "ওয়াররুজঝা ফাহজুর।",
    "bn_haque": "আর কদর্যতা -- তবে পরিহার করো,",
    "bn_muhi": "এবং অপবিত্রতা থেকে দূরে থাকুন।",
    "en": "And uncleanliness avoid"
  },
  {
    "id": 6,
    "ar": "وَلَا تَمْنُن تَسْتَكْثِرُ",
    "tr": "ওয়ালা-তামনুন তাছতাকছির।",
    "bn_haque": "আর অনুগ্রহ করো না বেশি পাবার প্রত্যাশায়,",
    "bn_muhi": "অধিক প্রতিদানের আশায় অন্যকে কিছু দিবেন না।",
    "en": "And do not confer favor to acquire more"
  },
  {
    "id": 7,
    "ar": "وَلِرَبِّكَ فَٱصْبِرْ",
    "tr": "ওয়া লিরাব্বিকা ফাসবির।",
    "bn_haque": "আর তোমার প্রভুর জন্য তবে অধ্যবসায় চালিয়ে যাও।",
    "bn_muhi": "এবং আপনার পালনকর্তার উদ্দেশে সবর করুন।",
    "en": "But for your Lord be patient."
  },
  {
    "id": 8,
    "ar": "فَإِذَا نُقِرَ فِى ٱلنَّاقُورِ",
    "tr": "ফাইযা-নুকিরা ফিন্না-কূর।",
    "bn_haque": "তারপর যখন শিঙায় আওয়াজ দেওয়া হবে,",
    "bn_muhi": "যেদিন শিংগায় ফুঁক দেয়া হবে;",
    "en": "And when the trumpet is blown,"
  },
  {
    "id": 9,
    "ar": "فَذَٰلِكَ يَوْمَئِذٍ يَوْمٌ عَسِيرٌ",
    "tr": "ফাযা-লিকা ইয়াওমাইযিইঁ ইয়াওমুন ‘আছীর।",
    "bn_haque": "সেটি তবে হবে, সেই দিনটি, এক মহাসংকটের দিন --",
    "bn_muhi": "সেদিন হবে কঠিন দিন,",
    "en": "That Day will be a difficult day"
  },
  {
    "id": 10,
    "ar": "عَلَى ٱلْكَٰفِرِينَ غَيْرُ يَسِيرٍ",
    "tr": "‘আলাল কা-ফিরীনা গাইরু ইয়াছীর।",
    "bn_haque": "অবিশ্বাসীদের উপরে; আরামদায়ক নয়।",
    "bn_muhi": "কাফেরদের জন্যে এটা সহজ নয়।",
    "en": "For the disbelievers - not easy."
  },
  {
    "id": 11,
    "ar": "ذَرْنِى وَمَنْ خَلَقْتُ وَحِيدًا",
    "tr": "যারনী ওয়া মান খালাকতুওয়া হীদা- ।",
    "bn_haque": "ছেড়ে দাও আমাকে ও তাকে যাকে আমি সৃষ্টি করেছি এককভাবে,",
    "bn_muhi": "যাকে আমি অনন্য করে সৃষ্টি করেছি, তাকে আমার হাতে ছেড়ে দিন।",
    "en": "Leave Me with the one I created alone"
  },
  {
    "id": 12,
    "ar": "وَجَعَلْتُ لَهُۥ مَالًا مَّمْدُودًا",
    "tr": "ওয়া জা‘আলতুলাহূমা-লাম মামদূদা- ।",
    "bn_haque": "আর তার জন্য আমি বিপুল ধনসম্পদ দিয়েছিলাম,",
    "bn_muhi": "আমি তাকে বিপুল ধন-সম্পদ দিয়েছি।",
    "en": "And to whom I granted extensive wealth"
  },
  {
    "id": 13,
    "ar": "وَبَنِينَ شُهُودًا",
    "tr": "ওয়া বানীনা শুহূদা- ।",
    "bn_haque": "আর সন্তানসন্ততি প্রত্যক্ষ অবস্থানকারী,",
    "bn_muhi": "এবং সদা সংগী পুত্রবর্গ দিয়েছি,",
    "en": "And children present [with him]"
  },
  {
    "id": 14,
    "ar": "وَمَهَّدتُّ لَهُۥ تَمْهِيدًا",
    "tr": "ওয়া মাহহাত্তুলাহূতামহীদা-।",
    "bn_haque": "আর তার জন্য আমি সহজ করে দিয়েছিলাম স্বচ্ছন্দভাবে,",
    "bn_muhi": "এবং তাকে খুব সচ্ছলতা দিয়েছি।",
    "en": "And spread [everything] before him, easing [his life]."
  },
  {
    "id": 15,
    "ar": "ثُمَّ يَطْمَعُ أَنْ أَزِيدَ",
    "tr": "ছু ম্মা ইয়াতমা‘উ আন আঝীদা।",
    "bn_haque": "তারপরেও সে চায় যে আমি যেন আরো বাড়িয়ে দিই!",
    "bn_muhi": "এরপরও সে আশা করে যে, আমি তাকে আরও বেশী দেই।",
    "en": "Then he desires that I should add more."
  },
  {
    "id": 16,
    "ar": "كَلَّآ إِنَّهُۥ كَانَ لِءَايَٰتِنَا عَنِيدًا",
    "tr": "কাল্লা- ইন্নাহূকা-না লিআ-য়া-তিনা- ‘আনীদা- ।",
    "bn_haque": "কখনো নয়! কেননা সে আমাদের নির্দেশাবলী সন্বন্ধে ঘোর বিরুদ্ধাচারী।",
    "bn_muhi": "কখনই নয়! সে আমার নিদর্শনসমূহের বিরুদ্ধাচরণকারী।",
    "en": "No! Indeed, he has been toward Our verses obstinate."
  },
  {
    "id": 17,
    "ar": "سَأُرْهِقُهُۥ صَعُودًا",
    "tr": "ছাউরহিকু হূসা‘ঊদা- ।",
    "bn_haque": "আমি তার উপরে আনব এক ক্রমবর্ধমান আঘাত।",
    "bn_muhi": "আমি সত্ত্বরই তাকে শাস্তির পাহাড়ে আরোহণ করাব।",
    "en": "I will cover him with arduous torment."
  },
  {
    "id": 18,
    "ar": "إِنَّهُۥ فَكَّرَ وَقَدَّرَ",
    "tr": "ইন্নাহূফাক্কারা ওয়া কাদ্দার।",
    "bn_haque": "কেননা নিশ্চয় সে ভাবনাচিন্তা করল এবং মেপেজোখে দেখল।",
    "bn_muhi": "সে চিন্তা করেছে এবং মনঃস্থির করেছে,",
    "en": "Indeed, he thought and deliberated."
  },
  {
    "id": 19,
    "ar": "فَقُتِلَ كَيْفَ قَدَّرَ",
    "tr": "ফাকুতিলা কাইফা কাদ্দার,।",
    "bn_haque": "সুতরাং সে নিপাত যাক! কেমনতর সে যাচাই করেছিল!",
    "bn_muhi": "ধ্বংস হোক সে, কিরূপে সে মনঃস্থির করেছে!",
    "en": "So may he be destroyed [for] how he deliberated."
  },
  {
    "id": 20,
    "ar": "ثُمَّ قُتِلَ كَيْفَ قَدَّرَ",
    "tr": "ছু ম্মা কুতিলা কাইফা কাদ্দার।",
    "bn_haque": "পুনশ্চ সে নিপাত যাক! কেমন করে সে যাচাই করছিল!",
    "bn_muhi": "আবার ধ্বংস হোক সে, কিরূপে সে মনঃস্থির করেছে!",
    "en": "Then may he be destroyed [for] how he deliberated."
  },
  {
    "id": 21,
    "ar": "ثُمَّ نَظَرَ",
    "tr": "ছু ম্মা নাজার।",
    "bn_haque": "সে আবার তাকিয়ে দেখল,",
    "bn_muhi": "সে আবার দৃষ্টিপাত করেছে,",
    "en": "Then he considered [again];"
  },
  {
    "id": 22,
    "ar": "ثُمَّ عَبَسَ وَبَسَرَ",
    "tr": "ছু ম্মা ‘আবাছা ওয়া বাছার।",
    "bn_haque": "তারপর সে ভ্রকুঞ্চিত করল ও মুখ বিকৃত করল,",
    "bn_muhi": "অতঃপর সে ভ্রূকুঞ্চিত করেছে ও মুখ বিকৃত করেছে,",
    "en": "Then he frowned and scowled;"
  },
  {
    "id": 23,
    "ar": "ثُمَّ أَدْبَرَ وَٱسْتَكْبَرَ",
    "tr": "ছু ম্মা আদবারা ওয়াছতাকবার।",
    "bn_haque": "তারপর সে পিছিয়ে গেল ও বুক ফুলিয়ে এগিয়ে এল,",
    "bn_muhi": "অতঃপর পৃষ্ঠপ্রদশন করেছে ও অহংকার করেছে।",
    "en": "Then he turned back and was arrogant"
  },
  {
    "id": 24,
    "ar": "فَقَالَ إِنْ هَٰذَآ إِلَّا سِحْرٌ يُؤْثَرُ",
    "tr": "ফাকা- লা ইন হা- যাইল্লা-ছিহরুইঁ ইউ’ছার।",
    "bn_haque": "তারপর বললে -- \"এ বরাবর চলে আসা জাদু বৈ তো নয়!",
    "bn_muhi": "এরপর বলেছেঃ এতো লোক পরস্পরায় প্রাপ্ত জাদু বৈ নয়,",
    "en": "And said, \"This is not but magic imitated [from others]."
  },
  {
    "id": 25,
    "ar": "إِنْ هَٰذَآ إِلَّا قَوْلُ ٱلْبَشَرِ",
    "tr": "ইন হা-যাইল্লা-কাওলুল বাশার।",
    "bn_haque": "এ একজন মানুষের কথা বৈ তো নয়।",
    "bn_muhi": "এতো মানুষের উক্তি বৈ নয়।",
    "en": "This is not but the word of a human being.\""
  },
  {
    "id": 26,
    "ar": "سَأُصْلِيهِ سَقَرَ",
    "tr": "ছাউসলীহি ছাকার।",
    "bn_haque": "আমি শীঘ্রই তাকে ফেলব জ্বালাময় আগুনে।",
    "bn_muhi": "আমি তাকে দাখিল করব অগ্নিতে।",
    "en": "I will drive him into Saqar."
  },
  {
    "id": 27,
    "ar": "وَمَآ أَدْرَىٰكَ مَا سَقَرُ",
    "tr": "ওয়ামাআদরা-কা মা- ছাকার।",
    "bn_haque": "আর কী তোমাকে বোঝাবে জ্বালাময় আগুনটা কি?",
    "bn_muhi": "আপনি কি বুঝলেন অগ্নি কি?",
    "en": "And what can make you know what is Saqar?"
  },
  {
    "id": 28,
    "ar": "لَا تُبْقِى وَلَا تَذَرُ",
    "tr": "লা-তুবকী ওয়ালা-তাযার।",
    "bn_haque": "তা কিছুই বাকী রাখে না, আর কিছুই ছেড়ে দেয় না,",
    "bn_muhi": "এটা অক্ষত রাখবে না এবং ছাড়বেও না।",
    "en": "It lets nothing remain and leaves nothing [unburned],"
  },
  {
    "id": 29,
    "ar": "لَوَّاحَةٌ لِّلْبَشَرِ",
    "tr": "লাওওয়া-হাতুল লিলবাশার।",
    "bn_haque": "মানুষকে একেবারে ঝলসে দেবে,",
    "bn_muhi": "মানুষকে দগ্ধ করবে।",
    "en": "Blackening the skins."
  },
  {
    "id": 30,
    "ar": "عَلَيْهَا تِسْعَةَ عَشَرَ",
    "tr": "‘আলাইহা-তিছ‘আতা ‘আশার।",
    "bn_haque": "তার উপরে রয়েছে \"উনিশ\"।",
    "bn_muhi": "এর উপর নিয়োজিত আছে উনিশ (ফেরেশতা)।",
    "en": "Over it are nineteen [angels]."
  },
  {
    "id": 31,
    "ar": "وَمَا جَعَلْنَآ أَصْحَٰبَ ٱلنَّارِ إِلَّا مَلَٰٓئِكَةً وَمَا جَعَلْنَا عِدَّتَهُمْ إِلَّا فِتْنَةً لِّلَّذِينَ كَفَرُوا۟ لِيَسْتَيْقِنَ ٱلَّذِينَ أُوتُوا۟ ٱلْكِتَٰبَ وَيَزْدَادَ ٱلَّذِينَ ءَامَنُوٓا۟ إِيمَٰنًا وَلَا يَرْتَابَ ٱلَّذِينَ أُوتُوا۟ ٱلْكِتَٰبَ وَٱلْمُؤْمِنُونَ وَلِيَقُولَ ٱلَّذِينَ فِى قُلُوبِهِم مَّرَضٌ وَٱلْكَٰفِرُونَ مَاذَآ أَرَادَ ٱللَّهُ بِهَٰذَا مَثَلًا كَذَٰلِكَ يُضِلُّ ٱللَّهُ مَن يَشَآءُ وَيَهْدِى مَن يَشَآءُ وَمَا يَعْلَمُ جُنُودَ رَبِّكَ إِلَّا هُوَ وَمَا هِىَ إِلَّا ذِكْرَىٰ لِلْبَشَرِ",
    "tr": "ওয়ামা- জা‘আলনাআসহা-বান্না-রি ইল্লা-মালাইকাতাওঁ ওয়ামা-জা‘আলনা‘ইদ্দাতাহুম ইল্লা-ফিতনাতাল লিল্লাযীনা কাফারূ লিইয়াছতাইকিনাল্লাযীনা ঊতুল কিতাবা ওয়া ইয়াঝদা-দাল্লাযীনা আ-মানূঈমা-নাওঁ ওয়ালা- ইয়ারতা-বাল্লাযীনা ঊতুল কিতাবা ওয়াল মু’মিনূনা ওয়া লিয়াকূলাল্লাযীনা ফী কুলূবিহিম মারাদুওঁ ওয়াল কা-ফিরূনা মাযাআরা-দাল্লা-হু বিহা-যা- মাছালান কাযা-লিকা ইউদিল্লুল্লা-হু মাইঁ ইয়াশাউ ওয়া ইয়াহদী মাইঁ ইয়াশাউ ওয়ামা- ইয়া‘লামুজুনূদা রাব্বিকা ইল্লা- হুওয়া ওয়ামাহিয়া ইল্লা- যিকরা- লিলবাশার।",
    "bn_haque": "আর আমরা ফিরিশ্‌তাদের ছাড়া আগুনের প্রহরী করি নি, আর যারা অবিশ্বাস পোষণ করেছে তাদের পরীক্ষারূপে ছাড়া আমরা এদের সংখ্যা নির্ধারণ করি নি, যেন যাদের গ্রন্থ দেয়া হয়েছিল তাদের দৃঢ়প্রত্যয় জন্মে, আর যারা বিশ্বাস করেছে তাদের ঈমান যেন বর্ধিত হয়, আর যাদের গ্রন্থ দেওয়া হয়েছে ও যারা বিশ্বাসী তারা যেন সন্দেহ না করে, আর যাদের অন্তরে ব্যাধি রয়েছে ও যারা অবিশ্বাসী তারা যেন বলতে পারে -- \"এই রূপকের দ্বারা আল্লাহ্ কী বোঝাতে চাইছেন?\" এইভাবে আল্লাহ্ বিভ্রান্ত করেন যাকে তিনি ইচ্ছা করেন, এবং পথনির্দেশ দেন যাকে তিনি চান। আর তিনি ছাড়া আর কেউ তোমার প্রভুর বাহিনীকে সম্যক জানে না। বস্তুত এটি মানবকুলের জন্য এক সতর্কীকরণ বৈ তো নয়।",
    "bn_muhi": "আমি জাহান্নামের তত্ত্বাবধায়ক ফেরেশতাই রেখেছি। আমি কাফেরদেরকে পরীক্ষা করার জন্যেই তার এই সংখ্যা করেছি-যাতে কিতাবীরা দৃঢ়বিশ্বাসী হয়, মুমিনদের ঈমান বৃদ্ধি পায় এবং কিতাবীরা ও মুমিনগণ সন্দেহ পোষণ না করে এবং যাতে যাদের অন্তরে রোগ আছে, তারা এবং কাফেররা বলে যে, আল্লাহ এর দ্বারা কি বোঝাতে চেয়েছেন। এমনিভাবে আল্লাহ যাকে ইচ্ছা পথভ্রষ্ট করেন এবং যাকে ইচ্ছা সৎপথে চালান। আপনার পালনকর্তার বাহিনী সম্পর্কে একমাত্র তিনিই জানেন এটা তো মানুষের জন্যে উপদেশ বৈ নয়।",
    "en": "And We have not made the keepers of the Fire except angels. And We have not made their number except as a trial for those who disbelieve - that those who were given the Scripture will be convinced and those who have believed will increase in faith and those who were given the Scripture and the believers will not doubt and that those in whose hearts is hypocrisy and the disbelievers will say, \"What does Allah intend by this as an example?\" Thus does Allah leave astray whom He wills and guides whom He wills. And none knows the soldiers of your Lord except Him. And mention of the Fire is not but a reminder to humanity."
  },
  {
    "id": 32,
    "ar": "كَلَّا وَٱلْقَمَرِ",
    "tr": "কাল্লা- ওয়াল কামার।",
    "bn_haque": "না! ভাবো চাঁদের কথা;",
    "bn_muhi": "কখনই নয়। চন্দ্রের শপথ,",
    "en": "No! By the moon"
  },
  {
    "id": 33,
    "ar": "وَٱلَّيْلِ إِذْ أَدْبَرَ",
    "tr": "ওয়াল্লাইলি ইযআদবার।",
    "bn_haque": "আর রাতের কথা যখন তার অবসান ঘটে।",
    "bn_muhi": "শপথ রাত্রির যখন তার অবসান হয়,",
    "en": "And [by] the night when it departs"
  },
  {
    "id": 34,
    "ar": "وَٱلصُّبْحِ إِذَآ أَسْفَرَ",
    "tr": "ওয়াসসুবহিইযাআছফার।",
    "bn_haque": "আর প্রভাতকালের কথা যখন তা হয় আলোকোজ্জ্বল।",
    "bn_muhi": "শপথ প্রভাতকালের যখন তা আলোকোদ্ভাসিত হয়,",
    "en": "And [by] the morning when it brightens,"
  },
  {
    "id": 35,
    "ar": "إِنَّهَا لَإِحْدَى ٱلْكُبَرِ",
    "tr": "ইন্নাহা-লাইহদাল কুবার।",
    "bn_haque": "নিঃসন্দেহ এটি অতি বিরাট এক ব্যাপার --",
    "bn_muhi": "নিশ্চয় জাহান্নাম গুরুতর বিপদসমূহের অন্যতম,",
    "en": "Indeed, the Fire is of the greatest [afflictions]"
  },
  {
    "id": 36,
    "ar": "نَذِيرًا لِّلْبَشَرِ",
    "tr": "নাযীরাল লিলবাশার।",
    "bn_haque": "মানুষের জন্য সতর্কীকরণরূপে,",
    "bn_muhi": "মানুষের জন্যে সতর্ককারী।",
    "en": "As a warning to humanity -"
  },
  {
    "id": 37,
    "ar": "لِمَن شَآءَ مِنكُمْ أَن يَتَقَدَّمَ أَوْ يَتَأَخَّرَ",
    "tr": "লিমান শাআ মিনকুম আইঁ ইয়াতাকাদ্দামা আও ইয়াতাআখখার।",
    "bn_haque": "তোমাদের মধ্যের তার জন্য যে আগবাড়তে চায়, অথবা পেছনে থাকতে চায়।",
    "bn_muhi": "তোমাদের মধ্যে যে সামনে অগ্রসর হয় অথবা পশ্চাতে থাকে।",
    "en": "To whoever wills among you to proceed or stay behind."
  },
  {
    "id": 38,
    "ar": "كُلُّ نَفْسٍۭ بِمَا كَسَبَتْ رَهِينَةٌ",
    "tr": "কুল্লুনাফছিম বিমা-কাছাবাত রাহীনাহ।",
    "bn_haque": "প্রত্যেক সত্ত্বাই জামিন থাকবে যা সে অর্জন করে তার জন্য, --",
    "bn_muhi": "প্রত্যেক ব্যক্তি তার কৃতকর্মের জন্য দায়ী;",
    "en": "Every soul, for what it has earned, will be retained"
  },
  {
    "id": 39,
    "ar": "إِلَّآ أَصْحَٰبَ ٱلْيَمِينِ",
    "tr": "ইল্লাআসহা- বাল ইয়ামীন।",
    "bn_haque": "ডানদিকের লোকেরা ব্যতীত,",
    "bn_muhi": "কিন্তু ডানদিকস্থরা,",
    "en": "Except the companions of the right,"
  },
  {
    "id": 40,
    "ar": "فِى جَنَّٰتٍ يَتَسَآءَلُونَ",
    "tr": "ফী জান্না-তিইঁ ইয়াতাছাআলূন।",
    "bn_haque": "জান্নাতে, তারা পরস্পরকে জিজ্ঞাসাবাদ করবে --",
    "bn_muhi": "তারা থাকবে জান্নাতে এবং পরস্পরে জিজ্ঞাসাবাদ করবে।",
    "en": "[Who will be] in gardens, questioning each other"
  },
  {
    "id": 41,
    "ar": "عَنِ ٱلْمُجْرِمِينَ",
    "tr": "‘আনিল মুজরিমীন।",
    "bn_haque": "অপরাধীদের সম্পর্কে;",
    "bn_muhi": "অপরাধীদের সম্পর্কে",
    "en": "About the criminals,"
  },
  {
    "id": 42,
    "ar": "مَا سَلَكَكُمْ فِى سَقَرَ",
    "tr": "মা-ছালাকাকুম ফী ছাকার।",
    "bn_haque": "কিসে তোমাদের নিয়ে এসেছে জ্বালাময় আগুনে?",
    "bn_muhi": "বলবেঃ তোমাদেরকে কিসে জাহান্নামে নীত করেছে?",
    "en": "[And asking them], \"What put you into Saqar?\""
  },
  {
    "id": 43,
    "ar": "قَالُوا۟ لَمْ نَكُ مِنَ ٱلْمُصَلِّينَ",
    "tr": "কা-লূলাম নাকুমিনাল মুসাল্লীন।",
    "bn_haque": "তারা বলবে -- \"আমরা নামাযীদের অন্তর্ভুক্ত ছিলাম না,",
    "bn_muhi": "তারা বলবেঃ আমরা নামায পড়তাম না,",
    "en": "They will say, \"We were not of those who prayed,"
  },
  {
    "id": 44,
    "ar": "وَلَمْ نَكُ نُطْعِمُ ٱلْمِسْكِينَ",
    "tr": "ওয়া লাম নাকুনুত‘ইমুল মিছকীন।",
    "bn_haque": "\"আর আমরা অভাবগ্রস্তদের খাবার দিতে চাইতাম না;",
    "bn_muhi": "অভাবগ্রস্তকে আহার্য্য দিতাম না,",
    "en": "Nor did we used to feed the poor."
  },
  {
    "id": 45,
    "ar": "وَكُنَّا نَخُوضُ مَعَ ٱلْخَآئِضِينَ",
    "tr": "ওয়া কুন্না- নাখূদুমা‘আল খাইদীন।",
    "bn_haque": "\"বরং আমরা বৃথা তর্ক করতাম বৃথা তর্ককারীদের সঙ্গে,",
    "bn_muhi": "আমরা সমালোচকদের সাথে সমালোচনা করতাম।",
    "en": "And we used to enter into vain discourse with those who engaged [in it],"
  },
  {
    "id": 46,
    "ar": "وَكُنَّا نُكَذِّبُ بِيَوْمِ ٱلدِّينِ",
    "tr": "ওয়া কুন্না-নুকাযযিবুবিইয়াওমিদ্দীন।",
    "bn_haque": "\"আর আমরা বিচারের দিনকে মিথ্যা বলতাম, --",
    "bn_muhi": "এবং আমরা প্রতিফল দিবসকে অস্বীকার করতাম।",
    "en": "And we used to deny the Day of Recompense"
  },
  {
    "id": 47,
    "ar": "حَتَّىٰٓ أَتَىٰنَا ٱلْيَقِينُ",
    "tr": "হাত্তাআতা-নাল ইয়াকীন।",
    "bn_haque": "যতক্ষণ না অবশ্যাম্ভাবী আমাদের কাছে এসেছিল।",
    "bn_muhi": "আমাদের মৃত্যু পর্যন্ত।",
    "en": "Until there came to us the certainty.\""
  },
  {
    "id": 48,
    "ar": "فَمَا تَنفَعُهُمْ شَفَٰعَةُ ٱلشَّٰفِعِينَ",
    "tr": "ফামা- তানফা‘উহুম শাফা- ‘আতুশশা-ফি‘ঈন।",
    "bn_haque": "ফলে সুপারিশকারীদের সুপারিশ তাদের কোনো কাজে আসবে না।",
    "bn_muhi": "অতএব, সুপারিশকারীদের সুপারিশ তাদের কোন উপকারে আসবে না।",
    "en": "So there will not benefit them the intercession of [any] intercessors."
  },
  {
    "id": 49,
    "ar": "فَمَا لَهُمْ عَنِ ٱلتَّذْكِرَةِ مُعْرِضِينَ",
    "tr": "ফামা-লাহুম ‘আনিততাযকিরাতি মু‘রিদীন।",
    "bn_haque": "তাদের তবে কি হয়েছে যে তারা অনুশাসন থেকে ফিরে চলে যায়,",
    "bn_muhi": "তাদের কি হল যে, তারা উপদেশ থেকে মুখ ফিরিয়ে নেয়?",
    "en": "Then what is [the matter] with them that they are, from the reminder, turning away"
  },
  {
    "id": 50,
    "ar": "كَأَنَّهُمْ حُمُرٌ مُّسْتَنفِرَةٌ",
    "tr": "কাআন্নাহুম হুমুরুম মুছতানফিরাহ।",
    "bn_haque": "যেন তারা ভীত-ত্রস্ত গাধার দল,",
    "bn_muhi": "যেন তারা ইতস্ততঃ বিক্ষিপ্ত গর্দভ।",
    "en": "As if they were alarmed donkeys"
  },
  {
    "id": 51,
    "ar": "فَرَّتْ مِن قَسْوَرَةٍۭ",
    "tr": "ফারাত মিন কাছওয়ারাহ।",
    "bn_haque": "পালিয়ে যাচ্ছে সিংহের থেকে?",
    "bn_muhi": "হট্টগোলের কারণে পলায়নপর।",
    "en": "Fleeing from a lion?"
  },
  {
    "id": 52,
    "ar": "بَلْ يُرِيدُ كُلُّ ٱمْرِئٍ مِّنْهُمْ أَن يُؤْتَىٰ صُحُفًا مُّنَشَّرَةً",
    "tr": "বাল ইউরীদুকুল্লুম রিইম মিনহুম আইঁ ইউ’তা- সুহুফাম মুনাশশারাহ।",
    "bn_haque": "বস্তুত তাদের মধ্যের প্রত্যেকটি লোকই চায় যে তাকে যেন দেওয়া হয় খোলামেলা কাগজের তাড়া।",
    "bn_muhi": "বরং তাদের প্রত্যেকেই চায় তাদের প্রত্যেককে একটি উম্মুক্ত গ্রন্থ দেয়া হোক।",
    "en": "Rather, every person among them desires that he would be given scriptures spread about."
  },
  {
    "id": 53,
    "ar": "كَلَّا بَل لَّا يَخَافُونَ ٱلْءَاخِرَةَ",
    "tr": "কাল্লা বাল্লা- ইয়াখা-ফূনাল আ-খিরাহ।",
    "bn_haque": "কখনো না। তারা কিন্ত পরকালের ভয় করে না।",
    "bn_muhi": "কখনও না, বরং তারা পরকালকে ভয় করে না।",
    "en": "No! But they do not fear the Hereafter."
  },
  {
    "id": 54,
    "ar": "كَلَّآ إِنَّهُۥ تَذْكِرَةٌ",
    "tr": "কাল্লাইন্নাহূতাযকিরাহ।",
    "bn_haque": "কক্ষনো না! এটি নিশ্চয়ই এক অনুশাসন।",
    "bn_muhi": "কখনও না, এটা তো উপদেশ মাত্র।",
    "en": "No! Indeed, the Qur'an is a reminder"
  },
  {
    "id": 55,
    "ar": "فَمَن شَآءَ ذَكَرَهُۥ",
    "tr": "ফামান শাআ যাকারাহ।",
    "bn_haque": "সুতরাং যে কেউ চায় সে এটি স্মরণ করুক।",
    "bn_muhi": "অতএব, যার ইচ্ছা, সে একে স্মরণ করুক।",
    "en": "Then whoever wills will remember it."
  },
  {
    "id": 56,
    "ar": "وَمَا يَذْكُرُونَ إِلَّآ أَن يَشَآءَ ٱللَّهُ هُوَ أَهْلُ ٱلتَّقْوَىٰ وَأَهْلُ ٱلْمَغْفِرَةِ",
    "tr": "ওয়ামা-ইয়াযকুরূনা ইল্লাআইঁ ইয়াশাআল্লা-হু হুওয়া আহলুত্তাকওয়া- ওয়া আহলুল মাগফিরাহ।",
    "bn_haque": "আর তারা মনোনিবেশ করবে না যদি না আল্লাহ্ ইচ্ছা করেন। তিনিই ভয়ভক্তি করার যোগ্য পাত্র এবং তিনিই পরিত্রাণের যথার্থ অধিকারী।",
    "bn_muhi": "তারা স্মরণ করবে না, কিন্তু যদি আল্লাহ চান। তিনিই ভয়ের যোগ্য এবং ক্ষমার অধিকারী।",
    "en": "And they will not remember except that Allah wills. He is worthy of fear and adequate for [granting] forgiveness."
  }
]