[
  {
    "id": 1,
    "ar": "يَٰٓأَيُّهَا ٱلَّذِينَ ءَامَنُوا۟ لَا تُقَدِّمُوا۟ بَيْنَ يَدَىِ ٱللَّهِ وَرَسُولِهِۦ وَٱتَّقُوا۟ ٱللَّهَ إِنَّ ٱللَّهَ سَمِيعٌ عَلِيمٌ",
    "tr": "ইয়াআইয়ুহাল্লাযীনা আ-মানূলা-তুকাদ্দিমূবাইনা ইয়াদাইল্লা-হি ওয়া রাছূলিহী ওয়াত্তাকুল্লা-হা ইন্নাল্লা-হা ছামী‘উন ‘আলীম।",
    "bn_haque": "ওহে যারা ঈমান এনেছ! আল্লাহ্ ও তাঁর রসূলের সামনে তোমরা আগবাড়বে না, আর আল্লাহ্‌কে ভয়ভক্তি করো। নিঃসন্দেহ আল্লাহ্ সর্বশ্রোতা, সর্বজ্ঞাতা।",
    "bn_muhi": "মুমিনগণ! তোমরা আল্লাহ ও রসূলের সামনে অগ্রণী হয়ো না এবং আল্লাহকে ভয় কর। নিশ্চয় আল্লাহ সবকিছু শুনেন ও জানেন।",
    "en": "O you who have believed, do not put [yourselves] before Allah and His Messenger but fear Allah . Indeed, Allah is Hearing and Knowing."
  },
  {
    "id": 2,
    "ar": "يَٰٓأَيُّهَا ٱلَّذِينَ ءَامَنُوا۟ لَا تَرْفَعُوٓا۟ أَصْوَٰتَكُمْ فَوْقَ صَوْتِ ٱلنَّبِىِّ وَلَا تَجْهَرُوا۟ لَهُۥ بِٱلْقَوْلِ كَجَهْرِ بَعْضِكُمْ لِبَعْضٍ أَن تَحْبَطَ أَعْمَٰلُكُمْ وَأَنتُمْ لَا تَشْعُرُونَ",
    "tr": "ইয়া আইয়ুহাল্লাযীনা আ-মানূলা তারফা‘ঊআসওয়া-তাকুম ফাওকা সাওতিন্নাবিইয়ি ওয়ালা-তাজহারূলাহূবিলকাওলি কাজাহরি বা‘দিকুম লিবা‘দিন আন তাহবাতাআ‘মালুকুম ওয়া আনতুম লা-তাশ‘ঊরূন।",
    "bn_haque": "ওহে যারা ঈমান এনেছ! তোমাদের গলার আওয়াজ নবীর আওয়াজের উপরে চড়িয়ো না, আর তাঁর সঙ্গে কথা বলতে চিৎকার করো না যেমন তোমাদের কেউ-কেউ অপরের সঙ্গে চিল্লাচিল্লি করে, পাছে তোমাদের কাজ-কর্ম বৃথা হয়ে যায়, অথচ তোমরা বুঝতেও পার না।",
    "bn_muhi": "মুমিনগণ! তোমরা নবীর কন্ঠস্বরের উপর তোমাদের কন্ঠস্বর উঁচু করো না এবং তোমরা একে অপরের সাথে যেরূপ উঁচুস্বরে কথা বল, তাঁর সাথে সেরূপ উঁচুস্বরে কথা বলো না। এতে তোমাদের কর্ম নিস্ফল হয়ে যাবে এবং তোমরা টেরও পাবে না।",
    "en": "O you who have believed, do not raise your voices above the voice of the Prophet or be loud to him in speech like the loudness of some of you to others, lest your deeds become worthless while you perceive not."
  },
  {
    "id": 3,
    "ar": "إِنَّ ٱلَّذِينَ يَغُضُّونَ أَصْوَٰتَهُمْ عِندَ رَسُولِ ٱللَّهِ أُو۟لَٰٓئِكَ ٱلَّذِينَ ٱمْتَحَنَ ٱللَّهُ قُلُوبَهُمْ لِلتَّقْوَىٰ لَهُم مَّغْفِرَةٌ وَأَجْرٌ عَظِيمٌ",
    "tr": "ইন্নাল্লাযীনা ইয়াগুদ্দূনা আসওয়া-তাহুম ‘ইনদা রাছূলিল্লা-হি উলাইকাল্লাযীনাম তাহানাল্লাহু কুলূবাহুম লিত্তাকওয়া- লাহুম মাগফিরাতুওঁ ওয়া আজরুন ‘আজীম।",
    "bn_haque": "নিঃসন্দেহ যারা আল্লাহ্‌র রসূলের সামনে তাদের আওয়াজ নিচু করে, এরাই হচ্ছে তারা যাদের হৃদয় ধর্ম পরায়ণতার জন্য আল্লাহ্ পরীক্ষা করেছেন। তাদেরই জন্য রয়েছে পরিত্রাণ ও এক মহান প্রতিদান।",
    "bn_muhi": "যারা আল্লাহর রসূলের সামনে নিজেদের কন্ঠস্বর নীচু করে, আল্লাহ তাদের অন্তরকে শিষ্টাচারের জন্যে শোধিত করেছেন। তাদের জন্যে রয়েছে ক্ষমা ও মহাপুরস্কার।",
    "en": "Indeed, those who lower their voices before the Messenger of Allah - they are the ones whose hearts Allah has tested for righteousness. For them is forgiveness and great reward."
  },
  {
    "id": 4,
    "ar": "إِنَّ ٱلَّذِينَ يُنَادُونَكَ مِن وَرَآءِ ٱلْحُجُرَٰتِ أَكْثَرُهُمْ لَا يَعْقِلُونَ",
    "tr": "ইন্নাল্লাযীনা ইউনা-দূনাকা মিওঁ ওরাইল হুজূরা-তি আকছারুহুম লা-ইয়া‘কিলূন।",
    "bn_haque": "নিঃসন্দেহ যারা বাসগৃহগুলোর পেছন থেকে তোমাকে ডাকে তাদের অধিকাংশই বুদ্ধিসুদ্ধি রাখো না।",
    "bn_muhi": "যারা প্রাচীরের আড়াল থেকে আপনাকে উচুস্বরে ডাকে, তাদের অধিকাংশই অবুঝ।",
    "en": "Indeed, those who call you, [O Muhammad], from behind the chambers - most of them do not use reason."
  },
  {
    "id": 5,
    "ar": "وَلَوْ أَنَّهُمْ صَبَرُوا۟ حَتَّىٰ تَخْرُجَ إِلَيْهِمْ لَكَانَ خَيْرًا لَّهُمْ وَٱللَّهُ غَفُورٌ رَّحِيمٌ",
    "tr": "ওয়ালাও আন্নাহুম সাবারূহাত্তা-তাখরুজা ইলাইহিম লাকা-না খাইরাল্লাহুম ওয়াল্লা-হু গাফূরুর রাহীম।",
    "bn_haque": "আর যদি তারা ধৈর্য ধরত যতক্ষণ না তুমি তাদের কাছে বেরিয়ে আস তাহলে তাদের জন্য তা বেশি ভাল হতো । আর আল্লাহ্ পরিত্রাণকারী, অফুরন্ত ফলদাতা।",
    "bn_muhi": "যদি তারা আপনার বের হয়ে তাদের কাছে আসা পর্যন্ত সবর করত, তবে তা-ই তাদের জন্যে মঙ্গলজনক হত। আল্লাহ ক্ষমাশীল, পরম দয়ালু।",
    "en": "And if they had been patient until you [could] come out to them, it would have been better for them. But Allah is Forgiving and Merciful."
  },
  {
    "id": 6,
    "ar": "يَٰٓأَيُّهَا ٱلَّذِينَ ءَامَنُوٓا۟ إِن جَآءَكُمْ فَاسِقٌۢ بِنَبَإٍ فَتَبَيَّنُوٓا۟ أَن تُصِيبُوا۟ قَوْمًۢا بِجَهَٰلَةٍ فَتُصْبِحُوا۟ عَلَىٰ مَا فَعَلْتُمْ نَٰدِمِينَ",
    "tr": "ইয়াআইয়ুহাল্লাযীনা আ-মানূইন জাআকুম ফা-ছিকু ম বিনাবাইন ফাতাবাইয়ানূআন তুসীবূকাওমাম বিজাহা-লাতিন ফাতুসবিহূ‘আলা-মা-ফা‘আলতুম না-দিমীন।",
    "bn_haque": "ওহে যারা ঈমান এনেছ! যদি কোনো সত্যত্যাগী কোনো খবর নিয়ে তোমাদের কাছে আসে তখন তোমরা যাচাই করে দেখবে, পাছে অজানতে তোমরা কোনো লোকদলকে আঘাত করে বস, আর পরক্ষণেই দুঃখ কর তোমরা যা করেছ সেজন্য।",
    "bn_muhi": "মুমিনগণ! যদি কোন পাপাচারী ব্যক্তি তোমাদের কাছে কোন সংবাদ আনয়ন করে, তবে তোমরা পরীক্ষা করে দেখবে, যাতে অজ্ঞতাবশতঃ তোমরা কোন সম্প্রদায়ের ক্ষতিসাধনে প্রবৃত্ত না হও এবং পরে নিজেদের কৃতকর্মের জন্যে অনুতপ্ত না হও।",
    "en": "O you who have believed, if there comes to you a disobedient one with information, investigate, lest you harm a people out of ignorance and become, over what you have done, regretful."
  },
  {
    "id": 7,
    "ar": "وَٱعْلَمُوٓا۟ أَنَّ فِيكُمْ رَسُولَ ٱللَّهِ لَوْ يُطِيعُكُمْ فِى كَثِيرٍ مِّنَ ٱلْأَمْرِ لَعَنِتُّمْ وَلَٰكِنَّ ٱللَّهَ حَبَّبَ إِلَيْكُمُ ٱلْإِيمَٰنَ وَزَيَّنَهُۥ فِى قُلُوبِكُمْ وَكَرَّهَ إِلَيْكُمُ ٱلْكُفْرَ وَٱلْفُسُوقَ وَٱلْعِصْيَانَ أُو۟لَٰٓئِكَ هُمُ ٱلرَّٰشِدُونَ",
    "tr": "ওয়া‘লামূআন্না ফীকুম রাছূলল্লা-হি লাও ইউতী‘উকুম ফী কাছীরিম মিনাল আমরি লা‘আনিত্তুম ওয়ালা-কিন্নাল্লা-হা হাব্বাবা ইলাইকুমুল ঈমা-না ওয়া ঝাইয়ানাহূফী কুলূবিকুম ওয়া কাররাহা ইলাইকুমুল কুফরা ওয়ালফুছূকা ওয়াল ‘ইসইয়া-না উলাইকা হুমুররাশিদূ ন।",
    "bn_haque": "আর জেনে রেখো যে তোমাদের মধ্যে আল্লাহ্‌র রসূল রয়েছেন। তাঁকে যদি অধিকাংশ বিষয়ে তোমাদের মেনে চলতে হয়, তাহলে তোমরা নির্ঘাত বিপাকে পড়বে, কিন্তু আল্লাহ্ ধর্মবিশ্বাসকে তোমাদের কাছে প্রিয় করেছেন এবং তোমাদের হৃদয়ে এইটিকে চিত্তাকর্ষক করেছেন, আর তোমাদের কাছে অপ্রিয় করেছেন অবিশ্বাস ও সত্যত্যাগ ও অবাধ্যতা। এরা নিজেরাই সত্যানুগামী --",
    "bn_muhi": "তোমরা জেনে রাখ তোমাদের মধ্যে আল্লাহর রসূল রয়েছেন। তিনি যদি অনেক বিষয়ে তোমাদের আবদার মেনে নেন, তবে তোমরাই কষ্ট পাবে। কিন্তু আল্লাহ তোমাদের অন্তরে ঈমানের মহব্বত সৃষ্টি করে দিয়েছেন এবং তা হৃদয়গ্রাহী করে দিয়েছেন। পক্ষান্তরে কুফর, পাপাচার ও নাফরমানীর প্রতি ঘৃণা সৃষ্টি করে দিয়েছেন। তারাই সৎপথ অবলম্বনকারী।",
    "en": "And know that among you is the Messenger of Allah . If he were to obey you in much of the matter, you would be in difficulty, but Allah has endeared to you the faith and has made it pleasing in your hearts and has made hateful to you disbelief, defiance and disobedience. Those are the [rightly] guided."
  },
  {
    "id": 8,
    "ar": "فَضْلًا مِّنَ ٱللَّهِ وَنِعْمَةً وَٱللَّهُ عَلِيمٌ حَكِيمٌ",
    "tr": "ফাদলাম মিনাল্লা-হি ওয়া নি‘মাতাওঁ ওয়াল্লা-হু ‘আলীমুন হাকীম।",
    "bn_haque": "আল্লাহ্‌র তরফ থেকে বদান্যতা ও অনুগ্রহ! আর আল্লাহ্ সর্বজ্ঞাতা, পরমজ্ঞানী।",
    "bn_muhi": "এটা আল্লাহর কৃপা ও নিয়ামতঃ আল্লাহ সর্বজ্ঞ প্রজ্ঞাময়।",
    "en": "[It is] as bounty from Allah and favor. And Allah is Knowing and Wise."
  },
  {
    "id": 9,
    "ar": "وَإِن طَآئِفَتَانِ مِنَ ٱلْمُؤْمِنِينَ ٱقْتَتَلُوا۟ فَأَصْلِحُوا۟ بَيْنَهُمَا فَإِنۢ بَغَتْ إِحْدَىٰهُمَا عَلَى ٱلْأُخْرَىٰ فَقَٰتِلُوا۟ ٱلَّتِى تَبْغِى حَتَّىٰ تَفِىٓءَ إِلَىٰٓ أَمْرِ ٱللَّهِ فَإِن فَآءَتْ فَأَصْلِحُوا۟ بَيْنَهُمَا بِٱلْعَدْلِ وَأَقْسِطُوٓا۟ إِنَّ ٱللَّهَ يُحِبُّ ٱلْمُقْسِطِينَ",
    "tr": "ওয়া ইন তাইফাতা-নি মিনাল মু‘মিনীনাকতাতালূফাআসলিহূ বাইনাহুমা- ফাইম বাগাত ‘ইহদা-হুমা-‘আলাল উখরা-ফাকা-তিলুল্লাতী তাবগী হাত্তা তাফীআ ইলা আমরিল্লা-হি ফাইন ফাআত ফাআসলিহূবাইনাহুমা-বিল ‘আদলি ওয়া আকছিতূ ইন্নাল্লা-হা ইউহিব্বুল মুকছিতীন।",
    "bn_haque": "আর যদি মুমিনদের দুই দল লড়াই করে তাহলে তাদের উভয়ের মধ্যে শান্তি স্থাপন করো। কিন্তু তাদের একদল যদি অন্যদের বিরুদ্ধে বিবাদ করে তবে তোমরা লড়াই করবে তার সঙ্গে যে বিবাদ করছে, যে পর্যন্ত না তারা আল্লাহ্‌র নির্দেশের প্রতি ফিরে আসে। তারপর যখন তারা ফেরে তখন তাদের উভয়ের মধ্যে শান্তিস্থাপন করো ন্যায়বিচারের সাথে, আর নিরপেক্ষতা অবলন্বন করবে। নিঃসন্দেহ আল্লাহ্ নিরপেক্ষতা-অবলন্বনকারীদের ভালবাসেন।",
    "bn_muhi": "যদি মুমিনদের দুই দল যুদ্ধে লিপ্ত হয়ে পড়ে, তবে তোমরা তাদের মধ্যে মীমাংসা করে দিবে। অতঃপর যদি তাদের একদল অপর দলের উপর চড়াও হয়, তবে তোমরা আক্রমণকারী দলের বিরুদ্ধে যুদ্ধ করবে; যে পর্যন্ত না তারা আল্লাহর নির্দেশের দিকে ফিরে আসে। যদি ফিরে আসে, তবে তোমরা তাদের মধ্যে ন্যায়ানুগ পন্থায় মীমাংসা করে দিবে এবং ইনছাফ করবে। নিশ্চয় আল্লাহ ইনছাফকারীদেরকে পছন্দ করেন।",
    "en": "And if two factions among the believers should fight, then make settlement between the two. But if one of them oppresses the other, then fight against the one that oppresses until it returns to the ordinance of Allah . And if it returns, then make settlement between them in justice and act justly. Indeed, Allah loves those who act justly."
  },
  {
    "id": 10,
    "ar": "إِنَّمَا ٱلْمُؤْمِنُونَ إِخْوَةٌ فَأَصْلِحُوا۟ بَيْنَ أَخَوَيْكُمْ وَٱتَّقُوا۟ ٱللَّهَ لَعَلَّكُمْ تُرْحَمُونَ",
    "tr": "ইন্নামাল মু’মিনূনা ইখওয়াতুন ফাআসলিহূবাইনা আখাওয়াইকুম ওয়াত্তাকুল্লা-হা লা‘আল্লাকুম তুরহামূন।",
    "bn_haque": "নিঃসন্দেহ মুমিনরা ভাই-ভাই, সুতরাং তোমাদের ভাইদের মধ্যে তোমরা শান্তিস্থাপন করবে, আর তোমরা আল্লাহ্‌কে ভয়-ভক্তি করবে যেন তোমাদের অনুগ্রহ করা হয়।",
    "bn_muhi": "মুমিনরা তো পরস্পর ভাই-ভাই। অতএব, তোমরা তোমাদের দুই ভাইয়ের মধ্যে মীমাংসা করবে এবং আল্লাহকে ভয় করবে-যাতে তোমরা অনুগ্রহপ্রাপ্ত হও।",
    "en": "The believers are but brothers, so make settlement between your brothers. And fear Allah that you may receive mercy."
  },
  {
    "id": 11,
    "ar": "يَٰٓأَيُّهَا ٱلَّذِينَ ءَامَنُوا۟ لَا يَسْخَرْ قَوْمٌ مِّن قَوْمٍ عَسَىٰٓ أَن يَكُونُوا۟ خَيْرًا مِّنْهُمْ وَلَا نِسَآءٌ مِّن نِّسَآءٍ عَسَىٰٓ أَن يَكُنَّ خَيْرًا مِّنْهُنَّ وَلَا تَلْمِزُوٓا۟ أَنفُسَكُمْ وَلَا تَنَابَزُوا۟ بِٱلْأَلْقَٰبِ بِئْسَ ٱلِٱسْمُ ٱلْفُسُوقُ بَعْدَ ٱلْإِيمَٰنِ وَمَن لَّمْ يَتُبْ فَأُو۟لَٰٓئِكَ هُمُ ٱلظَّٰلِمُونَ",
    "tr": "ইয়া আইয়ুহাল্লাযীনা আ-মানূলা ইয়াছখার কাওমুম মিন কাওমিন ‘আছাআইঁ ইয়াকূনূ খাইরামমিনহুম ওয়ালা-নিছাউম মিননিছাইন ‘আছাআইঁ ইয়াকুন্না খাইরাম মিনহুন্না ওয়ালা-তালমিঝূআনফুছাকুম ওয়ালা-তানা-বাঝূবিলআলকা-ব বি’ছাল ইছমুল ফুছূকুবা‘দাল ঈমা-নি ওয়া মাল্লাম ইয়াতুব ফাউলাইকা হুমুজ্জা-লিমূন।",
    "bn_haque": "ওহে যারা ঈমান এনেছ! কোনো লোকদল অন্য লোকদলকে উপহাস করবে না, হয়তো তারা এদের চাইতে বেশি ভাল, আর কোনো নারীরাও অন্য নারীদের করবে না, হয়তো তারা এদের চাইতে বেশী ভাল, আর তোমরা তোমাদের নিজের লোকদের নিন্দা করো না, আর তোমরা পরস্পরকে উপনামে ডেকো না। ঈমান আনার পরে অধার্মিকতার নাম কামানো বড়ই মন্দ। আর যে কেউ না ফেরে, তবে তারাই খোদ অত্যাচারী।",
    "bn_muhi": "মুমিনগণ, কেউ যেন অপর কাউকে উপহাস না করে। কেননা, সে উপহাসকারী অপেক্ষা উত্তম হতে পারে এবং কোন নারী অপর নারীকেও যেন উপহাস না করে। কেননা, সে উপহাসকারিণী অপেক্ষা শ্রেষ্ঠ হতে পারে। তোমরা একে অপরের প্রতি দোষারোপ করো না এবং একে অপরকে মন্দ নামে ডেকো না। কেউ বিশ্বাস স্থাপন করলে তাদের মন্দ নামে ডাকা গোনাহ। যারা এহেন কাজ থেকে তওবা না করে তারাই যালেম।",
    "en": "O you who have believed, let not a people ridicule [another] people; perhaps they may be better than them; nor let women ridicule [other] women; perhaps they may be better than them. And do not insult one another and do not call each other by [offensive] nicknames. Wretched is the name of disobedience after [one's] faith. And whoever does not repent - then it is those who are the wrongdoers."
  },
  {
    "id": 12,
    "ar": "يَٰٓأَيُّهَا ٱلَّذِينَ ءَامَنُوا۟ ٱجْتَنِبُوا۟ كَثِيرًا مِّنَ ٱلظَّنِّ إِنَّ بَعْضَ ٱلظَّنِّ إِثْمٌ وَلَا تَجَسَّسُوا۟ وَلَا يَغْتَب بَّعْضُكُم بَعْضًا أَيُحِبُّ أَحَدُكُمْ أَن يَأْكُلَ لَحْمَ أَخِيهِ مَيْتًا فَكَرِهْتُمُوهُ وَٱتَّقُوا۟ ٱللَّهَ إِنَّ ٱللَّهَ تَوَّابٌ رَّحِيمٌ",
    "tr": "ইয়াআইয়ুহাল্লাযীনা আ-মানুজতানিবূ কাছীরাম মিনাজ্জান্নি ইন্না বা‘দাজ্জান্নি ইছমুওঁ ওয়ালা-তাজাছছাছূওয়ালা-ইয়াছতাব বা‘দুকুম বা‘দান আইউহিব্বু আহাদুকুম আইঁ ইয়া’কুলা লাহমা আখীহি মাইতান ফাকারিহতুমূহু ওয়াত্তাকুল্লা-হা ইন্নাল্লা-হা তাওওয়া-বুর রাহীম।",
    "bn_haque": "ওহে যারা ঈমান এনেছ! অধিকাংশ ক্ষেত্রে সন্দেহ এড়িয়ে চল, কেননা কোনো কোনো সন্দেহ নিশ্চয়ই পাপজনক। আর তোমরা গুপ্তচরবৃত্তি করো না, আর তোমাদের কেউ-কেউ অন্যদের আড়ালে নিন্দা করো না। তোমাদের কেউ কি চায় যে সে তার মৃত ভাইয়ের মাংস খাবে? নিশ্চিত তোমরা এটি ঘৃণা কর। আর আল্লাহ্‌কে ভয়-ভক্তি করো। নিঃসন্দেহ আল্লাহ্ বারবার প্রত্যাবর্তনকারী, অফুরন্ত ফলদাতা।",
    "bn_muhi": "মুমিনগণ, তোমরা অনেক ধারণা থেকে বেঁচে থাক। নিশ্চয় কতক ধারণা গোনাহ। এবং গোপনীয় বিষয় সন্ধান করো না। তোমাদের কেউ যেন কারও পশ্চাতে নিন্দা না করে। তোমাদের কেউ কি তারা মৃত ভ্রাতার মাংস ভক্ষণ করা পছন্দ করবে? বস্তুতঃ তোমরা তো একে ঘৃণাই কর। আল্লাহকে ভয় কর। নিশ্চয় আল্লাহ তওবা কবুলকারী, পরম দয়ালু।",
    "en": "O you who have believed, avoid much [negative] assumption. Indeed, some assumption is sin. And do not spy or backbite each other. Would one of you like to eat the flesh of his brother when dead? You would detest it. And fear Allah ; indeed, Allah is Accepting of repentance and Merciful."
  },
  {
    "id": 13,
    "ar": "يَٰٓأَيُّهَا ٱلنَّاسُ إِنَّا خَلَقْنَٰكُم مِّن ذَكَرٍ وَأُنثَىٰ وَجَعَلْنَٰكُمْ شُعُوبًا وَقَبَآئِلَ لِتَعَارَفُوٓا۟ إِنَّ أَكْرَمَكُمْ عِندَ ٱللَّهِ أَتْقَىٰكُمْ إِنَّ ٱللَّهَ عَلِيمٌ خَبِيرٌ",
    "tr": "ইয়াআইয়ুহান্না-ছুইন্না-খালাকনা-কুম মিন যাকারিওঁ ওয়া উনছা-ওয়া জা‘আলনা-কুম শু‘ঊবাওঁ ওয়া কাবাইলা লিতা‘আ-রাফূ ইন্না আকরামাকুম ‘ইনদাল্লা-হি আতকা-কুম ইন্নাল্লা-হা ‘আলীমুন খাবীর।",
    "bn_haque": "ওহে মানবজাতি! নিঃসন্দেহ আমরা তোমাদের সৃষ্টি করেছি পুরুষ ও নারী থেকে, আর আমরা তোমাদের বানিয়েছি নানান জাতি ও গোত্র যেন তোমরা চিনতে পার। নিশ্চয় আল্লাহ্‌র কাছে তোমাদের মধ্যে সব-চাইতে সম্মানিত সেইজন যে তোমাদের মধ্যে সব- চাইতে বেশি ধর্মভীরু। নিঃসন্দেহ আল্লাহ্ সর্বজ্ঞাতা, পূর্ণ-ওয়াকিফহাল।",
    "bn_muhi": "হে মানব, আমি তোমাদেরকে এক পুরুষ ও এক নারী থেকে সৃষ্টি করেছি এবং তোমাদেরকে বিভিন্ন জাতি ও গোত্রে বিভক্ত করেছি, যাতে তোমরা পরস্পরে পরিচিতি হও। নিশ্চয় আল্লাহর কাছে সে-ই সর্বাধিক সম্ভ্রান্ত যে সর্বাধিক পরহেযগার। নিশ্চয় আল্লাহ সর্বজ্ঞ, সবকিছুর খবর রাখেন।",
    "en": "O mankind, indeed We have created you from male and female and made you peoples and tribes that you may know one another. Indeed, the most noble of you in the sight of Allah is the most righteous of you. Indeed, Allah is Knowing and Acquainted."
  },
  {
    "id": 14,
    "ar": "قَالَتِ ٱلْأَعْرَابُ ءَامَنَّا قُل لَّمْ تُؤْمِنُوا۟ وَلَٰكِن قُولُوٓا۟ أَسْلَمْنَا وَلَمَّا يَدْخُلِ ٱلْإِيمَٰنُ فِى قُلُوبِكُمْ وَإِن تُطِيعُوا۟ ٱللَّهَ وَرَسُولَهُۥ لَا يَلِتْكُم مِّنْ أَعْمَٰلِكُمْ شَيْـًٔا إِنَّ ٱللَّهَ غَفُورٌ رَّحِيمٌ",
    "tr": "কা-লাতিল আ‘রা-বুআ-মান্না- কুল লাম তু’মিনূওয়ালা-কিন কু লূআছলামনাওয়ালাম্মা-ইয়াদখুলিল ঈমা-নুফী কুলূবিকুম ওয়াইন তুতী‘উল্লা-হা ওয়া রাছূলাহূলাইয়ালিতকুম মিন আ‘মা-লিকুম শাইয়ান ইন্নাল্লা-হা গাফূরুর রাহীম।",
    "bn_haque": "বেদুইনরা বলে -- \"আমরা ঈমান এনেছি।\" তুমি বলো -- \"তোমরা বিশ্বাস স্থাপন করো নি, বরং তোমাদের বলা উচিত -- 'আমরা ইসলাম কবুল করেছি’, কেননা তোমাদের অন্তরে ঈমান এখনও প্রবেশ করে নি। আর যদি তোমরা আল্লাহ্‌র ও তাঁর রসূলের আজ্ঞাপালন কর তাহলে তিনি তোমাদের ক্রিয়াকর্ম থেকে কিছুই তোমাদের জন্য কমাবেন না।\" নিঃসন্দেহ আল্লাহ্ পরিত্রাণকারী, অফুরন্ত ফলদাতা।",
    "bn_muhi": "মরুবাসীরা বলেঃ আমরা বিশ্বাস স্থাপন করেছি। বলুনঃ তোমরা বিশ্বাস স্থাপন করনি; বরং বল, আমরা বশ্যতা স্বীকার করেছি। এখনও তোমাদের অন্তরে বিশ্বাস জন্মেনি। যদি তোমরা আল্লাহ ও তাঁর রসূলের আনুগত্য কর, তবে তোমাদের কর্ম বিন্দুমাত্রও নিস্ফল করা হবে না। নিশ্চয়, আল্লাহ ক্ষমাশীল, পরম মেহেরবান।",
    "en": "The bedouins say, \"We have believed.\" Say, \"You have not [yet] believed; but say [instead], 'We have submitted,' for faith has not yet entered your hearts. And if you obey Allah and His Messenger, He will not deprive you from your deeds of anything. Indeed, Allah is Forgiving and Merciful.\""
  },
  {
    "id": 15,
    "ar": "إِنَّمَا ٱلْمُؤْمِنُونَ ٱلَّذِينَ ءَامَنُوا۟ بِٱللَّهِ وَرَسُولِهِۦ ثُمَّ لَمْ يَرْتَابُوا۟ وَجَٰهَدُوا۟ بِأَمْوَٰلِهِمْ وَأَنفُسِهِمْ فِى سَبِيلِ ٱللَّهِ أُو۟لَٰٓئِكَ هُمُ ٱلصَّٰدِقُونَ",
    "tr": "ইন্নামাল মু’মিনূনাল্লাযীনা আ-মানূবিল্লা-হি ওয়া রাছূলিহী ছুম্মা লাম ইয়ারতা-বূওয়া জাহাদূবিআমওয়া-লিহিম ওয়া আনফুছিহিম ফী ছাবিলিল্লা-হি উলাইকা হুমুসসা-দিকূন।",
    "bn_haque": "নিঃসন্দেহ মুমিন তারাই যারা আল্লাহ্‌তে ও তাঁর রসূলের প্রতি ঈমান এনেছে, তারপরে তারা সন্দেহ পোষণ করেনা, আর তাদের ধনসম্পদ ও তাদের জানপ্রাণ দিয়ে আল্লাহ্‌র পথে জিহাদ করে। এরাই খোদ সত্যনিষ্ঠ।",
    "bn_muhi": "তারাই মুমিন, যারা আল্লাহ ও তাঁর রসূলের প্রতি ঈমান আনার পর সন্দেহ পোষণ করে না এবং আল্লাহর পথে প্রাণ ও ধন-সম্পদ দ্বারা জেহাদ করে। তারাই সত্যনিষ্ঠ।",
    "en": "The believers are only the ones who have believed in Allah and His Messenger and then doubt not but strive with their properties and their lives in the cause of Allah . It is those who are the truthful."
  },
  {
    "id": 16,
    "ar": "قُلْ أَتُعَلِّمُونَ ٱللَّهَ بِدِينِكُمْ وَٱللَّهُ يَعْلَمُ مَا فِى ٱلسَّمَٰوَٰتِ وَمَا فِى ٱلْأَرْضِ وَٱللَّهُ بِكُلِّ شَىْءٍ عَلِيمٌ",
    "tr": "কুল আতু‘আলিল মূনাল্লা-হা বিদীনিকুম ওয়াল্লা-হু ইয়া‘লামুমা-ফিছ ছামা-ওয়া-তি ওয়ামাফিল আরদি ওয়াল্লা-হু বিকুল্লি শাইয়িন ‘আলীম।",
    "bn_haque": "তুমি বলো -- \"কী! তোমরা কি আল্লাহ্‌কে জানাতে চাও তোমাদের ধর্ম সম্পর্কে, অথচ আল্লাহ্ সব-কিছু সন্বন্ধে সর্বজ্ঞাতা।\"",
    "bn_muhi": "বলুনঃ তোমরা কি তোমাদের ধর্ম পরায়ণতা সম্পর্কে আল্লাহকে অবহিত করছ? অথচ আল্লাহ জানেন যা কিছু আছে ভূমন্ডলে এবং যা কিছু আছে নভোমন্ডলে। আল্লাহ সর্ববিষয়ে সম্যক জ্ঞাত।",
    "en": "Say, \"Would you acquaint Allah with your religion while Allah knows whatever is in the heavens and whatever is on the earth, and Allah is Knowing of all things?\""
  },
  {
    "id": 17,
    "ar": "يَمُنُّونَ عَلَيْكَ أَنْ أَسْلَمُوا۟ قُل لَّا تَمُنُّوا۟ عَلَىَّ إِسْلَٰمَكُم بَلِ ٱللَّهُ يَمُنُّ عَلَيْكُمْ أَنْ هَدَىٰكُمْ لِلْإِيمَٰنِ إِن كُنتُمْ صَٰدِقِينَ",
    "tr": "ইয়ামুন্নুনা ‘আলাইকা আন আছলামূ কুল লা-তামুন্নূ‘আলাইইয়া ইছলা-মাকুম বালিল্লাহু ইয়ামুন্নু‘আলাইকুম আন হাদা-কুম লিলঈমা-নি ইন কুনতুম সা-দিকীন।",
    "bn_haque": "তারা তোমার প্রতি অনুগ্রহ করেছে যেহেতু তারা মুসলিম হয়েছে। তুমি বল -- \"তোমাদের ইসলাম আমার প্রতি কোনো অনুগ্রহ বলে ভেবো না, বরং আল্লাহ্‌ই তোমাদের প্রতি অনুগ্রহ করেছেন যেহেতু তিনি ধর্মবিশ্বাসের প্রতি তোমাদের পরিচালিত করেছেন, যদি তোমরা সত্যপরায়ণ হও।\"",
    "bn_muhi": "তারা মুসলমান হয়ে আপনাকে ধন্য করেছে মনে করে। বলুন, তোমরা মুসলমান হয়ে আমাকে ধন্য করেছ মনে করো না। বরং আল্লাহ ঈমানের পথে পরিচালিত করে তোমাদেরকে ধন্য করেছেন, যদি তোমরা সত্যনিষ্ঠ হয়ে থাক।",
    "en": "They consider it a favor to you that they have accepted Islam. Say, \"Do not consider your Islam a favor to me. Rather, Allah has conferred favor upon you that He has guided you to the faith, if you should be truthful.\""
  },
  {
    "id": 18,
    "ar": "إِنَّ ٱللَّهَ يَعْلَمُ غَيْبَ ٱلسَّمَٰوَٰتِ وَٱلْأَرْضِ وَٱللَّهُ بَصِيرٌۢ بِمَا تَعْمَلُونَ",
    "tr": "ইন্নাল্লা-হা ইয়া‘লামুগাইবাছ ছামা-ওয়া-তি ওয়াল আরদি ওয়াল্লা-হু বাসীরুম বিমাতা‘মালূন।",
    "bn_haque": "নিঃসন্দেহ আল্লাহ মহাকাশমন্ডলী ও পৃথিবীর অদৃশ্য বিষয়গুলো জানেন। আর তোমরা যা করছ সে-সবের তো তিনি সর্বদ্রষ্টা।",
    "bn_muhi": "আল্লাহ নভোমন্ডল ও ভূমন্ডলের অদৃশ্য বিষয় জানেন, তোমরা যা কর আল্লাহ তা দেখেন।",
    "en": "Indeed, Allah knows the unseen [aspects] of the heavens and the earth. And Allah is Seeing of what you do."
  }
]