[
  {
    "id": 1,
    "ar": "وَٱلسَّمَآءِ وَٱلطَّارِقِ",
    "tr": "ওয়াছ ছামাই ওয়াততা-রিক।",
    "bn_haque": "ভাবো আকাশের ও রাতের আগন্তুকের কথা!",
    "bn_muhi": "শপথ আকাশের এবং রাত্রিতে আগমনকারীর।",
    "en": "By the sky and the night comer -"
  },
  {
    "id": 2,
    "ar": "وَمَآ أَدْرَىٰكَ مَا ٱلطَّارِقُ",
    "tr": "ওয়া মাআদরা-কা মাত্তা-রিক।",
    "bn_haque": "আর কী তোমাকে বুঝতে দেবে কে সেই রাতের আগন্তুক?",
    "bn_muhi": "আপনি জানেন, যে রাত্রিতে আসে সেটা কি?",
    "en": "And what can make you know what is the night comer?"
  },
  {
    "id": 3,
    "ar": "ٱلنَّجْمُ ٱلثَّاقِبُ",
    "tr": "আন্নাজমুছছা-কিব।",
    "bn_haque": "একটি অত্যুজ্জ্বল নক্ষত্র।",
    "bn_muhi": "সেটা এক উজ্জ্বল নক্ষত্র।",
    "en": "It is the piercing star -"
  },
  {
    "id": 4,
    "ar": "إِن كُلُّ نَفْسٍ لَّمَّا عَلَيْهَا حَافِظٌ",
    "tr": "ইন কুল্লুনাফছিল লাম্মা-‘আলাইহা-হা-ফিজ।",
    "bn_haque": "প্রত্যেক সার পক্ষেই -- তার উপরে একজন তত্ত্বাবধায়ক রয়েছে।",
    "bn_muhi": "প্রত্যেকের উপর একজন তত্ত্বাবধায়ক রয়েছে।",
    "en": "There is no soul but that it has over it a protector."
  },
  {
    "id": 5,
    "ar": "فَلْيَنظُرِ ٱلْإِنسَٰنُ مِمَّ خُلِقَ",
    "tr": "ফালইয়ানযুরিল ইনছা-নুমিম্মা খুলিক।",
    "bn_haque": "সুতরাং মানুষ ভেবে দেখুক কিসে থেকে তাকে সৃষ্টি করা হয়েছে।",
    "bn_muhi": "অতএব, মানুষের দেখা উচিত কি বস্তু থেকে সে সৃজিত হয়েছে।",
    "en": "So let man observe from what he was created."
  },
  {
    "id": 6,
    "ar": "خُلِقَ مِن مَّآءٍ دَافِقٍ",
    "tr": "খুলিকা মিম্মাইন দা-ফিকি।",
    "bn_haque": "তাকে সৃষ্টি করা হয়েছে সবেগে-স্খলিত পানি থেকে, --",
    "bn_muhi": "সে সৃজিত হয়েছে সবেগে স্খলিত পানি থেকে।",
    "en": "He was created from a fluid, ejected,"
  },
  {
    "id": 7,
    "ar": "يَخْرُجُ مِنۢ بَيْنِ ٱلصُّلْبِ وَٱلتَّرَآئِبِ",
    "tr": "ইয়াখরুজুমিম বাইনিসসুলবি ওয়াত্তারাইব।",
    "bn_haque": "যা নির্গত হয় মেরুদন্ড ও বুকের পাঁজরের মধ্য হতে।",
    "bn_muhi": "এটা নির্গত হয় মেরুদন্ড ও বক্ষপাজরের মধ্য থেকে।",
    "en": "Emerging from between the backbone and the ribs."
  },
  {
    "id": 8,
    "ar": "إِنَّهُۥ عَلَىٰ رَجْعِهِۦ لَقَادِرٌ",
    "tr": "ইন্নাহূ‘আলা-রাজ‘ইহী লাকা-দির।",
    "bn_haque": "নিঃসন্দেহ তিনি তার প্রত্যাবর্তনে অবশ্যই ক্ষমতাবান।",
    "bn_muhi": "নিশ্চয় তিনি তাকে ফিরিয়ে নিতে সক্ষম।",
    "en": "Indeed, Allah, to return him [to life], is Able."
  },
  {
    "id": 9,
    "ar": "يَوْمَ تُبْلَى ٱلسَّرَآئِرُ",
    "tr": "ইয়াওমা তুবলাছ ছারাইর।",
    "bn_haque": "সেইদিন লুকোনো সব-কিছুকে প্রকাশ করা হবে;",
    "bn_muhi": "যেদিন গোপন বিষয়াদি পরীক্ষিত হবে,",
    "en": "The Day when secrets will be put on trial,"
  },
  {
    "id": 10,
    "ar": "فَمَا لَهُۥ مِن قُوَّةٍ وَلَا نَاصِرٍ",
    "tr": "ফামা-লাহূমিন কুওওয়াতিওঁ ওয়ালা-না-সির।",
    "bn_haque": "তখন তার থাকবে না কোনো ক্ষমতা ও না কোনো সাহায্যকারী।",
    "bn_muhi": "সেদিন তার কোন শক্তি থাকবে না এবং সাহায্যকারীও থাকবে না।",
    "en": "Then man will have no power or any helper."
  },
  {
    "id": 11,
    "ar": "وَٱلسَّمَآءِ ذَاتِ ٱلرَّجْعِ",
    "tr": "ওয়াছ ছামাই যা-তির রাজ‘ই।",
    "bn_haque": "ভাবো বর্ষণোন্নুখ আকাশের কথা,",
    "bn_muhi": "শপথ চক্রশীল আকাশের",
    "en": "By the sky which returns [rain]"
  },
  {
    "id": 12,
    "ar": "وَٱلْأَرْضِ ذَاتِ ٱلصَّدْعِ",
    "tr": "ওয়াল আরদিযা-তিসসাদ‘ই।",
    "bn_haque": "আর পৃথিবীর কথা যা বিদীর্ণ হয়।",
    "bn_muhi": "এবং বিদারনশীল পৃথিবীর",
    "en": "And [by] the earth which cracks open,"
  },
  {
    "id": 13,
    "ar": "إِنَّهُۥ لَقَوْلٌ فَصْلٌ",
    "tr": "ইন্নাহূলাকাওলুন ফাসল।",
    "bn_haque": "নিঃসন্দেহ এটি সুমীমাংসাকারী বক্তব্য,",
    "bn_muhi": "নিশ্চয় কোরআন সত্য-মিথ্যার ফয়সালা।",
    "en": "Indeed, the Qur'an is a decisive statement,"
  },
  {
    "id": 14,
    "ar": "وَمَا هُوَ بِٱلْهَزْلِ",
    "tr": "ওয়ামা-হুওয়া বিল হাঝলি।",
    "bn_haque": "আর এটি কোনো তামাশার জিনিস নয়।",
    "bn_muhi": "এবং এটা উপহাস নয়।",
    "en": "And it is not amusement."
  },
  {
    "id": 15,
    "ar": "إِنَّهُمْ يَكِيدُونَ كَيْدًا",
    "tr": "ইন্নাহুম ইয়াকীদূনা কাইদাওঁ।",
    "bn_haque": "নিঃসন্দেহ তারা চাল চালছে,",
    "bn_muhi": "তারা ভীষণ চক্রান্ত করে,",
    "en": "Indeed, they are planning a plan,"
  },
  {
    "id": 16,
    "ar": "وَأَكِيدُ كَيْدًا",
    "tr": "ওয়া আকীদুকাইদা-।",
    "bn_haque": "আর আমিও পরিকল্পনা উদ্ভাবন করছি।",
    "bn_muhi": "আর আমিও কৌশল করি।",
    "en": "But I am planning a plan."
  },
  {
    "id": 17,
    "ar": "فَمَهِّلِ ٱلْكَٰفِرِينَ أَمْهِلْهُمْ رُوَيْدًۢا",
    "tr": "ফামাহহিলিল কা-ফিরীনা আমহিলহুম রুওয়াইদা-।",
    "bn_haque": "অতএব তুমি অবিশ্বাসীদের অবকাশ দাও, তাদের অবকাশ দাও কিছুটা সময়।",
    "bn_muhi": "অতএব, কাফেরদেরকে অবকাশ দিন, তাদেরকে অবকাশ দিন, কিছু দিনের জন্যে।",
    "en": "So allow time for the disbelievers. Leave them awhile."
  }
]