[
  {
    "id": 1,
    "ar": "وَٱلطُّورِ",
    "tr": "ওয়াততূরি।",
    "bn_haque": "ভাবো পাহাড়ের কথা,",
    "bn_muhi": "কসম তূরপর্বতের,",
    "en": "By the mount"
  },
  {
    "id": 2,
    "ar": "وَكِتَٰبٍ مَّسْطُورٍ",
    "tr": "ওয়া কিতা-বিম মাছতূর।",
    "bn_haque": "আর লিখিত গ্রন্থের,",
    "bn_muhi": "এবং লিখিত কিতাবের,",
    "en": "And [by] a Book inscribed"
  },
  {
    "id": 3,
    "ar": "فِى رَقٍّ مَّنشُورٍ",
    "tr": "ফী-রাক্কিম মানশূর।",
    "bn_haque": "এক খোলামেলা পাতায়,",
    "bn_muhi": "প্রশস্ত পত্রে,",
    "en": "In parchment spread open"
  },
  {
    "id": 4,
    "ar": "وَٱلْبَيْتِ ٱلْمَعْمُورِ",
    "tr": "ওয়াল বাইতিল মা‘মূর।",
    "bn_haque": "আর ভাবো ঘনঘন গমনাগমনের গৃহের কথা,",
    "bn_muhi": "কসম বায়তুল-মামুর তথা আবাদ গৃহের,",
    "en": "And [by] the frequented House"
  },
  {
    "id": 5,
    "ar": "وَٱلسَّقْفِ ٱلْمَرْفُوعِ",
    "tr": "ওয়াছছাকফিল মারফূ‘।",
    "bn_haque": "আর সমুন্নত ছাদের,",
    "bn_muhi": "এবং সমুন্নত ছাদের,",
    "en": "And [by] the heaven raised high"
  },
  {
    "id": 6,
    "ar": "وَٱلْبَحْرِ ٱلْمَسْجُورِ",
    "tr": "ওয়াল বাহরিল মাছজূর।",
    "bn_haque": "আর উচ্ছলিত সমুদ্রের কথা,",
    "bn_muhi": "এবং উত্তাল সমুদ্রের,",
    "en": "And [by] the sea filled [with fire],"
  },
  {
    "id": 7,
    "ar": "إِنَّ عَذَابَ رَبِّكَ لَوَٰقِعٌ",
    "tr": "ইন্না ‘আযা-বা রাব্বিকা লাওয়া-কি‘।",
    "bn_haque": "নিঃসন্দেহ তোমার প্রভুর শাস্তি অবশ্যাবী --",
    "bn_muhi": "আপনার পালনকর্তার শাস্তি অবশ্যম্ভাবী,",
    "en": "Indeed, the punishment of your Lord will occur."
  },
  {
    "id": 8,
    "ar": "مَّا لَهُۥ مِن دَافِعٍ",
    "tr": "মা-লাহূমিন দা-ফি‘।",
    "bn_haque": "এটির জন্য কোনো প্রতিরোধকারী নেই;",
    "bn_muhi": "তা কেউ প্রতিরোধ করতে পারবে না।",
    "en": "Of it there is no preventer."
  },
  {
    "id": 9,
    "ar": "يَوْمَ تَمُورُ ٱلسَّمَآءُ مَوْرًا",
    "tr": "ইয়াওমা তামূরুছ ছামাউ মাওরা-।",
    "bn_haque": "যেদিন আকাশ আলোড়ন করবে আলোড়নে,",
    "bn_muhi": "সেদিন আকাশ প্রকম্পিত হবে প্রবলভাবে।",
    "en": "On the Day the heaven will sway with circular motion"
  },
  {
    "id": 10,
    "ar": "وَتَسِيرُ ٱلْجِبَالُ سَيْرًا",
    "tr": "ওয়া তাছীরুল জিবা-লুছাইরা-।",
    "bn_haque": "আর পাহাড়গুলো চলে যাবে চলে যাওয়ায়।",
    "bn_muhi": "এবং পর্বতমালা হবে চলমান,",
    "en": "And the mountains will pass on, departing -"
  },
  {
    "id": 11,
    "ar": "فَوَيْلٌ يَوْمَئِذٍ لِّلْمُكَذِّبِينَ",
    "tr": "ফাওয়াইলুইঁ ইয়াওমাইযিলিললমুকাযযিবীন।",
    "bn_haque": "অতএব ধিক্ সেইদিন প্রত্যাখ্যানকারীদের জন্য --",
    "bn_muhi": "সেদিন মিথ্যারোপকারীদের দুর্ভোগ হবে,",
    "en": "Then woe, that Day, to the deniers,"
  },
  {
    "id": 12,
    "ar": "ٱلَّذِينَ هُمْ فِى خَوْضٍ يَلْعَبُونَ",
    "tr": "আল্লাযীনা হুম ফী খাওদিইঁ ইয়াল‘আবূন।",
    "bn_haque": "যারা বৃথা তর্কবিতর্কে খেলা খেলছে।",
    "bn_muhi": "যারা ক্রীড়াচ্ছলে মিছেমিছি কথা বানায়।",
    "en": "Who are in [empty] discourse amusing themselves."
  },
  {
    "id": 13,
    "ar": "يَوْمَ يُدَعُّونَ إِلَىٰ نَارِ جَهَنَّمَ دَعًّا",
    "tr": "ইয়াওমা ইউদা‘‘ঊনা ইলা-না-রি জাহান্নামা দা‘‘আ-।",
    "bn_haque": "সেইদিন তাদের ধাক্কা দিয়ে নেওয়া হবে জাহান্নামের আগুনের দিকে ধাক্কা দিতে দিতে।",
    "bn_muhi": "সেদিন তোমাদেরকে জাহান্নামের অগ্নির দিকে ধাক্কা মেরে মেরে নিয়ে যাওয়া হবে।",
    "en": "The Day they are thrust toward the fire of Hell with a [violent] thrust, [its angels will say],"
  },
  {
    "id": 14,
    "ar": "هَٰذِهِ ٱلنَّارُ ٱلَّتِى كُنتُم بِهَا تُكَذِّبُونَ",
    "tr": "হা-যিহিন্না-রুল্লাতী কুনতুম বিহা-তুকাযযিবূন।",
    "bn_haque": "\"এইটিই সেই আগুন যেটিকে তোমরা মিথ্যা বলতে।",
    "bn_muhi": "এবং বলা হবেঃ এই সেই অগ্নি, যাকে তোমরা মিথ্যা বলতে,",
    "en": "\"This is the Fire which you used to deny."
  },
  {
    "id": 15,
    "ar": "أَفَسِحْرٌ هَٰذَآ أَمْ أَنتُمْ لَا تُبْصِرُونَ",
    "tr": "আফাছিহরুন হা-যাআম আনতুম লা-তুবসিরূন।",
    "bn_haque": "\"এটি কি তবে জাদু? না কি তোমরা দেখতে পাচ্ছ না?",
    "bn_muhi": "এটা কি জাদু, না তোমরা চোখে দেখছ না?",
    "en": "Then is this magic, or do you not see?"
  },
  {
    "id": 16,
    "ar": "ٱصْلَوْهَا فَٱصْبِرُوٓا۟ أَوْ لَا تَصْبِرُوا۟ سَوَآءٌ عَلَيْكُمْ إِنَّمَا تُجْزَوْنَ مَا كُنتُمْ تَعْمَلُونَ",
    "tr": "ইসলাওহা-ফাসবিরূআওলা-তাসবিরূ ছাওয়াউন ‘আলাইকুম ইন্নামা-তুজঝাওনা মা-কুনতুম তা‘মালূন।",
    "bn_haque": "ঢুকে পড় এতে! অতঃপর তোমরা ধৈর্য ধর অথবা ধৈর্য না-ধর, তোমাদের জন্য একসমান। তোমাদের প্রতিফল দেওয়া হচ্ছে শুধুমাত্র তোমরা যা করতে তারই।",
    "bn_muhi": "এতে প্রবেশ কর অতঃপর তোমরা সবর কর অথবা না কর, উভয়ই তোমাদের জন্য সমান। তোমরা যা করতে তোমাদেরকে কেবল তারই প্রতিফল দেয়া হবে।",
    "en": "[Enter to] burn therein; then be patient or impatient - it is all the same for you. You are only being recompensed [for] what you used to do.\""
  },
  {
    "id": 17,
    "ar": "إِنَّ ٱلْمُتَّقِينَ فِى جَنَّٰتٍ وَنَعِيمٍ",
    "tr": "ইন্নাল মুত্তাকীনা ফী জান্না-তিওঁ ওয়া না‘ঈম।",
    "bn_haque": "নিঃসন্দেহ মুত্তকীরা থাকবে জান্নাতে ও পরমানন্দে, --",
    "bn_muhi": "নিশ্চয় খোদাভীরুরা থাকবে জান্নাতে ও নেয়ামতে।",
    "en": "Indeed, the righteous will be in gardens and pleasure,"
  },
  {
    "id": 18,
    "ar": "فَٰكِهِينَ بِمَآ ءَاتَىٰهُمْ رَبُّهُمْ وَوَقَىٰهُمْ رَبُّهُمْ عَذَابَ ٱلْجَحِيمِ",
    "tr": "ফা-কিহীনা বিমাআ-তা-হুম রাব্বুহুম ওয়া ওয়াকা-হুম রাব্বুহুম ‘আযা-বাল জাহীম।",
    "bn_haque": "তাদের প্রভু যা তাদের দিয়েছেন সেজন্য তারা সুখভোগ করতে থাকবে, আর তাদের প্রভু তাদের রক্ষা করবেন ভয়ংকর আগুনের শাস্তি থেকে।",
    "bn_muhi": "তারা উপভোগ করবে যা তাদের পালনকর্তা তাদের দেবেন এবং তিনি জাহান্নামের আযাব থেকে তাদেরকে রক্ষা করবেন।",
    "en": "Enjoying what their Lord has given them, and their Lord protected them from the punishment of Hellfire."
  },
  {
    "id": 19,
    "ar": "كُلُوا۟ وَٱشْرَبُوا۟ هَنِيٓـًٔۢا بِمَا كُنتُمْ تَعْمَلُونَ",
    "tr": "কুলূওয়াশরাবূহানীআম বিমা-কুনতুম তা‘মালূন।",
    "bn_haque": "তোমরা যা করে থাকতে সেজন্য তৃপ্তির সাথে খাওদাও ও পান করো।",
    "bn_muhi": "তাদেরকে বলা হবেঃ তোমরা যা করতে তার প্রতিফলস্বরূপ তোমরা তৃপ্ত হয়ে পানাহার কর।",
    "en": "[They will be told], \"Eat and drink in satisfaction for what you used to do.\""
  },
  {
    "id": 20,
    "ar": "مُتَّكِـِٔينَ عَلَىٰ سُرُرٍ مَّصْفُوفَةٍ وَزَوَّجْنَٰهُم بِحُورٍ عِينٍ",
    "tr": "মুত্তাকিঈনা ‘আলা-ছুরুরিম মাসফূফাতিওঁ ওয়াঝাওওয়াজনা-হুম বিহূরিন ‘ঈন।",
    "bn_haque": "তারা হেলান দিয়ে বসবে সারি-সারি সিংহাসনের উপরে, আর আমরা তাদের জোড় মিলিয়ে দেব আয়তলোচন হূরদের সাথে।",
    "bn_muhi": "তারা শ্রেণীবদ্ধ সিংহাসনে হেলান দিয়ে বসবে। আমি তাদেরকে আয়তলোচনা হুরদের সাথে বিবাহবন্ধনে আবদ্ধ করে দেব।",
    "en": "They will be reclining on thrones lined up, and We will marry them to fair women with large, [beautiful] eyes."
  },
  {
    "id": 21,
    "ar": "وَٱلَّذِينَ ءَامَنُوا۟ وَٱتَّبَعَتْهُمْ ذُرِّيَّتُهُم بِإِيمَٰنٍ أَلْحَقْنَا بِهِمْ ذُرِّيَّتَهُمْ وَمَآ أَلَتْنَٰهُم مِّنْ عَمَلِهِم مِّن شَىْءٍ كُلُّ ٱمْرِئٍۭ بِمَا كَسَبَ رَهِينٌ",
    "tr": "ওয়াল্লাযীনা আ-মানূওয়াত্তাবা‘আতহুম যুররিইইয়াতুহুম বিঈমা-নিন আলহাকনা-বিহিম যুররিইইয়াতাহুম ওয়ামাআলাতনা-হুম মিন ‘আমালিহিম মিন শাইয়িন কুল্লুমরিইম বিমাকাছাবা রাহীন।",
    "bn_haque": "আর যারা ঈমান আনে, এবং যাদের সন্তানসন্ততি ধর্মবিশ্বাসে তাদের অনুসরণ করে -- আমরা তাদের সঙ্গে মিলন ঘটাব তাদের ছেলেমেয়েদের, আর আমরা তাদের ক্রিয়াকর্ম থেকে কোনো কিছুই তাদের জন্য কমিয়ে দেব না। প্রত্যেক ব্যক্তিই সে যা অর্জন করেছে সেজন্য দায়ী।",
    "bn_muhi": "যারা ঈমানদার এবং যাদের সন্তানরা ঈমানে তাদের অনুগামী, আমি তাদেরকে তাদের পিতৃপুরুষদের সাথে মিলিত করে দেব এবং তাদের আমল বিন্দুমাত্রও হ্রাস করব না। প্রত্যেক ব্যক্তি নিজ কৃত কর্মের জন্য দায়ী।",
    "en": "And those who believed and whose descendants followed them in faith - We will join with them their descendants, and We will not deprive them of anything of their deeds. Every person, for what he earned, is retained."
  },
  {
    "id": 22,
    "ar": "وَأَمْدَدْنَٰهُم بِفَٰكِهَةٍ وَلَحْمٍ مِّمَّا يَشْتَهُونَ",
    "tr": "ওয়া আম দাদ না-হুম বিফা-কিহাতিওঁ ওয়া লাহমিম মিম্মা-ইয়াশতাহূন।",
    "bn_haque": "আর আমরা তাদের প্রচুর পরিমাণে প্রদান করব ফলফসল ও মাছমাংস -- যা তারা পছন্দ করে তা থেকে।",
    "bn_muhi": "আমি তাদেরকে দেব ফল-মূল এবং মাংস যা তারা চাইবে।",
    "en": "And We will provide them with fruit and meat from whatever they desire."
  },
  {
    "id": 23,
    "ar": "يَتَنَٰزَعُونَ فِيهَا كَأْسًا لَّا لَغْوٌ فِيهَا وَلَا تَأْثِيمٌ",
    "tr": "ইয়াতানা-ঝা‘ঊনা ফীহা-কা’ছাল লা-লাগউন ফীহা-ওয়ালা-তা’ছীম।",
    "bn_haque": "তারা সেখানে একটি পানপাত্র পরস্পরের মধ্যে আদান-প্রদান করবে, তাতে থাকবে না কোনো খেলো আচরণ, না কোনো পাপ।",
    "bn_muhi": "সেখানে তারা একে অপরকে পানপাত্র দেবে; যাতে অসার বকাবকি নেই এবং পাপকর্মও নেই।",
    "en": "They will exchange with one another a cup [of wine] wherein [results] no ill speech or commission of sin."
  },
  {
    "id": 24,
    "ar": "وَيَطُوفُ عَلَيْهِمْ غِلْمَانٌ لَّهُمْ كَأَنَّهُمْ لُؤْلُؤٌ مَّكْنُونٌ",
    "tr": "ওয়া ইয়াতূফু‘আলাইহিম গিলমা-নুল্লাহুম কাআন্নাহুম লু’লুউম মাকনূন।",
    "bn_haque": "আর তাদের চারিদিকে ঘুরবে তাদের কিশোররা, -- তারা যেন সুরক্ষিত মুক্তো!",
    "bn_muhi": "সুরক্ষিত মোতিসদৃশ কিশোররা তাদের সেবায় ঘুরাফেরা করবে।",
    "en": "There will circulate among them [servant] boys [especially] for them, as if they were pearls well-protected."
  },
  {
    "id": 25,
    "ar": "وَأَقْبَلَ بَعْضُهُمْ عَلَىٰ بَعْضٍ يَتَسَآءَلُونَ",
    "tr": "ওয়া আকবালা বা‘দুহুম ‘আলা-বা‘দিইঁ ইয়াতাছাআলূন।",
    "bn_haque": "আর তাদের কেউ-কেউ অপরের দিকে জিজ্ঞাসাবাদ ক’রে এগিয়ে যাবে --",
    "bn_muhi": "তারা একে অপরের দিকে মুখ করে জিজ্ঞাসাবাদ করবে।",
    "en": "And they will approach one another, inquiring of each other."
  },
  {
    "id": 26,
    "ar": "قَالُوٓا۟ إِنَّا كُنَّا قَبْلُ فِىٓ أَهْلِنَا مُشْفِقِينَ",
    "tr": "কা-লূইন্না-কুন্না-কাবলুফীআহলিনা-মুশফিকীন।",
    "bn_haque": "তারা বলবে -- \"নিঃসন্দেহ আমরা ইতিপূর্বে আমাদের পরিজনদের সম্পর্কে ভীত ছিলাম।",
    "bn_muhi": "তারা বলবেঃ আমরা ইতিপূর্বে নিজেদের বাসগৃহে ভীত-কম্পিত ছিলাম।",
    "en": "They will say, \"Indeed, we were previously among our people fearful [of displeasing Allah ]."
  },
  {
    "id": 27,
    "ar": "فَمَنَّ ٱللَّهُ عَلَيْنَا وَوَقَىٰنَا عَذَابَ ٱلسَّمُومِ",
    "tr": "ফামান্নাল্লা-হু ‘আলাইনা-ওয়া ওয়াকা-না ‘আযা-বাছছামূম।",
    "bn_haque": "\"তবে আল্লাহ আমাদের প্রতি অনুগ্রহ করেছেন, আর আমাদের রক্ষা করেছেন তাপপীড়িত বায়ুপ্রবাহের শাস্তি থেকে।",
    "bn_muhi": "অতঃপর আল্লাহ আমাদের প্রতি অনুগ্রহ করেছেন এবং আমাদেরকে আগুনের শাস্তি থেকে রক্ষা করেছেন।",
    "en": "So Allah conferred favor upon us and protected us from the punishment of the Scorching Fire."
  },
  {
    "id": 28,
    "ar": "إِنَّا كُنَّا مِن قَبْلُ نَدْعُوهُ إِنَّهُۥ هُوَ ٱلْبَرُّ ٱلرَّحِيمُ",
    "tr": "ইন্না-কুন্না-মিন কাবলুনাদ‘ঊহু ইন্নাহূহুওয়াল বাররুর রাহীম।",
    "bn_haque": "\"আমরা অবশ্য এর আগেও তাঁকে ডাকতে থাকতাম। নিঃসন্দেহ তিনি খোদ অতি সদাশয়, অফুরন্ত ফলদাতা।",
    "bn_muhi": "আমরা পূর্বেও আল্লাহকে ডাকতাম। তিনি সৌজন্যশীল, পরম দয়ালু।",
    "en": "Indeed, we used to supplicate Him before. Indeed, it is He who is the Beneficent, the Merciful.\""
  },
  {
    "id": 29,
    "ar": "فَذَكِّرْ فَمَآ أَنتَ بِنِعْمَتِ رَبِّكَ بِكَاهِنٍ وَلَا مَجْنُونٍ",
    "tr": "ফাযাক্কির ফামাআনতা বিনি‘মাতি রাব্বিকা বিকা-হিনিওঁ ওয়ালা-মাজনূন।",
    "bn_haque": "অতএব তুমি উপদেশ দান করতে থাকো, কেননা তোমার প্রভুর অনুগ্রহে তুমি তো গনৎকার নও এবং মাথা-পাগলাও নও।",
    "bn_muhi": "অতএব, আপনি উপদেশ দান করুন। আপনার পালনকর্তার কৃপায় আপনি অতীন্দ্রিয়বাদী নন এবং উম্মাদও নন।",
    "en": "So remind [O Muhammad], for you are not, by the favor of your Lord, a soothsayer or a madman."
  },
  {
    "id": 30,
    "ar": "أَمْ يَقُولُونَ شَاعِرٌ نَّتَرَبَّصُ بِهِۦ رَيْبَ ٱلْمَنُونِ",
    "tr": "আম ইয়াকূলূনা শা-‘ইরুন নাতারাব্বাসুবিহী রাইবাল মানূন।",
    "bn_haque": "অথবা তারা কি বলে -- \"একজন কবি, আমরা বরং তার জন্য অপেক্ষা করি কালের কবলে পড়ার দরুন?",
    "bn_muhi": "তারা কি বলতে চায়ঃ সে একজন কবি আমরা তার মৃত্যু-দুর্ঘটনার প্রতীক্ষা করছি।",
    "en": "Or do they say [of you], \"A poet for whom we await a misfortune of time?\""
  },
  {
    "id": 31,
    "ar": "قُلْ تَرَبَّصُوا۟ فَإِنِّى مَعَكُم مِّنَ ٱلْمُتَرَبِّصِينَ",
    "tr": "কুল তারাব্বাসূফাইন্নী মা‘আকুম মিনাল মুতারাব্বিসীন।",
    "bn_haque": "তুমি বলো -- \"তোমরা অপেক্ষা করতে থাকো, আমিও তবে অবশ্য তোমাদের সঙ্গে অপেক্ষাকারীদের মধ্যে রয়েছি।\"",
    "bn_muhi": "বলুনঃ তোমরা প্রতীক্ষা কর, আমিও তোমাদের সাথে প্রতীক্ষারত আছি।",
    "en": "Say, \"Wait, for indeed I am, with you, among the waiters.\""
  },
  {
    "id": 32,
    "ar": "أَمْ تَأْمُرُهُمْ أَحْلَٰمُهُم بِهَٰذَآ أَمْ هُمْ قَوْمٌ طَاغُونَ",
    "tr": "আম তা’মুরুহুম আহলা-মুহুম বিহা-যাআম হুম কাওমুন তা-গূন।",
    "bn_haque": "অথবা তাদের বোধশক্তি কি এ-বিষয়ে তাদের নির্দেশ দিয়ে থাকে? অথবা তারা কি এক সীমালংঘনকারী জাতি?",
    "bn_muhi": "তাদের বুদ্ধি কি এ বিষয়ে তাদেরকে আদেশ করে, না তারা সীমালংঘনকারী সম্প্রদায়?",
    "en": "Or do their minds command them to [say] this, or are they a transgressing people?"
  },
  {
    "id": 33,
    "ar": "أَمْ يَقُولُونَ تَقَوَّلَهُۥ بَل لَّا يُؤْمِنُونَ",
    "tr": "আম ইয়াকূলূনা তাকাওওয়ালাহূ বাল্লা-ইউ’মিনূন।",
    "bn_haque": "অথবা তারা কি বলে যে এটি সে বর্ণনা করেছে? না, তারা বিশ্বাস করে না।",
    "bn_muhi": "না তারা বলেঃ এই কোরআন সে নিজে রচনা করেছে? বরং তারা অবিশ্বাসী।",
    "en": "Or do they say, \"He has made it up\"? Rather, they do not believe."
  },
  {
    "id": 34,
    "ar": "فَلْيَأْتُوا۟ بِحَدِيثٍ مِّثْلِهِۦٓ إِن كَانُوا۟ صَٰدِقِينَ",
    "tr": "ফালইয়া’তূবিহাদীছিম মিছলিহীইন কা-নূসা-দিকীন।",
    "bn_haque": "তাহলে তারা এর সমতুল্য এক রচনা নিয়ে আসুক, -- যদি তারা সত্যবাদী হয়।",
    "bn_muhi": "যদি তারা সত্যবাদী হয়ে থাকে, তবেএর অনুরূপ কোন রচনা উপস্থিত করুক।",
    "en": "Then let them produce a statement like it, if they should be truthful."
  },
  {
    "id": 35,
    "ar": "أَمْ خُلِقُوا۟ مِنْ غَيْرِ شَىْءٍ أَمْ هُمُ ٱلْخَٰلِقُونَ",
    "tr": "আম খুলিকূমিন গাইরি শাইয়িন আম হুমুল খা-লিকূন।",
    "bn_haque": "অথবা তাদের কি সৃষ্টি করা হয়েছে কেউ না-থাকা থেকে, না তারাই সৃষ্টিকর্তা?",
    "bn_muhi": "তারা কি আপনা-আপনিই সৃজিত হয়ে গেছে, না তারা নিজেরাই স্রষ্টা?",
    "en": "Or were they created by nothing, or were they the creators [of themselves]?"
  },
  {
    "id": 36,
    "ar": "أَمْ خَلَقُوا۟ ٱلسَّمَٰوَٰتِ وَٱلْأَرْضَ بَل لَّا يُوقِنُونَ",
    "tr": "আম খালাকুছ ছামা-ওয়া-তি ওয়াল আরদা বাল্লা-ইঊকিনূন।",
    "bn_haque": "অথবা তারা কি সৃষ্টি করেছিল মহাকাশমন্ডল ও পৃথিবী? না, তারা দৃঢ়বিশ্বাস রাখে না।",
    "bn_muhi": "না তারা নভোমন্ডল ও ভূমন্ডল সৃষ্টি করেছে? বরং তারা বিশ্বাস করে না।",
    "en": "Or did they create the heavens and the earth? Rather, they are not certain."
  },
  {
    "id": 37,
    "ar": "أَمْ عِندَهُمْ خَزَآئِنُ رَبِّكَ أَمْ هُمُ ٱلْمُصَۣيْطِرُونَ",
    "tr": "আম ‘ইনদাহুম খাঝাইনুরাব্বিকা আম হুমুল মুসাইতিরূন।",
    "bn_haque": "অথবা তাদের কাছেই কি রয়েছে তোমার প্রভুর ধনভান্ডার, না তারাই নিয়ন্তা?",
    "bn_muhi": "তাদের কাছে কি আপনার পালনকর্তার ভান্ডার রয়েছে, না তারাই সবকিছুর তত্ত্বাবধায়ক?",
    "en": "Or have they the depositories [containing the provision] of your Lord? Or are they the controllers [of them]?"
  },
  {
    "id": 38,
    "ar": "أَمْ لَهُمْ سُلَّمٌ يَسْتَمِعُونَ فِيهِ فَلْيَأْتِ مُسْتَمِعُهُم بِسُلْطَٰنٍ مُّبِينٍ",
    "tr": "আম লাহুম ছুল্লামুইঁ ইয়াছতামি‘ঊনা ফীহি ফালইয়া’তি মুছতামি‘উহুম বিছুলতা-নিম মুবীন।",
    "bn_haque": "অথবা তাদের কাছে কি রয়েছে সিড়ি যাঁর সাহায্যে তারা শোনে নেয়? তাহলে তাদের শ্রবণকারী নিয়ে আসুক এক সুস্পষ্ট প্রমাণ।",
    "bn_muhi": "না তাদের কোন সিঁড়ি আছে, যাতে আরোহণ করে তারা শ্রবণ করে? থাকলে তাদের শ্রোতা সুস্পষ্ট প্রমাণ উপস্থিত করুক।",
    "en": "Or have they a stairway [into the heaven] upon which they listen? Then let their listener produce a clear authority."
  },
  {
    "id": 39,
    "ar": "أَمْ لَهُ ٱلْبَنَٰتُ وَلَكُمُ ٱلْبَنُونَ",
    "tr": "আম লাহুল বানা-তুওয়া লাকুমুল বানূন।",
    "bn_haque": "অথবা তাঁর কারণে কি রয়েছে কন্যারাসব, আর তোমাদের জন্য রয়েছে পুত্ররা?",
    "bn_muhi": "না তার কন্যা-সন্তান আছে আর তোমাদের আছে পুত্রসন্তান?",
    "en": "Or has He daughters while you have sons?"
  },
  {
    "id": 40,
    "ar": "أَمْ تَسْـَٔلُهُمْ أَجْرًا فَهُم مِّن مَّغْرَمٍ مُّثْقَلُونَ",
    "tr": "আম তাছআলূহুম আজরান ফাহুম মিম মাগরামিম মুছকালূন।",
    "bn_haque": "অথবা তুমি কি তাদের কাছে পারিশ্রমিক চাইছ, যার ফলে তারা দেনায় ভারাক্রান্ত হয়ে গেছে?",
    "bn_muhi": "না আপনি তাদের কাছে পারিশ্রমিক চান যে, তাদের উপর জরিমানার বোঝা চেপে বসে?",
    "en": "Or do you, [O Muhammad], ask of them a payment, so they are by debt burdened down?"
  },
  {
    "id": 41,
    "ar": "أَمْ عِندَهُمُ ٱلْغَيْبُ فَهُمْ يَكْتُبُونَ",
    "tr": "আম ‘ইনদা হুমুল গাইবুফাহুম ইয়াকতুবূন।",
    "bn_haque": "অথবা অদৃশ্য কি তাদের কাছে রয়েছে যার ফলে তারা লিখে ফেলতে পারে?",
    "bn_muhi": "না তাদের কাছে অদৃশ্য বিষয়ের জ্ঞান আছে যে, তারাই তা লিপিবদ্ধ করে?",
    "en": "Or have they [knowledge of] the unseen, so they write [it] down?"
  },
  {
    "id": 42,
    "ar": "أَمْ يُرِيدُونَ كَيْدًا فَٱلَّذِينَ كَفَرُوا۟ هُمُ ٱلْمَكِيدُونَ",
    "tr": "আম ইউরীদূ না কাইদান ফাল্লাযীনা কাফারূহুমুল মাকীদূ ন।",
    "bn_haque": "অথবা তারা কি ষড়যন্ত্র করতে চায়? কিন্ত যারা অবিশ্বাস পোষণ করে তারা নিজেরাই ষড়যন্ত্রে জড়িয়ে পড়বে।",
    "bn_muhi": "না তারা চক্রান্ত করতে চায়? অতএব যারা কাফের, তারই চক্রান্তের শিকার হবে।",
    "en": "Or do they intend a plan? But those who disbelieve - they are the object of a plan."
  },
  {
    "id": 43,
    "ar": "أَمْ لَهُمْ إِلَٰهٌ غَيْرُ ٱللَّهِ سُبْحَٰنَ ٱللَّهِ عَمَّا يُشْرِكُونَ",
    "tr": "আম লাহুম ইলা-হুন গাইরুল্লা-হি ছুবহা-নাল্লা-হি ‘আম্মা-ইউশরিকূন।",
    "bn_haque": "অথবা আল্লাহ্ ছাড়া তাদের কি অন্য উপাস্য রয়েছে? আল্লাহ্‌রই সব মহিমা -- তারা যা শরিক করে তিনি তার বাইরে।",
    "bn_muhi": "না তাদের আল্লাহ তা’আলা ব্যতীত কোন উপাস্য আছে? তারা যাকে শরীক করে, আল্লাহ তা’আলা তা থেকে পবিত্র।",
    "en": "Or have they a deity other than Allah ? Exalted is Allah above whatever they associate with Him."
  },
  {
    "id": 44,
    "ar": "وَإِن يَرَوْا۟ كِسْفًا مِّنَ ٱلسَّمَآءِ سَاقِطًا يَقُولُوا۟ سَحَابٌ مَّرْكُومٌ",
    "tr": "ওয়া ইয়ঁইয়ারাও কিছফাম মিনাছছামাই ছা-কিতাইঁ ইয়াকূলূছাহা-বুম মার কূম।",
    "bn_haque": "আর যদি তারা দেখে আকাশের এক টুকরো ভেঙ্গে পড়ছে, তাহলে তারা বলবে -- \"এক পুঞ্জীভূত মেঘমালা।\"",
    "bn_muhi": "তারা যদি আকাশের কোন খন্ডকে পতিত হতে দেখে, তবে বলে এটা তো পুঞ্জীভুত মেঘ।",
    "en": "And if they were to see a fragment from the sky falling, they would say, \"[It is merely] clouds heaped up.\""
  },
  {
    "id": 45,
    "ar": "فَذَرْهُمْ حَتَّىٰ يُلَٰقُوا۟ يَوْمَهُمُ ٱلَّذِى فِيهِ يُصْعَقُونَ",
    "tr": "ফাযারহুম হাত্তা-ইউলা-কূইয়াওমাহুমুল্লাযী ফীহি ইউস‘আকূন।",
    "bn_haque": "অতএব তাদের ছেড়ে দাও যে পর্যন্ত না তারা তাদের সেই দিনটির সাক্ষাৎ পায় যখন তারা হতভন্ব হয়ে যাবে, --",
    "bn_muhi": "তাদেরকে ছেড়ে দিন সেদিন পর্যন্ত, যেদিন তাদের উপর বজ্রাঘাত পতিত হবে।",
    "en": "So leave them until they meet their Day in which they will be struck insensible -"
  },
  {
    "id": 46,
    "ar": "يَوْمَ لَا يُغْنِى عَنْهُمْ كَيْدُهُمْ شَيْـًٔا وَلَا هُمْ يُنصَرُونَ",
    "tr": "ইয়াওমা লা-ইউগনী ‘আনহুম কাইদুহুম শাইআওঁ ওয়ালা-হুম ইউনসারূন।",
    "bn_haque": "সেইদিন তাদের চাল-চক্রান্ত তাদের কোনো কাজে আসবে না, আর তাদের সাহায্যও করা হবে না।",
    "bn_muhi": "সেদিন তাদের চক্রান্ত তাদের কোন উপকারে আসবে না এবং তারা সাহায্যপ্রাপ্তও হবে না।",
    "en": "The Day their plan will not avail them at all, nor will they be helped."
  },
  {
    "id": 47,
    "ar": "وَإِنَّ لِلَّذِينَ ظَلَمُوا۟ عَذَابًا دُونَ ذَٰلِكَ وَلَٰكِنَّ أَكْثَرَهُمْ لَا يَعْلَمُونَ",
    "tr": "ওয়া ইন্না লিল্লাযীনা জালামূ‘আযা-বান দূনা যা-লিকা ওয়ালা-কিন্না আকছারাহুম লাইয়া‘লামূন।",
    "bn_haque": "আর যারা অন্যায়াচার করেছে তাদের জন্য এ ছাড়া আরো শাস্তি রয়েছে, কিন্ত তাদের অধিকাংশই জানে না।",
    "bn_muhi": "গোনাহগারদের জন্যে এছাড়া আরও শাস্তি রয়েছে, কিন্তু তাদের অধিকাংশই তা জানে না।",
    "en": "And indeed, for those who have wronged is a punishment before that, but most of them do not know."
  },
  {
    "id": 48,
    "ar": "وَٱصْبِرْ لِحُكْمِ رَبِّكَ فَإِنَّكَ بِأَعْيُنِنَا وَسَبِّحْ بِحَمْدِ رَبِّكَ حِينَ تَقُومُ",
    "tr": "ওয়াসবির লিহূকমি রাব্বিকা ফাইন্নাকা বিআ‘ইউনিনা-ওয়াছাব্বিহবিহামদি রাব্বিকা হীনা তাকূম।",
    "bn_haque": "অতএব তোমার প্রভুর বিচারের জন্য ধৈর্য ধরে থেকো, বস্তুত তুমি নিশ্চয়ই আমাদের চোখের সামনে রয়েছ। কাজেই তোমার প্রভুর প্রশংসায় জপতপ করো যখন তুমি উঠে দাঁড়াও,",
    "bn_muhi": "আপনি আপনার পালনকর্তার নির্দেশের অপেক্ষায় সবর করুন। আপনি আমার দৃষ্টির সামনে আছেন এবং আপনি আপনার পালনকর্তꦣ2494;র সপ্রশংস পবিত্রতা ঘোষণা করুন যখন আপনি গাত্রোত্থান করেন।",
    "en": "And be patient, [O Muhammad], for the decision of your Lord, for indeed, you are in Our eyes. And exalt [ Allah ] with praise of your Lord when you arise."
  },
  {
    "id": 49,
    "ar": "وَمِنَ ٱلَّيْلِ فَسَبِّحْهُ وَإِدْبَٰرَ ٱلنُّجُومِ",
    "tr": "ওয়া মিনাল্লাইলি ফাছাব্বিহহু ওয়া ইদবা-রান নুজূম।",
    "bn_haque": "আর রাতের বেলায়ও তবে তাঁর জপতপ করো এবং তারাগুলো ঝিমিয়ে যাবার সময়েও।",
    "bn_muhi": "এবং রাত্রির কিছু অংশে এবং তারকা অস্তমিত হওয়ার সময় তাঁর পবিত্রতা ঘোষণা করুন।",
    "en": "And in a part of the night exalt Him and after [the setting of] the stars."
  }
]