[
  {
    "id": 1,
    "ar": "يُسَبِّحُ لِلَّهِ مَا فِى ٱلسَّمَٰوَٰتِ وَمَا فِى ٱلْأَرْضِ ٱلْمَلِكِ ٱلْقُدُّوسِ ٱلْعَزِيزِ ٱلْحَكِيمِ",
    "tr": "ইউছাব্বিহু লিল্লা-হি মা-ফিছছামা-ওয়া-তি ওয়ামা-ফিল আরদিলমালিকিলকুদ্দূছিল ‘আঝঝিল হাকীম।",
    "bn_haque": "মহাকাশমন্ডলে যা-কিছু আছে ও যে কেউ আছে পৃথিবীতে তারা আল্লাহ্‌র মহিমা জপতপ করে, -- যিনি মহারাজাধিরাজ, পরম পবিত্র, মহাশক্তিশালী, পরমজ্ঞানী।",
    "bn_muhi": "রাজ্যাধিপতি, পবিত্র, পরাক্রমশালী ও প্রজ্ঞাময় আল্লাহর পবিত্রতা ঘোষণা করে, যা কিছু আছে নভোমন্ডলে ও যা কিছু আছে ভূমন্ডলে।",
    "en": "Whatever is in the heavens and whatever is on the earth is exalting Allah, the Sovereign, the Pure, the Exalted in Might, the Wise."
  },
  {
    "id": 2,
    "ar": "هُوَ ٱلَّذِى بَعَثَ فِى ٱلْأُمِّيِّۦنَ رَسُولًا مِّنْهُمْ يَتْلُوا۟ عَلَيْهِمْ ءَايَٰتِهِۦ وَيُزَكِّيهِمْ وَيُعَلِّمُهُمُ ٱلْكِتَٰبَ وَٱلْحِكْمَةَ وَإِن كَانُوا۟ مِن قَبْلُ لَفِى ضَلَٰلٍ مُّبِينٍ",
    "tr": "হুওয়াল্লাযী বা‘আছা ফিল উম্মিইয়ীনা রাছূলাম মিনহুম ইয়াতলূ‘আলাইহিম আ-য়া-তিহী ওয়া ইউঝাক্কীহিম ওয়া ইউ‘আলিলমুহুমুল কিতা-বা ওয়াল হিকমাতা  ওয়া ইন কা-নূমিন কাবলু লাফী দালা-লিম্মুবীন।",
    "bn_haque": "তিনিই সেইজন যিনি নিরক্ষরদের মধ্যে, তাদেরই মধ্যে থেকে, একজন রসূল দাঁড় করিয়েছেন, তিনি তাদের কাছে পাঠ করছেন তাঁর নির্দেশাবলী, আর তিনি তাদের পবিত্র করেছেন, আর তিনি তাদের শিক্ষা দিয়েছেন ধর্মগ্রন্থ ও জ্ঞানবিজ্ঞান, যদিও এর আগে তারা তো ছিল স্পষ্ট বিভ্রান্তিতে, --",
    "bn_muhi": "তিনিই নিরক্ষরদের মধ্য থেকে একজন রসূল প্রেরণ করেছেন, যিনি তাদের কাছে পাঠ করেন তার আয়াতসমূহ, তাদেরকে পবিত্র করেন এবং শিক্ষা দেন কিতাব ও হিকমত। ইতিপূর্বে তারা ছিল ঘোর পথভ্রষ্টতায় লিপ্ত।",
    "en": "It is He who has sent among the unlettered a Messenger from themselves reciting to them His verses and purifying them and teaching them the Book and wisdom - although they were before in clear error -"
  },
  {
    "id": 3,
    "ar": "وَءَاخَرِينَ مِنْهُمْ لَمَّا يَلْحَقُوا۟ بِهِمْ وَهُوَ ٱلْعَزِيزُ ٱلْحَكِيمُ",
    "tr": "ওয়া আ-খারীনা মিনহুম লাম্মা-ইয়ালহাকূবিহিম ওয়া হুওয়াল ‘আঝীঝুল হাকীম।",
    "bn_haque": "আর তাদের মধ্যে থেকে অন্যান্যদের যারা এখনও তাদের সঙ্গে যোগ দেয় নি। আর তিনি মহাশক্তিশালী, পরমজ্ঞানী।",
    "bn_muhi": "এই রসূল প্রেরিত হয়েছেন অন্য আরও লোকদের জন্যে, যারা এখনও তাদের সাথে মিলিত হয়নি। তিনি পরাক্রমশালী, প্রজ্ঞাময়।",
    "en": "And [to] others of them who have not yet joined them. And He is the Exalted in Might, the Wise."
  },
  {
    "id": 4,
    "ar": "ذَٰلِكَ فَضْلُ ٱللَّهِ يُؤْتِيهِ مَن يَشَآءُ وَٱللَّهُ ذُو ٱلْفَضْلِ ٱلْعَظِيمِ",
    "tr": "যা-লিকা ফাদলুল্লা-হি ইউ’তীহি মাইঁ ইয়াশূউ ওয়াল্লা-হু যুল ফাদলিল ‘আজীম।",
    "bn_haque": "এইটিই আল্লাহ্‌র অনুগ্রহ-প্রাচুর্য, -- এটি তিনি দান করেন যাকে তিনি ইচ্ছা করেন। আর আল্লাহ্ বিরাট করুণাভান্ডারের অধিকারী।",
    "bn_muhi": "এটা আল্লাহর কৃপা, যাকে ইচ্ছা তিনি তা দান করেন। আল্লাহ মহাকৃপাশীল।",
    "en": "That is the bounty of Allah, which He gives to whom He wills, and Allah is the possessor of great bounty."
  },
  {
    "id": 5,
    "ar": "مَثَلُ ٱلَّذِينَ حُمِّلُوا۟ ٱلتَّوْرَىٰةَ ثُمَّ لَمْ يَحْمِلُوهَا كَمَثَلِ ٱلْحِمَارِ يَحْمِلُ أَسْفَارًۢا بِئْسَ مَثَلُ ٱلْقَوْمِ ٱلَّذِينَ كَذَّبُوا۟ بِـَٔايَٰتِ ٱللَّهِ وَٱللَّهُ لَا يَهْدِى ٱلْقَوْمَ ٱلظَّٰلِمِينَ",
    "tr": "মাছালুল্লাযীনা হুম্মিলুত্তাওরা-তা ছুম্মা লাম ইয়াহমিলূহা-কামাছালিল হিমা-রি ইয়াহমিলুআছফা-রান বি’ছা মাছালুল কাওমিল্লাযীনা কাযযাবূবিআ-য়া-তিল্লা-হি ওয়াল্লা-হু লা-ইয়াহদিল কাওমাজ্জা-লিমীন।",
    "bn_haque": "যাদের তওরাতের ভার দেওয়া হয়েছিল, তারপর তারা তা অনুসরণ করে নি, তাদের দৃষ্টান্ত হচ্ছে গাধার মতো, যে গ্রন্থরাজির বোঝা বইছে। কত নিকৃষ্ট সে-জাতির দৃষ্টান্ত যারা আল্লাহ্‌র নির্দেশাবলী প্রত্যাখ্যান করে। আর আল্লাহ্ অন্যায়াচারী জাতিকে সৎপথে চালান না।",
    "bn_muhi": "যাদেরকে তওরাত দেয়া হয়েছিল, অতঃপর তারা তার অনুসরণ করেনি, তাদের দৃষ্টান্ত সেই গাধা, যে পুস্তক বহন করে, যারা আল্লাহর আয়াতসমূহকে মিথ্যা বলে, তাদের দৃষ্টান্ত কত নিকৃষ্ট। আল্লাহ জালেম সম্প্রদায়কে পথ প্রদর্শন করেন না।",
    "en": "The example of those who were entrusted with the Torah and then did not take it on is like that of a donkey who carries volumes [of books]. Wretched is the example of the people who deny the signs of Allah . And Allah does not guide the wrongdoing people."
  },
  {
    "id": 6,
    "ar": "قُلْ يَٰٓأَيُّهَا ٱلَّذِينَ هَادُوٓا۟ إِن زَعَمْتُمْ أَنَّكُمْ أَوْلِيَآءُ لِلَّهِ مِن دُونِ ٱلنَّاسِ فَتَمَنَّوُا۟ ٱلْمَوْتَ إِن كُنتُمْ صَٰدِقِينَ",
    "tr": "কুল ইয়াআইয়ুহাল্লাযীনা হা-দূ ইন ঝা‘আমতুম আন্নাকুম আওলিয়াউ লিল্লা-হি মিন দূনিন্না-ছি ফাতামান্নাউল মাওতা ইন কুনতুম সা-দিকীন।",
    "bn_haque": "বলো -- \"ওহে যারা ইহুদী মত পোষণ কর! যদি তোমরা মনে কর যে লোকজনকে বাদ দিয়ে তোমরাই আল্লাহ্‌র বন্ধুবান্ধব, তাহলে তোমরা মৃত্যু কামনা করো, যদি তোমরা সত্যবাদী হও।\"",
    "bn_muhi": "বলুন হে ইহুদীগণ, যদি তোমরা দাবী কর যে, তোমরাই আল্লাহর বন্ধু-অন্য কোন মানব নয়, তবে তোমরা মৃত্যু কামনা কর যদি তোমরা সত্যবাদী হও।",
    "en": "Say, \"O you who are Jews, if you claim that you are allies of Allah, excluding the [other] people, then wish for death, if you should be truthful.\""
  },
  {
    "id": 7,
    "ar": "وَلَا يَتَمَنَّوْنَهُۥٓ أَبَدًۢا بِمَا قَدَّمَتْ أَيْدِيهِمْ وَٱللَّهُ عَلِيمٌۢ بِٱلظَّٰلِمِينَ",
    "tr": "ওয়ালা-ইয়াতামান্নাওনাহূ আবাদাম বিমা-কাদ্দামাত আইদীহিম ওয়াল্লা-হু ‘আলীমুম বিজ্জা-লিমীন।",
    "bn_haque": "কিন্ত তাদের নিজেদের হাত যা আগবাড়িয়েছে সেজন্য তারা কখনো তা কামনা করবে না। আর আল্লাহ্ অন্যায়াচারীদের সন্বন্ধে সম্যক জ্ঞাতা।",
    "bn_muhi": "তারা নিজেদের কৃতকর্মের কারণে কখনও মৃত্যু কামনা করবে না। আল্লাহ জালেমদের সম্পর্কে সম্যক অবগত আছেন।",
    "en": "But they will not wish for it, ever, because of what their hands have put forth. And Allah is Knowing of the wrongdoers."
  },
  {
    "id": 8,
    "ar": "قُلْ إِنَّ ٱلْمَوْتَ ٱلَّذِى تَفِرُّونَ مِنْهُ فَإِنَّهُۥ مُلَٰقِيكُمْ ثُمَّ تُرَدُّونَ إِلَىٰ عَٰلِمِ ٱلْغَيْبِ وَٱلشَّهَٰدَةِ فَيُنَبِّئُكُم بِمَا كُنتُمْ تَعْمَلُونَ",
    "tr": "কুল ইন্নাল মাওতাল্লাযী তাফিররূনা মিনহু ফাইন্নাহূমুলা-কীকুম ছু ম্মা তুরাদ্দূনা ইলা-‘আলিমিল গাইবি ওয়াশ শাহা-দাতি ফাইউনাব্বিউকুম বিমা-কুনতুম তা‘মালূন।",
    "bn_haque": "বলো -- \"আলবৎ মৃত্যু, যা থেকে তোমরা পালাতে চাও, তা কিন্ত তোমাদের সাক্ষাৎ করবেই, তারপর তোমাদের পাঠানো হবে অদৃশ্যের ও দৃশ্যের পরিজ্ঞাতার কাছে, তখন তিনি তোমাদের জানিয়ে দেবেন কি তোমরা করতে।\"",
    "bn_muhi": "বলুন, তোমরা যে মৃত্যু থেকে পলায়নপর, সেই মৃত্যু অবশ্যই তোমাদের মুখামুখি হবে, অতঃপর তোমরা অদৃশ্য, দৃশ্যের জ্ঞানী আল্লাহর কাছে উপস্থিত হবে। তিনি তোমাদেরকে জানিয়ে দিবেন সেসব কর্ম, যা তোমরা করতে।",
    "en": "Say, \"Indeed, the death from which you flee - indeed, it will meet you. Then you will be returned to the Knower of the unseen and the witnessed, and He will inform you about what you used to do.\""
  },
  {
    "id": 9,
    "ar": "يَٰٓأَيُّهَا ٱلَّذِينَ ءَامَنُوٓا۟ إِذَا نُودِىَ لِلصَّلَوٰةِ مِن يَوْمِ ٱلْجُمُعَةِ فَٱسْعَوْا۟ إِلَىٰ ذِكْرِ ٱللَّهِ وَذَرُوا۟ ٱلْبَيْعَ ذَٰلِكُمْ خَيْرٌ لَّكُمْ إِن كُنتُمْ تَعْلَمُونَ",
    "tr": "ইয়াআইয়ুহাল্লাযীনা আ-মানূইযা-নূদিয়া লিসসালা-তি মিইঁ ইয়াওমিল জুমু‘আতি ফাছ‘আও ইলা-যিকরিল্লা-হি ওয়া যারুল বাই‘আ যা-লিকুম খাইরুল্লাকুম ইন কুনতুম তা‘লামূন।",
    "bn_haque": "ওহে যারা ঈমান এনেছ! যখন জুমু'আর দিনে নামাযের জন্য আহ্বান করা হয় তখন তোমরা আল্লাহ্‌র স্মরণে তাড়াতাড়ি করবে ও বেচা-কেনা বন্ধ রাখবে। এইটিই হচ্ছে তোমাদের জন্য শ্রেয়, যদি তোমরা জানতে।",
    "bn_muhi": "মুমিনগণ, জুমআর দিনে যখন নামাযের আযান দেয়া হয়, তখন তোমরা আল্লাহর স্মরণের পানে ত্বরা কর এবং বেচাকেনা বন্ধ কর। এটা তোমাদের জন্যে উত্তম যদি তোমরা বুঝ।",
    "en": "O you who have believed, when [the adhan] is called for the prayer on the day of Jumu'ah [Friday], then proceed to the remembrance of Allah and leave trade. That is better for you, if you only knew."
  },
  {
    "id": 10,
    "ar": "فَإِذَا قُضِيَتِ ٱلصَّلَوٰةُ فَٱنتَشِرُوا۟ فِى ٱلْأَرْضِ وَٱبْتَغُوا۟ مِن فَضْلِ ٱللَّهِ وَٱذْكُرُوا۟ ٱللَّهَ كَثِيرًا لَّعَلَّكُمْ تُفْلِحُونَ",
    "tr": "ফাইযা- কুদিয়াতিসসালা-তুফানতাশিরূ ফিল আরদি ওয়াবতাগূমিন ফাদলিল্লা -হি ওয়াযকুরুল্লা-হা কাছীরাল লা‘আল্লাকুম তুফলিহূন।",
    "bn_haque": "তারপর যখন নামায শেষ হয়ে যায় তখন তোমরা দেশে ছড়িয়ে পড়ো এবং আল্লাহ্‌র করুণাভান্ডার থেকে অণ্বেষণ করো, আর আল্লাহ্‌কে প্রচুরভাবে স্মরণ করো, যাতে তোমাদের সফলতা প্রদান করা হয়।",
    "bn_muhi": "অতঃপর নামায সমাপ্ত হলে তোমরা পৃথিবীতে ছড়িয়ে পড় এবং আল্লাহর অনুগ্রহ তালাশ কর ও আল্লাহকে অধিক স্মরণ কর, যাতে তোমরা সফলকাম হও।",
    "en": "And when the prayer has been concluded, disperse within the land and seek from the bounty of Allah, and remember Allah often that you may succeed."
  },
  {
    "id": 11,
    "ar": "وَإِذَا رَأَوْا۟ تِجَٰرَةً أَوْ لَهْوًا ٱنفَضُّوٓا۟ إِلَيْهَا وَتَرَكُوكَ قَآئِمًا قُلْ مَا عِندَ ٱللَّهِ خَيْرٌ مِّنَ ٱللَّهْوِ وَمِنَ ٱلتِّجَٰرَةِ وَٱللَّهُ خَيْرُ ٱلرَّٰزِقِينَ",
    "tr": "ওয়া ইযা-রাআও তিজা-রাতান আও লাহওয়ানিনফাদ্দূ ইলাইহা-ওয়া তারাকূকাকাইমা- কুল মা-‘ইনদাল্লা-হি খাইরুম মিনাল্লাহবিওয়া মিনাত্তিজা-রাতি ওয়াল্লা-হু খাইরুর রা-ঝিকীন।",
    "bn_haque": "কিন্ত যখন তারা পণ্যদ্রব্য অথবা ক্রীড়া-কৌতুক দেখতে পায় তখন তারা সেদিকে ভেঙ্গে পড়ে এবং তোমাকে দাঁড়ানো অবস্থায় ফেলে রাখে। তুমি বলো -- \"আল্লাহ্‌র কাছে যা রয়েছে তা ক্রীড়া-কৌতুকের চেয়ে ও ব্যবসা-বাণিজ্যের চেয়েও উত্তম! আর জীবিকাদাতাদের মধ্য আল্লাহ্‌ই সর্বশ্রেষ্ঠ।\"",
    "bn_muhi": "তারা যখন কোন ব্যবসায়ের সুযোগ অথবা ক্রীড়াকৌতুক দেখে তখন আপনাকে দাঁড়ানো অবস্থায় রেখে তারা সেদিকে ছুটে যায়। বলুনঃ আল্লাহর কাছে যা আছে, তা ক্রীড়াকৌতুক ও ব্যবসায় অপেক্ষা উৎকৃষ্ট। আল্লাহ সর্বোত্তম রিযিকদাতা।",
    "en": "But when they saw a transaction or a diversion, [O Muhammad], they rushed to it and left you standing. Say, \"What is with Allah is better than diversion and than a transaction, and Allah is the best of providers.\""
  }
]