[
  {
    "id": 1,
    "ar": "الٓمٓر تِلْكَ ءَايَٰتُ ٱلْكِتَٰبِ وَٱلَّذِىٓ أُنزِلَ إِلَيْكَ مِن رَّبِّكَ ٱلْحَقُّ وَلَٰكِنَّ أَكْثَرَ ٱلنَّاسِ لَا يُؤْمِنُونَ",
    "tr": "আলিফ লাম মী-ম রা- তিলকা আ-য়া-তুল কিতা-বি ওয়াল্লাযীউনঝিলা ইলাইকা মির রাব্বিকাল হাক্কুওয়ালা-কিন্না আকছারান্না-ছি লা-ইউ’মিনূন।",
    "bn_haque": "আলিফ, লাম, মীম, রা। এসব হচ্ছে গ্রন্থখানার আয়াতসমূহ। আর যা তোমার প্রভুর কাছ থেকে তোমার নিকট অবতীর্ণ হয়েছে তা পরমসত্য, কিন্তু অধিকাংশ লোক বিশ্বাস করে না।",
    "bn_muhi": "আলিফ-লাম-মীম-রা; এগুলো কিতাবের আয়াত। যা কিছু আপনার পালনকর্তার পক্ষ থেকে অবতীর্ণ হয়েছে, তা সত্য। কিন্তু অধিকাংশ মানুষ এতে বিশ্বাস করে না।",
    "en": "Alif, Lam, Meem, Ra. These are the verses of the Book; and what has been revealed to you from your Lord is the truth, but most of the people do not believe."
  },
  {
    "id": 2,
    "ar": "ٱللَّهُ ٱلَّذِى رَفَعَ ٱلسَّمَٰوَٰتِ بِغَيْرِ عَمَدٍ تَرَوْنَهَا ثُمَّ ٱسْتَوَىٰ عَلَى ٱلْعَرْشِ وَسَخَّرَ ٱلشَّمْسَ وَٱلْقَمَرَ كُلٌّ يَجْرِى لِأَجَلٍ مُّسَمًّى يُدَبِّرُ ٱلْأَمْرَ يُفَصِّلُ ٱلْءَايَٰتِ لَعَلَّكُم بِلِقَآءِ رَبِّكُمْ تُوقِنُونَ",
    "tr": "আল্লা-হুল্লাযীরাফা‘আছছামা-ওয়া-তি বিগাইরি ‘আমাদিন তারাওনাহা- ছু ম্মাছ তাওয়া ‘আলাল ‘আরশি ওয়া ছাখখারাশশামছা ওয়াল কামারা কুল্লুইঁ ইয়াজরী লিআজালিম মুছাম্মা- ইউদাব্বিরুল আমরা ইউফাসসিলুল আ-য়া-তি লা‘আল্লাকুম বিলিকাই রাব্বিকুম তূকিনূন।",
    "bn_haque": "আল্লাহ্‌ই তিনি যিনি মহাকাশমন্ডলকে ঊর্ধ্বে স্থাপন করেছেন কোনো স্তম্ভ ছাড়া -- তোমরা তো এ দেখছ, আর তিনি আরশে সমাসীন হলেন, আর তিনি সূর্য ও চন্দ্রকে অনুগত করলেন। প্রত্যেকে আবর্তন করছে একটি নির্দিষ্ট কক্ষপথে। তিনিই ব্যাপার নিয়ন্ত্রণ করেন, বিশদভাবে বর্ণনা করেন নির্দেশাবলী, যেন তোমরা তোমাদের প্রভুর সঙ্গে সাক্ষাৎকার সন্বন্ধে নিশ্চিত বিশ্বাস করতে পার।",
    "bn_muhi": "আল্লাহ, যিনি উর্ধ্বদেশে স্থাপন করেছেন আকাশমন্ডলীকে স্তম্ভ ব্যতীত। তোমরা সেগুলো দেখ। অতঃপর তিনি আরশের উপর অধিষ্ঠিত হয়েছেন। এবং সূর্য ও চন্দ্রকে কর্মে নিয়োজিত করেছেন। প্রত্যেকে নির্দিষ্ট সময় মোতাবেক আবর্তন করে। তিনি সকল বিষয় পরিচালনা করেন, নিদর্শনসমূহ প্রকাশ করেন, যাতে তোমরা স্বীয় পালনকর্তার সাথে সাক্ষাত সম্বন্ধে নিশ্চিত বিশ্বাসী হও।",
    "en": "It is Allah who erected the heavens without pillars that you [can] see; then He established Himself above the Throne and made subject the sun and the moon, each running [its course] for a specified term. He arranges [each] matter; He details the signs that you may, of the meeting with your Lord, be certain."
  },
  {
    "id": 3,
    "ar": "وَهُوَ ٱلَّذِى مَدَّ ٱلْأَرْضَ وَجَعَلَ فِيهَا رَوَٰسِىَ وَأَنْهَٰرًا وَمِن كُلِّ ٱلثَّمَرَٰتِ جَعَلَ فِيهَا زَوْجَيْنِ ٱثْنَيْنِ يُغْشِى ٱلَّيْلَ ٱلنَّهَارَ إِنَّ فِى ذَٰلِكَ لَءَايَٰتٍ لِّقَوْمٍ يَتَفَكَّرُونَ",
    "tr": "ওয়া হুওয়াল্লাযী মাদ্দাল আরদা ওয়া জা‘আলা ফীহা-রাওয়া-ছিয়া ওয়াআনহা-রাওঁ ওয়া মিন কুল্লিছছামারা-তি জা‘আলা ফীহা- ঝাওজাইনিছনাইনি ইউগশিল লাইলান্নাহা-র ইন্না ফী যা-লিকা লা আ-য়া-তিল লিকাওমিইঁ ইয়াতাফাক্কারূন।",
    "bn_haque": "আর তিনিই সেইজন যিনি পৃথিবীকে বিস্তৃত করেছেন, আর তাতে স্থাপন করেছেন পর্বতমালা ও নদনদী। আর প্রত্যেক ফলের ক্ষেত্রে -- তার মধ্যে তিনি সৃষ্টি করেছেন জোড়ায়-জোড়ায় দুটি-দুটি। তিনি রাত্রিকে দিয়ে দিনকে আবৃত করেন। নিঃসন্দেহ এতে সাক্ষাৎ নিদর্শন রয়েছে সেই লোকদের জন্য যারা চিন্তা করে।",
    "bn_muhi": "তিনিই ভুমন্ডলকে বিস্তৃত করেছেন এবং তাতে পাহাড় পর্বত ও নদ-নদী স্থাপন করেছেন এবং প্রত্যেক ফলের মধ্যে দু’দু প্রকার সৃষ্টি করে রেখেছেন। তিনি দিনকে রাত্রি দ্বারা আবৃত করেন। এতে তাদের জন্যে নিদর্শণ রয়েছে, যারা চিন্তা করে।",
    "en": "And it is He who spread the earth and placed therein firmly set mountains and rivers; and from all of the fruits He made therein two mates; He causes the night to cover the day. Indeed in that are signs for a people who give thought."
  },
  {
    "id": 4,
    "ar": "وَفِى ٱلْأَرْضِ قِطَعٌ مُّتَجَٰوِرَٰتٌ وَجَنَّٰتٌ مِّنْ أَعْنَٰبٍ وَزَرْعٌ وَنَخِيلٌ صِنْوَانٌ وَغَيْرُ صِنْوَانٍ يُسْقَىٰ بِمَآءٍ وَٰحِدٍ وَنُفَضِّلُ بَعْضَهَا عَلَىٰ بَعْضٍ فِى ٱلْأُكُلِ إِنَّ فِى ذَٰلِكَ لَءَايَٰتٍ لِّقَوْمٍ يَعْقِلُونَ",
    "tr": "ওয়া ফিল আরদিকিতা‘উম মুতাজা-বিরা-তুওঁ ওয়া জান্না-তুম মিন আ‘না-বিওঁ ওয়া ঝার‘উওঁ ওয়া নাখীলুন সিনওয়া-নুওঁ ওয়া গাইরু সিনওয়া-নিইঁ ইউছকা- বিমাইওঁ ওয়াহিদিওঁ ওয়া নুফাদদিলুবা‘দাহা- ‘আলা-বা‘দিন ফিল উকুলি ইন্না ফী যালিকা লাআ-য়া-তিল লিকাওমিইঁ ইয়া‘কিলূন।",
    "bn_haque": "আর পৃথিবীতে আছে পাশাপাশি মাঠ, আর আঙুরের বাগান ও শস্যক্ষেত্র ও খেজুরের গাছ -- ভিড় ক’রে ও ভিড় না ক’রে -- ওদের পানি দেওয়া হয় একই পানি। আর তাদের কতকটাকে কতকটার উপরে প্রাধান্য দিয়েছি আস্বাদনের ক্ষেত্রে। নিঃসন্দেহ এতে বিশিষ্ট নিদর্শন রয়েছে সেইসব লোকের জন্য যারা বুদ্ধি-বিবেচনা প্রয়োগ করে।",
    "bn_muhi": "এবং যমিনে বিভিন্ন শস্য ক্ষেত্র রয়েছে-একটি অপরটির সাথে সংলগ্ন এবং আঙ্গুরের বাগান আছে আর শস্য ও খজ্জꦣ2497;র রয়েছে-একটির মূল অপরটির সাথে মিলিত এবং কতক মিলিত নয়। এগুলো কে একই পানি দ্বারা সেচ করা হয়। আর আমি স্বাদে একটিকে অপরটির চাইতে উৎকৃষ্টতর করে দেই। এগুলোর মধ্যে নিদর্শণ রয়েছে তাদের জন্য যারা চিন্তা ভাবনা করে।",
    "en": "And within the land are neighboring plots and gardens of grapevines and crops and palm trees, [growing] several from a root or otherwise, watered with one water; but We make some of them exceed others in [quality of] fruit. Indeed in that are signs for a people who reason."
  },
  {
    "id": 5,
    "ar": "وَإِن تَعْجَبْ فَعَجَبٌ قَوْلُهُمْ أَءِذَا كُنَّا تُرَٰبًا أَءِنَّا لَفِى خَلْقٍ جَدِيدٍ أُو۟لَٰٓئِكَ ٱلَّذِينَ كَفَرُوا۟ بِرَبِّهِمْ وَأُو۟لَٰٓئِكَ ٱلْأَغْلَٰلُ فِىٓ أَعْنَاقِهِمْ وَأُو۟لَٰٓئِكَ أَصْحَٰبُ ٱلنَّارِ هُمْ فِيهَا خَٰلِدُونَ",
    "tr": "ওয়া ইন তা‘জাব ফা‘আজাবুন কাওলুহুম আইযা-কুন্না-তুরা-বান আইন্না-লাফী খালকিন জাদীদিন উলাইকাল্লাযীনা কাফারু বিরাব্বিহিম ওয়া উলাইকাল আগলা-লু ফীআ‘না-কিহিম ওয়া উলাইকা আসহা-বুন্না-রি হুম ফীহা- খা-লিদূ ন।",
    "bn_haque": "আর যদি তুমি তাজ্জব হও তবে আজব ব্যাপার হচ্ছে তাদের কথা -- \"কী, আমরা যখন ধুলো হয়ে যাব তখন কি আমরা বাস্তবিকই নতুন জীবন লাভ করব?\" এরাই তারা যারা তাদের প্রভুর প্রতি অবিশ্বাস পোষণ করে, আর এরাই -- এদের গলায় থাকবে শিকল, আর এরাই হবে আগুনের বাসিন্দা, তাতে তারা করবে অবস্থান।",
    "bn_muhi": "যদি আপনি বিস্ময়ের বিষয় চান, তবে তাদের একথা বিস্ময়কর যে, আমরা যখন মাটি হয়ে যাব, তখনও কি নতুন ভাবে সৃজিত হব? এরাই স্বীয় পালনকর্তার সত্তায় অবিশ্বাসী হয়ে গেছে, এদের গর্দানেই লৌহ-শৃংখল পড়বে এবং এরাই দোযখী এরা তাতে চিরকাল থাকবে।",
    "en": "And if you are astonished, [O Muhammad] - then astonishing is their saying, \"When we are dust, will we indeed be [brought] into a new creation?\" Those are the ones who have disbelieved in their Lord, and those will have shackles upon their necks, and those are the companions of the Fire; they will abide therein eternally."
  },
  {
    "id": 6,
    "ar": "وَيَسْتَعْجِلُونَكَ بِٱلسَّيِّئَةِ قَبْلَ ٱلْحَسَنَةِ وَقَدْ خَلَتْ مِن قَبْلِهِمُ ٱلْمَثُلَٰتُ وَإِنَّ رَبَّكَ لَذُو مَغْفِرَةٍ لِّلنَّاسِ عَلَىٰ ظُلْمِهِمْ وَإِنَّ رَبَّكَ لَشَدِيدُ ٱلْعِقَابِ",
    "tr": "ওয়া ইয়াছতা‘জিলূনাকা বিছছাইয়িআতি কাবলাল হাছানাতি ওয়া কাদ খালাত মিন কাবলিহিমুল মাছুলা-তু ওয়া ইন্না রাব্বাকা লাযূমাগফিরাতিললিন্না-ছি ‘আলাজু লমিহিম ওয়া ইন্না রাব্বাকা লাশাদীদুল ‘ইকা-ব।",
    "bn_haque": "আর ওরা তোমাকে ভালর আগেই মন্দকে ত্বরান্বিত করতে বলে, যদিও ওদের পূর্বে বহু লক্ষণীয় শাস্তি গত হয়েছে। আর নিঃসন্দেহ তোমার প্রভু লোকদের জন্য তাদের অন্যায়াচরণ সত্ত্বেও ক্ষমার অধিকারী, আর নিঃসন্দেহ তোমার প্রভু প্রতিফল দানে অতি কঠোর।",
    "bn_muhi": "এরা আপনার কাছে মঙ্গলের পরিবর্তে দ্রুত অমঙ্গল কামনা করে। তাদের পূর্বে অনুরূপ অনেক শাস্তিপ্রাপ্ত জনগোষ্ঠী অতিক্রান্ত হয়েছে। আপনার পালনকর্তা মানুষকে তাদের অন্যায় সত্বেও ক্ষমা করেন এবং আপনার পালনকর্তা কঠিন শাস্তিদাতা ও বটে।",
    "en": "They impatiently urge you to bring about evil before good, while there has already occurred before them similar punishments [to what they demand]. And indeed, your Lord is full of forgiveness for the people despite their wrongdoing, and indeed, your Lord is severe in penalty."
  },
  {
    "id": 7,
    "ar": "وَيَقُولُ ٱلَّذِينَ كَفَرُوا۟ لَوْلَآ أُنزِلَ عَلَيْهِ ءَايَةٌ مِّن رَّبِّهِۦٓ إِنَّمَآ أَنتَ مُنذِرٌ وَلِكُلِّ قَوْمٍ هَادٍ",
    "tr": "ওয়া ইয়াকূলুল্লাযীনা কাফারূ লাওলাউনঝিলা ‘আলাইহি আ-য়াতুম মির রাব্বিহী ইন্নামা আনতা মুনযিরুওঁ ওয়া লিকুল্লি কাওমিন হা-দ ।",
    "bn_haque": "আর যারা অবিশ্বাস পোষণ করে তারা বলে -- \"কেন তাঁর কাছে তাঁর প্রভুর কাছ থকে কোনো নিদর্শন প্রেরিত হয় না?\" তুমি তো একজন সতর্ককারী মাত্র, এবং সকল জাতির জন্যে একজন পথপ্রদর্শক।",
    "bn_muhi": "কাফেররা বলেঃ তাঁর প্রতি তাঁর পালনকর্তার পক্ষ থেকে কোন নিদর্শন অবতীর্ণ হল না কেন? আপনার কাজ তো ভয় প্রদর্শন করাই এবং প্রত্যেক সম্প্রদায়ের জন্যে পথপ্রদর্শক হয়েছে।",
    "en": "And those who disbelieved say, \"Why has a sign not been sent down to him from his Lord?\" You are only a warner, and for every people is a guide."
  },
  {
    "id": 8,
    "ar": "ٱللَّهُ يَعْلَمُ مَا تَحْمِلُ كُلُّ أُنثَىٰ وَمَا تَغِيضُ ٱلْأَرْحَامُ وَمَا تَزْدَادُ وَكُلُّ شَىْءٍ عِندَهُۥ بِمِقْدَارٍ",
    "tr": "আল্লা-হু ইয়া‘লামুমা-তাহমিলুকুল্লুউনছা-ওয়ামা-তাগীদুল আরহা-মুওয়ামা-তাঝদা-দু ওয়া কুল্লুশাইইন ‘ইনদাহূবিমিকদা-র।",
    "bn_haque": "আল্লাহ্ জানেন প্রত্যেক স্ত্রীলোক যা গর্ভে ধারণ করে, আর যা জরায়ূ শুষে নেয়, আর যা তারা বর্ধিত করে। আর তাঁর কাছে প্রত্যেক বস্তুরই এক নির্দিষ্ট পরিমাপ রয়েছে।",
    "bn_muhi": "আল্লাহ জানেন প্রত্যেক নারী যা গর্ভধারণ করে এবং গর্ভাশয়ে যা সঙ্কুচিত ও বর্ধিত হয়। এবং তাঁর কাছে প্রত্যেক বস্তুরই একটা পরিমাণ রয়েছে।",
    "en": "Allah knows what every female carries and what the wombs lose [prematurely] or exceed. And everything with Him is by due measure."
  },
  {
    "id": 9,
    "ar": "عَٰلِمُ ٱلْغَيْبِ وَٱلشَّهَٰدَةِ ٱلْكَبِيرُ ٱلْمُتَعَالِ",
    "tr": "‘আ-লিমুল গাইবি ওয়াশশাহা-দাতিল কাবীরুল মুতা‘আ-ল।",
    "bn_haque": "তিনি অদৃশ্য ও দৃশ্য বিষয়ে জ্ঞাতা -- মহামহিম, চিরউন্নত।",
    "bn_muhi": "তিনি সকল গোপন ও প্রকাশ্য বিষয় অবগত, মহোত্তম, সর্বোচ্চ মর্যাদাবান।",
    "en": "[He is] Knower of the unseen and the witnessed, the Grand, the Exalted."
  },
  {
    "id": 10,
    "ar": "سَوَآءٌ مِّنكُم مَّنْ أَسَرَّ ٱلْقَوْلَ وَمَن جَهَرَ بِهِۦ وَمَنْ هُوَ مُسْتَخْفٍۭ بِٱلَّيْلِ وَسَارِبٌۢ بِٱلنَّهَارِ",
    "tr": "ছাওয়াউম মিনকুম মান আছাররাল কাওলা ওয়া মান জাহারা বিহী ওয়া মান হুওয়া মুছতাখফিম বিল্লাইলি ওয়া ছা-রিবুম বিন্নাহা-র।",
    "bn_haque": "একসমান তোমাদের মধ্যে যে কথা লুকোয় ও যে তা খুলে বলে, আর যে রাত্রিবেলায় আ‌ত্মগোপন করে আর দিনের বেলায় বিচরণ করে।",
    "bn_muhi": "তোমাদের মধ্যে কেউ গোপনে কথা বলুক বা তা সশব্দে প্রকাশ করুক, রাতের অন্ধকারে সে আত্নগোপন করুক বা প্রকাশ্য দিবালোকে বিচরণ করুক, সবাই তাঁর নিকট সমান।",
    "en": "It is the same [to Him] concerning you whether one conceals [his] speech or one publicizes it and whether one is hidden by night or conspicuous [among others] by day."
  },
  {
    "id": 11,
    "ar": "لَهُۥ مُعَقِّبَٰتٌ مِّنۢ بَيْنِ يَدَيْهِ وَمِنْ خَلْفِهِۦ يَحْفَظُونَهُۥ مِنْ أَمْرِ ٱللَّهِ إِنَّ ٱللَّهَ لَا يُغَيِّرُ مَا بِقَوْمٍ حَتَّىٰ يُغَيِّرُوا۟ مَا بِأَنفُسِهِمْ وَإِذَآ أَرَادَ ٱللَّهُ بِقَوْمٍ سُوٓءًا فَلَا مَرَدَّ لَهُۥ وَمَا لَهُم مِّن دُونِهِۦ مِن وَالٍ",
    "tr": "লাহূ মু‘আক্কিবা-তুম মিমবাইনি ইয়াদাইহি ওয়া মিনখালফিহী ইয়াহফাজূনাহূ মিন আমরিল্লাহি ইন্নাল্লা-হা লা-ইউগাইয়িরু মা-বিকাওমিন হাত্তা-ইউগাইয়িরূমা-বিআনফুছিহিম ওয়া ইযাআরা-দাল্লা-হু বিকাওমিন ছূআন ফালা-মারাদ্দা লাহূ ওয়ামা- লাহুম মিন দূ নিহী মিওঁ ওয়া-ল।",
    "bn_haque": "তাঁর জন্য প্রহরী রয়েছে তাঁর সম্মুখভাগে ও তাঁর পশ্চাদভাগে, ওরা তাঁকে রক্ষণাবেক্ষণ করে আল্লাহ্‌র আদেশক্রমে। আল্লাহ্ অবশ্যই কোনো জাতির অবস্থায় পরিবর্তন করেন না যতক্ষণ না তারা নিজেরাই তা পরিবর্তন করে। আর যখন আল্লাহ্ কোনো জাতির জন্য অকল্যাণ চান তখন তা রদ করার উপায় নেই, আর তাদের জন্য তিনি ছাড়া কোনো অভিভাবক নেই।",
    "bn_muhi": "তাঁর পক্ষ থেকে অনুসরণকারী রয়েছে তাদের অগ্রে এবং পশ্চাতে, আল্লাহর নির্দেশে তারা ওদের হেফাযত করে। আল্লাহ কোন জাতির অবস্থা পরিবর্তন করেন না, যে পর্যন্ত না তারা তাদের নিজেদের অবস্থা পরিবর্তন করে। আল্লাহ যখন কোন জাতির উপর বিপদ চান, তখন তা রদ হওয়ার নয় এবং তিনি ব্যতীত তাদের কোন সাহায্যকারী নেই।",
    "en": "For each one are successive [angels] before and behind him who protect him by the decree of Allah . Indeed, Allah will not change the condition of a people until they change what is in themselves. And when Allah intends for a people ill, there is no repelling it. And there is not for them besides Him any patron."
  },
  {
    "id": 12,
    "ar": "هُوَ ٱلَّذِى يُرِيكُمُ ٱلْبَرْقَ خَوْفًا وَطَمَعًا وَيُنشِئُ ٱلسَّحَابَ ٱلثِّقَالَ",
    "tr": "হুওয়াল্লাযী ইউরীকুমুল বারকাখাওফাওঁ ওয়াতআমাওঁ ওয়া ইউনশিউছছাহা-বাছছিক ল।",
    "bn_haque": "তিনিই সেইজন যিনি তোমাদের দেখান বিদ্যুৎ ভয়উদ্দীপক এবং আশাসঞ্চারক, আর তিনি নিয়ে আসেন ভারী মেঘ।",
    "bn_muhi": "তিনিই তোমাদেরকে বিদ্যুৎ দেখান ভয়ের জন্যে এবং আশার জন্যে এবং উক্ষিত করেন ঘন মেঘমালা।",
    "en": "It is He who shows you lightening, [causing] fear and aspiration, and generates the heavy clouds."
  },
  {
    "id": 13,
    "ar": "وَيُسَبِّحُ ٱلرَّعْدُ بِحَمْدِهِۦ وَٱلْمَلَٰٓئِكَةُ مِنْ خِيفَتِهِۦ وَيُرْسِلُ ٱلصَّوَٰعِقَ فَيُصِيبُ بِهَا مَن يَشَآءُ وَهُمْ يُجَٰدِلُونَ فِى ٱللَّهِ وَهُوَ شَدِيدُ ٱلْمِحَالِ",
    "tr": "ওয়া ইউছাব বিহুর রা‘দুবিহামদিহী ওয়াল মালাইকাতুমিন খীফাতিহী ওয়া ইউরছিলুস সাওয়া-‘ইকা ফাইউসীবুবিহা- মাইঁ ইয়াশাউ ওয়া হুম ইউজা-দিলূনা ফিল্লা-হি ওয়া হুওয়া শাদীদুল মিহা -ল।",
    "bn_haque": "আর বজ্র-নিনাদ মহিমা ঘোষণা করে তাঁর প্রশংসার সাথে, আর ফিরিশ্‌তারাও তাঁর ভয়ে, আর তিনি বজ্রপাত প্রেরণ করেন, আর তা দিয়ে আঘাত করেন যাকে তিনি ইচ্ছা করেন, তবু তারা আল্লাহ্‌র সন্বন্ধে তর্কাতর্কি করে, যদিও তিনি ক্ষমতায় কঠোর।",
    "bn_muhi": "তাঁর প্রশংসা পাঠ করে বজ্র এবং সব ফেরেশতা, সভয়ে। তিনি বজ্রপাত করেন, অতঃপর যাকে ইচছা, তাকে তা দ্বারা আঘাত করেন; তথাপি তারা আল্লাহ সম্পর্কে বিতন্ডা করে, অথচ তিনি মহাশক্তিশালী।",
    "en": "And the thunder exalts [ Allah ] with praise of Him - and the angels [as well] from fear of Him - and He sends thunderbolts and strikes therewith whom He wills while they dispute about Allah ; and He is severe in assault."
  },
  {
    "id": 14,
    "ar": "لَهُۥ دَعْوَةُ ٱلْحَقِّ وَٱلَّذِينَ يَدْعُونَ مِن دُونِهِۦ لَا يَسْتَجِيبُونَ لَهُم بِشَىْءٍ إِلَّا كَبَٰسِطِ كَفَّيْهِ إِلَى ٱلْمَآءِ لِيَبْلُغَ فَاهُ وَمَا هُوَ بِبَٰلِغِهِۦ وَمَا دُعَآءُ ٱلْكَٰفِرِينَ إِلَّا فِى ضَلَٰلٍ",
    "tr": "লাহূদা‘ওয়াতুল হাক্কি ওয়াল্লাযীনা ইয়াদ‘ঊনা মিন দূ নিহী লা-ইয়াছতাজীবূনা লাহুম বিশাইইন ইল্লা- কাবা-ছিতিকাফ ফাইহি ইলাল মাই লিইয়াবলুগা-ফা-হু ওয়ামা-হুওয়া ব্বিা-লিগিহী ওয়ামা- দু‘আউল কা-ফিরীনা ইল্লা-ফী দালা-ল।",
    "bn_haque": "সত্যিকারের প্রার্থনা তাঁরই জন্য। আর তাঁকে ছেড়ে দিয়ে তারা যাদের কাছে প্রার্থনা জানায় তারা তাদের প্রতি কোনো প্রকারের সাড়া দেয় না, তবে যেন সে তার দুই হাত পানির দিকে বাড়িয়ে দিয়েছে যাতে তা তার মুখে পৌঁছুতে পারে, কিন্তু তা তাতে পৌঁছুবে না। বস্তুতঃ অবিশ্বাসীদের প্রার্থনা ভ্রান্তিতে ভিন্ন নয়।",
    "bn_muhi": "সত্যের আহবান একমাত্র তাঁরই এবং তাকে ছাড়া যাদেরকে ডাকে, তারা তাদের কোন কাজে আসে না; ওদের দৃষ্টান্ত সেরূপ, যেমন কেউ দু’ হাত পানির দিকে প্রসারিত করে যাতে পানি তার মুখে পৌঁছে যায়। অথচ পানি কোন সময় পৌঁছাবে না। কাফেরদের যত আহবান তার সবই পথভ্রষ্টতা।",
    "en": "To Him [alone] is the supplication of truth. And those they call upon besides Him do not respond to them with a thing, except as one who stretches his hands toward water [from afar, calling it] to reach his mouth, but it will not reach it [thus]. And the supplication of the disbelievers is not but in error [i.e. futility]."
  },
  {
    "id": 15,
    "ar": "وَلِلَّهِ يَسْجُدُ مَن فِى ٱلسَّمَٰوَٰتِ وَٱلْأَرْضِ طَوْعًا وَكَرْهًا وَظِلَٰلُهُم بِٱلْغُدُوِّ وَٱلْءَاصَالِ ۩",
    "tr": "ওয়ালিল্লা-হি ইয়াছজূদুমানফিছ ছামা-ওয়া-তি ওয়ালআরদিতাও‘আওঁ ওয়াকারহাওঁ ওয়া জিলা-লুহুম বিল গুদুওবিওয়াল আ-সা-ল।(ছিজদাহ-২)",
    "bn_haque": "আর আল্লাহ্‌কেই সিজদা করে যারাই আছে মহাকাশ-মন্ডলে ও পৃথিবীতে -- স্বেচ্ছায় অথবা অনিচ্ছায়, আর তাদের ছায়াও সকালে ও সন্ধ্যায়।",
    "bn_muhi": "আল্লাহকে সেজদা করে যা কিছু নভোমন্ডলে ও ভূমন্ডলে আছে ইচ্ছায় অথবা অনিচ্ছায় এবং তাদের প্রতিচ্ছায়াও সকাল-সন্ধ্যায়।",
    "en": "And to Allah prostrates whoever is within the heavens and the earth, willingly or by compulsion, and their shadows [as well] in the mornings and the afternoons."
  },
  {
    "id": 16,
    "ar": "قُلْ مَن رَّبُّ ٱلسَّمَٰوَٰتِ وَٱلْأَرْضِ قُلِ ٱللَّهُ قُلْ أَفَٱتَّخَذْتُم مِّن دُونِهِۦٓ أَوْلِيَآءَ لَا يَمْلِكُونَ لِأَنفُسِهِمْ نَفْعًا وَلَا ضَرًّا قُلْ هَلْ يَسْتَوِى ٱلْأَعْمَىٰ وَٱلْبَصِيرُ أَمْ هَلْ تَسْتَوِى ٱلظُّلُمَٰتُ وَٱلنُّورُ أَمْ جَعَلُوا۟ لِلَّهِ شُرَكَآءَ خَلَقُوا۟ كَخَلْقِهِۦ فَتَشَٰبَهَ ٱلْخَلْقُ عَلَيْهِمْ قُلِ ٱللَّهُ خَٰلِقُ كُلِّ شَىْءٍ وَهُوَ ٱلْوَٰحِدُ ٱلْقَهَّٰرُ",
    "tr": "কুল মার রাব্বুছ ছামা-ওয়া-তি ওয়াল আরদিকুল্লিলা-হু কুল আফাত্তাখাযতুম মিন দূ নিহীআওলিয়াআ লা-ইয়ামলিকূনা লিআনফুছিহিম নাফ‘আওঁ ওয়ালা-দাররান কুল হাল ইয়াছতাবিল আ‘মা-ওয়াল বাসীরু আম হাল তাছতাবিজজু লুমা-তুওয়াননূরু আম জা‘আলূলিল্লা-হি শুরাকাআ খালাকূকাখাল কিহী ফাতাশা-বাহাল খালকু ‘আলাইুহিম কুল্লিলা-হু খা-লিকুকুল্লি শাইয়িওঁ ওয়া হুওয়াল ওয়া-হিদুল কাহহা-র।",
    "bn_haque": "বলো -- \"কে মহাকাশমন্ডল ও পৃথিবীর প্রভু?\" বল -- \"আল্লাহ্‌।\" বল, \"তবে কি তোমরা তাঁকে ছেড়ে দিয়ে অভিভাবক-রূপে গ্রহণ কর তাদের যারা তাদের নিজেদের জন্যে কোনো লাভ কামাতে সক্ষম নয় আর ক্ষতিসাধনেও নয়?\" বলো -- \"অন্ধ ও চক্ষুষ্মান কি এক-সমান অথবা অন্ধকার আর আলোক কি সমান-সমান? অথবা তারা কি আল্লাহ্‌র এমন অংশী দাঁড় করিয়েছে যারা তাঁর সৃষ্টির মত সৃষ্টি করেছে, যার ফলে সৃষ্টি তাদের কাছে সন্দেহ ঘটিয়েছে?\" বল -- \"আল্লাহ্‌ই সব-কিছুর সৃষ্টিকর্তা, আর তিনি একক, সর্বাধিনায়ক।\"",
    "bn_muhi": "জিজ্ঞেস করুন নভোমন্ডল ও ভুমন্ডলের পালনকর্তা কে? বলে দিনঃ আল্লাহ! বলুনঃ তবে কি তোমরা আল্লাহ ব্যতীত এমন অভিভাবক স্থির করেছ, যারা নিজেদের ভাল-মন্দের ও মালিক নয়? বলুনঃ অন্ধ চক্ষুষ্মান কি সমান হয়? অথবা কোথাও কি অন্ধকার ও আলো সমান হয়। তবে কি তারা আল্লাহর জন্য এমন অংশীদার স্থির করেছে যে, তারা কিছু সৃষ্টি করেছে, যেমন সৃষ্টি করেছেন আল্লাহ? অতঃপর তাদের সৃষ্টি এরূপ বিভ্রান্তি ঘটিয়েছে? বলুনঃ আল্লাহই প্রত্যেক বস্তুর স্রষ্টা এবং তিনি একক, পরাক্রমশালী।",
    "en": "Say, \"Who is Lord of the heavens and earth?\" Say, \" Allah .\" Say, \"Have you then taken besides Him allies not possessing [even] for themselves any benefit or any harm?\" Say, \"Is the blind equivalent to the seeing? Or is darkness equivalent to light? Or have they attributed to Allah partners who created like His creation so that the creation [of each] seemed similar to them?\" Say, \" Allah is the Creator of all things, and He is the One, the Prevailing.\""
  },
  {
    "id": 17,
    "ar": "أَنزَلَ مِنَ ٱلسَّمَآءِ مَآءً فَسَالَتْ أَوْدِيَةٌۢ بِقَدَرِهَا فَٱحْتَمَلَ ٱلسَّيْلُ زَبَدًا رَّابِيًا وَمِمَّا يُوقِدُونَ عَلَيْهِ فِى ٱلنَّارِ ٱبْتِغَآءَ حِلْيَةٍ أَوْ مَتَٰعٍ زَبَدٌ مِّثْلُهُۥ كَذَٰلِكَ يَضْرِبُ ٱللَّهُ ٱلْحَقَّ وَٱلْبَٰطِلَ فَأَمَّا ٱلزَّبَدُ فَيَذْهَبُ جُفَآءً وَأَمَّا مَا يَنفَعُ ٱلنَّاسَ فَيَمْكُثُ فِى ٱلْأَرْضِ كَذَٰلِكَ يَضْرِبُ ٱللَّهُ ٱلْأَمْثَالَ",
    "tr": "আনঝালা মিনাছছামাই মাআন ফাছা-লাত আওদিয়াতুম বিকাদারিহা-ফাহতামালাছ ছাইলু ঝাবাদার রা-বিয়াওঁ ওয়া মিম্মা-ইউকিদূ না ‘আলাইহি ফিন্না-রিব তিগাআ হিলয়াতিন আও মাতা-‘ইন ঝাবাদুম মিছলুহূ কাযা-লিকা ইয়াদরিবুল্লা-হুল হাক্কা ওয়াল বাতিলা ফাআম্মাঝ ঝাবাদুফাইয়াযহাবুজুফাআওঁ ওয়া আম্মা-মা-ইয়ানফাউন্নাছা ফাইয়ামকুছু ফিল আরদি কাযা-লিকা ইয়াদরিবুল্লা-হুল আমছা-ল।",
    "bn_haque": "তিনি আকাশ থেকে পানি অবতারণ করেন, তারপর জলধারা প্রবাহিত হয় তাদের পরিমাপ অনুসারে, আর খরস্রোত বয়ে নিয়ে যায় ফেঁপে ওঠা ফেনার রাশি। আর যা তারা আগুনে গলায় গহনাগাটি বা যন্ত্রপাতি নির্মাণের উদ্দেশ্যে তা থেকেও ওঠে ওর মতো ফেনায়িত গাদ। এইভাবে আল্লাহ্ সত্য ও মিথ্যার দৃষ্টান্ত দিয়ে থাকেন। কাজেই যা কিছু গাদ -- তা চলে যায় জালরূপে, আর যা মানুষের উপকারে আসে তা কিন্তু থেকে যায় পৃথিবীতে। এইভাবে আল্লাহ্ উপমা দিয়ে থাকেন।",
    "bn_muhi": "তিনি আকাশ থেকে পানি বর্ষণ করেন। অতঃপর স্রোতধারা প্রবাহিত হতে থাকে নিজ নিজ পরিমাণ অনুযায়ী। অতঃপর স্রোতধারা স্ফীত ফেনারাশি উপরে নিয়ে আসে। এবং অলঙ্কার অথবা তৈজসপত্রের জন্যে যে বস্তুকে আগুনে উত্তপ্ত করে, তাতেও তেমনি ফেনারাশি থাকে। এমনি ভাবে আল্লাহ সত্য ও অসত্যের দৃষ্টান্ত প্রদান করেন। অতএব, ফেনা তো শুকিয়ে খতম হয়ে যায় এবং যা মানুষের উপকারে আসে, তা জমিতে অবশিষ্ট থাকে। আল্লাহ এমনিভাবে দৃষ্টান্তসমূহ বর্ণনা করেন।",
    "en": "He sends down from the sky, rain, and valleys flow according to their capacity, and the torrent carries a rising foam. And from that [ore] which they heat in the fire, desiring adornments and utensils, is a foam like it. Thus Allah presents [the example of] truth and falsehood. As for the foam, it vanishes, [being] cast off; but as for that which benefits the people, it remains on the earth. Thus does Allah present examples."
  },
  {
    "id": 18,
    "ar": "لِلَّذِينَ ٱسْتَجَابُوا۟ لِرَبِّهِمُ ٱلْحُسْنَىٰ وَٱلَّذِينَ لَمْ يَسْتَجِيبُوا۟ لَهُۥ لَوْ أَنَّ لَهُم مَّا فِى ٱلْأَرْضِ جَمِيعًا وَمِثْلَهُۥ مَعَهُۥ لَٱفْتَدَوْا۟ بِهِۦٓ أُو۟لَٰٓئِكَ لَهُمْ سُوٓءُ ٱلْحِسَابِ وَمَأْوَىٰهُمْ جَهَنَّمُ وَبِئْسَ ٱلْمِهَادُ",
    "tr": "লিল্লাযীনাছতাজা-বূলিরাব্বিহিমুল হুছনা- ওয়াল্লাযীনা লাম ইয়াছতাজীবূলাহূলাও আন্না লাহুম মা-ফিল আরদিজামী‘আওঁ ওয়া মিছলাহূমা‘আহূলাফতাদাওঁ বিহী উলাইকা লাহুম ছূউল হিছা-ব ওয়ামা’ওয়া-হুম জাহান্নামু ওয়া বি’ছাল মিহা-দ ।",
    "bn_haque": "যারা তাদের প্রভুর প্রতি সাড়া দেয় তাদের জন্য রয়েছে কল্যাণ, আর যারা তাঁর প্রতি সাড়া দেয় না -- তাদের যদি থাকত পৃথিবীতে যা-কিছু আছে সবটাই ও সেই সঙ্গে তার সমপরিমাণ, তবে তারা নিশ্চয়ই তা মুক্তিপণরূপে অর্পণ করতো। এরাই -- এদের জন্য হবে মন্দ হিসাব, আর তাদের আবাস হবে জাহান্নাম, আর তা বড় নিকৃষ্ট বাসস্থান।",
    "bn_muhi": "যারা পালনকর্তার আদেশ পালন করে, তাদের জন্য উত্তম প্রতিদান রয়েছে এবং যারা আদেশ পালন করে না, যদি তাদের কাছে জগতের সবকিছু থাকে এবং তার সাথে তার সমপরিমাণ আরও থাকে, তবে সবই নিজেদের মুক্তিপণ স্বরূপ দিয়ে দেবে। তাদের জন্যে রয়েছে কঠোর হিসাব। তাদের আবাস হবে জাহান্নাম। সেটা কতইনা নিকৃষ্ট অবস্থান।",
    "en": "For those who have responded to their Lord is the best [reward], but those who did not respond to Him - if they had all that is in the earth entirely and the like of it with it, they would [attempt to] ransom themselves thereby. Those will have the worst account, and their refuge is Hell, and wretched is the resting place."
  },
  {
    "id": 19,
    "ar": "أَفَمَن يَعْلَمُ أَنَّمَآ أُنزِلَ إِلَيْكَ مِن رَّبِّكَ ٱلْحَقُّ كَمَنْ هُوَ أَعْمَىٰٓ إِنَّمَا يَتَذَكَّرُ أُو۟لُوا۟ ٱلْأَلْبَٰبِ",
    "tr": "আফামাইঁ ইয়া‘লামুআন্নামাউনঝিলা ইলাইকা মির রাব্বিকাল হাক্কুকামান হুওয়া আ‘মা- ইন্নামা-ইয়াতাযাক্কারু ঊলুল আলবা-ব।",
    "bn_haque": "যেজন জানে যে তোমার প্রভুর কাছ থেকে তোমার নিকট যা অবতীর্ণ হয়েছে তা সত্য সে কি তার মতো যে অন্ধ? নিঃসন্দেহ বোধশক্তিসম্পন্ন লোকেরাই কেবল স্মরণ করবে, --",
    "bn_muhi": "যে ব্যক্তি জানে যে, যা কিছু পালনকর্তার পক্ষ থেকে আপনার প্রতি অবর্তীর্ণ হয়েছে তা সত্য সে কি ঐ ব্যক্তির সমান, যে অন্ধ? তারাই বোঝে, যারা বোধশক্তি সম্পন্ন।",
    "en": "Then is he who knows that what has been revealed to you from your Lord is the truth like one who is blind? They will only be reminded who are people of understanding -"
  },
  {
    "id": 20,
    "ar": "ٱلَّذِينَ يُوفُونَ بِعَهْدِ ٱللَّهِ وَلَا يَنقُضُونَ ٱلْمِيثَٰقَ",
    "tr": "আল্লাযীনা ইঊফূনা বি‘আহদিল্লা-হি ওয়ালা-ইয়ানকুদূ নাল মীছা-ক।",
    "bn_haque": "যারা আল্লাহ্‌র অংগীকার রক্ষা করে ও প্রতিজ্ঞা ভঙ্গ করে না,",
    "bn_muhi": "এরা এমন লোক, যারা আল্লাহর প্রতিশ্রুতি পূর্ণ করে এবং অঙ্গীকার ভঙ্গ করে না।",
    "en": "Those who fulfill the covenant of Allah and do not break the contract,"
  },
  {
    "id": 21,
    "ar": "وَٱلَّذِينَ يَصِلُونَ مَآ أَمَرَ ٱللَّهُ بِهِۦٓ أَن يُوصَلَ وَيَخْشَوْنَ رَبَّهُمْ وَيَخَافُونَ سُوٓءَ ٱلْحِسَابِ",
    "tr": "ওয়াল্লাযীনা ইয়াসিলূনা মাআমারাল্লা-হুবিহীআইঁ ইউসালা ওয়া ইয়াখশাওনা রাব্বাহুম ওয়া ইয়া খা-ফূনা ছূআল হিছা-ব।",
    "bn_haque": "আর যারা সংযুক্ত রাখে যা অক্ষুন্ন রাখতে আল্লাহ্ আদেশ করেছেন, আর যারা তাদের প্রভুকে ভয় করে, আর যারা ভয় করে মন্দ হিসাব সন্বন্ধে।",
    "bn_muhi": "এবং যারা বজায় রাখে ঐ সম্পর্ক, যা বজায় রাখতে আল্লাহ আদেশ দিয়েছেন এবং স্বীয় পালনকর্তাকে ভয় করে এবং কঠোর হিসাবের আশঙ্কা রাখে।",
    "en": "And those who join that which Allah has ordered to be joined and fear their Lord and are afraid of the evil of [their] account,"
  },
  {
    "id": 22,
    "ar": "وَٱلَّذِينَ صَبَرُوا۟ ٱبْتِغَآءَ وَجْهِ رَبِّهِمْ وَأَقَامُوا۟ ٱلصَّلَوٰةَ وَأَنفَقُوا۟ مِمَّا رَزَقْنَٰهُمْ سِرًّا وَعَلَانِيَةً وَيَدْرَءُونَ بِٱلْحَسَنَةِ ٱلسَّيِّئَةَ أُو۟لَٰٓئِكَ لَهُمْ عُقْبَى ٱلدَّارِ",
    "tr": "ওয়াল্লাযীনা সাবারুব তিগাআ ওয়াজহি রাব্বিহিম ওয়া আকা-মুসসালা-তা ওয়া আনফাকূ মিম্মা-রাঝাকনা-হুম ছিররাওঁ ওয়া ‘আলা-নিয়াতাওঁ ওয়া ইয়াদরাঊনা বিলহাছানাতিছ ছাইয়িআতা উলাইকা লাহুম ‘উকবাদ্দা-র।",
    "bn_haque": "আর যারা তাদের প্রভুর সন্তষ্টিলাভের অন্বেষণে অধ্যবসায় অবলন্বন করে, আর নামায কায়েম রাখে, আর আমরা তাদের যা জীবনোপকরণ দিয়েছি তা থেকে যারা গোপনে ও প্রকাশ্যে ব্যয় করে, আর ভাল দিয়ে মন্দকে দূর করে, -- এরাই তারা যাদের জন্য রয়েছে চরমোৎকর্ষ আবাস, --",
    "bn_muhi": "এবং যারা স্বীয় পালনকর্তার সন্তুষ্টির জন্যে সবর করে, নামায প্রতিষ্টা করে আর আমি তাদেরকে যা দিয়েছি, তা থেকে গোপনে ও প্রকাশ্য ব্যয় করে এবং যারা মন্দের বিপরীতে ভাল করে, তাদের জন্যে রয়েছে পরকালের গৃহ।",
    "en": "And those who are patient, seeking the countenance of their Lord, and establish prayer and spend from what We have provided for them secretly and publicly and prevent evil with good - those will have the good consequence of [this] home -"
  },
  {
    "id": 23,
    "ar": "جَنَّٰتُ عَدْنٍ يَدْخُلُونَهَا وَمَن صَلَحَ مِنْ ءَابَآئِهِمْ وَأَزْوَٰجِهِمْ وَذُرِّيَّٰتِهِمْ وَٱلْمَلَٰٓئِكَةُ يَدْخُلُونَ عَلَيْهِم مِّن كُلِّ بَابٍ",
    "tr": "জান্না-তু‘আদনিইঁ ইয়াদখুলূনাহা-ওয়া মান সালাহামিনআ-বাইহিম ওয়াআঝওয়া-জিহিম ওয়াযুররিইইয়া-তিহিম ওয়াল মালাইকাতুইয়াদখুলূনা ‘আলাইহিম মিন কুল্লি বা-ব।",
    "bn_haque": "নন্দন কানন যাতে তারা প্রবেশ করবে, আর তাদের পিতামাতাদের ও তাদের পতিপত্নীদের ও তাদের সন্তানসন্ততি দের মধ্যে যারা সৎকর্ম করেছে, আর ফিরিশ্‌তাগণ তাদের সামনে প্রবেশ করবে প্রত্যেক দরজা দিয়ে, --",
    "bn_muhi": "তা হচ্ছে বসবাসের বাগান। তাতে তারা প্রবেশ করবে এবং তাদের সৎকর্মশীল বাপ-দাদা, স্বামী-স্ত্রী ও সন্তানেরা। ফেরেশতারা তাদের কাছে আসবে প্রত্যেক দরজা দিয়ে।",
    "en": "Gardens of perpetual residence; they will enter them with whoever were righteous among their fathers, their spouses and their descendants. And the angels will enter upon them from every gate, [saying],"
  },
  {
    "id": 24,
    "ar": "سَلَٰمٌ عَلَيْكُم بِمَا صَبَرْتُمْ فَنِعْمَ عُقْبَى ٱلدَّارِ",
    "tr": "ছালা-মুন ‘আলাইকুম বিমা-সাবারতুম ফানি‘মা ‘উকবাদ্দা-র।",
    "bn_haque": "শান্তি বর্ষিত হোক তোমাদের উপরে যেহেতু তোমরা অধ্যবসায় অবলন্বন করেছিলে, কাজেই কত ভাল এই চরমোৎকর্ষ আবাস!",
    "bn_muhi": "বলবেঃ তোমাদের সবরের কারণে তোমাদের উপর শান্তি বর্ষিত হোক। আর তোমাদের এ পরিণাম-গৃহ কতই না চমৎকার।",
    "en": "\"Peace be upon you for what you patiently endured. And excellent is the final home.\""
  },
  {
    "id": 25,
    "ar": "وَٱلَّذِينَ يَنقُضُونَ عَهْدَ ٱللَّهِ مِنۢ بَعْدِ مِيثَٰقِهِۦ وَيَقْطَعُونَ مَآ أَمَرَ ٱللَّهُ بِهِۦٓ أَن يُوصَلَ وَيُفْسِدُونَ فِى ٱلْأَرْضِ أُو۟لَٰٓئِكَ لَهُمُ ٱللَّعْنَةُ وَلَهُمْ سُوٓءُ ٱلدَّارِ",
    "tr": "ওয়াল্লাযীনা ইয়ানকুদূ না ‘আহদাল্লা-হি মিম বা‘দি মীছা-কিহী ওয়া ইয়াকাতা‘ঊনা মাআমারাল্লা-হু বিহীআইঁ ইঊসালা ওয়াইউফছিদূ না ফিল আরদি উলাইকা লাহুমুল লা‘নাতুওয়া লাহুম ছূূউদ্দা-র।",
    "bn_haque": "আর যারা আল্লাহ্‌র সাথের অংগীকার ভঙ্গ করে সেটির সুদৃঢ়ীকরণের পরে, আর ছিন্ন করে যা অক্ষুন্ন রাখতে আল্লাহ্ আদেশ করেছেন, আর পৃথিবীতে অশান্তি সৃষ্টি করে, এরাই -- এদের জন্যেই রয়েছে ধিক্কার, আর এদেরই জন্যে আছে নিকৃষ্ট আবাস।",
    "bn_muhi": "এবং যারা আল্লাহর অঙ্গীকারকে দৃঢ় ও পাকা-পোক্ত করার পর তা ভঙ্গ করে, আল্লাহ যে, সম্পর্ক বজায় রাখতে আদেশ করেছেন, তা ছিন্ন করে এবং পৃথিবীতে অশান্তি সৃষ্টি করে, ওরা ঐ সমস্ত লোক যাদের জন্যে রয়েছে অভিসম্পাত এবং ওদের জন্যে রয়েছে কঠিন আযাব।",
    "en": "But those who break the covenant of Allah after contracting it and sever that which Allah has ordered to be joined and spread corruption on earth - for them is the curse, and they will have the worst home."
  },
  {
    "id": 26,
    "ar": "ٱللَّهُ يَبْسُطُ ٱلرِّزْقَ لِمَن يَشَآءُ وَيَقْدِرُ وَفَرِحُوا۟ بِٱلْحَيَوٰةِ ٱلدُّنْيَا وَمَا ٱلْحَيَوٰةُ ٱلدُّنْيَا فِى ٱلْءَاخِرَةِ إِلَّا مَتَٰعٌ",
    "tr": "আল্লা-হু ইয়াবছুতু র রিঝকালিমাইঁ ইয়াশাউ ওয়া ইয়াকদিরু ওয়া ফারিহূবিলহায়াতিদদুনইয়া-ওয়ামাল হায়া-তুদদুনইয়া- ফিল আ-খিরাতি ইল্লা-মাতা-‘উ।",
    "bn_haque": "আল্লাহ্ জীবিকা বাড়িয়ে দেন যাকে তিনি ইচ্ছে করেন, আর তিনি মাপজোখ করেন। আর তারা পার্থিব জীবনে উল্লসিত। অথচ ইহকালের জীবনটা তো পরকালের তুলনায় যৎসামান্য সুখ-ভোগ বৈ নয়।",
    "bn_muhi": "আল্লাহ যার জন্যে ইচ্ছা রুযী প্রশস্ত করেন এবং সংকুচিত করেন। তারা পার্থিব জীবনের প্রতি মুগ্ধ। পার্থিবজীবন পরকালের সামনে অতি সামান্য সম্পদ বৈ নয়।",
    "en": "Allah extends provision for whom He wills and restricts [it]. And they rejoice in the worldly life, while the worldly life is not, compared to the Hereafter, except [brief] enjoyment."
  },
  {
    "id": 27,
    "ar": "وَيَقُولُ ٱلَّذِينَ كَفَرُوا۟ لَوْلَآ أُنزِلَ عَلَيْهِ ءَايَةٌ مِّن رَّبِّهِۦ قُلْ إِنَّ ٱللَّهَ يُضِلُّ مَن يَشَآءُ وَيَهْدِىٓ إِلَيْهِ مَنْ أَنَابَ",
    "tr": "ওয়া ইয়াকূলুল্লাযীনা কাফারূলাওলাউনঝিলা ‘আলাইহি আ-য়াতুম মির রাব্বিহী কুল ইন্নাল্লা-হা ইউদিল্লুমাইঁ ইয়াশাউ ওয়া ইয়াহদীইলাইহি মান আনা-ব।",
    "bn_haque": "আর যারা অবিশ্বাস পোষণ করে তারা বলে -- \"কেন তাঁর কাছে তাঁর প্রভুর কাছ থেকে একটি নিদর্শন অবতীর্ণ হয় না?\" বলো -- \"নিঃসন্দেহ আল্লাহ্ ভ্রান্তপথে যেতে দেন যাকে তিনি ইচ্ছে করেন, আর তাঁর দিকে পরিচালিত করেন যে ফেরে;",
    "bn_muhi": "কাফেররা বলেঃ তাঁর প্রতি তাঁর পালনকর্তার পক্ষ থেকে কোন নিদর্শন কেন অবতীর্ণ হলো না? বলে দিন, আল্লাহ যাকে ইচ্ছা পথভ্রষ্ট করেন এবং যে, মনোনিবেশ করে, তাকে নিজের দিকে পথপ্রদর্শন করেন।",
    "en": "And those who disbelieved say, \"Why has a sign not been sent down to him from his Lord?\" Say, [O Muhammad], \"Indeed, Allah leaves astray whom He wills and guides to Himself whoever turns back [to Him] -"
  },
  {
    "id": 28,
    "ar": "ٱلَّذِينَ ءَامَنُوا۟ وَتَطْمَئِنُّ قُلُوبُهُم بِذِكْرِ ٱللَّهِ أَلَا بِذِكْرِ ٱللَّهِ تَطْمَئِنُّ ٱلْقُلُوبُ",
    "tr": "আল্লাযীনা আ-মানূওয়া তাতমাইন্নুকুলূবুহুম বিযিকরিল্লা-হি ‘আলা-বিযিকরিল্লা-হি তাতমাইন্নুল কুলূব।",
    "bn_haque": "\"যারা আস্থা স্থাপন করেছে আর আল্লাহ্‌র গুণকীর্তনে যাদের হৃদয় প্রশান্ত হয়।\" এটি কি নয় যে আল্লাহ্‌র গুণগানেই হৃদয় প্রশান্তি লাভ করে?",
    "bn_muhi": "যারা বিশ্বাস স্থাপন করে এবং তাদের অন্তর আল্লাহর যিকির দ্বারা শান্তি লাভ করে; জেনে রাখ, আল্লাহর যিকির দ্বারাই অন্তর সমূহ শান্তি পায়।",
    "en": "Those who have believed and whose hearts are assured by the remembrance of Allah . Unquestionably, by the remembrance of Allah hearts are assured.\""
  },
  {
    "id": 29,
    "ar": "ٱلَّذِينَ ءَامَنُوا۟ وَعَمِلُوا۟ ٱلصَّٰلِحَٰتِ طُوبَىٰ لَهُمْ وَحُسْنُ مَـَٔابٍ",
    "tr": "আল্লাযীনা আ-মানূওয়া ‘আমিলুসসা-লিহা-তি তূবা-লাহুম ওয়া হুছনুমাআ-ব।",
    "bn_haque": "যারা ঈমান এনেছে ও সৎকর্ম করছে তাদেরই জন্য পরম সুখ ও শুভ পরিণাম।",
    "bn_muhi": "যারা বিশ্বাস স্থাপন করে এবং সৎকর্ম সম্পাদন করে, তাদের জন্যে রয়েছে সুসংবাদ এবং মনোরম প্রত্যাবর্তণস্থল।",
    "en": "Those who have believed and done righteous deeds - a good state is theirs and a good return."
  },
  {
    "id": 30,
    "ar": "كَذَٰلِكَ أَرْسَلْنَٰكَ فِىٓ أُمَّةٍ قَدْ خَلَتْ مِن قَبْلِهَآ أُمَمٌ لِّتَتْلُوَا۟ عَلَيْهِمُ ٱلَّذِىٓ أَوْحَيْنَآ إِلَيْكَ وَهُمْ يَكْفُرُونَ بِٱلرَّحْمَٰنِ قُلْ هُوَ رَبِّى لَآ إِلَٰهَ إِلَّا هُوَ عَلَيْهِ تَوَكَّلْتُ وَإِلَيْهِ مَتَابِ",
    "tr": "কাযা-লিকা আরছালনা-কা ফীউম্মাতিন কাদ খালাত মিন কাবলিহাউমামুল লিতাতলুওয়া ‘আলাইহিমুল্লাযী আওহাইনাইলাইকা ওয়াহুম ইয়াকফুরূনা বিররাহমা-নি কুল হুওয়া রাববী লাইলা-হা ইল্লা হুওয়া ‘আলাইহি তাওয়াক্কালতুওয়া ইলাইহি মাতা-ব।",
    "bn_haque": "এইভাবে তোমাকে আমরা পাঠিয়েছি একটি জাতির মধ্যে যার পূর্বে বহু জাতি গত হয়ে গেছে, যেন তুমি তাদের কাছে পাঠ করতে পার যা আমরা তোমার কাছে প্রত্যাদেশ করছি, তথাপি তারা অবিশ্বাস করে পরম করুণাময়ের প্রতি! বল -- \"তিনিই আমার প্রভু, তিনি ছাড়া অন্য উপাস্য নেই, তাঁরই উপরে আমি নির্ভর করি আর তাঁর কাছেই আমার প্রত্যাবর্তন।\"",
    "bn_muhi": "এমনিভাবে আমি আপনাকে একটি উম্মতের মধ্যে প্রেরণ করেছি। তাদের পূর্বে অনেক উম্মত অতিক্রান্ত হয়েছে। যাতে আপনি তাদেরকে ঐ নির্দেশ শুনিয়ে দেন, যা আমি আপনার কাছে প্রেরণ করেছি। তথাপি তারা দয়াময়কে অস্বীকার করে। বলুনঃ তিনিই আমার পালনকর্তা। তিনি ব্যতীত কারও উপাসনা নাই। আমি তাঁর উপরই ভরসা করেছি এবং তাঁর দিকেই আমার প্রত্যাবর্তণ।",
    "en": "Thus have We sent you to a community before which [other] communities have passed on so you might recite to them that which We revealed to you, while they disbelieve in the Most Merciful. Say, \"He is my Lord; there is no deity except Him. Upon Him I rely, and to Him is my return.\""
  },
  {
    "id": 31,
    "ar": "وَلَوْ أَنَّ قُرْءَانًا سُيِّرَتْ بِهِ ٱلْجِبَالُ أَوْ قُطِّعَتْ بِهِ ٱلْأَرْضُ أَوْ كُلِّمَ بِهِ ٱلْمَوْتَىٰ بَل لِّلَّهِ ٱلْأَمْرُ جَمِيعًا أَفَلَمْ يَا۟يْـَٔسِ ٱلَّذِينَ ءَامَنُوٓا۟ أَن لَّوْ يَشَآءُ ٱللَّهُ لَهَدَى ٱلنَّاسَ جَمِيعًا وَلَا يَزَالُ ٱلَّذِينَ كَفَرُوا۟ تُصِيبُهُم بِمَا صَنَعُوا۟ قَارِعَةٌ أَوْ تَحُلُّ قَرِيبًا مِّن دَارِهِمْ حَتَّىٰ يَأْتِىَ وَعْدُ ٱللَّهِ إِنَّ ٱللَّهَ لَا يُخْلِفُ ٱلْمِيعَادَ",
    "tr": "ওয়া লাও আন্না কুরআ-নান ছুইয়িরাত বিহিল জিবা-লুআও কুত্তি‘আত বিহিল আরদুআও কুল্লিমা বিহিল মাওতা- বাল লিল্লা-হিল আমরু জামী‘আন আফালাম ইয়াইআছিল্লাযীনা আ-মানূআল্লাওঁইয়াশাউল্লা-হু লাহাদান্না-ছা জামী‘আওঁ ওয়ালা-ইয়াঝা-লুল্লাযীনা কাফারূতুসীবুহুম বিমা-সানা‘ঊ কা-রি‘আতুন আও তাহুল্লুকারীবাম মিন দা-রিহিম হাত্তা-ইয়া’তিয়া ওয়া‘দুল্লা-হি ইন্নাল্লা-হা লা-ইউখলিফুল মী‘আ-দ ।",
    "bn_haque": "আর যদি এমন একখানা কুরআন থাকত যার দ্বারা পাহাড়গুলো হটিয়ে দেয়া যেতো, অথবা তার দ্বারা পৃথিবীকে ছিন্নভিন্ন করা যেতো, অথবা মৃতকে তার দ্বারা কথা বলানো যেতো। বস্তুতঃ হুকুম পুরোপুরি আল্লাহ্‌র। যারা বিশ্বাস করেছে তারা কি জানে না যে, যদি আল্লাহ্ তেমন ইচ্ছে করতেন তবে সব মানুষকে একই সাথে সৎপথে চালিত করতেন? আর যারা অবিশ্বাস পোষণ করে তারা যা করে সেজন্য তাদের উপরে বিপর্যয় আঘাত হানতে ক্ষান্ত হবে না, অথবা এটি তাদের বাড়িঘরের নিকটেই আপতিত হতে থাকবে, যে পর্যন্ত না আল্লাহ্‌র ওয়াদা সমাগত হয়। আল্লাহ্ আলবৎ ওয়াদা খেলাপ করেন না।",
    "bn_muhi": "যদি কোন কোরআন এমন হত, যার সাহায্যে পাহাড় চলমান হয় অথবা যমীন খন্ডিত হয় অথবা মৃতরা কথা বলে, তবে কি হত? বরং সব কাজ তো আল্লাহর হাতে। ঈমানদাররা কি এ ব্যাপারে নিশ্চিত নয় যে, যদি আল্লাহ চাইতেন, তবে সব মানুষকে সৎপথে পরিচালিত করতেন? কাফেররা তাদের কৃতকর্মের কারণে সব সময় আঘাত পেতে থাকবে অথবা তাদের গৃহের নিকটবর্তী স্থানে আঘাত নেমে আসবে, যে, পর্যন্ত আল্লাহর ওয়াদা না আসে। নিশ্চয় আল্লাহ ওয়াদার খেলাফ করেন না।",
    "en": "And if there was any qur'an by which the mountains would be removed or the earth would be broken apart or the dead would be made to speak, [it would be this Qur'an], but to Allah belongs the affair entirely. Then have those who believed not accepted that had Allah willed, He would have guided the people, all of them? And those who disbelieve do not cease to be struck, for what they have done, by calamity - or it will descend near their home - until there comes the promise of Allah . Indeed, Allah does not fail in [His] promise."
  },
  {
    "id": 32,
    "ar": "وَلَقَدِ ٱسْتُهْزِئَ بِرُسُلٍ مِّن قَبْلِكَ فَأَمْلَيْتُ لِلَّذِينَ كَفَرُوا۟ ثُمَّ أَخَذْتُهُمْ فَكَيْفَ كَانَ عِقَابِ",
    "tr": "ওয়া লাকাদিছতুহঝিআ বিরুছুলিম মিন কাবলিকা ফাআমলাইতুলিল্লাযীনা কাফারূছু ম্মা আখাযতুহুম ফাকাইফা কা-না ‘ইকা-ব।",
    "bn_haque": "আর নিশ্চয়ই তোমার পূর্বে রসূলগণকে ঠাট্টাবিদ্রূপ করা হয়েছিল, সুতরাং যারা অবিশ্বাস করেছিল তাদের আমি অবকাশ দিয়েছিলাম, তারপর আমি তাদের পাকড়াও করেছিলাম, কাজেই কেমন ছিল আমার প্রতিফলদান!",
    "bn_muhi": "আপনার পূর্বে কত রাসূলের সাথে ঠাট্টা করা হয়েছে। অতঃপর আমি কাফেরদেরকে কিছু অবকাশ দিয়েছি। , এর পর তাদেরকে পাকড়াও করেছি। অতএব কেমন ছিল আমার শাস্তি।",
    "en": "And already were [other] messengers ridiculed before you, and I extended the time of those who disbelieved; then I seized them, and how [terrible] was My penalty."
  },
  {
    "id": 33,
    "ar": "أَفَمَنْ هُوَ قَآئِمٌ عَلَىٰ كُلِّ نَفْسٍۭ بِمَا كَسَبَتْ وَجَعَلُوا۟ لِلَّهِ شُرَكَآءَ قُلْ سَمُّوهُمْ أَمْ تُنَبِّـُٔونَهُۥ بِمَا لَا يَعْلَمُ فِى ٱلْأَرْضِ أَم بِظَٰهِرٍ مِّنَ ٱلْقَوْلِ بَلْ زُيِّنَ لِلَّذِينَ كَفَرُوا۟ مَكْرُهُمْ وَصُدُّوا۟ عَنِ ٱلسَّبِيلِ وَمَن يُضْلِلِ ٱللَّهُ فَمَا لَهُۥ مِنْ هَادٍ",
    "tr": "আফামান হুওয়া কাইমুন ‘আলা-কুল্লি নাফছিম বিমা কাছাবাত ওয়া জা‘আলূলিল্লা-হি শুরাকাআ কুল ছাম্মূহুম আম তুনাব্বিঊনাহূবিমা-লা-ইয়া‘লামুফিল আরদিআম বিজাহিরিম মিনাল কাওলি বাল ঝুইয়িনা লিল্লাযীনা কাফারূমাকরুহুম ওয়াসুদ্দূ‘আনিছ ছাবীলি ওয়ামাইঁ ইউদলিলিল্লা-হু ফামা-লাহূমিন হা-দ ।",
    "bn_haque": "তবে কি প্রত্যেক সত্ত্বা কি অর্জন করছে তাতে যিনি অধিষ্ঠিত রয়েছেন? তথাপি তারা আল্লাহ্‌র সাথে অংশী দাঁড় করায়! তুমি বল -- \"ওদের নাম দাও।\" তবে কি তোমরা তাঁকে জানাতে চাও পৃথিবীতে এমন কিছু বিষয় যা তিনি জানেন না? না এটি বাহ্যতঃ একটি কথা মাত্র? না, ওদের ছলা-কলা চিত্তাকর্ষক মনে হয় তাদের কাছে যারা অবিশ্বাস পোষণ করে, আর তাদের ফিরিয়ে আনা হয় সৎপথ থেকে। আর যাকে আল্লাহ্ পথভ্রষ্ট হতে দেন তার জন্য তবে কোনো পথপ্রদর্শক নেই।",
    "bn_muhi": "ওরা প্রত্যেকেই কি মাথার উপর স্ব স্ব কৃতকর্ম নিয়ে দন্ডায়মান নয়? এবং তারা আল্লাহর জন্য অংশীদার সাব্যস্ত করে। বলুন; নাম বল অথবা খবর দাও পৃথিবীর এমন কিছু জিনিস সম্পর্কে যা তিনি জানেন না? অথবা অসার কথাবার্তা বলছ? বরং সুশোভিত করা হয়েছে কাফেরদের জন্যে তাদের প্রতারণাকে এবং তাদেরকে সৎপথ থেকে বাধা দান করা হয়েছে। আল্লাহ যাকে পথভ্রষ্ট করেন, তার কোন পথ প্রদর্শক নেই।",
    "en": "Then is He who is a maintainer of every soul, [knowing] what it has earned, [like any other]? But to Allah they have attributed partners. Say, \"Name them. Or do you inform Him of that which He knows not upon the earth or of what is apparent of speech?\" Rather, their [own] plan has been made attractive to those who disbelieve, and they have been averted from the way. And whomever Allah leaves astray - there will be for him no guide."
  },
  {
    "id": 34,
    "ar": "لَّهُمْ عَذَابٌ فِى ٱلْحَيَوٰةِ ٱلدُّنْيَا وَلَعَذَابُ ٱلْءَاخِرَةِ أَشَقُّ وَمَا لَهُم مِّنَ ٱللَّهِ مِن وَاقٍ",
    "tr": "লাহুম ‘আযা-বুন ফিল হায়া-তিদদুনইয়া-ওয়ালা ‘আযা-বুল আ-খিরাতি আশাক্কু ওয়ামা-লাহুম মিনাল্লা-হি মিওঁ ওয়া-ক।",
    "bn_haque": "তাদের জন্য শাস্তি রয়েছে এই দুনিয়ার জীবনেই, আর পরকালের শাস্তি তো আরো কঠোর, আর তাদের জন্য আল্লাহ্‌র বিরুদ্ধে কোনো রক্ষাকারী নেই।",
    "bn_muhi": "দুনিয়ার জীবনেই এদের জন্য রয়েছে আযাব এবং অতি অবশ্য আখেরাতের জীবন কঠোরতম। আল্লাহর কবল থেকে তাদের কোন রক্ষাকারী নেই।",
    "en": "For them will be punishment in the life of [this] world, and the punishment of the Hereafter is more severe. And they will not have from Allah any protector."
  },
  {
    "id": 35,
    "ar": "مَّثَلُ ٱلْجَنَّةِ ٱلَّتِى وُعِدَ ٱلْمُتَّقُونَ تَجْرِى مِن تَحْتِهَا ٱلْأَنْهَٰرُ أُكُلُهَا دَآئِمٌ وَظِلُّهَا تِلْكَ عُقْبَى ٱلَّذِينَ ٱتَّقَوا۟ وَّعُقْبَى ٱلْكَٰفِرِينَ ٱلنَّارُ",
    "tr": "মাছালুল জান্নাতিল লাতী উ‘ইদাল মুত্তাকূনা তাজরী মিন তাহতিহাল আনহা-রু উকুলুহা-দাইমুওঁ ওয়াজিল্লুহা- তিলকা ‘উকবাল্লাযী নাত্তাকাওঁ ওয়া ‘উকবাল কাফিরীনান্না-র।",
    "bn_haque": "ধর্মভীরুদের কাছে যেটি প্রতি‌শ্রুতি দেওয়া হয়েছে সেই স্বর্গোদ্যানের উপমা হচ্ছে -- তার নিচে দিয়ে বয়ে যাচ্ছে ঝরনারাজি, তার ফলফসল চিরস্থায়ী আর তার ছায়াও। এই তাদের প্রতিফল যারা ধর্মপরায়ণতা অবলন্বন করে, আর অবিশ্বাসীদের পরিণাম হচ্ছে আগুন।",
    "bn_muhi": "পরহেযগারদের জন্যে প্রতিশ্রুত জান্নাতের অবস্থা এই যে, তার নিম্নে নির্ঝরিণীসমূহ প্রবাহিত হয়। তার ফলসমূহ চিরস্থায়ী এবং ছায়াও। এটা তাদের প্রতিদান, যারা সাবধান হয়েছে এবং কাফেরদের প্রতিফল অগ্নি।",
    "en": "The example of Paradise, which the righteous have been promised, is [that] beneath it rivers flow. Its fruit is lasting, and its shade. That is the consequence for the righteous, and the consequence for the disbelievers is the Fire."
  },
  {
    "id": 36,
    "ar": "وَٱلَّذِينَ ءَاتَيْنَٰهُمُ ٱلْكِتَٰبَ يَفْرَحُونَ بِمَآ أُنزِلَ إِلَيْكَ وَمِنَ ٱلْأَحْزَابِ مَن يُنكِرُ بَعْضَهُۥ قُلْ إِنَّمَآ أُمِرْتُ أَنْ أَعْبُدَ ٱللَّهَ وَلَآ أُشْرِكَ بِهِۦٓ إِلَيْهِ أَدْعُوا۟ وَإِلَيْهِ مَـَٔابِ",
    "tr": "ওয়াল্লাযীনা আ-তাইনা-হুমুল কিতা-বা ইয়াফরাহূনা বিমাউনঝিলা ইলাইকা ওয়া মিনাল আহঝা-বি মাইঁ ইউনকিরু বা‘দাহূ কুল ইন্নামাউমিরতুআন আ‘বুদাল্লা-হা ওয়ালাউশরিকা বিহী ইলাইহি আদ‘ঊ ওয়া ইলাইহি মাআ-ব।",
    "bn_haque": "আর যাদের আমরা ধর্মগ্রন্থ দিয়েছি তারা আনন্দ বোধ করে যা তোমার কাছে অবতীর্ণ হয়েছে তাতে, আর গোত্রদের মধ্যে এমনও আছে যে এর কিছুটা অস্বীকার করে। তুমি বলো -- \"নিঃসন্দেহ আমি আদিষ্ট হয়েছি যে আমি আল্লাহ্‌রই উপাসনা করবো এবং তাঁর সাথে কোন অংশী দাঁড় করাবো না। তাঁরই প্রতি আমি আহ্বান করি এবং তাঁরই নিকট আমার প্রত্যাবর্তন।\"",
    "bn_muhi": "এবং যাদেরকে আমি গ্রন্থ দিয়েছি, তারা আপনার প্রতি যা অবতীর্ণ হয়েছে, তজ্জন্যে আনন্দিত হয় এবং কোন কোন দল এর কোন কোন বিষয় অস্বীকার করে। বলুন, আমাকে এরূপ আদেশই দেয়া হয়েছে যে, আমি আল্লাহর এবাদত করি। এবং তাঁর সাথে অংশীদার না করি। আমি তাঁর দিকেই দাওয়াত দেই এবং তাঁর কাছেই আমার প্রত্যাবর্তন।",
    "en": "And [the believers among] those to whom We have given the [previous] Scripture rejoice at what has been revealed to you, [O Muhammad], but among the [opposing] factions are those who deny part of it. Say, \"I have only been commanded to worship Allah and not associate [anything] with Him. To Him I invite, and to Him is my return.\""
  },
  {
    "id": 37,
    "ar": "وَكَذَٰلِكَ أَنزَلْنَٰهُ حُكْمًا عَرَبِيًّا وَلَئِنِ ٱتَّبَعْتَ أَهْوَآءَهُم بَعْدَمَا جَآءَكَ مِنَ ٱلْعِلْمِ مَا لَكَ مِنَ ٱللَّهِ مِن وَلِىٍّ وَلَا وَاقٍ",
    "tr": "ওয়া কাযা-লিকা আনঝালনা-হু হুকমান ‘আরাবিইইয়াওঁ ওয়ালাইনিততাবা‘তা আহওয়াআহুম বা‘দা মা-জাআকা মিনাল ‘ইল মি মা-লাকা মিনাল্লা-হি মিওঁ ওয়ালিইয়িওঁ ওয়ালা-ওয়া-ক।",
    "bn_haque": "আর এইভাবে আমরা এটি অবতারণ করেছি -- একটি হুকুম আরবীতে। আর তুমি যদি তাদের খেয়ালখুশির অনুসরণ করো তোমার কাছে জ্ঞানের যা এসেছে তার পরে তবে আল্লাহ্‌র বিরুদ্ধে তুমি পাবে না কোনো বন্ধুবান্ধব, আর না কোনো রক্ষক।",
    "bn_muhi": "এমনিভাবেই আমি এ কোরআনকে আরবী ভাষায় নির্দেশরূপে অবতীর্ণ করেছি। যদি আপনি তাদের প্রবৃত্তির অনুসরণ করেন আপনার কাছে জ্ঞান পৌঁছার পর, তবে আল্লাহর কবল থেকে আপনার না কোন সাহায্যকারী আছে এবং না কোন রক্ষাকারী।",
    "en": "And thus We have revealed it as an Arabic legislation. And if you should follow their inclinations after what has come to you of knowledge, you would not have against Allah any ally or any protector."
  },
  {
    "id": 38,
    "ar": "وَلَقَدْ أَرْسَلْنَا رُسُلًا مِّن قَبْلِكَ وَجَعَلْنَا لَهُمْ أَزْوَٰجًا وَذُرِّيَّةً وَمَا كَانَ لِرَسُولٍ أَن يَأْتِىَ بِـَٔايَةٍ إِلَّا بِإِذْنِ ٱللَّهِ لِكُلِّ أَجَلٍ كِتَابٌ",
    "tr": "ওয়া লাকাদ আরছালনা-রুছুলাম মিন কাবলিকা ওয়া জা‘আলনা-লাহুম আঝওয়া-জাওঁ ওয়া যুররিইইয়াতাওঁ ওয়ামা-কা-না লিরাছূলিন আইঁ ইয়া’তিয়া বিআ-য়াতিন ইল্লা-বিইযনিল্লা হি লিকুল্লি আজালিন কিতা-ব।",
    "bn_haque": "আর অবশ্যই তোমার পূর্বে আমরা বহু রসূল পাঠিয়েছি, আর তাঁদের জন্য আমরা দিয়েছিলাম স্ত্রী ও সন্তান-সন্ততি, আর কোনো রসূলের পক্ষে এটি নয় যে তিনি কোনো নিদর্শন উপস্থাপিত করবেন আল্লাহ্‌র অনুমতি ব্যতীত। প্রত্যেক নির্ধারিত কালের জন্য বিধান রয়েছে।",
    "bn_muhi": "আপনার পূর্বে আমি অনেক রসূল প্রেরণ করেছি এবং তাঁদেরকে পত্নী ও সন্তান-সন্ততি দিয়েছি। কোন রসূলের এমন সাধ্য ছিল না যে আল্লাহর নির্দেশ ছাড়া কোন নিদর্শন উপস্থিত করে। প্রত্যেকটি ওয়াদা লিখিত আছে।",
    "en": "And We have already sent messengers before you and assigned to them wives and descendants. And it was not for a messenger to come with a sign except by permission of Allah . For every term is a decree."
  },
  {
    "id": 39,
    "ar": "يَمْحُوا۟ ٱللَّهُ مَا يَشَآءُ وَيُثْبِتُ وَعِندَهُۥٓ أُمُّ ٱلْكِتَٰبِ",
    "tr": "ইয়ামহূল্লা-হু মা-ইয়াশাউ ওয়া ইউছবিতু ওয়া ‘ইনদাহূ উম্মুল কিতা-ব।",
    "bn_haque": "আল্লাহ্ বিলুপ্ত করেন যা তিনি ইচ্ছে করেন, আর প্রতিষ্ঠিত করেন, আর তাঁরই কাছে রয়েছে ধর্মগ্রন্থের ভিত্তি।",
    "bn_muhi": "আল্লাহ যা ইচ্ছা মিটিয়ে দেন এবং বহাল রাখেন এবং মূলগ্রন্থ তাঁর কাছেই রয়েছে।",
    "en": "Allah eliminates what He wills or confirms, and with Him is the Mother of the Book."
  },
  {
    "id": 40,
    "ar": "وَإِن مَّا نُرِيَنَّكَ بَعْضَ ٱلَّذِى نَعِدُهُمْ أَوْ نَتَوَفَّيَنَّكَ فَإِنَّمَا عَلَيْكَ ٱلْبَلَٰغُ وَعَلَيْنَا ٱلْحِسَابُ",
    "tr": "ওয়া ইম্মা- নুরিইয়ান্নাকা বা‘দাল্লাযীনা‘ইদুহুম আও নাতাওয়াফফাইয়ান্নাকা ফাইন্নামা‘আলাইকাল বালা-গু ওয়া ‘আলাইনাল হিছা-ব।",
    "bn_haque": "আর তোমাকে যদি আমরা দেখাই ওদের যা ওয়াদা করেছি তা থেকে কিছুটা, অথবা তোমার মৃত্যু ঘটিয়ে দিই, -- সর্বাবস্থায়ই তোমার উপরে হচ্ছে পৌঁছে দেওয়া, আর আমাদের উপরে হচ্ছে হিসাব গ্রহণ।",
    "bn_muhi": "আমি তাদের সাথে যে ওয়াদা করেছি, তার কোন একটি যদি আপনাকে দেখিয়ে দেই কিংবা আপনাকে উঠিয়ে নেই, তাতে কি আপনার দায়িত্ব তো পৌছে দেয়া এবং আমার দায়িত্ব হিসাব নেয়া।",
    "en": "And whether We show you part of what We promise them or take you in death, upon you is only the [duty of] notification, and upon Us is the account."
  },
  {
    "id": 41,
    "ar": "أَوَلَمْ يَرَوْا۟ أَنَّا نَأْتِى ٱلْأَرْضَ نَنقُصُهَا مِنْ أَطْرَافِهَا وَٱللَّهُ يَحْكُمُ لَا مُعَقِّبَ لِحُكْمِهِۦ وَهُوَ سَرِيعُ ٱلْحِسَابِ",
    "tr": "আওয়ালাম ইয়ারাও আন্না-না’তিল আরদা নানকুসুহা-মিন আতারা-ফিহা- ওয়াল্লা-হু ইয়াহকুমূলা-মু‘আক্কিবা লিহুকমিহী ওয়া হুওয়া ছারী‘উল হিছা-ব।",
    "bn_haque": "ওরা কি দেখে না যে আমরা এই দেশটাকে নিয়ে চলেছি, একে সংকুচিত করছি তার চৌহদ্দি থেকে? আল্লাহ্ রায় দান করেন, তাঁর হুকুম প্রতিহত হবার নয়। আর তিনি হিসেব-নিকেশে তৎপর।",
    "bn_muhi": "তারা কি দেখে না যে, আমি তাদের দেশকে চতুর্দিক থেকে সমানে সঙ্কুচিত করে আসছি? আল্লাহ নির্দেশ দেন। তাঁর নির্দেশকে পশ্চাতে নিক্ষেপকারী কেউ নেই। তিনি দ্রুত হিসাব গ্রহণ করেন।",
    "en": "Have they not seen that We set upon the land, reducing it from its borders? And Allah decides; there is no adjuster of His decision. And He is swift in account."
  },
  {
    "id": 42,
    "ar": "وَقَدْ مَكَرَ ٱلَّذِينَ مِن قَبْلِهِمْ فَلِلَّهِ ٱلْمَكْرُ جَمِيعًا يَعْلَمُ مَا تَكْسِبُ كُلُّ نَفْسٍ وَسَيَعْلَمُ ٱلْكُفَّٰرُ لِمَنْ عُقْبَى ٱلدَّارِ",
    "tr": "ওয়া কাদ মাকারা ল্লাযীনা মিন কাবলিহিম ফালিল্লা-হিল মাকরু জামী‘আইঁ ইয়া‘লামুমাতাকছিবুকুল্লুনাফছিওঁ ওয়া ছাইয়া‘লামুল কুফফা-রু লিমান ‘উকবাদ দা-র।",
    "bn_haque": "আর তাদের পূর্ববর্তীকালে যারা ছিল তারাও নিশ্চয়ইচক্রান্ত করেছিল, কিন্তু সমস্ত চক্রান্তই আল্লাহ্‌র। তিনি জানেন প্রত্যেক সত্ত্বা কী অর্জন করে। আর অবিশ্বাসীরা অচিরেই জানতে পারবে কার জন্য রয়েছে চরমোৎকর্ষ আবাস।",
    "bn_muhi": "তাদের পূর্বে যারা ছিল, তারা চক্রান্ত করেছে। আর সকল চক্রান্ত তো আল্লাহর হাতেই আছে। তিনি জানেন প্রত্যেক ব্যক্তি যা কিছু করে। কাফেররা জেনে নেবে যে, পর জীবনের আবাসস্থল কাদের জন্য রয়েছে।",
    "en": "And those before them had plotted, but to Allah belongs the plan entirely. He knows what every soul earns, and the disbelievers will know for whom is the final home."
  },
  {
    "id": 43,
    "ar": "وَيَقُولُ ٱلَّذِينَ كَفَرُوا۟ لَسْتَ مُرْسَلًا قُلْ كَفَىٰ بِٱللَّهِ شَهِيدًۢا بَيْنِى وَبَيْنَكُمْ وَمَنْ عِندَهُۥ عِلْمُ ٱلْكِتَٰبِ",
    "tr": "ওয়া ইয়াকূলুল্লাযীনা কাফারূ লাছতা মুরছালান কুল কাফা-বিল্লা-হি শাহীদাম বাইনী ওয়া বাইনাকুম ওয়া মান ‘ইনদাহূ‘ইল মুল কিতা-ব।",
    "bn_haque": "আর যারা অবিশ্বাস পোষণ করে তারা বলে -- \"তুমি আল্লাহ্‌র রসূল নও।\" বলো -- \"আমার ও তোমাদের মধ্যে সাক্ষীরূপে আল্লাহ্‌ই যথেষ্ট, আর সে যার কাছে রয়েছে ধর্মগ্রন্থের জ্ঞান।\"",
    "bn_muhi": "কাফেররা বলেঃ আপনি প্রেরিত ব্যক্তি নন। বলে দিন, আমার ও তোমাদের মধ্যে প্রকৃষ্ট সাক্ষী হচ্ছেন আল্লাহ এবং ঐ ব্যক্তি, যার কাছে গ্রন্থের জ্ঞান আছে।",
    "en": "And those who have disbelieved say, \"You are not a messenger.\" Say, [O Muhammad], \"Sufficient is Allah as Witness between me and you, and [the witness of] whoever has knowledge of the Scripture.\""
  }
]