[
  {
    "id": 1,
    "ar": "قُلْ أَعُوذُ بِرَبِّ ٱلنَّاسِ",
    "tr": "কুল আ‘ঊযুবিরাব্বিন্না-ছ,",
    "bn_haque": "তুমি বলে যাও -- \"আমি আশ্রয় চাইছি মানুষের প্রভুর কাছে, --",
    "bn_muhi": "বলুন, আমি আশ্রয় গ্রহণ করিতেছি মানুষের পালনকর্তার,",
    "en": "Say, \"I seek refuge in the Lord of mankind,"
  },
  {
    "id": 2,
    "ar": "مَلِكِ ٱلنَّاسِ",
    "tr": "মালিকিন্না-ছ,",
    "bn_haque": "\"মানুষের মালিকের, --",
    "bn_muhi": "মানুষের অধিপতির,",
    "en": "The Sovereign of mankind."
  },
  {
    "id": 3,
    "ar": "إِلَٰهِ ٱلنَّاسِ",
    "tr": "ইলা-হিন্না-ছ।",
    "bn_haque": "\"মানুষের উপাস্যের,",
    "bn_muhi": "মানুষের মা’বুদের",
    "en": "The God of mankind,"
  },
  {
    "id": 4,
    "ar": "مِن شَرِّ ٱلْوَسْوَاسِ ٱلْخَنَّاسِ",
    "tr": "মিন শাররিল ওয়াছ ওয়া-ছিল খান্না-ছ।",
    "bn_haque": "\"গোপনে আনাগোনাকারীর কুমন্ত্রণার অনিষ্ট থেকে, --",
    "bn_muhi": "তার অনিষ্ট থেকে, যে কুমন্ত্রণা দেয় ও আত্নগোপন করে,",
    "en": "From the evil of the retreating whisperer -"
  },
  {
    "id": 5,
    "ar": "ٱلَّذِى يُوَسْوِسُ فِى صُدُورِ ٱلنَّاسِ",
    "tr": "আল্লাযী ইউওয়াছয়্যুইছু ফী- সুদূরিন্নাছ-।",
    "bn_haque": "\"যে মানুষের বুকের ভেতরে কুমন্ত্রণা দেয়,",
    "bn_muhi": "যে কুমন্ত্রণা দেয় মানুষের অন্তরে",
    "en": "Who whispers [evil] into the breasts of mankind -"
  },
  {
    "id": 6,
    "ar": "مِنَ ٱلْجِنَّةِ وَٱلنَّاسِ",
    "tr": "মিনাল জিন্নাতি ওয়ান্না-ছ।",
    "bn_haque": "জিনের অথবা মানুষের মধ্যে থেকে।",
    "bn_muhi": "জ্বিনের মধ্য থেকে অথবা মানুষের মধ্য থেকে।",
    "en": "From among the jinn and mankind.\""
  }
]