[
  {
    "id": 1,
    "ar": "الٓر تِلْكَ ءَايَٰتُ ٱلْكِتَٰبِ وَقُرْءَانٍ مُّبِينٍ",
    "tr": "আলিফ লাম রা- তিলকা আ-য়া-তুল কিতা-বি ওয়া কুরআ-নিম মুবীন।",
    "bn_haque": "আলিফ, লাম, রা। এগুলো হচ্ছে ধর্মগ্রন্থের আয়াতসমূহ, আর একটি সুস্পষ্ট পাঠ্য।",
    "bn_muhi": "আলিফ-লা-ম-রা; এগুলো পরিপূর্ণ গ্রন্থ ও সুস্পষ্ট কোরআনের আয়াত।",
    "en": "Alif, Lam, Ra. These are the verses of the Book and a clear Qur'an."
  },
  {
    "id": 2,
    "ar": "رُّبَمَا يَوَدُّ ٱلَّذِينَ كَفَرُوا۟ لَوْ كَانُوا۟ مُسْلِمِينَ",
    "tr": "রুবামা-ইয়াওয়াদ্দুল্লাযীনা কাফারূলাও কা-নূমুছলিমীন।",
    "bn_haque": "সময়কালে যারা অবিশ্বাস করেছিল তারা চাইবে যে যদি তারা মুসলিম হতো!",
    "bn_muhi": "কোন সময় কাফেররা আকাঙ্ক্ষা করবে যে, কি চমৎকার হত, যদি তারা মুসলমান হত।",
    "en": "Perhaps those who disbelieve will wish that they had been Muslims."
  },
  {
    "id": 3,
    "ar": "ذَرْهُمْ يَأْكُلُوا۟ وَيَتَمَتَّعُوا۟ وَيُلْهِهِمُ ٱلْأَمَلُ فَسَوْفَ يَعْلَمُونَ",
    "tr": "যারহুম ইয়া’কুলূওয়া ইয়াতামাত্তা‘ঊ ওয়া ইউলহিহিমুল আমালুফাছাওফা ইয়া‘লামূন।",
    "bn_haque": "ছেড়ে দাও তাদের খানাপিনা করতে ও আমোদ-আাদ করতে, আর আশা-আকাঙ্খা তাদের ভুলিয়ে রাখুক, যেহেতু শীগগিরই তারা বুঝতে পারবে!",
    "bn_muhi": "আপনি ছেড়ে দিন তাদেরকে, খেয়ে নিক এবং ভোগ করে নিক এবং আশায় ব্যাপৃত থাকুক। অতি সত্বর তারা জেনে নেবে।",
    "en": "Let them eat and enjoy themselves and be diverted by [false] hope, for they are going to know."
  },
  {
    "id": 4,
    "ar": "وَمَآ أَهْلَكْنَا مِن قَرْيَةٍ إِلَّا وَلَهَا كِتَابٌ مَّعْلُومٌ",
    "tr": "ওয়ামাআহলাকনা-মিন কারয়াতিন ইল্লা ওয়ালাহা-কিতা-বুম মা‘লূম।",
    "bn_haque": "আর আমরা কোনো জনপদকে ধ্বংস করি নি যে পর্যন্ত না তার জন্য বিধান মালুম করানো হয়েছে।",
    "bn_muhi": "আমি কোন জনপদ ধবংস করিনি; কিন্ত তার নির্দিষ্ট সময় লিখিত ছিল।",
    "en": "And We did not destroy any city but that for it was a known decree."
  },
  {
    "id": 5,
    "ar": "مَّا تَسْبِقُ مِنْ أُمَّةٍ أَجَلَهَا وَمَا يَسْتَـْٔخِرُونَ",
    "tr": "মা-তাছবিকুমিন উম্মাতিন আজালাহা-ওয়ামা-ইয়াছতা’খিরূন।",
    "bn_haque": "কোনো জাতি তার নির্ধারিত কাল ত্বরান্বিত করতে পারবে না, আর তারা বিলন্বিত করতে পারবে না।",
    "bn_muhi": "কোন সম্প্রদায় তার নির্দিষ্ট সময়ের অগ্রে যায় না এবং পশ্চাতে থাকে না।",
    "en": "No nation will precede its term, nor will they remain thereafter."
  },
  {
    "id": 6,
    "ar": "وَقَالُوا۟ يَٰٓأَيُّهَا ٱلَّذِى نُزِّلَ عَلَيْهِ ٱلذِّكْرُ إِنَّكَ لَمَجْنُونٌ",
    "tr": "ওয়া কা-লূইয়াআইয়ুহাল্লাযী নুঝঝিলা ‘আলাইহিযযিকরু ইন্নাকা লামাজনূন।",
    "bn_haque": "আর তারা বলে -- \"ওহে যার কাছে স্মারকগ্রন্থ অবতীর্ণ হয়েছে! তুমি তো আলবৎ মাথা-পাগলা।",
    "bn_muhi": "তারা বললঃ হে ঐ ব্যক্তি, যার প্রতি কোরআন নাযিল হয়েছে, আপনি তো একজন উম্মাদ।",
    "en": "And they say,\"O you upon whom the message has been sent down, indeed you are mad."
  },
  {
    "id": 7,
    "ar": "لَّوْ مَا تَأْتِينَا بِٱلْمَلَٰٓئِكَةِ إِن كُنتَ مِنَ ٱلصَّٰدِقِينَ",
    "tr": "লাও মা-তা’তীনা-বিলমালাইকাতি ইন কুনতা মিনাসসা-দিকীন।",
    "bn_haque": "\"তুমি কেন আমাদের কাছে ফিরিশ্‌তাদের নিয়ে এস না, যদি তুমি সত্যবাদীদের মধ্যেকার হও।",
    "bn_muhi": "যদি আপনি সত্যবাদী হন, তবে আমাদের কাছে ফেরেশতাদেরকে আনেন না কেন?",
    "en": "Why do you not bring us the angels, if you should be among the truthful?\""
  },
  {
    "id": 8,
    "ar": "مَا نُنَزِّلُ ٱلْمَلَٰٓئِكَةَ إِلَّا بِٱلْحَقِّ وَمَا كَانُوٓا۟ إِذًا مُّنظَرِينَ",
    "tr": "মা-নুনাঝঝিলুল মালাইকাতা ইল্লা-বিলহাক্কিওয়ামা-কা-নূ ইযাম মুনজারীন।",
    "bn_haque": "আমরা ফিরিশ্‌তাদের পাঠাই না সত্যের সাথে ছাড়া, আর তখন তারা অবকাশ প্রাপ্ত হবে না।",
    "bn_muhi": "আমি ফেরেশতাদেরকে একমাত্র ফায়সালার জন্যেই নাযিল করি। তখন তাদেরকে অবকাশ দেয়া হবে না।",
    "en": "We do not send down the angels except with truth; and the disbelievers would not then be reprieved."
  },
  {
    "id": 9,
    "ar": "إِنَّا نَحْنُ نَزَّلْنَا ٱلذِّكْرَ وَإِنَّا لَهُۥ لَحَٰفِظُونَ",
    "tr": "ইন্না-নাহনুনাঝঝালনাযযি করা ওয়া ইন্না-লাহূলাহা-ফিজূ ন।",
    "bn_haque": "নিঃসন্দেহ আমরা নিজেই স্মারকগ্রন্থ অবতারণ করেছি, আর আমরাই তো এর সংরক্ষণকারী।",
    "bn_muhi": "আমি স্বয়ং এ উপদেশ গ্রন্থ অবতারণ করেছি এবং আমি নিজেই এর সংরক্ষক।",
    "en": "Indeed, it is We who sent down the Qur'an and indeed, We will be its guardian."
  },
  {
    "id": 10,
    "ar": "وَلَقَدْ أَرْسَلْنَا مِن قَبْلِكَ فِى شِيَعِ ٱلْأَوَّلِينَ",
    "tr": "ওয়া লাকাদ আরছালনা-মিন কাবলিকা ফী শিয়া‘ইল আওওয়ালীন।",
    "bn_haque": "আর তোমার আগে আমরা নিশ্চয়ই পাঠিয়েছিলাম প্রাচীনকালের সম্প্রদায়ের মধ্যে।",
    "bn_muhi": "আমি আপনার পূর্বে পূর্ববর্তী সম্প্রদায়ের মধ্যে রসূল প্রেরণ করেছি।",
    "en": "And We had certainly sent [messengers] before you, [O Muhammad], among the sects of the former peoples."
  },
  {
    "id": 11,
    "ar": "وَمَا يَأْتِيهِم مِّن رَّسُولٍ إِلَّا كَانُوا۟ بِهِۦ يَسْتَهْزِءُونَ",
    "tr": "ওয়ামা-ইয়া’তীহিম মির রাছূলিন ইল্লা-কা-নূবিহী ইয়াছতাহঝিঊন।",
    "bn_haque": "কিন্তু তাদের কাছে এমন কোনো রসূল আসেন নি যাঁকে নিয়ে তারা ঠাট্টা-বিদ্রূপ করত না।",
    "bn_muhi": "ওদের কাছে এমন কোন রসূল আসেননি, যাদের সাথে ওরা ঠাট্টাবিদ্রূপ করতে থাকেনি।",
    "en": "And no messenger would come to them except that they ridiculed him."
  },
  {
    "id": 12,
    "ar": "كَذَٰلِكَ نَسْلُكُهُۥ فِى قُلُوبِ ٱلْمُجْرِمِينَ",
    "tr": "কাযা-লিকা নাছলুকুহূফী কুলূবিল মুজরিমীন।",
    "bn_haque": "এইভাবে আমরা একে অপরাধীদের অন্তরে প্রবেশ করাই।",
    "bn_muhi": "এমনিভাবে আমি এ ধরনের আচরণ পাপীদের অন্তরে বদ্ধমূল করে দেই।",
    "en": "Thus do We insert denial into the hearts of the criminals."
  },
  {
    "id": 13,
    "ar": "لَا يُؤْمِنُونَ بِهِۦ وَقَدْ خَلَتْ سُنَّةُ ٱلْأَوَّلِينَ",
    "tr": "লা-ইউ’মিনূনা বিহী ওয়া কাদ খালাত ছুন্নাতুল আওওয়ালীন।",
    "bn_haque": "তারা এতে বিশ্বাস করে না, অথচ পূর্ববর্তীদের নজীর অবশ্যই গত হয়েছে।",
    "bn_muhi": "ওরা এর প্রতি বিশ্বাস করবে না। পূর্ববর্তীদের এমন রীতি চলে আসছে।",
    "en": "They will not believe in it, while there has already occurred the precedent of the former peoples."
  },
  {
    "id": 14,
    "ar": "وَلَوْ فَتَحْنَا عَلَيْهِم بَابًا مِّنَ ٱلسَّمَآءِ فَظَلُّوا۟ فِيهِ يَعْرُجُونَ",
    "tr": "ওয়া লাও ফাতাহনা-‘আলাইহিম বা-বাম মিনাছছামাই ফাজাললূফীহি ইয়া‘রুজুন।",
    "bn_haque": "আর যদি আমরা তাদের জন্য মহাকাশের দরজা খুলে দিই আর তাতে তারা আরোহণ করতে থাকে --",
    "bn_muhi": "যদি আমি ওদের সামনে আকাশের কোন দরজাও খুলে দেই আর তাতে ওরা দিনভর আরোহণ ও করতে থাকে।",
    "en": "And [even] if We opened to them a gate from the heaven and they continued therein to ascend,"
  },
  {
    "id": 15,
    "ar": "لَقَالُوٓا۟ إِنَّمَا سُكِّرَتْ أَبْصَٰرُنَا بَلْ نَحْنُ قَوْمٌ مَّسْحُورُونَ",
    "tr": "লাকা-লূ ইন্নমা-ছুক্কিরাত আবসা-রুনা-বালনাহনুকাওমুম মাছহূরূন।",
    "bn_haque": "তারা তবুও বলবে -- \"আমাদের চোখে ধাঁধা লেগেছে, আমরা বরং মোহাচ্ছন্ন দল হয়েছি।\"",
    "bn_muhi": "তবুও ওরা একথাই বলবে যে, আমাদের দৃষ্টির বিভ্রাট ঘটানো হয়েছে না বরং আমরা যাদুগ্রস্ত হয়ে পড়েছি।",
    "en": "They would say, \"Our eyes have only been dazzled. Rather, we are a people affected by magic.\""
  },
  {
    "id": 16,
    "ar": "وَلَقَدْ جَعَلْنَا فِى ٱلسَّمَآءِ بُرُوجًا وَزَيَّنَّٰهَا لِلنَّٰظِرِينَ",
    "tr": "ওয়া লাকাদ জা‘আলনা-ফিছ ছামাই বুরূজাওঁ ওয়া ঝাইয়ান্না-হা-লিন্না-জিরীন।",
    "bn_haque": "আর বাস্তবিকই আমরা আকাশে দুর্গ তৈরি করেছি, আর তা সুশোভিত করেছি দর্শকদের জন্য।",
    "bn_muhi": "নিশ্চয় আমি আকাশে রাশিচক্র সৃষ্টি করেছি এবং তাকে দর্শকদের জন্যে সুশোভিত করে দিয়েছি।",
    "en": "And We have placed within the heaven great stars and have beautified it for the observers."
  },
  {
    "id": 17,
    "ar": "وَحَفِظْنَٰهَا مِن كُلِّ شَيْطَٰنٍ رَّجِيمٍ",
    "tr": "ওয়া হাফিজনা-হা-মিন কুল্লি শাইতা-নির রাজীম।",
    "bn_haque": "আর আমরা তাকে রক্ষা করি প্রত্যেক বিতাড়িত শয়তানের থেকে, --",
    "bn_muhi": "আমি আকাশকে প্রত্যেক বিতাড়িত শয়তান থেকে নিরাপদ করে দিয়েছি।",
    "en": "And We have protected it from every devil expelled [from the mercy of Allah ]"
  },
  {
    "id": 18,
    "ar": "إِلَّا مَنِ ٱسْتَرَقَ ٱلسَّمْعَ فَأَتْبَعَهُۥ شِهَابٌ مُّبِينٌ",
    "tr": "ইল্লা-মানিছ তারাকাছ ছাম‘আ ফাআতবা‘আহূশিহা-বুম মুবীন।",
    "bn_haque": "সে ব্যতীত যে লুকিয়ে শোনে, ফলে তার পশ্চাদ্ধাবন করে প্রখর অগ্নিশিখা।",
    "bn_muhi": "কিন্তু যে চুরি করে শুনে পালায়, তার পশ্চাদ্ধাবন করে উজ্জ্বল উল্কাপিন্ড।",
    "en": "Except one who steals a hearing and is pursued by a clear burning flame."
  },
  {
    "id": 19,
    "ar": "وَٱلْأَرْضَ مَدَدْنَٰهَا وَأَلْقَيْنَا فِيهَا رَوَٰسِىَ وَأَنۢبَتْنَا فِيهَا مِن كُلِّ شَىْءٍ مَّوْزُونٍ",
    "tr": "ওয়াল আরদা মাদাদনা-হা-ওয়া আলকাইনা-ফীহা-রাওয়া-ছিয়া ওয়া আমবাতনা-ফীহামিন কুল্লি শাইয়িম মাওঝূন।",
    "bn_haque": "আর পৃথিবী -- আমরা তাকে প্রসারিত করেছি, আর তাতে স্থাপন করেছি পর্বতমালা, আর তাতে উৎপন্ন করেছি হরেক রকমের জিনিস সুপরিমিতভাবে।",
    "bn_muhi": "আমি ভু-পৃষ্ঠকে বিস্তৃত করেছি এবং তার উপর পর্বতমালা স্থাপন করেছি এবং তাতে প্রত্যেক বস্তু সুপরিমিতভাবে উৎপন্ন করেছি।",
    "en": "And the earth - We have spread it and cast therein firmly set mountains and caused to grow therein [something] of every well-balanced thing."
  },
  {
    "id": 20,
    "ar": "وَجَعَلْنَا لَكُمْ فِيهَا مَعَٰيِشَ وَمَن لَّسْتُمْ لَهُۥ بِرَٰزِقِينَ",
    "tr": "ওয়া জা‘আলনা-লাকুম ফীহা-মা‘আ-ইশা ওয়ামাল লাছতুম লাহূবিরা-ঝিকীন।",
    "bn_haque": "আর তোমাদের জন্য তাতে সৃষ্টি করেছি খাদ্যবস্তু, আর তোমরা যাদের জীবিকাদাতা নও তাদের জন্যেও।",
    "bn_muhi": "আমি তোমাদের জন্যে তাতে জীবিকার উপকরন সৃষ্টি করছি এবং তাদের জন্যেও যাদের অন্নদাতা তোমরা নও।",
    "en": "And We have made for you therein means of living and [for] those for whom you are not providers."
  },
  {
    "id": 21,
    "ar": "وَإِن مِّن شَىْءٍ إِلَّا عِندَنَا خَزَآئِنُهُۥ وَمَا نُنَزِّلُهُۥٓ إِلَّا بِقَدَرٍ مَّعْلُومٍ",
    "tr": "ওয়া ইম মিন শাইয়িন ইল্লা-‘ইনদানা-খাঝাইনুহূ ওয়ামা-নুনাঝঝিলুহূ ইল্লাবিকাদারিম মা‘লূম।",
    "bn_haque": "আর এমন কোনো-কিছু নেই যার ভান্ডার আমাদের কাছে নয়, আর আমরা তা পাঠাই না নির্ধারিত পরিমাপে ছাড়া।",
    "bn_muhi": "আমার কাছে প্রত্যেক বস্তুর ভান্ডার রয়েছে। আমি নির্দিষ্ট পরিমানেই তা অবতরণ করি।",
    "en": "And there is not a thing but that with Us are its depositories, and We do not send it down except according to a known measure."
  },
  {
    "id": 22,
    "ar": "وَأَرْسَلْنَا ٱلرِّيَٰحَ لَوَٰقِحَ فَأَنزَلْنَا مِنَ ٱلسَّمَآءِ مَآءً فَأَسْقَيْنَٰكُمُوهُ وَمَآ أَنتُمْ لَهُۥ بِخَٰزِنِينَ",
    "tr": "ওয়া আরছালনার রিয়া-হা লাওয়া-কিহা ফাআনঝালনা-মিনাছ ছামাই মাআন ফাআছকাইনা-কুমূহু ওয়ামা আনতুম লাহূবিখা-ঝিনীন।",
    "bn_haque": "আর আমরা উর্বরতা-সঞ্চারক বায়ু পাঠাই, তারপর আকাশ থেকে আমরা পানি পাঠাই, তখন তোমাদের তা পান করতে দিই, আর তোমরা তার কোষাধ্যক্ষ নও!",
    "bn_muhi": "আমি বৃষ্টিগর্ভ বায়ু পরিচালনা করি অতঃপর আকাশ থেকে পানি বর্ষণ করি, এরপর তোমাদেরকে তা পান করাই। বস্তুতঃ তোমাদের কাছে এর ভান্ডার নেই।",
    "en": "And We have sent the fertilizing winds and sent down water from the sky and given you drink from it. And you are not its retainers."
  },
  {
    "id": 23,
    "ar": "وَإِنَّا لَنَحْنُ نُحْىِۦ وَنُمِيتُ وَنَحْنُ ٱلْوَٰرِثُونَ",
    "tr": "ওয়া ইন্না-লানাহনুনুহয়ী ওয়া নুমীতুওয়া নাহনুল ওয়া-রিছূ ন।",
    "bn_haque": "আর নিঃসন্দেহ আমরা নিজেই জীবন দান করি ও মৃত্যু ঘটাই, আর আমরাই হচ্ছি উত্তরাধিকারী।",
    "bn_muhi": "আমিই জীবনদান করি, মৃত্যুদান করি এবং আমিই চুড়ান্ত মালিকানার অধিকারী।",
    "en": "And indeed, it is We who give life and cause death, and We are the Inheritor."
  },
  {
    "id": 24,
    "ar": "وَلَقَدْ عَلِمْنَا ٱلْمُسْتَقْدِمِينَ مِنكُمْ وَلَقَدْ عَلِمْنَا ٱلْمُسْتَـْٔخِرِينَ",
    "tr": "ওয়া লাকাদ ‘আলিমনাল মুছতাকদিমীনা মিনকুম ওয়ালাকাদ ‘আলিমনাল মুছতা’খিরীন।",
    "bn_haque": "আর আমরা নিশ্চয়ই জানি তোমাদের মধ্যের অগ্রগামীদের, আর আমরা অবশ্য জানি পশ্চাতে-পড়ে-থাকাদের।",
    "bn_muhi": "আমি জেনে রেখেছি তোমাদের অগ্রগামীদেরকে এবং আমি জেনে রেখেছি পশ্চাদগামীদেরকে।",
    "en": "And We have already known the preceding [generations] among you, and We have already known the later [ones to come]."
  },
  {
    "id": 25,
    "ar": "وَإِنَّ رَبَّكَ هُوَ يَحْشُرُهُمْ إِنَّهُۥ حَكِيمٌ عَلِيمٌ",
    "tr": "ওয়া ইন্না রাব্বাকা হুওয়া ইয়াহশুরুহুম ইন্নাহূহাকীমুন ‘আলীম।",
    "bn_haque": "আর নিঃসন্দেহ তোমার প্রভু -- তিনি তাদেরকে একত্রে সমবেত করবেন। তিনি নিশ্চয়ই পরমজ্ঞানী, সর্বজ্ঞাতা।",
    "bn_muhi": "আপনার পালনকর্তাই তাদেরকে একত্রিত করে আনবেন। নিশ্চয় তিনি প্রজ্ঞাবান, জ্ঞানময়।",
    "en": "And indeed, your Lord will gather them; indeed, He is Wise and Knowing."
  },
  {
    "id": 26,
    "ar": "وَلَقَدْ خَلَقْنَا ٱلْإِنسَٰنَ مِن صَلْصَٰلٍ مِّنْ حَمَإٍ مَّسْنُونٍ",
    "tr": "ওয়ালাকাদ খালাকনাল ইনছা-না মিন সালসা-লিম মিন হামাইম মাছনূন।",
    "bn_haque": "আর আমরা নিশ্চয়ই মানুষ সৃষ্টি করেছি আওয়াজদায়ক মাটি থেকে, কালো কাদা থেকে রূপ দিয়ে।",
    "bn_muhi": "আমি মানবকে পচা কর্দম থেকে তৈরী বিশুস্ক ঠনঠনে মাটি দ্বারা সৃষ্টি করেছি।",
    "en": "And We did certainly create man out of clay from an altered black mud."
  },
  {
    "id": 27,
    "ar": "وَٱلْجَآنَّ خَلَقْنَٰهُ مِن قَبْلُ مِن نَّارِ ٱلسَّمُومِ",
    "tr": "ওয়ালজান্না খালাকনা-হু মিন কাবলুমিন না-রিছছামূম।",
    "bn_haque": "আর আমরা এর আগে জিন সৃষ্টি করেছি প্রখর আগুন দিয়ে।",
    "bn_muhi": "এবং জিনকে এর আগে লু এর আগুনের দ্বারা সৃজিত করেছি।",
    "en": "And the jinn We created before from scorching fire."
  },
  {
    "id": 28,
    "ar": "وَإِذْ قَالَ رَبُّكَ لِلْمَلَٰٓئِكَةِ إِنِّى خَٰلِقٌۢ بَشَرًا مِّن صَلْصَٰلٍ مِّنْ حَمَإٍ مَّسْنُونٍ",
    "tr": "ওয়া ইযকা-লা রাব্বুকা লিলমালাইকাতি ইন্নী খা-লিকুম বাশারাম মিন সালসা-লিম মিন হামাইম মাছনূন।",
    "bn_haque": "আর স্মরণ কর! তোমার প্রভু ফিরিশ্‌তাদের বললেন -- \"নিঃসন্দেহ আমি মানুষ সৃষ্টি করতে যাচ্ছি আওয়াজদায়ক মাটি থেকে, -- কালো কাদা থেকে রূপ দিয়ে।",
    "bn_muhi": "আর আপনার পালনকর্তা যখন ফেরেশতাদেরকে বললেনঃ আমি পচা কর্দম থেকে তৈরী বিশুষ্ক ঠনঠনে মাটি দ্বারা সৃষ্ট একটি মানব জাতির পত্তন করব।",
    "en": "And [mention, O Muhammad], when your Lord said to the angels, \"I will create a human being out of clay from an altered black mud."
  },
  {
    "id": 29,
    "ar": "فَإِذَا سَوَّيْتُهُۥ وَنَفَخْتُ فِيهِ مِن رُّوحِى فَقَعُوا۟ لَهُۥ سَٰجِدِينَ",
    "tr": "ফাইযা-ছাওয়াইতুহূওয়ানাফাখতুফীহি মিররূহী ফাকা‘ঊ লাহূছা-জিদীন।",
    "bn_haque": "সুতরাং যখন আমি তাকে সুঠাম করব আর তাতে আমার রূহ্ ফুকঁবো তখন তার প্রতি তোমরা পড় সিজদাবনত হয়ে।\"",
    "bn_muhi": "অতঃপর যখন তাকে ঠিকঠাক করে নেব এবং তাতে আমার রূহ থেকে ফঁুক দেব, তখন তোমরা তার সামনে সেজদায় পড়ে যেয়ো।",
    "en": "And when I have proportioned him and breathed into him of My [created] soul, then fall down to him in prostration.\""
  },
  {
    "id": 30,
    "ar": "فَسَجَدَ ٱلْمَلَٰٓئِكَةُ كُلُّهُمْ أَجْمَعُونَ",
    "tr": "ফাছাজাদাল মালাইকাতুকুল্লুহুম আজমা‘ঊন।",
    "bn_haque": "তখন ফিরিশ্‌তারা সিজদা করলে, তাদের সবাই সববেত-ভাবে, --",
    "bn_muhi": "তখন ফেরেশতারা সবাই মিলে সেজদা করল।",
    "en": "So the angels prostrated - all of them entirely,"
  },
  {
    "id": 31,
    "ar": "إِلَّآ إِبْلِيسَ أَبَىٰٓ أَن يَكُونَ مَعَ ٱلسَّٰجِدِينَ",
    "tr": "ইল্লাইবলীছা আবাআইঁ ইয়াকূনা মা‘আছছা-জিদীন।",
    "bn_haque": "ইবলিস ব্যতীত, সে সিজদাকারীদের অন্তর্ভুক্ত হতে অস্বীকার করল।",
    "bn_muhi": "কিন্তু ইবলীস-সে সেজদাকারীদের অন্তর্ভূক্ত হতে স্বীকৃত হল না।",
    "en": "Except Iblees, he refused to be with those who prostrated."
  },
  {
    "id": 32,
    "ar": "قَالَ يَٰٓإِبْلِيسُ مَا لَكَ أَلَّا تَكُونَ مَعَ ٱلسَّٰجِدِينَ",
    "tr": "কা-লা ইয়াইবলীছুমা-লাকা আল্লা-তাকূনা মা‘আছ ছা-জিদীন।",
    "bn_haque": "তিনি বললেন -- \"হে ইবলিস! তোমার কি হয়েছে যে তুমি সিজদাকারীদের সঙ্গী হলে না?\"",
    "bn_muhi": "আল্লাহ বললেনঃ হে ইবলিস, তোমার কি হলো যে তুমি সেজদাকারীদের অন্তর্ভূক্ত হতে স্বীকৃত হলে না?",
    "en": "[ Allah ] said, O Iblees, what is [the matter] with you that you are not with those who prostrate?\""
  },
  {
    "id": 33,
    "ar": "قَالَ لَمْ أَكُن لِّأَسْجُدَ لِبَشَرٍ خَلَقْتَهُۥ مِن صَلْصَٰلٍ مِّنْ حَمَإٍ مَّسْنُونٍ",
    "tr": "কা-লা লাম আকুল লিআছজুদা লিবাশারিন খালাকতাহূমিন সালসা-লিম মিন হামাইম মাছনূন।",
    "bn_haque": "সে বললে -- \"আমি তেমন নই যে আমি সিজদা করব একজন মানুষকে যাকে তুমি সৃষ্টি করেছ আওয়াজদায়ক মাটি থেকে -- কালো কাদা থেকে রূপ দিয়ে।\"",
    "bn_muhi": "বললঃ আমি এমন নই যে, একজন মানবকে সেজদা করব, যাকে আপনি পচা কর্দম থেকে তৈরী ঠনঠনে বিশুষ্ক মাটি দ্বারা সৃষ্টি করেছেন।",
    "en": "He said, \"Never would I prostrate to a human whom You created out of clay from an altered black mud.\""
  },
  {
    "id": 34,
    "ar": "قَالَ فَٱخْرُجْ مِنْهَا فَإِنَّكَ رَجِيمٌ",
    "tr": "কা-লা ফাখরুজ মিনহা-ফাইন্নাকা রাজীম।",
    "bn_haque": "তিনি বললেন -- \"তাহলে বেরিয়ে যাও এখান থেকে, কেননা নিঃসন্দেহ তুমি বিতাড়িত,",
    "bn_muhi": "আল্লাহ বললেনঃ তবে তুমি এখান থেকে বের হয়ে যাও। তুমি বিতাড়িত।",
    "en": "[ Allah ] said, \"Then get out of it, for indeed, you are expelled."
  },
  {
    "id": 35,
    "ar": "وَإِنَّ عَلَيْكَ ٱللَّعْنَةَ إِلَىٰ يَوْمِ ٱلدِّينِ",
    "tr": "ওয়াইন্না ‘আলাইকাল লা‘নাতা ইলা-ইয়াওমিদ্দীন।",
    "bn_haque": "আর নিশ্চয় তোমার উপরে থাকবে অসন্তষ্টি শেষবিচারের দিন পর্যন্ত।",
    "bn_muhi": "এবং তোমার প্রতি ন্যায় বিচারের দিন পর্যন্ত অভিসম্পাত।",
    "en": "And indeed, upon you is the curse until the Day of Recompense.\""
  },
  {
    "id": 36,
    "ar": "قَالَ رَبِّ فَأَنظِرْنِىٓ إِلَىٰ يَوْمِ يُبْعَثُونَ",
    "tr": "কা-লা রাববী ফাআনজিরনীইলা-ইয়াওমি ইউব‘আছূন।",
    "bn_haque": "সে বললে -- \"আমার প্রভু! তবে আমাকে অবকাশ দাও সেই দিন পর্যন্ত যখন তাদের পুনরুত্থিত করা হবে!\"",
    "bn_muhi": "সে বললঃ হে আমার পালনকর্তা, আপনি আমাকে পুনরুত্থান দিবস পর্যন্ত অবকাশ দিন।",
    "en": "He said,\"My Lord, then reprieve me until the Day they are resurrected.\""
  },
  {
    "id": 37,
    "ar": "قَالَ فَإِنَّكَ مِنَ ٱلْمُنظَرِينَ",
    "tr": "কা-লা ফাইন্নাকা মিনাল মুনজারীন।",
    "bn_haque": "তিনি বললেন -- \"তবে তুমি নিশ্চয়ই অবকাশপ্রাপ্তদের মধ্যেকার --",
    "bn_muhi": "আল্লাহ বললেনঃ তোমাকে অবকাশ দেয়া হল।",
    "en": "[ Allah ] said, \"So indeed, you are of those reprieved"
  },
  {
    "id": 38,
    "ar": "إِلَىٰ يَوْمِ ٱلْوَقْتِ ٱلْمَعْلُومِ",
    "tr": "ইলা-ইয়াওমিল ওয়াকতিল মা‘লূম।",
    "bn_haque": "নির্ধারিত সময়ের দিন পর্যন্ত।\"",
    "bn_muhi": "সেই অবধারিত সময় উপস্থিত হওয়ার দিন পর্যন্ত।",
    "en": "Until the Day of the time well-known.\""
  },
  {
    "id": 39,
    "ar": "قَالَ رَبِّ بِمَآ أَغْوَيْتَنِى لَأُزَيِّنَنَّ لَهُمْ فِى ٱلْأَرْضِ وَلَأُغْوِيَنَّهُمْ أَجْمَعِينَ",
    "tr": "কা-লা রাব্বি বিমাআগওয়াইতানী লাউঝাইয়িনান্না লাহুম ফিল আরদিওয়ালাউগবিইয়ান্নাহুম আজমা‘ঈন।",
    "bn_haque": "সে বললে -- \"আমার প্রভু! তুমি যেমনি আমাকে বিপথে যেতে দিয়েছ, আমিও তেমনি নিশ্চয়ই তাদের নিকট চিত্তাকর্ষক করব এই পৃথিবীতে, আর অবশ্যই তাদের একসাথে বিপথগামী করব --",
    "bn_muhi": "সে বললঃ হে আমার পলনকর্তা, আপনি যেমন আমাকে পথ ভ্রষ্ট করেছেন, আমিও তাদের সবাইকে পৃথিবীতে নানা সৌন্দর্যে আকৃষ্ট করব এবং তাদের সবাইকে পথ ভ্রষ্ঠ করে দেব।",
    "en": "[Iblees] said, \"My Lord, because You have put me in error, I will surely make [disobedience] attractive to them on earth, and I will mislead them all"
  },
  {
    "id": 40,
    "ar": "إِلَّا عِبَادَكَ مِنْهُمُ ٱلْمُخْلَصِينَ",
    "tr": "ইল্লা-‘ইবা-দাকা মিনহুমুল মুখলাসীন।",
    "bn_haque": "তাদের মধ্যে তোমার খাস বান্দাদের ব্যতীত।\"",
    "bn_muhi": "আপনার মনোনীত বান্দাদের ব্যতীত।",
    "en": "Except, among them, Your chosen servants.\""
  },
  {
    "id": 41,
    "ar": "قَالَ هَٰذَا صِرَٰطٌ عَلَىَّ مُسْتَقِيمٌ",
    "tr": "কা-লা হা-যা সিরা-তুন ‘আলাইইয়া মুছতাকীম।",
    "bn_haque": "তিনি বললেন -- \"এটিই হচ্ছে আমার দিকে সহজ-সঠিক পথ।",
    "bn_muhi": "আল্লাহ বললেনঃ এটা আমা পর্যন্ত সোজা পথ।",
    "en": "[ Allah ] said, \"This is a path [of return] to Me [that is] straight."
  },
  {
    "id": 42,
    "ar": "إِنَّ عِبَادِى لَيْسَ لَكَ عَلَيْهِمْ سُلْطَٰنٌ إِلَّا مَنِ ٱتَّبَعَكَ مِنَ ٱلْغَاوِينَ",
    "tr": "ইন্না ‘ইবা-দী লাইছা লাকা ‘আলাইহিম ছুলতা-নুন ইল্লা-মানিত্তাবা‘আকা মিনাল গা-বীন।",
    "bn_haque": "\"নিঃসন্দেহ আমার দাসদের সন্বন্ধে -- তাদের উপরে তোমার কোনো আধিপত্য নেই, বিপথগামীদের মধ্যে যারা তোমার অনুসরণ করে তাদের ব্যতীত।",
    "bn_muhi": "যারা আমার বান্দা, তাদের উপর তোমার কোন ক্ষমতা নেই; কিন্তু পথভ্রান্তদের মধ্য থেকে যারা তোমার পথে চলে।",
    "en": "Indeed, My servants - no authority will you have over them, except those who follow you of the deviators."
  },
  {
    "id": 43,
    "ar": "وَإِنَّ جَهَنَّمَ لَمَوْعِدُهُمْ أَجْمَعِينَ",
    "tr": "ওয়া ইন্না জাহান্নামা লামাও‘ইদুহুম আজমা‘ঈন।",
    "bn_haque": "\"আর নিঃসন্দেহ জাহান্নাম হচ্ছে তাদের সকলের জন্য প্রতি‌শ্রুত স্থান --",
    "bn_muhi": "তাদের সবার নির্ধারিত স্থান হচ্ছে জাহান্নাম।",
    "en": "And indeed, Hell is the promised place for them all."
  },
  {
    "id": 44,
    "ar": "لَهَا سَبْعَةُ أَبْوَٰبٍ لِّكُلِّ بَابٍ مِّنْهُمْ جُزْءٌ مَّقْسُومٌ",
    "tr": "লাহা-ছাব ‘আতুআবওয়া-বিল লিকুল্লি বা-বিম মিনহুম জুঝউম মাকছূম ।",
    "bn_haque": "তার সাতটি দরজা আছে। প্রত্যেক প্রবেশপথের জন্য রয়েছে তাদের মধ্যের পৃথক পৃথক দল।",
    "bn_muhi": "এর সাতটি দরজা আছে। প্রত্যেক দরজার জন্যে এক একটি পৃথক দল আছে।",
    "en": "It has seven gates; for every gate is of them a portion designated.\""
  },
  {
    "id": 45,
    "ar": "إِنَّ ٱلْمُتَّقِينَ فِى جَنَّٰتٍ وَعُيُونٍ",
    "tr": "ইন্নাল মুত্তাকীনা ফী জান্না-তিওঁ ওয়া উ‘ইয়ূন।",
    "bn_haque": "নিঃসন্দেহ ধর্মপরায়ণরা থাকবে স্বর্গোদ্যানে ও ঝরনারাজির মধ্যে।",
    "bn_muhi": "নিশ্চয় খোদাভীরুরা বাগান ও নির্ঝরিনীসহূহে থাকবে।",
    "en": "Indeed, the righteous will be within gardens and springs."
  },
  {
    "id": 46,
    "ar": "ٱدْخُلُوهَا بِسَلَٰمٍ ءَامِنِينَ",
    "tr": "উদখুলূহা-বিছালা-মিন আ-মিনীন।",
    "bn_haque": "তোমরা এতে প্রবেশ কর শান্তিতে ও নিরাপত্তায়।",
    "bn_muhi": "বলা হবেঃ এগুলোতে নিরাপত্তা ও শান্তি সহকরে প্রবেশ কর।",
    "en": "[Having been told], \"Enter it in peace, safe [and secure].\""
  },
  {
    "id": 47,
    "ar": "وَنَزَعْنَا مَا فِى صُدُورِهِم مِّنْ غِلٍّ إِخْوَٰنًا عَلَىٰ سُرُرٍ مُّتَقَٰبِلِينَ",
    "tr": "ওয়া নাঝা‘না-মা-ফী সুদূরিহিম মিন গিলিলন ইখওয়া-নান ‘আলা-ছুরুরিম মুতাকা-বিলীন।",
    "bn_haque": "আর আমরা বের করে দেব তাদের অন্তরে যা-কিছু হিংসা-বিদ্বেষ রয়েছিল, ফলে তারা ভাইদের মতো থাকবে আসনের উপরে মুখোমুখি হয়ে।",
    "bn_muhi": "তাদের অন্তরে যে ক্রোধ ছিল, আমি তা দূর করে দেব। তারা ভাই ভাইয়ের মত সামনা-সামনি আসনে বসবে।",
    "en": "And We will remove whatever is in their breasts of resentment, [so they will be] brothers, on thrones facing each other."
  },
  {
    "id": 48,
    "ar": "لَا يَمَسُّهُمْ فِيهَا نَصَبٌ وَمَا هُم مِّنْهَا بِمُخْرَجِينَ",
    "tr": "লা-ইয়ামছছুহুম ফীহা-নাসাবুওঁ ওয়ামা-হুম মিনহা-বিমুখরাজীন।",
    "bn_haque": "সেখানে তাদের স্পর্শ করবে না কোনো অবসাদ, আর তারা সেখান থেকে বহিষ্কৃত হবে না।",
    "bn_muhi": "সেখানে তাদের মোটেই কষ্ট হবে না এবং তারা সেখান থেকে বহিস্কৃত হবে না।",
    "en": "No fatigue will touch them therein, nor from it will they [ever] be removed."
  },
  {
    "id": 49,
    "ar": "نَبِّئْ عِبَادِىٓ أَنِّىٓ أَنَا ٱلْغَفُورُ ٱلرَّحِيمُ",
    "tr": "নাব্বি’ ‘ইবা-দীআন্নীআনাল গাফূরুর রাহীম।",
    "bn_haque": "আমার বান্দাদের খবর দাও যে আমিই তো নিশ্চয়ই পরিত্রাণকারী, অফুরন্ত ফলদাতা,",
    "bn_muhi": "আপনি আমার বান্দাদেরকে জানিয়ে দিন যে, আমি অত্যন্ত ক্ষমাশীল দয়ালু।",
    "en": "[O Muhammad], inform My servants that it is I who am the Forgiving, the Merciful."
  },
  {
    "id": 50,
    "ar": "وَأَنَّ عَذَابِى هُوَ ٱلْعَذَابُ ٱلْأَلِيمُ",
    "tr": "ওয়া আন্না ‘আযা-বী হুওয়াল ‘আযা-বুল আলীম।",
    "bn_haque": "আর আমার শাস্তি, -- তা অতি মর্মন্তুদ শাস্তি।",
    "bn_muhi": "এবং ইহাও যে, আমার শাস্তিই যন্ত্রনাদায়ক শাস্তি।",
    "en": "And that it is My punishment which is the painful punishment."
  },
  {
    "id": 51,
    "ar": "وَنَبِّئْهُمْ عَن ضَيْفِ إِبْرَٰهِيمَ",
    "tr": "ওয়া নাব্বি’হুম ‘আন দাইফি ইবরা-হীম।",
    "bn_haque": "আর তাদের খবর দাও ইব্রাহীমের অতিথিদের সন্বন্ধে।\"",
    "bn_muhi": "আপনি তাদেরকে ইব্রাহীমের মেহমানদের অবস্থা শুনিয়ে দিন।",
    "en": "And inform them about the guests of Abraham,"
  },
  {
    "id": 52,
    "ar": "إِذْ دَخَلُوا۟ عَلَيْهِ فَقَالُوا۟ سَلَٰمًا قَالَ إِنَّا مِنكُمْ وَجِلُونَ",
    "tr": "ইয দাখালূ‘আলাইহি ফাকা-লূছালা-মান কা-লা ইন্না-মিনকুম ওয়াজিলূন।",
    "bn_haque": "যখন তারা তাঁর কাছে হাজির হল তখন তারা বললে -- \"সালাম\"। তিনি বললেন -- \"আমরা অবশ্য তোমাদের সন্বন্ধে ভয় করছি।\"",
    "bn_muhi": "যখন তারা তাঁর গৃহে আগমন করল এবং বললঃ সালাম। তিনি বললেনঃ আমরা তোমাদের ব্যাপারে ভীত।",
    "en": "When they entered upon him and said, \"Peace.\" [Abraham] said, \"Indeed, we are fearful of you.\""
  },
  {
    "id": 53,
    "ar": "قَالُوا۟ لَا تَوْجَلْ إِنَّا نُبَشِّرُكَ بِغُلَٰمٍ عَلِيمٍ",
    "tr": "কা-লূলা-তাওজাল ইন্না-নুবাশশিরুকা বিগুলা-মিন ‘আলীম।",
    "bn_haque": "তারা বললেন -- \"ভয় করো না, নিঃসন্দেহ আমরা তোমাকে সুসংবাদ দিচ্ছি এক জ্ঞানবান ছেলের সন্বন্ধে।\"",
    "bn_muhi": "তারা বললঃ ভয় করবেন না। আমরা আপনাকে একজন জ্ঞানবান ছেলে-সন্তানের সুসংবাদ দিচ্ছি।",
    "en": "[The angels] said, \"Fear not. Indeed, we give you good tidings of a learned boy.\""
  },
  {
    "id": 54,
    "ar": "قَالَ أَبَشَّرْتُمُونِى عَلَىٰٓ أَن مَّسَّنِىَ ٱلْكِبَرُ فَبِمَ تُبَشِّرُونَ",
    "tr": "কা-লা আবাশশারতুমূনী ‘আলাআম মাছছানিয়াল কিবারু ফাবিমা তুবাশশিরূন।",
    "bn_haque": "তিনি বললেন -- \"তোমরা কি আমাকে সুসংবাদ দিচ্ছ যখন বার্ধক্য আমাকে স্পর্শ করেছে? তবে কিসের তোমরা সুসংবাদ দিচ্ছ?",
    "bn_muhi": "তিনি বললেনঃ তোমরা কি আমাকে এমতাবস্থায় সুসংবাদ দিচ্ছ, যখন আমি বার্ধক্যে পৌছে গেছি ?",
    "en": "He said, \"Have you given me good tidings although old age has come upon me? Then of what [wonder] do you inform?\""
  },
  {
    "id": 55,
    "ar": "قَالُوا۟ بَشَّرْنَٰكَ بِٱلْحَقِّ فَلَا تَكُن مِّنَ ٱلْقَٰنِطِينَ",
    "tr": "কা-লূবাশশারনা-কা বিলহাক্কিফালা-তাকুম মিনাল কা-নিতীন।",
    "bn_haque": "তারা বললে -- \"আমরা তোমাকে সুসংবাদ দিচ্ছি সত্যের সাথে, সুতরাং তুমি হতাশদের মধ্যেকার হয়ো না।\"",
    "bn_muhi": "তারা বললঃ আমরা আপনাকে সত্য সু-সংবাদ দিচ্ছি! অতএব আপনি নিরাশ হবেন না।",
    "en": "They said, \"We have given you good tidings in truth, so do not be of the despairing.\""
  },
  {
    "id": 56,
    "ar": "قَالَ وَمَن يَقْنَطُ مِن رَّحْمَةِ رَبِّهِۦٓ إِلَّا ٱلضَّآلُّونَ",
    "tr": "কা-লা ওয়া মাইঁ ইয়াকনাতুমির রাহমাতি রাব্বিহীইল্লাদ্দাললূন।",
    "bn_haque": "তিনি বললেন -- \"আর কে হতাশ হয় তার প্রভুর করুণা থেকে পথভ্রষ্টরা ব্যতীত?\"",
    "bn_muhi": "তিনি বললেনঃ পালনকর্তার রহমত থেকে পথভ্রষ্টরা ছাড়া কে নিরাশ হয় ?",
    "en": "He said, \"And who despairs of the mercy of his Lord except for those astray?\""
  },
  {
    "id": 57,
    "ar": "قَالَ فَمَا خَطْبُكُمْ أَيُّهَا ٱلْمُرْسَلُونَ",
    "tr": "কা-লা ফামা-খাতবুকুম আইয়ুহাল মুরছালূন।",
    "bn_haque": "তিনি বললেন -- \"তবে কি তোমাদের কাজ রয়েছে, হে প্রেরিতগণ?\"",
    "bn_muhi": "তিনি বললেনঃ অতঃপর তোমাদের প্রধান উদ্দেশ্য কি হে আল্লাহর প্রেরিতগণ ?",
    "en": "[Abraham] said, \"Then what is your business [here], O messengers?\""
  },
  {
    "id": 58,
    "ar": "قَالُوٓا۟ إِنَّآ أُرْسِلْنَآ إِلَىٰ قَوْمٍ مُّجْرِمِينَ",
    "tr": "কা-লূইন্নাউরছিলনাইলা কাওমিম মুজরিমীন ।",
    "bn_haque": "তারা বললে -- \"আমরা নিশ্চয়ই প্রেরিত হয়েছি একটি অপরাধী সম্প্রদায়ের প্রতি,",
    "bn_muhi": "তারা বললঃ আমরা একটি অপরাধী সম্প্রদায়ের প্রতি প্রেরিত হয়েছি।",
    "en": "They said, \"Indeed, we have been sent to a people of criminals,"
  },
  {
    "id": 59,
    "ar": "إِلَّآ ءَالَ لُوطٍ إِنَّا لَمُنَجُّوهُمْ أَجْمَعِينَ",
    "tr": "ইল্লাআ-লা লূতিন ইন্না-লামুনাজজূহুম আজমা‘ঈন।",
    "bn_haque": "\"লুতের অনুবর্তীরা ব্যতীত। নিঃসন্দেহ তাঁদের সবাইকে আমরা অবশ্যই উদ্ধার করব --",
    "bn_muhi": "কিন্তু লূতের পরিবার-পরিজন। আমরা অবশ্যই তাদের সবাইকে বাঁচিয়ে নেব।",
    "en": "Except the family of Lot; indeed, we will save them all"
  },
  {
    "id": 60,
    "ar": "إِلَّا ٱمْرَأَتَهُۥ قَدَّرْنَآ إِنَّهَا لَمِنَ ٱلْغَٰبِرِينَ",
    "tr": "ইল্লাম রাআতাহূকাদ্দারনা ইন্নাহা-লামিনাল গা-বিরীন ।",
    "bn_haque": "তাঁর স্ত্রী ব্যতীত। আমরা সঠিক জেনেছি যে সে তো নিশ্চয়ই পেছনে-পড়েথাকাদের মধ্যেকার।\"",
    "bn_muhi": "তবে তার স্ত্রী। আমরা স্থির করেছি যে, সে থেকে যাওয়াদের দলভূক্ত হবে।",
    "en": "Except his wife.\" Allah decreed that she is of those who remain behind."
  },
  {
    "id": 61,
    "ar": "فَلَمَّا جَآءَ ءَالَ لُوطٍ ٱلْمُرْسَلُونَ",
    "tr": "ফালাম্মা-জাআ আ-লা লূতিনিল মুরছালূন।",
    "bn_haque": "তারপর যখন বাণীবাহকরা লূত-এর পরিজনের কাছে এল,",
    "bn_muhi": "অতঃপর যখন প্রেরিতরা লূতের গৃহে পৌছল।",
    "en": "And when the messengers came to the family of Lot,"
  },
  {
    "id": 62,
    "ar": "قَالَ إِنَّكُمْ قَوْمٌ مُّنكَرُونَ",
    "tr": "কা-লা ইন্নাকুম কাওমুম মুনকারূন।",
    "bn_haque": "তিনি বললেন -- \"তোমরা তো অপরিচিত লোক।\"",
    "bn_muhi": "তিনি বললেনঃ তোমরা তো অপরিচিত লোক।",
    "en": "He said, \"Indeed, you are people unknown.\""
  },
  {
    "id": 63,
    "ar": "قَالُوا۟ بَلْ جِئْنَٰكَ بِمَا كَانُوا۟ فِيهِ يَمْتَرُونَ",
    "tr": "কা-লূবাল জি’না-কা বিমা-কা-নূফীহি ইয়ামতারূন।",
    "bn_haque": "তারা বললে -- \"আমরা নিশ্চয়ই তোমার কাছে এসেছি তাই নিয়ে যে-সন্বন্ধে তারা তর্ক-বিতর্ক করত।",
    "bn_muhi": "তারা বললঃ না বরং আমরা আপনার কাছে ঐ বস্তু নিয়ে এসেছি, যে সম্পর্কে তারা বিবাদ করত।",
    "en": "They said, \"But we have come to you with that about which they were disputing,"
  },
  {
    "id": 64,
    "ar": "وَأَتَيْنَٰكَ بِٱلْحَقِّ وَإِنَّا لَصَٰدِقُونَ",
    "tr": "ওয়া আতাইনা-কা বিলহাক্কিওয়া ইন্না-লাসা-দিকূ ন।",
    "bn_haque": "\"আর আমরা তোমার কাছে নিয়ে এসেছি সত্যবার্তা, আর আমরা নিঃসন্দেহ সত্যবাদী।",
    "bn_muhi": "এবং আমরা আপনার কাছে সত্য বিষয় নিয়ে এসেছি এবং আমরা সত্যবাদী।",
    "en": "And we have come to you with truth, and indeed, we are truthful."
  },
  {
    "id": 65,
    "ar": "فَأَسْرِ بِأَهْلِكَ بِقِطْعٍ مِّنَ ٱلَّيْلِ وَٱتَّبِعْ أَدْبَٰرَهُمْ وَلَا يَلْتَفِتْ مِنكُمْ أَحَدٌ وَٱمْضُوا۟ حَيْثُ تُؤْمَرُونَ",
    "tr": "ফাআছরি বিআহলিকা বিকিত‘ইম মিনাল লাইলি ওয়াত্তাবি‘ আদবা-রা হুম ওয়ালা ইয়ালতাফিত মিনকুম আহদুওঁ ওয়ামদু হাইছুতু’মারূন।",
    "bn_haque": "সুতরাং তোমার পরিবার-পরিজনকে নিয়ে বেরিয়ে পড় রাতের এক অংশে, আর তুমি তাদের পেছন থেকে অনুসরণ কর, আর তোমাদের মধ্যের কেউ যেন পিছন দিকে না দেখে, আর চলে যাও যেখানে তোমাদের আদেশ করা হয়েছে।",
    "bn_muhi": "অতএব আপনি শেষরাত্রে পরিবারের সকলকে নিয়ে চলে যান এবং আপনি তাদের পশ্চাদনুসরণ করবেন না এবং আপনাদের মধ্যে কেউ যেন পিছন ফিরে না দেখে। আপনারা যেখানে আদেশ প্রাপ্ত হচ্ছেন সেখানে যান।",
    "en": "So set out with your family during a portion of the night and follow behind them and let not anyone among you look back and continue on to where you are commanded.\""
  },
  {
    "id": 66,
    "ar": "وَقَضَيْنَآ إِلَيْهِ ذَٰلِكَ ٱلْأَمْرَ أَنَّ دَابِرَ هَٰٓؤُلَآءِ مَقْطُوعٌ مُّصْبِحِينَ",
    "tr": "ওয়া কাদাইনা ইলাইহি যা-লিকাল আমরাআন্না দা-বিরা হাউলাইমাকতূ‘উম মুসবিহীন।",
    "bn_haque": "আর তাঁর কাছে আমরা জানিয়ে দিলাম এই নির্দেশ যে এদের শেষটুকুও কেটে দেওয়া হবে ভোরে জেগে ওঠার বেলায়।",
    "bn_muhi": "আমি লূতকে এ বিষয় পরিজ্ঞাত করে দেই যে, সকাল হলেই তাদেরকে সমুলে বিনাশ করে দেয়া হবে।",
    "en": "And We conveyed to him [the decree] of that matter: that those [sinners] would be eliminated by early morning."
  },
  {
    "id": 67,
    "ar": "وَجَآءَ أَهْلُ ٱلْمَدِينَةِ يَسْتَبْشِرُونَ",
    "tr": "ওয়া জাআ আহলূল মাদীনাতি ইয়াছতাবশিরূন।",
    "bn_haque": "আর শহরের লোকেরা এল উৎফুল্ল হয়ে।",
    "bn_muhi": "শহরবাসীরা আনন্দ-উল্লাস করতে করতে পৌছল।",
    "en": "And the people of the city came rejoicing."
  },
  {
    "id": 68,
    "ar": "قَالَ إِنَّ هَٰٓؤُلَآءِ ضَيْفِى فَلَا تَفْضَحُونِ",
    "tr": "কা-লা ইন্না হাউলাই দাইফী ফালা-তাফদাহূন।",
    "bn_haque": "তিনি বললেন -- \"এরা নিশ্চয়ই আমার অতিথি, সুতরাং আমাকে বেইজ্জত করো না।",
    "bn_muhi": "লূত বললেনঃ তারা আমার মেহমান। অতএব আমাকে লাঞ্ছিত করো না।",
    "en": "[Lot] said, \"Indeed, these are my guests, so do not shame me."
  },
  {
    "id": 69,
    "ar": "وَٱتَّقُوا۟ ٱللَّهَ وَلَا تُخْزُونِ",
    "tr": "ওয়াত্তাকুল্লা-হা ওয়ালা তুখঝূন।",
    "bn_haque": "আর আল্লাহ্‌কে ভয়শ্রদ্ধা কর, আর আমাকে লজ্জা দিয়ো না!",
    "bn_muhi": "তোমরা আল্লাহকে ভয় কর এবং আমার ইযযত নষ্ট করো না।",
    "en": "And fear Allah and do not disgrace me.\""
  },
  {
    "id": 70,
    "ar": "قَالُوٓا۟ أَوَلَمْ نَنْهَكَ عَنِ ٱلْعَٰلَمِينَ",
    "tr": "কা-লূ আওয়ালাম নানহাকা ‘আনিল ‘আ-লামীন।",
    "bn_haque": "তারা বললে -- \"আমরা কি তোমাকে নিষেধ করি নি জগদ্বাসীদের সম্পর্কে?\"",
    "bn_muhi": "তার বললঃ আমরা কি আপনাকে জগৎদ্বাসীর সমর্থন করতে নিষেধ করিনি।",
    "en": "They said, \"Have we not forbidden you from [protecting] people?\""
  },
  {
    "id": 71,
    "ar": "قَالَ هَٰٓؤُلَآءِ بَنَاتِىٓ إِن كُنتُمْ فَٰعِلِينَ",
    "tr": "কা-লা হাউলাই বানা-তীইন কুনতুম ফা-‘ইলীন।",
    "bn_haque": "তিনি বললেন -- \"এরা আমার কন্যা, যদি তোমরা করতে চাও!\"",
    "bn_muhi": "তিনি বললেনঃ যদি তোমরা একান্ত কিছু করতেই চাও, তবে আমার কন্যারা উপস্থিত আছে।",
    "en": "[Lot] said, \"These are my daughters - if you would be doers [of lawful marriage].\""
  },
  {
    "id": 72,
    "ar": "لَعَمْرُكَ إِنَّهُمْ لَفِى سَكْرَتِهِمْ يَعْمَهُونَ",
    "tr": "লা‘আমরুকা ইন্নাহুম লাফী ছাকরাতিহিম ইয়া‘মাহূন।",
    "bn_haque": "তোমার জীবনের কসম! তারা নিঃসন্দেহ তাদের মত্ততায় অন্ধভাবে ঘুরছিল।",
    "bn_muhi": "আপনার প্রাণের কসম, তারা আপন নেশায় প্রমত্ত ছিল।",
    "en": "By your life, [O Muhammad], indeed they were, in their intoxication, wandering blindly."
  },
  {
    "id": 73,
    "ar": "فَأَخَذَتْهُمُ ٱلصَّيْحَةُ مُشْرِقِينَ",
    "tr": "ফাআখাযাতহুমসসাইহাতুমুশরিকীন।",
    "bn_haque": "কাজেই এক মহাধ্বনি তাদের পাকড়াও করল সূর্যোদয়কালে।",
    "bn_muhi": "অতঃপর সুর্যোদয়ের সময় তাদেরকে প্রচন্ড একটি শব্দ এসে পাকড়াও করল।",
    "en": "So the shriek seized them at sunrise."
  },
  {
    "id": 74,
    "ar": "فَجَعَلْنَا عَٰلِيَهَا سَافِلَهَا وَأَمْطَرْنَا عَلَيْهِمْ حِجَارَةً مِّن سِجِّيلٍ",
    "tr": "ফাজা‘আলনা-‘আ-লিয়াহা-ছা-ফিলাহা-ওয়া আমতারনা-‘আলাইহিম হিজা-রাতাম মিন ছিজজীল।",
    "bn_haque": "কাজেকাজেই এর উপরভাগ আমরা বানিয়ে দিলাম এর নিচের ভাগ, আর তাদের উপরে বর্ষণ করলাম পোড়া-মাটির পাথর।",
    "bn_muhi": "অতঃপর আমি জনপদটিকে উল্টে দিলাম এবং তাদের উপর কঙ্করের প্রস্থর বর্ষণ করলাম।",
    "en": "And We made the highest part [of the city] its lowest and rained upon them stones of hard clay."
  },
  {
    "id": 75,
    "ar": "إِنَّ فِى ذَٰلِكَ لَءَايَٰتٍ لِّلْمُتَوَسِّمِينَ",
    "tr": "ইন্না ফী যা-লিকা লাআ-য়া-তিল লিল মুতাওয়াছছিমীন।",
    "bn_haque": "নিশ্চয়ই এতে চিন্তাশীলদের জন্য নিদের্শনাবলী রয়েছে।",
    "bn_muhi": "নিশ্চয় এতে চিন্তাশীলদের জন্যে নিদর্শনাবলী রয়েছে।",
    "en": "Indeed in that are signs for those who discern."
  },
  {
    "id": 76,
    "ar": "وَإِنَّهَا لَبِسَبِيلٍ مُّقِيمٍ",
    "tr": "ওয়া ইন্নাহা-লাবিছাবীলিম মুকীম।",
    "bn_haque": "আর নিঃসন্দেহ এটি একটি সড়কের উপরে অবস্থিত।",
    "bn_muhi": "জনপদটি সোজা পথে অবস্থিত রয়েছে।",
    "en": "And indeed, those cities are [situated] on an established road."
  },
  {
    "id": 77,
    "ar": "إِنَّ فِى ذَٰلِكَ لَءَايَةً لِّلْمُؤْمِنِينَ",
    "tr": "ইন্না ফী যা-লিকা লাআ-য়াতাল লিলমু’মিনীন।",
    "bn_haque": "নিঃসন্দেহ এতে তো নিদর্শন রয়েছে মুমিনদের জন্য।",
    "bn_muhi": "নিশ্চয় এতে ঈমানদারদের জন্যে নিদর্শণ আছে।",
    "en": "Indeed in that is a sign for the believers."
  },
  {
    "id": 78,
    "ar": "وَإِن كَانَ أَصْحَٰبُ ٱلْأَيْكَةِ لَظَٰلِمِينَ",
    "tr": "ওয়া ইন কা-না আছহা-বুল আইকাতি লাজা-লিমীন।",
    "bn_haque": "আর আসহাবুল আইকাহ্ অবশ্যই ছিল অন্যায়াচারী।",
    "bn_muhi": "নিশ্চয় গহীন বনের অধিবাসীরা পাপী ছিল।",
    "en": "And the companions of the thicket were [also] wrongdoers."
  },
  {
    "id": 79,
    "ar": "فَٱنتَقَمْنَا مِنْهُمْ وَإِنَّهُمَا لَبِإِمَامٍ مُّبِينٍ",
    "tr": "ফানতাকামনা-মিনহুম । ওয়া ইন্নাহুমা-লাবিইমা-মিম মুবীন।",
    "bn_haque": "সেজন্য তাদের থেকে আমরা প্রতিফল আদায় করেছিলাম। তারা উভয়েই তো রয়েছে প্রকাশ্য রাজপথে।",
    "bn_muhi": "অতঃপর আমি তাদের কাছ থেকে প্রতিশোধ নিয়েছি। উভয় বস্তি প্রকাশ্য রাস্তার উপর অবস্থিত।",
    "en": "So We took retribution from them, and indeed, both [cities] are on a clear highway."
  },
  {
    "id": 80,
    "ar": "وَلَقَدْ كَذَّبَ أَصْحَٰبُ ٱلْحِجْرِ ٱلْمُرْسَلِينَ",
    "tr": "ওয়া লাকাদ কাযযাবা আসহা-বুল হিজরিল মুরছালীন।",
    "bn_haque": "আর নিশ্চয় পাথুরে-পাহাড়ের বাসিন্দারাও রসূলগণকে প্রত্যাখ্যান করেছিল।",
    "bn_muhi": "নিশ্চয় হিজরের বাসিন্দারা পয়গম্বরগণের প্রতি মিথ্যারোপ করেছে।",
    "en": "And certainly did the companions of Thamud deny the messengers."
  },
  {
    "id": 81,
    "ar": "وَءَاتَيْنَٰهُمْ ءَايَٰتِنَا فَكَانُوا۟ عَنْهَا مُعْرِضِينَ",
    "tr": "ওয়া আ-তাইনা-হুম আ-য়া-তিনা-ফাকা-নূ‘আনহা-মু‘রিদীন।",
    "bn_haque": "আর তাদের আমরা আমাদের নির্দেশাবলী দিয়েছিলাম, কিন্তু তারা সে-সব থেকে ফিরে গিয়েছিল।",
    "bn_muhi": "আমি তাদেরকে নিজের নিদর্শনাবলী দিয়েছি। অতঃপর তারা এগুলো থেকে মুখ ফিরিয়ে নেয়।",
    "en": "And We gave them Our signs, but from them they were turning away."
  },
  {
    "id": 82,
    "ar": "وَكَانُوا۟ يَنْحِتُونَ مِنَ ٱلْجِبَالِ بُيُوتًا ءَامِنِينَ",
    "tr": "ওয়া কা-নূইয়ানহিতূনা মিনাল জিবা-লি বুউয়ূতান আ-মিনীন।",
    "bn_haque": "আর তারা পাহাড় কেটে নিশ্চিন্ত হয়ে বাড়িঘর তৈরি করত।",
    "bn_muhi": "তারা পাহাড়ে নিশ্চিন্তে ঘর খোদাই করত।",
    "en": "And they used to carve from the mountains, houses, feeling secure."
  },
  {
    "id": 83,
    "ar": "فَأَخَذَتْهُمُ ٱلصَّيْحَةُ مُصْبِحِينَ",
    "tr": "ফাআখাযাতহুমুসসাইহাতুমুসবিহীন।",
    "bn_haque": "কিন্তু প্রচন্ড আওয়াজ তাদের পাকড়াও করল সকালবেলায়।",
    "bn_muhi": "অতঃপর এক প্রত্যুষে তাদের উপর একটা শব্দ এসে আঘাত করল।",
    "en": "But the shriek seized them at early morning."
  },
  {
    "id": 84,
    "ar": "فَمَآ أَغْنَىٰ عَنْهُم مَّا كَانُوا۟ يَكْسِبُونَ",
    "tr": "ফামাআগনা-‘আনহুম মা-কা-নূইয়াকছিবূন।",
    "bn_haque": "কাজেই তারা যা অর্জন করত তা তাদের কোনো কাজে আসে নি।",
    "bn_muhi": "তখন কোন উপকারে আসল না যা তারা উপার্জন করেছিল।",
    "en": "So nothing availed them [from] what they used to earn."
  },
  {
    "id": 85,
    "ar": "وَمَا خَلَقْنَا ٱلسَّمَٰوَٰتِ وَٱلْأَرْضَ وَمَا بَيْنَهُمَآ إِلَّا بِٱلْحَقِّ وَإِنَّ ٱلسَّاعَةَ لَءَاتِيَةٌ فَٱصْفَحِ ٱلصَّفْحَ ٱلْجَمِيلَ",
    "tr": "ওয়ামা-খালাকনাছছামা-ওয়া-তি ওয়াল আরদা ওয়ামা-বাইনাহুমাইল্লা-বিলহাক্কি ওয়া ইন্নাছছা-‘আতা লাআ-তিয়াতুন ফাছফাহিসসাফহাল জামীল।",
    "bn_haque": "আর আমরা মহাকাশমন্ডলী ও পৃথিবী এবং এ দুইয়ের মধ্যে যা-কিছু আছে তা সৃষ্টি করি নি সত্যের সঙ্গে ব্যতীত। আর নিঃসন্দেহ ঘড়ি-ঘন্টা তো এসে পড়ল; সুতরাং উপেক্ষা করো মহৎ উপেক্ষাভরে।",
    "bn_muhi": "আমি নভোমন্ডল, ভুমন্ডল এবং এতদুভয়ের মধ্যবর্তী যা আছে তা তাৎপর্যহীন সৃষ্টি করিনি। কেয়ামত অবশ্যই আসবে। অতএব পরম ঔদাসীন্যের সাথে ওদের ক্রিয়াকর্ম উপক্ষো করুন।",
    "en": "And We have not created the heavens and earth and that between them except in truth. And indeed, the Hour is coming; so forgive with gracious forgiveness."
  },
  {
    "id": 86,
    "ar": "إِنَّ رَبَّكَ هُوَ ٱلْخَلَّٰقُ ٱلْعَلِيمُ",
    "tr": "ইন্না রাব্বাকা হুওয়াল খাল্লা-কুল ‘আলীম।",
    "bn_haque": "নিঃসন্দেহ তোমার প্রভু, -- তিনি সর্বস্রষ্টা, সর্বজ্ঞাতা।",
    "bn_muhi": "নিশ্চয় আপনার পালনকর্তাই স্রষ্টা, সর্বজ্ঞ।",
    "en": "Indeed, your Lord - He is the Knowing Creator."
  },
  {
    "id": 87,
    "ar": "وَلَقَدْ ءَاتَيْنَٰكَ سَبْعًا مِّنَ ٱلْمَثَانِى وَٱلْقُرْءَانَ ٱلْعَظِيمَ",
    "tr": "ওয়ালাকাদ আ-তাইনা-কা ছাব‘আম মিনাল মাছা-নী ওয়াল কুরআ-নাল ‘আজীম।",
    "bn_haque": "আর নিশ্চয়ই তোমাকে আমরা দিয়েছি বারবার-পঠিত সাতটি, আর এক সুমহান কুরআন।",
    "bn_muhi": "আমি আপনাকে সাতটি বার বার পঠিতব্য আয়াত এবং মহান কোরআন দিয়েছি।",
    "en": "And We have certainly given you, [O Muhammad], seven of the often repeated [verses] and the great Qur'an."
  },
  {
    "id": 88,
    "ar": "لَا تَمُدَّنَّ عَيْنَيْكَ إِلَىٰ مَا مَتَّعْنَا بِهِۦٓ أَزْوَٰجًا مِّنْهُمْ وَلَا تَحْزَنْ عَلَيْهِمْ وَٱخْفِضْ جَنَاحَكَ لِلْمُؤْمِنِينَ",
    "tr": "লা তামুদ্দান্না ‘আইনাইকা ইলা-মা-মাত্তা‘না-বিহীআঝওয়া-জাম মিনহুম ওয়ালা তাহঝান ‘আলাইহিম ওয়াখফিদ জানা -হাকা লিলমু’মিনীন।",
    "bn_haque": "তাদের মধ্যের কতক পরিবারকে যা ভোগবিলাসের বস্তু দিয়েছি তার প্রতি তোমার চোখ দিয়ো না, আর তাদের প্রতি তুমি ক্ষোভ করো না, বরং তোমার ডানা নামাও মুমিনদের জন্য।",
    "bn_muhi": "আপনি চক্ষু তুলে ঐ বস্তুর প্রতি দেখবেন না, যা আমি তাদের মধ্যে কয়েক প্রকার লোককে ভোগ করার জন্যে দিয়েছি, তাদের জন্যে চিন্তিত হবেন না আর ঈমানদারদের জন্যে স্বীয় বাহু নত করুন।",
    "en": "Do not extend your eyes toward that by which We have given enjoyment to [certain] categories of the disbelievers, and do not grieve over them. And lower your wing to the believers"
  },
  {
    "id": 89,
    "ar": "وَقُلْ إِنِّىٓ أَنَا ٱلنَّذِيرُ ٱلْمُبِينُ",
    "tr": "ওয়াকুল ইন্নীআনান নাযীরুল মুবীন।",
    "bn_haque": "আর বলো -- \"নিঃসন্দেহ আমি, আমি হচ্ছি একজন প্রকাশ্য সতর্ককারী।\"",
    "bn_muhi": "আর বলুনঃ আমি প্রকাশ্য ভয় প্রদর্শক।",
    "en": "And say, \"Indeed, I am the clear warner\" -"
  },
  {
    "id": 90,
    "ar": "كَمَآ أَنزَلْنَا عَلَى ٱلْمُقْتَسِمِينَ",
    "tr": "কামাআনঝালনা-‘আলাল মুকতাছিমীন।",
    "bn_haque": "যেমন আমরা পাঠিয়েছিলাম বিভক্তদের প্রতি, --",
    "bn_muhi": "যেমন আমি নাযিল করেছি যারা বিভিন্ন মতে বিভক্ত তাদের উপর।",
    "en": "Just as We had revealed [scriptures] to the separators"
  },
  {
    "id": 91,
    "ar": "ٱلَّذِينَ جَعَلُوا۟ ٱلْقُرْءَانَ عِضِينَ",
    "tr": "আল্লাযীনা জা‘আলুল কুরআ-না ‘ইদীন।",
    "bn_haque": "যারা কুরআনকে করে ছিন্নভিন্ন।",
    "bn_muhi": "যারা কোরআনকে খন্ড খন্ড করেছে।",
    "en": "Who have made the Qur'an into portions."
  },
  {
    "id": 92,
    "ar": "فَوَرَبِّكَ لَنَسْـَٔلَنَّهُمْ أَجْمَعِينَ",
    "tr": "ফাওয়ারাব্বিকা লানাছআলান্নাহুম আজমা‘ঈন।",
    "bn_haque": "সুতরাং, তোমার প্রভুর কসম! আমরা নিশ্চয়ই তাদের সবাইকে প্রশ্ন করব --",
    "bn_muhi": "অতএব আপনার পালনকর্তার কসম, আমি অবশ্যই ওদের সবাইকে জিজ্ঞাসাবাদ করব।",
    "en": "So by your Lord, We will surely question them all"
  },
  {
    "id": 93,
    "ar": "عَمَّا كَانُوا۟ يَعْمَلُونَ",
    "tr": "‘আম্মা-কা-নূইয়া‘মালূন।",
    "bn_haque": "তারা যা করে চলেছিল সে-সন্বন্ধে।",
    "bn_muhi": "ওদের কাজকর্ম সম্পর্কে।",
    "en": "About what they used to do."
  },
  {
    "id": 94,
    "ar": "فَٱصْدَعْ بِمَا تُؤْمَرُ وَأَعْرِضْ عَنِ ٱلْمُشْرِكِينَ",
    "tr": "ফাসদা‘ বিমা-তু’মারূওয়া আ‘রিদ ‘আনিল মুশরিকীন।",
    "bn_haque": "কাজেই প্রকাশ্যে ঘোষণা করো যা তোমাকে আদেশ করা হয়েছে, আর বহুখোদাবাদীদের থেকে ফিরে থেকো।",
    "bn_muhi": "অতএব আপনি প্রকাশ্যে শুনিয়ে দিন যা আপনাকে আদেশ করা হয় এবং মুশরিকদের পরওয়া করবেন না।",
    "en": "Then declare what you are commanded and turn away from the polytheists."
  },
  {
    "id": 95,
    "ar": "إِنَّا كَفَيْنَٰكَ ٱلْمُسْتَهْزِءِينَ",
    "tr": "ইন্না-কাফাইনা-কাল মুছতাহঝিঈন।",
    "bn_haque": "আমরাই তো তোমার জন্য যথেষ্ট বিদ্রূপকারীদের বিরুদ্ধে --",
    "bn_muhi": "বিদ্রুপকারীদের জন্যে আমি আপনার পক্ষ থেকে যথেষ্ট।",
    "en": "Indeed, We are sufficient for you against the mockers"
  },
  {
    "id": 96,
    "ar": "ٱلَّذِينَ يَجْعَلُونَ مَعَ ٱللَّهِ إِلَٰهًا ءَاخَرَ فَسَوْفَ يَعْلَمُونَ",
    "tr": "আল্লাযীনা ইয়াজ‘আলূনা মা‘আল্লা-হি ইলা-হান আ-খারা ফাছাওফা ইয়া‘লামূন।",
    "bn_haque": "যারা আল্লাহ্‌র সাথে দাঁড় করায় অন্য উপাস্য, কাজেই শীঘ্রই তারা জানতে পারবে।",
    "bn_muhi": "যারা আল্লাহর সাথে অন্য উপাস্য সাব্যস্ত করে। অতএব অতিসত্তর তারা জেনে নেবে।",
    "en": "Who make [equal] with Allah another deity. But they are going to know."
  },
  {
    "id": 97,
    "ar": "وَلَقَدْ نَعْلَمُ أَنَّكَ يَضِيقُ صَدْرُكَ بِمَا يَقُولُونَ",
    "tr": "ওয়া লাকাদ না‘লামুআন্নাকা ইয়াদীকুসাদরুকা বিমা-ইয়াকূলূন।",
    "bn_haque": "আর আমরা অবশ্য জানি যে তারা যা বলে তাতে তোমার বক্ষ আলবৎ পীড়িত হয়,",
    "bn_muhi": "আমি জানি যে আপনি তাদের কথাবর্তায় হতোদ্যম হয়ে পড়েন।",
    "en": "And We already know that your breast is constrained by what they say."
  },
  {
    "id": 98,
    "ar": "فَسَبِّحْ بِحَمْدِ رَبِّكَ وَكُن مِّنَ ٱلسَّٰجِدِينَ",
    "tr": "ফাছাব্বিহবিহামদি রাব্বিকা ওয়া কুম মিনাছছা-জিদীন।",
    "bn_haque": "সুতরাং তোমার প্রভুর প্রশংসা দ্বারা মহিমা কীর্তন করো, আর সিজদাকারীদের মধ্যেকার হও,",
    "bn_muhi": "অতএব আপনি পালনকর্তার সৌন্দর্য স্মরণ করুন এবং সেজদাকারীদের অন্তর্ভূক্ত হয়ে যান।",
    "en": "So exalt [ Allah ] with praise of your Lord and be of those who prostrate [to Him]."
  },
  {
    "id": 99,
    "ar": "وَٱعْبُدْ رَبَّكَ حَتَّىٰ يَأْتِيَكَ ٱلْيَقِينُ",
    "tr": "ওয়া‘বুদ রাব্বাকা হাত্তা- ইয়া’তিইয়াকাল ইয়াকীন।",
    "bn_haque": "আর তোমার প্রভুর উপাসনা কর যে পর্যন্ত না তোমার কাছে আসে যা সুনিশ্চিত।",
    "bn_muhi": "এবং পালনকর্তার এবাদত করুন, যে পর্যন্ত আপনার কাছে নিশ্চিত কথা না আসে।",
    "en": "And worship your Lord until there comes to you the certainty (death)."
  }
]